run,budget,regime,grain,policy,layer,set_coverage,mass_coverage
flame38m_g1_temporal,1e18,temporal,coarse 6/64,min_logit,2,0.17125,0.18389
flame38m_g1_temporal,1e18,temporal,coarse 6/64,min_logit,3,0.26628,0.30359
flame38m_g1_temporal,1e18,temporal,coarse 6/64,min_logit,4,0.31665,0.37417
flame38m_g1_temporal,1e18,temporal,coarse 6/64,min_logit,5,0.34215,0.39089
flame38m_g1_temporal,1e18,temporal,coarse 6/64,min_logit,6,0.33115,0.37251
flame38m_g1_temporal,1e18,temporal,coarse 6/64,min_logit,7,0.33050,0.37319
flame38m_g1_temporal,1e18,temporal,coarse 6/64,min_logit,8,0.36166,0.39932
flame38m_g1_temporal,1e18,temporal,coarse 6/64,min_logit,9,0.37985,0.42484
flame38m_g1_temporal,1e18,temporal,coarse 6/64,min_logit,all,0.31244,0.35280
flame38m_g1_temporal,1e18,temporal,coarse 6/64,LRU,2,0.15973,0.17607
flame38m_g1_temporal,1e18,temporal,coarse 6/64,LRU,3,0.24258,0.28100
flame38m_g1_temporal,1e18,temporal,coarse 6/64,LRU,4,0.28015,0.33809
flame38m_g1_temporal,1e18,temporal,coarse 6/64,LRU,5,0.30084,0.34816
flame38m_g1_temporal,1e18,temporal,coarse 6/64,LRU,6,0.29041,0.33347
flame38m_g1_temporal,1e18,temporal,coarse 6/64,LRU,7,0.27892,0.32562
flame38m_g1_temporal,1e18,temporal,coarse 6/64,LRU,8,0.29604,0.33879
flame38m_g1_temporal,1e18,temporal,coarse 6/64,LRU,9,0.30950,0.35738
flame38m_g1_temporal,1e18,temporal,coarse 6/64,LRU,all,0.26977,0.31232
flame38m_g1_temporal,1e18,temporal,coarse 6/64,min_logit+tau*(4.0),2,0.12528,0.13713
flame38m_g1_temporal,1e18,temporal,coarse 6/64,min_logit+tau*(4.0),3,0.15874,0.18912
flame38m_g1_temporal,1e18,temporal,coarse 6/64,min_logit+tau*(4.0),4,0.15664,0.19352
flame38m_g1_temporal,1e18,temporal,coarse 6/64,min_logit+tau*(4.0),5,0.16358,0.19780
flame38m_g1_temporal,1e18,temporal,coarse 6/64,min_logit+tau*(4.0),6,0.13896,0.16002
flame38m_g1_temporal,1e18,temporal,coarse 6/64,min_logit+tau*(4.0),7,0.16387,0.20167
flame38m_g1_temporal,1e18,temporal,coarse 6/64,min_logit+tau*(4.0),8,0.16666,0.20397
flame38m_g1_temporal,1e18,temporal,coarse 6/64,min_logit+tau*(4.0),9,0.14894,0.17866
flame38m_g1_temporal,1e18,temporal,coarse 6/64,min_logit+tau*(4.0),all,0.15283,0.18274
flame38m_g1_temporal,1e18,temporal,coarse 6/64,discounted-oracle(g=0.5),2,0.49977,0.51855
flame38m_g1_temporal,1e18,temporal,coarse 6/64,discounted-oracle(g=0.5),3,0.57016,0.63520
flame38m_g1_temporal,1e18,temporal,coarse 6/64,discounted-oracle(g=0.5),4,0.61064,0.67421
flame38m_g1_temporal,1e18,temporal,coarse 6/64,discounted-oracle(g=0.5),5,0.62950,0.68506
flame38m_g1_temporal,1e18,temporal,coarse 6/64,discounted-oracle(g=0.5),6,0.62489,0.67153
flame38m_g1_temporal,1e18,temporal,coarse 6/64,discounted-oracle(g=0.5),7,0.62492,0.66819
flame38m_g1_temporal,1e18,temporal,coarse 6/64,discounted-oracle(g=0.5),8,0.65008,0.68839
flame38m_g1_temporal,1e18,temporal,coarse 6/64,discounted-oracle(g=0.5),9,0.66232,0.69846
flame38m_g1_temporal,1e18,temporal,coarse 6/64,discounted-oracle(g=0.5),all,0.60904,0.65495
flame38m_g1_temporal,1e18,temporal,coarse 6/64,discounted-oracle(g=0.9),2,0.41961,0.44139
flame38m_g1_temporal,1e18,temporal,coarse 6/64,discounted-oracle(g=0.9),3,0.46392,0.53358
flame38m_g1_temporal,1e18,temporal,coarse 6/64,discounted-oracle(g=0.9),4,0.48328,0.55406
flame38m_g1_temporal,1e18,temporal,coarse 6/64,discounted-oracle(g=0.9),5,0.49592,0.56215
flame38m_g1_temporal,1e18,temporal,coarse 6/64,discounted-oracle(g=0.9),6,0.48522,0.53908
flame38m_g1_temporal,1e18,temporal,coarse 6/64,discounted-oracle(g=0.9),7,0.49033,0.54088
flame38m_g1_temporal,1e18,temporal,coarse 6/64,discounted-oracle(g=0.9),8,0.50984,0.55252
flame38m_g1_temporal,1e18,temporal,coarse 6/64,discounted-oracle(g=0.9),9,0.52499,0.56718
flame38m_g1_temporal,1e18,temporal,coarse 6/64,discounted-oracle(g=0.9),all,0.48414,0.53635
flame38m_g1_temporal,1e18,temporal,coarse 6/64,discounted-oracle(g=0.95),2,0.33341,0.35249
flame38m_g1_temporal,1e18,temporal,coarse 6/64,discounted-oracle(g=0.95),3,0.36273,0.41547
flame38m_g1_temporal,1e18,temporal,coarse 6/64,discounted-oracle(g=0.95),4,0.37779,0.43111
flame38m_g1_temporal,1e18,temporal,coarse 6/64,discounted-oracle(g=0.95),5,0.39583,0.44786
flame38m_g1_temporal,1e18,temporal,coarse 6/64,discounted-oracle(g=0.95),6,0.38520,0.42573
flame38m_g1_temporal,1e18,temporal,coarse 6/64,discounted-oracle(g=0.95),7,0.40108,0.44035
flame38m_g1_temporal,1e18,temporal,coarse 6/64,discounted-oracle(g=0.95),8,0.43102,0.46285
flame38m_g1_temporal,1e18,temporal,coarse 6/64,discounted-oracle(g=0.95),9,0.45341,0.48955
flame38m_g1_temporal,1e18,temporal,coarse 6/64,discounted-oracle(g=0.95),all,0.39256,0.43318
flame38m_g1_temporal,1e18,temporal,coarse 6/64,Belady,2,0.28072,0.30087
flame38m_g1_temporal,1e18,temporal,coarse 6/64,Belady,3,0.36556,0.40482
flame38m_g1_temporal,1e18,temporal,coarse 6/64,Belady,4,0.40851,0.46265
flame38m_g1_temporal,1e18,temporal,coarse 6/64,Belady,5,0.43341,0.47769
flame38m_g1_temporal,1e18,temporal,coarse 6/64,Belady,6,0.42279,0.46232
flame38m_g1_temporal,1e18,temporal,coarse 6/64,Belady,7,0.42101,0.46365
flame38m_g1_temporal,1e18,temporal,coarse 6/64,Belady,8,0.44835,0.48540
flame38m_g1_temporal,1e18,temporal,coarse 6/64,Belady,9,0.46693,0.51177
flame38m_g1_temporal,1e18,temporal,coarse 6/64,Belady,all,0.40591,0.44615
flame38m_g1_temporal,1e18,temporal,coarse 6/64,Belady+prefetch(h=1),2,0.42543,0.55723
flame38m_g1_temporal,1e18,temporal,coarse 6/64,Belady+prefetch(h=1),3,0.50474,0.69098
flame38m_g1_temporal,1e18,temporal,coarse 6/64,Belady+prefetch(h=1),4,0.54614,0.69124
flame38m_g1_temporal,1e18,temporal,coarse 6/64,Belady+prefetch(h=1),5,0.57051,0.69644
flame38m_g1_temporal,1e18,temporal,coarse 6/64,Belady+prefetch(h=1),6,0.56004,0.67418
flame38m_g1_temporal,1e18,temporal,coarse 6/64,Belady+prefetch(h=1),7,0.55871,0.68219
flame38m_g1_temporal,1e18,temporal,coarse 6/64,Belady+prefetch(h=1),8,0.58589,0.70035
flame38m_g1_temporal,1e18,temporal,coarse 6/64,Belady+prefetch(h=1),9,0.60195,0.71276
flame38m_g1_temporal,1e18,temporal,coarse 6/64,Belady+prefetch(h=1),all,0.54418,0.67567
flame38m_g1_temporal,1e18,temporal,coarse 6/64,Belady+prefetch(h=4),2,0.35872,0.48427
flame38m_g1_temporal,1e18,temporal,coarse 6/64,Belady+prefetch(h=4),3,0.43622,0.60923
flame38m_g1_temporal,1e18,temporal,coarse 6/64,Belady+prefetch(h=4),4,0.48024,0.61476
flame38m_g1_temporal,1e18,temporal,coarse 6/64,Belady+prefetch(h=4),5,0.49812,0.61576
flame38m_g1_temporal,1e18,temporal,coarse 6/64,Belady+prefetch(h=4),6,0.49247,0.59782
flame38m_g1_temporal,1e18,temporal,coarse 6/64,Belady+prefetch(h=4),7,0.48470,0.60000
flame38m_g1_temporal,1e18,temporal,coarse 6/64,Belady+prefetch(h=4),8,0.50509,0.60962
flame38m_g1_temporal,1e18,temporal,coarse 6/64,Belady+prefetch(h=4),9,0.52107,0.62049
flame38m_g1_temporal,1e18,temporal,coarse 6/64,Belady+prefetch(h=4),all,0.47208,0.59399
flame38m_g1_temporal,1e18,temporal,coarse 6/64,Belady+prefetch(h=16),2,0.26619,0.30005
flame38m_g1_temporal,1e18,temporal,coarse 6/64,Belady+prefetch(h=16),3,0.30359,0.35243
flame38m_g1_temporal,1e18,temporal,coarse 6/64,Belady+prefetch(h=16),4,0.32950,0.37340
flame38m_g1_temporal,1e18,temporal,coarse 6/64,Belady+prefetch(h=16),5,0.35355,0.39536
flame38m_g1_temporal,1e18,temporal,coarse 6/64,Belady+prefetch(h=16),6,0.34483,0.38094
flame38m_g1_temporal,1e18,temporal,coarse 6/64,Belady+prefetch(h=16),7,0.36061,0.40575
flame38m_g1_temporal,1e18,temporal,coarse 6/64,Belady+prefetch(h=16),8,0.39442,0.43223
flame38m_g1_temporal,1e18,temporal,coarse 6/64,Belady+prefetch(h=16),9,0.42308,0.47003
flame38m_g1_temporal,1e18,temporal,coarse 6/64,Belady+prefetch(h=16),all,0.34697,0.38877
flame38m_g3_temporal,1e18,temporal,fine 18/192,min_logit,2,0.18071,0.20292
flame38m_g3_temporal,1e18,temporal,fine 18/192,min_logit,3,0.22358,0.26322
flame38m_g3_temporal,1e18,temporal,fine 18/192,min_logit,4,0.26217,0.30782
flame38m_g3_temporal,1e18,temporal,fine 18/192,min_logit,5,0.26237,0.30266
flame38m_g3_temporal,1e18,temporal,fine 18/192,min_logit,6,0.26876,0.31421
flame38m_g3_temporal,1e18,temporal,fine 18/192,min_logit,7,0.30408,0.34854
flame38m_g3_temporal,1e18,temporal,fine 18/192,min_logit,8,0.31111,0.35039
flame38m_g3_temporal,1e18,temporal,fine 18/192,min_logit,9,0.36538,0.41658
flame38m_g3_temporal,1e18,temporal,fine 18/192,min_logit,all,0.27227,0.31329
flame38m_g3_temporal,1e18,temporal,fine 18/192,LRU,2,0.17210,0.20079
flame38m_g3_temporal,1e18,temporal,fine 18/192,LRU,3,0.20243,0.25956
flame38m_g3_temporal,1e18,temporal,fine 18/192,LRU,4,0.22379,0.28400
flame38m_g3_temporal,1e18,temporal,fine 18/192,LRU,5,0.21887,0.27413
flame38m_g3_temporal,1e18,temporal,fine 18/192,LRU,6,0.22745,0.28209
flame38m_g3_temporal,1e18,temporal,fine 18/192,LRU,7,0.24738,0.30382
flame38m_g3_temporal,1e18,temporal,fine 18/192,LRU,8,0.25003,0.30298
flame38m_g3_temporal,1e18,temporal,fine 18/192,LRU,9,0.29161,0.35627
flame38m_g3_temporal,1e18,temporal,fine 18/192,LRU,all,0.22921,0.28296
flame38m_g3_temporal,1e18,temporal,fine 18/192,min_logit+tau*(4.0),2,0.12624,0.14111
flame38m_g3_temporal,1e18,temporal,fine 18/192,min_logit+tau*(4.0),3,0.16275,0.21235
flame38m_g3_temporal,1e18,temporal,fine 18/192,min_logit+tau*(4.0),4,0.17135,0.21354
flame38m_g3_temporal,1e18,temporal,fine 18/192,min_logit+tau*(4.0),5,0.15862,0.19492
flame38m_g3_temporal,1e18,temporal,fine 18/192,min_logit+tau*(4.0),6,0.14676,0.17979
flame38m_g3_temporal,1e18,temporal,fine 18/192,min_logit+tau*(4.0),7,0.14858,0.18726
flame38m_g3_temporal,1e18,temporal,fine 18/192,min_logit+tau*(4.0),8,0.14683,0.17972
flame38m_g3_temporal,1e18,temporal,fine 18/192,min_logit+tau*(4.0),9,0.15591,0.19993
flame38m_g3_temporal,1e18,temporal,fine 18/192,min_logit+tau*(4.0),all,0.15213,0.18858
flame38m_g3_temporal,1e18,temporal,fine 18/192,discounted-oracle(g=0.5),2,0.37640,0.39759
flame38m_g3_temporal,1e18,temporal,fine 18/192,discounted-oracle(g=0.5),3,0.41493,0.46556
flame38m_g3_temporal,1e18,temporal,fine 18/192,discounted-oracle(g=0.5),4,0.44554,0.49950
flame38m_g3_temporal,1e18,temporal,fine 18/192,discounted-oracle(g=0.5),5,0.44513,0.48903
flame38m_g3_temporal,1e18,temporal,fine 18/192,discounted-oracle(g=0.5),6,0.45088,0.49878
flame38m_g3_temporal,1e18,temporal,fine 18/192,discounted-oracle(g=0.5),7,0.48704,0.53024
flame38m_g3_temporal,1e18,temporal,fine 18/192,discounted-oracle(g=0.5),8,0.49260,0.52788
flame38m_g3_temporal,1e18,temporal,fine 18/192,discounted-oracle(g=0.5),9,0.54198,0.58362
flame38m_g3_temporal,1e18,temporal,fine 18/192,discounted-oracle(g=0.5),all,0.45681,0.49902
flame38m_g3_temporal,1e18,temporal,fine 18/192,discounted-oracle(g=0.9),2,0.39211,0.41691
flame38m_g3_temporal,1e18,temporal,fine 18/192,discounted-oracle(g=0.9),3,0.43708,0.49061
flame38m_g3_temporal,1e18,temporal,fine 18/192,discounted-oracle(g=0.9),4,0.46212,0.51989
flame38m_g3_temporal,1e18,temporal,fine 18/192,discounted-oracle(g=0.9),5,0.45970,0.50698
flame38m_g3_temporal,1e18,temporal,fine 18/192,discounted-oracle(g=0.9),6,0.46795,0.51866
flame38m_g3_temporal,1e18,temporal,fine 18/192,discounted-oracle(g=0.9),7,0.49354,0.53886
flame38m_g3_temporal,1e18,temporal,fine 18/192,discounted-oracle(g=0.9),8,0.49518,0.53228
flame38m_g3_temporal,1e18,temporal,fine 18/192,discounted-oracle(g=0.9),9,0.53424,0.57755
flame38m_g3_temporal,1e18,temporal,fine 18/192,discounted-oracle(g=0.9),all,0.46774,0.51272
flame38m_g3_temporal,1e18,temporal,fine 18/192,discounted-oracle(g=0.95),2,0.34784,0.37258
flame38m_g3_temporal,1e18,temporal,fine 18/192,discounted-oracle(g=0.95),3,0.38243,0.42943
flame38m_g3_temporal,1e18,temporal,fine 18/192,discounted-oracle(g=0.95),4,0.40194,0.45306
flame38m_g3_temporal,1e18,temporal,fine 18/192,discounted-oracle(g=0.95),5,0.39916,0.44057
flame38m_g3_temporal,1e18,temporal,fine 18/192,discounted-oracle(g=0.95),6,0.40343,0.44917
flame38m_g3_temporal,1e18,temporal,fine 18/192,discounted-oracle(g=0.95),7,0.42696,0.46713
flame38m_g3_temporal,1e18,temporal,fine 18/192,discounted-oracle(g=0.95),8,0.43065,0.46323
flame38m_g3_temporal,1e18,temporal,fine 18/192,discounted-oracle(g=0.95),9,0.47228,0.51249
flame38m_g3_temporal,1e18,temporal,fine 18/192,discounted-oracle(g=0.95),all,0.40809,0.44846
flame38m_g3_temporal,1e18,temporal,fine 18/192,Belady,2,0.26400,0.29500
flame38m_g3_temporal,1e18,temporal,fine 18/192,Belady,3,0.29980,0.35724
flame38m_g3_temporal,1e18,temporal,fine 18/192,Belady,4,0.33165,0.39154
flame38m_g3_temporal,1e18,temporal,fine 18/192,Belady,5,0.32785,0.38288
flame38m_g3_temporal,1e18,temporal,fine 18/192,Belady,6,0.33474,0.38953
flame38m_g3_temporal,1e18,temporal,fine 18/192,Belady,7,0.36584,0.41967
flame38m_g3_temporal,1e18,temporal,fine 18/192,Belady,8,0.36998,0.42033
flame38m_g3_temporal,1e18,temporal,fine 18/192,Belady,9,0.42479,0.48376
flame38m_g3_temporal,1e18,temporal,fine 18/192,Belady,all,0.33983,0.39249
flame38m_g3_temporal,1e18,temporal,fine 18/192,Belady+prefetch(h=1),2,0.31171,0.38424
flame38m_g3_temporal,1e18,temporal,fine 18/192,Belady+prefetch(h=1),3,0.34671,0.51702
flame38m_g3_temporal,1e18,temporal,fine 18/192,Belady+prefetch(h=1),4,0.37803,0.51630
flame38m_g3_temporal,1e18,temporal,fine 18/192,Belady+prefetch(h=1),5,0.37443,0.49769
flame38m_g3_temporal,1e18,temporal,fine 18/192,Belady+prefetch(h=1),6,0.38108,0.49102
flame38m_g3_temporal,1e18,temporal,fine 18/192,Belady+prefetch(h=1),7,0.41165,0.51653
flame38m_g3_temporal,1e18,temporal,fine 18/192,Belady+prefetch(h=1),8,0.41604,0.51365
flame38m_g3_temporal,1e18,temporal,fine 18/192,Belady+prefetch(h=1),9,0.47007,0.57109
flame38m_g3_temporal,1e18,temporal,fine 18/192,Belady+prefetch(h=1),all,0.38621,0.50094
flame38m_g3_temporal,1e18,temporal,fine 18/192,Belady+prefetch(h=4),2,0.30253,0.37528
flame38m_g3_temporal,1e18,temporal,fine 18/192,Belady+prefetch(h=4),3,0.34395,0.51520
flame38m_g3_temporal,1e18,temporal,fine 18/192,Belady+prefetch(h=4),4,0.37513,0.51459
flame38m_g3_temporal,1e18,temporal,fine 18/192,Belady+prefetch(h=4),5,0.37001,0.49426
flame38m_g3_temporal,1e18,temporal,fine 18/192,Belady+prefetch(h=4),6,0.38147,0.49250
flame38m_g3_temporal,1e18,temporal,fine 18/192,Belady+prefetch(h=4),7,0.40911,0.51470
flame38m_g3_temporal,1e18,temporal,fine 18/192,Belady+prefetch(h=4),8,0.41118,0.50948
flame38m_g3_temporal,1e18,temporal,fine 18/192,Belady+prefetch(h=4),9,0.46219,0.56455
flame38m_g3_temporal,1e18,temporal,fine 18/192,Belady+prefetch(h=4),all,0.38195,0.49757
flame38m_g3_temporal,1e18,temporal,fine 18/192,Belady+prefetch(h=16),2,0.27066,0.31954
flame38m_g3_temporal,1e18,temporal,fine 18/192,Belady+prefetch(h=16),3,0.29583,0.39892
flame38m_g3_temporal,1e18,temporal,fine 18/192,Belady+prefetch(h=16),4,0.32437,0.41142
flame38m_g3_temporal,1e18,temporal,fine 18/192,Belady+prefetch(h=16),5,0.32239,0.40223
flame38m_g3_temporal,1e18,temporal,fine 18/192,Belady+prefetch(h=16),6,0.32909,0.40299
flame38m_g3_temporal,1e18,temporal,fine 18/192,Belady+prefetch(h=16),7,0.36086,0.43139
flame38m_g3_temporal,1e18,temporal,fine 18/192,Belady+prefetch(h=16),8,0.36878,0.43377
flame38m_g3_temporal,1e18,temporal,fine 18/192,Belady+prefetch(h=16),9,0.42192,0.49139
flame38m_g3_temporal,1e18,temporal,fine 18/192,Belady+prefetch(h=16),all,0.33674,0.41146
g1_tmoe_coarse_1e19,1e19,temporal,coarse 6/64,min_logit,2,0.11391,0.11604
g1_tmoe_coarse_1e19,1e19,temporal,coarse 6/64,min_logit,3,0.14872,0.16183
g1_tmoe_coarse_1e19,1e19,temporal,coarse 6/64,min_logit,4,0.16229,0.17124
g1_tmoe_coarse_1e19,1e19,temporal,coarse 6/64,min_logit,5,0.18300,0.19506
g1_tmoe_coarse_1e19,1e19,temporal,coarse 6/64,min_logit,6,0.22725,0.25066
g1_tmoe_coarse_1e19,1e19,temporal,coarse 6/64,min_logit,7,0.26477,0.29826
g1_tmoe_coarse_1e19,1e19,temporal,coarse 6/64,min_logit,8,0.29271,0.33464
g1_tmoe_coarse_1e19,1e19,temporal,coarse 6/64,min_logit,9,0.31738,0.37010
g1_tmoe_coarse_1e19,1e19,temporal,coarse 6/64,min_logit,10,0.38032,0.43947
g1_tmoe_coarse_1e19,1e19,temporal,coarse 6/64,min_logit,11,0.40370,0.46452
g1_tmoe_coarse_1e19,1e19,temporal,coarse 6/64,min_logit,12,0.38968,0.44855
g1_tmoe_coarse_1e19,1e19,temporal,coarse 6/64,min_logit,13,0.37497,0.42194
g1_tmoe_coarse_1e19,1e19,temporal,coarse 6/64,min_logit,14,0.42398,0.47763
g1_tmoe_coarse_1e19,1e19,temporal,coarse 6/64,min_logit,all,0.28328,0.31923
g1_tmoe_coarse_1e19,1e19,temporal,coarse 6/64,LRU,2,0.11146,0.11315
g1_tmoe_coarse_1e19,1e19,temporal,coarse 6/64,LRU,3,0.14544,0.16033
g1_tmoe_coarse_1e19,1e19,temporal,coarse 6/64,LRU,4,0.15631,0.16697
g1_tmoe_coarse_1e19,1e19,temporal,coarse 6/64,LRU,5,0.17416,0.18804
g1_tmoe_coarse_1e19,1e19,temporal,coarse 6/64,LRU,6,0.20952,0.23763
g1_tmoe_coarse_1e19,1e19,temporal,coarse 6/64,LRU,7,0.23693,0.27062
g1_tmoe_coarse_1e19,1e19,temporal,coarse 6/64,LRU,8,0.26338,0.30396
g1_tmoe_coarse_1e19,1e19,temporal,coarse 6/64,LRU,9,0.28369,0.33725
g1_tmoe_coarse_1e19,1e19,temporal,coarse 6/64,LRU,10,0.33031,0.38775
g1_tmoe_coarse_1e19,1e19,temporal,coarse 6/64,LRU,11,0.35212,0.41185
g1_tmoe_coarse_1e19,1e19,temporal,coarse 6/64,LRU,12,0.33679,0.39374
g1_tmoe_coarse_1e19,1e19,temporal,coarse 6/64,LRU,13,0.32014,0.36530
g1_tmoe_coarse_1e19,1e19,temporal,coarse 6/64,LRU,14,0.34901,0.40244
g1_tmoe_coarse_1e19,1e19,temporal,coarse 6/64,LRU,all,0.25148,0.28762
g1_tmoe_coarse_1e19,1e19,temporal,coarse 6/64,min_logit+tau*(2.0),2,0.10321,0.10636
g1_tmoe_coarse_1e19,1e19,temporal,coarse 6/64,min_logit+tau*(2.0),3,0.12161,0.13355
g1_tmoe_coarse_1e19,1e19,temporal,coarse 6/64,min_logit+tau*(2.0),4,0.12193,0.12686
g1_tmoe_coarse_1e19,1e19,temporal,coarse 6/64,min_logit+tau*(2.0),5,0.13852,0.14597
g1_tmoe_coarse_1e19,1e19,temporal,coarse 6/64,min_logit+tau*(2.0),6,0.18727,0.20870
g1_tmoe_coarse_1e19,1e19,temporal,coarse 6/64,min_logit+tau*(2.0),7,0.22672,0.25726
g1_tmoe_coarse_1e19,1e19,temporal,coarse 6/64,min_logit+tau*(2.0),8,0.23857,0.27816
g1_tmoe_coarse_1e19,1e19,temporal,coarse 6/64,min_logit+tau*(2.0),9,0.26672,0.32165
g1_tmoe_coarse_1e19,1e19,temporal,coarse 6/64,min_logit+tau*(2.0),10,0.30673,0.36820
g1_tmoe_coarse_1e19,1e19,temporal,coarse 6/64,min_logit+tau*(2.0),11,0.30989,0.37333
g1_tmoe_coarse_1e19,1e19,temporal,coarse 6/64,min_logit+tau*(2.0),12,0.30768,0.36972
g1_tmoe_coarse_1e19,1e19,temporal,coarse 6/64,min_logit+tau*(2.0),13,0.30165,0.35415
g1_tmoe_coarse_1e19,1e19,temporal,coarse 6/64,min_logit+tau*(2.0),14,0.34582,0.40774
g1_tmoe_coarse_1e19,1e19,temporal,coarse 6/64,min_logit+tau*(2.0),all,0.22895,0.26551
g1_tmoe_coarse_1e19,1e19,temporal,coarse 6/64,discounted-oracle(g=0.5),2,0.45016,0.45449
g1_tmoe_coarse_1e19,1e19,temporal,coarse 6/64,discounted-oracle(g=0.5),3,0.47952,0.50028
g1_tmoe_coarse_1e19,1e19,temporal,coarse 6/64,discounted-oracle(g=0.5),4,0.48894,0.50781
g1_tmoe_coarse_1e19,1e19,temporal,coarse 6/64,discounted-oracle(g=0.5),5,0.50891,0.53051
g1_tmoe_coarse_1e19,1e19,temporal,coarse 6/64,discounted-oracle(g=0.5),6,0.54342,0.57801
g1_tmoe_coarse_1e19,1e19,temporal,coarse 6/64,discounted-oracle(g=0.5),7,0.57609,0.61782
g1_tmoe_coarse_1e19,1e19,temporal,coarse 6/64,discounted-oracle(g=0.5),8,0.59537,0.64763
g1_tmoe_coarse_1e19,1e19,temporal,coarse 6/64,discounted-oracle(g=0.5),9,0.61112,0.67572
g1_tmoe_coarse_1e19,1e19,temporal,coarse 6/64,discounted-oracle(g=0.5),10,0.66159,0.72084
g1_tmoe_coarse_1e19,1e19,temporal,coarse 6/64,discounted-oracle(g=0.5),11,0.67813,0.73613
g1_tmoe_coarse_1e19,1e19,temporal,coarse 6/64,discounted-oracle(g=0.5),12,0.66682,0.72644
g1_tmoe_coarse_1e19,1e19,temporal,coarse 6/64,discounted-oracle(g=0.5),13,0.65898,0.70888
g1_tmoe_coarse_1e19,1e19,temporal,coarse 6/64,discounted-oracle(g=0.5),14,0.69485,0.74085
g1_tmoe_coarse_1e19,1e19,temporal,coarse 6/64,discounted-oracle(g=0.5),all,0.58568,0.62657
g1_tmoe_coarse_1e19,1e19,temporal,coarse 6/64,discounted-oracle(g=0.9),2,0.38425,0.38874
g1_tmoe_coarse_1e19,1e19,temporal,coarse 6/64,discounted-oracle(g=0.9),3,0.40242,0.42393
g1_tmoe_coarse_1e19,1e19,temporal,coarse 6/64,discounted-oracle(g=0.9),4,0.40779,0.42609
g1_tmoe_coarse_1e19,1e19,temporal,coarse 6/64,discounted-oracle(g=0.9),5,0.41668,0.44034
g1_tmoe_coarse_1e19,1e19,temporal,coarse 6/64,discounted-oracle(g=0.9),6,0.43702,0.47553
g1_tmoe_coarse_1e19,1e19,temporal,coarse 6/64,discounted-oracle(g=0.9),7,0.45239,0.49977
g1_tmoe_coarse_1e19,1e19,temporal,coarse 6/64,discounted-oracle(g=0.9),8,0.46050,0.52065
g1_tmoe_coarse_1e19,1e19,temporal,coarse 6/64,discounted-oracle(g=0.9),9,0.46863,0.54406
g1_tmoe_coarse_1e19,1e19,temporal,coarse 6/64,discounted-oracle(g=0.9),10,0.49983,0.57344
g1_tmoe_coarse_1e19,1e19,temporal,coarse 6/64,discounted-oracle(g=0.9),11,0.50661,0.58238
g1_tmoe_coarse_1e19,1e19,temporal,coarse 6/64,discounted-oracle(g=0.9),12,0.50307,0.57770
g1_tmoe_coarse_1e19,1e19,temporal,coarse 6/64,discounted-oracle(g=0.9),13,0.50097,0.56116
g1_tmoe_coarse_1e19,1e19,temporal,coarse 6/64,discounted-oracle(g=0.9),14,0.53912,0.59358
g1_tmoe_coarse_1e19,1e19,temporal,coarse 6/64,discounted-oracle(g=0.9),all,0.45994,0.50826
g1_tmoe_coarse_1e19,1e19,temporal,coarse 6/64,discounted-oracle(g=0.95),2,0.29999,0.30274
g1_tmoe_coarse_1e19,1e19,temporal,coarse 6/64,discounted-oracle(g=0.95),3,0.30732,0.32258
g1_tmoe_coarse_1e19,1e19,temporal,coarse 6/64,discounted-oracle(g=0.95),4,0.31141,0.32544
g1_tmoe_coarse_1e19,1e19,temporal,coarse 6/64,discounted-oracle(g=0.95),5,0.31779,0.33625
g1_tmoe_coarse_1e19,1e19,temporal,coarse 6/64,discounted-oracle(g=0.95),6,0.33068,0.36024
g1_tmoe_coarse_1e19,1e19,temporal,coarse 6/64,discounted-oracle(g=0.95),7,0.35066,0.38888
g1_tmoe_coarse_1e19,1e19,temporal,coarse 6/64,discounted-oracle(g=0.95),8,0.34787,0.39540
g1_tmoe_coarse_1e19,1e19,temporal,coarse 6/64,discounted-oracle(g=0.95),9,0.35543,0.41323
g1_tmoe_coarse_1e19,1e19,temporal,coarse 6/64,discounted-oracle(g=0.95),10,0.39497,0.45694
g1_tmoe_coarse_1e19,1e19,temporal,coarse 6/64,discounted-oracle(g=0.95),11,0.40133,0.46371
g1_tmoe_coarse_1e19,1e19,temporal,coarse 6/64,discounted-oracle(g=0.95),12,0.39981,0.46281
g1_tmoe_coarse_1e19,1e19,temporal,coarse 6/64,discounted-oracle(g=0.95),13,0.40527,0.45516
g1_tmoe_coarse_1e19,1e19,temporal,coarse 6/64,discounted-oracle(g=0.95),14,0.46041,0.50637
g1_tmoe_coarse_1e19,1e19,temporal,coarse 6/64,discounted-oracle(g=0.95),all,0.36023,0.39921
g1_tmoe_coarse_1e19,1e19,temporal,coarse 6/64,Belady,2,0.22087,0.22409
g1_tmoe_coarse_1e19,1e19,temporal,coarse 6/64,Belady,3,0.25556,0.27096
g1_tmoe_coarse_1e19,1e19,temporal,coarse 6/64,Belady,4,0.26477,0.27637
g1_tmoe_coarse_1e19,1e19,temporal,coarse 6/64,Belady,5,0.28724,0.30232
g1_tmoe_coarse_1e19,1e19,temporal,coarse 6/64,Belady,6,0.32758,0.35733
g1_tmoe_coarse_1e19,1e19,temporal,coarse 6/64,Belady,7,0.36410,0.39713
g1_tmoe_coarse_1e19,1e19,temporal,coarse 6/64,Belady,8,0.38742,0.42590
g1_tmoe_coarse_1e19,1e19,temporal,coarse 6/64,Belady,9,0.40874,0.45694
g1_tmoe_coarse_1e19,1e19,temporal,coarse 6/64,Belady,10,0.46503,0.51831
g1_tmoe_coarse_1e19,1e19,temporal,coarse 6/64,Belady,11,0.48705,0.54007
g1_tmoe_coarse_1e19,1e19,temporal,coarse 6/64,Belady,12,0.47294,0.52494
g1_tmoe_coarse_1e19,1e19,temporal,coarse 6/64,Belady,13,0.46146,0.50269
g1_tmoe_coarse_1e19,1e19,temporal,coarse 6/64,Belady,14,0.50570,0.55214
g1_tmoe_coarse_1e19,1e19,temporal,coarse 6/64,Belady,all,0.37757,0.41148
g1_tmoe_coarse_1e19,1e19,temporal,coarse 6/64,Belady+prefetch(h=1),2,0.36993,0.46662
g1_tmoe_coarse_1e19,1e19,temporal,coarse 6/64,Belady+prefetch(h=1),3,0.40104,0.50820
g1_tmoe_coarse_1e19,1e19,temporal,coarse 6/64,Belady+prefetch(h=1),4,0.41046,0.49706
g1_tmoe_coarse_1e19,1e19,temporal,coarse 6/64,Belady+prefetch(h=1),5,0.43166,0.52265
g1_tmoe_coarse_1e19,1e19,temporal,coarse 6/64,Belady+prefetch(h=1),6,0.46947,0.58641
g1_tmoe_coarse_1e19,1e19,temporal,coarse 6/64,Belady+prefetch(h=1),7,0.50494,0.61886
g1_tmoe_coarse_1e19,1e19,temporal,coarse 6/64,Belady+prefetch(h=1),8,0.52654,0.64115
g1_tmoe_coarse_1e19,1e19,temporal,coarse 6/64,Belady+prefetch(h=1),9,0.54716,0.67493
g1_tmoe_coarse_1e19,1e19,temporal,coarse 6/64,Belady+prefetch(h=1),10,0.60232,0.71638
g1_tmoe_coarse_1e19,1e19,temporal,coarse 6/64,Belady+prefetch(h=1),11,0.62180,0.73488
g1_tmoe_coarse_1e19,1e19,temporal,coarse 6/64,Belady+prefetch(h=1),12,0.60898,0.72705
g1_tmoe_coarse_1e19,1e19,temporal,coarse 6/64,Belady+prefetch(h=1),13,0.59845,0.71317
g1_tmoe_coarse_1e19,1e19,temporal,coarse 6/64,Belady+prefetch(h=1),14,0.64160,0.75444
g1_tmoe_coarse_1e19,1e19,temporal,coarse 6/64,Belady+prefetch(h=1),all,0.51803,0.62783
g1_tmoe_coarse_1e19,1e19,temporal,coarse 6/64,Belady+prefetch(h=4),2,0.31131,0.40667
g1_tmoe_coarse_1e19,1e19,temporal,coarse 6/64,Belady+prefetch(h=4),3,0.34061,0.44508
g1_tmoe_coarse_1e19,1e19,temporal,coarse 6/64,Belady+prefetch(h=4),4,0.35237,0.43439
g1_tmoe_coarse_1e19,1e19,temporal,coarse 6/64,Belady+prefetch(h=4),5,0.37107,0.45645
g1_tmoe_coarse_1e19,1e19,temporal,coarse 6/64,Belady+prefetch(h=4),6,0.41008,0.51938
g1_tmoe_coarse_1e19,1e19,temporal,coarse 6/64,Belady+prefetch(h=4),7,0.43733,0.54382
g1_tmoe_coarse_1e19,1e19,temporal,coarse 6/64,Belady+prefetch(h=4),8,0.46391,0.57111
g1_tmoe_coarse_1e19,1e19,temporal,coarse 6/64,Belady+prefetch(h=4),9,0.47908,0.60094
g1_tmoe_coarse_1e19,1e19,temporal,coarse 6/64,Belady+prefetch(h=4),10,0.53156,0.63999
g1_tmoe_coarse_1e19,1e19,temporal,coarse 6/64,Belady+prefetch(h=4),11,0.54942,0.65653
g1_tmoe_coarse_1e19,1e19,temporal,coarse 6/64,Belady+prefetch(h=4),12,0.53580,0.64694
g1_tmoe_coarse_1e19,1e19,temporal,coarse 6/64,Belady+prefetch(h=4),13,0.52418,0.62927
g1_tmoe_coarse_1e19,1e19,temporal,coarse 6/64,Belady+prefetch(h=4),14,0.55580,0.65731
g1_tmoe_coarse_1e19,1e19,temporal,coarse 6/64,Belady+prefetch(h=4),all,0.45096,0.55445
g1_tmoe_coarse_1e19,1e19,temporal,coarse 6/64,Belady+prefetch(h=16),2,0.22165,0.23676
g1_tmoe_coarse_1e19,1e19,temporal,coarse 6/64,Belady+prefetch(h=16),3,0.23040,0.25330
g1_tmoe_coarse_1e19,1e19,temporal,coarse 6/64,Belady+prefetch(h=16),4,0.23334,0.25210
g1_tmoe_coarse_1e19,1e19,temporal,coarse 6/64,Belady+prefetch(h=16),5,0.24811,0.27025
g1_tmoe_coarse_1e19,1e19,temporal,coarse 6/64,Belady+prefetch(h=16),6,0.26786,0.30084
g1_tmoe_coarse_1e19,1e19,temporal,coarse 6/64,Belady+prefetch(h=16),7,0.29894,0.33215
g1_tmoe_coarse_1e19,1e19,temporal,coarse 6/64,Belady+prefetch(h=16),8,0.30004,0.33448
g1_tmoe_coarse_1e19,1e19,temporal,coarse 6/64,Belady+prefetch(h=16),9,0.30937,0.34616
g1_tmoe_coarse_1e19,1e19,temporal,coarse 6/64,Belady+prefetch(h=16),10,0.36054,0.40760
g1_tmoe_coarse_1e19,1e19,temporal,coarse 6/64,Belady+prefetch(h=16),11,0.37162,0.41619
g1_tmoe_coarse_1e19,1e19,temporal,coarse 6/64,Belady+prefetch(h=16),12,0.36942,0.41623
g1_tmoe_coarse_1e19,1e19,temporal,coarse 6/64,Belady+prefetch(h=16),13,0.37609,0.41581
g1_tmoe_coarse_1e19,1e19,temporal,coarse 6/64,Belady+prefetch(h=16),14,0.43551,0.48000
g1_tmoe_coarse_1e19,1e19,temporal,coarse 6/64,Belady+prefetch(h=16),all,0.30945,0.34322
g3_tmoe_s0_1e16_ant0p02,1e16,temporal,fine 18/192,min_logit,2,0.45029,0.48984
g3_tmoe_s0_1e16_ant0p02,1e16,temporal,fine 18/192,min_logit,3,0.58487,0.63315
g3_tmoe_s0_1e16_ant0p02,1e16,temporal,fine 18/192,min_logit,4,0.63067,0.67535
g3_tmoe_s0_1e16_ant0p02,1e16,temporal,fine 18/192,min_logit,all,0.55528,0.59945
g3_tmoe_s0_1e16_ant0p02,1e16,temporal,fine 18/192,LRU,2,0.40667,0.46753
g3_tmoe_s0_1e16_ant0p02,1e16,temporal,fine 18/192,LRU,3,0.52385,0.58241
g3_tmoe_s0_1e16_ant0p02,1e16,temporal,fine 18/192,LRU,4,0.56055,0.62296
g3_tmoe_s0_1e16_ant0p02,1e16,temporal,fine 18/192,LRU,all,0.49702,0.55764
g3_tmoe_s0_1e16_ant0p02,1e16,temporal,fine 18/192,min_logit+tau*(4.0),2,0.37123,0.40929
g3_tmoe_s0_1e16_ant0p02,1e16,temporal,fine 18/192,min_logit+tau*(4.0),3,0.42173,0.45303
g3_tmoe_s0_1e16_ant0p02,1e16,temporal,fine 18/192,min_logit+tau*(4.0),4,0.42501,0.46055
g3_tmoe_s0_1e16_ant0p02,1e16,temporal,fine 18/192,min_logit+tau*(4.0),all,0.40599,0.44095
g3_tmoe_s0_1e16_ant0p02,1e16,temporal,fine 18/192,discounted-oracle(g=0.5),2,0.62565,0.66232
g3_tmoe_s0_1e16_ant0p02,1e16,temporal,fine 18/192,discounted-oracle(g=0.5),3,0.73572,0.77063
g3_tmoe_s0_1e16_ant0p02,1e16,temporal,fine 18/192,discounted-oracle(g=0.5),4,0.76935,0.79602
g3_tmoe_s0_1e16_ant0p02,1e16,temporal,fine 18/192,discounted-oracle(g=0.5),all,0.71024,0.74299
g3_tmoe_s0_1e16_ant0p02,1e16,temporal,fine 18/192,discounted-oracle(g=0.9),2,0.61471,0.65791
g3_tmoe_s0_1e16_ant0p02,1e16,temporal,fine 18/192,discounted-oracle(g=0.9),3,0.70186,0.74434
g3_tmoe_s0_1e16_ant0p02,1e16,temporal,fine 18/192,discounted-oracle(g=0.9),4,0.72666,0.76256
g3_tmoe_s0_1e16_ant0p02,1e16,temporal,fine 18/192,discounted-oracle(g=0.9),all,0.68108,0.72161
g3_tmoe_s0_1e16_ant0p02,1e16,temporal,fine 18/192,discounted-oracle(g=0.95),2,0.55348,0.58929
g3_tmoe_s0_1e16_ant0p02,1e16,temporal,fine 18/192,discounted-oracle(g=0.95),3,0.64537,0.68119
g3_tmoe_s0_1e16_ant0p02,1e16,temporal,fine 18/192,discounted-oracle(g=0.95),4,0.67901,0.71025
g3_tmoe_s0_1e16_ant0p02,1e16,temporal,fine 18/192,discounted-oracle(g=0.95),all,0.62595,0.66024
g3_tmoe_s0_1e16_ant0p02,1e16,temporal,fine 18/192,Belady,2,0.53095,0.58377
g3_tmoe_s0_1e16_ant0p02,1e16,temporal,fine 18/192,Belady,3,0.65706,0.70533
g3_tmoe_s0_1e16_ant0p02,1e16,temporal,fine 18/192,Belady,4,0.69449,0.74229
g3_tmoe_s0_1e16_ant0p02,1e16,temporal,fine 18/192,Belady,all,0.62750,0.67713
g3_tmoe_s0_1e16_ant0p02,1e16,temporal,fine 18/192,Belady+prefetch(h=1),2,0.56691,0.67777
g3_tmoe_s0_1e16_ant0p02,1e16,temporal,fine 18/192,Belady+prefetch(h=1),3,0.68921,0.76724
g3_tmoe_s0_1e16_ant0p02,1e16,temporal,fine 18/192,Belady+prefetch(h=1),4,0.72679,0.80179
g3_tmoe_s0_1e16_ant0p02,1e16,temporal,fine 18/192,Belady+prefetch(h=1),all,0.66097,0.74893
g3_tmoe_s0_1e16_ant0p02,1e16,temporal,fine 18/192,Belady+prefetch(h=4),2,0.55872,0.67029
g3_tmoe_s0_1e16_ant0p02,1e16,temporal,fine 18/192,Belady+prefetch(h=4),3,0.67853,0.75747
g3_tmoe_s0_1e16_ant0p02,1e16,temporal,fine 18/192,Belady+prefetch(h=4),4,0.71247,0.78668
g3_tmoe_s0_1e16_ant0p02,1e16,temporal,fine 18/192,Belady+prefetch(h=4),all,0.64991,0.73815
g3_tmoe_s0_1e16_ant0p02,1e16,temporal,fine 18/192,Belady+prefetch(h=16),2,0.51403,0.57727
g3_tmoe_s0_1e16_ant0p02,1e16,temporal,fine 18/192,Belady+prefetch(h=16),3,0.63104,0.68018
g3_tmoe_s0_1e16_ant0p02,1e16,temporal,fine 18/192,Belady+prefetch(h=16),4,0.67339,0.72291
g3_tmoe_s0_1e16_ant0p02,1e16,temporal,fine 18/192,Belady+prefetch(h=16),all,0.60615,0.66012
g3_tmoe_s0_1e16_ant0p02_g0p9,1e16,temporal,fine 18/192,min_logit,2,0.49285,0.54232
g3_tmoe_s0_1e16_ant0p02_g0p9,1e16,temporal,fine 18/192,min_logit,3,0.60740,0.65158
g3_tmoe_s0_1e16_ant0p02_g0p9,1e16,temporal,fine 18/192,min_logit,4,0.63143,0.67265
g3_tmoe_s0_1e16_ant0p02_g0p9,1e16,temporal,fine 18/192,min_logit,all,0.57723,0.62218
g3_tmoe_s0_1e16_ant0p02_g0p9,1e16,temporal,fine 18/192,LRU,2,0.43911,0.49947
g3_tmoe_s0_1e16_ant0p02_g0p9,1e16,temporal,fine 18/192,LRU,3,0.54018,0.60190
g3_tmoe_s0_1e16_ant0p02_g0p9,1e16,temporal,fine 18/192,LRU,4,0.55477,0.61603
g3_tmoe_s0_1e16_ant0p02_g0p9,1e16,temporal,fine 18/192,LRU,all,0.51135,0.57247
g3_tmoe_s0_1e16_ant0p02_g0p9,1e16,temporal,fine 18/192,min_logit+tau*(2.0),2,0.46399,0.51156
g3_tmoe_s0_1e16_ant0p02_g0p9,1e16,temporal,fine 18/192,min_logit+tau*(2.0),3,0.57805,0.62120
g3_tmoe_s0_1e16_ant0p02_g0p9,1e16,temporal,fine 18/192,min_logit+tau*(2.0),4,0.58715,0.63226
g3_tmoe_s0_1e16_ant0p02_g0p9,1e16,temporal,fine 18/192,min_logit+tau*(2.0),all,0.54306,0.58834
g3_tmoe_s0_1e16_ant0p02_g0p9,1e16,temporal,fine 18/192,discounted-oracle(g=0.5),2,0.65785,0.69876
g3_tmoe_s0_1e16_ant0p02_g0p9,1e16,temporal,fine 18/192,discounted-oracle(g=0.5),3,0.75425,0.78718
g3_tmoe_s0_1e16_ant0p02_g0p9,1e16,temporal,fine 18/192,discounted-oracle(g=0.5),4,0.77314,0.79929
g3_tmoe_s0_1e16_ant0p02_g0p9,1e16,temporal,fine 18/192,discounted-oracle(g=0.5),all,0.72841,0.76174
g3_tmoe_s0_1e16_ant0p02_g0p9,1e16,temporal,fine 18/192,discounted-oracle(g=0.9),2,0.63556,0.68185
g3_tmoe_s0_1e16_ant0p02_g0p9,1e16,temporal,fine 18/192,discounted-oracle(g=0.9),3,0.71307,0.75285
g3_tmoe_s0_1e16_ant0p02_g0p9,1e16,temporal,fine 18/192,discounted-oracle(g=0.9),4,0.72921,0.76321
g3_tmoe_s0_1e16_ant0p02_g0p9,1e16,temporal,fine 18/192,discounted-oracle(g=0.9),all,0.69262,0.73264
g3_tmoe_s0_1e16_ant0p02_g0p9,1e16,temporal,fine 18/192,discounted-oracle(g=0.95),2,0.57380,0.61328
g3_tmoe_s0_1e16_ant0p02_g0p9,1e16,temporal,fine 18/192,discounted-oracle(g=0.95),3,0.66308,0.69871
g3_tmoe_s0_1e16_ant0p02_g0p9,1e16,temporal,fine 18/192,discounted-oracle(g=0.95),4,0.68015,0.70840
g3_tmoe_s0_1e16_ant0p02_g0p9,1e16,temporal,fine 18/192,discounted-oracle(g=0.95),all,0.63901,0.67347
g3_tmoe_s0_1e16_ant0p02_g0p9,1e16,temporal,fine 18/192,Belady,2,0.56675,0.62022
g3_tmoe_s0_1e16_ant0p02_g0p9,1e16,temporal,fine 18/192,Belady,3,0.67540,0.72529
g3_tmoe_s0_1e16_ant0p02_g0p9,1e16,temporal,fine 18/192,Belady,4,0.69642,0.74029
g3_tmoe_s0_1e16_ant0p02_g0p9,1e16,temporal,fine 18/192,Belady,all,0.64619,0.69526
g3_tmoe_s0_1e16_ant0p02_g0p9,1e16,temporal,fine 18/192,Belady+prefetch(h=1),2,0.60284,0.69004
g3_tmoe_s0_1e16_ant0p02_g0p9,1e16,temporal,fine 18/192,Belady+prefetch(h=1),3,0.70838,0.78306
g3_tmoe_s0_1e16_ant0p02_g0p9,1e16,temporal,fine 18/192,Belady+prefetch(h=1),4,0.72884,0.80113
g3_tmoe_s0_1e16_ant0p02_g0p9,1e16,temporal,fine 18/192,Belady+prefetch(h=1),all,0.68002,0.75808
g3_tmoe_s0_1e16_ant0p02_g0p9,1e16,temporal,fine 18/192,Belady+prefetch(h=4),2,0.59428,0.68248
g3_tmoe_s0_1e16_ant0p02_g0p9,1e16,temporal,fine 18/192,Belady+prefetch(h=4),3,0.69372,0.76824
g3_tmoe_s0_1e16_ant0p02_g0p9,1e16,temporal,fine 18/192,Belady+prefetch(h=4),4,0.71398,0.78392
g3_tmoe_s0_1e16_ant0p02_g0p9,1e16,temporal,fine 18/192,Belady+prefetch(h=4),all,0.66733,0.74488
g3_tmoe_s0_1e16_ant0p02_g0p9,1e16,temporal,fine 18/192,Belady+prefetch(h=16),2,0.54656,0.60041
g3_tmoe_s0_1e16_ant0p02_g0p9,1e16,temporal,fine 18/192,Belady+prefetch(h=16),3,0.65508,0.70712
g3_tmoe_s0_1e16_ant0p02_g0p9,1e16,temporal,fine 18/192,Belady+prefetch(h=16),4,0.67291,0.71650
g3_tmoe_s0_1e16_ant0p02_g0p9,1e16,temporal,fine 18/192,Belady+prefetch(h=16),all,0.62485,0.67468
g3_tmoe_s0_1e16_ant0p1,1e16,temporal,fine 18/192,min_logit,2,0.71977,0.75223
g3_tmoe_s0_1e16_ant0p1,1e16,temporal,fine 18/192,min_logit,3,0.83610,0.85827
g3_tmoe_s0_1e16_ant0p1,1e16,temporal,fine 18/192,min_logit,4,0.85990,0.87638
g3_tmoe_s0_1e16_ant0p1,1e16,temporal,fine 18/192,min_logit,all,0.80525,0.82896
g3_tmoe_s0_1e16_ant0p1,1e16,temporal,fine 18/192,LRU,2,0.68548,0.71453
g3_tmoe_s0_1e16_ant0p1,1e16,temporal,fine 18/192,LRU,3,0.80572,0.82124
g3_tmoe_s0_1e16_ant0p1,1e16,temporal,fine 18/192,LRU,4,0.83576,0.84695
g3_tmoe_s0_1e16_ant0p1,1e16,temporal,fine 18/192,LRU,all,0.77565,0.79424
g3_tmoe_s0_1e16_ant0p1,1e16,temporal,fine 18/192,min_logit+tau*(1.0),2,0.71920,0.75164
g3_tmoe_s0_1e16_ant0p1,1e16,temporal,fine 18/192,min_logit+tau*(1.0),3,0.82826,0.84927
g3_tmoe_s0_1e16_ant0p1,1e16,temporal,fine 18/192,min_logit+tau*(1.0),4,0.84602,0.86227
g3_tmoe_s0_1e16_ant0p1,1e16,temporal,fine 18/192,min_logit+tau*(1.0),all,0.79783,0.82106
g3_tmoe_s0_1e16_ant0p1,1e16,temporal,fine 18/192,discounted-oracle(g=0.5),2,0.83793,0.85686
g3_tmoe_s0_1e16_ant0p1,1e16,temporal,fine 18/192,discounted-oracle(g=0.5),3,0.92226,0.93290
g3_tmoe_s0_1e16_ant0p1,1e16,temporal,fine 18/192,discounted-oracle(g=0.5),4,0.93775,0.94538
g3_tmoe_s0_1e16_ant0p1,1e16,temporal,fine 18/192,discounted-oracle(g=0.5),all,0.89931,0.91171
g3_tmoe_s0_1e16_ant0p1,1e16,temporal,fine 18/192,discounted-oracle(g=0.9),2,0.80089,0.82338
g3_tmoe_s0_1e16_ant0p1,1e16,temporal,fine 18/192,discounted-oracle(g=0.9),3,0.87503,0.88810
g3_tmoe_s0_1e16_ant0p1,1e16,temporal,fine 18/192,discounted-oracle(g=0.9),4,0.89275,0.90432
g3_tmoe_s0_1e16_ant0p1,1e16,temporal,fine 18/192,discounted-oracle(g=0.9),all,0.85622,0.87193
g3_tmoe_s0_1e16_ant0p1,1e16,temporal,fine 18/192,discounted-oracle(g=0.95),2,0.76376,0.78491
g3_tmoe_s0_1e16_ant0p1,1e16,temporal,fine 18/192,discounted-oracle(g=0.95),3,0.85263,0.86573
g3_tmoe_s0_1e16_ant0p1,1e16,temporal,fine 18/192,discounted-oracle(g=0.95),4,0.87518,0.88708
g3_tmoe_s0_1e16_ant0p1,1e16,temporal,fine 18/192,discounted-oracle(g=0.95),all,0.83052,0.84591
g3_tmoe_s0_1e16_ant0p1,1e16,temporal,fine 18/192,Belady,2,0.78478,0.81182
g3_tmoe_s0_1e16_ant0p1,1e16,temporal,fine 18/192,Belady,3,0.88911,0.90454
g3_tmoe_s0_1e16_ant0p1,1e16,temporal,fine 18/192,Belady,4,0.90839,0.91854
g3_tmoe_s0_1e16_ant0p1,1e16,temporal,fine 18/192,Belady,all,0.86076,0.87830
g3_tmoe_s0_1e16_ant0p1,1e16,temporal,fine 18/192,Belady+prefetch(h=1),2,0.80753,0.84875
g3_tmoe_s0_1e16_ant0p1,1e16,temporal,fine 18/192,Belady+prefetch(h=1),3,0.90812,0.92838
g3_tmoe_s0_1e16_ant0p1,1e16,temporal,fine 18/192,Belady+prefetch(h=1),4,0.92740,0.94177
g3_tmoe_s0_1e16_ant0p1,1e16,temporal,fine 18/192,Belady+prefetch(h=1),all,0.88101,0.90630
g3_tmoe_s0_1e16_ant0p1,1e16,temporal,fine 18/192,Belady+prefetch(h=4),2,0.79386,0.83334
g3_tmoe_s0_1e16_ant0p1,1e16,temporal,fine 18/192,Belady+prefetch(h=4),3,0.88982,0.90963
g3_tmoe_s0_1e16_ant0p1,1e16,temporal,fine 18/192,Belady+prefetch(h=4),4,0.90914,0.92239
g3_tmoe_s0_1e16_ant0p1,1e16,temporal,fine 18/192,Belady+prefetch(h=4),all,0.86427,0.88845
g3_tmoe_s0_1e16_ant0p1,1e16,temporal,fine 18/192,Belady+prefetch(h=16),2,0.77036,0.79653
g3_tmoe_s0_1e16_ant0p1,1e16,temporal,fine 18/192,Belady+prefetch(h=16),3,0.87465,0.88878
g3_tmoe_s0_1e16_ant0p1,1e16,temporal,fine 18/192,Belady+prefetch(h=16),4,0.89906,0.90882
g3_tmoe_s0_1e16_ant0p1,1e16,temporal,fine 18/192,Belady+prefetch(h=16),all,0.84802,0.86471
g3_tmoe_s0_1e16_bursty,1e16,temporal,fine 18/192,min_logit,2,0.80079,0.99999
g3_tmoe_s0_1e16_bursty,1e16,temporal,fine 18/192,min_logit,3,0.79027,0.99689
g3_tmoe_s0_1e16_bursty,1e16,temporal,fine 18/192,min_logit,4,0.78449,0.95482
g3_tmoe_s0_1e16_bursty,1e16,temporal,fine 18/192,min_logit,all,0.79185,0.98390
g3_tmoe_s0_1e16_bursty,1e16,temporal,fine 18/192,LRU,2,0.74671,0.94821
g3_tmoe_s0_1e16_bursty,1e16,temporal,fine 18/192,LRU,3,0.72565,0.94468
g3_tmoe_s0_1e16_bursty,1e16,temporal,fine 18/192,LRU,4,0.69988,0.89345
g3_tmoe_s0_1e16_bursty,1e16,temporal,fine 18/192,LRU,all,0.72408,0.92878
g3_tmoe_s0_1e16_bursty,1e16,temporal,fine 18/192,min_logit+tau*(4.0),2,0.76793,0.99998
g3_tmoe_s0_1e16_bursty,1e16,temporal,fine 18/192,min_logit+tau*(4.0),3,0.77237,0.99663
g3_tmoe_s0_1e16_bursty,1e16,temporal,fine 18/192,min_logit+tau*(4.0),4,0.76023,0.94730
g3_tmoe_s0_1e16_bursty,1e16,temporal,fine 18/192,min_logit+tau*(4.0),all,0.76684,0.98130
g3_tmoe_s0_1e16_bursty,1e16,temporal,fine 18/192,discounted-oracle(g=0.5),2,0.89337,0.99999
g3_tmoe_s0_1e16_bursty,1e16,temporal,fine 18/192,discounted-oracle(g=0.5),3,0.88800,0.99809
g3_tmoe_s0_1e16_bursty,1e16,temporal,fine 18/192,discounted-oracle(g=0.5),4,0.88108,0.97459
g3_tmoe_s0_1e16_bursty,1e16,temporal,fine 18/192,discounted-oracle(g=0.5),all,0.88748,0.99089
g3_tmoe_s0_1e16_bursty,1e16,temporal,fine 18/192,discounted-oracle(g=0.9),2,0.84635,0.99999
g3_tmoe_s0_1e16_bursty,1e16,temporal,fine 18/192,discounted-oracle(g=0.9),3,0.83371,0.99632
g3_tmoe_s0_1e16_bursty,1e16,temporal,fine 18/192,discounted-oracle(g=0.9),4,0.82188,0.95998
g3_tmoe_s0_1e16_bursty,1e16,temporal,fine 18/192,discounted-oracle(g=0.9),all,0.83398,0.98543
g3_tmoe_s0_1e16_bursty,1e16,temporal,fine 18/192,discounted-oracle(g=0.95),2,0.82801,0.99999
g3_tmoe_s0_1e16_bursty,1e16,temporal,fine 18/192,discounted-oracle(g=0.95),3,0.80724,0.99490
g3_tmoe_s0_1e16_bursty,1e16,temporal,fine 18/192,discounted-oracle(g=0.95),4,0.78728,0.94262
g3_tmoe_s0_1e16_bursty,1e16,temporal,fine 18/192,discounted-oracle(g=0.95),all,0.80751,0.97917
g3_tmoe_s0_1e16_bursty,1e16,temporal,fine 18/192,Belady,2,0.83966,0.99999
g3_tmoe_s0_1e16_bursty,1e16,temporal,fine 18/192,Belady,3,0.83884,0.99778
g3_tmoe_s0_1e16_bursty,1e16,temporal,fine 18/192,Belady,4,0.82797,0.96463
g3_tmoe_s0_1e16_bursty,1e16,temporal,fine 18/192,Belady,all,0.83549,0.98747
g3_tmoe_s0_1e16_bursty,1e16,temporal,fine 18/192,Belady+prefetch(h=1),2,0.87764,0.99999
g3_tmoe_s0_1e16_bursty,1e16,temporal,fine 18/192,Belady+prefetch(h=1),3,0.86905,0.99914
g3_tmoe_s0_1e16_bursty,1e16,temporal,fine 18/192,Belady+prefetch(h=1),4,0.86092,0.98472
g3_tmoe_s0_1e16_bursty,1e16,temporal,fine 18/192,Belady+prefetch(h=1),all,0.86920,0.99462
g3_tmoe_s0_1e16_bursty,1e16,temporal,fine 18/192,Belady+prefetch(h=4),2,0.85224,0.99999
g3_tmoe_s0_1e16_bursty,1e16,temporal,fine 18/192,Belady+prefetch(h=4),3,0.84699,0.99869
g3_tmoe_s0_1e16_bursty,1e16,temporal,fine 18/192,Belady+prefetch(h=4),4,0.84185,0.97887
g3_tmoe_s0_1e16_bursty,1e16,temporal,fine 18/192,Belady+prefetch(h=4),all,0.84703,0.99252
g3_tmoe_s0_1e16_bursty,1e16,temporal,fine 18/192,Belady+prefetch(h=16),2,0.83047,0.99999
g3_tmoe_s0_1e16_bursty,1e16,temporal,fine 18/192,Belady+prefetch(h=16),3,0.81866,0.99617
g3_tmoe_s0_1e16_bursty,1e16,temporal,fine 18/192,Belady+prefetch(h=16),4,0.80099,0.94388
g3_tmoe_s0_1e16_bursty,1e16,temporal,fine 18/192,Belady+prefetch(h=16),all,0.81671,0.98001
g3_tmoe_s0_1e16_head,1e16,temporal,fine 18/192,min_logit,2,0.36961,0.41566
g3_tmoe_s0_1e16_head,1e16,temporal,fine 18/192,min_logit,3,0.32665,0.37620
g3_tmoe_s0_1e16_head,1e16,temporal,fine 18/192,min_logit,4,0.44312,0.49378
g3_tmoe_s0_1e16_head,1e16,temporal,fine 18/192,min_logit,all,0.37979,0.42855
g3_tmoe_s0_1e16_head,1e16,temporal,fine 18/192,LRU,2,0.33660,0.40161
g3_tmoe_s0_1e16_head,1e16,temporal,fine 18/192,LRU,3,0.28476,0.35085
g3_tmoe_s0_1e16_head,1e16,temporal,fine 18/192,LRU,4,0.36703,0.42882
g3_tmoe_s0_1e16_head,1e16,temporal,fine 18/192,LRU,all,0.32947,0.39376
g3_tmoe_s0_1e16_head,1e16,temporal,fine 18/192,min_logit+tau*(4.0),2,0.31786,0.36391
g3_tmoe_s0_1e16_head,1e16,temporal,fine 18/192,min_logit+tau*(4.0),3,0.23886,0.27575
g3_tmoe_s0_1e16_head,1e16,temporal,fine 18/192,min_logit+tau*(4.0),4,0.21720,0.25145
g3_tmoe_s0_1e16_head,1e16,temporal,fine 18/192,min_logit+tau*(4.0),all,0.25797,0.29703
g3_tmoe_s0_1e16_head,1e16,temporal,fine 18/192,discounted-oracle(g=0.5),2,0.55339,0.60502
g3_tmoe_s0_1e16_head,1e16,temporal,fine 18/192,discounted-oracle(g=0.5),3,0.51192,0.56476
g3_tmoe_s0_1e16_head,1e16,temporal,fine 18/192,discounted-oracle(g=0.5),4,0.60769,0.65347
g3_tmoe_s0_1e16_head,1e16,temporal,fine 18/192,discounted-oracle(g=0.5),all,0.55767,0.60775
g3_tmoe_s0_1e16_head,1e16,temporal,fine 18/192,discounted-oracle(g=0.9),2,0.54796,0.60746
g3_tmoe_s0_1e16_head,1e16,temporal,fine 18/192,discounted-oracle(g=0.9),3,0.51991,0.57790
g3_tmoe_s0_1e16_head,1e16,temporal,fine 18/192,discounted-oracle(g=0.9),4,0.59267,0.64332
g3_tmoe_s0_1e16_head,1e16,temporal,fine 18/192,discounted-oracle(g=0.9),all,0.55351,0.60956
g3_tmoe_s0_1e16_head,1e16,temporal,fine 18/192,discounted-oracle(g=0.95),2,0.48898,0.54382
g3_tmoe_s0_1e16_head,1e16,temporal,fine 18/192,discounted-oracle(g=0.95),3,0.45166,0.50214
g3_tmoe_s0_1e16_head,1e16,temporal,fine 18/192,discounted-oracle(g=0.95),4,0.52358,0.56817
g3_tmoe_s0_1e16_head,1e16,temporal,fine 18/192,discounted-oracle(g=0.95),all,0.48807,0.53804
g3_tmoe_s0_1e16_head,1e16,temporal,fine 18/192,Belady,2,0.45441,0.51728
g3_tmoe_s0_1e16_head,1e16,temporal,fine 18/192,Belady,3,0.40382,0.46748
g3_tmoe_s0_1e16_head,1e16,temporal,fine 18/192,Belady,4,0.50630,0.56075
g3_tmoe_s0_1e16_head,1e16,temporal,fine 18/192,Belady,all,0.45485,0.51517
g3_tmoe_s0_1e16_head,1e16,temporal,fine 18/192,Belady+prefetch(h=1),2,0.49455,0.63703
g3_tmoe_s0_1e16_head,1e16,temporal,fine 18/192,Belady+prefetch(h=1),3,0.44630,0.57403
g3_tmoe_s0_1e16_head,1e16,temporal,fine 18/192,Belady+prefetch(h=1),4,0.54738,0.63867
g3_tmoe_s0_1e16_head,1e16,temporal,fine 18/192,Belady+prefetch(h=1),all,0.49607,0.61658
g3_tmoe_s0_1e16_head,1e16,temporal,fine 18/192,Belady+prefetch(h=4),2,0.48527,0.62771
g3_tmoe_s0_1e16_head,1e16,temporal,fine 18/192,Belady+prefetch(h=4),3,0.44544,0.57498
g3_tmoe_s0_1e16_head,1e16,temporal,fine 18/192,Belady+prefetch(h=4),4,0.54357,0.63624
g3_tmoe_s0_1e16_head,1e16,temporal,fine 18/192,Belady+prefetch(h=4),all,0.49143,0.61298
g3_tmoe_s0_1e16_head,1e16,temporal,fine 18/192,Belady+prefetch(h=16),2,0.44405,0.52483
g3_tmoe_s0_1e16_head,1e16,temporal,fine 18/192,Belady+prefetch(h=16),3,0.39040,0.46797
g3_tmoe_s0_1e16_head,1e16,temporal,fine 18/192,Belady+prefetch(h=16),4,0.48946,0.54747
g3_tmoe_s0_1e16_head,1e16,temporal,fine 18/192,Belady+prefetch(h=16),all,0.44131,0.51342
g3_tmoe_s0_1e16_head_b05,1e16,temporal,fine 18/192,min_logit,2,0.25705,0.29960
g3_tmoe_s0_1e16_head_b05,1e16,temporal,fine 18/192,min_logit,3,0.31204,0.35703
g3_tmoe_s0_1e16_head_b05,1e16,temporal,fine 18/192,min_logit,4,0.40391,0.44924
g3_tmoe_s0_1e16_head_b05,1e16,temporal,fine 18/192,min_logit,all,0.32434,0.36862
g3_tmoe_s0_1e16_head_b05,1e16,temporal,fine 18/192,LRU,2,0.23327,0.29595
g3_tmoe_s0_1e16_head_b05,1e16,temporal,fine 18/192,LRU,3,0.26772,0.32470
g3_tmoe_s0_1e16_head_b05,1e16,temporal,fine 18/192,LRU,4,0.32974,0.38772
g3_tmoe_s0_1e16_head_b05,1e16,temporal,fine 18/192,LRU,all,0.27691,0.33612
g3_tmoe_s0_1e16_head_b05,1e16,temporal,fine 18/192,min_logit+tau*(4.0),2,0.20830,0.24225
g3_tmoe_s0_1e16_head_b05,1e16,temporal,fine 18/192,min_logit+tau*(4.0),3,0.20815,0.24423
g3_tmoe_s0_1e16_head_b05,1e16,temporal,fine 18/192,min_logit+tau*(4.0),4,0.19131,0.21692
g3_tmoe_s0_1e16_head_b05,1e16,temporal,fine 18/192,min_logit+tau*(4.0),all,0.20259,0.23447
g3_tmoe_s0_1e16_head_b05,1e16,temporal,fine 18/192,discounted-oracle(g=0.5),2,0.44346,0.49703
g3_tmoe_s0_1e16_head_b05,1e16,temporal,fine 18/192,discounted-oracle(g=0.5),3,0.49279,0.54298
g3_tmoe_s0_1e16_head_b05,1e16,temporal,fine 18/192,discounted-oracle(g=0.5),4,0.57731,0.61852
g3_tmoe_s0_1e16_head_b05,1e16,temporal,fine 18/192,discounted-oracle(g=0.5),all,0.50452,0.55284
g3_tmoe_s0_1e16_head_b05,1e16,temporal,fine 18/192,discounted-oracle(g=0.9),2,0.46059,0.52180
g3_tmoe_s0_1e16_head_b05,1e16,temporal,fine 18/192,discounted-oracle(g=0.9),3,0.49891,0.55303
g3_tmoe_s0_1e16_head_b05,1e16,temporal,fine 18/192,discounted-oracle(g=0.9),4,0.56759,0.61200
g3_tmoe_s0_1e16_head_b05,1e16,temporal,fine 18/192,discounted-oracle(g=0.9),all,0.50903,0.56228
g3_tmoe_s0_1e16_head_b05,1e16,temporal,fine 18/192,discounted-oracle(g=0.95),2,0.40199,0.45609
g3_tmoe_s0_1e16_head_b05,1e16,temporal,fine 18/192,discounted-oracle(g=0.95),3,0.43328,0.48150
g3_tmoe_s0_1e16_head_b05,1e16,temporal,fine 18/192,discounted-oracle(g=0.95),4,0.49906,0.53731
g3_tmoe_s0_1e16_head_b05,1e16,temporal,fine 18/192,discounted-oracle(g=0.95),all,0.44478,0.49164
g3_tmoe_s0_1e16_head_b05,1e16,temporal,fine 18/192,Belady,2,0.33708,0.40218
g3_tmoe_s0_1e16_head_b05,1e16,temporal,fine 18/192,Belady,3,0.38430,0.44217
g3_tmoe_s0_1e16_head_b05,1e16,temporal,fine 18/192,Belady,4,0.46880,0.52078
g3_tmoe_s0_1e16_head_b05,1e16,temporal,fine 18/192,Belady,all,0.39673,0.45504
g3_tmoe_s0_1e16_head_b05,1e16,temporal,fine 18/192,Belady+prefetch(h=1),2,0.38170,0.53153
g3_tmoe_s0_1e16_head_b05,1e16,temporal,fine 18/192,Belady+prefetch(h=1),3,0.42850,0.53637
g3_tmoe_s0_1e16_head_b05,1e16,temporal,fine 18/192,Belady+prefetch(h=1),4,0.51107,0.60080
g3_tmoe_s0_1e16_head_b05,1e16,temporal,fine 18/192,Belady+prefetch(h=1),all,0.44042,0.55623
g3_tmoe_s0_1e16_head_b05,1e16,temporal,fine 18/192,Belady+prefetch(h=4),2,0.38011,0.53206
g3_tmoe_s0_1e16_head_b05,1e16,temporal,fine 18/192,Belady+prefetch(h=4),3,0.42728,0.53612
g3_tmoe_s0_1e16_head_b05,1e16,temporal,fine 18/192,Belady+prefetch(h=4),4,0.50710,0.59815
g3_tmoe_s0_1e16_head_b05,1e16,temporal,fine 18/192,Belady+prefetch(h=4),all,0.43817,0.55545
g3_tmoe_s0_1e16_head_b05,1e16,temporal,fine 18/192,Belady+prefetch(h=16),2,0.33168,0.42132
g3_tmoe_s0_1e16_head_b05,1e16,temporal,fine 18/192,Belady+prefetch(h=16),3,0.37699,0.44602
g3_tmoe_s0_1e16_head_b05,1e16,temporal,fine 18/192,Belady+prefetch(h=16),4,0.45554,0.51295
g3_tmoe_s0_1e16_head_b05,1e16,temporal,fine 18/192,Belady+prefetch(h=16),all,0.38807,0.46010
g3_tmoe_s0_1e16_head_c,1e16,temporal,fine 18/192,min_logit,2,0.27523,0.31929
g3_tmoe_s0_1e16_head_c,1e16,temporal,fine 18/192,min_logit,3,0.28365,0.32780
g3_tmoe_s0_1e16_head_c,1e16,temporal,fine 18/192,min_logit,4,0.34762,0.38879
g3_tmoe_s0_1e16_head_c,1e16,temporal,fine 18/192,min_logit,all,0.30217,0.34529
g3_tmoe_s0_1e16_head_c,1e16,temporal,fine 18/192,LRU,2,0.23675,0.28670
g3_tmoe_s0_1e16_head_c,1e16,temporal,fine 18/192,LRU,3,0.23721,0.29349
g3_tmoe_s0_1e16_head_c,1e16,temporal,fine 18/192,LRU,4,0.27313,0.32954
g3_tmoe_s0_1e16_head_c,1e16,temporal,fine 18/192,LRU,all,0.24903,0.30325
g3_tmoe_s0_1e16_head_c,1e16,temporal,fine 18/192,min_logit+tau*(4.0),2,0.21144,0.24887
g3_tmoe_s0_1e16_head_c,1e16,temporal,fine 18/192,min_logit+tau*(4.0),3,0.19748,0.23502
g3_tmoe_s0_1e16_head_c,1e16,temporal,fine 18/192,min_logit+tau*(4.0),4,0.16911,0.20088
g3_tmoe_s0_1e16_head_c,1e16,temporal,fine 18/192,min_logit+tau*(4.0),all,0.19268,0.22826
g3_tmoe_s0_1e16_head_c,1e16,temporal,fine 18/192,discounted-oracle(g=0.5),2,0.46102,0.51123
g3_tmoe_s0_1e16_head_c,1e16,temporal,fine 18/192,discounted-oracle(g=0.5),3,0.46847,0.51528
g3_tmoe_s0_1e16_head_c,1e16,temporal,fine 18/192,discounted-oracle(g=0.5),4,0.52533,0.56255
g3_tmoe_s0_1e16_head_c,1e16,temporal,fine 18/192,discounted-oracle(g=0.5),all,0.48494,0.52969
g3_tmoe_s0_1e16_head_c,1e16,temporal,fine 18/192,discounted-oracle(g=0.9),2,0.47073,0.52678
g3_tmoe_s0_1e16_head_c,1e16,temporal,fine 18/192,discounted-oracle(g=0.9),3,0.48201,0.53275
g3_tmoe_s0_1e16_head_c,1e16,temporal,fine 18/192,discounted-oracle(g=0.9),4,0.52692,0.56670
g3_tmoe_s0_1e16_head_c,1e16,temporal,fine 18/192,discounted-oracle(g=0.9),all,0.49322,0.54208
g3_tmoe_s0_1e16_head_c,1e16,temporal,fine 18/192,discounted-oracle(g=0.95),2,0.40765,0.45775
g3_tmoe_s0_1e16_head_c,1e16,temporal,fine 18/192,discounted-oracle(g=0.95),3,0.41449,0.45815
g3_tmoe_s0_1e16_head_c,1e16,temporal,fine 18/192,discounted-oracle(g=0.95),4,0.45583,0.48824
g3_tmoe_s0_1e16_head_c,1e16,temporal,fine 18/192,discounted-oracle(g=0.95),all,0.42599,0.46805
g3_tmoe_s0_1e16_head_c,1e16,temporal,fine 18/192,Belady,2,0.35203,0.40315
g3_tmoe_s0_1e16_head_c,1e16,temporal,fine 18/192,Belady,3,0.35324,0.40827
g3_tmoe_s0_1e16_head_c,1e16,temporal,fine 18/192,Belady,4,0.40707,0.45817
g3_tmoe_s0_1e16_head_c,1e16,temporal,fine 18/192,Belady,all,0.37078,0.42320
g3_tmoe_s0_1e16_head_c,1e16,temporal,fine 18/192,Belady+prefetch(h=1),2,0.39694,0.51894
g3_tmoe_s0_1e16_head_c,1e16,temporal,fine 18/192,Belady+prefetch(h=1),3,0.39820,0.51813
g3_tmoe_s0_1e16_head_c,1e16,temporal,fine 18/192,Belady+prefetch(h=1),4,0.45128,0.54686
g3_tmoe_s0_1e16_head_c,1e16,temporal,fine 18/192,Belady+prefetch(h=1),all,0.41547,0.52798
g3_tmoe_s0_1e16_head_c,1e16,temporal,fine 18/192,Belady+prefetch(h=4),2,0.39400,0.51701
g3_tmoe_s0_1e16_head_c,1e16,temporal,fine 18/192,Belady+prefetch(h=4),3,0.39848,0.52017
g3_tmoe_s0_1e16_head_c,1e16,temporal,fine 18/192,Belady+prefetch(h=4),4,0.44911,0.54677
g3_tmoe_s0_1e16_head_c,1e16,temporal,fine 18/192,Belady+prefetch(h=4),all,0.41386,0.52799
g3_tmoe_s0_1e16_head_c,1e16,temporal,fine 18/192,Belady+prefetch(h=16),2,0.34724,0.41703
g3_tmoe_s0_1e16_head_c,1e16,temporal,fine 18/192,Belady+prefetch(h=16),3,0.34608,0.41898
g3_tmoe_s0_1e16_head_c,1e16,temporal,fine 18/192,Belady+prefetch(h=16),4,0.39735,0.45643
g3_tmoe_s0_1e16_head_c,1e16,temporal,fine 18/192,Belady+prefetch(h=16),all,0.36356,0.43081
g3_tmoe_s0_1e16_head_tc,1e16,temporal,fine 18/192,min_logit,2,0.27751,0.31527
g3_tmoe_s0_1e16_head_tc,1e16,temporal,fine 18/192,min_logit,3,0.35416,0.39404
g3_tmoe_s0_1e16_head_tc,1e16,temporal,fine 18/192,min_logit,4,0.39496,0.43610
g3_tmoe_s0_1e16_head_tc,1e16,temporal,fine 18/192,min_logit,all,0.34221,0.38181
g3_tmoe_s0_1e16_head_tc,1e16,temporal,fine 18/192,LRU,2,0.23395,0.30100
g3_tmoe_s0_1e16_head_tc,1e16,temporal,fine 18/192,LRU,3,0.28116,0.33675
g3_tmoe_s0_1e16_head_tc,1e16,temporal,fine 18/192,LRU,4,0.30508,0.36814
g3_tmoe_s0_1e16_head_tc,1e16,temporal,fine 18/192,LRU,all,0.27340,0.33529
g3_tmoe_s0_1e16_head_tc,1e16,temporal,fine 18/192,min_logit+tau*(4.0),2,0.22192,0.26477
g3_tmoe_s0_1e16_head_tc,1e16,temporal,fine 18/192,min_logit+tau*(4.0),3,0.21032,0.24170
g3_tmoe_s0_1e16_head_tc,1e16,temporal,fine 18/192,min_logit+tau*(4.0),4,0.19053,0.21812
g3_tmoe_s0_1e16_head_tc,1e16,temporal,fine 18/192,min_logit+tau*(4.0),all,0.20759,0.24153
g3_tmoe_s0_1e16_head_tc,1e16,temporal,fine 18/192,discounted-oracle(g=0.5),2,0.47217,0.51204
g3_tmoe_s0_1e16_head_tc,1e16,temporal,fine 18/192,discounted-oracle(g=0.5),3,0.53175,0.57172
g3_tmoe_s0_1e16_head_tc,1e16,temporal,fine 18/192,discounted-oracle(g=0.5),4,0.57313,0.60879
g3_tmoe_s0_1e16_head_tc,1e16,temporal,fine 18/192,discounted-oracle(g=0.5),all,0.52568,0.56418
g3_tmoe_s0_1e16_head_tc,1e16,temporal,fine 18/192,discounted-oracle(g=0.9),2,0.48179,0.52245
g3_tmoe_s0_1e16_head_tc,1e16,temporal,fine 18/192,discounted-oracle(g=0.9),3,0.53022,0.57277
g3_tmoe_s0_1e16_head_tc,1e16,temporal,fine 18/192,discounted-oracle(g=0.9),4,0.56252,0.59991
g3_tmoe_s0_1e16_head_tc,1e16,temporal,fine 18/192,discounted-oracle(g=0.9),all,0.52484,0.56504
g3_tmoe_s0_1e16_head_tc,1e16,temporal,fine 18/192,discounted-oracle(g=0.95),2,0.42133,0.45052
g3_tmoe_s0_1e16_head_tc,1e16,temporal,fine 18/192,discounted-oracle(g=0.95),3,0.46014,0.49480
g3_tmoe_s0_1e16_head_tc,1e16,temporal,fine 18/192,discounted-oracle(g=0.95),4,0.49470,0.52261
g3_tmoe_s0_1e16_head_tc,1e16,temporal,fine 18/192,discounted-oracle(g=0.95),all,0.45872,0.48931
g3_tmoe_s0_1e16_head_tc,1e16,temporal,fine 18/192,Belady,2,0.34821,0.41453
g3_tmoe_s0_1e16_head_tc,1e16,temporal,fine 18/192,Belady,3,0.41324,0.46454
g3_tmoe_s0_1e16_head_tc,1e16,temporal,fine 18/192,Belady,4,0.45177,0.50608
g3_tmoe_s0_1e16_head_tc,1e16,temporal,fine 18/192,Belady,all,0.40441,0.46172
g3_tmoe_s0_1e16_head_tc,1e16,temporal,fine 18/192,Belady+prefetch(h=1),2,0.39218,0.54835
g3_tmoe_s0_1e16_head_tc,1e16,temporal,fine 18/192,Belady+prefetch(h=1),3,0.45667,0.55698
g3_tmoe_s0_1e16_head_tc,1e16,temporal,fine 18/192,Belady+prefetch(h=1),4,0.49432,0.59060
g3_tmoe_s0_1e16_head_tc,1e16,temporal,fine 18/192,Belady+prefetch(h=1),all,0.44772,0.56531
g3_tmoe_s0_1e16_head_tc,1e16,temporal,fine 18/192,Belady+prefetch(h=4),2,0.38562,0.54344
g3_tmoe_s0_1e16_head_tc,1e16,temporal,fine 18/192,Belady+prefetch(h=4),3,0.45227,0.55473
g3_tmoe_s0_1e16_head_tc,1e16,temporal,fine 18/192,Belady+prefetch(h=4),4,0.48736,0.58641
g3_tmoe_s0_1e16_head_tc,1e16,temporal,fine 18/192,Belady+prefetch(h=4),all,0.44175,0.56153
g3_tmoe_s0_1e16_head_tc,1e16,temporal,fine 18/192,Belady+prefetch(h=16),2,0.33926,0.43128
g3_tmoe_s0_1e16_head_tc,1e16,temporal,fine 18/192,Belady+prefetch(h=16),3,0.40128,0.46419
g3_tmoe_s0_1e16_head_tc,1e16,temporal,fine 18/192,Belady+prefetch(h=16),4,0.43711,0.49916
g3_tmoe_s0_1e16_head_tc,1e16,temporal,fine 18/192,Belady+prefetch(h=16),all,0.39255,0.46488
g3_tmoe_s0_1e16_mom,1e16,temporal,fine 18/192,min_logit,2,0.20012,0.22857
g3_tmoe_s0_1e16_mom,1e16,temporal,fine 18/192,min_logit,3,0.26509,0.30002
g3_tmoe_s0_1e16_mom,1e16,temporal,fine 18/192,min_logit,4,0.38613,0.42102
g3_tmoe_s0_1e16_mom,1e16,temporal,fine 18/192,min_logit,all,0.28378,0.31654
g3_tmoe_s0_1e16_mom,1e16,temporal,fine 18/192,LRU,2,0.18300,0.23513
g3_tmoe_s0_1e16_mom,1e16,temporal,fine 18/192,LRU,3,0.21945,0.26914
g3_tmoe_s0_1e16_mom,1e16,temporal,fine 18/192,LRU,4,0.29648,0.34974
g3_tmoe_s0_1e16_mom,1e16,temporal,fine 18/192,LRU,all,0.23298,0.28467
g3_tmoe_s0_1e16_mom,1e16,temporal,fine 18/192,min_logit+tau*(4.0),2,0.15257,0.17819
g3_tmoe_s0_1e16_mom,1e16,temporal,fine 18/192,min_logit+tau*(4.0),3,0.16463,0.19181
g3_tmoe_s0_1e16_mom,1e16,temporal,fine 18/192,min_logit+tau*(4.0),4,0.18579,0.21585
g3_tmoe_s0_1e16_mom,1e16,temporal,fine 18/192,min_logit+tau*(4.0),all,0.16766,0.19528
g3_tmoe_s0_1e16_mom,1e16,temporal,fine 18/192,discounted-oracle(g=0.5),2,0.39725,0.42886
g3_tmoe_s0_1e16_mom,1e16,temporal,fine 18/192,discounted-oracle(g=0.5),3,0.45196,0.48754
g3_tmoe_s0_1e16_mom,1e16,temporal,fine 18/192,discounted-oracle(g=0.5),4,0.56449,0.59312
g3_tmoe_s0_1e16_mom,1e16,temporal,fine 18/192,discounted-oracle(g=0.5),all,0.47123,0.50317
g3_tmoe_s0_1e16_mom,1e16,temporal,fine 18/192,discounted-oracle(g=0.9),2,0.41863,0.45420
g3_tmoe_s0_1e16_mom,1e16,temporal,fine 18/192,discounted-oracle(g=0.9),3,0.46685,0.50464
g3_tmoe_s0_1e16_mom,1e16,temporal,fine 18/192,discounted-oracle(g=0.9),4,0.55626,0.58534
g3_tmoe_s0_1e16_mom,1e16,temporal,fine 18/192,discounted-oracle(g=0.9),all,0.48058,0.51473
g3_tmoe_s0_1e16_mom,1e16,temporal,fine 18/192,discounted-oracle(g=0.95),2,0.36399,0.39520
g3_tmoe_s0_1e16_mom,1e16,temporal,fine 18/192,discounted-oracle(g=0.95),3,0.40223,0.43469
g3_tmoe_s0_1e16_mom,1e16,temporal,fine 18/192,discounted-oracle(g=0.95),4,0.48698,0.50842
g3_tmoe_s0_1e16_mom,1e16,temporal,fine 18/192,discounted-oracle(g=0.95),all,0.41774,0.44610
g3_tmoe_s0_1e16_mom,1e16,temporal,fine 18/192,Belady,2,0.27837,0.33435
g3_tmoe_s0_1e16_mom,1e16,temporal,fine 18/192,Belady,3,0.33121,0.38086
g3_tmoe_s0_1e16_mom,1e16,temporal,fine 18/192,Belady,4,0.44286,0.48812
g3_tmoe_s0_1e16_mom,1e16,temporal,fine 18/192,Belady,all,0.35081,0.40111
g3_tmoe_s0_1e16_mom,1e16,temporal,fine 18/192,Belady+prefetch(h=1),2,0.32550,0.45916
g3_tmoe_s0_1e16_mom,1e16,temporal,fine 18/192,Belady+prefetch(h=1),3,0.37741,0.48194
g3_tmoe_s0_1e16_mom,1e16,temporal,fine 18/192,Belady+prefetch(h=1),4,0.48630,0.57441
g3_tmoe_s0_1e16_mom,1e16,temporal,fine 18/192,Belady+prefetch(h=1),all,0.39640,0.50517
g3_tmoe_s0_1e16_mom,1e16,temporal,fine 18/192,Belady+prefetch(h=4),2,0.32366,0.45791
g3_tmoe_s0_1e16_mom,1e16,temporal,fine 18/192,Belady+prefetch(h=4),3,0.37664,0.48237
g3_tmoe_s0_1e16_mom,1e16,temporal,fine 18/192,Belady+prefetch(h=4),4,0.48257,0.57218
g3_tmoe_s0_1e16_mom,1e16,temporal,fine 18/192,Belady+prefetch(h=4),all,0.39429,0.50415
g3_tmoe_s0_1e16_mom,1e16,temporal,fine 18/192,Belady+prefetch(h=16),2,0.28007,0.36330
g3_tmoe_s0_1e16_mom,1e16,temporal,fine 18/192,Belady+prefetch(h=16),3,0.32737,0.39341
g3_tmoe_s0_1e16_mom,1e16,temporal,fine 18/192,Belady+prefetch(h=16),4,0.43358,0.48580
g3_tmoe_s0_1e16_mom,1e16,temporal,fine 18/192,Belady+prefetch(h=16),all,0.34701,0.41417
g3_tmoe_s0_1e16_mom_seed2,1e16,temporal,fine 18/192,min_logit,2,0.19474,0.22972
g3_tmoe_s0_1e16_mom_seed2,1e16,temporal,fine 18/192,min_logit,3,0.27209,0.29948
g3_tmoe_s0_1e16_mom_seed2,1e16,temporal,fine 18/192,min_logit,4,0.37101,0.40644
g3_tmoe_s0_1e16_mom_seed2,1e16,temporal,fine 18/192,min_logit,all,0.27928,0.31188
g3_tmoe_s0_1e16_mom_seed2,1e16,temporal,fine 18/192,LRU,2,0.18292,0.23563
g3_tmoe_s0_1e16_mom_seed2,1e16,temporal,fine 18/192,LRU,3,0.21886,0.26691
g3_tmoe_s0_1e16_mom_seed2,1e16,temporal,fine 18/192,LRU,4,0.28549,0.33757
g3_tmoe_s0_1e16_mom_seed2,1e16,temporal,fine 18/192,LRU,all,0.22909,0.28004
g3_tmoe_s0_1e16_mom_seed2,1e16,temporal,fine 18/192,min_logit+tau*(4.0),2,0.14950,0.17579
g3_tmoe_s0_1e16_mom_seed2,1e16,temporal,fine 18/192,min_logit+tau*(4.0),3,0.18959,0.21275
g3_tmoe_s0_1e16_mom_seed2,1e16,temporal,fine 18/192,min_logit+tau*(4.0),4,0.17412,0.19752
g3_tmoe_s0_1e16_mom_seed2,1e16,temporal,fine 18/192,min_logit+tau*(4.0),all,0.17107,0.19535
g3_tmoe_s0_1e16_mom_seed2,1e16,temporal,fine 18/192,discounted-oracle(g=0.5),2,0.39507,0.43593
g3_tmoe_s0_1e16_mom_seed2,1e16,temporal,fine 18/192,discounted-oracle(g=0.5),3,0.45827,0.48820
g3_tmoe_s0_1e16_mom_seed2,1e16,temporal,fine 18/192,discounted-oracle(g=0.5),4,0.55189,0.58011
g3_tmoe_s0_1e16_mom_seed2,1e16,temporal,fine 18/192,discounted-oracle(g=0.5),all,0.46841,0.50141
g3_tmoe_s0_1e16_mom_seed2,1e16,temporal,fine 18/192,discounted-oracle(g=0.9),2,0.41762,0.46125
g3_tmoe_s0_1e16_mom_seed2,1e16,temporal,fine 18/192,discounted-oracle(g=0.9),3,0.46999,0.50052
g3_tmoe_s0_1e16_mom_seed2,1e16,temporal,fine 18/192,discounted-oracle(g=0.9),4,0.54790,0.57768
g3_tmoe_s0_1e16_mom_seed2,1e16,temporal,fine 18/192,discounted-oracle(g=0.9),all,0.47850,0.51315
g3_tmoe_s0_1e16_mom_seed2,1e16,temporal,fine 18/192,discounted-oracle(g=0.95),2,0.36413,0.40124
g3_tmoe_s0_1e16_mom_seed2,1e16,temporal,fine 18/192,discounted-oracle(g=0.95),3,0.40802,0.43208
g3_tmoe_s0_1e16_mom_seed2,1e16,temporal,fine 18/192,discounted-oracle(g=0.95),4,0.47770,0.50038
g3_tmoe_s0_1e16_mom_seed2,1e16,temporal,fine 18/192,discounted-oracle(g=0.95),all,0.41662,0.44457
g3_tmoe_s0_1e16_mom_seed2,1e16,temporal,fine 18/192,Belady,2,0.27827,0.33677
g3_tmoe_s0_1e16_mom_seed2,1e16,temporal,fine 18/192,Belady,3,0.33615,0.38274
g3_tmoe_s0_1e16_mom_seed2,1e16,temporal,fine 18/192,Belady,4,0.42907,0.47441
g3_tmoe_s0_1e16_mom_seed2,1e16,temporal,fine 18/192,Belady,all,0.34783,0.39797
g3_tmoe_s0_1e16_mom_seed2,1e16,temporal,fine 18/192,Belady+prefetch(h=1),2,0.32536,0.45032
g3_tmoe_s0_1e16_mom_seed2,1e16,temporal,fine 18/192,Belady+prefetch(h=1),3,0.38207,0.49445
g3_tmoe_s0_1e16_mom_seed2,1e16,temporal,fine 18/192,Belady+prefetch(h=1),4,0.47293,0.56246
g3_tmoe_s0_1e16_mom_seed2,1e16,temporal,fine 18/192,Belady+prefetch(h=1),all,0.39345,0.50241
g3_tmoe_s0_1e16_mom_seed2,1e16,temporal,fine 18/192,Belady+prefetch(h=4),2,0.32558,0.45117
g3_tmoe_s0_1e16_mom_seed2,1e16,temporal,fine 18/192,Belady+prefetch(h=4),3,0.37879,0.49215
g3_tmoe_s0_1e16_mom_seed2,1e16,temporal,fine 18/192,Belady+prefetch(h=4),4,0.46875,0.55993
g3_tmoe_s0_1e16_mom_seed2,1e16,temporal,fine 18/192,Belady+prefetch(h=4),all,0.39104,0.50108
g3_tmoe_s0_1e16_mom_seed2,1e16,temporal,fine 18/192,Belady+prefetch(h=16),2,0.28043,0.36096
g3_tmoe_s0_1e16_mom_seed2,1e16,temporal,fine 18/192,Belady+prefetch(h=16),3,0.33347,0.39883
g3_tmoe_s0_1e16_mom_seed2,1e16,temporal,fine 18/192,Belady+prefetch(h=16),4,0.41925,0.47298
g3_tmoe_s0_1e16_mom_seed2,1e16,temporal,fine 18/192,Belady+prefetch(h=16),all,0.34439,0.41092
g3_tmoe_s0_1e16_momg_b05,1e16,temporal,fine 18/192,min_logit,2,0.20792,0.22514
g3_tmoe_s0_1e16_momg_b05,1e16,temporal,fine 18/192,min_logit,3,0.28064,0.30683
g3_tmoe_s0_1e16_momg_b05,1e16,temporal,fine 18/192,min_logit,4,0.36979,0.40015
g3_tmoe_s0_1e16_momg_b05,1e16,temporal,fine 18/192,min_logit,all,0.28612,0.31070
g3_tmoe_s0_1e16_momg_b05,1e16,temporal,fine 18/192,LRU,2,0.17993,0.21776
g3_tmoe_s0_1e16_momg_b05,1e16,temporal,fine 18/192,LRU,3,0.21800,0.26321
g3_tmoe_s0_1e16_momg_b05,1e16,temporal,fine 18/192,LRU,4,0.27595,0.32506
g3_tmoe_s0_1e16_momg_b05,1e16,temporal,fine 18/192,LRU,all,0.22463,0.26868
g3_tmoe_s0_1e16_momg_b05,1e16,temporal,fine 18/192,min_logit+tau*(4.0),2,0.14899,0.16264
g3_tmoe_s0_1e16_momg_b05,1e16,temporal,fine 18/192,min_logit+tau*(4.0),3,0.16414,0.18583
g3_tmoe_s0_1e16_momg_b05,1e16,temporal,fine 18/192,min_logit+tau*(4.0),4,0.15591,0.17550
g3_tmoe_s0_1e16_momg_b05,1e16,temporal,fine 18/192,min_logit+tau*(4.0),all,0.15635,0.17466
g3_tmoe_s0_1e16_momg_b05,1e16,temporal,fine 18/192,discounted-oracle(g=0.5),2,0.40178,0.42215
g3_tmoe_s0_1e16_momg_b05,1e16,temporal,fine 18/192,discounted-oracle(g=0.5),3,0.46933,0.49495
g3_tmoe_s0_1e16_momg_b05,1e16,temporal,fine 18/192,discounted-oracle(g=0.5),4,0.55094,0.57548
g3_tmoe_s0_1e16_momg_b05,1e16,temporal,fine 18/192,discounted-oracle(g=0.5),all,0.47402,0.49752
g3_tmoe_s0_1e16_momg_b05,1e16,temporal,fine 18/192,discounted-oracle(g=0.9),2,0.41940,0.44243
g3_tmoe_s0_1e16_momg_b05,1e16,temporal,fine 18/192,discounted-oracle(g=0.9),3,0.47846,0.50559
g3_tmoe_s0_1e16_momg_b05,1e16,temporal,fine 18/192,discounted-oracle(g=0.9),4,0.54497,0.56941
g3_tmoe_s0_1e16_momg_b05,1e16,temporal,fine 18/192,discounted-oracle(g=0.9),all,0.48095,0.50581
g3_tmoe_s0_1e16_momg_b05,1e16,temporal,fine 18/192,discounted-oracle(g=0.95),2,0.36453,0.38437
g3_tmoe_s0_1e16_momg_b05,1e16,temporal,fine 18/192,discounted-oracle(g=0.95),3,0.41347,0.43348
g3_tmoe_s0_1e16_momg_b05,1e16,temporal,fine 18/192,discounted-oracle(g=0.95),4,0.47640,0.49320
g3_tmoe_s0_1e16_momg_b05,1e16,temporal,fine 18/192,discounted-oracle(g=0.95),all,0.41813,0.43702
g3_tmoe_s0_1e16_momg_b05,1e16,temporal,fine 18/192,Belady,2,0.28059,0.32044
g3_tmoe_s0_1e16_momg_b05,1e16,temporal,fine 18/192,Belady,3,0.33995,0.38326
g3_tmoe_s0_1e16_momg_b05,1e16,temporal,fine 18/192,Belady,4,0.42361,0.46477
g3_tmoe_s0_1e16_momg_b05,1e16,temporal,fine 18/192,Belady,all,0.34805,0.38949
g3_tmoe_s0_1e16_momg_b05,1e16,temporal,fine 18/192,Belady+prefetch(h=1),2,0.32776,0.43959
g3_tmoe_s0_1e16_momg_b05,1e16,temporal,fine 18/192,Belady+prefetch(h=1),3,0.38540,0.48513
g3_tmoe_s0_1e16_momg_b05,1e16,temporal,fine 18/192,Belady+prefetch(h=1),4,0.46737,0.55066
g3_tmoe_s0_1e16_momg_b05,1e16,temporal,fine 18/192,Belady+prefetch(h=1),all,0.39351,0.49179
g3_tmoe_s0_1e16_momg_b05,1e16,temporal,fine 18/192,Belady+prefetch(h=4),2,0.32303,0.43545
g3_tmoe_s0_1e16_momg_b05,1e16,temporal,fine 18/192,Belady+prefetch(h=4),3,0.38107,0.48235
g3_tmoe_s0_1e16_momg_b05,1e16,temporal,fine 18/192,Belady+prefetch(h=4),4,0.46125,0.54635
g3_tmoe_s0_1e16_momg_b05,1e16,temporal,fine 18/192,Belady+prefetch(h=4),all,0.38845,0.48805
g3_tmoe_s0_1e16_momg_b05,1e16,temporal,fine 18/192,Belady+prefetch(h=16),2,0.28281,0.34981
g3_tmoe_s0_1e16_momg_b05,1e16,temporal,fine 18/192,Belady+prefetch(h=16),3,0.33411,0.39482
g3_tmoe_s0_1e16_momg_b05,1e16,temporal,fine 18/192,Belady+prefetch(h=16),4,0.41516,0.46382
g3_tmoe_s0_1e16_momg_b05,1e16,temporal,fine 18/192,Belady+prefetch(h=16),all,0.34403,0.40282
g3_tmoe_s0_1e16_momr,1e16,temporal,fine 18/192,min_logit,2,0.18618,0.20846
g3_tmoe_s0_1e16_momr,1e16,temporal,fine 18/192,min_logit,3,0.27701,0.30922
g3_tmoe_s0_1e16_momr,1e16,temporal,fine 18/192,min_logit,4,0.39590,0.43326
g3_tmoe_s0_1e16_momr,1e16,temporal,fine 18/192,min_logit,all,0.28637,0.31698
g3_tmoe_s0_1e16_momr,1e16,temporal,fine 18/192,LRU,2,0.17345,0.21705
g3_tmoe_s0_1e16_momr,1e16,temporal,fine 18/192,LRU,3,0.22433,0.27266
g3_tmoe_s0_1e16_momr,1e16,temporal,fine 18/192,LRU,4,0.30202,0.35586
g3_tmoe_s0_1e16_momr,1e16,temporal,fine 18/192,LRU,all,0.23327,0.28186
g3_tmoe_s0_1e16_momr,1e16,temporal,fine 18/192,min_logit+tau*(4.0),2,0.14681,0.16826
g3_tmoe_s0_1e16_momr,1e16,temporal,fine 18/192,min_logit+tau*(4.0),3,0.17261,0.19949
g3_tmoe_s0_1e16_momr,1e16,temporal,fine 18/192,min_logit+tau*(4.0),4,0.18029,0.20863
g3_tmoe_s0_1e16_momr,1e16,temporal,fine 18/192,min_logit+tau*(4.0),all,0.16657,0.19212
g3_tmoe_s0_1e16_momr,1e16,temporal,fine 18/192,discounted-oracle(g=0.5),2,0.38558,0.41437
g3_tmoe_s0_1e16_momr,1e16,temporal,fine 18/192,discounted-oracle(g=0.5),3,0.46574,0.49789
g3_tmoe_s0_1e16_momr,1e16,temporal,fine 18/192,discounted-oracle(g=0.5),4,0.57362,0.60273
g3_tmoe_s0_1e16_momr,1e16,temporal,fine 18/192,discounted-oracle(g=0.5),all,0.47498,0.50500
g3_tmoe_s0_1e16_momr,1e16,temporal,fine 18/192,discounted-oracle(g=0.9),2,0.40625,0.43885
g3_tmoe_s0_1e16_momr,1e16,temporal,fine 18/192,discounted-oracle(g=0.9),3,0.47733,0.51205
g3_tmoe_s0_1e16_momr,1e16,temporal,fine 18/192,discounted-oracle(g=0.9),4,0.56233,0.59200
g3_tmoe_s0_1e16_momr,1e16,temporal,fine 18/192,discounted-oracle(g=0.9),all,0.48197,0.51430
g3_tmoe_s0_1e16_momr,1e16,temporal,fine 18/192,discounted-oracle(g=0.95),2,0.35448,0.38278
g3_tmoe_s0_1e16_momr,1e16,temporal,fine 18/192,discounted-oracle(g=0.95),3,0.41013,0.43881
g3_tmoe_s0_1e16_momr,1e16,temporal,fine 18/192,discounted-oracle(g=0.95),4,0.49364,0.51668
g3_tmoe_s0_1e16_momr,1e16,temporal,fine 18/192,discounted-oracle(g=0.95),all,0.41942,0.44609
g3_tmoe_s0_1e16_momr,1e16,temporal,fine 18/192,Belady,2,0.26726,0.31486
g3_tmoe_s0_1e16_momr,1e16,temporal,fine 18/192,Belady,3,0.34161,0.38834
g3_tmoe_s0_1e16_momr,1e16,temporal,fine 18/192,Belady,4,0.45201,0.49787
g3_tmoe_s0_1e16_momr,1e16,temporal,fine 18/192,Belady,all,0.35363,0.40036
g3_tmoe_s0_1e16_momr,1e16,temporal,fine 18/192,Belady+prefetch(h=1),2,0.31453,0.44079
g3_tmoe_s0_1e16_momr,1e16,temporal,fine 18/192,Belady+prefetch(h=1),3,0.38732,0.49017
g3_tmoe_s0_1e16_momr,1e16,temporal,fine 18/192,Belady+prefetch(h=1),4,0.49544,0.57901
g3_tmoe_s0_1e16_momr,1e16,temporal,fine 18/192,Belady+prefetch(h=1),all,0.39910,0.50332
g3_tmoe_s0_1e16_momr,1e16,temporal,fine 18/192,Belady+prefetch(h=4),2,0.31102,0.43827
g3_tmoe_s0_1e16_momr,1e16,temporal,fine 18/192,Belady+prefetch(h=4),3,0.38623,0.49053
g3_tmoe_s0_1e16_momr,1e16,temporal,fine 18/192,Belady+prefetch(h=4),4,0.48933,0.57463
g3_tmoe_s0_1e16_momr,1e16,temporal,fine 18/192,Belady+prefetch(h=4),all,0.39553,0.50114
g3_tmoe_s0_1e16_momr,1e16,temporal,fine 18/192,Belady+prefetch(h=16),2,0.27017,0.34746
g3_tmoe_s0_1e16_momr,1e16,temporal,fine 18/192,Belady+prefetch(h=16),3,0.33757,0.40155
g3_tmoe_s0_1e16_momr,1e16,temporal,fine 18/192,Belady+prefetch(h=16),4,0.44141,0.49338
g3_tmoe_s0_1e16_momr,1e16,temporal,fine 18/192,Belady+prefetch(h=16),all,0.34972,0.41413
g3_tmoe_s0_1e16_momr_b1,1e16,temporal,fine 18/192,min_logit,2,0.20780,0.23283
g3_tmoe_s0_1e16_momr_b1,1e16,temporal,fine 18/192,min_logit,3,0.28885,0.31762
g3_tmoe_s0_1e16_momr_b1,1e16,temporal,fine 18/192,min_logit,4,0.38434,0.42178
g3_tmoe_s0_1e16_momr_b1,1e16,temporal,fine 18/192,min_logit,all,0.29366,0.32408
g3_tmoe_s0_1e16_momr_b1,1e16,temporal,fine 18/192,LRU,2,0.17618,0.22364
g3_tmoe_s0_1e16_momr_b1,1e16,temporal,fine 18/192,LRU,3,0.22725,0.27067
g3_tmoe_s0_1e16_momr_b1,1e16,temporal,fine 18/192,LRU,4,0.29324,0.34584
g3_tmoe_s0_1e16_momr_b1,1e16,temporal,fine 18/192,LRU,all,0.23223,0.28005
g3_tmoe_s0_1e16_momr_b1,1e16,temporal,fine 18/192,min_logit+tau*(4.0),2,0.14743,0.16789
g3_tmoe_s0_1e16_momr_b1,1e16,temporal,fine 18/192,min_logit+tau*(4.0),3,0.16626,0.18753
g3_tmoe_s0_1e16_momr_b1,1e16,temporal,fine 18/192,min_logit+tau*(4.0),4,0.17155,0.19776
g3_tmoe_s0_1e16_momr_b1,1e16,temporal,fine 18/192,min_logit+tau*(4.0),all,0.16175,0.18439
g3_tmoe_s0_1e16_momr_b1,1e16,temporal,fine 18/192,discounted-oracle(g=0.5),2,0.40968,0.43213
g3_tmoe_s0_1e16_momr_b1,1e16,temporal,fine 18/192,discounted-oracle(g=0.5),3,0.47506,0.50227
g3_tmoe_s0_1e16_momr_b1,1e16,temporal,fine 18/192,discounted-oracle(g=0.5),4,0.56130,0.59069
g3_tmoe_s0_1e16_momr_b1,1e16,temporal,fine 18/192,discounted-oracle(g=0.5),all,0.48201,0.50836
g3_tmoe_s0_1e16_momr_b1,1e16,temporal,fine 18/192,discounted-oracle(g=0.9),2,0.42809,0.45214
g3_tmoe_s0_1e16_momr_b1,1e16,temporal,fine 18/192,discounted-oracle(g=0.9),3,0.48421,0.51295
g3_tmoe_s0_1e16_momr_b1,1e16,temporal,fine 18/192,discounted-oracle(g=0.9),4,0.55411,0.58366
g3_tmoe_s0_1e16_momr_b1,1e16,temporal,fine 18/192,discounted-oracle(g=0.9),all,0.48880,0.51625
g3_tmoe_s0_1e16_momr_b1,1e16,temporal,fine 18/192,discounted-oracle(g=0.95),2,0.37151,0.38930
g3_tmoe_s0_1e16_momr_b1,1e16,temporal,fine 18/192,discounted-oracle(g=0.95),3,0.41665,0.44028
g3_tmoe_s0_1e16_momr_b1,1e16,temporal,fine 18/192,discounted-oracle(g=0.95),4,0.48388,0.50554
g3_tmoe_s0_1e16_momr_b1,1e16,temporal,fine 18/192,discounted-oracle(g=0.95),all,0.42402,0.44504
g3_tmoe_s0_1e16_momr_b1,1e16,temporal,fine 18/192,Belady,2,0.27587,0.32543
g3_tmoe_s0_1e16_momr_b1,1e16,temporal,fine 18/192,Belady,3,0.34796,0.38902
g3_tmoe_s0_1e16_momr_b1,1e16,temporal,fine 18/192,Belady,4,0.43862,0.48439
g3_tmoe_s0_1e16_momr_b1,1e16,temporal,fine 18/192,Belady,all,0.35415,0.39961
g3_tmoe_s0_1e16_momr_b1,1e16,temporal,fine 18/192,Belady+prefetch(h=1),2,0.32293,0.44330
g3_tmoe_s0_1e16_momr_b1,1e16,temporal,fine 18/192,Belady+prefetch(h=1),3,0.39381,0.48420
g3_tmoe_s0_1e16_momr_b1,1e16,temporal,fine 18/192,Belady+prefetch(h=1),4,0.48204,0.56346
g3_tmoe_s0_1e16_momr_b1,1e16,temporal,fine 18/192,Belady+prefetch(h=1),all,0.39959,0.49699
g3_tmoe_s0_1e16_momr_b1,1e16,temporal,fine 18/192,Belady+prefetch(h=4),2,0.32076,0.44251
g3_tmoe_s0_1e16_momr_b1,1e16,temporal,fine 18/192,Belady+prefetch(h=4),3,0.39182,0.48362
g3_tmoe_s0_1e16_momr_b1,1e16,temporal,fine 18/192,Belady+prefetch(h=4),4,0.47884,0.56211
g3_tmoe_s0_1e16_momr_b1,1e16,temporal,fine 18/192,Belady+prefetch(h=4),all,0.39714,0.49608
g3_tmoe_s0_1e16_momr_b1,1e16,temporal,fine 18/192,Belady+prefetch(h=16),2,0.27666,0.35170
g3_tmoe_s0_1e16_momr_b1,1e16,temporal,fine 18/192,Belady+prefetch(h=16),3,0.34480,0.40038
g3_tmoe_s0_1e16_momr_b1,1e16,temporal,fine 18/192,Belady+prefetch(h=16),4,0.42910,0.47863
g3_tmoe_s0_1e16_momr_b1,1e16,temporal,fine 18/192,Belady+prefetch(h=16),all,0.35019,0.41024
g3_tmoe_s0_1e16_momr_b2,1e16,temporal,fine 18/192,min_logit,2,0.20635,0.22643
g3_tmoe_s0_1e16_momr_b2,1e16,temporal,fine 18/192,min_logit,3,0.31865,0.35092
g3_tmoe_s0_1e16_momr_b2,1e16,temporal,fine 18/192,min_logit,4,0.40167,0.43970
g3_tmoe_s0_1e16_momr_b2,1e16,temporal,fine 18/192,min_logit,all,0.30889,0.33902
g3_tmoe_s0_1e16_momr_b2,1e16,temporal,fine 18/192,LRU,2,0.17565,0.21422
g3_tmoe_s0_1e16_momr_b2,1e16,temporal,fine 18/192,LRU,3,0.24035,0.29115
g3_tmoe_s0_1e16_momr_b2,1e16,temporal,fine 18/192,LRU,4,0.31322,0.36198
g3_tmoe_s0_1e16_momr_b2,1e16,temporal,fine 18/192,LRU,all,0.24308,0.28912
g3_tmoe_s0_1e16_momr_b2,1e16,temporal,fine 18/192,min_logit+tau*(4.0),2,0.14732,0.16387
g3_tmoe_s0_1e16_momr_b2,1e16,temporal,fine 18/192,min_logit+tau*(4.0),3,0.17552,0.20095
g3_tmoe_s0_1e16_momr_b2,1e16,temporal,fine 18/192,min_logit+tau*(4.0),4,0.18726,0.21220
g3_tmoe_s0_1e16_momr_b2,1e16,temporal,fine 18/192,min_logit+tau*(4.0),all,0.17004,0.19234
g3_tmoe_s0_1e16_momr_b2,1e16,temporal,fine 18/192,discounted-oracle(g=0.5),2,0.39858,0.42488
g3_tmoe_s0_1e16_momr_b2,1e16,temporal,fine 18/192,discounted-oracle(g=0.5),3,0.50276,0.53150
g3_tmoe_s0_1e16_momr_b2,1e16,temporal,fine 18/192,discounted-oracle(g=0.5),4,0.57399,0.60732
g3_tmoe_s0_1e16_momr_b2,1e16,temporal,fine 18/192,discounted-oracle(g=0.5),all,0.49178,0.52123
g3_tmoe_s0_1e16_momr_b2,1e16,temporal,fine 18/192,discounted-oracle(g=0.9),2,0.42150,0.45021
g3_tmoe_s0_1e16_momr_b2,1e16,temporal,fine 18/192,discounted-oracle(g=0.9),3,0.50803,0.53777
g3_tmoe_s0_1e16_momr_b2,1e16,temporal,fine 18/192,discounted-oracle(g=0.9),4,0.56198,0.59535
g3_tmoe_s0_1e16_momr_b2,1e16,temporal,fine 18/192,discounted-oracle(g=0.9),all,0.49717,0.52778
g3_tmoe_s0_1e16_momr_b2,1e16,temporal,fine 18/192,discounted-oracle(g=0.95),2,0.36625,0.38897
g3_tmoe_s0_1e16_momr_b2,1e16,temporal,fine 18/192,discounted-oracle(g=0.95),3,0.43759,0.45708
g3_tmoe_s0_1e16_momr_b2,1e16,temporal,fine 18/192,discounted-oracle(g=0.95),4,0.49260,0.52016
g3_tmoe_s0_1e16_momr_b2,1e16,temporal,fine 18/192,discounted-oracle(g=0.95),all,0.43215,0.45540
g3_tmoe_s0_1e16_momr_b2,1e16,temporal,fine 18/192,Belady,2,0.27372,0.31481
g3_tmoe_s0_1e16_momr_b2,1e16,temporal,fine 18/192,Belady,3,0.37192,0.41727
g3_tmoe_s0_1e16_momr_b2,1e16,temporal,fine 18/192,Belady,4,0.45734,0.50023
g3_tmoe_s0_1e16_momr_b2,1e16,temporal,fine 18/192,Belady,all,0.36766,0.41077
g3_tmoe_s0_1e16_momr_b2,1e16,temporal,fine 18/192,Belady+prefetch(h=1),2,0.32094,0.42701
g3_tmoe_s0_1e16_momr_b2,1e16,temporal,fine 18/192,Belady+prefetch(h=1),3,0.41677,0.51003
g3_tmoe_s0_1e16_momr_b2,1e16,temporal,fine 18/192,Belady+prefetch(h=1),4,0.50122,0.57840
g3_tmoe_s0_1e16_momr_b2,1e16,temporal,fine 18/192,Belady+prefetch(h=1),all,0.41298,0.50515
g3_tmoe_s0_1e16_momr_b2,1e16,temporal,fine 18/192,Belady+prefetch(h=4),2,0.32118,0.42829
g3_tmoe_s0_1e16_momr_b2,1e16,temporal,fine 18/192,Belady+prefetch(h=4),3,0.41674,0.51214
g3_tmoe_s0_1e16_momr_b2,1e16,temporal,fine 18/192,Belady+prefetch(h=4),4,0.49871,0.57702
g3_tmoe_s0_1e16_momr_b2,1e16,temporal,fine 18/192,Belady+prefetch(h=4),all,0.41221,0.50582
g3_tmoe_s0_1e16_momr_b2,1e16,temporal,fine 18/192,Belady+prefetch(h=16),2,0.27608,0.34150
g3_tmoe_s0_1e16_momr_b2,1e16,temporal,fine 18/192,Belady+prefetch(h=16),3,0.36442,0.41977
g3_tmoe_s0_1e16_momr_b2,1e16,temporal,fine 18/192,Belady+prefetch(h=16),4,0.44899,0.49641
g3_tmoe_s0_1e16_momr_b2,1e16,temporal,fine 18/192,Belady+prefetch(h=16),all,0.36317,0.41923
g3_tmoe_s2_1e17,1e17,temporal,fine 18/192,min_logit,2,0.19251,0.23400
g3_tmoe_s2_1e17,1e17,temporal,fine 18/192,min_logit,3,0.26265,0.30379
g3_tmoe_s2_1e17,1e17,temporal,fine 18/192,min_logit,4,0.34581,0.39514
g3_tmoe_s2_1e17,1e17,temporal,fine 18/192,min_logit,5,0.40012,0.45265
g3_tmoe_s2_1e17,1e17,temporal,fine 18/192,min_logit,6,0.44557,0.50012
g3_tmoe_s2_1e17,1e17,temporal,fine 18/192,min_logit,all,0.32933,0.37714
g3_tmoe_s2_1e17,1e17,temporal,fine 18/192,LRU,2,0.18583,0.25229
g3_tmoe_s2_1e17,1e17,temporal,fine 18/192,LRU,3,0.21798,0.27829
g3_tmoe_s2_1e17,1e17,temporal,fine 18/192,LRU,4,0.27850,0.33890
g3_tmoe_s2_1e17,1e17,temporal,fine 18/192,LRU,5,0.32205,0.38405
g3_tmoe_s2_1e17,1e17,temporal,fine 18/192,LRU,6,0.34978,0.41687
g3_tmoe_s2_1e17,1e17,temporal,fine 18/192,LRU,all,0.27083,0.33408
g3_tmoe_s2_1e17,1e17,temporal,fine 18/192,min_logit+tau*(4.0),2,0.15181,0.18999
g3_tmoe_s2_1e17,1e17,temporal,fine 18/192,min_logit+tau*(4.0),3,0.18629,0.22979
g3_tmoe_s2_1e17,1e17,temporal,fine 18/192,min_logit+tau*(4.0),4,0.20059,0.24274
g3_tmoe_s2_1e17,1e17,temporal,fine 18/192,min_logit+tau*(4.0),5,0.20584,0.25317
g3_tmoe_s2_1e17,1e17,temporal,fine 18/192,min_logit+tau*(4.0),6,0.18389,0.23069
g3_tmoe_s2_1e17,1e17,temporal,fine 18/192,min_logit+tau*(4.0),all,0.18568,0.22927
g3_tmoe_s2_1e17,1e17,temporal,fine 18/192,discounted-oracle(g=0.5),2,0.40382,0.45446
g3_tmoe_s2_1e17,1e17,temporal,fine 18/192,discounted-oracle(g=0.5),3,0.45336,0.49826
g3_tmoe_s2_1e17,1e17,temporal,fine 18/192,discounted-oracle(g=0.5),4,0.52426,0.57155
g3_tmoe_s2_1e17,1e17,temporal,fine 18/192,discounted-oracle(g=0.5),5,0.57579,0.62257
g3_tmoe_s2_1e17,1e17,temporal,fine 18/192,discounted-oracle(g=0.5),6,0.61353,0.65805
g3_tmoe_s2_1e17,1e17,temporal,fine 18/192,discounted-oracle(g=0.5),all,0.51415,0.56098
g3_tmoe_s2_1e17,1e17,temporal,fine 18/192,discounted-oracle(g=0.9),2,0.42332,0.47641
g3_tmoe_s2_1e17,1e17,temporal,fine 18/192,discounted-oracle(g=0.9),3,0.46681,0.51179
g3_tmoe_s2_1e17,1e17,temporal,fine 18/192,discounted-oracle(g=0.9),4,0.52653,0.57643
g3_tmoe_s2_1e17,1e17,temporal,fine 18/192,discounted-oracle(g=0.9),5,0.56695,0.61598
g3_tmoe_s2_1e17,1e17,temporal,fine 18/192,discounted-oracle(g=0.9),6,0.59749,0.64390
g3_tmoe_s2_1e17,1e17,temporal,fine 18/192,discounted-oracle(g=0.9),all,0.51622,0.56490
g3_tmoe_s2_1e17,1e17,temporal,fine 18/192,discounted-oracle(g=0.95),2,0.36779,0.41055
g3_tmoe_s2_1e17,1e17,temporal,fine 18/192,discounted-oracle(g=0.95),3,0.40316,0.43921
g3_tmoe_s2_1e17,1e17,temporal,fine 18/192,discounted-oracle(g=0.95),4,0.45418,0.49754
g3_tmoe_s2_1e17,1e17,temporal,fine 18/192,discounted-oracle(g=0.95),5,0.49024,0.53532
g3_tmoe_s2_1e17,1e17,temporal,fine 18/192,discounted-oracle(g=0.95),6,0.52406,0.56383
g3_tmoe_s2_1e17,1e17,temporal,fine 18/192,discounted-oracle(g=0.95),all,0.44788,0.48929
g3_tmoe_s2_1e17,1e17,temporal,fine 18/192,Belady,2,0.28415,0.35441
g3_tmoe_s2_1e17,1e17,temporal,fine 18/192,Belady,3,0.33079,0.39061
g3_tmoe_s2_1e17,1e17,temporal,fine 18/192,Belady,4,0.40844,0.46496
g3_tmoe_s2_1e17,1e17,temporal,fine 18/192,Belady,5,0.46099,0.51714
g3_tmoe_s2_1e17,1e17,temporal,fine 18/192,Belady,6,0.50107,0.55845
g3_tmoe_s2_1e17,1e17,temporal,fine 18/192,Belady,all,0.39709,0.45711
g3_tmoe_s2_1e17,1e17,temporal,fine 18/192,Belady+prefetch(h=1),2,0.33073,0.48378
g3_tmoe_s2_1e17,1e17,temporal,fine 18/192,Belady+prefetch(h=1),3,0.37675,0.50969
g3_tmoe_s2_1e17,1e17,temporal,fine 18/192,Belady+prefetch(h=1),4,0.45296,0.55881
g3_tmoe_s2_1e17,1e17,temporal,fine 18/192,Belady+prefetch(h=1),5,0.50506,0.60050
g3_tmoe_s2_1e17,1e17,temporal,fine 18/192,Belady+prefetch(h=1),6,0.54378,0.63609
g3_tmoe_s2_1e17,1e17,temporal,fine 18/192,Belady+prefetch(h=1),all,0.44186,0.55777
g3_tmoe_s2_1e17,1e17,temporal,fine 18/192,Belady+prefetch(h=4),2,0.32889,0.48344
g3_tmoe_s2_1e17,1e17,temporal,fine 18/192,Belady+prefetch(h=4),3,0.37517,0.50916
g3_tmoe_s2_1e17,1e17,temporal,fine 18/192,Belady+prefetch(h=4),4,0.45324,0.56022
g3_tmoe_s2_1e17,1e17,temporal,fine 18/192,Belady+prefetch(h=4),5,0.50532,0.60177
g3_tmoe_s2_1e17,1e17,temporal,fine 18/192,Belady+prefetch(h=4),6,0.54182,0.63515
g3_tmoe_s2_1e17,1e17,temporal,fine 18/192,Belady+prefetch(h=4),all,0.44089,0.55795
g3_tmoe_s2_1e17,1e17,temporal,fine 18/192,Belady+prefetch(h=16),2,0.28005,0.37665
g3_tmoe_s2_1e17,1e17,temporal,fine 18/192,Belady+prefetch(h=16),3,0.32469,0.40449
g3_tmoe_s2_1e17,1e17,temporal,fine 18/192,Belady+prefetch(h=16),4,0.39945,0.46575
g3_tmoe_s2_1e17,1e17,temporal,fine 18/192,Belady+prefetch(h=16),5,0.44842,0.51261
g3_tmoe_s2_1e17,1e17,temporal,fine 18/192,Belady+prefetch(h=16),6,0.48722,0.54746
g3_tmoe_s2_1e17,1e17,temporal,fine 18/192,Belady+prefetch(h=16),all,0.38796,0.46139
g3_tmoe_s2_1e17_auxfree,1e17,temporal,fine 18/192,min_logit,2,0.32905,0.38154
g3_tmoe_s2_1e17_auxfree,1e17,temporal,fine 18/192,min_logit,3,0.33296,0.38785
g3_tmoe_s2_1e17_auxfree,1e17,temporal,fine 18/192,min_logit,4,0.35960,0.40570
g3_tmoe_s2_1e17_auxfree,1e17,temporal,fine 18/192,min_logit,5,0.41171,0.47615
g3_tmoe_s2_1e17_auxfree,1e17,temporal,fine 18/192,min_logit,6,0.46440,0.52987
g3_tmoe_s2_1e17_auxfree,1e17,temporal,fine 18/192,min_logit,all,0.37955,0.43622
g3_tmoe_s2_1e17_auxfree,1e17,temporal,fine 18/192,LRU,2,0.24743,0.32531
g3_tmoe_s2_1e17_auxfree,1e17,temporal,fine 18/192,LRU,3,0.25458,0.33649
g3_tmoe_s2_1e17_auxfree,1e17,temporal,fine 18/192,LRU,4,0.27526,0.34437
g3_tmoe_s2_1e17_auxfree,1e17,temporal,fine 18/192,LRU,5,0.32458,0.40625
g3_tmoe_s2_1e17_auxfree,1e17,temporal,fine 18/192,LRU,6,0.36943,0.45680
g3_tmoe_s2_1e17_auxfree,1e17,temporal,fine 18/192,LRU,all,0.29425,0.37385
g3_tmoe_s2_1e17_auxfree,1e17,temporal,fine 18/192,min_logit+tau*(4.0),2,0.27603,0.32276
g3_tmoe_s2_1e17_auxfree,1e17,temporal,fine 18/192,min_logit+tau*(4.0),3,0.25237,0.31660
g3_tmoe_s2_1e17_auxfree,1e17,temporal,fine 18/192,min_logit+tau*(4.0),4,0.26261,0.31050
g3_tmoe_s2_1e17_auxfree,1e17,temporal,fine 18/192,min_logit+tau*(4.0),5,0.26220,0.32718
g3_tmoe_s2_1e17_auxfree,1e17,temporal,fine 18/192,min_logit+tau*(4.0),6,0.28393,0.35531
g3_tmoe_s2_1e17_auxfree,1e17,temporal,fine 18/192,min_logit+tau*(4.0),all,0.26743,0.32647
g3_tmoe_s2_1e17_auxfree,1e17,temporal,fine 18/192,discounted-oracle(g=0.5),2,0.49866,0.55429
g3_tmoe_s2_1e17_auxfree,1e17,temporal,fine 18/192,discounted-oracle(g=0.5),3,0.50985,0.56290
g3_tmoe_s2_1e17_auxfree,1e17,temporal,fine 18/192,discounted-oracle(g=0.5),4,0.53938,0.58411
g3_tmoe_s2_1e17_auxfree,1e17,temporal,fine 18/192,discounted-oracle(g=0.5),5,0.58549,0.64280
g3_tmoe_s2_1e17_auxfree,1e17,temporal,fine 18/192,discounted-oracle(g=0.5),6,0.63150,0.68432
g3_tmoe_s2_1e17_auxfree,1e17,temporal,fine 18/192,discounted-oracle(g=0.5),all,0.55298,0.60568
g3_tmoe_s2_1e17_auxfree,1e17,temporal,fine 18/192,discounted-oracle(g=0.9),2,0.49328,0.54903
g3_tmoe_s2_1e17_auxfree,1e17,temporal,fine 18/192,discounted-oracle(g=0.9),3,0.50836,0.56230
g3_tmoe_s2_1e17_auxfree,1e17,temporal,fine 18/192,discounted-oracle(g=0.9),4,0.53664,0.58270
g3_tmoe_s2_1e17_auxfree,1e17,temporal,fine 18/192,discounted-oracle(g=0.9),5,0.57393,0.63372
g3_tmoe_s2_1e17_auxfree,1e17,temporal,fine 18/192,discounted-oracle(g=0.9),6,0.61089,0.66719
g3_tmoe_s2_1e17_auxfree,1e17,temporal,fine 18/192,discounted-oracle(g=0.9),all,0.54462,0.59899
g3_tmoe_s2_1e17_auxfree,1e17,temporal,fine 18/192,discounted-oracle(g=0.95),2,0.43244,0.47604
g3_tmoe_s2_1e17_auxfree,1e17,temporal,fine 18/192,discounted-oracle(g=0.95),3,0.44200,0.48295
g3_tmoe_s2_1e17_auxfree,1e17,temporal,fine 18/192,discounted-oracle(g=0.95),4,0.46519,0.49960
g3_tmoe_s2_1e17_auxfree,1e17,temporal,fine 18/192,discounted-oracle(g=0.95),5,0.49697,0.54660
g3_tmoe_s2_1e17_auxfree,1e17,temporal,fine 18/192,discounted-oracle(g=0.95),6,0.53832,0.58492
g3_tmoe_s2_1e17_auxfree,1e17,temporal,fine 18/192,discounted-oracle(g=0.95),all,0.47498,0.51802
g3_tmoe_s2_1e17_auxfree,1e17,temporal,fine 18/192,Belady,2,0.38612,0.46139
g3_tmoe_s2_1e17_auxfree,1e17,temporal,fine 18/192,Belady,3,0.39217,0.46613
g3_tmoe_s2_1e17_auxfree,1e17,temporal,fine 18/192,Belady,4,0.41860,0.47793
g3_tmoe_s2_1e17_auxfree,1e17,temporal,fine 18/192,Belady,5,0.46989,0.54013
g3_tmoe_s2_1e17_auxfree,1e17,temporal,fine 18/192,Belady,6,0.52283,0.59377
g3_tmoe_s2_1e17_auxfree,1e17,temporal,fine 18/192,Belady,all,0.43792,0.50787
g3_tmoe_s2_1e17_auxfree,1e17,temporal,fine 18/192,Belady+prefetch(h=1),2,0.43067,0.59291
g3_tmoe_s2_1e17_auxfree,1e17,temporal,fine 18/192,Belady+prefetch(h=1),3,0.43672,0.59704
g3_tmoe_s2_1e17_auxfree,1e17,temporal,fine 18/192,Belady+prefetch(h=1),4,0.46243,0.59647
g3_tmoe_s2_1e17_auxfree,1e17,temporal,fine 18/192,Belady+prefetch(h=1),5,0.51278,0.63556
g3_tmoe_s2_1e17_auxfree,1e17,temporal,fine 18/192,Belady+prefetch(h=1),6,0.56440,0.68424
g3_tmoe_s2_1e17_auxfree,1e17,temporal,fine 18/192,Belady+prefetch(h=1),all,0.48140,0.62124
g3_tmoe_s2_1e17_auxfree,1e17,temporal,fine 18/192,Belady+prefetch(h=4),2,0.41987,0.58526
g3_tmoe_s2_1e17_auxfree,1e17,temporal,fine 18/192,Belady+prefetch(h=4),3,0.42874,0.59192
g3_tmoe_s2_1e17_auxfree,1e17,temporal,fine 18/192,Belady+prefetch(h=4),4,0.45702,0.59378
g3_tmoe_s2_1e17_auxfree,1e17,temporal,fine 18/192,Belady+prefetch(h=4),5,0.51181,0.63633
g3_tmoe_s2_1e17_auxfree,1e17,temporal,fine 18/192,Belady+prefetch(h=4),6,0.56060,0.68229
g3_tmoe_s2_1e17_auxfree,1e17,temporal,fine 18/192,Belady+prefetch(h=4),all,0.47561,0.61792
g3_tmoe_s2_1e17_auxfree,1e17,temporal,fine 18/192,Belady+prefetch(h=16),2,0.37565,0.46224
g3_tmoe_s2_1e17_auxfree,1e17,temporal,fine 18/192,Belady+prefetch(h=16),3,0.38062,0.46876
g3_tmoe_s2_1e17_auxfree,1e17,temporal,fine 18/192,Belady+prefetch(h=16),4,0.40542,0.47890
g3_tmoe_s2_1e17_auxfree,1e17,temporal,fine 18/192,Belady+prefetch(h=16),5,0.45208,0.52659
g3_tmoe_s2_1e17_auxfree,1e17,temporal,fine 18/192,Belady+prefetch(h=16),6,0.50326,0.57734
g3_tmoe_s2_1e17_auxfree,1e17,temporal,fine 18/192,Belady+prefetch(h=16),all,0.42341,0.50276
g3_tmoe_s2_1e17_karen,1e17,temporal,fine 18/192,min_logit,2,0.31232,0.32944
g3_tmoe_s2_1e17_karen,1e17,temporal,fine 18/192,min_logit,3,0.36658,0.40256
g3_tmoe_s2_1e17_karen,1e17,temporal,fine 18/192,min_logit,4,0.41387,0.46488
g3_tmoe_s2_1e17_karen,1e17,temporal,fine 18/192,min_logit,5,0.43454,0.49267
g3_tmoe_s2_1e17_karen,1e17,temporal,fine 18/192,min_logit,6,0.46693,0.52868
g3_tmoe_s2_1e17_karen,1e17,temporal,fine 18/192,min_logit,all,0.39885,0.44365
g3_tmoe_s2_1e17_karen,1e17,temporal,fine 18/192,LRU,2,0.23103,0.29395
g3_tmoe_s2_1e17_karen,1e17,temporal,fine 18/192,LRU,3,0.27103,0.33592
g3_tmoe_s2_1e17_karen,1e17,temporal,fine 18/192,LRU,4,0.31548,0.38729
g3_tmoe_s2_1e17_karen,1e17,temporal,fine 18/192,LRU,5,0.33855,0.41398
g3_tmoe_s2_1e17_karen,1e17,temporal,fine 18/192,LRU,6,0.37457,0.45595
g3_tmoe_s2_1e17_karen,1e17,temporal,fine 18/192,LRU,all,0.30613,0.37742
g3_tmoe_s2_1e17_karen,1e17,temporal,fine 18/192,min_logit+tau*(4.0),2,0.24892,0.25732
g3_tmoe_s2_1e17_karen,1e17,temporal,fine 18/192,min_logit+tau*(4.0),3,0.27737,0.30573
g3_tmoe_s2_1e17_karen,1e17,temporal,fine 18/192,min_logit+tau*(4.0),4,0.28376,0.33247
g3_tmoe_s2_1e17_karen,1e17,temporal,fine 18/192,min_logit+tau*(4.0),5,0.26961,0.32337
g3_tmoe_s2_1e17_karen,1e17,temporal,fine 18/192,min_logit+tau*(4.0),6,0.26829,0.34095
g3_tmoe_s2_1e17_karen,1e17,temporal,fine 18/192,min_logit+tau*(4.0),all,0.26959,0.31197
g3_tmoe_s2_1e17_karen,1e17,temporal,fine 18/192,discounted-oracle(g=0.5),2,0.49484,0.51806
g3_tmoe_s2_1e17_karen,1e17,temporal,fine 18/192,discounted-oracle(g=0.5),3,0.54279,0.57454
g3_tmoe_s2_1e17_karen,1e17,temporal,fine 18/192,discounted-oracle(g=0.5),4,0.58350,0.62960
g3_tmoe_s2_1e17_karen,1e17,temporal,fine 18/192,discounted-oracle(g=0.5),5,0.60467,0.65372
g3_tmoe_s2_1e17_karen,1e17,temporal,fine 18/192,discounted-oracle(g=0.5),6,0.63131,0.68324
g3_tmoe_s2_1e17_karen,1e17,temporal,fine 18/192,discounted-oracle(g=0.5),all,0.57142,0.61183
g3_tmoe_s2_1e17_karen,1e17,temporal,fine 18/192,discounted-oracle(g=0.9),2,0.49510,0.51211
g3_tmoe_s2_1e17_karen,1e17,temporal,fine 18/192,discounted-oracle(g=0.9),3,0.53358,0.56198
g3_tmoe_s2_1e17_karen,1e17,temporal,fine 18/192,discounted-oracle(g=0.9),4,0.56825,0.61404
g3_tmoe_s2_1e17_karen,1e17,temporal,fine 18/192,discounted-oracle(g=0.9),5,0.58840,0.63740
g3_tmoe_s2_1e17_karen,1e17,temporal,fine 18/192,discounted-oracle(g=0.9),6,0.60977,0.66494
g3_tmoe_s2_1e17_karen,1e17,temporal,fine 18/192,discounted-oracle(g=0.9),all,0.55902,0.59809
g3_tmoe_s2_1e17_karen,1e17,temporal,fine 18/192,discounted-oracle(g=0.95),2,0.43226,0.43198
g3_tmoe_s2_1e17_karen,1e17,temporal,fine 18/192,discounted-oracle(g=0.95),3,0.46783,0.48510
g3_tmoe_s2_1e17_karen,1e17,temporal,fine 18/192,discounted-oracle(g=0.95),4,0.49739,0.53268
g3_tmoe_s2_1e17_karen,1e17,temporal,fine 18/192,discounted-oracle(g=0.95),5,0.51067,0.54768
g3_tmoe_s2_1e17_karen,1e17,temporal,fine 18/192,discounted-oracle(g=0.95),6,0.53732,0.58147
g3_tmoe_s2_1e17_karen,1e17,temporal,fine 18/192,discounted-oracle(g=0.95),all,0.48909,0.51578
g3_tmoe_s2_1e17_karen,1e17,temporal,fine 18/192,Belady,2,0.36783,0.41666
g3_tmoe_s2_1e17_karen,1e17,temporal,fine 18/192,Belady,3,0.41860,0.47174
g3_tmoe_s2_1e17_karen,1e17,temporal,fine 18/192,Belady,4,0.46617,0.52598
g3_tmoe_s2_1e17_karen,1e17,temporal,fine 18/192,Belady,5,0.48962,0.55257
g3_tmoe_s2_1e17_karen,1e17,temporal,fine 18/192,Belady,6,0.52560,0.59194
g3_tmoe_s2_1e17_karen,1e17,temporal,fine 18/192,Belady,all,0.45356,0.51178
g3_tmoe_s2_1e17_karen,1e17,temporal,fine 18/192,Belady+prefetch(h=1),2,0.41168,0.55305
g3_tmoe_s2_1e17_karen,1e17,temporal,fine 18/192,Belady+prefetch(h=1),3,0.46269,0.58322
g3_tmoe_s2_1e17_karen,1e17,temporal,fine 18/192,Belady+prefetch(h=1),4,0.50872,0.62014
g3_tmoe_s2_1e17_karen,1e17,temporal,fine 18/192,Belady+prefetch(h=1),5,0.53154,0.64005
g3_tmoe_s2_1e17_karen,1e17,temporal,fine 18/192,Belady+prefetch(h=1),6,0.56703,0.68119
g3_tmoe_s2_1e17_karen,1e17,temporal,fine 18/192,Belady+prefetch(h=1),all,0.49633,0.61553
g3_tmoe_s2_1e17_karen,1e17,temporal,fine 18/192,Belady+prefetch(h=4),2,0.40217,0.54756
g3_tmoe_s2_1e17_karen,1e17,temporal,fine 18/192,Belady+prefetch(h=4),3,0.45314,0.57683
g3_tmoe_s2_1e17_karen,1e17,temporal,fine 18/192,Belady+prefetch(h=4),4,0.50317,0.61700
g3_tmoe_s2_1e17_karen,1e17,temporal,fine 18/192,Belady+prefetch(h=4),5,0.53049,0.64087
g3_tmoe_s2_1e17_karen,1e17,temporal,fine 18/192,Belady+prefetch(h=4),6,0.56449,0.67935
g3_tmoe_s2_1e17_karen,1e17,temporal,fine 18/192,Belady+prefetch(h=4),all,0.49069,0.61232
g3_tmoe_s2_1e17_karen,1e17,temporal,fine 18/192,Belady+prefetch(h=16),2,0.35589,0.42116
g3_tmoe_s2_1e17_karen,1e17,temporal,fine 18/192,Belady+prefetch(h=16),3,0.40696,0.46956
g3_tmoe_s2_1e17_karen,1e17,temporal,fine 18/192,Belady+prefetch(h=16),4,0.45118,0.51580
g3_tmoe_s2_1e17_karen,1e17,temporal,fine 18/192,Belady+prefetch(h=16),5,0.47096,0.53503
g3_tmoe_s2_1e17_karen,1e17,temporal,fine 18/192,Belady+prefetch(h=16),6,0.50563,0.57390
g3_tmoe_s2_1e17_karen,1e17,temporal,fine 18/192,Belady+prefetch(h=16),all,0.43812,0.50309
moe_coarse_1e19,1e19,full,coarse 6/64,min_logit,2,0.11655,0.11955
moe_coarse_1e19,1e19,full,coarse 6/64,min_logit,3,0.12809,0.13208
moe_coarse_1e19,1e19,full,coarse 6/64,min_logit,4,0.12613,0.13079
moe_coarse_1e19,1e19,full,coarse 6/64,min_logit,5,0.13978,0.15099
moe_coarse_1e19,1e19,full,coarse 6/64,min_logit,6,0.16075,0.17717
moe_coarse_1e19,1e19,full,coarse 6/64,min_logit,7,0.17274,0.19080
moe_coarse_1e19,1e19,full,coarse 6/64,min_logit,8,0.17545,0.19712
moe_coarse_1e19,1e19,full,coarse 6/64,min_logit,9,0.16822,0.18473
moe_coarse_1e19,1e19,full,coarse 6/64,min_logit,10,0.17162,0.19066
moe_coarse_1e19,1e19,full,coarse 6/64,min_logit,11,0.18168,0.20510
moe_coarse_1e19,1e19,full,coarse 6/64,min_logit,12,0.19780,0.22382
moe_coarse_1e19,1e19,full,coarse 6/64,min_logit,13,0.19934,0.22964
moe_coarse_1e19,1e19,full,coarse 6/64,min_logit,14,0.25028,0.28677
moe_coarse_1e19,1e19,full,coarse 6/64,min_logit,all,0.16834,0.18609
moe_coarse_1e19,1e19,full,coarse 6/64,LRU,2,0.11249,0.11675
moe_coarse_1e19,1e19,full,coarse 6/64,LRU,3,0.12271,0.12676
moe_coarse_1e19,1e19,full,coarse 6/64,LRU,4,0.11842,0.12216
moe_coarse_1e19,1e19,full,coarse 6/64,LRU,5,0.12946,0.13865
moe_coarse_1e19,1e19,full,coarse 6/64,LRU,6,0.14078,0.15643
moe_coarse_1e19,1e19,full,coarse 6/64,LRU,7,0.15242,0.17024
moe_coarse_1e19,1e19,full,coarse 6/64,LRU,8,0.15671,0.17571
moe_coarse_1e19,1e19,full,coarse 6/64,LRU,9,0.15081,0.16662
moe_coarse_1e19,1e19,full,coarse 6/64,LRU,10,0.15433,0.17333
moe_coarse_1e19,1e19,full,coarse 6/64,LRU,11,0.15990,0.18237
moe_coarse_1e19,1e19,full,coarse 6/64,LRU,12,0.17376,0.20239
moe_coarse_1e19,1e19,full,coarse 6/64,LRU,13,0.17824,0.20887
moe_coarse_1e19,1e19,full,coarse 6/64,LRU,14,0.20196,0.23892
moe_coarse_1e19,1e19,full,coarse 6/64,LRU,all,0.15015,0.16763
moe_coarse_1e19,1e19,full,coarse 6/64,min_logit+tau*(4.0),2,0.09336,0.09590
moe_coarse_1e19,1e19,full,coarse 6/64,min_logit+tau*(4.0),3,0.09814,0.10121
moe_coarse_1e19,1e19,full,coarse 6/64,min_logit+tau*(4.0),4,0.11069,0.11272
moe_coarse_1e19,1e19,full,coarse 6/64,min_logit+tau*(4.0),5,0.11948,0.12798
moe_coarse_1e19,1e19,full,coarse 6/64,min_logit+tau*(4.0),6,0.14343,0.15170
moe_coarse_1e19,1e19,full,coarse 6/64,min_logit+tau*(4.0),7,0.15751,0.17274
moe_coarse_1e19,1e19,full,coarse 6/64,min_logit+tau*(4.0),8,0.15433,0.17345
moe_coarse_1e19,1e19,full,coarse 6/64,min_logit+tau*(4.0),9,0.14462,0.15875
moe_coarse_1e19,1e19,full,coarse 6/64,min_logit+tau*(4.0),10,0.15885,0.17513
moe_coarse_1e19,1e19,full,coarse 6/64,min_logit+tau*(4.0),11,0.16397,0.18634
moe_coarse_1e19,1e19,full,coarse 6/64,min_logit+tau*(4.0),12,0.17978,0.20127
moe_coarse_1e19,1e19,full,coarse 6/64,min_logit+tau*(4.0),13,0.17641,0.20481
moe_coarse_1e19,1e19,full,coarse 6/64,min_logit+tau*(4.0),14,0.20824,0.24338
moe_coarse_1e19,1e19,full,coarse 6/64,min_logit+tau*(4.0),all,0.14683,0.16195
moe_coarse_1e19,1e19,full,coarse 6/64,discounted-oracle(g=0.5),2,0.45413,0.45707
moe_coarse_1e19,1e19,full,coarse 6/64,discounted-oracle(g=0.5),3,0.46116,0.46689
moe_coarse_1e19,1e19,full,coarse 6/64,discounted-oracle(g=0.5),4,0.46329,0.46792
moe_coarse_1e19,1e19,full,coarse 6/64,discounted-oracle(g=0.5),5,0.47021,0.48389
moe_coarse_1e19,1e19,full,coarse 6/64,discounted-oracle(g=0.5),6,0.48853,0.50626
moe_coarse_1e19,1e19,full,coarse 6/64,discounted-oracle(g=0.5),7,0.49773,0.52100
moe_coarse_1e19,1e19,full,coarse 6/64,discounted-oracle(g=0.5),8,0.49776,0.52306
moe_coarse_1e19,1e19,full,coarse 6/64,discounted-oracle(g=0.5),9,0.49268,0.51340
moe_coarse_1e19,1e19,full,coarse 6/64,discounted-oracle(g=0.5),10,0.49186,0.51623
moe_coarse_1e19,1e19,full,coarse 6/64,discounted-oracle(g=0.5),11,0.49892,0.52233
moe_coarse_1e19,1e19,full,coarse 6/64,discounted-oracle(g=0.5),12,0.51051,0.53924
moe_coarse_1e19,1e19,full,coarse 6/64,discounted-oracle(g=0.5),13,0.51566,0.54188
moe_coarse_1e19,1e19,full,coarse 6/64,discounted-oracle(g=0.5),14,0.54999,0.57333
moe_coarse_1e19,1e19,full,coarse 6/64,discounted-oracle(g=0.5),all,0.49173,0.51019
moe_coarse_1e19,1e19,full,coarse 6/64,discounted-oracle(g=0.9),2,0.38334,0.38635
moe_coarse_1e19,1e19,full,coarse 6/64,discounted-oracle(g=0.9),3,0.39005,0.39655
moe_coarse_1e19,1e19,full,coarse 6/64,discounted-oracle(g=0.9),4,0.39112,0.39755
moe_coarse_1e19,1e19,full,coarse 6/64,discounted-oracle(g=0.9),5,0.39679,0.41272
moe_coarse_1e19,1e19,full,coarse 6/64,discounted-oracle(g=0.9),6,0.40584,0.42788
moe_coarse_1e19,1e19,full,coarse 6/64,discounted-oracle(g=0.9),7,0.41160,0.43767
moe_coarse_1e19,1e19,full,coarse 6/64,discounted-oracle(g=0.9),8,0.41320,0.44376
moe_coarse_1e19,1e19,full,coarse 6/64,discounted-oracle(g=0.9),9,0.41221,0.43774
moe_coarse_1e19,1e19,full,coarse 6/64,discounted-oracle(g=0.9),10,0.41512,0.44682
moe_coarse_1e19,1e19,full,coarse 6/64,discounted-oracle(g=0.9),11,0.41864,0.44660
moe_coarse_1e19,1e19,full,coarse 6/64,discounted-oracle(g=0.9),12,0.42909,0.46491
moe_coarse_1e19,1e19,full,coarse 6/64,discounted-oracle(g=0.9),13,0.42719,0.46226
moe_coarse_1e19,1e19,full,coarse 6/64,discounted-oracle(g=0.9),14,0.45677,0.48699
moe_coarse_1e19,1e19,full,coarse 6/64,discounted-oracle(g=0.9),all,0.41161,0.43445
moe_coarse_1e19,1e19,full,coarse 6/64,discounted-oracle(g=0.95),2,0.30179,0.30386
moe_coarse_1e19,1e19,full,coarse 6/64,discounted-oracle(g=0.95),3,0.30554,0.31173
moe_coarse_1e19,1e19,full,coarse 6/64,discounted-oracle(g=0.95),4,0.30379,0.30956
moe_coarse_1e19,1e19,full,coarse 6/64,discounted-oracle(g=0.95),5,0.30736,0.32116
moe_coarse_1e19,1e19,full,coarse 6/64,discounted-oracle(g=0.95),6,0.31604,0.33460
moe_coarse_1e19,1e19,full,coarse 6/64,discounted-oracle(g=0.95),7,0.32377,0.34648
moe_coarse_1e19,1e19,full,coarse 6/64,discounted-oracle(g=0.95),8,0.32155,0.34882
moe_coarse_1e19,1e19,full,coarse 6/64,discounted-oracle(g=0.95),9,0.31763,0.33852
moe_coarse_1e19,1e19,full,coarse 6/64,discounted-oracle(g=0.95),10,0.32398,0.35105
moe_coarse_1e19,1e19,full,coarse 6/64,discounted-oracle(g=0.95),11,0.32640,0.34922
moe_coarse_1e19,1e19,full,coarse 6/64,discounted-oracle(g=0.95),12,0.33396,0.36320
moe_coarse_1e19,1e19,full,coarse 6/64,discounted-oracle(g=0.95),13,0.33462,0.36341
moe_coarse_1e19,1e19,full,coarse 6/64,discounted-oracle(g=0.95),14,0.37468,0.39961
moe_coarse_1e19,1e19,full,coarse 6/64,discounted-oracle(g=0.95),all,0.32239,0.34163
moe_coarse_1e19,1e19,full,coarse 6/64,Belady,2,0.22402,0.22923
moe_coarse_1e19,1e19,full,coarse 6/64,Belady,3,0.23284,0.23890
moe_coarse_1e19,1e19,full,coarse 6/64,Belady,4,0.22860,0.23446
moe_coarse_1e19,1e19,full,coarse 6/64,Belady,5,0.24102,0.25439
moe_coarse_1e19,1e19,full,coarse 6/64,Belady,6,0.25920,0.27951
moe_coarse_1e19,1e19,full,coarse 6/64,Belady,7,0.27167,0.29535
moe_coarse_1e19,1e19,full,coarse 6/64,Belady,8,0.27358,0.29920
moe_coarse_1e19,1e19,full,coarse 6/64,Belady,9,0.26503,0.28548
moe_coarse_1e19,1e19,full,coarse 6/64,Belady,10,0.26775,0.29303
moe_coarse_1e19,1e19,full,coarse 6/64,Belady,11,0.27718,0.30281
moe_coarse_1e19,1e19,full,coarse 6/64,Belady,12,0.29262,0.32525
moe_coarse_1e19,1e19,full,coarse 6/64,Belady,13,0.29725,0.33328
moe_coarse_1e19,1e19,full,coarse 6/64,Belady,14,0.34141,0.38274
moe_coarse_1e19,1e19,full,coarse 6/64,Belady,all,0.26709,0.28874
moe_coarse_1e19,1e19,full,coarse 6/64,Belady+prefetch(h=1),2,0.37191,0.41902
moe_coarse_1e19,1e19,full,coarse 6/64,Belady+prefetch(h=1),3,0.38079,0.44535
moe_coarse_1e19,1e19,full,coarse 6/64,Belady+prefetch(h=1),4,0.37721,0.45543
moe_coarse_1e19,1e19,full,coarse 6/64,Belady+prefetch(h=1),5,0.38841,0.49804
moe_coarse_1e19,1e19,full,coarse 6/64,Belady+prefetch(h=1),6,0.40480,0.53575
moe_coarse_1e19,1e19,full,coarse 6/64,Belady+prefetch(h=1),7,0.41817,0.56026
moe_coarse_1e19,1e19,full,coarse 6/64,Belady+prefetch(h=1),8,0.41876,0.56071
moe_coarse_1e19,1e19,full,coarse 6/64,Belady+prefetch(h=1),9,0.41049,0.56621
moe_coarse_1e19,1e19,full,coarse 6/64,Belady+prefetch(h=1),10,0.41310,0.56780
moe_coarse_1e19,1e19,full,coarse 6/64,Belady+prefetch(h=1),11,0.42290,0.58720
moe_coarse_1e19,1e19,full,coarse 6/64,Belady+prefetch(h=1),12,0.43533,0.60326
moe_coarse_1e19,1e19,full,coarse 6/64,Belady+prefetch(h=1),13,0.44104,0.60888
moe_coarse_1e19,1e19,full,coarse 6/64,Belady+prefetch(h=1),14,0.48252,0.64268
moe_coarse_1e19,1e19,full,coarse 6/64,Belady+prefetch(h=1),all,0.41273,0.54235
moe_coarse_1e19,1e19,full,coarse 6/64,Belady+prefetch(h=4),2,0.31237,0.35759
moe_coarse_1e19,1e19,full,coarse 6/64,Belady+prefetch(h=4),3,0.32416,0.38546
moe_coarse_1e19,1e19,full,coarse 6/64,Belady+prefetch(h=4),4,0.32390,0.39815
moe_coarse_1e19,1e19,full,coarse 6/64,Belady+prefetch(h=4),5,0.33375,0.43750
moe_coarse_1e19,1e19,full,coarse 6/64,Belady+prefetch(h=4),6,0.35131,0.47393
moe_coarse_1e19,1e19,full,coarse 6/64,Belady+prefetch(h=4),7,0.36275,0.49470
moe_coarse_1e19,1e19,full,coarse 6/64,Belady+prefetch(h=4),8,0.36492,0.49593
moe_coarse_1e19,1e19,full,coarse 6/64,Belady+prefetch(h=4),9,0.35955,0.50380
moe_coarse_1e19,1e19,full,coarse 6/64,Belady+prefetch(h=4),10,0.36553,0.50766
moe_coarse_1e19,1e19,full,coarse 6/64,Belady+prefetch(h=4),11,0.37530,0.52662
moe_coarse_1e19,1e19,full,coarse 6/64,Belady+prefetch(h=4),12,0.38889,0.54194
moe_coarse_1e19,1e19,full,coarse 6/64,Belady+prefetch(h=4),13,0.39535,0.54582
moe_coarse_1e19,1e19,full,coarse 6/64,Belady+prefetch(h=4),14,0.42650,0.56975
moe_coarse_1e19,1e19,full,coarse 6/64,Belady+prefetch(h=4),all,0.36033,0.47991
moe_coarse_1e19,1e19,full,coarse 6/64,Belady+prefetch(h=16),2,0.22932,0.23878
moe_coarse_1e19,1e19,full,coarse 6/64,Belady+prefetch(h=16),3,0.23269,0.24547
moe_coarse_1e19,1e19,full,coarse 6/64,Belady+prefetch(h=16),4,0.23014,0.24573
moe_coarse_1e19,1e19,full,coarse 6/64,Belady+prefetch(h=16),5,0.23683,0.26141
moe_coarse_1e19,1e19,full,coarse 6/64,Belady+prefetch(h=16),6,0.25463,0.28724
moe_coarse_1e19,1e19,full,coarse 6/64,Belady+prefetch(h=16),7,0.26528,0.30186
moe_coarse_1e19,1e19,full,coarse 6/64,Belady+prefetch(h=16),8,0.26325,0.30034
moe_coarse_1e19,1e19,full,coarse 6/64,Belady+prefetch(h=16),9,0.25034,0.28739
moe_coarse_1e19,1e19,full,coarse 6/64,Belady+prefetch(h=16),10,0.25812,0.29511
moe_coarse_1e19,1e19,full,coarse 6/64,Belady+prefetch(h=16),11,0.26536,0.30257
moe_coarse_1e19,1e19,full,coarse 6/64,Belady+prefetch(h=16),12,0.27249,0.31550
moe_coarse_1e19,1e19,full,coarse 6/64,Belady+prefetch(h=16),13,0.27772,0.32183
moe_coarse_1e19,1e19,full,coarse 6/64,Belady+prefetch(h=16),14,0.32931,0.37524
moe_coarse_1e19,1e19,full,coarse 6/64,Belady+prefetch(h=16),all,0.25888,0.29065
temporal_fine_g3_1e19,1e19,temporal,fine 18/192,min_logit,2,0.11211,0.11560
temporal_fine_g3_1e19,1e19,temporal,fine 18/192,min_logit,3,0.13506,0.15688
temporal_fine_g3_1e19,1e19,temporal,fine 18/192,min_logit,4,0.15953,0.18893
temporal_fine_g3_1e19,1e19,temporal,fine 18/192,min_logit,5,0.18248,0.21997
temporal_fine_g3_1e19,1e19,temporal,fine 18/192,min_logit,6,0.19442,0.23235
temporal_fine_g3_1e19,1e19,temporal,fine 18/192,min_logit,7,0.20604,0.24712
temporal_fine_g3_1e19,1e19,temporal,fine 18/192,min_logit,8,0.22889,0.28310
temporal_fine_g3_1e19,1e19,temporal,fine 18/192,min_logit,9,0.24464,0.29353
temporal_fine_g3_1e19,1e19,temporal,fine 18/192,min_logit,10,0.28602,0.34014
temporal_fine_g3_1e19,1e19,temporal,fine 18/192,min_logit,11,0.30152,0.36510
temporal_fine_g3_1e19,1e19,temporal,fine 18/192,min_logit,12,0.29937,0.36414
temporal_fine_g3_1e19,1e19,temporal,fine 18/192,min_logit,13,0.32549,0.39026
temporal_fine_g3_1e19,1e19,temporal,fine 18/192,min_logit,14,0.38440,0.45733
temporal_fine_g3_1e19,1e19,temporal,fine 18/192,min_logit,all,0.23538,0.28111
temporal_fine_g3_1e19,1e19,temporal,fine 18/192,LRU,2,0.11543,0.12133
temporal_fine_g3_1e19,1e19,temporal,fine 18/192,LRU,3,0.13581,0.16370
temporal_fine_g3_1e19,1e19,temporal,fine 18/192,LRU,4,0.15814,0.19391
temporal_fine_g3_1e19,1e19,temporal,fine 18/192,LRU,5,0.17507,0.21633
temporal_fine_g3_1e19,1e19,temporal,fine 18/192,LRU,6,0.18195,0.22370
temporal_fine_g3_1e19,1e19,temporal,fine 18/192,LRU,7,0.18655,0.23352
temporal_fine_g3_1e19,1e19,temporal,fine 18/192,LRU,8,0.20508,0.26524
temporal_fine_g3_1e19,1e19,temporal,fine 18/192,LRU,9,0.21665,0.27111
temporal_fine_g3_1e19,1e19,temporal,fine 18/192,LRU,10,0.24147,0.30289
temporal_fine_g3_1e19,1e19,temporal,fine 18/192,LRU,11,0.25238,0.32267
temporal_fine_g3_1e19,1e19,temporal,fine 18/192,LRU,12,0.25246,0.32509
temporal_fine_g3_1e19,1e19,temporal,fine 18/192,LRU,13,0.26703,0.33875
temporal_fine_g3_1e19,1e19,temporal,fine 18/192,LRU,14,0.30501,0.39166
temporal_fine_g3_1e19,1e19,temporal,fine 18/192,LRU,all,0.20716,0.25922
temporal_fine_g3_1e19,1e19,temporal,fine 18/192,min_logit+tau*(4.0),2,0.10489,0.10492
temporal_fine_g3_1e19,1e19,temporal,fine 18/192,min_logit+tau*(4.0),3,0.10206,0.11347
temporal_fine_g3_1e19,1e19,temporal,fine 18/192,min_logit+tau*(4.0),4,0.11567,0.13160
temporal_fine_g3_1e19,1e19,temporal,fine 18/192,min_logit+tau*(4.0),5,0.11822,0.13607
temporal_fine_g3_1e19,1e19,temporal,fine 18/192,min_logit+tau*(4.0),6,0.12492,0.14870
temporal_fine_g3_1e19,1e19,temporal,fine 18/192,min_logit+tau*(4.0),7,0.12575,0.15110
temporal_fine_g3_1e19,1e19,temporal,fine 18/192,min_logit+tau*(4.0),8,0.12502,0.16282
temporal_fine_g3_1e19,1e19,temporal,fine 18/192,min_logit+tau*(4.0),9,0.13788,0.17411
temporal_fine_g3_1e19,1e19,temporal,fine 18/192,min_logit+tau*(4.0),10,0.15184,0.18841
temporal_fine_g3_1e19,1e19,temporal,fine 18/192,min_logit+tau*(4.0),11,0.16832,0.22060
temporal_fine_g3_1e19,1e19,temporal,fine 18/192,min_logit+tau*(4.0),12,0.17079,0.22762
temporal_fine_g3_1e19,1e19,temporal,fine 18/192,min_logit+tau*(4.0),13,0.18723,0.25049
temporal_fine_g3_1e19,1e19,temporal,fine 18/192,min_logit+tau*(4.0),14,0.21244,0.28611
temporal_fine_g3_1e19,1e19,temporal,fine 18/192,min_logit+tau*(4.0),all,0.14193,0.17662
temporal_fine_g3_1e19,1e19,temporal,fine 18/192,discounted-oracle(g=0.5),2,0.30655,0.30923
temporal_fine_g3_1e19,1e19,temporal,fine 18/192,discounted-oracle(g=0.5),3,0.32836,0.36148
temporal_fine_g3_1e19,1e19,temporal,fine 18/192,discounted-oracle(g=0.5),4,0.35552,0.39865
temporal_fine_g3_1e19,1e19,temporal,fine 18/192,discounted-oracle(g=0.5),5,0.36779,0.41856
temporal_fine_g3_1e19,1e19,temporal,fine 18/192,discounted-oracle(g=0.5),6,0.38284,0.43212
temporal_fine_g3_1e19,1e19,temporal,fine 18/192,discounted-oracle(g=0.5),7,0.38982,0.44265
temporal_fine_g3_1e19,1e19,temporal,fine 18/192,discounted-oracle(g=0.5),8,0.41132,0.47553
temporal_fine_g3_1e19,1e19,temporal,fine 18/192,discounted-oracle(g=0.5),9,0.42889,0.49003
temporal_fine_g3_1e19,1e19,temporal,fine 18/192,discounted-oracle(g=0.5),10,0.47117,0.53376
temporal_fine_g3_1e19,1e19,temporal,fine 18/192,discounted-oracle(g=0.5),11,0.48883,0.55668
temporal_fine_g3_1e19,1e19,temporal,fine 18/192,discounted-oracle(g=0.5),12,0.48770,0.55736
temporal_fine_g3_1e19,1e19,temporal,fine 18/192,discounted-oracle(g=0.5),13,0.50844,0.57374
temporal_fine_g3_1e19,1e19,temporal,fine 18/192,discounted-oracle(g=0.5),14,0.56823,0.62554
temporal_fine_g3_1e19,1e19,temporal,fine 18/192,discounted-oracle(g=0.5),all,0.42273,0.47503
temporal_fine_g3_1e19,1e19,temporal,fine 18/192,discounted-oracle(g=0.9),2,0.33041,0.33350
temporal_fine_g3_1e19,1e19,temporal,fine 18/192,discounted-oracle(g=0.9),3,0.35502,0.38795
temporal_fine_g3_1e19,1e19,temporal,fine 18/192,discounted-oracle(g=0.9),4,0.38019,0.42445
temporal_fine_g3_1e19,1e19,temporal,fine 18/192,discounted-oracle(g=0.9),5,0.39686,0.44868
temporal_fine_g3_1e19,1e19,temporal,fine 18/192,discounted-oracle(g=0.9),6,0.40940,0.45971
temporal_fine_g3_1e19,1e19,temporal,fine 18/192,discounted-oracle(g=0.9),7,0.41804,0.47195
temporal_fine_g3_1e19,1e19,temporal,fine 18/192,discounted-oracle(g=0.9),8,0.44086,0.50470
temporal_fine_g3_1e19,1e19,temporal,fine 18/192,discounted-oracle(g=0.9),9,0.45476,0.51796
temporal_fine_g3_1e19,1e19,temporal,fine 18/192,discounted-oracle(g=0.9),10,0.49143,0.55592
temporal_fine_g3_1e19,1e19,temporal,fine 18/192,discounted-oracle(g=0.9),11,0.50532,0.57472
temporal_fine_g3_1e19,1e19,temporal,fine 18/192,discounted-oracle(g=0.9),12,0.50394,0.57524
temporal_fine_g3_1e19,1e19,temporal,fine 18/192,discounted-oracle(g=0.9),13,0.51811,0.58527
temporal_fine_g3_1e19,1e19,temporal,fine 18/192,discounted-oracle(g=0.9),14,0.55902,0.61634
temporal_fine_g3_1e19,1e19,temporal,fine 18/192,discounted-oracle(g=0.9),all,0.44334,0.49665
temporal_fine_g3_1e19,1e19,temporal,fine 18/192,discounted-oracle(g=0.95),2,0.29287,0.29576
temporal_fine_g3_1e19,1e19,temporal,fine 18/192,discounted-oracle(g=0.95),3,0.31175,0.34109
temporal_fine_g3_1e19,1e19,temporal,fine 18/192,discounted-oracle(g=0.95),4,0.32964,0.36856
temporal_fine_g3_1e19,1e19,temporal,fine 18/192,discounted-oracle(g=0.95),5,0.34349,0.39068
temporal_fine_g3_1e19,1e19,temporal,fine 18/192,discounted-oracle(g=0.95),6,0.35319,0.39780
temporal_fine_g3_1e19,1e19,temporal,fine 18/192,discounted-oracle(g=0.95),7,0.36013,0.40955
temporal_fine_g3_1e19,1e19,temporal,fine 18/192,discounted-oracle(g=0.95),8,0.37766,0.43643
temporal_fine_g3_1e19,1e19,temporal,fine 18/192,discounted-oracle(g=0.95),9,0.38794,0.44529
temporal_fine_g3_1e19,1e19,temporal,fine 18/192,discounted-oracle(g=0.95),10,0.41413,0.47210
temporal_fine_g3_1e19,1e19,temporal,fine 18/192,discounted-oracle(g=0.95),11,0.42489,0.48965
temporal_fine_g3_1e19,1e19,temporal,fine 18/192,discounted-oracle(g=0.95),12,0.42395,0.48830
temporal_fine_g3_1e19,1e19,temporal,fine 18/192,discounted-oracle(g=0.95),13,0.44113,0.50507
temporal_fine_g3_1e19,1e19,temporal,fine 18/192,discounted-oracle(g=0.95),14,0.48859,0.54153
temporal_fine_g3_1e19,1e19,temporal,fine 18/192,discounted-oracle(g=0.95),all,0.38072,0.42937
temporal_fine_g3_1e19,1e19,temporal,fine 18/192,Belady,2,0.19382,0.20064
temporal_fine_g3_1e19,1e19,temporal,fine 18/192,Belady,3,0.21824,0.24983
temporal_fine_g3_1e19,1e19,temporal,fine 18/192,Belady,4,0.24668,0.28546
temporal_fine_g3_1e19,1e19,temporal,fine 18/192,Belady,5,0.26326,0.30677
temporal_fine_g3_1e19,1e19,temporal,fine 18/192,Belady,6,0.27320,0.31654
temporal_fine_g3_1e19,1e19,temporal,fine 18/192,Belady,7,0.27715,0.32385
temporal_fine_g3_1e19,1e19,temporal,fine 18/192,Belady,8,0.29968,0.35764
temporal_fine_g3_1e19,1e19,temporal,fine 18/192,Belady,9,0.31612,0.36822
temporal_fine_g3_1e19,1e19,temporal,fine 18/192,Belady,10,0.35475,0.41158
temporal_fine_g3_1e19,1e19,temporal,fine 18/192,Belady,11,0.36972,0.43413
temporal_fine_g3_1e19,1e19,temporal,fine 18/192,Belady,12,0.36865,0.43411
temporal_fine_g3_1e19,1e19,temporal,fine 18/192,Belady,13,0.39042,0.45591
temporal_fine_g3_1e19,1e19,temporal,fine 18/192,Belady,14,0.44765,0.52271
temporal_fine_g3_1e19,1e19,temporal,fine 18/192,Belady,all,0.30918,0.35903
temporal_fine_g3_1e19,1e19,temporal,fine 18/192,Belady+prefetch(h=1),2,0.24283,0.31431
temporal_fine_g3_1e19,1e19,temporal,fine 18/192,Belady+prefetch(h=1),3,0.26704,0.39208
temporal_fine_g3_1e19,1e19,temporal,fine 18/192,Belady+prefetch(h=1),4,0.29491,0.40261
temporal_fine_g3_1e19,1e19,temporal,fine 18/192,Belady+prefetch(h=1),5,0.31033,0.42278
temporal_fine_g3_1e19,1e19,temporal,fine 18/192,Belady+prefetch(h=1),6,0.32050,0.43595
temporal_fine_g3_1e19,1e19,temporal,fine 18/192,Belady+prefetch(h=1),7,0.32445,0.45218
temporal_fine_g3_1e19,1e19,temporal,fine 18/192,Belady+prefetch(h=1),8,0.34696,0.47945
temporal_fine_g3_1e19,1e19,temporal,fine 18/192,Belady+prefetch(h=1),9,0.36294,0.49850
temporal_fine_g3_1e19,1e19,temporal,fine 18/192,Belady+prefetch(h=1),10,0.40065,0.53457
temporal_fine_g3_1e19,1e19,temporal,fine 18/192,Belady+prefetch(h=1),11,0.41516,0.55596
temporal_fine_g3_1e19,1e19,temporal,fine 18/192,Belady+prefetch(h=1),12,0.41487,0.56602
temporal_fine_g3_1e19,1e19,temporal,fine 18/192,Belady+prefetch(h=1),13,0.43514,0.58510
temporal_fine_g3_1e19,1e19,temporal,fine 18/192,Belady+prefetch(h=1),14,0.49219,0.63667
temporal_fine_g3_1e19,1e19,temporal,fine 18/192,Belady+prefetch(h=1),all,0.35600,0.48278
temporal_fine_g3_1e19,1e19,temporal,fine 18/192,Belady+prefetch(h=4),2,0.23409,0.30593
temporal_fine_g3_1e19,1e19,temporal,fine 18/192,Belady+prefetch(h=4),3,0.26035,0.38609
temporal_fine_g3_1e19,1e19,temporal,fine 18/192,Belady+prefetch(h=4),4,0.29074,0.39963
temporal_fine_g3_1e19,1e19,temporal,fine 18/192,Belady+prefetch(h=4),5,0.30887,0.42227
temporal_fine_g3_1e19,1e19,temporal,fine 18/192,Belady+prefetch(h=4),6,0.31902,0.43585
temporal_fine_g3_1e19,1e19,temporal,fine 18/192,Belady+prefetch(h=4),7,0.32437,0.45355
temporal_fine_g3_1e19,1e19,temporal,fine 18/192,Belady+prefetch(h=4),8,0.35030,0.48405
temporal_fine_g3_1e19,1e19,temporal,fine 18/192,Belady+prefetch(h=4),9,0.36443,0.50117
temporal_fine_g3_1e19,1e19,temporal,fine 18/192,Belady+prefetch(h=4),10,0.40160,0.53740
temporal_fine_g3_1e19,1e19,temporal,fine 18/192,Belady+prefetch(h=4),11,0.41744,0.55972
temporal_fine_g3_1e19,1e19,temporal,fine 18/192,Belady+prefetch(h=4),12,0.41716,0.56984
temporal_fine_g3_1e19,1e19,temporal,fine 18/192,Belady+prefetch(h=4),13,0.43517,0.58616
temporal_fine_g3_1e19,1e19,temporal,fine 18/192,Belady+prefetch(h=4),14,0.48839,0.63407
temporal_fine_g3_1e19,1e19,temporal,fine 18/192,Belady+prefetch(h=4),all,0.35476,0.48275
temporal_fine_g3_1e19,1e19,temporal,fine 18/192,Belady+prefetch(h=16),2,0.20573,0.24397
temporal_fine_g3_1e19,1e19,temporal,fine 18/192,Belady+prefetch(h=16),3,0.22076,0.29470
temporal_fine_g3_1e19,1e19,temporal,fine 18/192,Belady+prefetch(h=16),4,0.24518,0.31087
temporal_fine_g3_1e19,1e19,temporal,fine 18/192,Belady+prefetch(h=16),5,0.25625,0.32441
temporal_fine_g3_1e19,1e19,temporal,fine 18/192,Belady+prefetch(h=16),6,0.26539,0.33635
temporal_fine_g3_1e19,1e19,temporal,fine 18/192,Belady+prefetch(h=16),7,0.26914,0.34853
temporal_fine_g3_1e19,1e19,temporal,fine 18/192,Belady+prefetch(h=16),8,0.28848,0.37428
temporal_fine_g3_1e19,1e19,temporal,fine 18/192,Belady+prefetch(h=16),9,0.30156,0.38659
temporal_fine_g3_1e19,1e19,temporal,fine 18/192,Belady+prefetch(h=16),10,0.33457,0.41948
temporal_fine_g3_1e19,1e19,temporal,fine 18/192,Belady+prefetch(h=16),11,0.35238,0.44452
temporal_fine_g3_1e19,1e19,temporal,fine 18/192,Belady+prefetch(h=16),12,0.35059,0.44848
temporal_fine_g3_1e19,1e19,temporal,fine 18/192,Belady+prefetch(h=16),13,0.37836,0.47319
temporal_fine_g3_1e19,1e19,temporal,fine 18/192,Belady+prefetch(h=16),14,0.43869,0.53185
temporal_fine_g3_1e19,1e19,temporal,fine 18/192,Belady+prefetch(h=16),all,0.30055,0.37979
