active_params_M,panel,token,expert,num_experts_E,topk_k,moe_layer
8,full MoE  (top-k),0,3,64,6,6
8,full MoE  (top-k),0,5,64,6,6
8,full MoE  (top-k),0,9,64,6,6
8,full MoE  (top-k),0,13,64,6,6
8,full MoE  (top-k),0,48,64,6,6
8,full MoE  (top-k),0,62,64,6,6
8,full MoE  (top-k),1,4,64,6,6
8,full MoE  (top-k),1,6,64,6,6
8,full MoE  (top-k),1,8,64,6,6
8,full MoE  (top-k),1,12,64,6,6
8,full MoE  (top-k),1,27,64,6,6
8,full MoE  (top-k),1,45,64,6,6
8,full MoE  (top-k),2,4,64,6,6
8,full MoE  (top-k),2,6,64,6,6
8,full MoE  (top-k),2,38,64,6,6
8,full MoE  (top-k),2,51,64,6,6
8,full MoE  (top-k),2,54,64,6,6
8,full MoE  (top-k),2,59,64,6,6
8,full MoE  (top-k),3,0,64,6,6
8,full MoE  (top-k),3,20,64,6,6
8,full MoE  (top-k),3,25,64,6,6
8,full MoE  (top-k),3,31,64,6,6
8,full MoE  (top-k),3,51,64,6,6
8,full MoE  (top-k),3,58,64,6,6
8,full MoE  (top-k),4,24,64,6,6
8,full MoE  (top-k),4,26,64,6,6
8,full MoE  (top-k),4,37,64,6,6
8,full MoE  (top-k),4,54,64,6,6
8,full MoE  (top-k),4,56,64,6,6
8,full MoE  (top-k),4,62,64,6,6
8,full MoE  (top-k),5,10,64,6,6
8,full MoE  (top-k),5,19,64,6,6
8,full MoE  (top-k),5,26,64,6,6
8,full MoE  (top-k),5,38,64,6,6
8,full MoE  (top-k),5,39,64,6,6
8,full MoE  (top-k),5,62,64,6,6
8,full MoE  (top-k),6,6,64,6,6
8,full MoE  (top-k),6,12,64,6,6
8,full MoE  (top-k),6,36,64,6,6
8,full MoE  (top-k),6,38,64,6,6
8,full MoE  (top-k),6,44,64,6,6
8,full MoE  (top-k),6,45,64,6,6
8,full MoE  (top-k),7,5,64,6,6
8,full MoE  (top-k),7,9,64,6,6
8,full MoE  (top-k),7,18,64,6,6
8,full MoE  (top-k),7,20,64,6,6
8,full MoE  (top-k),7,31,64,6,6
8,full MoE  (top-k),7,59,64,6,6
8,full MoE  (top-k),8,5,64,6,6
8,full MoE  (top-k),8,20,64,6,6
8,full MoE  (top-k),8,28,64,6,6
8,full MoE  (top-k),8,39,64,6,6
8,full MoE  (top-k),8,47,64,6,6
8,full MoE  (top-k),8,59,64,6,6
8,full MoE  (top-k),9,0,64,6,6
8,full MoE  (top-k),9,8,64,6,6
8,full MoE  (top-k),9,20,64,6,6
8,full MoE  (top-k),9,31,64,6,6
8,full MoE  (top-k),9,58,64,6,6
8,full MoE  (top-k),9,59,64,6,6
8,full MoE  (top-k),10,1,64,6,6
8,full MoE  (top-k),10,11,64,6,6
8,full MoE  (top-k),10,25,64,6,6
8,full MoE  (top-k),10,49,64,6,6
8,full MoE  (top-k),10,61,64,6,6
8,full MoE  (top-k),10,63,64,6,6
8,full MoE  (top-k),11,16,64,6,6
8,full MoE  (top-k),11,22,64,6,6
8,full MoE  (top-k),11,34,64,6,6
8,full MoE  (top-k),11,35,64,6,6
8,full MoE  (top-k),11,52,64,6,6
8,full MoE  (top-k),11,58,64,6,6
8,full MoE  (top-k),12,0,64,6,6
8,full MoE  (top-k),12,4,64,6,6
8,full MoE  (top-k),12,10,64,6,6
8,full MoE  (top-k),12,31,64,6,6
8,full MoE  (top-k),12,51,64,6,6
8,full MoE  (top-k),12,59,64,6,6
8,full MoE  (top-k),13,2,64,6,6
8,full MoE  (top-k),13,3,64,6,6
8,full MoE  (top-k),13,7,64,6,6
8,full MoE  (top-k),13,14,64,6,6
8,full MoE  (top-k),13,23,64,6,6
8,full MoE  (top-k),13,54,64,6,6
8,full MoE  (top-k),14,5,64,6,6
8,full MoE  (top-k),14,11,64,6,6
8,full MoE  (top-k),14,17,64,6,6
8,full MoE  (top-k),14,20,64,6,6
8,full MoE  (top-k),14,48,64,6,6
8,full MoE  (top-k),14,59,64,6,6
8,full MoE  (top-k),15,24,64,6,6
8,full MoE  (top-k),15,25,64,6,6
8,full MoE  (top-k),15,26,64,6,6
8,full MoE  (top-k),15,37,64,6,6
8,full MoE  (top-k),15,56,64,6,6
8,full MoE  (top-k),15,62,64,6,6
8,full MoE  (top-k),16,2,64,6,6
8,full MoE  (top-k),16,10,64,6,6
8,full MoE  (top-k),16,26,64,6,6
8,full MoE  (top-k),16,38,64,6,6
8,full MoE  (top-k),16,56,64,6,6
8,full MoE  (top-k),16,62,64,6,6
8,full MoE  (top-k),17,26,64,6,6
8,full MoE  (top-k),17,27,64,6,6
8,full MoE  (top-k),17,30,64,6,6
8,full MoE  (top-k),17,44,64,6,6
8,full MoE  (top-k),17,49,64,6,6
8,full MoE  (top-k),17,61,64,6,6
8,full MoE  (top-k),18,1,64,6,6
8,full MoE  (top-k),18,3,64,6,6
8,full MoE  (top-k),18,30,64,6,6
8,full MoE  (top-k),18,44,64,6,6
8,full MoE  (top-k),18,47,64,6,6
8,full MoE  (top-k),18,61,64,6,6
8,full MoE  (top-k),19,2,64,6,6
8,full MoE  (top-k),19,3,64,6,6
8,full MoE  (top-k),19,7,64,6,6
8,full MoE  (top-k),19,14,64,6,6
8,full MoE  (top-k),19,23,64,6,6
8,full MoE  (top-k),19,61,64,6,6
8,full MoE  (top-k),20,2,64,6,6
8,full MoE  (top-k),20,24,64,6,6
8,full MoE  (top-k),20,26,64,6,6
8,full MoE  (top-k),20,37,64,6,6
8,full MoE  (top-k),20,56,64,6,6
8,full MoE  (top-k),20,62,64,6,6
8,full MoE  (top-k),21,14,64,6,6
8,full MoE  (top-k),21,24,64,6,6
8,full MoE  (top-k),21,30,64,6,6
8,full MoE  (top-k),21,37,64,6,6
8,full MoE  (top-k),21,49,64,6,6
8,full MoE  (top-k),21,61,64,6,6
8,full MoE  (top-k),22,9,64,6,6
8,full MoE  (top-k),22,44,64,6,6
8,full MoE  (top-k),22,47,64,6,6
8,full MoE  (top-k),22,48,64,6,6
8,full MoE  (top-k),22,49,64,6,6
8,full MoE  (top-k),22,61,64,6,6
8,full MoE  (top-k),23,14,64,6,6
8,full MoE  (top-k),23,16,64,6,6
8,full MoE  (top-k),23,22,64,6,6
8,full MoE  (top-k),23,24,64,6,6
8,full MoE  (top-k),23,52,64,6,6
8,full MoE  (top-k),23,58,64,6,6
8,full MoE  (top-k),24,10,64,6,6
8,full MoE  (top-k),24,31,64,6,6
8,full MoE  (top-k),24,40,64,6,6
8,full MoE  (top-k),24,47,64,6,6
8,full MoE  (top-k),24,49,64,6,6
8,full MoE  (top-k),24,57,64,6,6
8,full MoE  (top-k),25,24,64,6,6
8,full MoE  (top-k),25,26,64,6,6
8,full MoE  (top-k),25,37,64,6,6
8,full MoE  (top-k),25,56,64,6,6
8,full MoE  (top-k),25,61,64,6,6
8,full MoE  (top-k),25,62,64,6,6
8,full MoE  (top-k),26,10,64,6,6
8,full MoE  (top-k),26,19,64,6,6
8,full MoE  (top-k),26,38,64,6,6
8,full MoE  (top-k),26,39,64,6,6
8,full MoE  (top-k),26,56,64,6,6
8,full MoE  (top-k),26,62,64,6,6
8,full MoE  (top-k),27,2,64,6,6
8,full MoE  (top-k),27,3,64,6,6
8,full MoE  (top-k),27,23,64,6,6
8,full MoE  (top-k),27,49,64,6,6
8,full MoE  (top-k),27,60,64,6,6
8,full MoE  (top-k),27,61,64,6,6
8,full MoE  (top-k),28,5,64,6,6
8,full MoE  (top-k),28,9,64,6,6
8,full MoE  (top-k),28,20,64,6,6
8,full MoE  (top-k),28,44,64,6,6
8,full MoE  (top-k),28,48,64,6,6
8,full MoE  (top-k),28,61,64,6,6
8,full MoE  (top-k),29,5,64,6,6
8,full MoE  (top-k),29,31,64,6,6
8,full MoE  (top-k),29,32,64,6,6
8,full MoE  (top-k),29,57,64,6,6
8,full MoE  (top-k),29,59,64,6,6
8,full MoE  (top-k),29,60,64,6,6
8,full MoE  (top-k),30,11,64,6,6
8,full MoE  (top-k),30,24,64,6,6
8,full MoE  (top-k),30,25,64,6,6
8,full MoE  (top-k),30,49,64,6,6
8,full MoE  (top-k),30,61,64,6,6
8,full MoE  (top-k),30,63,64,6,6
8,full MoE  (top-k),31,7,64,6,6
8,full MoE  (top-k),31,21,64,6,6
8,full MoE  (top-k),31,23,64,6,6
8,full MoE  (top-k),31,32,64,6,6
8,full MoE  (top-k),31,47,64,6,6
8,full MoE  (top-k),31,61,64,6,6
8,full MoE  (top-k),32,4,64,6,6
8,full MoE  (top-k),32,31,64,6,6
8,full MoE  (top-k),32,32,64,6,6
8,full MoE  (top-k),32,41,64,6,6
8,full MoE  (top-k),32,50,64,6,6
8,full MoE  (top-k),32,59,64,6,6
8,full MoE  (top-k),33,1,64,6,6
8,full MoE  (top-k),33,24,64,6,6
8,full MoE  (top-k),33,25,64,6,6
8,full MoE  (top-k),33,49,64,6,6
8,full MoE  (top-k),33,58,64,6,6
8,full MoE  (top-k),33,63,64,6,6
8,full MoE  (top-k),34,1,64,6,6
8,full MoE  (top-k),34,25,64,6,6
8,full MoE  (top-k),34,30,64,6,6
8,full MoE  (top-k),34,49,64,6,6
8,full MoE  (top-k),34,58,64,6,6
8,full MoE  (top-k),34,63,64,6,6
8,full MoE  (top-k),35,6,64,6,6
8,full MoE  (top-k),35,9,64,6,6
8,full MoE  (top-k),35,20,64,6,6
8,full MoE  (top-k),35,47,64,6,6
8,full MoE  (top-k),35,48,64,6,6
8,full MoE  (top-k),35,58,64,6,6
8,full MoE  (top-k),36,24,64,6,6
8,full MoE  (top-k),36,30,64,6,6
8,full MoE  (top-k),36,49,64,6,6
8,full MoE  (top-k),36,56,64,6,6
8,full MoE  (top-k),36,61,64,6,6
8,full MoE  (top-k),36,63,64,6,6
8,full MoE  (top-k),37,10,64,6,6
8,full MoE  (top-k),37,19,64,6,6
8,full MoE  (top-k),37,38,64,6,6
8,full MoE  (top-k),37,42,64,6,6
8,full MoE  (top-k),37,56,64,6,6
8,full MoE  (top-k),37,62,64,6,6
8,full MoE  (top-k),38,6,64,6,6
8,full MoE  (top-k),38,8,64,6,6
8,full MoE  (top-k),38,12,64,6,6
8,full MoE  (top-k),38,38,64,6,6
8,full MoE  (top-k),38,44,64,6,6
8,full MoE  (top-k),38,45,64,6,6
8,full MoE  (top-k),39,6,64,6,6
8,full MoE  (top-k),39,20,64,6,6
8,full MoE  (top-k),39,41,64,6,6
8,full MoE  (top-k),39,42,64,6,6
8,full MoE  (top-k),39,51,64,6,6
8,full MoE  (top-k),39,54,64,6,6
8,full MoE  (top-k),40,1,64,6,6
8,full MoE  (top-k),40,25,64,6,6
8,full MoE  (top-k),40,30,64,6,6
8,full MoE  (top-k),40,36,64,6,6
8,full MoE  (top-k),40,58,64,6,6
8,full MoE  (top-k),40,63,64,6,6
8,full MoE  (top-k),41,0,64,6,6
8,full MoE  (top-k),41,4,64,6,6
8,full MoE  (top-k),41,31,64,6,6
8,full MoE  (top-k),41,32,64,6,6
8,full MoE  (top-k),41,51,64,6,6
8,full MoE  (top-k),41,59,64,6,6
8,full MoE  (top-k),42,11,64,6,6
8,full MoE  (top-k),42,24,64,6,6
8,full MoE  (top-k),42,25,64,6,6
8,full MoE  (top-k),42,49,64,6,6
8,full MoE  (top-k),42,61,64,6,6
8,full MoE  (top-k),42,63,64,6,6
8,full MoE  (top-k),43,32,64,6,6
8,full MoE  (top-k),43,42,64,6,6
8,full MoE  (top-k),43,49,64,6,6
8,full MoE  (top-k),43,50,64,6,6
8,full MoE  (top-k),43,59,64,6,6
8,full MoE  (top-k),43,60,64,6,6
8,full MoE  (top-k),44,1,64,6,6
8,full MoE  (top-k),44,2,64,6,6
8,full MoE  (top-k),44,25,64,6,6
8,full MoE  (top-k),44,30,64,6,6
8,full MoE  (top-k),44,58,64,6,6
8,full MoE  (top-k),44,63,64,6,6
8,full MoE  (top-k),45,0,64,6,6
8,full MoE  (top-k),45,10,64,6,6
8,full MoE  (top-k),45,31,64,6,6
8,full MoE  (top-k),45,32,64,6,6
8,full MoE  (top-k),45,41,64,6,6
8,full MoE  (top-k),45,59,64,6,6
8,full MoE  (top-k),46,24,64,6,6
8,full MoE  (top-k),46,25,64,6,6
8,full MoE  (top-k),46,49,64,6,6
8,full MoE  (top-k),46,58,64,6,6
8,full MoE  (top-k),46,61,64,6,6
8,full MoE  (top-k),46,63,64,6,6
8,full MoE  (top-k),47,10,64,6,6
8,full MoE  (top-k),47,26,64,6,6
8,full MoE  (top-k),47,38,64,6,6
8,full MoE  (top-k),47,49,64,6,6
8,full MoE  (top-k),47,56,64,6,6
8,full MoE  (top-k),47,62,64,6,6
8,full MoE  (top-k),48,6,64,6,6
8,full MoE  (top-k),48,12,64,6,6
8,full MoE  (top-k),48,36,64,6,6
8,full MoE  (top-k),48,38,64,6,6
8,full MoE  (top-k),48,44,64,6,6
8,full MoE  (top-k),48,45,64,6,6
8,full MoE  (top-k),49,10,64,6,6
8,full MoE  (top-k),49,31,64,6,6
8,full MoE  (top-k),49,41,64,6,6
8,full MoE  (top-k),49,50,64,6,6
8,full MoE  (top-k),49,51,64,6,6
8,full MoE  (top-k),49,59,64,6,6
8,full MoE  (top-k),50,1,64,6,6
8,full MoE  (top-k),50,25,64,6,6
8,full MoE  (top-k),50,30,64,6,6
8,full MoE  (top-k),50,36,64,6,6
8,full MoE  (top-k),50,39,64,6,6
8,full MoE  (top-k),50,63,64,6,6
8,full MoE  (top-k),51,6,64,6,6
8,full MoE  (top-k),51,12,64,6,6
8,full MoE  (top-k),51,27,64,6,6
8,full MoE  (top-k),51,38,64,6,6
8,full MoE  (top-k),51,44,64,6,6
8,full MoE  (top-k),51,45,64,6,6
8,full MoE  (top-k),52,10,64,6,6
8,full MoE  (top-k),52,20,64,6,6
8,full MoE  (top-k),52,32,64,6,6
8,full MoE  (top-k),52,41,64,6,6
8,full MoE  (top-k),52,46,64,6,6
8,full MoE  (top-k),52,54,64,6,6
8,full MoE  (top-k),53,11,64,6,6
8,full MoE  (top-k),53,24,64,6,6
8,full MoE  (top-k),53,25,64,6,6
8,full MoE  (top-k),53,39,64,6,6
8,full MoE  (top-k),53,49,64,6,6
8,full MoE  (top-k),53,61,64,6,6
8,full MoE  (top-k),54,9,64,6,6
8,full MoE  (top-k),54,20,64,6,6
8,full MoE  (top-k),54,32,64,6,6
8,full MoE  (top-k),54,47,64,6,6
8,full MoE  (top-k),54,48,64,6,6
8,full MoE  (top-k),54,61,64,6,6
8,full MoE  (top-k),55,2,64,6,6
8,full MoE  (top-k),55,3,64,6,6
8,full MoE  (top-k),55,11,64,6,6
8,full MoE  (top-k),55,25,64,6,6
8,full MoE  (top-k),55,30,64,6,6
8,full MoE  (top-k),55,63,64,6,6
8,full MoE  (top-k),56,3,64,6,6
8,full MoE  (top-k),56,15,64,6,6
8,full MoE  (top-k),56,31,64,6,6
8,full MoE  (top-k),56,50,64,6,6
8,full MoE  (top-k),56,57,64,6,6
8,full MoE  (top-k),56,60,64,6,6
8,full MoE  (top-k),57,2,64,6,6
8,full MoE  (top-k),57,24,64,6,6
8,full MoE  (top-k),57,26,64,6,6
8,full MoE  (top-k),57,37,64,6,6
8,full MoE  (top-k),57,56,64,6,6
8,full MoE  (top-k),57,61,64,6,6
8,full MoE  (top-k),58,2,64,6,6
8,full MoE  (top-k),58,10,64,6,6
8,full MoE  (top-k),58,19,64,6,6
8,full MoE  (top-k),58,38,64,6,6
8,full MoE  (top-k),58,56,64,6,6
8,full MoE  (top-k),58,62,64,6,6
8,full MoE  (top-k),59,2,64,6,6
8,full MoE  (top-k),59,24,64,6,6
8,full MoE  (top-k),59,26,64,6,6
8,full MoE  (top-k),59,36,64,6,6
8,full MoE  (top-k),59,56,64,6,6
8,full MoE  (top-k),59,62,64,6,6
8,full MoE  (top-k),60,8,64,6,6
8,full MoE  (top-k),60,10,64,6,6
8,full MoE  (top-k),60,12,64,6,6
8,full MoE  (top-k),60,38,64,6,6
8,full MoE  (top-k),60,44,64,6,6
8,full MoE  (top-k),60,45,64,6,6
8,full MoE  (top-k),61,31,64,6,6
8,full MoE  (top-k),61,41,64,6,6
8,full MoE  (top-k),61,42,64,6,6
8,full MoE  (top-k),61,50,64,6,6
8,full MoE  (top-k),61,59,64,6,6
8,full MoE  (top-k),61,61,64,6,6
8,full MoE  (top-k),62,16,64,6,6
8,full MoE  (top-k),62,22,64,6,6
8,full MoE  (top-k),62,24,64,6,6
8,full MoE  (top-k),62,35,64,6,6
8,full MoE  (top-k),62,39,64,6,6
8,full MoE  (top-k),62,52,64,6,6
8,full MoE  (top-k),63,16,64,6,6
8,full MoE  (top-k),63,35,64,6,6
8,full MoE  (top-k),63,42,64,6,6
8,full MoE  (top-k),63,49,64,6,6
8,full MoE  (top-k),63,52,64,6,6
8,full MoE  (top-k),63,60,64,6,6
8,full MoE  (top-k),64,2,64,6,6
8,full MoE  (top-k),64,11,64,6,6
8,full MoE  (top-k),64,24,64,6,6
8,full MoE  (top-k),64,26,64,6,6
8,full MoE  (top-k),64,49,64,6,6
8,full MoE  (top-k),64,61,64,6,6
8,full MoE  (top-k),65,18,64,6,6
8,full MoE  (top-k),65,21,64,6,6
8,full MoE  (top-k),65,27,64,6,6
8,full MoE  (top-k),65,30,64,6,6
8,full MoE  (top-k),65,44,64,6,6
8,full MoE  (top-k),65,61,64,6,6
8,full MoE  (top-k),66,3,64,6,6
8,full MoE  (top-k),66,7,64,6,6
8,full MoE  (top-k),66,30,64,6,6
8,full MoE  (top-k),66,37,64,6,6
8,full MoE  (top-k),66,54,64,6,6
8,full MoE  (top-k),66,60,64,6,6
8,full MoE  (top-k),67,6,64,6,6
8,full MoE  (top-k),67,27,64,6,6
8,full MoE  (top-k),67,37,64,6,6
8,full MoE  (top-k),67,38,64,6,6
8,full MoE  (top-k),67,54,64,6,6
8,full MoE  (top-k),67,62,64,6,6
8,full MoE  (top-k),68,7,64,6,6
8,full MoE  (top-k),68,14,64,6,6
8,full MoE  (top-k),68,21,64,6,6
8,full MoE  (top-k),68,23,64,6,6
8,full MoE  (top-k),68,37,64,6,6
8,full MoE  (top-k),68,48,64,6,6
8,full MoE  (top-k),69,5,64,6,6
8,full MoE  (top-k),69,7,64,6,6
8,full MoE  (top-k),69,17,64,6,6
8,full MoE  (top-k),69,46,64,6,6
8,full MoE  (top-k),69,48,64,6,6
8,full MoE  (top-k),69,60,64,6,6
8,full MoE  (top-k),70,2,64,6,6
8,full MoE  (top-k),70,10,64,6,6
8,full MoE  (top-k),70,24,64,6,6
8,full MoE  (top-k),70,49,64,6,6
8,full MoE  (top-k),70,56,64,6,6
8,full MoE  (top-k),70,62,64,6,6
8,full MoE  (top-k),71,10,64,6,6
8,full MoE  (top-k),71,19,64,6,6
8,full MoE  (top-k),71,24,64,6,6
8,full MoE  (top-k),71,39,64,6,6
8,full MoE  (top-k),71,56,64,6,6
8,full MoE  (top-k),71,62,64,6,6
8,full MoE  (top-k),72,2,64,6,6
8,full MoE  (top-k),72,3,64,6,6
8,full MoE  (top-k),72,30,64,6,6
8,full MoE  (top-k),72,49,64,6,6
8,full MoE  (top-k),72,60,64,6,6
8,full MoE  (top-k),72,61,64,6,6
8,full MoE  (top-k),73,2,64,6,6
8,full MoE  (top-k),73,3,64,6,6
8,full MoE  (top-k),73,7,64,6,6
8,full MoE  (top-k),73,14,64,6,6
8,full MoE  (top-k),73,33,64,6,6
8,full MoE  (top-k),73,37,64,6,6
8,full MoE  (top-k),74,2,64,6,6
8,full MoE  (top-k),74,3,64,6,6
8,full MoE  (top-k),74,7,64,6,6
8,full MoE  (top-k),74,23,64,6,6
8,full MoE  (top-k),74,33,64,6,6
8,full MoE  (top-k),74,37,64,6,6
8,full MoE  (top-k),75,2,64,6,6
8,full MoE  (top-k),75,3,64,6,6
8,full MoE  (top-k),75,7,64,6,6
8,full MoE  (top-k),75,23,64,6,6
8,full MoE  (top-k),75,54,64,6,6
8,full MoE  (top-k),75,61,64,6,6
8,full MoE  (top-k),76,2,64,6,6
8,full MoE  (top-k),76,3,64,6,6
8,full MoE  (top-k),76,7,64,6,6
8,full MoE  (top-k),76,14,64,6,6
8,full MoE  (top-k),76,23,64,6,6
8,full MoE  (top-k),76,54,64,6,6
8,full MoE  (top-k),77,6,64,6,6
8,full MoE  (top-k),77,12,64,6,6
8,full MoE  (top-k),77,27,64,6,6
8,full MoE  (top-k),77,42,64,6,6
8,full MoE  (top-k),77,44,64,6,6
8,full MoE  (top-k),77,45,64,6,6
8,full MoE  (top-k),78,1,64,6,6
8,full MoE  (top-k),78,9,64,6,6
8,full MoE  (top-k),78,11,64,6,6
8,full MoE  (top-k),78,20,64,6,6
8,full MoE  (top-k),78,48,64,6,6
8,full MoE  (top-k),78,63,64,6,6
8,full MoE  (top-k),79,5,64,6,6
8,full MoE  (top-k),79,40,64,6,6
8,full MoE  (top-k),79,46,64,6,6
8,full MoE  (top-k),79,47,64,6,6
8,full MoE  (top-k),79,48,64,6,6
8,full MoE  (top-k),79,57,64,6,6
8,full MoE  (top-k),80,10,64,6,6
8,full MoE  (top-k),80,19,64,6,6
8,full MoE  (top-k),80,38,64,6,6
8,full MoE  (top-k),80,42,64,6,6
8,full MoE  (top-k),80,56,64,6,6
8,full MoE  (top-k),80,62,64,6,6
8,full MoE  (top-k),81,9,64,6,6
8,full MoE  (top-k),81,13,64,6,6
8,full MoE  (top-k),81,28,64,6,6
8,full MoE  (top-k),81,36,64,6,6
8,full MoE  (top-k),81,44,64,6,6
8,full MoE  (top-k),81,61,64,6,6
8,full MoE  (top-k),82,16,64,6,6
8,full MoE  (top-k),82,22,64,6,6
8,full MoE  (top-k),82,23,64,6,6
8,full MoE  (top-k),82,25,64,6,6
8,full MoE  (top-k),82,35,64,6,6
8,full MoE  (top-k),82,49,64,6,6
8,full MoE  (top-k),83,10,64,6,6
8,full MoE  (top-k),83,32,64,6,6
8,full MoE  (top-k),83,46,64,6,6
8,full MoE  (top-k),83,49,64,6,6
8,full MoE  (top-k),83,60,64,6,6
8,full MoE  (top-k),83,62,64,6,6
8,full MoE  (top-k),84,1,64,6,6
8,full MoE  (top-k),84,13,64,6,6
8,full MoE  (top-k),84,23,64,6,6
8,full MoE  (top-k),84,28,64,6,6
8,full MoE  (top-k),84,30,64,6,6
8,full MoE  (top-k),84,61,64,6,6
8,full MoE  (top-k),85,6,64,6,6
8,full MoE  (top-k),85,12,64,6,6
8,full MoE  (top-k),85,27,64,6,6
8,full MoE  (top-k),85,42,64,6,6
8,full MoE  (top-k),85,44,64,6,6
8,full MoE  (top-k),85,45,64,6,6
8,full MoE  (top-k),86,0,64,6,6
8,full MoE  (top-k),86,4,64,6,6
8,full MoE  (top-k),86,10,64,6,6
8,full MoE  (top-k),86,20,64,6,6
8,full MoE  (top-k),86,31,64,6,6
8,full MoE  (top-k),86,51,64,6,6
8,full MoE  (top-k),87,1,64,6,6
8,full MoE  (top-k),87,25,64,6,6
8,full MoE  (top-k),87,30,64,6,6
8,full MoE  (top-k),87,55,64,6,6
8,full MoE  (top-k),87,58,64,6,6
8,full MoE  (top-k),87,63,64,6,6
8,full MoE  (top-k),88,6,64,6,6
8,full MoE  (top-k),88,12,64,6,6
8,full MoE  (top-k),88,32,64,6,6
8,full MoE  (top-k),88,42,64,6,6
8,full MoE  (top-k),88,45,64,6,6
8,full MoE  (top-k),88,59,64,6,6
8,full MoE  (top-k),89,0,64,6,6
8,full MoE  (top-k),89,10,64,6,6
8,full MoE  (top-k),89,20,64,6,6
8,full MoE  (top-k),89,31,64,6,6
8,full MoE  (top-k),89,46,64,6,6
8,full MoE  (top-k),89,60,64,6,6
8,full MoE  (top-k),90,24,64,6,6
8,full MoE  (top-k),90,26,64,6,6
8,full MoE  (top-k),90,37,64,6,6
8,full MoE  (top-k),90,56,64,6,6
8,full MoE  (top-k),90,61,64,6,6
8,full MoE  (top-k),90,62,64,6,6
8,full MoE  (top-k),91,10,64,6,6
8,full MoE  (top-k),91,19,64,6,6
8,full MoE  (top-k),91,38,64,6,6
8,full MoE  (top-k),91,42,64,6,6
8,full MoE  (top-k),91,56,64,6,6
8,full MoE  (top-k),91,62,64,6,6
8,full MoE  (top-k),92,24,64,6,6
8,full MoE  (top-k),92,30,64,6,6
8,full MoE  (top-k),92,49,64,6,6
8,full MoE  (top-k),92,56,64,6,6
8,full MoE  (top-k),92,61,64,6,6
8,full MoE  (top-k),92,63,64,6,6
8,full MoE  (top-k),93,8,64,6,6
8,full MoE  (top-k),93,14,64,6,6
8,full MoE  (top-k),93,21,64,6,6
8,full MoE  (top-k),93,23,64,6,6
8,full MoE  (top-k),93,47,64,6,6
8,full MoE  (top-k),93,61,64,6,6
8,full MoE  (top-k),94,5,64,6,6
8,full MoE  (top-k),94,40,64,6,6
8,full MoE  (top-k),94,47,64,6,6
8,full MoE  (top-k),94,48,64,6,6
8,full MoE  (top-k),94,49,64,6,6
8,full MoE  (top-k),94,60,64,6,6
8,full MoE  (top-k),95,27,64,6,6
8,full MoE  (top-k),95,30,64,6,6
8,full MoE  (top-k),95,35,64,6,6
8,full MoE  (top-k),95,44,64,6,6
8,full MoE  (top-k),95,49,64,6,6
8,full MoE  (top-k),95,61,64,6,6
8,full MoE  (top-k),96,2,64,6,6
8,full MoE  (top-k),96,3,64,6,6
8,full MoE  (top-k),96,7,64,6,6
8,full MoE  (top-k),96,14,64,6,6
8,full MoE  (top-k),96,33,64,6,6
8,full MoE  (top-k),96,34,64,6,6
8,full MoE  (top-k),97,4,64,6,6
8,full MoE  (top-k),97,5,64,6,6
8,full MoE  (top-k),97,17,64,6,6
8,full MoE  (top-k),97,46,64,6,6
8,full MoE  (top-k),97,47,64,6,6
8,full MoE  (top-k),97,48,64,6,6
8,full MoE  (top-k),98,11,64,6,6
8,full MoE  (top-k),98,24,64,6,6
8,full MoE  (top-k),98,56,64,6,6
8,full MoE  (top-k),98,61,64,6,6
8,full MoE  (top-k),98,62,64,6,6
8,full MoE  (top-k),98,63,64,6,6
8,full MoE  (top-k),99,8,64,6,6
8,full MoE  (top-k),99,10,64,6,6
8,full MoE  (top-k),99,19,64,6,6
8,full MoE  (top-k),99,38,64,6,6
8,full MoE  (top-k),99,56,64,6,6
8,full MoE  (top-k),99,62,64,6,6
8,full MoE  (top-k),100,6,64,6,6
8,full MoE  (top-k),100,12,64,6,6
8,full MoE  (top-k),100,36,64,6,6
8,full MoE  (top-k),100,38,64,6,6
8,full MoE  (top-k),100,44,64,6,6
8,full MoE  (top-k),100,45,64,6,6
8,full MoE  (top-k),101,9,64,6,6
8,full MoE  (top-k),101,44,64,6,6
8,full MoE  (top-k),101,47,64,6,6
8,full MoE  (top-k),101,48,64,6,6
8,full MoE  (top-k),101,49,64,6,6
8,full MoE  (top-k),101,61,64,6,6
8,full MoE  (top-k),102,5,64,6,6
8,full MoE  (top-k),102,20,64,6,6
8,full MoE  (top-k),102,31,64,6,6
8,full MoE  (top-k),102,42,64,6,6
8,full MoE  (top-k),102,47,64,6,6
8,full MoE  (top-k),102,59,64,6,6
8,full MoE  (top-k),103,2,64,6,6
8,full MoE  (top-k),103,24,64,6,6
8,full MoE  (top-k),103,25,64,6,6
8,full MoE  (top-k),103,30,64,6,6
8,full MoE  (top-k),103,49,64,6,6
8,full MoE  (top-k),103,63,64,6,6
8,full MoE  (top-k),104,6,64,6,6
8,full MoE  (top-k),104,27,64,6,6
8,full MoE  (top-k),104,42,64,6,6
8,full MoE  (top-k),104,45,64,6,6
8,full MoE  (top-k),104,48,64,6,6
8,full MoE  (top-k),104,54,64,6,6
8,full MoE  (top-k),105,5,64,6,6
8,full MoE  (top-k),105,20,64,6,6
8,full MoE  (top-k),105,31,64,6,6
8,full MoE  (top-k),105,47,64,6,6
8,full MoE  (top-k),105,51,64,6,6
8,full MoE  (top-k),105,59,64,6,6
8,full MoE  (top-k),106,11,64,6,6
8,full MoE  (top-k),106,24,64,6,6
8,full MoE  (top-k),106,25,64,6,6
8,full MoE  (top-k),106,49,64,6,6
8,full MoE  (top-k),106,61,64,6,6
8,full MoE  (top-k),106,63,64,6,6
8,full MoE  (top-k),107,27,64,6,6
8,full MoE  (top-k),107,30,64,6,6
8,full MoE  (top-k),107,42,64,6,6
8,full MoE  (top-k),107,45,64,6,6
8,full MoE  (top-k),107,49,64,6,6
8,full MoE  (top-k),107,61,64,6,6
8,full MoE  (top-k),108,6,64,6,6
8,full MoE  (top-k),108,27,64,6,6
8,full MoE  (top-k),108,37,64,6,6
8,full MoE  (top-k),108,42,64,6,6
8,full MoE  (top-k),108,45,64,6,6
8,full MoE  (top-k),108,54,64,6,6
8,full MoE  (top-k),109,5,64,6,6
8,full MoE  (top-k),109,20,64,6,6
8,full MoE  (top-k),109,25,64,6,6
8,full MoE  (top-k),109,31,64,6,6
8,full MoE  (top-k),109,59,64,6,6
8,full MoE  (top-k),109,60,64,6,6
8,full MoE  (top-k),110,3,64,6,6
8,full MoE  (top-k),110,21,64,6,6
8,full MoE  (top-k),110,23,64,6,6
8,full MoE  (top-k),110,25,64,6,6
8,full MoE  (top-k),110,30,64,6,6
8,full MoE  (top-k),110,63,64,6,6
8,full MoE  (top-k),111,4,64,6,6
8,full MoE  (top-k),111,6,64,6,6
8,full MoE  (top-k),111,12,64,6,6
8,full MoE  (top-k),111,27,64,6,6
8,full MoE  (top-k),111,45,64,6,6
8,full MoE  (top-k),111,54,64,6,6
8,full MoE  (top-k),112,5,64,6,6
8,full MoE  (top-k),112,20,64,6,6
8,full MoE  (top-k),112,31,64,6,6
8,full MoE  (top-k),112,42,64,6,6
8,full MoE  (top-k),112,59,64,6,6
8,full MoE  (top-k),112,60,64,6,6
8,full MoE  (top-k),113,11,64,6,6
8,full MoE  (top-k),113,24,64,6,6
8,full MoE  (top-k),113,49,64,6,6
8,full MoE  (top-k),113,56,64,6,6
8,full MoE  (top-k),113,61,64,6,6
8,full MoE  (top-k),113,63,64,6,6
8,full MoE  (top-k),114,10,64,6,6
8,full MoE  (top-k),114,19,64,6,6
8,full MoE  (top-k),114,38,64,6,6
8,full MoE  (top-k),114,42,64,6,6
8,full MoE  (top-k),114,56,64,6,6
8,full MoE  (top-k),114,62,64,6,6
8,full MoE  (top-k),115,6,64,6,6
8,full MoE  (top-k),115,12,64,6,6
8,full MoE  (top-k),115,36,64,6,6
8,full MoE  (top-k),115,38,64,6,6
8,full MoE  (top-k),115,44,64,6,6
8,full MoE  (top-k),115,45,64,6,6
8,full MoE  (top-k),116,4,64,6,6
8,full MoE  (top-k),116,6,64,6,6
8,full MoE  (top-k),116,12,64,6,6
8,full MoE  (top-k),116,27,64,6,6
8,full MoE  (top-k),116,38,64,6,6
8,full MoE  (top-k),116,54,64,6,6
8,full MoE  (top-k),117,16,64,6,6
8,full MoE  (top-k),117,20,64,6,6
8,full MoE  (top-k),117,31,64,6,6
8,full MoE  (top-k),117,41,64,6,6
8,full MoE  (top-k),117,43,64,6,6
8,full MoE  (top-k),117,50,64,6,6
8,full MoE  (top-k),118,11,64,6,6
8,full MoE  (top-k),118,24,64,6,6
8,full MoE  (top-k),118,39,64,6,6
8,full MoE  (top-k),118,49,64,6,6
8,full MoE  (top-k),118,61,64,6,6
8,full MoE  (top-k),118,63,64,6,6
8,full MoE  (top-k),119,20,64,6,6
8,full MoE  (top-k),119,31,64,6,6
8,full MoE  (top-k),119,32,64,6,6
8,full MoE  (top-k),119,43,64,6,6
8,full MoE  (top-k),119,51,64,6,6
8,full MoE  (top-k),119,59,64,6,6
8,full MoE  (top-k),120,11,64,6,6
8,full MoE  (top-k),120,24,64,6,6
8,full MoE  (top-k),120,25,64,6,6
8,full MoE  (top-k),120,49,64,6,6
8,full MoE  (top-k),120,58,64,6,6
8,full MoE  (top-k),120,63,64,6,6
8,full MoE  (top-k),121,18,64,6,6
8,full MoE  (top-k),121,27,64,6,6
8,full MoE  (top-k),121,30,64,6,6
8,full MoE  (top-k),121,32,64,6,6
8,full MoE  (top-k),121,44,64,6,6
8,full MoE  (top-k),121,61,64,6,6
8,full MoE  (top-k),122,2,64,6,6
8,full MoE  (top-k),122,26,64,6,6
8,full MoE  (top-k),122,30,64,6,6
8,full MoE  (top-k),122,49,64,6,6
8,full MoE  (top-k),122,61,64,6,6
8,full MoE  (top-k),122,63,64,6,6
8,full MoE  (top-k),123,17,64,6,6
8,full MoE  (top-k),123,20,64,6,6
8,full MoE  (top-k),123,25,64,6,6
8,full MoE  (top-k),123,32,64,6,6
8,full MoE  (top-k),123,59,64,6,6
8,full MoE  (top-k),123,60,64,6,6
8,full MoE  (top-k),124,11,64,6,6
8,full MoE  (top-k),124,25,64,6,6
8,full MoE  (top-k),124,30,64,6,6
8,full MoE  (top-k),124,49,64,6,6
8,full MoE  (top-k),124,61,64,6,6
8,full MoE  (top-k),124,63,64,6,6
8,full MoE  (top-k),125,10,64,6,6
8,full MoE  (top-k),125,19,64,6,6
8,full MoE  (top-k),125,38,64,6,6
8,full MoE  (top-k),125,42,64,6,6
8,full MoE  (top-k),125,56,64,6,6
8,full MoE  (top-k),125,62,64,6,6
8,full MoE  (top-k),126,4,64,6,6
8,full MoE  (top-k),126,9,64,6,6
8,full MoE  (top-k),126,20,64,6,6
8,full MoE  (top-k),126,31,64,6,6
8,full MoE  (top-k),126,44,64,6,6
8,full MoE  (top-k),126,50,64,6,6
8,full MoE  (top-k),127,2,64,6,6
8,full MoE  (top-k),127,11,64,6,6
8,full MoE  (top-k),127,24,64,6,6
8,full MoE  (top-k),127,39,64,6,6
8,full MoE  (top-k),127,49,64,6,6
8,full MoE  (top-k),127,63,64,6,6
8,full MoE  (top-k),128,4,64,6,6
8,full MoE  (top-k),128,6,64,6,6
8,full MoE  (top-k),128,12,64,6,6
8,full MoE  (top-k),128,20,64,6,6
8,full MoE  (top-k),128,44,64,6,6
8,full MoE  (top-k),128,45,64,6,6
8,full MoE  (top-k),129,20,64,6,6
8,full MoE  (top-k),129,31,64,6,6
8,full MoE  (top-k),129,41,64,6,6
8,full MoE  (top-k),129,47,64,6,6
8,full MoE  (top-k),129,51,64,6,6
8,full MoE  (top-k),129,59,64,6,6
8,full MoE  (top-k),130,2,64,6,6
8,full MoE  (top-k),130,11,64,6,6
8,full MoE  (top-k),130,24,64,6,6
8,full MoE  (top-k),130,39,64,6,6
8,full MoE  (top-k),130,49,64,6,6
8,full MoE  (top-k),130,63,64,6,6
8,full MoE  (top-k),131,9,64,6,6
8,full MoE  (top-k),131,31,64,6,6
8,full MoE  (top-k),131,32,64,6,6
8,full MoE  (top-k),131,42,64,6,6
8,full MoE  (top-k),131,47,64,6,6
8,full MoE  (top-k),131,48,64,6,6
8,full MoE  (top-k),132,2,64,6,6
8,full MoE  (top-k),132,3,64,6,6
8,full MoE  (top-k),132,11,64,6,6
8,full MoE  (top-k),132,24,64,6,6
8,full MoE  (top-k),132,49,64,6,6
8,full MoE  (top-k),132,63,64,6,6
8,full MoE  (top-k),133,0,64,6,6
8,full MoE  (top-k),133,10,64,6,6
8,full MoE  (top-k),133,31,64,6,6
8,full MoE  (top-k),133,41,64,6,6
8,full MoE  (top-k),133,51,64,6,6
8,full MoE  (top-k),133,59,64,6,6
8,full MoE  (top-k),134,11,64,6,6
8,full MoE  (top-k),134,24,64,6,6
8,full MoE  (top-k),134,25,64,6,6
8,full MoE  (top-k),134,39,64,6,6
8,full MoE  (top-k),134,49,64,6,6
8,full MoE  (top-k),134,63,64,6,6
8,full MoE  (top-k),135,25,64,6,6
8,full MoE  (top-k),135,30,64,6,6
8,full MoE  (top-k),135,39,64,6,6
8,full MoE  (top-k),135,55,64,6,6
8,full MoE  (top-k),135,58,64,6,6
8,full MoE  (top-k),135,63,64,6,6
8,full MoE  (top-k),136,1,64,6,6
8,full MoE  (top-k),136,2,64,6,6
8,full MoE  (top-k),136,3,64,6,6
8,full MoE  (top-k),136,11,64,6,6
8,full MoE  (top-k),136,13,64,6,6
8,full MoE  (top-k),136,61,64,6,6
8,full MoE  (top-k),137,6,64,6,6
8,full MoE  (top-k),137,8,64,6,6
8,full MoE  (top-k),137,27,64,6,6
8,full MoE  (top-k),137,42,64,6,6
8,full MoE  (top-k),137,45,64,6,6
8,full MoE  (top-k),137,54,64,6,6
8,full MoE  (top-k),138,2,64,6,6
8,full MoE  (top-k),138,24,64,6,6
8,full MoE  (top-k),138,26,64,6,6
8,full MoE  (top-k),138,37,64,6,6
8,full MoE  (top-k),138,54,64,6,6
8,full MoE  (top-k),138,56,64,6,6
8,full MoE  (top-k),139,10,64,6,6
8,full MoE  (top-k),139,19,64,6,6
8,full MoE  (top-k),139,38,64,6,6
8,full MoE  (top-k),139,42,64,6,6
8,full MoE  (top-k),139,56,64,6,6
8,full MoE  (top-k),139,62,64,6,6
8,full MoE  (top-k),140,6,64,6,6
8,full MoE  (top-k),140,12,64,6,6
8,full MoE  (top-k),140,36,64,6,6
8,full MoE  (top-k),140,38,64,6,6
8,full MoE  (top-k),140,44,64,6,6
8,full MoE  (top-k),140,45,64,6,6
8,full MoE  (top-k),141,2,64,6,6
8,full MoE  (top-k),141,9,64,6,6
8,full MoE  (top-k),141,16,64,6,6
8,full MoE  (top-k),141,41,64,6,6
8,full MoE  (top-k),141,48,64,6,6
8,full MoE  (top-k),141,50,64,6,6
8,full MoE  (top-k),142,5,64,6,6
8,full MoE  (top-k),142,21,64,6,6
8,full MoE  (top-k),142,23,64,6,6
8,full MoE  (top-k),142,24,64,6,6
8,full MoE  (top-k),142,47,64,6,6
8,full MoE  (top-k),142,49,64,6,6
8,full MoE  (top-k),143,9,64,6,6
8,full MoE  (top-k),143,44,64,6,6
8,full MoE  (top-k),143,47,64,6,6
8,full MoE  (top-k),143,48,64,6,6
8,full MoE  (top-k),143,49,64,6,6
8,full MoE  (top-k),143,61,64,6,6
8,full MoE  (top-k),144,2,64,6,6
8,full MoE  (top-k),144,24,64,6,6
8,full MoE  (top-k),144,39,64,6,6
8,full MoE  (top-k),144,49,64,6,6
8,full MoE  (top-k),144,56,64,6,6
8,full MoE  (top-k),144,61,64,6,6
8,full MoE  (top-k),145,4,64,6,6
8,full MoE  (top-k),145,6,64,6,6
8,full MoE  (top-k),145,12,64,6,6
8,full MoE  (top-k),145,20,64,6,6
8,full MoE  (top-k),145,44,64,6,6
8,full MoE  (top-k),145,45,64,6,6
8,full MoE  (top-k),146,4,64,6,6
8,full MoE  (top-k),146,20,64,6,6
8,full MoE  (top-k),146,31,64,6,6
8,full MoE  (top-k),146,32,64,6,6
8,full MoE  (top-k),146,44,64,6,6
8,full MoE  (top-k),146,60,64,6,6
8,full MoE  (top-k),147,1,64,6,6
8,full MoE  (top-k),147,16,64,6,6
8,full MoE  (top-k),147,25,64,6,6
8,full MoE  (top-k),147,28,64,6,6
8,full MoE  (top-k),147,58,64,6,6
8,full MoE  (top-k),147,61,64,6,6
8,full MoE  (top-k),148,20,64,6,6
8,full MoE  (top-k),148,31,64,6,6
8,full MoE  (top-k),148,32,64,6,6
8,full MoE  (top-k),148,42,64,6,6
8,full MoE  (top-k),148,51,64,6,6
8,full MoE  (top-k),148,59,64,6,6
8,full MoE  (top-k),149,0,64,6,6
8,full MoE  (top-k),149,10,64,6,6
8,full MoE  (top-k),149,31,64,6,6
8,full MoE  (top-k),149,32,64,6,6
8,full MoE  (top-k),149,40,64,6,6
8,full MoE  (top-k),149,46,64,6,6
8,full MoE  (top-k),150,11,64,6,6
8,full MoE  (top-k),150,24,64,6,6
8,full MoE  (top-k),150,25,64,6,6
8,full MoE  (top-k),150,49,64,6,6
8,full MoE  (top-k),150,61,64,6,6
8,full MoE  (top-k),150,63,64,6,6
8,full MoE  (top-k),151,10,64,6,6
8,full MoE  (top-k),151,19,64,6,6
8,full MoE  (top-k),151,38,64,6,6
8,full MoE  (top-k),151,42,64,6,6
8,full MoE  (top-k),151,56,64,6,6
8,full MoE  (top-k),151,62,64,6,6
8,full MoE  (top-k),152,6,64,6,6
8,full MoE  (top-k),152,8,64,6,6
8,full MoE  (top-k),152,12,64,6,6
8,full MoE  (top-k),152,38,64,6,6
8,full MoE  (top-k),152,44,64,6,6
8,full MoE  (top-k),152,45,64,6,6
8,full MoE  (top-k),153,31,64,6,6
8,full MoE  (top-k),153,41,64,6,6
8,full MoE  (top-k),153,43,64,6,6
8,full MoE  (top-k),153,50,64,6,6
8,full MoE  (top-k),153,56,64,6,6
8,full MoE  (top-k),153,60,64,6,6
8,full MoE  (top-k),154,1,64,6,6
8,full MoE  (top-k),154,2,64,6,6
8,full MoE  (top-k),154,24,64,6,6
8,full MoE  (top-k),154,49,64,6,6
8,full MoE  (top-k),154,61,64,6,6
8,full MoE  (top-k),154,63,64,6,6
8,full MoE  (top-k),155,0,64,6,6
8,full MoE  (top-k),155,10,64,6,6
8,full MoE  (top-k),155,31,64,6,6
8,full MoE  (top-k),155,32,64,6,6
8,full MoE  (top-k),155,41,64,6,6
8,full MoE  (top-k),155,60,64,6,6
8,full MoE  (top-k),156,1,64,6,6
8,full MoE  (top-k),156,24,64,6,6
8,full MoE  (top-k),156,25,64,6,6
8,full MoE  (top-k),156,49,64,6,6
8,full MoE  (top-k),156,58,64,6,6
8,full MoE  (top-k),156,63,64,6,6
8,full MoE  (top-k),157,1,64,6,6
8,full MoE  (top-k),157,25,64,6,6
8,full MoE  (top-k),157,30,64,6,6
8,full MoE  (top-k),157,39,64,6,6
8,full MoE  (top-k),157,58,64,6,6
8,full MoE  (top-k),157,63,64,6,6
8,full MoE  (top-k),158,6,64,6,6
8,full MoE  (top-k),158,27,64,6,6
8,full MoE  (top-k),158,42,64,6,6
8,full MoE  (top-k),158,45,64,6,6
8,full MoE  (top-k),158,51,64,6,6
8,full MoE  (top-k),158,54,64,6,6
8,full MoE  (top-k),159,4,64,6,6
8,full MoE  (top-k),159,31,64,6,6
8,full MoE  (top-k),159,32,64,6,6
8,full MoE  (top-k),159,41,64,6,6
8,full MoE  (top-k),159,50,64,6,6
8,full MoE  (top-k),159,51,64,6,6
8,full MoE  (top-k),160,4,64,6,6
8,full MoE  (top-k),160,6,64,6,6
8,full MoE  (top-k),160,41,64,6,6
8,full MoE  (top-k),160,42,64,6,6
8,full MoE  (top-k),160,43,64,6,6
8,full MoE  (top-k),160,45,64,6,6
8,full MoE  (top-k),161,4,64,6,6
8,full MoE  (top-k),161,10,64,6,6
8,full MoE  (top-k),161,41,64,6,6
8,full MoE  (top-k),161,43,64,6,6
8,full MoE  (top-k),161,50,64,6,6
8,full MoE  (top-k),161,54,64,6,6
8,full MoE  (top-k),162,2,64,6,6
8,full MoE  (top-k),162,24,64,6,6
8,full MoE  (top-k),162,29,64,6,6
8,full MoE  (top-k),162,30,64,6,6
8,full MoE  (top-k),162,49,64,6,6
8,full MoE  (top-k),162,63,64,6,6
8,full MoE  (top-k),163,10,64,6,6
8,full MoE  (top-k),163,19,64,6,6
8,full MoE  (top-k),163,38,64,6,6
8,full MoE  (top-k),163,42,64,6,6
8,full MoE  (top-k),163,56,64,6,6
8,full MoE  (top-k),163,62,64,6,6
8,full MoE  (top-k),164,6,64,6,6
8,full MoE  (top-k),164,8,64,6,6
8,full MoE  (top-k),164,12,64,6,6
8,full MoE  (top-k),164,34,64,6,6
8,full MoE  (top-k),164,38,64,6,6
8,full MoE  (top-k),164,45,64,6,6
8,full MoE  (top-k),165,4,64,6,6
8,full MoE  (top-k),165,6,64,6,6
8,full MoE  (top-k),165,32,64,6,6
8,full MoE  (top-k),165,42,64,6,6
8,full MoE  (top-k),165,51,64,6,6
8,full MoE  (top-k),165,59,64,6,6
8,full MoE  (top-k),166,15,64,6,6
8,full MoE  (top-k),166,20,64,6,6
8,full MoE  (top-k),166,31,64,6,6
8,full MoE  (top-k),166,41,64,6,6
8,full MoE  (top-k),166,50,64,6,6
8,full MoE  (top-k),166,60,64,6,6
8,full MoE  (top-k),167,1,64,6,6
8,full MoE  (top-k),167,24,64,6,6
8,full MoE  (top-k),167,25,64,6,6
8,full MoE  (top-k),167,39,64,6,6
8,full MoE  (top-k),167,49,64,6,6
8,full MoE  (top-k),167,63,64,6,6
8,full MoE  (top-k),168,6,64,6,6
8,full MoE  (top-k),168,8,64,6,6
8,full MoE  (top-k),168,12,64,6,6
8,full MoE  (top-k),168,27,64,6,6
8,full MoE  (top-k),168,32,64,6,6
8,full MoE  (top-k),168,45,64,6,6
8,full MoE  (top-k),169,5,64,6,6
8,full MoE  (top-k),169,20,64,6,6
8,full MoE  (top-k),169,31,64,6,6
8,full MoE  (top-k),169,32,64,6,6
8,full MoE  (top-k),169,41,64,6,6
8,full MoE  (top-k),169,51,64,6,6
8,full MoE  (top-k),170,11,64,6,6
8,full MoE  (top-k),170,25,64,6,6
8,full MoE  (top-k),170,29,64,6,6
8,full MoE  (top-k),170,51,64,6,6
8,full MoE  (top-k),170,58,64,6,6
8,full MoE  (top-k),170,63,64,6,6
8,full MoE  (top-k),171,20,64,6,6
8,full MoE  (top-k),171,31,64,6,6
8,full MoE  (top-k),171,32,64,6,6
8,full MoE  (top-k),171,42,64,6,6
8,full MoE  (top-k),171,52,64,6,6
8,full MoE  (top-k),171,59,64,6,6
8,full MoE  (top-k),172,31,64,6,6
8,full MoE  (top-k),172,32,64,6,6
8,full MoE  (top-k),172,41,64,6,6
8,full MoE  (top-k),172,46,64,6,6
8,full MoE  (top-k),172,51,64,6,6
8,full MoE  (top-k),172,59,64,6,6
8,full MoE  (top-k),173,0,64,6,6
8,full MoE  (top-k),173,10,64,6,6
8,full MoE  (top-k),173,31,64,6,6
8,full MoE  (top-k),173,41,64,6,6
8,full MoE  (top-k),173,46,64,6,6
8,full MoE  (top-k),173,51,64,6,6
8,full MoE  (top-k),174,11,64,6,6
8,full MoE  (top-k),174,25,64,6,6
8,full MoE  (top-k),174,29,64,6,6
8,full MoE  (top-k),174,39,64,6,6
8,full MoE  (top-k),174,58,64,6,6
8,full MoE  (top-k),174,63,64,6,6
8,full MoE  (top-k),175,19,64,6,6
8,full MoE  (top-k),175,21,64,6,6
8,full MoE  (top-k),175,22,64,6,6
8,full MoE  (top-k),175,27,64,6,6
8,full MoE  (top-k),175,35,64,6,6
8,full MoE  (top-k),175,58,64,6,6
8,full MoE  (top-k),176,4,64,6,6
8,full MoE  (top-k),176,6,64,6,6
8,full MoE  (top-k),176,8,64,6,6
8,full MoE  (top-k),176,32,64,6,6
8,full MoE  (top-k),176,42,64,6,6
8,full MoE  (top-k),176,51,64,6,6
8,full MoE  (top-k),177,20,64,6,6
8,full MoE  (top-k),177,31,64,6,6
8,full MoE  (top-k),177,32,64,6,6
8,full MoE  (top-k),177,41,64,6,6
8,full MoE  (top-k),177,51,64,6,6
8,full MoE  (top-k),177,59,64,6,6
8,full MoE  (top-k),178,1,64,6,6
8,full MoE  (top-k),178,11,64,6,6
8,full MoE  (top-k),178,25,64,6,6
8,full MoE  (top-k),178,51,64,6,6
8,full MoE  (top-k),178,58,64,6,6
8,full MoE  (top-k),178,63,64,6,6
8,full MoE  (top-k),179,10,64,6,6
8,full MoE  (top-k),179,19,64,6,6
8,full MoE  (top-k),179,38,64,6,6
8,full MoE  (top-k),179,42,64,6,6
8,full MoE  (top-k),179,56,64,6,6
8,full MoE  (top-k),179,62,64,6,6
8,full MoE  (top-k),180,6,64,6,6
8,full MoE  (top-k),180,8,64,6,6
8,full MoE  (top-k),180,12,64,6,6
8,full MoE  (top-k),180,19,64,6,6
8,full MoE  (top-k),180,28,64,6,6
8,full MoE  (top-k),180,34,64,6,6
8,full MoE  (top-k),181,10,64,6,6
8,full MoE  (top-k),181,31,64,6,6
8,full MoE  (top-k),181,32,64,6,6
8,full MoE  (top-k),181,41,64,6,6
8,full MoE  (top-k),181,46,64,6,6
8,full MoE  (top-k),181,51,64,6,6
8,full MoE  (top-k),182,24,64,6,6
8,full MoE  (top-k),182,25,64,6,6
8,full MoE  (top-k),182,26,64,6,6
8,full MoE  (top-k),182,39,64,6,6
8,full MoE  (top-k),182,49,64,6,6
8,full MoE  (top-k),182,63,64,6,6
8,full MoE  (top-k),183,4,64,6,6
8,full MoE  (top-k),183,6,64,6,6
8,full MoE  (top-k),183,12,64,6,6
8,full MoE  (top-k),183,27,64,6,6
8,full MoE  (top-k),183,32,64,6,6
8,full MoE  (top-k),183,54,64,6,6
8,full MoE  (top-k),184,10,64,6,6
8,full MoE  (top-k),184,31,64,6,6
8,full MoE  (top-k),184,32,64,6,6
8,full MoE  (top-k),184,41,64,6,6
8,full MoE  (top-k),184,51,64,6,6
8,full MoE  (top-k),184,54,64,6,6
8,full MoE  (top-k),185,1,64,6,6
8,full MoE  (top-k),185,11,64,6,6
8,full MoE  (top-k),185,24,64,6,6
8,full MoE  (top-k),185,25,64,6,6
8,full MoE  (top-k),185,39,64,6,6
8,full MoE  (top-k),185,63,64,6,6
8,full MoE  (top-k),186,1,64,6,6
8,full MoE  (top-k),186,25,64,6,6
8,full MoE  (top-k),186,26,64,6,6
8,full MoE  (top-k),186,30,64,6,6
8,full MoE  (top-k),186,55,64,6,6
8,full MoE  (top-k),186,63,64,6,6
8,full MoE  (top-k),187,4,64,6,6
8,full MoE  (top-k),187,6,64,6,6
8,full MoE  (top-k),187,12,64,6,6
8,full MoE  (top-k),187,27,64,6,6
8,full MoE  (top-k),187,44,64,6,6
8,full MoE  (top-k),187,45,64,6,6
8,full MoE  (top-k),188,10,64,6,6
8,full MoE  (top-k),188,20,64,6,6
8,full MoE  (top-k),188,31,64,6,6
8,full MoE  (top-k),188,41,64,6,6
8,full MoE  (top-k),188,46,64,6,6
8,full MoE  (top-k),188,51,64,6,6
8,full MoE  (top-k),189,11,64,6,6
8,full MoE  (top-k),189,24,64,6,6
8,full MoE  (top-k),189,49,64,6,6
8,full MoE  (top-k),189,56,64,6,6
8,full MoE  (top-k),189,61,64,6,6
8,full MoE  (top-k),189,63,64,6,6
8,full MoE  (top-k),190,10,64,6,6
8,full MoE  (top-k),190,19,64,6,6
8,full MoE  (top-k),190,26,64,6,6
8,full MoE  (top-k),190,38,64,6,6
8,full MoE  (top-k),190,56,64,6,6
8,full MoE  (top-k),190,62,64,6,6
8,full MoE  (top-k),191,6,64,6,6
8,full MoE  (top-k),191,12,64,6,6
8,full MoE  (top-k),191,36,64,6,6
8,full MoE  (top-k),191,38,64,6,6
8,full MoE  (top-k),191,44,64,6,6
8,full MoE  (top-k),191,45,64,6,6
8,full MoE  (top-k),192,6,64,6,6
8,full MoE  (top-k),192,12,64,6,6
8,full MoE  (top-k),192,32,64,6,6
8,full MoE  (top-k),192,38,64,6,6
8,full MoE  (top-k),192,45,64,6,6
8,full MoE  (top-k),192,51,64,6,6
8,full MoE  (top-k),193,20,64,6,6
8,full MoE  (top-k),193,22,64,6,6
8,full MoE  (top-k),193,25,64,6,6
8,full MoE  (top-k),193,31,64,6,6
8,full MoE  (top-k),193,41,64,6,6
8,full MoE  (top-k),193,43,64,6,6
8,full MoE  (top-k),194,1,64,6,6
8,full MoE  (top-k),194,24,64,6,6
8,full MoE  (top-k),194,25,64,6,6
8,full MoE  (top-k),194,39,64,6,6
8,full MoE  (top-k),194,49,64,6,6
8,full MoE  (top-k),194,63,64,6,6
8,full MoE  (top-k),195,4,64,6,6
8,full MoE  (top-k),195,6,64,6,6
8,full MoE  (top-k),195,12,64,6,6
8,full MoE  (top-k),195,27,64,6,6
8,full MoE  (top-k),195,44,64,6,6
8,full MoE  (top-k),195,45,64,6,6
8,full MoE  (top-k),196,4,64,6,6
8,full MoE  (top-k),196,31,64,6,6
8,full MoE  (top-k),196,41,64,6,6
8,full MoE  (top-k),196,50,64,6,6
8,full MoE  (top-k),196,51,64,6,6
8,full MoE  (top-k),196,59,64,6,6
8,full MoE  (top-k),197,1,64,6,6
8,full MoE  (top-k),197,25,64,6,6
8,full MoE  (top-k),197,29,64,6,6
8,full MoE  (top-k),197,49,64,6,6
8,full MoE  (top-k),197,54,64,6,6
8,full MoE  (top-k),197,63,64,6,6
8,full MoE  (top-k),198,1,64,6,6
8,full MoE  (top-k),198,25,64,6,6
8,full MoE  (top-k),198,30,64,6,6
8,full MoE  (top-k),198,39,64,6,6
8,full MoE  (top-k),198,58,64,6,6
8,full MoE  (top-k),198,63,64,6,6
8,full MoE  (top-k),199,4,64,6,6
8,full MoE  (top-k),199,6,64,6,6
8,full MoE  (top-k),199,32,64,6,6
8,full MoE  (top-k),199,42,64,6,6
8,full MoE  (top-k),199,45,64,6,6
8,full MoE  (top-k),199,51,64,6,6
8,full MoE  (top-k),200,15,64,6,6
8,full MoE  (top-k),200,31,64,6,6
8,full MoE  (top-k),200,41,64,6,6
8,full MoE  (top-k),200,43,64,6,6
8,full MoE  (top-k),200,50,64,6,6
8,full MoE  (top-k),200,59,64,6,6
8,full MoE  (top-k),201,24,64,6,6
8,full MoE  (top-k),201,25,64,6,6
8,full MoE  (top-k),201,49,64,6,6
8,full MoE  (top-k),201,54,64,6,6
8,full MoE  (top-k),201,58,64,6,6
8,full MoE  (top-k),201,63,64,6,6
8,full MoE  (top-k),202,10,64,6,6
8,full MoE  (top-k),202,19,64,6,6
8,full MoE  (top-k),202,38,64,6,6
8,full MoE  (top-k),202,42,64,6,6
8,full MoE  (top-k),202,56,64,6,6
8,full MoE  (top-k),202,62,64,6,6
8,full MoE  (top-k),203,6,64,6,6
8,full MoE  (top-k),203,12,64,6,6
8,full MoE  (top-k),203,36,64,6,6
8,full MoE  (top-k),203,38,64,6,6
8,full MoE  (top-k),203,44,64,6,6
8,full MoE  (top-k),203,45,64,6,6
8,full MoE  (top-k),204,15,64,6,6
8,full MoE  (top-k),204,20,64,6,6
8,full MoE  (top-k),204,31,64,6,6
8,full MoE  (top-k),204,43,64,6,6
8,full MoE  (top-k),204,51,64,6,6
8,full MoE  (top-k),204,59,64,6,6
8,full MoE  (top-k),205,1,64,6,6
8,full MoE  (top-k),205,11,64,6,6
8,full MoE  (top-k),205,25,64,6,6
8,full MoE  (top-k),205,32,64,6,6
8,full MoE  (top-k),205,49,64,6,6
8,full MoE  (top-k),205,63,64,6,6
8,full MoE  (top-k),206,6,64,6,6
8,full MoE  (top-k),206,10,64,6,6
8,full MoE  (top-k),206,25,64,6,6
8,full MoE  (top-k),206,27,64,6,6
8,full MoE  (top-k),206,38,64,6,6
8,full MoE  (top-k),206,45,64,6,6
8,full MoE  (top-k),207,4,64,6,6
8,full MoE  (top-k),207,31,64,6,6
8,full MoE  (top-k),207,41,64,6,6
8,full MoE  (top-k),207,43,64,6,6
8,full MoE  (top-k),207,51,64,6,6
8,full MoE  (top-k),207,54,64,6,6
8,full MoE  (top-k),208,1,64,6,6
8,full MoE  (top-k),208,11,64,6,6
8,full MoE  (top-k),208,25,64,6,6
8,full MoE  (top-k),208,49,64,6,6
8,full MoE  (top-k),208,51,64,6,6
8,full MoE  (top-k),208,63,64,6,6
8,full MoE  (top-k),209,20,64,6,6
8,full MoE  (top-k),209,31,64,6,6
8,full MoE  (top-k),209,32,64,6,6
8,full MoE  (top-k),209,41,64,6,6
8,full MoE  (top-k),209,43,64,6,6
8,full MoE  (top-k),209,59,64,6,6
8,full MoE  (top-k),210,1,64,6,6
8,full MoE  (top-k),210,25,64,6,6
8,full MoE  (top-k),210,26,64,6,6
8,full MoE  (top-k),210,30,64,6,6
8,full MoE  (top-k),210,58,64,6,6
8,full MoE  (top-k),210,63,64,6,6
8,full MoE  (top-k),211,10,64,6,6
8,full MoE  (top-k),211,20,64,6,6
8,full MoE  (top-k),211,32,64,6,6
8,full MoE  (top-k),211,42,64,6,6
8,full MoE  (top-k),211,59,64,6,6
8,full MoE  (top-k),211,60,64,6,6
8,full MoE  (top-k),212,24,64,6,6
8,full MoE  (top-k),212,26,64,6,6
8,full MoE  (top-k),212,49,64,6,6
8,full MoE  (top-k),212,56,64,6,6
8,full MoE  (top-k),212,61,64,6,6
8,full MoE  (top-k),212,63,64,6,6
8,full MoE  (top-k),213,10,64,6,6
8,full MoE  (top-k),213,19,64,6,6
8,full MoE  (top-k),213,26,64,6,6
8,full MoE  (top-k),213,38,64,6,6
8,full MoE  (top-k),213,56,64,6,6
8,full MoE  (top-k),213,62,64,6,6
8,full MoE  (top-k),214,16,64,6,6
8,full MoE  (top-k),214,19,64,6,6
8,full MoE  (top-k),214,27,64,6,6
8,full MoE  (top-k),214,34,64,6,6
8,full MoE  (top-k),214,42,64,6,6
8,full MoE  (top-k),214,52,64,6,6
8,full MoE  (top-k),215,11,64,6,6
8,full MoE  (top-k),215,26,64,6,6
8,full MoE  (top-k),215,29,64,6,6
8,full MoE  (top-k),215,30,64,6,6
8,full MoE  (top-k),215,42,64,6,6
8,full MoE  (top-k),215,49,64,6,6
8,full MoE  (top-k),216,16,64,6,6
8,full MoE  (top-k),216,22,64,6,6
8,full MoE  (top-k),216,25,64,6,6
8,full MoE  (top-k),216,34,64,6,6
8,full MoE  (top-k),216,35,64,6,6
8,full MoE  (top-k),216,42,64,6,6
8,full MoE  (top-k),217,4,64,6,6
8,full MoE  (top-k),217,6,64,6,6
8,full MoE  (top-k),217,32,64,6,6
8,full MoE  (top-k),217,43,64,6,6
8,full MoE  (top-k),217,51,64,6,6
8,full MoE  (top-k),217,54,64,6,6
8,full MoE  (top-k),218,31,64,6,6
8,full MoE  (top-k),218,32,64,6,6
8,full MoE  (top-k),218,41,64,6,6
8,full MoE  (top-k),218,42,64,6,6
8,full MoE  (top-k),218,50,64,6,6
8,full MoE  (top-k),218,54,64,6,6
8,full MoE  (top-k),219,1,64,6,6
8,full MoE  (top-k),219,11,64,6,6
8,full MoE  (top-k),219,25,64,6,6
8,full MoE  (top-k),219,29,64,6,6
8,full MoE  (top-k),219,49,64,6,6
8,full MoE  (top-k),219,63,64,6,6
8,temporal (resident set used),0,0,64,6,6
8,temporal (resident set used),0,1,64,6,6
8,temporal (resident set used),0,5,64,6,6
8,temporal (resident set used),0,6,64,6,6
8,temporal (resident set used),0,27,64,6,6
8,temporal (resident set used),0,35,64,6,6
8,temporal (resident set used),1,0,64,6,6
8,temporal (resident set used),1,1,64,6,6
8,temporal (resident set used),1,5,64,6,6
8,temporal (resident set used),1,27,64,6,6
8,temporal (resident set used),1,33,64,6,6
8,temporal (resident set used),1,35,64,6,6
8,temporal (resident set used),2,0,64,6,6
8,temporal (resident set used),2,5,64,6,6
8,temporal (resident set used),2,27,64,6,6
8,temporal (resident set used),2,33,64,6,6
8,temporal (resident set used),2,35,64,6,6
8,temporal (resident set used),2,63,64,6,6
8,temporal (resident set used),3,0,64,6,6
8,temporal (resident set used),3,5,64,6,6
8,temporal (resident set used),3,27,64,6,6
8,temporal (resident set used),3,35,64,6,6
8,temporal (resident set used),3,43,64,6,6
8,temporal (resident set used),3,63,64,6,6
8,temporal (resident set used),4,0,64,6,6
8,temporal (resident set used),4,5,64,6,6
8,temporal (resident set used),4,27,64,6,6
8,temporal (resident set used),4,43,64,6,6
8,temporal (resident set used),4,54,64,6,6
8,temporal (resident set used),4,63,64,6,6
8,temporal (resident set used),5,0,64,6,6
8,temporal (resident set used),5,13,64,6,6
8,temporal (resident set used),5,27,64,6,6
8,temporal (resident set used),5,43,64,6,6
8,temporal (resident set used),5,54,64,6,6
8,temporal (resident set used),5,63,64,6,6
8,temporal (resident set used),6,0,64,6,6
8,temporal (resident set used),6,13,64,6,6
8,temporal (resident set used),6,27,64,6,6
8,temporal (resident set used),6,39,64,6,6
8,temporal (resident set used),6,43,64,6,6
8,temporal (resident set used),6,54,64,6,6
8,temporal (resident set used),7,0,64,6,6
8,temporal (resident set used),7,6,64,6,6
8,temporal (resident set used),7,13,64,6,6
8,temporal (resident set used),7,39,64,6,6
8,temporal (resident set used),7,43,64,6,6
8,temporal (resident set used),7,54,64,6,6
8,temporal (resident set used),8,0,64,6,6
8,temporal (resident set used),8,5,64,6,6
8,temporal (resident set used),8,13,64,6,6
8,temporal (resident set used),8,39,64,6,6
8,temporal (resident set used),8,43,64,6,6
8,temporal (resident set used),8,54,64,6,6
8,temporal (resident set used),9,0,64,6,6
8,temporal (resident set used),9,5,64,6,6
8,temporal (resident set used),9,39,64,6,6
8,temporal (resident set used),9,43,64,6,6
8,temporal (resident set used),9,54,64,6,6
8,temporal (resident set used),9,58,64,6,6
8,temporal (resident set used),10,0,64,6,6
8,temporal (resident set used),10,5,64,6,6
8,temporal (resident set used),10,34,64,6,6
8,temporal (resident set used),10,43,64,6,6
8,temporal (resident set used),10,54,64,6,6
8,temporal (resident set used),10,58,64,6,6
8,temporal (resident set used),11,0,64,6,6
8,temporal (resident set used),11,1,64,6,6
8,temporal (resident set used),11,34,64,6,6
8,temporal (resident set used),11,43,64,6,6
8,temporal (resident set used),11,54,64,6,6
8,temporal (resident set used),11,58,64,6,6
8,temporal (resident set used),12,0,64,6,6
8,temporal (resident set used),12,1,64,6,6
8,temporal (resident set used),12,22,64,6,6
8,temporal (resident set used),12,34,64,6,6
8,temporal (resident set used),12,43,64,6,6
8,temporal (resident set used),12,58,64,6,6
8,temporal (resident set used),13,0,64,6,6
8,temporal (resident set used),13,1,64,6,6
8,temporal (resident set used),13,3,64,6,6
8,temporal (resident set used),13,22,64,6,6
8,temporal (resident set used),13,34,64,6,6
8,temporal (resident set used),13,58,64,6,6
8,temporal (resident set used),14,0,64,6,6
8,temporal (resident set used),14,3,64,6,6
8,temporal (resident set used),14,5,64,6,6
8,temporal (resident set used),14,22,64,6,6
8,temporal (resident set used),14,34,64,6,6
8,temporal (resident set used),14,58,64,6,6
8,temporal (resident set used),15,0,64,6,6
8,temporal (resident set used),15,3,64,6,6
8,temporal (resident set used),15,22,64,6,6
8,temporal (resident set used),15,34,64,6,6
8,temporal (resident set used),15,58,64,6,6
8,temporal (resident set used),15,62,64,6,6
8,temporal (resident set used),16,0,64,6,6
8,temporal (resident set used),16,3,64,6,6
8,temporal (resident set used),16,22,64,6,6
8,temporal (resident set used),16,39,64,6,6
8,temporal (resident set used),16,58,64,6,6
8,temporal (resident set used),16,62,64,6,6
8,temporal (resident set used),17,0,64,6,6
8,temporal (resident set used),17,3,64,6,6
8,temporal (resident set used),17,18,64,6,6
8,temporal (resident set used),17,22,64,6,6
8,temporal (resident set used),17,39,64,6,6
8,temporal (resident set used),17,62,64,6,6
8,temporal (resident set used),18,3,64,6,6
8,temporal (resident set used),18,12,64,6,6
8,temporal (resident set used),18,18,64,6,6
8,temporal (resident set used),18,22,64,6,6
8,temporal (resident set used),18,39,64,6,6
8,temporal (resident set used),18,62,64,6,6
8,temporal (resident set used),19,3,64,6,6
8,temporal (resident set used),19,11,64,6,6
8,temporal (resident set used),19,12,64,6,6
8,temporal (resident set used),19,18,64,6,6
8,temporal (resident set used),19,22,64,6,6
8,temporal (resident set used),19,62,64,6,6
8,temporal (resident set used),20,3,64,6,6
8,temporal (resident set used),20,11,64,6,6
8,temporal (resident set used),20,12,64,6,6
8,temporal (resident set used),20,18,64,6,6
8,temporal (resident set used),20,61,64,6,6
8,temporal (resident set used),20,62,64,6,6
8,temporal (resident set used),21,11,64,6,6
8,temporal (resident set used),21,12,64,6,6
8,temporal (resident set used),21,18,64,6,6
8,temporal (resident set used),21,54,64,6,6
8,temporal (resident set used),21,61,64,6,6
8,temporal (resident set used),21,62,64,6,6
8,temporal (resident set used),22,11,64,6,6
8,temporal (resident set used),22,12,64,6,6
8,temporal (resident set used),22,18,64,6,6
8,temporal (resident set used),22,50,64,6,6
8,temporal (resident set used),22,54,64,6,6
8,temporal (resident set used),22,61,64,6,6
8,temporal (resident set used),23,1,64,6,6
8,temporal (resident set used),23,11,64,6,6
8,temporal (resident set used),23,12,64,6,6
8,temporal (resident set used),23,18,64,6,6
8,temporal (resident set used),23,50,64,6,6
8,temporal (resident set used),23,54,64,6,6
8,temporal (resident set used),24,1,64,6,6
8,temporal (resident set used),24,12,64,6,6
8,temporal (resident set used),24,18,64,6,6
8,temporal (resident set used),24,50,64,6,6
8,temporal (resident set used),24,54,64,6,6
8,temporal (resident set used),24,58,64,6,6
8,temporal (resident set used),25,12,64,6,6
8,temporal (resident set used),25,18,64,6,6
8,temporal (resident set used),25,24,64,6,6
8,temporal (resident set used),25,50,64,6,6
8,temporal (resident set used),25,54,64,6,6
8,temporal (resident set used),25,58,64,6,6
8,temporal (resident set used),26,12,64,6,6
8,temporal (resident set used),26,18,64,6,6
8,temporal (resident set used),26,24,64,6,6
8,temporal (resident set used),26,39,64,6,6
8,temporal (resident set used),26,54,64,6,6
8,temporal (resident set used),26,58,64,6,6
8,temporal (resident set used),27,12,64,6,6
8,temporal (resident set used),27,18,64,6,6
8,temporal (resident set used),27,39,64,6,6
8,temporal (resident set used),27,50,64,6,6
8,temporal (resident set used),27,54,64,6,6
8,temporal (resident set used),27,58,64,6,6
8,temporal (resident set used),28,12,64,6,6
8,temporal (resident set used),28,15,64,6,6
8,temporal (resident set used),28,18,64,6,6
8,temporal (resident set used),28,50,64,6,6
8,temporal (resident set used),28,54,64,6,6
8,temporal (resident set used),28,58,64,6,6
8,temporal (resident set used),29,12,64,6,6
8,temporal (resident set used),29,15,64,6,6
8,temporal (resident set used),29,22,64,6,6
8,temporal (resident set used),29,50,64,6,6
8,temporal (resident set used),29,54,64,6,6
8,temporal (resident set used),29,58,64,6,6
8,temporal (resident set used),30,12,64,6,6
8,temporal (resident set used),30,22,64,6,6
8,temporal (resident set used),30,34,64,6,6
8,temporal (resident set used),30,50,64,6,6
8,temporal (resident set used),30,54,64,6,6
8,temporal (resident set used),30,58,64,6,6
8,temporal (resident set used),31,4,64,6,6
8,temporal (resident set used),31,12,64,6,6
8,temporal (resident set used),31,22,64,6,6
8,temporal (resident set used),31,34,64,6,6
8,temporal (resident set used),31,50,64,6,6
8,temporal (resident set used),31,54,64,6,6
8,temporal (resident set used),32,4,64,6,6
8,temporal (resident set used),32,12,64,6,6
8,temporal (resident set used),32,22,64,6,6
8,temporal (resident set used),32,27,64,6,6
8,temporal (resident set used),32,50,64,6,6
8,temporal (resident set used),32,54,64,6,6
8,temporal (resident set used),33,4,64,6,6
8,temporal (resident set used),33,12,64,6,6
8,temporal (resident set used),33,22,64,6,6
8,temporal (resident set used),33,27,64,6,6
8,temporal (resident set used),33,34,64,6,6
8,temporal (resident set used),33,54,64,6,6
8,temporal (resident set used),34,4,64,6,6
8,temporal (resident set used),34,12,64,6,6
8,temporal (resident set used),34,22,64,6,6
8,temporal (resident set used),34,34,64,6,6
8,temporal (resident set used),34,54,64,6,6
8,temporal (resident set used),34,56,64,6,6
8,temporal (resident set used),35,4,64,6,6
8,temporal (resident set used),35,12,64,6,6
8,temporal (resident set used),35,34,64,6,6
8,temporal (resident set used),35,50,64,6,6
8,temporal (resident set used),35,54,64,6,6
8,temporal (resident set used),35,56,64,6,6
8,temporal (resident set used),36,4,64,6,6
8,temporal (resident set used),36,12,64,6,6
8,temporal (resident set used),36,27,64,6,6
8,temporal (resident set used),36,34,64,6,6
8,temporal (resident set used),36,50,64,6,6
8,temporal (resident set used),36,54,64,6,6
8,temporal (resident set used),37,0,64,6,6
8,temporal (resident set used),37,4,64,6,6
8,temporal (resident set used),37,12,64,6,6
8,temporal (resident set used),37,27,64,6,6
8,temporal (resident set used),37,34,64,6,6
8,temporal (resident set used),37,54,64,6,6
8,temporal (resident set used),38,0,64,6,6
8,temporal (resident set used),38,4,64,6,6
8,temporal (resident set used),38,12,64,6,6
8,temporal (resident set used),38,13,64,6,6
8,temporal (resident set used),38,27,64,6,6
8,temporal (resident set used),38,54,64,6,6
8,temporal (resident set used),39,0,64,6,6
8,temporal (resident set used),39,6,64,6,6
8,temporal (resident set used),39,12,64,6,6
8,temporal (resident set used),39,13,64,6,6
8,temporal (resident set used),39,27,64,6,6
8,temporal (resident set used),39,54,64,6,6
8,temporal (resident set used),40,0,64,6,6
8,temporal (resident set used),40,6,64,6,6
8,temporal (resident set used),40,12,64,6,6
8,temporal (resident set used),40,27,64,6,6
8,temporal (resident set used),40,34,64,6,6
8,temporal (resident set used),40,54,64,6,6
8,temporal (resident set used),41,0,64,6,6
8,temporal (resident set used),41,6,64,6,6
8,temporal (resident set used),41,12,64,6,6
8,temporal (resident set used),41,27,64,6,6
8,temporal (resident set used),41,34,64,6,6
8,temporal (resident set used),41,56,64,6,6
8,temporal (resident set used),42,0,64,6,6
8,temporal (resident set used),42,12,64,6,6
8,temporal (resident set used),42,27,64,6,6
8,temporal (resident set used),42,34,64,6,6
8,temporal (resident set used),42,45,64,6,6
8,temporal (resident set used),42,56,64,6,6
8,temporal (resident set used),43,0,64,6,6
8,temporal (resident set used),43,4,64,6,6
8,temporal (resident set used),43,12,64,6,6
8,temporal (resident set used),43,27,64,6,6
8,temporal (resident set used),43,34,64,6,6
8,temporal (resident set used),43,45,64,6,6
8,temporal (resident set used),44,1,64,6,6
8,temporal (resident set used),44,4,64,6,6
8,temporal (resident set used),44,12,64,6,6
8,temporal (resident set used),44,27,64,6,6
8,temporal (resident set used),44,34,64,6,6
8,temporal (resident set used),44,45,64,6,6
8,temporal (resident set used),45,1,64,6,6
8,temporal (resident set used),45,4,64,6,6
8,temporal (resident set used),45,12,64,6,6
8,temporal (resident set used),45,14,64,6,6
8,temporal (resident set used),45,27,64,6,6
8,temporal (resident set used),45,45,64,6,6
8,temporal (resident set used),46,4,64,6,6
8,temporal (resident set used),46,12,64,6,6
8,temporal (resident set used),46,14,64,6,6
8,temporal (resident set used),46,27,64,6,6
8,temporal (resident set used),46,34,64,6,6
8,temporal (resident set used),46,45,64,6,6
8,temporal (resident set used),47,0,64,6,6
8,temporal (resident set used),47,4,64,6,6
8,temporal (resident set used),47,12,64,6,6
8,temporal (resident set used),47,27,64,6,6
8,temporal (resident set used),47,34,64,6,6
8,temporal (resident set used),47,45,64,6,6
8,temporal (resident set used),48,0,64,6,6
8,temporal (resident set used),48,4,64,6,6
8,temporal (resident set used),48,12,64,6,6
8,temporal (resident set used),48,13,64,6,6
8,temporal (resident set used),48,34,64,6,6
8,temporal (resident set used),48,45,64,6,6
8,temporal (resident set used),49,0,64,6,6
8,temporal (resident set used),49,4,64,6,6
8,temporal (resident set used),49,12,64,6,6
8,temporal (resident set used),49,13,64,6,6
8,temporal (resident set used),49,45,64,6,6
8,temporal (resident set used),49,56,64,6,6
8,temporal (resident set used),50,0,64,6,6
8,temporal (resident set used),50,4,64,6,6
8,temporal (resident set used),50,12,64,6,6
8,temporal (resident set used),50,34,64,6,6
8,temporal (resident set used),50,45,64,6,6
8,temporal (resident set used),50,56,64,6,6
8,temporal (resident set used),51,0,64,6,6
8,temporal (resident set used),51,4,64,6,6
8,temporal (resident set used),51,12,64,6,6
8,temporal (resident set used),51,22,64,6,6
8,temporal (resident set used),51,34,64,6,6
8,temporal (resident set used),51,56,64,6,6
8,temporal (resident set used),52,4,64,6,6
8,temporal (resident set used),52,12,64,6,6
8,temporal (resident set used),52,20,64,6,6
8,temporal (resident set used),52,22,64,6,6
8,temporal (resident set used),52,34,64,6,6
8,temporal (resident set used),52,56,64,6,6
8,temporal (resident set used),53,4,64,6,6
8,temporal (resident set used),53,12,64,6,6
8,temporal (resident set used),53,22,64,6,6
8,temporal (resident set used),53,34,64,6,6
8,temporal (resident set used),53,45,64,6,6
8,temporal (resident set used),53,56,64,6,6
8,temporal (resident set used),54,4,64,6,6
8,temporal (resident set used),54,12,64,6,6
8,temporal (resident set used),54,22,64,6,6
8,temporal (resident set used),54,45,64,6,6
8,temporal (resident set used),54,50,64,6,6
8,temporal (resident set used),54,56,64,6,6
8,temporal (resident set used),55,4,64,6,6
8,temporal (resident set used),55,12,64,6,6
8,temporal (resident set used),55,22,64,6,6
8,temporal (resident set used),55,34,64,6,6
8,temporal (resident set used),55,45,64,6,6
8,temporal (resident set used),55,50,64,6,6
8,temporal (resident set used),56,3,64,6,6
8,temporal (resident set used),56,4,64,6,6
8,temporal (resident set used),56,12,64,6,6
8,temporal (resident set used),56,34,64,6,6
8,temporal (resident set used),56,45,64,6,6
8,temporal (resident set used),56,50,64,6,6
8,temporal (resident set used),57,4,64,6,6
8,temporal (resident set used),57,12,64,6,6
8,temporal (resident set used),57,34,64,6,6
8,temporal (resident set used),57,45,64,6,6
8,temporal (resident set used),57,50,64,6,6
8,temporal (resident set used),57,54,64,6,6
8,temporal (resident set used),58,0,64,6,6
8,temporal (resident set used),58,4,64,6,6
8,temporal (resident set used),58,12,64,6,6
8,temporal (resident set used),58,45,64,6,6
8,temporal (resident set used),58,50,64,6,6
8,temporal (resident set used),58,54,64,6,6
8,temporal (resident set used),59,0,64,6,6
8,temporal (resident set used),59,4,64,6,6
8,temporal (resident set used),59,12,64,6,6
8,temporal (resident set used),59,39,64,6,6
8,temporal (resident set used),59,45,64,6,6
8,temporal (resident set used),59,54,64,6,6
8,temporal (resident set used),60,0,64,6,6
8,temporal (resident set used),60,4,64,6,6
8,temporal (resident set used),60,12,64,6,6
8,temporal (resident set used),60,22,64,6,6
8,temporal (resident set used),60,39,64,6,6
8,temporal (resident set used),60,54,64,6,6
8,temporal (resident set used),61,0,64,6,6
8,temporal (resident set used),61,4,64,6,6
8,temporal (resident set used),61,12,64,6,6
8,temporal (resident set used),61,13,64,6,6
8,temporal (resident set used),61,22,64,6,6
8,temporal (resident set used),61,54,64,6,6
8,temporal (resident set used),62,0,64,6,6
8,temporal (resident set used),62,4,64,6,6
8,temporal (resident set used),62,12,64,6,6
8,temporal (resident set used),62,22,64,6,6
8,temporal (resident set used),62,50,64,6,6
8,temporal (resident set used),62,54,64,6,6
8,temporal (resident set used),63,0,64,6,6
8,temporal (resident set used),63,12,64,6,6
8,temporal (resident set used),63,21,64,6,6
8,temporal (resident set used),63,22,64,6,6
8,temporal (resident set used),63,50,64,6,6
8,temporal (resident set used),63,54,64,6,6
8,temporal (resident set used),64,12,64,6,6
8,temporal (resident set used),64,21,64,6,6
8,temporal (resident set used),64,22,64,6,6
8,temporal (resident set used),64,34,64,6,6
8,temporal (resident set used),64,50,64,6,6
8,temporal (resident set used),64,54,64,6,6
8,temporal (resident set used),65,12,64,6,6
8,temporal (resident set used),65,18,64,6,6
8,temporal (resident set used),65,21,64,6,6
8,temporal (resident set used),65,34,64,6,6
8,temporal (resident set used),65,50,64,6,6
8,temporal (resident set used),65,54,64,6,6
8,temporal (resident set used),66,12,64,6,6
8,temporal (resident set used),66,18,64,6,6
8,temporal (resident set used),66,21,64,6,6
8,temporal (resident set used),66,30,64,6,6
8,temporal (resident set used),66,34,64,6,6
8,temporal (resident set used),66,54,64,6,6
8,temporal (resident set used),67,12,64,6,6
8,temporal (resident set used),67,18,64,6,6
8,temporal (resident set used),67,27,64,6,6
8,temporal (resident set used),67,30,64,6,6
8,temporal (resident set used),67,34,64,6,6
8,temporal (resident set used),67,54,64,6,6
8,temporal (resident set used),68,3,64,6,6
8,temporal (resident set used),68,12,64,6,6
8,temporal (resident set used),68,18,64,6,6
8,temporal (resident set used),68,27,64,6,6
8,temporal (resident set used),68,30,64,6,6
8,temporal (resident set used),68,54,64,6,6
8,temporal (resident set used),69,3,64,6,6
8,temporal (resident set used),69,5,64,6,6
8,temporal (resident set used),69,12,64,6,6
8,temporal (resident set used),69,18,64,6,6
8,temporal (resident set used),69,30,64,6,6
8,temporal (resident set used),69,54,64,6,6
8,temporal (resident set used),70,3,64,6,6
8,temporal (resident set used),70,5,64,6,6
8,temporal (resident set used),70,12,64,6,6
8,temporal (resident set used),70,18,64,6,6
8,temporal (resident set used),70,42,64,6,6
8,temporal (resident set used),70,54,64,6,6
8,temporal (resident set used),71,3,64,6,6
8,temporal (resident set used),71,12,64,6,6
8,temporal (resident set used),71,18,64,6,6
8,temporal (resident set used),71,39,64,6,6
8,temporal (resident set used),71,42,64,6,6
8,temporal (resident set used),71,54,64,6,6
8,temporal (resident set used),72,3,64,6,6
8,temporal (resident set used),72,12,64,6,6
8,temporal (resident set used),72,13,64,6,6
8,temporal (resident set used),72,18,64,6,6
8,temporal (resident set used),72,39,64,6,6
8,temporal (resident set used),72,54,64,6,6
8,temporal (resident set used),73,3,64,6,6
8,temporal (resident set used),73,11,64,6,6
8,temporal (resident set used),73,12,64,6,6
8,temporal (resident set used),73,13,64,6,6
8,temporal (resident set used),73,18,64,6,6
8,temporal (resident set used),73,54,64,6,6
8,temporal (resident set used),74,3,64,6,6
8,temporal (resident set used),74,11,64,6,6
8,temporal (resident set used),74,12,64,6,6
8,temporal (resident set used),74,18,64,6,6
8,temporal (resident set used),74,31,64,6,6
8,temporal (resident set used),74,54,64,6,6
8,temporal (resident set used),75,3,64,6,6
8,temporal (resident set used),75,11,64,6,6
8,temporal (resident set used),75,12,64,6,6
8,temporal (resident set used),75,15,64,6,6
8,temporal (resident set used),75,18,64,6,6
8,temporal (resident set used),75,31,64,6,6
8,temporal (resident set used),76,3,64,6,6
8,temporal (resident set used),76,11,64,6,6
8,temporal (resident set used),76,12,64,6,6
8,temporal (resident set used),76,18,64,6,6
8,temporal (resident set used),76,31,64,6,6
8,temporal (resident set used),76,57,64,6,6
8,temporal (resident set used),77,3,64,6,6
8,temporal (resident set used),77,11,64,6,6
8,temporal (resident set used),77,12,64,6,6
8,temporal (resident set used),77,22,64,6,6
8,temporal (resident set used),77,31,64,6,6
8,temporal (resident set used),77,57,64,6,6
8,temporal (resident set used),78,3,64,6,6
8,temporal (resident set used),78,11,64,6,6
8,temporal (resident set used),78,12,64,6,6
8,temporal (resident set used),78,31,64,6,6
8,temporal (resident set used),78,43,64,6,6
8,temporal (resident set used),78,57,64,6,6
8,temporal (resident set used),79,3,64,6,6
8,temporal (resident set used),79,11,64,6,6
8,temporal (resident set used),79,12,64,6,6
8,temporal (resident set used),79,24,64,6,6
8,temporal (resident set used),79,31,64,6,6
8,temporal (resident set used),79,57,64,6,6
8,temporal (resident set used),80,0,64,6,6
8,temporal (resident set used),80,3,64,6,6
8,temporal (resident set used),80,11,64,6,6
8,temporal (resident set used),80,12,64,6,6
8,temporal (resident set used),80,24,64,6,6
8,temporal (resident set used),80,31,64,6,6
8,temporal (resident set used),81,0,64,6,6
8,temporal (resident set used),81,3,64,6,6
8,temporal (resident set used),81,12,64,6,6
8,temporal (resident set used),81,24,64,6,6
8,temporal (resident set used),81,31,64,6,6
8,temporal (resident set used),81,58,64,6,6
8,temporal (resident set used),82,0,64,6,6
8,temporal (resident set used),82,12,64,6,6
8,temporal (resident set used),82,24,64,6,6
8,temporal (resident set used),82,31,64,6,6
8,temporal (resident set used),82,34,64,6,6
8,temporal (resident set used),82,58,64,6,6
8,temporal (resident set used),83,0,64,6,6
8,temporal (resident set used),83,12,64,6,6
8,temporal (resident set used),83,20,64,6,6
8,temporal (resident set used),83,24,64,6,6
8,temporal (resident set used),83,34,64,6,6
8,temporal (resident set used),83,58,64,6,6
8,temporal (resident set used),84,0,64,6,6
8,temporal (resident set used),84,12,64,6,6
8,temporal (resident set used),84,20,64,6,6
8,temporal (resident set used),84,34,64,6,6
8,temporal (resident set used),84,43,64,6,6
8,temporal (resident set used),84,58,64,6,6
8,temporal (resident set used),85,0,64,6,6
8,temporal (resident set used),85,12,64,6,6
8,temporal (resident set used),85,22,64,6,6
8,temporal (resident set used),85,34,64,6,6
8,temporal (resident set used),85,43,64,6,6
8,temporal (resident set used),85,58,64,6,6
8,temporal (resident set used),86,0,64,6,6
8,temporal (resident set used),86,12,64,6,6
8,temporal (resident set used),86,22,64,6,6
8,temporal (resident set used),86,43,64,6,6
8,temporal (resident set used),86,45,64,6,6
8,temporal (resident set used),86,58,64,6,6
8,temporal (resident set used),87,0,64,6,6
8,temporal (resident set used),87,12,64,6,6
8,temporal (resident set used),87,22,64,6,6
8,temporal (resident set used),87,43,64,6,6
8,temporal (resident set used),87,45,64,6,6
8,temporal (resident set used),87,56,64,6,6
8,temporal (resident set used),88,0,64,6,6
8,temporal (resident set used),88,4,64,6,6
8,temporal (resident set used),88,12,64,6,6
8,temporal (resident set used),88,22,64,6,6
8,temporal (resident set used),88,43,64,6,6
8,temporal (resident set used),88,56,64,6,6
8,temporal (resident set used),89,0,64,6,6
8,temporal (resident set used),89,4,64,6,6
8,temporal (resident set used),89,12,64,6,6
8,temporal (resident set used),89,20,64,6,6
8,temporal (resident set used),89,43,64,6,6
8,temporal (resident set used),89,56,64,6,6
8,temporal (resident set used),90,4,64,6,6
8,temporal (resident set used),90,12,64,6,6
8,temporal (resident set used),90,20,64,6,6
8,temporal (resident set used),90,43,64,6,6
8,temporal (resident set used),90,56,64,6,6
8,temporal (resident set used),90,62,64,6,6
8,temporal (resident set used),91,4,64,6,6
8,temporal (resident set used),91,12,64,6,6
8,temporal (resident set used),91,20,64,6,6
8,temporal (resident set used),91,43,64,6,6
8,temporal (resident set used),91,54,64,6,6
8,temporal (resident set used),91,62,64,6,6
8,temporal (resident set used),92,4,64,6,6
8,temporal (resident set used),92,12,64,6,6
8,temporal (resident set used),92,18,64,6,6
8,temporal (resident set used),92,20,64,6,6
8,temporal (resident set used),92,54,64,6,6
8,temporal (resident set used),92,62,64,6,6
8,temporal (resident set used),93,4,64,6,6
8,temporal (resident set used),93,12,64,6,6
8,temporal (resident set used),93,18,64,6,6
8,temporal (resident set used),93,20,64,6,6
8,temporal (resident set used),93,50,64,6,6
8,temporal (resident set used),93,54,64,6,6
8,temporal (resident set used),94,12,64,6,6
8,temporal (resident set used),94,18,64,6,6
8,temporal (resident set used),94,20,64,6,6
8,temporal (resident set used),94,50,64,6,6
8,temporal (resident set used),94,54,64,6,6
8,temporal (resident set used),94,57,64,6,6
8,temporal (resident set used),95,12,64,6,6
8,temporal (resident set used),95,18,64,6,6
8,temporal (resident set used),95,27,64,6,6
8,temporal (resident set used),95,50,64,6,6
8,temporal (resident set used),95,54,64,6,6
8,temporal (resident set used),95,57,64,6,6
8,temporal (resident set used),96,12,64,6,6
8,temporal (resident set used),96,18,64,6,6
8,temporal (resident set used),96,27,64,6,6
8,temporal (resident set used),96,31,64,6,6
8,temporal (resident set used),96,50,64,6,6
8,temporal (resident set used),96,57,64,6,6
8,temporal (resident set used),97,12,64,6,6
8,temporal (resident set used),97,15,64,6,6
8,temporal (resident set used),97,18,64,6,6
8,temporal (resident set used),97,27,64,6,6
8,temporal (resident set used),97,31,64,6,6
8,temporal (resident set used),97,50,64,6,6
8,temporal (resident set used),98,12,64,6,6
8,temporal (resident set used),98,18,64,6,6
8,temporal (resident set used),98,27,64,6,6
8,temporal (resident set used),98,31,64,6,6
8,temporal (resident set used),98,50,64,6,6
8,temporal (resident set used),98,54,64,6,6
8,temporal (resident set used),99,0,64,6,6
8,temporal (resident set used),99,12,64,6,6
8,temporal (resident set used),99,27,64,6,6
8,temporal (resident set used),99,31,64,6,6
8,temporal (resident set used),99,50,64,6,6
8,temporal (resident set used),99,54,64,6,6
8,temporal (resident set used),100,0,64,6,6
8,temporal (resident set used),100,12,64,6,6
8,temporal (resident set used),100,13,64,6,6
8,temporal (resident set used),100,27,64,6,6
8,temporal (resident set used),100,50,64,6,6
8,temporal (resident set used),100,54,64,6,6
8,temporal (resident set used),101,0,64,6,6
8,temporal (resident set used),101,12,64,6,6
8,temporal (resident set used),101,13,64,6,6
8,temporal (resident set used),101,18,64,6,6
8,temporal (resident set used),101,50,64,6,6
8,temporal (resident set used),101,54,64,6,6
8,temporal (resident set used),102,0,64,6,6
8,temporal (resident set used),102,12,64,6,6
8,temporal (resident set used),102,18,64,6,6
8,temporal (resident set used),102,50,64,6,6
8,temporal (resident set used),102,54,64,6,6
8,temporal (resident set used),102,58,64,6,6
8,temporal (resident set used),103,0,64,6,6
8,temporal (resident set used),103,12,64,6,6
8,temporal (resident set used),103,18,64,6,6
8,temporal (resident set used),103,34,64,6,6
8,temporal (resident set used),103,50,64,6,6
8,temporal (resident set used),103,58,64,6,6
8,temporal (resident set used),104,0,64,6,6
8,temporal (resident set used),104,3,64,6,6
8,temporal (resident set used),104,12,64,6,6
8,temporal (resident set used),104,34,64,6,6
8,temporal (resident set used),104,50,64,6,6
8,temporal (resident set used),104,58,64,6,6
8,temporal (resident set used),105,0,64,6,6
8,temporal (resident set used),105,3,64,6,6
8,temporal (resident set used),105,12,64,6,6
8,temporal (resident set used),105,27,64,6,6
8,temporal (resident set used),105,50,64,6,6
8,temporal (resident set used),105,58,64,6,6
8,temporal (resident set used),106,0,64,6,6
8,temporal (resident set used),106,12,64,6,6
8,temporal (resident set used),106,27,64,6,6
8,temporal (resident set used),106,34,64,6,6
8,temporal (resident set used),106,50,64,6,6
8,temporal (resident set used),106,58,64,6,6
8,temporal (resident set used),107,0,64,6,6
8,temporal (resident set used),107,12,64,6,6
8,temporal (resident set used),107,18,64,6,6
8,temporal (resident set used),107,34,64,6,6
8,temporal (resident set used),107,50,64,6,6
8,temporal (resident set used),107,58,64,6,6
8,temporal (resident set used),108,0,64,6,6
8,temporal (resident set used),108,3,64,6,6
8,temporal (resident set used),108,12,64,6,6
8,temporal (resident set used),108,34,64,6,6
8,temporal (resident set used),108,50,64,6,6
8,temporal (resident set used),108,58,64,6,6
8,temporal (resident set used),109,0,64,6,6
8,temporal (resident set used),109,3,64,6,6
8,temporal (resident set used),109,12,64,6,6
8,temporal (resident set used),109,27,64,6,6
8,temporal (resident set used),109,50,64,6,6
8,temporal (resident set used),109,58,64,6,6
8,temporal (resident set used),110,0,64,6,6
8,temporal (resident set used),110,3,64,6,6
8,temporal (resident set used),110,12,64,6,6
8,temporal (resident set used),110,34,64,6,6
8,temporal (resident set used),110,50,64,6,6
8,temporal (resident set used),110,58,64,6,6
8,temporal (resident set used),111,0,64,6,6
8,temporal (resident set used),111,3,64,6,6
8,temporal (resident set used),111,12,64,6,6
8,temporal (resident set used),111,26,64,6,6
8,temporal (resident set used),111,34,64,6,6
8,temporal (resident set used),111,58,64,6,6
8,temporal (resident set used),112,0,64,6,6
8,temporal (resident set used),112,3,64,6,6
8,temporal (resident set used),112,12,64,6,6
8,temporal (resident set used),112,26,64,6,6
8,temporal (resident set used),112,27,64,6,6
8,temporal (resident set used),112,58,64,6,6
8,temporal (resident set used),113,0,64,6,6
8,temporal (resident set used),113,3,64,6,6
8,temporal (resident set used),113,12,64,6,6
8,temporal (resident set used),113,27,64,6,6
8,temporal (resident set used),113,45,64,6,6
8,temporal (resident set used),113,58,64,6,6
8,temporal (resident set used),114,0,64,6,6
8,temporal (resident set used),114,4,64,6,6
8,temporal (resident set used),114,12,64,6,6
8,temporal (resident set used),114,27,64,6,6
8,temporal (resident set used),114,45,64,6,6
8,temporal (resident set used),114,58,64,6,6
8,temporal (resident set used),115,0,64,6,6
8,temporal (resident set used),115,4,64,6,6
8,temporal (resident set used),115,6,64,6,6
8,temporal (resident set used),115,12,64,6,6
8,temporal (resident set used),115,45,64,6,6
8,temporal (resident set used),115,58,64,6,6
8,temporal (resident set used),116,0,64,6,6
8,temporal (resident set used),116,4,64,6,6
8,temporal (resident set used),116,6,64,6,6
8,temporal (resident set used),116,12,64,6,6
8,temporal (resident set used),116,56,64,6,6
8,temporal (resident set used),116,58,64,6,6
8,temporal (resident set used),117,4,64,6,6
8,temporal (resident set used),117,6,64,6,6
8,temporal (resident set used),117,12,64,6,6
8,temporal (resident set used),117,20,64,6,6
8,temporal (resident set used),117,56,64,6,6
8,temporal (resident set used),117,58,64,6,6
8,temporal (resident set used),118,4,64,6,6
8,temporal (resident set used),118,12,64,6,6
8,temporal (resident set used),118,20,64,6,6
8,temporal (resident set used),118,34,64,6,6
8,temporal (resident set used),118,56,64,6,6
8,temporal (resident set used),118,58,64,6,6
8,temporal (resident set used),119,4,64,6,6
8,temporal (resident set used),119,12,64,6,6
8,temporal (resident set used),119,34,64,6,6
8,temporal (resident set used),119,45,64,6,6
8,temporal (resident set used),119,56,64,6,6
8,temporal (resident set used),119,58,64,6,6
8,temporal (resident set used),120,3,64,6,6
8,temporal (resident set used),120,12,64,6,6
8,temporal (resident set used),120,34,64,6,6
8,temporal (resident set used),120,45,64,6,6
8,temporal (resident set used),120,56,64,6,6
8,temporal (resident set used),120,58,64,6,6
8,temporal (resident set used),121,3,64,6,6
8,temporal (resident set used),121,12,64,6,6
8,temporal (resident set used),121,18,64,6,6
8,temporal (resident set used),121,34,64,6,6
8,temporal (resident set used),121,56,64,6,6
8,temporal (resident set used),121,58,64,6,6
8,temporal (resident set used),122,3,64,6,6
8,temporal (resident set used),122,12,64,6,6
8,temporal (resident set used),122,18,64,6,6
8,temporal (resident set used),122,34,64,6,6
8,temporal (resident set used),122,36,64,6,6
8,temporal (resident set used),122,56,64,6,6
8,temporal (resident set used),123,3,64,6,6
8,temporal (resident set used),123,12,64,6,6
8,temporal (resident set used),123,18,64,6,6
8,temporal (resident set used),123,34,64,6,6
8,temporal (resident set used),123,50,64,6,6
8,temporal (resident set used),123,56,64,6,6
8,temporal (resident set used),124,3,64,6,6
8,temporal (resident set used),124,12,64,6,6
8,temporal (resident set used),124,18,64,6,6
8,temporal (resident set used),124,34,64,6,6
8,temporal (resident set used),124,45,64,6,6
8,temporal (resident set used),124,56,64,6,6
8,temporal (resident set used),125,0,64,6,6
8,temporal (resident set used),125,3,64,6,6
8,temporal (resident set used),125,12,64,6,6
8,temporal (resident set used),125,34,64,6,6
8,temporal (resident set used),125,45,64,6,6
8,temporal (resident set used),125,56,64,6,6
8,temporal (resident set used),126,0,64,6,6
8,temporal (resident set used),126,3,64,6,6
8,temporal (resident set used),126,4,64,6,6
8,temporal (resident set used),126,12,64,6,6
8,temporal (resident set used),126,45,64,6,6
8,temporal (resident set used),126,56,64,6,6
8,temporal (resident set used),127,0,64,6,6
8,temporal (resident set used),127,3,64,6,6
8,temporal (resident set used),127,12,64,6,6
8,temporal (resident set used),127,34,64,6,6
8,temporal (resident set used),127,45,64,6,6
8,temporal (resident set used),127,56,64,6,6
8,temporal (resident set used),128,0,64,6,6
8,temporal (resident set used),128,3,64,6,6
8,temporal (resident set used),128,12,64,6,6
8,temporal (resident set used),128,45,64,6,6
8,temporal (resident set used),128,50,64,6,6
8,temporal (resident set used),128,56,64,6,6
8,temporal (resident set used),129,3,64,6,6
8,temporal (resident set used),129,12,64,6,6
8,temporal (resident set used),129,20,64,6,6
8,temporal (resident set used),129,45,64,6,6
8,temporal (resident set used),129,50,64,6,6
8,temporal (resident set used),129,56,64,6,6
8,temporal (resident set used),130,3,64,6,6
8,temporal (resident set used),130,12,64,6,6
8,temporal (resident set used),130,34,64,6,6
8,temporal (resident set used),130,45,64,6,6
8,temporal (resident set used),130,50,64,6,6
8,temporal (resident set used),130,56,64,6,6
8,temporal (resident set used),131,3,64,6,6
8,temporal (resident set used),131,12,64,6,6
8,temporal (resident set used),131,27,64,6,6
8,temporal (resident set used),131,45,64,6,6
8,temporal (resident set used),131,50,64,6,6
8,temporal (resident set used),131,56,64,6,6
8,temporal (resident set used),132,3,64,6,6
8,temporal (resident set used),132,12,64,6,6
8,temporal (resident set used),132,34,64,6,6
8,temporal (resident set used),132,45,64,6,6
8,temporal (resident set used),132,50,64,6,6
8,temporal (resident set used),132,56,64,6,6
8,temporal (resident set used),133,3,64,6,6
8,temporal (resident set used),133,12,64,6,6
8,temporal (resident set used),133,42,64,6,6
8,temporal (resident set used),133,45,64,6,6
8,temporal (resident set used),133,50,64,6,6
8,temporal (resident set used),133,56,64,6,6
8,temporal (resident set used),134,3,64,6,6
8,temporal (resident set used),134,12,64,6,6
8,temporal (resident set used),134,34,64,6,6
8,temporal (resident set used),134,42,64,6,6
8,temporal (resident set used),134,45,64,6,6
8,temporal (resident set used),134,50,64,6,6
8,temporal (resident set used),135,3,64,6,6
8,temporal (resident set used),135,12,64,6,6
8,temporal (resident set used),135,22,64,6,6
8,temporal (resident set used),135,34,64,6,6
8,temporal (resident set used),135,45,64,6,6
8,temporal (resident set used),135,50,64,6,6
8,temporal (resident set used),136,3,64,6,6
8,temporal (resident set used),136,12,64,6,6
8,temporal (resident set used),136,34,64,6,6
8,temporal (resident set used),136,36,64,6,6
8,temporal (resident set used),136,45,64,6,6
8,temporal (resident set used),136,50,64,6,6
8,temporal (resident set used),137,3,64,6,6
8,temporal (resident set used),137,12,64,6,6
8,temporal (resident set used),137,27,64,6,6
8,temporal (resident set used),137,34,64,6,6
8,temporal (resident set used),137,45,64,6,6
8,temporal (resident set used),137,50,64,6,6
8,temporal (resident set used),138,3,64,6,6
8,temporal (resident set used),138,12,64,6,6
8,temporal (resident set used),138,27,64,6,6
8,temporal (resident set used),138,45,64,6,6
8,temporal (resident set used),138,50,64,6,6
8,temporal (resident set used),138,62,64,6,6
8,temporal (resident set used),139,0,64,6,6
8,temporal (resident set used),139,12,64,6,6
8,temporal (resident set used),139,27,64,6,6
8,temporal (resident set used),139,45,64,6,6
8,temporal (resident set used),139,50,64,6,6
8,temporal (resident set used),139,62,64,6,6
8,temporal (resident set used),140,0,64,6,6
8,temporal (resident set used),140,12,64,6,6
8,temporal (resident set used),140,13,64,6,6
8,temporal (resident set used),140,45,64,6,6
8,temporal (resident set used),140,50,64,6,6
8,temporal (resident set used),140,62,64,6,6
8,temporal (resident set used),141,0,64,6,6
8,temporal (resident set used),141,12,64,6,6
8,temporal (resident set used),141,13,64,6,6
8,temporal (resident set used),141,18,64,6,6
8,temporal (resident set used),141,45,64,6,6
8,temporal (resident set used),141,50,64,6,6
8,temporal (resident set used),142,12,64,6,6
8,temporal (resident set used),142,13,64,6,6
8,temporal (resident set used),142,15,64,6,6
8,temporal (resident set used),142,18,64,6,6
8,temporal (resident set used),142,45,64,6,6
8,temporal (resident set used),142,50,64,6,6
8,temporal (resident set used),143,12,64,6,6
8,temporal (resident set used),143,15,64,6,6
8,temporal (resident set used),143,18,64,6,6
8,temporal (resident set used),143,20,64,6,6
8,temporal (resident set used),143,45,64,6,6
8,temporal (resident set used),143,50,64,6,6
8,temporal (resident set used),144,12,64,6,6
8,temporal (resident set used),144,15,64,6,6
8,temporal (resident set used),144,18,64,6,6
8,temporal (resident set used),144,45,64,6,6
8,temporal (resident set used),144,50,64,6,6
8,temporal (resident set used),144,61,64,6,6
8,temporal (resident set used),145,12,64,6,6
8,temporal (resident set used),145,18,64,6,6
8,temporal (resident set used),145,45,64,6,6
8,temporal (resident set used),145,50,64,6,6
8,temporal (resident set used),145,54,64,6,6
8,temporal (resident set used),145,61,64,6,6
8,temporal (resident set used),146,12,64,6,6
8,temporal (resident set used),146,18,64,6,6
8,temporal (resident set used),146,20,64,6,6
8,temporal (resident set used),146,50,64,6,6
8,temporal (resident set used),146,54,64,6,6
8,temporal (resident set used),146,61,64,6,6
8,temporal (resident set used),147,12,64,6,6
8,temporal (resident set used),147,20,64,6,6
8,temporal (resident set used),147,24,64,6,6
8,temporal (resident set used),147,50,64,6,6
8,temporal (resident set used),147,54,64,6,6
8,temporal (resident set used),147,61,64,6,6
8,temporal (resident set used),148,12,64,6,6
8,temporal (resident set used),148,20,64,6,6
8,temporal (resident set used),148,24,64,6,6
8,temporal (resident set used),148,27,64,6,6
8,temporal (resident set used),148,50,64,6,6
8,temporal (resident set used),148,61,64,6,6
8,temporal (resident set used),149,4,64,6,6
8,temporal (resident set used),149,12,64,6,6
8,temporal (resident set used),149,20,64,6,6
8,temporal (resident set used),149,24,64,6,6
8,temporal (resident set used),149,50,64,6,6
8,temporal (resident set used),149,61,64,6,6
8,temporal (resident set used),150,4,64,6,6
8,temporal (resident set used),150,12,64,6,6
8,temporal (resident set used),150,24,64,6,6
8,temporal (resident set used),150,34,64,6,6
8,temporal (resident set used),150,50,64,6,6
8,temporal (resident set used),150,61,64,6,6
8,temporal (resident set used),151,0,64,6,6
8,temporal (resident set used),151,4,64,6,6
8,temporal (resident set used),151,12,64,6,6
8,temporal (resident set used),151,24,64,6,6
8,temporal (resident set used),151,34,64,6,6
8,temporal (resident set used),151,61,64,6,6
8,temporal (resident set used),152,0,64,6,6
8,temporal (resident set used),152,4,64,6,6
8,temporal (resident set used),152,12,64,6,6
8,temporal (resident set used),152,13,64,6,6
8,temporal (resident set used),152,34,64,6,6
8,temporal (resident set used),152,61,64,6,6
8,temporal (resident set used),153,0,64,6,6
8,temporal (resident set used),153,4,64,6,6
8,temporal (resident set used),153,12,64,6,6
8,temporal (resident set used),153,13,64,6,6
8,temporal (resident set used),153,20,64,6,6
8,temporal (resident set used),153,34,64,6,6
8,temporal (resident set used),154,0,64,6,6
8,temporal (resident set used),154,4,64,6,6
8,temporal (resident set used),154,12,64,6,6
8,temporal (resident set used),154,18,64,6,6
8,temporal (resident set used),154,20,64,6,6
8,temporal (resident set used),154,34,64,6,6
8,temporal (resident set used),155,0,64,6,6
8,temporal (resident set used),155,4,64,6,6
8,temporal (resident set used),155,12,64,6,6
8,temporal (resident set used),155,18,64,6,6
8,temporal (resident set used),155,20,64,6,6
8,temporal (resident set used),155,45,64,6,6
8,temporal (resident set used),156,0,64,6,6
8,temporal (resident set used),156,4,64,6,6
8,temporal (resident set used),156,12,64,6,6
8,temporal (resident set used),156,18,64,6,6
8,temporal (resident set used),156,34,64,6,6
8,temporal (resident set used),156,45,64,6,6
8,temporal (resident set used),157,0,64,6,6
8,temporal (resident set used),157,3,64,6,6
8,temporal (resident set used),157,4,64,6,6
8,temporal (resident set used),157,12,64,6,6
8,temporal (resident set used),157,34,64,6,6
8,temporal (resident set used),157,45,64,6,6
8,temporal (resident set used),158,0,64,6,6
8,temporal (resident set used),158,3,64,6,6
8,temporal (resident set used),158,4,64,6,6
8,temporal (resident set used),158,12,64,6,6
8,temporal (resident set used),158,34,64,6,6
8,temporal (resident set used),158,46,64,6,6
8,temporal (resident set used),159,0,64,6,6
8,temporal (resident set used),159,3,64,6,6
8,temporal (resident set used),159,4,64,6,6
8,temporal (resident set used),159,12,64,6,6
8,temporal (resident set used),159,27,64,6,6
8,temporal (resident set used),159,46,64,6,6
8,temporal (resident set used),160,0,64,6,6
8,temporal (resident set used),160,4,64,6,6
8,temporal (resident set used),160,12,64,6,6
8,temporal (resident set used),160,27,64,6,6
8,temporal (resident set used),160,46,64,6,6
8,temporal (resident set used),160,63,64,6,6
8,temporal (resident set used),161,0,64,6,6
8,temporal (resident set used),161,4,64,6,6
8,temporal (resident set used),161,12,64,6,6
8,temporal (resident set used),161,46,64,6,6
8,temporal (resident set used),161,49,64,6,6
8,temporal (resident set used),161,63,64,6,6
8,temporal (resident set used),162,4,64,6,6
8,temporal (resident set used),162,12,64,6,6
8,temporal (resident set used),162,34,64,6,6
8,temporal (resident set used),162,46,64,6,6
8,temporal (resident set used),162,49,64,6,6
8,temporal (resident set used),162,63,64,6,6
8,temporal (resident set used),163,0,64,6,6
8,temporal (resident set used),163,4,64,6,6
8,temporal (resident set used),163,12,64,6,6
8,temporal (resident set used),163,34,64,6,6
8,temporal (resident set used),163,46,64,6,6
8,temporal (resident set used),163,49,64,6,6
8,temporal (resident set used),164,0,64,6,6
8,temporal (resident set used),164,4,64,6,6
8,temporal (resident set used),164,12,64,6,6
8,temporal (resident set used),164,13,64,6,6
8,temporal (resident set used),164,46,64,6,6
8,temporal (resident set used),164,49,64,6,6
8,temporal (resident set used),165,0,64,6,6
8,temporal (resident set used),165,4,64,6,6
8,temporal (resident set used),165,6,64,6,6
8,temporal (resident set used),165,12,64,6,6
8,temporal (resident set used),165,46,64,6,6
8,temporal (resident set used),165,49,64,6,6
8,temporal (resident set used),166,0,64,6,6
8,temporal (resident set used),166,4,64,6,6
8,temporal (resident set used),166,6,64,6,6
8,temporal (resident set used),166,12,64,6,6
8,temporal (resident set used),166,20,64,6,6
8,temporal (resident set used),166,46,64,6,6
8,temporal (resident set used),167,0,64,6,6
8,temporal (resident set used),167,4,64,6,6
8,temporal (resident set used),167,12,64,6,6
8,temporal (resident set used),167,20,64,6,6
8,temporal (resident set used),167,34,64,6,6
8,temporal (resident set used),167,46,64,6,6
8,temporal (resident set used),168,0,64,6,6
8,temporal (resident set used),168,4,64,6,6
8,temporal (resident set used),168,6,64,6,6
8,temporal (resident set used),168,12,64,6,6
8,temporal (resident set used),168,20,64,6,6
8,temporal (resident set used),168,46,64,6,6
8,temporal (resident set used),169,0,64,6,6
8,temporal (resident set used),169,4,64,6,6
8,temporal (resident set used),169,6,64,6,6
8,temporal (resident set used),169,12,64,6,6
8,temporal (resident set used),169,20,64,6,6
8,temporal (resident set used),169,27,64,6,6
8,temporal (resident set used),170,0,64,6,6
8,temporal (resident set used),170,4,64,6,6
8,temporal (resident set used),170,6,64,6,6
8,temporal (resident set used),170,12,64,6,6
8,temporal (resident set used),170,27,64,6,6
8,temporal (resident set used),170,34,64,6,6
8,temporal (resident set used),171,0,64,6,6
8,temporal (resident set used),171,4,64,6,6
8,temporal (resident set used),171,12,64,6,6
8,temporal (resident set used),171,27,64,6,6
8,temporal (resident set used),171,34,64,6,6
8,temporal (resident set used),171,51,64,6,6
8,temporal (resident set used),172,0,64,6,6
8,temporal (resident set used),172,4,64,6,6
8,temporal (resident set used),172,12,64,6,6
8,temporal (resident set used),172,27,64,6,6
8,temporal (resident set used),172,45,64,6,6
8,temporal (resident set used),172,51,64,6,6
8,temporal (resident set used),173,4,64,6,6
8,temporal (resident set used),173,12,64,6,6
8,temporal (resident set used),173,20,64,6,6
8,temporal (resident set used),173,27,64,6,6
8,temporal (resident set used),173,45,64,6,6
8,temporal (resident set used),173,51,64,6,6
8,temporal (resident set used),174,4,64,6,6
8,temporal (resident set used),174,12,64,6,6
8,temporal (resident set used),174,27,64,6,6
8,temporal (resident set used),174,34,64,6,6
8,temporal (resident set used),174,45,64,6,6
8,temporal (resident set used),174,51,64,6,6
8,temporal (resident set used),175,4,64,6,6
8,temporal (resident set used),175,12,64,6,6
8,temporal (resident set used),175,34,64,6,6
8,temporal (resident set used),175,45,64,6,6
8,temporal (resident set used),175,51,64,6,6
8,temporal (resident set used),175,56,64,6,6
8,temporal (resident set used),176,4,64,6,6
8,temporal (resident set used),176,12,64,6,6
8,temporal (resident set used),176,27,64,6,6
8,temporal (resident set used),176,45,64,6,6
8,temporal (resident set used),176,51,64,6,6
8,temporal (resident set used),176,56,64,6,6
8,temporal (resident set used),177,12,64,6,6
8,temporal (resident set used),177,20,64,6,6
8,temporal (resident set used),177,27,64,6,6
8,temporal (resident set used),177,45,64,6,6
8,temporal (resident set used),177,51,64,6,6
8,temporal (resident set used),177,56,64,6,6
8,temporal (resident set used),178,12,64,6,6
8,temporal (resident set used),178,27,64,6,6
8,temporal (resident set used),178,34,64,6,6
8,temporal (resident set used),178,45,64,6,6
8,temporal (resident set used),178,51,64,6,6
8,temporal (resident set used),178,56,64,6,6
8,temporal (resident set used),179,0,64,6,6
8,temporal (resident set used),179,12,64,6,6
8,temporal (resident set used),179,27,64,6,6
8,temporal (resident set used),179,45,64,6,6
8,temporal (resident set used),179,51,64,6,6
8,temporal (resident set used),179,56,64,6,6
8,temporal (resident set used),180,0,64,6,6
8,temporal (resident set used),180,12,64,6,6
8,temporal (resident set used),180,17,64,6,6
8,temporal (resident set used),180,45,64,6,6
8,temporal (resident set used),180,51,64,6,6
8,temporal (resident set used),180,56,64,6,6
8,temporal (resident set used),181,0,64,6,6
8,temporal (resident set used),181,12,64,6,6
8,temporal (resident set used),181,20,64,6,6
8,temporal (resident set used),181,45,64,6,6
8,temporal (resident set used),181,51,64,6,6
8,temporal (resident set used),181,56,64,6,6
8,temporal (resident set used),182,0,64,6,6
8,temporal (resident set used),182,12,64,6,6
8,temporal (resident set used),182,20,64,6,6
8,temporal (resident set used),182,34,64,6,6
8,temporal (resident set used),182,45,64,6,6
8,temporal (resident set used),182,56,64,6,6
8,temporal (resident set used),183,0,64,6,6
8,temporal (resident set used),183,12,64,6,6
8,temporal (resident set used),183,20,64,6,6
8,temporal (resident set used),183,30,64,6,6
8,temporal (resident set used),183,45,64,6,6
8,temporal (resident set used),183,56,64,6,6
8,temporal (resident set used),184,0,64,6,6
8,temporal (resident set used),184,5,64,6,6
8,temporal (resident set used),184,12,64,6,6
8,temporal (resident set used),184,20,64,6,6
8,temporal (resident set used),184,45,64,6,6
8,temporal (resident set used),184,56,64,6,6
8,temporal (resident set used),185,0,64,6,6
8,temporal (resident set used),185,5,64,6,6
8,temporal (resident set used),185,12,64,6,6
8,temporal (resident set used),185,34,64,6,6
8,temporal (resident set used),185,45,64,6,6
8,temporal (resident set used),185,56,64,6,6
8,temporal (resident set used),186,0,64,6,6
8,temporal (resident set used),186,12,64,6,6
8,temporal (resident set used),186,22,64,6,6
8,temporal (resident set used),186,34,64,6,6
8,temporal (resident set used),186,45,64,6,6
8,temporal (resident set used),186,56,64,6,6
8,temporal (resident set used),187,0,64,6,6
8,temporal (resident set used),187,6,64,6,6
8,temporal (resident set used),187,12,64,6,6
8,temporal (resident set used),187,22,64,6,6
8,temporal (resident set used),187,45,64,6,6
8,temporal (resident set used),187,56,64,6,6
8,temporal (resident set used),188,0,64,6,6
8,temporal (resident set used),188,5,64,6,6
8,temporal (resident set used),188,12,64,6,6
8,temporal (resident set used),188,22,64,6,6
8,temporal (resident set used),188,45,64,6,6
8,temporal (resident set used),188,56,64,6,6
8,temporal (resident set used),189,0,64,6,6
8,temporal (resident set used),189,12,64,6,6
8,temporal (resident set used),189,22,64,6,6
8,temporal (resident set used),189,34,64,6,6
8,temporal (resident set used),189,45,64,6,6
8,temporal (resident set used),189,56,64,6,6
8,temporal (resident set used),190,0,64,6,6
8,temporal (resident set used),190,12,64,6,6
8,temporal (resident set used),190,22,64,6,6
8,temporal (resident set used),190,34,64,6,6
8,temporal (resident set used),190,42,64,6,6
8,temporal (resident set used),190,45,64,6,6
8,temporal (resident set used),191,0,64,6,6
8,temporal (resident set used),191,12,64,6,6
8,temporal (resident set used),191,13,64,6,6
8,temporal (resident set used),191,22,64,6,6
8,temporal (resident set used),191,34,64,6,6
8,temporal (resident set used),191,45,64,6,6
8,temporal (resident set used),192,0,64,6,6
8,temporal (resident set used),192,12,64,6,6
8,temporal (resident set used),192,13,64,6,6
8,temporal (resident set used),192,22,64,6,6
8,temporal (resident set used),192,37,64,6,6
8,temporal (resident set used),192,45,64,6,6
8,temporal (resident set used),193,0,64,6,6
8,temporal (resident set used),193,12,64,6,6
8,temporal (resident set used),193,13,64,6,6
8,temporal (resident set used),193,22,64,6,6
8,temporal (resident set used),193,45,64,6,6
8,temporal (resident set used),193,53,64,6,6
8,temporal (resident set used),194,0,64,6,6
8,temporal (resident set used),194,12,64,6,6
8,temporal (resident set used),194,22,64,6,6
8,temporal (resident set used),194,34,64,6,6
8,temporal (resident set used),194,45,64,6,6
8,temporal (resident set used),194,53,64,6,6
8,temporal (resident set used),195,0,64,6,6
8,temporal (resident set used),195,12,64,6,6
8,temporal (resident set used),195,34,64,6,6
8,temporal (resident set used),195,45,64,6,6
8,temporal (resident set used),195,49,64,6,6
8,temporal (resident set used),195,53,64,6,6
8,temporal (resident set used),196,0,64,6,6
8,temporal (resident set used),196,12,64,6,6
8,temporal (resident set used),196,20,64,6,6
8,temporal (resident set used),196,45,64,6,6
8,temporal (resident set used),196,49,64,6,6
8,temporal (resident set used),196,53,64,6,6
8,temporal (resident set used),197,0,64,6,6
8,temporal (resident set used),197,12,64,6,6
8,temporal (resident set used),197,34,64,6,6
8,temporal (resident set used),197,45,64,6,6
8,temporal (resident set used),197,49,64,6,6
8,temporal (resident set used),197,53,64,6,6
8,temporal (resident set used),198,0,64,6,6
8,temporal (resident set used),198,12,64,6,6
8,temporal (resident set used),198,34,64,6,6
8,temporal (resident set used),198,36,64,6,6
8,temporal (resident set used),198,45,64,6,6
8,temporal (resident set used),198,53,64,6,6
8,temporal (resident set used),199,0,64,6,6
8,temporal (resident set used),199,6,64,6,6
8,temporal (resident set used),199,12,64,6,6
8,temporal (resident set used),199,36,64,6,6
8,temporal (resident set used),199,45,64,6,6
8,temporal (resident set used),199,53,64,6,6
8,temporal (resident set used),200,0,64,6,6
8,temporal (resident set used),200,6,64,6,6
8,temporal (resident set used),200,12,64,6,6
8,temporal (resident set used),200,42,64,6,6
8,temporal (resident set used),200,45,64,6,6
8,temporal (resident set used),200,53,64,6,6
8,temporal (resident set used),201,0,64,6,6
8,temporal (resident set used),201,12,64,6,6
8,temporal (resident set used),201,34,64,6,6
8,temporal (resident set used),201,42,64,6,6
8,temporal (resident set used),201,45,64,6,6
8,temporal (resident set used),201,53,64,6,6
8,temporal (resident set used),202,0,64,6,6
8,temporal (resident set used),202,12,64,6,6
8,temporal (resident set used),202,42,64,6,6
8,temporal (resident set used),202,45,64,6,6
8,temporal (resident set used),202,53,64,6,6
8,temporal (resident set used),202,62,64,6,6
8,temporal (resident set used),203,0,64,6,6
8,temporal (resident set used),203,12,64,6,6
8,temporal (resident set used),203,13,64,6,6
8,temporal (resident set used),203,42,64,6,6
8,temporal (resident set used),203,45,64,6,6
8,temporal (resident set used),203,53,64,6,6
8,temporal (resident set used),204,0,64,6,6
8,temporal (resident set used),204,6,64,6,6
8,temporal (resident set used),204,12,64,6,6
8,temporal (resident set used),204,13,64,6,6
8,temporal (resident set used),204,45,64,6,6
8,temporal (resident set used),204,53,64,6,6
8,temporal (resident set used),205,0,64,6,6
8,temporal (resident set used),205,6,64,6,6
8,temporal (resident set used),205,12,64,6,6
8,temporal (resident set used),205,34,64,6,6
8,temporal (resident set used),205,45,64,6,6
8,temporal (resident set used),205,53,64,6,6
8,temporal (resident set used),206,0,64,6,6
8,temporal (resident set used),206,6,64,6,6
8,temporal (resident set used),206,12,64,6,6
8,temporal (resident set used),206,45,64,6,6
8,temporal (resident set used),206,53,64,6,6
8,temporal (resident set used),206,59,64,6,6
8,temporal (resident set used),207,6,64,6,6
8,temporal (resident set used),207,12,64,6,6
8,temporal (resident set used),207,27,64,6,6
8,temporal (resident set used),207,45,64,6,6
8,temporal (resident set used),207,53,64,6,6
8,temporal (resident set used),207,59,64,6,6
8,temporal (resident set used),208,12,64,6,6
8,temporal (resident set used),208,27,64,6,6
8,temporal (resident set used),208,45,64,6,6
8,temporal (resident set used),208,53,64,6,6
8,temporal (resident set used),208,56,64,6,6
8,temporal (resident set used),208,59,64,6,6
8,temporal (resident set used),209,12,64,6,6
8,temporal (resident set used),209,45,64,6,6
8,temporal (resident set used),209,48,64,6,6
8,temporal (resident set used),209,53,64,6,6
8,temporal (resident set used),209,56,64,6,6
8,temporal (resident set used),209,59,64,6,6
8,temporal (resident set used),210,12,64,6,6
8,temporal (resident set used),210,34,64,6,6
8,temporal (resident set used),210,45,64,6,6
8,temporal (resident set used),210,48,64,6,6
8,temporal (resident set used),210,53,64,6,6
8,temporal (resident set used),210,59,64,6,6
8,temporal (resident set used),211,12,64,6,6
8,temporal (resident set used),211,34,64,6,6
8,temporal (resident set used),211,45,64,6,6
8,temporal (resident set used),211,51,64,6,6
8,temporal (resident set used),211,53,64,6,6
8,temporal (resident set used),211,59,64,6,6
8,temporal (resident set used),212,12,64,6,6
8,temporal (resident set used),212,34,64,6,6
8,temporal (resident set used),212,42,64,6,6
8,temporal (resident set used),212,45,64,6,6
8,temporal (resident set used),212,53,64,6,6
8,temporal (resident set used),212,59,64,6,6
8,temporal (resident set used),213,0,64,6,6
8,temporal (resident set used),213,12,64,6,6
8,temporal (resident set used),213,42,64,6,6
8,temporal (resident set used),213,45,64,6,6
8,temporal (resident set used),213,53,64,6,6
8,temporal (resident set used),213,59,64,6,6
8,temporal (resident set used),214,0,64,6,6
8,temporal (resident set used),214,12,64,6,6
8,temporal (resident set used),214,21,64,6,6
8,temporal (resident set used),214,45,64,6,6
8,temporal (resident set used),214,53,64,6,6
8,temporal (resident set used),214,59,64,6,6
8,temporal (resident set used),215,0,64,6,6
8,temporal (resident set used),215,12,64,6,6
8,temporal (resident set used),215,21,64,6,6
8,temporal (resident set used),215,34,64,6,6
8,temporal (resident set used),215,45,64,6,6
8,temporal (resident set used),215,53,64,6,6
8,temporal (resident set used),216,0,64,6,6
8,temporal (resident set used),216,4,64,6,6
8,temporal (resident set used),216,12,64,6,6
8,temporal (resident set used),216,21,64,6,6
8,temporal (resident set used),216,45,64,6,6
8,temporal (resident set used),216,53,64,6,6
8,temporal (resident set used),217,0,64,6,6
8,temporal (resident set used),217,4,64,6,6
8,temporal (resident set used),217,12,64,6,6
8,temporal (resident set used),217,45,64,6,6
8,temporal (resident set used),217,51,64,6,6
8,temporal (resident set used),217,53,64,6,6
8,temporal (resident set used),218,4,64,6,6
8,temporal (resident set used),218,12,64,6,6
8,temporal (resident set used),218,20,64,6,6
8,temporal (resident set used),218,45,64,6,6
8,temporal (resident set used),218,51,64,6,6
8,temporal (resident set used),218,53,64,6,6
8,temporal (resident set used),219,4,64,6,6
8,temporal (resident set used),219,12,64,6,6
8,temporal (resident set used),219,34,64,6,6
8,temporal (resident set used),219,45,64,6,6
8,temporal (resident set used),219,51,64,6,6
8,temporal (resident set used),219,53,64,6,6
8,temporal (unconstrained preference),0,0,64,6,6
8,temporal (unconstrained preference),0,1,64,6,6
8,temporal (unconstrained preference),0,5,64,6,6
8,temporal (unconstrained preference),0,6,64,6,6
8,temporal (unconstrained preference),0,27,64,6,6
8,temporal (unconstrained preference),0,35,64,6,6
8,temporal (unconstrained preference),1,0,64,6,6
8,temporal (unconstrained preference),1,9,64,6,6
8,temporal (unconstrained preference),1,10,64,6,6
8,temporal (unconstrained preference),1,26,64,6,6
8,temporal (unconstrained preference),1,33,64,6,6
8,temporal (unconstrained preference),1,36,64,6,6
8,temporal (unconstrained preference),2,0,64,6,6
8,temporal (unconstrained preference),2,15,64,6,6
8,temporal (unconstrained preference),2,24,64,6,6
8,temporal (unconstrained preference),2,27,64,6,6
8,temporal (unconstrained preference),2,36,64,6,6
8,temporal (unconstrained preference),2,63,64,6,6
8,temporal (unconstrained preference),3,0,64,6,6
8,temporal (unconstrained preference),3,5,64,6,6
8,temporal (unconstrained preference),3,7,64,6,6
8,temporal (unconstrained preference),3,36,64,6,6
8,temporal (unconstrained preference),3,43,64,6,6
8,temporal (unconstrained preference),3,60,64,6,6
8,temporal (unconstrained preference),4,24,64,6,6
8,temporal (unconstrained preference),4,27,64,6,6
8,temporal (unconstrained preference),4,36,64,6,6
8,temporal (unconstrained preference),4,54,64,6,6
8,temporal (unconstrained preference),4,61,64,6,6
8,temporal (unconstrained preference),4,62,64,6,6
8,temporal (unconstrained preference),5,13,64,6,6
8,temporal (unconstrained preference),5,42,64,6,6
8,temporal (unconstrained preference),5,43,64,6,6
8,temporal (unconstrained preference),5,52,64,6,6
8,temporal (unconstrained preference),5,54,64,6,6
8,temporal (unconstrained preference),5,62,64,6,6
8,temporal (unconstrained preference),6,0,64,6,6
8,temporal (unconstrained preference),6,13,64,6,6
8,temporal (unconstrained preference),6,22,64,6,6
8,temporal (unconstrained preference),6,36,64,6,6
8,temporal (unconstrained preference),6,39,64,6,6
8,temporal (unconstrained preference),6,54,64,6,6
8,temporal (unconstrained preference),7,6,64,6,6
8,temporal (unconstrained preference),7,9,64,6,6
8,temporal (unconstrained preference),7,13,64,6,6
8,temporal (unconstrained preference),7,22,64,6,6
8,temporal (unconstrained preference),7,39,64,6,6
8,temporal (unconstrained preference),7,56,64,6,6
8,temporal (unconstrained preference),8,5,64,6,6
8,temporal (unconstrained preference),8,9,64,6,6
8,temporal (unconstrained preference),8,39,64,6,6
8,temporal (unconstrained preference),8,50,64,6,6
8,temporal (unconstrained preference),8,56,64,6,6
8,temporal (unconstrained preference),8,58,64,6,6
8,temporal (unconstrained preference),9,27,64,6,6
8,temporal (unconstrained preference),9,32,64,6,6
8,temporal (unconstrained preference),9,40,64,6,6
8,temporal (unconstrained preference),9,50,64,6,6
8,temporal (unconstrained preference),9,56,64,6,6
8,temporal (unconstrained preference),9,58,64,6,6
8,temporal (unconstrained preference),10,27,64,6,6
8,temporal (unconstrained preference),10,34,64,6,6
8,temporal (unconstrained preference),10,45,64,6,6
8,temporal (unconstrained preference),10,50,64,6,6
8,temporal (unconstrained preference),10,56,64,6,6
8,temporal (unconstrained preference),10,58,64,6,6
8,temporal (unconstrained preference),11,1,64,6,6
8,temporal (unconstrained preference),11,22,64,6,6
8,temporal (unconstrained preference),11,32,64,6,6
8,temporal (unconstrained preference),11,40,64,6,6
8,temporal (unconstrained preference),11,56,64,6,6
8,temporal (unconstrained preference),11,58,64,6,6
8,temporal (unconstrained preference),12,1,64,6,6
8,temporal (unconstrained preference),12,14,64,6,6
8,temporal (unconstrained preference),12,22,64,6,6
8,temporal (unconstrained preference),12,35,64,6,6
8,temporal (unconstrained preference),12,50,64,6,6
8,temporal (unconstrained preference),12,56,64,6,6
8,temporal (unconstrained preference),13,1,64,6,6
8,temporal (unconstrained preference),13,3,64,6,6
8,temporal (unconstrained preference),13,30,64,6,6
8,temporal (unconstrained preference),13,31,64,6,6
8,temporal (unconstrained preference),13,35,64,6,6
8,temporal (unconstrained preference),13,56,64,6,6
8,temporal (unconstrained preference),14,3,64,6,6
8,temporal (unconstrained preference),14,5,64,6,6
8,temporal (unconstrained preference),14,27,64,6,6
8,temporal (unconstrained preference),14,40,64,6,6
8,temporal (unconstrained preference),14,50,64,6,6
8,temporal (unconstrained preference),14,58,64,6,6
8,temporal (unconstrained preference),15,9,64,6,6
8,temporal (unconstrained preference),15,22,64,6,6
8,temporal (unconstrained preference),15,36,64,6,6
8,temporal (unconstrained preference),15,54,64,6,6
8,temporal (unconstrained preference),15,56,64,6,6
8,temporal (unconstrained preference),15,62,64,6,6
8,temporal (unconstrained preference),16,0,64,6,6
8,temporal (unconstrained preference),16,9,64,6,6
8,temporal (unconstrained preference),16,39,64,6,6
8,temporal (unconstrained preference),16,42,64,6,6
8,temporal (unconstrained preference),16,54,64,6,6
8,temporal (unconstrained preference),16,62,64,6,6
8,temporal (unconstrained preference),17,0,64,6,6
8,temporal (unconstrained preference),17,13,64,6,6
8,temporal (unconstrained preference),17,18,64,6,6
8,temporal (unconstrained preference),17,22,64,6,6
8,temporal (unconstrained preference),17,39,64,6,6
8,temporal (unconstrained preference),17,62,64,6,6
8,temporal (unconstrained preference),18,3,64,6,6
8,temporal (unconstrained preference),18,7,64,6,6
8,temporal (unconstrained preference),18,12,64,6,6
8,temporal (unconstrained preference),18,18,64,6,6
8,temporal (unconstrained preference),18,36,64,6,6
8,temporal (unconstrained preference),18,54,64,6,6
8,temporal (unconstrained preference),19,3,64,6,6
8,temporal (unconstrained preference),19,11,64,6,6
8,temporal (unconstrained preference),19,12,64,6,6
8,temporal (unconstrained preference),19,18,64,6,6
8,temporal (unconstrained preference),19,36,64,6,6
8,temporal (unconstrained preference),19,61,64,6,6
8,temporal (unconstrained preference),20,12,64,6,6
8,temporal (unconstrained preference),20,18,64,6,6
8,temporal (unconstrained preference),20,27,64,6,6
8,temporal (unconstrained preference),20,44,64,6,6
8,temporal (unconstrained preference),20,54,64,6,6
8,temporal (unconstrained preference),20,61,64,6,6
8,temporal (unconstrained preference),21,12,64,6,6
8,temporal (unconstrained preference),21,18,64,6,6
8,temporal (unconstrained preference),21,44,64,6,6
8,temporal (unconstrained preference),21,50,64,6,6
8,temporal (unconstrained preference),21,54,64,6,6
8,temporal (unconstrained preference),21,61,64,6,6
8,temporal (unconstrained preference),22,12,64,6,6
8,temporal (unconstrained preference),22,15,64,6,6
8,temporal (unconstrained preference),22,18,64,6,6
8,temporal (unconstrained preference),22,24,64,6,6
8,temporal (unconstrained preference),22,50,64,6,6
8,temporal (unconstrained preference),22,54,64,6,6
8,temporal (unconstrained preference),23,1,64,6,6
8,temporal (unconstrained preference),23,12,64,6,6
8,temporal (unconstrained preference),23,15,64,6,6
8,temporal (unconstrained preference),23,18,64,6,6
8,temporal (unconstrained preference),23,50,64,6,6
8,temporal (unconstrained preference),23,58,64,6,6
8,temporal (unconstrained preference),24,1,64,6,6
8,temporal (unconstrained preference),24,12,64,6,6
8,temporal (unconstrained preference),24,14,64,6,6
8,temporal (unconstrained preference),24,50,64,6,6
8,temporal (unconstrained preference),24,54,64,6,6
8,temporal (unconstrained preference),24,58,64,6,6
8,temporal (unconstrained preference),25,12,64,6,6
8,temporal (unconstrained preference),25,18,64,6,6
8,temporal (unconstrained preference),25,24,64,6,6
8,temporal (unconstrained preference),25,50,64,6,6
8,temporal (unconstrained preference),25,54,64,6,6
8,temporal (unconstrained preference),25,61,64,6,6
8,temporal (unconstrained preference),26,0,64,6,6
8,temporal (unconstrained preference),26,12,64,6,6
8,temporal (unconstrained preference),26,13,64,6,6
8,temporal (unconstrained preference),26,39,64,6,6
8,temporal (unconstrained preference),26,42,64,6,6
8,temporal (unconstrained preference),26,54,64,6,6
8,temporal (unconstrained preference),27,0,64,6,6
8,temporal (unconstrained preference),27,12,64,6,6
8,temporal (unconstrained preference),27,18,64,6,6
8,temporal (unconstrained preference),27,50,64,6,6
8,temporal (unconstrained preference),27,54,64,6,6
8,temporal (unconstrained preference),27,58,64,6,6
8,temporal (unconstrained preference),28,12,64,6,6
8,temporal (unconstrained preference),28,15,64,6,6
8,temporal (unconstrained preference),28,22,64,6,6
8,temporal (unconstrained preference),28,50,64,6,6
8,temporal (unconstrained preference),28,54,64,6,6
8,temporal (unconstrained preference),28,58,64,6,6
8,temporal (unconstrained preference),29,4,64,6,6
8,temporal (unconstrained preference),29,12,64,6,6
8,temporal (unconstrained preference),29,15,64,6,6
8,temporal (unconstrained preference),29,22,64,6,6
8,temporal (unconstrained preference),29,31,64,6,6
8,temporal (unconstrained preference),29,56,64,6,6
8,temporal (unconstrained preference),30,12,64,6,6
8,temporal (unconstrained preference),30,18,64,6,6
8,temporal (unconstrained preference),30,27,64,6,6
8,temporal (unconstrained preference),30,34,64,6,6
8,temporal (unconstrained preference),30,50,64,6,6
8,temporal (unconstrained preference),30,58,64,6,6
8,temporal (unconstrained preference),31,4,64,6,6
8,temporal (unconstrained preference),31,12,64,6,6
8,temporal (unconstrained preference),31,18,64,6,6
8,temporal (unconstrained preference),31,34,64,6,6
8,temporal (unconstrained preference),31,43,64,6,6
8,temporal (unconstrained preference),31,50,64,6,6
8,temporal (unconstrained preference),32,12,64,6,6
8,temporal (unconstrained preference),32,20,64,6,6
8,temporal (unconstrained preference),32,27,64,6,6
8,temporal (unconstrained preference),32,45,64,6,6
8,temporal (unconstrained preference),32,54,64,6,6
8,temporal (unconstrained preference),32,56,64,6,6
8,temporal (unconstrained preference),33,12,64,6,6
8,temporal (unconstrained preference),33,27,64,6,6
8,temporal (unconstrained preference),33,34,64,6,6
8,temporal (unconstrained preference),33,45,64,6,6
8,temporal (unconstrained preference),33,56,64,6,6
8,temporal (unconstrained preference),33,58,64,6,6
8,temporal (unconstrained preference),34,12,64,6,6
8,temporal (unconstrained preference),34,22,64,6,6
8,temporal (unconstrained preference),34,34,64,6,6
8,temporal (unconstrained preference),34,45,64,6,6
8,temporal (unconstrained preference),34,56,64,6,6
8,temporal (unconstrained preference),34,58,64,6,6
8,temporal (unconstrained preference),35,4,64,6,6
8,temporal (unconstrained preference),35,5,64,6,6
8,temporal (unconstrained preference),35,12,64,6,6
8,temporal (unconstrained preference),35,27,64,6,6
8,temporal (unconstrained preference),35,50,64,6,6
8,temporal (unconstrained preference),35,58,64,6,6
8,temporal (unconstrained preference),36,12,64,6,6
8,temporal (unconstrained preference),36,27,64,6,6
8,temporal (unconstrained preference),36,34,64,6,6
8,temporal (unconstrained preference),36,45,64,6,6
8,temporal (unconstrained preference),36,54,64,6,6
8,temporal (unconstrained preference),36,61,64,6,6
8,temporal (unconstrained preference),37,0,64,6,6
8,temporal (unconstrained preference),37,12,64,6,6
8,temporal (unconstrained preference),37,27,64,6,6
8,temporal (unconstrained preference),37,42,64,6,6
8,temporal (unconstrained preference),37,54,64,6,6
8,temporal (unconstrained preference),37,58,64,6,6
8,temporal (unconstrained preference),38,0,64,6,6
8,temporal (unconstrained preference),38,13,64,6,6
8,temporal (unconstrained preference),38,22,64,6,6
8,temporal (unconstrained preference),38,37,64,6,6
8,temporal (unconstrained preference),38,39,64,6,6
8,temporal (unconstrained preference),38,54,64,6,6
8,temporal (unconstrained preference),39,3,64,6,6
8,temporal (unconstrained preference),39,6,64,6,6
8,temporal (unconstrained preference),39,12,64,6,6
8,temporal (unconstrained preference),39,27,64,6,6
8,temporal (unconstrained preference),39,44,64,6,6
8,temporal (unconstrained preference),39,50,64,6,6
8,temporal (unconstrained preference),40,4,64,6,6
8,temporal (unconstrained preference),40,9,64,6,6
8,temporal (unconstrained preference),40,12,64,6,6
8,temporal (unconstrained preference),40,34,64,6,6
8,temporal (unconstrained preference),40,56,64,6,6
8,temporal (unconstrained preference),40,58,64,6,6
8,temporal (unconstrained preference),41,4,64,6,6
8,temporal (unconstrained preference),41,12,64,6,6
8,temporal (unconstrained preference),41,22,64,6,6
8,temporal (unconstrained preference),41,27,64,6,6
8,temporal (unconstrained preference),41,56,64,6,6
8,temporal (unconstrained preference),41,60,64,6,6
8,temporal (unconstrained preference),42,12,64,6,6
8,temporal (unconstrained preference),42,27,64,6,6
8,temporal (unconstrained preference),42,34,64,6,6
8,temporal (unconstrained preference),42,45,64,6,6
8,temporal (unconstrained preference),42,56,64,6,6
8,temporal (unconstrained preference),42,61,64,6,6
8,temporal (unconstrained preference),43,4,64,6,6
8,temporal (unconstrained preference),43,12,64,6,6
8,temporal (unconstrained preference),43,14,64,6,6
8,temporal (unconstrained preference),43,18,64,6,6
8,temporal (unconstrained preference),43,43,64,6,6
8,temporal (unconstrained preference),43,54,64,6,6
8,temporal (unconstrained preference),44,1,64,6,6
8,temporal (unconstrained preference),44,4,64,6,6
8,temporal (unconstrained preference),44,12,64,6,6
8,temporal (unconstrained preference),44,34,64,6,6
8,temporal (unconstrained preference),44,36,64,6,6
8,temporal (unconstrained preference),44,63,64,6,6
8,temporal (unconstrained preference),45,4,64,6,6
8,temporal (unconstrained preference),45,12,64,6,6
8,temporal (unconstrained preference),45,14,64,6,6
8,temporal (unconstrained preference),45,43,64,6,6
8,temporal (unconstrained preference),45,45,64,6,6
8,temporal (unconstrained preference),45,60,64,6,6
8,temporal (unconstrained preference),46,4,64,6,6
8,temporal (unconstrained preference),46,12,64,6,6
8,temporal (unconstrained preference),46,27,64,6,6
8,temporal (unconstrained preference),46,34,64,6,6
8,temporal (unconstrained preference),46,43,64,6,6
8,temporal (unconstrained preference),46,45,64,6,6
8,temporal (unconstrained preference),47,0,64,6,6
8,temporal (unconstrained preference),47,4,64,6,6
8,temporal (unconstrained preference),47,12,64,6,6
8,temporal (unconstrained preference),47,27,64,6,6
8,temporal (unconstrained preference),47,42,64,6,6
8,temporal (unconstrained preference),47,54,64,6,6
8,temporal (unconstrained preference),48,0,64,6,6
8,temporal (unconstrained preference),48,4,64,6,6
8,temporal (unconstrained preference),48,12,64,6,6
8,temporal (unconstrained preference),48,13,64,6,6
8,temporal (unconstrained preference),48,36,64,6,6
8,temporal (unconstrained preference),48,39,64,6,6
8,temporal (unconstrained preference),49,4,64,6,6
8,temporal (unconstrained preference),49,9,64,6,6
8,temporal (unconstrained preference),49,12,64,6,6
8,temporal (unconstrained preference),49,45,64,6,6
8,temporal (unconstrained preference),49,56,64,6,6
8,temporal (unconstrained preference),49,60,64,6,6
8,temporal (unconstrained preference),50,4,64,6,6
8,temporal (unconstrained preference),50,9,64,6,6
8,temporal (unconstrained preference),50,12,64,6,6
8,temporal (unconstrained preference),50,34,64,6,6
8,temporal (unconstrained preference),50,45,64,6,6
8,temporal (unconstrained preference),50,56,64,6,6
8,temporal (unconstrained preference),51,0,64,6,6
8,temporal (unconstrained preference),51,4,64,6,6
8,temporal (unconstrained preference),51,12,64,6,6
8,temporal (unconstrained preference),51,22,64,6,6
8,temporal (unconstrained preference),51,56,64,6,6
8,temporal (unconstrained preference),51,58,64,6,6
8,temporal (unconstrained preference),52,4,64,6,6
8,temporal (unconstrained preference),52,12,64,6,6
8,temporal (unconstrained preference),52,14,64,6,6
8,temporal (unconstrained preference),52,20,64,6,6
8,temporal (unconstrained preference),52,27,64,6,6
8,temporal (unconstrained preference),52,45,64,6,6
8,temporal (unconstrained preference),53,4,64,6,6
8,temporal (unconstrained preference),53,12,64,6,6
8,temporal (unconstrained preference),53,18,64,6,6
8,temporal (unconstrained preference),53,27,64,6,6
8,temporal (unconstrained preference),53,34,64,6,6
8,temporal (unconstrained preference),53,45,64,6,6
8,temporal (unconstrained preference),54,4,64,6,6
8,temporal (unconstrained preference),54,12,64,6,6
8,temporal (unconstrained preference),54,20,64,6,6
8,temporal (unconstrained preference),54,36,64,6,6
8,temporal (unconstrained preference),54,45,64,6,6
8,temporal (unconstrained preference),54,50,64,6,6
8,temporal (unconstrained preference),55,3,64,6,6
8,temporal (unconstrained preference),55,4,64,6,6
8,temporal (unconstrained preference),55,12,64,6,6
8,temporal (unconstrained preference),55,34,64,6,6
8,temporal (unconstrained preference),55,36,64,6,6
8,temporal (unconstrained preference),55,45,64,6,6
8,temporal (unconstrained preference),56,3,64,6,6
8,temporal (unconstrained preference),56,12,64,6,6
8,temporal (unconstrained preference),56,34,64,6,6
8,temporal (unconstrained preference),56,41,64,6,6
8,temporal (unconstrained preference),56,50,64,6,6
8,temporal (unconstrained preference),56,60,64,6,6
8,temporal (unconstrained preference),57,12,64,6,6
8,temporal (unconstrained preference),57,24,64,6,6
8,temporal (unconstrained preference),57,36,64,6,6
8,temporal (unconstrained preference),57,45,64,6,6
8,temporal (unconstrained preference),57,54,64,6,6
8,temporal (unconstrained preference),57,62,64,6,6
8,temporal (unconstrained preference),58,0,64,6,6
8,temporal (unconstrained preference),58,12,64,6,6
8,temporal (unconstrained preference),58,39,64,6,6
8,temporal (unconstrained preference),58,42,64,6,6
8,temporal (unconstrained preference),58,54,64,6,6
8,temporal (unconstrained preference),58,62,64,6,6
8,temporal (unconstrained preference),59,0,64,6,6
8,temporal (unconstrained preference),59,9,64,6,6
8,temporal (unconstrained preference),59,12,64,6,6
8,temporal (unconstrained preference),59,13,64,6,6
8,temporal (unconstrained preference),59,39,64,6,6
8,temporal (unconstrained preference),59,54,64,6,6
8,temporal (unconstrained preference),60,0,64,6,6
8,temporal (unconstrained preference),60,4,64,6,6
8,temporal (unconstrained preference),60,12,64,6,6
8,temporal (unconstrained preference),60,13,64,6,6
8,temporal (unconstrained preference),60,22,64,6,6
8,temporal (unconstrained preference),60,39,64,6,6
8,temporal (unconstrained preference),61,3,64,6,6
8,temporal (unconstrained preference),61,6,64,6,6
8,temporal (unconstrained preference),61,9,64,6,6
8,temporal (unconstrained preference),61,12,64,6,6
8,temporal (unconstrained preference),61,13,64,6,6
8,temporal (unconstrained preference),61,50,64,6,6
8,temporal (unconstrained preference),62,1,64,6,6
8,temporal (unconstrained preference),62,3,64,6,6
8,temporal (unconstrained preference),62,12,64,6,6
8,temporal (unconstrained preference),62,20,64,6,6
8,temporal (unconstrained preference),62,44,64,6,6
8,temporal (unconstrained preference),62,50,64,6,6
8,temporal (unconstrained preference),63,3,64,6,6
8,temporal (unconstrained preference),63,7,64,6,6
8,temporal (unconstrained preference),63,12,64,6,6
8,temporal (unconstrained preference),63,21,64,6,6
8,temporal (unconstrained preference),63,50,64,6,6
8,temporal (unconstrained preference),63,60,64,6,6
8,temporal (unconstrained preference),64,12,64,6,6
8,temporal (unconstrained preference),64,18,64,6,6
8,temporal (unconstrained preference),64,20,64,6,6
8,temporal (unconstrained preference),64,34,64,6,6
8,temporal (unconstrained preference),64,54,64,6,6
8,temporal (unconstrained preference),64,58,64,6,6
8,temporal (unconstrained preference),65,12,64,6,6
8,temporal (unconstrained preference),65,18,64,6,6
8,temporal (unconstrained preference),65,27,64,6,6
8,temporal (unconstrained preference),65,36,64,6,6
8,temporal (unconstrained preference),65,49,64,6,6
8,temporal (unconstrained preference),65,50,64,6,6
8,temporal (unconstrained preference),66,3,64,6,6
8,temporal (unconstrained preference),66,12,64,6,6
8,temporal (unconstrained preference),66,18,64,6,6
8,temporal (unconstrained preference),66,30,64,6,6
8,temporal (unconstrained preference),66,36,64,6,6
8,temporal (unconstrained preference),66,49,64,6,6
8,temporal (unconstrained preference),67,12,64,6,6
8,temporal (unconstrained preference),67,18,64,6,6
8,temporal (unconstrained preference),67,27,64,6,6
8,temporal (unconstrained preference),67,30,64,6,6
8,temporal (unconstrained preference),67,35,64,6,6
8,temporal (unconstrained preference),67,36,64,6,6
8,temporal (unconstrained preference),68,3,64,6,6
8,temporal (unconstrained preference),68,7,64,6,6
8,temporal (unconstrained preference),68,12,64,6,6
8,temporal (unconstrained preference),68,18,64,6,6
8,temporal (unconstrained preference),68,26,64,6,6
8,temporal (unconstrained preference),68,30,64,6,6
8,temporal (unconstrained preference),69,5,64,6,6
8,temporal (unconstrained preference),69,12,64,6,6
8,temporal (unconstrained preference),69,35,64,6,6
8,temporal (unconstrained preference),69,42,64,6,6
8,temporal (unconstrained preference),69,45,64,6,6
8,temporal (unconstrained preference),69,54,64,6,6
8,temporal (unconstrained preference),70,12,64,6,6
8,temporal (unconstrained preference),70,27,64,6,6
8,temporal (unconstrained preference),70,41,64,6,6
8,temporal (unconstrained preference),70,42,64,6,6
8,temporal (unconstrained preference),70,54,64,6,6
8,temporal (unconstrained preference),70,62,64,6,6
8,temporal (unconstrained preference),71,0,64,6,6
8,temporal (unconstrained preference),71,4,64,6,6
8,temporal (unconstrained preference),71,12,64,6,6
8,temporal (unconstrained preference),71,39,64,6,6
8,temporal (unconstrained preference),71,42,64,6,6
8,temporal (unconstrained preference),71,54,64,6,6
8,temporal (unconstrained preference),72,12,64,6,6
8,temporal (unconstrained preference),72,13,64,6,6
8,temporal (unconstrained preference),72,18,64,6,6
8,temporal (unconstrained preference),72,50,64,6,6
8,temporal (unconstrained preference),72,54,64,6,6
8,temporal (unconstrained preference),72,62,64,6,6
8,temporal (unconstrained preference),73,11,64,6,6
8,temporal (unconstrained preference),73,12,64,6,6
8,temporal (unconstrained preference),73,18,64,6,6
8,temporal (unconstrained preference),73,31,64,6,6
8,temporal (unconstrained preference),73,50,64,6,6
8,temporal (unconstrained preference),73,58,64,6,6
8,temporal (unconstrained preference),74,3,64,6,6
8,temporal (unconstrained preference),74,11,64,6,6
8,temporal (unconstrained preference),74,12,64,6,6
8,temporal (unconstrained preference),74,18,64,6,6
8,temporal (unconstrained preference),74,31,64,6,6
8,temporal (unconstrained preference),74,57,64,6,6
8,temporal (unconstrained preference),75,3,64,6,6
8,temporal (unconstrained preference),75,11,64,6,6
8,temporal (unconstrained preference),75,12,64,6,6
8,temporal (unconstrained preference),75,15,64,6,6
8,temporal (unconstrained preference),75,18,64,6,6
8,temporal (unconstrained preference),75,31,64,6,6
8,temporal (unconstrained preference),76,3,64,6,6
8,temporal (unconstrained preference),76,11,64,6,6
8,temporal (unconstrained preference),76,12,64,6,6
8,temporal (unconstrained preference),76,18,64,6,6
8,temporal (unconstrained preference),76,31,64,6,6
8,temporal (unconstrained preference),76,57,64,6,6
8,temporal (unconstrained preference),77,3,64,6,6
8,temporal (unconstrained preference),77,12,64,6,6
8,temporal (unconstrained preference),77,22,64,6,6
8,temporal (unconstrained preference),77,50,64,6,6
8,temporal (unconstrained preference),77,57,64,6,6
8,temporal (unconstrained preference),77,58,64,6,6
8,temporal (unconstrained preference),78,3,64,6,6
8,temporal (unconstrained preference),78,11,64,6,6
8,temporal (unconstrained preference),78,12,64,6,6
8,temporal (unconstrained preference),78,15,64,6,6
8,temporal (unconstrained preference),78,43,64,6,6
8,temporal (unconstrained preference),78,57,64,6,6
8,temporal (unconstrained preference),79,3,64,6,6
8,temporal (unconstrained preference),79,5,64,6,6
8,temporal (unconstrained preference),79,12,64,6,6
8,temporal (unconstrained preference),79,15,64,6,6
8,temporal (unconstrained preference),79,24,64,6,6
8,temporal (unconstrained preference),79,57,64,6,6
8,temporal (unconstrained preference),80,0,64,6,6
8,temporal (unconstrained preference),80,5,64,6,6
8,temporal (unconstrained preference),80,12,64,6,6
8,temporal (unconstrained preference),80,24,64,6,6
8,temporal (unconstrained preference),80,27,64,6,6
8,temporal (unconstrained preference),80,54,64,6,6
8,temporal (unconstrained preference),81,0,64,6,6
8,temporal (unconstrained preference),81,4,64,6,6
8,temporal (unconstrained preference),81,12,64,6,6
8,temporal (unconstrained preference),81,36,64,6,6
8,temporal (unconstrained preference),81,37,64,6,6
8,temporal (unconstrained preference),81,58,64,6,6
8,temporal (unconstrained preference),82,0,64,6,6
8,temporal (unconstrained preference),82,4,64,6,6
8,temporal (unconstrained preference),82,12,64,6,6
8,temporal (unconstrained preference),82,16,64,6,6
8,temporal (unconstrained preference),82,34,64,6,6
8,temporal (unconstrained preference),82,47,64,6,6
8,temporal (unconstrained preference),83,0,64,6,6
8,temporal (unconstrained preference),83,4,64,6,6
8,temporal (unconstrained preference),83,12,64,6,6
8,temporal (unconstrained preference),83,16,64,6,6
8,temporal (unconstrained preference),83,20,64,6,6
8,temporal (unconstrained preference),83,27,64,6,6
8,temporal (unconstrained preference),84,0,64,6,6
8,temporal (unconstrained preference),84,1,64,6,6
8,temporal (unconstrained preference),84,12,64,6,6
8,temporal (unconstrained preference),84,16,64,6,6
8,temporal (unconstrained preference),84,18,64,6,6
8,temporal (unconstrained preference),84,43,64,6,6
8,temporal (unconstrained preference),85,4,64,6,6
8,temporal (unconstrained preference),85,12,64,6,6
8,temporal (unconstrained preference),85,22,64,6,6
8,temporal (unconstrained preference),85,36,64,6,6
8,temporal (unconstrained preference),85,49,64,6,6
8,temporal (unconstrained preference),85,56,64,6,6
8,temporal (unconstrained preference),86,12,64,6,6
8,temporal (unconstrained preference),86,27,64,6,6
8,temporal (unconstrained preference),86,43,64,6,6
8,temporal (unconstrained preference),86,45,64,6,6
8,temporal (unconstrained preference),86,56,64,6,6
8,temporal (unconstrained preference),86,62,64,6,6
8,temporal (unconstrained preference),87,12,64,6,6
8,temporal (unconstrained preference),87,34,64,6,6
8,temporal (unconstrained preference),87,36,64,6,6
8,temporal (unconstrained preference),87,43,64,6,6
8,temporal (unconstrained preference),87,45,64,6,6
8,temporal (unconstrained preference),87,56,64,6,6
8,temporal (unconstrained preference),88,4,64,6,6
8,temporal (unconstrained preference),88,6,64,6,6
8,temporal (unconstrained preference),88,12,64,6,6
8,temporal (unconstrained preference),88,22,64,6,6
8,temporal (unconstrained preference),88,49,64,6,6
8,temporal (unconstrained preference),88,56,64,6,6
8,temporal (unconstrained preference),89,6,64,6,6
8,temporal (unconstrained preference),89,12,64,6,6
8,temporal (unconstrained preference),89,20,64,6,6
8,temporal (unconstrained preference),89,27,64,6,6
8,temporal (unconstrained preference),89,43,64,6,6
8,temporal (unconstrained preference),89,56,64,6,6
8,temporal (unconstrained preference),90,12,64,6,6
8,temporal (unconstrained preference),90,24,64,6,6
8,temporal (unconstrained preference),90,27,64,6,6
8,temporal (unconstrained preference),90,54,64,6,6
8,temporal (unconstrained preference),90,61,64,6,6
8,temporal (unconstrained preference),90,62,64,6,6
8,temporal (unconstrained preference),91,0,64,6,6
8,temporal (unconstrained preference),91,4,64,6,6
8,temporal (unconstrained preference),91,12,64,6,6
8,temporal (unconstrained preference),91,42,64,6,6
8,temporal (unconstrained preference),91,54,64,6,6
8,temporal (unconstrained preference),91,62,64,6,6
8,temporal (unconstrained preference),92,12,64,6,6
8,temporal (unconstrained preference),92,13,64,6,6
8,temporal (unconstrained preference),92,18,64,6,6
8,temporal (unconstrained preference),92,27,64,6,6
8,temporal (unconstrained preference),92,34,64,6,6
8,temporal (unconstrained preference),92,61,64,6,6
8,temporal (unconstrained preference),93,4,64,6,6
8,temporal (unconstrained preference),93,12,64,6,6
8,temporal (unconstrained preference),93,15,64,6,6
8,temporal (unconstrained preference),93,18,64,6,6
8,temporal (unconstrained preference),93,50,64,6,6
8,temporal (unconstrained preference),93,57,64,6,6
8,temporal (unconstrained preference),94,12,64,6,6
8,temporal (unconstrained preference),94,13,64,6,6
8,temporal (unconstrained preference),94,20,64,6,6
8,temporal (unconstrained preference),94,24,64,6,6
8,temporal (unconstrained preference),94,50,64,6,6
8,temporal (unconstrained preference),94,57,64,6,6
8,temporal (unconstrained preference),95,12,64,6,6
8,temporal (unconstrained preference),95,15,64,6,6
8,temporal (unconstrained preference),95,18,64,6,6
8,temporal (unconstrained preference),95,27,64,6,6
8,temporal (unconstrained preference),95,36,64,6,6
8,temporal (unconstrained preference),95,50,64,6,6
8,temporal (unconstrained preference),96,4,64,6,6
8,temporal (unconstrained preference),96,12,64,6,6
8,temporal (unconstrained preference),96,18,64,6,6
8,temporal (unconstrained preference),96,31,64,6,6
8,temporal (unconstrained preference),96,50,64,6,6
8,temporal (unconstrained preference),96,57,64,6,6
8,temporal (unconstrained preference),97,4,64,6,6
8,temporal (unconstrained preference),97,12,64,6,6
8,temporal (unconstrained preference),97,15,64,6,6
8,temporal (unconstrained preference),97,31,64,6,6
8,temporal (unconstrained preference),97,37,64,6,6
8,temporal (unconstrained preference),97,45,64,6,6
8,temporal (unconstrained preference),98,4,64,6,6
8,temporal (unconstrained preference),98,12,64,6,6
8,temporal (unconstrained preference),98,18,64,6,6
8,temporal (unconstrained preference),98,27,64,6,6
8,temporal (unconstrained preference),98,45,64,6,6
8,temporal (unconstrained preference),98,54,64,6,6
8,temporal (unconstrained preference),99,0,64,6,6
8,temporal (unconstrained preference),99,4,64,6,6
8,temporal (unconstrained preference),99,12,64,6,6
8,temporal (unconstrained preference),99,27,64,6,6
8,temporal (unconstrained preference),99,39,64,6,6
8,temporal (unconstrained preference),99,62,64,6,6
8,temporal (unconstrained preference),100,0,64,6,6
8,temporal (unconstrained preference),100,9,64,6,6
8,temporal (unconstrained preference),100,12,64,6,6
8,temporal (unconstrained preference),100,13,64,6,6
8,temporal (unconstrained preference),100,36,64,6,6
8,temporal (unconstrained preference),100,39,64,6,6
8,temporal (unconstrained preference),101,4,64,6,6
8,temporal (unconstrained preference),101,12,64,6,6
8,temporal (unconstrained preference),101,13,64,6,6
8,temporal (unconstrained preference),101,18,64,6,6
8,temporal (unconstrained preference),101,36,64,6,6
8,temporal (unconstrained preference),101,50,64,6,6
8,temporal (unconstrained preference),102,9,64,6,6
8,temporal (unconstrained preference),102,12,64,6,6
8,temporal (unconstrained preference),102,27,64,6,6
8,temporal (unconstrained preference),102,45,64,6,6
8,temporal (unconstrained preference),102,50,64,6,6
8,temporal (unconstrained preference),102,58,64,6,6
8,temporal (unconstrained preference),103,3,64,6,6
8,temporal (unconstrained preference),103,12,64,6,6
8,temporal (unconstrained preference),103,34,64,6,6
8,temporal (unconstrained preference),103,36,64,6,6
8,temporal (unconstrained preference),103,50,64,6,6
8,temporal (unconstrained preference),103,58,64,6,6
8,temporal (unconstrained preference),104,3,64,6,6
8,temporal (unconstrained preference),104,4,64,6,6
8,temporal (unconstrained preference),104,12,64,6,6
8,temporal (unconstrained preference),104,36,64,6,6
8,temporal (unconstrained preference),104,58,64,6,6
8,temporal (unconstrained preference),104,62,64,6,6
8,temporal (unconstrained preference),105,12,64,6,6
8,temporal (unconstrained preference),105,27,64,6,6
8,temporal (unconstrained preference),105,31,64,6,6
8,temporal (unconstrained preference),105,45,64,6,6
8,temporal (unconstrained preference),105,50,64,6,6
8,temporal (unconstrained preference),105,56,64,6,6
8,temporal (unconstrained preference),106,12,64,6,6
8,temporal (unconstrained preference),106,18,64,6,6
8,temporal (unconstrained preference),106,27,64,6,6
8,temporal (unconstrained preference),106,34,64,6,6
8,temporal (unconstrained preference),106,45,64,6,6
8,temporal (unconstrained preference),106,50,64,6,6
8,temporal (unconstrained preference),107,3,64,6,6
8,temporal (unconstrained preference),107,12,64,6,6
8,temporal (unconstrained preference),107,18,64,6,6
8,temporal (unconstrained preference),107,34,64,6,6
8,temporal (unconstrained preference),107,50,64,6,6
8,temporal (unconstrained preference),107,61,64,6,6
8,temporal (unconstrained preference),108,3,64,6,6
8,temporal (unconstrained preference),108,4,64,6,6
8,temporal (unconstrained preference),108,12,64,6,6
8,temporal (unconstrained preference),108,56,64,6,6
8,temporal (unconstrained preference),108,57,64,6,6
8,temporal (unconstrained preference),108,58,64,6,6
8,temporal (unconstrained preference),109,3,64,6,6
8,temporal (unconstrained preference),109,12,64,6,6
8,temporal (unconstrained preference),109,27,64,6,6
8,temporal (unconstrained preference),109,45,64,6,6
8,temporal (unconstrained preference),109,56,64,6,6
8,temporal (unconstrained preference),109,57,64,6,6
8,temporal (unconstrained preference),110,3,64,6,6
8,temporal (unconstrained preference),110,12,64,6,6
8,temporal (unconstrained preference),110,34,64,6,6
8,temporal (unconstrained preference),110,36,64,6,6
8,temporal (unconstrained preference),110,50,64,6,6
8,temporal (unconstrained preference),110,56,64,6,6
8,temporal (unconstrained preference),111,12,64,6,6
8,temporal (unconstrained preference),111,26,64,6,6
8,temporal (unconstrained preference),111,27,64,6,6
8,temporal (unconstrained preference),111,34,64,6,6
8,temporal (unconstrained preference),111,56,64,6,6
8,temporal (unconstrained preference),111,57,64,6,6
8,temporal (unconstrained preference),112,12,64,6,6
8,temporal (unconstrained preference),112,20,64,6,6
8,temporal (unconstrained preference),112,27,64,6,6
8,temporal (unconstrained preference),112,45,64,6,6
8,temporal (unconstrained preference),112,56,64,6,6
8,temporal (unconstrained preference),112,60,64,6,6
8,temporal (unconstrained preference),113,4,64,6,6
8,temporal (unconstrained preference),113,12,64,6,6
8,temporal (unconstrained preference),113,34,64,6,6
8,temporal (unconstrained preference),113,43,64,6,6
8,temporal (unconstrained preference),113,45,64,6,6
8,temporal (unconstrained preference),113,54,64,6,6
8,temporal (unconstrained preference),114,0,64,6,6
8,temporal (unconstrained preference),114,4,64,6,6
8,temporal (unconstrained preference),114,9,64,6,6
8,temporal (unconstrained preference),114,12,64,6,6
8,temporal (unconstrained preference),114,27,64,6,6
8,temporal (unconstrained preference),114,42,64,6,6
8,temporal (unconstrained preference),115,0,64,6,6
8,temporal (unconstrained preference),115,6,64,6,6
8,temporal (unconstrained preference),115,12,64,6,6
8,temporal (unconstrained preference),115,13,64,6,6
8,temporal (unconstrained preference),115,22,64,6,6
8,temporal (unconstrained preference),115,39,64,6,6
8,temporal (unconstrained preference),116,4,64,6,6
8,temporal (unconstrained preference),116,6,64,6,6
8,temporal (unconstrained preference),116,9,64,6,6
8,temporal (unconstrained preference),116,12,64,6,6
8,temporal (unconstrained preference),116,22,64,6,6
8,temporal (unconstrained preference),116,56,64,6,6
8,temporal (unconstrained preference),117,6,64,6,6
8,temporal (unconstrained preference),117,12,64,6,6
8,temporal (unconstrained preference),117,13,64,6,6
8,temporal (unconstrained preference),117,20,64,6,6
8,temporal (unconstrained preference),117,27,64,6,6
8,temporal (unconstrained preference),117,56,64,6,6
8,temporal (unconstrained preference),118,3,64,6,6
8,temporal (unconstrained preference),118,9,64,6,6
8,temporal (unconstrained preference),118,12,64,6,6
8,temporal (unconstrained preference),118,18,64,6,6
8,temporal (unconstrained preference),118,34,64,6,6
8,temporal (unconstrained preference),118,56,64,6,6
8,temporal (unconstrained preference),119,0,64,6,6
8,temporal (unconstrained preference),119,12,64,6,6
8,temporal (unconstrained preference),119,14,64,6,6
8,temporal (unconstrained preference),119,45,64,6,6
8,temporal (unconstrained preference),119,49,64,6,6
8,temporal (unconstrained preference),119,56,64,6,6
8,temporal (unconstrained preference),120,3,64,6,6
8,temporal (unconstrained preference),120,12,64,6,6
8,temporal (unconstrained preference),120,34,64,6,6
8,temporal (unconstrained preference),120,45,64,6,6
8,temporal (unconstrained preference),120,56,64,6,6
8,temporal (unconstrained preference),120,58,64,6,6
8,temporal (unconstrained preference),121,12,64,6,6
8,temporal (unconstrained preference),121,18,64,6,6
8,temporal (unconstrained preference),121,27,64,6,6
8,temporal (unconstrained preference),121,50,64,6,6
8,temporal (unconstrained preference),121,56,64,6,6
8,temporal (unconstrained preference),121,58,64,6,6
8,temporal (unconstrained preference),122,3,64,6,6
8,temporal (unconstrained preference),122,12,64,6,6
8,temporal (unconstrained preference),122,18,64,6,6
8,temporal (unconstrained preference),122,34,64,6,6
8,temporal (unconstrained preference),122,36,64,6,6
8,temporal (unconstrained preference),122,56,64,6,6
8,temporal (unconstrained preference),123,12,64,6,6
8,temporal (unconstrained preference),123,18,64,6,6
8,temporal (unconstrained preference),123,45,64,6,6
8,temporal (unconstrained preference),123,50,64,6,6
8,temporal (unconstrained preference),123,56,64,6,6
8,temporal (unconstrained preference),123,61,64,6,6
8,temporal (unconstrained preference),124,12,64,6,6
8,temporal (unconstrained preference),124,18,64,6,6
8,temporal (unconstrained preference),124,34,64,6,6
8,temporal (unconstrained preference),124,45,64,6,6
8,temporal (unconstrained preference),124,56,64,6,6
8,temporal (unconstrained preference),124,61,64,6,6
8,temporal (unconstrained preference),125,0,64,6,6
8,temporal (unconstrained preference),125,9,64,6,6
8,temporal (unconstrained preference),125,12,64,6,6
8,temporal (unconstrained preference),125,34,64,6,6
8,temporal (unconstrained preference),125,39,64,6,6
8,temporal (unconstrained preference),125,42,64,6,6
8,temporal (unconstrained preference),126,0,64,6,6
8,temporal (unconstrained preference),126,4,64,6,6
8,temporal (unconstrained preference),126,9,64,6,6
8,temporal (unconstrained preference),126,12,64,6,6
8,temporal (unconstrained preference),126,45,64,6,6
8,temporal (unconstrained preference),126,56,64,6,6
8,temporal (unconstrained preference),127,3,64,6,6
8,temporal (unconstrained preference),127,12,64,6,6
8,temporal (unconstrained preference),127,18,64,6,6
8,temporal (unconstrained preference),127,34,64,6,6
8,temporal (unconstrained preference),127,45,64,6,6
8,temporal (unconstrained preference),127,56,64,6,6
8,temporal (unconstrained preference),128,0,64,6,6
8,temporal (unconstrained preference),128,4,64,6,6
8,temporal (unconstrained preference),128,12,64,6,6
8,temporal (unconstrained preference),128,45,64,6,6
8,temporal (unconstrained preference),128,50,64,6,6
8,temporal (unconstrained preference),128,56,64,6,6
8,temporal (unconstrained preference),129,12,64,6,6
8,temporal (unconstrained preference),129,20,64,6,6
8,temporal (unconstrained preference),129,27,64,6,6
8,temporal (unconstrained preference),129,45,64,6,6
8,temporal (unconstrained preference),129,50,64,6,6
8,temporal (unconstrained preference),129,56,64,6,6
8,temporal (unconstrained preference),130,3,64,6,6
8,temporal (unconstrained preference),130,12,64,6,6
8,temporal (unconstrained preference),130,34,64,6,6
8,temporal (unconstrained preference),130,45,64,6,6
8,temporal (unconstrained preference),130,50,64,6,6
8,temporal (unconstrained preference),130,56,64,6,6
8,temporal (unconstrained preference),131,12,64,6,6
8,temporal (unconstrained preference),131,22,64,6,6
8,temporal (unconstrained preference),131,27,64,6,6
8,temporal (unconstrained preference),131,45,64,6,6
8,temporal (unconstrained preference),131,50,64,6,6
8,temporal (unconstrained preference),131,56,64,6,6
8,temporal (unconstrained preference),132,3,64,6,6
8,temporal (unconstrained preference),132,12,64,6,6
8,temporal (unconstrained preference),132,34,64,6,6
8,temporal (unconstrained preference),132,45,64,6,6
8,temporal (unconstrained preference),132,50,64,6,6
8,temporal (unconstrained preference),132,56,64,6,6
8,temporal (unconstrained preference),133,3,64,6,6
8,temporal (unconstrained preference),133,12,64,6,6
8,temporal (unconstrained preference),133,27,64,6,6
8,temporal (unconstrained preference),133,42,64,6,6
8,temporal (unconstrained preference),133,45,64,6,6
8,temporal (unconstrained preference),133,50,64,6,6
8,temporal (unconstrained preference),134,3,64,6,6
8,temporal (unconstrained preference),134,12,64,6,6
8,temporal (unconstrained preference),134,34,64,6,6
8,temporal (unconstrained preference),134,42,64,6,6
8,temporal (unconstrained preference),134,45,64,6,6
8,temporal (unconstrained preference),134,50,64,6,6
8,temporal (unconstrained preference),135,3,64,6,6
8,temporal (unconstrained preference),135,12,64,6,6
8,temporal (unconstrained preference),135,22,64,6,6
8,temporal (unconstrained preference),135,34,64,6,6
8,temporal (unconstrained preference),135,45,64,6,6
8,temporal (unconstrained preference),135,50,64,6,6
8,temporal (unconstrained preference),136,3,64,6,6
8,temporal (unconstrained preference),136,12,64,6,6
8,temporal (unconstrained preference),136,27,64,6,6
8,temporal (unconstrained preference),136,36,64,6,6
8,temporal (unconstrained preference),136,45,64,6,6
8,temporal (unconstrained preference),136,50,64,6,6
8,temporal (unconstrained preference),137,3,64,6,6
8,temporal (unconstrained preference),137,12,64,6,6
8,temporal (unconstrained preference),137,14,64,6,6
8,temporal (unconstrained preference),137,27,64,6,6
8,temporal (unconstrained preference),137,45,64,6,6
8,temporal (unconstrained preference),137,50,64,6,6
8,temporal (unconstrained preference),138,12,64,6,6
8,temporal (unconstrained preference),138,24,64,6,6
8,temporal (unconstrained preference),138,27,64,6,6
8,temporal (unconstrained preference),138,45,64,6,6
8,temporal (unconstrained preference),138,54,64,6,6
8,temporal (unconstrained preference),138,62,64,6,6
8,temporal (unconstrained preference),139,0,64,6,6
8,temporal (unconstrained preference),139,4,64,6,6
8,temporal (unconstrained preference),139,12,64,6,6
8,temporal (unconstrained preference),139,42,64,6,6
8,temporal (unconstrained preference),139,54,64,6,6
8,temporal (unconstrained preference),139,62,64,6,6
8,temporal (unconstrained preference),140,0,64,6,6
8,temporal (unconstrained preference),140,4,64,6,6
8,temporal (unconstrained preference),140,12,64,6,6
8,temporal (unconstrained preference),140,13,64,6,6
8,temporal (unconstrained preference),140,39,64,6,6
8,temporal (unconstrained preference),140,54,64,6,6
8,temporal (unconstrained preference),141,9,64,6,6
8,temporal (unconstrained preference),141,12,64,6,6
8,temporal (unconstrained preference),141,13,64,6,6
8,temporal (unconstrained preference),141,18,64,6,6
8,temporal (unconstrained preference),141,27,64,6,6
8,temporal (unconstrained preference),141,50,64,6,6
8,temporal (unconstrained preference),142,3,64,6,6
8,temporal (unconstrained preference),142,4,64,6,6
8,temporal (unconstrained preference),142,12,64,6,6
8,temporal (unconstrained preference),142,15,64,6,6
8,temporal (unconstrained preference),142,50,64,6,6
8,temporal (unconstrained preference),142,57,64,6,6
8,temporal (unconstrained preference),143,5,64,6,6
8,temporal (unconstrained preference),143,12,64,6,6
8,temporal (unconstrained preference),143,15,64,6,6
8,temporal (unconstrained preference),143,18,64,6,6
8,temporal (unconstrained preference),143,20,64,6,6
8,temporal (unconstrained preference),143,50,64,6,6
8,temporal (unconstrained preference),144,12,64,6,6
8,temporal (unconstrained preference),144,18,64,6,6
8,temporal (unconstrained preference),144,34,64,6,6
8,temporal (unconstrained preference),144,50,64,6,6
8,temporal (unconstrained preference),144,54,64,6,6
8,temporal (unconstrained preference),144,61,64,6,6
8,temporal (unconstrained preference),145,4,64,6,6
8,temporal (unconstrained preference),145,12,64,6,6
8,temporal (unconstrained preference),145,13,64,6,6
8,temporal (unconstrained preference),145,18,64,6,6
8,temporal (unconstrained preference),145,54,64,6,6
8,temporal (unconstrained preference),145,58,64,6,6
8,temporal (unconstrained preference),146,3,64,6,6
8,temporal (unconstrained preference),146,12,64,6,6
8,temporal (unconstrained preference),146,18,64,6,6
8,temporal (unconstrained preference),146,20,64,6,6
8,temporal (unconstrained preference),146,24,64,6,6
8,temporal (unconstrained preference),146,54,64,6,6
8,temporal (unconstrained preference),147,4,64,6,6
8,temporal (unconstrained preference),147,12,64,6,6
8,temporal (unconstrained preference),147,15,64,6,6
8,temporal (unconstrained preference),147,24,64,6,6
8,temporal (unconstrained preference),147,36,64,6,6
8,temporal (unconstrained preference),147,50,64,6,6
8,temporal (unconstrained preference),148,4,64,6,6
8,temporal (unconstrained preference),148,12,64,6,6
8,temporal (unconstrained preference),148,27,64,6,6
8,temporal (unconstrained preference),148,47,64,6,6
8,temporal (unconstrained preference),148,49,64,6,6
8,temporal (unconstrained preference),148,56,64,6,6
8,temporal (unconstrained preference),149,4,64,6,6
8,temporal (unconstrained preference),149,12,64,6,6
8,temporal (unconstrained preference),149,20,64,6,6
8,temporal (unconstrained preference),149,24,64,6,6
8,temporal (unconstrained preference),149,45,64,6,6
8,temporal (unconstrained preference),149,50,64,6,6
8,temporal (unconstrained preference),150,4,64,6,6
8,temporal (unconstrained preference),150,12,64,6,6
8,temporal (unconstrained preference),150,18,64,6,6
8,temporal (unconstrained preference),150,27,64,6,6
8,temporal (unconstrained preference),150,34,64,6,6
8,temporal (unconstrained preference),150,45,64,6,6
8,temporal (unconstrained preference),151,0,64,6,6
8,temporal (unconstrained preference),151,4,64,6,6
8,temporal (unconstrained preference),151,12,64,6,6
8,temporal (unconstrained preference),151,24,64,6,6
8,temporal (unconstrained preference),151,27,64,6,6
8,temporal (unconstrained preference),151,34,64,6,6
8,temporal (unconstrained preference),152,0,64,6,6
8,temporal (unconstrained preference),152,9,64,6,6
8,temporal (unconstrained preference),152,12,64,6,6
8,temporal (unconstrained preference),152,13,64,6,6
8,temporal (unconstrained preference),152,27,64,6,6
8,temporal (unconstrained preference),152,57,64,6,6
8,temporal (unconstrained preference),153,0,64,6,6
8,temporal (unconstrained preference),153,4,64,6,6
8,temporal (unconstrained preference),153,9,64,6,6
8,temporal (unconstrained preference),153,12,64,6,6
8,temporal (unconstrained preference),153,20,64,6,6
8,temporal (unconstrained preference),153,57,64,6,6
8,temporal (unconstrained preference),154,0,64,6,6
8,temporal (unconstrained preference),154,4,64,6,6
8,temporal (unconstrained preference),154,12,64,6,6
8,temporal (unconstrained preference),154,18,64,6,6
8,temporal (unconstrained preference),154,34,64,6,6
8,temporal (unconstrained preference),154,57,64,6,6
8,temporal (unconstrained preference),155,4,64,6,6
8,temporal (unconstrained preference),155,12,64,6,6
8,temporal (unconstrained preference),155,14,64,6,6
8,temporal (unconstrained preference),155,20,64,6,6
8,temporal (unconstrained preference),155,27,64,6,6
8,temporal (unconstrained preference),155,45,64,6,6
8,temporal (unconstrained preference),156,3,64,6,6
8,temporal (unconstrained preference),156,4,64,6,6
8,temporal (unconstrained preference),156,12,64,6,6
8,temporal (unconstrained preference),156,27,64,6,6
8,temporal (unconstrained preference),156,34,64,6,6
8,temporal (unconstrained preference),156,45,64,6,6
8,temporal (unconstrained preference),157,3,64,6,6
8,temporal (unconstrained preference),157,4,64,6,6
8,temporal (unconstrained preference),157,12,64,6,6
8,temporal (unconstrained preference),157,34,64,6,6
8,temporal (unconstrained preference),157,36,64,6,6
8,temporal (unconstrained preference),157,45,64,6,6
8,temporal (unconstrained preference),158,3,64,6,6
8,temporal (unconstrained preference),158,4,64,6,6
8,temporal (unconstrained preference),158,12,64,6,6
8,temporal (unconstrained preference),158,46,64,6,6
8,temporal (unconstrained preference),158,58,64,6,6
8,temporal (unconstrained preference),158,63,64,6,6
8,temporal (unconstrained preference),159,4,64,6,6
8,temporal (unconstrained preference),159,12,64,6,6
8,temporal (unconstrained preference),159,20,64,6,6
8,temporal (unconstrained preference),159,27,64,6,6
8,temporal (unconstrained preference),159,44,64,6,6
8,temporal (unconstrained preference),159,63,64,6,6
8,temporal (unconstrained preference),160,6,64,6,6
8,temporal (unconstrained preference),160,12,64,6,6
8,temporal (unconstrained preference),160,27,64,6,6
8,temporal (unconstrained preference),160,53,64,6,6
8,temporal (unconstrained preference),160,55,64,6,6
8,temporal (unconstrained preference),160,63,64,6,6
8,temporal (unconstrained preference),161,4,64,6,6
8,temporal (unconstrained preference),161,12,64,6,6
8,temporal (unconstrained preference),161,20,64,6,6
8,temporal (unconstrained preference),161,49,64,6,6
8,temporal (unconstrained preference),161,53,64,6,6
8,temporal (unconstrained preference),161,63,64,6,6
8,temporal (unconstrained preference),162,4,64,6,6
8,temporal (unconstrained preference),162,12,64,6,6
8,temporal (unconstrained preference),162,18,64,6,6
8,temporal (unconstrained preference),162,34,64,6,6
8,temporal (unconstrained preference),162,45,64,6,6
8,temporal (unconstrained preference),162,54,64,6,6
8,temporal (unconstrained preference),163,0,64,6,6
8,temporal (unconstrained preference),163,4,64,6,6
8,temporal (unconstrained preference),163,12,64,6,6
8,temporal (unconstrained preference),163,42,64,6,6
8,temporal (unconstrained preference),163,46,64,6,6
8,temporal (unconstrained preference),163,54,64,6,6
8,temporal (unconstrained preference),164,0,64,6,6
8,temporal (unconstrained preference),164,4,64,6,6
8,temporal (unconstrained preference),164,12,64,6,6
8,temporal (unconstrained preference),164,13,64,6,6
8,temporal (unconstrained preference),164,46,64,6,6
8,temporal (unconstrained preference),164,53,64,6,6
8,temporal (unconstrained preference),165,6,64,6,6
8,temporal (unconstrained preference),165,27,64,6,6
8,temporal (unconstrained preference),165,46,64,6,6
8,temporal (unconstrained preference),165,51,64,6,6
8,temporal (unconstrained preference),165,62,64,6,6
8,temporal (unconstrained preference),165,63,64,6,6
8,temporal (unconstrained preference),166,4,64,6,6
8,temporal (unconstrained preference),166,9,64,6,6
8,temporal (unconstrained preference),166,12,64,6,6
8,temporal (unconstrained preference),166,20,64,6,6
8,temporal (unconstrained preference),166,53,64,6,6
8,temporal (unconstrained preference),166,60,64,6,6
8,temporal (unconstrained preference),167,4,64,6,6
8,temporal (unconstrained preference),167,9,64,6,6
8,temporal (unconstrained preference),167,12,64,6,6
8,temporal (unconstrained preference),167,34,64,6,6
8,temporal (unconstrained preference),167,45,64,6,6
8,temporal (unconstrained preference),167,53,64,6,6
8,temporal (unconstrained preference),168,4,64,6,6
8,temporal (unconstrained preference),168,6,64,6,6
8,temporal (unconstrained preference),168,12,64,6,6
8,temporal (unconstrained preference),168,26,64,6,6
8,temporal (unconstrained preference),168,49,64,6,6
8,temporal (unconstrained preference),168,56,64,6,6
8,temporal (unconstrained preference),169,4,64,6,6
8,temporal (unconstrained preference),169,12,64,6,6
8,temporal (unconstrained preference),169,20,64,6,6
8,temporal (unconstrained preference),169,27,64,6,6
8,temporal (unconstrained preference),169,45,64,6,6
8,temporal (unconstrained preference),169,51,64,6,6
8,temporal (unconstrained preference),170,4,64,6,6
8,temporal (unconstrained preference),170,12,64,6,6
8,temporal (unconstrained preference),170,34,64,6,6
8,temporal (unconstrained preference),170,45,64,6,6
8,temporal (unconstrained preference),170,51,64,6,6
8,temporal (unconstrained preference),170,53,64,6,6
8,temporal (unconstrained preference),171,12,64,6,6
8,temporal (unconstrained preference),171,27,64,6,6
8,temporal (unconstrained preference),171,51,64,6,6
8,temporal (unconstrained preference),171,56,64,6,6
8,temporal (unconstrained preference),171,60,64,6,6
8,temporal (unconstrained preference),171,62,64,6,6
8,temporal (unconstrained preference),172,6,64,6,6
8,temporal (unconstrained preference),172,12,64,6,6
8,temporal (unconstrained preference),172,20,64,6,6
8,temporal (unconstrained preference),172,27,64,6,6
8,temporal (unconstrained preference),172,43,64,6,6
8,temporal (unconstrained preference),172,45,64,6,6
8,temporal (unconstrained preference),173,12,64,6,6
8,temporal (unconstrained preference),173,20,64,6,6
8,temporal (unconstrained preference),173,27,64,6,6
8,temporal (unconstrained preference),173,45,64,6,6
8,temporal (unconstrained preference),173,51,64,6,6
8,temporal (unconstrained preference),173,60,64,6,6
8,temporal (unconstrained preference),174,12,64,6,6
8,temporal (unconstrained preference),174,27,64,6,6
8,temporal (unconstrained preference),174,34,64,6,6
8,temporal (unconstrained preference),174,45,64,6,6
8,temporal (unconstrained preference),174,51,64,6,6
8,temporal (unconstrained preference),174,56,64,6,6
8,temporal (unconstrained preference),175,4,64,6,6
8,temporal (unconstrained preference),175,12,64,6,6
8,temporal (unconstrained preference),175,34,64,6,6
8,temporal (unconstrained preference),175,45,64,6,6
8,temporal (unconstrained preference),175,51,64,6,6
8,temporal (unconstrained preference),175,56,64,6,6
8,temporal (unconstrained preference),176,6,64,6,6
8,temporal (unconstrained preference),176,12,64,6,6
8,temporal (unconstrained preference),176,20,64,6,6
8,temporal (unconstrained preference),176,27,64,6,6
8,temporal (unconstrained preference),176,51,64,6,6
8,temporal (unconstrained preference),176,63,64,6,6
8,temporal (unconstrained preference),177,12,64,6,6
8,temporal (unconstrained preference),177,14,64,6,6
8,temporal (unconstrained preference),177,20,64,6,6
8,temporal (unconstrained preference),177,27,64,6,6
8,temporal (unconstrained preference),177,45,64,6,6
8,temporal (unconstrained preference),177,53,64,6,6
8,temporal (unconstrained preference),178,12,64,6,6
8,temporal (unconstrained preference),178,27,64,6,6
8,temporal (unconstrained preference),178,34,64,6,6
8,temporal (unconstrained preference),178,45,64,6,6
8,temporal (unconstrained preference),178,51,64,6,6
8,temporal (unconstrained preference),178,56,64,6,6
8,temporal (unconstrained preference),179,0,64,6,6
8,temporal (unconstrained preference),179,12,64,6,6
8,temporal (unconstrained preference),179,22,64,6,6
8,temporal (unconstrained preference),179,27,64,6,6
8,temporal (unconstrained preference),179,42,64,6,6
8,temporal (unconstrained preference),179,62,64,6,6
8,temporal (unconstrained preference),180,0,64,6,6
8,temporal (unconstrained preference),180,4,64,6,6
8,temporal (unconstrained preference),180,12,64,6,6
8,temporal (unconstrained preference),180,17,64,6,6
8,temporal (unconstrained preference),180,24,64,6,6
8,temporal (unconstrained preference),180,51,64,6,6
8,temporal (unconstrained preference),181,4,64,6,6
8,temporal (unconstrained preference),181,6,64,6,6
8,temporal (unconstrained preference),181,9,64,6,6
8,temporal (unconstrained preference),181,12,64,6,6
8,temporal (unconstrained preference),181,20,64,6,6
8,temporal (unconstrained preference),181,45,64,6,6
8,temporal (unconstrained preference),182,0,64,6,6
8,temporal (unconstrained preference),182,9,64,6,6
8,temporal (unconstrained preference),182,12,64,6,6
8,temporal (unconstrained preference),182,34,64,6,6
8,temporal (unconstrained preference),182,45,64,6,6
8,temporal (unconstrained preference),182,56,64,6,6
8,temporal (unconstrained preference),183,0,64,6,6
8,temporal (unconstrained preference),183,6,64,6,6
8,temporal (unconstrained preference),183,12,64,6,6
8,temporal (unconstrained preference),183,30,64,6,6
8,temporal (unconstrained preference),183,48,64,6,6
8,temporal (unconstrained preference),183,56,64,6,6
8,temporal (unconstrained preference),184,5,64,6,6
8,temporal (unconstrained preference),184,12,64,6,6
8,temporal (unconstrained preference),184,20,64,6,6
8,temporal (unconstrained preference),184,27,64,6,6
8,temporal (unconstrained preference),184,43,64,6,6
8,temporal (unconstrained preference),184,45,64,6,6
8,temporal (unconstrained preference),185,12,64,6,6
8,temporal (unconstrained preference),185,34,64,6,6
8,temporal (unconstrained preference),185,43,64,6,6
8,temporal (unconstrained preference),185,45,64,6,6
8,temporal (unconstrained preference),185,48,64,6,6
8,temporal (unconstrained preference),185,56,64,6,6
8,temporal (unconstrained preference),186,12,64,6,6
8,temporal (unconstrained preference),186,22,64,6,6
8,temporal (unconstrained preference),186,34,64,6,6
8,temporal (unconstrained preference),186,45,64,6,6
8,temporal (unconstrained preference),186,48,64,6,6
8,temporal (unconstrained preference),186,56,64,6,6
8,temporal (unconstrained preference),187,6,64,6,6
8,temporal (unconstrained preference),187,12,64,6,6
8,temporal (unconstrained preference),187,16,64,6,6
8,temporal (unconstrained preference),187,22,64,6,6
8,temporal (unconstrained preference),187,30,64,6,6
8,temporal (unconstrained preference),187,49,64,6,6
8,temporal (unconstrained preference),188,4,64,6,6
8,temporal (unconstrained preference),188,5,64,6,6
8,temporal (unconstrained preference),188,12,64,6,6
8,temporal (unconstrained preference),188,43,64,6,6
8,temporal (unconstrained preference),188,45,64,6,6
8,temporal (unconstrained preference),188,50,64,6,6
8,temporal (unconstrained preference),189,4,64,6,6
8,temporal (unconstrained preference),189,12,64,6,6
8,temporal (unconstrained preference),189,34,64,6,6
8,temporal (unconstrained preference),189,43,64,6,6
8,temporal (unconstrained preference),189,45,64,6,6
8,temporal (unconstrained preference),189,54,64,6,6
8,temporal (unconstrained preference),190,0,64,6,6
8,temporal (unconstrained preference),190,4,64,6,6
8,temporal (unconstrained preference),190,9,64,6,6
8,temporal (unconstrained preference),190,12,64,6,6
8,temporal (unconstrained preference),190,42,64,6,6
8,temporal (unconstrained preference),190,62,64,6,6
8,temporal (unconstrained preference),191,0,64,6,6
8,temporal (unconstrained preference),191,12,64,6,6
8,temporal (unconstrained preference),191,13,64,6,6
8,temporal (unconstrained preference),191,22,64,6,6
8,temporal (unconstrained preference),191,39,64,6,6
8,temporal (unconstrained preference),191,53,64,6,6
8,temporal (unconstrained preference),192,4,64,6,6
8,temporal (unconstrained preference),192,6,64,6,6
8,temporal (unconstrained preference),192,12,64,6,6
8,temporal (unconstrained preference),192,37,64,6,6
8,temporal (unconstrained preference),192,49,64,6,6
8,temporal (unconstrained preference),192,53,64,6,6
8,temporal (unconstrained preference),193,6,64,6,6
8,temporal (unconstrained preference),193,12,64,6,6
8,temporal (unconstrained preference),193,27,64,6,6
8,temporal (unconstrained preference),193,44,64,6,6
8,temporal (unconstrained preference),193,53,64,6,6
8,temporal (unconstrained preference),193,63,64,6,6
8,temporal (unconstrained preference),194,5,64,6,6
8,temporal (unconstrained preference),194,9,64,6,6
8,temporal (unconstrained preference),194,12,64,6,6
8,temporal (unconstrained preference),194,34,64,6,6
8,temporal (unconstrained preference),194,45,64,6,6
8,temporal (unconstrained preference),194,53,64,6,6
8,temporal (unconstrained preference),195,5,64,6,6
8,temporal (unconstrained preference),195,12,64,6,6
8,temporal (unconstrained preference),195,26,64,6,6
8,temporal (unconstrained preference),195,36,64,6,6
8,temporal (unconstrained preference),195,49,64,6,6
8,temporal (unconstrained preference),195,53,64,6,6
8,temporal (unconstrained preference),196,5,64,6,6
8,temporal (unconstrained preference),196,6,64,6,6
8,temporal (unconstrained preference),196,12,64,6,6
8,temporal (unconstrained preference),196,20,64,6,6
8,temporal (unconstrained preference),196,45,64,6,6
8,temporal (unconstrained preference),196,53,64,6,6
8,temporal (unconstrained preference),197,12,64,6,6
8,temporal (unconstrained preference),197,27,64,6,6
8,temporal (unconstrained preference),197,34,64,6,6
8,temporal (unconstrained preference),197,42,64,6,6
8,temporal (unconstrained preference),197,45,64,6,6
8,temporal (unconstrained preference),197,53,64,6,6
8,temporal (unconstrained preference),198,12,64,6,6
8,temporal (unconstrained preference),198,34,64,6,6
8,temporal (unconstrained preference),198,36,64,6,6
8,temporal (unconstrained preference),198,48,64,6,6
8,temporal (unconstrained preference),198,53,64,6,6
8,temporal (unconstrained preference),198,58,64,6,6
8,temporal (unconstrained preference),199,6,64,6,6
8,temporal (unconstrained preference),199,12,64,6,6
8,temporal (unconstrained preference),199,22,64,6,6
8,temporal (unconstrained preference),199,27,64,6,6
8,temporal (unconstrained preference),199,53,64,6,6
8,temporal (unconstrained preference),199,56,64,6,6
8,temporal (unconstrained preference),200,12,64,6,6
8,temporal (unconstrained preference),200,35,64,6,6
8,temporal (unconstrained preference),200,42,64,6,6
8,temporal (unconstrained preference),200,45,64,6,6
8,temporal (unconstrained preference),200,53,64,6,6
8,temporal (unconstrained preference),200,56,64,6,6
8,temporal (unconstrained preference),201,12,64,6,6
8,temporal (unconstrained preference),201,27,64,6,6
8,temporal (unconstrained preference),201,34,64,6,6
8,temporal (unconstrained preference),201,43,64,6,6
8,temporal (unconstrained preference),201,45,64,6,6
8,temporal (unconstrained preference),201,53,64,6,6
8,temporal (unconstrained preference),202,0,64,6,6
8,temporal (unconstrained preference),202,9,64,6,6
8,temporal (unconstrained preference),202,12,64,6,6
8,temporal (unconstrained preference),202,42,64,6,6
8,temporal (unconstrained preference),202,53,64,6,6
8,temporal (unconstrained preference),202,62,64,6,6
8,temporal (unconstrained preference),203,0,64,6,6
8,temporal (unconstrained preference),203,12,64,6,6
8,temporal (unconstrained preference),203,13,64,6,6
8,temporal (unconstrained preference),203,39,64,6,6
8,temporal (unconstrained preference),203,46,64,6,6
8,temporal (unconstrained preference),203,53,64,6,6
8,temporal (unconstrained preference),204,6,64,6,6
8,temporal (unconstrained preference),204,9,64,6,6
8,temporal (unconstrained preference),204,12,64,6,6
8,temporal (unconstrained preference),204,45,64,6,6
8,temporal (unconstrained preference),204,56,64,6,6
8,temporal (unconstrained preference),204,60,64,6,6
8,temporal (unconstrained preference),205,9,64,6,6
8,temporal (unconstrained preference),205,12,64,6,6
8,temporal (unconstrained preference),205,34,64,6,6
8,temporal (unconstrained preference),205,45,64,6,6
8,temporal (unconstrained preference),205,53,64,6,6
8,temporal (unconstrained preference),205,56,64,6,6
8,temporal (unconstrained preference),206,4,64,6,6
8,temporal (unconstrained preference),206,12,64,6,6
8,temporal (unconstrained preference),206,36,64,6,6
8,temporal (unconstrained preference),206,56,64,6,6
8,temporal (unconstrained preference),206,58,64,6,6
8,temporal (unconstrained preference),206,59,64,6,6
8,temporal (unconstrained preference),207,6,64,6,6
8,temporal (unconstrained preference),207,12,64,6,6
8,temporal (unconstrained preference),207,27,64,6,6
8,temporal (unconstrained preference),207,53,64,6,6
8,temporal (unconstrained preference),207,56,64,6,6
8,temporal (unconstrained preference),207,62,64,6,6
8,temporal (unconstrained preference),208,12,64,6,6
8,temporal (unconstrained preference),208,27,64,6,6
8,temporal (unconstrained preference),208,34,64,6,6
8,temporal (unconstrained preference),208,45,64,6,6
8,temporal (unconstrained preference),208,53,64,6,6
8,temporal (unconstrained preference),208,56,64,6,6
8,temporal (unconstrained preference),209,12,64,6,6
8,temporal (unconstrained preference),209,43,64,6,6
8,temporal (unconstrained preference),209,48,64,6,6
8,temporal (unconstrained preference),209,51,64,6,6
8,temporal (unconstrained preference),209,53,64,6,6
8,temporal (unconstrained preference),209,56,64,6,6
8,temporal (unconstrained preference),210,12,64,6,6
8,temporal (unconstrained preference),210,25,64,6,6
8,temporal (unconstrained preference),210,34,64,6,6
8,temporal (unconstrained preference),210,45,64,6,6
8,temporal (unconstrained preference),210,48,64,6,6
8,temporal (unconstrained preference),210,59,64,6,6
8,temporal (unconstrained preference),211,12,64,6,6
8,temporal (unconstrained preference),211,24,64,6,6
8,temporal (unconstrained preference),211,34,64,6,6
8,temporal (unconstrained preference),211,43,64,6,6
8,temporal (unconstrained preference),211,51,64,6,6
8,temporal (unconstrained preference),211,59,64,6,6
8,temporal (unconstrained preference),212,12,64,6,6
8,temporal (unconstrained preference),212,34,64,6,6
8,temporal (unconstrained preference),212,42,64,6,6
8,temporal (unconstrained preference),212,43,64,6,6
8,temporal (unconstrained preference),212,45,64,6,6
8,temporal (unconstrained preference),212,53,64,6,6
8,temporal (unconstrained preference),213,0,64,6,6
8,temporal (unconstrained preference),213,4,64,6,6
8,temporal (unconstrained preference),213,9,64,6,6
8,temporal (unconstrained preference),213,12,64,6,6
8,temporal (unconstrained preference),213,42,64,6,6
8,temporal (unconstrained preference),213,62,64,6,6
8,temporal (unconstrained preference),214,0,64,6,6
8,temporal (unconstrained preference),214,4,64,6,6
8,temporal (unconstrained preference),214,12,64,6,6
8,temporal (unconstrained preference),214,13,64,6,6
8,temporal (unconstrained preference),214,21,64,6,6
8,temporal (unconstrained preference),214,45,64,6,6
8,temporal (unconstrained preference),215,9,64,6,6
8,temporal (unconstrained preference),215,12,64,6,6
8,temporal (unconstrained preference),215,18,64,6,6
8,temporal (unconstrained preference),215,21,64,6,6
8,temporal (unconstrained preference),215,28,64,6,6
8,temporal (unconstrained preference),215,34,64,6,6
8,temporal (unconstrained preference),216,4,64,6,6
8,temporal (unconstrained preference),216,12,64,6,6
8,temporal (unconstrained preference),216,21,64,6,6
8,temporal (unconstrained preference),216,36,64,6,6
8,temporal (unconstrained preference),216,45,64,6,6
8,temporal (unconstrained preference),216,53,64,6,6
8,temporal (unconstrained preference),217,6,64,6,6
8,temporal (unconstrained preference),217,12,64,6,6
8,temporal (unconstrained preference),217,20,64,6,6
8,temporal (unconstrained preference),217,27,64,6,6
8,temporal (unconstrained preference),217,51,64,6,6
8,temporal (unconstrained preference),217,62,64,6,6
8,temporal (unconstrained preference),218,9,64,6,6
8,temporal (unconstrained preference),218,12,64,6,6
8,temporal (unconstrained preference),218,14,64,6,6
8,temporal (unconstrained preference),218,20,64,6,6
8,temporal (unconstrained preference),218,45,64,6,6
8,temporal (unconstrained preference),218,51,64,6,6
8,temporal (unconstrained preference),219,12,64,6,6
8,temporal (unconstrained preference),219,14,64,6,6
8,temporal (unconstrained preference),219,21,64,6,6
8,temporal (unconstrained preference),219,28,64,6,6
8,temporal (unconstrained preference),219,34,64,6,6
8,temporal (unconstrained preference),219,45,64,6,6
15,full MoE  (top-k),0,10,64,6,7
15,full MoE  (top-k),0,21,64,6,7
15,full MoE  (top-k),0,55,64,6,7
15,full MoE  (top-k),0,58,64,6,7
15,full MoE  (top-k),0,59,64,6,7
15,full MoE  (top-k),0,62,64,6,7
15,full MoE  (top-k),1,16,64,6,7
15,full MoE  (top-k),1,19,64,6,7
15,full MoE  (top-k),1,25,64,6,7
15,full MoE  (top-k),1,30,64,6,7
15,full MoE  (top-k),1,36,64,6,7
15,full MoE  (top-k),1,59,64,6,7
15,full MoE  (top-k),2,0,64,6,7
15,full MoE  (top-k),2,7,64,6,7
15,full MoE  (top-k),2,22,64,6,7
15,full MoE  (top-k),2,31,64,6,7
15,full MoE  (top-k),2,53,64,6,7
15,full MoE  (top-k),2,55,64,6,7
15,full MoE  (top-k),3,11,64,6,7
15,full MoE  (top-k),3,22,64,6,7
15,full MoE  (top-k),3,26,64,6,7
15,full MoE  (top-k),3,32,64,6,7
15,full MoE  (top-k),3,33,64,6,7
15,full MoE  (top-k),3,61,64,6,7
15,full MoE  (top-k),4,4,64,6,7
15,full MoE  (top-k),4,10,64,6,7
15,full MoE  (top-k),4,38,64,6,7
15,full MoE  (top-k),4,44,64,6,7
15,full MoE  (top-k),4,52,64,6,7
15,full MoE  (top-k),4,62,64,6,7
15,full MoE  (top-k),5,4,64,6,7
15,full MoE  (top-k),5,6,64,6,7
15,full MoE  (top-k),5,7,64,6,7
15,full MoE  (top-k),5,10,64,6,7
15,full MoE  (top-k),5,45,64,6,7
15,full MoE  (top-k),5,59,64,6,7
15,full MoE  (top-k),6,0,64,6,7
15,full MoE  (top-k),6,7,64,6,7
15,full MoE  (top-k),6,19,64,6,7
15,full MoE  (top-k),6,25,64,6,7
15,full MoE  (top-k),6,38,64,6,7
15,full MoE  (top-k),6,59,64,6,7
15,full MoE  (top-k),7,0,64,6,7
15,full MoE  (top-k),7,17,64,6,7
15,full MoE  (top-k),7,22,64,6,7
15,full MoE  (top-k),7,31,64,6,7
15,full MoE  (top-k),7,32,64,6,7
15,full MoE  (top-k),7,55,64,6,7
15,full MoE  (top-k),8,3,64,6,7
15,full MoE  (top-k),8,13,64,6,7
15,full MoE  (top-k),8,32,64,6,7
15,full MoE  (top-k),8,34,64,6,7
15,full MoE  (top-k),8,53,64,6,7
15,full MoE  (top-k),8,58,64,6,7
15,full MoE  (top-k),9,14,64,6,7
15,full MoE  (top-k),9,17,64,6,7
15,full MoE  (top-k),9,26,64,6,7
15,full MoE  (top-k),9,31,64,6,7
15,full MoE  (top-k),9,32,64,6,7
15,full MoE  (top-k),9,53,64,6,7
15,full MoE  (top-k),10,32,64,6,7
15,full MoE  (top-k),10,39,64,6,7
15,full MoE  (top-k),10,47,64,6,7
15,full MoE  (top-k),10,48,64,6,7
15,full MoE  (top-k),10,60,64,6,7
15,full MoE  (top-k),10,62,64,6,7
15,full MoE  (top-k),11,2,64,6,7
15,full MoE  (top-k),11,9,64,6,7
15,full MoE  (top-k),11,23,64,6,7
15,full MoE  (top-k),11,32,64,6,7
15,full MoE  (top-k),11,37,64,6,7
15,full MoE  (top-k),11,43,64,6,7
15,full MoE  (top-k),12,16,64,6,7
15,full MoE  (top-k),12,17,64,6,7
15,full MoE  (top-k),12,22,64,6,7
15,full MoE  (top-k),12,32,64,6,7
15,full MoE  (top-k),12,53,64,6,7
15,full MoE  (top-k),12,55,64,6,7
15,full MoE  (top-k),13,8,64,6,7
15,full MoE  (top-k),13,18,64,6,7
15,full MoE  (top-k),13,24,64,6,7
15,full MoE  (top-k),13,32,64,6,7
15,full MoE  (top-k),13,52,64,6,7
15,full MoE  (top-k),13,56,64,6,7
15,full MoE  (top-k),14,9,64,6,7
15,full MoE  (top-k),14,15,64,6,7
15,full MoE  (top-k),14,32,64,6,7
15,full MoE  (top-k),14,33,64,6,7
15,full MoE  (top-k),14,34,64,6,7
15,full MoE  (top-k),14,43,64,6,7
15,full MoE  (top-k),15,4,64,6,7
15,full MoE  (top-k),15,6,64,6,7
15,full MoE  (top-k),15,10,64,6,7
15,full MoE  (top-k),15,32,64,6,7
15,full MoE  (top-k),15,44,64,6,7
15,full MoE  (top-k),15,52,64,6,7
15,full MoE  (top-k),16,4,64,6,7
15,full MoE  (top-k),16,6,64,6,7
15,full MoE  (top-k),16,7,64,6,7
15,full MoE  (top-k),16,10,64,6,7
15,full MoE  (top-k),16,45,64,6,7
15,full MoE  (top-k),16,62,64,6,7
15,full MoE  (top-k),17,18,64,6,7
15,full MoE  (top-k),17,20,64,6,7
15,full MoE  (top-k),17,32,64,6,7
15,full MoE  (top-k),17,35,64,6,7
15,full MoE  (top-k),17,50,64,6,7
15,full MoE  (top-k),17,57,64,6,7
15,full MoE  (top-k),18,8,64,6,7
15,full MoE  (top-k),18,18,64,6,7
15,full MoE  (top-k),18,20,64,6,7
15,full MoE  (top-k),18,50,64,6,7
15,full MoE  (top-k),18,52,64,6,7
15,full MoE  (top-k),18,57,64,6,7
15,full MoE  (top-k),19,8,64,6,7
15,full MoE  (top-k),19,16,64,6,7
15,full MoE  (top-k),19,18,64,6,7
15,full MoE  (top-k),19,52,64,6,7
15,full MoE  (top-k),19,56,64,6,7
15,full MoE  (top-k),19,63,64,6,7
15,full MoE  (top-k),20,4,64,6,7
15,full MoE  (top-k),20,10,64,6,7
15,full MoE  (top-k),20,18,64,6,7
15,full MoE  (top-k),20,44,64,6,7
15,full MoE  (top-k),20,52,64,6,7
15,full MoE  (top-k),20,62,64,6,7
15,full MoE  (top-k),21,33,64,6,7
15,full MoE  (top-k),21,35,64,6,7
15,full MoE  (top-k),21,44,64,6,7
15,full MoE  (top-k),21,51,64,6,7
15,full MoE  (top-k),21,55,64,6,7
15,full MoE  (top-k),21,56,64,6,7
15,full MoE  (top-k),22,20,64,6,7
15,full MoE  (top-k),22,35,64,6,7
15,full MoE  (top-k),22,50,64,6,7
15,full MoE  (top-k),22,51,64,6,7
15,full MoE  (top-k),22,57,64,6,7
15,full MoE  (top-k),22,58,64,6,7
15,full MoE  (top-k),23,2,64,6,7
15,full MoE  (top-k),23,9,64,6,7
15,full MoE  (top-k),23,11,64,6,7
15,full MoE  (top-k),23,32,64,6,7
15,full MoE  (top-k),23,37,64,6,7
15,full MoE  (top-k),23,43,64,6,7
15,full MoE  (top-k),24,0,64,6,7
15,full MoE  (top-k),24,1,64,6,7
15,full MoE  (top-k),24,11,64,6,7
15,full MoE  (top-k),24,17,64,6,7
15,full MoE  (top-k),24,32,64,6,7
15,full MoE  (top-k),24,55,64,6,7
15,full MoE  (top-k),25,4,64,6,7
15,full MoE  (top-k),25,6,64,6,7
15,full MoE  (top-k),25,10,64,6,7
15,full MoE  (top-k),25,44,64,6,7
15,full MoE  (top-k),25,52,64,6,7
15,full MoE  (top-k),25,56,64,6,7
15,full MoE  (top-k),26,4,64,6,7
15,full MoE  (top-k),26,6,64,6,7
15,full MoE  (top-k),26,7,64,6,7
15,full MoE  (top-k),26,45,64,6,7
15,full MoE  (top-k),26,49,64,6,7
15,full MoE  (top-k),26,62,64,6,7
15,full MoE  (top-k),27,18,64,6,7
15,full MoE  (top-k),27,32,64,6,7
15,full MoE  (top-k),27,35,64,6,7
15,full MoE  (top-k),27,52,64,6,7
15,full MoE  (top-k),27,54,64,6,7
15,full MoE  (top-k),27,56,64,6,7
15,full MoE  (top-k),28,3,64,6,7
15,full MoE  (top-k),28,15,64,6,7
15,full MoE  (top-k),28,33,64,6,7
15,full MoE  (top-k),28,34,64,6,7
15,full MoE  (top-k),28,35,64,6,7
15,full MoE  (top-k),28,58,64,6,7
15,full MoE  (top-k),29,0,64,6,7
15,full MoE  (top-k),29,11,64,6,7
15,full MoE  (top-k),29,31,64,6,7
15,full MoE  (top-k),29,32,64,6,7
15,full MoE  (top-k),29,40,64,6,7
15,full MoE  (top-k),29,55,64,6,7
15,full MoE  (top-k),30,23,64,6,7
15,full MoE  (top-k),30,32,64,6,7
15,full MoE  (top-k),30,39,64,6,7
15,full MoE  (top-k),30,48,64,6,7
15,full MoE  (top-k),30,60,64,6,7
15,full MoE  (top-k),30,62,64,6,7
15,full MoE  (top-k),31,5,64,6,7
15,full MoE  (top-k),31,9,64,6,7
15,full MoE  (top-k),31,10,64,6,7
15,full MoE  (top-k),31,28,64,6,7
15,full MoE  (top-k),31,47,64,6,7
15,full MoE  (top-k),31,55,64,6,7
15,full MoE  (top-k),32,11,64,6,7
15,full MoE  (top-k),32,22,64,6,7
15,full MoE  (top-k),32,23,64,6,7
15,full MoE  (top-k),32,26,64,6,7
15,full MoE  (top-k),32,32,64,6,7
15,full MoE  (top-k),32,53,64,6,7
15,full MoE  (top-k),33,11,64,6,7
15,full MoE  (top-k),33,18,64,6,7
15,full MoE  (top-k),33,23,64,6,7
15,full MoE  (top-k),33,32,64,6,7
15,full MoE  (top-k),33,39,64,6,7
15,full MoE  (top-k),33,60,64,6,7
15,full MoE  (top-k),34,8,64,6,7
15,full MoE  (top-k),34,18,64,6,7
15,full MoE  (top-k),34,23,64,6,7
15,full MoE  (top-k),34,32,64,6,7
15,full MoE  (top-k),34,56,64,6,7
15,full MoE  (top-k),34,60,64,6,7
15,full MoE  (top-k),35,8,64,6,7
15,full MoE  (top-k),35,15,64,6,7
15,full MoE  (top-k),35,32,64,6,7
15,full MoE  (top-k),35,34,64,6,7
15,full MoE  (top-k),35,51,64,6,7
15,full MoE  (top-k),35,58,64,6,7
15,full MoE  (top-k),36,11,64,6,7
15,full MoE  (top-k),36,32,64,6,7
15,full MoE  (top-k),36,39,64,6,7
15,full MoE  (top-k),36,48,64,6,7
15,full MoE  (top-k),36,60,64,6,7
15,full MoE  (top-k),36,62,64,6,7
15,full MoE  (top-k),37,4,64,6,7
15,full MoE  (top-k),37,6,64,6,7
15,full MoE  (top-k),37,32,64,6,7
15,full MoE  (top-k),37,39,64,6,7
15,full MoE  (top-k),37,45,64,6,7
15,full MoE  (top-k),37,62,64,6,7
15,full MoE  (top-k),38,0,64,6,7
15,full MoE  (top-k),38,7,64,6,7
15,full MoE  (top-k),38,19,64,6,7
15,full MoE  (top-k),38,25,64,6,7
15,full MoE  (top-k),38,30,64,6,7
15,full MoE  (top-k),38,59,64,6,7
15,full MoE  (top-k),39,0,64,6,7
15,full MoE  (top-k),39,7,64,6,7
15,full MoE  (top-k),39,22,64,6,7
15,full MoE  (top-k),39,31,64,6,7
15,full MoE  (top-k),39,32,64,6,7
15,full MoE  (top-k),39,41,64,6,7
15,full MoE  (top-k),40,9,64,6,7
15,full MoE  (top-k),40,11,64,6,7
15,full MoE  (top-k),40,31,64,6,7
15,full MoE  (top-k),40,32,64,6,7
15,full MoE  (top-k),40,42,64,6,7
15,full MoE  (top-k),40,60,64,6,7
15,full MoE  (top-k),41,0,64,6,7
15,full MoE  (top-k),41,16,64,6,7
15,full MoE  (top-k),41,17,64,6,7
15,full MoE  (top-k),41,22,64,6,7
15,full MoE  (top-k),41,31,64,6,7
15,full MoE  (top-k),41,55,64,6,7
15,full MoE  (top-k),42,11,64,6,7
15,full MoE  (top-k),42,32,64,6,7
15,full MoE  (top-k),42,39,64,6,7
15,full MoE  (top-k),42,48,64,6,7
15,full MoE  (top-k),42,60,64,6,7
15,full MoE  (top-k),42,62,64,6,7
15,full MoE  (top-k),43,0,64,6,7
15,full MoE  (top-k),43,21,64,6,7
15,full MoE  (top-k),43,22,64,6,7
15,full MoE  (top-k),43,26,64,6,7
15,full MoE  (top-k),43,31,64,6,7
15,full MoE  (top-k),43,32,64,6,7
15,full MoE  (top-k),44,2,64,6,7
15,full MoE  (top-k),44,9,64,6,7
15,full MoE  (top-k),44,23,64,6,7
15,full MoE  (top-k),44,28,64,6,7
15,full MoE  (top-k),44,42,64,6,7
15,full MoE  (top-k),44,60,64,6,7
15,full MoE  (top-k),45,9,64,6,7
15,full MoE  (top-k),45,22,64,6,7
15,full MoE  (top-k),45,31,64,6,7
15,full MoE  (top-k),45,32,64,6,7
15,full MoE  (top-k),45,40,64,6,7
15,full MoE  (top-k),45,55,64,6,7
15,full MoE  (top-k),46,9,64,6,7
15,full MoE  (top-k),46,18,64,6,7
15,full MoE  (top-k),46,39,64,6,7
15,full MoE  (top-k),46,48,64,6,7
15,full MoE  (top-k),46,60,64,6,7
15,full MoE  (top-k),46,62,64,6,7
15,full MoE  (top-k),47,4,64,6,7
15,full MoE  (top-k),47,6,64,6,7
15,full MoE  (top-k),47,39,64,6,7
15,full MoE  (top-k),47,45,64,6,7
15,full MoE  (top-k),47,49,64,6,7
15,full MoE  (top-k),47,62,64,6,7
15,full MoE  (top-k),48,0,64,6,7
15,full MoE  (top-k),48,19,64,6,7
15,full MoE  (top-k),48,20,64,6,7
15,full MoE  (top-k),48,25,64,6,7
15,full MoE  (top-k),48,41,64,6,7
15,full MoE  (top-k),48,59,64,6,7
15,full MoE  (top-k),49,0,64,6,7
15,full MoE  (top-k),49,22,64,6,7
15,full MoE  (top-k),49,26,64,6,7
15,full MoE  (top-k),49,31,64,6,7
15,full MoE  (top-k),49,32,64,6,7
15,full MoE  (top-k),49,55,64,6,7
15,full MoE  (top-k),50,2,64,6,7
15,full MoE  (top-k),50,23,64,6,7
15,full MoE  (top-k),50,28,64,6,7
15,full MoE  (top-k),50,32,64,6,7
15,full MoE  (top-k),50,42,64,6,7
15,full MoE  (top-k),50,60,64,6,7
15,full MoE  (top-k),51,14,64,6,7
15,full MoE  (top-k),51,19,64,6,7
15,full MoE  (top-k),51,29,64,6,7
15,full MoE  (top-k),51,30,64,6,7
15,full MoE  (top-k),51,41,64,6,7
15,full MoE  (top-k),51,54,64,6,7
15,full MoE  (top-k),52,22,64,6,7
15,full MoE  (top-k),52,23,64,6,7
15,full MoE  (top-k),52,29,64,6,7
15,full MoE  (top-k),52,31,64,6,7
15,full MoE  (top-k),52,32,64,6,7
15,full MoE  (top-k),52,53,64,6,7
15,full MoE  (top-k),53,28,64,6,7
15,full MoE  (top-k),53,32,64,6,7
15,full MoE  (top-k),53,39,64,6,7
15,full MoE  (top-k),53,48,64,6,7
15,full MoE  (top-k),53,60,64,6,7
15,full MoE  (top-k),53,62,64,6,7
15,full MoE  (top-k),54,9,64,6,7
15,full MoE  (top-k),54,28,64,6,7
15,full MoE  (top-k),54,32,64,6,7
15,full MoE  (top-k),54,34,64,6,7
15,full MoE  (top-k),54,55,64,6,7
15,full MoE  (top-k),54,58,64,6,7
15,full MoE  (top-k),55,8,64,6,7
15,full MoE  (top-k),55,9,64,6,7
15,full MoE  (top-k),55,11,64,6,7
15,full MoE  (top-k),55,18,64,6,7
15,full MoE  (top-k),55,32,64,6,7
15,full MoE  (top-k),55,60,64,6,7
15,full MoE  (top-k),56,8,64,6,7
15,full MoE  (top-k),56,16,64,6,7
15,full MoE  (top-k),56,18,64,6,7
15,full MoE  (top-k),56,26,64,6,7
15,full MoE  (top-k),56,32,64,6,7
15,full MoE  (top-k),56,45,64,6,7
15,full MoE  (top-k),57,4,64,6,7
15,full MoE  (top-k),57,10,64,6,7
15,full MoE  (top-k),57,44,64,6,7
15,full MoE  (top-k),57,49,64,6,7
15,full MoE  (top-k),57,52,64,6,7
15,full MoE  (top-k),57,56,64,6,7
15,full MoE  (top-k),58,4,64,6,7
15,full MoE  (top-k),58,6,64,6,7
15,full MoE  (top-k),58,10,64,6,7
15,full MoE  (top-k),58,45,64,6,7
15,full MoE  (top-k),58,49,64,6,7
15,full MoE  (top-k),58,62,64,6,7
15,full MoE  (top-k),59,7,64,6,7
15,full MoE  (top-k),59,24,64,6,7
15,full MoE  (top-k),59,30,64,6,7
15,full MoE  (top-k),59,44,64,6,7
15,full MoE  (top-k),59,56,64,6,7
15,full MoE  (top-k),59,62,64,6,7
15,full MoE  (top-k),60,0,64,6,7
15,full MoE  (top-k),60,7,64,6,7
15,full MoE  (top-k),60,14,64,6,7
15,full MoE  (top-k),60,25,64,6,7
15,full MoE  (top-k),60,38,64,6,7
15,full MoE  (top-k),60,59,64,6,7
15,full MoE  (top-k),61,0,64,6,7
15,full MoE  (top-k),61,21,64,6,7
15,full MoE  (top-k),61,25,64,6,7
15,full MoE  (top-k),61,35,64,6,7
15,full MoE  (top-k),61,55,64,6,7
15,full MoE  (top-k),61,57,64,6,7
15,full MoE  (top-k),62,9,64,6,7
15,full MoE  (top-k),62,11,64,6,7
15,full MoE  (top-k),62,12,64,6,7
15,full MoE  (top-k),62,37,64,6,7
15,full MoE  (top-k),62,43,64,6,7
15,full MoE  (top-k),62,56,64,6,7
15,full MoE  (top-k),63,9,64,6,7
15,full MoE  (top-k),63,11,64,6,7
15,full MoE  (top-k),63,31,64,6,7
15,full MoE  (top-k),63,33,64,6,7
15,full MoE  (top-k),63,50,64,6,7
15,full MoE  (top-k),63,57,64,6,7
15,full MoE  (top-k),64,9,64,6,7
15,full MoE  (top-k),64,18,64,6,7
15,full MoE  (top-k),64,39,64,6,7
15,full MoE  (top-k),64,48,64,6,7
15,full MoE  (top-k),64,60,64,6,7
15,full MoE  (top-k),64,62,64,6,7
15,full MoE  (top-k),65,1,64,6,7
15,full MoE  (top-k),65,20,64,6,7
15,full MoE  (top-k),65,21,64,6,7
15,full MoE  (top-k),65,36,64,6,7
15,full MoE  (top-k),65,47,64,6,7
15,full MoE  (top-k),65,50,64,6,7
15,full MoE  (top-k),66,24,64,6,7
15,full MoE  (top-k),66,36,64,6,7
15,full MoE  (top-k),66,50,64,6,7
15,full MoE  (top-k),66,52,64,6,7
15,full MoE  (top-k),66,54,64,6,7
15,full MoE  (top-k),66,57,64,6,7
15,full MoE  (top-k),67,24,64,6,7
15,full MoE  (top-k),67,29,64,6,7
15,full MoE  (top-k),67,36,64,6,7
15,full MoE  (top-k),67,54,64,6,7
15,full MoE  (top-k),67,59,64,6,7
15,full MoE  (top-k),67,62,64,6,7
15,full MoE  (top-k),68,5,64,6,7
15,full MoE  (top-k),68,9,64,6,7
15,full MoE  (top-k),68,21,64,6,7
15,full MoE  (top-k),68,24,64,6,7
15,full MoE  (top-k),68,47,64,6,7
15,full MoE  (top-k),68,52,64,6,7
15,full MoE  (top-k),69,15,64,6,7
15,full MoE  (top-k),69,31,64,6,7
15,full MoE  (top-k),69,33,64,6,7
15,full MoE  (top-k),69,51,64,6,7
15,full MoE  (top-k),69,58,64,6,7
15,full MoE  (top-k),69,61,64,6,7
15,full MoE  (top-k),70,4,64,6,7
15,full MoE  (top-k),70,6,64,6,7
15,full MoE  (top-k),70,10,64,6,7
15,full MoE  (top-k),70,27,64,6,7
15,full MoE  (top-k),70,60,64,6,7
15,full MoE  (top-k),70,62,64,6,7
15,full MoE  (top-k),71,4,64,6,7
15,full MoE  (top-k),71,6,64,6,7
15,full MoE  (top-k),71,10,64,6,7
15,full MoE  (top-k),71,45,64,6,7
15,full MoE  (top-k),71,49,64,6,7
15,full MoE  (top-k),71,62,64,6,7
15,full MoE  (top-k),72,18,64,6,7
15,full MoE  (top-k),72,32,64,6,7
15,full MoE  (top-k),72,50,64,6,7
15,full MoE  (top-k),72,51,64,6,7
15,full MoE  (top-k),72,56,64,6,7
15,full MoE  (top-k),72,57,64,6,7
15,full MoE  (top-k),73,16,64,6,7
15,full MoE  (top-k),73,18,64,6,7
15,full MoE  (top-k),73,52,64,6,7
15,full MoE  (top-k),73,54,64,6,7
15,full MoE  (top-k),73,56,64,6,7
15,full MoE  (top-k),73,63,64,6,7
15,full MoE  (top-k),74,8,64,6,7
15,full MoE  (top-k),74,18,64,6,7
15,full MoE  (top-k),74,50,64,6,7
15,full MoE  (top-k),74,54,64,6,7
15,full MoE  (top-k),74,57,64,6,7
15,full MoE  (top-k),74,63,64,6,7
15,full MoE  (top-k),75,8,64,6,7
15,full MoE  (top-k),75,18,64,6,7
15,full MoE  (top-k),75,31,64,6,7
15,full MoE  (top-k),75,52,64,6,7
15,full MoE  (top-k),75,56,64,6,7
15,full MoE  (top-k),75,63,64,6,7
15,full MoE  (top-k),76,8,64,6,7
15,full MoE  (top-k),76,9,64,6,7
15,full MoE  (top-k),76,18,64,6,7
15,full MoE  (top-k),76,52,64,6,7
15,full MoE  (top-k),76,56,64,6,7
15,full MoE  (top-k),76,63,64,6,7
15,full MoE  (top-k),77,8,64,6,7
15,full MoE  (top-k),77,19,64,6,7
15,full MoE  (top-k),77,24,64,6,7
15,full MoE  (top-k),77,25,64,6,7
15,full MoE  (top-k),77,30,64,6,7
15,full MoE  (top-k),77,59,64,6,7
15,full MoE  (top-k),78,1,64,6,7
15,full MoE  (top-k),78,3,64,6,7
15,full MoE  (top-k),78,15,64,6,7
15,full MoE  (top-k),78,34,64,6,7
15,full MoE  (top-k),78,43,64,6,7
15,full MoE  (top-k),78,49,64,6,7
15,full MoE  (top-k),79,9,64,6,7
15,full MoE  (top-k),79,11,64,6,7
15,full MoE  (top-k),79,15,64,6,7
15,full MoE  (top-k),79,31,64,6,7
15,full MoE  (top-k),79,33,64,6,7
15,full MoE  (top-k),79,61,64,6,7
15,full MoE  (top-k),80,4,64,6,7
15,full MoE  (top-k),80,6,64,6,7
15,full MoE  (top-k),80,39,64,6,7
15,full MoE  (top-k),80,45,64,6,7
15,full MoE  (top-k),80,49,64,6,7
15,full MoE  (top-k),80,62,64,6,7
15,full MoE  (top-k),81,3,64,6,7
15,full MoE  (top-k),81,13,64,6,7
15,full MoE  (top-k),81,20,64,6,7
15,full MoE  (top-k),81,34,64,6,7
15,full MoE  (top-k),81,35,64,6,7
15,full MoE  (top-k),81,49,64,6,7
15,full MoE  (top-k),82,2,64,6,7
15,full MoE  (top-k),82,9,64,6,7
15,full MoE  (top-k),82,20,64,6,7
15,full MoE  (top-k),82,27,64,6,7
15,full MoE  (top-k),82,28,64,6,7
15,full MoE  (top-k),82,47,64,6,7
15,full MoE  (top-k),83,9,64,6,7
15,full MoE  (top-k),83,16,64,6,7
15,full MoE  (top-k),83,18,64,6,7
15,full MoE  (top-k),83,22,64,6,7
15,full MoE  (top-k),83,41,64,6,7
15,full MoE  (top-k),83,51,64,6,7
15,full MoE  (top-k),84,3,64,6,7
15,full MoE  (top-k),84,9,64,6,7
15,full MoE  (top-k),84,20,64,6,7
15,full MoE  (top-k),84,23,64,6,7
15,full MoE  (top-k),84,50,64,6,7
15,full MoE  (top-k),84,60,64,6,7
15,full MoE  (top-k),85,8,64,6,7
15,full MoE  (top-k),85,19,64,6,7
15,full MoE  (top-k),85,20,64,6,7
15,full MoE  (top-k),85,24,64,6,7
15,full MoE  (top-k),85,25,64,6,7
15,full MoE  (top-k),85,36,64,6,7
15,full MoE  (top-k),86,9,64,6,7
15,full MoE  (top-k),86,16,64,6,7
15,full MoE  (top-k),86,22,64,6,7
15,full MoE  (top-k),86,23,64,6,7
15,full MoE  (top-k),86,26,64,6,7
15,full MoE  (top-k),86,32,64,6,7
15,full MoE  (top-k),87,2,64,6,7
15,full MoE  (top-k),87,9,64,6,7
15,full MoE  (top-k),87,23,64,6,7
15,full MoE  (top-k),87,28,64,6,7
15,full MoE  (top-k),87,42,64,6,7
15,full MoE  (top-k),87,60,64,6,7
15,full MoE  (top-k),88,0,64,6,7
15,full MoE  (top-k),88,19,64,6,7
15,full MoE  (top-k),88,22,64,6,7
15,full MoE  (top-k),88,53,64,6,7
15,full MoE  (top-k),88,54,64,6,7
15,full MoE  (top-k),88,55,64,6,7
15,full MoE  (top-k),89,9,64,6,7
15,full MoE  (top-k),89,22,64,6,7
15,full MoE  (top-k),89,32,64,6,7
15,full MoE  (top-k),89,41,64,6,7
15,full MoE  (top-k),89,46,64,6,7
15,full MoE  (top-k),89,61,64,6,7
15,full MoE  (top-k),90,4,64,6,7
15,full MoE  (top-k),90,6,64,6,7
15,full MoE  (top-k),90,10,64,6,7
15,full MoE  (top-k),90,44,64,6,7
15,full MoE  (top-k),90,52,64,6,7
15,full MoE  (top-k),90,62,64,6,7
15,full MoE  (top-k),91,4,64,6,7
15,full MoE  (top-k),91,6,64,6,7
15,full MoE  (top-k),91,7,64,6,7
15,full MoE  (top-k),91,10,64,6,7
15,full MoE  (top-k),91,45,64,6,7
15,full MoE  (top-k),91,62,64,6,7
15,full MoE  (top-k),92,12,64,6,7
15,full MoE  (top-k),92,20,64,6,7
15,full MoE  (top-k),92,48,64,6,7
15,full MoE  (top-k),92,50,64,6,7
15,full MoE  (top-k),92,57,64,6,7
15,full MoE  (top-k),92,60,64,6,7
15,full MoE  (top-k),93,5,64,6,7
15,full MoE  (top-k),93,10,64,6,7
15,full MoE  (top-k),93,28,64,6,7
15,full MoE  (top-k),93,47,64,6,7
15,full MoE  (top-k),93,55,64,6,7
15,full MoE  (top-k),93,57,64,6,7
15,full MoE  (top-k),94,11,64,6,7
15,full MoE  (top-k),94,21,64,6,7
15,full MoE  (top-k),94,31,64,6,7
15,full MoE  (top-k),94,33,64,6,7
15,full MoE  (top-k),94,51,64,6,7
15,full MoE  (top-k),94,57,64,6,7
15,full MoE  (top-k),95,17,64,6,7
15,full MoE  (top-k),95,20,64,6,7
15,full MoE  (top-k),95,24,64,6,7
15,full MoE  (top-k),95,48,64,6,7
15,full MoE  (top-k),95,50,64,6,7
15,full MoE  (top-k),95,57,64,6,7
15,full MoE  (top-k),96,8,64,6,7
15,full MoE  (top-k),96,16,64,6,7
15,full MoE  (top-k),96,18,64,6,7
15,full MoE  (top-k),96,24,64,6,7
15,full MoE  (top-k),96,52,64,6,7
15,full MoE  (top-k),96,54,64,6,7
15,full MoE  (top-k),97,15,64,6,7
15,full MoE  (top-k),97,33,64,6,7
15,full MoE  (top-k),97,34,64,6,7
15,full MoE  (top-k),97,51,64,6,7
15,full MoE  (top-k),97,58,64,6,7
15,full MoE  (top-k),97,61,64,6,7
15,full MoE  (top-k),98,4,64,6,7
15,full MoE  (top-k),98,10,64,6,7
15,full MoE  (top-k),98,39,64,6,7
15,full MoE  (top-k),98,52,64,6,7
15,full MoE  (top-k),98,60,64,6,7
15,full MoE  (top-k),98,62,64,6,7
15,full MoE  (top-k),99,4,64,6,7
15,full MoE  (top-k),99,6,64,6,7
15,full MoE  (top-k),99,7,64,6,7
15,full MoE  (top-k),99,45,64,6,7
15,full MoE  (top-k),99,49,64,6,7
15,full MoE  (top-k),99,62,64,6,7
15,full MoE  (top-k),100,0,64,6,7
15,full MoE  (top-k),100,20,64,6,7
15,full MoE  (top-k),100,25,64,6,7
15,full MoE  (top-k),100,41,64,6,7
15,full MoE  (top-k),100,54,64,6,7
15,full MoE  (top-k),100,59,64,6,7
15,full MoE  (top-k),101,0,64,6,7
15,full MoE  (top-k),101,20,64,6,7
15,full MoE  (top-k),101,21,64,6,7
15,full MoE  (top-k),101,31,64,6,7
15,full MoE  (top-k),101,35,64,6,7
15,full MoE  (top-k),101,57,64,6,7
15,full MoE  (top-k),102,17,64,6,7
15,full MoE  (top-k),102,31,64,6,7
15,full MoE  (top-k),102,32,64,6,7
15,full MoE  (top-k),102,35,64,6,7
15,full MoE  (top-k),102,55,64,6,7
15,full MoE  (top-k),102,58,64,6,7
15,full MoE  (top-k),103,11,64,6,7
15,full MoE  (top-k),103,18,64,6,7
15,full MoE  (top-k),103,31,64,6,7
15,full MoE  (top-k),103,32,64,6,7
15,full MoE  (top-k),103,48,64,6,7
15,full MoE  (top-k),103,60,64,6,7
15,full MoE  (top-k),104,17,64,6,7
15,full MoE  (top-k),104,19,64,6,7
15,full MoE  (top-k),104,25,64,6,7
15,full MoE  (top-k),104,30,64,6,7
15,full MoE  (top-k),104,36,64,6,7
15,full MoE  (top-k),104,54,64,6,7
15,full MoE  (top-k),105,22,64,6,7
15,full MoE  (top-k),105,31,64,6,7
15,full MoE  (top-k),105,32,64,6,7
15,full MoE  (top-k),105,39,64,6,7
15,full MoE  (top-k),105,53,64,6,7
15,full MoE  (top-k),105,55,64,6,7
15,full MoE  (top-k),106,11,64,6,7
15,full MoE  (top-k),106,32,64,6,7
15,full MoE  (top-k),106,39,64,6,7
15,full MoE  (top-k),106,48,64,6,7
15,full MoE  (top-k),106,60,64,6,7
15,full MoE  (top-k),106,62,64,6,7
15,full MoE  (top-k),107,8,64,6,7
15,full MoE  (top-k),107,18,64,6,7
15,full MoE  (top-k),107,32,64,6,7
15,full MoE  (top-k),107,48,64,6,7
15,full MoE  (top-k),107,50,64,6,7
15,full MoE  (top-k),107,60,64,6,7
15,full MoE  (top-k),108,0,64,6,7
15,full MoE  (top-k),108,19,64,6,7
15,full MoE  (top-k),108,25,64,6,7
15,full MoE  (top-k),108,36,64,6,7
15,full MoE  (top-k),108,54,64,6,7
15,full MoE  (top-k),108,55,64,6,7
15,full MoE  (top-k),109,21,64,6,7
15,full MoE  (top-k),109,22,64,6,7
15,full MoE  (top-k),109,23,64,6,7
15,full MoE  (top-k),109,32,64,6,7
15,full MoE  (top-k),109,33,64,6,7
15,full MoE  (top-k),109,57,64,6,7
15,full MoE  (top-k),110,5,64,6,7
15,full MoE  (top-k),110,18,64,6,7
15,full MoE  (top-k),110,28,64,6,7
15,full MoE  (top-k),110,32,64,6,7
15,full MoE  (top-k),110,47,64,6,7
15,full MoE  (top-k),110,60,64,6,7
15,full MoE  (top-k),111,5,64,6,7
15,full MoE  (top-k),111,19,64,6,7
15,full MoE  (top-k),111,20,64,6,7
15,full MoE  (top-k),111,25,64,6,7
15,full MoE  (top-k),111,36,64,6,7
15,full MoE  (top-k),111,54,64,6,7
15,full MoE  (top-k),112,22,64,6,7
15,full MoE  (top-k),112,23,64,6,7
15,full MoE  (top-k),112,32,64,6,7
15,full MoE  (top-k),112,33,64,6,7
15,full MoE  (top-k),112,41,64,6,7
15,full MoE  (top-k),112,61,64,6,7
15,full MoE  (top-k),113,4,64,6,7
15,full MoE  (top-k),113,18,64,6,7
15,full MoE  (top-k),113,32,64,6,7
15,full MoE  (top-k),113,39,64,6,7
15,full MoE  (top-k),113,60,64,6,7
15,full MoE  (top-k),113,62,64,6,7
15,full MoE  (top-k),114,4,64,6,7
15,full MoE  (top-k),114,6,64,6,7
15,full MoE  (top-k),114,39,64,6,7
15,full MoE  (top-k),114,45,64,6,7
15,full MoE  (top-k),114,49,64,6,7
15,full MoE  (top-k),114,62,64,6,7
15,full MoE  (top-k),115,0,64,6,7
15,full MoE  (top-k),115,19,64,6,7
15,full MoE  (top-k),115,25,64,6,7
15,full MoE  (top-k),115,30,64,6,7
15,full MoE  (top-k),115,54,64,6,7
15,full MoE  (top-k),115,59,64,6,7
15,full MoE  (top-k),116,0,64,6,7
15,full MoE  (top-k),116,7,64,6,7
15,full MoE  (top-k),116,19,64,6,7
15,full MoE  (top-k),116,25,64,6,7
15,full MoE  (top-k),116,30,64,6,7
15,full MoE  (top-k),116,44,64,6,7
15,full MoE  (top-k),117,0,64,6,7
15,full MoE  (top-k),117,22,64,6,7
15,full MoE  (top-k),117,31,64,6,7
15,full MoE  (top-k),117,32,64,6,7
15,full MoE  (top-k),117,33,64,6,7
15,full MoE  (top-k),117,55,64,6,7
15,full MoE  (top-k),118,28,64,6,7
15,full MoE  (top-k),118,32,64,6,7
15,full MoE  (top-k),118,39,64,6,7
15,full MoE  (top-k),118,47,64,6,7
15,full MoE  (top-k),118,48,64,6,7
15,full MoE  (top-k),118,60,64,6,7
15,full MoE  (top-k),119,21,64,6,7
15,full MoE  (top-k),119,32,64,6,7
15,full MoE  (top-k),119,39,64,6,7
15,full MoE  (top-k),119,53,64,6,7
15,full MoE  (top-k),119,54,64,6,7
15,full MoE  (top-k),119,55,64,6,7
15,full MoE  (top-k),120,11,64,6,7
15,full MoE  (top-k),120,28,64,6,7
15,full MoE  (top-k),120,32,64,6,7
15,full MoE  (top-k),120,39,64,6,7
15,full MoE  (top-k),120,60,64,6,7
15,full MoE  (top-k),120,62,64,6,7
15,full MoE  (top-k),121,14,64,6,7
15,full MoE  (top-k),121,20,64,6,7
15,full MoE  (top-k),121,21,64,6,7
15,full MoE  (top-k),121,32,64,6,7
15,full MoE  (top-k),121,50,64,6,7
15,full MoE  (top-k),121,55,64,6,7
15,full MoE  (top-k),122,11,64,6,7
15,full MoE  (top-k),122,31,64,6,7
15,full MoE  (top-k),122,32,64,6,7
15,full MoE  (top-k),122,39,64,6,7
15,full MoE  (top-k),122,52,64,6,7
15,full MoE  (top-k),122,60,64,6,7
15,full MoE  (top-k),123,22,64,6,7
15,full MoE  (top-k),123,32,64,6,7
15,full MoE  (top-k),123,33,64,6,7
15,full MoE  (top-k),123,51,64,6,7
15,full MoE  (top-k),123,52,64,6,7
15,full MoE  (top-k),123,55,64,6,7
15,full MoE  (top-k),124,18,64,6,7
15,full MoE  (top-k),124,32,64,6,7
15,full MoE  (top-k),124,39,64,6,7
15,full MoE  (top-k),124,48,64,6,7
15,full MoE  (top-k),124,60,64,6,7
15,full MoE  (top-k),124,62,64,6,7
15,full MoE  (top-k),125,4,64,6,7
15,full MoE  (top-k),125,6,64,6,7
15,full MoE  (top-k),125,39,64,6,7
15,full MoE  (top-k),125,45,64,6,7
15,full MoE  (top-k),125,49,64,6,7
15,full MoE  (top-k),125,62,64,6,7
15,full MoE  (top-k),126,0,64,6,7
15,full MoE  (top-k),126,22,64,6,7
15,full MoE  (top-k),126,23,64,6,7
15,full MoE  (top-k),126,32,64,6,7
15,full MoE  (top-k),126,54,64,6,7
15,full MoE  (top-k),126,55,64,6,7
15,full MoE  (top-k),127,11,64,6,7
15,full MoE  (top-k),127,18,64,6,7
15,full MoE  (top-k),127,32,64,6,7
15,full MoE  (top-k),127,39,64,6,7
15,full MoE  (top-k),127,48,64,6,7
15,full MoE  (top-k),127,60,64,6,7
15,full MoE  (top-k),128,16,64,6,7
15,full MoE  (top-k),128,19,64,6,7
15,full MoE  (top-k),128,36,64,6,7
15,full MoE  (top-k),128,53,64,6,7
15,full MoE  (top-k),128,54,64,6,7
15,full MoE  (top-k),128,55,64,6,7
15,full MoE  (top-k),129,0,64,6,7
15,full MoE  (top-k),129,22,64,6,7
15,full MoE  (top-k),129,23,64,6,7
15,full MoE  (top-k),129,32,64,6,7
15,full MoE  (top-k),129,53,64,6,7
15,full MoE  (top-k),129,55,64,6,7
15,full MoE  (top-k),130,2,64,6,7
15,full MoE  (top-k),130,11,64,6,7
15,full MoE  (top-k),130,23,64,6,7
15,full MoE  (top-k),130,32,64,6,7
15,full MoE  (top-k),130,39,64,6,7
15,full MoE  (top-k),130,60,64,6,7
15,full MoE  (top-k),131,1,64,6,7
15,full MoE  (top-k),131,9,64,6,7
15,full MoE  (top-k),131,17,64,6,7
15,full MoE  (top-k),131,32,64,6,7
15,full MoE  (top-k),131,34,64,6,7
15,full MoE  (top-k),131,55,64,6,7
15,full MoE  (top-k),132,2,64,6,7
15,full MoE  (top-k),132,11,64,6,7
15,full MoE  (top-k),132,18,64,6,7
15,full MoE  (top-k),132,32,64,6,7
15,full MoE  (top-k),132,39,64,6,7
15,full MoE  (top-k),132,60,64,6,7
15,full MoE  (top-k),133,14,64,6,7
15,full MoE  (top-k),133,22,64,6,7
15,full MoE  (top-k),133,31,64,6,7
15,full MoE  (top-k),133,32,64,6,7
15,full MoE  (top-k),133,40,64,6,7
15,full MoE  (top-k),133,46,64,6,7
15,full MoE  (top-k),134,2,64,6,7
15,full MoE  (top-k),134,18,64,6,7
15,full MoE  (top-k),134,28,64,6,7
15,full MoE  (top-k),134,32,64,6,7
15,full MoE  (top-k),134,39,64,6,7
15,full MoE  (top-k),134,60,64,6,7
15,full MoE  (top-k),135,2,64,6,7
15,full MoE  (top-k),135,8,64,6,7
15,full MoE  (top-k),135,18,64,6,7
15,full MoE  (top-k),135,28,64,6,7
15,full MoE  (top-k),135,42,64,6,7
15,full MoE  (top-k),135,60,64,6,7
15,full MoE  (top-k),136,0,64,6,7
15,full MoE  (top-k),136,3,64,6,7
15,full MoE  (top-k),136,8,64,6,7
15,full MoE  (top-k),136,18,64,6,7
15,full MoE  (top-k),136,28,64,6,7
15,full MoE  (top-k),136,56,64,6,7
15,full MoE  (top-k),137,15,64,6,7
15,full MoE  (top-k),137,22,64,6,7
15,full MoE  (top-k),137,23,64,6,7
15,full MoE  (top-k),137,31,64,6,7
15,full MoE  (top-k),137,32,64,6,7
15,full MoE  (top-k),137,53,64,6,7
15,full MoE  (top-k),138,4,64,6,7
15,full MoE  (top-k),138,6,64,6,7
15,full MoE  (top-k),138,10,64,6,7
15,full MoE  (top-k),138,32,64,6,7
15,full MoE  (top-k),138,52,64,6,7
15,full MoE  (top-k),138,60,64,6,7
15,full MoE  (top-k),139,4,64,6,7
15,full MoE  (top-k),139,6,64,6,7
15,full MoE  (top-k),139,10,64,6,7
15,full MoE  (top-k),139,45,64,6,7
15,full MoE  (top-k),139,49,64,6,7
15,full MoE  (top-k),139,62,64,6,7
15,full MoE  (top-k),140,0,64,6,7
15,full MoE  (top-k),140,7,64,6,7
15,full MoE  (top-k),140,19,64,6,7
15,full MoE  (top-k),140,25,64,6,7
15,full MoE  (top-k),140,30,64,6,7
15,full MoE  (top-k),140,59,64,6,7
15,full MoE  (top-k),141,0,64,6,7
15,full MoE  (top-k),141,8,64,6,7
15,full MoE  (top-k),141,11,64,6,7
15,full MoE  (top-k),141,31,64,6,7
15,full MoE  (top-k),141,55,64,6,7
15,full MoE  (top-k),141,57,64,6,7
15,full MoE  (top-k),142,11,64,6,7
15,full MoE  (top-k),142,15,64,6,7
15,full MoE  (top-k),142,18,64,6,7
15,full MoE  (top-k),142,31,64,6,7
15,full MoE  (top-k),142,33,64,6,7
15,full MoE  (top-k),142,51,64,6,7
15,full MoE  (top-k),143,9,64,6,7
15,full MoE  (top-k),143,11,64,6,7
15,full MoE  (top-k),143,15,64,6,7
15,full MoE  (top-k),143,33,64,6,7
15,full MoE  (top-k),143,51,64,6,7
15,full MoE  (top-k),143,58,64,6,7
15,full MoE  (top-k),144,9,64,6,7
15,full MoE  (top-k),144,11,64,6,7
15,full MoE  (top-k),144,39,64,6,7
15,full MoE  (top-k),144,48,64,6,7
15,full MoE  (top-k),144,60,64,6,7
15,full MoE  (top-k),144,62,64,6,7
15,full MoE  (top-k),145,0,64,6,7
15,full MoE  (top-k),145,19,64,6,7
15,full MoE  (top-k),145,25,64,6,7
15,full MoE  (top-k),145,30,64,6,7
15,full MoE  (top-k),145,54,64,6,7
15,full MoE  (top-k),145,55,64,6,7
15,full MoE  (top-k),146,0,64,6,7
15,full MoE  (top-k),146,12,64,6,7
15,full MoE  (top-k),146,22,64,6,7
15,full MoE  (top-k),146,23,64,6,7
15,full MoE  (top-k),146,33,64,6,7
15,full MoE  (top-k),146,55,64,6,7
15,full MoE  (top-k),147,2,64,6,7
15,full MoE  (top-k),147,3,64,6,7
15,full MoE  (top-k),147,13,64,6,7
15,full MoE  (top-k),147,23,64,6,7
15,full MoE  (top-k),147,28,64,6,7
15,full MoE  (top-k),147,34,64,6,7
15,full MoE  (top-k),148,14,64,6,7
15,full MoE  (top-k),148,17,64,6,7
15,full MoE  (top-k),148,22,64,6,7
15,full MoE  (top-k),148,32,64,6,7
15,full MoE  (top-k),148,40,64,6,7
15,full MoE  (top-k),148,55,64,6,7
15,full MoE  (top-k),149,9,64,6,7
15,full MoE  (top-k),149,23,64,6,7
15,full MoE  (top-k),149,31,64,6,7
15,full MoE  (top-k),149,32,64,6,7
15,full MoE  (top-k),149,41,64,6,7
15,full MoE  (top-k),149,61,64,6,7
15,full MoE  (top-k),150,1,64,6,7
15,full MoE  (top-k),150,9,64,6,7
15,full MoE  (top-k),150,39,64,6,7
15,full MoE  (top-k),150,48,64,6,7
15,full MoE  (top-k),150,60,64,6,7
15,full MoE  (top-k),150,62,64,6,7
15,full MoE  (top-k),151,4,64,6,7
15,full MoE  (top-k),151,6,64,6,7
15,full MoE  (top-k),151,39,64,6,7
15,full MoE  (top-k),151,45,64,6,7
15,full MoE  (top-k),151,60,64,6,7
15,full MoE  (top-k),151,62,64,6,7
15,full MoE  (top-k),152,0,64,6,7
15,full MoE  (top-k),152,7,64,6,7
15,full MoE  (top-k),152,19,64,6,7
15,full MoE  (top-k),152,25,64,6,7
15,full MoE  (top-k),152,30,64,6,7
15,full MoE  (top-k),152,59,64,6,7
15,full MoE  (top-k),153,1,64,6,7
15,full MoE  (top-k),153,16,64,6,7
15,full MoE  (top-k),153,21,64,6,7
15,full MoE  (top-k),153,26,64,6,7
15,full MoE  (top-k),153,31,64,6,7
15,full MoE  (top-k),153,32,64,6,7
15,full MoE  (top-k),154,9,64,6,7
15,full MoE  (top-k),154,18,64,6,7
15,full MoE  (top-k),154,28,64,6,7
15,full MoE  (top-k),154,39,64,6,7
15,full MoE  (top-k),154,48,64,6,7
15,full MoE  (top-k),154,60,64,6,7
15,full MoE  (top-k),155,11,64,6,7
15,full MoE  (top-k),155,22,64,6,7
15,full MoE  (top-k),155,31,64,6,7
15,full MoE  (top-k),155,32,64,6,7
15,full MoE  (top-k),155,41,64,6,7
15,full MoE  (top-k),155,55,64,6,7
15,full MoE  (top-k),156,2,64,6,7
15,full MoE  (top-k),156,23,64,6,7
15,full MoE  (top-k),156,28,64,6,7
15,full MoE  (top-k),156,39,64,6,7
15,full MoE  (top-k),156,42,64,6,7
15,full MoE  (top-k),156,60,64,6,7
15,full MoE  (top-k),157,2,64,6,7
15,full MoE  (top-k),157,11,64,6,7
15,full MoE  (top-k),157,23,64,6,7
15,full MoE  (top-k),157,28,64,6,7
15,full MoE  (top-k),157,42,64,6,7
15,full MoE  (top-k),157,60,64,6,7
15,full MoE  (top-k),158,0,64,6,7
15,full MoE  (top-k),158,19,64,6,7
15,full MoE  (top-k),158,22,64,6,7
15,full MoE  (top-k),158,25,64,6,7
15,full MoE  (top-k),158,54,64,6,7
15,full MoE  (top-k),158,63,64,6,7
15,full MoE  (top-k),159,16,64,6,7
15,full MoE  (top-k),159,22,64,6,7
15,full MoE  (top-k),159,26,64,6,7
15,full MoE  (top-k),159,31,64,6,7
15,full MoE  (top-k),159,41,64,6,7
15,full MoE  (top-k),159,63,64,6,7
15,full MoE  (top-k),160,0,64,6,7
15,full MoE  (top-k),160,19,64,6,7
15,full MoE  (top-k),160,22,64,6,7
15,full MoE  (top-k),160,23,64,6,7
15,full MoE  (top-k),160,25,64,6,7
15,full MoE  (top-k),160,38,64,6,7
15,full MoE  (top-k),161,22,64,6,7
15,full MoE  (top-k),161,26,64,6,7
15,full MoE  (top-k),161,29,64,6,7
15,full MoE  (top-k),161,31,64,6,7
15,full MoE  (top-k),161,32,64,6,7
15,full MoE  (top-k),161,63,64,6,7
15,full MoE  (top-k),162,28,64,6,7
15,full MoE  (top-k),162,32,64,6,7
15,full MoE  (top-k),162,39,64,6,7
15,full MoE  (top-k),162,48,64,6,7
15,full MoE  (top-k),162,60,64,6,7
15,full MoE  (top-k),162,62,64,6,7
15,full MoE  (top-k),163,4,64,6,7
15,full MoE  (top-k),163,6,64,6,7
15,full MoE  (top-k),163,39,64,6,7
15,full MoE  (top-k),163,45,64,6,7
15,full MoE  (top-k),163,49,64,6,7
15,full MoE  (top-k),163,62,64,6,7
15,full MoE  (top-k),164,0,64,6,7
15,full MoE  (top-k),164,19,64,6,7
15,full MoE  (top-k),164,31,64,6,7
15,full MoE  (top-k),164,54,64,6,7
15,full MoE  (top-k),164,55,64,6,7
15,full MoE  (top-k),164,63,64,6,7
15,full MoE  (top-k),165,0,64,6,7
15,full MoE  (top-k),165,7,64,6,7
15,full MoE  (top-k),165,22,64,6,7
15,full MoE  (top-k),165,25,64,6,7
15,full MoE  (top-k),165,30,64,6,7
15,full MoE  (top-k),165,55,64,6,7
15,full MoE  (top-k),166,21,64,6,7
15,full MoE  (top-k),166,22,64,6,7
15,full MoE  (top-k),166,23,64,6,7
15,full MoE  (top-k),166,26,64,6,7
15,full MoE  (top-k),166,32,64,6,7
15,full MoE  (top-k),166,33,64,6,7
15,full MoE  (top-k),167,28,64,6,7
15,full MoE  (top-k),167,39,64,6,7
15,full MoE  (top-k),167,47,64,6,7
15,full MoE  (top-k),167,48,64,6,7
15,full MoE  (top-k),167,60,64,6,7
15,full MoE  (top-k),167,62,64,6,7
15,full MoE  (top-k),168,0,64,6,7
15,full MoE  (top-k),168,14,64,6,7
15,full MoE  (top-k),168,19,64,6,7
15,full MoE  (top-k),168,20,64,6,7
15,full MoE  (top-k),168,22,64,6,7
15,full MoE  (top-k),168,55,64,6,7
15,full MoE  (top-k),169,22,64,6,7
15,full MoE  (top-k),169,23,64,6,7
15,full MoE  (top-k),169,26,64,6,7
15,full MoE  (top-k),169,32,64,6,7
15,full MoE  (top-k),169,41,64,6,7
15,full MoE  (top-k),169,53,64,6,7
15,full MoE  (top-k),170,23,64,6,7
15,full MoE  (top-k),170,32,64,6,7
15,full MoE  (top-k),170,39,64,6,7
15,full MoE  (top-k),170,42,64,6,7
15,full MoE  (top-k),170,60,64,6,7
15,full MoE  (top-k),170,62,64,6,7
15,full MoE  (top-k),171,0,64,6,7
15,full MoE  (top-k),171,22,64,6,7
15,full MoE  (top-k),171,32,64,6,7
15,full MoE  (top-k),171,35,64,6,7
15,full MoE  (top-k),171,40,64,6,7
15,full MoE  (top-k),171,55,64,6,7
15,full MoE  (top-k),172,22,64,6,7
15,full MoE  (top-k),172,23,64,6,7
15,full MoE  (top-k),172,31,64,6,7
15,full MoE  (top-k),172,32,64,6,7
15,full MoE  (top-k),172,41,64,6,7
15,full MoE  (top-k),172,53,64,6,7
15,full MoE  (top-k),173,16,64,6,7
15,full MoE  (top-k),173,22,64,6,7
15,full MoE  (top-k),173,27,64,6,7
15,full MoE  (top-k),173,31,64,6,7
15,full MoE  (top-k),173,32,64,6,7
15,full MoE  (top-k),173,41,64,6,7
15,full MoE  (top-k),174,2,64,6,7
15,full MoE  (top-k),174,9,64,6,7
15,full MoE  (top-k),174,32,64,6,7
15,full MoE  (top-k),174,39,64,6,7
15,full MoE  (top-k),174,42,64,6,7
15,full MoE  (top-k),174,60,64,6,7
15,full MoE  (top-k),175,10,64,6,7
15,full MoE  (top-k),175,28,64,6,7
15,full MoE  (top-k),175,37,64,6,7
15,full MoE  (top-k),175,47,64,6,7
15,full MoE  (top-k),175,54,64,6,7
15,full MoE  (top-k),175,59,64,6,7
15,full MoE  (top-k),176,0,64,6,7
15,full MoE  (top-k),176,14,64,6,7
15,full MoE  (top-k),176,17,64,6,7
15,full MoE  (top-k),176,19,64,6,7
15,full MoE  (top-k),176,22,64,6,7
15,full MoE  (top-k),176,41,64,6,7
15,full MoE  (top-k),177,9,64,6,7
15,full MoE  (top-k),177,22,64,6,7
15,full MoE  (top-k),177,31,64,6,7
15,full MoE  (top-k),177,32,64,6,7
15,full MoE  (top-k),177,41,64,6,7
15,full MoE  (top-k),177,46,64,6,7
15,full MoE  (top-k),178,2,64,6,7
15,full MoE  (top-k),178,23,64,6,7
15,full MoE  (top-k),178,32,64,6,7
15,full MoE  (top-k),178,39,64,6,7
15,full MoE  (top-k),178,42,64,6,7
15,full MoE  (top-k),178,60,64,6,7
15,full MoE  (top-k),179,6,64,6,7
15,full MoE  (top-k),179,39,64,6,7
15,full MoE  (top-k),179,45,64,6,7
15,full MoE  (top-k),179,49,64,6,7
15,full MoE  (top-k),179,60,64,6,7
15,full MoE  (top-k),179,62,64,6,7
15,full MoE  (top-k),180,0,64,6,7
15,full MoE  (top-k),180,7,64,6,7
15,full MoE  (top-k),180,19,64,6,7
15,full MoE  (top-k),180,30,64,6,7
15,full MoE  (top-k),180,35,64,6,7
15,full MoE  (top-k),180,54,64,6,7
15,full MoE  (top-k),181,0,64,6,7
15,full MoE  (top-k),181,14,64,6,7
15,full MoE  (top-k),181,22,64,6,7
15,full MoE  (top-k),181,23,64,6,7
15,full MoE  (top-k),181,32,64,6,7
15,full MoE  (top-k),181,41,64,6,7
15,full MoE  (top-k),182,2,64,6,7
15,full MoE  (top-k),182,23,64,6,7
15,full MoE  (top-k),182,32,64,6,7
15,full MoE  (top-k),182,39,64,6,7
15,full MoE  (top-k),182,42,64,6,7
15,full MoE  (top-k),182,60,64,6,7
15,full MoE  (top-k),183,0,64,6,7
15,full MoE  (top-k),183,19,64,6,7
15,full MoE  (top-k),183,25,64,6,7
15,full MoE  (top-k),183,40,64,6,7
15,full MoE  (top-k),183,54,64,6,7
15,full MoE  (top-k),183,55,64,6,7
15,full MoE  (top-k),184,16,64,6,7
15,full MoE  (top-k),184,22,64,6,7
15,full MoE  (top-k),184,23,64,6,7
15,full MoE  (top-k),184,31,64,6,7
15,full MoE  (top-k),184,32,64,6,7
15,full MoE  (top-k),184,41,64,6,7
15,full MoE  (top-k),185,2,64,6,7
15,full MoE  (top-k),185,23,64,6,7
15,full MoE  (top-k),185,32,64,6,7
15,full MoE  (top-k),185,39,64,6,7
15,full MoE  (top-k),185,42,64,6,7
15,full MoE  (top-k),185,60,64,6,7
15,full MoE  (top-k),186,2,64,6,7
15,full MoE  (top-k),186,23,64,6,7
15,full MoE  (top-k),186,28,64,6,7
15,full MoE  (top-k),186,32,64,6,7
15,full MoE  (top-k),186,42,64,6,7
15,full MoE  (top-k),186,60,64,6,7
15,full MoE  (top-k),187,19,64,6,7
15,full MoE  (top-k),187,25,64,6,7
15,full MoE  (top-k),187,36,64,6,7
15,full MoE  (top-k),187,40,64,6,7
15,full MoE  (top-k),187,53,64,6,7
15,full MoE  (top-k),187,55,64,6,7
15,full MoE  (top-k),188,9,64,6,7
15,full MoE  (top-k),188,16,64,6,7
15,full MoE  (top-k),188,22,64,6,7
15,full MoE  (top-k),188,23,64,6,7
15,full MoE  (top-k),188,32,64,6,7
15,full MoE  (top-k),188,41,64,6,7
15,full MoE  (top-k),189,4,64,6,7
15,full MoE  (top-k),189,11,64,6,7
15,full MoE  (top-k),189,32,64,6,7
15,full MoE  (top-k),189,39,64,6,7
15,full MoE  (top-k),189,60,64,6,7
15,full MoE  (top-k),189,62,64,6,7
15,full MoE  (top-k),190,4,64,6,7
15,full MoE  (top-k),190,6,64,6,7
15,full MoE  (top-k),190,45,64,6,7
15,full MoE  (top-k),190,49,64,6,7
15,full MoE  (top-k),190,60,64,6,7
15,full MoE  (top-k),190,62,64,6,7
15,full MoE  (top-k),191,0,64,6,7
15,full MoE  (top-k),191,19,64,6,7
15,full MoE  (top-k),191,20,64,6,7
15,full MoE  (top-k),191,25,64,6,7
15,full MoE  (top-k),191,41,64,6,7
15,full MoE  (top-k),191,59,64,6,7
15,full MoE  (top-k),192,0,64,6,7
15,full MoE  (top-k),192,7,64,6,7
15,full MoE  (top-k),192,19,64,6,7
15,full MoE  (top-k),192,25,64,6,7
15,full MoE  (top-k),192,30,64,6,7
15,full MoE  (top-k),192,59,64,6,7
15,full MoE  (top-k),193,22,64,6,7
15,full MoE  (top-k),193,23,64,6,7
15,full MoE  (top-k),193,29,64,6,7
15,full MoE  (top-k),193,36,64,6,7
15,full MoE  (top-k),193,40,64,6,7
15,full MoE  (top-k),193,55,64,6,7
15,full MoE  (top-k),194,2,64,6,7
15,full MoE  (top-k),194,28,64,6,7
15,full MoE  (top-k),194,39,64,6,7
15,full MoE  (top-k),194,47,64,6,7
15,full MoE  (top-k),194,48,64,6,7
15,full MoE  (top-k),194,60,64,6,7
15,full MoE  (top-k),195,7,64,6,7
15,full MoE  (top-k),195,19,64,6,7
15,full MoE  (top-k),195,22,64,6,7
15,full MoE  (top-k),195,25,64,6,7
15,full MoE  (top-k),195,30,64,6,7
15,full MoE  (top-k),195,55,64,6,7
15,full MoE  (top-k),196,14,64,6,7
15,full MoE  (top-k),196,22,64,6,7
15,full MoE  (top-k),196,23,64,6,7
15,full MoE  (top-k),196,29,64,6,7
15,full MoE  (top-k),196,32,64,6,7
15,full MoE  (top-k),196,55,64,6,7
15,full MoE  (top-k),197,2,64,6,7
15,full MoE  (top-k),197,22,64,6,7
15,full MoE  (top-k),197,28,64,6,7
15,full MoE  (top-k),197,32,64,6,7
15,full MoE  (top-k),197,39,64,6,7
15,full MoE  (top-k),197,60,64,6,7
15,full MoE  (top-k),198,2,64,6,7
15,full MoE  (top-k),198,28,64,6,7
15,full MoE  (top-k),198,32,64,6,7
15,full MoE  (top-k),198,38,64,6,7
15,full MoE  (top-k),198,42,64,6,7
15,full MoE  (top-k),198,60,64,6,7
15,full MoE  (top-k),199,17,64,6,7
15,full MoE  (top-k),199,19,64,6,7
15,full MoE  (top-k),199,22,64,6,7
15,full MoE  (top-k),199,25,64,6,7
15,full MoE  (top-k),199,54,64,6,7
15,full MoE  (top-k),199,55,64,6,7
15,full MoE  (top-k),200,22,64,6,7
15,full MoE  (top-k),200,23,64,6,7
15,full MoE  (top-k),200,26,64,6,7
15,full MoE  (top-k),200,31,64,6,7
15,full MoE  (top-k),200,32,64,6,7
15,full MoE  (top-k),200,55,64,6,7
15,full MoE  (top-k),201,32,64,6,7
15,full MoE  (top-k),201,39,64,6,7
15,full MoE  (top-k),201,47,64,6,7
15,full MoE  (top-k),201,48,64,6,7
15,full MoE  (top-k),201,60,64,6,7
15,full MoE  (top-k),201,62,64,6,7
15,full MoE  (top-k),202,4,64,6,7
15,full MoE  (top-k),202,6,64,6,7
15,full MoE  (top-k),202,39,64,6,7
15,full MoE  (top-k),202,45,64,6,7
15,full MoE  (top-k),202,49,64,6,7
15,full MoE  (top-k),202,62,64,6,7
15,full MoE  (top-k),203,0,64,6,7
15,full MoE  (top-k),203,19,64,6,7
15,full MoE  (top-k),203,38,64,6,7
15,full MoE  (top-k),203,41,64,6,7
15,full MoE  (top-k),203,54,64,6,7
15,full MoE  (top-k),203,59,64,6,7
15,full MoE  (top-k),204,22,64,6,7
15,full MoE  (top-k),204,26,64,6,7
15,full MoE  (top-k),204,32,64,6,7
15,full MoE  (top-k),204,54,64,6,7
15,full MoE  (top-k),204,55,64,6,7
15,full MoE  (top-k),204,63,64,6,7
15,full MoE  (top-k),205,28,64,6,7
15,full MoE  (top-k),205,39,64,6,7
15,full MoE  (top-k),205,42,64,6,7
15,full MoE  (top-k),205,47,64,6,7
15,full MoE  (top-k),205,48,64,6,7
15,full MoE  (top-k),205,60,64,6,7
15,full MoE  (top-k),206,19,64,6,7
15,full MoE  (top-k),206,25,64,6,7
15,full MoE  (top-k),206,29,64,6,7
15,full MoE  (top-k),206,30,64,6,7
15,full MoE  (top-k),206,54,64,6,7
15,full MoE  (top-k),206,59,64,6,7
15,full MoE  (top-k),207,0,64,6,7
15,full MoE  (top-k),207,22,64,6,7
15,full MoE  (top-k),207,23,64,6,7
15,full MoE  (top-k),207,31,64,6,7
15,full MoE  (top-k),207,40,64,6,7
15,full MoE  (top-k),207,53,64,6,7
15,full MoE  (top-k),208,2,64,6,7
15,full MoE  (top-k),208,28,64,6,7
15,full MoE  (top-k),208,32,64,6,7
15,full MoE  (top-k),208,39,64,6,7
15,full MoE  (top-k),208,42,64,6,7
15,full MoE  (top-k),208,60,64,6,7
15,full MoE  (top-k),209,14,64,6,7
15,full MoE  (top-k),209,19,64,6,7
15,full MoE  (top-k),209,22,64,6,7
15,full MoE  (top-k),209,31,64,6,7
15,full MoE  (top-k),209,40,64,6,7
15,full MoE  (top-k),209,55,64,6,7
15,full MoE  (top-k),210,2,64,6,7
15,full MoE  (top-k),210,9,64,6,7
15,full MoE  (top-k),210,23,64,6,7
15,full MoE  (top-k),210,28,64,6,7
15,full MoE  (top-k),210,42,64,6,7
15,full MoE  (top-k),210,60,64,6,7
15,full MoE  (top-k),211,12,64,6,7
15,full MoE  (top-k),211,31,64,6,7
15,full MoE  (top-k),211,40,64,6,7
15,full MoE  (top-k),211,51,64,6,7
15,full MoE  (top-k),211,55,64,6,7
15,full MoE  (top-k),211,63,64,6,7
15,full MoE  (top-k),212,4,64,6,7
15,full MoE  (top-k),212,10,64,6,7
15,full MoE  (top-k),212,32,64,6,7
15,full MoE  (top-k),212,39,64,6,7
15,full MoE  (top-k),212,60,64,6,7
15,full MoE  (top-k),212,62,64,6,7
15,full MoE  (top-k),213,4,64,6,7
15,full MoE  (top-k),213,6,64,6,7
15,full MoE  (top-k),213,39,64,6,7
15,full MoE  (top-k),213,45,64,6,7
15,full MoE  (top-k),213,49,64,6,7
15,full MoE  (top-k),213,62,64,6,7
15,full MoE  (top-k),214,12,64,6,7
15,full MoE  (top-k),214,21,64,6,7
15,full MoE  (top-k),214,27,64,6,7
15,full MoE  (top-k),214,28,64,6,7
15,full MoE  (top-k),214,32,64,6,7
15,full MoE  (top-k),214,54,64,6,7
15,full MoE  (top-k),215,28,64,6,7
15,full MoE  (top-k),215,39,64,6,7
15,full MoE  (top-k),215,47,64,6,7
15,full MoE  (top-k),215,48,64,6,7
15,full MoE  (top-k),215,60,64,6,7
15,full MoE  (top-k),215,62,64,6,7
15,full MoE  (top-k),216,2,64,6,7
15,full MoE  (top-k),216,9,64,6,7
15,full MoE  (top-k),216,28,64,6,7
15,full MoE  (top-k),216,37,64,6,7
15,full MoE  (top-k),216,49,64,6,7
15,full MoE  (top-k),216,54,64,6,7
15,full MoE  (top-k),217,0,64,6,7
15,full MoE  (top-k),217,19,64,6,7
15,full MoE  (top-k),217,22,64,6,7
15,full MoE  (top-k),217,25,64,6,7
15,full MoE  (top-k),217,40,64,6,7
15,full MoE  (top-k),217,55,64,6,7
15,full MoE  (top-k),218,14,64,6,7
15,full MoE  (top-k),218,16,64,6,7
15,full MoE  (top-k),218,22,64,6,7
15,full MoE  (top-k),218,23,64,6,7
15,full MoE  (top-k),218,29,64,6,7
15,full MoE  (top-k),218,32,64,6,7
15,full MoE  (top-k),219,28,64,6,7
15,full MoE  (top-k),219,39,64,6,7
15,full MoE  (top-k),219,47,64,6,7
15,full MoE  (top-k),219,48,64,6,7
15,full MoE  (top-k),219,60,64,6,7
15,full MoE  (top-k),219,62,64,6,7
15,temporal (resident set used),0,5,64,6,7
15,temporal (resident set used),0,21,64,6,7
15,temporal (resident set used),0,32,64,6,7
15,temporal (resident set used),0,36,64,6,7
15,temporal (resident set used),0,45,64,6,7
15,temporal (resident set used),0,49,64,6,7
15,temporal (resident set used),1,5,64,6,7
15,temporal (resident set used),1,21,64,6,7
15,temporal (resident set used),1,23,64,6,7
15,temporal (resident set used),1,32,64,6,7
15,temporal (resident set used),1,45,64,6,7
15,temporal (resident set used),1,49,64,6,7
15,temporal (resident set used),2,5,64,6,7
15,temporal (resident set used),2,23,64,6,7
15,temporal (resident set used),2,26,64,6,7
15,temporal (resident set used),2,32,64,6,7
15,temporal (resident set used),2,45,64,6,7
15,temporal (resident set used),2,49,64,6,7
15,temporal (resident set used),3,5,64,6,7
15,temporal (resident set used),3,23,64,6,7
15,temporal (resident set used),3,26,64,6,7
15,temporal (resident set used),3,32,64,6,7
15,temporal (resident set used),3,34,64,6,7
15,temporal (resident set used),3,45,64,6,7
15,temporal (resident set used),4,5,64,6,7
15,temporal (resident set used),4,23,64,6,7
15,temporal (resident set used),4,32,64,6,7
15,temporal (resident set used),4,34,64,6,7
15,temporal (resident set used),4,45,64,6,7
15,temporal (resident set used),4,50,64,6,7
15,temporal (resident set used),5,5,64,6,7
15,temporal (resident set used),5,6,64,6,7
15,temporal (resident set used),5,23,64,6,7
15,temporal (resident set used),5,32,64,6,7
15,temporal (resident set used),5,34,64,6,7
15,temporal (resident set used),5,50,64,6,7
15,temporal (resident set used),6,5,64,6,7
15,temporal (resident set used),6,6,64,6,7
15,temporal (resident set used),6,23,64,6,7
15,temporal (resident set used),6,34,64,6,7
15,temporal (resident set used),6,42,64,6,7
15,temporal (resident set used),6,50,64,6,7
15,temporal (resident set used),7,5,64,6,7
15,temporal (resident set used),7,23,64,6,7
15,temporal (resident set used),7,28,64,6,7
15,temporal (resident set used),7,34,64,6,7
15,temporal (resident set used),7,42,64,6,7
15,temporal (resident set used),7,50,64,6,7
15,temporal (resident set used),8,5,64,6,7
15,temporal (resident set used),8,23,64,6,7
15,temporal (resident set used),8,28,64,6,7
15,temporal (resident set used),8,34,64,6,7
15,temporal (resident set used),8,42,64,6,7
15,temporal (resident set used),8,62,64,6,7
15,temporal (resident set used),9,5,64,6,7
15,temporal (resident set used),9,23,64,6,7
15,temporal (resident set used),9,28,64,6,7
15,temporal (resident set used),9,42,64,6,7
15,temporal (resident set used),9,60,64,6,7
15,temporal (resident set used),9,62,64,6,7
15,temporal (resident set used),10,4,64,6,7
15,temporal (resident set used),10,5,64,6,7
15,temporal (resident set used),10,28,64,6,7
15,temporal (resident set used),10,42,64,6,7
15,temporal (resident set used),10,60,64,6,7
15,temporal (resident set used),10,62,64,6,7
15,temporal (resident set used),11,4,64,6,7
15,temporal (resident set used),11,5,64,6,7
15,temporal (resident set used),11,24,64,6,7
15,temporal (resident set used),11,42,64,6,7
15,temporal (resident set used),11,60,64,6,7
15,temporal (resident set used),11,62,64,6,7
15,temporal (resident set used),12,4,64,6,7
15,temporal (resident set used),12,5,64,6,7
15,temporal (resident set used),12,24,64,6,7
15,temporal (resident set used),12,40,64,6,7
15,temporal (resident set used),12,60,64,6,7
15,temporal (resident set used),12,62,64,6,7
15,temporal (resident set used),13,4,64,6,7
15,temporal (resident set used),13,20,64,6,7
15,temporal (resident set used),13,24,64,6,7
15,temporal (resident set used),13,40,64,6,7
15,temporal (resident set used),13,60,64,6,7
15,temporal (resident set used),13,62,64,6,7
15,temporal (resident set used),14,4,64,6,7
15,temporal (resident set used),14,20,64,6,7
15,temporal (resident set used),14,22,64,6,7
15,temporal (resident set used),14,40,64,6,7
15,temporal (resident set used),14,60,64,6,7
15,temporal (resident set used),14,62,64,6,7
15,temporal (resident set used),15,4,64,6,7
15,temporal (resident set used),15,22,64,6,7
15,temporal (resident set used),15,40,64,6,7
15,temporal (resident set used),15,50,64,6,7
15,temporal (resident set used),15,60,64,6,7
15,temporal (resident set used),15,62,64,6,7
15,temporal (resident set used),16,4,64,6,7
15,temporal (resident set used),16,6,64,6,7
15,temporal (resident set used),16,40,64,6,7
15,temporal (resident set used),16,50,64,6,7
15,temporal (resident set used),16,60,64,6,7
15,temporal (resident set used),16,62,64,6,7
15,temporal (resident set used),17,4,64,6,7
15,temporal (resident set used),17,30,64,6,7
15,temporal (resident set used),17,40,64,6,7
15,temporal (resident set used),17,50,64,6,7
15,temporal (resident set used),17,60,64,6,7
15,temporal (resident set used),17,62,64,6,7
15,temporal (resident set used),18,30,64,6,7
15,temporal (resident set used),18,36,64,6,7
15,temporal (resident set used),18,40,64,6,7
15,temporal (resident set used),18,50,64,6,7
15,temporal (resident set used),18,60,64,6,7
15,temporal (resident set used),18,62,64,6,7
15,temporal (resident set used),19,30,64,6,7
15,temporal (resident set used),19,36,64,6,7
15,temporal (resident set used),19,40,64,6,7
15,temporal (resident set used),19,58,64,6,7
15,temporal (resident set used),19,60,64,6,7
15,temporal (resident set used),19,62,64,6,7
15,temporal (resident set used),20,30,64,6,7
15,temporal (resident set used),20,36,64,6,7
15,temporal (resident set used),20,40,64,6,7
15,temporal (resident set used),20,41,64,6,7
15,temporal (resident set used),20,58,64,6,7
15,temporal (resident set used),20,60,64,6,7
15,temporal (resident set used),21,30,64,6,7
15,temporal (resident set used),21,36,64,6,7
15,temporal (resident set used),21,41,64,6,7
15,temporal (resident set used),21,42,64,6,7
15,temporal (resident set used),21,58,64,6,7
15,temporal (resident set used),21,60,64,6,7
15,temporal (resident set used),22,5,64,6,7
15,temporal (resident set used),22,30,64,6,7
15,temporal (resident set used),22,41,64,6,7
15,temporal (resident set used),22,42,64,6,7
15,temporal (resident set used),22,58,64,6,7
15,temporal (resident set used),22,60,64,6,7
15,temporal (resident set used),23,5,64,6,7
15,temporal (resident set used),23,24,64,6,7
15,temporal (resident set used),23,41,64,6,7
15,temporal (resident set used),23,42,64,6,7
15,temporal (resident set used),23,58,64,6,7
15,temporal (resident set used),23,60,64,6,7
15,temporal (resident set used),24,5,64,6,7
15,temporal (resident set used),24,21,64,6,7
15,temporal (resident set used),24,24,64,6,7
15,temporal (resident set used),24,41,64,6,7
15,temporal (resident set used),24,42,64,6,7
15,temporal (resident set used),24,58,64,6,7
15,temporal (resident set used),25,5,64,6,7
15,temporal (resident set used),25,24,64,6,7
15,temporal (resident set used),25,34,64,6,7
15,temporal (resident set used),25,41,64,6,7
15,temporal (resident set used),25,42,64,6,7
15,temporal (resident set used),25,58,64,6,7
15,temporal (resident set used),26,5,64,6,7
15,temporal (resident set used),26,6,64,6,7
15,temporal (resident set used),26,34,64,6,7
15,temporal (resident set used),26,41,64,6,7
15,temporal (resident set used),26,42,64,6,7
15,temporal (resident set used),26,58,64,6,7
15,temporal (resident set used),27,5,64,6,7
15,temporal (resident set used),27,34,64,6,7
15,temporal (resident set used),27,41,64,6,7
15,temporal (resident set used),27,42,64,6,7
15,temporal (resident set used),27,58,64,6,7
15,temporal (resident set used),27,62,64,6,7
15,temporal (resident set used),28,5,64,6,7
15,temporal (resident set used),28,19,64,6,7
15,temporal (resident set used),28,34,64,6,7
15,temporal (resident set used),28,41,64,6,7
15,temporal (resident set used),28,42,64,6,7
15,temporal (resident set used),28,62,64,6,7
15,temporal (resident set used),29,5,64,6,7
15,temporal (resident set used),29,34,64,6,7
15,temporal (resident set used),29,41,64,6,7
15,temporal (resident set used),29,42,64,6,7
15,temporal (resident set used),29,60,64,6,7
15,temporal (resident set used),29,62,64,6,7
15,temporal (resident set used),30,5,64,6,7
15,temporal (resident set used),30,24,64,6,7
15,temporal (resident set used),30,34,64,6,7
15,temporal (resident set used),30,41,64,6,7
15,temporal (resident set used),30,60,64,6,7
15,temporal (resident set used),30,62,64,6,7
15,temporal (resident set used),31,5,64,6,7
15,temporal (resident set used),31,24,64,6,7
15,temporal (resident set used),31,36,64,6,7
15,temporal (resident set used),31,41,64,6,7
15,temporal (resident set used),31,60,64,6,7
15,temporal (resident set used),31,62,64,6,7
15,temporal (resident set used),32,5,64,6,7
15,temporal (resident set used),32,24,64,6,7
15,temporal (resident set used),32,41,64,6,7
15,temporal (resident set used),32,51,64,6,7
15,temporal (resident set used),32,60,64,6,7
15,temporal (resident set used),32,62,64,6,7
15,temporal (resident set used),33,4,64,6,7
15,temporal (resident set used),33,5,64,6,7
15,temporal (resident set used),33,24,64,6,7
15,temporal (resident set used),33,41,64,6,7
15,temporal (resident set used),33,51,64,6,7
15,temporal (resident set used),33,60,64,6,7
15,temporal (resident set used),34,4,64,6,7
15,temporal (resident set used),34,24,64,6,7
15,temporal (resident set used),34,36,64,6,7
15,temporal (resident set used),34,41,64,6,7
15,temporal (resident set used),34,51,64,6,7
15,temporal (resident set used),34,60,64,6,7
15,temporal (resident set used),35,4,64,6,7
15,temporal (resident set used),35,36,64,6,7
15,temporal (resident set used),35,41,64,6,7
15,temporal (resident set used),35,51,64,6,7
15,temporal (resident set used),35,60,64,6,7
15,temporal (resident set used),35,62,64,6,7
15,temporal (resident set used),36,4,64,6,7
15,temporal (resident set used),36,39,64,6,7
15,temporal (resident set used),36,41,64,6,7
15,temporal (resident set used),36,51,64,6,7
15,temporal (resident set used),36,60,64,6,7
15,temporal (resident set used),36,62,64,6,7
15,temporal (resident set used),37,17,64,6,7
15,temporal (resident set used),37,39,64,6,7
15,temporal (resident set used),37,41,64,6,7
15,temporal (resident set used),37,51,64,6,7
15,temporal (resident set used),37,60,64,6,7
15,temporal (resident set used),37,62,64,6,7
15,temporal (resident set used),38,17,64,6,7
15,temporal (resident set used),38,41,64,6,7
15,temporal (resident set used),38,42,64,6,7
15,temporal (resident set used),38,51,64,6,7
15,temporal (resident set used),38,60,64,6,7
15,temporal (resident set used),38,62,64,6,7
15,temporal (resident set used),39,22,64,6,7
15,temporal (resident set used),39,41,64,6,7
15,temporal (resident set used),39,42,64,6,7
15,temporal (resident set used),39,51,64,6,7
15,temporal (resident set used),39,60,64,6,7
15,temporal (resident set used),39,62,64,6,7
15,temporal (resident set used),40,26,64,6,7
15,temporal (resident set used),40,41,64,6,7
15,temporal (resident set used),40,42,64,6,7
15,temporal (resident set used),40,51,64,6,7
15,temporal (resident set used),40,60,64,6,7
15,temporal (resident set used),40,62,64,6,7
15,temporal (resident set used),41,4,64,6,7
15,temporal (resident set used),41,26,64,6,7
15,temporal (resident set used),41,41,64,6,7
15,temporal (resident set used),41,42,64,6,7
15,temporal (resident set used),41,60,64,6,7
15,temporal (resident set used),41,62,64,6,7
15,temporal (resident set used),42,4,64,6,7
15,temporal (resident set used),42,5,64,6,7
15,temporal (resident set used),42,41,64,6,7
15,temporal (resident set used),42,42,64,6,7
15,temporal (resident set used),42,60,64,6,7
15,temporal (resident set used),42,62,64,6,7
15,temporal (resident set used),43,4,64,6,7
15,temporal (resident set used),43,5,64,6,7
15,temporal (resident set used),43,34,64,6,7
15,temporal (resident set used),43,41,64,6,7
15,temporal (resident set used),43,42,64,6,7
15,temporal (resident set used),43,60,64,6,7
15,temporal (resident set used),44,4,64,6,7
15,temporal (resident set used),44,5,64,6,7
15,temporal (resident set used),44,24,64,6,7
15,temporal (resident set used),44,34,64,6,7
15,temporal (resident set used),44,41,64,6,7
15,temporal (resident set used),44,42,64,6,7
15,temporal (resident set used),45,4,64,6,7
15,temporal (resident set used),45,5,64,6,7
15,temporal (resident set used),45,24,64,6,7
15,temporal (resident set used),45,32,64,6,7
15,temporal (resident set used),45,34,64,6,7
15,temporal (resident set used),45,41,64,6,7
15,temporal (resident set used),46,4,64,6,7
15,temporal (resident set used),46,5,64,6,7
15,temporal (resident set used),46,24,64,6,7
15,temporal (resident set used),46,34,64,6,7
15,temporal (resident set used),46,39,64,6,7
15,temporal (resident set used),46,41,64,6,7
15,temporal (resident set used),47,5,64,6,7
15,temporal (resident set used),47,17,64,6,7
15,temporal (resident set used),47,24,64,6,7
15,temporal (resident set used),47,34,64,6,7
15,temporal (resident set used),47,39,64,6,7
15,temporal (resident set used),47,41,64,6,7
15,temporal (resident set used),48,5,64,6,7
15,temporal (resident set used),48,17,64,6,7
15,temporal (resident set used),48,24,64,6,7
15,temporal (resident set used),48,34,64,6,7
15,temporal (resident set used),48,41,64,6,7
15,temporal (resident set used),48,42,64,6,7
15,temporal (resident set used),49,5,64,6,7
15,temporal (resident set used),49,24,64,6,7
15,temporal (resident set used),49,34,64,6,7
15,temporal (resident set used),49,41,64,6,7
15,temporal (resident set used),49,42,64,6,7
15,temporal (resident set used),49,60,64,6,7
15,temporal (resident set used),50,5,64,6,7
15,temporal (resident set used),50,24,64,6,7
15,temporal (resident set used),50,26,64,6,7
15,temporal (resident set used),50,41,64,6,7
15,temporal (resident set used),50,42,64,6,7
15,temporal (resident set used),50,60,64,6,7
15,temporal (resident set used),51,24,64,6,7
15,temporal (resident set used),51,26,64,6,7
15,temporal (resident set used),51,29,64,6,7
15,temporal (resident set used),51,41,64,6,7
15,temporal (resident set used),51,42,64,6,7
15,temporal (resident set used),51,60,64,6,7
15,temporal (resident set used),52,24,64,6,7
15,temporal (resident set used),52,26,64,6,7
15,temporal (resident set used),52,29,64,6,7
15,temporal (resident set used),52,32,64,6,7
15,temporal (resident set used),52,41,64,6,7
15,temporal (resident set used),52,60,64,6,7
15,temporal (resident set used),53,13,64,6,7
15,temporal (resident set used),53,24,64,6,7
15,temporal (resident set used),53,26,64,6,7
15,temporal (resident set used),53,29,64,6,7
15,temporal (resident set used),53,41,64,6,7
15,temporal (resident set used),53,60,64,6,7
15,temporal (resident set used),54,13,64,6,7
15,temporal (resident set used),54,26,64,6,7
15,temporal (resident set used),54,29,64,6,7
15,temporal (resident set used),54,33,64,6,7
15,temporal (resident set used),54,41,64,6,7
15,temporal (resident set used),54,60,64,6,7
15,temporal (resident set used),55,13,64,6,7
15,temporal (resident set used),55,26,64,6,7
15,temporal (resident set used),55,29,64,6,7
15,temporal (resident set used),55,36,64,6,7
15,temporal (resident set used),55,41,64,6,7
15,temporal (resident set used),55,60,64,6,7
15,temporal (resident set used),56,13,64,6,7
15,temporal (resident set used),56,26,64,6,7
15,temporal (resident set used),56,32,64,6,7
15,temporal (resident set used),56,36,64,6,7
15,temporal (resident set used),56,41,64,6,7
15,temporal (resident set used),56,60,64,6,7
15,temporal (resident set used),57,13,64,6,7
15,temporal (resident set used),57,32,64,6,7
15,temporal (resident set used),57,34,64,6,7
15,temporal (resident set used),57,36,64,6,7
15,temporal (resident set used),57,41,64,6,7
15,temporal (resident set used),57,60,64,6,7
15,temporal (resident set used),58,13,64,6,7
15,temporal (resident set used),58,17,64,6,7
15,temporal (resident set used),58,32,64,6,7
15,temporal (resident set used),58,34,64,6,7
15,temporal (resident set used),58,41,64,6,7
15,temporal (resident set used),58,60,64,6,7
15,temporal (resident set used),59,13,64,6,7
15,temporal (resident set used),59,17,64,6,7
15,temporal (resident set used),59,34,64,6,7
15,temporal (resident set used),59,41,64,6,7
15,temporal (resident set used),59,42,64,6,7
15,temporal (resident set used),59,60,64,6,7
15,temporal (resident set used),60,2,64,6,7
15,temporal (resident set used),60,13,64,6,7
15,temporal (resident set used),60,17,64,6,7
15,temporal (resident set used),60,41,64,6,7
15,temporal (resident set used),60,42,64,6,7
15,temporal (resident set used),60,60,64,6,7
15,temporal (resident set used),61,2,64,6,7
15,temporal (resident set used),61,13,64,6,7
15,temporal (resident set used),61,41,64,6,7
15,temporal (resident set used),61,42,64,6,7
15,temporal (resident set used),61,57,64,6,7
15,temporal (resident set used),61,60,64,6,7
15,temporal (resident set used),62,5,64,6,7
15,temporal (resident set used),62,13,64,6,7
15,temporal (resident set used),62,41,64,6,7
15,temporal (resident set used),62,42,64,6,7
15,temporal (resident set used),62,57,64,6,7
15,temporal (resident set used),62,60,64,6,7
15,temporal (resident set used),63,5,64,6,7
15,temporal (resident set used),63,7,64,6,7
15,temporal (resident set used),63,13,64,6,7
15,temporal (resident set used),63,41,64,6,7
15,temporal (resident set used),63,42,64,6,7
15,temporal (resident set used),63,57,64,6,7
15,temporal (resident set used),64,5,64,6,7
15,temporal (resident set used),64,7,64,6,7
15,temporal (resident set used),64,13,64,6,7
15,temporal (resident set used),64,41,64,6,7
15,temporal (resident set used),64,51,64,6,7
15,temporal (resident set used),64,57,64,6,7
15,temporal (resident set used),65,5,64,6,7
15,temporal (resident set used),65,7,64,6,7
15,temporal (resident set used),65,13,64,6,7
15,temporal (resident set used),65,30,64,6,7
15,temporal (resident set used),65,41,64,6,7
15,temporal (resident set used),65,51,64,6,7
15,temporal (resident set used),66,5,64,6,7
15,temporal (resident set used),66,7,64,6,7
15,temporal (resident set used),66,13,64,6,7
15,temporal (resident set used),66,20,64,6,7
15,temporal (resident set used),66,41,64,6,7
15,temporal (resident set used),66,51,64,6,7
15,temporal (resident set used),67,7,64,6,7
15,temporal (resident set used),67,13,64,6,7
15,temporal (resident set used),67,20,64,6,7
15,temporal (resident set used),67,35,64,6,7
15,temporal (resident set used),67,41,64,6,7
15,temporal (resident set used),67,51,64,6,7
15,temporal (resident set used),68,7,64,6,7
15,temporal (resident set used),68,13,64,6,7
15,temporal (resident set used),68,20,64,6,7
15,temporal (resident set used),68,41,64,6,7
15,temporal (resident set used),68,49,64,6,7
15,temporal (resident set used),68,51,64,6,7
15,temporal (resident set used),69,7,64,6,7
15,temporal (resident set used),69,13,64,6,7
15,temporal (resident set used),69,20,64,6,7
15,temporal (resident set used),69,41,64,6,7
15,temporal (resident set used),69,45,64,6,7
15,temporal (resident set used),69,49,64,6,7
15,temporal (resident set used),70,7,64,6,7
15,temporal (resident set used),70,13,64,6,7
15,temporal (resident set used),70,34,64,6,7
15,temporal (resident set used),70,41,64,6,7
15,temporal (resident set used),70,45,64,6,7
15,temporal (resident set used),70,49,64,6,7
15,temporal (resident set used),71,7,64,6,7
15,temporal (resident set used),71,13,64,6,7
15,temporal (resident set used),71,17,64,6,7
15,temporal (resident set used),71,34,64,6,7
15,temporal (resident set used),71,41,64,6,7
15,temporal (resident set used),71,45,64,6,7
15,temporal (resident set used),72,5,64,6,7
15,temporal (resident set used),72,7,64,6,7
15,temporal (resident set used),72,13,64,6,7
15,temporal (resident set used),72,17,64,6,7
15,temporal (resident set used),72,34,64,6,7
15,temporal (resident set used),72,41,64,6,7
15,temporal (resident set used),73,5,64,6,7
15,temporal (resident set used),73,7,64,6,7
15,temporal (resident set used),73,13,64,6,7
15,temporal (resident set used),73,19,64,6,7
15,temporal (resident set used),73,34,64,6,7
15,temporal (resident set used),73,41,64,6,7
15,temporal (resident set used),74,5,64,6,7
15,temporal (resident set used),74,7,64,6,7
15,temporal (resident set used),74,19,64,6,7
15,temporal (resident set used),74,34,64,6,7
15,temporal (resident set used),74,36,64,6,7
15,temporal (resident set used),74,41,64,6,7
15,temporal (resident set used),75,5,64,6,7
15,temporal (resident set used),75,19,64,6,7
15,temporal (resident set used),75,23,64,6,7
15,temporal (resident set used),75,34,64,6,7
15,temporal (resident set used),75,36,64,6,7
15,temporal (resident set used),75,41,64,6,7
15,temporal (resident set used),76,19,64,6,7
15,temporal (resident set used),76,23,64,6,7
15,temporal (resident set used),76,32,64,6,7
15,temporal (resident set used),76,34,64,6,7
15,temporal (resident set used),76,36,64,6,7
15,temporal (resident set used),76,41,64,6,7
15,temporal (resident set used),77,19,64,6,7
15,temporal (resident set used),77,20,64,6,7
15,temporal (resident set used),77,23,64,6,7
15,temporal (resident set used),77,32,64,6,7
15,temporal (resident set used),77,36,64,6,7
15,temporal (resident set used),77,41,64,6,7
15,temporal (resident set used),78,19,64,6,7
15,temporal (resident set used),78,20,64,6,7
15,temporal (resident set used),78,23,64,6,7
15,temporal (resident set used),78,33,64,6,7
15,temporal (resident set used),78,36,64,6,7
15,temporal (resident set used),78,41,64,6,7
15,temporal (resident set used),79,19,64,6,7
15,temporal (resident set used),79,22,64,6,7
15,temporal (resident set used),79,23,64,6,7
15,temporal (resident set used),79,33,64,6,7
15,temporal (resident set used),79,36,64,6,7
15,temporal (resident set used),79,41,64,6,7
15,temporal (resident set used),80,17,64,6,7
15,temporal (resident set used),80,19,64,6,7
15,temporal (resident set used),80,22,64,6,7
15,temporal (resident set used),80,23,64,6,7
15,temporal (resident set used),80,33,64,6,7
15,temporal (resident set used),80,41,64,6,7
15,temporal (resident set used),81,19,64,6,7
15,temporal (resident set used),81,22,64,6,7
15,temporal (resident set used),81,23,64,6,7
15,temporal (resident set used),81,33,64,6,7
15,temporal (resident set used),81,41,64,6,7
15,temporal (resident set used),81,57,64,6,7
15,temporal (resident set used),82,5,64,6,7
15,temporal (resident set used),82,19,64,6,7
15,temporal (resident set used),82,23,64,6,7
15,temporal (resident set used),82,33,64,6,7
15,temporal (resident set used),82,41,64,6,7
15,temporal (resident set used),82,57,64,6,7
15,temporal (resident set used),83,5,64,6,7
15,temporal (resident set used),83,21,64,6,7
15,temporal (resident set used),83,23,64,6,7
15,temporal (resident set used),83,33,64,6,7
15,temporal (resident set used),83,41,64,6,7
15,temporal (resident set used),83,57,64,6,7
15,temporal (resident set used),84,5,64,6,7
15,temporal (resident set used),84,12,64,6,7
15,temporal (resident set used),84,21,64,6,7
15,temporal (resident set used),84,33,64,6,7
15,temporal (resident set used),84,41,64,6,7
15,temporal (resident set used),84,57,64,6,7
15,temporal (resident set used),85,5,64,6,7
15,temporal (resident set used),85,12,64,6,7
15,temporal (resident set used),85,31,64,6,7
15,temporal (resident set used),85,33,64,6,7
15,temporal (resident set used),85,41,64,6,7
15,temporal (resident set used),85,57,64,6,7
15,temporal (resident set used),86,5,64,6,7
15,temporal (resident set used),86,31,64,6,7
15,temporal (resident set used),86,33,64,6,7
15,temporal (resident set used),86,40,64,6,7
15,temporal (resident set used),86,41,64,6,7
15,temporal (resident set used),86,57,64,6,7
15,temporal (resident set used),87,4,64,6,7
15,temporal (resident set used),87,5,64,6,7
15,temporal (resident set used),87,31,64,6,7
15,temporal (resident set used),87,40,64,6,7
15,temporal (resident set used),87,41,64,6,7
15,temporal (resident set used),87,57,64,6,7
15,temporal (resident set used),88,4,64,6,7
15,temporal (resident set used),88,28,64,6,7
15,temporal (resident set used),88,31,64,6,7
15,temporal (resident set used),88,40,64,6,7
15,temporal (resident set used),88,41,64,6,7
15,temporal (resident set used),88,57,64,6,7
15,temporal (resident set used),89,4,64,6,7
15,temporal (resident set used),89,5,64,6,7
15,temporal (resident set used),89,28,64,6,7
15,temporal (resident set used),89,40,64,6,7
15,temporal (resident set used),89,41,64,6,7
15,temporal (resident set used),89,57,64,6,7
15,temporal (resident set used),90,4,64,6,7
15,temporal (resident set used),90,5,64,6,7
15,temporal (resident set used),90,40,64,6,7
15,temporal (resident set used),90,41,64,6,7
15,temporal (resident set used),90,50,64,6,7
15,temporal (resident set used),90,57,64,6,7
15,temporal (resident set used),91,5,64,6,7
15,temporal (resident set used),91,17,64,6,7
15,temporal (resident set used),91,40,64,6,7
15,temporal (resident set used),91,41,64,6,7
15,temporal (resident set used),91,50,64,6,7
15,temporal (resident set used),91,57,64,6,7
15,temporal (resident set used),92,5,64,6,7
15,temporal (resident set used),92,30,64,6,7
15,temporal (resident set used),92,40,64,6,7
15,temporal (resident set used),92,41,64,6,7
15,temporal (resident set used),92,50,64,6,7
15,temporal (resident set used),92,57,64,6,7
15,temporal (resident set used),93,5,64,6,7
15,temporal (resident set used),93,30,64,6,7
15,temporal (resident set used),93,41,64,6,7
15,temporal (resident set used),93,42,64,6,7
15,temporal (resident set used),93,50,64,6,7
15,temporal (resident set used),93,57,64,6,7
15,temporal (resident set used),94,5,64,6,7
15,temporal (resident set used),94,19,64,6,7
15,temporal (resident set used),94,30,64,6,7
15,temporal (resident set used),94,41,64,6,7
15,temporal (resident set used),94,42,64,6,7
15,temporal (resident set used),94,57,64,6,7
15,temporal (resident set used),95,5,64,6,7
15,temporal (resident set used),95,19,64,6,7
15,temporal (resident set used),95,30,64,6,7
15,temporal (resident set used),95,41,64,6,7
15,temporal (resident set used),95,57,64,6,7
15,temporal (resident set used),95,58,64,6,7
15,temporal (resident set used),96,19,64,6,7
15,temporal (resident set used),96,30,64,6,7
15,temporal (resident set used),96,36,64,6,7
15,temporal (resident set used),96,41,64,6,7
15,temporal (resident set used),96,57,64,6,7
15,temporal (resident set used),96,58,64,6,7
15,temporal (resident set used),97,19,64,6,7
15,temporal (resident set used),97,33,64,6,7
15,temporal (resident set used),97,36,64,6,7
15,temporal (resident set used),97,41,64,6,7
15,temporal (resident set used),97,57,64,6,7
15,temporal (resident set used),97,58,64,6,7
15,temporal (resident set used),98,13,64,6,7
15,temporal (resident set used),98,19,64,6,7
15,temporal (resident set used),98,33,64,6,7
15,temporal (resident set used),98,36,64,6,7
15,temporal (resident set used),98,41,64,6,7
15,temporal (resident set used),98,58,64,6,7
15,temporal (resident set used),99,6,64,6,7
15,temporal (resident set used),99,13,64,6,7
15,temporal (resident set used),99,19,64,6,7
15,temporal (resident set used),99,33,64,6,7
15,temporal (resident set used),99,41,64,6,7
15,temporal (resident set used),99,58,64,6,7
15,temporal (resident set used),100,13,64,6,7
15,temporal (resident set used),100,19,64,6,7
15,temporal (resident set used),100,33,64,6,7
15,temporal (resident set used),100,41,64,6,7
15,temporal (resident set used),100,42,64,6,7
15,temporal (resident set used),100,58,64,6,7
15,temporal (resident set used),101,19,64,6,7
15,temporal (resident set used),101,21,64,6,7
15,temporal (resident set used),101,33,64,6,7
15,temporal (resident set used),101,41,64,6,7
15,temporal (resident set used),101,42,64,6,7
15,temporal (resident set used),101,58,64,6,7
15,temporal (resident set used),102,21,64,6,7
15,temporal (resident set used),102,22,64,6,7
15,temporal (resident set used),102,33,64,6,7
15,temporal (resident set used),102,41,64,6,7
15,temporal (resident set used),102,42,64,6,7
15,temporal (resident set used),102,58,64,6,7
15,temporal (resident set used),103,21,64,6,7
15,temporal (resident set used),103,22,64,6,7
15,temporal (resident set used),103,36,64,6,7
15,temporal (resident set used),103,41,64,6,7
15,temporal (resident set used),103,42,64,6,7
15,temporal (resident set used),103,58,64,6,7
15,temporal (resident set used),104,22,64,6,7
15,temporal (resident set used),104,36,64,6,7
15,temporal (resident set used),104,41,64,6,7
15,temporal (resident set used),104,42,64,6,7
15,temporal (resident set used),104,58,64,6,7
15,temporal (resident set used),104,62,64,6,7
15,temporal (resident set used),105,22,64,6,7
15,temporal (resident set used),105,33,64,6,7
15,temporal (resident set used),105,36,64,6,7
15,temporal (resident set used),105,41,64,6,7
15,temporal (resident set used),105,58,64,6,7
15,temporal (resident set used),105,62,64,6,7
15,temporal (resident set used),106,22,64,6,7
15,temporal (resident set used),106,36,64,6,7
15,temporal (resident set used),106,39,64,6,7
15,temporal (resident set used),106,41,64,6,7
15,temporal (resident set used),106,58,64,6,7
15,temporal (resident set used),106,62,64,6,7
15,temporal (resident set used),107,22,64,6,7
15,temporal (resident set used),107,30,64,6,7
15,temporal (resident set used),107,36,64,6,7
15,temporal (resident set used),107,39,64,6,7
15,temporal (resident set used),107,41,64,6,7
15,temporal (resident set used),107,58,64,6,7
15,temporal (resident set used),108,22,64,6,7
15,temporal (resident set used),108,36,64,6,7
15,temporal (resident set used),108,39,64,6,7
15,temporal (resident set used),108,41,64,6,7
15,temporal (resident set used),108,45,64,6,7
15,temporal (resident set used),108,58,64,6,7
15,temporal (resident set used),109,5,64,6,7
15,temporal (resident set used),109,22,64,6,7
15,temporal (resident set used),109,36,64,6,7
15,temporal (resident set used),109,39,64,6,7
15,temporal (resident set used),109,41,64,6,7
15,temporal (resident set used),109,58,64,6,7
15,temporal (resident set used),110,5,64,6,7
15,temporal (resident set used),110,22,64,6,7
15,temporal (resident set used),110,28,64,6,7
15,temporal (resident set used),110,36,64,6,7
15,temporal (resident set used),110,41,64,6,7
15,temporal (resident set used),110,58,64,6,7
15,temporal (resident set used),111,22,64,6,7
15,temporal (resident set used),111,28,64,6,7
15,temporal (resident set used),111,36,64,6,7
15,temporal (resident set used),111,41,64,6,7
15,temporal (resident set used),111,45,64,6,7
15,temporal (resident set used),111,58,64,6,7
15,temporal (resident set used),112,22,64,6,7
15,temporal (resident set used),112,28,64,6,7
15,temporal (resident set used),112,32,64,6,7
15,temporal (resident set used),112,36,64,6,7
15,temporal (resident set used),112,41,64,6,7
15,temporal (resident set used),112,58,64,6,7
15,temporal (resident set used),113,13,64,6,7
15,temporal (resident set used),113,22,64,6,7
15,temporal (resident set used),113,28,64,6,7
15,temporal (resident set used),113,36,64,6,7
15,temporal (resident set used),113,41,64,6,7
15,temporal (resident set used),113,58,64,6,7
15,temporal (resident set used),114,13,64,6,7
15,temporal (resident set used),114,17,64,6,7
15,temporal (resident set used),114,28,64,6,7
15,temporal (resident set used),114,36,64,6,7
15,temporal (resident set used),114,41,64,6,7
15,temporal (resident set used),114,58,64,6,7
15,temporal (resident set used),115,17,64,6,7
15,temporal (resident set used),115,28,64,6,7
15,temporal (resident set used),115,36,64,6,7
15,temporal (resident set used),115,41,64,6,7
15,temporal (resident set used),115,42,64,6,7
15,temporal (resident set used),115,58,64,6,7
15,temporal (resident set used),116,28,64,6,7
15,temporal (resident set used),116,35,64,6,7
15,temporal (resident set used),116,36,64,6,7
15,temporal (resident set used),116,41,64,6,7
15,temporal (resident set used),116,42,64,6,7
15,temporal (resident set used),116,58,64,6,7
15,temporal (resident set used),117,5,64,6,7
15,temporal (resident set used),117,28,64,6,7
15,temporal (resident set used),117,35,64,6,7
15,temporal (resident set used),117,36,64,6,7
15,temporal (resident set used),117,41,64,6,7
15,temporal (resident set used),117,42,64,6,7
15,temporal (resident set used),118,5,64,6,7
15,temporal (resident set used),118,28,64,6,7
15,temporal (resident set used),118,30,64,6,7
15,temporal (resident set used),118,36,64,6,7
15,temporal (resident set used),118,41,64,6,7
15,temporal (resident set used),118,42,64,6,7
15,temporal (resident set used),119,5,64,6,7
15,temporal (resident set used),119,28,64,6,7
15,temporal (resident set used),119,33,64,6,7
15,temporal (resident set used),119,36,64,6,7
15,temporal (resident set used),119,41,64,6,7
15,temporal (resident set used),119,42,64,6,7
15,temporal (resident set used),120,4,64,6,7
15,temporal (resident set used),120,5,64,6,7
15,temporal (resident set used),120,28,64,6,7
15,temporal (resident set used),120,36,64,6,7
15,temporal (resident set used),120,41,64,6,7
15,temporal (resident set used),120,42,64,6,7
15,temporal (resident set used),121,4,64,6,7
15,temporal (resident set used),121,5,64,6,7
15,temporal (resident set used),121,28,64,6,7
15,temporal (resident set used),121,30,64,6,7
15,temporal (resident set used),121,36,64,6,7
15,temporal (resident set used),121,41,64,6,7
15,temporal (resident set used),122,4,64,6,7
15,temporal (resident set used),122,5,64,6,7
15,temporal (resident set used),122,28,64,6,7
15,temporal (resident set used),122,30,64,6,7
15,temporal (resident set used),122,41,64,6,7
15,temporal (resident set used),122,45,64,6,7
15,temporal (resident set used),123,4,64,6,7
15,temporal (resident set used),123,5,64,6,7
15,temporal (resident set used),123,28,64,6,7
15,temporal (resident set used),123,30,64,6,7
15,temporal (resident set used),123,41,64,6,7
15,temporal (resident set used),123,58,64,6,7
15,temporal (resident set used),124,4,64,6,7
15,temporal (resident set used),124,5,64,6,7
15,temporal (resident set used),124,13,64,6,7
15,temporal (resident set used),124,28,64,6,7
15,temporal (resident set used),124,41,64,6,7
15,temporal (resident set used),124,58,64,6,7
15,temporal (resident set used),125,5,64,6,7
15,temporal (resident set used),125,13,64,6,7
15,temporal (resident set used),125,17,64,6,7
15,temporal (resident set used),125,28,64,6,7
15,temporal (resident set used),125,41,64,6,7
15,temporal (resident set used),125,58,64,6,7
15,temporal (resident set used),126,5,64,6,7
15,temporal (resident set used),126,13,64,6,7
15,temporal (resident set used),126,28,64,6,7
15,temporal (resident set used),126,41,64,6,7
15,temporal (resident set used),126,42,64,6,7
15,temporal (resident set used),126,58,64,6,7
15,temporal (resident set used),127,4,64,6,7
15,temporal (resident set used),127,5,64,6,7
15,temporal (resident set used),127,28,64,6,7
15,temporal (resident set used),127,41,64,6,7
15,temporal (resident set used),127,42,64,6,7
15,temporal (resident set used),127,58,64,6,7
15,temporal (resident set used),128,4,64,6,7
15,temporal (resident set used),128,28,64,6,7
15,temporal (resident set used),128,36,64,6,7
15,temporal (resident set used),128,41,64,6,7
15,temporal (resident set used),128,42,64,6,7
15,temporal (resident set used),128,58,64,6,7
15,temporal (resident set used),129,4,64,6,7
15,temporal (resident set used),129,28,64,6,7
15,temporal (resident set used),129,34,64,6,7
15,temporal (resident set used),129,36,64,6,7
15,temporal (resident set used),129,41,64,6,7
15,temporal (resident set used),129,58,64,6,7
15,temporal (resident set used),130,4,64,6,7
15,temporal (resident set used),130,9,64,6,7
15,temporal (resident set used),130,28,64,6,7
15,temporal (resident set used),130,36,64,6,7
15,temporal (resident set used),130,41,64,6,7
15,temporal (resident set used),130,58,64,6,7
15,temporal (resident set used),131,4,64,6,7
15,temporal (resident set used),131,9,64,6,7
15,temporal (resident set used),131,28,64,6,7
15,temporal (resident set used),131,36,64,6,7
15,temporal (resident set used),131,41,64,6,7
15,temporal (resident set used),131,51,64,6,7
15,temporal (resident set used),132,4,64,6,7
15,temporal (resident set used),132,9,64,6,7
15,temporal (resident set used),132,28,64,6,7
15,temporal (resident set used),132,36,64,6,7
15,temporal (resident set used),132,41,64,6,7
15,temporal (resident set used),132,58,64,6,7
15,temporal (resident set used),133,4,64,6,7
15,temporal (resident set used),133,9,64,6,7
15,temporal (resident set used),133,13,64,6,7
15,temporal (resident set used),133,36,64,6,7
15,temporal (resident set used),133,41,64,6,7
15,temporal (resident set used),133,58,64,6,7
15,temporal (resident set used),134,4,64,6,7
15,temporal (resident set used),134,9,64,6,7
15,temporal (resident set used),134,13,64,6,7
15,temporal (resident set used),134,24,64,6,7
15,temporal (resident set used),134,36,64,6,7
15,temporal (resident set used),134,41,64,6,7
15,temporal (resident set used),135,4,64,6,7
15,temporal (resident set used),135,9,64,6,7
15,temporal (resident set used),135,24,64,6,7
15,temporal (resident set used),135,36,64,6,7
15,temporal (resident set used),135,41,64,6,7
15,temporal (resident set used),135,51,64,6,7
15,temporal (resident set used),136,4,64,6,7
15,temporal (resident set used),136,9,64,6,7
15,temporal (resident set used),136,24,64,6,7
15,temporal (resident set used),136,28,64,6,7
15,temporal (resident set used),136,36,64,6,7
15,temporal (resident set used),136,41,64,6,7
15,temporal (resident set used),137,4,64,6,7
15,temporal (resident set used),137,9,64,6,7
15,temporal (resident set used),137,28,64,6,7
15,temporal (resident set used),137,36,64,6,7
15,temporal (resident set used),137,40,64,6,7
15,temporal (resident set used),137,41,64,6,7
15,temporal (resident set used),138,4,64,6,7
15,temporal (resident set used),138,9,64,6,7
15,temporal (resident set used),138,13,64,6,7
15,temporal (resident set used),138,28,64,6,7
15,temporal (resident set used),138,36,64,6,7
15,temporal (resident set used),138,41,64,6,7
15,temporal (resident set used),139,9,64,6,7
15,temporal (resident set used),139,13,64,6,7
15,temporal (resident set used),139,17,64,6,7
15,temporal (resident set used),139,28,64,6,7
15,temporal (resident set used),139,36,64,6,7
15,temporal (resident set used),139,41,64,6,7
15,temporal (resident set used),140,9,64,6,7
15,temporal (resident set used),140,17,64,6,7
15,temporal (resident set used),140,28,64,6,7
15,temporal (resident set used),140,36,64,6,7
15,temporal (resident set used),140,41,64,6,7
15,temporal (resident set used),140,42,64,6,7
15,temporal (resident set used),141,9,64,6,7
15,temporal (resident set used),141,28,64,6,7
15,temporal (resident set used),141,36,64,6,7
15,temporal (resident set used),141,41,64,6,7
15,temporal (resident set used),141,42,64,6,7
15,temporal (resident set used),141,62,64,6,7
15,temporal (resident set used),142,9,64,6,7
15,temporal (resident set used),142,19,64,6,7
15,temporal (resident set used),142,36,64,6,7
15,temporal (resident set used),142,41,64,6,7
15,temporal (resident set used),142,42,64,6,7
15,temporal (resident set used),142,62,64,6,7
15,temporal (resident set used),143,5,64,6,7
15,temporal (resident set used),143,9,64,6,7
15,temporal (resident set used),143,19,64,6,7
15,temporal (resident set used),143,36,64,6,7
15,temporal (resident set used),143,41,64,6,7
15,temporal (resident set used),143,62,64,6,7
15,temporal (resident set used),144,5,64,6,7
15,temporal (resident set used),144,9,64,6,7
15,temporal (resident set used),144,19,64,6,7
15,temporal (resident set used),144,36,64,6,7
15,temporal (resident set used),144,41,64,6,7
15,temporal (resident set used),144,58,64,6,7
15,temporal (resident set used),145,5,64,6,7
15,temporal (resident set used),145,9,64,6,7
15,temporal (resident set used),145,36,64,6,7
15,temporal (resident set used),145,41,64,6,7
15,temporal (resident set used),145,42,64,6,7
15,temporal (resident set used),145,58,64,6,7
15,temporal (resident set used),146,5,64,6,7
15,temporal (resident set used),146,9,64,6,7
15,temporal (resident set used),146,19,64,6,7
15,temporal (resident set used),146,41,64,6,7
15,temporal (resident set used),146,42,64,6,7
15,temporal (resident set used),146,58,64,6,7
15,temporal (resident set used),147,5,64,6,7
15,temporal (resident set used),147,9,64,6,7
15,temporal (resident set used),147,19,64,6,7
15,temporal (resident set used),147,21,64,6,7
15,temporal (resident set used),147,41,64,6,7
15,temporal (resident set used),147,58,64,6,7
15,temporal (resident set used),148,5,64,6,7
15,temporal (resident set used),148,9,64,6,7
15,temporal (resident set used),148,21,64,6,7
15,temporal (resident set used),148,41,64,6,7
15,temporal (resident set used),148,57,64,6,7
15,temporal (resident set used),148,58,64,6,7
15,temporal (resident set used),149,5,64,6,7
15,temporal (resident set used),149,21,64,6,7
15,temporal (resident set used),149,34,64,6,7
15,temporal (resident set used),149,41,64,6,7
15,temporal (resident set used),149,57,64,6,7
15,temporal (resident set used),149,58,64,6,7
15,temporal (resident set used),150,5,64,6,7
15,temporal (resident set used),150,21,64,6,7
15,temporal (resident set used),150,34,64,6,7
15,temporal (resident set used),150,41,64,6,7
15,temporal (resident set used),150,51,64,6,7
15,temporal (resident set used),150,58,64,6,7
15,temporal (resident set used),151,5,64,6,7
15,temporal (resident set used),151,17,64,6,7
15,temporal (resident set used),151,34,64,6,7
15,temporal (resident set used),151,41,64,6,7
15,temporal (resident set used),151,51,64,6,7
15,temporal (resident set used),151,58,64,6,7
15,temporal (resident set used),152,5,64,6,7
15,temporal (resident set used),152,34,64,6,7
15,temporal (resident set used),152,41,64,6,7
15,temporal (resident set used),152,42,64,6,7
15,temporal (resident set used),152,51,64,6,7
15,temporal (resident set used),152,58,64,6,7
15,temporal (resident set used),153,5,64,6,7
15,temporal (resident set used),153,41,64,6,7
15,temporal (resident set used),153,42,64,6,7
15,temporal (resident set used),153,51,64,6,7
15,temporal (resident set used),153,52,64,6,7
15,temporal (resident set used),153,58,64,6,7
15,temporal (resident set used),154,5,64,6,7
15,temporal (resident set used),154,24,64,6,7
15,temporal (resident set used),154,41,64,6,7
15,temporal (resident set used),154,42,64,6,7
15,temporal (resident set used),154,51,64,6,7
15,temporal (resident set used),154,58,64,6,7
15,temporal (resident set used),155,5,64,6,7
15,temporal (resident set used),155,41,64,6,7
15,temporal (resident set used),155,42,64,6,7
15,temporal (resident set used),155,51,64,6,7
15,temporal (resident set used),155,58,64,6,7
15,temporal (resident set used),155,60,64,6,7
15,temporal (resident set used),156,5,64,6,7
15,temporal (resident set used),156,24,64,6,7
15,temporal (resident set used),156,41,64,6,7
15,temporal (resident set used),156,42,64,6,7
15,temporal (resident set used),156,51,64,6,7
15,temporal (resident set used),156,60,64,6,7
15,temporal (resident set used),157,5,64,6,7
15,temporal (resident set used),157,24,64,6,7
15,temporal (resident set used),157,33,64,6,7
15,temporal (resident set used),157,41,64,6,7
15,temporal (resident set used),157,51,64,6,7
15,temporal (resident set used),157,60,64,6,7
15,temporal (resident set used),158,3,64,6,7
15,temporal (resident set used),158,5,64,6,7
15,temporal (resident set used),158,33,64,6,7
15,temporal (resident set used),158,41,64,6,7
15,temporal (resident set used),158,51,64,6,7
15,temporal (resident set used),158,60,64,6,7
15,temporal (resident set used),159,5,64,6,7
15,temporal (resident set used),159,26,64,6,7
15,temporal (resident set used),159,33,64,6,7
15,temporal (resident set used),159,41,64,6,7
15,temporal (resident set used),159,51,64,6,7
15,temporal (resident set used),159,60,64,6,7
15,temporal (resident set used),160,5,64,6,7
15,temporal (resident set used),160,26,64,6,7
15,temporal (resident set used),160,35,64,6,7
15,temporal (resident set used),160,41,64,6,7
15,temporal (resident set used),160,51,64,6,7
15,temporal (resident set used),160,60,64,6,7
15,temporal (resident set used),161,5,64,6,7
15,temporal (resident set used),161,26,64,6,7
15,temporal (resident set used),161,34,64,6,7
15,temporal (resident set used),161,41,64,6,7
15,temporal (resident set used),161,51,64,6,7
15,temporal (resident set used),161,60,64,6,7
15,temporal (resident set used),162,5,64,6,7
15,temporal (resident set used),162,34,64,6,7
15,temporal (resident set used),162,41,64,6,7
15,temporal (resident set used),162,51,64,6,7
15,temporal (resident set used),162,58,64,6,7
15,temporal (resident set used),162,60,64,6,7
15,temporal (resident set used),163,5,64,6,7
15,temporal (resident set used),163,17,64,6,7
15,temporal (resident set used),163,34,64,6,7
15,temporal (resident set used),163,41,64,6,7
15,temporal (resident set used),163,51,64,6,7
15,temporal (resident set used),163,60,64,6,7
15,temporal (resident set used),164,5,64,6,7
15,temporal (resident set used),164,34,64,6,7
15,temporal (resident set used),164,41,64,6,7
15,temporal (resident set used),164,42,64,6,7
15,temporal (resident set used),164,51,64,6,7
15,temporal (resident set used),164,60,64,6,7
15,temporal (resident set used),165,34,64,6,7
15,temporal (resident set used),165,35,64,6,7
15,temporal (resident set used),165,41,64,6,7
15,temporal (resident set used),165,42,64,6,7
15,temporal (resident set used),165,51,64,6,7
15,temporal (resident set used),165,60,64,6,7
15,temporal (resident set used),166,26,64,6,7
15,temporal (resident set used),166,34,64,6,7
15,temporal (resident set used),166,41,64,6,7
15,temporal (resident set used),166,42,64,6,7
15,temporal (resident set used),166,51,64,6,7
15,temporal (resident set used),166,60,64,6,7
15,temporal (resident set used),167,5,64,6,7
15,temporal (resident set used),167,26,64,6,7
15,temporal (resident set used),167,41,64,6,7
15,temporal (resident set used),167,42,64,6,7
15,temporal (resident set used),167,51,64,6,7
15,temporal (resident set used),167,60,64,6,7
15,temporal (resident set used),168,5,64,6,7
15,temporal (resident set used),168,26,64,6,7
15,temporal (resident set used),168,35,64,6,7
15,temporal (resident set used),168,41,64,6,7
15,temporal (resident set used),168,42,64,6,7
15,temporal (resident set used),168,60,64,6,7
15,temporal (resident set used),169,5,64,6,7
15,temporal (resident set used),169,26,64,6,7
15,temporal (resident set used),169,32,64,6,7
15,temporal (resident set used),169,35,64,6,7
15,temporal (resident set used),169,41,64,6,7
15,temporal (resident set used),169,60,64,6,7
15,temporal (resident set used),170,5,64,6,7
15,temporal (resident set used),170,26,64,6,7
15,temporal (resident set used),170,32,64,6,7
15,temporal (resident set used),170,41,64,6,7
15,temporal (resident set used),170,57,64,6,7
15,temporal (resident set used),170,60,64,6,7
15,temporal (resident set used),171,26,64,6,7
15,temporal (resident set used),171,28,64,6,7
15,temporal (resident set used),171,32,64,6,7
15,temporal (resident set used),171,41,64,6,7
15,temporal (resident set used),171,57,64,6,7
15,temporal (resident set used),171,60,64,6,7
15,temporal (resident set used),172,5,64,6,7
15,temporal (resident set used),172,28,64,6,7
15,temporal (resident set used),172,32,64,6,7
15,temporal (resident set used),172,41,64,6,7
15,temporal (resident set used),172,57,64,6,7
15,temporal (resident set used),172,60,64,6,7
15,temporal (resident set used),173,28,64,6,7
15,temporal (resident set used),173,32,64,6,7
15,temporal (resident set used),173,34,64,6,7
15,temporal (resident set used),173,41,64,6,7
15,temporal (resident set used),173,57,64,6,7
15,temporal (resident set used),173,60,64,6,7
15,temporal (resident set used),174,24,64,6,7
15,temporal (resident set used),174,28,64,6,7
15,temporal (resident set used),174,34,64,6,7
15,temporal (resident set used),174,41,64,6,7
15,temporal (resident set used),174,57,64,6,7
15,temporal (resident set used),174,60,64,6,7
15,temporal (resident set used),175,24,64,6,7
15,temporal (resident set used),175,27,64,6,7
15,temporal (resident set used),175,28,64,6,7
15,temporal (resident set used),175,41,64,6,7
15,temporal (resident set used),175,57,64,6,7
15,temporal (resident set used),175,60,64,6,7
15,temporal (resident set used),176,24,64,6,7
15,temporal (resident set used),176,26,64,6,7
15,temporal (resident set used),176,27,64,6,7
15,temporal (resident set used),176,28,64,6,7
15,temporal (resident set used),176,41,64,6,7
15,temporal (resident set used),176,60,64,6,7
15,temporal (resident set used),177,26,64,6,7
15,temporal (resident set used),177,27,64,6,7
15,temporal (resident set used),177,28,64,6,7
15,temporal (resident set used),177,40,64,6,7
15,temporal (resident set used),177,41,64,6,7
15,temporal (resident set used),177,60,64,6,7
15,temporal (resident set used),178,4,64,6,7
15,temporal (resident set used),178,26,64,6,7
15,temporal (resident set used),178,28,64,6,7
15,temporal (resident set used),178,40,64,6,7
15,temporal (resident set used),178,41,64,6,7
15,temporal (resident set used),178,60,64,6,7
15,temporal (resident set used),179,17,64,6,7
15,temporal (resident set used),179,26,64,6,7
15,temporal (resident set used),179,28,64,6,7
15,temporal (resident set used),179,40,64,6,7
15,temporal (resident set used),179,41,64,6,7
15,temporal (resident set used),179,60,64,6,7
15,temporal (resident set used),180,17,64,6,7
15,temporal (resident set used),180,26,64,6,7
15,temporal (resident set used),180,28,64,6,7
15,temporal (resident set used),180,41,64,6,7
15,temporal (resident set used),180,42,64,6,7
15,temporal (resident set used),180,60,64,6,7
15,temporal (resident set used),181,26,64,6,7
15,temporal (resident set used),181,28,64,6,7
15,temporal (resident set used),181,41,64,6,7
15,temporal (resident set used),181,42,64,6,7
15,temporal (resident set used),181,52,64,6,7
15,temporal (resident set used),181,60,64,6,7
15,temporal (resident set used),182,26,64,6,7
15,temporal (resident set used),182,28,64,6,7
15,temporal (resident set used),182,41,64,6,7
15,temporal (resident set used),182,42,64,6,7
15,temporal (resident set used),182,56,64,6,7
15,temporal (resident set used),182,60,64,6,7
15,temporal (resident set used),183,26,64,6,7
15,temporal (resident set used),183,28,64,6,7
15,temporal (resident set used),183,35,64,6,7
15,temporal (resident set used),183,41,64,6,7
15,temporal (resident set used),183,56,64,6,7
15,temporal (resident set used),183,60,64,6,7
15,temporal (resident set used),184,26,64,6,7
15,temporal (resident set used),184,28,64,6,7
15,temporal (resident set used),184,32,64,6,7
15,temporal (resident set used),184,35,64,6,7
15,temporal (resident set used),184,41,64,6,7
15,temporal (resident set used),184,60,64,6,7
15,temporal (resident set used),185,26,64,6,7
15,temporal (resident set used),185,28,64,6,7
15,temporal (resident set used),185,32,64,6,7
15,temporal (resident set used),185,41,64,6,7
15,temporal (resident set used),185,46,64,6,7
15,temporal (resident set used),185,60,64,6,7
15,temporal (resident set used),186,4,64,6,7
15,temporal (resident set used),186,26,64,6,7
15,temporal (resident set used),186,28,64,6,7
15,temporal (resident set used),186,41,64,6,7
15,temporal (resident set used),186,46,64,6,7
15,temporal (resident set used),186,60,64,6,7
15,temporal (resident set used),187,20,64,6,7
15,temporal (resident set used),187,26,64,6,7
15,temporal (resident set used),187,28,64,6,7
15,temporal (resident set used),187,41,64,6,7
15,temporal (resident set used),187,46,64,6,7
15,temporal (resident set used),187,60,64,6,7
15,temporal (resident set used),188,20,64,6,7
15,temporal (resident set used),188,26,64,6,7
15,temporal (resident set used),188,28,64,6,7
15,temporal (resident set used),188,32,64,6,7
15,temporal (resident set used),188,41,64,6,7
15,temporal (resident set used),188,60,64,6,7
15,temporal (resident set used),189,13,64,6,7
15,temporal (resident set used),189,26,64,6,7
15,temporal (resident set used),189,28,64,6,7
15,temporal (resident set used),189,32,64,6,7
15,temporal (resident set used),189,41,64,6,7
15,temporal (resident set used),189,60,64,6,7
15,temporal (resident set used),190,13,64,6,7
15,temporal (resident set used),190,17,64,6,7
15,temporal (resident set used),190,26,64,6,7
15,temporal (resident set used),190,32,64,6,7
15,temporal (resident set used),190,41,64,6,7
15,temporal (resident set used),190,60,64,6,7
15,temporal (resident set used),191,13,64,6,7
15,temporal (resident set used),191,17,64,6,7
15,temporal (resident set used),191,26,64,6,7
15,temporal (resident set used),191,41,64,6,7
15,temporal (resident set used),191,42,64,6,7
15,temporal (resident set used),191,60,64,6,7
15,temporal (resident set used),192,3,64,6,7
15,temporal (resident set used),192,13,64,6,7
15,temporal (resident set used),192,26,64,6,7
15,temporal (resident set used),192,41,64,6,7
15,temporal (resident set used),192,42,64,6,7
15,temporal (resident set used),192,60,64,6,7
15,temporal (resident set used),193,3,64,6,7
15,temporal (resident set used),193,26,64,6,7
15,temporal (resident set used),193,41,64,6,7
15,temporal (resident set used),193,42,64,6,7
15,temporal (resident set used),193,52,64,6,7
15,temporal (resident set used),193,60,64,6,7
15,temporal (resident set used),194,3,64,6,7
15,temporal (resident set used),194,26,64,6,7
15,temporal (resident set used),194,41,64,6,7
15,temporal (resident set used),194,42,64,6,7
15,temporal (resident set used),194,46,64,6,7
15,temporal (resident set used),194,60,64,6,7
15,temporal (resident set used),195,3,64,6,7
15,temporal (resident set used),195,26,64,6,7
15,temporal (resident set used),195,35,64,6,7
15,temporal (resident set used),195,41,64,6,7
15,temporal (resident set used),195,46,64,6,7
15,temporal (resident set used),195,60,64,6,7
15,temporal (resident set used),196,3,64,6,7
15,temporal (resident set used),196,15,64,6,7
15,temporal (resident set used),196,26,64,6,7
15,temporal (resident set used),196,35,64,6,7
15,temporal (resident set used),196,41,64,6,7
15,temporal (resident set used),196,46,64,6,7
15,temporal (resident set used),197,0,64,6,7
15,temporal (resident set used),197,3,64,6,7
15,temporal (resident set used),197,15,64,6,7
15,temporal (resident set used),197,26,64,6,7
15,temporal (resident set used),197,41,64,6,7
15,temporal (resident set used),197,46,64,6,7
15,temporal (resident set used),198,0,64,6,7
15,temporal (resident set used),198,3,64,6,7
15,temporal (resident set used),198,15,64,6,7
15,temporal (resident set used),198,41,64,6,7
15,temporal (resident set used),198,46,64,6,7
15,temporal (resident set used),198,56,64,6,7
15,temporal (resident set used),199,3,64,6,7
15,temporal (resident set used),199,15,64,6,7
15,temporal (resident set used),199,28,64,6,7
15,temporal (resident set used),199,41,64,6,7
15,temporal (resident set used),199,46,64,6,7
15,temporal (resident set used),199,56,64,6,7
15,temporal (resident set used),200,15,64,6,7
15,temporal (resident set used),200,28,64,6,7
15,temporal (resident set used),200,32,64,6,7
15,temporal (resident set used),200,41,64,6,7
15,temporal (resident set used),200,46,64,6,7
15,temporal (resident set used),200,56,64,6,7
15,temporal (resident set used),201,15,64,6,7
15,temporal (resident set used),201,26,64,6,7
15,temporal (resident set used),201,28,64,6,7
15,temporal (resident set used),201,32,64,6,7
15,temporal (resident set used),201,41,64,6,7
15,temporal (resident set used),201,56,64,6,7
15,temporal (resident set used),202,15,64,6,7
15,temporal (resident set used),202,17,64,6,7
15,temporal (resident set used),202,26,64,6,7
15,temporal (resident set used),202,32,64,6,7
15,temporal (resident set used),202,41,64,6,7
15,temporal (resident set used),202,56,64,6,7
15,temporal (resident set used),203,15,64,6,7
15,temporal (resident set used),203,17,64,6,7
15,temporal (resident set used),203,26,64,6,7
15,temporal (resident set used),203,41,64,6,7
15,temporal (resident set used),203,52,64,6,7
15,temporal (resident set used),203,56,64,6,7
15,temporal (resident set used),204,15,64,6,7
15,temporal (resident set used),204,26,64,6,7
15,temporal (resident set used),204,28,64,6,7
15,temporal (resident set used),204,41,64,6,7
15,temporal (resident set used),204,52,64,6,7
15,temporal (resident set used),204,56,64,6,7
15,temporal (resident set used),205,15,64,6,7
15,temporal (resident set used),205,26,64,6,7
15,temporal (resident set used),205,28,64,6,7
15,temporal (resident set used),205,41,64,6,7
15,temporal (resident set used),205,56,64,6,7
15,temporal (resident set used),205,60,64,6,7
15,temporal (resident set used),206,15,64,6,7
15,temporal (resident set used),206,23,64,6,7
15,temporal (resident set used),206,28,64,6,7
15,temporal (resident set used),206,41,64,6,7
15,temporal (resident set used),206,56,64,6,7
15,temporal (resident set used),206,60,64,6,7
15,temporal (resident set used),207,15,64,6,7
15,temporal (resident set used),207,23,64,6,7
15,temporal (resident set used),207,26,64,6,7
15,temporal (resident set used),207,28,64,6,7
15,temporal (resident set used),207,41,64,6,7
15,temporal (resident set used),207,60,64,6,7
15,temporal (resident set used),208,23,64,6,7
15,temporal (resident set used),208,24,64,6,7
15,temporal (resident set used),208,26,64,6,7
15,temporal (resident set used),208,28,64,6,7
15,temporal (resident set used),208,41,64,6,7
15,temporal (resident set used),208,60,64,6,7
15,temporal (resident set used),209,23,64,6,7
15,temporal (resident set used),209,26,64,6,7
15,temporal (resident set used),209,28,64,6,7
15,temporal (resident set used),209,41,64,6,7
15,temporal (resident set used),209,46,64,6,7
15,temporal (resident set used),209,60,64,6,7
15,temporal (resident set used),210,23,64,6,7
15,temporal (resident set used),210,26,64,6,7
15,temporal (resident set used),210,41,64,6,7
15,temporal (resident set used),210,46,64,6,7
15,temporal (resident set used),210,56,64,6,7
15,temporal (resident set used),210,60,64,6,7
15,temporal (resident set used),211,5,64,6,7
15,temporal (resident set used),211,26,64,6,7
15,temporal (resident set used),211,41,64,6,7
15,temporal (resident set used),211,46,64,6,7
15,temporal (resident set used),211,56,64,6,7
15,temporal (resident set used),211,60,64,6,7
15,temporal (resident set used),212,5,64,6,7
15,temporal (resident set used),212,13,64,6,7
15,temporal (resident set used),212,26,64,6,7
15,temporal (resident set used),212,41,64,6,7
15,temporal (resident set used),212,56,64,6,7
15,temporal (resident set used),212,60,64,6,7
15,temporal (resident set used),213,13,64,6,7
15,temporal (resident set used),213,17,64,6,7
15,temporal (resident set used),213,26,64,6,7
15,temporal (resident set used),213,41,64,6,7
15,temporal (resident set used),213,56,64,6,7
15,temporal (resident set used),213,60,64,6,7
15,temporal (resident set used),214,13,64,6,7
15,temporal (resident set used),214,26,64,6,7
15,temporal (resident set used),214,41,64,6,7
15,temporal (resident set used),214,42,64,6,7
15,temporal (resident set used),214,56,64,6,7
15,temporal (resident set used),214,60,64,6,7
15,temporal (resident set used),215,24,64,6,7
15,temporal (resident set used),215,26,64,6,7
15,temporal (resident set used),215,41,64,6,7
15,temporal (resident set used),215,42,64,6,7
15,temporal (resident set used),215,56,64,6,7
15,temporal (resident set used),215,60,64,6,7
15,temporal (resident set used),216,15,64,6,7
15,temporal (resident set used),216,24,64,6,7
15,temporal (resident set used),216,41,64,6,7
15,temporal (resident set used),216,42,64,6,7
15,temporal (resident set used),216,56,64,6,7
15,temporal (resident set used),216,60,64,6,7
15,temporal (resident set used),217,15,64,6,7
15,temporal (resident set used),217,35,64,6,7
15,temporal (resident set used),217,41,64,6,7
15,temporal (resident set used),217,42,64,6,7
15,temporal (resident set used),217,56,64,6,7
15,temporal (resident set used),217,60,64,6,7
15,temporal (resident set used),218,15,64,6,7
15,temporal (resident set used),218,26,64,6,7
15,temporal (resident set used),218,35,64,6,7
15,temporal (resident set used),218,41,64,6,7
15,temporal (resident set used),218,56,64,6,7
15,temporal (resident set used),218,60,64,6,7
15,temporal (resident set used),219,15,64,6,7
15,temporal (resident set used),219,24,64,6,7
15,temporal (resident set used),219,26,64,6,7
15,temporal (resident set used),219,41,64,6,7
15,temporal (resident set used),219,56,64,6,7
15,temporal (resident set used),219,60,64,6,7
15,temporal (unconstrained preference),0,5,64,6,7
15,temporal (unconstrained preference),0,21,64,6,7
15,temporal (unconstrained preference),0,32,64,6,7
15,temporal (unconstrained preference),0,36,64,6,7
15,temporal (unconstrained preference),0,45,64,6,7
15,temporal (unconstrained preference),0,49,64,6,7
15,temporal (unconstrained preference),1,5,64,6,7
15,temporal (unconstrained preference),1,7,64,6,7
15,temporal (unconstrained preference),1,13,64,6,7
15,temporal (unconstrained preference),1,21,64,6,7
15,temporal (unconstrained preference),1,23,64,6,7
15,temporal (unconstrained preference),1,28,64,6,7
15,temporal (unconstrained preference),2,3,64,6,7
15,temporal (unconstrained preference),2,17,64,6,7
15,temporal (unconstrained preference),2,26,64,6,7
15,temporal (unconstrained preference),2,36,64,6,7
15,temporal (unconstrained preference),2,42,64,6,7
15,temporal (unconstrained preference),2,63,64,6,7
15,temporal (unconstrained preference),3,23,64,6,7
15,temporal (unconstrained preference),3,28,64,6,7
15,temporal (unconstrained preference),3,34,64,6,7
15,temporal (unconstrained preference),3,41,64,6,7
15,temporal (unconstrained preference),3,45,64,6,7
15,temporal (unconstrained preference),3,52,64,6,7
15,temporal (unconstrained preference),4,5,64,6,7
15,temporal (unconstrained preference),4,13,64,6,7
15,temporal (unconstrained preference),4,23,64,6,7
15,temporal (unconstrained preference),4,28,64,6,7
15,temporal (unconstrained preference),4,34,64,6,7
15,temporal (unconstrained preference),4,50,64,6,7
15,temporal (unconstrained preference),5,6,64,6,7
15,temporal (unconstrained preference),5,13,64,6,7
15,temporal (unconstrained preference),5,17,64,6,7
15,temporal (unconstrained preference),5,23,64,6,7
15,temporal (unconstrained preference),5,28,64,6,7
15,temporal (unconstrained preference),5,34,64,6,7
15,temporal (unconstrained preference),6,0,64,6,7
15,temporal (unconstrained preference),6,2,64,6,7
15,temporal (unconstrained preference),6,17,64,6,7
15,temporal (unconstrained preference),6,42,64,6,7
15,temporal (unconstrained preference),6,48,64,6,7
15,temporal (unconstrained preference),6,52,64,6,7
15,temporal (unconstrained preference),7,4,64,6,7
15,temporal (unconstrained preference),7,23,64,6,7
15,temporal (unconstrained preference),7,28,64,6,7
15,temporal (unconstrained preference),7,42,64,6,7
15,temporal (unconstrained preference),7,60,64,6,7
15,temporal (unconstrained preference),7,62,64,6,7
15,temporal (unconstrained preference),8,4,64,6,7
15,temporal (unconstrained preference),8,28,64,6,7
15,temporal (unconstrained preference),8,37,64,6,7
15,temporal (unconstrained preference),8,42,64,6,7
15,temporal (unconstrained preference),8,60,64,6,7
15,temporal (unconstrained preference),8,62,64,6,7
15,temporal (unconstrained preference),9,4,64,6,7
15,temporal (unconstrained preference),9,28,64,6,7
15,temporal (unconstrained preference),9,40,64,6,7
15,temporal (unconstrained preference),9,52,64,6,7
15,temporal (unconstrained preference),9,60,64,6,7
15,temporal (unconstrained preference),9,62,64,6,7
15,temporal (unconstrained preference),10,4,64,6,7
15,temporal (unconstrained preference),10,5,64,6,7
15,temporal (unconstrained preference),10,38,64,6,7
15,temporal (unconstrained preference),10,40,64,6,7
15,temporal (unconstrained preference),10,60,64,6,7
15,temporal (unconstrained preference),10,62,64,6,7
15,temporal (unconstrained preference),11,4,64,6,7
15,temporal (unconstrained preference),11,23,64,6,7
15,temporal (unconstrained preference),11,24,64,6,7
15,temporal (unconstrained preference),11,40,64,6,7
15,temporal (unconstrained preference),11,60,64,6,7
15,temporal (unconstrained preference),11,62,64,6,7
15,temporal (unconstrained preference),12,4,64,6,7
15,temporal (unconstrained preference),12,20,64,6,7
15,temporal (unconstrained preference),12,24,64,6,7
15,temporal (unconstrained preference),12,32,64,6,7
15,temporal (unconstrained preference),12,40,64,6,7
15,temporal (unconstrained preference),12,60,64,6,7
15,temporal (unconstrained preference),13,8,64,6,7
15,temporal (unconstrained preference),13,20,64,6,7
15,temporal (unconstrained preference),13,23,64,6,7
15,temporal (unconstrained preference),13,32,64,6,7
15,temporal (unconstrained preference),13,36,64,6,7
15,temporal (unconstrained preference),13,62,64,6,7
15,temporal (unconstrained preference),14,20,64,6,7
15,temporal (unconstrained preference),14,22,64,6,7
15,temporal (unconstrained preference),14,23,64,6,7
15,temporal (unconstrained preference),14,40,64,6,7
15,temporal (unconstrained preference),14,60,64,6,7
15,temporal (unconstrained preference),14,62,64,6,7
15,temporal (unconstrained preference),15,4,64,6,7
15,temporal (unconstrained preference),15,28,64,6,7
15,temporal (unconstrained preference),15,41,64,6,7
15,temporal (unconstrained preference),15,50,64,6,7
15,temporal (unconstrained preference),15,60,64,6,7
15,temporal (unconstrained preference),15,62,64,6,7
15,temporal (unconstrained preference),16,6,64,6,7
15,temporal (unconstrained preference),16,17,64,6,7
15,temporal (unconstrained preference),16,23,64,6,7
15,temporal (unconstrained preference),16,28,64,6,7
15,temporal (unconstrained preference),16,41,64,6,7
15,temporal (unconstrained preference),16,62,64,6,7
15,temporal (unconstrained preference),17,23,64,6,7
15,temporal (unconstrained preference),17,28,64,6,7
15,temporal (unconstrained preference),17,30,64,6,7
15,temporal (unconstrained preference),17,42,64,6,7
15,temporal (unconstrained preference),17,60,64,6,7
15,temporal (unconstrained preference),17,62,64,6,7
15,temporal (unconstrained preference),18,5,64,6,7
15,temporal (unconstrained preference),18,8,64,6,7
15,temporal (unconstrained preference),18,30,64,6,7
15,temporal (unconstrained preference),18,36,64,6,7
15,temporal (unconstrained preference),18,58,64,6,7
15,temporal (unconstrained preference),18,62,64,6,7
15,temporal (unconstrained preference),19,19,64,6,7
15,temporal (unconstrained preference),19,30,64,6,7
15,temporal (unconstrained preference),19,36,64,6,7
15,temporal (unconstrained preference),19,41,64,6,7
15,temporal (unconstrained preference),19,57,64,6,7
15,temporal (unconstrained preference),19,58,64,6,7
15,temporal (unconstrained preference),20,5,64,6,7
15,temporal (unconstrained preference),20,19,64,6,7
15,temporal (unconstrained preference),20,34,64,6,7
15,temporal (unconstrained preference),20,36,64,6,7
15,temporal (unconstrained preference),20,41,64,6,7
15,temporal (unconstrained preference),20,58,64,6,7
15,temporal (unconstrained preference),21,5,64,6,7
15,temporal (unconstrained preference),21,19,64,6,7
15,temporal (unconstrained preference),21,30,64,6,7
15,temporal (unconstrained preference),21,41,64,6,7
15,temporal (unconstrained preference),21,42,64,6,7
15,temporal (unconstrained preference),21,58,64,6,7
15,temporal (unconstrained preference),22,5,64,6,7
15,temporal (unconstrained preference),22,30,64,6,7
15,temporal (unconstrained preference),22,31,64,6,7
15,temporal (unconstrained preference),22,34,64,6,7
15,temporal (unconstrained preference),22,41,64,6,7
15,temporal (unconstrained preference),22,42,64,6,7
15,temporal (unconstrained preference),23,7,64,6,7
15,temporal (unconstrained preference),23,11,64,6,7
15,temporal (unconstrained preference),23,19,64,6,7
15,temporal (unconstrained preference),23,24,64,6,7
15,temporal (unconstrained preference),23,41,64,6,7
15,temporal (unconstrained preference),23,62,64,6,7
15,temporal (unconstrained preference),24,7,64,6,7
15,temporal (unconstrained preference),24,21,64,6,7
15,temporal (unconstrained preference),24,24,64,6,7
15,temporal (unconstrained preference),24,41,64,6,7
15,temporal (unconstrained preference),24,58,64,6,7
15,temporal (unconstrained preference),24,62,64,6,7
15,temporal (unconstrained preference),25,5,64,6,7
15,temporal (unconstrained preference),25,9,64,6,7
15,temporal (unconstrained preference),25,34,64,6,7
15,temporal (unconstrained preference),25,41,64,6,7
15,temporal (unconstrained preference),25,50,64,6,7
15,temporal (unconstrained preference),25,58,64,6,7
15,temporal (unconstrained preference),26,6,64,6,7
15,temporal (unconstrained preference),26,9,64,6,7
15,temporal (unconstrained preference),26,17,64,6,7
15,temporal (unconstrained preference),26,34,64,6,7
15,temporal (unconstrained preference),26,41,64,6,7
15,temporal (unconstrained preference),26,62,64,6,7
15,temporal (unconstrained preference),27,19,64,6,7
15,temporal (unconstrained preference),27,30,64,6,7
15,temporal (unconstrained preference),27,41,64,6,7
15,temporal (unconstrained preference),27,42,64,6,7
15,temporal (unconstrained preference),27,50,64,6,7
15,temporal (unconstrained preference),27,62,64,6,7
15,temporal (unconstrained preference),28,5,64,6,7
15,temporal (unconstrained preference),28,19,64,6,7
15,temporal (unconstrained preference),28,33,64,6,7
15,temporal (unconstrained preference),28,41,64,6,7
15,temporal (unconstrained preference),28,42,64,6,7
15,temporal (unconstrained preference),28,62,64,6,7
15,temporal (unconstrained preference),29,4,64,6,7
15,temporal (unconstrained preference),29,21,64,6,7
15,temporal (unconstrained preference),29,41,64,6,7
15,temporal (unconstrained preference),29,51,64,6,7
15,temporal (unconstrained preference),29,57,64,6,7
15,temporal (unconstrained preference),29,60,64,6,7
15,temporal (unconstrained preference),30,5,64,6,7
15,temporal (unconstrained preference),30,24,64,6,7
15,temporal (unconstrained preference),30,39,64,6,7
15,temporal (unconstrained preference),30,41,64,6,7
15,temporal (unconstrained preference),30,51,64,6,7
15,temporal (unconstrained preference),30,60,64,6,7
15,temporal (unconstrained preference),31,5,64,6,7
15,temporal (unconstrained preference),31,23,64,6,7
15,temporal (unconstrained preference),31,30,64,6,7
15,temporal (unconstrained preference),31,36,64,6,7
15,temporal (unconstrained preference),31,40,64,6,7
15,temporal (unconstrained preference),31,41,64,6,7
15,temporal (unconstrained preference),32,5,64,6,7
15,temporal (unconstrained preference),32,40,64,6,7
15,temporal (unconstrained preference),32,41,64,6,7
15,temporal (unconstrained preference),32,51,64,6,7
15,temporal (unconstrained preference),32,52,64,6,7
15,temporal (unconstrained preference),32,60,64,6,7
15,temporal (unconstrained preference),33,4,64,6,7
15,temporal (unconstrained preference),33,24,64,6,7
15,temporal (unconstrained preference),33,36,64,6,7
15,temporal (unconstrained preference),33,41,64,6,7
15,temporal (unconstrained preference),33,51,64,6,7
15,temporal (unconstrained preference),33,60,64,6,7
15,temporal (unconstrained preference),34,4,64,6,7
15,temporal (unconstrained preference),34,24,64,6,7
15,temporal (unconstrained preference),34,36,64,6,7
15,temporal (unconstrained preference),34,41,64,6,7
15,temporal (unconstrained preference),34,51,64,6,7
15,temporal (unconstrained preference),34,60,64,6,7
15,temporal (unconstrained preference),35,5,64,6,7
15,temporal (unconstrained preference),35,33,64,6,7
15,temporal (unconstrained preference),35,40,64,6,7
15,temporal (unconstrained preference),35,41,64,6,7
15,temporal (unconstrained preference),35,60,64,6,7
15,temporal (unconstrained preference),35,62,64,6,7
15,temporal (unconstrained preference),36,5,64,6,7
15,temporal (unconstrained preference),36,39,64,6,7
15,temporal (unconstrained preference),36,41,64,6,7
15,temporal (unconstrained preference),36,51,64,6,7
15,temporal (unconstrained preference),36,58,64,6,7
15,temporal (unconstrained preference),36,62,64,6,7
15,temporal (unconstrained preference),37,6,64,6,7
15,temporal (unconstrained preference),37,17,64,6,7
15,temporal (unconstrained preference),37,34,64,6,7
15,temporal (unconstrained preference),37,39,64,6,7
15,temporal (unconstrained preference),37,41,64,6,7
15,temporal (unconstrained preference),37,62,64,6,7
15,temporal (unconstrained preference),38,2,64,6,7
15,temporal (unconstrained preference),38,19,64,6,7
15,temporal (unconstrained preference),38,41,64,6,7
15,temporal (unconstrained preference),38,42,64,6,7
15,temporal (unconstrained preference),38,60,64,6,7
15,temporal (unconstrained preference),38,62,64,6,7
15,temporal (unconstrained preference),39,19,64,6,7
15,temporal (unconstrained preference),39,22,64,6,7
15,temporal (unconstrained preference),39,33,64,6,7
15,temporal (unconstrained preference),39,41,64,6,7
15,temporal (unconstrained preference),39,42,64,6,7
15,temporal (unconstrained preference),39,60,64,6,7
15,temporal (unconstrained preference),40,4,64,6,7
15,temporal (unconstrained preference),40,5,64,6,7
15,temporal (unconstrained preference),40,26,64,6,7
15,temporal (unconstrained preference),40,41,64,6,7
15,temporal (unconstrained preference),40,42,64,6,7
15,temporal (unconstrained preference),40,45,64,6,7
15,temporal (unconstrained preference),41,4,64,6,7
15,temporal (unconstrained preference),41,26,64,6,7
15,temporal (unconstrained preference),41,28,64,6,7
15,temporal (unconstrained preference),41,32,64,6,7
15,temporal (unconstrained preference),41,33,64,6,7
15,temporal (unconstrained preference),41,41,64,6,7
15,temporal (unconstrained preference),42,4,64,6,7
15,temporal (unconstrained preference),42,5,64,6,7
15,temporal (unconstrained preference),42,39,64,6,7
15,temporal (unconstrained preference),42,41,64,6,7
15,temporal (unconstrained preference),42,58,64,6,7
15,temporal (unconstrained preference),42,60,64,6,7
15,temporal (unconstrained preference),43,5,64,6,7
15,temporal (unconstrained preference),43,33,64,6,7
15,temporal (unconstrained preference),43,34,64,6,7
15,temporal (unconstrained preference),43,41,64,6,7
15,temporal (unconstrained preference),43,51,64,6,7
15,temporal (unconstrained preference),43,60,64,6,7
15,temporal (unconstrained preference),44,4,64,6,7
15,temporal (unconstrained preference),44,5,64,6,7
15,temporal (unconstrained preference),44,24,64,6,7
15,temporal (unconstrained preference),44,26,64,6,7
15,temporal (unconstrained preference),44,31,64,6,7
15,temporal (unconstrained preference),44,41,64,6,7
15,temporal (unconstrained preference),45,5,64,6,7
15,temporal (unconstrained preference),45,31,64,6,7
15,temporal (unconstrained preference),45,32,64,6,7
15,temporal (unconstrained preference),45,36,64,6,7
15,temporal (unconstrained preference),45,41,64,6,7
15,temporal (unconstrained preference),45,52,64,6,7
15,temporal (unconstrained preference),46,5,64,6,7
15,temporal (unconstrained preference),46,9,64,6,7
15,temporal (unconstrained preference),46,13,64,6,7
15,temporal (unconstrained preference),46,24,64,6,7
15,temporal (unconstrained preference),46,39,64,6,7
15,temporal (unconstrained preference),46,41,64,6,7
15,temporal (unconstrained preference),47,17,64,6,7
15,temporal (unconstrained preference),47,34,64,6,7
15,temporal (unconstrained preference),47,39,64,6,7
15,temporal (unconstrained preference),47,41,64,6,7
15,temporal (unconstrained preference),47,52,64,6,7
15,temporal (unconstrained preference),47,62,64,6,7
15,temporal (unconstrained preference),48,2,64,6,7
15,temporal (unconstrained preference),48,23,64,6,7
15,temporal (unconstrained preference),48,41,64,6,7
15,temporal (unconstrained preference),48,42,64,6,7
15,temporal (unconstrained preference),48,52,64,6,7
15,temporal (unconstrained preference),48,60,64,6,7
15,temporal (unconstrained preference),49,5,64,6,7
15,temporal (unconstrained preference),49,29,64,6,7
15,temporal (unconstrained preference),49,41,64,6,7
15,temporal (unconstrained preference),49,42,64,6,7
15,temporal (unconstrained preference),49,52,64,6,7
15,temporal (unconstrained preference),49,60,64,6,7
15,temporal (unconstrained preference),50,4,64,6,7
15,temporal (unconstrained preference),50,11,64,6,7
15,temporal (unconstrained preference),50,15,64,6,7
15,temporal (unconstrained preference),50,24,64,6,7
15,temporal (unconstrained preference),50,26,64,6,7
15,temporal (unconstrained preference),50,41,64,6,7
15,temporal (unconstrained preference),51,23,64,6,7
15,temporal (unconstrained preference),51,24,64,6,7
15,temporal (unconstrained preference),51,28,64,6,7
15,temporal (unconstrained preference),51,29,64,6,7
15,temporal (unconstrained preference),51,41,64,6,7
15,temporal (unconstrained preference),51,56,64,6,7
15,temporal (unconstrained preference),52,9,64,6,7
15,temporal (unconstrained preference),52,26,64,6,7
15,temporal (unconstrained preference),52,32,64,6,7
15,temporal (unconstrained preference),52,40,64,6,7
15,temporal (unconstrained preference),52,41,64,6,7
15,temporal (unconstrained preference),52,60,64,6,7
15,temporal (unconstrained preference),53,5,64,6,7
15,temporal (unconstrained preference),53,9,64,6,7
15,temporal (unconstrained preference),53,13,64,6,7
15,temporal (unconstrained preference),53,24,64,6,7
15,temporal (unconstrained preference),53,41,64,6,7
15,temporal (unconstrained preference),53,60,64,6,7
15,temporal (unconstrained preference),54,33,64,6,7
15,temporal (unconstrained preference),54,36,64,6,7
15,temporal (unconstrained preference),54,41,64,6,7
15,temporal (unconstrained preference),54,51,64,6,7
15,temporal (unconstrained preference),54,57,64,6,7
15,temporal (unconstrained preference),54,60,64,6,7
15,temporal (unconstrained preference),55,9,64,6,7
15,temporal (unconstrained preference),55,21,64,6,7
15,temporal (unconstrained preference),55,32,64,6,7
15,temporal (unconstrained preference),55,36,64,6,7
15,temporal (unconstrained preference),55,41,64,6,7
15,temporal (unconstrained preference),55,45,64,6,7
15,temporal (unconstrained preference),56,8,64,6,7
15,temporal (unconstrained preference),56,9,64,6,7
15,temporal (unconstrained preference),56,20,64,6,7
15,temporal (unconstrained preference),56,32,64,6,7
15,temporal (unconstrained preference),56,36,64,6,7
15,temporal (unconstrained preference),56,41,64,6,7
15,temporal (unconstrained preference),57,9,64,6,7
15,temporal (unconstrained preference),57,13,64,6,7
15,temporal (unconstrained preference),57,34,64,6,7
15,temporal (unconstrained preference),57,41,64,6,7
15,temporal (unconstrained preference),57,50,64,6,7
15,temporal (unconstrained preference),57,58,64,6,7
15,temporal (unconstrained preference),58,6,64,6,7
15,temporal (unconstrained preference),58,17,64,6,7
15,temporal (unconstrained preference),58,23,64,6,7
15,temporal (unconstrained preference),58,34,64,6,7
15,temporal (unconstrained preference),58,41,64,6,7
15,temporal (unconstrained preference),58,62,64,6,7
15,temporal (unconstrained preference),59,6,64,6,7
15,temporal (unconstrained preference),59,13,64,6,7
15,temporal (unconstrained preference),59,17,64,6,7
15,temporal (unconstrained preference),59,41,64,6,7
15,temporal (unconstrained preference),59,42,64,6,7
15,temporal (unconstrained preference),59,44,64,6,7
15,temporal (unconstrained preference),60,2,64,6,7
15,temporal (unconstrained preference),60,13,64,6,7
15,temporal (unconstrained preference),60,17,64,6,7
15,temporal (unconstrained preference),60,29,64,6,7
15,temporal (unconstrained preference),60,42,64,6,7
15,temporal (unconstrained preference),60,56,64,6,7
15,temporal (unconstrained preference),61,2,64,6,7
15,temporal (unconstrained preference),61,13,64,6,7
15,temporal (unconstrained preference),61,41,64,6,7
15,temporal (unconstrained preference),61,42,64,6,7
15,temporal (unconstrained preference),61,51,64,6,7
15,temporal (unconstrained preference),61,57,64,6,7
15,temporal (unconstrained preference),62,5,64,6,7
15,temporal (unconstrained preference),62,7,64,6,7
15,temporal (unconstrained preference),62,11,64,6,7
15,temporal (unconstrained preference),62,13,64,6,7
15,temporal (unconstrained preference),62,35,64,6,7
15,temporal (unconstrained preference),62,41,64,6,7
15,temporal (unconstrained preference),63,5,64,6,7
15,temporal (unconstrained preference),63,7,64,6,7
15,temporal (unconstrained preference),63,13,64,6,7
15,temporal (unconstrained preference),63,32,64,6,7
15,temporal (unconstrained preference),63,41,64,6,7
15,temporal (unconstrained preference),63,55,64,6,7
15,temporal (unconstrained preference),64,5,64,6,7
15,temporal (unconstrained preference),64,7,64,6,7
15,temporal (unconstrained preference),64,13,64,6,7
15,temporal (unconstrained preference),64,29,64,6,7
15,temporal (unconstrained preference),64,41,64,6,7
15,temporal (unconstrained preference),64,51,64,6,7
15,temporal (unconstrained preference),65,5,64,6,7
15,temporal (unconstrained preference),65,13,64,6,7
15,temporal (unconstrained preference),65,30,64,6,7
15,temporal (unconstrained preference),65,41,64,6,7
15,temporal (unconstrained preference),65,51,64,6,7
15,temporal (unconstrained preference),65,58,64,6,7
15,temporal (unconstrained preference),66,7,64,6,7
15,temporal (unconstrained preference),66,13,64,6,7
15,temporal (unconstrained preference),66,20,64,6,7
15,temporal (unconstrained preference),66,41,64,6,7
15,temporal (unconstrained preference),66,58,64,6,7
15,temporal (unconstrained preference),66,60,64,6,7
15,temporal (unconstrained preference),67,7,64,6,7
15,temporal (unconstrained preference),67,13,64,6,7
15,temporal (unconstrained preference),67,20,64,6,7
15,temporal (unconstrained preference),67,35,64,6,7
15,temporal (unconstrained preference),67,41,64,6,7
15,temporal (unconstrained preference),67,52,64,6,7
15,temporal (unconstrained preference),68,7,64,6,7
15,temporal (unconstrained preference),68,13,64,6,7
15,temporal (unconstrained preference),68,20,64,6,7
15,temporal (unconstrained preference),68,41,64,6,7
15,temporal (unconstrained preference),68,49,64,6,7
15,temporal (unconstrained preference),68,58,64,6,7
15,temporal (unconstrained preference),69,7,64,6,7
15,temporal (unconstrained preference),69,13,64,6,7
15,temporal (unconstrained preference),69,20,64,6,7
15,temporal (unconstrained preference),69,41,64,6,7
15,temporal (unconstrained preference),69,45,64,6,7
15,temporal (unconstrained preference),69,58,64,6,7
15,temporal (unconstrained preference),70,5,64,6,7
15,temporal (unconstrained preference),70,13,64,6,7
15,temporal (unconstrained preference),70,34,64,6,7
15,temporal (unconstrained preference),70,41,64,6,7
15,temporal (unconstrained preference),70,50,64,6,7
15,temporal (unconstrained preference),70,58,64,6,7
15,temporal (unconstrained preference),71,6,64,6,7
15,temporal (unconstrained preference),71,13,64,6,7
15,temporal (unconstrained preference),71,17,64,6,7
15,temporal (unconstrained preference),71,34,64,6,7
15,temporal (unconstrained preference),71,41,64,6,7
15,temporal (unconstrained preference),71,48,64,6,7
15,temporal (unconstrained preference),72,5,64,6,7
15,temporal (unconstrained preference),72,30,64,6,7
15,temporal (unconstrained preference),72,36,64,6,7
15,temporal (unconstrained preference),72,41,64,6,7
15,temporal (unconstrained preference),72,42,64,6,7
15,temporal (unconstrained preference),72,58,64,6,7
15,temporal (unconstrained preference),73,7,64,6,7
15,temporal (unconstrained preference),73,19,64,6,7
15,temporal (unconstrained preference),73,36,64,6,7
15,temporal (unconstrained preference),73,41,64,6,7
15,temporal (unconstrained preference),73,42,64,6,7
15,temporal (unconstrained preference),73,62,64,6,7
15,temporal (unconstrained preference),74,5,64,6,7
15,temporal (unconstrained preference),74,19,64,6,7
15,temporal (unconstrained preference),74,20,64,6,7
15,temporal (unconstrained preference),74,30,64,6,7
15,temporal (unconstrained preference),74,36,64,6,7
15,temporal (unconstrained preference),74,41,64,6,7
15,temporal (unconstrained preference),75,19,64,6,7
15,temporal (unconstrained preference),75,23,64,6,7
15,temporal (unconstrained preference),75,34,64,6,7
15,temporal (unconstrained preference),75,36,64,6,7
15,temporal (unconstrained preference),75,41,64,6,7
15,temporal (unconstrained preference),75,62,64,6,7
15,temporal (unconstrained preference),76,19,64,6,7
15,temporal (unconstrained preference),76,30,64,6,7
15,temporal (unconstrained preference),76,32,64,6,7
15,temporal (unconstrained preference),76,36,64,6,7
15,temporal (unconstrained preference),76,41,64,6,7
15,temporal (unconstrained preference),76,58,64,6,7
15,temporal (unconstrained preference),77,19,64,6,7
15,temporal (unconstrained preference),77,20,64,6,7
15,temporal (unconstrained preference),77,31,64,6,7
15,temporal (unconstrained preference),77,36,64,6,7
15,temporal (unconstrained preference),77,41,64,6,7
15,temporal (unconstrained preference),77,42,64,6,7
15,temporal (unconstrained preference),78,19,64,6,7
15,temporal (unconstrained preference),78,22,64,6,7
15,temporal (unconstrained preference),78,33,64,6,7
15,temporal (unconstrained preference),78,36,64,6,7
15,temporal (unconstrained preference),78,41,64,6,7
15,temporal (unconstrained preference),78,43,64,6,7
15,temporal (unconstrained preference),79,19,64,6,7
15,temporal (unconstrained preference),79,22,64,6,7
15,temporal (unconstrained preference),79,33,64,6,7
15,temporal (unconstrained preference),79,34,64,6,7
15,temporal (unconstrained preference),79,41,64,6,7
15,temporal (unconstrained preference),79,51,64,6,7
15,temporal (unconstrained preference),80,13,64,6,7
15,temporal (unconstrained preference),80,17,64,6,7
15,temporal (unconstrained preference),80,19,64,6,7
15,temporal (unconstrained preference),80,34,64,6,7
15,temporal (unconstrained preference),80,41,64,6,7
15,temporal (unconstrained preference),80,51,64,6,7
15,temporal (unconstrained preference),81,5,64,6,7
15,temporal (unconstrained preference),81,19,64,6,7
15,temporal (unconstrained preference),81,33,64,6,7
15,temporal (unconstrained preference),81,36,64,6,7
15,temporal (unconstrained preference),81,41,64,6,7
15,temporal (unconstrained preference),81,57,64,6,7
15,temporal (unconstrained preference),82,5,64,6,7
15,temporal (unconstrained preference),82,19,64,6,7
15,temporal (unconstrained preference),82,30,64,6,7
15,temporal (unconstrained preference),82,41,64,6,7
15,temporal (unconstrained preference),82,53,64,6,7
15,temporal (unconstrained preference),82,57,64,6,7
15,temporal (unconstrained preference),83,5,64,6,7
15,temporal (unconstrained preference),83,21,64,6,7
15,temporal (unconstrained preference),83,34,64,6,7
15,temporal (unconstrained preference),83,41,64,6,7
15,temporal (unconstrained preference),83,55,64,6,7
15,temporal (unconstrained preference),83,57,64,6,7
15,temporal (unconstrained preference),84,5,64,6,7
15,temporal (unconstrained preference),84,12,64,6,7
15,temporal (unconstrained preference),84,30,64,6,7
15,temporal (unconstrained preference),84,31,64,6,7
15,temporal (unconstrained preference),84,41,64,6,7
15,temporal (unconstrained preference),84,51,64,6,7
15,temporal (unconstrained preference),85,5,64,6,7
15,temporal (unconstrained preference),85,15,64,6,7
15,temporal (unconstrained preference),85,31,64,6,7
15,temporal (unconstrained preference),85,41,64,6,7
15,temporal (unconstrained preference),85,43,64,6,7
15,temporal (unconstrained preference),85,46,64,6,7
15,temporal (unconstrained preference),86,28,64,6,7
15,temporal (unconstrained preference),86,29,64,6,7
15,temporal (unconstrained preference),86,40,64,6,7
15,temporal (unconstrained preference),86,41,64,6,7
15,temporal (unconstrained preference),86,55,64,6,7
15,temporal (unconstrained preference),86,60,64,6,7
15,temporal (unconstrained preference),87,4,64,6,7
15,temporal (unconstrained preference),87,11,64,6,7
15,temporal (unconstrained preference),87,24,64,6,7
15,temporal (unconstrained preference),87,28,64,6,7
15,temporal (unconstrained preference),87,41,64,6,7
15,temporal (unconstrained preference),87,60,64,6,7
15,temporal (unconstrained preference),88,3,64,6,7
15,temporal (unconstrained preference),88,4,64,6,7
15,temporal (unconstrained preference),88,28,64,6,7
15,temporal (unconstrained preference),88,35,64,6,7
15,temporal (unconstrained preference),88,41,64,6,7
15,temporal (unconstrained preference),88,60,64,6,7
15,temporal (unconstrained preference),89,5,64,6,7
15,temporal (unconstrained preference),89,21,64,6,7
15,temporal (unconstrained preference),89,28,64,6,7
15,temporal (unconstrained preference),89,40,64,6,7
15,temporal (unconstrained preference),89,41,64,6,7
15,temporal (unconstrained preference),89,52,64,6,7
15,temporal (unconstrained preference),90,9,64,6,7
15,temporal (unconstrained preference),90,13,64,6,7
15,temporal (unconstrained preference),90,34,64,6,7
15,temporal (unconstrained preference),90,41,64,6,7
15,temporal (unconstrained preference),90,50,64,6,7
15,temporal (unconstrained preference),90,58,64,6,7
15,temporal (unconstrained preference),91,6,64,6,7
15,temporal (unconstrained preference),91,13,64,6,7
15,temporal (unconstrained preference),91,17,64,6,7
15,temporal (unconstrained preference),91,34,64,6,7
15,temporal (unconstrained preference),91,41,64,6,7
15,temporal (unconstrained preference),91,62,64,6,7
15,temporal (unconstrained preference),92,5,64,6,7
15,temporal (unconstrained preference),92,30,64,6,7
15,temporal (unconstrained preference),92,41,64,6,7
15,temporal (unconstrained preference),92,42,64,6,7
15,temporal (unconstrained preference),92,51,64,6,7
15,temporal (unconstrained preference),92,58,64,6,7
15,temporal (unconstrained preference),93,5,64,6,7
15,temporal (unconstrained preference),93,19,64,6,7
15,temporal (unconstrained preference),93,30,64,6,7
15,temporal (unconstrained preference),93,36,64,6,7
15,temporal (unconstrained preference),93,41,64,6,7
15,temporal (unconstrained preference),93,42,64,6,7
15,temporal (unconstrained preference),94,5,64,6,7
15,temporal (unconstrained preference),94,19,64,6,7
15,temporal (unconstrained preference),94,33,64,6,7
15,temporal (unconstrained preference),94,34,64,6,7
15,temporal (unconstrained preference),94,41,64,6,7
15,temporal (unconstrained preference),94,45,64,6,7
15,temporal (unconstrained preference),95,5,64,6,7
15,temporal (unconstrained preference),95,30,64,6,7
15,temporal (unconstrained preference),95,33,64,6,7
15,temporal (unconstrained preference),95,36,64,6,7
15,temporal (unconstrained preference),95,41,64,6,7
15,temporal (unconstrained preference),95,58,64,6,7
15,temporal (unconstrained preference),96,19,64,6,7
15,temporal (unconstrained preference),96,32,64,6,7
15,temporal (unconstrained preference),96,36,64,6,7
15,temporal (unconstrained preference),96,41,64,6,7
15,temporal (unconstrained preference),96,57,64,6,7
15,temporal (unconstrained preference),96,58,64,6,7
15,temporal (unconstrained preference),97,19,64,6,7
15,temporal (unconstrained preference),97,33,64,6,7
15,temporal (unconstrained preference),97,34,64,6,7
15,temporal (unconstrained preference),97,41,64,6,7
15,temporal (unconstrained preference),97,51,64,6,7
15,temporal (unconstrained preference),97,58,64,6,7
15,temporal (unconstrained preference),98,5,64,6,7
15,temporal (unconstrained preference),98,13,64,6,7
15,temporal (unconstrained preference),98,19,64,6,7
15,temporal (unconstrained preference),98,41,64,6,7
15,temporal (unconstrained preference),98,50,64,6,7
15,temporal (unconstrained preference),98,58,64,6,7
15,temporal (unconstrained preference),99,6,64,6,7
15,temporal (unconstrained preference),99,9,64,6,7
15,temporal (unconstrained preference),99,17,64,6,7
15,temporal (unconstrained preference),99,41,64,6,7
15,temporal (unconstrained preference),99,42,64,6,7
15,temporal (unconstrained preference),99,62,64,6,7
15,temporal (unconstrained preference),100,2,64,6,7
15,temporal (unconstrained preference),100,15,64,6,7
15,temporal (unconstrained preference),100,23,64,6,7
15,temporal (unconstrained preference),100,41,64,6,7
15,temporal (unconstrained preference),100,42,64,6,7
15,temporal (unconstrained preference),100,52,64,6,7
15,temporal (unconstrained preference),101,21,64,6,7
15,temporal (unconstrained preference),101,30,64,6,7
15,temporal (unconstrained preference),101,33,64,6,7
15,temporal (unconstrained preference),101,36,64,6,7
15,temporal (unconstrained preference),101,41,64,6,7
15,temporal (unconstrained preference),101,42,64,6,7
15,temporal (unconstrained preference),102,5,64,6,7
15,temporal (unconstrained preference),102,22,64,6,7
15,temporal (unconstrained preference),102,26,64,6,7
15,temporal (unconstrained preference),102,33,64,6,7
15,temporal (unconstrained preference),102,41,64,6,7
15,temporal (unconstrained preference),102,45,64,6,7
15,temporal (unconstrained preference),103,5,64,6,7
15,temporal (unconstrained preference),103,9,64,6,7
15,temporal (unconstrained preference),103,31,64,6,7
15,temporal (unconstrained preference),103,36,64,6,7
15,temporal (unconstrained preference),103,41,64,6,7
15,temporal (unconstrained preference),103,51,64,6,7
15,temporal (unconstrained preference),104,19,64,6,7
15,temporal (unconstrained preference),104,23,64,6,7
15,temporal (unconstrained preference),104,28,64,6,7
15,temporal (unconstrained preference),104,36,64,6,7
15,temporal (unconstrained preference),104,41,64,6,7
15,temporal (unconstrained preference),104,62,64,6,7
15,temporal (unconstrained preference),105,5,64,6,7
15,temporal (unconstrained preference),105,22,64,6,7
15,temporal (unconstrained preference),105,33,64,6,7
15,temporal (unconstrained preference),105,34,64,6,7
15,temporal (unconstrained preference),105,41,64,6,7
15,temporal (unconstrained preference),105,58,64,6,7
15,temporal (unconstrained preference),106,5,64,6,7
15,temporal (unconstrained preference),106,36,64,6,7
15,temporal (unconstrained preference),106,39,64,6,7
15,temporal (unconstrained preference),106,41,64,6,7
15,temporal (unconstrained preference),106,55,64,6,7
15,temporal (unconstrained preference),106,58,64,6,7
15,temporal (unconstrained preference),107,5,64,6,7
15,temporal (unconstrained preference),107,28,64,6,7
15,temporal (unconstrained preference),107,30,64,6,7
15,temporal (unconstrained preference),107,36,64,6,7
15,temporal (unconstrained preference),107,41,64,6,7
15,temporal (unconstrained preference),107,58,64,6,7
15,temporal (unconstrained preference),108,19,64,6,7
15,temporal (unconstrained preference),108,33,64,6,7
15,temporal (unconstrained preference),108,36,64,6,7
15,temporal (unconstrained preference),108,41,64,6,7
15,temporal (unconstrained preference),108,45,64,6,7
15,temporal (unconstrained preference),108,62,64,6,7
15,temporal (unconstrained preference),109,5,64,6,7
15,temporal (unconstrained preference),109,22,64,6,7
15,temporal (unconstrained preference),109,32,64,6,7
15,temporal (unconstrained preference),109,33,64,6,7
15,temporal (unconstrained preference),109,41,64,6,7
15,temporal (unconstrained preference),109,58,64,6,7
15,temporal (unconstrained preference),110,4,64,6,7
15,temporal (unconstrained preference),110,27,64,6,7
15,temporal (unconstrained preference),110,28,64,6,7
15,temporal (unconstrained preference),110,36,64,6,7
15,temporal (unconstrained preference),110,41,64,6,7
15,temporal (unconstrained preference),110,45,64,6,7
15,temporal (unconstrained preference),111,28,64,6,7
15,temporal (unconstrained preference),111,40,64,6,7
15,temporal (unconstrained preference),111,41,64,6,7
15,temporal (unconstrained preference),111,42,64,6,7
15,temporal (unconstrained preference),111,45,64,6,7
15,temporal (unconstrained preference),111,60,64,6,7
15,temporal (unconstrained preference),112,5,64,6,7
15,temporal (unconstrained preference),112,28,64,6,7
15,temporal (unconstrained preference),112,32,64,6,7
15,temporal (unconstrained preference),112,41,64,6,7
15,temporal (unconstrained preference),112,58,64,6,7
15,temporal (unconstrained preference),112,60,64,6,7
15,temporal (unconstrained preference),113,13,64,6,7
15,temporal (unconstrained preference),113,34,64,6,7
15,temporal (unconstrained preference),113,36,64,6,7
15,temporal (unconstrained preference),113,39,64,6,7
15,temporal (unconstrained preference),113,41,64,6,7
15,temporal (unconstrained preference),113,58,64,6,7
15,temporal (unconstrained preference),114,13,64,6,7
15,temporal (unconstrained preference),114,17,64,6,7
15,temporal (unconstrained preference),114,34,64,6,7
15,temporal (unconstrained preference),114,39,64,6,7
15,temporal (unconstrained preference),114,41,64,6,7
15,temporal (unconstrained preference),114,42,64,6,7
15,temporal (unconstrained preference),115,28,64,6,7
15,temporal (unconstrained preference),115,41,64,6,7
15,temporal (unconstrained preference),115,42,64,6,7
15,temporal (unconstrained preference),115,52,64,6,7
15,temporal (unconstrained preference),115,57,64,6,7
15,temporal (unconstrained preference),115,60,64,6,7
15,temporal (unconstrained preference),116,2,64,6,7
15,temporal (unconstrained preference),116,28,64,6,7
15,temporal (unconstrained preference),116,35,64,6,7
15,temporal (unconstrained preference),116,36,64,6,7
15,temporal (unconstrained preference),116,41,64,6,7
15,temporal (unconstrained preference),116,42,64,6,7
15,temporal (unconstrained preference),117,5,64,6,7
15,temporal (unconstrained preference),117,7,64,6,7
15,temporal (unconstrained preference),117,26,64,6,7
15,temporal (unconstrained preference),117,35,64,6,7
15,temporal (unconstrained preference),117,41,64,6,7
15,temporal (unconstrained preference),117,42,64,6,7
15,temporal (unconstrained preference),118,5,64,6,7
15,temporal (unconstrained preference),118,30,64,6,7
15,temporal (unconstrained preference),118,36,64,6,7
15,temporal (unconstrained preference),118,41,64,6,7
15,temporal (unconstrained preference),118,42,64,6,7
15,temporal (unconstrained preference),118,58,64,6,7
15,temporal (unconstrained preference),119,4,64,6,7
15,temporal (unconstrained preference),119,5,64,6,7
15,temporal (unconstrained preference),119,9,64,6,7
15,temporal (unconstrained preference),119,28,64,6,7
15,temporal (unconstrained preference),119,33,64,6,7
15,temporal (unconstrained preference),119,41,64,6,7
15,temporal (unconstrained preference),120,4,64,6,7
15,temporal (unconstrained preference),120,9,64,6,7
15,temporal (unconstrained preference),120,24,64,6,7
15,temporal (unconstrained preference),120,28,64,6,7
15,temporal (unconstrained preference),120,39,64,6,7
15,temporal (unconstrained preference),120,41,64,6,7
15,temporal (unconstrained preference),121,28,64,6,7
15,temporal (unconstrained preference),121,30,64,6,7
15,temporal (unconstrained preference),121,36,64,6,7
15,temporal (unconstrained preference),121,37,64,6,7
15,temporal (unconstrained preference),121,41,64,6,7
15,temporal (unconstrained preference),121,58,64,6,7
15,temporal (unconstrained preference),122,18,64,6,7
15,temporal (unconstrained preference),122,21,64,6,7
15,temporal (unconstrained preference),122,24,64,6,7
15,temporal (unconstrained preference),122,41,64,6,7
15,temporal (unconstrained preference),122,45,64,6,7
15,temporal (unconstrained preference),122,51,64,6,7
15,temporal (unconstrained preference),123,5,64,6,7
15,temporal (unconstrained preference),123,23,64,6,7
15,temporal (unconstrained preference),123,28,64,6,7
15,temporal (unconstrained preference),123,30,64,6,7
15,temporal (unconstrained preference),123,41,64,6,7
15,temporal (unconstrained preference),123,58,64,6,7
15,temporal (unconstrained preference),124,13,64,6,7
15,temporal (unconstrained preference),124,36,64,6,7
15,temporal (unconstrained preference),124,39,64,6,7
15,temporal (unconstrained preference),124,41,64,6,7
15,temporal (unconstrained preference),124,51,64,6,7
15,temporal (unconstrained preference),124,58,64,6,7
15,temporal (unconstrained preference),125,13,64,6,7
15,temporal (unconstrained preference),125,17,64,6,7
15,temporal (unconstrained preference),125,39,64,6,7
15,temporal (unconstrained preference),125,41,64,6,7
15,temporal (unconstrained preference),125,42,64,6,7
15,temporal (unconstrained preference),125,51,64,6,7
15,temporal (unconstrained preference),126,5,64,6,7
15,temporal (unconstrained preference),126,28,64,6,7
15,temporal (unconstrained preference),126,41,64,6,7
15,temporal (unconstrained preference),126,42,64,6,7
15,temporal (unconstrained preference),126,52,64,6,7
15,temporal (unconstrained preference),126,60,64,6,7
15,temporal (unconstrained preference),127,4,64,6,7
15,temporal (unconstrained preference),127,5,64,6,7
15,temporal (unconstrained preference),127,24,64,6,7
15,temporal (unconstrained preference),127,28,64,6,7
15,temporal (unconstrained preference),127,41,64,6,7
15,temporal (unconstrained preference),127,58,64,6,7
15,temporal (unconstrained preference),128,4,64,6,7
15,temporal (unconstrained preference),128,9,64,6,7
15,temporal (unconstrained preference),128,28,64,6,7
15,temporal (unconstrained preference),128,36,64,6,7
15,temporal (unconstrained preference),128,40,64,6,7
15,temporal (unconstrained preference),128,41,64,6,7
15,temporal (unconstrained preference),129,4,64,6,7
15,temporal (unconstrained preference),129,9,64,6,7
15,temporal (unconstrained preference),129,13,64,6,7
15,temporal (unconstrained preference),129,25,64,6,7
15,temporal (unconstrained preference),129,34,64,6,7
15,temporal (unconstrained preference),129,41,64,6,7
15,temporal (unconstrained preference),130,4,64,6,7
15,temporal (unconstrained preference),130,9,64,6,7
15,temporal (unconstrained preference),130,25,64,6,7
15,temporal (unconstrained preference),130,36,64,6,7
15,temporal (unconstrained preference),130,41,64,6,7
15,temporal (unconstrained preference),130,51,64,6,7
15,temporal (unconstrained preference),131,4,64,6,7
15,temporal (unconstrained preference),131,21,64,6,7
15,temporal (unconstrained preference),131,33,64,6,7
15,temporal (unconstrained preference),131,41,64,6,7
15,temporal (unconstrained preference),131,51,64,6,7
15,temporal (unconstrained preference),131,57,64,6,7
15,temporal (unconstrained preference),132,4,64,6,7
15,temporal (unconstrained preference),132,9,64,6,7
15,temporal (unconstrained preference),132,28,64,6,7
15,temporal (unconstrained preference),132,36,64,6,7
15,temporal (unconstrained preference),132,41,64,6,7
15,temporal (unconstrained preference),132,58,64,6,7
15,temporal (unconstrained preference),133,9,64,6,7
15,temporal (unconstrained preference),133,13,64,6,7
15,temporal (unconstrained preference),133,36,64,6,7
15,temporal (unconstrained preference),133,40,64,6,7
15,temporal (unconstrained preference),133,41,64,6,7
15,temporal (unconstrained preference),133,58,64,6,7
15,temporal (unconstrained preference),134,4,64,6,7
15,temporal (unconstrained preference),134,9,64,6,7
15,temporal (unconstrained preference),134,13,64,6,7
15,temporal (unconstrained preference),134,24,64,6,7
15,temporal (unconstrained preference),134,25,64,6,7
15,temporal (unconstrained preference),134,41,64,6,7
15,temporal (unconstrained preference),135,4,64,6,7
15,temporal (unconstrained preference),135,9,64,6,7
15,temporal (unconstrained preference),135,24,64,6,7
15,temporal (unconstrained preference),135,36,64,6,7
15,temporal (unconstrained preference),135,41,64,6,7
15,temporal (unconstrained preference),135,51,64,6,7
15,temporal (unconstrained preference),136,4,64,6,7
15,temporal (unconstrained preference),136,24,64,6,7
15,temporal (unconstrained preference),136,28,64,6,7
15,temporal (unconstrained preference),136,36,64,6,7
15,temporal (unconstrained preference),136,41,64,6,7
15,temporal (unconstrained preference),136,46,64,6,7
15,temporal (unconstrained preference),137,25,64,6,7
15,temporal (unconstrained preference),137,28,64,6,7
15,temporal (unconstrained preference),137,36,64,6,7
15,temporal (unconstrained preference),137,40,64,6,7
15,temporal (unconstrained preference),137,41,64,6,7
15,temporal (unconstrained preference),137,52,64,6,7
15,temporal (unconstrained preference),138,9,64,6,7
15,temporal (unconstrained preference),138,13,64,6,7
15,temporal (unconstrained preference),138,34,64,6,7
15,temporal (unconstrained preference),138,41,64,6,7
15,temporal (unconstrained preference),138,50,64,6,7
15,temporal (unconstrained preference),138,58,64,6,7
15,temporal (unconstrained preference),139,2,64,6,7
15,temporal (unconstrained preference),139,6,64,6,7
15,temporal (unconstrained preference),139,13,64,6,7
15,temporal (unconstrained preference),139,17,64,6,7
15,temporal (unconstrained preference),139,34,64,6,7
15,temporal (unconstrained preference),139,41,64,6,7
15,temporal (unconstrained preference),140,2,64,6,7
15,temporal (unconstrained preference),140,41,64,6,7
15,temporal (unconstrained preference),140,42,64,6,7
15,temporal (unconstrained preference),140,52,64,6,7
15,temporal (unconstrained preference),140,56,64,6,7
15,temporal (unconstrained preference),140,62,64,6,7
15,temporal (unconstrained preference),141,19,64,6,7
15,temporal (unconstrained preference),141,40,64,6,7
15,temporal (unconstrained preference),141,41,64,6,7
15,temporal (unconstrained preference),141,42,64,6,7
15,temporal (unconstrained preference),141,57,64,6,7
15,temporal (unconstrained preference),141,62,64,6,7
15,temporal (unconstrained preference),142,5,64,6,7
15,temporal (unconstrained preference),142,19,64,6,7
15,temporal (unconstrained preference),142,33,64,6,7
15,temporal (unconstrained preference),142,36,64,6,7
15,temporal (unconstrained preference),142,41,64,6,7
15,temporal (unconstrained preference),142,42,64,6,7
15,temporal (unconstrained preference),143,5,64,6,7
15,temporal (unconstrained preference),143,19,64,6,7
15,temporal (unconstrained preference),143,21,64,6,7
15,temporal (unconstrained preference),143,36,64,6,7
15,temporal (unconstrained preference),143,41,64,6,7
15,temporal (unconstrained preference),143,62,64,6,7
15,temporal (unconstrained preference),144,5,64,6,7
15,temporal (unconstrained preference),144,19,64,6,7
15,temporal (unconstrained preference),144,36,64,6,7
15,temporal (unconstrained preference),144,41,64,6,7
15,temporal (unconstrained preference),144,55,64,6,7
15,temporal (unconstrained preference),144,58,64,6,7
15,temporal (unconstrained preference),145,5,64,6,7
15,temporal (unconstrained preference),145,34,64,6,7
15,temporal (unconstrained preference),145,36,64,6,7
15,temporal (unconstrained preference),145,41,64,6,7
15,temporal (unconstrained preference),145,42,64,6,7
15,temporal (unconstrained preference),145,45,64,6,7
15,temporal (unconstrained preference),146,5,64,6,7
15,temporal (unconstrained preference),146,19,64,6,7
15,temporal (unconstrained preference),146,32,64,6,7
15,temporal (unconstrained preference),146,34,64,6,7
15,temporal (unconstrained preference),146,41,64,6,7
15,temporal (unconstrained preference),146,42,64,6,7
15,temporal (unconstrained preference),147,5,64,6,7
15,temporal (unconstrained preference),147,11,64,6,7
15,temporal (unconstrained preference),147,21,64,6,7
15,temporal (unconstrained preference),147,41,64,6,7
15,temporal (unconstrained preference),147,57,64,6,7
15,temporal (unconstrained preference),147,60,64,6,7
15,temporal (unconstrained preference),148,5,64,6,7
15,temporal (unconstrained preference),148,23,64,6,7
15,temporal (unconstrained preference),148,28,64,6,7
15,temporal (unconstrained preference),148,41,64,6,7
15,temporal (unconstrained preference),148,57,64,6,7
15,temporal (unconstrained preference),148,60,64,6,7
15,temporal (unconstrained preference),149,5,64,6,7
15,temporal (unconstrained preference),149,34,64,6,7
15,temporal (unconstrained preference),149,41,64,6,7
15,temporal (unconstrained preference),149,51,64,6,7
15,temporal (unconstrained preference),149,57,64,6,7
15,temporal (unconstrained preference),149,58,64,6,7
15,temporal (unconstrained preference),150,5,64,6,7
15,temporal (unconstrained preference),150,36,64,6,7
15,temporal (unconstrained preference),150,39,64,6,7
15,temporal (unconstrained preference),150,41,64,6,7
15,temporal (unconstrained preference),150,51,64,6,7
15,temporal (unconstrained preference),150,58,64,6,7
15,temporal (unconstrained preference),151,5,64,6,7
15,temporal (unconstrained preference),151,17,64,6,7
15,temporal (unconstrained preference),151,34,64,6,7
15,temporal (unconstrained preference),151,39,64,6,7
15,temporal (unconstrained preference),151,41,64,6,7
15,temporal (unconstrained preference),151,51,64,6,7
15,temporal (unconstrained preference),152,23,64,6,7
15,temporal (unconstrained preference),152,36,64,6,7
15,temporal (unconstrained preference),152,41,64,6,7
15,temporal (unconstrained preference),152,42,64,6,7
15,temporal (unconstrained preference),152,52,64,6,7
15,temporal (unconstrained preference),152,60,64,6,7
15,temporal (unconstrained preference),153,5,64,6,7
15,temporal (unconstrained preference),153,21,64,6,7
15,temporal (unconstrained preference),153,32,64,6,7
15,temporal (unconstrained preference),153,41,64,6,7
15,temporal (unconstrained preference),153,42,64,6,7
15,temporal (unconstrained preference),153,52,64,6,7
15,temporal (unconstrained preference),154,5,64,6,7
15,temporal (unconstrained preference),154,21,64,6,7
15,temporal (unconstrained preference),154,24,64,6,7
15,temporal (unconstrained preference),154,33,64,6,7
15,temporal (unconstrained preference),154,41,64,6,7
15,temporal (unconstrained preference),154,42,64,6,7
15,temporal (unconstrained preference),155,4,64,6,7
15,temporal (unconstrained preference),155,5,64,6,7
15,temporal (unconstrained preference),155,32,64,6,7
15,temporal (unconstrained preference),155,33,64,6,7
15,temporal (unconstrained preference),155,41,64,6,7
15,temporal (unconstrained preference),155,60,64,6,7
15,temporal (unconstrained preference),156,4,64,6,7
15,temporal (unconstrained preference),156,5,64,6,7
15,temporal (unconstrained preference),156,24,64,6,7
15,temporal (unconstrained preference),156,33,64,6,7
15,temporal (unconstrained preference),156,41,64,6,7
15,temporal (unconstrained preference),156,60,64,6,7
15,temporal (unconstrained preference),157,4,64,6,7
15,temporal (unconstrained preference),157,21,64,6,7
15,temporal (unconstrained preference),157,24,64,6,7
15,temporal (unconstrained preference),157,33,64,6,7
15,temporal (unconstrained preference),157,41,64,6,7
15,temporal (unconstrained preference),157,60,64,6,7
15,temporal (unconstrained preference),158,3,64,6,7
15,temporal (unconstrained preference),158,26,64,6,7
15,temporal (unconstrained preference),158,41,64,6,7
15,temporal (unconstrained preference),158,57,64,6,7
15,temporal (unconstrained preference),158,60,64,6,7
15,temporal (unconstrained preference),158,62,64,6,7
15,temporal (unconstrained preference),159,5,64,6,7
15,temporal (unconstrained preference),159,26,64,6,7
15,temporal (unconstrained preference),159,34,64,6,7
15,temporal (unconstrained preference),159,41,64,6,7
15,temporal (unconstrained preference),159,42,64,6,7
15,temporal (unconstrained preference),159,60,64,6,7
15,temporal (unconstrained preference),160,3,64,6,7
15,temporal (unconstrained preference),160,5,64,6,7
15,temporal (unconstrained preference),160,26,64,6,7
15,temporal (unconstrained preference),160,34,64,6,7
15,temporal (unconstrained preference),160,35,64,6,7
15,temporal (unconstrained preference),160,41,64,6,7
15,temporal (unconstrained preference),161,0,64,6,7
15,temporal (unconstrained preference),161,3,64,6,7
15,temporal (unconstrained preference),161,5,64,6,7
15,temporal (unconstrained preference),161,26,64,6,7
15,temporal (unconstrained preference),161,34,64,6,7
15,temporal (unconstrained preference),161,41,64,6,7
15,temporal (unconstrained preference),162,5,64,6,7
15,temporal (unconstrained preference),162,13,64,6,7
15,temporal (unconstrained preference),162,34,64,6,7
15,temporal (unconstrained preference),162,39,64,6,7
15,temporal (unconstrained preference),162,41,64,6,7
15,temporal (unconstrained preference),162,58,64,6,7
15,temporal (unconstrained preference),163,6,64,6,7
15,temporal (unconstrained preference),163,13,64,6,7
15,temporal (unconstrained preference),163,17,64,6,7
15,temporal (unconstrained preference),163,34,64,6,7
15,temporal (unconstrained preference),163,39,64,6,7
15,temporal (unconstrained preference),163,41,64,6,7
15,temporal (unconstrained preference),164,0,64,6,7
15,temporal (unconstrained preference),164,3,64,6,7
15,temporal (unconstrained preference),164,41,64,6,7
15,temporal (unconstrained preference),164,42,64,6,7
15,temporal (unconstrained preference),164,56,64,6,7
15,temporal (unconstrained preference),164,57,64,6,7
15,temporal (unconstrained preference),165,3,64,6,7
15,temporal (unconstrained preference),165,26,64,6,7
15,temporal (unconstrained preference),165,27,64,6,7
15,temporal (unconstrained preference),165,35,64,6,7
15,temporal (unconstrained preference),165,41,64,6,7
15,temporal (unconstrained preference),165,42,64,6,7
15,temporal (unconstrained preference),166,5,64,6,7
15,temporal (unconstrained preference),166,18,64,6,7
15,temporal (unconstrained preference),166,26,64,6,7
15,temporal (unconstrained preference),166,41,64,6,7
15,temporal (unconstrained preference),166,42,64,6,7
15,temporal (unconstrained preference),166,60,64,6,7
15,temporal (unconstrained preference),167,0,64,6,7
15,temporal (unconstrained preference),167,5,64,6,7
15,temporal (unconstrained preference),167,24,64,6,7
15,temporal (unconstrained preference),167,41,64,6,7
15,temporal (unconstrained preference),167,42,64,6,7
15,temporal (unconstrained preference),167,60,64,6,7
15,temporal (unconstrained preference),168,3,64,6,7
15,temporal (unconstrained preference),168,28,64,6,7
15,temporal (unconstrained preference),168,35,64,6,7
15,temporal (unconstrained preference),168,40,64,6,7
15,temporal (unconstrained preference),168,41,64,6,7
15,temporal (unconstrained preference),168,60,64,6,7
15,temporal (unconstrained preference),169,0,64,6,7
15,temporal (unconstrained preference),169,26,64,6,7
15,temporal (unconstrained preference),169,28,64,6,7
15,temporal (unconstrained preference),169,32,64,6,7
15,temporal (unconstrained preference),169,41,64,6,7
15,temporal (unconstrained preference),169,60,64,6,7
15,temporal (unconstrained preference),170,5,64,6,7
15,temporal (unconstrained preference),170,24,64,6,7
15,temporal (unconstrained preference),170,26,64,6,7
15,temporal (unconstrained preference),170,41,64,6,7
15,temporal (unconstrained preference),170,57,64,6,7
15,temporal (unconstrained preference),170,60,64,6,7
15,temporal (unconstrained preference),171,3,64,6,7
15,temporal (unconstrained preference),171,28,64,6,7
15,temporal (unconstrained preference),171,41,64,6,7
15,temporal (unconstrained preference),171,56,64,6,7
15,temporal (unconstrained preference),171,57,64,6,7
15,temporal (unconstrained preference),171,60,64,6,7
15,temporal (unconstrained preference),172,5,64,6,7
15,temporal (unconstrained preference),172,28,64,6,7
15,temporal (unconstrained preference),172,32,64,6,7
15,temporal (unconstrained preference),172,40,64,6,7
15,temporal (unconstrained preference),172,41,64,6,7
15,temporal (unconstrained preference),172,60,64,6,7
15,temporal (unconstrained preference),173,28,64,6,7
15,temporal (unconstrained preference),173,32,64,6,7
15,temporal (unconstrained preference),173,34,64,6,7
15,temporal (unconstrained preference),173,41,64,6,7
15,temporal (unconstrained preference),173,52,64,6,7
15,temporal (unconstrained preference),173,60,64,6,7
15,temporal (unconstrained preference),174,0,64,6,7
15,temporal (unconstrained preference),174,24,64,6,7
15,temporal (unconstrained preference),174,28,64,6,7
15,temporal (unconstrained preference),174,41,64,6,7
15,temporal (unconstrained preference),174,57,64,6,7
15,temporal (unconstrained preference),174,60,64,6,7
15,temporal (unconstrained preference),175,23,64,6,7
15,temporal (unconstrained preference),175,27,64,6,7
15,temporal (unconstrained preference),175,28,64,6,7
15,temporal (unconstrained preference),175,41,64,6,7
15,temporal (unconstrained preference),175,56,64,6,7
15,temporal (unconstrained preference),175,60,64,6,7
15,temporal (unconstrained preference),176,26,64,6,7
15,temporal (unconstrained preference),176,27,64,6,7
15,temporal (unconstrained preference),176,35,64,6,7
15,temporal (unconstrained preference),176,40,64,6,7
15,temporal (unconstrained preference),176,41,64,6,7
15,temporal (unconstrained preference),176,60,64,6,7
15,temporal (unconstrained preference),177,26,64,6,7
15,temporal (unconstrained preference),177,28,64,6,7
15,temporal (unconstrained preference),177,40,64,6,7
15,temporal (unconstrained preference),177,41,64,6,7
15,temporal (unconstrained preference),177,52,64,6,7
15,temporal (unconstrained preference),177,60,64,6,7
15,temporal (unconstrained preference),178,4,64,6,7
15,temporal (unconstrained preference),178,28,64,6,7
15,temporal (unconstrained preference),178,40,64,6,7
15,temporal (unconstrained preference),178,41,64,6,7
15,temporal (unconstrained preference),178,56,64,6,7
15,temporal (unconstrained preference),178,60,64,6,7
15,temporal (unconstrained preference),179,13,64,6,7
15,temporal (unconstrained preference),179,17,64,6,7
15,temporal (unconstrained preference),179,23,64,6,7
15,temporal (unconstrained preference),179,34,64,6,7
15,temporal (unconstrained preference),179,41,64,6,7
15,temporal (unconstrained preference),179,60,64,6,7
15,temporal (unconstrained preference),180,17,64,6,7
15,temporal (unconstrained preference),180,29,64,6,7
15,temporal (unconstrained preference),180,41,64,6,7
15,temporal (unconstrained preference),180,42,64,6,7
15,temporal (unconstrained preference),180,52,64,6,7
15,temporal (unconstrained preference),180,60,64,6,7
15,temporal (unconstrained preference),181,0,64,6,7
15,temporal (unconstrained preference),181,26,64,6,7
15,temporal (unconstrained preference),181,28,64,6,7
15,temporal (unconstrained preference),181,32,64,6,7
15,temporal (unconstrained preference),181,41,64,6,7
15,temporal (unconstrained preference),181,52,64,6,7
15,temporal (unconstrained preference),182,24,64,6,7
15,temporal (unconstrained preference),182,26,64,6,7
15,temporal (unconstrained preference),182,28,64,6,7
15,temporal (unconstrained preference),182,41,64,6,7
15,temporal (unconstrained preference),182,56,64,6,7
15,temporal (unconstrained preference),182,60,64,6,7
15,temporal (unconstrained preference),183,28,64,6,7
15,temporal (unconstrained preference),183,35,64,6,7
15,temporal (unconstrained preference),183,41,64,6,7
15,temporal (unconstrained preference),183,46,64,6,7
15,temporal (unconstrained preference),183,48,64,6,7
15,temporal (unconstrained preference),183,60,64,6,7
15,temporal (unconstrained preference),184,0,64,6,7
15,temporal (unconstrained preference),184,26,64,6,7
15,temporal (unconstrained preference),184,28,64,6,7
15,temporal (unconstrained preference),184,32,64,6,7
15,temporal (unconstrained preference),184,40,64,6,7
15,temporal (unconstrained preference),184,41,64,6,7
15,temporal (unconstrained preference),185,26,64,6,7
15,temporal (unconstrained preference),185,28,64,6,7
15,temporal (unconstrained preference),185,41,64,6,7
15,temporal (unconstrained preference),185,46,64,6,7
15,temporal (unconstrained preference),185,56,64,6,7
15,temporal (unconstrained preference),185,60,64,6,7
15,temporal (unconstrained preference),186,4,64,6,7
15,temporal (unconstrained preference),186,28,64,6,7
15,temporal (unconstrained preference),186,41,64,6,7
15,temporal (unconstrained preference),186,46,64,6,7
15,temporal (unconstrained preference),186,56,64,6,7
15,temporal (unconstrained preference),186,60,64,6,7
15,temporal (unconstrained preference),187,20,64,6,7
15,temporal (unconstrained preference),187,26,64,6,7
15,temporal (unconstrained preference),187,28,64,6,7
15,temporal (unconstrained preference),187,41,64,6,7
15,temporal (unconstrained preference),187,46,64,6,7
15,temporal (unconstrained preference),187,48,64,6,7
15,temporal (unconstrained preference),188,13,64,6,7
15,temporal (unconstrained preference),188,26,64,6,7
15,temporal (unconstrained preference),188,28,64,6,7
15,temporal (unconstrained preference),188,32,64,6,7
15,temporal (unconstrained preference),188,34,64,6,7
15,temporal (unconstrained preference),188,41,64,6,7
15,temporal (unconstrained preference),189,9,64,6,7
15,temporal (unconstrained preference),189,13,64,6,7
15,temporal (unconstrained preference),189,17,64,6,7
15,temporal (unconstrained preference),189,34,64,6,7
15,temporal (unconstrained preference),189,41,64,6,7
15,temporal (unconstrained preference),189,60,64,6,7
15,temporal (unconstrained preference),190,13,64,6,7
15,temporal (unconstrained preference),190,17,64,6,7
15,temporal (unconstrained preference),190,23,64,6,7
15,temporal (unconstrained preference),190,41,64,6,7
15,temporal (unconstrained preference),190,42,64,6,7
15,temporal (unconstrained preference),190,60,64,6,7
15,temporal (unconstrained preference),191,2,64,6,7
15,temporal (unconstrained preference),191,23,64,6,7
15,temporal (unconstrained preference),191,41,64,6,7
15,temporal (unconstrained preference),191,42,64,6,7
15,temporal (unconstrained preference),191,52,64,6,7
15,temporal (unconstrained preference),191,60,64,6,7
15,temporal (unconstrained preference),192,3,64,6,7
15,temporal (unconstrained preference),192,26,64,6,7
15,temporal (unconstrained preference),192,41,64,6,7
15,temporal (unconstrained preference),192,42,64,6,7
15,temporal (unconstrained preference),192,56,64,6,7
15,temporal (unconstrained preference),192,60,64,6,7
15,temporal (unconstrained preference),193,0,64,6,7
15,temporal (unconstrained preference),193,26,64,6,7
15,temporal (unconstrained preference),193,41,64,6,7
15,temporal (unconstrained preference),193,42,64,6,7
15,temporal (unconstrained preference),193,52,64,6,7
15,temporal (unconstrained preference),193,60,64,6,7
15,temporal (unconstrained preference),194,26,64,6,7
15,temporal (unconstrained preference),194,41,64,6,7
15,temporal (unconstrained preference),194,46,64,6,7
15,temporal (unconstrained preference),194,56,64,6,7
15,temporal (unconstrained preference),194,57,64,6,7
15,temporal (unconstrained preference),194,60,64,6,7
15,temporal (unconstrained preference),195,26,64,6,7
15,temporal (unconstrained preference),195,28,64,6,7
15,temporal (unconstrained preference),195,35,64,6,7
15,temporal (unconstrained preference),195,41,64,6,7
15,temporal (unconstrained preference),195,48,64,6,7
15,temporal (unconstrained preference),195,52,64,6,7
15,temporal (unconstrained preference),196,15,64,6,7
15,temporal (unconstrained preference),196,16,64,6,7
15,temporal (unconstrained preference),196,26,64,6,7
15,temporal (unconstrained preference),196,34,64,6,7
15,temporal (unconstrained preference),196,35,64,6,7
15,temporal (unconstrained preference),196,41,64,6,7
15,temporal (unconstrained preference),197,0,64,6,7
15,temporal (unconstrained preference),197,26,64,6,7
15,temporal (unconstrained preference),197,41,64,6,7
15,temporal (unconstrained preference),197,46,64,6,7
15,temporal (unconstrained preference),197,56,64,6,7
15,temporal (unconstrained preference),197,60,64,6,7
15,temporal (unconstrained preference),198,0,64,6,7
15,temporal (unconstrained preference),198,9,64,6,7
15,temporal (unconstrained preference),198,41,64,6,7
15,temporal (unconstrained preference),198,46,64,6,7
15,temporal (unconstrained preference),198,56,64,6,7
15,temporal (unconstrained preference),198,60,64,6,7
15,temporal (unconstrained preference),199,26,64,6,7
15,temporal (unconstrained preference),199,28,64,6,7
15,temporal (unconstrained preference),199,35,64,6,7
15,temporal (unconstrained preference),199,40,64,6,7
15,temporal (unconstrained preference),199,41,64,6,7
15,temporal (unconstrained preference),199,46,64,6,7
15,temporal (unconstrained preference),200,15,64,6,7
15,temporal (unconstrained preference),200,26,64,6,7
15,temporal (unconstrained preference),200,28,64,6,7
15,temporal (unconstrained preference),200,32,64,6,7
15,temporal (unconstrained preference),200,41,64,6,7
15,temporal (unconstrained preference),200,46,64,6,7
15,temporal (unconstrained preference),201,13,64,6,7
15,temporal (unconstrained preference),201,26,64,6,7
15,temporal (unconstrained preference),201,28,64,6,7
15,temporal (unconstrained preference),201,41,64,6,7
15,temporal (unconstrained preference),201,48,64,6,7
15,temporal (unconstrained preference),201,56,64,6,7
15,temporal (unconstrained preference),202,13,64,6,7
15,temporal (unconstrained preference),202,17,64,6,7
15,temporal (unconstrained preference),202,39,64,6,7
15,temporal (unconstrained preference),202,41,64,6,7
15,temporal (unconstrained preference),202,48,64,6,7
15,temporal (unconstrained preference),202,60,64,6,7
15,temporal (unconstrained preference),203,2,64,6,7
15,temporal (unconstrained preference),203,23,64,6,7
15,temporal (unconstrained preference),203,41,64,6,7
15,temporal (unconstrained preference),203,42,64,6,7
15,temporal (unconstrained preference),203,52,64,6,7
15,temporal (unconstrained preference),203,60,64,6,7
15,temporal (unconstrained preference),204,15,64,6,7
15,temporal (unconstrained preference),204,28,64,6,7
15,temporal (unconstrained preference),204,41,64,6,7
15,temporal (unconstrained preference),204,42,64,6,7
15,temporal (unconstrained preference),204,52,64,6,7
15,temporal (unconstrained preference),204,60,64,6,7
15,temporal (unconstrained preference),205,16,64,6,7
15,temporal (unconstrained preference),205,26,64,6,7
15,temporal (unconstrained preference),205,28,64,6,7
15,temporal (unconstrained preference),205,41,64,6,7
15,temporal (unconstrained preference),205,56,64,6,7
15,temporal (unconstrained preference),205,60,64,6,7
15,temporal (unconstrained preference),206,3,64,6,7
15,temporal (unconstrained preference),206,23,64,6,7
15,temporal (unconstrained preference),206,28,64,6,7
15,temporal (unconstrained preference),206,41,64,6,7
15,temporal (unconstrained preference),206,45,64,6,7
15,temporal (unconstrained preference),206,56,64,6,7
15,temporal (unconstrained preference),207,3,64,6,7
15,temporal (unconstrained preference),207,26,64,6,7
15,temporal (unconstrained preference),207,28,64,6,7
15,temporal (unconstrained preference),207,35,64,6,7
15,temporal (unconstrained preference),207,41,64,6,7
15,temporal (unconstrained preference),207,60,64,6,7
15,temporal (unconstrained preference),208,0,64,6,7
15,temporal (unconstrained preference),208,24,64,6,7
15,temporal (unconstrained preference),208,26,64,6,7
15,temporal (unconstrained preference),208,28,64,6,7
15,temporal (unconstrained preference),208,41,64,6,7
15,temporal (unconstrained preference),208,60,64,6,7
15,temporal (unconstrained preference),209,3,64,6,7
15,temporal (unconstrained preference),209,15,64,6,7
15,temporal (unconstrained preference),209,28,64,6,7
15,temporal (unconstrained preference),209,40,64,6,7
15,temporal (unconstrained preference),209,41,64,6,7
15,temporal (unconstrained preference),209,46,64,6,7
15,temporal (unconstrained preference),210,3,64,6,7
15,temporal (unconstrained preference),210,5,64,6,7
15,temporal (unconstrained preference),210,24,64,6,7
15,temporal (unconstrained preference),210,26,64,6,7
15,temporal (unconstrained preference),210,41,64,6,7
15,temporal (unconstrained preference),210,56,64,6,7
15,temporal (unconstrained preference),211,5,64,6,7
15,temporal (unconstrained preference),211,24,64,6,7
15,temporal (unconstrained preference),211,26,64,6,7
15,temporal (unconstrained preference),211,41,64,6,7
15,temporal (unconstrained preference),211,56,64,6,7
15,temporal (unconstrained preference),211,60,64,6,7
15,temporal (unconstrained preference),212,13,64,6,7
15,temporal (unconstrained preference),212,17,64,6,7
15,temporal (unconstrained preference),212,26,64,6,7
15,temporal (unconstrained preference),212,41,64,6,7
15,temporal (unconstrained preference),212,56,64,6,7
15,temporal (unconstrained preference),212,60,64,6,7
15,temporal (unconstrained preference),213,6,64,6,7
15,temporal (unconstrained preference),213,13,64,6,7
15,temporal (unconstrained preference),213,17,64,6,7
15,temporal (unconstrained preference),213,41,64,6,7
15,temporal (unconstrained preference),213,42,64,6,7
15,temporal (unconstrained preference),213,60,64,6,7
15,temporal (unconstrained preference),214,7,64,6,7
15,temporal (unconstrained preference),214,15,64,6,7
15,temporal (unconstrained preference),214,29,64,6,7
15,temporal (unconstrained preference),214,41,64,6,7
15,temporal (unconstrained preference),214,42,64,6,7
15,temporal (unconstrained preference),214,56,64,6,7
15,temporal (unconstrained preference),215,24,64,6,7
15,temporal (unconstrained preference),215,26,64,6,7
15,temporal (unconstrained preference),215,27,64,6,7
15,temporal (unconstrained preference),215,29,64,6,7
15,temporal (unconstrained preference),215,41,64,6,7
15,temporal (unconstrained preference),215,42,64,6,7
15,temporal (unconstrained preference),216,15,64,6,7
15,temporal (unconstrained preference),216,24,64,6,7
15,temporal (unconstrained preference),216,27,64,6,7
15,temporal (unconstrained preference),216,29,64,6,7
15,temporal (unconstrained preference),216,41,64,6,7
15,temporal (unconstrained preference),216,56,64,6,7
15,temporal (unconstrained preference),217,9,64,6,7
15,temporal (unconstrained preference),217,26,64,6,7
15,temporal (unconstrained preference),217,35,64,6,7
15,temporal (unconstrained preference),217,40,64,6,7
15,temporal (unconstrained preference),217,41,64,6,7
15,temporal (unconstrained preference),217,51,64,6,7
15,temporal (unconstrained preference),218,15,64,6,7
15,temporal (unconstrained preference),218,26,64,6,7
15,temporal (unconstrained preference),218,35,64,6,7
15,temporal (unconstrained preference),218,41,64,6,7
15,temporal (unconstrained preference),218,56,64,6,7
15,temporal (unconstrained preference),218,60,64,6,7
15,temporal (unconstrained preference),219,14,64,6,7
15,temporal (unconstrained preference),219,15,64,6,7
15,temporal (unconstrained preference),219,24,64,6,7
15,temporal (unconstrained preference),219,26,64,6,7
15,temporal (unconstrained preference),219,41,64,6,7
15,temporal (unconstrained preference),219,60,64,6,7
38,temporal (resident set used),0,11,64,6,9
38,temporal (resident set used),0,25,64,6,9
38,temporal (resident set used),0,28,64,6,9
38,temporal (resident set used),0,56,64,6,9
38,temporal (resident set used),0,59,64,6,9
38,temporal (resident set used),0,61,64,6,9
38,temporal (resident set used),1,11,64,6,9
38,temporal (resident set used),1,25,64,6,9
38,temporal (resident set used),1,28,64,6,9
38,temporal (resident set used),1,41,64,6,9
38,temporal (resident set used),1,56,64,6,9
38,temporal (resident set used),1,59,64,6,9
38,temporal (resident set used),2,11,64,6,9
38,temporal (resident set used),2,25,64,6,9
38,temporal (resident set used),2,28,64,6,9
38,temporal (resident set used),2,41,64,6,9
38,temporal (resident set used),2,57,64,6,9
38,temporal (resident set used),2,59,64,6,9
38,temporal (resident set used),3,25,64,6,9
38,temporal (resident set used),3,28,64,6,9
38,temporal (resident set used),3,41,64,6,9
38,temporal (resident set used),3,54,64,6,9
38,temporal (resident set used),3,57,64,6,9
38,temporal (resident set used),3,59,64,6,9
38,temporal (resident set used),4,25,64,6,9
38,temporal (resident set used),4,28,64,6,9
38,temporal (resident set used),4,46,64,6,9
38,temporal (resident set used),4,54,64,6,9
38,temporal (resident set used),4,57,64,6,9
38,temporal (resident set used),4,59,64,6,9
38,temporal (resident set used),5,25,64,6,9
38,temporal (resident set used),5,28,64,6,9
38,temporal (resident set used),5,46,64,6,9
38,temporal (resident set used),5,54,64,6,9
38,temporal (resident set used),5,56,64,6,9
38,temporal (resident set used),5,59,64,6,9
38,temporal (resident set used),6,25,64,6,9
38,temporal (resident set used),6,28,64,6,9
38,temporal (resident set used),6,46,64,6,9
38,temporal (resident set used),6,54,64,6,9
38,temporal (resident set used),6,56,64,6,9
38,temporal (resident set used),6,57,64,6,9
38,temporal (resident set used),7,28,64,6,9
38,temporal (resident set used),7,46,64,6,9
38,temporal (resident set used),7,54,64,6,9
38,temporal (resident set used),7,56,64,6,9
38,temporal (resident set used),7,57,64,6,9
38,temporal (resident set used),7,59,64,6,9
38,temporal (resident set used),8,25,64,6,9
38,temporal (resident set used),8,28,64,6,9
38,temporal (resident set used),8,54,64,6,9
38,temporal (resident set used),8,56,64,6,9
38,temporal (resident set used),8,57,64,6,9
38,temporal (resident set used),8,59,64,6,9
38,temporal (resident set used),9,25,64,6,9
38,temporal (resident set used),9,46,64,6,9
38,temporal (resident set used),9,54,64,6,9
38,temporal (resident set used),9,56,64,6,9
38,temporal (resident set used),9,57,64,6,9
38,temporal (resident set used),9,59,64,6,9
38,temporal (resident set used),10,25,64,6,9
38,temporal (resident set used),10,28,64,6,9
38,temporal (resident set used),10,54,64,6,9
38,temporal (resident set used),10,56,64,6,9
38,temporal (resident set used),10,57,64,6,9
38,temporal (resident set used),10,59,64,6,9
38,temporal (resident set used),11,25,64,6,9
38,temporal (resident set used),11,28,64,6,9
38,temporal (resident set used),11,54,64,6,9
38,temporal (resident set used),11,56,64,6,9
38,temporal (resident set used),11,57,64,6,9
38,temporal (resident set used),11,59,64,6,9
38,temporal (resident set used),12,25,64,6,9
38,temporal (resident set used),12,28,64,6,9
38,temporal (resident set used),12,54,64,6,9
38,temporal (resident set used),12,56,64,6,9
38,temporal (resident set used),12,59,64,6,9
38,temporal (resident set used),12,61,64,6,9
38,temporal (resident set used),13,25,64,6,9
38,temporal (resident set used),13,28,64,6,9
38,temporal (resident set used),13,54,64,6,9
38,temporal (resident set used),13,57,64,6,9
38,temporal (resident set used),13,59,64,6,9
38,temporal (resident set used),13,61,64,6,9
38,temporal (resident set used),14,25,64,6,9
38,temporal (resident set used),14,28,64,6,9
38,temporal (resident set used),14,54,64,6,9
38,temporal (resident set used),14,56,64,6,9
38,temporal (resident set used),14,57,64,6,9
38,temporal (resident set used),14,59,64,6,9
38,temporal (resident set used),15,25,64,6,9
38,temporal (resident set used),15,28,64,6,9
38,temporal (resident set used),15,37,64,6,9
38,temporal (resident set used),15,54,64,6,9
38,temporal (resident set used),15,57,64,6,9
38,temporal (resident set used),15,59,64,6,9
38,temporal (resident set used),16,25,64,6,9
38,temporal (resident set used),16,28,64,6,9
38,temporal (resident set used),16,54,64,6,9
38,temporal (resident set used),16,56,64,6,9
38,temporal (resident set used),16,57,64,6,9
38,temporal (resident set used),16,59,64,6,9
38,temporal (resident set used),17,25,64,6,9
38,temporal (resident set used),17,28,64,6,9
38,temporal (resident set used),17,41,64,6,9
38,temporal (resident set used),17,54,64,6,9
38,temporal (resident set used),17,56,64,6,9
38,temporal (resident set used),17,59,64,6,9
38,temporal (resident set used),18,25,64,6,9
38,temporal (resident set used),18,28,64,6,9
38,temporal (resident set used),18,37,64,6,9
38,temporal (resident set used),18,54,64,6,9
38,temporal (resident set used),18,56,64,6,9
38,temporal (resident set used),18,59,64,6,9
38,temporal (resident set used),19,25,64,6,9
38,temporal (resident set used),19,28,64,6,9
38,temporal (resident set used),19,37,64,6,9
38,temporal (resident set used),19,54,64,6,9
38,temporal (resident set used),19,56,64,6,9
38,temporal (resident set used),19,59,64,6,9
38,temporal (resident set used),20,25,64,6,9
38,temporal (resident set used),20,28,64,6,9
38,temporal (resident set used),20,37,64,6,9
38,temporal (resident set used),20,54,64,6,9
38,temporal (resident set used),20,57,64,6,9
38,temporal (resident set used),20,59,64,6,9
38,temporal (resident set used),21,25,64,6,9
38,temporal (resident set used),21,28,64,6,9
38,temporal (resident set used),21,54,64,6,9
38,temporal (resident set used),21,56,64,6,9
38,temporal (resident set used),21,57,64,6,9
38,temporal (resident set used),21,59,64,6,9
38,temporal (resident set used),22,25,64,6,9
38,temporal (resident set used),22,46,64,6,9
38,temporal (resident set used),22,54,64,6,9
38,temporal (resident set used),22,56,64,6,9
38,temporal (resident set used),22,57,64,6,9
38,temporal (resident set used),22,59,64,6,9
38,temporal (resident set used),23,25,64,6,9
38,temporal (resident set used),23,28,64,6,9
38,temporal (resident set used),23,54,64,6,9
38,temporal (resident set used),23,56,64,6,9
38,temporal (resident set used),23,57,64,6,9
38,temporal (resident set used),23,59,64,6,9
38,temporal (resident set used),24,25,64,6,9
38,temporal (resident set used),24,28,64,6,9
38,temporal (resident set used),24,54,64,6,9
38,temporal (resident set used),24,56,64,6,9
38,temporal (resident set used),24,59,64,6,9
38,temporal (resident set used),24,60,64,6,9
38,temporal (resident set used),25,25,64,6,9
38,temporal (resident set used),25,28,64,6,9
38,temporal (resident set used),25,54,64,6,9
38,temporal (resident set used),25,56,64,6,9
38,temporal (resident set used),25,57,64,6,9
38,temporal (resident set used),25,59,64,6,9
38,temporal (resident set used),26,3,64,6,9
38,temporal (resident set used),26,25,64,6,9
38,temporal (resident set used),26,28,64,6,9
38,temporal (resident set used),26,56,64,6,9
38,temporal (resident set used),26,57,64,6,9
38,temporal (resident set used),26,59,64,6,9
38,temporal (resident set used),27,3,64,6,9
38,temporal (resident set used),27,25,64,6,9
38,temporal (resident set used),27,28,64,6,9
38,temporal (resident set used),27,33,64,6,9
38,temporal (resident set used),27,56,64,6,9
38,temporal (resident set used),27,59,64,6,9
38,temporal (resident set used),28,25,64,6,9
38,temporal (resident set used),28,28,64,6,9
38,temporal (resident set used),28,33,64,6,9
38,temporal (resident set used),28,46,64,6,9
38,temporal (resident set used),28,56,64,6,9
38,temporal (resident set used),28,59,64,6,9
38,temporal (resident set used),29,7,64,6,9
38,temporal (resident set used),29,25,64,6,9
38,temporal (resident set used),29,28,64,6,9
38,temporal (resident set used),29,33,64,6,9
38,temporal (resident set used),29,56,64,6,9
38,temporal (resident set used),29,59,64,6,9
38,temporal (resident set used),30,7,64,6,9
38,temporal (resident set used),30,25,64,6,9
38,temporal (resident set used),30,28,64,6,9
38,temporal (resident set used),30,33,64,6,9
38,temporal (resident set used),30,56,64,6,9
38,temporal (resident set used),30,58,64,6,9
38,temporal (resident set used),31,7,64,6,9
38,temporal (resident set used),31,25,64,6,9
38,temporal (resident set used),31,28,64,6,9
38,temporal (resident set used),31,33,64,6,9
38,temporal (resident set used),31,49,64,6,9
38,temporal (resident set used),31,58,64,6,9
38,temporal (resident set used),32,7,64,6,9
38,temporal (resident set used),32,25,64,6,9
38,temporal (resident set used),32,28,64,6,9
38,temporal (resident set used),32,33,64,6,9
38,temporal (resident set used),32,46,64,6,9
38,temporal (resident set used),32,49,64,6,9
38,temporal (resident set used),33,7,64,6,9
38,temporal (resident set used),33,25,64,6,9
38,temporal (resident set used),33,28,64,6,9
38,temporal (resident set used),33,46,64,6,9
38,temporal (resident set used),33,49,64,6,9
38,temporal (resident set used),33,54,64,6,9
38,temporal (resident set used),34,7,64,6,9
38,temporal (resident set used),34,18,64,6,9
38,temporal (resident set used),34,25,64,6,9
38,temporal (resident set used),34,28,64,6,9
38,temporal (resident set used),34,49,64,6,9
38,temporal (resident set used),34,54,64,6,9
38,temporal (resident set used),35,7,64,6,9
38,temporal (resident set used),35,10,64,6,9
38,temporal (resident set used),35,18,64,6,9
38,temporal (resident set used),35,25,64,6,9
38,temporal (resident set used),35,28,64,6,9
38,temporal (resident set used),35,54,64,6,9
38,temporal (resident set used),36,7,64,6,9
38,temporal (resident set used),36,10,64,6,9
38,temporal (resident set used),36,18,64,6,9
38,temporal (resident set used),36,25,64,6,9
38,temporal (resident set used),36,54,64,6,9
38,temporal (resident set used),36,58,64,6,9
38,temporal (resident set used),37,7,64,6,9
38,temporal (resident set used),37,10,64,6,9
38,temporal (resident set used),37,18,64,6,9
38,temporal (resident set used),37,25,64,6,9
38,temporal (resident set used),37,34,64,6,9
38,temporal (resident set used),37,58,64,6,9
38,temporal (resident set used),38,7,64,6,9
38,temporal (resident set used),38,10,64,6,9
38,temporal (resident set used),38,25,64,6,9
38,temporal (resident set used),38,34,64,6,9
38,temporal (resident set used),38,43,64,6,9
38,temporal (resident set used),38,58,64,6,9
38,temporal (resident set used),39,3,64,6,9
38,temporal (resident set used),39,7,64,6,9
38,temporal (resident set used),39,10,64,6,9
38,temporal (resident set used),39,25,64,6,9
38,temporal (resident set used),39,43,64,6,9
38,temporal (resident set used),39,58,64,6,9
38,temporal (resident set used),40,3,64,6,9
38,temporal (resident set used),40,7,64,6,9
38,temporal (resident set used),40,10,64,6,9
38,temporal (resident set used),40,42,64,6,9
38,temporal (resident set used),40,43,64,6,9
38,temporal (resident set used),40,58,64,6,9
38,temporal (resident set used),41,3,64,6,9
38,temporal (resident set used),41,7,64,6,9
38,temporal (resident set used),41,10,64,6,9
38,temporal (resident set used),41,19,64,6,9
38,temporal (resident set used),41,43,64,6,9
38,temporal (resident set used),41,58,64,6,9
38,temporal (resident set used),42,7,64,6,9
38,temporal (resident set used),42,10,64,6,9
38,temporal (resident set used),42,19,64,6,9
38,temporal (resident set used),42,35,64,6,9
38,temporal (resident set used),42,43,64,6,9
38,temporal (resident set used),42,58,64,6,9
38,temporal (resident set used),43,7,64,6,9
38,temporal (resident set used),43,10,64,6,9
38,temporal (resident set used),43,18,64,6,9
38,temporal (resident set used),43,19,64,6,9
38,temporal (resident set used),43,43,64,6,9
38,temporal (resident set used),43,58,64,6,9
38,temporal (resident set used),44,7,64,6,9
38,temporal (resident set used),44,10,64,6,9
38,temporal (resident set used),44,18,64,6,9
38,temporal (resident set used),44,34,64,6,9
38,temporal (resident set used),44,43,64,6,9
38,temporal (resident set used),44,58,64,6,9
38,temporal (resident set used),45,7,64,6,9
38,temporal (resident set used),45,10,64,6,9
38,temporal (resident set used),45,34,64,6,9
38,temporal (resident set used),45,43,64,6,9
38,temporal (resident set used),45,58,64,6,9
38,temporal (resident set used),45,60,64,6,9
38,temporal (resident set used),46,7,64,6,9
38,temporal (resident set used),46,10,64,6,9
38,temporal (resident set used),46,24,64,6,9
38,temporal (resident set used),46,43,64,6,9
38,temporal (resident set used),46,58,64,6,9
38,temporal (resident set used),46,60,64,6,9
38,temporal (resident set used),47,7,64,6,9
38,temporal (resident set used),47,10,64,6,9
38,temporal (resident set used),47,24,64,6,9
38,temporal (resident set used),47,43,64,6,9
38,temporal (resident set used),47,56,64,6,9
38,temporal (resident set used),47,58,64,6,9
38,temporal (resident set used),48,3,64,6,9
38,temporal (resident set used),48,7,64,6,9
38,temporal (resident set used),48,10,64,6,9
38,temporal (resident set used),48,43,64,6,9
38,temporal (resident set used),48,56,64,6,9
38,temporal (resident set used),48,58,64,6,9
38,temporal (resident set used),49,3,64,6,9
38,temporal (resident set used),49,7,64,6,9
38,temporal (resident set used),49,10,64,6,9
38,temporal (resident set used),49,19,64,6,9
38,temporal (resident set used),49,43,64,6,9
38,temporal (resident set used),49,58,64,6,9
38,temporal (resident set used),50,7,64,6,9
38,temporal (resident set used),50,10,64,6,9
38,temporal (resident set used),50,19,64,6,9
38,temporal (resident set used),50,26,64,6,9
38,temporal (resident set used),50,43,64,6,9
38,temporal (resident set used),50,58,64,6,9
38,temporal (resident set used),51,7,64,6,9
38,temporal (resident set used),51,10,64,6,9
38,temporal (resident set used),51,26,64,6,9
38,temporal (resident set used),51,43,64,6,9
38,temporal (resident set used),51,48,64,6,9
38,temporal (resident set used),51,58,64,6,9
38,temporal (resident set used),52,7,64,6,9
38,temporal (resident set used),52,10,64,6,9
38,temporal (resident set used),52,26,64,6,9
38,temporal (resident set used),52,39,64,6,9
38,temporal (resident set used),52,43,64,6,9
38,temporal (resident set used),52,58,64,6,9
38,temporal (resident set used),53,7,64,6,9
38,temporal (resident set used),53,10,64,6,9
38,temporal (resident set used),53,39,64,6,9
38,temporal (resident set used),53,43,64,6,9
38,temporal (resident set used),53,48,64,6,9
38,temporal (resident set used),53,58,64,6,9
38,temporal (resident set used),54,7,64,6,9
38,temporal (resident set used),54,10,64,6,9
38,temporal (resident set used),54,24,64,6,9
38,temporal (resident set used),54,39,64,6,9
38,temporal (resident set used),54,43,64,6,9
38,temporal (resident set used),54,58,64,6,9
38,temporal (resident set used),55,7,64,6,9
38,temporal (resident set used),55,10,64,6,9
38,temporal (resident set used),55,24,64,6,9
38,temporal (resident set used),55,42,64,6,9
38,temporal (resident set used),55,43,64,6,9
38,temporal (resident set used),55,58,64,6,9
38,temporal (resident set used),56,7,64,6,9
38,temporal (resident set used),56,10,64,6,9
38,temporal (resident set used),56,24,64,6,9
38,temporal (resident set used),56,42,64,6,9
38,temporal (resident set used),56,46,64,6,9
38,temporal (resident set used),56,58,64,6,9
38,temporal (resident set used),57,7,64,6,9
38,temporal (resident set used),57,10,64,6,9
38,temporal (resident set used),57,24,64,6,9
38,temporal (resident set used),57,34,64,6,9
38,temporal (resident set used),57,42,64,6,9
38,temporal (resident set used),57,58,64,6,9
38,temporal (resident set used),58,7,64,6,9
38,temporal (resident set used),58,10,64,6,9
38,temporal (resident set used),58,24,64,6,9
38,temporal (resident set used),58,30,64,6,9
38,temporal (resident set used),58,34,64,6,9
38,temporal (resident set used),58,58,64,6,9
38,temporal (resident set used),59,4,64,6,9
38,temporal (resident set used),59,7,64,6,9
38,temporal (resident set used),59,10,64,6,9
38,temporal (resident set used),59,24,64,6,9
38,temporal (resident set used),59,30,64,6,9
38,temporal (resident set used),59,58,64,6,9
38,temporal (resident set used),60,4,64,6,9
38,temporal (resident set used),60,7,64,6,9
38,temporal (resident set used),60,10,64,6,9
38,temporal (resident set used),60,24,64,6,9
38,temporal (resident set used),60,35,64,6,9
38,temporal (resident set used),60,58,64,6,9
38,temporal (resident set used),61,4,64,6,9
38,temporal (resident set used),61,7,64,6,9
38,temporal (resident set used),61,10,64,6,9
38,temporal (resident set used),61,24,64,6,9
38,temporal (resident set used),61,34,64,6,9
38,temporal (resident set used),61,58,64,6,9
38,temporal (resident set used),62,4,64,6,9
38,temporal (resident set used),62,7,64,6,9
38,temporal (resident set used),62,10,64,6,9
38,temporal (resident set used),62,24,64,6,9
38,temporal (resident set used),62,33,64,6,9
38,temporal (resident set used),62,58,64,6,9
38,temporal (resident set used),63,4,64,6,9
38,temporal (resident set used),63,7,64,6,9
38,temporal (resident set used),63,10,64,6,9
38,temporal (resident set used),63,33,64,6,9
38,temporal (resident set used),63,35,64,6,9
38,temporal (resident set used),63,58,64,6,9
38,temporal (resident set used),64,4,64,6,9
38,temporal (resident set used),64,7,64,6,9
38,temporal (resident set used),64,10,64,6,9
38,temporal (resident set used),64,18,64,6,9
38,temporal (resident set used),64,33,64,6,9
38,temporal (resident set used),64,58,64,6,9
38,temporal (resident set used),65,7,64,6,9
38,temporal (resident set used),65,10,64,6,9
38,temporal (resident set used),65,18,64,6,9
38,temporal (resident set used),65,33,64,6,9
38,temporal (resident set used),65,34,64,6,9
38,temporal (resident set used),65,58,64,6,9
38,temporal (resident set used),66,7,64,6,9
38,temporal (resident set used),66,10,64,6,9
38,temporal (resident set used),66,18,64,6,9
38,temporal (resident set used),66,34,64,6,9
38,temporal (resident set used),66,47,64,6,9
38,temporal (resident set used),66,58,64,6,9
38,temporal (resident set used),67,7,64,6,9
38,temporal (resident set used),67,10,64,6,9
38,temporal (resident set used),67,34,64,6,9
38,temporal (resident set used),67,39,64,6,9
38,temporal (resident set used),67,47,64,6,9
38,temporal (resident set used),67,58,64,6,9
38,temporal (resident set used),68,7,64,6,9
38,temporal (resident set used),68,10,64,6,9
38,temporal (resident set used),68,34,64,6,9
38,temporal (resident set used),68,47,64,6,9
38,temporal (resident set used),68,49,64,6,9
38,temporal (resident set used),68,58,64,6,9
38,temporal (resident set used),69,10,64,6,9
38,temporal (resident set used),69,18,64,6,9
38,temporal (resident set used),69,34,64,6,9
38,temporal (resident set used),69,47,64,6,9
38,temporal (resident set used),69,49,64,6,9
38,temporal (resident set used),69,58,64,6,9
38,temporal (resident set used),70,10,64,6,9
38,temporal (resident set used),70,18,64,6,9
38,temporal (resident set used),70,30,64,6,9
38,temporal (resident set used),70,34,64,6,9
38,temporal (resident set used),70,49,64,6,9
38,temporal (resident set used),70,58,64,6,9
38,temporal (resident set used),71,3,64,6,9
38,temporal (resident set used),71,10,64,6,9
38,temporal (resident set used),71,18,64,6,9
38,temporal (resident set used),71,34,64,6,9
38,temporal (resident set used),71,49,64,6,9
38,temporal (resident set used),71,58,64,6,9
38,temporal (resident set used),72,10,64,6,9
38,temporal (resident set used),72,18,64,6,9
38,temporal (resident set used),72,34,64,6,9
38,temporal (resident set used),72,46,64,6,9
38,temporal (resident set used),72,49,64,6,9
38,temporal (resident set used),72,58,64,6,9
38,temporal (resident set used),73,7,64,6,9
38,temporal (resident set used),73,10,64,6,9
38,temporal (resident set used),73,18,64,6,9
38,temporal (resident set used),73,34,64,6,9
38,temporal (resident set used),73,49,64,6,9
38,temporal (resident set used),73,58,64,6,9
38,temporal (resident set used),74,7,64,6,9
38,temporal (resident set used),74,10,64,6,9
38,temporal (resident set used),74,30,64,6,9
38,temporal (resident set used),74,34,64,6,9
38,temporal (resident set used),74,49,64,6,9
38,temporal (resident set used),74,58,64,6,9
38,temporal (resident set used),75,7,64,6,9
38,temporal (resident set used),75,10,64,6,9
38,temporal (resident set used),75,24,64,6,9
38,temporal (resident set used),75,34,64,6,9
38,temporal (resident set used),75,49,64,6,9
38,temporal (resident set used),75,58,64,6,9
38,temporal (resident set used),76,7,64,6,9
38,temporal (resident set used),76,10,64,6,9
38,temporal (resident set used),76,24,64,6,9
38,temporal (resident set used),76,34,64,6,9
38,temporal (resident set used),76,35,64,6,9
38,temporal (resident set used),76,58,64,6,9
38,temporal (resident set used),77,7,64,6,9
38,temporal (resident set used),77,10,64,6,9
38,temporal (resident set used),77,23,64,6,9
38,temporal (resident set used),77,24,64,6,9
38,temporal (resident set used),77,34,64,6,9
38,temporal (resident set used),77,58,64,6,9
38,temporal (resident set used),78,3,64,6,9
38,temporal (resident set used),78,7,64,6,9
38,temporal (resident set used),78,10,64,6,9
38,temporal (resident set used),78,23,64,6,9
38,temporal (resident set used),78,34,64,6,9
38,temporal (resident set used),78,58,64,6,9
38,temporal (resident set used),79,7,64,6,9
38,temporal (resident set used),79,10,64,6,9
38,temporal (resident set used),79,23,64,6,9
38,temporal (resident set used),79,34,64,6,9
38,temporal (resident set used),79,43,64,6,9
38,temporal (resident set used),79,58,64,6,9
38,temporal (resident set used),80,10,64,6,9
38,temporal (resident set used),80,23,64,6,9
38,temporal (resident set used),80,34,64,6,9
38,temporal (resident set used),80,43,64,6,9
38,temporal (resident set used),80,56,64,6,9
38,temporal (resident set used),80,58,64,6,9
38,temporal (resident set used),81,10,64,6,9
38,temporal (resident set used),81,34,64,6,9
38,temporal (resident set used),81,43,64,6,9
38,temporal (resident set used),81,49,64,6,9
38,temporal (resident set used),81,56,64,6,9
38,temporal (resident set used),81,58,64,6,9
38,temporal (resident set used),82,10,64,6,9
38,temporal (resident set used),82,13,64,6,9
38,temporal (resident set used),82,43,64,6,9
38,temporal (resident set used),82,49,64,6,9
38,temporal (resident set used),82,56,64,6,9
38,temporal (resident set used),82,58,64,6,9
38,temporal (resident set used),83,10,64,6,9
38,temporal (resident set used),83,13,64,6,9
38,temporal (resident set used),83,37,64,6,9
38,temporal (resident set used),83,43,64,6,9
38,temporal (resident set used),83,49,64,6,9
38,temporal (resident set used),83,58,64,6,9
38,temporal (resident set used),84,10,64,6,9
38,temporal (resident set used),84,37,64,6,9
38,temporal (resident set used),84,43,64,6,9
38,temporal (resident set used),84,47,64,6,9
38,temporal (resident set used),84,49,64,6,9
38,temporal (resident set used),84,58,64,6,9
38,temporal (resident set used),85,10,64,6,9
38,temporal (resident set used),85,37,64,6,9
38,temporal (resident set used),85,43,64,6,9
38,temporal (resident set used),85,47,64,6,9
38,temporal (resident set used),85,57,64,6,9
38,temporal (resident set used),85,58,64,6,9
38,temporal (resident set used),86,10,64,6,9
38,temporal (resident set used),86,39,64,6,9
38,temporal (resident set used),86,43,64,6,9
38,temporal (resident set used),86,47,64,6,9
38,temporal (resident set used),86,57,64,6,9
38,temporal (resident set used),86,58,64,6,9
38,temporal (resident set used),87,10,64,6,9
38,temporal (resident set used),87,18,64,6,9
38,temporal (resident set used),87,39,64,6,9
38,temporal (resident set used),87,47,64,6,9
38,temporal (resident set used),87,57,64,6,9
38,temporal (resident set used),87,58,64,6,9
38,temporal (resident set used),88,3,64,6,9
38,temporal (resident set used),88,10,64,6,9
38,temporal (resident set used),88,18,64,6,9
38,temporal (resident set used),88,39,64,6,9
38,temporal (resident set used),88,57,64,6,9
38,temporal (resident set used),88,58,64,6,9
38,temporal (resident set used),89,3,64,6,9
38,temporal (resident set used),89,10,64,6,9
38,temporal (resident set used),89,18,64,6,9
38,temporal (resident set used),89,46,64,6,9
38,temporal (resident set used),89,57,64,6,9
38,temporal (resident set used),89,58,64,6,9
38,temporal (resident set used),90,3,64,6,9
38,temporal (resident set used),90,10,64,6,9
38,temporal (resident set used),90,18,64,6,9
38,temporal (resident set used),90,34,64,6,9
38,temporal (resident set used),90,57,64,6,9
38,temporal (resident set used),90,58,64,6,9
38,temporal (resident set used),91,3,64,6,9
38,temporal (resident set used),91,10,64,6,9
38,temporal (resident set used),91,24,64,6,9
38,temporal (resident set used),91,34,64,6,9
38,temporal (resident set used),91,57,64,6,9
38,temporal (resident set used),91,58,64,6,9
38,temporal (resident set used),92,3,64,6,9
38,temporal (resident set used),92,10,64,6,9
38,temporal (resident set used),92,24,64,6,9
38,temporal (resident set used),92,26,64,6,9
38,temporal (resident set used),92,34,64,6,9
38,temporal (resident set used),92,58,64,6,9
38,temporal (resident set used),93,10,64,6,9
38,temporal (resident set used),93,24,64,6,9
38,temporal (resident set used),93,26,64,6,9
38,temporal (resident set used),93,34,64,6,9
38,temporal (resident set used),93,46,64,6,9
38,temporal (resident set used),93,58,64,6,9
38,temporal (resident set used),94,10,64,6,9
38,temporal (resident set used),94,26,64,6,9
38,temporal (resident set used),94,34,64,6,9
38,temporal (resident set used),94,40,64,6,9
38,temporal (resident set used),94,46,64,6,9
38,temporal (resident set used),94,58,64,6,9
38,temporal (resident set used),95,10,64,6,9
38,temporal (resident set used),95,26,64,6,9
38,temporal (resident set used),95,34,64,6,9
38,temporal (resident set used),95,40,64,6,9
38,temporal (resident set used),95,49,64,6,9
38,temporal (resident set used),95,58,64,6,9
38,temporal (resident set used),96,10,64,6,9
38,temporal (resident set used),96,26,64,6,9
38,temporal (resident set used),96,34,64,6,9
38,temporal (resident set used),96,37,64,6,9
38,temporal (resident set used),96,49,64,6,9
38,temporal (resident set used),96,58,64,6,9
38,temporal (resident set used),97,7,64,6,9
38,temporal (resident set used),97,10,64,6,9
38,temporal (resident set used),97,26,64,6,9
38,temporal (resident set used),97,34,64,6,9
38,temporal (resident set used),97,37,64,6,9
38,temporal (resident set used),97,58,64,6,9
38,temporal (resident set used),98,7,64,6,9
38,temporal (resident set used),98,10,64,6,9
38,temporal (resident set used),98,26,64,6,9
38,temporal (resident set used),98,34,64,6,9
38,temporal (resident set used),98,43,64,6,9
38,temporal (resident set used),98,58,64,6,9
38,temporal (resident set used),99,10,64,6,9
38,temporal (resident set used),99,24,64,6,9
38,temporal (resident set used),99,26,64,6,9
38,temporal (resident set used),99,34,64,6,9
38,temporal (resident set used),99,43,64,6,9
38,temporal (resident set used),99,58,64,6,9
38,temporal (resident set used),100,10,64,6,9
38,temporal (resident set used),100,24,64,6,9
38,temporal (resident set used),100,34,64,6,9
38,temporal (resident set used),100,43,64,6,9
38,temporal (resident set used),100,56,64,6,9
38,temporal (resident set used),100,58,64,6,9
38,temporal (resident set used),101,10,64,6,9
38,temporal (resident set used),101,24,64,6,9
38,temporal (resident set used),101,34,64,6,9
38,temporal (resident set used),101,40,64,6,9
38,temporal (resident set used),101,56,64,6,9
38,temporal (resident set used),101,58,64,6,9
38,temporal (resident set used),102,10,64,6,9
38,temporal (resident set used),102,24,64,6,9
38,temporal (resident set used),102,34,64,6,9
38,temporal (resident set used),102,43,64,6,9
38,temporal (resident set used),102,56,64,6,9
38,temporal (resident set used),102,58,64,6,9
38,temporal (resident set used),103,10,64,6,9
38,temporal (resident set used),103,18,64,6,9
38,temporal (resident set used),103,34,64,6,9
38,temporal (resident set used),103,43,64,6,9
38,temporal (resident set used),103,56,64,6,9
38,temporal (resident set used),103,58,64,6,9
38,temporal (resident set used),104,10,64,6,9
38,temporal (resident set used),104,33,64,6,9
38,temporal (resident set used),104,34,64,6,9
38,temporal (resident set used),104,43,64,6,9
38,temporal (resident set used),104,56,64,6,9
38,temporal (resident set used),104,58,64,6,9
38,temporal (resident set used),105,3,64,6,9
38,temporal (resident set used),105,10,64,6,9
38,temporal (resident set used),105,33,64,6,9
38,temporal (resident set used),105,34,64,6,9
38,temporal (resident set used),105,43,64,6,9
38,temporal (resident set used),105,58,64,6,9
38,temporal (resident set used),106,3,64,6,9
38,temporal (resident set used),106,10,64,6,9
38,temporal (resident set used),106,33,64,6,9
38,temporal (resident set used),106,35,64,6,9
38,temporal (resident set used),106,43,64,6,9
38,temporal (resident set used),106,58,64,6,9
38,temporal (resident set used),107,3,64,6,9
38,temporal (resident set used),107,10,64,6,9
38,temporal (resident set used),107,33,64,6,9
38,temporal (resident set used),107,37,64,6,9
38,temporal (resident set used),107,43,64,6,9
38,temporal (resident set used),107,58,64,6,9
38,temporal (resident set used),108,10,64,6,9
38,temporal (resident set used),108,33,64,6,9
38,temporal (resident set used),108,37,64,6,9
38,temporal (resident set used),108,42,64,6,9
38,temporal (resident set used),108,43,64,6,9
38,temporal (resident set used),108,58,64,6,9
38,temporal (resident set used),109,10,64,6,9
38,temporal (resident set used),109,29,64,6,9
38,temporal (resident set used),109,37,64,6,9
38,temporal (resident set used),109,42,64,6,9
38,temporal (resident set used),109,43,64,6,9
38,temporal (resident set used),109,58,64,6,9
38,temporal (resident set used),110,10,64,6,9
38,temporal (resident set used),110,29,64,6,9
38,temporal (resident set used),110,34,64,6,9
38,temporal (resident set used),110,42,64,6,9
38,temporal (resident set used),110,43,64,6,9
38,temporal (resident set used),110,58,64,6,9
38,temporal (resident set used),111,10,64,6,9
38,temporal (resident set used),111,29,64,6,9
38,temporal (resident set used),111,34,64,6,9
38,temporal (resident set used),111,35,64,6,9
38,temporal (resident set used),111,43,64,6,9
38,temporal (resident set used),111,58,64,6,9
38,temporal (resident set used),112,10,64,6,9
38,temporal (resident set used),112,29,64,6,9
38,temporal (resident set used),112,34,64,6,9
38,temporal (resident set used),112,43,64,6,9
38,temporal (resident set used),112,56,64,6,9
38,temporal (resident set used),112,58,64,6,9
38,temporal (resident set used),113,7,64,6,9
38,temporal (resident set used),113,10,64,6,9
38,temporal (resident set used),113,34,64,6,9
38,temporal (resident set used),113,43,64,6,9
38,temporal (resident set used),113,56,64,6,9
38,temporal (resident set used),113,58,64,6,9
38,temporal (resident set used),114,7,64,6,9
38,temporal (resident set used),114,10,64,6,9
38,temporal (resident set used),114,26,64,6,9
38,temporal (resident set used),114,43,64,6,9
38,temporal (resident set used),114,56,64,6,9
38,temporal (resident set used),114,58,64,6,9
38,temporal (resident set used),115,7,64,6,9
38,temporal (resident set used),115,10,64,6,9
38,temporal (resident set used),115,21,64,6,9
38,temporal (resident set used),115,43,64,6,9
38,temporal (resident set used),115,56,64,6,9
38,temporal (resident set used),115,58,64,6,9
38,temporal (resident set used),116,3,64,6,9
38,temporal (resident set used),116,7,64,6,9
38,temporal (resident set used),116,10,64,6,9
38,temporal (resident set used),116,21,64,6,9
38,temporal (resident set used),116,43,64,6,9
38,temporal (resident set used),116,58,64,6,9
38,temporal (resident set used),117,3,64,6,9
38,temporal (resident set used),117,7,64,6,9
38,temporal (resident set used),117,10,64,6,9
38,temporal (resident set used),117,34,64,6,9
38,temporal (resident set used),117,43,64,6,9
38,temporal (resident set used),117,58,64,6,9
38,temporal (resident set used),118,7,64,6,9
38,temporal (resident set used),118,10,64,6,9
38,temporal (resident set used),118,34,64,6,9
38,temporal (resident set used),118,43,64,6,9
38,temporal (resident set used),118,57,64,6,9
38,temporal (resident set used),118,58,64,6,9
38,temporal (resident set used),119,7,64,6,9
38,temporal (resident set used),119,10,64,6,9
38,temporal (resident set used),119,43,64,6,9
38,temporal (resident set used),119,49,64,6,9
38,temporal (resident set used),119,57,64,6,9
38,temporal (resident set used),119,58,64,6,9
38,temporal (resident set used),120,7,64,6,9
38,temporal (resident set used),120,10,64,6,9
38,temporal (resident set used),120,37,64,6,9
38,temporal (resident set used),120,49,64,6,9
38,temporal (resident set used),120,57,64,6,9
38,temporal (resident set used),120,58,64,6,9
38,temporal (resident set used),121,7,64,6,9
38,temporal (resident set used),121,10,64,6,9
38,temporal (resident set used),121,21,64,6,9
38,temporal (resident set used),121,37,64,6,9
38,temporal (resident set used),121,57,64,6,9
38,temporal (resident set used),121,58,64,6,9
38,temporal (resident set used),122,7,64,6,9
38,temporal (resident set used),122,10,64,6,9
38,temporal (resident set used),122,21,64,6,9
38,temporal (resident set used),122,35,64,6,9
38,temporal (resident set used),122,57,64,6,9
38,temporal (resident set used),122,58,64,6,9
38,temporal (resident set used),123,7,64,6,9
38,temporal (resident set used),123,10,64,6,9
38,temporal (resident set used),123,21,64,6,9
38,temporal (resident set used),123,43,64,6,9
38,temporal (resident set used),123,57,64,6,9
38,temporal (resident set used),123,58,64,6,9
38,temporal (resident set used),124,10,64,6,9
38,temporal (resident set used),124,21,64,6,9
38,temporal (resident set used),124,29,64,6,9
38,temporal (resident set used),124,43,64,6,9
38,temporal (resident set used),124,57,64,6,9
38,temporal (resident set used),124,58,64,6,9
38,temporal (resident set used),125,10,64,6,9
38,temporal (resident set used),125,21,64,6,9
38,temporal (resident set used),125,29,64,6,9
38,temporal (resident set used),125,43,64,6,9
38,temporal (resident set used),125,47,64,6,9
38,temporal (resident set used),125,58,64,6,9
38,temporal (resident set used),126,10,64,6,9
38,temporal (resident set used),126,21,64,6,9
38,temporal (resident set used),126,26,64,6,9
38,temporal (resident set used),126,29,64,6,9
38,temporal (resident set used),126,43,64,6,9
38,temporal (resident set used),126,58,64,6,9
38,temporal (resident set used),127,10,64,6,9
38,temporal (resident set used),127,21,64,6,9
38,temporal (resident set used),127,24,64,6,9
38,temporal (resident set used),127,26,64,6,9
38,temporal (resident set used),127,43,64,6,9
38,temporal (resident set used),127,58,64,6,9
38,temporal (resident set used),128,10,64,6,9
38,temporal (resident set used),128,21,64,6,9
38,temporal (resident set used),128,24,64,6,9
38,temporal (resident set used),128,43,64,6,9
38,temporal (resident set used),128,57,64,6,9
38,temporal (resident set used),128,58,64,6,9
38,temporal (resident set used),129,10,64,6,9
38,temporal (resident set used),129,21,64,6,9
38,temporal (resident set used),129,24,64,6,9
38,temporal (resident set used),129,33,64,6,9
38,temporal (resident set used),129,43,64,6,9
38,temporal (resident set used),129,58,64,6,9
38,temporal (resident set used),130,10,64,6,9
38,temporal (resident set used),130,21,64,6,9
38,temporal (resident set used),130,33,64,6,9
38,temporal (resident set used),130,37,64,6,9
38,temporal (resident set used),130,43,64,6,9
38,temporal (resident set used),130,58,64,6,9
38,temporal (resident set used),131,10,64,6,9
38,temporal (resident set used),131,21,64,6,9
38,temporal (resident set used),131,33,64,6,9
38,temporal (resident set used),131,37,64,6,9
38,temporal (resident set used),131,42,64,6,9
38,temporal (resident set used),131,58,64,6,9
38,temporal (resident set used),132,10,64,6,9
38,temporal (resident set used),132,21,64,6,9
38,temporal (resident set used),132,37,64,6,9
38,temporal (resident set used),132,42,64,6,9
38,temporal (resident set used),132,47,64,6,9
38,temporal (resident set used),132,58,64,6,9
38,temporal (resident set used),133,3,64,6,9
38,temporal (resident set used),133,10,64,6,9
38,temporal (resident set used),133,21,64,6,9
38,temporal (resident set used),133,42,64,6,9
38,temporal (resident set used),133,47,64,6,9
38,temporal (resident set used),133,58,64,6,9
38,temporal (resident set used),134,10,64,6,9
38,temporal (resident set used),134,21,64,6,9
38,temporal (resident set used),134,29,64,6,9
38,temporal (resident set used),134,42,64,6,9
38,temporal (resident set used),134,47,64,6,9
38,temporal (resident set used),134,58,64,6,9
38,temporal (resident set used),135,10,64,6,9
38,temporal (resident set used),135,21,64,6,9
38,temporal (resident set used),135,29,64,6,9
38,temporal (resident set used),135,47,64,6,9
38,temporal (resident set used),135,57,64,6,9
38,temporal (resident set used),135,58,64,6,9
38,temporal (resident set used),136,10,64,6,9
38,temporal (resident set used),136,21,64,6,9
38,temporal (resident set used),136,29,64,6,9
38,temporal (resident set used),136,43,64,6,9
38,temporal (resident set used),136,57,64,6,9
38,temporal (resident set used),136,58,64,6,9
38,temporal (resident set used),137,10,64,6,9
38,temporal (resident set used),137,21,64,6,9
38,temporal (resident set used),137,34,64,6,9
38,temporal (resident set used),137,43,64,6,9
38,temporal (resident set used),137,57,64,6,9
38,temporal (resident set used),137,58,64,6,9
38,temporal (resident set used),138,10,64,6,9
38,temporal (resident set used),138,21,64,6,9
38,temporal (resident set used),138,35,64,6,9
38,temporal (resident set used),138,43,64,6,9
38,temporal (resident set used),138,57,64,6,9
38,temporal (resident set used),138,58,64,6,9
38,temporal (resident set used),139,10,64,6,9
38,temporal (resident set used),139,21,64,6,9
38,temporal (resident set used),139,43,64,6,9
38,temporal (resident set used),139,47,64,6,9
38,temporal (resident set used),139,57,64,6,9
38,temporal (resident set used),139,58,64,6,9
38,temporal (resident set used),140,3,64,6,9
38,temporal (resident set used),140,10,64,6,9
38,temporal (resident set used),140,21,64,6,9
38,temporal (resident set used),140,43,64,6,9
38,temporal (resident set used),140,57,64,6,9
38,temporal (resident set used),140,58,64,6,9
38,temporal (resident set used),141,3,64,6,9
38,temporal (resident set used),141,10,64,6,9
38,temporal (resident set used),141,28,64,6,9
38,temporal (resident set used),141,43,64,6,9
38,temporal (resident set used),141,57,64,6,9
38,temporal (resident set used),141,58,64,6,9
38,temporal (resident set used),142,3,64,6,9
38,temporal (resident set used),142,10,64,6,9
38,temporal (resident set used),142,42,64,6,9
38,temporal (resident set used),142,43,64,6,9
38,temporal (resident set used),142,57,64,6,9
38,temporal (resident set used),142,58,64,6,9
38,temporal (resident set used),143,3,64,6,9
38,temporal (resident set used),143,10,64,6,9
38,temporal (resident set used),143,39,64,6,9
38,temporal (resident set used),143,43,64,6,9
38,temporal (resident set used),143,57,64,6,9
38,temporal (resident set used),143,58,64,6,9
38,temporal (resident set used),144,3,64,6,9
38,temporal (resident set used),144,10,64,6,9
38,temporal (resident set used),144,29,64,6,9
38,temporal (resident set used),144,43,64,6,9
38,temporal (resident set used),144,57,64,6,9
38,temporal (resident set used),144,58,64,6,9
38,temporal (resident set used),145,10,64,6,9
38,temporal (resident set used),145,20,64,6,9
38,temporal (resident set used),145,29,64,6,9
38,temporal (resident set used),145,43,64,6,9
38,temporal (resident set used),145,57,64,6,9
38,temporal (resident set used),145,58,64,6,9
38,temporal (resident set used),146,10,64,6,9
38,temporal (resident set used),146,29,64,6,9
38,temporal (resident set used),146,34,64,6,9
38,temporal (resident set used),146,43,64,6,9
38,temporal (resident set used),146,57,64,6,9
38,temporal (resident set used),146,58,64,6,9
38,temporal (resident set used),147,10,64,6,9
38,temporal (resident set used),147,29,64,6,9
38,temporal (resident set used),147,43,64,6,9
38,temporal (resident set used),147,49,64,6,9
38,temporal (resident set used),147,57,64,6,9
38,temporal (resident set used),147,58,64,6,9
38,temporal (resident set used),148,10,64,6,9
38,temporal (resident set used),148,18,64,6,9
38,temporal (resident set used),148,43,64,6,9
38,temporal (resident set used),148,49,64,6,9
38,temporal (resident set used),148,57,64,6,9
38,temporal (resident set used),148,58,64,6,9
38,temporal (resident set used),149,10,64,6,9
38,temporal (resident set used),149,18,64,6,9
38,temporal (resident set used),149,42,64,6,9
38,temporal (resident set used),149,43,64,6,9
38,temporal (resident set used),149,57,64,6,9
38,temporal (resident set used),149,58,64,6,9
38,temporal (resident set used),150,10,64,6,9
38,temporal (resident set used),150,18,64,6,9
38,temporal (resident set used),150,34,64,6,9
38,temporal (resident set used),150,42,64,6,9
38,temporal (resident set used),150,57,64,6,9
38,temporal (resident set used),150,58,64,6,9
38,temporal (resident set used),151,10,64,6,9
38,temporal (resident set used),151,34,64,6,9
38,temporal (resident set used),151,42,64,6,9
38,temporal (resident set used),151,57,64,6,9
38,temporal (resident set used),151,58,64,6,9
38,temporal (resident set used),151,60,64,6,9
38,temporal (resident set used),152,10,64,6,9
38,temporal (resident set used),152,18,64,6,9
38,temporal (resident set used),152,34,64,6,9
38,temporal (resident set used),152,57,64,6,9
38,temporal (resident set used),152,58,64,6,9
38,temporal (resident set used),152,60,64,6,9
38,temporal (resident set used),153,10,64,6,9
38,temporal (resident set used),153,33,64,6,9
38,temporal (resident set used),153,34,64,6,9
38,temporal (resident set used),153,57,64,6,9
38,temporal (resident set used),153,58,64,6,9
38,temporal (resident set used),153,60,64,6,9
38,temporal (resident set used),154,10,64,6,9
38,temporal (resident set used),154,33,64,6,9
38,temporal (resident set used),154,37,64,6,9
38,temporal (resident set used),154,57,64,6,9
38,temporal (resident set used),154,58,64,6,9
38,temporal (resident set used),154,60,64,6,9
38,temporal (resident set used),155,10,64,6,9
38,temporal (resident set used),155,13,64,6,9
38,temporal (resident set used),155,33,64,6,9
38,temporal (resident set used),155,37,64,6,9
38,temporal (resident set used),155,57,64,6,9
38,temporal (resident set used),155,58,64,6,9
38,temporal (resident set used),156,10,64,6,9
38,temporal (resident set used),156,33,64,6,9
38,temporal (resident set used),156,37,64,6,9
38,temporal (resident set used),156,38,64,6,9
38,temporal (resident set used),156,57,64,6,9
38,temporal (resident set used),156,58,64,6,9
38,temporal (resident set used),157,18,64,6,9
38,temporal (resident set used),157,33,64,6,9
38,temporal (resident set used),157,37,64,6,9
38,temporal (resident set used),157,38,64,6,9
38,temporal (resident set used),157,57,64,6,9
38,temporal (resident set used),157,58,64,6,9
38,temporal (resident set used),158,18,64,6,9
38,temporal (resident set used),158,28,64,6,9
38,temporal (resident set used),158,33,64,6,9
38,temporal (resident set used),158,37,64,6,9
38,temporal (resident set used),158,57,64,6,9
38,temporal (resident set used),158,58,64,6,9
38,temporal (resident set used),159,18,64,6,9
38,temporal (resident set used),159,28,64,6,9
38,temporal (resident set used),159,29,64,6,9
38,temporal (resident set used),159,37,64,6,9
38,temporal (resident set used),159,57,64,6,9
38,temporal (resident set used),159,58,64,6,9
38,temporal (resident set used),160,18,64,6,9
38,temporal (resident set used),160,28,64,6,9
38,temporal (resident set used),160,29,64,6,9
38,temporal (resident set used),160,34,64,6,9
38,temporal (resident set used),160,37,64,6,9
38,temporal (resident set used),160,58,64,6,9
38,temporal (resident set used),161,18,64,6,9
38,temporal (resident set used),161,28,64,6,9
38,temporal (resident set used),161,29,64,6,9
38,temporal (resident set used),161,34,64,6,9
38,temporal (resident set used),161,35,64,6,9
38,temporal (resident set used),161,58,64,6,9
38,temporal (resident set used),162,18,64,6,9
38,temporal (resident set used),162,29,64,6,9
38,temporal (resident set used),162,34,64,6,9
38,temporal (resident set used),162,35,64,6,9
38,temporal (resident set used),162,57,64,6,9
38,temporal (resident set used),162,58,64,6,9
38,temporal (resident set used),163,18,64,6,9
38,temporal (resident set used),163,29,64,6,9
38,temporal (resident set used),163,34,64,6,9
38,temporal (resident set used),163,35,64,6,9
38,temporal (resident set used),163,49,64,6,9
38,temporal (resident set used),163,58,64,6,9
38,temporal (resident set used),164,18,64,6,9
38,temporal (resident set used),164,28,64,6,9
38,temporal (resident set used),164,29,64,6,9
38,temporal (resident set used),164,34,64,6,9
38,temporal (resident set used),164,49,64,6,9
38,temporal (resident set used),164,58,64,6,9
38,temporal (resident set used),165,18,64,6,9
38,temporal (resident set used),165,21,64,6,9
38,temporal (resident set used),165,28,64,6,9
38,temporal (resident set used),165,29,64,6,9
38,temporal (resident set used),165,34,64,6,9
38,temporal (resident set used),165,58,64,6,9
38,temporal (resident set used),166,3,64,6,9
38,temporal (resident set used),166,18,64,6,9
38,temporal (resident set used),166,21,64,6,9
38,temporal (resident set used),166,29,64,6,9
38,temporal (resident set used),166,34,64,6,9
38,temporal (resident set used),166,58,64,6,9
38,temporal (resident set used),167,3,64,6,9
38,temporal (resident set used),167,18,64,6,9
38,temporal (resident set used),167,21,64,6,9
38,temporal (resident set used),167,29,64,6,9
38,temporal (resident set used),167,39,64,6,9
38,temporal (resident set used),167,58,64,6,9
38,temporal (resident set used),168,3,64,6,9
38,temporal (resident set used),168,21,64,6,9
38,temporal (resident set used),168,29,64,6,9
38,temporal (resident set used),168,39,64,6,9
38,temporal (resident set used),168,43,64,6,9
38,temporal (resident set used),168,58,64,6,9
38,temporal (resident set used),169,21,64,6,9
38,temporal (resident set used),169,29,64,6,9
38,temporal (resident set used),169,39,64,6,9
38,temporal (resident set used),169,43,64,6,9
38,temporal (resident set used),169,45,64,6,9
38,temporal (resident set used),169,58,64,6,9
38,temporal (resident set used),170,21,64,6,9
38,temporal (resident set used),170,29,64,6,9
38,temporal (resident set used),170,43,64,6,9
38,temporal (resident set used),170,45,64,6,9
38,temporal (resident set used),170,57,64,6,9
38,temporal (resident set used),170,58,64,6,9
38,temporal (resident set used),171,21,64,6,9
38,temporal (resident set used),171,29,64,6,9
38,temporal (resident set used),171,43,64,6,9
38,temporal (resident set used),171,57,64,6,9
38,temporal (resident set used),171,58,64,6,9
38,temporal (resident set used),171,61,64,6,9
38,temporal (resident set used),172,29,64,6,9
38,temporal (resident set used),172,37,64,6,9
38,temporal (resident set used),172,43,64,6,9
38,temporal (resident set used),172,57,64,6,9
38,temporal (resident set used),172,58,64,6,9
38,temporal (resident set used),172,61,64,6,9
38,temporal (resident set used),173,28,64,6,9
38,temporal (resident set used),173,29,64,6,9
38,temporal (resident set used),173,37,64,6,9
38,temporal (resident set used),173,57,64,6,9
38,temporal (resident set used),173,58,64,6,9
38,temporal (resident set used),173,61,64,6,9
38,temporal (resident set used),174,28,64,6,9
38,temporal (resident set used),174,29,64,6,9
38,temporal (resident set used),174,35,64,6,9
38,temporal (resident set used),174,57,64,6,9
38,temporal (resident set used),174,58,64,6,9
38,temporal (resident set used),174,61,64,6,9
38,temporal (resident set used),175,18,64,6,9
38,temporal (resident set used),175,28,64,6,9
38,temporal (resident set used),175,29,64,6,9
38,temporal (resident set used),175,57,64,6,9
38,temporal (resident set used),175,58,64,6,9
38,temporal (resident set used),175,61,64,6,9
38,temporal (resident set used),176,28,64,6,9
38,temporal (resident set used),176,29,64,6,9
38,temporal (resident set used),176,43,64,6,9
38,temporal (resident set used),176,57,64,6,9
38,temporal (resident set used),176,58,64,6,9
38,temporal (resident set used),176,61,64,6,9
38,temporal (resident set used),177,28,64,6,9
38,temporal (resident set used),177,29,64,6,9
38,temporal (resident set used),177,43,64,6,9
38,temporal (resident set used),177,45,64,6,9
38,temporal (resident set used),177,57,64,6,9
38,temporal (resident set used),177,58,64,6,9
38,temporal (resident set used),178,29,64,6,9
38,temporal (resident set used),178,42,64,6,9
38,temporal (resident set used),178,43,64,6,9
38,temporal (resident set used),178,45,64,6,9
38,temporal (resident set used),178,57,64,6,9
38,temporal (resident set used),178,58,64,6,9
38,temporal (resident set used),179,21,64,6,9
38,temporal (resident set used),179,29,64,6,9
38,temporal (resident set used),179,42,64,6,9
38,temporal (resident set used),179,43,64,6,9
38,temporal (resident set used),179,45,64,6,9
38,temporal (resident set used),179,57,64,6,9
38,temporal (resident set used),180,21,64,6,9
38,temporal (resident set used),180,29,64,6,9
38,temporal (resident set used),180,43,64,6,9
38,temporal (resident set used),180,45,64,6,9
38,temporal (resident set used),180,49,64,6,9
38,temporal (resident set used),180,57,64,6,9
38,temporal (resident set used),181,21,64,6,9
38,temporal (resident set used),181,29,64,6,9
38,temporal (resident set used),181,38,64,6,9
38,temporal (resident set used),181,43,64,6,9
38,temporal (resident set used),181,45,64,6,9
38,temporal (resident set used),181,49,64,6,9
38,temporal (resident set used),182,21,64,6,9
38,temporal (resident set used),182,29,64,6,9
38,temporal (resident set used),182,38,64,6,9
38,temporal (resident set used),182,45,64,6,9
38,temporal (resident set used),182,47,64,6,9
38,temporal (resident set used),182,49,64,6,9
38,temporal (resident set used),183,21,64,6,9
38,temporal (resident set used),183,29,64,6,9
38,temporal (resident set used),183,38,64,6,9
38,temporal (resident set used),183,47,64,6,9
38,temporal (resident set used),183,49,64,6,9
38,temporal (resident set used),183,61,64,6,9
38,temporal (resident set used),184,18,64,6,9
38,temporal (resident set used),184,21,64,6,9
38,temporal (resident set used),184,29,64,6,9
38,temporal (resident set used),184,38,64,6,9
38,temporal (resident set used),184,49,64,6,9
38,temporal (resident set used),184,61,64,6,9
38,temporal (resident set used),185,21,64,6,9
38,temporal (resident set used),185,29,64,6,9
38,temporal (resident set used),185,37,64,6,9
38,temporal (resident set used),185,38,64,6,9
38,temporal (resident set used),185,49,64,6,9
38,temporal (resident set used),185,61,64,6,9
38,temporal (resident set used),186,21,64,6,9
38,temporal (resident set used),186,29,64,6,9
38,temporal (resident set used),186,38,64,6,9
38,temporal (resident set used),186,42,64,6,9
38,temporal (resident set used),186,49,64,6,9
38,temporal (resident set used),186,61,64,6,9
38,temporal (resident set used),187,21,64,6,9
38,temporal (resident set used),187,29,64,6,9
38,temporal (resident set used),187,42,64,6,9
38,temporal (resident set used),187,49,64,6,9
38,temporal (resident set used),187,60,64,6,9
38,temporal (resident set used),187,61,64,6,9
38,temporal (resident set used),188,29,64,6,9
38,temporal (resident set used),188,32,64,6,9
38,temporal (resident set used),188,42,64,6,9
38,temporal (resident set used),188,49,64,6,9
38,temporal (resident set used),188,60,64,6,9
38,temporal (resident set used),188,61,64,6,9
38,temporal (resident set used),189,23,64,6,9
38,temporal (resident set used),189,29,64,6,9
38,temporal (resident set used),189,42,64,6,9
38,temporal (resident set used),189,49,64,6,9
38,temporal (resident set used),189,60,64,6,9
38,temporal (resident set used),189,61,64,6,9
38,temporal (resident set used),190,23,64,6,9
38,temporal (resident set used),190,29,64,6,9
38,temporal (resident set used),190,30,64,6,9
38,temporal (resident set used),190,49,64,6,9
38,temporal (resident set used),190,60,64,6,9
38,temporal (resident set used),190,61,64,6,9
38,temporal (resident set used),191,23,64,6,9
38,temporal (resident set used),191,29,64,6,9
38,temporal (resident set used),191,30,64,6,9
38,temporal (resident set used),191,49,64,6,9
38,temporal (resident set used),191,57,64,6,9
38,temporal (resident set used),191,61,64,6,9
38,temporal (resident set used),192,23,64,6,9
38,temporal (resident set used),192,29,64,6,9
38,temporal (resident set used),192,43,64,6,9
38,temporal (resident set used),192,49,64,6,9
38,temporal (resident set used),192,57,64,6,9
38,temporal (resident set used),192,61,64,6,9
38,temporal (resident set used),193,21,64,6,9
38,temporal (resident set used),193,23,64,6,9
38,temporal (resident set used),193,29,64,6,9
38,temporal (resident set used),193,43,64,6,9
38,temporal (resident set used),193,57,64,6,9
38,temporal (resident set used),193,61,64,6,9
38,temporal (resident set used),194,21,64,6,9
38,temporal (resident set used),194,23,64,6,9
38,temporal (resident set used),194,29,64,6,9
38,temporal (resident set used),194,34,64,6,9
38,temporal (resident set used),194,43,64,6,9
38,temporal (resident set used),194,57,64,6,9
38,temporal (resident set used),195,21,64,6,9
38,temporal (resident set used),195,23,64,6,9
38,temporal (resident set used),195,29,64,6,9
38,temporal (resident set used),195,34,64,6,9
38,temporal (resident set used),195,57,64,6,9
38,temporal (resident set used),195,61,64,6,9
38,temporal (resident set used),196,21,64,6,9
38,temporal (resident set used),196,23,64,6,9
38,temporal (resident set used),196,29,64,6,9
38,temporal (resident set used),196,46,64,6,9
38,temporal (resident set used),196,57,64,6,9
38,temporal (resident set used),196,61,64,6,9
38,temporal (resident set used),197,1,64,6,9
38,temporal (resident set used),197,21,64,6,9
38,temporal (resident set used),197,29,64,6,9
38,temporal (resident set used),197,46,64,6,9
38,temporal (resident set used),197,57,64,6,9
38,temporal (resident set used),197,61,64,6,9
38,temporal (resident set used),198,18,64,6,9
38,temporal (resident set used),198,21,64,6,9
38,temporal (resident set used),198,29,64,6,9
38,temporal (resident set used),198,46,64,6,9
38,temporal (resident set used),198,57,64,6,9
38,temporal (resident set used),198,61,64,6,9
38,temporal (resident set used),199,18,64,6,9
38,temporal (resident set used),199,21,64,6,9
38,temporal (resident set used),199,29,64,6,9
38,temporal (resident set used),199,37,64,6,9
38,temporal (resident set used),199,57,64,6,9
38,temporal (resident set used),199,61,64,6,9
38,temporal (resident set used),200,18,64,6,9
38,temporal (resident set used),200,21,64,6,9
38,temporal (resident set used),200,29,64,6,9
38,temporal (resident set used),200,39,64,6,9
38,temporal (resident set used),200,57,64,6,9
38,temporal (resident set used),200,61,64,6,9
38,temporal (resident set used),201,18,64,6,9
38,temporal (resident set used),201,21,64,6,9
38,temporal (resident set used),201,29,64,6,9
38,temporal (resident set used),201,30,64,6,9
38,temporal (resident set used),201,39,64,6,9
38,temporal (resident set used),201,61,64,6,9
38,temporal (resident set used),202,21,64,6,9
38,temporal (resident set used),202,29,64,6,9
38,temporal (resident set used),202,30,64,6,9
38,temporal (resident set used),202,39,64,6,9
38,temporal (resident set used),202,58,64,6,9
38,temporal (resident set used),202,61,64,6,9
38,temporal (resident set used),203,21,64,6,9
38,temporal (resident set used),203,23,64,6,9
38,temporal (resident set used),203,29,64,6,9
38,temporal (resident set used),203,30,64,6,9
38,temporal (resident set used),203,39,64,6,9
38,temporal (resident set used),203,58,64,6,9
38,temporal (resident set used),204,3,64,6,9
38,temporal (resident set used),204,21,64,6,9
38,temporal (resident set used),204,23,64,6,9
38,temporal (resident set used),204,30,64,6,9
38,temporal (resident set used),204,39,64,6,9
38,temporal (resident set used),204,58,64,6,9
38,temporal (resident set used),205,3,64,6,9
38,temporal (resident set used),205,21,64,6,9
38,temporal (resident set used),205,30,64,6,9
38,temporal (resident set used),205,35,64,6,9
38,temporal (resident set used),205,39,64,6,9
38,temporal (resident set used),205,58,64,6,9
38,temporal (resident set used),206,3,64,6,9
38,temporal (resident set used),206,21,64,6,9
38,temporal (resident set used),206,30,64,6,9
38,temporal (resident set used),206,39,64,6,9
38,temporal (resident set used),206,57,64,6,9
38,temporal (resident set used),206,58,64,6,9
38,temporal (resident set used),207,3,64,6,9
38,temporal (resident set used),207,18,64,6,9
38,temporal (resident set used),207,21,64,6,9
38,temporal (resident set used),207,30,64,6,9
38,temporal (resident set used),207,57,64,6,9
38,temporal (resident set used),207,58,64,6,9
38,temporal (resident set used),208,3,64,6,9
38,temporal (resident set used),208,18,64,6,9
38,temporal (resident set used),208,21,64,6,9
38,temporal (resident set used),208,30,64,6,9
38,temporal (resident set used),208,35,64,6,9
38,temporal (resident set used),208,58,64,6,9
38,temporal (resident set used),209,3,64,6,9
38,temporal (resident set used),209,21,64,6,9
38,temporal (resident set used),209,30,64,6,9
38,temporal (resident set used),209,35,64,6,9
38,temporal (resident set used),209,58,64,6,9
38,temporal (resident set used),209,61,64,6,9
38,temporal (resident set used),210,2,64,6,9
38,temporal (resident set used),210,3,64,6,9
38,temporal (resident set used),210,21,64,6,9
38,temporal (resident set used),210,30,64,6,9
38,temporal (resident set used),210,58,64,6,9
38,temporal (resident set used),210,61,64,6,9
38,temporal (resident set used),211,2,64,6,9
38,temporal (resident set used),211,3,64,6,9
38,temporal (resident set used),211,11,64,6,9
38,temporal (resident set used),211,21,64,6,9
38,temporal (resident set used),211,58,64,6,9
38,temporal (resident set used),211,61,64,6,9
38,temporal (resident set used),212,3,64,6,9
38,temporal (resident set used),212,11,64,6,9
38,temporal (resident set used),212,21,64,6,9
38,temporal (resident set used),212,37,64,6,9
38,temporal (resident set used),212,58,64,6,9
38,temporal (resident set used),212,61,64,6,9
38,temporal (resident set used),213,3,64,6,9
38,temporal (resident set used),213,11,64,6,9
38,temporal (resident set used),213,21,64,6,9
38,temporal (resident set used),213,37,64,6,9
38,temporal (resident set used),213,46,64,6,9
38,temporal (resident set used),213,61,64,6,9
38,temporal (resident set used),214,3,64,6,9
38,temporal (resident set used),214,11,64,6,9
38,temporal (resident set used),214,21,64,6,9
38,temporal (resident set used),214,34,64,6,9
38,temporal (resident set used),214,37,64,6,9
38,temporal (resident set used),214,61,64,6,9
38,temporal (resident set used),215,3,64,6,9
38,temporal (resident set used),215,11,64,6,9
38,temporal (resident set used),215,21,64,6,9
38,temporal (resident set used),215,33,64,6,9
38,temporal (resident set used),215,34,64,6,9
38,temporal (resident set used),215,61,64,6,9
38,temporal (resident set used),216,3,64,6,9
38,temporal (resident set used),216,11,64,6,9
38,temporal (resident set used),216,21,64,6,9
38,temporal (resident set used),216,28,64,6,9
38,temporal (resident set used),216,33,64,6,9
38,temporal (resident set used),216,61,64,6,9
38,temporal (resident set used),217,3,64,6,9
38,temporal (resident set used),217,21,64,6,9
38,temporal (resident set used),217,28,64,6,9
38,temporal (resident set used),217,33,64,6,9
38,temporal (resident set used),217,59,64,6,9
38,temporal (resident set used),217,61,64,6,9
38,temporal (resident set used),218,21,64,6,9
38,temporal (resident set used),218,28,64,6,9
38,temporal (resident set used),218,33,64,6,9
38,temporal (resident set used),218,56,64,6,9
38,temporal (resident set used),218,59,64,6,9
38,temporal (resident set used),218,61,64,6,9
38,temporal (resident set used),219,3,64,6,9
38,temporal (resident set used),219,21,64,6,9
38,temporal (resident set used),219,33,64,6,9
38,temporal (resident set used),219,56,64,6,9
38,temporal (resident set used),219,59,64,6,9
38,temporal (resident set used),219,61,64,6,9
38,temporal (unconstrained preference),0,11,64,6,9
38,temporal (unconstrained preference),0,25,64,6,9
38,temporal (unconstrained preference),0,28,64,6,9
38,temporal (unconstrained preference),0,56,64,6,9
38,temporal (unconstrained preference),0,59,64,6,9
38,temporal (unconstrained preference),0,61,64,6,9
38,temporal (unconstrained preference),1,25,64,6,9
38,temporal (unconstrained preference),1,28,64,6,9
38,temporal (unconstrained preference),1,41,64,6,9
38,temporal (unconstrained preference),1,54,64,6,9
38,temporal (unconstrained preference),1,56,64,6,9
38,temporal (unconstrained preference),1,59,64,6,9
38,temporal (unconstrained preference),2,28,64,6,9
38,temporal (unconstrained preference),2,37,64,6,9
38,temporal (unconstrained preference),2,46,64,6,9
38,temporal (unconstrained preference),2,54,64,6,9
38,temporal (unconstrained preference),2,57,64,6,9
38,temporal (unconstrained preference),2,59,64,6,9
38,temporal (unconstrained preference),3,3,64,6,9
38,temporal (unconstrained preference),3,25,64,6,9
38,temporal (unconstrained preference),3,28,64,6,9
38,temporal (unconstrained preference),3,54,64,6,9
38,temporal (unconstrained preference),3,56,64,6,9
38,temporal (unconstrained preference),3,59,64,6,9
38,temporal (unconstrained preference),4,25,64,6,9
38,temporal (unconstrained preference),4,28,64,6,9
38,temporal (unconstrained preference),4,37,64,6,9
38,temporal (unconstrained preference),4,46,64,6,9
38,temporal (unconstrained preference),4,54,64,6,9
38,temporal (unconstrained preference),4,57,64,6,9
38,temporal (unconstrained preference),5,25,64,6,9
38,temporal (unconstrained preference),5,28,64,6,9
38,temporal (unconstrained preference),5,46,64,6,9
38,temporal (unconstrained preference),5,54,64,6,9
38,temporal (unconstrained preference),5,56,64,6,9
38,temporal (unconstrained preference),5,59,64,6,9
38,temporal (unconstrained preference),6,25,64,6,9
38,temporal (unconstrained preference),6,28,64,6,9
38,temporal (unconstrained preference),6,37,64,6,9
38,temporal (unconstrained preference),6,54,64,6,9
38,temporal (unconstrained preference),6,56,64,6,9
38,temporal (unconstrained preference),6,57,64,6,9
38,temporal (unconstrained preference),7,28,64,6,9
38,temporal (unconstrained preference),7,46,64,6,9
38,temporal (unconstrained preference),7,54,64,6,9
38,temporal (unconstrained preference),7,56,64,6,9
38,temporal (unconstrained preference),7,57,64,6,9
38,temporal (unconstrained preference),7,59,64,6,9
38,temporal (unconstrained preference),8,25,64,6,9
38,temporal (unconstrained preference),8,28,64,6,9
38,temporal (unconstrained preference),8,54,64,6,9
38,temporal (unconstrained preference),8,56,64,6,9
38,temporal (unconstrained preference),8,57,64,6,9
38,temporal (unconstrained preference),8,59,64,6,9
38,temporal (unconstrained preference),9,25,64,6,9
38,temporal (unconstrained preference),9,46,64,6,9
38,temporal (unconstrained preference),9,54,64,6,9
38,temporal (unconstrained preference),9,56,64,6,9
38,temporal (unconstrained preference),9,57,64,6,9
38,temporal (unconstrained preference),9,59,64,6,9
38,temporal (unconstrained preference),10,25,64,6,9
38,temporal (unconstrained preference),10,28,64,6,9
38,temporal (unconstrained preference),10,47,64,6,9
38,temporal (unconstrained preference),10,54,64,6,9
38,temporal (unconstrained preference),10,56,64,6,9
38,temporal (unconstrained preference),10,59,64,6,9
38,temporal (unconstrained preference),11,25,64,6,9
38,temporal (unconstrained preference),11,28,64,6,9
38,temporal (unconstrained preference),11,54,64,6,9
38,temporal (unconstrained preference),11,56,64,6,9
38,temporal (unconstrained preference),11,57,64,6,9
38,temporal (unconstrained preference),11,59,64,6,9
38,temporal (unconstrained preference),12,24,64,6,9
38,temporal (unconstrained preference),12,25,64,6,9
38,temporal (unconstrained preference),12,54,64,6,9
38,temporal (unconstrained preference),12,56,64,6,9
38,temporal (unconstrained preference),12,59,64,6,9
38,temporal (unconstrained preference),12,61,64,6,9
38,temporal (unconstrained preference),13,18,64,6,9
38,temporal (unconstrained preference),13,28,64,6,9
38,temporal (unconstrained preference),13,37,64,6,9
38,temporal (unconstrained preference),13,46,64,6,9
38,temporal (unconstrained preference),13,54,64,6,9
38,temporal (unconstrained preference),13,57,64,6,9
38,temporal (unconstrained preference),14,3,64,6,9
38,temporal (unconstrained preference),14,25,64,6,9
38,temporal (unconstrained preference),14,28,64,6,9
38,temporal (unconstrained preference),14,54,64,6,9
38,temporal (unconstrained preference),14,56,64,6,9
38,temporal (unconstrained preference),14,59,64,6,9
38,temporal (unconstrained preference),15,18,64,6,9
38,temporal (unconstrained preference),15,28,64,6,9
38,temporal (unconstrained preference),15,37,64,6,9
38,temporal (unconstrained preference),15,46,64,6,9
38,temporal (unconstrained preference),15,54,64,6,9
38,temporal (unconstrained preference),15,57,64,6,9
38,temporal (unconstrained preference),16,3,64,6,9
38,temporal (unconstrained preference),16,25,64,6,9
38,temporal (unconstrained preference),16,28,64,6,9
38,temporal (unconstrained preference),16,54,64,6,9
38,temporal (unconstrained preference),16,56,64,6,9
38,temporal (unconstrained preference),16,59,64,6,9
38,temporal (unconstrained preference),17,25,64,6,9
38,temporal (unconstrained preference),17,28,64,6,9
38,temporal (unconstrained preference),17,41,64,6,9
38,temporal (unconstrained preference),17,54,64,6,9
38,temporal (unconstrained preference),17,56,64,6,9
38,temporal (unconstrained preference),17,59,64,6,9
38,temporal (unconstrained preference),18,25,64,6,9
38,temporal (unconstrained preference),18,28,64,6,9
38,temporal (unconstrained preference),18,37,64,6,9
38,temporal (unconstrained preference),18,54,64,6,9
38,temporal (unconstrained preference),18,56,64,6,9
38,temporal (unconstrained preference),18,59,64,6,9
38,temporal (unconstrained preference),19,25,64,6,9
38,temporal (unconstrained preference),19,28,64,6,9
38,temporal (unconstrained preference),19,37,64,6,9
38,temporal (unconstrained preference),19,54,64,6,9
38,temporal (unconstrained preference),19,56,64,6,9
38,temporal (unconstrained preference),19,59,64,6,9
38,temporal (unconstrained preference),20,25,64,6,9
38,temporal (unconstrained preference),20,28,64,6,9
38,temporal (unconstrained preference),20,37,64,6,9
38,temporal (unconstrained preference),20,46,64,6,9
38,temporal (unconstrained preference),20,54,64,6,9
38,temporal (unconstrained preference),20,57,64,6,9
38,temporal (unconstrained preference),21,25,64,6,9
38,temporal (unconstrained preference),21,28,64,6,9
38,temporal (unconstrained preference),21,54,64,6,9
38,temporal (unconstrained preference),21,56,64,6,9
38,temporal (unconstrained preference),21,57,64,6,9
38,temporal (unconstrained preference),21,59,64,6,9
38,temporal (unconstrained preference),22,25,64,6,9
38,temporal (unconstrained preference),22,46,64,6,9
38,temporal (unconstrained preference),22,54,64,6,9
38,temporal (unconstrained preference),22,56,64,6,9
38,temporal (unconstrained preference),22,57,64,6,9
38,temporal (unconstrained preference),22,59,64,6,9
38,temporal (unconstrained preference),23,25,64,6,9
38,temporal (unconstrained preference),23,28,64,6,9
38,temporal (unconstrained preference),23,54,64,6,9
38,temporal (unconstrained preference),23,56,64,6,9
38,temporal (unconstrained preference),23,57,64,6,9
38,temporal (unconstrained preference),23,59,64,6,9
38,temporal (unconstrained preference),24,25,64,6,9
38,temporal (unconstrained preference),24,28,64,6,9
38,temporal (unconstrained preference),24,54,64,6,9
38,temporal (unconstrained preference),24,56,64,6,9
38,temporal (unconstrained preference),24,59,64,6,9
38,temporal (unconstrained preference),24,60,64,6,9
38,temporal (unconstrained preference),25,28,64,6,9
38,temporal (unconstrained preference),25,54,64,6,9
38,temporal (unconstrained preference),25,56,64,6,9
38,temporal (unconstrained preference),25,57,64,6,9
38,temporal (unconstrained preference),25,59,64,6,9
38,temporal (unconstrained preference),25,61,64,6,9
38,temporal (unconstrained preference),26,3,64,6,9
38,temporal (unconstrained preference),26,28,64,6,9
38,temporal (unconstrained preference),26,29,64,6,9
38,temporal (unconstrained preference),26,57,64,6,9
38,temporal (unconstrained preference),26,59,64,6,9
38,temporal (unconstrained preference),26,61,64,6,9
38,temporal (unconstrained preference),27,11,64,6,9
38,temporal (unconstrained preference),27,13,64,6,9
38,temporal (unconstrained preference),27,33,64,6,9
38,temporal (unconstrained preference),27,41,64,6,9
38,temporal (unconstrained preference),27,54,64,6,9
38,temporal (unconstrained preference),27,61,64,6,9
38,temporal (unconstrained preference),28,6,64,6,9
38,temporal (unconstrained preference),28,18,64,6,9
38,temporal (unconstrained preference),28,32,64,6,9
38,temporal (unconstrained preference),28,37,64,6,9
38,temporal (unconstrained preference),28,46,64,6,9
38,temporal (unconstrained preference),28,58,64,6,9
38,temporal (unconstrained preference),29,7,64,6,9
38,temporal (unconstrained preference),29,10,64,6,9
38,temporal (unconstrained preference),29,33,64,6,9
38,temporal (unconstrained preference),29,34,64,6,9
38,temporal (unconstrained preference),29,39,64,6,9
38,temporal (unconstrained preference),29,58,64,6,9
38,temporal (unconstrained preference),30,3,64,6,9
38,temporal (unconstrained preference),30,10,64,6,9
38,temporal (unconstrained preference),30,18,64,6,9
38,temporal (unconstrained preference),30,43,64,6,9
38,temporal (unconstrained preference),30,49,64,6,9
38,temporal (unconstrained preference),30,58,64,6,9
38,temporal (unconstrained preference),31,3,64,6,9
38,temporal (unconstrained preference),31,10,64,6,9
38,temporal (unconstrained preference),31,13,64,6,9
38,temporal (unconstrained preference),31,33,64,6,9
38,temporal (unconstrained preference),31,49,64,6,9
38,temporal (unconstrained preference),31,58,64,6,9
38,temporal (unconstrained preference),32,11,64,6,9
38,temporal (unconstrained preference),32,25,64,6,9
38,temporal (unconstrained preference),32,46,64,6,9
38,temporal (unconstrained preference),32,54,64,6,9
38,temporal (unconstrained preference),32,57,64,6,9
38,temporal (unconstrained preference),32,61,64,6,9
38,temporal (unconstrained preference),33,28,64,6,9
38,temporal (unconstrained preference),33,37,64,6,9
38,temporal (unconstrained preference),33,40,64,6,9
38,temporal (unconstrained preference),33,46,64,6,9
38,temporal (unconstrained preference),33,54,64,6,9
38,temporal (unconstrained preference),33,55,64,6,9
38,temporal (unconstrained preference),34,7,64,6,9
38,temporal (unconstrained preference),34,18,64,6,9
38,temporal (unconstrained preference),34,33,64,6,9
38,temporal (unconstrained preference),34,37,64,6,9
38,temporal (unconstrained preference),34,57,64,6,9
38,temporal (unconstrained preference),34,58,64,6,9
38,temporal (unconstrained preference),35,7,64,6,9
38,temporal (unconstrained preference),35,10,64,6,9
38,temporal (unconstrained preference),35,19,64,6,9
38,temporal (unconstrained preference),35,34,64,6,9
38,temporal (unconstrained preference),35,43,64,6,9
38,temporal (unconstrained preference),35,58,64,6,9
38,temporal (unconstrained preference),36,9,64,6,9
38,temporal (unconstrained preference),36,10,64,6,9
38,temporal (unconstrained preference),36,34,64,6,9
38,temporal (unconstrained preference),36,35,64,6,9
38,temporal (unconstrained preference),36,43,64,6,9
38,temporal (unconstrained preference),36,58,64,6,9
38,temporal (unconstrained preference),37,7,64,6,9
38,temporal (unconstrained preference),37,10,64,6,9
38,temporal (unconstrained preference),37,25,64,6,9
38,temporal (unconstrained preference),37,34,64,6,9
38,temporal (unconstrained preference),37,43,64,6,9
38,temporal (unconstrained preference),37,58,64,6,9
38,temporal (unconstrained preference),38,7,64,6,9
38,temporal (unconstrained preference),38,10,64,6,9
38,temporal (unconstrained preference),38,34,64,6,9
38,temporal (unconstrained preference),38,43,64,6,9
38,temporal (unconstrained preference),38,56,64,6,9
38,temporal (unconstrained preference),38,58,64,6,9
38,temporal (unconstrained preference),39,3,64,6,9
38,temporal (unconstrained preference),39,7,64,6,9
38,temporal (unconstrained preference),39,10,64,6,9
38,temporal (unconstrained preference),39,33,64,6,9
38,temporal (unconstrained preference),39,43,64,6,9
38,temporal (unconstrained preference),39,58,64,6,9
38,temporal (unconstrained preference),40,7,64,6,9
38,temporal (unconstrained preference),40,10,64,6,9
38,temporal (unconstrained preference),40,15,64,6,9
38,temporal (unconstrained preference),40,42,64,6,9
38,temporal (unconstrained preference),40,43,64,6,9
38,temporal (unconstrained preference),40,58,64,6,9
38,temporal (unconstrained preference),41,3,64,6,9
38,temporal (unconstrained preference),41,7,64,6,9
38,temporal (unconstrained preference),41,10,64,6,9
38,temporal (unconstrained preference),41,19,64,6,9
38,temporal (unconstrained preference),41,43,64,6,9
38,temporal (unconstrained preference),41,58,64,6,9
38,temporal (unconstrained preference),42,10,64,6,9
38,temporal (unconstrained preference),42,12,64,6,9
38,temporal (unconstrained preference),42,22,64,6,9
38,temporal (unconstrained preference),42,24,64,6,9
38,temporal (unconstrained preference),42,35,64,6,9
38,temporal (unconstrained preference),42,58,64,6,9
38,temporal (unconstrained preference),43,7,64,6,9
38,temporal (unconstrained preference),43,10,64,6,9
38,temporal (unconstrained preference),43,18,64,6,9
38,temporal (unconstrained preference),43,43,64,6,9
38,temporal (unconstrained preference),43,45,64,6,9
38,temporal (unconstrained preference),43,58,64,6,9
38,temporal (unconstrained preference),44,7,64,6,9
38,temporal (unconstrained preference),44,10,64,6,9
38,temporal (unconstrained preference),44,34,64,6,9
38,temporal (unconstrained preference),44,36,64,6,9
38,temporal (unconstrained preference),44,43,64,6,9
38,temporal (unconstrained preference),44,58,64,6,9
38,temporal (unconstrained preference),45,7,64,6,9
38,temporal (unconstrained preference),45,10,64,6,9
38,temporal (unconstrained preference),45,19,64,6,9
38,temporal (unconstrained preference),45,43,64,6,9
38,temporal (unconstrained preference),45,58,64,6,9
38,temporal (unconstrained preference),45,60,64,6,9
38,temporal (unconstrained preference),46,10,64,6,9
38,temporal (unconstrained preference),46,24,64,6,9
38,temporal (unconstrained preference),46,26,64,6,9
38,temporal (unconstrained preference),46,35,64,6,9
38,temporal (unconstrained preference),46,58,64,6,9
38,temporal (unconstrained preference),46,60,64,6,9
38,temporal (unconstrained preference),47,7,64,6,9
38,temporal (unconstrained preference),47,10,64,6,9
38,temporal (unconstrained preference),47,21,64,6,9
38,temporal (unconstrained preference),47,43,64,6,9
38,temporal (unconstrained preference),47,56,64,6,9
38,temporal (unconstrained preference),47,58,64,6,9
38,temporal (unconstrained preference),48,3,64,6,9
38,temporal (unconstrained preference),48,7,64,6,9
38,temporal (unconstrained preference),48,10,64,6,9
38,temporal (unconstrained preference),48,31,64,6,9
38,temporal (unconstrained preference),48,43,64,6,9
38,temporal (unconstrained preference),48,58,64,6,9
38,temporal (unconstrained preference),49,7,64,6,9
38,temporal (unconstrained preference),49,10,64,6,9
38,temporal (unconstrained preference),49,19,64,6,9
38,temporal (unconstrained preference),49,39,64,6,9
38,temporal (unconstrained preference),49,43,64,6,9
38,temporal (unconstrained preference),49,58,64,6,9
38,temporal (unconstrained preference),50,5,64,6,9
38,temporal (unconstrained preference),50,10,64,6,9
38,temporal (unconstrained preference),50,22,64,6,9
38,temporal (unconstrained preference),50,26,64,6,9
38,temporal (unconstrained preference),50,35,64,6,9
38,temporal (unconstrained preference),50,58,64,6,9
38,temporal (unconstrained preference),51,10,64,6,9
38,temporal (unconstrained preference),51,25,64,6,9
38,temporal (unconstrained preference),51,34,64,6,9
38,temporal (unconstrained preference),51,43,64,6,9
38,temporal (unconstrained preference),51,48,64,6,9
38,temporal (unconstrained preference),51,58,64,6,9
38,temporal (unconstrained preference),52,10,64,6,9
38,temporal (unconstrained preference),52,22,64,6,9
38,temporal (unconstrained preference),52,24,64,6,9
38,temporal (unconstrained preference),52,30,64,6,9
38,temporal (unconstrained preference),52,39,64,6,9
38,temporal (unconstrained preference),52,58,64,6,9
38,temporal (unconstrained preference),53,10,64,6,9
38,temporal (unconstrained preference),53,39,64,6,9
38,temporal (unconstrained preference),53,43,64,6,9
38,temporal (unconstrained preference),53,48,64,6,9
38,temporal (unconstrained preference),53,56,64,6,9
38,temporal (unconstrained preference),53,58,64,6,9
38,temporal (unconstrained preference),54,7,64,6,9
38,temporal (unconstrained preference),54,10,64,6,9
38,temporal (unconstrained preference),54,24,64,6,9
38,temporal (unconstrained preference),54,30,64,6,9
38,temporal (unconstrained preference),54,39,64,6,9
38,temporal (unconstrained preference),54,58,64,6,9
38,temporal (unconstrained preference),55,10,64,6,9
38,temporal (unconstrained preference),55,31,64,6,9
38,temporal (unconstrained preference),55,42,64,6,9
38,temporal (unconstrained preference),55,45,64,6,9
38,temporal (unconstrained preference),55,51,64,6,9
38,temporal (unconstrained preference),55,58,64,6,9
38,temporal (unconstrained preference),56,15,64,6,9
38,temporal (unconstrained preference),56,24,64,6,9
38,temporal (unconstrained preference),56,26,64,6,9
38,temporal (unconstrained preference),56,42,64,6,9
38,temporal (unconstrained preference),56,46,64,6,9
38,temporal (unconstrained preference),56,58,64,6,9
38,temporal (unconstrained preference),57,10,64,6,9
38,temporal (unconstrained preference),57,18,64,6,9
38,temporal (unconstrained preference),57,34,64,6,9
38,temporal (unconstrained preference),57,47,64,6,9
38,temporal (unconstrained preference),57,56,64,6,9
38,temporal (unconstrained preference),57,58,64,6,9
38,temporal (unconstrained preference),58,15,64,6,9
38,temporal (unconstrained preference),58,30,64,6,9
38,temporal (unconstrained preference),58,35,64,6,9
38,temporal (unconstrained preference),58,43,64,6,9
38,temporal (unconstrained preference),58,45,64,6,9
38,temporal (unconstrained preference),58,47,64,6,9
38,temporal (unconstrained preference),59,4,64,6,9
38,temporal (unconstrained preference),59,10,64,6,9
38,temporal (unconstrained preference),59,22,64,6,9
38,temporal (unconstrained preference),59,24,64,6,9
38,temporal (unconstrained preference),59,26,64,6,9
38,temporal (unconstrained preference),59,31,64,6,9
38,temporal (unconstrained preference),60,4,64,6,9
38,temporal (unconstrained preference),60,7,64,6,9
38,temporal (unconstrained preference),60,15,64,6,9
38,temporal (unconstrained preference),60,24,64,6,9
38,temporal (unconstrained preference),60,35,64,6,9
38,temporal (unconstrained preference),60,38,64,6,9
38,temporal (unconstrained preference),61,10,64,6,9
38,temporal (unconstrained preference),61,18,64,6,9
38,temporal (unconstrained preference),61,23,64,6,9
38,temporal (unconstrained preference),61,34,64,6,9
38,temporal (unconstrained preference),61,56,64,6,9
38,temporal (unconstrained preference),61,58,64,6,9
38,temporal (unconstrained preference),62,3,64,6,9
38,temporal (unconstrained preference),62,7,64,6,9
38,temporal (unconstrained preference),62,11,64,6,9
38,temporal (unconstrained preference),62,25,64,6,9
38,temporal (unconstrained preference),62,33,64,6,9
38,temporal (unconstrained preference),62,61,64,6,9
38,temporal (unconstrained preference),63,10,64,6,9
38,temporal (unconstrained preference),63,22,64,6,9
38,temporal (unconstrained preference),63,26,64,6,9
38,temporal (unconstrained preference),63,33,64,6,9
38,temporal (unconstrained preference),63,35,64,6,9
38,temporal (unconstrained preference),63,58,64,6,9
38,temporal (unconstrained preference),64,10,64,6,9
38,temporal (unconstrained preference),64,18,64,6,9
38,temporal (unconstrained preference),64,37,64,6,9
38,temporal (unconstrained preference),64,43,64,6,9
38,temporal (unconstrained preference),64,57,64,6,9
38,temporal (unconstrained preference),64,58,64,6,9
38,temporal (unconstrained preference),65,7,64,6,9
38,temporal (unconstrained preference),65,10,64,6,9
38,temporal (unconstrained preference),65,21,64,6,9
38,temporal (unconstrained preference),65,34,64,6,9
38,temporal (unconstrained preference),65,39,64,6,9
38,temporal (unconstrained preference),65,58,64,6,9
38,temporal (unconstrained preference),66,10,64,6,9
38,temporal (unconstrained preference),66,34,64,6,9
38,temporal (unconstrained preference),66,39,64,6,9
38,temporal (unconstrained preference),66,47,64,6,9
38,temporal (unconstrained preference),66,57,64,6,9
38,temporal (unconstrained preference),66,58,64,6,9
38,temporal (unconstrained preference),67,7,64,6,9
38,temporal (unconstrained preference),67,10,64,6,9
38,temporal (unconstrained preference),67,24,64,6,9
38,temporal (unconstrained preference),67,34,64,6,9
38,temporal (unconstrained preference),67,39,64,6,9
38,temporal (unconstrained preference),67,58,64,6,9
38,temporal (unconstrained preference),68,10,64,6,9
38,temporal (unconstrained preference),68,24,64,6,9
38,temporal (unconstrained preference),68,28,64,6,9
38,temporal (unconstrained preference),68,32,64,6,9
38,temporal (unconstrained preference),68,49,64,6,9
38,temporal (unconstrained preference),68,58,64,6,9
38,temporal (unconstrained preference),69,10,64,6,9
38,temporal (unconstrained preference),69,18,64,6,9
38,temporal (unconstrained preference),69,28,64,6,9
38,temporal (unconstrained preference),69,56,64,6,9
38,temporal (unconstrained preference),69,57,64,6,9
38,temporal (unconstrained preference),69,58,64,6,9
38,temporal (unconstrained preference),70,10,64,6,9
38,temporal (unconstrained preference),70,21,64,6,9
38,temporal (unconstrained preference),70,26,64,6,9
38,temporal (unconstrained preference),70,30,64,6,9
38,temporal (unconstrained preference),70,45,64,6,9
38,temporal (unconstrained preference),70,58,64,6,9
38,temporal (unconstrained preference),71,3,64,6,9
38,temporal (unconstrained preference),71,7,64,6,9
38,temporal (unconstrained preference),71,10,64,6,9
38,temporal (unconstrained preference),71,42,64,6,9
38,temporal (unconstrained preference),71,43,64,6,9
38,temporal (unconstrained preference),71,58,64,6,9
38,temporal (unconstrained preference),72,14,64,6,9
38,temporal (unconstrained preference),72,24,64,6,9
38,temporal (unconstrained preference),72,32,64,6,9
38,temporal (unconstrained preference),72,40,64,6,9
38,temporal (unconstrained preference),72,42,64,6,9
38,temporal (unconstrained preference),72,46,64,6,9
38,temporal (unconstrained preference),73,7,64,6,9
38,temporal (unconstrained preference),73,10,64,6,9
38,temporal (unconstrained preference),73,34,64,6,9
38,temporal (unconstrained preference),73,42,64,6,9
38,temporal (unconstrained preference),73,43,64,6,9
38,temporal (unconstrained preference),73,58,64,6,9
38,temporal (unconstrained preference),74,7,64,6,9
38,temporal (unconstrained preference),74,10,64,6,9
38,temporal (unconstrained preference),74,19,64,6,9
38,temporal (unconstrained preference),74,24,64,6,9
38,temporal (unconstrained preference),74,30,64,6,9
38,temporal (unconstrained preference),74,58,64,6,9
38,temporal (unconstrained preference),75,10,64,6,9
38,temporal (unconstrained preference),75,16,64,6,9
38,temporal (unconstrained preference),75,24,64,6,9
38,temporal (unconstrained preference),75,35,64,6,9
38,temporal (unconstrained preference),75,58,64,6,9
38,temporal (unconstrained preference),75,62,64,6,9
38,temporal (unconstrained preference),76,10,64,6,9
38,temporal (unconstrained preference),76,24,64,6,9
38,temporal (unconstrained preference),76,26,64,6,9
38,temporal (unconstrained preference),76,35,64,6,9
38,temporal (unconstrained preference),76,58,64,6,9
38,temporal (unconstrained preference),76,62,64,6,9
38,temporal (unconstrained preference),77,10,64,6,9
38,temporal (unconstrained preference),77,23,64,6,9
38,temporal (unconstrained preference),77,34,64,6,9
38,temporal (unconstrained preference),77,56,64,6,9
38,temporal (unconstrained preference),77,57,64,6,9
38,temporal (unconstrained preference),77,58,64,6,9
38,temporal (unconstrained preference),78,3,64,6,9
38,temporal (unconstrained preference),78,7,64,6,9
38,temporal (unconstrained preference),78,10,64,6,9
38,temporal (unconstrained preference),78,12,64,6,9
38,temporal (unconstrained preference),78,43,64,6,9
38,temporal (unconstrained preference),78,58,64,6,9
38,temporal (unconstrained preference),79,7,64,6,9
38,temporal (unconstrained preference),79,10,64,6,9
38,temporal (unconstrained preference),79,26,64,6,9
38,temporal (unconstrained preference),79,34,64,6,9
38,temporal (unconstrained preference),79,43,64,6,9
38,temporal (unconstrained preference),79,58,64,6,9
38,temporal (unconstrained preference),80,10,64,6,9
38,temporal (unconstrained preference),80,34,64,6,9
38,temporal (unconstrained preference),80,39,64,6,9
38,temporal (unconstrained preference),80,56,64,6,9
38,temporal (unconstrained preference),80,57,64,6,9
38,temporal (unconstrained preference),80,58,64,6,9
38,temporal (unconstrained preference),81,10,64,6,9
38,temporal (unconstrained preference),81,18,64,6,9
38,temporal (unconstrained preference),81,47,64,6,9
38,temporal (unconstrained preference),81,49,64,6,9
38,temporal (unconstrained preference),81,57,64,6,9
38,temporal (unconstrained preference),81,58,64,6,9
38,temporal (unconstrained preference),82,3,64,6,9
38,temporal (unconstrained preference),82,10,64,6,9
38,temporal (unconstrained preference),82,13,64,6,9
38,temporal (unconstrained preference),82,28,64,6,9
38,temporal (unconstrained preference),82,49,64,6,9
38,temporal (unconstrained preference),82,58,64,6,9
38,temporal (unconstrained preference),83,18,64,6,9
38,temporal (unconstrained preference),83,28,64,6,9
38,temporal (unconstrained preference),83,37,64,6,9
38,temporal (unconstrained preference),83,49,64,6,9
38,temporal (unconstrained preference),83,57,64,6,9
38,temporal (unconstrained preference),83,58,64,6,9
38,temporal (unconstrained preference),84,10,64,6,9
38,temporal (unconstrained preference),84,11,64,6,9
38,temporal (unconstrained preference),84,24,64,6,9
38,temporal (unconstrained preference),84,46,64,6,9
38,temporal (unconstrained preference),84,47,64,6,9
38,temporal (unconstrained preference),84,57,64,6,9
38,temporal (unconstrained preference),85,21,64,6,9
38,temporal (unconstrained preference),85,29,64,6,9
38,temporal (unconstrained preference),85,37,64,6,9
38,temporal (unconstrained preference),85,43,64,6,9
38,temporal (unconstrained preference),85,47,64,6,9
38,temporal (unconstrained preference),85,57,64,6,9
38,temporal (unconstrained preference),86,10,64,6,9
38,temporal (unconstrained preference),86,28,64,6,9
38,temporal (unconstrained preference),86,30,64,6,9
38,temporal (unconstrained preference),86,39,64,6,9
38,temporal (unconstrained preference),86,47,64,6,9
38,temporal (unconstrained preference),86,51,64,6,9
38,temporal (unconstrained preference),87,10,64,6,9
38,temporal (unconstrained preference),87,18,64,6,9
38,temporal (unconstrained preference),87,39,64,6,9
38,temporal (unconstrained preference),87,47,64,6,9
38,temporal (unconstrained preference),87,56,64,6,9
38,temporal (unconstrained preference),87,57,64,6,9
38,temporal (unconstrained preference),88,3,64,6,9
38,temporal (unconstrained preference),88,10,64,6,9
38,temporal (unconstrained preference),88,12,64,6,9
38,temporal (unconstrained preference),88,33,64,6,9
38,temporal (unconstrained preference),88,42,64,6,9
38,temporal (unconstrained preference),88,58,64,6,9
38,temporal (unconstrained preference),89,18,64,6,9
38,temporal (unconstrained preference),89,21,64,6,9
38,temporal (unconstrained preference),89,40,64,6,9
38,temporal (unconstrained preference),89,43,64,6,9
38,temporal (unconstrained preference),89,46,64,6,9
38,temporal (unconstrained preference),89,58,64,6,9
38,temporal (unconstrained preference),90,7,64,6,9
38,temporal (unconstrained preference),90,10,64,6,9
38,temporal (unconstrained preference),90,34,64,6,9
38,temporal (unconstrained preference),90,39,64,6,9
38,temporal (unconstrained preference),90,43,64,6,9
38,temporal (unconstrained preference),90,58,64,6,9
38,temporal (unconstrained preference),91,10,64,6,9
38,temporal (unconstrained preference),91,24,64,6,9
38,temporal (unconstrained preference),91,30,64,6,9
38,temporal (unconstrained preference),91,34,64,6,9
38,temporal (unconstrained preference),91,39,64,6,9
38,temporal (unconstrained preference),91,58,64,6,9
38,temporal (unconstrained preference),92,10,64,6,9
38,temporal (unconstrained preference),92,16,64,6,9
38,temporal (unconstrained preference),92,24,64,6,9
38,temporal (unconstrained preference),92,26,64,6,9
38,temporal (unconstrained preference),92,58,64,6,9
38,temporal (unconstrained preference),92,62,64,6,9
38,temporal (unconstrained preference),93,11,64,6,9
38,temporal (unconstrained preference),93,24,64,6,9
38,temporal (unconstrained preference),93,43,64,6,9
38,temporal (unconstrained preference),93,46,64,6,9
38,temporal (unconstrained preference),93,58,64,6,9
38,temporal (unconstrained preference),93,61,64,6,9
38,temporal (unconstrained preference),94,10,64,6,9
38,temporal (unconstrained preference),94,15,64,6,9
38,temporal (unconstrained preference),94,34,64,6,9
38,temporal (unconstrained preference),94,40,64,6,9
38,temporal (unconstrained preference),94,46,64,6,9
38,temporal (unconstrained preference),94,58,64,6,9
38,temporal (unconstrained preference),95,3,64,6,9
38,temporal (unconstrained preference),95,10,64,6,9
38,temporal (unconstrained preference),95,13,64,6,9
38,temporal (unconstrained preference),95,28,64,6,9
38,temporal (unconstrained preference),95,31,64,6,9
38,temporal (unconstrained preference),95,49,64,6,9
38,temporal (unconstrained preference),96,18,64,6,9
38,temporal (unconstrained preference),96,37,64,6,9
38,temporal (unconstrained preference),96,43,64,6,9
38,temporal (unconstrained preference),96,49,64,6,9
38,temporal (unconstrained preference),96,57,64,6,9
38,temporal (unconstrained preference),96,58,64,6,9
38,temporal (unconstrained preference),97,7,64,6,9
38,temporal (unconstrained preference),97,10,64,6,9
38,temporal (unconstrained preference),97,34,64,6,9
38,temporal (unconstrained preference),97,39,64,6,9
38,temporal (unconstrained preference),97,56,64,6,9
38,temporal (unconstrained preference),97,58,64,6,9
38,temporal (unconstrained preference),98,7,64,6,9
38,temporal (unconstrained preference),98,10,64,6,9
38,temporal (unconstrained preference),98,34,64,6,9
38,temporal (unconstrained preference),98,43,64,6,9
38,temporal (unconstrained preference),98,58,64,6,9
38,temporal (unconstrained preference),98,60,64,6,9
38,temporal (unconstrained preference),99,10,64,6,9
38,temporal (unconstrained preference),99,16,64,6,9
38,temporal (unconstrained preference),99,24,64,6,9
38,temporal (unconstrained preference),99,35,64,6,9
38,temporal (unconstrained preference),99,58,64,6,9
38,temporal (unconstrained preference),99,60,64,6,9
38,temporal (unconstrained preference),100,7,64,6,9
38,temporal (unconstrained preference),100,10,64,6,9
38,temporal (unconstrained preference),100,34,64,6,9
38,temporal (unconstrained preference),100,39,64,6,9
38,temporal (unconstrained preference),100,56,64,6,9
38,temporal (unconstrained preference),100,58,64,6,9
38,temporal (unconstrained preference),101,7,64,6,9
38,temporal (unconstrained preference),101,10,64,6,9
38,temporal (unconstrained preference),101,24,64,6,9
38,temporal (unconstrained preference),101,34,64,6,9
38,temporal (unconstrained preference),101,40,64,6,9
38,temporal (unconstrained preference),101,58,64,6,9
38,temporal (unconstrained preference),102,10,64,6,9
38,temporal (unconstrained preference),102,22,64,6,9
38,temporal (unconstrained preference),102,24,64,6,9
38,temporal (unconstrained preference),102,35,64,6,9
38,temporal (unconstrained preference),102,43,64,6,9
38,temporal (unconstrained preference),102,58,64,6,9
38,temporal (unconstrained preference),103,10,64,6,9
38,temporal (unconstrained preference),103,18,64,6,9
38,temporal (unconstrained preference),103,34,64,6,9
38,temporal (unconstrained preference),103,43,64,6,9
38,temporal (unconstrained preference),103,56,64,6,9
38,temporal (unconstrained preference),103,58,64,6,9
38,temporal (unconstrained preference),104,3,64,6,9
38,temporal (unconstrained preference),104,7,64,6,9
38,temporal (unconstrained preference),104,11,64,6,9
38,temporal (unconstrained preference),104,33,64,6,9
38,temporal (unconstrained preference),104,58,64,6,9
38,temporal (unconstrained preference),104,61,64,6,9
38,temporal (unconstrained preference),105,3,64,6,9
38,temporal (unconstrained preference),105,13,64,6,9
38,temporal (unconstrained preference),105,33,64,6,9
38,temporal (unconstrained preference),105,49,64,6,9
38,temporal (unconstrained preference),105,58,64,6,9
38,temporal (unconstrained preference),105,61,64,6,9
38,temporal (unconstrained preference),106,10,64,6,9
38,temporal (unconstrained preference),106,17,64,6,9
38,temporal (unconstrained preference),106,22,64,6,9
38,temporal (unconstrained preference),106,26,64,6,9
38,temporal (unconstrained preference),106,35,64,6,9
38,temporal (unconstrained preference),106,58,64,6,9
38,temporal (unconstrained preference),107,18,64,6,9
38,temporal (unconstrained preference),107,37,64,6,9
38,temporal (unconstrained preference),107,42,64,6,9
38,temporal (unconstrained preference),107,43,64,6,9
38,temporal (unconstrained preference),107,57,64,6,9
38,temporal (unconstrained preference),107,58,64,6,9
38,temporal (unconstrained preference),108,10,64,6,9
38,temporal (unconstrained preference),108,25,64,6,9
38,temporal (unconstrained preference),108,26,64,6,9
38,temporal (unconstrained preference),108,29,64,6,9
38,temporal (unconstrained preference),108,42,64,6,9
38,temporal (unconstrained preference),108,58,64,6,9
38,temporal (unconstrained preference),109,10,64,6,9
38,temporal (unconstrained preference),109,26,64,6,9
38,temporal (unconstrained preference),109,29,64,6,9
38,temporal (unconstrained preference),109,37,64,6,9
38,temporal (unconstrained preference),109,43,64,6,9
38,temporal (unconstrained preference),109,58,64,6,9
38,temporal (unconstrained preference),110,7,64,6,9
38,temporal (unconstrained preference),110,10,64,6,9
38,temporal (unconstrained preference),110,34,64,6,9
38,temporal (unconstrained preference),110,43,64,6,9
38,temporal (unconstrained preference),110,56,64,6,9
38,temporal (unconstrained preference),110,58,64,6,9
38,temporal (unconstrained preference),111,10,64,6,9
38,temporal (unconstrained preference),111,26,64,6,9
38,temporal (unconstrained preference),111,31,64,6,9
38,temporal (unconstrained preference),111,35,64,6,9
38,temporal (unconstrained preference),111,43,64,6,9
38,temporal (unconstrained preference),111,58,64,6,9
38,temporal (unconstrained preference),112,7,64,6,9
38,temporal (unconstrained preference),112,10,64,6,9
38,temporal (unconstrained preference),112,34,64,6,9
38,temporal (unconstrained preference),112,43,64,6,9
38,temporal (unconstrained preference),112,56,64,6,9
38,temporal (unconstrained preference),112,58,64,6,9
38,temporal (unconstrained preference),113,7,64,6,9
38,temporal (unconstrained preference),113,10,64,6,9
38,temporal (unconstrained preference),113,19,64,6,9
38,temporal (unconstrained preference),113,43,64,6,9
38,temporal (unconstrained preference),113,58,64,6,9
38,temporal (unconstrained preference),113,60,64,6,9
38,temporal (unconstrained preference),114,10,64,6,9
38,temporal (unconstrained preference),114,24,64,6,9
38,temporal (unconstrained preference),114,26,64,6,9
38,temporal (unconstrained preference),114,35,64,6,9
38,temporal (unconstrained preference),114,58,64,6,9
38,temporal (unconstrained preference),114,60,64,6,9
38,temporal (unconstrained preference),115,7,64,6,9
38,temporal (unconstrained preference),115,10,64,6,9
38,temporal (unconstrained preference),115,21,64,6,9
38,temporal (unconstrained preference),115,56,64,6,9
38,temporal (unconstrained preference),115,57,64,6,9
38,temporal (unconstrained preference),115,58,64,6,9
38,temporal (unconstrained preference),116,3,64,6,9
38,temporal (unconstrained preference),116,10,64,6,9
38,temporal (unconstrained preference),116,12,64,6,9
38,temporal (unconstrained preference),116,42,64,6,9
38,temporal (unconstrained preference),116,43,64,6,9
38,temporal (unconstrained preference),116,58,64,6,9
38,temporal (unconstrained preference),117,7,64,6,9
38,temporal (unconstrained preference),117,10,64,6,9
38,temporal (unconstrained preference),117,34,64,6,9
38,temporal (unconstrained preference),117,42,64,6,9
38,temporal (unconstrained preference),117,43,64,6,9
38,temporal (unconstrained preference),117,58,64,6,9
38,temporal (unconstrained preference),118,7,64,6,9
38,temporal (unconstrained preference),118,10,64,6,9
38,temporal (unconstrained preference),118,34,64,6,9
38,temporal (unconstrained preference),118,56,64,6,9
38,temporal (unconstrained preference),118,57,64,6,9
38,temporal (unconstrained preference),118,58,64,6,9
38,temporal (unconstrained preference),119,10,64,6,9
38,temporal (unconstrained preference),119,13,64,6,9
38,temporal (unconstrained preference),119,25,64,6,9
38,temporal (unconstrained preference),119,28,64,6,9
38,temporal (unconstrained preference),119,49,64,6,9
38,temporal (unconstrained preference),119,58,64,6,9
38,temporal (unconstrained preference),120,18,64,6,9
38,temporal (unconstrained preference),120,28,64,6,9
38,temporal (unconstrained preference),120,37,64,6,9
38,temporal (unconstrained preference),120,49,64,6,9
38,temporal (unconstrained preference),120,57,64,6,9
38,temporal (unconstrained preference),120,58,64,6,9
38,temporal (unconstrained preference),121,10,64,6,9
38,temporal (unconstrained preference),121,18,64,6,9
38,temporal (unconstrained preference),121,21,64,6,9
38,temporal (unconstrained preference),121,45,64,6,9
38,temporal (unconstrained preference),121,57,64,6,9
38,temporal (unconstrained preference),121,58,64,6,9
38,temporal (unconstrained preference),122,10,64,6,9
38,temporal (unconstrained preference),122,21,64,6,9
38,temporal (unconstrained preference),122,31,64,6,9
38,temporal (unconstrained preference),122,35,64,6,9
38,temporal (unconstrained preference),122,43,64,6,9
38,temporal (unconstrained preference),122,58,64,6,9
38,temporal (unconstrained preference),123,18,64,6,9
38,temporal (unconstrained preference),123,21,64,6,9
38,temporal (unconstrained preference),123,43,64,6,9
38,temporal (unconstrained preference),123,45,64,6,9
38,temporal (unconstrained preference),123,57,64,6,9
38,temporal (unconstrained preference),123,58,64,6,9
38,temporal (unconstrained preference),124,10,64,6,9
38,temporal (unconstrained preference),124,21,64,6,9
38,temporal (unconstrained preference),124,26,64,6,9
38,temporal (unconstrained preference),124,29,64,6,9
38,temporal (unconstrained preference),124,43,64,6,9
38,temporal (unconstrained preference),124,58,64,6,9
38,temporal (unconstrained preference),125,21,64,6,9
38,temporal (unconstrained preference),125,34,64,6,9
38,temporal (unconstrained preference),125,43,64,6,9
38,temporal (unconstrained preference),125,47,64,6,9
38,temporal (unconstrained preference),125,56,64,6,9
38,temporal (unconstrained preference),125,58,64,6,9
38,temporal (unconstrained preference),126,10,64,6,9
38,temporal (unconstrained preference),126,21,64,6,9
38,temporal (unconstrained preference),126,26,64,6,9
38,temporal (unconstrained preference),126,29,64,6,9
38,temporal (unconstrained preference),126,43,64,6,9
38,temporal (unconstrained preference),126,58,64,6,9
38,temporal (unconstrained preference),127,21,64,6,9
38,temporal (unconstrained preference),127,24,64,6,9
38,temporal (unconstrained preference),127,35,64,6,9
38,temporal (unconstrained preference),127,36,64,6,9
38,temporal (unconstrained preference),127,43,64,6,9
38,temporal (unconstrained preference),127,58,64,6,9
38,temporal (unconstrained preference),128,21,64,6,9
38,temporal (unconstrained preference),128,43,64,6,9
38,temporal (unconstrained preference),128,47,64,6,9
38,temporal (unconstrained preference),128,56,64,6,9
38,temporal (unconstrained preference),128,57,64,6,9
38,temporal (unconstrained preference),128,58,64,6,9
38,temporal (unconstrained preference),129,3,64,6,9
38,temporal (unconstrained preference),129,11,64,6,9
38,temporal (unconstrained preference),129,33,64,6,9
38,temporal (unconstrained preference),129,58,64,6,9
38,temporal (unconstrained preference),129,61,64,6,9
38,temporal (unconstrained preference),129,63,64,6,9
38,temporal (unconstrained preference),130,3,64,6,9
38,temporal (unconstrained preference),130,7,64,6,9
38,temporal (unconstrained preference),130,33,64,6,9
38,temporal (unconstrained preference),130,37,64,6,9
38,temporal (unconstrained preference),130,57,64,6,9
38,temporal (unconstrained preference),130,58,64,6,9
38,temporal (unconstrained preference),131,10,64,6,9
38,temporal (unconstrained preference),131,14,64,6,9
38,temporal (unconstrained preference),131,42,64,6,9
38,temporal (unconstrained preference),131,51,64,6,9
38,temporal (unconstrained preference),131,57,64,6,9
38,temporal (unconstrained preference),131,58,64,6,9
38,temporal (unconstrained preference),132,10,64,6,9
38,temporal (unconstrained preference),132,34,64,6,9
38,temporal (unconstrained preference),132,42,64,6,9
38,temporal (unconstrained preference),132,47,64,6,9
38,temporal (unconstrained preference),132,56,64,6,9
38,temporal (unconstrained preference),132,58,64,6,9
38,temporal (unconstrained preference),133,3,64,6,9
38,temporal (unconstrained preference),133,10,64,6,9
38,temporal (unconstrained preference),133,38,64,6,9
38,temporal (unconstrained preference),133,42,64,6,9
38,temporal (unconstrained preference),133,49,64,6,9
38,temporal (unconstrained preference),133,58,64,6,9
38,temporal (unconstrained preference),134,10,64,6,9
38,temporal (unconstrained preference),134,21,64,6,9
38,temporal (unconstrained preference),134,28,64,6,9
38,temporal (unconstrained preference),134,29,64,6,9
38,temporal (unconstrained preference),134,39,64,6,9
38,temporal (unconstrained preference),134,58,64,6,9
38,temporal (unconstrained preference),135,21,64,6,9
38,temporal (unconstrained preference),135,29,64,6,9
38,temporal (unconstrained preference),135,43,64,6,9
38,temporal (unconstrained preference),135,45,64,6,9
38,temporal (unconstrained preference),135,47,64,6,9
38,temporal (unconstrained preference),135,57,64,6,9
38,temporal (unconstrained preference),136,26,64,6,9
38,temporal (unconstrained preference),136,29,64,6,9
38,temporal (unconstrained preference),136,37,64,6,9
38,temporal (unconstrained preference),136,43,64,6,9
38,temporal (unconstrained preference),136,57,64,6,9
38,temporal (unconstrained preference),136,58,64,6,9
38,temporal (unconstrained preference),137,10,64,6,9
38,temporal (unconstrained preference),137,21,64,6,9
38,temporal (unconstrained preference),137,34,64,6,9
38,temporal (unconstrained preference),137,36,64,6,9
38,temporal (unconstrained preference),137,43,64,6,9
38,temporal (unconstrained preference),137,58,64,6,9
38,temporal (unconstrained preference),138,10,64,6,9
38,temporal (unconstrained preference),138,21,64,6,9
38,temporal (unconstrained preference),138,24,64,6,9
38,temporal (unconstrained preference),138,35,64,6,9
38,temporal (unconstrained preference),138,43,64,6,9
38,temporal (unconstrained preference),138,58,64,6,9
38,temporal (unconstrained preference),139,10,64,6,9
38,temporal (unconstrained preference),139,34,64,6,9
38,temporal (unconstrained preference),139,43,64,6,9
38,temporal (unconstrained preference),139,47,64,6,9
38,temporal (unconstrained preference),139,57,64,6,9
38,temporal (unconstrained preference),139,58,64,6,9
38,temporal (unconstrained preference),140,3,64,6,9
38,temporal (unconstrained preference),140,10,64,6,9
38,temporal (unconstrained preference),140,21,64,6,9
38,temporal (unconstrained preference),140,43,64,6,9
38,temporal (unconstrained preference),140,57,64,6,9
38,temporal (unconstrained preference),140,58,64,6,9
38,temporal (unconstrained preference),141,3,64,6,9
38,temporal (unconstrained preference),141,10,64,6,9
38,temporal (unconstrained preference),141,28,64,6,9
38,temporal (unconstrained preference),141,33,64,6,9
38,temporal (unconstrained preference),141,58,64,6,9
38,temporal (unconstrained preference),141,61,64,6,9
38,temporal (unconstrained preference),142,3,64,6,9
38,temporal (unconstrained preference),142,10,64,6,9
38,temporal (unconstrained preference),142,42,64,6,9
38,temporal (unconstrained preference),142,43,64,6,9
38,temporal (unconstrained preference),142,57,64,6,9
38,temporal (unconstrained preference),142,58,64,6,9
38,temporal (unconstrained preference),143,10,64,6,9
38,temporal (unconstrained preference),143,30,64,6,9
38,temporal (unconstrained preference),143,39,64,6,9
38,temporal (unconstrained preference),143,43,64,6,9
38,temporal (unconstrained preference),143,57,64,6,9
38,temporal (unconstrained preference),143,58,64,6,9
38,temporal (unconstrained preference),144,26,64,6,9
38,temporal (unconstrained preference),144,29,64,6,9
38,temporal (unconstrained preference),144,37,64,6,9
38,temporal (unconstrained preference),144,43,64,6,9
38,temporal (unconstrained preference),144,57,64,6,9
38,temporal (unconstrained preference),144,58,64,6,9
38,temporal (unconstrained preference),145,7,64,6,9
38,temporal (unconstrained preference),145,20,64,6,9
38,temporal (unconstrained preference),145,26,64,6,9
38,temporal (unconstrained preference),145,30,64,6,9
38,temporal (unconstrained preference),145,43,64,6,9
38,temporal (unconstrained preference),145,58,64,6,9
38,temporal (unconstrained preference),146,10,64,6,9
38,temporal (unconstrained preference),146,34,64,6,9
38,temporal (unconstrained preference),146,43,64,6,9
38,temporal (unconstrained preference),146,47,64,6,9
38,temporal (unconstrained preference),146,57,64,6,9
38,temporal (unconstrained preference),146,58,64,6,9
38,temporal (unconstrained preference),147,28,64,6,9
38,temporal (unconstrained preference),147,31,64,6,9
38,temporal (unconstrained preference),147,42,64,6,9
38,temporal (unconstrained preference),147,49,64,6,9
38,temporal (unconstrained preference),147,57,64,6,9
38,temporal (unconstrained preference),147,58,64,6,9
38,temporal (unconstrained preference),148,10,64,6,9
38,temporal (unconstrained preference),148,18,64,6,9
38,temporal (unconstrained preference),148,28,64,6,9
38,temporal (unconstrained preference),148,37,64,6,9
38,temporal (unconstrained preference),148,49,64,6,9
38,temporal (unconstrained preference),148,58,64,6,9
38,temporal (unconstrained preference),149,7,64,6,9
38,temporal (unconstrained preference),149,10,64,6,9
38,temporal (unconstrained preference),149,34,64,6,9
38,temporal (unconstrained preference),149,42,64,6,9
38,temporal (unconstrained preference),149,56,64,6,9
38,temporal (unconstrained preference),149,58,64,6,9
38,temporal (unconstrained preference),150,7,64,6,9
38,temporal (unconstrained preference),150,10,64,6,9
38,temporal (unconstrained preference),150,34,64,6,9
38,temporal (unconstrained preference),150,56,64,6,9
38,temporal (unconstrained preference),150,58,64,6,9
38,temporal (unconstrained preference),150,60,64,6,9
38,temporal (unconstrained preference),151,10,64,6,9
38,temporal (unconstrained preference),151,21,64,6,9
38,temporal (unconstrained preference),151,24,64,6,9
38,temporal (unconstrained preference),151,35,64,6,9
38,temporal (unconstrained preference),151,58,64,6,9
38,temporal (unconstrained preference),151,60,64,6,9
38,temporal (unconstrained preference),152,10,64,6,9
38,temporal (unconstrained preference),152,18,64,6,9
38,temporal (unconstrained preference),152,21,64,6,9
38,temporal (unconstrained preference),152,56,64,6,9
38,temporal (unconstrained preference),152,57,64,6,9
38,temporal (unconstrained preference),152,58,64,6,9
38,temporal (unconstrained preference),153,1,64,6,9
38,temporal (unconstrained preference),153,3,64,6,9
38,temporal (unconstrained preference),153,11,64,6,9
38,temporal (unconstrained preference),153,33,64,6,9
38,temporal (unconstrained preference),153,58,64,6,9
38,temporal (unconstrained preference),153,61,64,6,9
38,temporal (unconstrained preference),154,3,64,6,9
38,temporal (unconstrained preference),154,29,64,6,9
38,temporal (unconstrained preference),154,33,64,6,9
38,temporal (unconstrained preference),154,37,64,6,9
38,temporal (unconstrained preference),154,57,64,6,9
38,temporal (unconstrained preference),154,58,64,6,9
38,temporal (unconstrained preference),155,3,64,6,9
38,temporal (unconstrained preference),155,13,64,6,9
38,temporal (unconstrained preference),155,21,64,6,9
38,temporal (unconstrained preference),155,28,64,6,9
38,temporal (unconstrained preference),155,43,64,6,9
38,temporal (unconstrained preference),155,49,64,6,9
38,temporal (unconstrained preference),156,0,64,6,9
38,temporal (unconstrained preference),156,20,64,6,9
38,temporal (unconstrained preference),156,26,64,6,9
38,temporal (unconstrained preference),156,35,64,6,9
38,temporal (unconstrained preference),156,38,64,6,9
38,temporal (unconstrained preference),156,57,64,6,9
38,temporal (unconstrained preference),157,3,64,6,9
38,temporal (unconstrained preference),157,18,64,6,9
38,temporal (unconstrained preference),157,28,64,6,9
38,temporal (unconstrained preference),157,37,64,6,9
38,temporal (unconstrained preference),157,38,64,6,9
38,temporal (unconstrained preference),157,57,64,6,9
38,temporal (unconstrained preference),158,18,64,6,9
38,temporal (unconstrained preference),158,28,64,6,9
38,temporal (unconstrained preference),158,37,64,6,9
38,temporal (unconstrained preference),158,49,64,6,9
38,temporal (unconstrained preference),158,58,64,6,9
38,temporal (unconstrained preference),158,61,64,6,9
38,temporal (unconstrained preference),159,10,64,6,9
38,temporal (unconstrained preference),159,26,64,6,9
38,temporal (unconstrained preference),159,29,64,6,9
38,temporal (unconstrained preference),159,37,64,6,9
38,temporal (unconstrained preference),159,43,64,6,9
38,temporal (unconstrained preference),159,57,64,6,9
38,temporal (unconstrained preference),160,10,64,6,9
38,temporal (unconstrained preference),160,18,64,6,9
38,temporal (unconstrained preference),160,29,64,6,9
38,temporal (unconstrained preference),160,34,64,6,9
38,temporal (unconstrained preference),160,43,64,6,9
38,temporal (unconstrained preference),160,58,64,6,9
38,temporal (unconstrained preference),161,10,64,6,9
38,temporal (unconstrained preference),161,34,64,6,9
38,temporal (unconstrained preference),161,35,64,6,9
38,temporal (unconstrained preference),161,43,64,6,9
38,temporal (unconstrained preference),161,58,64,6,9
38,temporal (unconstrained preference),161,62,64,6,9
38,temporal (unconstrained preference),162,10,64,6,9
38,temporal (unconstrained preference),162,18,64,6,9
38,temporal (unconstrained preference),162,34,64,6,9
38,temporal (unconstrained preference),162,43,64,6,9
38,temporal (unconstrained preference),162,57,64,6,9
38,temporal (unconstrained preference),162,58,64,6,9
38,temporal (unconstrained preference),163,13,64,6,9
38,temporal (unconstrained preference),163,20,64,6,9
38,temporal (unconstrained preference),163,28,64,6,9
38,temporal (unconstrained preference),163,30,64,6,9
38,temporal (unconstrained preference),163,49,64,6,9
38,temporal (unconstrained preference),163,58,64,6,9
38,temporal (unconstrained preference),164,18,64,6,9
38,temporal (unconstrained preference),164,28,64,6,9
38,temporal (unconstrained preference),164,37,64,6,9
38,temporal (unconstrained preference),164,42,64,6,9
38,temporal (unconstrained preference),164,49,64,6,9
38,temporal (unconstrained preference),164,57,64,6,9
38,temporal (unconstrained preference),165,10,64,6,9
38,temporal (unconstrained preference),165,18,64,6,9
38,temporal (unconstrained preference),165,21,64,6,9
38,temporal (unconstrained preference),165,29,64,6,9
38,temporal (unconstrained preference),165,43,64,6,9
38,temporal (unconstrained preference),165,56,64,6,9
38,temporal (unconstrained preference),166,3,64,6,9
38,temporal (unconstrained preference),166,10,64,6,9
38,temporal (unconstrained preference),166,18,64,6,9
38,temporal (unconstrained preference),166,21,64,6,9
38,temporal (unconstrained preference),166,43,64,6,9
38,temporal (unconstrained preference),166,57,64,6,9
38,temporal (unconstrained preference),167,21,64,6,9
38,temporal (unconstrained preference),167,24,64,6,9
38,temporal (unconstrained preference),167,29,64,6,9
38,temporal (unconstrained preference),167,39,64,6,9
38,temporal (unconstrained preference),167,42,64,6,9
38,temporal (unconstrained preference),167,47,64,6,9
38,temporal (unconstrained preference),168,21,64,6,9
38,temporal (unconstrained preference),168,26,64,6,9
38,temporal (unconstrained preference),168,29,64,6,9
38,temporal (unconstrained preference),168,37,64,6,9
38,temporal (unconstrained preference),168,43,64,6,9
38,temporal (unconstrained preference),168,57,64,6,9
38,temporal (unconstrained preference),169,29,64,6,9
38,temporal (unconstrained preference),169,43,64,6,9
38,temporal (unconstrained preference),169,45,64,6,9
38,temporal (unconstrained preference),169,47,64,6,9
38,temporal (unconstrained preference),169,51,64,6,9
38,temporal (unconstrained preference),169,58,64,6,9
38,temporal (unconstrained preference),170,10,64,6,9
38,temporal (unconstrained preference),170,42,64,6,9
38,temporal (unconstrained preference),170,43,64,6,9
38,temporal (unconstrained preference),170,45,64,6,9
38,temporal (unconstrained preference),170,57,64,6,9
38,temporal (unconstrained preference),170,58,64,6,9
38,temporal (unconstrained preference),171,1,64,6,9
38,temporal (unconstrained preference),171,3,64,6,9
38,temporal (unconstrained preference),171,11,64,6,9
38,temporal (unconstrained preference),171,33,64,6,9
38,temporal (unconstrained preference),171,61,64,6,9
38,temporal (unconstrained preference),171,63,64,6,9
38,temporal (unconstrained preference),172,3,64,6,9
38,temporal (unconstrained preference),172,29,64,6,9
38,temporal (unconstrained preference),172,33,64,6,9
38,temporal (unconstrained preference),172,37,64,6,9
38,temporal (unconstrained preference),172,42,64,6,9
38,temporal (unconstrained preference),172,57,64,6,9
38,temporal (unconstrained preference),173,3,64,6,9
38,temporal (unconstrained preference),173,13,64,6,9
38,temporal (unconstrained preference),173,21,64,6,9
38,temporal (unconstrained preference),173,28,64,6,9
38,temporal (unconstrained preference),173,39,64,6,9
38,temporal (unconstrained preference),173,49,64,6,9
38,temporal (unconstrained preference),174,10,64,6,9
38,temporal (unconstrained preference),174,35,64,6,9
38,temporal (unconstrained preference),174,39,64,6,9
38,temporal (unconstrained preference),174,44,64,6,9
38,temporal (unconstrained preference),174,53,64,6,9
38,temporal (unconstrained preference),174,58,64,6,9
38,temporal (unconstrained preference),175,18,64,6,9
38,temporal (unconstrained preference),175,28,64,6,9
38,temporal (unconstrained preference),175,37,64,6,9
38,temporal (unconstrained preference),175,39,64,6,9
38,temporal (unconstrained preference),175,57,64,6,9
38,temporal (unconstrained preference),175,58,64,6,9
38,temporal (unconstrained preference),176,21,64,6,9
38,temporal (unconstrained preference),176,29,64,6,9
38,temporal (unconstrained preference),176,37,64,6,9
38,temporal (unconstrained preference),176,42,64,6,9
38,temporal (unconstrained preference),176,43,64,6,9
38,temporal (unconstrained preference),176,57,64,6,9
38,temporal (unconstrained preference),177,29,64,6,9
38,temporal (unconstrained preference),177,37,64,6,9
38,temporal (unconstrained preference),177,42,64,6,9
38,temporal (unconstrained preference),177,45,64,6,9
38,temporal (unconstrained preference),177,51,64,6,9
38,temporal (unconstrained preference),177,57,64,6,9
38,temporal (unconstrained preference),178,29,64,6,9
38,temporal (unconstrained preference),178,37,64,6,9
38,temporal (unconstrained preference),178,42,64,6,9
38,temporal (unconstrained preference),178,43,64,6,9
38,temporal (unconstrained preference),178,45,64,6,9
38,temporal (unconstrained preference),178,57,64,6,9
38,temporal (unconstrained preference),179,21,64,6,9
38,temporal (unconstrained preference),179,30,64,6,9
38,temporal (unconstrained preference),179,34,64,6,9
38,temporal (unconstrained preference),179,39,64,6,9
38,temporal (unconstrained preference),179,45,64,6,9
38,temporal (unconstrained preference),179,47,64,6,9
38,temporal (unconstrained preference),180,0,64,6,9
38,temporal (unconstrained preference),180,21,64,6,9
38,temporal (unconstrained preference),180,24,64,6,9
38,temporal (unconstrained preference),180,45,64,6,9
38,temporal (unconstrained preference),180,47,64,6,9
38,temporal (unconstrained preference),180,49,64,6,9
38,temporal (unconstrained preference),181,21,64,6,9
38,temporal (unconstrained preference),181,24,64,6,9
38,temporal (unconstrained preference),181,35,64,6,9
38,temporal (unconstrained preference),181,38,64,6,9
38,temporal (unconstrained preference),181,47,64,6,9
38,temporal (unconstrained preference),181,49,64,6,9
38,temporal (unconstrained preference),182,21,64,6,9
38,temporal (unconstrained preference),182,23,64,6,9
38,temporal (unconstrained preference),182,34,64,6,9
38,temporal (unconstrained preference),182,39,64,6,9
38,temporal (unconstrained preference),182,47,64,6,9
38,temporal (unconstrained preference),182,48,64,6,9
38,temporal (unconstrained preference),183,1,64,6,9
38,temporal (unconstrained preference),183,3,64,6,9
38,temporal (unconstrained preference),183,11,64,6,9
38,temporal (unconstrained preference),183,33,64,6,9
38,temporal (unconstrained preference),183,61,64,6,9
38,temporal (unconstrained preference),183,63,64,6,9
38,temporal (unconstrained preference),184,18,64,6,9
38,temporal (unconstrained preference),184,28,64,6,9
38,temporal (unconstrained preference),184,29,64,6,9
38,temporal (unconstrained preference),184,33,64,6,9
38,temporal (unconstrained preference),184,37,64,6,9
38,temporal (unconstrained preference),184,42,64,6,9
38,temporal (unconstrained preference),185,21,64,6,9
38,temporal (unconstrained preference),185,25,64,6,9
38,temporal (unconstrained preference),185,29,64,6,9
38,temporal (unconstrained preference),185,37,64,6,9
38,temporal (unconstrained preference),185,42,64,6,9
38,temporal (unconstrained preference),185,43,64,6,9
38,temporal (unconstrained preference),186,21,64,6,9
38,temporal (unconstrained preference),186,23,64,6,9
38,temporal (unconstrained preference),186,29,64,6,9
38,temporal (unconstrained preference),186,42,64,6,9
38,temporal (unconstrained preference),186,49,64,6,9
38,temporal (unconstrained preference),186,60,64,6,9
38,temporal (unconstrained preference),187,10,64,6,9
38,temporal (unconstrained preference),187,24,64,6,9
38,temporal (unconstrained preference),187,29,64,6,9
38,temporal (unconstrained preference),187,42,64,6,9
38,temporal (unconstrained preference),187,49,64,6,9
38,temporal (unconstrained preference),187,60,64,6,9
38,temporal (unconstrained preference),188,14,64,6,9
38,temporal (unconstrained preference),188,24,64,6,9
38,temporal (unconstrained preference),188,32,64,6,9
38,temporal (unconstrained preference),188,38,64,6,9
38,temporal (unconstrained preference),188,42,64,6,9
38,temporal (unconstrained preference),188,46,64,6,9
38,temporal (unconstrained preference),189,20,64,6,9
38,temporal (unconstrained preference),189,23,64,6,9
38,temporal (unconstrained preference),189,38,64,6,9
38,temporal (unconstrained preference),189,39,64,6,9
38,temporal (unconstrained preference),189,49,64,6,9
38,temporal (unconstrained preference),189,56,64,6,9
38,temporal (unconstrained preference),190,9,64,6,9
38,temporal (unconstrained preference),190,19,64,6,9
38,temporal (unconstrained preference),190,20,64,6,9
38,temporal (unconstrained preference),190,27,64,6,9
38,temporal (unconstrained preference),190,30,64,6,9
38,temporal (unconstrained preference),190,43,64,6,9
38,temporal (unconstrained preference),191,10,64,6,9
38,temporal (unconstrained preference),191,18,64,6,9
38,temporal (unconstrained preference),191,29,64,6,9
38,temporal (unconstrained preference),191,39,64,6,9
38,temporal (unconstrained preference),191,47,64,6,9
38,temporal (unconstrained preference),191,57,64,6,9
38,temporal (unconstrained preference),192,26,64,6,9
38,temporal (unconstrained preference),192,29,64,6,9
38,temporal (unconstrained preference),192,37,64,6,9
38,temporal (unconstrained preference),192,41,64,6,9
38,temporal (unconstrained preference),192,43,64,6,9
38,temporal (unconstrained preference),192,57,64,6,9
38,temporal (unconstrained preference),193,21,64,6,9
38,temporal (unconstrained preference),193,34,64,6,9
38,temporal (unconstrained preference),193,39,64,6,9
38,temporal (unconstrained preference),193,43,64,6,9
38,temporal (unconstrained preference),193,47,64,6,9
38,temporal (unconstrained preference),193,51,64,6,9
38,temporal (unconstrained preference),194,21,64,6,9
38,temporal (unconstrained preference),194,23,64,6,9
38,temporal (unconstrained preference),194,34,64,6,9
38,temporal (unconstrained preference),194,47,64,6,9
38,temporal (unconstrained preference),194,48,64,6,9
38,temporal (unconstrained preference),194,56,64,6,9
38,temporal (unconstrained preference),195,1,64,6,9
38,temporal (unconstrained preference),195,11,64,6,9
38,temporal (unconstrained preference),195,33,64,6,9
38,temporal (unconstrained preference),195,59,64,6,9
38,temporal (unconstrained preference),195,61,64,6,9
38,temporal (unconstrained preference),195,63,64,6,9
38,temporal (unconstrained preference),196,24,64,6,9
38,temporal (unconstrained preference),196,25,64,6,9
38,temporal (unconstrained preference),196,46,64,6,9
38,temporal (unconstrained preference),196,54,64,6,9
38,temporal (unconstrained preference),196,56,64,6,9
38,temporal (unconstrained preference),196,61,64,6,9
38,temporal (unconstrained preference),197,1,64,6,9
38,temporal (unconstrained preference),197,37,64,6,9
38,temporal (unconstrained preference),197,42,64,6,9
38,temporal (unconstrained preference),197,46,64,6,9
38,temporal (unconstrained preference),197,54,64,6,9
38,temporal (unconstrained preference),197,57,64,6,9
38,temporal (unconstrained preference),198,18,64,6,9
38,temporal (unconstrained preference),198,28,64,6,9
38,temporal (unconstrained preference),198,33,64,6,9
38,temporal (unconstrained preference),198,54,64,6,9
38,temporal (unconstrained preference),198,57,64,6,9
38,temporal (unconstrained preference),198,60,64,6,9
38,temporal (unconstrained preference),199,18,64,6,9
38,temporal (unconstrained preference),199,21,64,6,9
38,temporal (unconstrained preference),199,28,64,6,9
38,temporal (unconstrained preference),199,29,64,6,9
38,temporal (unconstrained preference),199,37,64,6,9
38,temporal (unconstrained preference),199,43,64,6,9
38,temporal (unconstrained preference),200,21,64,6,9
38,temporal (unconstrained preference),200,23,64,6,9
38,temporal (unconstrained preference),200,39,64,6,9
38,temporal (unconstrained preference),200,42,64,6,9
38,temporal (unconstrained preference),200,47,64,6,9
38,temporal (unconstrained preference),200,49,64,6,9
38,temporal (unconstrained preference),201,19,64,6,9
38,temporal (unconstrained preference),201,27,64,6,9
38,temporal (unconstrained preference),201,30,64,6,9
38,temporal (unconstrained preference),201,39,64,6,9
38,temporal (unconstrained preference),201,51,64,6,9
38,temporal (unconstrained preference),201,62,64,6,9
38,temporal (unconstrained preference),202,26,64,6,9
38,temporal (unconstrained preference),202,27,64,6,9
38,temporal (unconstrained preference),202,35,64,6,9
38,temporal (unconstrained preference),202,39,64,6,9
38,temporal (unconstrained preference),202,53,64,6,9
38,temporal (unconstrained preference),202,58,64,6,9
38,temporal (unconstrained preference),203,21,64,6,9
38,temporal (unconstrained preference),203,23,64,6,9
38,temporal (unconstrained preference),203,34,64,6,9
38,temporal (unconstrained preference),203,47,64,6,9
38,temporal (unconstrained preference),203,48,64,6,9
38,temporal (unconstrained preference),203,56,64,6,9
38,temporal (unconstrained preference),204,3,64,6,9
38,temporal (unconstrained preference),204,17,64,6,9
38,temporal (unconstrained preference),204,21,64,6,9
38,temporal (unconstrained preference),204,42,64,6,9
38,temporal (unconstrained preference),204,58,64,6,9
38,temporal (unconstrained preference),204,61,64,6,9
38,temporal (unconstrained preference),205,22,64,6,9
38,temporal (unconstrained preference),205,26,64,6,9
38,temporal (unconstrained preference),205,35,64,6,9
38,temporal (unconstrained preference),205,52,64,6,9
38,temporal (unconstrained preference),205,53,64,6,9
38,temporal (unconstrained preference),205,58,64,6,9
38,temporal (unconstrained preference),206,18,64,6,9
38,temporal (unconstrained preference),206,33,64,6,9
38,temporal (unconstrained preference),206,37,64,6,9
38,temporal (unconstrained preference),206,42,64,6,9
38,temporal (unconstrained preference),206,57,64,6,9
38,temporal (unconstrained preference),206,58,64,6,9
38,temporal (unconstrained preference),207,3,64,6,9
38,temporal (unconstrained preference),207,18,64,6,9
38,temporal (unconstrained preference),207,37,64,6,9
38,temporal (unconstrained preference),207,42,64,6,9
38,temporal (unconstrained preference),207,57,64,6,9
38,temporal (unconstrained preference),207,58,64,6,9
38,temporal (unconstrained preference),208,4,64,6,9
38,temporal (unconstrained preference),208,10,64,6,9
38,temporal (unconstrained preference),208,35,64,6,9
38,temporal (unconstrained preference),208,39,64,6,9
38,temporal (unconstrained preference),208,44,64,6,9
38,temporal (unconstrained preference),208,58,64,6,9
38,temporal (unconstrained preference),209,1,64,6,9
38,temporal (unconstrained preference),209,3,64,6,9
38,temporal (unconstrained preference),209,11,64,6,9
38,temporal (unconstrained preference),209,33,64,6,9
38,temporal (unconstrained preference),209,61,64,6,9
38,temporal (unconstrained preference),209,63,64,6,9
38,temporal (unconstrained preference),210,2,64,6,9
38,temporal (unconstrained preference),210,6,64,6,9
38,temporal (unconstrained preference),210,11,64,6,9
38,temporal (unconstrained preference),210,15,64,6,9
38,temporal (unconstrained preference),210,41,64,6,9
38,temporal (unconstrained preference),210,59,64,6,9
38,temporal (unconstrained preference),211,3,64,6,9
38,temporal (unconstrained preference),211,6,64,6,9
38,temporal (unconstrained preference),211,7,64,6,9
38,temporal (unconstrained preference),211,11,64,6,9
38,temporal (unconstrained preference),211,15,64,6,9
38,temporal (unconstrained preference),211,41,64,6,9
38,temporal (unconstrained preference),212,3,64,6,9
38,temporal (unconstrained preference),212,25,64,6,9
38,temporal (unconstrained preference),212,33,64,6,9
38,temporal (unconstrained preference),212,37,64,6,9
38,temporal (unconstrained preference),212,42,64,6,9
38,temporal (unconstrained preference),212,57,64,6,9
38,temporal (unconstrained preference),213,18,64,6,9
38,temporal (unconstrained preference),213,34,64,6,9
38,temporal (unconstrained preference),213,37,64,6,9
38,temporal (unconstrained preference),213,46,64,6,9
38,temporal (unconstrained preference),213,56,64,6,9
38,temporal (unconstrained preference),213,57,64,6,9
38,temporal (unconstrained preference),214,10,64,6,9
38,temporal (unconstrained preference),214,29,64,6,9
38,temporal (unconstrained preference),214,34,64,6,9
38,temporal (unconstrained preference),214,40,64,6,9
38,temporal (unconstrained preference),214,43,64,6,9
38,temporal (unconstrained preference),214,58,64,6,9
38,temporal (unconstrained preference),215,1,64,6,9
38,temporal (unconstrained preference),215,11,64,6,9
38,temporal (unconstrained preference),215,33,64,6,9
38,temporal (unconstrained preference),215,58,64,6,9
38,temporal (unconstrained preference),215,61,64,6,9
38,temporal (unconstrained preference),215,63,64,6,9
38,temporal (unconstrained preference),216,28,64,6,9
38,temporal (unconstrained preference),216,46,64,6,9
38,temporal (unconstrained preference),216,49,64,6,9
38,temporal (unconstrained preference),216,57,64,6,9
38,temporal (unconstrained preference),216,59,64,6,9
38,temporal (unconstrained preference),216,61,64,6,9
38,temporal (unconstrained preference),217,28,64,6,9
38,temporal (unconstrained preference),217,40,64,6,9
38,temporal (unconstrained preference),217,46,64,6,9
38,temporal (unconstrained preference),217,56,64,6,9
38,temporal (unconstrained preference),217,59,64,6,9
38,temporal (unconstrained preference),217,61,64,6,9
38,temporal (unconstrained preference),218,28,64,6,9
38,temporal (unconstrained preference),218,33,64,6,9
38,temporal (unconstrained preference),218,46,64,6,9
38,temporal (unconstrained preference),218,56,64,6,9
38,temporal (unconstrained preference),218,59,64,6,9
38,temporal (unconstrained preference),218,61,64,6,9
38,temporal (unconstrained preference),219,3,64,6,9
38,temporal (unconstrained preference),219,11,64,6,9
38,temporal (unconstrained preference),219,14,64,6,9
38,temporal (unconstrained preference),219,33,64,6,9
38,temporal (unconstrained preference),219,59,64,6,9
38,temporal (unconstrained preference),219,61,64,6,9
