label,run,budget,regime,layer,expert,split,stratum,stratum_lo_count,stratum_hi_count,n_score_rows,usage_in_stratum,token_AUC_in_stratum
g1_tmoe_coarse_1e19,g1_tmoe_coarse_1e19,1e19,temporal,2,0,sequence,0,1,6,8017,1069,0.5417
g1_tmoe_coarse_1e19,g1_tmoe_coarse_1e19,1e19,temporal,2,1,sequence,0,1,6,8017,748,0.5799
g1_tmoe_coarse_1e19,g1_tmoe_coarse_1e19,1e19,temporal,2,2,sequence,0,1,6,8017,891,0.5191
g1_tmoe_coarse_1e19,g1_tmoe_coarse_1e19,1e19,temporal,2,3,sequence,0,1,6,8017,645,0.5469
g1_tmoe_coarse_1e19,g1_tmoe_coarse_1e19,1e19,temporal,2,4,sequence,0,1,6,8017,723,0.5703
g1_tmoe_coarse_1e19,g1_tmoe_coarse_1e19,1e19,temporal,2,5,sequence,0,1,6,8017,695,0.539
g1_tmoe_coarse_1e19,g1_tmoe_coarse_1e19,1e19,temporal,2,6,sequence,0,1,6,8017,851,0.5489
g1_tmoe_coarse_1e19,g1_tmoe_coarse_1e19,1e19,temporal,2,7,sequence,0,1,6,8017,724,0.562
g1_tmoe_coarse_1e19,g1_tmoe_coarse_1e19,1e19,temporal,2,8,sequence,0,1,6,8017,770,0.5627
g1_tmoe_coarse_1e19,g1_tmoe_coarse_1e19,1e19,temporal,2,9,sequence,0,1,6,8017,627,0.5128
g1_tmoe_coarse_1e19,g1_tmoe_coarse_1e19,1e19,temporal,2,10,sequence,0,1,6,8017,576,0.5326
g1_tmoe_coarse_1e19,g1_tmoe_coarse_1e19,1e19,temporal,2,11,sequence,0,1,6,8017,732,0.5328
g1_tmoe_coarse_1e19,g1_tmoe_coarse_1e19,1e19,temporal,2,12,sequence,0,1,6,8017,774,0.53
g1_tmoe_coarse_1e19,g1_tmoe_coarse_1e19,1e19,temporal,2,13,sequence,0,1,6,8017,708,0.5759
g1_tmoe_coarse_1e19,g1_tmoe_coarse_1e19,1e19,temporal,2,14,sequence,0,1,6,8017,624,0.5481
g1_tmoe_coarse_1e19,g1_tmoe_coarse_1e19,1e19,temporal,2,15,sequence,0,1,6,8017,832,0.5435
g1_tmoe_coarse_1e19,g1_tmoe_coarse_1e19,1e19,temporal,2,16,sequence,0,1,6,8017,752,0.5442
g1_tmoe_coarse_1e19,g1_tmoe_coarse_1e19,1e19,temporal,2,17,sequence,0,1,6,8017,691,0.5389
g1_tmoe_coarse_1e19,g1_tmoe_coarse_1e19,1e19,temporal,2,18,sequence,0,1,6,8017,683,0.5707
g1_tmoe_coarse_1e19,g1_tmoe_coarse_1e19,1e19,temporal,2,19,sequence,0,1,6,8017,704,0.532
g1_tmoe_coarse_1e19,g1_tmoe_coarse_1e19,1e19,temporal,2,20,sequence,0,1,6,8017,789,0.5542
g1_tmoe_coarse_1e19,g1_tmoe_coarse_1e19,1e19,temporal,2,21,sequence,0,1,6,8017,880,0.5723
g1_tmoe_coarse_1e19,g1_tmoe_coarse_1e19,1e19,temporal,2,22,sequence,0,1,6,8017,755,0.5476
g1_tmoe_coarse_1e19,g1_tmoe_coarse_1e19,1e19,temporal,2,23,sequence,0,1,6,8017,644,0.5658
g1_tmoe_coarse_1e19,g1_tmoe_coarse_1e19,1e19,temporal,2,24,sequence,0,1,6,8017,784,0.5721
g1_tmoe_coarse_1e19,g1_tmoe_coarse_1e19,1e19,temporal,2,25,sequence,0,1,6,8017,825,0.535
g1_tmoe_coarse_1e19,g1_tmoe_coarse_1e19,1e19,temporal,2,26,sequence,0,1,6,8017,873,0.5317
g1_tmoe_coarse_1e19,g1_tmoe_coarse_1e19,1e19,temporal,2,27,sequence,0,1,6,8017,774,0.5595
g1_tmoe_coarse_1e19,g1_tmoe_coarse_1e19,1e19,temporal,2,28,sequence,0,1,6,8017,745,0.5763
g1_tmoe_coarse_1e19,g1_tmoe_coarse_1e19,1e19,temporal,2,29,sequence,0,1,6,8017,742,0.5436
g1_tmoe_coarse_1e19,g1_tmoe_coarse_1e19,1e19,temporal,2,30,sequence,0,1,6,8017,833,0.5807
g1_tmoe_coarse_1e19,g1_tmoe_coarse_1e19,1e19,temporal,2,31,sequence,0,1,6,8017,720,0.5423
g1_tmoe_coarse_1e19,g1_tmoe_coarse_1e19,1e19,temporal,2,32,sequence,0,1,6,8017,782,0.5686
g1_tmoe_coarse_1e19,g1_tmoe_coarse_1e19,1e19,temporal,2,33,sequence,0,1,6,8017,640,0.5609
g1_tmoe_coarse_1e19,g1_tmoe_coarse_1e19,1e19,temporal,2,34,sequence,0,1,6,8017,847,0.5781
g1_tmoe_coarse_1e19,g1_tmoe_coarse_1e19,1e19,temporal,2,35,sequence,0,1,6,8017,791,0.5695
g1_tmoe_coarse_1e19,g1_tmoe_coarse_1e19,1e19,temporal,2,36,sequence,0,1,6,8017,652,0.5775
g1_tmoe_coarse_1e19,g1_tmoe_coarse_1e19,1e19,temporal,2,37,sequence,0,1,6,8017,939,0.5443
g1_tmoe_coarse_1e19,g1_tmoe_coarse_1e19,1e19,temporal,2,38,sequence,0,1,6,8017,646,0.5527
g1_tmoe_coarse_1e19,g1_tmoe_coarse_1e19,1e19,temporal,2,39,sequence,0,1,6,8017,742,0.5562
g1_tmoe_coarse_1e19,g1_tmoe_coarse_1e19,1e19,temporal,2,40,sequence,0,1,6,8017,816,0.568
g1_tmoe_coarse_1e19,g1_tmoe_coarse_1e19,1e19,temporal,2,41,sequence,0,1,6,8017,780,0.5557
g1_tmoe_coarse_1e19,g1_tmoe_coarse_1e19,1e19,temporal,2,42,sequence,0,1,6,8017,662,0.5394
g1_tmoe_coarse_1e19,g1_tmoe_coarse_1e19,1e19,temporal,2,43,sequence,0,1,6,8017,632,0.5152
g1_tmoe_coarse_1e19,g1_tmoe_coarse_1e19,1e19,temporal,2,44,sequence,0,1,6,8017,632,0.5576
g1_tmoe_coarse_1e19,g1_tmoe_coarse_1e19,1e19,temporal,2,45,sequence,0,1,6,8017,814,0.5693
g1_tmoe_coarse_1e19,g1_tmoe_coarse_1e19,1e19,temporal,2,46,sequence,0,1,6,8017,692,0.5376
g1_tmoe_coarse_1e19,g1_tmoe_coarse_1e19,1e19,temporal,2,47,sequence,0,1,6,8017,657,0.5498
g1_tmoe_coarse_1e19,g1_tmoe_coarse_1e19,1e19,temporal,2,48,sequence,0,1,6,8017,644,0.5672
g1_tmoe_coarse_1e19,g1_tmoe_coarse_1e19,1e19,temporal,2,49,sequence,0,1,6,8017,526,0.5652
g1_tmoe_coarse_1e19,g1_tmoe_coarse_1e19,1e19,temporal,2,50,sequence,0,1,6,8017,823,0.5719
g1_tmoe_coarse_1e19,g1_tmoe_coarse_1e19,1e19,temporal,2,51,sequence,0,1,6,8017,586,0.5131
g1_tmoe_coarse_1e19,g1_tmoe_coarse_1e19,1e19,temporal,2,52,sequence,0,1,6,8017,850,0.5417
g1_tmoe_coarse_1e19,g1_tmoe_coarse_1e19,1e19,temporal,2,53,sequence,0,1,6,8017,672,0.5631
g1_tmoe_coarse_1e19,g1_tmoe_coarse_1e19,1e19,temporal,2,54,sequence,0,1,6,8017,737,0.5523
g1_tmoe_coarse_1e19,g1_tmoe_coarse_1e19,1e19,temporal,2,55,sequence,0,1,6,8017,993,0.5992
g1_tmoe_coarse_1e19,g1_tmoe_coarse_1e19,1e19,temporal,2,56,sequence,0,1,6,8017,801,0.5557
g1_tmoe_coarse_1e19,g1_tmoe_coarse_1e19,1e19,temporal,2,57,sequence,0,1,6,8017,883,0.5437
g1_tmoe_coarse_1e19,g1_tmoe_coarse_1e19,1e19,temporal,2,58,sequence,0,1,6,8017,688,0.5367
g1_tmoe_coarse_1e19,g1_tmoe_coarse_1e19,1e19,temporal,2,59,sequence,0,1,6,8017,939,0.555
g1_tmoe_coarse_1e19,g1_tmoe_coarse_1e19,1e19,temporal,2,60,sequence,0,1,6,8017,780,0.5658
g1_tmoe_coarse_1e19,g1_tmoe_coarse_1e19,1e19,temporal,2,61,sequence,0,1,6,8017,717,0.5494
g1_tmoe_coarse_1e19,g1_tmoe_coarse_1e19,1e19,temporal,2,62,sequence,0,1,6,8017,768,0.5399
g1_tmoe_coarse_1e19,g1_tmoe_coarse_1e19,1e19,temporal,2,63,sequence,0,1,6,8017,788,0.5268
g1_tmoe_coarse_1e19,g1_tmoe_coarse_1e19,1e19,temporal,2,0,sequence,1,6,32,7862,905,0.5549
g1_tmoe_coarse_1e19,g1_tmoe_coarse_1e19,1e19,temporal,2,1,sequence,1,6,32,7862,794,0.6377
g1_tmoe_coarse_1e19,g1_tmoe_coarse_1e19,1e19,temporal,2,2,sequence,1,6,32,7862,765,0.5886
g1_tmoe_coarse_1e19,g1_tmoe_coarse_1e19,1e19,temporal,2,3,sequence,1,6,32,7862,587,0.5513
g1_tmoe_coarse_1e19,g1_tmoe_coarse_1e19,1e19,temporal,2,4,sequence,1,6,32,7862,609,0.5805
g1_tmoe_coarse_1e19,g1_tmoe_coarse_1e19,1e19,temporal,2,5,sequence,1,6,32,7862,660,0.5654
g1_tmoe_coarse_1e19,g1_tmoe_coarse_1e19,1e19,temporal,2,6,sequence,1,6,32,7862,904,0.6036
g1_tmoe_coarse_1e19,g1_tmoe_coarse_1e19,1e19,temporal,2,7,sequence,1,6,32,7862,678,0.6166
g1_tmoe_coarse_1e19,g1_tmoe_coarse_1e19,1e19,temporal,2,8,sequence,1,6,32,7862,802,0.6059
g1_tmoe_coarse_1e19,g1_tmoe_coarse_1e19,1e19,temporal,2,9,sequence,1,6,32,7862,705,0.5645
g1_tmoe_coarse_1e19,g1_tmoe_coarse_1e19,1e19,temporal,2,10,sequence,1,6,32,7862,633,0.5735
g1_tmoe_coarse_1e19,g1_tmoe_coarse_1e19,1e19,temporal,2,11,sequence,1,6,32,7862,763,0.6089
g1_tmoe_coarse_1e19,g1_tmoe_coarse_1e19,1e19,temporal,2,12,sequence,1,6,32,7862,893,0.5634
g1_tmoe_coarse_1e19,g1_tmoe_coarse_1e19,1e19,temporal,2,13,sequence,1,6,32,7862,751,0.5944
g1_tmoe_coarse_1e19,g1_tmoe_coarse_1e19,1e19,temporal,2,14,sequence,1,6,32,7862,675,0.5894
g1_tmoe_coarse_1e19,g1_tmoe_coarse_1e19,1e19,temporal,2,15,sequence,1,6,32,7862,867,0.6062
g1_tmoe_coarse_1e19,g1_tmoe_coarse_1e19,1e19,temporal,2,16,sequence,1,6,32,7862,803,0.5669
g1_tmoe_coarse_1e19,g1_tmoe_coarse_1e19,1e19,temporal,2,17,sequence,1,6,32,7862,789,0.6186
g1_tmoe_coarse_1e19,g1_tmoe_coarse_1e19,1e19,temporal,2,18,sequence,1,6,32,7862,736,0.6285
g1_tmoe_coarse_1e19,g1_tmoe_coarse_1e19,1e19,temporal,2,19,sequence,1,6,32,7862,720,0.5875
g1_tmoe_coarse_1e19,g1_tmoe_coarse_1e19,1e19,temporal,2,20,sequence,1,6,32,7862,789,0.6005
g1_tmoe_coarse_1e19,g1_tmoe_coarse_1e19,1e19,temporal,2,21,sequence,1,6,32,7862,798,0.6125
g1_tmoe_coarse_1e19,g1_tmoe_coarse_1e19,1e19,temporal,2,22,sequence,1,6,32,7862,762,0.5637
g1_tmoe_coarse_1e19,g1_tmoe_coarse_1e19,1e19,temporal,2,23,sequence,1,6,32,7862,676,0.6184
g1_tmoe_coarse_1e19,g1_tmoe_coarse_1e19,1e19,temporal,2,24,sequence,1,6,32,7862,727,0.584
g1_tmoe_coarse_1e19,g1_tmoe_coarse_1e19,1e19,temporal,2,25,sequence,1,6,32,7862,832,0.5929
g1_tmoe_coarse_1e19,g1_tmoe_coarse_1e19,1e19,temporal,2,26,sequence,1,6,32,7862,780,0.5395
g1_tmoe_coarse_1e19,g1_tmoe_coarse_1e19,1e19,temporal,2,27,sequence,1,6,32,7862,814,0.5903
g1_tmoe_coarse_1e19,g1_tmoe_coarse_1e19,1e19,temporal,2,28,sequence,1,6,32,7862,634,0.5801
g1_tmoe_coarse_1e19,g1_tmoe_coarse_1e19,1e19,temporal,2,29,sequence,1,6,32,7862,724,0.5902
g1_tmoe_coarse_1e19,g1_tmoe_coarse_1e19,1e19,temporal,2,30,sequence,1,6,32,7862,667,0.5937
g1_tmoe_coarse_1e19,g1_tmoe_coarse_1e19,1e19,temporal,2,31,sequence,1,6,32,7862,638,0.6307
g1_tmoe_coarse_1e19,g1_tmoe_coarse_1e19,1e19,temporal,2,32,sequence,1,6,32,7862,829,0.6149
g1_tmoe_coarse_1e19,g1_tmoe_coarse_1e19,1e19,temporal,2,33,sequence,1,6,32,7862,683,0.588
g1_tmoe_coarse_1e19,g1_tmoe_coarse_1e19,1e19,temporal,2,34,sequence,1,6,32,7862,755,0.6144
g1_tmoe_coarse_1e19,g1_tmoe_coarse_1e19,1e19,temporal,2,35,sequence,1,6,32,7862,789,0.6184
g1_tmoe_coarse_1e19,g1_tmoe_coarse_1e19,1e19,temporal,2,36,sequence,1,6,32,7862,543,0.5936
g1_tmoe_coarse_1e19,g1_tmoe_coarse_1e19,1e19,temporal,2,37,sequence,1,6,32,7862,753,0.6075
g1_tmoe_coarse_1e19,g1_tmoe_coarse_1e19,1e19,temporal,2,38,sequence,1,6,32,7862,666,0.5601
g1_tmoe_coarse_1e19,g1_tmoe_coarse_1e19,1e19,temporal,2,39,sequence,1,6,32,7862,770,0.558
g1_tmoe_coarse_1e19,g1_tmoe_coarse_1e19,1e19,temporal,2,40,sequence,1,6,32,7862,731,0.6015
g1_tmoe_coarse_1e19,g1_tmoe_coarse_1e19,1e19,temporal,2,41,sequence,1,6,32,7862,743,0.6009
g1_tmoe_coarse_1e19,g1_tmoe_coarse_1e19,1e19,temporal,2,42,sequence,1,6,32,7862,698,0.5566
g1_tmoe_coarse_1e19,g1_tmoe_coarse_1e19,1e19,temporal,2,43,sequence,1,6,32,7862,685,0.5808
g1_tmoe_coarse_1e19,g1_tmoe_coarse_1e19,1e19,temporal,2,44,sequence,1,6,32,7862,607,0.5911
g1_tmoe_coarse_1e19,g1_tmoe_coarse_1e19,1e19,temporal,2,45,sequence,1,6,32,7862,842,0.5656
g1_tmoe_coarse_1e19,g1_tmoe_coarse_1e19,1e19,temporal,2,46,sequence,1,6,32,7862,742,0.5893
g1_tmoe_coarse_1e19,g1_tmoe_coarse_1e19,1e19,temporal,2,47,sequence,1,6,32,7862,811,0.5848
g1_tmoe_coarse_1e19,g1_tmoe_coarse_1e19,1e19,temporal,2,48,sequence,1,6,32,7862,715,0.5829
g1_tmoe_coarse_1e19,g1_tmoe_coarse_1e19,1e19,temporal,2,49,sequence,1,6,32,7862,652,0.5801
g1_tmoe_coarse_1e19,g1_tmoe_coarse_1e19,1e19,temporal,2,50,sequence,1,6,32,7862,736,0.5793
g1_tmoe_coarse_1e19,g1_tmoe_coarse_1e19,1e19,temporal,2,51,sequence,1,6,32,7862,601,0.5895
g1_tmoe_coarse_1e19,g1_tmoe_coarse_1e19,1e19,temporal,2,52,sequence,1,6,32,7862,828,0.5817
g1_tmoe_coarse_1e19,g1_tmoe_coarse_1e19,1e19,temporal,2,53,sequence,1,6,32,7862,684,0.6025
g1_tmoe_coarse_1e19,g1_tmoe_coarse_1e19,1e19,temporal,2,54,sequence,1,6,32,7862,695,0.6021
g1_tmoe_coarse_1e19,g1_tmoe_coarse_1e19,1e19,temporal,2,55,sequence,1,6,32,7862,671,0.5856
g1_tmoe_coarse_1e19,g1_tmoe_coarse_1e19,1e19,temporal,2,56,sequence,1,6,32,7862,797,0.6256
g1_tmoe_coarse_1e19,g1_tmoe_coarse_1e19,1e19,temporal,2,57,sequence,1,6,32,7862,767,0.5827
g1_tmoe_coarse_1e19,g1_tmoe_coarse_1e19,1e19,temporal,2,58,sequence,1,6,32,7862,667,0.5985
g1_tmoe_coarse_1e19,g1_tmoe_coarse_1e19,1e19,temporal,2,59,sequence,1,6,32,7862,813,0.5714
g1_tmoe_coarse_1e19,g1_tmoe_coarse_1e19,1e19,temporal,2,60,sequence,1,6,32,7862,708,0.599
g1_tmoe_coarse_1e19,g1_tmoe_coarse_1e19,1e19,temporal,2,61,sequence,1,6,32,7862,677,0.553
g1_tmoe_coarse_1e19,g1_tmoe_coarse_1e19,1e19,temporal,2,62,sequence,1,6,32,7862,772,0.5806
g1_tmoe_coarse_1e19,g1_tmoe_coarse_1e19,1e19,temporal,2,63,sequence,1,6,32,7862,862,0.5424
g1_tmoe_coarse_1e19,g1_tmoe_coarse_1e19,1e19,temporal,2,0,sequence,2,32,221,7697,748,0.5831
g1_tmoe_coarse_1e19,g1_tmoe_coarse_1e19,1e19,temporal,2,1,sequence,2,32,221,7697,528,0.5837
g1_tmoe_coarse_1e19,g1_tmoe_coarse_1e19,1e19,temporal,2,2,sequence,2,32,221,7697,682,0.6384
g1_tmoe_coarse_1e19,g1_tmoe_coarse_1e19,1e19,temporal,2,3,sequence,2,32,221,7697,668,0.6027
g1_tmoe_coarse_1e19,g1_tmoe_coarse_1e19,1e19,temporal,2,4,sequence,2,32,221,7697,624,0.6951
g1_tmoe_coarse_1e19,g1_tmoe_coarse_1e19,1e19,temporal,2,5,sequence,2,32,221,7697,639,0.6618
g1_tmoe_coarse_1e19,g1_tmoe_coarse_1e19,1e19,temporal,2,6,sequence,2,32,221,7697,663,0.5917
g1_tmoe_coarse_1e19,g1_tmoe_coarse_1e19,1e19,temporal,2,7,sequence,2,32,221,7697,686,0.6507
g1_tmoe_coarse_1e19,g1_tmoe_coarse_1e19,1e19,temporal,2,8,sequence,2,32,221,7697,674,0.6216
g1_tmoe_coarse_1e19,g1_tmoe_coarse_1e19,1e19,temporal,2,9,sequence,2,32,221,7697,631,0.6256
g1_tmoe_coarse_1e19,g1_tmoe_coarse_1e19,1e19,temporal,2,10,sequence,2,32,221,7697,681,0.6246
g1_tmoe_coarse_1e19,g1_tmoe_coarse_1e19,1e19,temporal,2,11,sequence,2,32,221,7697,774,0.6616
g1_tmoe_coarse_1e19,g1_tmoe_coarse_1e19,1e19,temporal,2,12,sequence,2,32,221,7697,895,0.6074
g1_tmoe_coarse_1e19,g1_tmoe_coarse_1e19,1e19,temporal,2,13,sequence,2,32,221,7697,746,0.6595
g1_tmoe_coarse_1e19,g1_tmoe_coarse_1e19,1e19,temporal,2,14,sequence,2,32,221,7697,675,0.582
g1_tmoe_coarse_1e19,g1_tmoe_coarse_1e19,1e19,temporal,2,15,sequence,2,32,221,7697,924,0.6541
g1_tmoe_coarse_1e19,g1_tmoe_coarse_1e19,1e19,temporal,2,16,sequence,2,32,221,7697,1077,0.7012
g1_tmoe_coarse_1e19,g1_tmoe_coarse_1e19,1e19,temporal,2,17,sequence,2,32,221,7697,722,0.6757
g1_tmoe_coarse_1e19,g1_tmoe_coarse_1e19,1e19,temporal,2,18,sequence,2,32,221,7697,665,0.6342
g1_tmoe_coarse_1e19,g1_tmoe_coarse_1e19,1e19,temporal,2,19,sequence,2,32,221,7697,632,0.6544
g1_tmoe_coarse_1e19,g1_tmoe_coarse_1e19,1e19,temporal,2,20,sequence,2,32,221,7697,841,0.621
g1_tmoe_coarse_1e19,g1_tmoe_coarse_1e19,1e19,temporal,2,21,sequence,2,32,221,7697,834,0.6379
g1_tmoe_coarse_1e19,g1_tmoe_coarse_1e19,1e19,temporal,2,22,sequence,2,32,221,7697,799,0.6337
g1_tmoe_coarse_1e19,g1_tmoe_coarse_1e19,1e19,temporal,2,23,sequence,2,32,221,7697,546,0.5777
g1_tmoe_coarse_1e19,g1_tmoe_coarse_1e19,1e19,temporal,2,24,sequence,2,32,221,7697,527,0.6275
g1_tmoe_coarse_1e19,g1_tmoe_coarse_1e19,1e19,temporal,2,25,sequence,2,32,221,7697,809,0.642
g1_tmoe_coarse_1e19,g1_tmoe_coarse_1e19,1e19,temporal,2,26,sequence,2,32,221,7697,952,0.6291
g1_tmoe_coarse_1e19,g1_tmoe_coarse_1e19,1e19,temporal,2,27,sequence,2,32,221,7697,793,0.6311
g1_tmoe_coarse_1e19,g1_tmoe_coarse_1e19,1e19,temporal,2,28,sequence,2,32,221,7697,572,0.6513
g1_tmoe_coarse_1e19,g1_tmoe_coarse_1e19,1e19,temporal,2,29,sequence,2,32,221,7697,739,0.6148
g1_tmoe_coarse_1e19,g1_tmoe_coarse_1e19,1e19,temporal,2,30,sequence,2,32,221,7697,632,0.6059
g1_tmoe_coarse_1e19,g1_tmoe_coarse_1e19,1e19,temporal,2,31,sequence,2,32,221,7697,597,0.7385
g1_tmoe_coarse_1e19,g1_tmoe_coarse_1e19,1e19,temporal,2,32,sequence,2,32,221,7697,853,0.5877
g1_tmoe_coarse_1e19,g1_tmoe_coarse_1e19,1e19,temporal,2,33,sequence,2,32,221,7697,724,0.6297
g1_tmoe_coarse_1e19,g1_tmoe_coarse_1e19,1e19,temporal,2,34,sequence,2,32,221,7697,693,0.6848
g1_tmoe_coarse_1e19,g1_tmoe_coarse_1e19,1e19,temporal,2,35,sequence,2,32,221,7697,773,0.6802
g1_tmoe_coarse_1e19,g1_tmoe_coarse_1e19,1e19,temporal,2,36,sequence,2,32,221,7697,601,0.6776
g1_tmoe_coarse_1e19,g1_tmoe_coarse_1e19,1e19,temporal,2,37,sequence,2,32,221,7697,540,0.6246
g1_tmoe_coarse_1e19,g1_tmoe_coarse_1e19,1e19,temporal,2,38,sequence,2,32,221,7697,716,0.6199
g1_tmoe_coarse_1e19,g1_tmoe_coarse_1e19,1e19,temporal,2,39,sequence,2,32,221,7697,725,0.5912
g1_tmoe_coarse_1e19,g1_tmoe_coarse_1e19,1e19,temporal,2,40,sequence,2,32,221,7697,622,0.661
g1_tmoe_coarse_1e19,g1_tmoe_coarse_1e19,1e19,temporal,2,41,sequence,2,32,221,7697,697,0.5995
g1_tmoe_coarse_1e19,g1_tmoe_coarse_1e19,1e19,temporal,2,42,sequence,2,32,221,7697,721,0.61
g1_tmoe_coarse_1e19,g1_tmoe_coarse_1e19,1e19,temporal,2,43,sequence,2,32,221,7697,665,0.6631
g1_tmoe_coarse_1e19,g1_tmoe_coarse_1e19,1e19,temporal,2,44,sequence,2,32,221,7697,560,0.5977
g1_tmoe_coarse_1e19,g1_tmoe_coarse_1e19,1e19,temporal,2,45,sequence,2,32,221,7697,970,0.6332
g1_tmoe_coarse_1e19,g1_tmoe_coarse_1e19,1e19,temporal,2,46,sequence,2,32,221,7697,909,0.6781
g1_tmoe_coarse_1e19,g1_tmoe_coarse_1e19,1e19,temporal,2,47,sequence,2,32,221,7697,677,0.6241
g1_tmoe_coarse_1e19,g1_tmoe_coarse_1e19,1e19,temporal,2,48,sequence,2,32,221,7697,983,0.653
g1_tmoe_coarse_1e19,g1_tmoe_coarse_1e19,1e19,temporal,2,49,sequence,2,32,221,7697,628,0.614
g1_tmoe_coarse_1e19,g1_tmoe_coarse_1e19,1e19,temporal,2,50,sequence,2,32,221,7697,889,0.7285
g1_tmoe_coarse_1e19,g1_tmoe_coarse_1e19,1e19,temporal,2,51,sequence,2,32,221,7697,468,0.6274
g1_tmoe_coarse_1e19,g1_tmoe_coarse_1e19,1e19,temporal,2,52,sequence,2,32,221,7697,821,0.6919
g1_tmoe_coarse_1e19,g1_tmoe_coarse_1e19,1e19,temporal,2,53,sequence,2,32,221,7697,496,0.6277
g1_tmoe_coarse_1e19,g1_tmoe_coarse_1e19,1e19,temporal,2,54,sequence,2,32,221,7697,755,0.6647
g1_tmoe_coarse_1e19,g1_tmoe_coarse_1e19,1e19,temporal,2,55,sequence,2,32,221,7697,521,0.6381
g1_tmoe_coarse_1e19,g1_tmoe_coarse_1e19,1e19,temporal,2,56,sequence,2,32,221,7697,745,0.667
g1_tmoe_coarse_1e19,g1_tmoe_coarse_1e19,1e19,temporal,2,57,sequence,2,32,221,7697,766,0.6273
g1_tmoe_coarse_1e19,g1_tmoe_coarse_1e19,1e19,temporal,2,58,sequence,2,32,221,7697,952,0.6913
g1_tmoe_coarse_1e19,g1_tmoe_coarse_1e19,1e19,temporal,2,59,sequence,2,32,221,7697,792,0.6035
g1_tmoe_coarse_1e19,g1_tmoe_coarse_1e19,1e19,temporal,2,60,sequence,2,32,221,7697,780,0.6768
g1_tmoe_coarse_1e19,g1_tmoe_coarse_1e19,1e19,temporal,2,61,sequence,2,32,221,7697,779,0.6363
g1_tmoe_coarse_1e19,g1_tmoe_coarse_1e19,1e19,temporal,2,62,sequence,2,32,221,7697,599,0.5634
g1_tmoe_coarse_1e19,g1_tmoe_coarse_1e19,1e19,temporal,2,63,sequence,2,32,221,7697,787,0.6527
g1_tmoe_coarse_1e19,g1_tmoe_coarse_1e19,1e19,temporal,2,0,sequence,3,238,1429,6983,649,0.6789
g1_tmoe_coarse_1e19,g1_tmoe_coarse_1e19,1e19,temporal,2,1,sequence,3,238,1429,6983,577,0.646
g1_tmoe_coarse_1e19,g1_tmoe_coarse_1e19,1e19,temporal,2,2,sequence,3,238,1429,6983,590,0.5794
g1_tmoe_coarse_1e19,g1_tmoe_coarse_1e19,1e19,temporal,2,3,sequence,3,238,1429,6983,900,0.796
g1_tmoe_coarse_1e19,g1_tmoe_coarse_1e19,1e19,temporal,2,4,sequence,3,238,1429,6983,680,0.782
g1_tmoe_coarse_1e19,g1_tmoe_coarse_1e19,1e19,temporal,2,5,sequence,3,238,1429,6983,596,0.7285
g1_tmoe_coarse_1e19,g1_tmoe_coarse_1e19,1e19,temporal,2,6,sequence,3,238,1429,6983,1010,0.8018
g1_tmoe_coarse_1e19,g1_tmoe_coarse_1e19,1e19,temporal,2,7,sequence,3,238,1429,6983,513,0.6692
g1_tmoe_coarse_1e19,g1_tmoe_coarse_1e19,1e19,temporal,2,8,sequence,3,238,1429,6983,621,0.6987
g1_tmoe_coarse_1e19,g1_tmoe_coarse_1e19,1e19,temporal,2,9,sequence,3,238,1429,6983,735,0.7561
g1_tmoe_coarse_1e19,g1_tmoe_coarse_1e19,1e19,temporal,2,10,sequence,3,238,1429,6983,503,0.6007
g1_tmoe_coarse_1e19,g1_tmoe_coarse_1e19,1e19,temporal,2,11,sequence,3,238,1429,6983,720,0.6503
g1_tmoe_coarse_1e19,g1_tmoe_coarse_1e19,1e19,temporal,2,12,sequence,3,238,1429,6983,1177,0.7819
g1_tmoe_coarse_1e19,g1_tmoe_coarse_1e19,1e19,temporal,2,13,sequence,3,238,1429,6983,577,0.6023
g1_tmoe_coarse_1e19,g1_tmoe_coarse_1e19,1e19,temporal,2,14,sequence,3,238,1429,6983,722,0.6679
g1_tmoe_coarse_1e19,g1_tmoe_coarse_1e19,1e19,temporal,2,15,sequence,3,238,1429,6983,609,0.5954
g1_tmoe_coarse_1e19,g1_tmoe_coarse_1e19,1e19,temporal,2,16,sequence,3,238,1429,6983,690,0.6048
g1_tmoe_coarse_1e19,g1_tmoe_coarse_1e19,1e19,temporal,2,17,sequence,3,238,1429,6983,696,0.6315
g1_tmoe_coarse_1e19,g1_tmoe_coarse_1e19,1e19,temporal,2,18,sequence,3,238,1429,6983,539,0.6474
g1_tmoe_coarse_1e19,g1_tmoe_coarse_1e19,1e19,temporal,2,19,sequence,3,238,1429,6983,550,0.6666
g1_tmoe_coarse_1e19,g1_tmoe_coarse_1e19,1e19,temporal,2,20,sequence,3,238,1429,6983,591,0.6323
g1_tmoe_coarse_1e19,g1_tmoe_coarse_1e19,1e19,temporal,2,21,sequence,3,238,1429,6983,704,0.5827
g1_tmoe_coarse_1e19,g1_tmoe_coarse_1e19,1e19,temporal,2,22,sequence,3,238,1429,6983,737,0.6789
g1_tmoe_coarse_1e19,g1_tmoe_coarse_1e19,1e19,temporal,2,23,sequence,3,238,1429,6983,623,0.712
g1_tmoe_coarse_1e19,g1_tmoe_coarse_1e19,1e19,temporal,2,24,sequence,3,238,1429,6983,470,0.5625
g1_tmoe_coarse_1e19,g1_tmoe_coarse_1e19,1e19,temporal,2,25,sequence,3,238,1429,6983,651,0.5706
g1_tmoe_coarse_1e19,g1_tmoe_coarse_1e19,1e19,temporal,2,26,sequence,3,238,1429,6983,934,0.6633
g1_tmoe_coarse_1e19,g1_tmoe_coarse_1e19,1e19,temporal,2,27,sequence,3,238,1429,6983,592,0.57
g1_tmoe_coarse_1e19,g1_tmoe_coarse_1e19,1e19,temporal,2,28,sequence,3,238,1429,6983,674,0.7064
g1_tmoe_coarse_1e19,g1_tmoe_coarse_1e19,1e19,temporal,2,29,sequence,3,238,1429,6983,947,0.7978
g1_tmoe_coarse_1e19,g1_tmoe_coarse_1e19,1e19,temporal,2,30,sequence,3,238,1429,6983,518,0.6186
g1_tmoe_coarse_1e19,g1_tmoe_coarse_1e19,1e19,temporal,2,31,sequence,3,238,1429,6983,443,0.6846
g1_tmoe_coarse_1e19,g1_tmoe_coarse_1e19,1e19,temporal,2,32,sequence,3,238,1429,6983,804,0.6249
g1_tmoe_coarse_1e19,g1_tmoe_coarse_1e19,1e19,temporal,2,33,sequence,3,238,1429,6983,507,0.5996
g1_tmoe_coarse_1e19,g1_tmoe_coarse_1e19,1e19,temporal,2,34,sequence,3,238,1429,6983,547,0.5807
g1_tmoe_coarse_1e19,g1_tmoe_coarse_1e19,1e19,temporal,2,35,sequence,3,238,1429,6983,579,0.6605
g1_tmoe_coarse_1e19,g1_tmoe_coarse_1e19,1e19,temporal,2,36,sequence,3,238,1429,6983,462,0.5882
g1_tmoe_coarse_1e19,g1_tmoe_coarse_1e19,1e19,temporal,2,37,sequence,3,238,1429,6983,656,0.7218
g1_tmoe_coarse_1e19,g1_tmoe_coarse_1e19,1e19,temporal,2,38,sequence,3,238,1429,6983,701,0.6409
g1_tmoe_coarse_1e19,g1_tmoe_coarse_1e19,1e19,temporal,2,39,sequence,3,238,1429,6983,613,0.6678
g1_tmoe_coarse_1e19,g1_tmoe_coarse_1e19,1e19,temporal,2,40,sequence,3,238,1429,6983,494,0.5891
g1_tmoe_coarse_1e19,g1_tmoe_coarse_1e19,1e19,temporal,2,41,sequence,3,238,1429,6983,474,0.6023
g1_tmoe_coarse_1e19,g1_tmoe_coarse_1e19,1e19,temporal,2,42,sequence,3,238,1429,6983,683,0.6344
g1_tmoe_coarse_1e19,g1_tmoe_coarse_1e19,1e19,temporal,2,43,sequence,3,238,1429,6983,435,0.6443
g1_tmoe_coarse_1e19,g1_tmoe_coarse_1e19,1e19,temporal,2,44,sequence,3,238,1429,6983,704,0.6899
g1_tmoe_coarse_1e19,g1_tmoe_coarse_1e19,1e19,temporal,2,45,sequence,3,238,1429,6983,976,0.7185
g1_tmoe_coarse_1e19,g1_tmoe_coarse_1e19,1e19,temporal,2,46,sequence,3,238,1429,6983,630,0.6009
g1_tmoe_coarse_1e19,g1_tmoe_coarse_1e19,1e19,temporal,2,47,sequence,3,238,1429,6983,576,0.6404
g1_tmoe_coarse_1e19,g1_tmoe_coarse_1e19,1e19,temporal,2,48,sequence,3,238,1429,6983,781,0.6954
g1_tmoe_coarse_1e19,g1_tmoe_coarse_1e19,1e19,temporal,2,49,sequence,3,238,1429,6983,630,0.6606
g1_tmoe_coarse_1e19,g1_tmoe_coarse_1e19,1e19,temporal,2,50,sequence,3,238,1429,6983,613,0.6664
g1_tmoe_coarse_1e19,g1_tmoe_coarse_1e19,1e19,temporal,2,51,sequence,3,238,1429,6983,560,0.6574
g1_tmoe_coarse_1e19,g1_tmoe_coarse_1e19,1e19,temporal,2,52,sequence,3,238,1429,6983,494,0.6131
g1_tmoe_coarse_1e19,g1_tmoe_coarse_1e19,1e19,temporal,2,53,sequence,3,238,1429,6983,655,0.8539
g1_tmoe_coarse_1e19,g1_tmoe_coarse_1e19,1e19,temporal,2,54,sequence,3,238,1429,6983,572,0.5764
g1_tmoe_coarse_1e19,g1_tmoe_coarse_1e19,1e19,temporal,2,55,sequence,3,238,1429,6983,650,0.6534
g1_tmoe_coarse_1e19,g1_tmoe_coarse_1e19,1e19,temporal,2,56,sequence,3,238,1429,6983,707,0.6626
g1_tmoe_coarse_1e19,g1_tmoe_coarse_1e19,1e19,temporal,2,57,sequence,3,238,1429,6983,545,0.554
g1_tmoe_coarse_1e19,g1_tmoe_coarse_1e19,1e19,temporal,2,58,sequence,3,238,1429,6983,654,0.6887
g1_tmoe_coarse_1e19,g1_tmoe_coarse_1e19,1e19,temporal,2,59,sequence,3,238,1429,6983,767,0.5968
g1_tmoe_coarse_1e19,g1_tmoe_coarse_1e19,1e19,temporal,2,60,sequence,3,238,1429,6983,752,0.6703
g1_tmoe_coarse_1e19,g1_tmoe_coarse_1e19,1e19,temporal,2,61,sequence,3,238,1429,6983,847,0.7622
g1_tmoe_coarse_1e19,g1_tmoe_coarse_1e19,1e19,temporal,2,62,sequence,3,238,1429,6983,563,0.6714
g1_tmoe_coarse_1e19,g1_tmoe_coarse_1e19,1e19,temporal,2,63,sequence,3,238,1429,6983,729,0.6554
g1_tmoe_coarse_1e19,g1_tmoe_coarse_1e19,1e19,temporal,2,0,sequence,4,1982,4940,8353,1303,0.6764
g1_tmoe_coarse_1e19,g1_tmoe_coarse_1e19,1e19,temporal,2,1,sequence,4,1982,4940,8353,812,0.5935
g1_tmoe_coarse_1e19,g1_tmoe_coarse_1e19,1e19,temporal,2,2,sequence,4,1982,4940,8353,769,0.6275
g1_tmoe_coarse_1e19,g1_tmoe_coarse_1e19,1e19,temporal,2,3,sequence,4,1982,4940,8353,724,0.5927
g1_tmoe_coarse_1e19,g1_tmoe_coarse_1e19,1e19,temporal,2,4,sequence,4,1982,4940,8353,794,0.5798
g1_tmoe_coarse_1e19,g1_tmoe_coarse_1e19,1e19,temporal,2,5,sequence,4,1982,4940,8353,768,0.6121
g1_tmoe_coarse_1e19,g1_tmoe_coarse_1e19,1e19,temporal,2,6,sequence,4,1982,4940,8353,926,0.7232
g1_tmoe_coarse_1e19,g1_tmoe_coarse_1e19,1e19,temporal,2,7,sequence,4,1982,4940,8353,683,0.6388
g1_tmoe_coarse_1e19,g1_tmoe_coarse_1e19,1e19,temporal,2,8,sequence,4,1982,4940,8353,460,0.6525
g1_tmoe_coarse_1e19,g1_tmoe_coarse_1e19,1e19,temporal,2,9,sequence,4,1982,4940,8353,520,0.6582
g1_tmoe_coarse_1e19,g1_tmoe_coarse_1e19,1e19,temporal,2,10,sequence,4,1982,4940,8353,553,0.5267
g1_tmoe_coarse_1e19,g1_tmoe_coarse_1e19,1e19,temporal,2,11,sequence,4,1982,4940,8353,679,0.65
g1_tmoe_coarse_1e19,g1_tmoe_coarse_1e19,1e19,temporal,2,12,sequence,4,1982,4940,8353,894,0.6956
g1_tmoe_coarse_1e19,g1_tmoe_coarse_1e19,1e19,temporal,2,13,sequence,4,1982,4940,8353,833,0.6734
g1_tmoe_coarse_1e19,g1_tmoe_coarse_1e19,1e19,temporal,2,14,sequence,4,1982,4940,8353,568,0.5881
g1_tmoe_coarse_1e19,g1_tmoe_coarse_1e19,1e19,temporal,2,15,sequence,4,1982,4940,8353,1058,0.6502
g1_tmoe_coarse_1e19,g1_tmoe_coarse_1e19,1e19,temporal,2,16,sequence,4,1982,4940,8353,690,0.5606
g1_tmoe_coarse_1e19,g1_tmoe_coarse_1e19,1e19,temporal,2,17,sequence,4,1982,4940,8353,877,0.6003
g1_tmoe_coarse_1e19,g1_tmoe_coarse_1e19,1e19,temporal,2,18,sequence,4,1982,4940,8353,751,0.6156
g1_tmoe_coarse_1e19,g1_tmoe_coarse_1e19,1e19,temporal,2,19,sequence,4,1982,4940,8353,559,0.6361
g1_tmoe_coarse_1e19,g1_tmoe_coarse_1e19,1e19,temporal,2,20,sequence,4,1982,4940,8353,922,0.5892
g1_tmoe_coarse_1e19,g1_tmoe_coarse_1e19,1e19,temporal,2,21,sequence,4,1982,4940,8353,910,0.6279
g1_tmoe_coarse_1e19,g1_tmoe_coarse_1e19,1e19,temporal,2,22,sequence,4,1982,4940,8353,950,0.6795
g1_tmoe_coarse_1e19,g1_tmoe_coarse_1e19,1e19,temporal,2,23,sequence,4,1982,4940,8353,742,0.6102
g1_tmoe_coarse_1e19,g1_tmoe_coarse_1e19,1e19,temporal,2,24,sequence,4,1982,4940,8353,723,0.5548
g1_tmoe_coarse_1e19,g1_tmoe_coarse_1e19,1e19,temporal,2,25,sequence,4,1982,4940,8353,1125,0.6184
g1_tmoe_coarse_1e19,g1_tmoe_coarse_1e19,1e19,temporal,2,26,sequence,4,1982,4940,8353,565,0.6322
g1_tmoe_coarse_1e19,g1_tmoe_coarse_1e19,1e19,temporal,2,27,sequence,4,1982,4940,8353,853,0.5817
g1_tmoe_coarse_1e19,g1_tmoe_coarse_1e19,1e19,temporal,2,28,sequence,4,1982,4940,8353,913,0.6039
g1_tmoe_coarse_1e19,g1_tmoe_coarse_1e19,1e19,temporal,2,29,sequence,4,1982,4940,8353,536,0.7637
g1_tmoe_coarse_1e19,g1_tmoe_coarse_1e19,1e19,temporal,2,30,sequence,4,1982,4940,8353,950,0.6923
g1_tmoe_coarse_1e19,g1_tmoe_coarse_1e19,1e19,temporal,2,31,sequence,4,1982,4940,8353,1383,0.8376
g1_tmoe_coarse_1e19,g1_tmoe_coarse_1e19,1e19,temporal,2,32,sequence,4,1982,4940,8353,920,0.6647
g1_tmoe_coarse_1e19,g1_tmoe_coarse_1e19,1e19,temporal,2,33,sequence,4,1982,4940,8353,696,0.5614
g1_tmoe_coarse_1e19,g1_tmoe_coarse_1e19,1e19,temporal,2,34,sequence,4,1982,4940,8353,677,0.6187
g1_tmoe_coarse_1e19,g1_tmoe_coarse_1e19,1e19,temporal,2,35,sequence,4,1982,4940,8353,655,0.5997
g1_tmoe_coarse_1e19,g1_tmoe_coarse_1e19,1e19,temporal,2,36,sequence,4,1982,4940,8353,948,0.7357
g1_tmoe_coarse_1e19,g1_tmoe_coarse_1e19,1e19,temporal,2,37,sequence,4,1982,4940,8353,467,0.6734
g1_tmoe_coarse_1e19,g1_tmoe_coarse_1e19,1e19,temporal,2,38,sequence,4,1982,4940,8353,629,0.5289
g1_tmoe_coarse_1e19,g1_tmoe_coarse_1e19,1e19,temporal,2,39,sequence,4,1982,4940,8353,748,0.6041
g1_tmoe_coarse_1e19,g1_tmoe_coarse_1e19,1e19,temporal,2,40,sequence,4,1982,4940,8353,777,0.5814
g1_tmoe_coarse_1e19,g1_tmoe_coarse_1e19,1e19,temporal,2,41,sequence,4,1982,4940,8353,838,0.6254
g1_tmoe_coarse_1e19,g1_tmoe_coarse_1e19,1e19,temporal,2,42,sequence,4,1982,4940,8353,549,0.5797
g1_tmoe_coarse_1e19,g1_tmoe_coarse_1e19,1e19,temporal,2,43,sequence,4,1982,4940,8353,718,0.5749
g1_tmoe_coarse_1e19,g1_tmoe_coarse_1e19,1e19,temporal,2,44,sequence,4,1982,4940,8353,600,0.5963
g1_tmoe_coarse_1e19,g1_tmoe_coarse_1e19,1e19,temporal,2,45,sequence,4,1982,4940,8353,726,0.6981
g1_tmoe_coarse_1e19,g1_tmoe_coarse_1e19,1e19,temporal,2,46,sequence,4,1982,4940,8353,658,0.5612
g1_tmoe_coarse_1e19,g1_tmoe_coarse_1e19,1e19,temporal,2,47,sequence,4,1982,4940,8353,706,0.6176
g1_tmoe_coarse_1e19,g1_tmoe_coarse_1e19,1e19,temporal,2,48,sequence,4,1982,4940,8353,828,0.6028
g1_tmoe_coarse_1e19,g1_tmoe_coarse_1e19,1e19,temporal,2,49,sequence,4,1982,4940,8353,533,0.6388
g1_tmoe_coarse_1e19,g1_tmoe_coarse_1e19,1e19,temporal,2,50,sequence,4,1982,4940,8353,845,0.605
g1_tmoe_coarse_1e19,g1_tmoe_coarse_1e19,1e19,temporal,2,51,sequence,4,1982,4940,8353,571,0.5507
g1_tmoe_coarse_1e19,g1_tmoe_coarse_1e19,1e19,temporal,2,52,sequence,4,1982,4940,8353,1125,0.7541
g1_tmoe_coarse_1e19,g1_tmoe_coarse_1e19,1e19,temporal,2,53,sequence,4,1982,4940,8353,716,0.9317
g1_tmoe_coarse_1e19,g1_tmoe_coarse_1e19,1e19,temporal,2,54,sequence,4,1982,4940,8353,782,0.5709
g1_tmoe_coarse_1e19,g1_tmoe_coarse_1e19,1e19,temporal,2,55,sequence,4,1982,4940,8353,939,0.7412
g1_tmoe_coarse_1e19,g1_tmoe_coarse_1e19,1e19,temporal,2,56,sequence,4,1982,4940,8353,1034,0.6862
g1_tmoe_coarse_1e19,g1_tmoe_coarse_1e19,1e19,temporal,2,57,sequence,4,1982,4940,8353,924,0.5699
g1_tmoe_coarse_1e19,g1_tmoe_coarse_1e19,1e19,temporal,2,58,sequence,4,1982,4940,8353,721,0.611
g1_tmoe_coarse_1e19,g1_tmoe_coarse_1e19,1e19,temporal,2,59,sequence,4,1982,4940,8353,1008,0.5944
g1_tmoe_coarse_1e19,g1_tmoe_coarse_1e19,1e19,temporal,2,60,sequence,4,1982,4940,8353,993,0.6546
g1_tmoe_coarse_1e19,g1_tmoe_coarse_1e19,1e19,temporal,2,61,sequence,4,1982,4940,8353,588,0.6532
g1_tmoe_coarse_1e19,g1_tmoe_coarse_1e19,1e19,temporal,2,62,sequence,4,1982,4940,8353,809,0.5556
g1_tmoe_coarse_1e19,g1_tmoe_coarse_1e19,1e19,temporal,2,63,sequence,4,1982,4940,8353,597,0.6598
g1_tmoe_coarse_1e19,g1_tmoe_coarse_1e19,1e19,temporal,3,0,sequence,0,1,6,8017,635,0.517
g1_tmoe_coarse_1e19,g1_tmoe_coarse_1e19,1e19,temporal,3,1,sequence,0,1,6,8017,667,0.5456
g1_tmoe_coarse_1e19,g1_tmoe_coarse_1e19,1e19,temporal,3,2,sequence,0,1,6,8017,867,0.5567
g1_tmoe_coarse_1e19,g1_tmoe_coarse_1e19,1e19,temporal,3,3,sequence,0,1,6,8017,752,0.5243
g1_tmoe_coarse_1e19,g1_tmoe_coarse_1e19,1e19,temporal,3,4,sequence,0,1,6,8017,712,0.5521
g1_tmoe_coarse_1e19,g1_tmoe_coarse_1e19,1e19,temporal,3,5,sequence,0,1,6,8017,820,0.5449
g1_tmoe_coarse_1e19,g1_tmoe_coarse_1e19,1e19,temporal,3,6,sequence,0,1,6,8017,732,0.5414
g1_tmoe_coarse_1e19,g1_tmoe_coarse_1e19,1e19,temporal,3,7,sequence,0,1,6,8017,631,0.5563
g1_tmoe_coarse_1e19,g1_tmoe_coarse_1e19,1e19,temporal,3,8,sequence,0,1,6,8017,736,0.5764
g1_tmoe_coarse_1e19,g1_tmoe_coarse_1e19,1e19,temporal,3,9,sequence,0,1,6,8017,893,0.5833
g1_tmoe_coarse_1e19,g1_tmoe_coarse_1e19,1e19,temporal,3,10,sequence,0,1,6,8017,708,0.5433
g1_tmoe_coarse_1e19,g1_tmoe_coarse_1e19,1e19,temporal,3,11,sequence,0,1,6,8017,715,0.572
g1_tmoe_coarse_1e19,g1_tmoe_coarse_1e19,1e19,temporal,3,12,sequence,0,1,6,8017,850,0.5767
g1_tmoe_coarse_1e19,g1_tmoe_coarse_1e19,1e19,temporal,3,13,sequence,0,1,6,8017,791,0.5363
g1_tmoe_coarse_1e19,g1_tmoe_coarse_1e19,1e19,temporal,3,14,sequence,0,1,6,8017,651,0.5374
g1_tmoe_coarse_1e19,g1_tmoe_coarse_1e19,1e19,temporal,3,15,sequence,0,1,6,8017,745,0.5389
g1_tmoe_coarse_1e19,g1_tmoe_coarse_1e19,1e19,temporal,3,16,sequence,0,1,6,8017,877,0.5431
g1_tmoe_coarse_1e19,g1_tmoe_coarse_1e19,1e19,temporal,3,17,sequence,0,1,6,8017,713,0.5481
g1_tmoe_coarse_1e19,g1_tmoe_coarse_1e19,1e19,temporal,3,18,sequence,0,1,6,8017,684,0.5317
g1_tmoe_coarse_1e19,g1_tmoe_coarse_1e19,1e19,temporal,3,19,sequence,0,1,6,8017,974,0.5591
g1_tmoe_coarse_1e19,g1_tmoe_coarse_1e19,1e19,temporal,3,20,sequence,0,1,6,8017,594,0.5161
g1_tmoe_coarse_1e19,g1_tmoe_coarse_1e19,1e19,temporal,3,21,sequence,0,1,6,8017,599,0.5418
g1_tmoe_coarse_1e19,g1_tmoe_coarse_1e19,1e19,temporal,3,22,sequence,0,1,6,8017,539,0.5113
g1_tmoe_coarse_1e19,g1_tmoe_coarse_1e19,1e19,temporal,3,23,sequence,0,1,6,8017,1031,0.5879
g1_tmoe_coarse_1e19,g1_tmoe_coarse_1e19,1e19,temporal,3,24,sequence,0,1,6,8017,698,0.5475
g1_tmoe_coarse_1e19,g1_tmoe_coarse_1e19,1e19,temporal,3,25,sequence,0,1,6,8017,738,0.5257
g1_tmoe_coarse_1e19,g1_tmoe_coarse_1e19,1e19,temporal,3,26,sequence,0,1,6,8017,699,0.5549
g1_tmoe_coarse_1e19,g1_tmoe_coarse_1e19,1e19,temporal,3,27,sequence,0,1,6,8017,678,0.5191
g1_tmoe_coarse_1e19,g1_tmoe_coarse_1e19,1e19,temporal,3,28,sequence,0,1,6,8017,712,0.5517
g1_tmoe_coarse_1e19,g1_tmoe_coarse_1e19,1e19,temporal,3,29,sequence,0,1,6,8017,585,0.5332
g1_tmoe_coarse_1e19,g1_tmoe_coarse_1e19,1e19,temporal,3,30,sequence,0,1,6,8017,836,0.5122
g1_tmoe_coarse_1e19,g1_tmoe_coarse_1e19,1e19,temporal,3,31,sequence,0,1,6,8017,754,0.5255
g1_tmoe_coarse_1e19,g1_tmoe_coarse_1e19,1e19,temporal,3,32,sequence,0,1,6,8017,842,0.5589
g1_tmoe_coarse_1e19,g1_tmoe_coarse_1e19,1e19,temporal,3,33,sequence,0,1,6,8017,612,0.5708
g1_tmoe_coarse_1e19,g1_tmoe_coarse_1e19,1e19,temporal,3,34,sequence,0,1,6,8017,675,0.5501
g1_tmoe_coarse_1e19,g1_tmoe_coarse_1e19,1e19,temporal,3,35,sequence,0,1,6,8017,708,0.5342
g1_tmoe_coarse_1e19,g1_tmoe_coarse_1e19,1e19,temporal,3,36,sequence,0,1,6,8017,857,0.5733
g1_tmoe_coarse_1e19,g1_tmoe_coarse_1e19,1e19,temporal,3,37,sequence,0,1,6,8017,728,0.5224
g1_tmoe_coarse_1e19,g1_tmoe_coarse_1e19,1e19,temporal,3,38,sequence,0,1,6,8017,752,0.5328
g1_tmoe_coarse_1e19,g1_tmoe_coarse_1e19,1e19,temporal,3,39,sequence,0,1,6,8017,801,0.5334
g1_tmoe_coarse_1e19,g1_tmoe_coarse_1e19,1e19,temporal,3,40,sequence,0,1,6,8017,720,0.5343
g1_tmoe_coarse_1e19,g1_tmoe_coarse_1e19,1e19,temporal,3,41,sequence,0,1,6,8017,822,0.5135
g1_tmoe_coarse_1e19,g1_tmoe_coarse_1e19,1e19,temporal,3,42,sequence,0,1,6,8017,929,0.5197
g1_tmoe_coarse_1e19,g1_tmoe_coarse_1e19,1e19,temporal,3,43,sequence,0,1,6,8017,754,0.5607
g1_tmoe_coarse_1e19,g1_tmoe_coarse_1e19,1e19,temporal,3,44,sequence,0,1,6,8017,785,0.515
g1_tmoe_coarse_1e19,g1_tmoe_coarse_1e19,1e19,temporal,3,45,sequence,0,1,6,8017,630,0.5468
g1_tmoe_coarse_1e19,g1_tmoe_coarse_1e19,1e19,temporal,3,46,sequence,0,1,6,8017,703,0.5252
g1_tmoe_coarse_1e19,g1_tmoe_coarse_1e19,1e19,temporal,3,47,sequence,0,1,6,8017,688,0.5082
g1_tmoe_coarse_1e19,g1_tmoe_coarse_1e19,1e19,temporal,3,48,sequence,0,1,6,8017,883,0.5227
g1_tmoe_coarse_1e19,g1_tmoe_coarse_1e19,1e19,temporal,3,49,sequence,0,1,6,8017,825,0.5465
g1_tmoe_coarse_1e19,g1_tmoe_coarse_1e19,1e19,temporal,3,50,sequence,0,1,6,8017,826,0.5888
g1_tmoe_coarse_1e19,g1_tmoe_coarse_1e19,1e19,temporal,3,51,sequence,0,1,6,8017,703,0.5145
g1_tmoe_coarse_1e19,g1_tmoe_coarse_1e19,1e19,temporal,3,52,sequence,0,1,6,8017,780,0.5444
g1_tmoe_coarse_1e19,g1_tmoe_coarse_1e19,1e19,temporal,3,53,sequence,0,1,6,8017,878,0.5402
g1_tmoe_coarse_1e19,g1_tmoe_coarse_1e19,1e19,temporal,3,54,sequence,0,1,6,8017,834,0.5395
g1_tmoe_coarse_1e19,g1_tmoe_coarse_1e19,1e19,temporal,3,55,sequence,0,1,6,8017,561,0.5632
g1_tmoe_coarse_1e19,g1_tmoe_coarse_1e19,1e19,temporal,3,56,sequence,0,1,6,8017,953,0.5941
g1_tmoe_coarse_1e19,g1_tmoe_coarse_1e19,1e19,temporal,3,57,sequence,0,1,6,8017,692,0.5304
g1_tmoe_coarse_1e19,g1_tmoe_coarse_1e19,1e19,temporal,3,58,sequence,0,1,6,8017,704,0.5487
g1_tmoe_coarse_1e19,g1_tmoe_coarse_1e19,1e19,temporal,3,59,sequence,0,1,6,8017,842,0.4979
g1_tmoe_coarse_1e19,g1_tmoe_coarse_1e19,1e19,temporal,3,60,sequence,0,1,6,8017,783,0.5404
g1_tmoe_coarse_1e19,g1_tmoe_coarse_1e19,1e19,temporal,3,61,sequence,0,1,6,8017,806,0.5648
g1_tmoe_coarse_1e19,g1_tmoe_coarse_1e19,1e19,temporal,3,62,sequence,0,1,6,8017,639,0.5293
g1_tmoe_coarse_1e19,g1_tmoe_coarse_1e19,1e19,temporal,3,63,sequence,0,1,6,8017,771,0.6124
g1_tmoe_coarse_1e19,g1_tmoe_coarse_1e19,1e19,temporal,3,0,sequence,1,6,32,7862,614,0.5146
g1_tmoe_coarse_1e19,g1_tmoe_coarse_1e19,1e19,temporal,3,1,sequence,1,6,32,7862,726,0.5924
g1_tmoe_coarse_1e19,g1_tmoe_coarse_1e19,1e19,temporal,3,2,sequence,1,6,32,7862,793,0.5896
g1_tmoe_coarse_1e19,g1_tmoe_coarse_1e19,1e19,temporal,3,3,sequence,1,6,32,7862,762,0.5708
g1_tmoe_coarse_1e19,g1_tmoe_coarse_1e19,1e19,temporal,3,4,sequence,1,6,32,7862,766,0.5671
g1_tmoe_coarse_1e19,g1_tmoe_coarse_1e19,1e19,temporal,3,5,sequence,1,6,32,7862,766,0.5642
g1_tmoe_coarse_1e19,g1_tmoe_coarse_1e19,1e19,temporal,3,6,sequence,1,6,32,7862,846,0.5897
g1_tmoe_coarse_1e19,g1_tmoe_coarse_1e19,1e19,temporal,3,7,sequence,1,6,32,7862,627,0.6042
g1_tmoe_coarse_1e19,g1_tmoe_coarse_1e19,1e19,temporal,3,8,sequence,1,6,32,7862,682,0.5441
g1_tmoe_coarse_1e19,g1_tmoe_coarse_1e19,1e19,temporal,3,9,sequence,1,6,32,7862,835,0.627
g1_tmoe_coarse_1e19,g1_tmoe_coarse_1e19,1e19,temporal,3,10,sequence,1,6,32,7862,757,0.5437
g1_tmoe_coarse_1e19,g1_tmoe_coarse_1e19,1e19,temporal,3,11,sequence,1,6,32,7862,656,0.5867
g1_tmoe_coarse_1e19,g1_tmoe_coarse_1e19,1e19,temporal,3,12,sequence,1,6,32,7862,835,0.5867
g1_tmoe_coarse_1e19,g1_tmoe_coarse_1e19,1e19,temporal,3,13,sequence,1,6,32,7862,801,0.6108
g1_tmoe_coarse_1e19,g1_tmoe_coarse_1e19,1e19,temporal,3,14,sequence,1,6,32,7862,578,0.5868
g1_tmoe_coarse_1e19,g1_tmoe_coarse_1e19,1e19,temporal,3,15,sequence,1,6,32,7862,789,0.5782
g1_tmoe_coarse_1e19,g1_tmoe_coarse_1e19,1e19,temporal,3,16,sequence,1,6,32,7862,903,0.573
g1_tmoe_coarse_1e19,g1_tmoe_coarse_1e19,1e19,temporal,3,17,sequence,1,6,32,7862,699,0.6219
g1_tmoe_coarse_1e19,g1_tmoe_coarse_1e19,1e19,temporal,3,18,sequence,1,6,32,7862,717,0.5709
g1_tmoe_coarse_1e19,g1_tmoe_coarse_1e19,1e19,temporal,3,19,sequence,1,6,32,7862,746,0.5922
g1_tmoe_coarse_1e19,g1_tmoe_coarse_1e19,1e19,temporal,3,20,sequence,1,6,32,7862,538,0.5217
g1_tmoe_coarse_1e19,g1_tmoe_coarse_1e19,1e19,temporal,3,21,sequence,1,6,32,7862,701,0.6392
g1_tmoe_coarse_1e19,g1_tmoe_coarse_1e19,1e19,temporal,3,22,sequence,1,6,32,7862,509,0.5372
g1_tmoe_coarse_1e19,g1_tmoe_coarse_1e19,1e19,temporal,3,23,sequence,1,6,32,7862,950,0.6106
g1_tmoe_coarse_1e19,g1_tmoe_coarse_1e19,1e19,temporal,3,24,sequence,1,6,32,7862,751,0.5989
g1_tmoe_coarse_1e19,g1_tmoe_coarse_1e19,1e19,temporal,3,25,sequence,1,6,32,7862,714,0.5341
g1_tmoe_coarse_1e19,g1_tmoe_coarse_1e19,1e19,temporal,3,26,sequence,1,6,32,7862,637,0.5552
g1_tmoe_coarse_1e19,g1_tmoe_coarse_1e19,1e19,temporal,3,27,sequence,1,6,32,7862,726,0.5582
g1_tmoe_coarse_1e19,g1_tmoe_coarse_1e19,1e19,temporal,3,28,sequence,1,6,32,7862,731,0.5797
g1_tmoe_coarse_1e19,g1_tmoe_coarse_1e19,1e19,temporal,3,29,sequence,1,6,32,7862,558,0.5874
g1_tmoe_coarse_1e19,g1_tmoe_coarse_1e19,1e19,temporal,3,30,sequence,1,6,32,7862,783,0.5753
g1_tmoe_coarse_1e19,g1_tmoe_coarse_1e19,1e19,temporal,3,31,sequence,1,6,32,7862,782,0.5694
g1_tmoe_coarse_1e19,g1_tmoe_coarse_1e19,1e19,temporal,3,32,sequence,1,6,32,7862,796,0.579
g1_tmoe_coarse_1e19,g1_tmoe_coarse_1e19,1e19,temporal,3,33,sequence,1,6,32,7862,689,0.5881
g1_tmoe_coarse_1e19,g1_tmoe_coarse_1e19,1e19,temporal,3,34,sequence,1,6,32,7862,630,0.585
g1_tmoe_coarse_1e19,g1_tmoe_coarse_1e19,1e19,temporal,3,35,sequence,1,6,32,7862,758,0.535
g1_tmoe_coarse_1e19,g1_tmoe_coarse_1e19,1e19,temporal,3,36,sequence,1,6,32,7862,805,0.6066
g1_tmoe_coarse_1e19,g1_tmoe_coarse_1e19,1e19,temporal,3,37,sequence,1,6,32,7862,883,0.577
g1_tmoe_coarse_1e19,g1_tmoe_coarse_1e19,1e19,temporal,3,38,sequence,1,6,32,7862,737,0.5279
g1_tmoe_coarse_1e19,g1_tmoe_coarse_1e19,1e19,temporal,3,39,sequence,1,6,32,7862,853,0.5694
g1_tmoe_coarse_1e19,g1_tmoe_coarse_1e19,1e19,temporal,3,40,sequence,1,6,32,7862,755,0.5835
g1_tmoe_coarse_1e19,g1_tmoe_coarse_1e19,1e19,temporal,3,41,sequence,1,6,32,7862,810,0.5403
g1_tmoe_coarse_1e19,g1_tmoe_coarse_1e19,1e19,temporal,3,42,sequence,1,6,32,7862,714,0.5544
g1_tmoe_coarse_1e19,g1_tmoe_coarse_1e19,1e19,temporal,3,43,sequence,1,6,32,7862,683,0.5659
g1_tmoe_coarse_1e19,g1_tmoe_coarse_1e19,1e19,temporal,3,44,sequence,1,6,32,7862,829,0.5482
g1_tmoe_coarse_1e19,g1_tmoe_coarse_1e19,1e19,temporal,3,45,sequence,1,6,32,7862,668,0.5519
g1_tmoe_coarse_1e19,g1_tmoe_coarse_1e19,1e19,temporal,3,46,sequence,1,6,32,7862,765,0.591
g1_tmoe_coarse_1e19,g1_tmoe_coarse_1e19,1e19,temporal,3,47,sequence,1,6,32,7862,817,0.5487
g1_tmoe_coarse_1e19,g1_tmoe_coarse_1e19,1e19,temporal,3,48,sequence,1,6,32,7862,787,0.5912
g1_tmoe_coarse_1e19,g1_tmoe_coarse_1e19,1e19,temporal,3,49,sequence,1,6,32,7862,644,0.5555
g1_tmoe_coarse_1e19,g1_tmoe_coarse_1e19,1e19,temporal,3,50,sequence,1,6,32,7862,806,0.6338
g1_tmoe_coarse_1e19,g1_tmoe_coarse_1e19,1e19,temporal,3,51,sequence,1,6,32,7862,643,0.5521
g1_tmoe_coarse_1e19,g1_tmoe_coarse_1e19,1e19,temporal,3,52,sequence,1,6,32,7862,797,0.6313
g1_tmoe_coarse_1e19,g1_tmoe_coarse_1e19,1e19,temporal,3,53,sequence,1,6,32,7862,707,0.5977
g1_tmoe_coarse_1e19,g1_tmoe_coarse_1e19,1e19,temporal,3,54,sequence,1,6,32,7862,798,0.605
g1_tmoe_coarse_1e19,g1_tmoe_coarse_1e19,1e19,temporal,3,55,sequence,1,6,32,7862,556,0.6243
g1_tmoe_coarse_1e19,g1_tmoe_coarse_1e19,1e19,temporal,3,56,sequence,1,6,32,7862,734,0.5945
g1_tmoe_coarse_1e19,g1_tmoe_coarse_1e19,1e19,temporal,3,57,sequence,1,6,32,7862,738,0.5646
g1_tmoe_coarse_1e19,g1_tmoe_coarse_1e19,1e19,temporal,3,58,sequence,1,6,32,7862,609,0.5531
g1_tmoe_coarse_1e19,g1_tmoe_coarse_1e19,1e19,temporal,3,59,sequence,1,6,32,7862,911,0.5576
g1_tmoe_coarse_1e19,g1_tmoe_coarse_1e19,1e19,temporal,3,60,sequence,1,6,32,7862,839,0.5513
g1_tmoe_coarse_1e19,g1_tmoe_coarse_1e19,1e19,temporal,3,61,sequence,1,6,32,7862,822,0.6015
g1_tmoe_coarse_1e19,g1_tmoe_coarse_1e19,1e19,temporal,3,62,sequence,1,6,32,7862,615,0.5789
g1_tmoe_coarse_1e19,g1_tmoe_coarse_1e19,1e19,temporal,3,63,sequence,1,6,32,7862,696,0.6453
g1_tmoe_coarse_1e19,g1_tmoe_coarse_1e19,1e19,temporal,3,0,sequence,2,32,221,7697,705,0.5747
g1_tmoe_coarse_1e19,g1_tmoe_coarse_1e19,1e19,temporal,3,1,sequence,2,32,221,7697,715,0.5687
g1_tmoe_coarse_1e19,g1_tmoe_coarse_1e19,1e19,temporal,3,2,sequence,2,32,221,7697,633,0.6009
g1_tmoe_coarse_1e19,g1_tmoe_coarse_1e19,1e19,temporal,3,3,sequence,2,32,221,7697,778,0.6099
g1_tmoe_coarse_1e19,g1_tmoe_coarse_1e19,1e19,temporal,3,4,sequence,2,32,221,7697,882,0.6565
g1_tmoe_coarse_1e19,g1_tmoe_coarse_1e19,1e19,temporal,3,5,sequence,2,32,221,7697,804,0.6118
g1_tmoe_coarse_1e19,g1_tmoe_coarse_1e19,1e19,temporal,3,6,sequence,2,32,221,7697,722,0.6118
g1_tmoe_coarse_1e19,g1_tmoe_coarse_1e19,1e19,temporal,3,7,sequence,2,32,221,7697,886,0.6694
g1_tmoe_coarse_1e19,g1_tmoe_coarse_1e19,1e19,temporal,3,8,sequence,2,32,221,7697,685,0.6653
g1_tmoe_coarse_1e19,g1_tmoe_coarse_1e19,1e19,temporal,3,9,sequence,2,32,221,7697,810,0.649
g1_tmoe_coarse_1e19,g1_tmoe_coarse_1e19,1e19,temporal,3,10,sequence,2,32,221,7697,761,0.5847
g1_tmoe_coarse_1e19,g1_tmoe_coarse_1e19,1e19,temporal,3,11,sequence,2,32,221,7697,648,0.6621
g1_tmoe_coarse_1e19,g1_tmoe_coarse_1e19,1e19,temporal,3,12,sequence,2,32,221,7697,695,0.5973
g1_tmoe_coarse_1e19,g1_tmoe_coarse_1e19,1e19,temporal,3,13,sequence,2,32,221,7697,732,0.5887
g1_tmoe_coarse_1e19,g1_tmoe_coarse_1e19,1e19,temporal,3,14,sequence,2,32,221,7697,545,0.6778
g1_tmoe_coarse_1e19,g1_tmoe_coarse_1e19,1e19,temporal,3,15,sequence,2,32,221,7697,895,0.6036
g1_tmoe_coarse_1e19,g1_tmoe_coarse_1e19,1e19,temporal,3,16,sequence,2,32,221,7697,950,0.66
g1_tmoe_coarse_1e19,g1_tmoe_coarse_1e19,1e19,temporal,3,17,sequence,2,32,221,7697,771,0.7338
g1_tmoe_coarse_1e19,g1_tmoe_coarse_1e19,1e19,temporal,3,18,sequence,2,32,221,7697,863,0.6891
g1_tmoe_coarse_1e19,g1_tmoe_coarse_1e19,1e19,temporal,3,19,sequence,2,32,221,7697,659,0.6513
g1_tmoe_coarse_1e19,g1_tmoe_coarse_1e19,1e19,temporal,3,20,sequence,2,32,221,7697,703,0.605
g1_tmoe_coarse_1e19,g1_tmoe_coarse_1e19,1e19,temporal,3,21,sequence,2,32,221,7697,765,0.7134
g1_tmoe_coarse_1e19,g1_tmoe_coarse_1e19,1e19,temporal,3,22,sequence,2,32,221,7697,664,0.6615
g1_tmoe_coarse_1e19,g1_tmoe_coarse_1e19,1e19,temporal,3,23,sequence,2,32,221,7697,737,0.5864
g1_tmoe_coarse_1e19,g1_tmoe_coarse_1e19,1e19,temporal,3,24,sequence,2,32,221,7697,799,0.5997
g1_tmoe_coarse_1e19,g1_tmoe_coarse_1e19,1e19,temporal,3,25,sequence,2,32,221,7697,816,0.6046
g1_tmoe_coarse_1e19,g1_tmoe_coarse_1e19,1e19,temporal,3,26,sequence,2,32,221,7697,679,0.6432
g1_tmoe_coarse_1e19,g1_tmoe_coarse_1e19,1e19,temporal,3,27,sequence,2,32,221,7697,787,0.588
g1_tmoe_coarse_1e19,g1_tmoe_coarse_1e19,1e19,temporal,3,28,sequence,2,32,221,7697,790,0.6233
g1_tmoe_coarse_1e19,g1_tmoe_coarse_1e19,1e19,temporal,3,29,sequence,2,32,221,7697,820,0.7074
g1_tmoe_coarse_1e19,g1_tmoe_coarse_1e19,1e19,temporal,3,30,sequence,2,32,221,7697,792,0.6052
g1_tmoe_coarse_1e19,g1_tmoe_coarse_1e19,1e19,temporal,3,31,sequence,2,32,221,7697,862,0.6687
g1_tmoe_coarse_1e19,g1_tmoe_coarse_1e19,1e19,temporal,3,32,sequence,2,32,221,7697,697,0.6302
g1_tmoe_coarse_1e19,g1_tmoe_coarse_1e19,1e19,temporal,3,33,sequence,2,32,221,7697,744,0.6844
g1_tmoe_coarse_1e19,g1_tmoe_coarse_1e19,1e19,temporal,3,34,sequence,2,32,221,7697,590,0.5834
g1_tmoe_coarse_1e19,g1_tmoe_coarse_1e19,1e19,temporal,3,35,sequence,2,32,221,7697,874,0.604
g1_tmoe_coarse_1e19,g1_tmoe_coarse_1e19,1e19,temporal,3,36,sequence,2,32,221,7697,609,0.6465
g1_tmoe_coarse_1e19,g1_tmoe_coarse_1e19,1e19,temporal,3,37,sequence,2,32,221,7697,715,0.6028
g1_tmoe_coarse_1e19,g1_tmoe_coarse_1e19,1e19,temporal,3,38,sequence,2,32,221,7697,604,0.6053
g1_tmoe_coarse_1e19,g1_tmoe_coarse_1e19,1e19,temporal,3,39,sequence,2,32,221,7697,953,0.6748
g1_tmoe_coarse_1e19,g1_tmoe_coarse_1e19,1e19,temporal,3,40,sequence,2,32,221,7697,646,0.5831
g1_tmoe_coarse_1e19,g1_tmoe_coarse_1e19,1e19,temporal,3,41,sequence,2,32,221,7697,731,0.5812
g1_tmoe_coarse_1e19,g1_tmoe_coarse_1e19,1e19,temporal,3,42,sequence,2,32,221,7697,621,0.6367
g1_tmoe_coarse_1e19,g1_tmoe_coarse_1e19,1e19,temporal,3,43,sequence,2,32,221,7697,704,0.6803
g1_tmoe_coarse_1e19,g1_tmoe_coarse_1e19,1e19,temporal,3,44,sequence,2,32,221,7697,813,0.5817
g1_tmoe_coarse_1e19,g1_tmoe_coarse_1e19,1e19,temporal,3,45,sequence,2,32,221,7697,824,0.6465
g1_tmoe_coarse_1e19,g1_tmoe_coarse_1e19,1e19,temporal,3,46,sequence,2,32,221,7697,475,0.6645
g1_tmoe_coarse_1e19,g1_tmoe_coarse_1e19,1e19,temporal,3,47,sequence,2,32,221,7697,969,0.6425
g1_tmoe_coarse_1e19,g1_tmoe_coarse_1e19,1e19,temporal,3,48,sequence,2,32,221,7697,637,0.597
g1_tmoe_coarse_1e19,g1_tmoe_coarse_1e19,1e19,temporal,3,49,sequence,2,32,221,7697,768,0.7058
g1_tmoe_coarse_1e19,g1_tmoe_coarse_1e19,1e19,temporal,3,50,sequence,2,32,221,7697,570,0.6898
g1_tmoe_coarse_1e19,g1_tmoe_coarse_1e19,1e19,temporal,3,51,sequence,2,32,221,7697,682,0.6175
g1_tmoe_coarse_1e19,g1_tmoe_coarse_1e19,1e19,temporal,3,52,sequence,2,32,221,7697,513,0.659
g1_tmoe_coarse_1e19,g1_tmoe_coarse_1e19,1e19,temporal,3,53,sequence,2,32,221,7697,575,0.6105
g1_tmoe_coarse_1e19,g1_tmoe_coarse_1e19,1e19,temporal,3,54,sequence,2,32,221,7697,593,0.6117
g1_tmoe_coarse_1e19,g1_tmoe_coarse_1e19,1e19,temporal,3,55,sequence,2,32,221,7697,523,0.6892
g1_tmoe_coarse_1e19,g1_tmoe_coarse_1e19,1e19,temporal,3,56,sequence,2,32,221,7697,582,0.5836
g1_tmoe_coarse_1e19,g1_tmoe_coarse_1e19,1e19,temporal,3,57,sequence,2,32,221,7697,821,0.6362
g1_tmoe_coarse_1e19,g1_tmoe_coarse_1e19,1e19,temporal,3,58,sequence,2,32,221,7697,672,0.6286
g1_tmoe_coarse_1e19,g1_tmoe_coarse_1e19,1e19,temporal,3,59,sequence,2,32,221,7697,746,0.5937
g1_tmoe_coarse_1e19,g1_tmoe_coarse_1e19,1e19,temporal,3,60,sequence,2,32,221,7697,761,0.6567
g1_tmoe_coarse_1e19,g1_tmoe_coarse_1e19,1e19,temporal,3,61,sequence,2,32,221,7697,727,0.5844
g1_tmoe_coarse_1e19,g1_tmoe_coarse_1e19,1e19,temporal,3,62,sequence,2,32,221,7697,569,0.6258
g1_tmoe_coarse_1e19,g1_tmoe_coarse_1e19,1e19,temporal,3,63,sequence,2,32,221,7697,521,0.5708
g1_tmoe_coarse_1e19,g1_tmoe_coarse_1e19,1e19,temporal,3,0,sequence,3,238,1429,6983,723,0.6546
g1_tmoe_coarse_1e19,g1_tmoe_coarse_1e19,1e19,temporal,3,1,sequence,3,238,1429,6983,562,0.5749
g1_tmoe_coarse_1e19,g1_tmoe_coarse_1e19,1e19,temporal,3,2,sequence,3,238,1429,6983,625,0.5723
g1_tmoe_coarse_1e19,g1_tmoe_coarse_1e19,1e19,temporal,3,3,sequence,3,238,1429,6983,608,0.6363
g1_tmoe_coarse_1e19,g1_tmoe_coarse_1e19,1e19,temporal,3,4,sequence,3,238,1429,6983,783,0.6226
g1_tmoe_coarse_1e19,g1_tmoe_coarse_1e19,1e19,temporal,3,5,sequence,3,238,1429,6983,751,0.731
g1_tmoe_coarse_1e19,g1_tmoe_coarse_1e19,1e19,temporal,3,6,sequence,3,238,1429,6983,601,0.6666
g1_tmoe_coarse_1e19,g1_tmoe_coarse_1e19,1e19,temporal,3,7,sequence,3,238,1429,6983,574,0.6321
g1_tmoe_coarse_1e19,g1_tmoe_coarse_1e19,1e19,temporal,3,8,sequence,3,238,1429,6983,1002,0.8262
g1_tmoe_coarse_1e19,g1_tmoe_coarse_1e19,1e19,temporal,3,9,sequence,3,238,1429,6983,816,0.7345
g1_tmoe_coarse_1e19,g1_tmoe_coarse_1e19,1e19,temporal,3,10,sequence,3,238,1429,6983,640,0.563
g1_tmoe_coarse_1e19,g1_tmoe_coarse_1e19,1e19,temporal,3,11,sequence,3,238,1429,6983,593,0.6201
g1_tmoe_coarse_1e19,g1_tmoe_coarse_1e19,1e19,temporal,3,12,sequence,3,238,1429,6983,718,0.6414
g1_tmoe_coarse_1e19,g1_tmoe_coarse_1e19,1e19,temporal,3,13,sequence,3,238,1429,6983,562,0.5363
g1_tmoe_coarse_1e19,g1_tmoe_coarse_1e19,1e19,temporal,3,14,sequence,3,238,1429,6983,490,0.6873
g1_tmoe_coarse_1e19,g1_tmoe_coarse_1e19,1e19,temporal,3,15,sequence,3,238,1429,6983,729,0.6345
g1_tmoe_coarse_1e19,g1_tmoe_coarse_1e19,1e19,temporal,3,16,sequence,3,238,1429,6983,870,0.6697
g1_tmoe_coarse_1e19,g1_tmoe_coarse_1e19,1e19,temporal,3,17,sequence,3,238,1429,6983,460,0.7478
g1_tmoe_coarse_1e19,g1_tmoe_coarse_1e19,1e19,temporal,3,18,sequence,3,238,1429,6983,683,0.5599
g1_tmoe_coarse_1e19,g1_tmoe_coarse_1e19,1e19,temporal,3,19,sequence,3,238,1429,6983,687,0.7362
g1_tmoe_coarse_1e19,g1_tmoe_coarse_1e19,1e19,temporal,3,20,sequence,3,238,1429,6983,663,0.6221
g1_tmoe_coarse_1e19,g1_tmoe_coarse_1e19,1e19,temporal,3,21,sequence,3,238,1429,6983,493,0.6091
g1_tmoe_coarse_1e19,g1_tmoe_coarse_1e19,1e19,temporal,3,22,sequence,3,238,1429,6983,902,0.7582
g1_tmoe_coarse_1e19,g1_tmoe_coarse_1e19,1e19,temporal,3,23,sequence,3,238,1429,6983,610,0.6178
g1_tmoe_coarse_1e19,g1_tmoe_coarse_1e19,1e19,temporal,3,24,sequence,3,238,1429,6983,530,0.56
g1_tmoe_coarse_1e19,g1_tmoe_coarse_1e19,1e19,temporal,3,25,sequence,3,238,1429,6983,594,0.58
g1_tmoe_coarse_1e19,g1_tmoe_coarse_1e19,1e19,temporal,3,26,sequence,3,238,1429,6983,718,0.6602
g1_tmoe_coarse_1e19,g1_tmoe_coarse_1e19,1e19,temporal,3,27,sequence,3,238,1429,6983,740,0.6825
g1_tmoe_coarse_1e19,g1_tmoe_coarse_1e19,1e19,temporal,3,28,sequence,3,238,1429,6983,561,0.5502
g1_tmoe_coarse_1e19,g1_tmoe_coarse_1e19,1e19,temporal,3,29,sequence,3,238,1429,6983,765,0.7607
g1_tmoe_coarse_1e19,g1_tmoe_coarse_1e19,1e19,temporal,3,30,sequence,3,238,1429,6983,831,0.6675
g1_tmoe_coarse_1e19,g1_tmoe_coarse_1e19,1e19,temporal,3,31,sequence,3,238,1429,6983,552,0.6311
g1_tmoe_coarse_1e19,g1_tmoe_coarse_1e19,1e19,temporal,3,32,sequence,3,238,1429,6983,650,0.6541
g1_tmoe_coarse_1e19,g1_tmoe_coarse_1e19,1e19,temporal,3,33,sequence,3,238,1429,6983,826,0.6865
g1_tmoe_coarse_1e19,g1_tmoe_coarse_1e19,1e19,temporal,3,34,sequence,3,238,1429,6983,523,0.6403
g1_tmoe_coarse_1e19,g1_tmoe_coarse_1e19,1e19,temporal,3,35,sequence,3,238,1429,6983,809,0.7002
g1_tmoe_coarse_1e19,g1_tmoe_coarse_1e19,1e19,temporal,3,36,sequence,3,238,1429,6983,498,0.5994
g1_tmoe_coarse_1e19,g1_tmoe_coarse_1e19,1e19,temporal,3,37,sequence,3,238,1429,6983,584,0.5115
g1_tmoe_coarse_1e19,g1_tmoe_coarse_1e19,1e19,temporal,3,38,sequence,3,238,1429,6983,938,0.7815
g1_tmoe_coarse_1e19,g1_tmoe_coarse_1e19,1e19,temporal,3,39,sequence,3,238,1429,6983,658,0.6356
g1_tmoe_coarse_1e19,g1_tmoe_coarse_1e19,1e19,temporal,3,40,sequence,3,238,1429,6983,543,0.5959
g1_tmoe_coarse_1e19,g1_tmoe_coarse_1e19,1e19,temporal,3,41,sequence,3,238,1429,6983,576,0.634
g1_tmoe_coarse_1e19,g1_tmoe_coarse_1e19,1e19,temporal,3,42,sequence,3,238,1429,6983,646,0.7279
g1_tmoe_coarse_1e19,g1_tmoe_coarse_1e19,1e19,temporal,3,43,sequence,3,238,1429,6983,663,0.574
g1_tmoe_coarse_1e19,g1_tmoe_coarse_1e19,1e19,temporal,3,44,sequence,3,238,1429,6983,622,0.5419
g1_tmoe_coarse_1e19,g1_tmoe_coarse_1e19,1e19,temporal,3,45,sequence,3,238,1429,6983,783,0.7358
g1_tmoe_coarse_1e19,g1_tmoe_coarse_1e19,1e19,temporal,3,46,sequence,3,238,1429,6983,294,0.5632
g1_tmoe_coarse_1e19,g1_tmoe_coarse_1e19,1e19,temporal,3,47,sequence,3,238,1429,6983,583,0.5366
g1_tmoe_coarse_1e19,g1_tmoe_coarse_1e19,1e19,temporal,3,48,sequence,3,238,1429,6983,613,0.6665
g1_tmoe_coarse_1e19,g1_tmoe_coarse_1e19,1e19,temporal,3,49,sequence,3,238,1429,6983,706,0.6646
g1_tmoe_coarse_1e19,g1_tmoe_coarse_1e19,1e19,temporal,3,50,sequence,3,238,1429,6983,531,0.7223
g1_tmoe_coarse_1e19,g1_tmoe_coarse_1e19,1e19,temporal,3,51,sequence,3,238,1429,6983,658,0.6853
g1_tmoe_coarse_1e19,g1_tmoe_coarse_1e19,1e19,temporal,3,52,sequence,3,238,1429,6983,516,0.76
g1_tmoe_coarse_1e19,g1_tmoe_coarse_1e19,1e19,temporal,3,53,sequence,3,238,1429,6983,604,0.5704
g1_tmoe_coarse_1e19,g1_tmoe_coarse_1e19,1e19,temporal,3,54,sequence,3,238,1429,6983,588,0.7334
g1_tmoe_coarse_1e19,g1_tmoe_coarse_1e19,1e19,temporal,3,55,sequence,3,238,1429,6983,317,0.6832
g1_tmoe_coarse_1e19,g1_tmoe_coarse_1e19,1e19,temporal,3,56,sequence,3,238,1429,6983,592,0.5907
g1_tmoe_coarse_1e19,g1_tmoe_coarse_1e19,1e19,temporal,3,57,sequence,3,238,1429,6983,719,0.6253
g1_tmoe_coarse_1e19,g1_tmoe_coarse_1e19,1e19,temporal,3,58,sequence,3,238,1429,6983,1104,0.7689
g1_tmoe_coarse_1e19,g1_tmoe_coarse_1e19,1e19,temporal,3,59,sequence,3,238,1429,6983,641,0.5577
g1_tmoe_coarse_1e19,g1_tmoe_coarse_1e19,1e19,temporal,3,60,sequence,3,238,1429,6983,638,0.6991
g1_tmoe_coarse_1e19,g1_tmoe_coarse_1e19,1e19,temporal,3,61,sequence,3,238,1429,6983,620,0.6598
g1_tmoe_coarse_1e19,g1_tmoe_coarse_1e19,1e19,temporal,3,62,sequence,3,238,1429,6983,566,0.6639
g1_tmoe_coarse_1e19,g1_tmoe_coarse_1e19,1e19,temporal,3,63,sequence,3,238,1429,6983,853,0.806
g1_tmoe_coarse_1e19,g1_tmoe_coarse_1e19,1e19,temporal,3,0,sequence,4,1982,4940,8353,694,0.5786
g1_tmoe_coarse_1e19,g1_tmoe_coarse_1e19,1e19,temporal,3,1,sequence,4,1982,4940,8353,811,0.5332
g1_tmoe_coarse_1e19,g1_tmoe_coarse_1e19,1e19,temporal,3,2,sequence,4,1982,4940,8353,754,0.5787
g1_tmoe_coarse_1e19,g1_tmoe_coarse_1e19,1e19,temporal,3,3,sequence,4,1982,4940,8353,781,0.5558
g1_tmoe_coarse_1e19,g1_tmoe_coarse_1e19,1e19,temporal,3,4,sequence,4,1982,4940,8353,954,0.5682
g1_tmoe_coarse_1e19,g1_tmoe_coarse_1e19,1e19,temporal,3,5,sequence,4,1982,4940,8353,701,0.5954
g1_tmoe_coarse_1e19,g1_tmoe_coarse_1e19,1e19,temporal,3,6,sequence,4,1982,4940,8353,908,0.6115
g1_tmoe_coarse_1e19,g1_tmoe_coarse_1e19,1e19,temporal,3,7,sequence,4,1982,4940,8353,561,0.5852
g1_tmoe_coarse_1e19,g1_tmoe_coarse_1e19,1e19,temporal,3,8,sequence,4,1982,4940,8353,346,0.7501
g1_tmoe_coarse_1e19,g1_tmoe_coarse_1e19,1e19,temporal,3,9,sequence,4,1982,4940,8353,660,0.5927
g1_tmoe_coarse_1e19,g1_tmoe_coarse_1e19,1e19,temporal,3,10,sequence,4,1982,4940,8353,691,0.5336
g1_tmoe_coarse_1e19,g1_tmoe_coarse_1e19,1e19,temporal,3,11,sequence,4,1982,4940,8353,891,0.5889
g1_tmoe_coarse_1e19,g1_tmoe_coarse_1e19,1e19,temporal,3,12,sequence,4,1982,4940,8353,857,0.6056
g1_tmoe_coarse_1e19,g1_tmoe_coarse_1e19,1e19,temporal,3,13,sequence,4,1982,4940,8353,707,0.6026
g1_tmoe_coarse_1e19,g1_tmoe_coarse_1e19,1e19,temporal,3,14,sequence,4,1982,4940,8353,976,0.7358
g1_tmoe_coarse_1e19,g1_tmoe_coarse_1e19,1e19,temporal,3,15,sequence,4,1982,4940,8353,803,0.5423
g1_tmoe_coarse_1e19,g1_tmoe_coarse_1e19,1e19,temporal,3,16,sequence,4,1982,4940,8353,517,0.5919
g1_tmoe_coarse_1e19,g1_tmoe_coarse_1e19,1e19,temporal,3,17,sequence,4,1982,4940,8353,1297,0.9208
g1_tmoe_coarse_1e19,g1_tmoe_coarse_1e19,1e19,temporal,3,18,sequence,4,1982,4940,8353,769,0.578
g1_tmoe_coarse_1e19,g1_tmoe_coarse_1e19,1e19,temporal,3,19,sequence,4,1982,4940,8353,856,0.5468
g1_tmoe_coarse_1e19,g1_tmoe_coarse_1e19,1e19,temporal,3,20,sequence,4,1982,4940,8353,729,0.5354
g1_tmoe_coarse_1e19,g1_tmoe_coarse_1e19,1e19,temporal,3,21,sequence,4,1982,4940,8353,420,0.7134
g1_tmoe_coarse_1e19,g1_tmoe_coarse_1e19,1e19,temporal,3,22,sequence,4,1982,4940,8353,785,0.6187
g1_tmoe_coarse_1e19,g1_tmoe_coarse_1e19,1e19,temporal,3,23,sequence,4,1982,4940,8353,964,0.5382
g1_tmoe_coarse_1e19,g1_tmoe_coarse_1e19,1e19,temporal,3,24,sequence,4,1982,4940,8353,697,0.5693
g1_tmoe_coarse_1e19,g1_tmoe_coarse_1e19,1e19,temporal,3,25,sequence,4,1982,4940,8353,1116,0.6266
g1_tmoe_coarse_1e19,g1_tmoe_coarse_1e19,1e19,temporal,3,26,sequence,4,1982,4940,8353,626,0.6237
g1_tmoe_coarse_1e19,g1_tmoe_coarse_1e19,1e19,temporal,3,27,sequence,4,1982,4940,8353,750,0.5292
g1_tmoe_coarse_1e19,g1_tmoe_coarse_1e19,1e19,temporal,3,28,sequence,4,1982,4940,8353,680,0.5314
g1_tmoe_coarse_1e19,g1_tmoe_coarse_1e19,1e19,temporal,3,29,sequence,4,1982,4940,8353,671,0.655
g1_tmoe_coarse_1e19,g1_tmoe_coarse_1e19,1e19,temporal,3,30,sequence,4,1982,4940,8353,629,0.571
g1_tmoe_coarse_1e19,g1_tmoe_coarse_1e19,1e19,temporal,3,31,sequence,4,1982,4940,8353,1291,0.6354
g1_tmoe_coarse_1e19,g1_tmoe_coarse_1e19,1e19,temporal,3,32,sequence,4,1982,4940,8353,677,0.5545
g1_tmoe_coarse_1e19,g1_tmoe_coarse_1e19,1e19,temporal,3,33,sequence,4,1982,4940,8353,567,0.598
g1_tmoe_coarse_1e19,g1_tmoe_coarse_1e19,1e19,temporal,3,34,sequence,4,1982,4940,8353,653,0.5989
g1_tmoe_coarse_1e19,g1_tmoe_coarse_1e19,1e19,temporal,3,35,sequence,4,1982,4940,8353,567,0.5857
g1_tmoe_coarse_1e19,g1_tmoe_coarse_1e19,1e19,temporal,3,36,sequence,4,1982,4940,8353,1111,0.6718
g1_tmoe_coarse_1e19,g1_tmoe_coarse_1e19,1e19,temporal,3,37,sequence,4,1982,4940,8353,624,0.5567
g1_tmoe_coarse_1e19,g1_tmoe_coarse_1e19,1e19,temporal,3,38,sequence,4,1982,4940,8353,835,0.6272
g1_tmoe_coarse_1e19,g1_tmoe_coarse_1e19,1e19,temporal,3,39,sequence,4,1982,4940,8353,703,0.6025
g1_tmoe_coarse_1e19,g1_tmoe_coarse_1e19,1e19,temporal,3,40,sequence,4,1982,4940,8353,807,0.6077
g1_tmoe_coarse_1e19,g1_tmoe_coarse_1e19,1e19,temporal,3,41,sequence,4,1982,4940,8353,800,0.6746
g1_tmoe_coarse_1e19,g1_tmoe_coarse_1e19,1e19,temporal,3,42,sequence,4,1982,4940,8353,650,0.5943
g1_tmoe_coarse_1e19,g1_tmoe_coarse_1e19,1e19,temporal,3,43,sequence,4,1982,4940,8353,742,0.6122
g1_tmoe_coarse_1e19,g1_tmoe_coarse_1e19,1e19,temporal,3,44,sequence,4,1982,4940,8353,688,0.5401
g1_tmoe_coarse_1e19,g1_tmoe_coarse_1e19,1e19,temporal,3,45,sequence,4,1982,4940,8353,630,0.5789
g1_tmoe_coarse_1e19,g1_tmoe_coarse_1e19,1e19,temporal,3,46,sequence,4,1982,4940,8353,1169,0.8431
g1_tmoe_coarse_1e19,g1_tmoe_coarse_1e19,1e19,temporal,3,47,sequence,4,1982,4940,8353,656,0.5743
g1_tmoe_coarse_1e19,g1_tmoe_coarse_1e19,1e19,temporal,3,48,sequence,4,1982,4940,8353,657,0.5738
g1_tmoe_coarse_1e19,g1_tmoe_coarse_1e19,1e19,temporal,3,49,sequence,4,1982,4940,8353,623,0.6164
g1_tmoe_coarse_1e19,g1_tmoe_coarse_1e19,1e19,temporal,3,50,sequence,4,1982,4940,8353,788,0.8753
g1_tmoe_coarse_1e19,g1_tmoe_coarse_1e19,1e19,temporal,3,51,sequence,4,1982,4940,8353,633,0.5886
g1_tmoe_coarse_1e19,g1_tmoe_coarse_1e19,1e19,temporal,3,52,sequence,4,1982,4940,8353,1094,0.9494
g1_tmoe_coarse_1e19,g1_tmoe_coarse_1e19,1e19,temporal,3,53,sequence,4,1982,4940,8353,1139,0.9009
g1_tmoe_coarse_1e19,g1_tmoe_coarse_1e19,1e19,temporal,3,54,sequence,4,1982,4940,8353,633,0.5858
g1_tmoe_coarse_1e19,g1_tmoe_coarse_1e19,1e19,temporal,3,55,sequence,4,1982,4940,8353,1398,0.8178
g1_tmoe_coarse_1e19,g1_tmoe_coarse_1e19,1e19,temporal,3,56,sequence,4,1982,4940,8353,1102,0.6392
g1_tmoe_coarse_1e19,g1_tmoe_coarse_1e19,1e19,temporal,3,57,sequence,4,1982,4940,8353,687,0.5605
g1_tmoe_coarse_1e19,g1_tmoe_coarse_1e19,1e19,temporal,3,58,sequence,4,1982,4940,8353,720,0.6018
g1_tmoe_coarse_1e19,g1_tmoe_coarse_1e19,1e19,temporal,3,59,sequence,4,1982,4940,8353,882,0.4976
g1_tmoe_coarse_1e19,g1_tmoe_coarse_1e19,1e19,temporal,3,60,sequence,4,1982,4940,8353,789,0.5779
g1_tmoe_coarse_1e19,g1_tmoe_coarse_1e19,1e19,temporal,3,61,sequence,4,1982,4940,8353,708,0.5401
g1_tmoe_coarse_1e19,g1_tmoe_coarse_1e19,1e19,temporal,3,62,sequence,4,1982,4940,8353,943,0.7087
g1_tmoe_coarse_1e19,g1_tmoe_coarse_1e19,1e19,temporal,3,63,sequence,4,1982,4940,8353,551,0.7135
g1_tmoe_coarse_1e19,g1_tmoe_coarse_1e19,1e19,temporal,4,0,sequence,0,1,6,8017,697,0.5479
g1_tmoe_coarse_1e19,g1_tmoe_coarse_1e19,1e19,temporal,4,1,sequence,0,1,6,8017,819,0.509
g1_tmoe_coarse_1e19,g1_tmoe_coarse_1e19,1e19,temporal,4,2,sequence,0,1,6,8017,628,0.5774
g1_tmoe_coarse_1e19,g1_tmoe_coarse_1e19,1e19,temporal,4,3,sequence,0,1,6,8017,766,0.5244
g1_tmoe_coarse_1e19,g1_tmoe_coarse_1e19,1e19,temporal,4,4,sequence,0,1,6,8017,868,0.5139
g1_tmoe_coarse_1e19,g1_tmoe_coarse_1e19,1e19,temporal,4,5,sequence,0,1,6,8017,851,0.5924
g1_tmoe_coarse_1e19,g1_tmoe_coarse_1e19,1e19,temporal,4,6,sequence,0,1,6,8017,700,0.541
g1_tmoe_coarse_1e19,g1_tmoe_coarse_1e19,1e19,temporal,4,7,sequence,0,1,6,8017,904,0.5329
g1_tmoe_coarse_1e19,g1_tmoe_coarse_1e19,1e19,temporal,4,8,sequence,0,1,6,8017,746,0.515
g1_tmoe_coarse_1e19,g1_tmoe_coarse_1e19,1e19,temporal,4,9,sequence,0,1,6,8017,662,0.5426
g1_tmoe_coarse_1e19,g1_tmoe_coarse_1e19,1e19,temporal,4,10,sequence,0,1,6,8017,785,0.5581
g1_tmoe_coarse_1e19,g1_tmoe_coarse_1e19,1e19,temporal,4,11,sequence,0,1,6,8017,708,0.5082
g1_tmoe_coarse_1e19,g1_tmoe_coarse_1e19,1e19,temporal,4,12,sequence,0,1,6,8017,748,0.5013
g1_tmoe_coarse_1e19,g1_tmoe_coarse_1e19,1e19,temporal,4,13,sequence,0,1,6,8017,746,0.5395
g1_tmoe_coarse_1e19,g1_tmoe_coarse_1e19,1e19,temporal,4,14,sequence,0,1,6,8017,716,0.547
g1_tmoe_coarse_1e19,g1_tmoe_coarse_1e19,1e19,temporal,4,15,sequence,0,1,6,8017,932,0.5102
g1_tmoe_coarse_1e19,g1_tmoe_coarse_1e19,1e19,temporal,4,16,sequence,0,1,6,8017,760,0.5258
g1_tmoe_coarse_1e19,g1_tmoe_coarse_1e19,1e19,temporal,4,17,sequence,0,1,6,8017,827,0.5197
g1_tmoe_coarse_1e19,g1_tmoe_coarse_1e19,1e19,temporal,4,18,sequence,0,1,6,8017,819,0.5661
g1_tmoe_coarse_1e19,g1_tmoe_coarse_1e19,1e19,temporal,4,19,sequence,0,1,6,8017,667,0.5186
g1_tmoe_coarse_1e19,g1_tmoe_coarse_1e19,1e19,temporal,4,20,sequence,0,1,6,8017,740,0.5549
g1_tmoe_coarse_1e19,g1_tmoe_coarse_1e19,1e19,temporal,4,21,sequence,0,1,6,8017,610,0.5664
g1_tmoe_coarse_1e19,g1_tmoe_coarse_1e19,1e19,temporal,4,22,sequence,0,1,6,8017,1047,0.6179
g1_tmoe_coarse_1e19,g1_tmoe_coarse_1e19,1e19,temporal,4,23,sequence,0,1,6,8017,538,0.5044
g1_tmoe_coarse_1e19,g1_tmoe_coarse_1e19,1e19,temporal,4,24,sequence,0,1,6,8017,642,0.5208
g1_tmoe_coarse_1e19,g1_tmoe_coarse_1e19,1e19,temporal,4,25,sequence,0,1,6,8017,903,0.5448
g1_tmoe_coarse_1e19,g1_tmoe_coarse_1e19,1e19,temporal,4,26,sequence,0,1,6,8017,660,0.57
g1_tmoe_coarse_1e19,g1_tmoe_coarse_1e19,1e19,temporal,4,27,sequence,0,1,6,8017,745,0.5341
g1_tmoe_coarse_1e19,g1_tmoe_coarse_1e19,1e19,temporal,4,28,sequence,0,1,6,8017,664,0.5323
g1_tmoe_coarse_1e19,g1_tmoe_coarse_1e19,1e19,temporal,4,29,sequence,0,1,6,8017,838,0.5548
g1_tmoe_coarse_1e19,g1_tmoe_coarse_1e19,1e19,temporal,4,30,sequence,0,1,6,8017,752,0.5221
g1_tmoe_coarse_1e19,g1_tmoe_coarse_1e19,1e19,temporal,4,31,sequence,0,1,6,8017,702,0.5488
g1_tmoe_coarse_1e19,g1_tmoe_coarse_1e19,1e19,temporal,4,32,sequence,0,1,6,8017,581,0.5425
g1_tmoe_coarse_1e19,g1_tmoe_coarse_1e19,1e19,temporal,4,33,sequence,0,1,6,8017,1077,0.5358
g1_tmoe_coarse_1e19,g1_tmoe_coarse_1e19,1e19,temporal,4,34,sequence,0,1,6,8017,608,0.5194
g1_tmoe_coarse_1e19,g1_tmoe_coarse_1e19,1e19,temporal,4,35,sequence,0,1,6,8017,665,0.5715
g1_tmoe_coarse_1e19,g1_tmoe_coarse_1e19,1e19,temporal,4,36,sequence,0,1,6,8017,655,0.4959
g1_tmoe_coarse_1e19,g1_tmoe_coarse_1e19,1e19,temporal,4,37,sequence,0,1,6,8017,708,0.5499
g1_tmoe_coarse_1e19,g1_tmoe_coarse_1e19,1e19,temporal,4,38,sequence,0,1,6,8017,715,0.5245
g1_tmoe_coarse_1e19,g1_tmoe_coarse_1e19,1e19,temporal,4,39,sequence,0,1,6,8017,718,0.5138
g1_tmoe_coarse_1e19,g1_tmoe_coarse_1e19,1e19,temporal,4,40,sequence,0,1,6,8017,723,0.5191
g1_tmoe_coarse_1e19,g1_tmoe_coarse_1e19,1e19,temporal,4,41,sequence,0,1,6,8017,653,0.6539
g1_tmoe_coarse_1e19,g1_tmoe_coarse_1e19,1e19,temporal,4,42,sequence,0,1,6,8017,901,0.5518
g1_tmoe_coarse_1e19,g1_tmoe_coarse_1e19,1e19,temporal,4,43,sequence,0,1,6,8017,774,0.5441
g1_tmoe_coarse_1e19,g1_tmoe_coarse_1e19,1e19,temporal,4,44,sequence,0,1,6,8017,762,0.5562
g1_tmoe_coarse_1e19,g1_tmoe_coarse_1e19,1e19,temporal,4,45,sequence,0,1,6,8017,898,0.6559
g1_tmoe_coarse_1e19,g1_tmoe_coarse_1e19,1e19,temporal,4,46,sequence,0,1,6,8017,582,0.5356
g1_tmoe_coarse_1e19,g1_tmoe_coarse_1e19,1e19,temporal,4,47,sequence,0,1,6,8017,749,0.5394
g1_tmoe_coarse_1e19,g1_tmoe_coarse_1e19,1e19,temporal,4,48,sequence,0,1,6,8017,656,0.5532
g1_tmoe_coarse_1e19,g1_tmoe_coarse_1e19,1e19,temporal,4,49,sequence,0,1,6,8017,600,0.5297
g1_tmoe_coarse_1e19,g1_tmoe_coarse_1e19,1e19,temporal,4,50,sequence,0,1,6,8017,543,0.5236
g1_tmoe_coarse_1e19,g1_tmoe_coarse_1e19,1e19,temporal,4,51,sequence,0,1,6,8017,883,0.5926
g1_tmoe_coarse_1e19,g1_tmoe_coarse_1e19,1e19,temporal,4,52,sequence,0,1,6,8017,512,0.5077
g1_tmoe_coarse_1e19,g1_tmoe_coarse_1e19,1e19,temporal,4,53,sequence,0,1,6,8017,768,0.5162
g1_tmoe_coarse_1e19,g1_tmoe_coarse_1e19,1e19,temporal,4,54,sequence,0,1,6,8017,817,0.5188
g1_tmoe_coarse_1e19,g1_tmoe_coarse_1e19,1e19,temporal,4,55,sequence,0,1,6,8017,861,0.5412
g1_tmoe_coarse_1e19,g1_tmoe_coarse_1e19,1e19,temporal,4,56,sequence,0,1,6,8017,861,0.5396
g1_tmoe_coarse_1e19,g1_tmoe_coarse_1e19,1e19,temporal,4,57,sequence,0,1,6,8017,804,0.5543
g1_tmoe_coarse_1e19,g1_tmoe_coarse_1e19,1e19,temporal,4,58,sequence,0,1,6,8017,866,0.5233
g1_tmoe_coarse_1e19,g1_tmoe_coarse_1e19,1e19,temporal,4,59,sequence,0,1,6,8017,882,0.5729
g1_tmoe_coarse_1e19,g1_tmoe_coarse_1e19,1e19,temporal,4,60,sequence,0,1,6,8017,722,0.5223
g1_tmoe_coarse_1e19,g1_tmoe_coarse_1e19,1e19,temporal,4,61,sequence,0,1,6,8017,856,0.5198
g1_tmoe_coarse_1e19,g1_tmoe_coarse_1e19,1e19,temporal,4,62,sequence,0,1,6,8017,711,0.5329
g1_tmoe_coarse_1e19,g1_tmoe_coarse_1e19,1e19,temporal,4,63,sequence,0,1,6,8017,801,0.5474
g1_tmoe_coarse_1e19,g1_tmoe_coarse_1e19,1e19,temporal,4,0,sequence,1,6,32,7862,789,0.6172
g1_tmoe_coarse_1e19,g1_tmoe_coarse_1e19,1e19,temporal,4,1,sequence,1,6,32,7862,852,0.5407
g1_tmoe_coarse_1e19,g1_tmoe_coarse_1e19,1e19,temporal,4,2,sequence,1,6,32,7862,640,0.6043
g1_tmoe_coarse_1e19,g1_tmoe_coarse_1e19,1e19,temporal,4,3,sequence,1,6,32,7862,649,0.5051
g1_tmoe_coarse_1e19,g1_tmoe_coarse_1e19,1e19,temporal,4,4,sequence,1,6,32,7862,783,0.5389
g1_tmoe_coarse_1e19,g1_tmoe_coarse_1e19,1e19,temporal,4,5,sequence,1,6,32,7862,769,0.6135
g1_tmoe_coarse_1e19,g1_tmoe_coarse_1e19,1e19,temporal,4,6,sequence,1,6,32,7862,711,0.5715
g1_tmoe_coarse_1e19,g1_tmoe_coarse_1e19,1e19,temporal,4,7,sequence,1,6,32,7862,767,0.5317
g1_tmoe_coarse_1e19,g1_tmoe_coarse_1e19,1e19,temporal,4,8,sequence,1,6,32,7862,722,0.5285
g1_tmoe_coarse_1e19,g1_tmoe_coarse_1e19,1e19,temporal,4,9,sequence,1,6,32,7862,720,0.5388
g1_tmoe_coarse_1e19,g1_tmoe_coarse_1e19,1e19,temporal,4,10,sequence,1,6,32,7862,768,0.6094
g1_tmoe_coarse_1e19,g1_tmoe_coarse_1e19,1e19,temporal,4,11,sequence,1,6,32,7862,732,0.5651
g1_tmoe_coarse_1e19,g1_tmoe_coarse_1e19,1e19,temporal,4,12,sequence,1,6,32,7862,732,0.5459
g1_tmoe_coarse_1e19,g1_tmoe_coarse_1e19,1e19,temporal,4,13,sequence,1,6,32,7862,689,0.5507
g1_tmoe_coarse_1e19,g1_tmoe_coarse_1e19,1e19,temporal,4,14,sequence,1,6,32,7862,700,0.54
g1_tmoe_coarse_1e19,g1_tmoe_coarse_1e19,1e19,temporal,4,15,sequence,1,6,32,7862,1035,0.5731
g1_tmoe_coarse_1e19,g1_tmoe_coarse_1e19,1e19,temporal,4,16,sequence,1,6,32,7862,753,0.5611
g1_tmoe_coarse_1e19,g1_tmoe_coarse_1e19,1e19,temporal,4,17,sequence,1,6,32,7862,847,0.5657
g1_tmoe_coarse_1e19,g1_tmoe_coarse_1e19,1e19,temporal,4,18,sequence,1,6,32,7862,819,0.6051
g1_tmoe_coarse_1e19,g1_tmoe_coarse_1e19,1e19,temporal,4,19,sequence,1,6,32,7862,662,0.5692
g1_tmoe_coarse_1e19,g1_tmoe_coarse_1e19,1e19,temporal,4,20,sequence,1,6,32,7862,558,0.5842
g1_tmoe_coarse_1e19,g1_tmoe_coarse_1e19,1e19,temporal,4,21,sequence,1,6,32,7862,595,0.5831
g1_tmoe_coarse_1e19,g1_tmoe_coarse_1e19,1e19,temporal,4,22,sequence,1,6,32,7862,733,0.6346
g1_tmoe_coarse_1e19,g1_tmoe_coarse_1e19,1e19,temporal,4,23,sequence,1,6,32,7862,598,0.5676
g1_tmoe_coarse_1e19,g1_tmoe_coarse_1e19,1e19,temporal,4,24,sequence,1,6,32,7862,784,0.588
g1_tmoe_coarse_1e19,g1_tmoe_coarse_1e19,1e19,temporal,4,25,sequence,1,6,32,7862,869,0.5781
g1_tmoe_coarse_1e19,g1_tmoe_coarse_1e19,1e19,temporal,4,26,sequence,1,6,32,7862,654,0.5676
g1_tmoe_coarse_1e19,g1_tmoe_coarse_1e19,1e19,temporal,4,27,sequence,1,6,32,7862,715,0.5699
g1_tmoe_coarse_1e19,g1_tmoe_coarse_1e19,1e19,temporal,4,28,sequence,1,6,32,7862,728,0.5891
g1_tmoe_coarse_1e19,g1_tmoe_coarse_1e19,1e19,temporal,4,29,sequence,1,6,32,7862,808,0.576
g1_tmoe_coarse_1e19,g1_tmoe_coarse_1e19,1e19,temporal,4,30,sequence,1,6,32,7862,748,0.5345
g1_tmoe_coarse_1e19,g1_tmoe_coarse_1e19,1e19,temporal,4,31,sequence,1,6,32,7862,727,0.5208
g1_tmoe_coarse_1e19,g1_tmoe_coarse_1e19,1e19,temporal,4,32,sequence,1,6,32,7862,562,0.5607
g1_tmoe_coarse_1e19,g1_tmoe_coarse_1e19,1e19,temporal,4,33,sequence,1,6,32,7862,899,0.5681
g1_tmoe_coarse_1e19,g1_tmoe_coarse_1e19,1e19,temporal,4,34,sequence,1,6,32,7862,674,0.5475
g1_tmoe_coarse_1e19,g1_tmoe_coarse_1e19,1e19,temporal,4,35,sequence,1,6,32,7862,623,0.5945
g1_tmoe_coarse_1e19,g1_tmoe_coarse_1e19,1e19,temporal,4,36,sequence,1,6,32,7862,600,0.5288
g1_tmoe_coarse_1e19,g1_tmoe_coarse_1e19,1e19,temporal,4,37,sequence,1,6,32,7862,711,0.6059
g1_tmoe_coarse_1e19,g1_tmoe_coarse_1e19,1e19,temporal,4,38,sequence,1,6,32,7862,743,0.6316
g1_tmoe_coarse_1e19,g1_tmoe_coarse_1e19,1e19,temporal,4,39,sequence,1,6,32,7862,753,0.5333
g1_tmoe_coarse_1e19,g1_tmoe_coarse_1e19,1e19,temporal,4,40,sequence,1,6,32,7862,789,0.5474
g1_tmoe_coarse_1e19,g1_tmoe_coarse_1e19,1e19,temporal,4,41,sequence,1,6,32,7862,467,0.6074
g1_tmoe_coarse_1e19,g1_tmoe_coarse_1e19,1e19,temporal,4,42,sequence,1,6,32,7862,936,0.5463
g1_tmoe_coarse_1e19,g1_tmoe_coarse_1e19,1e19,temporal,4,43,sequence,1,6,32,7862,866,0.5694
g1_tmoe_coarse_1e19,g1_tmoe_coarse_1e19,1e19,temporal,4,44,sequence,1,6,32,7862,647,0.5714
g1_tmoe_coarse_1e19,g1_tmoe_coarse_1e19,1e19,temporal,4,45,sequence,1,6,32,7862,697,0.6335
g1_tmoe_coarse_1e19,g1_tmoe_coarse_1e19,1e19,temporal,4,46,sequence,1,6,32,7862,766,0.5888
g1_tmoe_coarse_1e19,g1_tmoe_coarse_1e19,1e19,temporal,4,47,sequence,1,6,32,7862,785,0.519
g1_tmoe_coarse_1e19,g1_tmoe_coarse_1e19,1e19,temporal,4,48,sequence,1,6,32,7862,671,0.5794
g1_tmoe_coarse_1e19,g1_tmoe_coarse_1e19,1e19,temporal,4,49,sequence,1,6,32,7862,671,0.5651
g1_tmoe_coarse_1e19,g1_tmoe_coarse_1e19,1e19,temporal,4,50,sequence,1,6,32,7862,654,0.5631
g1_tmoe_coarse_1e19,g1_tmoe_coarse_1e19,1e19,temporal,4,51,sequence,1,6,32,7862,781,0.5796
g1_tmoe_coarse_1e19,g1_tmoe_coarse_1e19,1e19,temporal,4,52,sequence,1,6,32,7862,429,0.5762
g1_tmoe_coarse_1e19,g1_tmoe_coarse_1e19,1e19,temporal,4,53,sequence,1,6,32,7862,820,0.5631
g1_tmoe_coarse_1e19,g1_tmoe_coarse_1e19,1e19,temporal,4,54,sequence,1,6,32,7862,830,0.5632
g1_tmoe_coarse_1e19,g1_tmoe_coarse_1e19,1e19,temporal,4,55,sequence,1,6,32,7862,852,0.5467
g1_tmoe_coarse_1e19,g1_tmoe_coarse_1e19,1e19,temporal,4,56,sequence,1,6,32,7862,672,0.538
g1_tmoe_coarse_1e19,g1_tmoe_coarse_1e19,1e19,temporal,4,57,sequence,1,6,32,7862,773,0.5561
g1_tmoe_coarse_1e19,g1_tmoe_coarse_1e19,1e19,temporal,4,58,sequence,1,6,32,7862,962,0.5814
g1_tmoe_coarse_1e19,g1_tmoe_coarse_1e19,1e19,temporal,4,59,sequence,1,6,32,7862,775,0.5978
g1_tmoe_coarse_1e19,g1_tmoe_coarse_1e19,1e19,temporal,4,60,sequence,1,6,32,7862,755,0.5189
g1_tmoe_coarse_1e19,g1_tmoe_coarse_1e19,1e19,temporal,4,61,sequence,1,6,32,7862,855,0.5431
g1_tmoe_coarse_1e19,g1_tmoe_coarse_1e19,1e19,temporal,4,62,sequence,1,6,32,7862,873,0.5549
g1_tmoe_coarse_1e19,g1_tmoe_coarse_1e19,1e19,temporal,4,63,sequence,1,6,32,7862,625,0.5783
g1_tmoe_coarse_1e19,g1_tmoe_coarse_1e19,1e19,temporal,4,0,sequence,2,32,221,7697,680,0.6263
g1_tmoe_coarse_1e19,g1_tmoe_coarse_1e19,1e19,temporal,4,1,sequence,2,32,221,7697,897,0.6316
g1_tmoe_coarse_1e19,g1_tmoe_coarse_1e19,1e19,temporal,4,2,sequence,2,32,221,7697,677,0.6069
g1_tmoe_coarse_1e19,g1_tmoe_coarse_1e19,1e19,temporal,4,3,sequence,2,32,221,7697,658,0.5739
g1_tmoe_coarse_1e19,g1_tmoe_coarse_1e19,1e19,temporal,4,4,sequence,2,32,221,7697,639,0.6215
g1_tmoe_coarse_1e19,g1_tmoe_coarse_1e19,1e19,temporal,4,5,sequence,2,32,221,7697,686,0.7006
g1_tmoe_coarse_1e19,g1_tmoe_coarse_1e19,1e19,temporal,4,6,sequence,2,32,221,7697,739,0.6389
g1_tmoe_coarse_1e19,g1_tmoe_coarse_1e19,1e19,temporal,4,7,sequence,2,32,221,7697,793,0.6237
g1_tmoe_coarse_1e19,g1_tmoe_coarse_1e19,1e19,temporal,4,8,sequence,2,32,221,7697,732,0.5705
g1_tmoe_coarse_1e19,g1_tmoe_coarse_1e19,1e19,temporal,4,9,sequence,2,32,221,7697,742,0.5767
g1_tmoe_coarse_1e19,g1_tmoe_coarse_1e19,1e19,temporal,4,10,sequence,2,32,221,7697,782,0.661
g1_tmoe_coarse_1e19,g1_tmoe_coarse_1e19,1e19,temporal,4,11,sequence,2,32,221,7697,776,0.6425
g1_tmoe_coarse_1e19,g1_tmoe_coarse_1e19,1e19,temporal,4,12,sequence,2,32,221,7697,580,0.5731
g1_tmoe_coarse_1e19,g1_tmoe_coarse_1e19,1e19,temporal,4,13,sequence,2,32,221,7697,620,0.5551
g1_tmoe_coarse_1e19,g1_tmoe_coarse_1e19,1e19,temporal,4,14,sequence,2,32,221,7697,585,0.6322
g1_tmoe_coarse_1e19,g1_tmoe_coarse_1e19,1e19,temporal,4,15,sequence,2,32,221,7697,802,0.6492
g1_tmoe_coarse_1e19,g1_tmoe_coarse_1e19,1e19,temporal,4,16,sequence,2,32,221,7697,826,0.6501
g1_tmoe_coarse_1e19,g1_tmoe_coarse_1e19,1e19,temporal,4,17,sequence,2,32,221,7697,575,0.5395
g1_tmoe_coarse_1e19,g1_tmoe_coarse_1e19,1e19,temporal,4,18,sequence,2,32,221,7697,775,0.617
g1_tmoe_coarse_1e19,g1_tmoe_coarse_1e19,1e19,temporal,4,19,sequence,2,32,221,7697,827,0.6281
g1_tmoe_coarse_1e19,g1_tmoe_coarse_1e19,1e19,temporal,4,20,sequence,2,32,221,7697,470,0.6344
g1_tmoe_coarse_1e19,g1_tmoe_coarse_1e19,1e19,temporal,4,21,sequence,2,32,221,7697,805,0.7261
g1_tmoe_coarse_1e19,g1_tmoe_coarse_1e19,1e19,temporal,4,22,sequence,2,32,221,7697,657,0.6882
g1_tmoe_coarse_1e19,g1_tmoe_coarse_1e19,1e19,temporal,4,23,sequence,2,32,221,7697,583,0.5964
g1_tmoe_coarse_1e19,g1_tmoe_coarse_1e19,1e19,temporal,4,24,sequence,2,32,221,7697,769,0.636
g1_tmoe_coarse_1e19,g1_tmoe_coarse_1e19,1e19,temporal,4,25,sequence,2,32,221,7697,874,0.6406
g1_tmoe_coarse_1e19,g1_tmoe_coarse_1e19,1e19,temporal,4,26,sequence,2,32,221,7697,719,0.6024
g1_tmoe_coarse_1e19,g1_tmoe_coarse_1e19,1e19,temporal,4,27,sequence,2,32,221,7697,820,0.5883
g1_tmoe_coarse_1e19,g1_tmoe_coarse_1e19,1e19,temporal,4,28,sequence,2,32,221,7697,757,0.642
g1_tmoe_coarse_1e19,g1_tmoe_coarse_1e19,1e19,temporal,4,29,sequence,2,32,221,7697,449,0.6647
g1_tmoe_coarse_1e19,g1_tmoe_coarse_1e19,1e19,temporal,4,30,sequence,2,32,221,7697,844,0.628
g1_tmoe_coarse_1e19,g1_tmoe_coarse_1e19,1e19,temporal,4,31,sequence,2,32,221,7697,856,0.6163
g1_tmoe_coarse_1e19,g1_tmoe_coarse_1e19,1e19,temporal,4,32,sequence,2,32,221,7697,535,0.61
g1_tmoe_coarse_1e19,g1_tmoe_coarse_1e19,1e19,temporal,4,33,sequence,2,32,221,7697,871,0.5991
g1_tmoe_coarse_1e19,g1_tmoe_coarse_1e19,1e19,temporal,4,34,sequence,2,32,221,7697,1009,0.6279
g1_tmoe_coarse_1e19,g1_tmoe_coarse_1e19,1e19,temporal,4,35,sequence,2,32,221,7697,472,0.6001
g1_tmoe_coarse_1e19,g1_tmoe_coarse_1e19,1e19,temporal,4,36,sequence,2,32,221,7697,576,0.6767
g1_tmoe_coarse_1e19,g1_tmoe_coarse_1e19,1e19,temporal,4,37,sequence,2,32,221,7697,870,0.664
g1_tmoe_coarse_1e19,g1_tmoe_coarse_1e19,1e19,temporal,4,38,sequence,2,32,221,7697,757,0.6352
g1_tmoe_coarse_1e19,g1_tmoe_coarse_1e19,1e19,temporal,4,39,sequence,2,32,221,7697,653,0.5954
g1_tmoe_coarse_1e19,g1_tmoe_coarse_1e19,1e19,temporal,4,40,sequence,2,32,221,7697,678,0.5752
g1_tmoe_coarse_1e19,g1_tmoe_coarse_1e19,1e19,temporal,4,41,sequence,2,32,221,7697,438,0.6802
g1_tmoe_coarse_1e19,g1_tmoe_coarse_1e19,1e19,temporal,4,42,sequence,2,32,221,7697,890,0.57
g1_tmoe_coarse_1e19,g1_tmoe_coarse_1e19,1e19,temporal,4,43,sequence,2,32,221,7697,757,0.6261
g1_tmoe_coarse_1e19,g1_tmoe_coarse_1e19,1e19,temporal,4,44,sequence,2,32,221,7697,711,0.6009
g1_tmoe_coarse_1e19,g1_tmoe_coarse_1e19,1e19,temporal,4,45,sequence,2,32,221,7697,756,0.7011
g1_tmoe_coarse_1e19,g1_tmoe_coarse_1e19,1e19,temporal,4,46,sequence,2,32,221,7697,817,0.6503
g1_tmoe_coarse_1e19,g1_tmoe_coarse_1e19,1e19,temporal,4,47,sequence,2,32,221,7697,748,0.5521
g1_tmoe_coarse_1e19,g1_tmoe_coarse_1e19,1e19,temporal,4,48,sequence,2,32,221,7697,620,0.6023
g1_tmoe_coarse_1e19,g1_tmoe_coarse_1e19,1e19,temporal,4,49,sequence,2,32,221,7697,645,0.6152
g1_tmoe_coarse_1e19,g1_tmoe_coarse_1e19,1e19,temporal,4,50,sequence,2,32,221,7697,697,0.6131
g1_tmoe_coarse_1e19,g1_tmoe_coarse_1e19,1e19,temporal,4,51,sequence,2,32,221,7697,834,0.6765
g1_tmoe_coarse_1e19,g1_tmoe_coarse_1e19,1e19,temporal,4,52,sequence,2,32,221,7697,485,0.7246
g1_tmoe_coarse_1e19,g1_tmoe_coarse_1e19,1e19,temporal,4,53,sequence,2,32,221,7697,849,0.6142
g1_tmoe_coarse_1e19,g1_tmoe_coarse_1e19,1e19,temporal,4,54,sequence,2,32,221,7697,661,0.5748
g1_tmoe_coarse_1e19,g1_tmoe_coarse_1e19,1e19,temporal,4,55,sequence,2,32,221,7697,856,0.6683
g1_tmoe_coarse_1e19,g1_tmoe_coarse_1e19,1e19,temporal,4,56,sequence,2,32,221,7697,632,0.5949
g1_tmoe_coarse_1e19,g1_tmoe_coarse_1e19,1e19,temporal,4,57,sequence,2,32,221,7697,799,0.5981
g1_tmoe_coarse_1e19,g1_tmoe_coarse_1e19,1e19,temporal,4,58,sequence,2,32,221,7697,981,0.6349
g1_tmoe_coarse_1e19,g1_tmoe_coarse_1e19,1e19,temporal,4,59,sequence,2,32,221,7697,754,0.6688
g1_tmoe_coarse_1e19,g1_tmoe_coarse_1e19,1e19,temporal,4,60,sequence,2,32,221,7697,813,0.5806
g1_tmoe_coarse_1e19,g1_tmoe_coarse_1e19,1e19,temporal,4,61,sequence,2,32,221,7697,829,0.6104
g1_tmoe_coarse_1e19,g1_tmoe_coarse_1e19,1e19,temporal,4,62,sequence,2,32,221,7697,773,0.551
g1_tmoe_coarse_1e19,g1_tmoe_coarse_1e19,1e19,temporal,4,63,sequence,2,32,221,7697,422,0.6665
g1_tmoe_coarse_1e19,g1_tmoe_coarse_1e19,1e19,temporal,4,0,sequence,3,238,1429,6983,760,0.7033
g1_tmoe_coarse_1e19,g1_tmoe_coarse_1e19,1e19,temporal,4,1,sequence,3,238,1429,6983,642,0.6392
g1_tmoe_coarse_1e19,g1_tmoe_coarse_1e19,1e19,temporal,4,2,sequence,3,238,1429,6983,624,0.6602
g1_tmoe_coarse_1e19,g1_tmoe_coarse_1e19,1e19,temporal,4,3,sequence,3,238,1429,6983,680,0.684
g1_tmoe_coarse_1e19,g1_tmoe_coarse_1e19,1e19,temporal,4,4,sequence,3,238,1429,6983,601,0.6525
g1_tmoe_coarse_1e19,g1_tmoe_coarse_1e19,1e19,temporal,4,5,sequence,3,238,1429,6983,585,0.6616
g1_tmoe_coarse_1e19,g1_tmoe_coarse_1e19,1e19,temporal,4,6,sequence,3,238,1429,6983,955,0.7471
g1_tmoe_coarse_1e19,g1_tmoe_coarse_1e19,1e19,temporal,4,7,sequence,3,238,1429,6983,656,0.5642
g1_tmoe_coarse_1e19,g1_tmoe_coarse_1e19,1e19,temporal,4,8,sequence,3,238,1429,6983,726,0.6725
g1_tmoe_coarse_1e19,g1_tmoe_coarse_1e19,1e19,temporal,4,9,sequence,3,238,1429,6983,602,0.6184
g1_tmoe_coarse_1e19,g1_tmoe_coarse_1e19,1e19,temporal,4,10,sequence,3,238,1429,6983,629,0.6191
g1_tmoe_coarse_1e19,g1_tmoe_coarse_1e19,1e19,temporal,4,11,sequence,3,238,1429,6983,710,0.6619
g1_tmoe_coarse_1e19,g1_tmoe_coarse_1e19,1e19,temporal,4,12,sequence,3,238,1429,6983,835,0.813
g1_tmoe_coarse_1e19,g1_tmoe_coarse_1e19,1e19,temporal,4,13,sequence,3,238,1429,6983,591,0.5335
g1_tmoe_coarse_1e19,g1_tmoe_coarse_1e19,1e19,temporal,4,14,sequence,3,238,1429,6983,610,0.6858
g1_tmoe_coarse_1e19,g1_tmoe_coarse_1e19,1e19,temporal,4,15,sequence,3,238,1429,6983,632,0.658
g1_tmoe_coarse_1e19,g1_tmoe_coarse_1e19,1e19,temporal,4,16,sequence,3,238,1429,6983,764,0.6232
g1_tmoe_coarse_1e19,g1_tmoe_coarse_1e19,1e19,temporal,4,17,sequence,3,238,1429,6983,630,0.6507
g1_tmoe_coarse_1e19,g1_tmoe_coarse_1e19,1e19,temporal,4,18,sequence,3,238,1429,6983,797,0.6933
g1_tmoe_coarse_1e19,g1_tmoe_coarse_1e19,1e19,temporal,4,19,sequence,3,238,1429,6983,566,0.5922
g1_tmoe_coarse_1e19,g1_tmoe_coarse_1e19,1e19,temporal,4,20,sequence,3,238,1429,6983,470,0.5967
g1_tmoe_coarse_1e19,g1_tmoe_coarse_1e19,1e19,temporal,4,21,sequence,3,238,1429,6983,810,0.7035
g1_tmoe_coarse_1e19,g1_tmoe_coarse_1e19,1e19,temporal,4,22,sequence,3,238,1429,6983,546,0.6304
g1_tmoe_coarse_1e19,g1_tmoe_coarse_1e19,1e19,temporal,4,23,sequence,3,238,1429,6983,525,0.6278
g1_tmoe_coarse_1e19,g1_tmoe_coarse_1e19,1e19,temporal,4,24,sequence,3,238,1429,6983,637,0.6958
g1_tmoe_coarse_1e19,g1_tmoe_coarse_1e19,1e19,temporal,4,25,sequence,3,238,1429,6983,734,0.6072
g1_tmoe_coarse_1e19,g1_tmoe_coarse_1e19,1e19,temporal,4,26,sequence,3,238,1429,6983,982,0.6808
g1_tmoe_coarse_1e19,g1_tmoe_coarse_1e19,1e19,temporal,4,27,sequence,3,238,1429,6983,667,0.5794
g1_tmoe_coarse_1e19,g1_tmoe_coarse_1e19,1e19,temporal,4,28,sequence,3,238,1429,6983,569,0.6172
g1_tmoe_coarse_1e19,g1_tmoe_coarse_1e19,1e19,temporal,4,29,sequence,3,238,1429,6983,321,0.5905
g1_tmoe_coarse_1e19,g1_tmoe_coarse_1e19,1e19,temporal,4,30,sequence,3,238,1429,6983,629,0.5779
g1_tmoe_coarse_1e19,g1_tmoe_coarse_1e19,1e19,temporal,4,31,sequence,3,238,1429,6983,611,0.6407
g1_tmoe_coarse_1e19,g1_tmoe_coarse_1e19,1e19,temporal,4,32,sequence,3,238,1429,6983,845,0.7411
g1_tmoe_coarse_1e19,g1_tmoe_coarse_1e19,1e19,temporal,4,33,sequence,3,238,1429,6983,697,0.5797
g1_tmoe_coarse_1e19,g1_tmoe_coarse_1e19,1e19,temporal,4,34,sequence,3,238,1429,6983,708,0.6474
g1_tmoe_coarse_1e19,g1_tmoe_coarse_1e19,1e19,temporal,4,35,sequence,3,238,1429,6983,584,0.7534
g1_tmoe_coarse_1e19,g1_tmoe_coarse_1e19,1e19,temporal,4,36,sequence,3,238,1429,6983,503,0.6708
g1_tmoe_coarse_1e19,g1_tmoe_coarse_1e19,1e19,temporal,4,37,sequence,3,238,1429,6983,788,0.6931
g1_tmoe_coarse_1e19,g1_tmoe_coarse_1e19,1e19,temporal,4,38,sequence,3,238,1429,6983,688,0.6612
g1_tmoe_coarse_1e19,g1_tmoe_coarse_1e19,1e19,temporal,4,39,sequence,3,238,1429,6983,599,0.5706
g1_tmoe_coarse_1e19,g1_tmoe_coarse_1e19,1e19,temporal,4,40,sequence,3,238,1429,6983,623,0.6067
g1_tmoe_coarse_1e19,g1_tmoe_coarse_1e19,1e19,temporal,4,41,sequence,3,238,1429,6983,541,0.663
g1_tmoe_coarse_1e19,g1_tmoe_coarse_1e19,1e19,temporal,4,42,sequence,3,238,1429,6983,624,0.6144
g1_tmoe_coarse_1e19,g1_tmoe_coarse_1e19,1e19,temporal,4,43,sequence,3,238,1429,6983,548,0.5768
g1_tmoe_coarse_1e19,g1_tmoe_coarse_1e19,1e19,temporal,4,44,sequence,3,238,1429,6983,568,0.6237
g1_tmoe_coarse_1e19,g1_tmoe_coarse_1e19,1e19,temporal,4,45,sequence,3,238,1429,6983,671,0.7132
g1_tmoe_coarse_1e19,g1_tmoe_coarse_1e19,1e19,temporal,4,46,sequence,3,238,1429,6983,618,0.5969
g1_tmoe_coarse_1e19,g1_tmoe_coarse_1e19,1e19,temporal,4,47,sequence,3,238,1429,6983,760,0.637
g1_tmoe_coarse_1e19,g1_tmoe_coarse_1e19,1e19,temporal,4,48,sequence,3,238,1429,6983,397,0.6094
g1_tmoe_coarse_1e19,g1_tmoe_coarse_1e19,1e19,temporal,4,49,sequence,3,238,1429,6983,478,0.5653
g1_tmoe_coarse_1e19,g1_tmoe_coarse_1e19,1e19,temporal,4,50,sequence,3,238,1429,6983,735,0.6498
g1_tmoe_coarse_1e19,g1_tmoe_coarse_1e19,1e19,temporal,4,51,sequence,3,238,1429,6983,799,0.762
g1_tmoe_coarse_1e19,g1_tmoe_coarse_1e19,1e19,temporal,4,52,sequence,3,238,1429,6983,295,0.8013
g1_tmoe_coarse_1e19,g1_tmoe_coarse_1e19,1e19,temporal,4,53,sequence,3,238,1429,6983,1105,0.7225
g1_tmoe_coarse_1e19,g1_tmoe_coarse_1e19,1e19,temporal,4,54,sequence,3,238,1429,6983,596,0.568
g1_tmoe_coarse_1e19,g1_tmoe_coarse_1e19,1e19,temporal,4,55,sequence,3,238,1429,6983,659,0.6659
g1_tmoe_coarse_1e19,g1_tmoe_coarse_1e19,1e19,temporal,4,56,sequence,3,238,1429,6983,701,0.7481
g1_tmoe_coarse_1e19,g1_tmoe_coarse_1e19,1e19,temporal,4,57,sequence,3,238,1429,6983,657,0.6158
g1_tmoe_coarse_1e19,g1_tmoe_coarse_1e19,1e19,temporal,4,58,sequence,3,238,1429,6983,955,0.7252
g1_tmoe_coarse_1e19,g1_tmoe_coarse_1e19,1e19,temporal,4,59,sequence,3,238,1429,6983,700,0.7061
g1_tmoe_coarse_1e19,g1_tmoe_coarse_1e19,1e19,temporal,4,60,sequence,3,238,1429,6983,610,0.5558
g1_tmoe_coarse_1e19,g1_tmoe_coarse_1e19,1e19,temporal,4,61,sequence,3,238,1429,6983,694,0.5998
g1_tmoe_coarse_1e19,g1_tmoe_coarse_1e19,1e19,temporal,4,62,sequence,3,238,1429,6983,689,0.5968
g1_tmoe_coarse_1e19,g1_tmoe_coarse_1e19,1e19,temporal,4,63,sequence,3,238,1429,6983,367,0.709
g1_tmoe_coarse_1e19,g1_tmoe_coarse_1e19,1e19,temporal,4,0,sequence,4,1982,4940,8353,562,0.5767
g1_tmoe_coarse_1e19,g1_tmoe_coarse_1e19,1e19,temporal,4,1,sequence,4,1982,4940,8353,617,0.55
g1_tmoe_coarse_1e19,g1_tmoe_coarse_1e19,1e19,temporal,4,2,sequence,4,1982,4940,8353,491,0.6175
g1_tmoe_coarse_1e19,g1_tmoe_coarse_1e19,1e19,temporal,4,3,sequence,4,1982,4940,8353,600,0.5258
g1_tmoe_coarse_1e19,g1_tmoe_coarse_1e19,1e19,temporal,4,4,sequence,4,1982,4940,8353,588,0.5796
g1_tmoe_coarse_1e19,g1_tmoe_coarse_1e19,1e19,temporal,4,5,sequence,4,1982,4940,8353,1136,0.9103
g1_tmoe_coarse_1e19,g1_tmoe_coarse_1e19,1e19,temporal,4,6,sequence,4,1982,4940,8353,805,0.5985
g1_tmoe_coarse_1e19,g1_tmoe_coarse_1e19,1e19,temporal,4,7,sequence,4,1982,4940,8353,770,0.5854
g1_tmoe_coarse_1e19,g1_tmoe_coarse_1e19,1e19,temporal,4,8,sequence,4,1982,4940,8353,779,0.5344
g1_tmoe_coarse_1e19,g1_tmoe_coarse_1e19,1e19,temporal,4,9,sequence,4,1982,4940,8353,889,0.6227
g1_tmoe_coarse_1e19,g1_tmoe_coarse_1e19,1e19,temporal,4,10,sequence,4,1982,4940,8353,1118,0.7548
g1_tmoe_coarse_1e19,g1_tmoe_coarse_1e19,1e19,temporal,4,11,sequence,4,1982,4940,8353,429,0.5304
g1_tmoe_coarse_1e19,g1_tmoe_coarse_1e19,1e19,temporal,4,12,sequence,4,1982,4940,8353,761,0.6249
g1_tmoe_coarse_1e19,g1_tmoe_coarse_1e19,1e19,temporal,4,13,sequence,4,1982,4940,8353,847,0.5394
g1_tmoe_coarse_1e19,g1_tmoe_coarse_1e19,1e19,temporal,4,14,sequence,4,1982,4940,8353,902,0.5999
g1_tmoe_coarse_1e19,g1_tmoe_coarse_1e19,1e19,temporal,4,15,sequence,4,1982,4940,8353,399,0.6724
g1_tmoe_coarse_1e19,g1_tmoe_coarse_1e19,1e19,temporal,4,16,sequence,4,1982,4940,8353,621,0.61
g1_tmoe_coarse_1e19,g1_tmoe_coarse_1e19,1e19,temporal,4,17,sequence,4,1982,4940,8353,780,0.5306
g1_tmoe_coarse_1e19,g1_tmoe_coarse_1e19,1e19,temporal,4,18,sequence,4,1982,4940,8353,640,0.5871
g1_tmoe_coarse_1e19,g1_tmoe_coarse_1e19,1e19,temporal,4,19,sequence,4,1982,4940,8353,625,0.6422
g1_tmoe_coarse_1e19,g1_tmoe_coarse_1e19,1e19,temporal,4,20,sequence,4,1982,4940,8353,1265,0.8329
g1_tmoe_coarse_1e19,g1_tmoe_coarse_1e19,1e19,temporal,4,21,sequence,4,1982,4940,8353,850,0.6696
g1_tmoe_coarse_1e19,g1_tmoe_coarse_1e19,1e19,temporal,4,22,sequence,4,1982,4940,8353,1009,0.8042
g1_tmoe_coarse_1e19,g1_tmoe_coarse_1e19,1e19,temporal,4,23,sequence,4,1982,4940,8353,612,0.5346
g1_tmoe_coarse_1e19,g1_tmoe_coarse_1e19,1e19,temporal,4,24,sequence,4,1982,4940,8353,909,0.6648
g1_tmoe_coarse_1e19,g1_tmoe_coarse_1e19,1e19,temporal,4,25,sequence,4,1982,4940,8353,866,0.5595
g1_tmoe_coarse_1e19,g1_tmoe_coarse_1e19,1e19,temporal,4,26,sequence,4,1982,4940,8353,722,0.6129
g1_tmoe_coarse_1e19,g1_tmoe_coarse_1e19,1e19,temporal,4,27,sequence,4,1982,4940,8353,786,0.5305
g1_tmoe_coarse_1e19,g1_tmoe_coarse_1e19,1e19,temporal,4,28,sequence,4,1982,4940,8353,683,0.5812
g1_tmoe_coarse_1e19,g1_tmoe_coarse_1e19,1e19,temporal,4,29,sequence,4,1982,4940,8353,1080,0.852
g1_tmoe_coarse_1e19,g1_tmoe_coarse_1e19,1e19,temporal,4,30,sequence,4,1982,4940,8353,709,0.5676
g1_tmoe_coarse_1e19,g1_tmoe_coarse_1e19,1e19,temporal,4,31,sequence,4,1982,4940,8353,670,0.6242
g1_tmoe_coarse_1e19,g1_tmoe_coarse_1e19,1e19,temporal,4,32,sequence,4,1982,4940,8353,546,0.5768
g1_tmoe_coarse_1e19,g1_tmoe_coarse_1e19,1e19,temporal,4,33,sequence,4,1982,4940,8353,1038,0.5728
g1_tmoe_coarse_1e19,g1_tmoe_coarse_1e19,1e19,temporal,4,34,sequence,4,1982,4940,8353,662,0.5706
g1_tmoe_coarse_1e19,g1_tmoe_coarse_1e19,1e19,temporal,4,35,sequence,4,1982,4940,8353,598,0.5765
g1_tmoe_coarse_1e19,g1_tmoe_coarse_1e19,1e19,temporal,4,36,sequence,4,1982,4940,8353,1014,0.6689
g1_tmoe_coarse_1e19,g1_tmoe_coarse_1e19,1e19,temporal,4,37,sequence,4,1982,4940,8353,606,0.5531
g1_tmoe_coarse_1e19,g1_tmoe_coarse_1e19,1e19,temporal,4,38,sequence,4,1982,4940,8353,728,0.5854
g1_tmoe_coarse_1e19,g1_tmoe_coarse_1e19,1e19,temporal,4,39,sequence,4,1982,4940,8353,1092,0.6591
g1_tmoe_coarse_1e19,g1_tmoe_coarse_1e19,1e19,temporal,4,40,sequence,4,1982,4940,8353,765,0.5186
g1_tmoe_coarse_1e19,g1_tmoe_coarse_1e19,1e19,temporal,4,41,sequence,4,1982,4940,8353,1228,0.7851
g1_tmoe_coarse_1e19,g1_tmoe_coarse_1e19,1e19,temporal,4,42,sequence,4,1982,4940,8353,1065,0.6244
g1_tmoe_coarse_1e19,g1_tmoe_coarse_1e19,1e19,temporal,4,43,sequence,4,1982,4940,8353,727,0.6688
g1_tmoe_coarse_1e19,g1_tmoe_coarse_1e19,1e19,temporal,4,44,sequence,4,1982,4940,8353,620,0.5985
g1_tmoe_coarse_1e19,g1_tmoe_coarse_1e19,1e19,temporal,4,45,sequence,4,1982,4940,8353,1293,0.6699
g1_tmoe_coarse_1e19,g1_tmoe_coarse_1e19,1e19,temporal,4,46,sequence,4,1982,4940,8353,543,0.5843
g1_tmoe_coarse_1e19,g1_tmoe_coarse_1e19,1e19,temporal,4,47,sequence,4,1982,4940,8353,608,0.5474
g1_tmoe_coarse_1e19,g1_tmoe_coarse_1e19,1e19,temporal,4,48,sequence,4,1982,4940,8353,500,0.5585
g1_tmoe_coarse_1e19,g1_tmoe_coarse_1e19,1e19,temporal,4,49,sequence,4,1982,4940,8353,550,0.5409
g1_tmoe_coarse_1e19,g1_tmoe_coarse_1e19,1e19,temporal,4,50,sequence,4,1982,4940,8353,608,0.5642
g1_tmoe_coarse_1e19,g1_tmoe_coarse_1e19,1e19,temporal,4,51,sequence,4,1982,4940,8353,780,0.5483
g1_tmoe_coarse_1e19,g1_tmoe_coarse_1e19,1e19,temporal,4,52,sequence,4,1982,4940,8353,1663,0.8976
g1_tmoe_coarse_1e19,g1_tmoe_coarse_1e19,1e19,temporal,4,53,sequence,4,1982,4940,8353,524,0.72
g1_tmoe_coarse_1e19,g1_tmoe_coarse_1e19,1e19,temporal,4,54,sequence,4,1982,4940,8353,742,0.5442
g1_tmoe_coarse_1e19,g1_tmoe_coarse_1e19,1e19,temporal,4,55,sequence,4,1982,4940,8353,744,0.5993
g1_tmoe_coarse_1e19,g1_tmoe_coarse_1e19,1e19,temporal,4,56,sequence,4,1982,4940,8353,646,0.561
g1_tmoe_coarse_1e19,g1_tmoe_coarse_1e19,1e19,temporal,4,57,sequence,4,1982,4940,8353,746,0.5203
g1_tmoe_coarse_1e19,g1_tmoe_coarse_1e19,1e19,temporal,4,58,sequence,4,1982,4940,8353,831,0.6653
g1_tmoe_coarse_1e19,g1_tmoe_coarse_1e19,1e19,temporal,4,59,sequence,4,1982,4940,8353,885,0.5755
g1_tmoe_coarse_1e19,g1_tmoe_coarse_1e19,1e19,temporal,4,60,sequence,4,1982,4940,8353,938,0.611
g1_tmoe_coarse_1e19,g1_tmoe_coarse_1e19,1e19,temporal,4,61,sequence,4,1982,4940,8353,706,0.5692
g1_tmoe_coarse_1e19,g1_tmoe_coarse_1e19,1e19,temporal,4,62,sequence,4,1982,4940,8353,650,0.5728
g1_tmoe_coarse_1e19,g1_tmoe_coarse_1e19,1e19,temporal,4,63,sequence,4,1982,4940,8353,952,0.9017
g1_tmoe_coarse_1e19,g1_tmoe_coarse_1e19,1e19,temporal,5,0,sequence,0,1,6,8017,704,0.4965
g1_tmoe_coarse_1e19,g1_tmoe_coarse_1e19,1e19,temporal,5,1,sequence,0,1,6,8017,1081,0.5742
g1_tmoe_coarse_1e19,g1_tmoe_coarse_1e19,1e19,temporal,5,2,sequence,0,1,6,8017,879,0.5694
g1_tmoe_coarse_1e19,g1_tmoe_coarse_1e19,1e19,temporal,5,3,sequence,0,1,6,8017,908,0.5399
g1_tmoe_coarse_1e19,g1_tmoe_coarse_1e19,1e19,temporal,5,4,sequence,0,1,6,8017,699,0.5528
g1_tmoe_coarse_1e19,g1_tmoe_coarse_1e19,1e19,temporal,5,5,sequence,0,1,6,8017,949,0.5475
g1_tmoe_coarse_1e19,g1_tmoe_coarse_1e19,1e19,temporal,5,6,sequence,0,1,6,8017,740,0.505
g1_tmoe_coarse_1e19,g1_tmoe_coarse_1e19,1e19,temporal,5,7,sequence,0,1,6,8017,695,0.5712
g1_tmoe_coarse_1e19,g1_tmoe_coarse_1e19,1e19,temporal,5,8,sequence,0,1,6,8017,676,0.5096
g1_tmoe_coarse_1e19,g1_tmoe_coarse_1e19,1e19,temporal,5,9,sequence,0,1,6,8017,923,0.5763
g1_tmoe_coarse_1e19,g1_tmoe_coarse_1e19,1e19,temporal,5,10,sequence,0,1,6,8017,672,0.5081
g1_tmoe_coarse_1e19,g1_tmoe_coarse_1e19,1e19,temporal,5,11,sequence,0,1,6,8017,812,0.6303
g1_tmoe_coarse_1e19,g1_tmoe_coarse_1e19,1e19,temporal,5,12,sequence,0,1,6,8017,584,0.5472
g1_tmoe_coarse_1e19,g1_tmoe_coarse_1e19,1e19,temporal,5,13,sequence,0,1,6,8017,762,0.6042
g1_tmoe_coarse_1e19,g1_tmoe_coarse_1e19,1e19,temporal,5,14,sequence,0,1,6,8017,781,0.564
g1_tmoe_coarse_1e19,g1_tmoe_coarse_1e19,1e19,temporal,5,15,sequence,0,1,6,8017,656,0.5375
g1_tmoe_coarse_1e19,g1_tmoe_coarse_1e19,1e19,temporal,5,16,sequence,0,1,6,8017,903,0.5345
g1_tmoe_coarse_1e19,g1_tmoe_coarse_1e19,1e19,temporal,5,17,sequence,0,1,6,8017,783,0.6274
g1_tmoe_coarse_1e19,g1_tmoe_coarse_1e19,1e19,temporal,5,18,sequence,0,1,6,8017,710,0.5323
g1_tmoe_coarse_1e19,g1_tmoe_coarse_1e19,1e19,temporal,5,19,sequence,0,1,6,8017,691,0.5656
g1_tmoe_coarse_1e19,g1_tmoe_coarse_1e19,1e19,temporal,5,20,sequence,0,1,6,8017,637,0.5627
g1_tmoe_coarse_1e19,g1_tmoe_coarse_1e19,1e19,temporal,5,21,sequence,0,1,6,8017,708,0.5189
g1_tmoe_coarse_1e19,g1_tmoe_coarse_1e19,1e19,temporal,5,22,sequence,0,1,6,8017,739,0.5587
g1_tmoe_coarse_1e19,g1_tmoe_coarse_1e19,1e19,temporal,5,23,sequence,0,1,6,8017,641,0.5141
g1_tmoe_coarse_1e19,g1_tmoe_coarse_1e19,1e19,temporal,5,24,sequence,0,1,6,8017,812,0.518
g1_tmoe_coarse_1e19,g1_tmoe_coarse_1e19,1e19,temporal,5,25,sequence,0,1,6,8017,664,0.5456
g1_tmoe_coarse_1e19,g1_tmoe_coarse_1e19,1e19,temporal,5,26,sequence,0,1,6,8017,671,0.5265
g1_tmoe_coarse_1e19,g1_tmoe_coarse_1e19,1e19,temporal,5,27,sequence,0,1,6,8017,766,0.5944
g1_tmoe_coarse_1e19,g1_tmoe_coarse_1e19,1e19,temporal,5,28,sequence,0,1,6,8017,832,0.5969
g1_tmoe_coarse_1e19,g1_tmoe_coarse_1e19,1e19,temporal,5,29,sequence,0,1,6,8017,653,0.6136
g1_tmoe_coarse_1e19,g1_tmoe_coarse_1e19,1e19,temporal,5,30,sequence,0,1,6,8017,805,0.5039
g1_tmoe_coarse_1e19,g1_tmoe_coarse_1e19,1e19,temporal,5,31,sequence,0,1,6,8017,644,0.5292
g1_tmoe_coarse_1e19,g1_tmoe_coarse_1e19,1e19,temporal,5,32,sequence,0,1,6,8017,730,0.5914
g1_tmoe_coarse_1e19,g1_tmoe_coarse_1e19,1e19,temporal,5,33,sequence,0,1,6,8017,763,0.5441
g1_tmoe_coarse_1e19,g1_tmoe_coarse_1e19,1e19,temporal,5,34,sequence,0,1,6,8017,792,0.5126
g1_tmoe_coarse_1e19,g1_tmoe_coarse_1e19,1e19,temporal,5,35,sequence,0,1,6,8017,756,0.5743
g1_tmoe_coarse_1e19,g1_tmoe_coarse_1e19,1e19,temporal,5,36,sequence,0,1,6,8017,940,0.5387
g1_tmoe_coarse_1e19,g1_tmoe_coarse_1e19,1e19,temporal,5,37,sequence,0,1,6,8017,785,0.5515
g1_tmoe_coarse_1e19,g1_tmoe_coarse_1e19,1e19,temporal,5,38,sequence,0,1,6,8017,776,0.5239
g1_tmoe_coarse_1e19,g1_tmoe_coarse_1e19,1e19,temporal,5,39,sequence,0,1,6,8017,822,0.5095
g1_tmoe_coarse_1e19,g1_tmoe_coarse_1e19,1e19,temporal,5,40,sequence,0,1,6,8017,829,0.635
g1_tmoe_coarse_1e19,g1_tmoe_coarse_1e19,1e19,temporal,5,41,sequence,0,1,6,8017,818,0.543
g1_tmoe_coarse_1e19,g1_tmoe_coarse_1e19,1e19,temporal,5,42,sequence,0,1,6,8017,684,0.5202
g1_tmoe_coarse_1e19,g1_tmoe_coarse_1e19,1e19,temporal,5,43,sequence,0,1,6,8017,669,0.5102
g1_tmoe_coarse_1e19,g1_tmoe_coarse_1e19,1e19,temporal,5,44,sequence,0,1,6,8017,729,0.5212
g1_tmoe_coarse_1e19,g1_tmoe_coarse_1e19,1e19,temporal,5,45,sequence,0,1,6,8017,652,0.5563
g1_tmoe_coarse_1e19,g1_tmoe_coarse_1e19,1e19,temporal,5,46,sequence,0,1,6,8017,753,0.5077
g1_tmoe_coarse_1e19,g1_tmoe_coarse_1e19,1e19,temporal,5,47,sequence,0,1,6,8017,735,0.5531
g1_tmoe_coarse_1e19,g1_tmoe_coarse_1e19,1e19,temporal,5,48,sequence,0,1,6,8017,728,0.5377
g1_tmoe_coarse_1e19,g1_tmoe_coarse_1e19,1e19,temporal,5,49,sequence,0,1,6,8017,724,0.5261
g1_tmoe_coarse_1e19,g1_tmoe_coarse_1e19,1e19,temporal,5,50,sequence,0,1,6,8017,637,0.5382
g1_tmoe_coarse_1e19,g1_tmoe_coarse_1e19,1e19,temporal,5,51,sequence,0,1,6,8017,830,0.5762
g1_tmoe_coarse_1e19,g1_tmoe_coarse_1e19,1e19,temporal,5,52,sequence,0,1,6,8017,872,0.5273
g1_tmoe_coarse_1e19,g1_tmoe_coarse_1e19,1e19,temporal,5,53,sequence,0,1,6,8017,745,0.5406
g1_tmoe_coarse_1e19,g1_tmoe_coarse_1e19,1e19,temporal,5,54,sequence,0,1,6,8017,809,0.5842
g1_tmoe_coarse_1e19,g1_tmoe_coarse_1e19,1e19,temporal,5,55,sequence,0,1,6,8017,572,0.5186
g1_tmoe_coarse_1e19,g1_tmoe_coarse_1e19,1e19,temporal,5,56,sequence,0,1,6,8017,684,0.5625
g1_tmoe_coarse_1e19,g1_tmoe_coarse_1e19,1e19,temporal,5,57,sequence,0,1,6,8017,634,0.5242
g1_tmoe_coarse_1e19,g1_tmoe_coarse_1e19,1e19,temporal,5,58,sequence,0,1,6,8017,760,0.5454
g1_tmoe_coarse_1e19,g1_tmoe_coarse_1e19,1e19,temporal,5,59,sequence,0,1,6,8017,716,0.539
g1_tmoe_coarse_1e19,g1_tmoe_coarse_1e19,1e19,temporal,5,60,sequence,0,1,6,8017,852,0.5432
g1_tmoe_coarse_1e19,g1_tmoe_coarse_1e19,1e19,temporal,5,61,sequence,0,1,6,8017,636,0.538
g1_tmoe_coarse_1e19,g1_tmoe_coarse_1e19,1e19,temporal,5,62,sequence,0,1,6,8017,699,0.5261
g1_tmoe_coarse_1e19,g1_tmoe_coarse_1e19,1e19,temporal,5,63,sequence,0,1,6,8017,791,0.5219
g1_tmoe_coarse_1e19,g1_tmoe_coarse_1e19,1e19,temporal,5,0,sequence,1,6,32,7862,720,0.5588
g1_tmoe_coarse_1e19,g1_tmoe_coarse_1e19,1e19,temporal,5,1,sequence,1,6,32,7862,881,0.5697
g1_tmoe_coarse_1e19,g1_tmoe_coarse_1e19,1e19,temporal,5,2,sequence,1,6,32,7862,715,0.6165
g1_tmoe_coarse_1e19,g1_tmoe_coarse_1e19,1e19,temporal,5,3,sequence,1,6,32,7862,971,0.5869
g1_tmoe_coarse_1e19,g1_tmoe_coarse_1e19,1e19,temporal,5,4,sequence,1,6,32,7862,578,0.564
g1_tmoe_coarse_1e19,g1_tmoe_coarse_1e19,1e19,temporal,5,5,sequence,1,6,32,7862,971,0.5869
g1_tmoe_coarse_1e19,g1_tmoe_coarse_1e19,1e19,temporal,5,6,sequence,1,6,32,7862,767,0.5529
g1_tmoe_coarse_1e19,g1_tmoe_coarse_1e19,1e19,temporal,5,7,sequence,1,6,32,7862,741,0.6058
g1_tmoe_coarse_1e19,g1_tmoe_coarse_1e19,1e19,temporal,5,8,sequence,1,6,32,7862,762,0.5275
g1_tmoe_coarse_1e19,g1_tmoe_coarse_1e19,1e19,temporal,5,9,sequence,1,6,32,7862,647,0.589
g1_tmoe_coarse_1e19,g1_tmoe_coarse_1e19,1e19,temporal,5,10,sequence,1,6,32,7862,677,0.5629
g1_tmoe_coarse_1e19,g1_tmoe_coarse_1e19,1e19,temporal,5,11,sequence,1,6,32,7862,633,0.5601
g1_tmoe_coarse_1e19,g1_tmoe_coarse_1e19,1e19,temporal,5,12,sequence,1,6,32,7862,583,0.5631
g1_tmoe_coarse_1e19,g1_tmoe_coarse_1e19,1e19,temporal,5,13,sequence,1,6,32,7862,752,0.5905
g1_tmoe_coarse_1e19,g1_tmoe_coarse_1e19,1e19,temporal,5,14,sequence,1,6,32,7862,772,0.5718
g1_tmoe_coarse_1e19,g1_tmoe_coarse_1e19,1e19,temporal,5,15,sequence,1,6,32,7862,734,0.5891
g1_tmoe_coarse_1e19,g1_tmoe_coarse_1e19,1e19,temporal,5,16,sequence,1,6,32,7862,868,0.5339
g1_tmoe_coarse_1e19,g1_tmoe_coarse_1e19,1e19,temporal,5,17,sequence,1,6,32,7862,622,0.643
g1_tmoe_coarse_1e19,g1_tmoe_coarse_1e19,1e19,temporal,5,18,sequence,1,6,32,7862,721,0.5472
g1_tmoe_coarse_1e19,g1_tmoe_coarse_1e19,1e19,temporal,5,19,sequence,1,6,32,7862,767,0.6004
g1_tmoe_coarse_1e19,g1_tmoe_coarse_1e19,1e19,temporal,5,20,sequence,1,6,32,7862,604,0.584
g1_tmoe_coarse_1e19,g1_tmoe_coarse_1e19,1e19,temporal,5,21,sequence,1,6,32,7862,863,0.5512
g1_tmoe_coarse_1e19,g1_tmoe_coarse_1e19,1e19,temporal,5,22,sequence,1,6,32,7862,623,0.5843
g1_tmoe_coarse_1e19,g1_tmoe_coarse_1e19,1e19,temporal,5,23,sequence,1,6,32,7862,669,0.5841
g1_tmoe_coarse_1e19,g1_tmoe_coarse_1e19,1e19,temporal,5,24,sequence,1,6,32,7862,790,0.5665
g1_tmoe_coarse_1e19,g1_tmoe_coarse_1e19,1e19,temporal,5,25,sequence,1,6,32,7862,671,0.5713
g1_tmoe_coarse_1e19,g1_tmoe_coarse_1e19,1e19,temporal,5,26,sequence,1,6,32,7862,710,0.5606
g1_tmoe_coarse_1e19,g1_tmoe_coarse_1e19,1e19,temporal,5,27,sequence,1,6,32,7862,582,0.562
g1_tmoe_coarse_1e19,g1_tmoe_coarse_1e19,1e19,temporal,5,28,sequence,1,6,32,7862,668,0.6177
g1_tmoe_coarse_1e19,g1_tmoe_coarse_1e19,1e19,temporal,5,29,sequence,1,6,32,7862,587,0.6354
g1_tmoe_coarse_1e19,g1_tmoe_coarse_1e19,1e19,temporal,5,30,sequence,1,6,32,7862,715,0.5422
g1_tmoe_coarse_1e19,g1_tmoe_coarse_1e19,1e19,temporal,5,31,sequence,1,6,32,7862,645,0.5969
g1_tmoe_coarse_1e19,g1_tmoe_coarse_1e19,1e19,temporal,5,32,sequence,1,6,32,7862,514,0.6153
g1_tmoe_coarse_1e19,g1_tmoe_coarse_1e19,1e19,temporal,5,33,sequence,1,6,32,7862,779,0.5644
g1_tmoe_coarse_1e19,g1_tmoe_coarse_1e19,1e19,temporal,5,34,sequence,1,6,32,7862,845,0.5398
g1_tmoe_coarse_1e19,g1_tmoe_coarse_1e19,1e19,temporal,5,35,sequence,1,6,32,7862,839,0.6552
g1_tmoe_coarse_1e19,g1_tmoe_coarse_1e19,1e19,temporal,5,36,sequence,1,6,32,7862,900,0.5768
g1_tmoe_coarse_1e19,g1_tmoe_coarse_1e19,1e19,temporal,5,37,sequence,1,6,32,7862,752,0.603
g1_tmoe_coarse_1e19,g1_tmoe_coarse_1e19,1e19,temporal,5,38,sequence,1,6,32,7862,861,0.5427
g1_tmoe_coarse_1e19,g1_tmoe_coarse_1e19,1e19,temporal,5,39,sequence,1,6,32,7862,776,0.5453
g1_tmoe_coarse_1e19,g1_tmoe_coarse_1e19,1e19,temporal,5,40,sequence,1,6,32,7862,487,0.6091
g1_tmoe_coarse_1e19,g1_tmoe_coarse_1e19,1e19,temporal,5,41,sequence,1,6,32,7862,780,0.559
g1_tmoe_coarse_1e19,g1_tmoe_coarse_1e19,1e19,temporal,5,42,sequence,1,6,32,7862,649,0.5221
g1_tmoe_coarse_1e19,g1_tmoe_coarse_1e19,1e19,temporal,5,43,sequence,1,6,32,7862,769,0.5294
g1_tmoe_coarse_1e19,g1_tmoe_coarse_1e19,1e19,temporal,5,44,sequence,1,6,32,7862,874,0.5811
g1_tmoe_coarse_1e19,g1_tmoe_coarse_1e19,1e19,temporal,5,45,sequence,1,6,32,7862,670,0.6094
g1_tmoe_coarse_1e19,g1_tmoe_coarse_1e19,1e19,temporal,5,46,sequence,1,6,32,7862,887,0.5469
g1_tmoe_coarse_1e19,g1_tmoe_coarse_1e19,1e19,temporal,5,47,sequence,1,6,32,7862,717,0.6213
g1_tmoe_coarse_1e19,g1_tmoe_coarse_1e19,1e19,temporal,5,48,sequence,1,6,32,7862,803,0.5525
g1_tmoe_coarse_1e19,g1_tmoe_coarse_1e19,1e19,temporal,5,49,sequence,1,6,32,7862,711,0.5726
g1_tmoe_coarse_1e19,g1_tmoe_coarse_1e19,1e19,temporal,5,50,sequence,1,6,32,7862,646,0.5459
g1_tmoe_coarse_1e19,g1_tmoe_coarse_1e19,1e19,temporal,5,51,sequence,1,6,32,7862,866,0.6172
g1_tmoe_coarse_1e19,g1_tmoe_coarse_1e19,1e19,temporal,5,52,sequence,1,6,32,7862,689,0.5492
g1_tmoe_coarse_1e19,g1_tmoe_coarse_1e19,1e19,temporal,5,53,sequence,1,6,32,7862,845,0.6051
g1_tmoe_coarse_1e19,g1_tmoe_coarse_1e19,1e19,temporal,5,54,sequence,1,6,32,7862,950,0.5821
g1_tmoe_coarse_1e19,g1_tmoe_coarse_1e19,1e19,temporal,5,55,sequence,1,6,32,7862,642,0.4975
g1_tmoe_coarse_1e19,g1_tmoe_coarse_1e19,1e19,temporal,5,56,sequence,1,6,32,7862,670,0.5605
g1_tmoe_coarse_1e19,g1_tmoe_coarse_1e19,1e19,temporal,5,57,sequence,1,6,32,7862,706,0.559
g1_tmoe_coarse_1e19,g1_tmoe_coarse_1e19,1e19,temporal,5,58,sequence,1,6,32,7862,815,0.5413
g1_tmoe_coarse_1e19,g1_tmoe_coarse_1e19,1e19,temporal,5,59,sequence,1,6,32,7862,743,0.571
g1_tmoe_coarse_1e19,g1_tmoe_coarse_1e19,1e19,temporal,5,60,sequence,1,6,32,7862,831,0.5657
g1_tmoe_coarse_1e19,g1_tmoe_coarse_1e19,1e19,temporal,5,61,sequence,1,6,32,7862,600,0.5621
g1_tmoe_coarse_1e19,g1_tmoe_coarse_1e19,1e19,temporal,5,62,sequence,1,6,32,7862,721,0.5709
g1_tmoe_coarse_1e19,g1_tmoe_coarse_1e19,1e19,temporal,5,63,sequence,1,6,32,7862,826,0.5845
g1_tmoe_coarse_1e19,g1_tmoe_coarse_1e19,1e19,temporal,5,0,sequence,2,32,221,7697,929,0.642
g1_tmoe_coarse_1e19,g1_tmoe_coarse_1e19,1e19,temporal,5,1,sequence,2,32,221,7697,963,0.6941
g1_tmoe_coarse_1e19,g1_tmoe_coarse_1e19,1e19,temporal,5,2,sequence,2,32,221,7697,460,0.6698
g1_tmoe_coarse_1e19,g1_tmoe_coarse_1e19,1e19,temporal,5,3,sequence,2,32,221,7697,1001,0.6553
g1_tmoe_coarse_1e19,g1_tmoe_coarse_1e19,1e19,temporal,5,4,sequence,2,32,221,7697,512,0.5651
g1_tmoe_coarse_1e19,g1_tmoe_coarse_1e19,1e19,temporal,5,5,sequence,2,32,221,7697,760,0.5665
g1_tmoe_coarse_1e19,g1_tmoe_coarse_1e19,1e19,temporal,5,6,sequence,2,32,221,7697,698,0.5424
g1_tmoe_coarse_1e19,g1_tmoe_coarse_1e19,1e19,temporal,5,7,sequence,2,32,221,7697,827,0.6396
g1_tmoe_coarse_1e19,g1_tmoe_coarse_1e19,1e19,temporal,5,8,sequence,2,32,221,7697,837,0.6074
g1_tmoe_coarse_1e19,g1_tmoe_coarse_1e19,1e19,temporal,5,9,sequence,2,32,221,7697,475,0.7191
g1_tmoe_coarse_1e19,g1_tmoe_coarse_1e19,1e19,temporal,5,10,sequence,2,32,221,7697,770,0.5987
g1_tmoe_coarse_1e19,g1_tmoe_coarse_1e19,1e19,temporal,5,11,sequence,2,32,221,7697,805,0.6434
g1_tmoe_coarse_1e19,g1_tmoe_coarse_1e19,1e19,temporal,5,12,sequence,2,32,221,7697,683,0.6381
g1_tmoe_coarse_1e19,g1_tmoe_coarse_1e19,1e19,temporal,5,13,sequence,2,32,221,7697,712,0.6185
g1_tmoe_coarse_1e19,g1_tmoe_coarse_1e19,1e19,temporal,5,14,sequence,2,32,221,7697,865,0.6629
g1_tmoe_coarse_1e19,g1_tmoe_coarse_1e19,1e19,temporal,5,15,sequence,2,32,221,7697,592,0.6463
g1_tmoe_coarse_1e19,g1_tmoe_coarse_1e19,1e19,temporal,5,16,sequence,2,32,221,7697,949,0.603
g1_tmoe_coarse_1e19,g1_tmoe_coarse_1e19,1e19,temporal,5,17,sequence,2,32,221,7697,581,0.731
g1_tmoe_coarse_1e19,g1_tmoe_coarse_1e19,1e19,temporal,5,18,sequence,2,32,221,7697,766,0.5758
g1_tmoe_coarse_1e19,g1_tmoe_coarse_1e19,1e19,temporal,5,19,sequence,2,32,221,7697,713,0.5735
g1_tmoe_coarse_1e19,g1_tmoe_coarse_1e19,1e19,temporal,5,20,sequence,2,32,221,7697,609,0.6779
g1_tmoe_coarse_1e19,g1_tmoe_coarse_1e19,1e19,temporal,5,21,sequence,2,32,221,7697,706,0.6159
g1_tmoe_coarse_1e19,g1_tmoe_coarse_1e19,1e19,temporal,5,22,sequence,2,32,221,7697,467,0.6289
g1_tmoe_coarse_1e19,g1_tmoe_coarse_1e19,1e19,temporal,5,23,sequence,2,32,221,7697,594,0.6089
g1_tmoe_coarse_1e19,g1_tmoe_coarse_1e19,1e19,temporal,5,24,sequence,2,32,221,7697,719,0.5895
g1_tmoe_coarse_1e19,g1_tmoe_coarse_1e19,1e19,temporal,5,25,sequence,2,32,221,7697,641,0.6196
g1_tmoe_coarse_1e19,g1_tmoe_coarse_1e19,1e19,temporal,5,26,sequence,2,32,221,7697,584,0.5288
g1_tmoe_coarse_1e19,g1_tmoe_coarse_1e19,1e19,temporal,5,27,sequence,2,32,221,7697,651,0.6061
g1_tmoe_coarse_1e19,g1_tmoe_coarse_1e19,1e19,temporal,5,28,sequence,2,32,221,7697,584,0.6579
g1_tmoe_coarse_1e19,g1_tmoe_coarse_1e19,1e19,temporal,5,29,sequence,2,32,221,7697,608,0.6592
g1_tmoe_coarse_1e19,g1_tmoe_coarse_1e19,1e19,temporal,5,30,sequence,2,32,221,7697,807,0.6424
g1_tmoe_coarse_1e19,g1_tmoe_coarse_1e19,1e19,temporal,5,31,sequence,2,32,221,7697,831,0.7115
g1_tmoe_coarse_1e19,g1_tmoe_coarse_1e19,1e19,temporal,5,32,sequence,2,32,221,7697,377,0.6617
g1_tmoe_coarse_1e19,g1_tmoe_coarse_1e19,1e19,temporal,5,33,sequence,2,32,221,7697,896,0.6767
g1_tmoe_coarse_1e19,g1_tmoe_coarse_1e19,1e19,temporal,5,34,sequence,2,32,221,7697,1082,0.6272
g1_tmoe_coarse_1e19,g1_tmoe_coarse_1e19,1e19,temporal,5,35,sequence,2,32,221,7697,870,0.6751
g1_tmoe_coarse_1e19,g1_tmoe_coarse_1e19,1e19,temporal,5,36,sequence,2,32,221,7697,960,0.6786
g1_tmoe_coarse_1e19,g1_tmoe_coarse_1e19,1e19,temporal,5,37,sequence,2,32,221,7697,635,0.681
g1_tmoe_coarse_1e19,g1_tmoe_coarse_1e19,1e19,temporal,5,38,sequence,2,32,221,7697,846,0.5876
g1_tmoe_coarse_1e19,g1_tmoe_coarse_1e19,1e19,temporal,5,39,sequence,2,32,221,7697,679,0.5744
g1_tmoe_coarse_1e19,g1_tmoe_coarse_1e19,1e19,temporal,5,40,sequence,2,32,221,7697,540,0.6246
g1_tmoe_coarse_1e19,g1_tmoe_coarse_1e19,1e19,temporal,5,41,sequence,2,32,221,7697,667,0.6025
g1_tmoe_coarse_1e19,g1_tmoe_coarse_1e19,1e19,temporal,5,42,sequence,2,32,221,7697,725,0.6233
g1_tmoe_coarse_1e19,g1_tmoe_coarse_1e19,1e19,temporal,5,43,sequence,2,32,221,7697,753,0.5933
g1_tmoe_coarse_1e19,g1_tmoe_coarse_1e19,1e19,temporal,5,44,sequence,2,32,221,7697,886,0.5982
g1_tmoe_coarse_1e19,g1_tmoe_coarse_1e19,1e19,temporal,5,45,sequence,2,32,221,7697,559,0.5716
g1_tmoe_coarse_1e19,g1_tmoe_coarse_1e19,1e19,temporal,5,46,sequence,2,32,221,7697,679,0.5552
g1_tmoe_coarse_1e19,g1_tmoe_coarse_1e19,1e19,temporal,5,47,sequence,2,32,221,7697,701,0.6026
g1_tmoe_coarse_1e19,g1_tmoe_coarse_1e19,1e19,temporal,5,48,sequence,2,32,221,7697,769,0.6327
g1_tmoe_coarse_1e19,g1_tmoe_coarse_1e19,1e19,temporal,5,49,sequence,2,32,221,7697,679,0.6653
g1_tmoe_coarse_1e19,g1_tmoe_coarse_1e19,1e19,temporal,5,50,sequence,2,32,221,7697,761,0.628
g1_tmoe_coarse_1e19,g1_tmoe_coarse_1e19,1e19,temporal,5,51,sequence,2,32,221,7697,608,0.576
g1_tmoe_coarse_1e19,g1_tmoe_coarse_1e19,1e19,temporal,5,52,sequence,2,32,221,7697,670,0.6013
g1_tmoe_coarse_1e19,g1_tmoe_coarse_1e19,1e19,temporal,5,53,sequence,2,32,221,7697,669,0.6289
g1_tmoe_coarse_1e19,g1_tmoe_coarse_1e19,1e19,temporal,5,54,sequence,2,32,221,7697,853,0.5849
g1_tmoe_coarse_1e19,g1_tmoe_coarse_1e19,1e19,temporal,5,55,sequence,2,32,221,7697,736,0.5822
g1_tmoe_coarse_1e19,g1_tmoe_coarse_1e19,1e19,temporal,5,56,sequence,2,32,221,7697,603,0.6193
g1_tmoe_coarse_1e19,g1_tmoe_coarse_1e19,1e19,temporal,5,57,sequence,2,32,221,7697,869,0.666
g1_tmoe_coarse_1e19,g1_tmoe_coarse_1e19,1e19,temporal,5,58,sequence,2,32,221,7697,581,0.5579
g1_tmoe_coarse_1e19,g1_tmoe_coarse_1e19,1e19,temporal,5,59,sequence,2,32,221,7697,741,0.6408
g1_tmoe_coarse_1e19,g1_tmoe_coarse_1e19,1e19,temporal,5,60,sequence,2,32,221,7697,812,0.6471
g1_tmoe_coarse_1e19,g1_tmoe_coarse_1e19,1e19,temporal,5,61,sequence,2,32,221,7697,653,0.6442
g1_tmoe_coarse_1e19,g1_tmoe_coarse_1e19,1e19,temporal,5,62,sequence,2,32,221,7697,761,0.5992
g1_tmoe_coarse_1e19,g1_tmoe_coarse_1e19,1e19,temporal,5,63,sequence,2,32,221,7697,863,0.6384
g1_tmoe_coarse_1e19,g1_tmoe_coarse_1e19,1e19,temporal,5,0,sequence,3,238,1429,6983,651,0.6105
g1_tmoe_coarse_1e19,g1_tmoe_coarse_1e19,1e19,temporal,5,1,sequence,3,238,1429,6983,723,0.6325
g1_tmoe_coarse_1e19,g1_tmoe_coarse_1e19,1e19,temporal,5,2,sequence,3,238,1429,6983,362,0.6958
g1_tmoe_coarse_1e19,g1_tmoe_coarse_1e19,1e19,temporal,5,3,sequence,3,238,1429,6983,857,0.6406
g1_tmoe_coarse_1e19,g1_tmoe_coarse_1e19,1e19,temporal,5,4,sequence,3,238,1429,6983,478,0.5898
g1_tmoe_coarse_1e19,g1_tmoe_coarse_1e19,1e19,temporal,5,5,sequence,3,238,1429,6983,602,0.5331
g1_tmoe_coarse_1e19,g1_tmoe_coarse_1e19,1e19,temporal,5,6,sequence,3,238,1429,6983,586,0.6105
g1_tmoe_coarse_1e19,g1_tmoe_coarse_1e19,1e19,temporal,5,7,sequence,3,238,1429,6983,559,0.5572
g1_tmoe_coarse_1e19,g1_tmoe_coarse_1e19,1e19,temporal,5,8,sequence,3,238,1429,6983,580,0.5535
g1_tmoe_coarse_1e19,g1_tmoe_coarse_1e19,1e19,temporal,5,9,sequence,3,238,1429,6983,410,0.6806
g1_tmoe_coarse_1e19,g1_tmoe_coarse_1e19,1e19,temporal,5,10,sequence,3,238,1429,6983,848,0.6954
g1_tmoe_coarse_1e19,g1_tmoe_coarse_1e19,1e19,temporal,5,11,sequence,3,238,1429,6983,1096,0.7623
g1_tmoe_coarse_1e19,g1_tmoe_coarse_1e19,1e19,temporal,5,12,sequence,3,238,1429,6983,601,0.5945
g1_tmoe_coarse_1e19,g1_tmoe_coarse_1e19,1e19,temporal,5,13,sequence,3,238,1429,6983,637,0.6244
g1_tmoe_coarse_1e19,g1_tmoe_coarse_1e19,1e19,temporal,5,14,sequence,3,238,1429,6983,696,0.5786
g1_tmoe_coarse_1e19,g1_tmoe_coarse_1e19,1e19,temporal,5,15,sequence,3,238,1429,6983,652,0.6478
g1_tmoe_coarse_1e19,g1_tmoe_coarse_1e19,1e19,temporal,5,16,sequence,3,238,1429,6983,833,0.6742
g1_tmoe_coarse_1e19,g1_tmoe_coarse_1e19,1e19,temporal,5,17,sequence,3,238,1429,6983,472,0.6927
g1_tmoe_coarse_1e19,g1_tmoe_coarse_1e19,1e19,temporal,5,18,sequence,3,238,1429,6983,536,0.5473
g1_tmoe_coarse_1e19,g1_tmoe_coarse_1e19,1e19,temporal,5,19,sequence,3,238,1429,6983,636,0.6018
g1_tmoe_coarse_1e19,g1_tmoe_coarse_1e19,1e19,temporal,5,20,sequence,3,238,1429,6983,515,0.695
g1_tmoe_coarse_1e19,g1_tmoe_coarse_1e19,1e19,temporal,5,21,sequence,3,238,1429,6983,509,0.5899
g1_tmoe_coarse_1e19,g1_tmoe_coarse_1e19,1e19,temporal,5,22,sequence,3,238,1429,6983,443,0.6047
g1_tmoe_coarse_1e19,g1_tmoe_coarse_1e19,1e19,temporal,5,23,sequence,3,238,1429,6983,859,0.7495
g1_tmoe_coarse_1e19,g1_tmoe_coarse_1e19,1e19,temporal,5,24,sequence,3,238,1429,6983,701,0.705
g1_tmoe_coarse_1e19,g1_tmoe_coarse_1e19,1e19,temporal,5,25,sequence,3,238,1429,6983,719,0.7234
g1_tmoe_coarse_1e19,g1_tmoe_coarse_1e19,1e19,temporal,5,26,sequence,3,238,1429,6983,655,0.6318
g1_tmoe_coarse_1e19,g1_tmoe_coarse_1e19,1e19,temporal,5,27,sequence,3,238,1429,6983,836,0.7194
g1_tmoe_coarse_1e19,g1_tmoe_coarse_1e19,1e19,temporal,5,28,sequence,3,238,1429,6983,875,0.8313
g1_tmoe_coarse_1e19,g1_tmoe_coarse_1e19,1e19,temporal,5,29,sequence,3,238,1429,6983,563,0.6656
g1_tmoe_coarse_1e19,g1_tmoe_coarse_1e19,1e19,temporal,5,30,sequence,3,238,1429,6983,882,0.702
g1_tmoe_coarse_1e19,g1_tmoe_coarse_1e19,1e19,temporal,5,31,sequence,3,238,1429,6983,603,0.5676
g1_tmoe_coarse_1e19,g1_tmoe_coarse_1e19,1e19,temporal,5,32,sequence,3,238,1429,6983,429,0.7541
g1_tmoe_coarse_1e19,g1_tmoe_coarse_1e19,1e19,temporal,5,33,sequence,3,238,1429,6983,602,0.592
g1_tmoe_coarse_1e19,g1_tmoe_coarse_1e19,1e19,temporal,5,34,sequence,3,238,1429,6983,844,0.6463
g1_tmoe_coarse_1e19,g1_tmoe_coarse_1e19,1e19,temporal,5,35,sequence,3,238,1429,6983,800,0.6676
g1_tmoe_coarse_1e19,g1_tmoe_coarse_1e19,1e19,temporal,5,36,sequence,3,238,1429,6983,792,0.6276
g1_tmoe_coarse_1e19,g1_tmoe_coarse_1e19,1e19,temporal,5,37,sequence,3,238,1429,6983,551,0.6667
g1_tmoe_coarse_1e19,g1_tmoe_coarse_1e19,1e19,temporal,5,38,sequence,3,238,1429,6983,643,0.5633
g1_tmoe_coarse_1e19,g1_tmoe_coarse_1e19,1e19,temporal,5,39,sequence,3,238,1429,6983,641,0.5978
g1_tmoe_coarse_1e19,g1_tmoe_coarse_1e19,1e19,temporal,5,40,sequence,3,238,1429,6983,553,0.6127
g1_tmoe_coarse_1e19,g1_tmoe_coarse_1e19,1e19,temporal,5,41,sequence,3,238,1429,6983,503,0.5839
g1_tmoe_coarse_1e19,g1_tmoe_coarse_1e19,1e19,temporal,5,42,sequence,3,238,1429,6983,780,0.6844
g1_tmoe_coarse_1e19,g1_tmoe_coarse_1e19,1e19,temporal,5,43,sequence,3,238,1429,6983,739,0.6335
g1_tmoe_coarse_1e19,g1_tmoe_coarse_1e19,1e19,temporal,5,44,sequence,3,238,1429,6983,636,0.5815
g1_tmoe_coarse_1e19,g1_tmoe_coarse_1e19,1e19,temporal,5,45,sequence,3,238,1429,6983,782,0.6922
g1_tmoe_coarse_1e19,g1_tmoe_coarse_1e19,1e19,temporal,5,46,sequence,3,238,1429,6983,816,0.6807
g1_tmoe_coarse_1e19,g1_tmoe_coarse_1e19,1e19,temporal,5,47,sequence,3,238,1429,6983,749,0.6299
g1_tmoe_coarse_1e19,g1_tmoe_coarse_1e19,1e19,temporal,5,48,sequence,3,238,1429,6983,846,0.7454
g1_tmoe_coarse_1e19,g1_tmoe_coarse_1e19,1e19,temporal,5,49,sequence,3,238,1429,6983,505,0.6935
g1_tmoe_coarse_1e19,g1_tmoe_coarse_1e19,1e19,temporal,5,50,sequence,3,238,1429,6983,604,0.7092
g1_tmoe_coarse_1e19,g1_tmoe_coarse_1e19,1e19,temporal,5,51,sequence,3,238,1429,6983,540,0.5615
g1_tmoe_coarse_1e19,g1_tmoe_coarse_1e19,1e19,temporal,5,52,sequence,3,238,1429,6983,722,0.7122
g1_tmoe_coarse_1e19,g1_tmoe_coarse_1e19,1e19,temporal,5,53,sequence,3,238,1429,6983,489,0.5817
g1_tmoe_coarse_1e19,g1_tmoe_coarse_1e19,1e19,temporal,5,54,sequence,3,238,1429,6983,780,0.5572
g1_tmoe_coarse_1e19,g1_tmoe_coarse_1e19,1e19,temporal,5,55,sequence,3,238,1429,6983,675,0.6075
g1_tmoe_coarse_1e19,g1_tmoe_coarse_1e19,1e19,temporal,5,56,sequence,3,238,1429,6983,556,0.618
g1_tmoe_coarse_1e19,g1_tmoe_coarse_1e19,1e19,temporal,5,57,sequence,3,238,1429,6983,676,0.6419
g1_tmoe_coarse_1e19,g1_tmoe_coarse_1e19,1e19,temporal,5,58,sequence,3,238,1429,6983,636,0.6995
g1_tmoe_coarse_1e19,g1_tmoe_coarse_1e19,1e19,temporal,5,59,sequence,3,238,1429,6983,750,0.6978
g1_tmoe_coarse_1e19,g1_tmoe_coarse_1e19,1e19,temporal,5,60,sequence,3,238,1429,6983,526,0.6622
g1_tmoe_coarse_1e19,g1_tmoe_coarse_1e19,1e19,temporal,5,61,sequence,3,238,1429,6983,593,0.6845
g1_tmoe_coarse_1e19,g1_tmoe_coarse_1e19,1e19,temporal,5,62,sequence,3,238,1429,6983,539,0.5598
g1_tmoe_coarse_1e19,g1_tmoe_coarse_1e19,1e19,temporal,5,63,sequence,3,238,1429,6983,626,0.6177
g1_tmoe_coarse_1e19,g1_tmoe_coarse_1e19,1e19,temporal,5,0,sequence,4,1982,4940,8353,645,0.5622
g1_tmoe_coarse_1e19,g1_tmoe_coarse_1e19,1e19,temporal,5,1,sequence,4,1982,4940,8353,807,0.6043
g1_tmoe_coarse_1e19,g1_tmoe_coarse_1e19,1e19,temporal,5,2,sequence,4,1982,4940,8353,955,0.8539
g1_tmoe_coarse_1e19,g1_tmoe_coarse_1e19,1e19,temporal,5,3,sequence,4,1982,4940,8353,800,0.5728
g1_tmoe_coarse_1e19,g1_tmoe_coarse_1e19,1e19,temporal,5,4,sequence,4,1982,4940,8353,1276,0.7941
g1_tmoe_coarse_1e19,g1_tmoe_coarse_1e19,1e19,temporal,5,5,sequence,4,1982,4940,8353,730,0.5463
g1_tmoe_coarse_1e19,g1_tmoe_coarse_1e19,1e19,temporal,5,6,sequence,4,1982,4940,8353,529,0.5702
g1_tmoe_coarse_1e19,g1_tmoe_coarse_1e19,1e19,temporal,5,7,sequence,4,1982,4940,8353,707,0.6264
g1_tmoe_coarse_1e19,g1_tmoe_coarse_1e19,1e19,temporal,5,8,sequence,4,1982,4940,8353,692,0.5408
g1_tmoe_coarse_1e19,g1_tmoe_coarse_1e19,1e19,temporal,5,9,sequence,4,1982,4940,8353,1073,0.8682
g1_tmoe_coarse_1e19,g1_tmoe_coarse_1e19,1e19,temporal,5,10,sequence,4,1982,4940,8353,678,0.5364
g1_tmoe_coarse_1e19,g1_tmoe_coarse_1e19,1e19,temporal,5,11,sequence,4,1982,4940,8353,638,0.5453
g1_tmoe_coarse_1e19,g1_tmoe_coarse_1e19,1e19,temporal,5,12,sequence,4,1982,4940,8353,520,0.5866
g1_tmoe_coarse_1e19,g1_tmoe_coarse_1e19,1e19,temporal,5,13,sequence,4,1982,4940,8353,751,0.584
g1_tmoe_coarse_1e19,g1_tmoe_coarse_1e19,1e19,temporal,5,14,sequence,4,1982,4940,8353,626,0.6359
g1_tmoe_coarse_1e19,g1_tmoe_coarse_1e19,1e19,temporal,5,15,sequence,4,1982,4940,8353,612,0.5822
g1_tmoe_coarse_1e19,g1_tmoe_coarse_1e19,1e19,temporal,5,16,sequence,4,1982,4940,8353,698,0.5994
g1_tmoe_coarse_1e19,g1_tmoe_coarse_1e19,1e19,temporal,5,17,sequence,4,1982,4940,8353,1181,0.7967
g1_tmoe_coarse_1e19,g1_tmoe_coarse_1e19,1e19,temporal,5,18,sequence,4,1982,4940,8353,852,0.5622
g1_tmoe_coarse_1e19,g1_tmoe_coarse_1e19,1e19,temporal,5,19,sequence,4,1982,4940,8353,757,0.5421
g1_tmoe_coarse_1e19,g1_tmoe_coarse_1e19,1e19,temporal,5,20,sequence,4,1982,4940,8353,901,0.7191
g1_tmoe_coarse_1e19,g1_tmoe_coarse_1e19,1e19,temporal,5,21,sequence,4,1982,4940,8353,585,0.5092
g1_tmoe_coarse_1e19,g1_tmoe_coarse_1e19,1e19,temporal,5,22,sequence,4,1982,4940,8353,1119,0.7909
g1_tmoe_coarse_1e19,g1_tmoe_coarse_1e19,1e19,temporal,5,23,sequence,4,1982,4940,8353,537,0.6491
g1_tmoe_coarse_1e19,g1_tmoe_coarse_1e19,1e19,temporal,5,24,sequence,4,1982,4940,8353,596,0.5588
g1_tmoe_coarse_1e19,g1_tmoe_coarse_1e19,1e19,temporal,5,25,sequence,4,1982,4940,8353,759,0.5653
g1_tmoe_coarse_1e19,g1_tmoe_coarse_1e19,1e19,temporal,5,26,sequence,4,1982,4940,8353,639,0.5471
g1_tmoe_coarse_1e19,g1_tmoe_coarse_1e19,1e19,temporal,5,27,sequence,4,1982,4940,8353,619,0.6124
g1_tmoe_coarse_1e19,g1_tmoe_coarse_1e19,1e19,temporal,5,28,sequence,4,1982,4940,8353,974,0.5602
g1_tmoe_coarse_1e19,g1_tmoe_coarse_1e19,1e19,temporal,5,29,sequence,4,1982,4940,8353,1292,0.7297
g1_tmoe_coarse_1e19,g1_tmoe_coarse_1e19,1e19,temporal,5,30,sequence,4,1982,4940,8353,699,0.5359
g1_tmoe_coarse_1e19,g1_tmoe_coarse_1e19,1e19,temporal,5,31,sequence,4,1982,4940,8353,541,0.5457
g1_tmoe_coarse_1e19,g1_tmoe_coarse_1e19,1e19,temporal,5,32,sequence,4,1982,4940,8353,1618,0.9174
g1_tmoe_coarse_1e19,g1_tmoe_coarse_1e19,1e19,temporal,5,33,sequence,4,1982,4940,8353,791,0.5692
g1_tmoe_coarse_1e19,g1_tmoe_coarse_1e19,1e19,temporal,5,34,sequence,4,1982,4940,8353,734,0.5429
g1_tmoe_coarse_1e19,g1_tmoe_coarse_1e19,1e19,temporal,5,35,sequence,4,1982,4940,8353,853,0.6011
g1_tmoe_coarse_1e19,g1_tmoe_coarse_1e19,1e19,temporal,5,36,sequence,4,1982,4940,8353,602,0.565
g1_tmoe_coarse_1e19,g1_tmoe_coarse_1e19,1e19,temporal,5,37,sequence,4,1982,4940,8353,1195,0.8781
g1_tmoe_coarse_1e19,g1_tmoe_coarse_1e19,1e19,temporal,5,38,sequence,4,1982,4940,8353,801,0.5315
g1_tmoe_coarse_1e19,g1_tmoe_coarse_1e19,1e19,temporal,5,39,sequence,4,1982,4940,8353,803,0.5305
g1_tmoe_coarse_1e19,g1_tmoe_coarse_1e19,1e19,temporal,5,40,sequence,4,1982,4940,8353,1266,0.8391
g1_tmoe_coarse_1e19,g1_tmoe_coarse_1e19,1e19,temporal,5,41,sequence,4,1982,4940,8353,725,0.5679
g1_tmoe_coarse_1e19,g1_tmoe_coarse_1e19,1e19,temporal,5,42,sequence,4,1982,4940,8353,792,0.5593
g1_tmoe_coarse_1e19,g1_tmoe_coarse_1e19,1e19,temporal,5,43,sequence,4,1982,4940,8353,640,0.5046
g1_tmoe_coarse_1e19,g1_tmoe_coarse_1e19,1e19,temporal,5,44,sequence,4,1982,4940,8353,640,0.6449
g1_tmoe_coarse_1e19,g1_tmoe_coarse_1e19,1e19,temporal,5,45,sequence,4,1982,4940,8353,662,0.5825
g1_tmoe_coarse_1e19,g1_tmoe_coarse_1e19,1e19,temporal,5,46,sequence,4,1982,4940,8353,723,0.5533
g1_tmoe_coarse_1e19,g1_tmoe_coarse_1e19,1e19,temporal,5,47,sequence,4,1982,4940,8353,998,0.5866
g1_tmoe_coarse_1e19,g1_tmoe_coarse_1e19,1e19,temporal,5,48,sequence,4,1982,4940,8353,575,0.6847
g1_tmoe_coarse_1e19,g1_tmoe_coarse_1e19,1e19,temporal,5,49,sequence,4,1982,4940,8353,1153,0.8106
g1_tmoe_coarse_1e19,g1_tmoe_coarse_1e19,1e19,temporal,5,50,sequence,4,1982,4940,8353,707,0.5572
g1_tmoe_coarse_1e19,g1_tmoe_coarse_1e19,1e19,temporal,5,51,sequence,4,1982,4940,8353,748,0.5646
g1_tmoe_coarse_1e19,g1_tmoe_coarse_1e19,1e19,temporal,5,52,sequence,4,1982,4940,8353,555,0.5325
g1_tmoe_coarse_1e19,g1_tmoe_coarse_1e19,1e19,temporal,5,53,sequence,4,1982,4940,8353,573,0.6141
g1_tmoe_coarse_1e19,g1_tmoe_coarse_1e19,1e19,temporal,5,54,sequence,4,1982,4940,8353,937,0.5622
g1_tmoe_coarse_1e19,g1_tmoe_coarse_1e19,1e19,temporal,5,55,sequence,4,1982,4940,8353,509,0.5489
g1_tmoe_coarse_1e19,g1_tmoe_coarse_1e19,1e19,temporal,5,56,sequence,4,1982,4940,8353,672,0.6448
g1_tmoe_coarse_1e19,g1_tmoe_coarse_1e19,1e19,temporal,5,57,sequence,4,1982,4940,8353,675,0.6165
g1_tmoe_coarse_1e19,g1_tmoe_coarse_1e19,1e19,temporal,5,58,sequence,4,1982,4940,8353,816,0.5563
g1_tmoe_coarse_1e19,g1_tmoe_coarse_1e19,1e19,temporal,5,59,sequence,4,1982,4940,8353,722,0.5664
g1_tmoe_coarse_1e19,g1_tmoe_coarse_1e19,1e19,temporal,5,60,sequence,4,1982,4940,8353,773,0.7388
g1_tmoe_coarse_1e19,g1_tmoe_coarse_1e19,1e19,temporal,5,61,sequence,4,1982,4940,8353,635,0.6673
g1_tmoe_coarse_1e19,g1_tmoe_coarse_1e19,1e19,temporal,5,62,sequence,4,1982,4940,8353,706,0.5648
g1_tmoe_coarse_1e19,g1_tmoe_coarse_1e19,1e19,temporal,5,63,sequence,4,1982,4940,8353,731,0.5397
g1_tmoe_coarse_1e19,g1_tmoe_coarse_1e19,1e19,temporal,6,0,sequence,0,1,6,8017,754,0.5911
g1_tmoe_coarse_1e19,g1_tmoe_coarse_1e19,1e19,temporal,6,1,sequence,0,1,6,8017,436,0.5904
g1_tmoe_coarse_1e19,g1_tmoe_coarse_1e19,1e19,temporal,6,2,sequence,0,1,6,8017,756,0.5156
g1_tmoe_coarse_1e19,g1_tmoe_coarse_1e19,1e19,temporal,6,3,sequence,0,1,6,8017,840,0.5196
g1_tmoe_coarse_1e19,g1_tmoe_coarse_1e19,1e19,temporal,6,4,sequence,0,1,6,8017,837,0.5425
g1_tmoe_coarse_1e19,g1_tmoe_coarse_1e19,1e19,temporal,6,5,sequence,0,1,6,8017,813,0.5426
g1_tmoe_coarse_1e19,g1_tmoe_coarse_1e19,1e19,temporal,6,6,sequence,0,1,6,8017,567,0.5466
g1_tmoe_coarse_1e19,g1_tmoe_coarse_1e19,1e19,temporal,6,7,sequence,0,1,6,8017,697,0.541
g1_tmoe_coarse_1e19,g1_tmoe_coarse_1e19,1e19,temporal,6,8,sequence,0,1,6,8017,683,0.5307
g1_tmoe_coarse_1e19,g1_tmoe_coarse_1e19,1e19,temporal,6,9,sequence,0,1,6,8017,584,0.5182
g1_tmoe_coarse_1e19,g1_tmoe_coarse_1e19,1e19,temporal,6,10,sequence,0,1,6,8017,817,0.5821
g1_tmoe_coarse_1e19,g1_tmoe_coarse_1e19,1e19,temporal,6,11,sequence,0,1,6,8017,856,0.5052
g1_tmoe_coarse_1e19,g1_tmoe_coarse_1e19,1e19,temporal,6,12,sequence,0,1,6,8017,646,0.5003
g1_tmoe_coarse_1e19,g1_tmoe_coarse_1e19,1e19,temporal,6,13,sequence,0,1,6,8017,637,0.5559
g1_tmoe_coarse_1e19,g1_tmoe_coarse_1e19,1e19,temporal,6,14,sequence,0,1,6,8017,602,0.5302
g1_tmoe_coarse_1e19,g1_tmoe_coarse_1e19,1e19,temporal,6,15,sequence,0,1,6,8017,533,0.5106
g1_tmoe_coarse_1e19,g1_tmoe_coarse_1e19,1e19,temporal,6,16,sequence,0,1,6,8017,633,0.5368
g1_tmoe_coarse_1e19,g1_tmoe_coarse_1e19,1e19,temporal,6,17,sequence,0,1,6,8017,578,0.565
g1_tmoe_coarse_1e19,g1_tmoe_coarse_1e19,1e19,temporal,6,18,sequence,0,1,6,8017,1147,0.6073
g1_tmoe_coarse_1e19,g1_tmoe_coarse_1e19,1e19,temporal,6,19,sequence,0,1,6,8017,774,0.5268
g1_tmoe_coarse_1e19,g1_tmoe_coarse_1e19,1e19,temporal,6,20,sequence,0,1,6,8017,639,0.5199
g1_tmoe_coarse_1e19,g1_tmoe_coarse_1e19,1e19,temporal,6,21,sequence,0,1,6,8017,1033,0.5403
g1_tmoe_coarse_1e19,g1_tmoe_coarse_1e19,1e19,temporal,6,22,sequence,0,1,6,8017,800,0.5156
g1_tmoe_coarse_1e19,g1_tmoe_coarse_1e19,1e19,temporal,6,23,sequence,0,1,6,8017,722,0.5619
g1_tmoe_coarse_1e19,g1_tmoe_coarse_1e19,1e19,temporal,6,24,sequence,0,1,6,8017,873,0.5638
g1_tmoe_coarse_1e19,g1_tmoe_coarse_1e19,1e19,temporal,6,25,sequence,0,1,6,8017,811,0.5215
g1_tmoe_coarse_1e19,g1_tmoe_coarse_1e19,1e19,temporal,6,26,sequence,0,1,6,8017,808,0.5455
g1_tmoe_coarse_1e19,g1_tmoe_coarse_1e19,1e19,temporal,6,27,sequence,0,1,6,8017,578,0.5115
g1_tmoe_coarse_1e19,g1_tmoe_coarse_1e19,1e19,temporal,6,28,sequence,0,1,6,8017,587,0.5209
g1_tmoe_coarse_1e19,g1_tmoe_coarse_1e19,1e19,temporal,6,29,sequence,0,1,6,8017,827,0.5431
g1_tmoe_coarse_1e19,g1_tmoe_coarse_1e19,1e19,temporal,6,30,sequence,0,1,6,8017,818,0.5292
g1_tmoe_coarse_1e19,g1_tmoe_coarse_1e19,1e19,temporal,6,31,sequence,0,1,6,8017,923,0.5655
g1_tmoe_coarse_1e19,g1_tmoe_coarse_1e19,1e19,temporal,6,32,sequence,0,1,6,8017,691,0.5279
g1_tmoe_coarse_1e19,g1_tmoe_coarse_1e19,1e19,temporal,6,33,sequence,0,1,6,8017,436,0.5228
g1_tmoe_coarse_1e19,g1_tmoe_coarse_1e19,1e19,temporal,6,34,sequence,0,1,6,8017,589,0.549
g1_tmoe_coarse_1e19,g1_tmoe_coarse_1e19,1e19,temporal,6,35,sequence,0,1,6,8017,748,0.5413
g1_tmoe_coarse_1e19,g1_tmoe_coarse_1e19,1e19,temporal,6,36,sequence,0,1,6,8017,628,0.5656
g1_tmoe_coarse_1e19,g1_tmoe_coarse_1e19,1e19,temporal,6,37,sequence,0,1,6,8017,915,0.5755
g1_tmoe_coarse_1e19,g1_tmoe_coarse_1e19,1e19,temporal,6,38,sequence,0,1,6,8017,836,0.5276
g1_tmoe_coarse_1e19,g1_tmoe_coarse_1e19,1e19,temporal,6,39,sequence,0,1,6,8017,598,0.5361
g1_tmoe_coarse_1e19,g1_tmoe_coarse_1e19,1e19,temporal,6,40,sequence,0,1,6,8017,801,0.5273
g1_tmoe_coarse_1e19,g1_tmoe_coarse_1e19,1e19,temporal,6,41,sequence,0,1,6,8017,850,0.6006
g1_tmoe_coarse_1e19,g1_tmoe_coarse_1e19,1e19,temporal,6,42,sequence,0,1,6,8017,720,0.5388
g1_tmoe_coarse_1e19,g1_tmoe_coarse_1e19,1e19,temporal,6,43,sequence,0,1,6,8017,556,0.556
g1_tmoe_coarse_1e19,g1_tmoe_coarse_1e19,1e19,temporal,6,44,sequence,0,1,6,8017,1089,0.5785
g1_tmoe_coarse_1e19,g1_tmoe_coarse_1e19,1e19,temporal,6,45,sequence,0,1,6,8017,502,0.5294
g1_tmoe_coarse_1e19,g1_tmoe_coarse_1e19,1e19,temporal,6,46,sequence,0,1,6,8017,505,0.6091
g1_tmoe_coarse_1e19,g1_tmoe_coarse_1e19,1e19,temporal,6,47,sequence,0,1,6,8017,789,0.5487
g1_tmoe_coarse_1e19,g1_tmoe_coarse_1e19,1e19,temporal,6,48,sequence,0,1,6,8017,812,0.6045
g1_tmoe_coarse_1e19,g1_tmoe_coarse_1e19,1e19,temporal,6,49,sequence,0,1,6,8017,613,0.5329
g1_tmoe_coarse_1e19,g1_tmoe_coarse_1e19,1e19,temporal,6,50,sequence,0,1,6,8017,681,0.5169
g1_tmoe_coarse_1e19,g1_tmoe_coarse_1e19,1e19,temporal,6,51,sequence,0,1,6,8017,745,0.5407
g1_tmoe_coarse_1e19,g1_tmoe_coarse_1e19,1e19,temporal,6,52,sequence,0,1,6,8017,755,0.545
g1_tmoe_coarse_1e19,g1_tmoe_coarse_1e19,1e19,temporal,6,53,sequence,0,1,6,8017,926,0.562
g1_tmoe_coarse_1e19,g1_tmoe_coarse_1e19,1e19,temporal,6,54,sequence,0,1,6,8017,887,0.5096
g1_tmoe_coarse_1e19,g1_tmoe_coarse_1e19,1e19,temporal,6,55,sequence,0,1,6,8017,916,0.551
g1_tmoe_coarse_1e19,g1_tmoe_coarse_1e19,1e19,temporal,6,56,sequence,0,1,6,8017,1029,0.5827
g1_tmoe_coarse_1e19,g1_tmoe_coarse_1e19,1e19,temporal,6,57,sequence,0,1,6,8017,795,0.5623
g1_tmoe_coarse_1e19,g1_tmoe_coarse_1e19,1e19,temporal,6,58,sequence,0,1,6,8017,786,0.5269
g1_tmoe_coarse_1e19,g1_tmoe_coarse_1e19,1e19,temporal,6,59,sequence,0,1,6,8017,771,0.5621
g1_tmoe_coarse_1e19,g1_tmoe_coarse_1e19,1e19,temporal,6,60,sequence,0,1,6,8017,921,0.6379
g1_tmoe_coarse_1e19,g1_tmoe_coarse_1e19,1e19,temporal,6,61,sequence,0,1,6,8017,768,0.5753
g1_tmoe_coarse_1e19,g1_tmoe_coarse_1e19,1e19,temporal,6,62,sequence,0,1,6,8017,905,0.5081
g1_tmoe_coarse_1e19,g1_tmoe_coarse_1e19,1e19,temporal,6,63,sequence,0,1,6,8017,930,0.6115
g1_tmoe_coarse_1e19,g1_tmoe_coarse_1e19,1e19,temporal,6,0,sequence,1,6,32,7862,740,0.6033
g1_tmoe_coarse_1e19,g1_tmoe_coarse_1e19,1e19,temporal,6,1,sequence,1,6,32,7862,447,0.7108
g1_tmoe_coarse_1e19,g1_tmoe_coarse_1e19,1e19,temporal,6,2,sequence,1,6,32,7862,662,0.538
g1_tmoe_coarse_1e19,g1_tmoe_coarse_1e19,1e19,temporal,6,3,sequence,1,6,32,7862,744,0.5957
g1_tmoe_coarse_1e19,g1_tmoe_coarse_1e19,1e19,temporal,6,4,sequence,1,6,32,7862,949,0.544
g1_tmoe_coarse_1e19,g1_tmoe_coarse_1e19,1e19,temporal,6,5,sequence,1,6,32,7862,784,0.5547
g1_tmoe_coarse_1e19,g1_tmoe_coarse_1e19,1e19,temporal,6,6,sequence,1,6,32,7862,598,0.5714
g1_tmoe_coarse_1e19,g1_tmoe_coarse_1e19,1e19,temporal,6,7,sequence,1,6,32,7862,783,0.5315
g1_tmoe_coarse_1e19,g1_tmoe_coarse_1e19,1e19,temporal,6,8,sequence,1,6,32,7862,712,0.5676
g1_tmoe_coarse_1e19,g1_tmoe_coarse_1e19,1e19,temporal,6,9,sequence,1,6,32,7862,533,0.538
g1_tmoe_coarse_1e19,g1_tmoe_coarse_1e19,1e19,temporal,6,10,sequence,1,6,32,7862,869,0.6047
g1_tmoe_coarse_1e19,g1_tmoe_coarse_1e19,1e19,temporal,6,11,sequence,1,6,32,7862,739,0.5274
g1_tmoe_coarse_1e19,g1_tmoe_coarse_1e19,1e19,temporal,6,12,sequence,1,6,32,7862,677,0.5374
g1_tmoe_coarse_1e19,g1_tmoe_coarse_1e19,1e19,temporal,6,13,sequence,1,6,32,7862,687,0.5727
g1_tmoe_coarse_1e19,g1_tmoe_coarse_1e19,1e19,temporal,6,14,sequence,1,6,32,7862,694,0.5529
g1_tmoe_coarse_1e19,g1_tmoe_coarse_1e19,1e19,temporal,6,15,sequence,1,6,32,7862,646,0.5297
g1_tmoe_coarse_1e19,g1_tmoe_coarse_1e19,1e19,temporal,6,16,sequence,1,6,32,7862,679,0.562
g1_tmoe_coarse_1e19,g1_tmoe_coarse_1e19,1e19,temporal,6,17,sequence,1,6,32,7862,608,0.5857
g1_tmoe_coarse_1e19,g1_tmoe_coarse_1e19,1e19,temporal,6,18,sequence,1,6,32,7862,878,0.6487
g1_tmoe_coarse_1e19,g1_tmoe_coarse_1e19,1e19,temporal,6,19,sequence,1,6,32,7862,696,0.5605
g1_tmoe_coarse_1e19,g1_tmoe_coarse_1e19,1e19,temporal,6,20,sequence,1,6,32,7862,665,0.5381
g1_tmoe_coarse_1e19,g1_tmoe_coarse_1e19,1e19,temporal,6,21,sequence,1,6,32,7862,785,0.5658
g1_tmoe_coarse_1e19,g1_tmoe_coarse_1e19,1e19,temporal,6,22,sequence,1,6,32,7862,811,0.5246
g1_tmoe_coarse_1e19,g1_tmoe_coarse_1e19,1e19,temporal,6,23,sequence,1,6,32,7862,773,0.5982
g1_tmoe_coarse_1e19,g1_tmoe_coarse_1e19,1e19,temporal,6,24,sequence,1,6,32,7862,805,0.5922
g1_tmoe_coarse_1e19,g1_tmoe_coarse_1e19,1e19,temporal,6,25,sequence,1,6,32,7862,827,0.555
g1_tmoe_coarse_1e19,g1_tmoe_coarse_1e19,1e19,temporal,6,26,sequence,1,6,32,7862,851,0.569
g1_tmoe_coarse_1e19,g1_tmoe_coarse_1e19,1e19,temporal,6,27,sequence,1,6,32,7862,651,0.5325
g1_tmoe_coarse_1e19,g1_tmoe_coarse_1e19,1e19,temporal,6,28,sequence,1,6,32,7862,748,0.5403
g1_tmoe_coarse_1e19,g1_tmoe_coarse_1e19,1e19,temporal,6,29,sequence,1,6,32,7862,911,0.5304
g1_tmoe_coarse_1e19,g1_tmoe_coarse_1e19,1e19,temporal,6,30,sequence,1,6,32,7862,770,0.5379
g1_tmoe_coarse_1e19,g1_tmoe_coarse_1e19,1e19,temporal,6,31,sequence,1,6,32,7862,800,0.6244
g1_tmoe_coarse_1e19,g1_tmoe_coarse_1e19,1e19,temporal,6,32,sequence,1,6,32,7862,656,0.5669
g1_tmoe_coarse_1e19,g1_tmoe_coarse_1e19,1e19,temporal,6,33,sequence,1,6,32,7862,438,0.6062
g1_tmoe_coarse_1e19,g1_tmoe_coarse_1e19,1e19,temporal,6,34,sequence,1,6,32,7862,612,0.6227
g1_tmoe_coarse_1e19,g1_tmoe_coarse_1e19,1e19,temporal,6,35,sequence,1,6,32,7862,708,0.5852
g1_tmoe_coarse_1e19,g1_tmoe_coarse_1e19,1e19,temporal,6,36,sequence,1,6,32,7862,767,0.5893
g1_tmoe_coarse_1e19,g1_tmoe_coarse_1e19,1e19,temporal,6,37,sequence,1,6,32,7862,727,0.5944
g1_tmoe_coarse_1e19,g1_tmoe_coarse_1e19,1e19,temporal,6,38,sequence,1,6,32,7862,826,0.5348
g1_tmoe_coarse_1e19,g1_tmoe_coarse_1e19,1e19,temporal,6,39,sequence,1,6,32,7862,712,0.554
g1_tmoe_coarse_1e19,g1_tmoe_coarse_1e19,1e19,temporal,6,40,sequence,1,6,32,7862,880,0.5854
g1_tmoe_coarse_1e19,g1_tmoe_coarse_1e19,1e19,temporal,6,41,sequence,1,6,32,7862,672,0.6156
g1_tmoe_coarse_1e19,g1_tmoe_coarse_1e19,1e19,temporal,6,42,sequence,1,6,32,7862,702,0.5206
g1_tmoe_coarse_1e19,g1_tmoe_coarse_1e19,1e19,temporal,6,43,sequence,1,6,32,7862,611,0.5782
g1_tmoe_coarse_1e19,g1_tmoe_coarse_1e19,1e19,temporal,6,44,sequence,1,6,32,7862,990,0.5767
g1_tmoe_coarse_1e19,g1_tmoe_coarse_1e19,1e19,temporal,6,45,sequence,1,6,32,7862,613,0.5389
g1_tmoe_coarse_1e19,g1_tmoe_coarse_1e19,1e19,temporal,6,46,sequence,1,6,32,7862,441,0.6256
g1_tmoe_coarse_1e19,g1_tmoe_coarse_1e19,1e19,temporal,6,47,sequence,1,6,32,7862,779,0.5736
g1_tmoe_coarse_1e19,g1_tmoe_coarse_1e19,1e19,temporal,6,48,sequence,1,6,32,7862,640,0.6052
g1_tmoe_coarse_1e19,g1_tmoe_coarse_1e19,1e19,temporal,6,49,sequence,1,6,32,7862,584,0.5568
g1_tmoe_coarse_1e19,g1_tmoe_coarse_1e19,1e19,temporal,6,50,sequence,1,6,32,7862,724,0.5646
g1_tmoe_coarse_1e19,g1_tmoe_coarse_1e19,1e19,temporal,6,51,sequence,1,6,32,7862,756,0.5626
g1_tmoe_coarse_1e19,g1_tmoe_coarse_1e19,1e19,temporal,6,52,sequence,1,6,32,7862,725,0.5359
g1_tmoe_coarse_1e19,g1_tmoe_coarse_1e19,1e19,temporal,6,53,sequence,1,6,32,7862,879,0.554
g1_tmoe_coarse_1e19,g1_tmoe_coarse_1e19,1e19,temporal,6,54,sequence,1,6,32,7862,855,0.5358
g1_tmoe_coarse_1e19,g1_tmoe_coarse_1e19,1e19,temporal,6,55,sequence,1,6,32,7862,947,0.5696
g1_tmoe_coarse_1e19,g1_tmoe_coarse_1e19,1e19,temporal,6,56,sequence,1,6,32,7862,756,0.6057
g1_tmoe_coarse_1e19,g1_tmoe_coarse_1e19,1e19,temporal,6,57,sequence,1,6,32,7862,862,0.5731
g1_tmoe_coarse_1e19,g1_tmoe_coarse_1e19,1e19,temporal,6,58,sequence,1,6,32,7862,819,0.5689
g1_tmoe_coarse_1e19,g1_tmoe_coarse_1e19,1e19,temporal,6,59,sequence,1,6,32,7862,846,0.6242
g1_tmoe_coarse_1e19,g1_tmoe_coarse_1e19,1e19,temporal,6,60,sequence,1,6,32,7862,825,0.6297
g1_tmoe_coarse_1e19,g1_tmoe_coarse_1e19,1e19,temporal,6,61,sequence,1,6,32,7862,850,0.5559
g1_tmoe_coarse_1e19,g1_tmoe_coarse_1e19,1e19,temporal,6,62,sequence,1,6,32,7862,862,0.5516
g1_tmoe_coarse_1e19,g1_tmoe_coarse_1e19,1e19,temporal,6,63,sequence,1,6,32,7862,586,0.5779
g1_tmoe_coarse_1e19,g1_tmoe_coarse_1e19,1e19,temporal,6,0,sequence,2,32,221,7697,627,0.6247
g1_tmoe_coarse_1e19,g1_tmoe_coarse_1e19,1e19,temporal,6,1,sequence,2,32,221,7697,533,0.8072
g1_tmoe_coarse_1e19,g1_tmoe_coarse_1e19,1e19,temporal,6,2,sequence,2,32,221,7697,599,0.5603
g1_tmoe_coarse_1e19,g1_tmoe_coarse_1e19,1e19,temporal,6,3,sequence,2,32,221,7697,795,0.6543
g1_tmoe_coarse_1e19,g1_tmoe_coarse_1e19,1e19,temporal,6,4,sequence,2,32,221,7697,911,0.5849
g1_tmoe_coarse_1e19,g1_tmoe_coarse_1e19,1e19,temporal,6,5,sequence,2,32,221,7697,911,0.6606
g1_tmoe_coarse_1e19,g1_tmoe_coarse_1e19,1e19,temporal,6,6,sequence,2,32,221,7697,906,0.684
g1_tmoe_coarse_1e19,g1_tmoe_coarse_1e19,1e19,temporal,6,7,sequence,2,32,221,7697,776,0.5743
g1_tmoe_coarse_1e19,g1_tmoe_coarse_1e19,1e19,temporal,6,8,sequence,2,32,221,7697,788,0.6489
g1_tmoe_coarse_1e19,g1_tmoe_coarse_1e19,1e19,temporal,6,9,sequence,2,32,221,7697,513,0.5332
g1_tmoe_coarse_1e19,g1_tmoe_coarse_1e19,1e19,temporal,6,10,sequence,2,32,221,7697,546,0.6238
g1_tmoe_coarse_1e19,g1_tmoe_coarse_1e19,1e19,temporal,6,11,sequence,2,32,221,7697,573,0.5836
g1_tmoe_coarse_1e19,g1_tmoe_coarse_1e19,1e19,temporal,6,12,sequence,2,32,221,7697,622,0.5766
g1_tmoe_coarse_1e19,g1_tmoe_coarse_1e19,1e19,temporal,6,13,sequence,2,32,221,7697,708,0.6174
g1_tmoe_coarse_1e19,g1_tmoe_coarse_1e19,1e19,temporal,6,14,sequence,2,32,221,7697,676,0.6123
g1_tmoe_coarse_1e19,g1_tmoe_coarse_1e19,1e19,temporal,6,15,sequence,2,32,221,7697,756,0.5954
g1_tmoe_coarse_1e19,g1_tmoe_coarse_1e19,1e19,temporal,6,16,sequence,2,32,221,7697,861,0.6547
g1_tmoe_coarse_1e19,g1_tmoe_coarse_1e19,1e19,temporal,6,17,sequence,2,32,221,7697,592,0.6217
g1_tmoe_coarse_1e19,g1_tmoe_coarse_1e19,1e19,temporal,6,18,sequence,2,32,221,7697,767,0.6327
g1_tmoe_coarse_1e19,g1_tmoe_coarse_1e19,1e19,temporal,6,19,sequence,2,32,221,7697,564,0.599
g1_tmoe_coarse_1e19,g1_tmoe_coarse_1e19,1e19,temporal,6,20,sequence,2,32,221,7697,788,0.5856
g1_tmoe_coarse_1e19,g1_tmoe_coarse_1e19,1e19,temporal,6,21,sequence,2,32,221,7697,638,0.6528
g1_tmoe_coarse_1e19,g1_tmoe_coarse_1e19,1e19,temporal,6,22,sequence,2,32,221,7697,836,0.5682
g1_tmoe_coarse_1e19,g1_tmoe_coarse_1e19,1e19,temporal,6,23,sequence,2,32,221,7697,576,0.6085
g1_tmoe_coarse_1e19,g1_tmoe_coarse_1e19,1e19,temporal,6,24,sequence,2,32,221,7697,694,0.6344
g1_tmoe_coarse_1e19,g1_tmoe_coarse_1e19,1e19,temporal,6,25,sequence,2,32,221,7697,811,0.5714
g1_tmoe_coarse_1e19,g1_tmoe_coarse_1e19,1e19,temporal,6,26,sequence,2,32,221,7697,854,0.5772
g1_tmoe_coarse_1e19,g1_tmoe_coarse_1e19,1e19,temporal,6,27,sequence,2,32,221,7697,807,0.6068
g1_tmoe_coarse_1e19,g1_tmoe_coarse_1e19,1e19,temporal,6,28,sequence,2,32,221,7697,899,0.5951
g1_tmoe_coarse_1e19,g1_tmoe_coarse_1e19,1e19,temporal,6,29,sequence,2,32,221,7697,892,0.6143
g1_tmoe_coarse_1e19,g1_tmoe_coarse_1e19,1e19,temporal,6,30,sequence,2,32,221,7697,775,0.587
g1_tmoe_coarse_1e19,g1_tmoe_coarse_1e19,1e19,temporal,6,31,sequence,2,32,221,7697,827,0.6206
g1_tmoe_coarse_1e19,g1_tmoe_coarse_1e19,1e19,temporal,6,32,sequence,2,32,221,7697,616,0.5795
g1_tmoe_coarse_1e19,g1_tmoe_coarse_1e19,1e19,temporal,6,33,sequence,2,32,221,7697,657,0.7998
g1_tmoe_coarse_1e19,g1_tmoe_coarse_1e19,1e19,temporal,6,34,sequence,2,32,221,7697,473,0.7256
g1_tmoe_coarse_1e19,g1_tmoe_coarse_1e19,1e19,temporal,6,35,sequence,2,32,221,7697,637,0.7
g1_tmoe_coarse_1e19,g1_tmoe_coarse_1e19,1e19,temporal,6,36,sequence,2,32,221,7697,680,0.5745
g1_tmoe_coarse_1e19,g1_tmoe_coarse_1e19,1e19,temporal,6,37,sequence,2,32,221,7697,692,0.5797
g1_tmoe_coarse_1e19,g1_tmoe_coarse_1e19,1e19,temporal,6,38,sequence,2,32,221,7697,804,0.5848
g1_tmoe_coarse_1e19,g1_tmoe_coarse_1e19,1e19,temporal,6,39,sequence,2,32,221,7697,772,0.5674
g1_tmoe_coarse_1e19,g1_tmoe_coarse_1e19,1e19,temporal,6,40,sequence,2,32,221,7697,599,0.5688
g1_tmoe_coarse_1e19,g1_tmoe_coarse_1e19,1e19,temporal,6,41,sequence,2,32,221,7697,783,0.6465
g1_tmoe_coarse_1e19,g1_tmoe_coarse_1e19,1e19,temporal,6,42,sequence,2,32,221,7697,618,0.6021
g1_tmoe_coarse_1e19,g1_tmoe_coarse_1e19,1e19,temporal,6,43,sequence,2,32,221,7697,760,0.6381
g1_tmoe_coarse_1e19,g1_tmoe_coarse_1e19,1e19,temporal,6,44,sequence,2,32,221,7697,833,0.6269
g1_tmoe_coarse_1e19,g1_tmoe_coarse_1e19,1e19,temporal,6,45,sequence,2,32,221,7697,698,0.5998
g1_tmoe_coarse_1e19,g1_tmoe_coarse_1e19,1e19,temporal,6,46,sequence,2,32,221,7697,452,0.701
g1_tmoe_coarse_1e19,g1_tmoe_coarse_1e19,1e19,temporal,6,47,sequence,2,32,221,7697,550,0.6645
g1_tmoe_coarse_1e19,g1_tmoe_coarse_1e19,1e19,temporal,6,48,sequence,2,32,221,7697,535,0.6222
g1_tmoe_coarse_1e19,g1_tmoe_coarse_1e19,1e19,temporal,6,49,sequence,2,32,221,7697,620,0.6006
g1_tmoe_coarse_1e19,g1_tmoe_coarse_1e19,1e19,temporal,6,50,sequence,2,32,221,7697,752,0.6382
g1_tmoe_coarse_1e19,g1_tmoe_coarse_1e19,1e19,temporal,6,51,sequence,2,32,221,7697,749,0.6342
g1_tmoe_coarse_1e19,g1_tmoe_coarse_1e19,1e19,temporal,6,52,sequence,2,32,221,7697,820,0.6326
g1_tmoe_coarse_1e19,g1_tmoe_coarse_1e19,1e19,temporal,6,53,sequence,2,32,221,7697,1051,0.6444
g1_tmoe_coarse_1e19,g1_tmoe_coarse_1e19,1e19,temporal,6,54,sequence,2,32,221,7697,749,0.6425
g1_tmoe_coarse_1e19,g1_tmoe_coarse_1e19,1e19,temporal,6,55,sequence,2,32,221,7697,1005,0.6004
g1_tmoe_coarse_1e19,g1_tmoe_coarse_1e19,1e19,temporal,6,56,sequence,2,32,221,7697,596,0.6544
g1_tmoe_coarse_1e19,g1_tmoe_coarse_1e19,1e19,temporal,6,57,sequence,2,32,221,7697,734,0.6151
g1_tmoe_coarse_1e19,g1_tmoe_coarse_1e19,1e19,temporal,6,58,sequence,2,32,221,7697,950,0.6442
g1_tmoe_coarse_1e19,g1_tmoe_coarse_1e19,1e19,temporal,6,59,sequence,2,32,221,7697,555,0.6124
g1_tmoe_coarse_1e19,g1_tmoe_coarse_1e19,1e19,temporal,6,60,sequence,2,32,221,7697,798,0.6775
g1_tmoe_coarse_1e19,g1_tmoe_coarse_1e19,1e19,temporal,6,61,sequence,2,32,221,7697,900,0.6681
g1_tmoe_coarse_1e19,g1_tmoe_coarse_1e19,1e19,temporal,6,62,sequence,2,32,221,7697,649,0.5296
g1_tmoe_coarse_1e19,g1_tmoe_coarse_1e19,1e19,temporal,6,63,sequence,2,32,221,7697,674,0.7191
g1_tmoe_coarse_1e19,g1_tmoe_coarse_1e19,1e19,temporal,6,0,sequence,3,238,1429,6983,514,0.5662
g1_tmoe_coarse_1e19,g1_tmoe_coarse_1e19,1e19,temporal,6,1,sequence,3,238,1429,6983,308,0.8411
g1_tmoe_coarse_1e19,g1_tmoe_coarse_1e19,1e19,temporal,6,2,sequence,3,238,1429,6983,518,0.5806
g1_tmoe_coarse_1e19,g1_tmoe_coarse_1e19,1e19,temporal,6,3,sequence,3,238,1429,6983,693,0.7031
g1_tmoe_coarse_1e19,g1_tmoe_coarse_1e19,1e19,temporal,6,4,sequence,3,238,1429,6983,792,0.664
g1_tmoe_coarse_1e19,g1_tmoe_coarse_1e19,1e19,temporal,6,5,sequence,3,238,1429,6983,766,0.6539
g1_tmoe_coarse_1e19,g1_tmoe_coarse_1e19,1e19,temporal,6,6,sequence,3,238,1429,6983,819,0.7086
g1_tmoe_coarse_1e19,g1_tmoe_coarse_1e19,1e19,temporal,6,7,sequence,3,238,1429,6983,699,0.5679
g1_tmoe_coarse_1e19,g1_tmoe_coarse_1e19,1e19,temporal,6,8,sequence,3,238,1429,6983,828,0.6682
g1_tmoe_coarse_1e19,g1_tmoe_coarse_1e19,1e19,temporal,6,9,sequence,3,238,1429,6983,414,0.5041
g1_tmoe_coarse_1e19,g1_tmoe_coarse_1e19,1e19,temporal,6,10,sequence,3,238,1429,6983,549,0.5846
g1_tmoe_coarse_1e19,g1_tmoe_coarse_1e19,1e19,temporal,6,11,sequence,3,238,1429,6983,597,0.6435
g1_tmoe_coarse_1e19,g1_tmoe_coarse_1e19,1e19,temporal,6,12,sequence,3,238,1429,6983,953,0.747
g1_tmoe_coarse_1e19,g1_tmoe_coarse_1e19,1e19,temporal,6,13,sequence,3,238,1429,6983,793,0.7376
g1_tmoe_coarse_1e19,g1_tmoe_coarse_1e19,1e19,temporal,6,14,sequence,3,238,1429,6983,742,0.6926
g1_tmoe_coarse_1e19,g1_tmoe_coarse_1e19,1e19,temporal,6,15,sequence,3,238,1429,6983,781,0.6562
g1_tmoe_coarse_1e19,g1_tmoe_coarse_1e19,1e19,temporal,6,16,sequence,3,238,1429,6983,755,0.5856
g1_tmoe_coarse_1e19,g1_tmoe_coarse_1e19,1e19,temporal,6,17,sequence,3,238,1429,6983,460,0.5609
g1_tmoe_coarse_1e19,g1_tmoe_coarse_1e19,1e19,temporal,6,18,sequence,3,238,1429,6983,769,0.7486
g1_tmoe_coarse_1e19,g1_tmoe_coarse_1e19,1e19,temporal,6,19,sequence,3,238,1429,6983,476,0.5867
g1_tmoe_coarse_1e19,g1_tmoe_coarse_1e19,1e19,temporal,6,20,sequence,3,238,1429,6983,627,0.5479
g1_tmoe_coarse_1e19,g1_tmoe_coarse_1e19,1e19,temporal,6,21,sequence,3,238,1429,6983,725,0.7883
g1_tmoe_coarse_1e19,g1_tmoe_coarse_1e19,1e19,temporal,6,22,sequence,3,238,1429,6983,1060,0.7001
g1_tmoe_coarse_1e19,g1_tmoe_coarse_1e19,1e19,temporal,6,23,sequence,3,238,1429,6983,449,0.6336
g1_tmoe_coarse_1e19,g1_tmoe_coarse_1e19,1e19,temporal,6,24,sequence,3,238,1429,6983,560,0.6459
g1_tmoe_coarse_1e19,g1_tmoe_coarse_1e19,1e19,temporal,6,25,sequence,3,238,1429,6983,681,0.5592
g1_tmoe_coarse_1e19,g1_tmoe_coarse_1e19,1e19,temporal,6,26,sequence,3,238,1429,6983,758,0.5944
g1_tmoe_coarse_1e19,g1_tmoe_coarse_1e19,1e19,temporal,6,27,sequence,3,238,1429,6983,728,0.7222
g1_tmoe_coarse_1e19,g1_tmoe_coarse_1e19,1e19,temporal,6,28,sequence,3,238,1429,6983,747,0.6115
g1_tmoe_coarse_1e19,g1_tmoe_coarse_1e19,1e19,temporal,6,29,sequence,3,238,1429,6983,702,0.5882
g1_tmoe_coarse_1e19,g1_tmoe_coarse_1e19,1e19,temporal,6,30,sequence,3,238,1429,6983,747,0.6385
g1_tmoe_coarse_1e19,g1_tmoe_coarse_1e19,1e19,temporal,6,31,sequence,3,238,1429,6983,605,0.5538
g1_tmoe_coarse_1e19,g1_tmoe_coarse_1e19,1e19,temporal,6,32,sequence,3,238,1429,6983,474,0.5474
g1_tmoe_coarse_1e19,g1_tmoe_coarse_1e19,1e19,temporal,6,33,sequence,3,238,1429,6983,465,0.8377
g1_tmoe_coarse_1e19,g1_tmoe_coarse_1e19,1e19,temporal,6,34,sequence,3,238,1429,6983,345,0.7217
g1_tmoe_coarse_1e19,g1_tmoe_coarse_1e19,1e19,temporal,6,35,sequence,3,238,1429,6983,448,0.6795
g1_tmoe_coarse_1e19,g1_tmoe_coarse_1e19,1e19,temporal,6,36,sequence,3,238,1429,6983,613,0.5969
g1_tmoe_coarse_1e19,g1_tmoe_coarse_1e19,1e19,temporal,6,37,sequence,3,238,1429,6983,855,0.6945
g1_tmoe_coarse_1e19,g1_tmoe_coarse_1e19,1e19,temporal,6,38,sequence,3,238,1429,6983,623,0.5186
g1_tmoe_coarse_1e19,g1_tmoe_coarse_1e19,1e19,temporal,6,39,sequence,3,238,1429,6983,720,0.6275
g1_tmoe_coarse_1e19,g1_tmoe_coarse_1e19,1e19,temporal,6,40,sequence,3,238,1429,6983,621,0.6019
g1_tmoe_coarse_1e19,g1_tmoe_coarse_1e19,1e19,temporal,6,41,sequence,3,238,1429,6983,937,0.7436
g1_tmoe_coarse_1e19,g1_tmoe_coarse_1e19,1e19,temporal,6,42,sequence,3,238,1429,6983,507,0.5624
g1_tmoe_coarse_1e19,g1_tmoe_coarse_1e19,1e19,temporal,6,43,sequence,3,238,1429,6983,605,0.5581
g1_tmoe_coarse_1e19,g1_tmoe_coarse_1e19,1e19,temporal,6,44,sequence,3,238,1429,6983,820,0.6521
g1_tmoe_coarse_1e19,g1_tmoe_coarse_1e19,1e19,temporal,6,45,sequence,3,238,1429,6983,758,0.6459
g1_tmoe_coarse_1e19,g1_tmoe_coarse_1e19,1e19,temporal,6,46,sequence,3,238,1429,6983,488,0.7237
g1_tmoe_coarse_1e19,g1_tmoe_coarse_1e19,1e19,temporal,6,47,sequence,3,238,1429,6983,383,0.6544
g1_tmoe_coarse_1e19,g1_tmoe_coarse_1e19,1e19,temporal,6,48,sequence,3,238,1429,6983,487,0.6132
g1_tmoe_coarse_1e19,g1_tmoe_coarse_1e19,1e19,temporal,6,49,sequence,3,238,1429,6983,625,0.6072
g1_tmoe_coarse_1e19,g1_tmoe_coarse_1e19,1e19,temporal,6,50,sequence,3,238,1429,6983,565,0.5662
g1_tmoe_coarse_1e19,g1_tmoe_coarse_1e19,1e19,temporal,6,51,sequence,3,238,1429,6983,586,0.6356
g1_tmoe_coarse_1e19,g1_tmoe_coarse_1e19,1e19,temporal,6,52,sequence,3,238,1429,6983,696,0.5852
g1_tmoe_coarse_1e19,g1_tmoe_coarse_1e19,1e19,temporal,6,53,sequence,3,238,1429,6983,908,0.6214
g1_tmoe_coarse_1e19,g1_tmoe_coarse_1e19,1e19,temporal,6,54,sequence,3,238,1429,6983,652,0.6594
g1_tmoe_coarse_1e19,g1_tmoe_coarse_1e19,1e19,temporal,6,55,sequence,3,238,1429,6983,905,0.6048
g1_tmoe_coarse_1e19,g1_tmoe_coarse_1e19,1e19,temporal,6,56,sequence,3,238,1429,6983,498,0.6505
g1_tmoe_coarse_1e19,g1_tmoe_coarse_1e19,1e19,temporal,6,57,sequence,3,238,1429,6983,614,0.6414
g1_tmoe_coarse_1e19,g1_tmoe_coarse_1e19,1e19,temporal,6,58,sequence,3,238,1429,6983,712,0.5728
g1_tmoe_coarse_1e19,g1_tmoe_coarse_1e19,1e19,temporal,6,59,sequence,3,238,1429,6983,565,0.6046
g1_tmoe_coarse_1e19,g1_tmoe_coarse_1e19,1e19,temporal,6,60,sequence,3,238,1429,6983,681,0.6787
g1_tmoe_coarse_1e19,g1_tmoe_coarse_1e19,1e19,temporal,6,61,sequence,3,238,1429,6983,880,0.7046
g1_tmoe_coarse_1e19,g1_tmoe_coarse_1e19,1e19,temporal,6,62,sequence,3,238,1429,6983,705,0.6116
g1_tmoe_coarse_1e19,g1_tmoe_coarse_1e19,1e19,temporal,6,63,sequence,3,238,1429,6983,542,0.6765
g1_tmoe_coarse_1e19,g1_tmoe_coarse_1e19,1e19,temporal,6,0,sequence,4,1982,4940,8353,766,0.5466
g1_tmoe_coarse_1e19,g1_tmoe_coarse_1e19,1e19,temporal,6,1,sequence,4,1982,4940,8353,1658,0.9121
g1_tmoe_coarse_1e19,g1_tmoe_coarse_1e19,1e19,temporal,6,2,sequence,4,1982,4940,8353,687,0.5639
g1_tmoe_coarse_1e19,g1_tmoe_coarse_1e19,1e19,temporal,6,3,sequence,4,1982,4940,8353,585,0.715
g1_tmoe_coarse_1e19,g1_tmoe_coarse_1e19,1e19,temporal,6,4,sequence,4,1982,4940,8353,702,0.5112
g1_tmoe_coarse_1e19,g1_tmoe_coarse_1e19,1e19,temporal,6,5,sequence,4,1982,4940,8353,793,0.5895
g1_tmoe_coarse_1e19,g1_tmoe_coarse_1e19,1e19,temporal,6,6,sequence,4,1982,4940,8353,620,0.6066
g1_tmoe_coarse_1e19,g1_tmoe_coarse_1e19,1e19,temporal,6,7,sequence,4,1982,4940,8353,713,0.579
g1_tmoe_coarse_1e19,g1_tmoe_coarse_1e19,1e19,temporal,6,8,sequence,4,1982,4940,8353,598,0.6615
g1_tmoe_coarse_1e19,g1_tmoe_coarse_1e19,1e19,temporal,6,9,sequence,4,1982,4940,8353,514,0.5625
g1_tmoe_coarse_1e19,g1_tmoe_coarse_1e19,1e19,temporal,6,10,sequence,4,1982,4940,8353,813,0.6931
g1_tmoe_coarse_1e19,g1_tmoe_coarse_1e19,1e19,temporal,6,11,sequence,4,1982,4940,8353,659,0.5656
g1_tmoe_coarse_1e19,g1_tmoe_coarse_1e19,1e19,temporal,6,12,sequence,4,1982,4940,8353,589,0.6089
g1_tmoe_coarse_1e19,g1_tmoe_coarse_1e19,1e19,temporal,6,13,sequence,4,1982,4940,8353,645,0.5856
g1_tmoe_coarse_1e19,g1_tmoe_coarse_1e19,1e19,temporal,6,14,sequence,4,1982,4940,8353,606,0.5255
g1_tmoe_coarse_1e19,g1_tmoe_coarse_1e19,1e19,temporal,6,15,sequence,4,1982,4940,8353,676,0.5537
g1_tmoe_coarse_1e19,g1_tmoe_coarse_1e19,1e19,temporal,6,16,sequence,4,1982,4940,8353,619,0.5342
g1_tmoe_coarse_1e19,g1_tmoe_coarse_1e19,1e19,temporal,6,17,sequence,4,1982,4940,8353,607,0.5172
g1_tmoe_coarse_1e19,g1_tmoe_coarse_1e19,1e19,temporal,6,18,sequence,4,1982,4940,8353,678,0.6118
g1_tmoe_coarse_1e19,g1_tmoe_coarse_1e19,1e19,temporal,6,19,sequence,4,1982,4940,8353,857,0.6404
g1_tmoe_coarse_1e19,g1_tmoe_coarse_1e19,1e19,temporal,6,20,sequence,4,1982,4940,8353,551,0.5365
g1_tmoe_coarse_1e19,g1_tmoe_coarse_1e19,1e19,temporal,6,21,sequence,4,1982,4940,8353,576,0.6049
g1_tmoe_coarse_1e19,g1_tmoe_coarse_1e19,1e19,temporal,6,22,sequence,4,1982,4940,8353,669,0.5461
g1_tmoe_coarse_1e19,g1_tmoe_coarse_1e19,1e19,temporal,6,23,sequence,4,1982,4940,8353,583,0.635
g1_tmoe_coarse_1e19,g1_tmoe_coarse_1e19,1e19,temporal,6,24,sequence,4,1982,4940,8353,778,0.7153
g1_tmoe_coarse_1e19,g1_tmoe_coarse_1e19,1e19,temporal,6,25,sequence,4,1982,4940,8353,680,0.5998
g1_tmoe_coarse_1e19,g1_tmoe_coarse_1e19,1e19,temporal,6,26,sequence,4,1982,4940,8353,915,0.5553
g1_tmoe_coarse_1e19,g1_tmoe_coarse_1e19,1e19,temporal,6,27,sequence,4,1982,4940,8353,594,0.541
g1_tmoe_coarse_1e19,g1_tmoe_coarse_1e19,1e19,temporal,6,28,sequence,4,1982,4940,8353,743,0.5451
g1_tmoe_coarse_1e19,g1_tmoe_coarse_1e19,1e19,temporal,6,29,sequence,4,1982,4940,8353,836,0.5594
g1_tmoe_coarse_1e19,g1_tmoe_coarse_1e19,1e19,temporal,6,30,sequence,4,1982,4940,8353,741,0.5495
g1_tmoe_coarse_1e19,g1_tmoe_coarse_1e19,1e19,temporal,6,31,sequence,4,1982,4940,8353,929,0.5825
g1_tmoe_coarse_1e19,g1_tmoe_coarse_1e19,1e19,temporal,6,32,sequence,4,1982,4940,8353,616,0.531
g1_tmoe_coarse_1e19,g1_tmoe_coarse_1e19,1e19,temporal,6,33,sequence,4,1982,4940,8353,1724,0.9124
g1_tmoe_coarse_1e19,g1_tmoe_coarse_1e19,1e19,temporal,6,34,sequence,4,1982,4940,8353,1625,0.9132
g1_tmoe_coarse_1e19,g1_tmoe_coarse_1e19,1e19,temporal,6,35,sequence,4,1982,4940,8353,991,0.7321
g1_tmoe_coarse_1e19,g1_tmoe_coarse_1e19,1e19,temporal,6,36,sequence,4,1982,4940,8353,743,0.5647
g1_tmoe_coarse_1e19,g1_tmoe_coarse_1e19,1e19,temporal,6,37,sequence,4,1982,4940,8353,792,0.5707
g1_tmoe_coarse_1e19,g1_tmoe_coarse_1e19,1e19,temporal,6,38,sequence,4,1982,4940,8353,726,0.5429
g1_tmoe_coarse_1e19,g1_tmoe_coarse_1e19,1e19,temporal,6,39,sequence,4,1982,4940,8353,627,0.5526
g1_tmoe_coarse_1e19,g1_tmoe_coarse_1e19,1e19,temporal,6,40,sequence,4,1982,4940,8353,800,0.7057
g1_tmoe_coarse_1e19,g1_tmoe_coarse_1e19,1e19,temporal,6,41,sequence,4,1982,4940,8353,955,0.5503
g1_tmoe_coarse_1e19,g1_tmoe_coarse_1e19,1e19,temporal,6,42,sequence,4,1982,4940,8353,476,0.5143
g1_tmoe_coarse_1e19,g1_tmoe_coarse_1e19,1e19,temporal,6,43,sequence,4,1982,4940,8353,714,0.6436
g1_tmoe_coarse_1e19,g1_tmoe_coarse_1e19,1e19,temporal,6,44,sequence,4,1982,4940,8353,856,0.5861
g1_tmoe_coarse_1e19,g1_tmoe_coarse_1e19,1e19,temporal,6,45,sequence,4,1982,4940,8353,593,0.5614
g1_tmoe_coarse_1e19,g1_tmoe_coarse_1e19,1e19,temporal,6,46,sequence,4,1982,4940,8353,1532,0.87
g1_tmoe_coarse_1e19,g1_tmoe_coarse_1e19,1e19,temporal,6,47,sequence,4,1982,4940,8353,907,0.8207
g1_tmoe_coarse_1e19,g1_tmoe_coarse_1e19,1e19,temporal,6,48,sequence,4,1982,4940,8353,680,0.5487
g1_tmoe_coarse_1e19,g1_tmoe_coarse_1e19,1e19,temporal,6,49,sequence,4,1982,4940,8353,1186,0.8019
g1_tmoe_coarse_1e19,g1_tmoe_coarse_1e19,1e19,temporal,6,50,sequence,4,1982,4940,8353,709,0.5937
g1_tmoe_coarse_1e19,g1_tmoe_coarse_1e19,1e19,temporal,6,51,sequence,4,1982,4940,8353,735,0.5595
g1_tmoe_coarse_1e19,g1_tmoe_coarse_1e19,1e19,temporal,6,52,sequence,4,1982,4940,8353,716,0.5723
g1_tmoe_coarse_1e19,g1_tmoe_coarse_1e19,1e19,temporal,6,53,sequence,4,1982,4940,8353,707,0.522
g1_tmoe_coarse_1e19,g1_tmoe_coarse_1e19,1e19,temporal,6,54,sequence,4,1982,4940,8353,621,0.5601
g1_tmoe_coarse_1e19,g1_tmoe_coarse_1e19,1e19,temporal,6,55,sequence,4,1982,4940,8353,726,0.6218
g1_tmoe_coarse_1e19,g1_tmoe_coarse_1e19,1e19,temporal,6,56,sequence,4,1982,4940,8353,863,0.678
g1_tmoe_coarse_1e19,g1_tmoe_coarse_1e19,1e19,temporal,6,57,sequence,4,1982,4940,8353,816,0.5485
g1_tmoe_coarse_1e19,g1_tmoe_coarse_1e19,1e19,temporal,6,58,sequence,4,1982,4940,8353,757,0.583
g1_tmoe_coarse_1e19,g1_tmoe_coarse_1e19,1e19,temporal,6,59,sequence,4,1982,4940,8353,608,0.6254
g1_tmoe_coarse_1e19,g1_tmoe_coarse_1e19,1e19,temporal,6,60,sequence,4,1982,4940,8353,1077,0.7669
g1_tmoe_coarse_1e19,g1_tmoe_coarse_1e19,1e19,temporal,6,61,sequence,4,1982,4940,8353,680,0.6148
g1_tmoe_coarse_1e19,g1_tmoe_coarse_1e19,1e19,temporal,6,62,sequence,4,1982,4940,8353,775,0.5331
g1_tmoe_coarse_1e19,g1_tmoe_coarse_1e19,1e19,temporal,6,63,sequence,4,1982,4940,8353,805,0.6862
g1_tmoe_coarse_1e19,g1_tmoe_coarse_1e19,1e19,temporal,7,0,sequence,0,1,6,8017,757,0.5646
g1_tmoe_coarse_1e19,g1_tmoe_coarse_1e19,1e19,temporal,7,1,sequence,0,1,6,8017,540,0.5657
g1_tmoe_coarse_1e19,g1_tmoe_coarse_1e19,1e19,temporal,7,2,sequence,0,1,6,8017,786,0.538
g1_tmoe_coarse_1e19,g1_tmoe_coarse_1e19,1e19,temporal,7,3,sequence,0,1,6,8017,749,0.5576
g1_tmoe_coarse_1e19,g1_tmoe_coarse_1e19,1e19,temporal,7,4,sequence,0,1,6,8017,707,0.5125
g1_tmoe_coarse_1e19,g1_tmoe_coarse_1e19,1e19,temporal,7,5,sequence,0,1,6,8017,745,0.5151
g1_tmoe_coarse_1e19,g1_tmoe_coarse_1e19,1e19,temporal,7,6,sequence,0,1,6,8017,753,0.5181
g1_tmoe_coarse_1e19,g1_tmoe_coarse_1e19,1e19,temporal,7,7,sequence,0,1,6,8017,624,0.655
g1_tmoe_coarse_1e19,g1_tmoe_coarse_1e19,1e19,temporal,7,8,sequence,0,1,6,8017,837,0.5445
g1_tmoe_coarse_1e19,g1_tmoe_coarse_1e19,1e19,temporal,7,9,sequence,0,1,6,8017,699,0.5212
g1_tmoe_coarse_1e19,g1_tmoe_coarse_1e19,1e19,temporal,7,10,sequence,0,1,6,8017,737,0.5514
g1_tmoe_coarse_1e19,g1_tmoe_coarse_1e19,1e19,temporal,7,11,sequence,0,1,6,8017,688,0.5671
g1_tmoe_coarse_1e19,g1_tmoe_coarse_1e19,1e19,temporal,7,12,sequence,0,1,6,8017,825,0.5224
g1_tmoe_coarse_1e19,g1_tmoe_coarse_1e19,1e19,temporal,7,13,sequence,0,1,6,8017,782,0.5361
g1_tmoe_coarse_1e19,g1_tmoe_coarse_1e19,1e19,temporal,7,14,sequence,0,1,6,8017,834,0.5246
g1_tmoe_coarse_1e19,g1_tmoe_coarse_1e19,1e19,temporal,7,15,sequence,0,1,6,8017,1040,0.6194
g1_tmoe_coarse_1e19,g1_tmoe_coarse_1e19,1e19,temporal,7,16,sequence,0,1,6,8017,770,0.5267
g1_tmoe_coarse_1e19,g1_tmoe_coarse_1e19,1e19,temporal,7,17,sequence,0,1,6,8017,887,0.5889
g1_tmoe_coarse_1e19,g1_tmoe_coarse_1e19,1e19,temporal,7,18,sequence,0,1,6,8017,400,0.5772
g1_tmoe_coarse_1e19,g1_tmoe_coarse_1e19,1e19,temporal,7,19,sequence,0,1,6,8017,755,0.5903
g1_tmoe_coarse_1e19,g1_tmoe_coarse_1e19,1e19,temporal,7,20,sequence,0,1,6,8017,732,0.4961
g1_tmoe_coarse_1e19,g1_tmoe_coarse_1e19,1e19,temporal,7,21,sequence,0,1,6,8017,520,0.5196
g1_tmoe_coarse_1e19,g1_tmoe_coarse_1e19,1e19,temporal,7,22,sequence,0,1,6,8017,823,0.5153
g1_tmoe_coarse_1e19,g1_tmoe_coarse_1e19,1e19,temporal,7,23,sequence,0,1,6,8017,862,0.5164
g1_tmoe_coarse_1e19,g1_tmoe_coarse_1e19,1e19,temporal,7,24,sequence,0,1,6,8017,1082,0.6232
g1_tmoe_coarse_1e19,g1_tmoe_coarse_1e19,1e19,temporal,7,25,sequence,0,1,6,8017,617,0.5502
g1_tmoe_coarse_1e19,g1_tmoe_coarse_1e19,1e19,temporal,7,26,sequence,0,1,6,8017,641,0.5648
g1_tmoe_coarse_1e19,g1_tmoe_coarse_1e19,1e19,temporal,7,27,sequence,0,1,6,8017,827,0.5408
g1_tmoe_coarse_1e19,g1_tmoe_coarse_1e19,1e19,temporal,7,28,sequence,0,1,6,8017,786,0.5781
g1_tmoe_coarse_1e19,g1_tmoe_coarse_1e19,1e19,temporal,7,29,sequence,0,1,6,8017,757,0.526
g1_tmoe_coarse_1e19,g1_tmoe_coarse_1e19,1e19,temporal,7,30,sequence,0,1,6,8017,856,0.5081
g1_tmoe_coarse_1e19,g1_tmoe_coarse_1e19,1e19,temporal,7,31,sequence,0,1,6,8017,797,0.5815
g1_tmoe_coarse_1e19,g1_tmoe_coarse_1e19,1e19,temporal,7,32,sequence,0,1,6,8017,785,0.5791
g1_tmoe_coarse_1e19,g1_tmoe_coarse_1e19,1e19,temporal,7,33,sequence,0,1,6,8017,771,0.5244
g1_tmoe_coarse_1e19,g1_tmoe_coarse_1e19,1e19,temporal,7,34,sequence,0,1,6,8017,587,0.5497
g1_tmoe_coarse_1e19,g1_tmoe_coarse_1e19,1e19,temporal,7,35,sequence,0,1,6,8017,779,0.5326
g1_tmoe_coarse_1e19,g1_tmoe_coarse_1e19,1e19,temporal,7,36,sequence,0,1,6,8017,561,0.5125
g1_tmoe_coarse_1e19,g1_tmoe_coarse_1e19,1e19,temporal,7,37,sequence,0,1,6,8017,697,0.5732
g1_tmoe_coarse_1e19,g1_tmoe_coarse_1e19,1e19,temporal,7,38,sequence,0,1,6,8017,741,0.5569
g1_tmoe_coarse_1e19,g1_tmoe_coarse_1e19,1e19,temporal,7,39,sequence,0,1,6,8017,496,0.5422
g1_tmoe_coarse_1e19,g1_tmoe_coarse_1e19,1e19,temporal,7,40,sequence,0,1,6,8017,810,0.5969
g1_tmoe_coarse_1e19,g1_tmoe_coarse_1e19,1e19,temporal,7,41,sequence,0,1,6,8017,600,0.5797
g1_tmoe_coarse_1e19,g1_tmoe_coarse_1e19,1e19,temporal,7,42,sequence,0,1,6,8017,709,0.6022
g1_tmoe_coarse_1e19,g1_tmoe_coarse_1e19,1e19,temporal,7,43,sequence,0,1,6,8017,813,0.5248
g1_tmoe_coarse_1e19,g1_tmoe_coarse_1e19,1e19,temporal,7,44,sequence,0,1,6,8017,746,0.5419
g1_tmoe_coarse_1e19,g1_tmoe_coarse_1e19,1e19,temporal,7,45,sequence,0,1,6,8017,446,0.5352
g1_tmoe_coarse_1e19,g1_tmoe_coarse_1e19,1e19,temporal,7,46,sequence,0,1,6,8017,1111,0.6489
g1_tmoe_coarse_1e19,g1_tmoe_coarse_1e19,1e19,temporal,7,47,sequence,0,1,6,8017,758,0.5476
g1_tmoe_coarse_1e19,g1_tmoe_coarse_1e19,1e19,temporal,7,48,sequence,0,1,6,8017,731,0.5365
g1_tmoe_coarse_1e19,g1_tmoe_coarse_1e19,1e19,temporal,7,49,sequence,0,1,6,8017,693,0.5812
g1_tmoe_coarse_1e19,g1_tmoe_coarse_1e19,1e19,temporal,7,50,sequence,0,1,6,8017,601,0.56
g1_tmoe_coarse_1e19,g1_tmoe_coarse_1e19,1e19,temporal,7,51,sequence,0,1,6,8017,670,0.5506
g1_tmoe_coarse_1e19,g1_tmoe_coarse_1e19,1e19,temporal,7,52,sequence,0,1,6,8017,726,0.5691
g1_tmoe_coarse_1e19,g1_tmoe_coarse_1e19,1e19,temporal,7,53,sequence,0,1,6,8017,580,0.5673
g1_tmoe_coarse_1e19,g1_tmoe_coarse_1e19,1e19,temporal,7,54,sequence,0,1,6,8017,844,0.5495
g1_tmoe_coarse_1e19,g1_tmoe_coarse_1e19,1e19,temporal,7,55,sequence,0,1,6,8017,909,0.6565
g1_tmoe_coarse_1e19,g1_tmoe_coarse_1e19,1e19,temporal,7,56,sequence,0,1,6,8017,596,0.5504
g1_tmoe_coarse_1e19,g1_tmoe_coarse_1e19,1e19,temporal,7,57,sequence,0,1,6,8017,808,0.5804
g1_tmoe_coarse_1e19,g1_tmoe_coarse_1e19,1e19,temporal,7,58,sequence,0,1,6,8017,671,0.5851
g1_tmoe_coarse_1e19,g1_tmoe_coarse_1e19,1e19,temporal,7,59,sequence,0,1,6,8017,1223,0.6168
g1_tmoe_coarse_1e19,g1_tmoe_coarse_1e19,1e19,temporal,7,60,sequence,0,1,6,8017,1086,0.5849
g1_tmoe_coarse_1e19,g1_tmoe_coarse_1e19,1e19,temporal,7,61,sequence,0,1,6,8017,849,0.5324
g1_tmoe_coarse_1e19,g1_tmoe_coarse_1e19,1e19,temporal,7,62,sequence,0,1,6,8017,788,0.5352
g1_tmoe_coarse_1e19,g1_tmoe_coarse_1e19,1e19,temporal,7,63,sequence,0,1,6,8017,702,0.6053
g1_tmoe_coarse_1e19,g1_tmoe_coarse_1e19,1e19,temporal,7,0,sequence,1,6,32,7862,687,0.5849
g1_tmoe_coarse_1e19,g1_tmoe_coarse_1e19,1e19,temporal,7,1,sequence,1,6,32,7862,567,0.6419
g1_tmoe_coarse_1e19,g1_tmoe_coarse_1e19,1e19,temporal,7,2,sequence,1,6,32,7862,783,0.5573
g1_tmoe_coarse_1e19,g1_tmoe_coarse_1e19,1e19,temporal,7,3,sequence,1,6,32,7862,670,0.5869
g1_tmoe_coarse_1e19,g1_tmoe_coarse_1e19,1e19,temporal,7,4,sequence,1,6,32,7862,732,0.5481
g1_tmoe_coarse_1e19,g1_tmoe_coarse_1e19,1e19,temporal,7,5,sequence,1,6,32,7862,857,0.5466
g1_tmoe_coarse_1e19,g1_tmoe_coarse_1e19,1e19,temporal,7,6,sequence,1,6,32,7862,781,0.5574
g1_tmoe_coarse_1e19,g1_tmoe_coarse_1e19,1e19,temporal,7,7,sequence,1,6,32,7862,469,0.6438
g1_tmoe_coarse_1e19,g1_tmoe_coarse_1e19,1e19,temporal,7,8,sequence,1,6,32,7862,868,0.5441
g1_tmoe_coarse_1e19,g1_tmoe_coarse_1e19,1e19,temporal,7,9,sequence,1,6,32,7862,671,0.5386
g1_tmoe_coarse_1e19,g1_tmoe_coarse_1e19,1e19,temporal,7,10,sequence,1,6,32,7862,820,0.5864
g1_tmoe_coarse_1e19,g1_tmoe_coarse_1e19,1e19,temporal,7,11,sequence,1,6,32,7862,741,0.5918
g1_tmoe_coarse_1e19,g1_tmoe_coarse_1e19,1e19,temporal,7,12,sequence,1,6,32,7862,876,0.5391
g1_tmoe_coarse_1e19,g1_tmoe_coarse_1e19,1e19,temporal,7,13,sequence,1,6,32,7862,743,0.602
g1_tmoe_coarse_1e19,g1_tmoe_coarse_1e19,1e19,temporal,7,14,sequence,1,6,32,7862,854,0.5658
g1_tmoe_coarse_1e19,g1_tmoe_coarse_1e19,1e19,temporal,7,15,sequence,1,6,32,7862,693,0.6123
g1_tmoe_coarse_1e19,g1_tmoe_coarse_1e19,1e19,temporal,7,16,sequence,1,6,32,7862,795,0.5657
g1_tmoe_coarse_1e19,g1_tmoe_coarse_1e19,1e19,temporal,7,17,sequence,1,6,32,7862,903,0.5779
g1_tmoe_coarse_1e19,g1_tmoe_coarse_1e19,1e19,temporal,7,18,sequence,1,6,32,7862,421,0.6707
g1_tmoe_coarse_1e19,g1_tmoe_coarse_1e19,1e19,temporal,7,19,sequence,1,6,32,7862,616,0.6186
g1_tmoe_coarse_1e19,g1_tmoe_coarse_1e19,1e19,temporal,7,20,sequence,1,6,32,7862,722,0.5372
g1_tmoe_coarse_1e19,g1_tmoe_coarse_1e19,1e19,temporal,7,21,sequence,1,6,32,7862,567,0.5488
g1_tmoe_coarse_1e19,g1_tmoe_coarse_1e19,1e19,temporal,7,22,sequence,1,6,32,7862,749,0.554
g1_tmoe_coarse_1e19,g1_tmoe_coarse_1e19,1e19,temporal,7,23,sequence,1,6,32,7862,888,0.5453
g1_tmoe_coarse_1e19,g1_tmoe_coarse_1e19,1e19,temporal,7,24,sequence,1,6,32,7862,786,0.6636
g1_tmoe_coarse_1e19,g1_tmoe_coarse_1e19,1e19,temporal,7,25,sequence,1,6,32,7862,678,0.5518
g1_tmoe_coarse_1e19,g1_tmoe_coarse_1e19,1e19,temporal,7,26,sequence,1,6,32,7862,659,0.6177
g1_tmoe_coarse_1e19,g1_tmoe_coarse_1e19,1e19,temporal,7,27,sequence,1,6,32,7862,717,0.5604
g1_tmoe_coarse_1e19,g1_tmoe_coarse_1e19,1e19,temporal,7,28,sequence,1,6,32,7862,866,0.6106
g1_tmoe_coarse_1e19,g1_tmoe_coarse_1e19,1e19,temporal,7,29,sequence,1,6,32,7862,829,0.558
g1_tmoe_coarse_1e19,g1_tmoe_coarse_1e19,1e19,temporal,7,30,sequence,1,6,32,7862,829,0.5473
g1_tmoe_coarse_1e19,g1_tmoe_coarse_1e19,1e19,temporal,7,31,sequence,1,6,32,7862,692,0.5816
g1_tmoe_coarse_1e19,g1_tmoe_coarse_1e19,1e19,temporal,7,32,sequence,1,6,32,7862,913,0.5743
g1_tmoe_coarse_1e19,g1_tmoe_coarse_1e19,1e19,temporal,7,33,sequence,1,6,32,7862,724,0.557
g1_tmoe_coarse_1e19,g1_tmoe_coarse_1e19,1e19,temporal,7,34,sequence,1,6,32,7862,631,0.5994
g1_tmoe_coarse_1e19,g1_tmoe_coarse_1e19,1e19,temporal,7,35,sequence,1,6,32,7862,812,0.5888
g1_tmoe_coarse_1e19,g1_tmoe_coarse_1e19,1e19,temporal,7,36,sequence,1,6,32,7862,618,0.5143
g1_tmoe_coarse_1e19,g1_tmoe_coarse_1e19,1e19,temporal,7,37,sequence,1,6,32,7862,786,0.5379
g1_tmoe_coarse_1e19,g1_tmoe_coarse_1e19,1e19,temporal,7,38,sequence,1,6,32,7862,868,0.6071
g1_tmoe_coarse_1e19,g1_tmoe_coarse_1e19,1e19,temporal,7,39,sequence,1,6,32,7862,601,0.602
g1_tmoe_coarse_1e19,g1_tmoe_coarse_1e19,1e19,temporal,7,40,sequence,1,6,32,7862,876,0.6403
g1_tmoe_coarse_1e19,g1_tmoe_coarse_1e19,1e19,temporal,7,41,sequence,1,6,32,7862,597,0.5853
g1_tmoe_coarse_1e19,g1_tmoe_coarse_1e19,1e19,temporal,7,42,sequence,1,6,32,7862,616,0.6246
g1_tmoe_coarse_1e19,g1_tmoe_coarse_1e19,1e19,temporal,7,43,sequence,1,6,32,7862,770,0.5523
g1_tmoe_coarse_1e19,g1_tmoe_coarse_1e19,1e19,temporal,7,44,sequence,1,6,32,7862,764,0.5965
g1_tmoe_coarse_1e19,g1_tmoe_coarse_1e19,1e19,temporal,7,45,sequence,1,6,32,7862,526,0.6086
g1_tmoe_coarse_1e19,g1_tmoe_coarse_1e19,1e19,temporal,7,46,sequence,1,6,32,7862,920,0.6552
g1_tmoe_coarse_1e19,g1_tmoe_coarse_1e19,1e19,temporal,7,47,sequence,1,6,32,7862,636,0.5934
g1_tmoe_coarse_1e19,g1_tmoe_coarse_1e19,1e19,temporal,7,48,sequence,1,6,32,7862,813,0.579
g1_tmoe_coarse_1e19,g1_tmoe_coarse_1e19,1e19,temporal,7,49,sequence,1,6,32,7862,598,0.615
g1_tmoe_coarse_1e19,g1_tmoe_coarse_1e19,1e19,temporal,7,50,sequence,1,6,32,7862,688,0.5941
g1_tmoe_coarse_1e19,g1_tmoe_coarse_1e19,1e19,temporal,7,51,sequence,1,6,32,7862,704,0.565
g1_tmoe_coarse_1e19,g1_tmoe_coarse_1e19,1e19,temporal,7,52,sequence,1,6,32,7862,703,0.5637
g1_tmoe_coarse_1e19,g1_tmoe_coarse_1e19,1e19,temporal,7,53,sequence,1,6,32,7862,645,0.5748
g1_tmoe_coarse_1e19,g1_tmoe_coarse_1e19,1e19,temporal,7,54,sequence,1,6,32,7862,714,0.5857
g1_tmoe_coarse_1e19,g1_tmoe_coarse_1e19,1e19,temporal,7,55,sequence,1,6,32,7862,828,0.6602
g1_tmoe_coarse_1e19,g1_tmoe_coarse_1e19,1e19,temporal,7,56,sequence,1,6,32,7862,660,0.5733
g1_tmoe_coarse_1e19,g1_tmoe_coarse_1e19,1e19,temporal,7,57,sequence,1,6,32,7862,613,0.593
g1_tmoe_coarse_1e19,g1_tmoe_coarse_1e19,1e19,temporal,7,58,sequence,1,6,32,7862,605,0.5669
g1_tmoe_coarse_1e19,g1_tmoe_coarse_1e19,1e19,temporal,7,59,sequence,1,6,32,7862,1124,0.6179
g1_tmoe_coarse_1e19,g1_tmoe_coarse_1e19,1e19,temporal,7,60,sequence,1,6,32,7862,1049,0.5898
g1_tmoe_coarse_1e19,g1_tmoe_coarse_1e19,1e19,temporal,7,61,sequence,1,6,32,7862,732,0.5502
g1_tmoe_coarse_1e19,g1_tmoe_coarse_1e19,1e19,temporal,7,62,sequence,1,6,32,7862,743,0.5516
g1_tmoe_coarse_1e19,g1_tmoe_coarse_1e19,1e19,temporal,7,63,sequence,1,6,32,7862,766,0.6339
g1_tmoe_coarse_1e19,g1_tmoe_coarse_1e19,1e19,temporal,7,0,sequence,2,32,221,7697,771,0.5558
g1_tmoe_coarse_1e19,g1_tmoe_coarse_1e19,1e19,temporal,7,1,sequence,2,32,221,7697,567,0.5662
g1_tmoe_coarse_1e19,g1_tmoe_coarse_1e19,1e19,temporal,7,2,sequence,2,32,221,7697,884,0.62
g1_tmoe_coarse_1e19,g1_tmoe_coarse_1e19,1e19,temporal,7,3,sequence,2,32,221,7697,678,0.7007
g1_tmoe_coarse_1e19,g1_tmoe_coarse_1e19,1e19,temporal,7,4,sequence,2,32,221,7697,747,0.5839
g1_tmoe_coarse_1e19,g1_tmoe_coarse_1e19,1e19,temporal,7,5,sequence,2,32,221,7697,1000,0.6203
g1_tmoe_coarse_1e19,g1_tmoe_coarse_1e19,1e19,temporal,7,6,sequence,2,32,221,7697,906,0.6058
g1_tmoe_coarse_1e19,g1_tmoe_coarse_1e19,1e19,temporal,7,7,sequence,2,32,221,7697,303,0.5615
g1_tmoe_coarse_1e19,g1_tmoe_coarse_1e19,1e19,temporal,7,8,sequence,2,32,221,7697,902,0.5985
g1_tmoe_coarse_1e19,g1_tmoe_coarse_1e19,1e19,temporal,7,9,sequence,2,32,221,7697,749,0.5538
g1_tmoe_coarse_1e19,g1_tmoe_coarse_1e19,1e19,temporal,7,10,sequence,2,32,221,7697,739,0.5806
g1_tmoe_coarse_1e19,g1_tmoe_coarse_1e19,1e19,temporal,7,11,sequence,2,32,221,7697,872,0.606
g1_tmoe_coarse_1e19,g1_tmoe_coarse_1e19,1e19,temporal,7,12,sequence,2,32,221,7697,813,0.6425
g1_tmoe_coarse_1e19,g1_tmoe_coarse_1e19,1e19,temporal,7,13,sequence,2,32,221,7697,567,0.6319
g1_tmoe_coarse_1e19,g1_tmoe_coarse_1e19,1e19,temporal,7,14,sequence,2,32,221,7697,715,0.6396
g1_tmoe_coarse_1e19,g1_tmoe_coarse_1e19,1e19,temporal,7,15,sequence,2,32,221,7697,602,0.6738
g1_tmoe_coarse_1e19,g1_tmoe_coarse_1e19,1e19,temporal,7,16,sequence,2,32,221,7697,883,0.6506
g1_tmoe_coarse_1e19,g1_tmoe_coarse_1e19,1e19,temporal,7,17,sequence,2,32,221,7697,729,0.5648
g1_tmoe_coarse_1e19,g1_tmoe_coarse_1e19,1e19,temporal,7,18,sequence,2,32,221,7697,584,0.8024
g1_tmoe_coarse_1e19,g1_tmoe_coarse_1e19,1e19,temporal,7,19,sequence,2,32,221,7697,454,0.5833
g1_tmoe_coarse_1e19,g1_tmoe_coarse_1e19,1e19,temporal,7,20,sequence,2,32,221,7697,934,0.6479
g1_tmoe_coarse_1e19,g1_tmoe_coarse_1e19,1e19,temporal,7,21,sequence,2,32,221,7697,793,0.6838
g1_tmoe_coarse_1e19,g1_tmoe_coarse_1e19,1e19,temporal,7,22,sequence,2,32,221,7697,739,0.5829
g1_tmoe_coarse_1e19,g1_tmoe_coarse_1e19,1e19,temporal,7,23,sequence,2,32,221,7697,851,0.6069
g1_tmoe_coarse_1e19,g1_tmoe_coarse_1e19,1e19,temporal,7,24,sequence,2,32,221,7697,498,0.6445
g1_tmoe_coarse_1e19,g1_tmoe_coarse_1e19,1e19,temporal,7,25,sequence,2,32,221,7697,968,0.6546
g1_tmoe_coarse_1e19,g1_tmoe_coarse_1e19,1e19,temporal,7,26,sequence,2,32,221,7697,626,0.653
g1_tmoe_coarse_1e19,g1_tmoe_coarse_1e19,1e19,temporal,7,27,sequence,2,32,221,7697,725,0.6115
g1_tmoe_coarse_1e19,g1_tmoe_coarse_1e19,1e19,temporal,7,28,sequence,2,32,221,7697,654,0.6337
g1_tmoe_coarse_1e19,g1_tmoe_coarse_1e19,1e19,temporal,7,29,sequence,2,32,221,7697,1006,0.5955
g1_tmoe_coarse_1e19,g1_tmoe_coarse_1e19,1e19,temporal,7,30,sequence,2,32,221,7697,713,0.5734
g1_tmoe_coarse_1e19,g1_tmoe_coarse_1e19,1e19,temporal,7,31,sequence,2,32,221,7697,705,0.5877
g1_tmoe_coarse_1e19,g1_tmoe_coarse_1e19,1e19,temporal,7,32,sequence,2,32,221,7697,952,0.6015
g1_tmoe_coarse_1e19,g1_tmoe_coarse_1e19,1e19,temporal,7,33,sequence,2,32,221,7697,769,0.6768
g1_tmoe_coarse_1e19,g1_tmoe_coarse_1e19,1e19,temporal,7,34,sequence,2,32,221,7697,381,0.6676
g1_tmoe_coarse_1e19,g1_tmoe_coarse_1e19,1e19,temporal,7,35,sequence,2,32,221,7697,663,0.6235
g1_tmoe_coarse_1e19,g1_tmoe_coarse_1e19,1e19,temporal,7,36,sequence,2,32,221,7697,659,0.6121
g1_tmoe_coarse_1e19,g1_tmoe_coarse_1e19,1e19,temporal,7,37,sequence,2,32,221,7697,822,0.621
g1_tmoe_coarse_1e19,g1_tmoe_coarse_1e19,1e19,temporal,7,38,sequence,2,32,221,7697,754,0.6095
g1_tmoe_coarse_1e19,g1_tmoe_coarse_1e19,1e19,temporal,7,39,sequence,2,32,221,7697,684,0.6308
g1_tmoe_coarse_1e19,g1_tmoe_coarse_1e19,1e19,temporal,7,40,sequence,2,32,221,7697,677,0.6775
g1_tmoe_coarse_1e19,g1_tmoe_coarse_1e19,1e19,temporal,7,41,sequence,2,32,221,7697,560,0.6365
g1_tmoe_coarse_1e19,g1_tmoe_coarse_1e19,1e19,temporal,7,42,sequence,2,32,221,7697,536,0.5649
g1_tmoe_coarse_1e19,g1_tmoe_coarse_1e19,1e19,temporal,7,43,sequence,2,32,221,7697,652,0.5683
g1_tmoe_coarse_1e19,g1_tmoe_coarse_1e19,1e19,temporal,7,44,sequence,2,32,221,7697,772,0.649
g1_tmoe_coarse_1e19,g1_tmoe_coarse_1e19,1e19,temporal,7,45,sequence,2,32,221,7697,793,0.6655
g1_tmoe_coarse_1e19,g1_tmoe_coarse_1e19,1e19,temporal,7,46,sequence,2,32,221,7697,784,0.6243
g1_tmoe_coarse_1e19,g1_tmoe_coarse_1e19,1e19,temporal,7,47,sequence,2,32,221,7697,665,0.6243
g1_tmoe_coarse_1e19,g1_tmoe_coarse_1e19,1e19,temporal,7,48,sequence,2,32,221,7697,990,0.6596
g1_tmoe_coarse_1e19,g1_tmoe_coarse_1e19,1e19,temporal,7,49,sequence,2,32,221,7697,626,0.6834
g1_tmoe_coarse_1e19,g1_tmoe_coarse_1e19,1e19,temporal,7,50,sequence,2,32,221,7697,876,0.629
g1_tmoe_coarse_1e19,g1_tmoe_coarse_1e19,1e19,temporal,7,51,sequence,2,32,221,7697,699,0.6193
g1_tmoe_coarse_1e19,g1_tmoe_coarse_1e19,1e19,temporal,7,52,sequence,2,32,221,7697,608,0.6334
g1_tmoe_coarse_1e19,g1_tmoe_coarse_1e19,1e19,temporal,7,53,sequence,2,32,221,7697,810,0.6769
g1_tmoe_coarse_1e19,g1_tmoe_coarse_1e19,1e19,temporal,7,54,sequence,2,32,221,7697,531,0.5243
g1_tmoe_coarse_1e19,g1_tmoe_coarse_1e19,1e19,temporal,7,55,sequence,2,32,221,7697,611,0.5901
g1_tmoe_coarse_1e19,g1_tmoe_coarse_1e19,1e19,temporal,7,56,sequence,2,32,221,7697,748,0.6776
g1_tmoe_coarse_1e19,g1_tmoe_coarse_1e19,1e19,temporal,7,57,sequence,2,32,221,7697,489,0.5602
g1_tmoe_coarse_1e19,g1_tmoe_coarse_1e19,1e19,temporal,7,58,sequence,2,32,221,7697,710,0.6454
g1_tmoe_coarse_1e19,g1_tmoe_coarse_1e19,1e19,temporal,7,59,sequence,2,32,221,7697,765,0.5968
g1_tmoe_coarse_1e19,g1_tmoe_coarse_1e19,1e19,temporal,7,60,sequence,2,32,221,7697,936,0.6139
g1_tmoe_coarse_1e19,g1_tmoe_coarse_1e19,1e19,temporal,7,61,sequence,2,32,221,7697,570,0.5419
g1_tmoe_coarse_1e19,g1_tmoe_coarse_1e19,1e19,temporal,7,62,sequence,2,32,221,7697,663,0.6019
g1_tmoe_coarse_1e19,g1_tmoe_coarse_1e19,1e19,temporal,7,63,sequence,2,32,221,7697,750,0.6177
g1_tmoe_coarse_1e19,g1_tmoe_coarse_1e19,1e19,temporal,7,0,sequence,3,238,1429,6983,619,0.5286
g1_tmoe_coarse_1e19,g1_tmoe_coarse_1e19,1e19,temporal,7,1,sequence,3,238,1429,6983,463,0.53
g1_tmoe_coarse_1e19,g1_tmoe_coarse_1e19,1e19,temporal,7,2,sequence,3,238,1429,6983,762,0.6022
g1_tmoe_coarse_1e19,g1_tmoe_coarse_1e19,1e19,temporal,7,3,sequence,3,238,1429,6983,419,0.5988
g1_tmoe_coarse_1e19,g1_tmoe_coarse_1e19,1e19,temporal,7,4,sequence,3,238,1429,6983,494,0.5445
g1_tmoe_coarse_1e19,g1_tmoe_coarse_1e19,1e19,temporal,7,5,sequence,3,238,1429,6983,784,0.6158
g1_tmoe_coarse_1e19,g1_tmoe_coarse_1e19,1e19,temporal,7,6,sequence,3,238,1429,6983,689,0.6141
g1_tmoe_coarse_1e19,g1_tmoe_coarse_1e19,1e19,temporal,7,7,sequence,3,238,1429,6983,304,0.5559
g1_tmoe_coarse_1e19,g1_tmoe_coarse_1e19,1e19,temporal,7,8,sequence,3,238,1429,6983,766,0.639
g1_tmoe_coarse_1e19,g1_tmoe_coarse_1e19,1e19,temporal,7,9,sequence,3,238,1429,6983,749,0.6613
g1_tmoe_coarse_1e19,g1_tmoe_coarse_1e19,1e19,temporal,7,10,sequence,3,238,1429,6983,639,0.58
g1_tmoe_coarse_1e19,g1_tmoe_coarse_1e19,1e19,temporal,7,11,sequence,3,238,1429,6983,634,0.6104
g1_tmoe_coarse_1e19,g1_tmoe_coarse_1e19,1e19,temporal,7,12,sequence,3,238,1429,6983,774,0.6875
g1_tmoe_coarse_1e19,g1_tmoe_coarse_1e19,1e19,temporal,7,13,sequence,3,238,1429,6983,626,0.6266
g1_tmoe_coarse_1e19,g1_tmoe_coarse_1e19,1e19,temporal,7,14,sequence,3,238,1429,6983,497,0.5464
g1_tmoe_coarse_1e19,g1_tmoe_coarse_1e19,1e19,temporal,7,15,sequence,3,238,1429,6983,566,0.6708
g1_tmoe_coarse_1e19,g1_tmoe_coarse_1e19,1e19,temporal,7,16,sequence,3,238,1429,6983,785,0.6395
g1_tmoe_coarse_1e19,g1_tmoe_coarse_1e19,1e19,temporal,7,17,sequence,3,238,1429,6983,736,0.5909
g1_tmoe_coarse_1e19,g1_tmoe_coarse_1e19,1e19,temporal,7,18,sequence,3,238,1429,6983,529,0.8313
g1_tmoe_coarse_1e19,g1_tmoe_coarse_1e19,1e19,temporal,7,19,sequence,3,238,1429,6983,481,0.6486
g1_tmoe_coarse_1e19,g1_tmoe_coarse_1e19,1e19,temporal,7,20,sequence,3,238,1429,6983,668,0.5782
g1_tmoe_coarse_1e19,g1_tmoe_coarse_1e19,1e19,temporal,7,21,sequence,3,238,1429,6983,745,0.6886
g1_tmoe_coarse_1e19,g1_tmoe_coarse_1e19,1e19,temporal,7,22,sequence,3,238,1429,6983,720,0.6425
g1_tmoe_coarse_1e19,g1_tmoe_coarse_1e19,1e19,temporal,7,23,sequence,3,238,1429,6983,598,0.5779
g1_tmoe_coarse_1e19,g1_tmoe_coarse_1e19,1e19,temporal,7,24,sequence,3,238,1429,6983,495,0.6749
g1_tmoe_coarse_1e19,g1_tmoe_coarse_1e19,1e19,temporal,7,25,sequence,3,238,1429,6983,1029,0.7434
g1_tmoe_coarse_1e19,g1_tmoe_coarse_1e19,1e19,temporal,7,26,sequence,3,238,1429,6983,581,0.6914
g1_tmoe_coarse_1e19,g1_tmoe_coarse_1e19,1e19,temporal,7,27,sequence,3,238,1429,6983,780,0.6699
g1_tmoe_coarse_1e19,g1_tmoe_coarse_1e19,1e19,temporal,7,28,sequence,3,238,1429,6983,698,0.6932
g1_tmoe_coarse_1e19,g1_tmoe_coarse_1e19,1e19,temporal,7,29,sequence,3,238,1429,6983,1144,0.7079
g1_tmoe_coarse_1e19,g1_tmoe_coarse_1e19,1e19,temporal,7,30,sequence,3,238,1429,6983,588,0.5285
g1_tmoe_coarse_1e19,g1_tmoe_coarse_1e19,1e19,temporal,7,31,sequence,3,238,1429,6983,639,0.626
g1_tmoe_coarse_1e19,g1_tmoe_coarse_1e19,1e19,temporal,7,32,sequence,3,238,1429,6983,769,0.5806
g1_tmoe_coarse_1e19,g1_tmoe_coarse_1e19,1e19,temporal,7,33,sequence,3,238,1429,6983,611,0.6159
g1_tmoe_coarse_1e19,g1_tmoe_coarse_1e19,1e19,temporal,7,34,sequence,3,238,1429,6983,299,0.6229
g1_tmoe_coarse_1e19,g1_tmoe_coarse_1e19,1e19,temporal,7,35,sequence,3,238,1429,6983,622,0.605
g1_tmoe_coarse_1e19,g1_tmoe_coarse_1e19,1e19,temporal,7,36,sequence,3,238,1429,6983,680,0.6713
g1_tmoe_coarse_1e19,g1_tmoe_coarse_1e19,1e19,temporal,7,37,sequence,3,238,1429,6983,800,0.6519
g1_tmoe_coarse_1e19,g1_tmoe_coarse_1e19,1e19,temporal,7,38,sequence,3,238,1429,6983,744,0.6472
g1_tmoe_coarse_1e19,g1_tmoe_coarse_1e19,1e19,temporal,7,39,sequence,3,238,1429,6983,702,0.6489
g1_tmoe_coarse_1e19,g1_tmoe_coarse_1e19,1e19,temporal,7,40,sequence,3,238,1429,6983,555,0.6317
g1_tmoe_coarse_1e19,g1_tmoe_coarse_1e19,1e19,temporal,7,41,sequence,3,238,1429,6983,477,0.5713
g1_tmoe_coarse_1e19,g1_tmoe_coarse_1e19,1e19,temporal,7,42,sequence,3,238,1429,6983,518,0.5495
g1_tmoe_coarse_1e19,g1_tmoe_coarse_1e19,1e19,temporal,7,43,sequence,3,238,1429,6983,610,0.6544
g1_tmoe_coarse_1e19,g1_tmoe_coarse_1e19,1e19,temporal,7,44,sequence,3,238,1429,6983,606,0.6044
g1_tmoe_coarse_1e19,g1_tmoe_coarse_1e19,1e19,temporal,7,45,sequence,3,238,1429,6983,817,0.7212
g1_tmoe_coarse_1e19,g1_tmoe_coarse_1e19,1e19,temporal,7,46,sequence,3,238,1429,6983,664,0.5957
g1_tmoe_coarse_1e19,g1_tmoe_coarse_1e19,1e19,temporal,7,47,sequence,3,238,1429,6983,541,0.6366
g1_tmoe_coarse_1e19,g1_tmoe_coarse_1e19,1e19,temporal,7,48,sequence,3,238,1429,6983,683,0.6283
g1_tmoe_coarse_1e19,g1_tmoe_coarse_1e19,1e19,temporal,7,49,sequence,3,238,1429,6983,653,0.6952
g1_tmoe_coarse_1e19,g1_tmoe_coarse_1e19,1e19,temporal,7,50,sequence,3,238,1429,6983,969,0.6463
g1_tmoe_coarse_1e19,g1_tmoe_coarse_1e19,1e19,temporal,7,51,sequence,3,238,1429,6983,787,0.6663
g1_tmoe_coarse_1e19,g1_tmoe_coarse_1e19,1e19,temporal,7,52,sequence,3,238,1429,6983,547,0.6903
g1_tmoe_coarse_1e19,g1_tmoe_coarse_1e19,1e19,temporal,7,53,sequence,3,238,1429,6983,809,0.6724
g1_tmoe_coarse_1e19,g1_tmoe_coarse_1e19,1e19,temporal,7,54,sequence,3,238,1429,6983,616,0.6373
g1_tmoe_coarse_1e19,g1_tmoe_coarse_1e19,1e19,temporal,7,55,sequence,3,238,1429,6983,526,0.593
g1_tmoe_coarse_1e19,g1_tmoe_coarse_1e19,1e19,temporal,7,56,sequence,3,238,1429,6983,667,0.7176
g1_tmoe_coarse_1e19,g1_tmoe_coarse_1e19,1e19,temporal,7,57,sequence,3,238,1429,6983,607,0.5587
g1_tmoe_coarse_1e19,g1_tmoe_coarse_1e19,1e19,temporal,7,58,sequence,3,238,1429,6983,561,0.5829
g1_tmoe_coarse_1e19,g1_tmoe_coarse_1e19,1e19,temporal,7,59,sequence,3,238,1429,6983,704,0.5838
g1_tmoe_coarse_1e19,g1_tmoe_coarse_1e19,1e19,temporal,7,60,sequence,3,238,1429,6983,869,0.5527
g1_tmoe_coarse_1e19,g1_tmoe_coarse_1e19,1e19,temporal,7,61,sequence,3,238,1429,6983,557,0.5258
g1_tmoe_coarse_1e19,g1_tmoe_coarse_1e19,1e19,temporal,7,62,sequence,3,238,1429,6983,566,0.5585
g1_tmoe_coarse_1e19,g1_tmoe_coarse_1e19,1e19,temporal,7,63,sequence,3,238,1429,6983,761,0.6562
g1_tmoe_coarse_1e19,g1_tmoe_coarse_1e19,1e19,temporal,7,0,sequence,4,1982,4940,8353,669,0.6105
g1_tmoe_coarse_1e19,g1_tmoe_coarse_1e19,1e19,temporal,7,1,sequence,4,1982,4940,8353,542,0.541
g1_tmoe_coarse_1e19,g1_tmoe_coarse_1e19,1e19,temporal,7,2,sequence,4,1982,4940,8353,615,0.5445
g1_tmoe_coarse_1e19,g1_tmoe_coarse_1e19,1e19,temporal,7,3,sequence,4,1982,4940,8353,1090,0.7546
g1_tmoe_coarse_1e19,g1_tmoe_coarse_1e19,1e19,temporal,7,4,sequence,4,1982,4940,8353,802,0.5427
g1_tmoe_coarse_1e19,g1_tmoe_coarse_1e19,1e19,temporal,7,5,sequence,4,1982,4940,8353,817,0.5338
g1_tmoe_coarse_1e19,g1_tmoe_coarse_1e19,1e19,temporal,7,6,sequence,4,1982,4940,8353,640,0.5655
g1_tmoe_coarse_1e19,g1_tmoe_coarse_1e19,1e19,temporal,7,7,sequence,4,1982,4940,8353,417,0.6127
g1_tmoe_coarse_1e19,g1_tmoe_coarse_1e19,1e19,temporal,7,8,sequence,4,1982,4940,8353,978,0.5255
g1_tmoe_coarse_1e19,g1_tmoe_coarse_1e19,1e19,temporal,7,9,sequence,4,1982,4940,8353,670,0.5402
g1_tmoe_coarse_1e19,g1_tmoe_coarse_1e19,1e19,temporal,7,10,sequence,4,1982,4940,8353,787,0.5804
g1_tmoe_coarse_1e19,g1_tmoe_coarse_1e19,1e19,temporal,7,11,sequence,4,1982,4940,8353,626,0.6043
g1_tmoe_coarse_1e19,g1_tmoe_coarse_1e19,1e19,temporal,7,12,sequence,4,1982,4940,8353,658,0.6503
g1_tmoe_coarse_1e19,g1_tmoe_coarse_1e19,1e19,temporal,7,13,sequence,4,1982,4940,8353,757,0.7286
g1_tmoe_coarse_1e19,g1_tmoe_coarse_1e19,1e19,temporal,7,14,sequence,4,1982,4940,8353,598,0.5441
g1_tmoe_coarse_1e19,g1_tmoe_coarse_1e19,1e19,temporal,7,15,sequence,4,1982,4940,8353,720,0.6009
g1_tmoe_coarse_1e19,g1_tmoe_coarse_1e19,1e19,temporal,7,16,sequence,4,1982,4940,8353,865,0.5626
g1_tmoe_coarse_1e19,g1_tmoe_coarse_1e19,1e19,temporal,7,17,sequence,4,1982,4940,8353,1068,0.6816
g1_tmoe_coarse_1e19,g1_tmoe_coarse_1e19,1e19,temporal,7,18,sequence,4,1982,4940,8353,1899,0.8909
g1_tmoe_coarse_1e19,g1_tmoe_coarse_1e19,1e19,temporal,7,19,sequence,4,1982,4940,8353,605,0.5521
g1_tmoe_coarse_1e19,g1_tmoe_coarse_1e19,1e19,temporal,7,20,sequence,4,1982,4940,8353,741,0.6262
g1_tmoe_coarse_1e19,g1_tmoe_coarse_1e19,1e19,temporal,7,21,sequence,4,1982,4940,8353,447,0.6257
g1_tmoe_coarse_1e19,g1_tmoe_coarse_1e19,1e19,temporal,7,22,sequence,4,1982,4940,8353,729,0.5694
g1_tmoe_coarse_1e19,g1_tmoe_coarse_1e19,1e19,temporal,7,23,sequence,4,1982,4940,8353,674,0.5682
g1_tmoe_coarse_1e19,g1_tmoe_coarse_1e19,1e19,temporal,7,24,sequence,4,1982,4940,8353,880,0.7468
g1_tmoe_coarse_1e19,g1_tmoe_coarse_1e19,1e19,temporal,7,25,sequence,4,1982,4940,8353,558,0.6613
g1_tmoe_coarse_1e19,g1_tmoe_coarse_1e19,1e19,temporal,7,26,sequence,4,1982,4940,8353,851,0.7854
g1_tmoe_coarse_1e19,g1_tmoe_coarse_1e19,1e19,temporal,7,27,sequence,4,1982,4940,8353,678,0.5085
g1_tmoe_coarse_1e19,g1_tmoe_coarse_1e19,1e19,temporal,7,28,sequence,4,1982,4940,8353,763,0.5393
g1_tmoe_coarse_1e19,g1_tmoe_coarse_1e19,1e19,temporal,7,29,sequence,4,1982,4940,8353,699,0.6018
g1_tmoe_coarse_1e19,g1_tmoe_coarse_1e19,1e19,temporal,7,30,sequence,4,1982,4940,8353,503,0.5874
g1_tmoe_coarse_1e19,g1_tmoe_coarse_1e19,1e19,temporal,7,31,sequence,4,1982,4940,8353,834,0.57
g1_tmoe_coarse_1e19,g1_tmoe_coarse_1e19,1e19,temporal,7,32,sequence,4,1982,4940,8353,1072,0.6602
g1_tmoe_coarse_1e19,g1_tmoe_coarse_1e19,1e19,temporal,7,33,sequence,4,1982,4940,8353,586,0.6225
g1_tmoe_coarse_1e19,g1_tmoe_coarse_1e19,1e19,temporal,7,34,sequence,4,1982,4940,8353,1448,0.8633
g1_tmoe_coarse_1e19,g1_tmoe_coarse_1e19,1e19,temporal,7,35,sequence,4,1982,4940,8353,1052,0.6305
g1_tmoe_coarse_1e19,g1_tmoe_coarse_1e19,1e19,temporal,7,36,sequence,4,1982,4940,8353,737,0.6338
g1_tmoe_coarse_1e19,g1_tmoe_coarse_1e19,1e19,temporal,7,37,sequence,4,1982,4940,8353,632,0.5835
g1_tmoe_coarse_1e19,g1_tmoe_coarse_1e19,1e19,temporal,7,38,sequence,4,1982,4940,8353,848,0.5608
g1_tmoe_coarse_1e19,g1_tmoe_coarse_1e19,1e19,temporal,7,39,sequence,4,1982,4940,8353,637,0.647
g1_tmoe_coarse_1e19,g1_tmoe_coarse_1e19,1e19,temporal,7,40,sequence,4,1982,4940,8353,758,0.5521
g1_tmoe_coarse_1e19,g1_tmoe_coarse_1e19,1e19,temporal,7,41,sequence,4,1982,4940,8353,990,0.736
g1_tmoe_coarse_1e19,g1_tmoe_coarse_1e19,1e19,temporal,7,42,sequence,4,1982,4940,8353,673,0.5644
g1_tmoe_coarse_1e19,g1_tmoe_coarse_1e19,1e19,temporal,7,43,sequence,4,1982,4940,8353,944,0.5707
g1_tmoe_coarse_1e19,g1_tmoe_coarse_1e19,1e19,temporal,7,44,sequence,4,1982,4940,8353,488,0.6159
g1_tmoe_coarse_1e19,g1_tmoe_coarse_1e19,1e19,temporal,7,45,sequence,4,1982,4940,8353,657,0.6915
g1_tmoe_coarse_1e19,g1_tmoe_coarse_1e19,1e19,temporal,7,46,sequence,4,1982,4940,8353,1049,0.5407
g1_tmoe_coarse_1e19,g1_tmoe_coarse_1e19,1e19,temporal,7,47,sequence,4,1982,4940,8353,740,0.5787
g1_tmoe_coarse_1e19,g1_tmoe_coarse_1e19,1e19,temporal,7,48,sequence,4,1982,4940,8353,613,0.5629
g1_tmoe_coarse_1e19,g1_tmoe_coarse_1e19,1e19,temporal,7,49,sequence,4,1982,4940,8353,950,0.6711
g1_tmoe_coarse_1e19,g1_tmoe_coarse_1e19,1e19,temporal,7,50,sequence,4,1982,4940,8353,604,0.5996
g1_tmoe_coarse_1e19,g1_tmoe_coarse_1e19,1e19,temporal,7,51,sequence,4,1982,4940,8353,913,0.6409
g1_tmoe_coarse_1e19,g1_tmoe_coarse_1e19,1e19,temporal,7,52,sequence,4,1982,4940,8353,780,0.5885
g1_tmoe_coarse_1e19,g1_tmoe_coarse_1e19,1e19,temporal,7,53,sequence,4,1982,4940,8353,559,0.5476
g1_tmoe_coarse_1e19,g1_tmoe_coarse_1e19,1e19,temporal,7,54,sequence,4,1982,4940,8353,613,0.5347
g1_tmoe_coarse_1e19,g1_tmoe_coarse_1e19,1e19,temporal,7,55,sequence,4,1982,4940,8353,759,0.565
g1_tmoe_coarse_1e19,g1_tmoe_coarse_1e19,1e19,temporal,7,56,sequence,4,1982,4940,8353,1379,0.7612
g1_tmoe_coarse_1e19,g1_tmoe_coarse_1e19,1e19,temporal,7,57,sequence,4,1982,4940,8353,917,0.6567
g1_tmoe_coarse_1e19,g1_tmoe_coarse_1e19,1e19,temporal,7,58,sequence,4,1982,4940,8353,585,0.561
g1_tmoe_coarse_1e19,g1_tmoe_coarse_1e19,1e19,temporal,7,59,sequence,4,1982,4940,8353,1001,0.5608
g1_tmoe_coarse_1e19,g1_tmoe_coarse_1e19,1e19,temporal,7,60,sequence,4,1982,4940,8353,873,0.5631
g1_tmoe_coarse_1e19,g1_tmoe_coarse_1e19,1e19,temporal,7,61,sequence,4,1982,4940,8353,612,0.528
g1_tmoe_coarse_1e19,g1_tmoe_coarse_1e19,1e19,temporal,7,62,sequence,4,1982,4940,8353,836,0.617
g1_tmoe_coarse_1e19,g1_tmoe_coarse_1e19,1e19,temporal,7,63,sequence,4,1982,4940,8353,633,0.6658
g1_tmoe_coarse_1e19,g1_tmoe_coarse_1e19,1e19,temporal,8,0,sequence,0,1,6,8017,890,0.572
g1_tmoe_coarse_1e19,g1_tmoe_coarse_1e19,1e19,temporal,8,1,sequence,0,1,6,8017,683,0.5364
g1_tmoe_coarse_1e19,g1_tmoe_coarse_1e19,1e19,temporal,8,2,sequence,0,1,6,8017,961,0.5553
g1_tmoe_coarse_1e19,g1_tmoe_coarse_1e19,1e19,temporal,8,3,sequence,0,1,6,8017,746,0.529
g1_tmoe_coarse_1e19,g1_tmoe_coarse_1e19,1e19,temporal,8,4,sequence,0,1,6,8017,647,0.5281
g1_tmoe_coarse_1e19,g1_tmoe_coarse_1e19,1e19,temporal,8,5,sequence,0,1,6,8017,879,0.6254
g1_tmoe_coarse_1e19,g1_tmoe_coarse_1e19,1e19,temporal,8,6,sequence,0,1,6,8017,689,0.5167
g1_tmoe_coarse_1e19,g1_tmoe_coarse_1e19,1e19,temporal,8,7,sequence,0,1,6,8017,871,0.5344
g1_tmoe_coarse_1e19,g1_tmoe_coarse_1e19,1e19,temporal,8,8,sequence,0,1,6,8017,478,0.5364
g1_tmoe_coarse_1e19,g1_tmoe_coarse_1e19,1e19,temporal,8,9,sequence,0,1,6,8017,706,0.5507
g1_tmoe_coarse_1e19,g1_tmoe_coarse_1e19,1e19,temporal,8,10,sequence,0,1,6,8017,772,0.5223
g1_tmoe_coarse_1e19,g1_tmoe_coarse_1e19,1e19,temporal,8,11,sequence,0,1,6,8017,754,0.5501
g1_tmoe_coarse_1e19,g1_tmoe_coarse_1e19,1e19,temporal,8,12,sequence,0,1,6,8017,596,0.5369
g1_tmoe_coarse_1e19,g1_tmoe_coarse_1e19,1e19,temporal,8,13,sequence,0,1,6,8017,603,0.5195
g1_tmoe_coarse_1e19,g1_tmoe_coarse_1e19,1e19,temporal,8,14,sequence,0,1,6,8017,580,0.5919
g1_tmoe_coarse_1e19,g1_tmoe_coarse_1e19,1e19,temporal,8,15,sequence,0,1,6,8017,726,0.5269
g1_tmoe_coarse_1e19,g1_tmoe_coarse_1e19,1e19,temporal,8,16,sequence,0,1,6,8017,788,0.5267
g1_tmoe_coarse_1e19,g1_tmoe_coarse_1e19,1e19,temporal,8,17,sequence,0,1,6,8017,644,0.5115
g1_tmoe_coarse_1e19,g1_tmoe_coarse_1e19,1e19,temporal,8,18,sequence,0,1,6,8017,672,0.5402
g1_tmoe_coarse_1e19,g1_tmoe_coarse_1e19,1e19,temporal,8,19,sequence,0,1,6,8017,803,0.5497
g1_tmoe_coarse_1e19,g1_tmoe_coarse_1e19,1e19,temporal,8,20,sequence,0,1,6,8017,718,0.5731
g1_tmoe_coarse_1e19,g1_tmoe_coarse_1e19,1e19,temporal,8,21,sequence,0,1,6,8017,773,0.5327
g1_tmoe_coarse_1e19,g1_tmoe_coarse_1e19,1e19,temporal,8,22,sequence,0,1,6,8017,868,0.5196
g1_tmoe_coarse_1e19,g1_tmoe_coarse_1e19,1e19,temporal,8,23,sequence,0,1,6,8017,690,0.5386
g1_tmoe_coarse_1e19,g1_tmoe_coarse_1e19,1e19,temporal,8,24,sequence,0,1,6,8017,738,0.5715
g1_tmoe_coarse_1e19,g1_tmoe_coarse_1e19,1e19,temporal,8,25,sequence,0,1,6,8017,548,0.5667
g1_tmoe_coarse_1e19,g1_tmoe_coarse_1e19,1e19,temporal,8,26,sequence,0,1,6,8017,1125,0.5639
g1_tmoe_coarse_1e19,g1_tmoe_coarse_1e19,1e19,temporal,8,27,sequence,0,1,6,8017,652,0.5061
g1_tmoe_coarse_1e19,g1_tmoe_coarse_1e19,1e19,temporal,8,28,sequence,0,1,6,8017,1293,0.6258
g1_tmoe_coarse_1e19,g1_tmoe_coarse_1e19,1e19,temporal,8,29,sequence,0,1,6,8017,528,0.5159
g1_tmoe_coarse_1e19,g1_tmoe_coarse_1e19,1e19,temporal,8,30,sequence,0,1,6,8017,704,0.5188
g1_tmoe_coarse_1e19,g1_tmoe_coarse_1e19,1e19,temporal,8,31,sequence,0,1,6,8017,617,0.5366
g1_tmoe_coarse_1e19,g1_tmoe_coarse_1e19,1e19,temporal,8,32,sequence,0,1,6,8017,904,0.5501
g1_tmoe_coarse_1e19,g1_tmoe_coarse_1e19,1e19,temporal,8,33,sequence,0,1,6,8017,715,0.5438
g1_tmoe_coarse_1e19,g1_tmoe_coarse_1e19,1e19,temporal,8,34,sequence,0,1,6,8017,743,0.5243
g1_tmoe_coarse_1e19,g1_tmoe_coarse_1e19,1e19,temporal,8,35,sequence,0,1,6,8017,1027,0.5886
g1_tmoe_coarse_1e19,g1_tmoe_coarse_1e19,1e19,temporal,8,36,sequence,0,1,6,8017,938,0.5259
g1_tmoe_coarse_1e19,g1_tmoe_coarse_1e19,1e19,temporal,8,37,sequence,0,1,6,8017,655,0.525
g1_tmoe_coarse_1e19,g1_tmoe_coarse_1e19,1e19,temporal,8,38,sequence,0,1,6,8017,580,0.5142
g1_tmoe_coarse_1e19,g1_tmoe_coarse_1e19,1e19,temporal,8,39,sequence,0,1,6,8017,736,0.5511
g1_tmoe_coarse_1e19,g1_tmoe_coarse_1e19,1e19,temporal,8,40,sequence,0,1,6,8017,805,0.5471
g1_tmoe_coarse_1e19,g1_tmoe_coarse_1e19,1e19,temporal,8,41,sequence,0,1,6,8017,533,0.5744
g1_tmoe_coarse_1e19,g1_tmoe_coarse_1e19,1e19,temporal,8,42,sequence,0,1,6,8017,857,0.6252
g1_tmoe_coarse_1e19,g1_tmoe_coarse_1e19,1e19,temporal,8,43,sequence,0,1,6,8017,907,0.5668
g1_tmoe_coarse_1e19,g1_tmoe_coarse_1e19,1e19,temporal,8,44,sequence,0,1,6,8017,1114,0.5748
g1_tmoe_coarse_1e19,g1_tmoe_coarse_1e19,1e19,temporal,8,45,sequence,0,1,6,8017,698,0.5443
g1_tmoe_coarse_1e19,g1_tmoe_coarse_1e19,1e19,temporal,8,46,sequence,0,1,6,8017,733,0.5886
g1_tmoe_coarse_1e19,g1_tmoe_coarse_1e19,1e19,temporal,8,47,sequence,0,1,6,8017,525,0.5368
g1_tmoe_coarse_1e19,g1_tmoe_coarse_1e19,1e19,temporal,8,48,sequence,0,1,6,8017,627,0.5265
g1_tmoe_coarse_1e19,g1_tmoe_coarse_1e19,1e19,temporal,8,49,sequence,0,1,6,8017,709,0.5654
g1_tmoe_coarse_1e19,g1_tmoe_coarse_1e19,1e19,temporal,8,50,sequence,0,1,6,8017,679,0.5781
g1_tmoe_coarse_1e19,g1_tmoe_coarse_1e19,1e19,temporal,8,51,sequence,0,1,6,8017,625,0.5209
g1_tmoe_coarse_1e19,g1_tmoe_coarse_1e19,1e19,temporal,8,52,sequence,0,1,6,8017,793,0.6002
g1_tmoe_coarse_1e19,g1_tmoe_coarse_1e19,1e19,temporal,8,53,sequence,0,1,6,8017,491,0.5228
g1_tmoe_coarse_1e19,g1_tmoe_coarse_1e19,1e19,temporal,8,54,sequence,0,1,6,8017,679,0.595
g1_tmoe_coarse_1e19,g1_tmoe_coarse_1e19,1e19,temporal,8,55,sequence,0,1,6,8017,929,0.6409
g1_tmoe_coarse_1e19,g1_tmoe_coarse_1e19,1e19,temporal,8,56,sequence,0,1,6,8017,797,0.5454
g1_tmoe_coarse_1e19,g1_tmoe_coarse_1e19,1e19,temporal,8,57,sequence,0,1,6,8017,806,0.554
g1_tmoe_coarse_1e19,g1_tmoe_coarse_1e19,1e19,temporal,8,58,sequence,0,1,6,8017,755,0.5651
g1_tmoe_coarse_1e19,g1_tmoe_coarse_1e19,1e19,temporal,8,59,sequence,0,1,6,8017,832,0.5418
g1_tmoe_coarse_1e19,g1_tmoe_coarse_1e19,1e19,temporal,8,60,sequence,0,1,6,8017,691,0.5474
g1_tmoe_coarse_1e19,g1_tmoe_coarse_1e19,1e19,temporal,8,61,sequence,0,1,6,8017,819,0.5495
g1_tmoe_coarse_1e19,g1_tmoe_coarse_1e19,1e19,temporal,8,62,sequence,0,1,6,8017,1007,0.5768
g1_tmoe_coarse_1e19,g1_tmoe_coarse_1e19,1e19,temporal,8,63,sequence,0,1,6,8017,651,0.5606
g1_tmoe_coarse_1e19,g1_tmoe_coarse_1e19,1e19,temporal,8,0,sequence,1,6,32,7862,760,0.6102
g1_tmoe_coarse_1e19,g1_tmoe_coarse_1e19,1e19,temporal,8,1,sequence,1,6,32,7862,778,0.5558
g1_tmoe_coarse_1e19,g1_tmoe_coarse_1e19,1e19,temporal,8,2,sequence,1,6,32,7862,915,0.5846
g1_tmoe_coarse_1e19,g1_tmoe_coarse_1e19,1e19,temporal,8,3,sequence,1,6,32,7862,792,0.5471
g1_tmoe_coarse_1e19,g1_tmoe_coarse_1e19,1e19,temporal,8,4,sequence,1,6,32,7862,741,0.5496
g1_tmoe_coarse_1e19,g1_tmoe_coarse_1e19,1e19,temporal,8,5,sequence,1,6,32,7862,687,0.6094
g1_tmoe_coarse_1e19,g1_tmoe_coarse_1e19,1e19,temporal,8,6,sequence,1,6,32,7862,799,0.563
g1_tmoe_coarse_1e19,g1_tmoe_coarse_1e19,1e19,temporal,8,7,sequence,1,6,32,7862,767,0.589
g1_tmoe_coarse_1e19,g1_tmoe_coarse_1e19,1e19,temporal,8,8,sequence,1,6,32,7862,474,0.5408
g1_tmoe_coarse_1e19,g1_tmoe_coarse_1e19,1e19,temporal,8,9,sequence,1,6,32,7862,647,0.6036
g1_tmoe_coarse_1e19,g1_tmoe_coarse_1e19,1e19,temporal,8,10,sequence,1,6,32,7862,756,0.557
g1_tmoe_coarse_1e19,g1_tmoe_coarse_1e19,1e19,temporal,8,11,sequence,1,6,32,7862,819,0.5845
g1_tmoe_coarse_1e19,g1_tmoe_coarse_1e19,1e19,temporal,8,12,sequence,1,6,32,7862,718,0.5418
g1_tmoe_coarse_1e19,g1_tmoe_coarse_1e19,1e19,temporal,8,13,sequence,1,6,32,7862,619,0.5647
g1_tmoe_coarse_1e19,g1_tmoe_coarse_1e19,1e19,temporal,8,14,sequence,1,6,32,7862,554,0.6488
g1_tmoe_coarse_1e19,g1_tmoe_coarse_1e19,1e19,temporal,8,15,sequence,1,6,32,7862,781,0.5425
g1_tmoe_coarse_1e19,g1_tmoe_coarse_1e19,1e19,temporal,8,16,sequence,1,6,32,7862,804,0.5317
g1_tmoe_coarse_1e19,g1_tmoe_coarse_1e19,1e19,temporal,8,17,sequence,1,6,32,7862,635,0.5311
g1_tmoe_coarse_1e19,g1_tmoe_coarse_1e19,1e19,temporal,8,18,sequence,1,6,32,7862,593,0.5332
g1_tmoe_coarse_1e19,g1_tmoe_coarse_1e19,1e19,temporal,8,19,sequence,1,6,32,7862,716,0.5287
g1_tmoe_coarse_1e19,g1_tmoe_coarse_1e19,1e19,temporal,8,20,sequence,1,6,32,7862,806,0.5297
g1_tmoe_coarse_1e19,g1_tmoe_coarse_1e19,1e19,temporal,8,21,sequence,1,6,32,7862,849,0.5533
g1_tmoe_coarse_1e19,g1_tmoe_coarse_1e19,1e19,temporal,8,22,sequence,1,6,32,7862,841,0.5194
g1_tmoe_coarse_1e19,g1_tmoe_coarse_1e19,1e19,temporal,8,23,sequence,1,6,32,7862,776,0.5625
g1_tmoe_coarse_1e19,g1_tmoe_coarse_1e19,1e19,temporal,8,24,sequence,1,6,32,7862,684,0.5758
g1_tmoe_coarse_1e19,g1_tmoe_coarse_1e19,1e19,temporal,8,25,sequence,1,6,32,7862,552,0.5712
g1_tmoe_coarse_1e19,g1_tmoe_coarse_1e19,1e19,temporal,8,26,sequence,1,6,32,7862,845,0.6132
g1_tmoe_coarse_1e19,g1_tmoe_coarse_1e19,1e19,temporal,8,27,sequence,1,6,32,7862,694,0.5045
g1_tmoe_coarse_1e19,g1_tmoe_coarse_1e19,1e19,temporal,8,28,sequence,1,6,32,7862,992,0.6639
g1_tmoe_coarse_1e19,g1_tmoe_coarse_1e19,1e19,temporal,8,29,sequence,1,6,32,7862,634,0.5704
g1_tmoe_coarse_1e19,g1_tmoe_coarse_1e19,1e19,temporal,8,30,sequence,1,6,32,7862,794,0.5737
g1_tmoe_coarse_1e19,g1_tmoe_coarse_1e19,1e19,temporal,8,31,sequence,1,6,32,7862,734,0.5663
g1_tmoe_coarse_1e19,g1_tmoe_coarse_1e19,1e19,temporal,8,32,sequence,1,6,32,7862,835,0.5808
g1_tmoe_coarse_1e19,g1_tmoe_coarse_1e19,1e19,temporal,8,33,sequence,1,6,32,7862,778,0.5642
g1_tmoe_coarse_1e19,g1_tmoe_coarse_1e19,1e19,temporal,8,34,sequence,1,6,32,7862,700,0.5524
g1_tmoe_coarse_1e19,g1_tmoe_coarse_1e19,1e19,temporal,8,35,sequence,1,6,32,7862,898,0.5965
g1_tmoe_coarse_1e19,g1_tmoe_coarse_1e19,1e19,temporal,8,36,sequence,1,6,32,7862,931,0.5485
g1_tmoe_coarse_1e19,g1_tmoe_coarse_1e19,1e19,temporal,8,37,sequence,1,6,32,7862,693,0.5678
g1_tmoe_coarse_1e19,g1_tmoe_coarse_1e19,1e19,temporal,8,38,sequence,1,6,32,7862,582,0.5239
g1_tmoe_coarse_1e19,g1_tmoe_coarse_1e19,1e19,temporal,8,39,sequence,1,6,32,7862,653,0.5729
g1_tmoe_coarse_1e19,g1_tmoe_coarse_1e19,1e19,temporal,8,40,sequence,1,6,32,7862,717,0.5805
g1_tmoe_coarse_1e19,g1_tmoe_coarse_1e19,1e19,temporal,8,41,sequence,1,6,32,7862,554,0.6312
g1_tmoe_coarse_1e19,g1_tmoe_coarse_1e19,1e19,temporal,8,42,sequence,1,6,32,7862,776,0.6526
g1_tmoe_coarse_1e19,g1_tmoe_coarse_1e19,1e19,temporal,8,43,sequence,1,6,32,7862,930,0.5838
g1_tmoe_coarse_1e19,g1_tmoe_coarse_1e19,1e19,temporal,8,44,sequence,1,6,32,7862,922,0.6289
g1_tmoe_coarse_1e19,g1_tmoe_coarse_1e19,1e19,temporal,8,45,sequence,1,6,32,7862,719,0.5444
g1_tmoe_coarse_1e19,g1_tmoe_coarse_1e19,1e19,temporal,8,46,sequence,1,6,32,7862,632,0.5919
g1_tmoe_coarse_1e19,g1_tmoe_coarse_1e19,1e19,temporal,8,47,sequence,1,6,32,7862,597,0.5872
g1_tmoe_coarse_1e19,g1_tmoe_coarse_1e19,1e19,temporal,8,48,sequence,1,6,32,7862,756,0.5647
g1_tmoe_coarse_1e19,g1_tmoe_coarse_1e19,1e19,temporal,8,49,sequence,1,6,32,7862,831,0.576
g1_tmoe_coarse_1e19,g1_tmoe_coarse_1e19,1e19,temporal,8,50,sequence,1,6,32,7862,791,0.598
g1_tmoe_coarse_1e19,g1_tmoe_coarse_1e19,1e19,temporal,8,51,sequence,1,6,32,7862,670,0.5515
g1_tmoe_coarse_1e19,g1_tmoe_coarse_1e19,1e19,temporal,8,52,sequence,1,6,32,7862,802,0.6716
g1_tmoe_coarse_1e19,g1_tmoe_coarse_1e19,1e19,temporal,8,53,sequence,1,6,32,7862,549,0.5361
g1_tmoe_coarse_1e19,g1_tmoe_coarse_1e19,1e19,temporal,8,54,sequence,1,6,32,7862,607,0.6632
g1_tmoe_coarse_1e19,g1_tmoe_coarse_1e19,1e19,temporal,8,55,sequence,1,6,32,7862,675,0.6186
g1_tmoe_coarse_1e19,g1_tmoe_coarse_1e19,1e19,temporal,8,56,sequence,1,6,32,7862,900,0.5784
g1_tmoe_coarse_1e19,g1_tmoe_coarse_1e19,1e19,temporal,8,57,sequence,1,6,32,7862,735,0.5875
g1_tmoe_coarse_1e19,g1_tmoe_coarse_1e19,1e19,temporal,8,58,sequence,1,6,32,7862,781,0.5545
g1_tmoe_coarse_1e19,g1_tmoe_coarse_1e19,1e19,temporal,8,59,sequence,1,6,32,7862,890,0.5413
g1_tmoe_coarse_1e19,g1_tmoe_coarse_1e19,1e19,temporal,8,60,sequence,1,6,32,7862,679,0.5978
g1_tmoe_coarse_1e19,g1_tmoe_coarse_1e19,1e19,temporal,8,61,sequence,1,6,32,7862,647,0.5413
g1_tmoe_coarse_1e19,g1_tmoe_coarse_1e19,1e19,temporal,8,62,sequence,1,6,32,7862,725,0.5912
g1_tmoe_coarse_1e19,g1_tmoe_coarse_1e19,1e19,temporal,8,63,sequence,1,6,32,7862,661,0.5796
g1_tmoe_coarse_1e19,g1_tmoe_coarse_1e19,1e19,temporal,8,0,sequence,2,32,221,7697,794,0.6185
g1_tmoe_coarse_1e19,g1_tmoe_coarse_1e19,1e19,temporal,8,1,sequence,2,32,221,7697,784,0.608
g1_tmoe_coarse_1e19,g1_tmoe_coarse_1e19,1e19,temporal,8,2,sequence,2,32,221,7697,691,0.5836
g1_tmoe_coarse_1e19,g1_tmoe_coarse_1e19,1e19,temporal,8,3,sequence,2,32,221,7697,634,0.583
g1_tmoe_coarse_1e19,g1_tmoe_coarse_1e19,1e19,temporal,8,4,sequence,2,32,221,7697,927,0.572
g1_tmoe_coarse_1e19,g1_tmoe_coarse_1e19,1e19,temporal,8,5,sequence,2,32,221,7697,471,0.5509
g1_tmoe_coarse_1e19,g1_tmoe_coarse_1e19,1e19,temporal,8,6,sequence,2,32,221,7697,754,0.5713
g1_tmoe_coarse_1e19,g1_tmoe_coarse_1e19,1e19,temporal,8,7,sequence,2,32,221,7697,770,0.5678
g1_tmoe_coarse_1e19,g1_tmoe_coarse_1e19,1e19,temporal,8,8,sequence,2,32,221,7697,465,0.6277
g1_tmoe_coarse_1e19,g1_tmoe_coarse_1e19,1e19,temporal,8,9,sequence,2,32,221,7697,677,0.695
g1_tmoe_coarse_1e19,g1_tmoe_coarse_1e19,1e19,temporal,8,10,sequence,2,32,221,7697,661,0.5599
g1_tmoe_coarse_1e19,g1_tmoe_coarse_1e19,1e19,temporal,8,11,sequence,2,32,221,7697,835,0.6182
g1_tmoe_coarse_1e19,g1_tmoe_coarse_1e19,1e19,temporal,8,12,sequence,2,32,221,7697,812,0.6314
g1_tmoe_coarse_1e19,g1_tmoe_coarse_1e19,1e19,temporal,8,13,sequence,2,32,221,7697,805,0.6141
g1_tmoe_coarse_1e19,g1_tmoe_coarse_1e19,1e19,temporal,8,14,sequence,2,32,221,7697,533,0.6867
g1_tmoe_coarse_1e19,g1_tmoe_coarse_1e19,1e19,temporal,8,15,sequence,2,32,221,7697,691,0.6483
g1_tmoe_coarse_1e19,g1_tmoe_coarse_1e19,1e19,temporal,8,16,sequence,2,32,221,7697,774,0.6312
g1_tmoe_coarse_1e19,g1_tmoe_coarse_1e19,1e19,temporal,8,17,sequence,2,32,221,7697,596,0.5603
g1_tmoe_coarse_1e19,g1_tmoe_coarse_1e19,1e19,temporal,8,18,sequence,2,32,221,7697,768,0.652
g1_tmoe_coarse_1e19,g1_tmoe_coarse_1e19,1e19,temporal,8,19,sequence,2,32,221,7697,669,0.5957
g1_tmoe_coarse_1e19,g1_tmoe_coarse_1e19,1e19,temporal,8,20,sequence,2,32,221,7697,619,0.6314
g1_tmoe_coarse_1e19,g1_tmoe_coarse_1e19,1e19,temporal,8,21,sequence,2,32,221,7697,861,0.6027
g1_tmoe_coarse_1e19,g1_tmoe_coarse_1e19,1e19,temporal,8,22,sequence,2,32,221,7697,816,0.6111
g1_tmoe_coarse_1e19,g1_tmoe_coarse_1e19,1e19,temporal,8,23,sequence,2,32,221,7697,1225,0.6769
g1_tmoe_coarse_1e19,g1_tmoe_coarse_1e19,1e19,temporal,8,24,sequence,2,32,221,7697,704,0.5882
g1_tmoe_coarse_1e19,g1_tmoe_coarse_1e19,1e19,temporal,8,25,sequence,2,32,221,7697,852,0.7024
g1_tmoe_coarse_1e19,g1_tmoe_coarse_1e19,1e19,temporal,8,26,sequence,2,32,221,7697,656,0.5796
g1_tmoe_coarse_1e19,g1_tmoe_coarse_1e19,1e19,temporal,8,27,sequence,2,32,221,7697,605,0.5589
g1_tmoe_coarse_1e19,g1_tmoe_coarse_1e19,1e19,temporal,8,28,sequence,2,32,221,7697,606,0.6522
g1_tmoe_coarse_1e19,g1_tmoe_coarse_1e19,1e19,temporal,8,29,sequence,2,32,221,7697,1004,0.6341
g1_tmoe_coarse_1e19,g1_tmoe_coarse_1e19,1e19,temporal,8,30,sequence,2,32,221,7697,678,0.635
g1_tmoe_coarse_1e19,g1_tmoe_coarse_1e19,1e19,temporal,8,31,sequence,2,32,221,7697,853,0.6617
g1_tmoe_coarse_1e19,g1_tmoe_coarse_1e19,1e19,temporal,8,32,sequence,2,32,221,7697,539,0.5954
g1_tmoe_coarse_1e19,g1_tmoe_coarse_1e19,1e19,temporal,8,33,sequence,2,32,221,7697,748,0.651
g1_tmoe_coarse_1e19,g1_tmoe_coarse_1e19,1e19,temporal,8,34,sequence,2,32,221,7697,653,0.6609
g1_tmoe_coarse_1e19,g1_tmoe_coarse_1e19,1e19,temporal,8,35,sequence,2,32,221,7697,675,0.6404
g1_tmoe_coarse_1e19,g1_tmoe_coarse_1e19,1e19,temporal,8,36,sequence,2,32,221,7697,823,0.5616
g1_tmoe_coarse_1e19,g1_tmoe_coarse_1e19,1e19,temporal,8,37,sequence,2,32,221,7697,770,0.6024
g1_tmoe_coarse_1e19,g1_tmoe_coarse_1e19,1e19,temporal,8,38,sequence,2,32,221,7697,592,0.6197
g1_tmoe_coarse_1e19,g1_tmoe_coarse_1e19,1e19,temporal,8,39,sequence,2,32,221,7697,714,0.6448
g1_tmoe_coarse_1e19,g1_tmoe_coarse_1e19,1e19,temporal,8,40,sequence,2,32,221,7697,732,0.631
g1_tmoe_coarse_1e19,g1_tmoe_coarse_1e19,1e19,temporal,8,41,sequence,2,32,221,7697,653,0.7178
g1_tmoe_coarse_1e19,g1_tmoe_coarse_1e19,1e19,temporal,8,42,sequence,2,32,221,7697,685,0.6567
g1_tmoe_coarse_1e19,g1_tmoe_coarse_1e19,1e19,temporal,8,43,sequence,2,32,221,7697,732,0.6554
g1_tmoe_coarse_1e19,g1_tmoe_coarse_1e19,1e19,temporal,8,44,sequence,2,32,221,7697,809,0.6217
g1_tmoe_coarse_1e19,g1_tmoe_coarse_1e19,1e19,temporal,8,45,sequence,2,32,221,7697,764,0.6169
g1_tmoe_coarse_1e19,g1_tmoe_coarse_1e19,1e19,temporal,8,46,sequence,2,32,221,7697,697,0.607
g1_tmoe_coarse_1e19,g1_tmoe_coarse_1e19,1e19,temporal,8,47,sequence,2,32,221,7697,798,0.6625
g1_tmoe_coarse_1e19,g1_tmoe_coarse_1e19,1e19,temporal,8,48,sequence,2,32,221,7697,913,0.6172
g1_tmoe_coarse_1e19,g1_tmoe_coarse_1e19,1e19,temporal,8,49,sequence,2,32,221,7697,760,0.609
g1_tmoe_coarse_1e19,g1_tmoe_coarse_1e19,1e19,temporal,8,50,sequence,2,32,221,7697,1026,0.6891
g1_tmoe_coarse_1e19,g1_tmoe_coarse_1e19,1e19,temporal,8,51,sequence,2,32,221,7697,731,0.6215
g1_tmoe_coarse_1e19,g1_tmoe_coarse_1e19,1e19,temporal,8,52,sequence,2,32,221,7697,532,0.6046
g1_tmoe_coarse_1e19,g1_tmoe_coarse_1e19,1e19,temporal,8,53,sequence,2,32,221,7697,735,0.6277
g1_tmoe_coarse_1e19,g1_tmoe_coarse_1e19,1e19,temporal,8,54,sequence,2,32,221,7697,644,0.6446
g1_tmoe_coarse_1e19,g1_tmoe_coarse_1e19,1e19,temporal,8,55,sequence,2,32,221,7697,585,0.6085
g1_tmoe_coarse_1e19,g1_tmoe_coarse_1e19,1e19,temporal,8,56,sequence,2,32,221,7697,589,0.6259
g1_tmoe_coarse_1e19,g1_tmoe_coarse_1e19,1e19,temporal,8,57,sequence,2,32,221,7697,679,0.6647
g1_tmoe_coarse_1e19,g1_tmoe_coarse_1e19,1e19,temporal,8,58,sequence,2,32,221,7697,664,0.6171
g1_tmoe_coarse_1e19,g1_tmoe_coarse_1e19,1e19,temporal,8,59,sequence,2,32,221,7697,871,0.5876
g1_tmoe_coarse_1e19,g1_tmoe_coarse_1e19,1e19,temporal,8,60,sequence,2,32,221,7697,686,0.6488
g1_tmoe_coarse_1e19,g1_tmoe_coarse_1e19,1e19,temporal,8,61,sequence,2,32,221,7697,577,0.5784
g1_tmoe_coarse_1e19,g1_tmoe_coarse_1e19,1e19,temporal,8,62,sequence,2,32,221,7697,503,0.6276
g1_tmoe_coarse_1e19,g1_tmoe_coarse_1e19,1e19,temporal,8,63,sequence,2,32,221,7697,713,0.6713
g1_tmoe_coarse_1e19,g1_tmoe_coarse_1e19,1e19,temporal,8,0,sequence,3,238,1429,6983,654,0.5783
g1_tmoe_coarse_1e19,g1_tmoe_coarse_1e19,1e19,temporal,8,1,sequence,3,238,1429,6983,927,0.6403
g1_tmoe_coarse_1e19,g1_tmoe_coarse_1e19,1e19,temporal,8,2,sequence,3,238,1429,6983,649,0.5884
g1_tmoe_coarse_1e19,g1_tmoe_coarse_1e19,1e19,temporal,8,3,sequence,3,238,1429,6983,543,0.5653
g1_tmoe_coarse_1e19,g1_tmoe_coarse_1e19,1e19,temporal,8,4,sequence,3,238,1429,6983,936,0.6546
g1_tmoe_coarse_1e19,g1_tmoe_coarse_1e19,1e19,temporal,8,5,sequence,3,238,1429,6983,537,0.5753
g1_tmoe_coarse_1e19,g1_tmoe_coarse_1e19,1e19,temporal,8,6,sequence,3,238,1429,6983,721,0.5603
g1_tmoe_coarse_1e19,g1_tmoe_coarse_1e19,1e19,temporal,8,7,sequence,3,238,1429,6983,677,0.5313
g1_tmoe_coarse_1e19,g1_tmoe_coarse_1e19,1e19,temporal,8,8,sequence,3,238,1429,6983,430,0.6492
g1_tmoe_coarse_1e19,g1_tmoe_coarse_1e19,1e19,temporal,8,9,sequence,3,238,1429,6983,522,0.671
g1_tmoe_coarse_1e19,g1_tmoe_coarse_1e19,1e19,temporal,8,10,sequence,3,238,1429,6983,712,0.6137
g1_tmoe_coarse_1e19,g1_tmoe_coarse_1e19,1e19,temporal,8,11,sequence,3,238,1429,6983,846,0.6157
g1_tmoe_coarse_1e19,g1_tmoe_coarse_1e19,1e19,temporal,8,12,sequence,3,238,1429,6983,773,0.6536
g1_tmoe_coarse_1e19,g1_tmoe_coarse_1e19,1e19,temporal,8,13,sequence,3,238,1429,6983,720,0.5935
g1_tmoe_coarse_1e19,g1_tmoe_coarse_1e19,1e19,temporal,8,14,sequence,3,238,1429,6983,489,0.6075
g1_tmoe_coarse_1e19,g1_tmoe_coarse_1e19,1e19,temporal,8,15,sequence,3,238,1429,6983,672,0.6672
g1_tmoe_coarse_1e19,g1_tmoe_coarse_1e19,1e19,temporal,8,16,sequence,3,238,1429,6983,696,0.6941
g1_tmoe_coarse_1e19,g1_tmoe_coarse_1e19,1e19,temporal,8,17,sequence,3,238,1429,6983,675,0.6628
g1_tmoe_coarse_1e19,g1_tmoe_coarse_1e19,1e19,temporal,8,18,sequence,3,238,1429,6983,602,0.6811
g1_tmoe_coarse_1e19,g1_tmoe_coarse_1e19,1e19,temporal,8,19,sequence,3,238,1429,6983,638,0.6628
g1_tmoe_coarse_1e19,g1_tmoe_coarse_1e19,1e19,temporal,8,20,sequence,3,238,1429,6983,506,0.6014
g1_tmoe_coarse_1e19,g1_tmoe_coarse_1e19,1e19,temporal,8,21,sequence,3,238,1429,6983,864,0.5965
g1_tmoe_coarse_1e19,g1_tmoe_coarse_1e19,1e19,temporal,8,22,sequence,3,238,1429,6983,731,0.5897
g1_tmoe_coarse_1e19,g1_tmoe_coarse_1e19,1e19,temporal,8,23,sequence,3,238,1429,6983,879,0.6446
g1_tmoe_coarse_1e19,g1_tmoe_coarse_1e19,1e19,temporal,8,24,sequence,3,238,1429,6983,817,0.6027
g1_tmoe_coarse_1e19,g1_tmoe_coarse_1e19,1e19,temporal,8,25,sequence,3,238,1429,6983,738,0.6771
g1_tmoe_coarse_1e19,g1_tmoe_coarse_1e19,1e19,temporal,8,26,sequence,3,238,1429,6983,558,0.5825
g1_tmoe_coarse_1e19,g1_tmoe_coarse_1e19,1e19,temporal,8,27,sequence,3,238,1429,6983,532,0.5563
g1_tmoe_coarse_1e19,g1_tmoe_coarse_1e19,1e19,temporal,8,28,sequence,3,238,1429,6983,532,0.597
g1_tmoe_coarse_1e19,g1_tmoe_coarse_1e19,1e19,temporal,8,29,sequence,3,238,1429,6983,803,0.6545
g1_tmoe_coarse_1e19,g1_tmoe_coarse_1e19,1e19,temporal,8,30,sequence,3,238,1429,6983,724,0.6732
g1_tmoe_coarse_1e19,g1_tmoe_coarse_1e19,1e19,temporal,8,31,sequence,3,238,1429,6983,761,0.7016
g1_tmoe_coarse_1e19,g1_tmoe_coarse_1e19,1e19,temporal,8,32,sequence,3,238,1429,6983,496,0.6146
g1_tmoe_coarse_1e19,g1_tmoe_coarse_1e19,1e19,temporal,8,33,sequence,3,238,1429,6983,599,0.6011
g1_tmoe_coarse_1e19,g1_tmoe_coarse_1e19,1e19,temporal,8,34,sequence,3,238,1429,6983,550,0.6161
g1_tmoe_coarse_1e19,g1_tmoe_coarse_1e19,1e19,temporal,8,35,sequence,3,238,1429,6983,632,0.6421
g1_tmoe_coarse_1e19,g1_tmoe_coarse_1e19,1e19,temporal,8,36,sequence,3,238,1429,6983,724,0.6172
g1_tmoe_coarse_1e19,g1_tmoe_coarse_1e19,1e19,temporal,8,37,sequence,3,238,1429,6983,664,0.6101
g1_tmoe_coarse_1e19,g1_tmoe_coarse_1e19,1e19,temporal,8,38,sequence,3,238,1429,6983,549,0.657
g1_tmoe_coarse_1e19,g1_tmoe_coarse_1e19,1e19,temporal,8,39,sequence,3,238,1429,6983,516,0.6149
g1_tmoe_coarse_1e19,g1_tmoe_coarse_1e19,1e19,temporal,8,40,sequence,3,238,1429,6983,638,0.6557
g1_tmoe_coarse_1e19,g1_tmoe_coarse_1e19,1e19,temporal,8,41,sequence,3,238,1429,6983,370,0.6663
g1_tmoe_coarse_1e19,g1_tmoe_coarse_1e19,1e19,temporal,8,42,sequence,3,238,1429,6983,599,0.6205
g1_tmoe_coarse_1e19,g1_tmoe_coarse_1e19,1e19,temporal,8,43,sequence,3,238,1429,6983,815,0.7203
g1_tmoe_coarse_1e19,g1_tmoe_coarse_1e19,1e19,temporal,8,44,sequence,3,238,1429,6983,565,0.5914
g1_tmoe_coarse_1e19,g1_tmoe_coarse_1e19,1e19,temporal,8,45,sequence,3,238,1429,6983,525,0.5455
g1_tmoe_coarse_1e19,g1_tmoe_coarse_1e19,1e19,temporal,8,46,sequence,3,238,1429,6983,551,0.6195
g1_tmoe_coarse_1e19,g1_tmoe_coarse_1e19,1e19,temporal,8,47,sequence,3,238,1429,6983,584,0.6782
g1_tmoe_coarse_1e19,g1_tmoe_coarse_1e19,1e19,temporal,8,48,sequence,3,238,1429,6983,781,0.5797
g1_tmoe_coarse_1e19,g1_tmoe_coarse_1e19,1e19,temporal,8,49,sequence,3,238,1429,6983,758,0.6117
g1_tmoe_coarse_1e19,g1_tmoe_coarse_1e19,1e19,temporal,8,50,sequence,3,238,1429,6983,698,0.6278
g1_tmoe_coarse_1e19,g1_tmoe_coarse_1e19,1e19,temporal,8,51,sequence,3,238,1429,6983,660,0.6121
g1_tmoe_coarse_1e19,g1_tmoe_coarse_1e19,1e19,temporal,8,52,sequence,3,238,1429,6983,634,0.611
g1_tmoe_coarse_1e19,g1_tmoe_coarse_1e19,1e19,temporal,8,53,sequence,3,238,1429,6983,721,0.6682
g1_tmoe_coarse_1e19,g1_tmoe_coarse_1e19,1e19,temporal,8,54,sequence,3,238,1429,6983,636,0.7008
g1_tmoe_coarse_1e19,g1_tmoe_coarse_1e19,1e19,temporal,8,55,sequence,3,238,1429,6983,582,0.6019
g1_tmoe_coarse_1e19,g1_tmoe_coarse_1e19,1e19,temporal,8,56,sequence,3,238,1429,6983,605,0.5723
g1_tmoe_coarse_1e19,g1_tmoe_coarse_1e19,1e19,temporal,8,57,sequence,3,238,1429,6983,563,0.6682
g1_tmoe_coarse_1e19,g1_tmoe_coarse_1e19,1e19,temporal,8,58,sequence,3,238,1429,6983,710,0.6407
g1_tmoe_coarse_1e19,g1_tmoe_coarse_1e19,1e19,temporal,8,59,sequence,3,238,1429,6983,887,0.6009
g1_tmoe_coarse_1e19,g1_tmoe_coarse_1e19,1e19,temporal,8,60,sequence,3,238,1429,6983,841,0.688
g1_tmoe_coarse_1e19,g1_tmoe_coarse_1e19,1e19,temporal,8,61,sequence,3,238,1429,6983,632,0.6177
g1_tmoe_coarse_1e19,g1_tmoe_coarse_1e19,1e19,temporal,8,62,sequence,3,238,1429,6983,437,0.66
g1_tmoe_coarse_1e19,g1_tmoe_coarse_1e19,1e19,temporal,8,63,sequence,3,238,1429,6983,512,0.622
g1_tmoe_coarse_1e19,g1_tmoe_coarse_1e19,1e19,temporal,8,0,sequence,4,1982,4940,8353,928,0.5851
g1_tmoe_coarse_1e19,g1_tmoe_coarse_1e19,1e19,temporal,8,1,sequence,4,1982,4940,8353,856,0.5278
g1_tmoe_coarse_1e19,g1_tmoe_coarse_1e19,1e19,temporal,8,2,sequence,4,1982,4940,8353,1134,0.5706
g1_tmoe_coarse_1e19,g1_tmoe_coarse_1e19,1e19,temporal,8,3,sequence,4,1982,4940,8353,821,0.6399
g1_tmoe_coarse_1e19,g1_tmoe_coarse_1e19,1e19,temporal,8,4,sequence,4,1982,4940,8353,791,0.5683
g1_tmoe_coarse_1e19,g1_tmoe_coarse_1e19,1e19,temporal,8,5,sequence,4,1982,4940,8353,680,0.583
g1_tmoe_coarse_1e19,g1_tmoe_coarse_1e19,1e19,temporal,8,6,sequence,4,1982,4940,8353,670,0.5923
g1_tmoe_coarse_1e19,g1_tmoe_coarse_1e19,1e19,temporal,8,7,sequence,4,1982,4940,8353,891,0.5207
g1_tmoe_coarse_1e19,g1_tmoe_coarse_1e19,1e19,temporal,8,8,sequence,4,1982,4940,8353,481,0.6552
g1_tmoe_coarse_1e19,g1_tmoe_coarse_1e19,1e19,temporal,8,9,sequence,4,1982,4940,8353,797,0.7542
g1_tmoe_coarse_1e19,g1_tmoe_coarse_1e19,1e19,temporal,8,10,sequence,4,1982,4940,8353,693,0.5834
g1_tmoe_coarse_1e19,g1_tmoe_coarse_1e19,1e19,temporal,8,11,sequence,4,1982,4940,8353,962,0.5424
g1_tmoe_coarse_1e19,g1_tmoe_coarse_1e19,1e19,temporal,8,12,sequence,4,1982,4940,8353,567,0.661
g1_tmoe_coarse_1e19,g1_tmoe_coarse_1e19,1e19,temporal,8,13,sequence,4,1982,4940,8353,617,0.503
g1_tmoe_coarse_1e19,g1_tmoe_coarse_1e19,1e19,temporal,8,14,sequence,4,1982,4940,8353,1149,0.79
g1_tmoe_coarse_1e19,g1_tmoe_coarse_1e19,1e19,temporal,8,15,sequence,4,1982,4940,8353,605,0.6009
g1_tmoe_coarse_1e19,g1_tmoe_coarse_1e19,1e19,temporal,8,16,sequence,4,1982,4940,8353,1176,0.5634
g1_tmoe_coarse_1e19,g1_tmoe_coarse_1e19,1e19,temporal,8,17,sequence,4,1982,4940,8353,915,0.5643
g1_tmoe_coarse_1e19,g1_tmoe_coarse_1e19,1e19,temporal,8,18,sequence,4,1982,4940,8353,403,0.6207
g1_tmoe_coarse_1e19,g1_tmoe_coarse_1e19,1e19,temporal,8,19,sequence,4,1982,4940,8353,882,0.5895
g1_tmoe_coarse_1e19,g1_tmoe_coarse_1e19,1e19,temporal,8,20,sequence,4,1982,4940,8353,923,0.598
g1_tmoe_coarse_1e19,g1_tmoe_coarse_1e19,1e19,temporal,8,21,sequence,4,1982,4940,8353,819,0.6169
g1_tmoe_coarse_1e19,g1_tmoe_coarse_1e19,1e19,temporal,8,22,sequence,4,1982,4940,8353,896,0.6563
g1_tmoe_coarse_1e19,g1_tmoe_coarse_1e19,1e19,temporal,8,23,sequence,4,1982,4940,8353,594,0.6103
g1_tmoe_coarse_1e19,g1_tmoe_coarse_1e19,1e19,temporal,8,24,sequence,4,1982,4940,8353,721,0.5538
g1_tmoe_coarse_1e19,g1_tmoe_coarse_1e19,1e19,temporal,8,25,sequence,4,1982,4940,8353,600,0.564
g1_tmoe_coarse_1e19,g1_tmoe_coarse_1e19,1e19,temporal,8,26,sequence,4,1982,4940,8353,794,0.5908
g1_tmoe_coarse_1e19,g1_tmoe_coarse_1e19,1e19,temporal,8,27,sequence,4,1982,4940,8353,518,0.5903
g1_tmoe_coarse_1e19,g1_tmoe_coarse_1e19,1e19,temporal,8,28,sequence,4,1982,4940,8353,854,0.6208
g1_tmoe_coarse_1e19,g1_tmoe_coarse_1e19,1e19,temporal,8,29,sequence,4,1982,4940,8353,854,0.6229
g1_tmoe_coarse_1e19,g1_tmoe_coarse_1e19,1e19,temporal,8,30,sequence,4,1982,4940,8353,844,0.6085
g1_tmoe_coarse_1e19,g1_tmoe_coarse_1e19,1e19,temporal,8,31,sequence,4,1982,4940,8353,714,0.6718
g1_tmoe_coarse_1e19,g1_tmoe_coarse_1e19,1e19,temporal,8,32,sequence,4,1982,4940,8353,854,0.7238
g1_tmoe_coarse_1e19,g1_tmoe_coarse_1e19,1e19,temporal,8,33,sequence,4,1982,4940,8353,730,0.6055
g1_tmoe_coarse_1e19,g1_tmoe_coarse_1e19,1e19,temporal,8,34,sequence,4,1982,4940,8353,634,0.5383
g1_tmoe_coarse_1e19,g1_tmoe_coarse_1e19,1e19,temporal,8,35,sequence,4,1982,4940,8353,866,0.5881
g1_tmoe_coarse_1e19,g1_tmoe_coarse_1e19,1e19,temporal,8,36,sequence,4,1982,4940,8353,843,0.5669
g1_tmoe_coarse_1e19,g1_tmoe_coarse_1e19,1e19,temporal,8,37,sequence,4,1982,4940,8353,691,0.582
g1_tmoe_coarse_1e19,g1_tmoe_coarse_1e19,1e19,temporal,8,38,sequence,4,1982,4940,8353,707,0.5444
g1_tmoe_coarse_1e19,g1_tmoe_coarse_1e19,1e19,temporal,8,39,sequence,4,1982,4940,8353,976,0.7392
g1_tmoe_coarse_1e19,g1_tmoe_coarse_1e19,1e19,temporal,8,40,sequence,4,1982,4940,8353,679,0.5603
g1_tmoe_coarse_1e19,g1_tmoe_coarse_1e19,1e19,temporal,8,41,sequence,4,1982,4940,8353,753,0.8384
g1_tmoe_coarse_1e19,g1_tmoe_coarse_1e19,1e19,temporal,8,42,sequence,4,1982,4940,8353,877,0.5804
g1_tmoe_coarse_1e19,g1_tmoe_coarse_1e19,1e19,temporal,8,43,sequence,4,1982,4940,8353,672,0.5671
g1_tmoe_coarse_1e19,g1_tmoe_coarse_1e19,1e19,temporal,8,44,sequence,4,1982,4940,8353,527,0.5576
g1_tmoe_coarse_1e19,g1_tmoe_coarse_1e19,1e19,temporal,8,45,sequence,4,1982,4940,8353,665,0.5445
g1_tmoe_coarse_1e19,g1_tmoe_coarse_1e19,1e19,temporal,8,46,sequence,4,1982,4940,8353,640,0.6308
g1_tmoe_coarse_1e19,g1_tmoe_coarse_1e19,1e19,temporal,8,47,sequence,4,1982,4940,8353,1559,0.821
g1_tmoe_coarse_1e19,g1_tmoe_coarse_1e19,1e19,temporal,8,48,sequence,4,1982,4940,8353,856,0.57
g1_tmoe_coarse_1e19,g1_tmoe_coarse_1e19,1e19,temporal,8,49,sequence,4,1982,4940,8353,917,0.6369
g1_tmoe_coarse_1e19,g1_tmoe_coarse_1e19,1e19,temporal,8,50,sequence,4,1982,4940,8353,884,0.6058
g1_tmoe_coarse_1e19,g1_tmoe_coarse_1e19,1e19,temporal,8,51,sequence,4,1982,4940,8353,790,0.5906
g1_tmoe_coarse_1e19,g1_tmoe_coarse_1e19,1e19,temporal,8,52,sequence,4,1982,4940,8353,674,0.6196
g1_tmoe_coarse_1e19,g1_tmoe_coarse_1e19,1e19,temporal,8,53,sequence,4,1982,4940,8353,762,0.6523
g1_tmoe_coarse_1e19,g1_tmoe_coarse_1e19,1e19,temporal,8,54,sequence,4,1982,4940,8353,658,0.63
g1_tmoe_coarse_1e19,g1_tmoe_coarse_1e19,1e19,temporal,8,55,sequence,4,1982,4940,8353,537,0.5033
g1_tmoe_coarse_1e19,g1_tmoe_coarse_1e19,1e19,temporal,8,56,sequence,4,1982,4940,8353,905,0.6881
g1_tmoe_coarse_1e19,g1_tmoe_coarse_1e19,1e19,temporal,8,57,sequence,4,1982,4940,8353,570,0.5519
g1_tmoe_coarse_1e19,g1_tmoe_coarse_1e19,1e19,temporal,8,58,sequence,4,1982,4940,8353,868,0.5678
g1_tmoe_coarse_1e19,g1_tmoe_coarse_1e19,1e19,temporal,8,59,sequence,4,1982,4940,8353,807,0.5742
g1_tmoe_coarse_1e19,g1_tmoe_coarse_1e19,1e19,temporal,8,60,sequence,4,1982,4940,8353,695,0.6087
g1_tmoe_coarse_1e19,g1_tmoe_coarse_1e19,1e19,temporal,8,61,sequence,4,1982,4940,8353,940,0.7146
g1_tmoe_coarse_1e19,g1_tmoe_coarse_1e19,1e19,temporal,8,62,sequence,4,1982,4940,8353,761,0.5923
g1_tmoe_coarse_1e19,g1_tmoe_coarse_1e19,1e19,temporal,8,63,sequence,4,1982,4940,8353,672,0.6286
g1_tmoe_coarse_1e19,g1_tmoe_coarse_1e19,1e19,temporal,9,0,sequence,0,1,6,8017,726,0.51
g1_tmoe_coarse_1e19,g1_tmoe_coarse_1e19,1e19,temporal,9,1,sequence,0,1,6,8017,828,0.5366
g1_tmoe_coarse_1e19,g1_tmoe_coarse_1e19,1e19,temporal,9,2,sequence,0,1,6,8017,935,0.5639
g1_tmoe_coarse_1e19,g1_tmoe_coarse_1e19,1e19,temporal,9,3,sequence,0,1,6,8017,756,0.5249
g1_tmoe_coarse_1e19,g1_tmoe_coarse_1e19,1e19,temporal,9,4,sequence,0,1,6,8017,762,0.5436
g1_tmoe_coarse_1e19,g1_tmoe_coarse_1e19,1e19,temporal,9,5,sequence,0,1,6,8017,903,0.6185
g1_tmoe_coarse_1e19,g1_tmoe_coarse_1e19,1e19,temporal,9,6,sequence,0,1,6,8017,1365,0.6305
g1_tmoe_coarse_1e19,g1_tmoe_coarse_1e19,1e19,temporal,9,7,sequence,0,1,6,8017,671,0.5024
g1_tmoe_coarse_1e19,g1_tmoe_coarse_1e19,1e19,temporal,9,8,sequence,0,1,6,8017,562,0.5412
g1_tmoe_coarse_1e19,g1_tmoe_coarse_1e19,1e19,temporal,9,9,sequence,0,1,6,8017,700,0.5495
g1_tmoe_coarse_1e19,g1_tmoe_coarse_1e19,1e19,temporal,9,10,sequence,0,1,6,8017,528,0.5355
g1_tmoe_coarse_1e19,g1_tmoe_coarse_1e19,1e19,temporal,9,11,sequence,0,1,6,8017,668,0.5485
g1_tmoe_coarse_1e19,g1_tmoe_coarse_1e19,1e19,temporal,9,12,sequence,0,1,6,8017,744,0.5565
g1_tmoe_coarse_1e19,g1_tmoe_coarse_1e19,1e19,temporal,9,13,sequence,0,1,6,8017,811,0.5252
g1_tmoe_coarse_1e19,g1_tmoe_coarse_1e19,1e19,temporal,9,14,sequence,0,1,6,8017,790,0.5331
g1_tmoe_coarse_1e19,g1_tmoe_coarse_1e19,1e19,temporal,9,15,sequence,0,1,6,8017,780,0.5726
g1_tmoe_coarse_1e19,g1_tmoe_coarse_1e19,1e19,temporal,9,16,sequence,0,1,6,8017,767,0.5333
g1_tmoe_coarse_1e19,g1_tmoe_coarse_1e19,1e19,temporal,9,17,sequence,0,1,6,8017,883,0.5987
g1_tmoe_coarse_1e19,g1_tmoe_coarse_1e19,1e19,temporal,9,18,sequence,0,1,6,8017,463,0.5057
g1_tmoe_coarse_1e19,g1_tmoe_coarse_1e19,1e19,temporal,9,19,sequence,0,1,6,8017,612,0.5303
g1_tmoe_coarse_1e19,g1_tmoe_coarse_1e19,1e19,temporal,9,20,sequence,0,1,6,8017,706,0.5674
g1_tmoe_coarse_1e19,g1_tmoe_coarse_1e19,1e19,temporal,9,21,sequence,0,1,6,8017,757,0.5446
g1_tmoe_coarse_1e19,g1_tmoe_coarse_1e19,1e19,temporal,9,22,sequence,0,1,6,8017,827,0.5324
g1_tmoe_coarse_1e19,g1_tmoe_coarse_1e19,1e19,temporal,9,23,sequence,0,1,6,8017,619,0.5659
g1_tmoe_coarse_1e19,g1_tmoe_coarse_1e19,1e19,temporal,9,24,sequence,0,1,6,8017,569,0.5788
g1_tmoe_coarse_1e19,g1_tmoe_coarse_1e19,1e19,temporal,9,25,sequence,0,1,6,8017,540,0.5155
g1_tmoe_coarse_1e19,g1_tmoe_coarse_1e19,1e19,temporal,9,26,sequence,0,1,6,8017,738,0.5558
g1_tmoe_coarse_1e19,g1_tmoe_coarse_1e19,1e19,temporal,9,27,sequence,0,1,6,8017,700,0.5648
g1_tmoe_coarse_1e19,g1_tmoe_coarse_1e19,1e19,temporal,9,28,sequence,0,1,6,8017,803,0.58
g1_tmoe_coarse_1e19,g1_tmoe_coarse_1e19,1e19,temporal,9,29,sequence,0,1,6,8017,586,0.5168
g1_tmoe_coarse_1e19,g1_tmoe_coarse_1e19,1e19,temporal,9,30,sequence,0,1,6,8017,553,0.543
g1_tmoe_coarse_1e19,g1_tmoe_coarse_1e19,1e19,temporal,9,31,sequence,0,1,6,8017,642,0.5206
g1_tmoe_coarse_1e19,g1_tmoe_coarse_1e19,1e19,temporal,9,32,sequence,0,1,6,8017,855,0.5367
g1_tmoe_coarse_1e19,g1_tmoe_coarse_1e19,1e19,temporal,9,33,sequence,0,1,6,8017,1051,0.5331
g1_tmoe_coarse_1e19,g1_tmoe_coarse_1e19,1e19,temporal,9,34,sequence,0,1,6,8017,856,0.5974
g1_tmoe_coarse_1e19,g1_tmoe_coarse_1e19,1e19,temporal,9,35,sequence,0,1,6,8017,781,0.5102
g1_tmoe_coarse_1e19,g1_tmoe_coarse_1e19,1e19,temporal,9,36,sequence,0,1,6,8017,607,0.4978
g1_tmoe_coarse_1e19,g1_tmoe_coarse_1e19,1e19,temporal,9,37,sequence,0,1,6,8017,690,0.5081
g1_tmoe_coarse_1e19,g1_tmoe_coarse_1e19,1e19,temporal,9,38,sequence,0,1,6,8017,727,0.5546
g1_tmoe_coarse_1e19,g1_tmoe_coarse_1e19,1e19,temporal,9,39,sequence,0,1,6,8017,786,0.5301
g1_tmoe_coarse_1e19,g1_tmoe_coarse_1e19,1e19,temporal,9,40,sequence,0,1,6,8017,974,0.6126
g1_tmoe_coarse_1e19,g1_tmoe_coarse_1e19,1e19,temporal,9,41,sequence,0,1,6,8017,1167,0.5962
g1_tmoe_coarse_1e19,g1_tmoe_coarse_1e19,1e19,temporal,9,42,sequence,0,1,6,8017,727,0.538
g1_tmoe_coarse_1e19,g1_tmoe_coarse_1e19,1e19,temporal,9,43,sequence,0,1,6,8017,519,0.5639
g1_tmoe_coarse_1e19,g1_tmoe_coarse_1e19,1e19,temporal,9,44,sequence,0,1,6,8017,870,0.5447
g1_tmoe_coarse_1e19,g1_tmoe_coarse_1e19,1e19,temporal,9,45,sequence,0,1,6,8017,784,0.5427
g1_tmoe_coarse_1e19,g1_tmoe_coarse_1e19,1e19,temporal,9,46,sequence,0,1,6,8017,728,0.574
g1_tmoe_coarse_1e19,g1_tmoe_coarse_1e19,1e19,temporal,9,47,sequence,0,1,6,8017,903,0.5654
g1_tmoe_coarse_1e19,g1_tmoe_coarse_1e19,1e19,temporal,9,48,sequence,0,1,6,8017,683,0.5648
g1_tmoe_coarse_1e19,g1_tmoe_coarse_1e19,1e19,temporal,9,49,sequence,0,1,6,8017,917,0.5664
g1_tmoe_coarse_1e19,g1_tmoe_coarse_1e19,1e19,temporal,9,50,sequence,0,1,6,8017,773,0.5583
g1_tmoe_coarse_1e19,g1_tmoe_coarse_1e19,1e19,temporal,9,51,sequence,0,1,6,8017,514,0.503
g1_tmoe_coarse_1e19,g1_tmoe_coarse_1e19,1e19,temporal,9,52,sequence,0,1,6,8017,900,0.5642
g1_tmoe_coarse_1e19,g1_tmoe_coarse_1e19,1e19,temporal,9,53,sequence,0,1,6,8017,594,0.5005
g1_tmoe_coarse_1e19,g1_tmoe_coarse_1e19,1e19,temporal,9,54,sequence,0,1,6,8017,733,0.5406
g1_tmoe_coarse_1e19,g1_tmoe_coarse_1e19,1e19,temporal,9,55,sequence,0,1,6,8017,611,0.5648
g1_tmoe_coarse_1e19,g1_tmoe_coarse_1e19,1e19,temporal,9,56,sequence,0,1,6,8017,836,0.5532
g1_tmoe_coarse_1e19,g1_tmoe_coarse_1e19,1e19,temporal,9,57,sequence,0,1,6,8017,770,0.5406
g1_tmoe_coarse_1e19,g1_tmoe_coarse_1e19,1e19,temporal,9,58,sequence,0,1,6,8017,677,0.563
g1_tmoe_coarse_1e19,g1_tmoe_coarse_1e19,1e19,temporal,9,59,sequence,0,1,6,8017,660,0.5448
g1_tmoe_coarse_1e19,g1_tmoe_coarse_1e19,1e19,temporal,9,60,sequence,0,1,6,8017,970,0.5583
g1_tmoe_coarse_1e19,g1_tmoe_coarse_1e19,1e19,temporal,9,61,sequence,0,1,6,8017,645,0.5242
g1_tmoe_coarse_1e19,g1_tmoe_coarse_1e19,1e19,temporal,9,62,sequence,0,1,6,8017,692,0.5361
g1_tmoe_coarse_1e19,g1_tmoe_coarse_1e19,1e19,temporal,9,63,sequence,0,1,6,8017,808,0.6079
g1_tmoe_coarse_1e19,g1_tmoe_coarse_1e19,1e19,temporal,9,0,sequence,1,6,32,7862,734,0.5273
g1_tmoe_coarse_1e19,g1_tmoe_coarse_1e19,1e19,temporal,9,1,sequence,1,6,32,7862,719,0.5578
g1_tmoe_coarse_1e19,g1_tmoe_coarse_1e19,1e19,temporal,9,2,sequence,1,6,32,7862,977,0.5531
g1_tmoe_coarse_1e19,g1_tmoe_coarse_1e19,1e19,temporal,9,3,sequence,1,6,32,7862,656,0.5967
g1_tmoe_coarse_1e19,g1_tmoe_coarse_1e19,1e19,temporal,9,4,sequence,1,6,32,7862,764,0.5638
g1_tmoe_coarse_1e19,g1_tmoe_coarse_1e19,1e19,temporal,9,5,sequence,1,6,32,7862,731,0.6075
g1_tmoe_coarse_1e19,g1_tmoe_coarse_1e19,1e19,temporal,9,6,sequence,1,6,32,7862,1102,0.636
g1_tmoe_coarse_1e19,g1_tmoe_coarse_1e19,1e19,temporal,9,7,sequence,1,6,32,7862,676,0.5453
g1_tmoe_coarse_1e19,g1_tmoe_coarse_1e19,1e19,temporal,9,8,sequence,1,6,32,7862,652,0.5422
g1_tmoe_coarse_1e19,g1_tmoe_coarse_1e19,1e19,temporal,9,9,sequence,1,6,32,7862,663,0.5674
g1_tmoe_coarse_1e19,g1_tmoe_coarse_1e19,1e19,temporal,9,10,sequence,1,6,32,7862,650,0.5863
g1_tmoe_coarse_1e19,g1_tmoe_coarse_1e19,1e19,temporal,9,11,sequence,1,6,32,7862,701,0.5678
g1_tmoe_coarse_1e19,g1_tmoe_coarse_1e19,1e19,temporal,9,12,sequence,1,6,32,7862,763,0.5682
g1_tmoe_coarse_1e19,g1_tmoe_coarse_1e19,1e19,temporal,9,13,sequence,1,6,32,7862,815,0.538
g1_tmoe_coarse_1e19,g1_tmoe_coarse_1e19,1e19,temporal,9,14,sequence,1,6,32,7862,802,0.5417
g1_tmoe_coarse_1e19,g1_tmoe_coarse_1e19,1e19,temporal,9,15,sequence,1,6,32,7862,846,0.5944
g1_tmoe_coarse_1e19,g1_tmoe_coarse_1e19,1e19,temporal,9,16,sequence,1,6,32,7862,848,0.5358
g1_tmoe_coarse_1e19,g1_tmoe_coarse_1e19,1e19,temporal,9,17,sequence,1,6,32,7862,715,0.6228
g1_tmoe_coarse_1e19,g1_tmoe_coarse_1e19,1e19,temporal,9,18,sequence,1,6,32,7862,544,0.5793
g1_tmoe_coarse_1e19,g1_tmoe_coarse_1e19,1e19,temporal,9,19,sequence,1,6,32,7862,607,0.5945
g1_tmoe_coarse_1e19,g1_tmoe_coarse_1e19,1e19,temporal,9,20,sequence,1,6,32,7862,714,0.574
g1_tmoe_coarse_1e19,g1_tmoe_coarse_1e19,1e19,temporal,9,21,sequence,1,6,32,7862,872,0.5886
g1_tmoe_coarse_1e19,g1_tmoe_coarse_1e19,1e19,temporal,9,22,sequence,1,6,32,7862,871,0.5512
g1_tmoe_coarse_1e19,g1_tmoe_coarse_1e19,1e19,temporal,9,23,sequence,1,6,32,7862,691,0.6015
g1_tmoe_coarse_1e19,g1_tmoe_coarse_1e19,1e19,temporal,9,24,sequence,1,6,32,7862,638,0.6057
g1_tmoe_coarse_1e19,g1_tmoe_coarse_1e19,1e19,temporal,9,25,sequence,1,6,32,7862,645,0.5655
g1_tmoe_coarse_1e19,g1_tmoe_coarse_1e19,1e19,temporal,9,26,sequence,1,6,32,7862,835,0.5521
g1_tmoe_coarse_1e19,g1_tmoe_coarse_1e19,1e19,temporal,9,27,sequence,1,6,32,7862,725,0.5987
g1_tmoe_coarse_1e19,g1_tmoe_coarse_1e19,1e19,temporal,9,28,sequence,1,6,32,7862,747,0.5907
g1_tmoe_coarse_1e19,g1_tmoe_coarse_1e19,1e19,temporal,9,29,sequence,1,6,32,7862,663,0.5611
g1_tmoe_coarse_1e19,g1_tmoe_coarse_1e19,1e19,temporal,9,30,sequence,1,6,32,7862,626,0.5706
g1_tmoe_coarse_1e19,g1_tmoe_coarse_1e19,1e19,temporal,9,31,sequence,1,6,32,7862,750,0.5498
g1_tmoe_coarse_1e19,g1_tmoe_coarse_1e19,1e19,temporal,9,32,sequence,1,6,32,7862,712,0.5465
g1_tmoe_coarse_1e19,g1_tmoe_coarse_1e19,1e19,temporal,9,33,sequence,1,6,32,7862,881,0.5631
g1_tmoe_coarse_1e19,g1_tmoe_coarse_1e19,1e19,temporal,9,34,sequence,1,6,32,7862,695,0.6587
g1_tmoe_coarse_1e19,g1_tmoe_coarse_1e19,1e19,temporal,9,35,sequence,1,6,32,7862,790,0.5691
g1_tmoe_coarse_1e19,g1_tmoe_coarse_1e19,1e19,temporal,9,36,sequence,1,6,32,7862,607,0.544
g1_tmoe_coarse_1e19,g1_tmoe_coarse_1e19,1e19,temporal,9,37,sequence,1,6,32,7862,678,0.5609
g1_tmoe_coarse_1e19,g1_tmoe_coarse_1e19,1e19,temporal,9,38,sequence,1,6,32,7862,793,0.5613
g1_tmoe_coarse_1e19,g1_tmoe_coarse_1e19,1e19,temporal,9,39,sequence,1,6,32,7862,714,0.5612
g1_tmoe_coarse_1e19,g1_tmoe_coarse_1e19,1e19,temporal,9,40,sequence,1,6,32,7862,702,0.632
g1_tmoe_coarse_1e19,g1_tmoe_coarse_1e19,1e19,temporal,9,41,sequence,1,6,32,7862,1029,0.5917
g1_tmoe_coarse_1e19,g1_tmoe_coarse_1e19,1e19,temporal,9,42,sequence,1,6,32,7862,749,0.5384
g1_tmoe_coarse_1e19,g1_tmoe_coarse_1e19,1e19,temporal,9,43,sequence,1,6,32,7862,641,0.6018
g1_tmoe_coarse_1e19,g1_tmoe_coarse_1e19,1e19,temporal,9,44,sequence,1,6,32,7862,672,0.5761
g1_tmoe_coarse_1e19,g1_tmoe_coarse_1e19,1e19,temporal,9,45,sequence,1,6,32,7862,726,0.5992
g1_tmoe_coarse_1e19,g1_tmoe_coarse_1e19,1e19,temporal,9,46,sequence,1,6,32,7862,639,0.5874
g1_tmoe_coarse_1e19,g1_tmoe_coarse_1e19,1e19,temporal,9,47,sequence,1,6,32,7862,834,0.589
g1_tmoe_coarse_1e19,g1_tmoe_coarse_1e19,1e19,temporal,9,48,sequence,1,6,32,7862,779,0.6004
g1_tmoe_coarse_1e19,g1_tmoe_coarse_1e19,1e19,temporal,9,49,sequence,1,6,32,7862,871,0.6078
g1_tmoe_coarse_1e19,g1_tmoe_coarse_1e19,1e19,temporal,9,50,sequence,1,6,32,7862,824,0.6037
g1_tmoe_coarse_1e19,g1_tmoe_coarse_1e19,1e19,temporal,9,51,sequence,1,6,32,7862,562,0.5704
g1_tmoe_coarse_1e19,g1_tmoe_coarse_1e19,1e19,temporal,9,52,sequence,1,6,32,7862,775,0.5609
g1_tmoe_coarse_1e19,g1_tmoe_coarse_1e19,1e19,temporal,9,53,sequence,1,6,32,7862,650,0.5353
g1_tmoe_coarse_1e19,g1_tmoe_coarse_1e19,1e19,temporal,9,54,sequence,1,6,32,7862,705,0.6022
g1_tmoe_coarse_1e19,g1_tmoe_coarse_1e19,1e19,temporal,9,55,sequence,1,6,32,7862,599,0.5905
g1_tmoe_coarse_1e19,g1_tmoe_coarse_1e19,1e19,temporal,9,56,sequence,1,6,32,7862,814,0.6008
g1_tmoe_coarse_1e19,g1_tmoe_coarse_1e19,1e19,temporal,9,57,sequence,1,6,32,7862,775,0.5671
g1_tmoe_coarse_1e19,g1_tmoe_coarse_1e19,1e19,temporal,9,58,sequence,1,6,32,7862,720,0.5858
g1_tmoe_coarse_1e19,g1_tmoe_coarse_1e19,1e19,temporal,9,59,sequence,1,6,32,7862,708,0.5881
g1_tmoe_coarse_1e19,g1_tmoe_coarse_1e19,1e19,temporal,9,60,sequence,1,6,32,7862,735,0.5879
g1_tmoe_coarse_1e19,g1_tmoe_coarse_1e19,1e19,temporal,9,61,sequence,1,6,32,7862,742,0.5485
g1_tmoe_coarse_1e19,g1_tmoe_coarse_1e19,1e19,temporal,9,62,sequence,1,6,32,7862,681,0.5559
g1_tmoe_coarse_1e19,g1_tmoe_coarse_1e19,1e19,temporal,9,63,sequence,1,6,32,7862,628,0.6834
g1_tmoe_coarse_1e19,g1_tmoe_coarse_1e19,1e19,temporal,9,0,sequence,2,32,221,7697,757,0.6059
g1_tmoe_coarse_1e19,g1_tmoe_coarse_1e19,1e19,temporal,9,1,sequence,2,32,221,7697,802,0.5995
g1_tmoe_coarse_1e19,g1_tmoe_coarse_1e19,1e19,temporal,9,2,sequence,2,32,221,7697,1014,0.5632
g1_tmoe_coarse_1e19,g1_tmoe_coarse_1e19,1e19,temporal,9,3,sequence,2,32,221,7697,449,0.5466
g1_tmoe_coarse_1e19,g1_tmoe_coarse_1e19,1e19,temporal,9,4,sequence,2,32,221,7697,715,0.6174
g1_tmoe_coarse_1e19,g1_tmoe_coarse_1e19,1e19,temporal,9,5,sequence,2,32,221,7697,526,0.6109
g1_tmoe_coarse_1e19,g1_tmoe_coarse_1e19,1e19,temporal,9,6,sequence,2,32,221,7697,980,0.6663
g1_tmoe_coarse_1e19,g1_tmoe_coarse_1e19,1e19,temporal,9,7,sequence,2,32,221,7697,536,0.5658
g1_tmoe_coarse_1e19,g1_tmoe_coarse_1e19,1e19,temporal,9,8,sequence,2,32,221,7697,786,0.6178
g1_tmoe_coarse_1e19,g1_tmoe_coarse_1e19,1e19,temporal,9,9,sequence,2,32,221,7697,537,0.6041
g1_tmoe_coarse_1e19,g1_tmoe_coarse_1e19,1e19,temporal,9,10,sequence,2,32,221,7697,769,0.5945
g1_tmoe_coarse_1e19,g1_tmoe_coarse_1e19,1e19,temporal,9,11,sequence,2,32,221,7697,826,0.6445
g1_tmoe_coarse_1e19,g1_tmoe_coarse_1e19,1e19,temporal,9,12,sequence,2,32,221,7697,635,0.6135
g1_tmoe_coarse_1e19,g1_tmoe_coarse_1e19,1e19,temporal,9,13,sequence,2,32,221,7697,813,0.588
g1_tmoe_coarse_1e19,g1_tmoe_coarse_1e19,1e19,temporal,9,14,sequence,2,32,221,7697,960,0.5847
g1_tmoe_coarse_1e19,g1_tmoe_coarse_1e19,1e19,temporal,9,15,sequence,2,32,221,7697,718,0.6948
g1_tmoe_coarse_1e19,g1_tmoe_coarse_1e19,1e19,temporal,9,16,sequence,2,32,221,7697,1155,0.6627
g1_tmoe_coarse_1e19,g1_tmoe_coarse_1e19,1e19,temporal,9,17,sequence,2,32,221,7697,373,0.5901
g1_tmoe_coarse_1e19,g1_tmoe_coarse_1e19,1e19,temporal,9,18,sequence,2,32,221,7697,787,0.6305
g1_tmoe_coarse_1e19,g1_tmoe_coarse_1e19,1e19,temporal,9,19,sequence,2,32,221,7697,586,0.6335
g1_tmoe_coarse_1e19,g1_tmoe_coarse_1e19,1e19,temporal,9,20,sequence,2,32,221,7697,919,0.6474
g1_tmoe_coarse_1e19,g1_tmoe_coarse_1e19,1e19,temporal,9,21,sequence,2,32,221,7697,778,0.6431
g1_tmoe_coarse_1e19,g1_tmoe_coarse_1e19,1e19,temporal,9,22,sequence,2,32,221,7697,865,0.61
g1_tmoe_coarse_1e19,g1_tmoe_coarse_1e19,1e19,temporal,9,23,sequence,2,32,221,7697,747,0.5874
g1_tmoe_coarse_1e19,g1_tmoe_coarse_1e19,1e19,temporal,9,24,sequence,2,32,221,7697,549,0.5936
g1_tmoe_coarse_1e19,g1_tmoe_coarse_1e19,1e19,temporal,9,25,sequence,2,32,221,7697,636,0.5832
g1_tmoe_coarse_1e19,g1_tmoe_coarse_1e19,1e19,temporal,9,26,sequence,2,32,221,7697,1055,0.6283
g1_tmoe_coarse_1e19,g1_tmoe_coarse_1e19,1e19,temporal,9,27,sequence,2,32,221,7697,718,0.6244
g1_tmoe_coarse_1e19,g1_tmoe_coarse_1e19,1e19,temporal,9,28,sequence,2,32,221,7697,624,0.5842
g1_tmoe_coarse_1e19,g1_tmoe_coarse_1e19,1e19,temporal,9,29,sequence,2,32,221,7697,697,0.591
g1_tmoe_coarse_1e19,g1_tmoe_coarse_1e19,1e19,temporal,9,30,sequence,2,32,221,7697,617,0.5879
g1_tmoe_coarse_1e19,g1_tmoe_coarse_1e19,1e19,temporal,9,31,sequence,2,32,221,7697,715,0.5762
g1_tmoe_coarse_1e19,g1_tmoe_coarse_1e19,1e19,temporal,9,32,sequence,2,32,221,7697,700,0.5872
g1_tmoe_coarse_1e19,g1_tmoe_coarse_1e19,1e19,temporal,9,33,sequence,2,32,221,7697,622,0.6274
g1_tmoe_coarse_1e19,g1_tmoe_coarse_1e19,1e19,temporal,9,34,sequence,2,32,221,7697,491,0.6746
g1_tmoe_coarse_1e19,g1_tmoe_coarse_1e19,1e19,temporal,9,35,sequence,2,32,221,7697,994,0.6193
g1_tmoe_coarse_1e19,g1_tmoe_coarse_1e19,1e19,temporal,9,36,sequence,2,32,221,7697,621,0.6014
g1_tmoe_coarse_1e19,g1_tmoe_coarse_1e19,1e19,temporal,9,37,sequence,2,32,221,7697,691,0.6491
g1_tmoe_coarse_1e19,g1_tmoe_coarse_1e19,1e19,temporal,9,38,sequence,2,32,221,7697,809,0.6574
g1_tmoe_coarse_1e19,g1_tmoe_coarse_1e19,1e19,temporal,9,39,sequence,2,32,221,7697,706,0.6191
g1_tmoe_coarse_1e19,g1_tmoe_coarse_1e19,1e19,temporal,9,40,sequence,2,32,221,7697,474,0.67
g1_tmoe_coarse_1e19,g1_tmoe_coarse_1e19,1e19,temporal,9,41,sequence,2,32,221,7697,641,0.6039
g1_tmoe_coarse_1e19,g1_tmoe_coarse_1e19,1e19,temporal,9,42,sequence,2,32,221,7697,604,0.529
g1_tmoe_coarse_1e19,g1_tmoe_coarse_1e19,1e19,temporal,9,43,sequence,2,32,221,7697,961,0.6606
g1_tmoe_coarse_1e19,g1_tmoe_coarse_1e19,1e19,temporal,9,44,sequence,2,32,221,7697,845,0.6728
g1_tmoe_coarse_1e19,g1_tmoe_coarse_1e19,1e19,temporal,9,45,sequence,2,32,221,7697,610,0.668
g1_tmoe_coarse_1e19,g1_tmoe_coarse_1e19,1e19,temporal,9,46,sequence,2,32,221,7697,740,0.6311
g1_tmoe_coarse_1e19,g1_tmoe_coarse_1e19,1e19,temporal,9,47,sequence,2,32,221,7697,775,0.6302
g1_tmoe_coarse_1e19,g1_tmoe_coarse_1e19,1e19,temporal,9,48,sequence,2,32,221,7697,844,0.6387
g1_tmoe_coarse_1e19,g1_tmoe_coarse_1e19,1e19,temporal,9,49,sequence,2,32,221,7697,806,0.5673
g1_tmoe_coarse_1e19,g1_tmoe_coarse_1e19,1e19,temporal,9,50,sequence,2,32,221,7697,646,0.5752
g1_tmoe_coarse_1e19,g1_tmoe_coarse_1e19,1e19,temporal,9,51,sequence,2,32,221,7697,738,0.6609
g1_tmoe_coarse_1e19,g1_tmoe_coarse_1e19,1e19,temporal,9,52,sequence,2,32,221,7697,804,0.584
g1_tmoe_coarse_1e19,g1_tmoe_coarse_1e19,1e19,temporal,9,53,sequence,2,32,221,7697,764,0.6381
g1_tmoe_coarse_1e19,g1_tmoe_coarse_1e19,1e19,temporal,9,54,sequence,2,32,221,7697,876,0.649
g1_tmoe_coarse_1e19,g1_tmoe_coarse_1e19,1e19,temporal,9,55,sequence,2,32,221,7697,602,0.6148
g1_tmoe_coarse_1e19,g1_tmoe_coarse_1e19,1e19,temporal,9,56,sequence,2,32,221,7697,777,0.6775
g1_tmoe_coarse_1e19,g1_tmoe_coarse_1e19,1e19,temporal,9,57,sequence,2,32,221,7697,737,0.5991
g1_tmoe_coarse_1e19,g1_tmoe_coarse_1e19,1e19,temporal,9,58,sequence,2,32,221,7697,609,0.6749
g1_tmoe_coarse_1e19,g1_tmoe_coarse_1e19,1e19,temporal,9,59,sequence,2,32,221,7697,646,0.6086
g1_tmoe_coarse_1e19,g1_tmoe_coarse_1e19,1e19,temporal,9,60,sequence,2,32,221,7697,502,0.5852
g1_tmoe_coarse_1e19,g1_tmoe_coarse_1e19,1e19,temporal,9,61,sequence,2,32,221,7697,725,0.6258
g1_tmoe_coarse_1e19,g1_tmoe_coarse_1e19,1e19,temporal,9,62,sequence,2,32,221,7697,608,0.6258
g1_tmoe_coarse_1e19,g1_tmoe_coarse_1e19,1e19,temporal,9,63,sequence,2,32,221,7697,570,0.6131
g1_tmoe_coarse_1e19,g1_tmoe_coarse_1e19,1e19,temporal,9,0,sequence,3,238,1429,6983,826,0.6408
g1_tmoe_coarse_1e19,g1_tmoe_coarse_1e19,1e19,temporal,9,1,sequence,3,238,1429,6983,826,0.6854
g1_tmoe_coarse_1e19,g1_tmoe_coarse_1e19,1e19,temporal,9,2,sequence,3,238,1429,6983,809,0.5212
g1_tmoe_coarse_1e19,g1_tmoe_coarse_1e19,1e19,temporal,9,3,sequence,3,238,1429,6983,398,0.5925
g1_tmoe_coarse_1e19,g1_tmoe_coarse_1e19,1e19,temporal,9,4,sequence,3,238,1429,6983,690,0.5946
g1_tmoe_coarse_1e19,g1_tmoe_coarse_1e19,1e19,temporal,9,5,sequence,3,238,1429,6983,496,0.6262
g1_tmoe_coarse_1e19,g1_tmoe_coarse_1e19,1e19,temporal,9,6,sequence,3,238,1429,6983,823,0.6565
g1_tmoe_coarse_1e19,g1_tmoe_coarse_1e19,1e19,temporal,9,7,sequence,3,238,1429,6983,588,0.6392
g1_tmoe_coarse_1e19,g1_tmoe_coarse_1e19,1e19,temporal,9,8,sequence,3,238,1429,6983,768,0.643
g1_tmoe_coarse_1e19,g1_tmoe_coarse_1e19,1e19,temporal,9,9,sequence,3,238,1429,6983,721,0.7317
g1_tmoe_coarse_1e19,g1_tmoe_coarse_1e19,1e19,temporal,9,10,sequence,3,238,1429,6983,649,0.5563
g1_tmoe_coarse_1e19,g1_tmoe_coarse_1e19,1e19,temporal,9,11,sequence,3,238,1429,6983,808,0.6818
g1_tmoe_coarse_1e19,g1_tmoe_coarse_1e19,1e19,temporal,9,12,sequence,3,238,1429,6983,695,0.6666
g1_tmoe_coarse_1e19,g1_tmoe_coarse_1e19,1e19,temporal,9,13,sequence,3,238,1429,6983,709,0.559
g1_tmoe_coarse_1e19,g1_tmoe_coarse_1e19,1e19,temporal,9,14,sequence,3,238,1429,6983,979,0.6475
g1_tmoe_coarse_1e19,g1_tmoe_coarse_1e19,1e19,temporal,9,15,sequence,3,238,1429,6983,456,0.6315
g1_tmoe_coarse_1e19,g1_tmoe_coarse_1e19,1e19,temporal,9,16,sequence,3,238,1429,6983,763,0.5751
g1_tmoe_coarse_1e19,g1_tmoe_coarse_1e19,1e19,temporal,9,17,sequence,3,238,1429,6983,422,0.6938
g1_tmoe_coarse_1e19,g1_tmoe_coarse_1e19,1e19,temporal,9,18,sequence,3,238,1429,6983,866,0.6719
g1_tmoe_coarse_1e19,g1_tmoe_coarse_1e19,1e19,temporal,9,19,sequence,3,238,1429,6983,597,0.7044
g1_tmoe_coarse_1e19,g1_tmoe_coarse_1e19,1e19,temporal,9,20,sequence,3,238,1429,6983,702,0.6333
g1_tmoe_coarse_1e19,g1_tmoe_coarse_1e19,1e19,temporal,9,21,sequence,3,238,1429,6983,683,0.6396
g1_tmoe_coarse_1e19,g1_tmoe_coarse_1e19,1e19,temporal,9,22,sequence,3,238,1429,6983,787,0.6306
g1_tmoe_coarse_1e19,g1_tmoe_coarse_1e19,1e19,temporal,9,23,sequence,3,238,1429,6983,703,0.644
g1_tmoe_coarse_1e19,g1_tmoe_coarse_1e19,1e19,temporal,9,24,sequence,3,238,1429,6983,433,0.6094
g1_tmoe_coarse_1e19,g1_tmoe_coarse_1e19,1e19,temporal,9,25,sequence,3,238,1429,6983,558,0.5636
g1_tmoe_coarse_1e19,g1_tmoe_coarse_1e19,1e19,temporal,9,26,sequence,3,238,1429,6983,928,0.6606
g1_tmoe_coarse_1e19,g1_tmoe_coarse_1e19,1e19,temporal,9,27,sequence,3,238,1429,6983,603,0.6259
g1_tmoe_coarse_1e19,g1_tmoe_coarse_1e19,1e19,temporal,9,28,sequence,3,238,1429,6983,602,0.5685
g1_tmoe_coarse_1e19,g1_tmoe_coarse_1e19,1e19,temporal,9,29,sequence,3,238,1429,6983,631,0.561
g1_tmoe_coarse_1e19,g1_tmoe_coarse_1e19,1e19,temporal,9,30,sequence,3,238,1429,6983,643,0.6029
g1_tmoe_coarse_1e19,g1_tmoe_coarse_1e19,1e19,temporal,9,31,sequence,3,238,1429,6983,637,0.5435
g1_tmoe_coarse_1e19,g1_tmoe_coarse_1e19,1e19,temporal,9,32,sequence,3,238,1429,6983,676,0.6664
g1_tmoe_coarse_1e19,g1_tmoe_coarse_1e19,1e19,temporal,9,33,sequence,3,238,1429,6983,454,0.6344
g1_tmoe_coarse_1e19,g1_tmoe_coarse_1e19,1e19,temporal,9,34,sequence,3,238,1429,6983,409,0.624
g1_tmoe_coarse_1e19,g1_tmoe_coarse_1e19,1e19,temporal,9,35,sequence,3,238,1429,6983,735,0.6152
g1_tmoe_coarse_1e19,g1_tmoe_coarse_1e19,1e19,temporal,9,36,sequence,3,238,1429,6983,513,0.5668
g1_tmoe_coarse_1e19,g1_tmoe_coarse_1e19,1e19,temporal,9,37,sequence,3,238,1429,6983,743,0.6708
g1_tmoe_coarse_1e19,g1_tmoe_coarse_1e19,1e19,temporal,9,38,sequence,3,238,1429,6983,621,0.5958
g1_tmoe_coarse_1e19,g1_tmoe_coarse_1e19,1e19,temporal,9,39,sequence,3,238,1429,6983,563,0.6463
g1_tmoe_coarse_1e19,g1_tmoe_coarse_1e19,1e19,temporal,9,40,sequence,3,238,1429,6983,462,0.6957
g1_tmoe_coarse_1e19,g1_tmoe_coarse_1e19,1e19,temporal,9,41,sequence,3,238,1429,6983,697,0.5959
g1_tmoe_coarse_1e19,g1_tmoe_coarse_1e19,1e19,temporal,9,42,sequence,3,238,1429,6983,617,0.6592
g1_tmoe_coarse_1e19,g1_tmoe_coarse_1e19,1e19,temporal,9,43,sequence,3,238,1429,6983,782,0.6504
g1_tmoe_coarse_1e19,g1_tmoe_coarse_1e19,1e19,temporal,9,44,sequence,3,238,1429,6983,685,0.6508
g1_tmoe_coarse_1e19,g1_tmoe_coarse_1e19,1e19,temporal,9,45,sequence,3,238,1429,6983,465,0.684
g1_tmoe_coarse_1e19,g1_tmoe_coarse_1e19,1e19,temporal,9,46,sequence,3,238,1429,6983,781,0.7619
g1_tmoe_coarse_1e19,g1_tmoe_coarse_1e19,1e19,temporal,9,47,sequence,3,238,1429,6983,626,0.5575
g1_tmoe_coarse_1e19,g1_tmoe_coarse_1e19,1e19,temporal,9,48,sequence,3,238,1429,6983,840,0.6156
g1_tmoe_coarse_1e19,g1_tmoe_coarse_1e19,1e19,temporal,9,49,sequence,3,238,1429,6983,636,0.5705
g1_tmoe_coarse_1e19,g1_tmoe_coarse_1e19,1e19,temporal,9,50,sequence,3,238,1429,6983,516,0.5547
g1_tmoe_coarse_1e19,g1_tmoe_coarse_1e19,1e19,temporal,9,51,sequence,3,238,1429,6983,580,0.6177
g1_tmoe_coarse_1e19,g1_tmoe_coarse_1e19,1e19,temporal,9,52,sequence,3,238,1429,6983,792,0.5828
g1_tmoe_coarse_1e19,g1_tmoe_coarse_1e19,1e19,temporal,9,53,sequence,3,238,1429,6983,815,0.6666
g1_tmoe_coarse_1e19,g1_tmoe_coarse_1e19,1e19,temporal,9,54,sequence,3,238,1429,6983,634,0.6108
g1_tmoe_coarse_1e19,g1_tmoe_coarse_1e19,1e19,temporal,9,55,sequence,3,238,1429,6983,627,0.6375
g1_tmoe_coarse_1e19,g1_tmoe_coarse_1e19,1e19,temporal,9,56,sequence,3,238,1429,6983,685,0.6389
g1_tmoe_coarse_1e19,g1_tmoe_coarse_1e19,1e19,temporal,9,57,sequence,3,238,1429,6983,665,0.6376
g1_tmoe_coarse_1e19,g1_tmoe_coarse_1e19,1e19,temporal,9,58,sequence,3,238,1429,6983,627,0.6231
g1_tmoe_coarse_1e19,g1_tmoe_coarse_1e19,1e19,temporal,9,59,sequence,3,238,1429,6983,618,0.6168
g1_tmoe_coarse_1e19,g1_tmoe_coarse_1e19,1e19,temporal,9,60,sequence,3,238,1429,6983,505,0.5623
g1_tmoe_coarse_1e19,g1_tmoe_coarse_1e19,1e19,temporal,9,61,sequence,3,238,1429,6983,647,0.6195
g1_tmoe_coarse_1e19,g1_tmoe_coarse_1e19,1e19,temporal,9,62,sequence,3,238,1429,6983,599,0.6993
g1_tmoe_coarse_1e19,g1_tmoe_coarse_1e19,1e19,temporal,9,63,sequence,3,238,1429,6983,484,0.6079
g1_tmoe_coarse_1e19,g1_tmoe_coarse_1e19,1e19,temporal,9,0,sequence,4,1982,4940,8353,1434,0.8028
g1_tmoe_coarse_1e19,g1_tmoe_coarse_1e19,1e19,temporal,9,1,sequence,4,1982,4940,8353,893,0.6722
g1_tmoe_coarse_1e19,g1_tmoe_coarse_1e19,1e19,temporal,9,2,sequence,4,1982,4940,8353,1107,0.5579
g1_tmoe_coarse_1e19,g1_tmoe_coarse_1e19,1e19,temporal,9,3,sequence,4,1982,4940,8353,479,0.5663
g1_tmoe_coarse_1e19,g1_tmoe_coarse_1e19,1e19,temporal,9,4,sequence,4,1982,4940,8353,779,0.5736
g1_tmoe_coarse_1e19,g1_tmoe_coarse_1e19,1e19,temporal,9,5,sequence,4,1982,4940,8353,828,0.6033
g1_tmoe_coarse_1e19,g1_tmoe_coarse_1e19,1e19,temporal,9,6,sequence,4,1982,4940,8353,820,0.5497
g1_tmoe_coarse_1e19,g1_tmoe_coarse_1e19,1e19,temporal,9,7,sequence,4,1982,4940,8353,965,0.7128
g1_tmoe_coarse_1e19,g1_tmoe_coarse_1e19,1e19,temporal,9,8,sequence,4,1982,4940,8353,596,0.5875
g1_tmoe_coarse_1e19,g1_tmoe_coarse_1e19,1e19,temporal,9,9,sequence,4,1982,4940,8353,863,0.56
g1_tmoe_coarse_1e19,g1_tmoe_coarse_1e19,1e19,temporal,9,10,sequence,4,1982,4940,8353,676,0.5327
g1_tmoe_coarse_1e19,g1_tmoe_coarse_1e19,1e19,temporal,9,11,sequence,4,1982,4940,8353,784,0.5723
g1_tmoe_coarse_1e19,g1_tmoe_coarse_1e19,1e19,temporal,9,12,sequence,4,1982,4940,8353,646,0.6093
g1_tmoe_coarse_1e19,g1_tmoe_coarse_1e19,1e19,temporal,9,13,sequence,4,1982,4940,8353,741,0.5744
g1_tmoe_coarse_1e19,g1_tmoe_coarse_1e19,1e19,temporal,9,14,sequence,4,1982,4940,8353,655,0.5737
g1_tmoe_coarse_1e19,g1_tmoe_coarse_1e19,1e19,temporal,9,15,sequence,4,1982,4940,8353,1061,0.6452
g1_tmoe_coarse_1e19,g1_tmoe_coarse_1e19,1e19,temporal,9,16,sequence,4,1982,4940,8353,956,0.5454
g1_tmoe_coarse_1e19,g1_tmoe_coarse_1e19,1e19,temporal,9,17,sequence,4,1982,4940,8353,820,0.6126
g1_tmoe_coarse_1e19,g1_tmoe_coarse_1e19,1e19,temporal,9,18,sequence,4,1982,4940,8353,636,0.5625
g1_tmoe_coarse_1e19,g1_tmoe_coarse_1e19,1e19,temporal,9,19,sequence,4,1982,4940,8353,616,0.6341
g1_tmoe_coarse_1e19,g1_tmoe_coarse_1e19,1e19,temporal,9,20,sequence,4,1982,4940,8353,1097,0.6069
g1_tmoe_coarse_1e19,g1_tmoe_coarse_1e19,1e19,temporal,9,21,sequence,4,1982,4940,8353,968,0.5984
g1_tmoe_coarse_1e19,g1_tmoe_coarse_1e19,1e19,temporal,9,22,sequence,4,1982,4940,8353,811,0.6459
g1_tmoe_coarse_1e19,g1_tmoe_coarse_1e19,1e19,temporal,9,23,sequence,4,1982,4940,8353,832,0.6136
g1_tmoe_coarse_1e19,g1_tmoe_coarse_1e19,1e19,temporal,9,24,sequence,4,1982,4940,8353,580,0.5826
g1_tmoe_coarse_1e19,g1_tmoe_coarse_1e19,1e19,temporal,9,25,sequence,4,1982,4940,8353,687,0.5427
g1_tmoe_coarse_1e19,g1_tmoe_coarse_1e19,1e19,temporal,9,26,sequence,4,1982,4940,8353,878,0.5462
g1_tmoe_coarse_1e19,g1_tmoe_coarse_1e19,1e19,temporal,9,27,sequence,4,1982,4940,8353,572,0.6259
g1_tmoe_coarse_1e19,g1_tmoe_coarse_1e19,1e19,temporal,9,28,sequence,4,1982,4940,8353,722,0.5364
g1_tmoe_coarse_1e19,g1_tmoe_coarse_1e19,1e19,temporal,9,29,sequence,4,1982,4940,8353,678,0.5497
g1_tmoe_coarse_1e19,g1_tmoe_coarse_1e19,1e19,temporal,9,30,sequence,4,1982,4940,8353,756,0.6182
g1_tmoe_coarse_1e19,g1_tmoe_coarse_1e19,1e19,temporal,9,31,sequence,4,1982,4940,8353,941,0.5908
g1_tmoe_coarse_1e19,g1_tmoe_coarse_1e19,1e19,temporal,9,32,sequence,4,1982,4940,8353,745,0.5702
g1_tmoe_coarse_1e19,g1_tmoe_coarse_1e19,1e19,temporal,9,33,sequence,4,1982,4940,8353,488,0.6792
g1_tmoe_coarse_1e19,g1_tmoe_coarse_1e19,1e19,temporal,9,34,sequence,4,1982,4940,8353,622,0.6259
g1_tmoe_coarse_1e19,g1_tmoe_coarse_1e19,1e19,temporal,9,35,sequence,4,1982,4940,8353,644,0.617
g1_tmoe_coarse_1e19,g1_tmoe_coarse_1e19,1e19,temporal,9,36,sequence,4,1982,4940,8353,609,0.5226
g1_tmoe_coarse_1e19,g1_tmoe_coarse_1e19,1e19,temporal,9,37,sequence,4,1982,4940,8353,1179,0.7094
g1_tmoe_coarse_1e19,g1_tmoe_coarse_1e19,1e19,temporal,9,38,sequence,4,1982,4940,8353,916,0.5279
g1_tmoe_coarse_1e19,g1_tmoe_coarse_1e19,1e19,temporal,9,39,sequence,4,1982,4940,8353,756,0.6635
g1_tmoe_coarse_1e19,g1_tmoe_coarse_1e19,1e19,temporal,9,40,sequence,4,1982,4940,8353,763,0.7176
g1_tmoe_coarse_1e19,g1_tmoe_coarse_1e19,1e19,temporal,9,41,sequence,4,1982,4940,8353,766,0.5705
g1_tmoe_coarse_1e19,g1_tmoe_coarse_1e19,1e19,temporal,9,42,sequence,4,1982,4940,8353,849,0.5427
g1_tmoe_coarse_1e19,g1_tmoe_coarse_1e19,1e19,temporal,9,43,sequence,4,1982,4940,8353,590,0.5781
g1_tmoe_coarse_1e19,g1_tmoe_coarse_1e19,1e19,temporal,9,44,sequence,4,1982,4940,8353,550,0.5182
g1_tmoe_coarse_1e19,g1_tmoe_coarse_1e19,1e19,temporal,9,45,sequence,4,1982,4940,8353,1117,0.8316
g1_tmoe_coarse_1e19,g1_tmoe_coarse_1e19,1e19,temporal,9,46,sequence,4,1982,4940,8353,545,0.6173
g1_tmoe_coarse_1e19,g1_tmoe_coarse_1e19,1e19,temporal,9,47,sequence,4,1982,4940,8353,819,0.5649
g1_tmoe_coarse_1e19,g1_tmoe_coarse_1e19,1e19,temporal,9,48,sequence,4,1982,4940,8353,668,0.6294
g1_tmoe_coarse_1e19,g1_tmoe_coarse_1e19,1e19,temporal,9,49,sequence,4,1982,4940,8353,856,0.5619
g1_tmoe_coarse_1e19,g1_tmoe_coarse_1e19,1e19,temporal,9,50,sequence,4,1982,4940,8353,557,0.5762
g1_tmoe_coarse_1e19,g1_tmoe_coarse_1e19,1e19,temporal,9,51,sequence,4,1982,4940,8353,1260,0.7447
g1_tmoe_coarse_1e19,g1_tmoe_coarse_1e19,1e19,temporal,9,52,sequence,4,1982,4940,8353,775,0.5532
g1_tmoe_coarse_1e19,g1_tmoe_coarse_1e19,1e19,temporal,9,53,sequence,4,1982,4940,8353,631,0.5618
g1_tmoe_coarse_1e19,g1_tmoe_coarse_1e19,1e19,temporal,9,54,sequence,4,1982,4940,8353,582,0.5835
g1_tmoe_coarse_1e19,g1_tmoe_coarse_1e19,1e19,temporal,9,55,sequence,4,1982,4940,8353,673,0.6353
g1_tmoe_coarse_1e19,g1_tmoe_coarse_1e19,1e19,temporal,9,56,sequence,4,1982,4940,8353,1137,0.63
g1_tmoe_coarse_1e19,g1_tmoe_coarse_1e19,1e19,temporal,9,57,sequence,4,1982,4940,8353,844,0.6359
g1_tmoe_coarse_1e19,g1_tmoe_coarse_1e19,1e19,temporal,9,58,sequence,4,1982,4940,8353,814,0.6648
g1_tmoe_coarse_1e19,g1_tmoe_coarse_1e19,1e19,temporal,9,59,sequence,4,1982,4940,8353,667,0.5688
g1_tmoe_coarse_1e19,g1_tmoe_coarse_1e19,1e19,temporal,9,60,sequence,4,1982,4940,8353,669,0.5399
g1_tmoe_coarse_1e19,g1_tmoe_coarse_1e19,1e19,temporal,9,61,sequence,4,1982,4940,8353,743,0.6625
g1_tmoe_coarse_1e19,g1_tmoe_coarse_1e19,1e19,temporal,9,62,sequence,4,1982,4940,8353,640,0.7036
g1_tmoe_coarse_1e19,g1_tmoe_coarse_1e19,1e19,temporal,9,63,sequence,4,1982,4940,8353,767,0.6304
g1_tmoe_coarse_1e19,g1_tmoe_coarse_1e19,1e19,temporal,10,0,sequence,0,1,6,8017,828,0.5516
g1_tmoe_coarse_1e19,g1_tmoe_coarse_1e19,1e19,temporal,10,1,sequence,0,1,6,8017,802,0.5758
g1_tmoe_coarse_1e19,g1_tmoe_coarse_1e19,1e19,temporal,10,2,sequence,0,1,6,8017,799,0.529
g1_tmoe_coarse_1e19,g1_tmoe_coarse_1e19,1e19,temporal,10,3,sequence,0,1,6,8017,761,0.5973
g1_tmoe_coarse_1e19,g1_tmoe_coarse_1e19,1e19,temporal,10,4,sequence,0,1,6,8017,841,0.5797
g1_tmoe_coarse_1e19,g1_tmoe_coarse_1e19,1e19,temporal,10,5,sequence,0,1,6,8017,876,0.5995
g1_tmoe_coarse_1e19,g1_tmoe_coarse_1e19,1e19,temporal,10,6,sequence,0,1,6,8017,697,0.5644
g1_tmoe_coarse_1e19,g1_tmoe_coarse_1e19,1e19,temporal,10,7,sequence,0,1,6,8017,896,0.5009
g1_tmoe_coarse_1e19,g1_tmoe_coarse_1e19,1e19,temporal,10,8,sequence,0,1,6,8017,958,0.5399
g1_tmoe_coarse_1e19,g1_tmoe_coarse_1e19,1e19,temporal,10,9,sequence,0,1,6,8017,746,0.5459
g1_tmoe_coarse_1e19,g1_tmoe_coarse_1e19,1e19,temporal,10,10,sequence,0,1,6,8017,642,0.602
g1_tmoe_coarse_1e19,g1_tmoe_coarse_1e19,1e19,temporal,10,11,sequence,0,1,6,8017,652,0.5397
g1_tmoe_coarse_1e19,g1_tmoe_coarse_1e19,1e19,temporal,10,12,sequence,0,1,6,8017,763,0.5794
g1_tmoe_coarse_1e19,g1_tmoe_coarse_1e19,1e19,temporal,10,13,sequence,0,1,6,8017,977,0.5828
g1_tmoe_coarse_1e19,g1_tmoe_coarse_1e19,1e19,temporal,10,14,sequence,0,1,6,8017,714,0.5775
g1_tmoe_coarse_1e19,g1_tmoe_coarse_1e19,1e19,temporal,10,15,sequence,0,1,6,8017,874,0.5565
g1_tmoe_coarse_1e19,g1_tmoe_coarse_1e19,1e19,temporal,10,16,sequence,0,1,6,8017,809,0.5349
g1_tmoe_coarse_1e19,g1_tmoe_coarse_1e19,1e19,temporal,10,17,sequence,0,1,6,8017,621,0.5327
g1_tmoe_coarse_1e19,g1_tmoe_coarse_1e19,1e19,temporal,10,18,sequence,0,1,6,8017,573,0.5632
g1_tmoe_coarse_1e19,g1_tmoe_coarse_1e19,1e19,temporal,10,19,sequence,0,1,6,8017,912,0.6418
g1_tmoe_coarse_1e19,g1_tmoe_coarse_1e19,1e19,temporal,10,20,sequence,0,1,6,8017,609,0.5418
g1_tmoe_coarse_1e19,g1_tmoe_coarse_1e19,1e19,temporal,10,21,sequence,0,1,6,8017,686,0.5147
g1_tmoe_coarse_1e19,g1_tmoe_coarse_1e19,1e19,temporal,10,22,sequence,0,1,6,8017,973,0.558
g1_tmoe_coarse_1e19,g1_tmoe_coarse_1e19,1e19,temporal,10,23,sequence,0,1,6,8017,1047,0.5738
g1_tmoe_coarse_1e19,g1_tmoe_coarse_1e19,1e19,temporal,10,24,sequence,0,1,6,8017,771,0.5726
g1_tmoe_coarse_1e19,g1_tmoe_coarse_1e19,1e19,temporal,10,25,sequence,0,1,6,8017,521,0.5185
g1_tmoe_coarse_1e19,g1_tmoe_coarse_1e19,1e19,temporal,10,26,sequence,0,1,6,8017,863,0.575
g1_tmoe_coarse_1e19,g1_tmoe_coarse_1e19,1e19,temporal,10,27,sequence,0,1,6,8017,569,0.5353
g1_tmoe_coarse_1e19,g1_tmoe_coarse_1e19,1e19,temporal,10,28,sequence,0,1,6,8017,450,0.5313
g1_tmoe_coarse_1e19,g1_tmoe_coarse_1e19,1e19,temporal,10,29,sequence,0,1,6,8017,592,0.548
g1_tmoe_coarse_1e19,g1_tmoe_coarse_1e19,1e19,temporal,10,30,sequence,0,1,6,8017,1080,0.5668
g1_tmoe_coarse_1e19,g1_tmoe_coarse_1e19,1e19,temporal,10,31,sequence,0,1,6,8017,803,0.5263
g1_tmoe_coarse_1e19,g1_tmoe_coarse_1e19,1e19,temporal,10,32,sequence,0,1,6,8017,552,0.5284
g1_tmoe_coarse_1e19,g1_tmoe_coarse_1e19,1e19,temporal,10,33,sequence,0,1,6,8017,752,0.5396
g1_tmoe_coarse_1e19,g1_tmoe_coarse_1e19,1e19,temporal,10,34,sequence,0,1,6,8017,688,0.5607
g1_tmoe_coarse_1e19,g1_tmoe_coarse_1e19,1e19,temporal,10,35,sequence,0,1,6,8017,736,0.5366
g1_tmoe_coarse_1e19,g1_tmoe_coarse_1e19,1e19,temporal,10,36,sequence,0,1,6,8017,685,0.5714
g1_tmoe_coarse_1e19,g1_tmoe_coarse_1e19,1e19,temporal,10,37,sequence,0,1,6,8017,552,0.5533
g1_tmoe_coarse_1e19,g1_tmoe_coarse_1e19,1e19,temporal,10,38,sequence,0,1,6,8017,825,0.5922
g1_tmoe_coarse_1e19,g1_tmoe_coarse_1e19,1e19,temporal,10,39,sequence,0,1,6,8017,677,0.5628
g1_tmoe_coarse_1e19,g1_tmoe_coarse_1e19,1e19,temporal,10,40,sequence,0,1,6,8017,848,0.5164
g1_tmoe_coarse_1e19,g1_tmoe_coarse_1e19,1e19,temporal,10,41,sequence,0,1,6,8017,840,0.5904
g1_tmoe_coarse_1e19,g1_tmoe_coarse_1e19,1e19,temporal,10,42,sequence,0,1,6,8017,857,0.5658
g1_tmoe_coarse_1e19,g1_tmoe_coarse_1e19,1e19,temporal,10,43,sequence,0,1,6,8017,908,0.6086
g1_tmoe_coarse_1e19,g1_tmoe_coarse_1e19,1e19,temporal,10,44,sequence,0,1,6,8017,675,0.5498
g1_tmoe_coarse_1e19,g1_tmoe_coarse_1e19,1e19,temporal,10,45,sequence,0,1,6,8017,627,0.5786
g1_tmoe_coarse_1e19,g1_tmoe_coarse_1e19,1e19,temporal,10,46,sequence,0,1,6,8017,646,0.5446
g1_tmoe_coarse_1e19,g1_tmoe_coarse_1e19,1e19,temporal,10,47,sequence,0,1,6,8017,874,0.5628
g1_tmoe_coarse_1e19,g1_tmoe_coarse_1e19,1e19,temporal,10,48,sequence,0,1,6,8017,1003,0.6345
g1_tmoe_coarse_1e19,g1_tmoe_coarse_1e19,1e19,temporal,10,49,sequence,0,1,6,8017,738,0.5929
g1_tmoe_coarse_1e19,g1_tmoe_coarse_1e19,1e19,temporal,10,50,sequence,0,1,6,8017,534,0.538
g1_tmoe_coarse_1e19,g1_tmoe_coarse_1e19,1e19,temporal,10,51,sequence,0,1,6,8017,826,0.6043
g1_tmoe_coarse_1e19,g1_tmoe_coarse_1e19,1e19,temporal,10,52,sequence,0,1,6,8017,531,0.5472
g1_tmoe_coarse_1e19,g1_tmoe_coarse_1e19,1e19,temporal,10,53,sequence,0,1,6,8017,759,0.5238
g1_tmoe_coarse_1e19,g1_tmoe_coarse_1e19,1e19,temporal,10,54,sequence,0,1,6,8017,1009,0.5849
g1_tmoe_coarse_1e19,g1_tmoe_coarse_1e19,1e19,temporal,10,55,sequence,0,1,6,8017,548,0.5557
g1_tmoe_coarse_1e19,g1_tmoe_coarse_1e19,1e19,temporal,10,56,sequence,0,1,6,8017,1045,0.56
g1_tmoe_coarse_1e19,g1_tmoe_coarse_1e19,1e19,temporal,10,57,sequence,0,1,6,8017,826,0.5312
g1_tmoe_coarse_1e19,g1_tmoe_coarse_1e19,1e19,temporal,10,58,sequence,0,1,6,8017,383,0.5819
g1_tmoe_coarse_1e19,g1_tmoe_coarse_1e19,1e19,temporal,10,59,sequence,0,1,6,8017,727,0.5475
g1_tmoe_coarse_1e19,g1_tmoe_coarse_1e19,1e19,temporal,10,60,sequence,0,1,6,8017,640,0.5487
g1_tmoe_coarse_1e19,g1_tmoe_coarse_1e19,1e19,temporal,10,61,sequence,0,1,6,8017,738,0.6157
g1_tmoe_coarse_1e19,g1_tmoe_coarse_1e19,1e19,temporal,10,62,sequence,0,1,6,8017,702,0.5293
g1_tmoe_coarse_1e19,g1_tmoe_coarse_1e19,1e19,temporal,10,63,sequence,0,1,6,8017,646,0.5311
g1_tmoe_coarse_1e19,g1_tmoe_coarse_1e19,1e19,temporal,10,0,sequence,1,6,32,7862,821,0.6189
g1_tmoe_coarse_1e19,g1_tmoe_coarse_1e19,1e19,temporal,10,1,sequence,1,6,32,7862,863,0.6207
g1_tmoe_coarse_1e19,g1_tmoe_coarse_1e19,1e19,temporal,10,2,sequence,1,6,32,7862,830,0.5211
g1_tmoe_coarse_1e19,g1_tmoe_coarse_1e19,1e19,temporal,10,3,sequence,1,6,32,7862,527,0.643
g1_tmoe_coarse_1e19,g1_tmoe_coarse_1e19,1e19,temporal,10,4,sequence,1,6,32,7862,769,0.5911
g1_tmoe_coarse_1e19,g1_tmoe_coarse_1e19,1e19,temporal,10,5,sequence,1,6,32,7862,668,0.6004
g1_tmoe_coarse_1e19,g1_tmoe_coarse_1e19,1e19,temporal,10,6,sequence,1,6,32,7862,819,0.6014
g1_tmoe_coarse_1e19,g1_tmoe_coarse_1e19,1e19,temporal,10,7,sequence,1,6,32,7862,883,0.5131
g1_tmoe_coarse_1e19,g1_tmoe_coarse_1e19,1e19,temporal,10,8,sequence,1,6,32,7862,1037,0.5519
g1_tmoe_coarse_1e19,g1_tmoe_coarse_1e19,1e19,temporal,10,9,sequence,1,6,32,7862,769,0.5544
g1_tmoe_coarse_1e19,g1_tmoe_coarse_1e19,1e19,temporal,10,10,sequence,1,6,32,7862,615,0.602
g1_tmoe_coarse_1e19,g1_tmoe_coarse_1e19,1e19,temporal,10,11,sequence,1,6,32,7862,624,0.5683
g1_tmoe_coarse_1e19,g1_tmoe_coarse_1e19,1e19,temporal,10,12,sequence,1,6,32,7862,814,0.6231
g1_tmoe_coarse_1e19,g1_tmoe_coarse_1e19,1e19,temporal,10,13,sequence,1,6,32,7862,786,0.5794
g1_tmoe_coarse_1e19,g1_tmoe_coarse_1e19,1e19,temporal,10,14,sequence,1,6,32,7862,628,0.5876
g1_tmoe_coarse_1e19,g1_tmoe_coarse_1e19,1e19,temporal,10,15,sequence,1,6,32,7862,861,0.5663
g1_tmoe_coarse_1e19,g1_tmoe_coarse_1e19,1e19,temporal,10,16,sequence,1,6,32,7862,760,0.5435
g1_tmoe_coarse_1e19,g1_tmoe_coarse_1e19,1e19,temporal,10,17,sequence,1,6,32,7862,584,0.5479
g1_tmoe_coarse_1e19,g1_tmoe_coarse_1e19,1e19,temporal,10,18,sequence,1,6,32,7862,759,0.5683
g1_tmoe_coarse_1e19,g1_tmoe_coarse_1e19,1e19,temporal,10,19,sequence,1,6,32,7862,797,0.6635
g1_tmoe_coarse_1e19,g1_tmoe_coarse_1e19,1e19,temporal,10,20,sequence,1,6,32,7862,708,0.5842
g1_tmoe_coarse_1e19,g1_tmoe_coarse_1e19,1e19,temporal,10,21,sequence,1,6,32,7862,684,0.5482
g1_tmoe_coarse_1e19,g1_tmoe_coarse_1e19,1e19,temporal,10,22,sequence,1,6,32,7862,790,0.6066
g1_tmoe_coarse_1e19,g1_tmoe_coarse_1e19,1e19,temporal,10,23,sequence,1,6,32,7862,788,0.5896
g1_tmoe_coarse_1e19,g1_tmoe_coarse_1e19,1e19,temporal,10,24,sequence,1,6,32,7862,705,0.5865
g1_tmoe_coarse_1e19,g1_tmoe_coarse_1e19,1e19,temporal,10,25,sequence,1,6,32,7862,580,0.5296
g1_tmoe_coarse_1e19,g1_tmoe_coarse_1e19,1e19,temporal,10,26,sequence,1,6,32,7862,1005,0.5901
g1_tmoe_coarse_1e19,g1_tmoe_coarse_1e19,1e19,temporal,10,27,sequence,1,6,32,7862,760,0.5714
g1_tmoe_coarse_1e19,g1_tmoe_coarse_1e19,1e19,temporal,10,28,sequence,1,6,32,7862,410,0.5137
g1_tmoe_coarse_1e19,g1_tmoe_coarse_1e19,1e19,temporal,10,29,sequence,1,6,32,7862,689,0.5902
g1_tmoe_coarse_1e19,g1_tmoe_coarse_1e19,1e19,temporal,10,30,sequence,1,6,32,7862,1071,0.6022
g1_tmoe_coarse_1e19,g1_tmoe_coarse_1e19,1e19,temporal,10,31,sequence,1,6,32,7862,803,0.5412
g1_tmoe_coarse_1e19,g1_tmoe_coarse_1e19,1e19,temporal,10,32,sequence,1,6,32,7862,723,0.5617
g1_tmoe_coarse_1e19,g1_tmoe_coarse_1e19,1e19,temporal,10,33,sequence,1,6,32,7862,770,0.5616
g1_tmoe_coarse_1e19,g1_tmoe_coarse_1e19,1e19,temporal,10,34,sequence,1,6,32,7862,618,0.5843
g1_tmoe_coarse_1e19,g1_tmoe_coarse_1e19,1e19,temporal,10,35,sequence,1,6,32,7862,849,0.5728
g1_tmoe_coarse_1e19,g1_tmoe_coarse_1e19,1e19,temporal,10,36,sequence,1,6,32,7862,533,0.607
g1_tmoe_coarse_1e19,g1_tmoe_coarse_1e19,1e19,temporal,10,37,sequence,1,6,32,7862,620,0.5678
g1_tmoe_coarse_1e19,g1_tmoe_coarse_1e19,1e19,temporal,10,38,sequence,1,6,32,7862,732,0.6014
g1_tmoe_coarse_1e19,g1_tmoe_coarse_1e19,1e19,temporal,10,39,sequence,1,6,32,7862,745,0.5522
g1_tmoe_coarse_1e19,g1_tmoe_coarse_1e19,1e19,temporal,10,40,sequence,1,6,32,7862,811,0.5417
g1_tmoe_coarse_1e19,g1_tmoe_coarse_1e19,1e19,temporal,10,41,sequence,1,6,32,7862,588,0.5824
g1_tmoe_coarse_1e19,g1_tmoe_coarse_1e19,1e19,temporal,10,42,sequence,1,6,32,7862,945,0.597
g1_tmoe_coarse_1e19,g1_tmoe_coarse_1e19,1e19,temporal,10,43,sequence,1,6,32,7862,902,0.6305
g1_tmoe_coarse_1e19,g1_tmoe_coarse_1e19,1e19,temporal,10,44,sequence,1,6,32,7862,702,0.5653
g1_tmoe_coarse_1e19,g1_tmoe_coarse_1e19,1e19,temporal,10,45,sequence,1,6,32,7862,736,0.5779
g1_tmoe_coarse_1e19,g1_tmoe_coarse_1e19,1e19,temporal,10,46,sequence,1,6,32,7862,759,0.5698
g1_tmoe_coarse_1e19,g1_tmoe_coarse_1e19,1e19,temporal,10,47,sequence,1,6,32,7862,602,0.5627
g1_tmoe_coarse_1e19,g1_tmoe_coarse_1e19,1e19,temporal,10,48,sequence,1,6,32,7862,759,0.6209
g1_tmoe_coarse_1e19,g1_tmoe_coarse_1e19,1e19,temporal,10,49,sequence,1,6,32,7862,732,0.6163
g1_tmoe_coarse_1e19,g1_tmoe_coarse_1e19,1e19,temporal,10,50,sequence,1,6,32,7862,685,0.5723
g1_tmoe_coarse_1e19,g1_tmoe_coarse_1e19,1e19,temporal,10,51,sequence,1,6,32,7862,724,0.6209
g1_tmoe_coarse_1e19,g1_tmoe_coarse_1e19,1e19,temporal,10,52,sequence,1,6,32,7862,563,0.6061
g1_tmoe_coarse_1e19,g1_tmoe_coarse_1e19,1e19,temporal,10,53,sequence,1,6,32,7862,795,0.5723
g1_tmoe_coarse_1e19,g1_tmoe_coarse_1e19,1e19,temporal,10,54,sequence,1,6,32,7862,710,0.5818
g1_tmoe_coarse_1e19,g1_tmoe_coarse_1e19,1e19,temporal,10,55,sequence,1,6,32,7862,687,0.5703
g1_tmoe_coarse_1e19,g1_tmoe_coarse_1e19,1e19,temporal,10,56,sequence,1,6,32,7862,923,0.5987
g1_tmoe_coarse_1e19,g1_tmoe_coarse_1e19,1e19,temporal,10,57,sequence,1,6,32,7862,714,0.5704
g1_tmoe_coarse_1e19,g1_tmoe_coarse_1e19,1e19,temporal,10,58,sequence,1,6,32,7862,334,0.6283
g1_tmoe_coarse_1e19,g1_tmoe_coarse_1e19,1e19,temporal,10,59,sequence,1,6,32,7862,681,0.5986
g1_tmoe_coarse_1e19,g1_tmoe_coarse_1e19,1e19,temporal,10,60,sequence,1,6,32,7862,727,0.5819
g1_tmoe_coarse_1e19,g1_tmoe_coarse_1e19,1e19,temporal,10,61,sequence,1,6,32,7862,796,0.5862
g1_tmoe_coarse_1e19,g1_tmoe_coarse_1e19,1e19,temporal,10,62,sequence,1,6,32,7862,801,0.5505
g1_tmoe_coarse_1e19,g1_tmoe_coarse_1e19,1e19,temporal,10,63,sequence,1,6,32,7862,699,0.5702
g1_tmoe_coarse_1e19,g1_tmoe_coarse_1e19,1e19,temporal,10,0,sequence,2,32,221,7697,671,0.6024
g1_tmoe_coarse_1e19,g1_tmoe_coarse_1e19,1e19,temporal,10,1,sequence,2,32,221,7697,1000,0.6589
g1_tmoe_coarse_1e19,g1_tmoe_coarse_1e19,1e19,temporal,10,2,sequence,2,32,221,7697,721,0.6191
g1_tmoe_coarse_1e19,g1_tmoe_coarse_1e19,1e19,temporal,10,3,sequence,2,32,221,7697,391,0.624
g1_tmoe_coarse_1e19,g1_tmoe_coarse_1e19,1e19,temporal,10,4,sequence,2,32,221,7697,812,0.6208
g1_tmoe_coarse_1e19,g1_tmoe_coarse_1e19,1e19,temporal,10,5,sequence,2,32,221,7697,595,0.6703
g1_tmoe_coarse_1e19,g1_tmoe_coarse_1e19,1e19,temporal,10,6,sequence,2,32,221,7697,929,0.6996
g1_tmoe_coarse_1e19,g1_tmoe_coarse_1e19,1e19,temporal,10,7,sequence,2,32,221,7697,911,0.6122
g1_tmoe_coarse_1e19,g1_tmoe_coarse_1e19,1e19,temporal,10,8,sequence,2,32,221,7697,910,0.675
g1_tmoe_coarse_1e19,g1_tmoe_coarse_1e19,1e19,temporal,10,9,sequence,2,32,221,7697,665,0.6021
g1_tmoe_coarse_1e19,g1_tmoe_coarse_1e19,1e19,temporal,10,10,sequence,2,32,221,7697,500,0.6714
g1_tmoe_coarse_1e19,g1_tmoe_coarse_1e19,1e19,temporal,10,11,sequence,2,32,221,7697,604,0.6306
g1_tmoe_coarse_1e19,g1_tmoe_coarse_1e19,1e19,temporal,10,12,sequence,2,32,221,7697,911,0.6622
g1_tmoe_coarse_1e19,g1_tmoe_coarse_1e19,1e19,temporal,10,13,sequence,2,32,221,7697,712,0.5723
g1_tmoe_coarse_1e19,g1_tmoe_coarse_1e19,1e19,temporal,10,14,sequence,2,32,221,7697,653,0.5866
g1_tmoe_coarse_1e19,g1_tmoe_coarse_1e19,1e19,temporal,10,15,sequence,2,32,221,7697,706,0.5814
g1_tmoe_coarse_1e19,g1_tmoe_coarse_1e19,1e19,temporal,10,16,sequence,2,32,221,7697,668,0.5836
g1_tmoe_coarse_1e19,g1_tmoe_coarse_1e19,1e19,temporal,10,17,sequence,2,32,221,7697,543,0.5953
g1_tmoe_coarse_1e19,g1_tmoe_coarse_1e19,1e19,temporal,10,18,sequence,2,32,221,7697,1009,0.6587
g1_tmoe_coarse_1e19,g1_tmoe_coarse_1e19,1e19,temporal,10,19,sequence,2,32,221,7697,507,0.5933
g1_tmoe_coarse_1e19,g1_tmoe_coarse_1e19,1e19,temporal,10,20,sequence,2,32,221,7697,701,0.6442
g1_tmoe_coarse_1e19,g1_tmoe_coarse_1e19,1e19,temporal,10,21,sequence,2,32,221,7697,608,0.6194
g1_tmoe_coarse_1e19,g1_tmoe_coarse_1e19,1e19,temporal,10,22,sequence,2,32,221,7697,780,0.6837
g1_tmoe_coarse_1e19,g1_tmoe_coarse_1e19,1e19,temporal,10,23,sequence,2,32,221,7697,551,0.6649
g1_tmoe_coarse_1e19,g1_tmoe_coarse_1e19,1e19,temporal,10,24,sequence,2,32,221,7697,570,0.693
g1_tmoe_coarse_1e19,g1_tmoe_coarse_1e19,1e19,temporal,10,25,sequence,2,32,221,7697,772,0.6312
g1_tmoe_coarse_1e19,g1_tmoe_coarse_1e19,1e19,temporal,10,26,sequence,2,32,221,7697,689,0.6239
g1_tmoe_coarse_1e19,g1_tmoe_coarse_1e19,1e19,temporal,10,27,sequence,2,32,221,7697,802,0.5972
g1_tmoe_coarse_1e19,g1_tmoe_coarse_1e19,1e19,temporal,10,28,sequence,2,32,221,7697,422,0.5893
g1_tmoe_coarse_1e19,g1_tmoe_coarse_1e19,1e19,temporal,10,29,sequence,2,32,221,7697,745,0.6255
g1_tmoe_coarse_1e19,g1_tmoe_coarse_1e19,1e19,temporal,10,30,sequence,2,32,221,7697,889,0.63
g1_tmoe_coarse_1e19,g1_tmoe_coarse_1e19,1e19,temporal,10,31,sequence,2,32,221,7697,633,0.6001
g1_tmoe_coarse_1e19,g1_tmoe_coarse_1e19,1e19,temporal,10,32,sequence,2,32,221,7697,1250,0.6728
g1_tmoe_coarse_1e19,g1_tmoe_coarse_1e19,1e19,temporal,10,33,sequence,2,32,221,7697,934,0.6586
g1_tmoe_coarse_1e19,g1_tmoe_coarse_1e19,1e19,temporal,10,34,sequence,2,32,221,7697,664,0.5708
g1_tmoe_coarse_1e19,g1_tmoe_coarse_1e19,1e19,temporal,10,35,sequence,2,32,221,7697,853,0.599
g1_tmoe_coarse_1e19,g1_tmoe_coarse_1e19,1e19,temporal,10,36,sequence,2,32,221,7697,386,0.6043
g1_tmoe_coarse_1e19,g1_tmoe_coarse_1e19,1e19,temporal,10,37,sequence,2,32,221,7697,662,0.6071
g1_tmoe_coarse_1e19,g1_tmoe_coarse_1e19,1e19,temporal,10,38,sequence,2,32,221,7697,555,0.5935
g1_tmoe_coarse_1e19,g1_tmoe_coarse_1e19,1e19,temporal,10,39,sequence,2,32,221,7697,833,0.6019
g1_tmoe_coarse_1e19,g1_tmoe_coarse_1e19,1e19,temporal,10,40,sequence,2,32,221,7697,728,0.6231
g1_tmoe_coarse_1e19,g1_tmoe_coarse_1e19,1e19,temporal,10,41,sequence,2,32,221,7697,454,0.7055
g1_tmoe_coarse_1e19,g1_tmoe_coarse_1e19,1e19,temporal,10,42,sequence,2,32,221,7697,739,0.6117
g1_tmoe_coarse_1e19,g1_tmoe_coarse_1e19,1e19,temporal,10,43,sequence,2,32,221,7697,896,0.6709
g1_tmoe_coarse_1e19,g1_tmoe_coarse_1e19,1e19,temporal,10,44,sequence,2,32,221,7697,885,0.6432
g1_tmoe_coarse_1e19,g1_tmoe_coarse_1e19,1e19,temporal,10,45,sequence,2,32,221,7697,851,0.5695
g1_tmoe_coarse_1e19,g1_tmoe_coarse_1e19,1e19,temporal,10,46,sequence,2,32,221,7697,962,0.6728
g1_tmoe_coarse_1e19,g1_tmoe_coarse_1e19,1e19,temporal,10,47,sequence,2,32,221,7697,571,0.6279
g1_tmoe_coarse_1e19,g1_tmoe_coarse_1e19,1e19,temporal,10,48,sequence,2,32,221,7697,600,0.6072
g1_tmoe_coarse_1e19,g1_tmoe_coarse_1e19,1e19,temporal,10,49,sequence,2,32,221,7697,891,0.6854
g1_tmoe_coarse_1e19,g1_tmoe_coarse_1e19,1e19,temporal,10,50,sequence,2,32,221,7697,859,0.6117
g1_tmoe_coarse_1e19,g1_tmoe_coarse_1e19,1e19,temporal,10,51,sequence,2,32,221,7697,519,0.6599
g1_tmoe_coarse_1e19,g1_tmoe_coarse_1e19,1e19,temporal,10,52,sequence,2,32,221,7697,701,0.7145
g1_tmoe_coarse_1e19,g1_tmoe_coarse_1e19,1e19,temporal,10,53,sequence,2,32,221,7697,686,0.5767
g1_tmoe_coarse_1e19,g1_tmoe_coarse_1e19,1e19,temporal,10,54,sequence,2,32,221,7697,448,0.5816
g1_tmoe_coarse_1e19,g1_tmoe_coarse_1e19,1e19,temporal,10,55,sequence,2,32,221,7697,964,0.6635
g1_tmoe_coarse_1e19,g1_tmoe_coarse_1e19,1e19,temporal,10,56,sequence,2,32,221,7697,710,0.6096
g1_tmoe_coarse_1e19,g1_tmoe_coarse_1e19,1e19,temporal,10,57,sequence,2,32,221,7697,1019,0.6636
g1_tmoe_coarse_1e19,g1_tmoe_coarse_1e19,1e19,temporal,10,58,sequence,2,32,221,7697,253,0.6827
g1_tmoe_coarse_1e19,g1_tmoe_coarse_1e19,1e19,temporal,10,59,sequence,2,32,221,7697,469,0.5719
g1_tmoe_coarse_1e19,g1_tmoe_coarse_1e19,1e19,temporal,10,60,sequence,2,32,221,7697,878,0.6472
g1_tmoe_coarse_1e19,g1_tmoe_coarse_1e19,1e19,temporal,10,61,sequence,2,32,221,7697,809,0.6403
g1_tmoe_coarse_1e19,g1_tmoe_coarse_1e19,1e19,temporal,10,62,sequence,2,32,221,7697,935,0.6088
g1_tmoe_coarse_1e19,g1_tmoe_coarse_1e19,1e19,temporal,10,63,sequence,2,32,221,7697,638,0.6383
g1_tmoe_coarse_1e19,g1_tmoe_coarse_1e19,1e19,temporal,10,0,sequence,3,238,1429,6983,631,0.5868
g1_tmoe_coarse_1e19,g1_tmoe_coarse_1e19,1e19,temporal,10,1,sequence,3,238,1429,6983,747,0.6682
g1_tmoe_coarse_1e19,g1_tmoe_coarse_1e19,1e19,temporal,10,2,sequence,3,238,1429,6983,730,0.6514
g1_tmoe_coarse_1e19,g1_tmoe_coarse_1e19,1e19,temporal,10,3,sequence,3,238,1429,6983,365,0.5782
g1_tmoe_coarse_1e19,g1_tmoe_coarse_1e19,1e19,temporal,10,4,sequence,3,238,1429,6983,588,0.5902
g1_tmoe_coarse_1e19,g1_tmoe_coarse_1e19,1e19,temporal,10,5,sequence,3,238,1429,6983,567,0.6413
g1_tmoe_coarse_1e19,g1_tmoe_coarse_1e19,1e19,temporal,10,6,sequence,3,238,1429,6983,717,0.6597
g1_tmoe_coarse_1e19,g1_tmoe_coarse_1e19,1e19,temporal,10,7,sequence,3,238,1429,6983,705,0.598
g1_tmoe_coarse_1e19,g1_tmoe_coarse_1e19,1e19,temporal,10,8,sequence,3,238,1429,6983,720,0.6152
g1_tmoe_coarse_1e19,g1_tmoe_coarse_1e19,1e19,temporal,10,9,sequence,3,238,1429,6983,609,0.5728
g1_tmoe_coarse_1e19,g1_tmoe_coarse_1e19,1e19,temporal,10,10,sequence,3,238,1429,6983,362,0.6247
g1_tmoe_coarse_1e19,g1_tmoe_coarse_1e19,1e19,temporal,10,11,sequence,3,238,1429,6983,474,0.6359
g1_tmoe_coarse_1e19,g1_tmoe_coarse_1e19,1e19,temporal,10,12,sequence,3,238,1429,6983,829,0.6194
g1_tmoe_coarse_1e19,g1_tmoe_coarse_1e19,1e19,temporal,10,13,sequence,3,238,1429,6983,604,0.5626
g1_tmoe_coarse_1e19,g1_tmoe_coarse_1e19,1e19,temporal,10,14,sequence,3,238,1429,6983,832,0.6702
g1_tmoe_coarse_1e19,g1_tmoe_coarse_1e19,1e19,temporal,10,15,sequence,3,238,1429,6983,673,0.5997
g1_tmoe_coarse_1e19,g1_tmoe_coarse_1e19,1e19,temporal,10,16,sequence,3,238,1429,6983,573,0.5845
g1_tmoe_coarse_1e19,g1_tmoe_coarse_1e19,1e19,temporal,10,17,sequence,3,238,1429,6983,630,0.6892
g1_tmoe_coarse_1e19,g1_tmoe_coarse_1e19,1e19,temporal,10,18,sequence,3,238,1429,6983,1010,0.6813
g1_tmoe_coarse_1e19,g1_tmoe_coarse_1e19,1e19,temporal,10,19,sequence,3,238,1429,6983,521,0.6173
g1_tmoe_coarse_1e19,g1_tmoe_coarse_1e19,1e19,temporal,10,20,sequence,3,238,1429,6983,775,0.6735
g1_tmoe_coarse_1e19,g1_tmoe_coarse_1e19,1e19,temporal,10,21,sequence,3,238,1429,6983,582,0.6676
g1_tmoe_coarse_1e19,g1_tmoe_coarse_1e19,1e19,temporal,10,22,sequence,3,238,1429,6983,748,0.7188
g1_tmoe_coarse_1e19,g1_tmoe_coarse_1e19,1e19,temporal,10,23,sequence,3,238,1429,6983,480,0.6322
g1_tmoe_coarse_1e19,g1_tmoe_coarse_1e19,1e19,temporal,10,24,sequence,3,238,1429,6983,444,0.6581
g1_tmoe_coarse_1e19,g1_tmoe_coarse_1e19,1e19,temporal,10,25,sequence,3,238,1429,6983,643,0.6181
g1_tmoe_coarse_1e19,g1_tmoe_coarse_1e19,1e19,temporal,10,26,sequence,3,238,1429,6983,724,0.6195
g1_tmoe_coarse_1e19,g1_tmoe_coarse_1e19,1e19,temporal,10,27,sequence,3,238,1429,6983,765,0.6029
g1_tmoe_coarse_1e19,g1_tmoe_coarse_1e19,1e19,temporal,10,28,sequence,3,238,1429,6983,328,0.514
g1_tmoe_coarse_1e19,g1_tmoe_coarse_1e19,1e19,temporal,10,29,sequence,3,238,1429,6983,799,0.6789
g1_tmoe_coarse_1e19,g1_tmoe_coarse_1e19,1e19,temporal,10,30,sequence,3,238,1429,6983,784,0.6645
g1_tmoe_coarse_1e19,g1_tmoe_coarse_1e19,1e19,temporal,10,31,sequence,3,238,1429,6983,486,0.5929
g1_tmoe_coarse_1e19,g1_tmoe_coarse_1e19,1e19,temporal,10,32,sequence,3,238,1429,6983,910,0.6771
g1_tmoe_coarse_1e19,g1_tmoe_coarse_1e19,1e19,temporal,10,33,sequence,3,238,1429,6983,822,0.6653
g1_tmoe_coarse_1e19,g1_tmoe_coarse_1e19,1e19,temporal,10,34,sequence,3,238,1429,6983,532,0.5647
g1_tmoe_coarse_1e19,g1_tmoe_coarse_1e19,1e19,temporal,10,35,sequence,3,238,1429,6983,775,0.6656
g1_tmoe_coarse_1e19,g1_tmoe_coarse_1e19,1e19,temporal,10,36,sequence,3,238,1429,6983,410,0.5769
g1_tmoe_coarse_1e19,g1_tmoe_coarse_1e19,1e19,temporal,10,37,sequence,3,238,1429,6983,785,0.6623
g1_tmoe_coarse_1e19,g1_tmoe_coarse_1e19,1e19,temporal,10,38,sequence,3,238,1429,6983,660,0.6927
g1_tmoe_coarse_1e19,g1_tmoe_coarse_1e19,1e19,temporal,10,39,sequence,3,238,1429,6983,680,0.6419
g1_tmoe_coarse_1e19,g1_tmoe_coarse_1e19,1e19,temporal,10,40,sequence,3,238,1429,6983,639,0.6243
g1_tmoe_coarse_1e19,g1_tmoe_coarse_1e19,1e19,temporal,10,41,sequence,3,238,1429,6983,366,0.6939
g1_tmoe_coarse_1e19,g1_tmoe_coarse_1e19,1e19,temporal,10,42,sequence,3,238,1429,6983,767,0.622
g1_tmoe_coarse_1e19,g1_tmoe_coarse_1e19,1e19,temporal,10,43,sequence,3,238,1429,6983,828,0.6583
g1_tmoe_coarse_1e19,g1_tmoe_coarse_1e19,1e19,temporal,10,44,sequence,3,238,1429,6983,890,0.6605
g1_tmoe_coarse_1e19,g1_tmoe_coarse_1e19,1e19,temporal,10,45,sequence,3,238,1429,6983,782,0.585
g1_tmoe_coarse_1e19,g1_tmoe_coarse_1e19,1e19,temporal,10,46,sequence,3,238,1429,6983,917,0.6777
g1_tmoe_coarse_1e19,g1_tmoe_coarse_1e19,1e19,temporal,10,47,sequence,3,238,1429,6983,441,0.6258
g1_tmoe_coarse_1e19,g1_tmoe_coarse_1e19,1e19,temporal,10,48,sequence,3,238,1429,6983,584,0.5958
g1_tmoe_coarse_1e19,g1_tmoe_coarse_1e19,1e19,temporal,10,49,sequence,3,238,1429,6983,629,0.6573
g1_tmoe_coarse_1e19,g1_tmoe_coarse_1e19,1e19,temporal,10,50,sequence,3,238,1429,6983,1019,0.6822
g1_tmoe_coarse_1e19,g1_tmoe_coarse_1e19,1e19,temporal,10,51,sequence,3,238,1429,6983,380,0.5982
g1_tmoe_coarse_1e19,g1_tmoe_coarse_1e19,1e19,temporal,10,52,sequence,3,238,1429,6983,507,0.7408
g1_tmoe_coarse_1e19,g1_tmoe_coarse_1e19,1e19,temporal,10,53,sequence,3,238,1429,6983,584,0.5687
g1_tmoe_coarse_1e19,g1_tmoe_coarse_1e19,1e19,temporal,10,54,sequence,3,238,1429,6983,445,0.5419
g1_tmoe_coarse_1e19,g1_tmoe_coarse_1e19,1e19,temporal,10,55,sequence,3,238,1429,6983,987,0.7266
g1_tmoe_coarse_1e19,g1_tmoe_coarse_1e19,1e19,temporal,10,56,sequence,3,238,1429,6983,589,0.5893
g1_tmoe_coarse_1e19,g1_tmoe_coarse_1e19,1e19,temporal,10,57,sequence,3,238,1429,6983,901,0.7174
g1_tmoe_coarse_1e19,g1_tmoe_coarse_1e19,1e19,temporal,10,58,sequence,3,238,1429,6983,217,0.7589
g1_tmoe_coarse_1e19,g1_tmoe_coarse_1e19,1e19,temporal,10,59,sequence,3,238,1429,6983,408,0.5898
g1_tmoe_coarse_1e19,g1_tmoe_coarse_1e19,1e19,temporal,10,60,sequence,3,238,1429,6983,908,0.6235
g1_tmoe_coarse_1e19,g1_tmoe_coarse_1e19,1e19,temporal,10,61,sequence,3,238,1429,6983,677,0.6018
g1_tmoe_coarse_1e19,g1_tmoe_coarse_1e19,1e19,temporal,10,62,sequence,3,238,1429,6983,874,0.6655
g1_tmoe_coarse_1e19,g1_tmoe_coarse_1e19,1e19,temporal,10,63,sequence,3,238,1429,6983,540,0.5762
g1_tmoe_coarse_1e19,g1_tmoe_coarse_1e19,1e19,temporal,10,0,sequence,4,1982,4940,8353,703,0.6067
g1_tmoe_coarse_1e19,g1_tmoe_coarse_1e19,1e19,temporal,10,1,sequence,4,1982,4940,8353,533,0.671
g1_tmoe_coarse_1e19,g1_tmoe_coarse_1e19,1e19,temporal,10,2,sequence,4,1982,4940,8353,814,0.5673
g1_tmoe_coarse_1e19,g1_tmoe_coarse_1e19,1e19,temporal,10,3,sequence,4,1982,4940,8353,516,0.5849
g1_tmoe_coarse_1e19,g1_tmoe_coarse_1e19,1e19,temporal,10,4,sequence,4,1982,4940,8353,866,0.5918
g1_tmoe_coarse_1e19,g1_tmoe_coarse_1e19,1e19,temporal,10,5,sequence,4,1982,4940,8353,868,0.5736
g1_tmoe_coarse_1e19,g1_tmoe_coarse_1e19,1e19,temporal,10,6,sequence,4,1982,4940,8353,1093,0.723
g1_tmoe_coarse_1e19,g1_tmoe_coarse_1e19,1e19,temporal,10,7,sequence,4,1982,4940,8353,838,0.5887
g1_tmoe_coarse_1e19,g1_tmoe_coarse_1e19,1e19,temporal,10,8,sequence,4,1982,4940,8353,901,0.7089
g1_tmoe_coarse_1e19,g1_tmoe_coarse_1e19,1e19,temporal,10,9,sequence,4,1982,4940,8353,760,0.588
g1_tmoe_coarse_1e19,g1_tmoe_coarse_1e19,1e19,temporal,10,10,sequence,4,1982,4940,8353,582,0.5396
g1_tmoe_coarse_1e19,g1_tmoe_coarse_1e19,1e19,temporal,10,11,sequence,4,1982,4940,8353,688,0.6693
g1_tmoe_coarse_1e19,g1_tmoe_coarse_1e19,1e19,temporal,10,12,sequence,4,1982,4940,8353,903,0.6582
g1_tmoe_coarse_1e19,g1_tmoe_coarse_1e19,1e19,temporal,10,13,sequence,4,1982,4940,8353,631,0.5487
g1_tmoe_coarse_1e19,g1_tmoe_coarse_1e19,1e19,temporal,10,14,sequence,4,1982,4940,8353,585,0.5657
g1_tmoe_coarse_1e19,g1_tmoe_coarse_1e19,1e19,temporal,10,15,sequence,4,1982,4940,8353,977,0.6054
g1_tmoe_coarse_1e19,g1_tmoe_coarse_1e19,1e19,temporal,10,16,sequence,4,1982,4940,8353,853,0.5989
g1_tmoe_coarse_1e19,g1_tmoe_coarse_1e19,1e19,temporal,10,17,sequence,4,1982,4940,8353,1037,0.6019
g1_tmoe_coarse_1e19,g1_tmoe_coarse_1e19,1e19,temporal,10,18,sequence,4,1982,4940,8353,827,0.6169
g1_tmoe_coarse_1e19,g1_tmoe_coarse_1e19,1e19,temporal,10,19,sequence,4,1982,4940,8353,810,0.6654
g1_tmoe_coarse_1e19,g1_tmoe_coarse_1e19,1e19,temporal,10,20,sequence,4,1982,4940,8353,654,0.5673
g1_tmoe_coarse_1e19,g1_tmoe_coarse_1e19,1e19,temporal,10,21,sequence,4,1982,4940,8353,643,0.6025
g1_tmoe_coarse_1e19,g1_tmoe_coarse_1e19,1e19,temporal,10,22,sequence,4,1982,4940,8353,665,0.5508
g1_tmoe_coarse_1e19,g1_tmoe_coarse_1e19,1e19,temporal,10,23,sequence,4,1982,4940,8353,736,0.6778
g1_tmoe_coarse_1e19,g1_tmoe_coarse_1e19,1e19,temporal,10,24,sequence,4,1982,4940,8353,660,0.7524
g1_tmoe_coarse_1e19,g1_tmoe_coarse_1e19,1e19,temporal,10,25,sequence,4,1982,4940,8353,1027,0.615
g1_tmoe_coarse_1e19,g1_tmoe_coarse_1e19,1e19,temporal,10,26,sequence,4,1982,4940,8353,851,0.7056
g1_tmoe_coarse_1e19,g1_tmoe_coarse_1e19,1e19,temporal,10,27,sequence,4,1982,4940,8353,797,0.5544
g1_tmoe_coarse_1e19,g1_tmoe_coarse_1e19,1e19,temporal,10,28,sequence,4,1982,4940,8353,586,0.6601
g1_tmoe_coarse_1e19,g1_tmoe_coarse_1e19,1e19,temporal,10,29,sequence,4,1982,4940,8353,943,0.5502
g1_tmoe_coarse_1e19,g1_tmoe_coarse_1e19,1e19,temporal,10,30,sequence,4,1982,4940,8353,876,0.6927
g1_tmoe_coarse_1e19,g1_tmoe_coarse_1e19,1e19,temporal,10,31,sequence,4,1982,4940,8353,962,0.6991
g1_tmoe_coarse_1e19,g1_tmoe_coarse_1e19,1e19,temporal,10,32,sequence,4,1982,4940,8353,762,0.6008
g1_tmoe_coarse_1e19,g1_tmoe_coarse_1e19,1e19,temporal,10,33,sequence,4,1982,4940,8353,490,0.5931
g1_tmoe_coarse_1e19,g1_tmoe_coarse_1e19,1e19,temporal,10,34,sequence,4,1982,4940,8353,781,0.5532
g1_tmoe_coarse_1e19,g1_tmoe_coarse_1e19,1e19,temporal,10,35,sequence,4,1982,4940,8353,1018,0.5753
g1_tmoe_coarse_1e19,g1_tmoe_coarse_1e19,1e19,temporal,10,36,sequence,4,1982,4940,8353,704,0.6502
g1_tmoe_coarse_1e19,g1_tmoe_coarse_1e19,1e19,temporal,10,37,sequence,4,1982,4940,8353,751,0.6428
g1_tmoe_coarse_1e19,g1_tmoe_coarse_1e19,1e19,temporal,10,38,sequence,4,1982,4940,8353,929,0.5392
g1_tmoe_coarse_1e19,g1_tmoe_coarse_1e19,1e19,temporal,10,39,sequence,4,1982,4940,8353,720,0.5461
g1_tmoe_coarse_1e19,g1_tmoe_coarse_1e19,1e19,temporal,10,40,sequence,4,1982,4940,8353,720,0.6186
g1_tmoe_coarse_1e19,g1_tmoe_coarse_1e19,1e19,temporal,10,41,sequence,4,1982,4940,8353,628,0.7294
g1_tmoe_coarse_1e19,g1_tmoe_coarse_1e19,1e19,temporal,10,42,sequence,4,1982,4940,8353,909,0.6262
g1_tmoe_coarse_1e19,g1_tmoe_coarse_1e19,1e19,temporal,10,43,sequence,4,1982,4940,8353,1133,0.581
g1_tmoe_coarse_1e19,g1_tmoe_coarse_1e19,1e19,temporal,10,44,sequence,4,1982,4940,8353,630,0.63
g1_tmoe_coarse_1e19,g1_tmoe_coarse_1e19,1e19,temporal,10,45,sequence,4,1982,4940,8353,1041,0.602
g1_tmoe_coarse_1e19,g1_tmoe_coarse_1e19,1e19,temporal,10,46,sequence,4,1982,4940,8353,776,0.6006
g1_tmoe_coarse_1e19,g1_tmoe_coarse_1e19,1e19,temporal,10,47,sequence,4,1982,4940,8353,542,0.583
g1_tmoe_coarse_1e19,g1_tmoe_coarse_1e19,1e19,temporal,10,48,sequence,4,1982,4940,8353,822,0.5568
g1_tmoe_coarse_1e19,g1_tmoe_coarse_1e19,1e19,temporal,10,49,sequence,4,1982,4940,8353,821,0.6805
g1_tmoe_coarse_1e19,g1_tmoe_coarse_1e19,1e19,temporal,10,50,sequence,4,1982,4940,8353,745,0.5339
g1_tmoe_coarse_1e19,g1_tmoe_coarse_1e19,1e19,temporal,10,51,sequence,4,1982,4940,8353,558,0.6226
g1_tmoe_coarse_1e19,g1_tmoe_coarse_1e19,1e19,temporal,10,52,sequence,4,1982,4940,8353,1465,0.8499
g1_tmoe_coarse_1e19,g1_tmoe_coarse_1e19,1e19,temporal,10,53,sequence,4,1982,4940,8353,981,0.5708
g1_tmoe_coarse_1e19,g1_tmoe_coarse_1e19,1e19,temporal,10,54,sequence,4,1982,4940,8353,642,0.5595
g1_tmoe_coarse_1e19,g1_tmoe_coarse_1e19,1e19,temporal,10,55,sequence,4,1982,4940,8353,738,0.5618
g1_tmoe_coarse_1e19,g1_tmoe_coarse_1e19,1e19,temporal,10,56,sequence,4,1982,4940,8353,638,0.5685
g1_tmoe_coarse_1e19,g1_tmoe_coarse_1e19,1e19,temporal,10,57,sequence,4,1982,4940,8353,552,0.5852
g1_tmoe_coarse_1e19,g1_tmoe_coarse_1e19,1e19,temporal,10,58,sequence,4,1982,4940,8353,331,0.7241
g1_tmoe_coarse_1e19,g1_tmoe_coarse_1e19,1e19,temporal,10,59,sequence,4,1982,4940,8353,828,0.6596
g1_tmoe_coarse_1e19,g1_tmoe_coarse_1e19,1e19,temporal,10,60,sequence,4,1982,4940,8353,756,0.6652
g1_tmoe_coarse_1e19,g1_tmoe_coarse_1e19,1e19,temporal,10,61,sequence,4,1982,4940,8353,1041,0.5827
g1_tmoe_coarse_1e19,g1_tmoe_coarse_1e19,1e19,temporal,10,62,sequence,4,1982,4940,8353,747,0.5804
g1_tmoe_coarse_1e19,g1_tmoe_coarse_1e19,1e19,temporal,10,63,sequence,4,1982,4940,8353,734,0.5852
g1_tmoe_coarse_1e19,g1_tmoe_coarse_1e19,1e19,temporal,11,0,sequence,0,1,6,8017,750,0.5116
g1_tmoe_coarse_1e19,g1_tmoe_coarse_1e19,1e19,temporal,11,1,sequence,0,1,6,8017,694,0.5706
g1_tmoe_coarse_1e19,g1_tmoe_coarse_1e19,1e19,temporal,11,2,sequence,0,1,6,8017,689,0.6056
g1_tmoe_coarse_1e19,g1_tmoe_coarse_1e19,1e19,temporal,11,3,sequence,0,1,6,8017,730,0.5876
g1_tmoe_coarse_1e19,g1_tmoe_coarse_1e19,1e19,temporal,11,4,sequence,0,1,6,8017,799,0.5897
g1_tmoe_coarse_1e19,g1_tmoe_coarse_1e19,1e19,temporal,11,5,sequence,0,1,6,8017,1040,0.5675
g1_tmoe_coarse_1e19,g1_tmoe_coarse_1e19,1e19,temporal,11,6,sequence,0,1,6,8017,429,0.55
g1_tmoe_coarse_1e19,g1_tmoe_coarse_1e19,1e19,temporal,11,7,sequence,0,1,6,8017,445,0.5262
g1_tmoe_coarse_1e19,g1_tmoe_coarse_1e19,1e19,temporal,11,8,sequence,0,1,6,8017,883,0.521
g1_tmoe_coarse_1e19,g1_tmoe_coarse_1e19,1e19,temporal,11,9,sequence,0,1,6,8017,1053,0.6261
g1_tmoe_coarse_1e19,g1_tmoe_coarse_1e19,1e19,temporal,11,10,sequence,0,1,6,8017,656,0.6042
g1_tmoe_coarse_1e19,g1_tmoe_coarse_1e19,1e19,temporal,11,11,sequence,0,1,6,8017,763,0.5725
g1_tmoe_coarse_1e19,g1_tmoe_coarse_1e19,1e19,temporal,11,12,sequence,0,1,6,8017,915,0.4963
g1_tmoe_coarse_1e19,g1_tmoe_coarse_1e19,1e19,temporal,11,13,sequence,0,1,6,8017,661,0.5853
g1_tmoe_coarse_1e19,g1_tmoe_coarse_1e19,1e19,temporal,11,14,sequence,0,1,6,8017,1096,0.6389
g1_tmoe_coarse_1e19,g1_tmoe_coarse_1e19,1e19,temporal,11,15,sequence,0,1,6,8017,798,0.6206
g1_tmoe_coarse_1e19,g1_tmoe_coarse_1e19,1e19,temporal,11,16,sequence,0,1,6,8017,1092,0.59
g1_tmoe_coarse_1e19,g1_tmoe_coarse_1e19,1e19,temporal,11,17,sequence,0,1,6,8017,762,0.5561
g1_tmoe_coarse_1e19,g1_tmoe_coarse_1e19,1e19,temporal,11,18,sequence,0,1,6,8017,871,0.6471
g1_tmoe_coarse_1e19,g1_tmoe_coarse_1e19,1e19,temporal,11,19,sequence,0,1,6,8017,644,0.58
g1_tmoe_coarse_1e19,g1_tmoe_coarse_1e19,1e19,temporal,11,20,sequence,0,1,6,8017,641,0.525
g1_tmoe_coarse_1e19,g1_tmoe_coarse_1e19,1e19,temporal,11,21,sequence,0,1,6,8017,747,0.5027
g1_tmoe_coarse_1e19,g1_tmoe_coarse_1e19,1e19,temporal,11,22,sequence,0,1,6,8017,780,0.5732
g1_tmoe_coarse_1e19,g1_tmoe_coarse_1e19,1e19,temporal,11,23,sequence,0,1,6,8017,687,0.5517
g1_tmoe_coarse_1e19,g1_tmoe_coarse_1e19,1e19,temporal,11,24,sequence,0,1,6,8017,934,0.6032
g1_tmoe_coarse_1e19,g1_tmoe_coarse_1e19,1e19,temporal,11,25,sequence,0,1,6,8017,797,0.5788
g1_tmoe_coarse_1e19,g1_tmoe_coarse_1e19,1e19,temporal,11,26,sequence,0,1,6,8017,682,0.6167
g1_tmoe_coarse_1e19,g1_tmoe_coarse_1e19,1e19,temporal,11,27,sequence,0,1,6,8017,844,0.6219
g1_tmoe_coarse_1e19,g1_tmoe_coarse_1e19,1e19,temporal,11,28,sequence,0,1,6,8017,760,0.5603
g1_tmoe_coarse_1e19,g1_tmoe_coarse_1e19,1e19,temporal,11,29,sequence,0,1,6,8017,695,0.575
g1_tmoe_coarse_1e19,g1_tmoe_coarse_1e19,1e19,temporal,11,30,sequence,0,1,6,8017,597,0.5501
g1_tmoe_coarse_1e19,g1_tmoe_coarse_1e19,1e19,temporal,11,31,sequence,0,1,6,8017,752,0.5323
g1_tmoe_coarse_1e19,g1_tmoe_coarse_1e19,1e19,temporal,11,32,sequence,0,1,6,8017,702,0.5369
g1_tmoe_coarse_1e19,g1_tmoe_coarse_1e19,1e19,temporal,11,33,sequence,0,1,6,8017,654,0.55
g1_tmoe_coarse_1e19,g1_tmoe_coarse_1e19,1e19,temporal,11,34,sequence,0,1,6,8017,522,0.5608
g1_tmoe_coarse_1e19,g1_tmoe_coarse_1e19,1e19,temporal,11,35,sequence,0,1,6,8017,539,0.5335
g1_tmoe_coarse_1e19,g1_tmoe_coarse_1e19,1e19,temporal,11,36,sequence,0,1,6,8017,396,0.6132
g1_tmoe_coarse_1e19,g1_tmoe_coarse_1e19,1e19,temporal,11,37,sequence,0,1,6,8017,717,0.4967
g1_tmoe_coarse_1e19,g1_tmoe_coarse_1e19,1e19,temporal,11,38,sequence,0,1,6,8017,1005,0.5879
g1_tmoe_coarse_1e19,g1_tmoe_coarse_1e19,1e19,temporal,11,39,sequence,0,1,6,8017,679,0.5676
g1_tmoe_coarse_1e19,g1_tmoe_coarse_1e19,1e19,temporal,11,40,sequence,0,1,6,8017,421,0.5721
g1_tmoe_coarse_1e19,g1_tmoe_coarse_1e19,1e19,temporal,11,41,sequence,0,1,6,8017,813,0.5539
g1_tmoe_coarse_1e19,g1_tmoe_coarse_1e19,1e19,temporal,11,42,sequence,0,1,6,8017,686,0.5247
g1_tmoe_coarse_1e19,g1_tmoe_coarse_1e19,1e19,temporal,11,43,sequence,0,1,6,8017,724,0.5217
g1_tmoe_coarse_1e19,g1_tmoe_coarse_1e19,1e19,temporal,11,44,sequence,0,1,6,8017,761,0.5904
g1_tmoe_coarse_1e19,g1_tmoe_coarse_1e19,1e19,temporal,11,45,sequence,0,1,6,8017,964,0.5879
g1_tmoe_coarse_1e19,g1_tmoe_coarse_1e19,1e19,temporal,11,46,sequence,0,1,6,8017,900,0.5396
g1_tmoe_coarse_1e19,g1_tmoe_coarse_1e19,1e19,temporal,11,47,sequence,0,1,6,8017,927,0.6476
g1_tmoe_coarse_1e19,g1_tmoe_coarse_1e19,1e19,temporal,11,48,sequence,0,1,6,8017,808,0.654
g1_tmoe_coarse_1e19,g1_tmoe_coarse_1e19,1e19,temporal,11,49,sequence,0,1,6,8017,918,0.6309
g1_tmoe_coarse_1e19,g1_tmoe_coarse_1e19,1e19,temporal,11,50,sequence,0,1,6,8017,867,0.5623
g1_tmoe_coarse_1e19,g1_tmoe_coarse_1e19,1e19,temporal,11,51,sequence,0,1,6,8017,858,0.6361
g1_tmoe_coarse_1e19,g1_tmoe_coarse_1e19,1e19,temporal,11,52,sequence,0,1,6,8017,576,0.5019
g1_tmoe_coarse_1e19,g1_tmoe_coarse_1e19,1e19,temporal,11,53,sequence,0,1,6,8017,786,0.6261
g1_tmoe_coarse_1e19,g1_tmoe_coarse_1e19,1e19,temporal,11,54,sequence,0,1,6,8017,618,0.5016
g1_tmoe_coarse_1e19,g1_tmoe_coarse_1e19,1e19,temporal,11,55,sequence,0,1,6,8017,775,0.6325
g1_tmoe_coarse_1e19,g1_tmoe_coarse_1e19,1e19,temporal,11,56,sequence,0,1,6,8017,751,0.5584
g1_tmoe_coarse_1e19,g1_tmoe_coarse_1e19,1e19,temporal,11,57,sequence,0,1,6,8017,687,0.5041
g1_tmoe_coarse_1e19,g1_tmoe_coarse_1e19,1e19,temporal,11,58,sequence,0,1,6,8017,920,0.563
g1_tmoe_coarse_1e19,g1_tmoe_coarse_1e19,1e19,temporal,11,59,sequence,0,1,6,8017,658,0.5242
g1_tmoe_coarse_1e19,g1_tmoe_coarse_1e19,1e19,temporal,11,60,sequence,0,1,6,8017,882,0.5539
g1_tmoe_coarse_1e19,g1_tmoe_coarse_1e19,1e19,temporal,11,61,sequence,0,1,6,8017,728,0.5287
g1_tmoe_coarse_1e19,g1_tmoe_coarse_1e19,1e19,temporal,11,62,sequence,0,1,6,8017,706,0.5575
g1_tmoe_coarse_1e19,g1_tmoe_coarse_1e19,1e19,temporal,11,63,sequence,0,1,6,8017,468,0.5615
g1_tmoe_coarse_1e19,g1_tmoe_coarse_1e19,1e19,temporal,11,0,sequence,1,6,32,7862,698,0.5299
g1_tmoe_coarse_1e19,g1_tmoe_coarse_1e19,1e19,temporal,11,1,sequence,1,6,32,7862,755,0.6341
g1_tmoe_coarse_1e19,g1_tmoe_coarse_1e19,1e19,temporal,11,2,sequence,1,6,32,7862,847,0.5965
g1_tmoe_coarse_1e19,g1_tmoe_coarse_1e19,1e19,temporal,11,3,sequence,1,6,32,7862,740,0.627
g1_tmoe_coarse_1e19,g1_tmoe_coarse_1e19,1e19,temporal,11,4,sequence,1,6,32,7862,574,0.6038
g1_tmoe_coarse_1e19,g1_tmoe_coarse_1e19,1e19,temporal,11,5,sequence,1,6,32,7862,809,0.5782
g1_tmoe_coarse_1e19,g1_tmoe_coarse_1e19,1e19,temporal,11,6,sequence,1,6,32,7862,504,0.6422
g1_tmoe_coarse_1e19,g1_tmoe_coarse_1e19,1e19,temporal,11,7,sequence,1,6,32,7862,514,0.5716
g1_tmoe_coarse_1e19,g1_tmoe_coarse_1e19,1e19,temporal,11,8,sequence,1,6,32,7862,761,0.5284
g1_tmoe_coarse_1e19,g1_tmoe_coarse_1e19,1e19,temporal,11,9,sequence,1,6,32,7862,918,0.6494
g1_tmoe_coarse_1e19,g1_tmoe_coarse_1e19,1e19,temporal,11,10,sequence,1,6,32,7862,751,0.6064
g1_tmoe_coarse_1e19,g1_tmoe_coarse_1e19,1e19,temporal,11,11,sequence,1,6,32,7862,715,0.5893
g1_tmoe_coarse_1e19,g1_tmoe_coarse_1e19,1e19,temporal,11,12,sequence,1,6,32,7862,848,0.5438
g1_tmoe_coarse_1e19,g1_tmoe_coarse_1e19,1e19,temporal,11,13,sequence,1,6,32,7862,792,0.5996
g1_tmoe_coarse_1e19,g1_tmoe_coarse_1e19,1e19,temporal,11,14,sequence,1,6,32,7862,916,0.6555
g1_tmoe_coarse_1e19,g1_tmoe_coarse_1e19,1e19,temporal,11,15,sequence,1,6,32,7862,598,0.6451
g1_tmoe_coarse_1e19,g1_tmoe_coarse_1e19,1e19,temporal,11,16,sequence,1,6,32,7862,812,0.5835
g1_tmoe_coarse_1e19,g1_tmoe_coarse_1e19,1e19,temporal,11,17,sequence,1,6,32,7862,760,0.5759
g1_tmoe_coarse_1e19,g1_tmoe_coarse_1e19,1e19,temporal,11,18,sequence,1,6,32,7862,661,0.6469
g1_tmoe_coarse_1e19,g1_tmoe_coarse_1e19,1e19,temporal,11,19,sequence,1,6,32,7862,515,0.617
g1_tmoe_coarse_1e19,g1_tmoe_coarse_1e19,1e19,temporal,11,20,sequence,1,6,32,7862,758,0.5781
g1_tmoe_coarse_1e19,g1_tmoe_coarse_1e19,1e19,temporal,11,21,sequence,1,6,32,7862,871,0.5449
g1_tmoe_coarse_1e19,g1_tmoe_coarse_1e19,1e19,temporal,11,22,sequence,1,6,32,7862,837,0.6195
g1_tmoe_coarse_1e19,g1_tmoe_coarse_1e19,1e19,temporal,11,23,sequence,1,6,32,7862,625,0.5784
g1_tmoe_coarse_1e19,g1_tmoe_coarse_1e19,1e19,temporal,11,24,sequence,1,6,32,7862,973,0.627
g1_tmoe_coarse_1e19,g1_tmoe_coarse_1e19,1e19,temporal,11,25,sequence,1,6,32,7862,928,0.6303
g1_tmoe_coarse_1e19,g1_tmoe_coarse_1e19,1e19,temporal,11,26,sequence,1,6,32,7862,758,0.6222
g1_tmoe_coarse_1e19,g1_tmoe_coarse_1e19,1e19,temporal,11,27,sequence,1,6,32,7862,750,0.6523
g1_tmoe_coarse_1e19,g1_tmoe_coarse_1e19,1e19,temporal,11,28,sequence,1,6,32,7862,812,0.5923
g1_tmoe_coarse_1e19,g1_tmoe_coarse_1e19,1e19,temporal,11,29,sequence,1,6,32,7862,812,0.5824
g1_tmoe_coarse_1e19,g1_tmoe_coarse_1e19,1e19,temporal,11,30,sequence,1,6,32,7862,674,0.5202
g1_tmoe_coarse_1e19,g1_tmoe_coarse_1e19,1e19,temporal,11,31,sequence,1,6,32,7862,653,0.5765
g1_tmoe_coarse_1e19,g1_tmoe_coarse_1e19,1e19,temporal,11,32,sequence,1,6,32,7862,832,0.5907
g1_tmoe_coarse_1e19,g1_tmoe_coarse_1e19,1e19,temporal,11,33,sequence,1,6,32,7862,833,0.5948
g1_tmoe_coarse_1e19,g1_tmoe_coarse_1e19,1e19,temporal,11,34,sequence,1,6,32,7862,494,0.5693
g1_tmoe_coarse_1e19,g1_tmoe_coarse_1e19,1e19,temporal,11,35,sequence,1,6,32,7862,646,0.5647
g1_tmoe_coarse_1e19,g1_tmoe_coarse_1e19,1e19,temporal,11,36,sequence,1,6,32,7862,386,0.6029
g1_tmoe_coarse_1e19,g1_tmoe_coarse_1e19,1e19,temporal,11,37,sequence,1,6,32,7862,727,0.5375
g1_tmoe_coarse_1e19,g1_tmoe_coarse_1e19,1e19,temporal,11,38,sequence,1,6,32,7862,874,0.6292
g1_tmoe_coarse_1e19,g1_tmoe_coarse_1e19,1e19,temporal,11,39,sequence,1,6,32,7862,791,0.6017
g1_tmoe_coarse_1e19,g1_tmoe_coarse_1e19,1e19,temporal,11,40,sequence,1,6,32,7862,491,0.6019
g1_tmoe_coarse_1e19,g1_tmoe_coarse_1e19,1e19,temporal,11,41,sequence,1,6,32,7862,900,0.6014
g1_tmoe_coarse_1e19,g1_tmoe_coarse_1e19,1e19,temporal,11,42,sequence,1,6,32,7862,712,0.5765
g1_tmoe_coarse_1e19,g1_tmoe_coarse_1e19,1e19,temporal,11,43,sequence,1,6,32,7862,754,0.5381
g1_tmoe_coarse_1e19,g1_tmoe_coarse_1e19,1e19,temporal,11,44,sequence,1,6,32,7862,832,0.6285
g1_tmoe_coarse_1e19,g1_tmoe_coarse_1e19,1e19,temporal,11,45,sequence,1,6,32,7862,980,0.5894
g1_tmoe_coarse_1e19,g1_tmoe_coarse_1e19,1e19,temporal,11,46,sequence,1,6,32,7862,893,0.5679
g1_tmoe_coarse_1e19,g1_tmoe_coarse_1e19,1e19,temporal,11,47,sequence,1,6,32,7862,766,0.6473
g1_tmoe_coarse_1e19,g1_tmoe_coarse_1e19,1e19,temporal,11,48,sequence,1,6,32,7862,579,0.6231
g1_tmoe_coarse_1e19,g1_tmoe_coarse_1e19,1e19,temporal,11,49,sequence,1,6,32,7862,843,0.615
g1_tmoe_coarse_1e19,g1_tmoe_coarse_1e19,1e19,temporal,11,50,sequence,1,6,32,7862,782,0.5987
g1_tmoe_coarse_1e19,g1_tmoe_coarse_1e19,1e19,temporal,11,51,sequence,1,6,32,7862,764,0.6496
g1_tmoe_coarse_1e19,g1_tmoe_coarse_1e19,1e19,temporal,11,52,sequence,1,6,32,7862,714,0.5502
g1_tmoe_coarse_1e19,g1_tmoe_coarse_1e19,1e19,temporal,11,53,sequence,1,6,32,7862,678,0.7486
g1_tmoe_coarse_1e19,g1_tmoe_coarse_1e19,1e19,temporal,11,54,sequence,1,6,32,7862,661,0.5509
g1_tmoe_coarse_1e19,g1_tmoe_coarse_1e19,1e19,temporal,11,55,sequence,1,6,32,7862,624,0.6828
g1_tmoe_coarse_1e19,g1_tmoe_coarse_1e19,1e19,temporal,11,56,sequence,1,6,32,7862,749,0.5698
g1_tmoe_coarse_1e19,g1_tmoe_coarse_1e19,1e19,temporal,11,57,sequence,1,6,32,7862,675,0.5501
g1_tmoe_coarse_1e19,g1_tmoe_coarse_1e19,1e19,temporal,11,58,sequence,1,6,32,7862,894,0.6219
g1_tmoe_coarse_1e19,g1_tmoe_coarse_1e19,1e19,temporal,11,59,sequence,1,6,32,7862,656,0.5529
g1_tmoe_coarse_1e19,g1_tmoe_coarse_1e19,1e19,temporal,11,60,sequence,1,6,32,7862,840,0.5961
g1_tmoe_coarse_1e19,g1_tmoe_coarse_1e19,1e19,temporal,11,61,sequence,1,6,32,7862,679,0.5552
g1_tmoe_coarse_1e19,g1_tmoe_coarse_1e19,1e19,temporal,11,62,sequence,1,6,32,7862,715,0.5501
g1_tmoe_coarse_1e19,g1_tmoe_coarse_1e19,1e19,temporal,11,63,sequence,1,6,32,7862,469,0.5629
g1_tmoe_coarse_1e19,g1_tmoe_coarse_1e19,1e19,temporal,11,0,sequence,2,32,221,7697,766,0.6248
g1_tmoe_coarse_1e19,g1_tmoe_coarse_1e19,1e19,temporal,11,1,sequence,2,32,221,7697,718,0.6306
g1_tmoe_coarse_1e19,g1_tmoe_coarse_1e19,1e19,temporal,11,2,sequence,2,32,221,7697,513,0.6209
g1_tmoe_coarse_1e19,g1_tmoe_coarse_1e19,1e19,temporal,11,3,sequence,2,32,221,7697,637,0.6632
g1_tmoe_coarse_1e19,g1_tmoe_coarse_1e19,1e19,temporal,11,4,sequence,2,32,221,7697,381,0.6259
g1_tmoe_coarse_1e19,g1_tmoe_coarse_1e19,1e19,temporal,11,5,sequence,2,32,221,7697,571,0.6038
g1_tmoe_coarse_1e19,g1_tmoe_coarse_1e19,1e19,temporal,11,6,sequence,2,32,221,7697,808,0.7789
g1_tmoe_coarse_1e19,g1_tmoe_coarse_1e19,1e19,temporal,11,7,sequence,2,32,221,7697,756,0.6625
g1_tmoe_coarse_1e19,g1_tmoe_coarse_1e19,1e19,temporal,11,8,sequence,2,32,221,7697,800,0.5887
g1_tmoe_coarse_1e19,g1_tmoe_coarse_1e19,1e19,temporal,11,9,sequence,2,32,221,7697,452,0.604
g1_tmoe_coarse_1e19,g1_tmoe_coarse_1e19,1e19,temporal,11,10,sequence,2,32,221,7697,723,0.661
g1_tmoe_coarse_1e19,g1_tmoe_coarse_1e19,1e19,temporal,11,11,sequence,2,32,221,7697,686,0.6546
g1_tmoe_coarse_1e19,g1_tmoe_coarse_1e19,1e19,temporal,11,12,sequence,2,32,221,7697,928,0.5696
g1_tmoe_coarse_1e19,g1_tmoe_coarse_1e19,1e19,temporal,11,13,sequence,2,32,221,7697,1236,0.7232
g1_tmoe_coarse_1e19,g1_tmoe_coarse_1e19,1e19,temporal,11,14,sequence,2,32,221,7697,812,0.7056
g1_tmoe_coarse_1e19,g1_tmoe_coarse_1e19,1e19,temporal,11,15,sequence,2,32,221,7697,582,0.6104
g1_tmoe_coarse_1e19,g1_tmoe_coarse_1e19,1e19,temporal,11,16,sequence,2,32,221,7697,677,0.6047
g1_tmoe_coarse_1e19,g1_tmoe_coarse_1e19,1e19,temporal,11,17,sequence,2,32,221,7697,1121,0.6722
g1_tmoe_coarse_1e19,g1_tmoe_coarse_1e19,1e19,temporal,11,18,sequence,2,32,221,7697,628,0.6494
g1_tmoe_coarse_1e19,g1_tmoe_coarse_1e19,1e19,temporal,11,19,sequence,2,32,221,7697,528,0.5902
g1_tmoe_coarse_1e19,g1_tmoe_coarse_1e19,1e19,temporal,11,20,sequence,2,32,221,7697,720,0.5718
g1_tmoe_coarse_1e19,g1_tmoe_coarse_1e19,1e19,temporal,11,21,sequence,2,32,221,7697,857,0.5911
g1_tmoe_coarse_1e19,g1_tmoe_coarse_1e19,1e19,temporal,11,22,sequence,2,32,221,7697,1206,0.7008
g1_tmoe_coarse_1e19,g1_tmoe_coarse_1e19,1e19,temporal,11,23,sequence,2,32,221,7697,521,0.5783
g1_tmoe_coarse_1e19,g1_tmoe_coarse_1e19,1e19,temporal,11,24,sequence,2,32,221,7697,1143,0.6633
g1_tmoe_coarse_1e19,g1_tmoe_coarse_1e19,1e19,temporal,11,25,sequence,2,32,221,7697,863,0.6234
g1_tmoe_coarse_1e19,g1_tmoe_coarse_1e19,1e19,temporal,11,26,sequence,2,32,221,7697,607,0.5628
g1_tmoe_coarse_1e19,g1_tmoe_coarse_1e19,1e19,temporal,11,27,sequence,2,32,221,7697,591,0.644
g1_tmoe_coarse_1e19,g1_tmoe_coarse_1e19,1e19,temporal,11,28,sequence,2,32,221,7697,799,0.608
g1_tmoe_coarse_1e19,g1_tmoe_coarse_1e19,1e19,temporal,11,29,sequence,2,32,221,7697,549,0.5907
g1_tmoe_coarse_1e19,g1_tmoe_coarse_1e19,1e19,temporal,11,30,sequence,2,32,221,7697,842,0.6553
g1_tmoe_coarse_1e19,g1_tmoe_coarse_1e19,1e19,temporal,11,31,sequence,2,32,221,7697,537,0.5848
g1_tmoe_coarse_1e19,g1_tmoe_coarse_1e19,1e19,temporal,11,32,sequence,2,32,221,7697,872,0.6219
g1_tmoe_coarse_1e19,g1_tmoe_coarse_1e19,1e19,temporal,11,33,sequence,2,32,221,7697,1170,0.6395
g1_tmoe_coarse_1e19,g1_tmoe_coarse_1e19,1e19,temporal,11,34,sequence,2,32,221,7697,541,0.6343
g1_tmoe_coarse_1e19,g1_tmoe_coarse_1e19,1e19,temporal,11,35,sequence,2,32,221,7697,830,0.6096
g1_tmoe_coarse_1e19,g1_tmoe_coarse_1e19,1e19,temporal,11,36,sequence,2,32,221,7697,265,0.5715
g1_tmoe_coarse_1e19,g1_tmoe_coarse_1e19,1e19,temporal,11,37,sequence,2,32,221,7697,718,0.5674
g1_tmoe_coarse_1e19,g1_tmoe_coarse_1e19,1e19,temporal,11,38,sequence,2,32,221,7697,805,0.6502
g1_tmoe_coarse_1e19,g1_tmoe_coarse_1e19,1e19,temporal,11,39,sequence,2,32,221,7697,620,0.6342
g1_tmoe_coarse_1e19,g1_tmoe_coarse_1e19,1e19,temporal,11,40,sequence,2,32,221,7697,570,0.6379
g1_tmoe_coarse_1e19,g1_tmoe_coarse_1e19,1e19,temporal,11,41,sequence,2,32,221,7697,987,0.6581
g1_tmoe_coarse_1e19,g1_tmoe_coarse_1e19,1e19,temporal,11,42,sequence,2,32,221,7697,638,0.6029
g1_tmoe_coarse_1e19,g1_tmoe_coarse_1e19,1e19,temporal,11,43,sequence,2,32,221,7697,937,0.6326
g1_tmoe_coarse_1e19,g1_tmoe_coarse_1e19,1e19,temporal,11,44,sequence,2,32,221,7697,966,0.6459
g1_tmoe_coarse_1e19,g1_tmoe_coarse_1e19,1e19,temporal,11,45,sequence,2,32,221,7697,1113,0.6387
g1_tmoe_coarse_1e19,g1_tmoe_coarse_1e19,1e19,temporal,11,46,sequence,2,32,221,7697,717,0.6923
g1_tmoe_coarse_1e19,g1_tmoe_coarse_1e19,1e19,temporal,11,47,sequence,2,32,221,7697,437,0.6149
g1_tmoe_coarse_1e19,g1_tmoe_coarse_1e19,1e19,temporal,11,48,sequence,2,32,221,7697,419,0.5753
g1_tmoe_coarse_1e19,g1_tmoe_coarse_1e19,1e19,temporal,11,49,sequence,2,32,221,7697,795,0.6453
g1_tmoe_coarse_1e19,g1_tmoe_coarse_1e19,1e19,temporal,11,50,sequence,2,32,221,7697,704,0.6816
g1_tmoe_coarse_1e19,g1_tmoe_coarse_1e19,1e19,temporal,11,51,sequence,2,32,221,7697,551,0.653
g1_tmoe_coarse_1e19,g1_tmoe_coarse_1e19,1e19,temporal,11,52,sequence,2,32,221,7697,841,0.5982
g1_tmoe_coarse_1e19,g1_tmoe_coarse_1e19,1e19,temporal,11,53,sequence,2,32,221,7697,640,0.7577
g1_tmoe_coarse_1e19,g1_tmoe_coarse_1e19,1e19,temporal,11,54,sequence,2,32,221,7697,786,0.6038
g1_tmoe_coarse_1e19,g1_tmoe_coarse_1e19,1e19,temporal,11,55,sequence,2,32,221,7697,495,0.7577
g1_tmoe_coarse_1e19,g1_tmoe_coarse_1e19,1e19,temporal,11,56,sequence,2,32,221,7697,790,0.7113
g1_tmoe_coarse_1e19,g1_tmoe_coarse_1e19,1e19,temporal,11,57,sequence,2,32,221,7697,738,0.5698
g1_tmoe_coarse_1e19,g1_tmoe_coarse_1e19,1e19,temporal,11,58,sequence,2,32,221,7697,530,0.608
g1_tmoe_coarse_1e19,g1_tmoe_coarse_1e19,1e19,temporal,11,59,sequence,2,32,221,7697,799,0.6328
g1_tmoe_coarse_1e19,g1_tmoe_coarse_1e19,1e19,temporal,11,60,sequence,2,32,221,7697,629,0.607
g1_tmoe_coarse_1e19,g1_tmoe_coarse_1e19,1e19,temporal,11,61,sequence,2,32,221,7697,575,0.6193
g1_tmoe_coarse_1e19,g1_tmoe_coarse_1e19,1e19,temporal,11,62,sequence,2,32,221,7697,644,0.5783
g1_tmoe_coarse_1e19,g1_tmoe_coarse_1e19,1e19,temporal,11,63,sequence,2,32,221,7697,502,0.6647
g1_tmoe_coarse_1e19,g1_tmoe_coarse_1e19,1e19,temporal,11,0,sequence,3,238,1429,6983,742,0.6233
g1_tmoe_coarse_1e19,g1_tmoe_coarse_1e19,1e19,temporal,11,1,sequence,3,238,1429,6983,522,0.6493
g1_tmoe_coarse_1e19,g1_tmoe_coarse_1e19,1e19,temporal,11,2,sequence,3,238,1429,6983,553,0.635
g1_tmoe_coarse_1e19,g1_tmoe_coarse_1e19,1e19,temporal,11,3,sequence,3,238,1429,6983,610,0.6674
g1_tmoe_coarse_1e19,g1_tmoe_coarse_1e19,1e19,temporal,11,4,sequence,3,238,1429,6983,380,0.5796
g1_tmoe_coarse_1e19,g1_tmoe_coarse_1e19,1e19,temporal,11,5,sequence,3,238,1429,6983,528,0.6061
g1_tmoe_coarse_1e19,g1_tmoe_coarse_1e19,1e19,temporal,11,6,sequence,3,238,1429,6983,628,0.7715
g1_tmoe_coarse_1e19,g1_tmoe_coarse_1e19,1e19,temporal,11,7,sequence,3,238,1429,6983,724,0.6511
g1_tmoe_coarse_1e19,g1_tmoe_coarse_1e19,1e19,temporal,11,8,sequence,3,238,1429,6983,690,0.5861
g1_tmoe_coarse_1e19,g1_tmoe_coarse_1e19,1e19,temporal,11,9,sequence,3,238,1429,6983,584,0.6951
g1_tmoe_coarse_1e19,g1_tmoe_coarse_1e19,1e19,temporal,11,10,sequence,3,238,1429,6983,543,0.5672
g1_tmoe_coarse_1e19,g1_tmoe_coarse_1e19,1e19,temporal,11,11,sequence,3,238,1429,6983,540,0.691
g1_tmoe_coarse_1e19,g1_tmoe_coarse_1e19,1e19,temporal,11,12,sequence,3,238,1429,6983,912,0.5816
g1_tmoe_coarse_1e19,g1_tmoe_coarse_1e19,1e19,temporal,11,13,sequence,3,238,1429,6983,1008,0.6642
g1_tmoe_coarse_1e19,g1_tmoe_coarse_1e19,1e19,temporal,11,14,sequence,3,238,1429,6983,721,0.6959
g1_tmoe_coarse_1e19,g1_tmoe_coarse_1e19,1e19,temporal,11,15,sequence,3,238,1429,6983,457,0.586
g1_tmoe_coarse_1e19,g1_tmoe_coarse_1e19,1e19,temporal,11,16,sequence,3,238,1429,6983,620,0.5789
g1_tmoe_coarse_1e19,g1_tmoe_coarse_1e19,1e19,temporal,11,17,sequence,3,238,1429,6983,802,0.646
g1_tmoe_coarse_1e19,g1_tmoe_coarse_1e19,1e19,temporal,11,18,sequence,3,238,1429,6983,632,0.6546
g1_tmoe_coarse_1e19,g1_tmoe_coarse_1e19,1e19,temporal,11,19,sequence,3,238,1429,6983,419,0.591
g1_tmoe_coarse_1e19,g1_tmoe_coarse_1e19,1e19,temporal,11,20,sequence,3,238,1429,6983,657,0.5526
g1_tmoe_coarse_1e19,g1_tmoe_coarse_1e19,1e19,temporal,11,21,sequence,3,238,1429,6983,808,0.5919
g1_tmoe_coarse_1e19,g1_tmoe_coarse_1e19,1e19,temporal,11,22,sequence,3,238,1429,6983,895,0.6694
g1_tmoe_coarse_1e19,g1_tmoe_coarse_1e19,1e19,temporal,11,23,sequence,3,238,1429,6983,340,0.5696
g1_tmoe_coarse_1e19,g1_tmoe_coarse_1e19,1e19,temporal,11,24,sequence,3,238,1429,6983,954,0.6828
g1_tmoe_coarse_1e19,g1_tmoe_coarse_1e19,1e19,temporal,11,25,sequence,3,238,1429,6983,712,0.6372
g1_tmoe_coarse_1e19,g1_tmoe_coarse_1e19,1e19,temporal,11,26,sequence,3,238,1429,6983,605,0.5542
g1_tmoe_coarse_1e19,g1_tmoe_coarse_1e19,1e19,temporal,11,27,sequence,3,238,1429,6983,689,0.666
g1_tmoe_coarse_1e19,g1_tmoe_coarse_1e19,1e19,temporal,11,28,sequence,3,238,1429,6983,707,0.6264
g1_tmoe_coarse_1e19,g1_tmoe_coarse_1e19,1e19,temporal,11,29,sequence,3,238,1429,6983,570,0.5778
g1_tmoe_coarse_1e19,g1_tmoe_coarse_1e19,1e19,temporal,11,30,sequence,3,238,1429,6983,785,0.6296
g1_tmoe_coarse_1e19,g1_tmoe_coarse_1e19,1e19,temporal,11,31,sequence,3,238,1429,6983,599,0.6513
g1_tmoe_coarse_1e19,g1_tmoe_coarse_1e19,1e19,temporal,11,32,sequence,3,238,1429,6983,822,0.6693
g1_tmoe_coarse_1e19,g1_tmoe_coarse_1e19,1e19,temporal,11,33,sequence,3,238,1429,6983,977,0.615
g1_tmoe_coarse_1e19,g1_tmoe_coarse_1e19,1e19,temporal,11,34,sequence,3,238,1429,6983,454,0.6478
g1_tmoe_coarse_1e19,g1_tmoe_coarse_1e19,1e19,temporal,11,35,sequence,3,238,1429,6983,753,0.6053
g1_tmoe_coarse_1e19,g1_tmoe_coarse_1e19,1e19,temporal,11,36,sequence,3,238,1429,6983,278,0.5983
g1_tmoe_coarse_1e19,g1_tmoe_coarse_1e19,1e19,temporal,11,37,sequence,3,238,1429,6983,896,0.6836
g1_tmoe_coarse_1e19,g1_tmoe_coarse_1e19,1e19,temporal,11,38,sequence,3,238,1429,6983,602,0.5788
g1_tmoe_coarse_1e19,g1_tmoe_coarse_1e19,1e19,temporal,11,39,sequence,3,238,1429,6983,610,0.6435
g1_tmoe_coarse_1e19,g1_tmoe_coarse_1e19,1e19,temporal,11,40,sequence,3,238,1429,6983,516,0.65
g1_tmoe_coarse_1e19,g1_tmoe_coarse_1e19,1e19,temporal,11,41,sequence,3,238,1429,6983,792,0.6092
g1_tmoe_coarse_1e19,g1_tmoe_coarse_1e19,1e19,temporal,11,42,sequence,3,238,1429,6983,625,0.5956
g1_tmoe_coarse_1e19,g1_tmoe_coarse_1e19,1e19,temporal,11,43,sequence,3,238,1429,6983,1109,0.7109
g1_tmoe_coarse_1e19,g1_tmoe_coarse_1e19,1e19,temporal,11,44,sequence,3,238,1429,6983,828,0.6759
g1_tmoe_coarse_1e19,g1_tmoe_coarse_1e19,1e19,temporal,11,45,sequence,3,238,1429,6983,774,0.6007
g1_tmoe_coarse_1e19,g1_tmoe_coarse_1e19,1e19,temporal,11,46,sequence,3,238,1429,6983,722,0.7081
g1_tmoe_coarse_1e19,g1_tmoe_coarse_1e19,1e19,temporal,11,47,sequence,3,238,1429,6983,394,0.5955
g1_tmoe_coarse_1e19,g1_tmoe_coarse_1e19,1e19,temporal,11,48,sequence,3,238,1429,6983,370,0.5625
g1_tmoe_coarse_1e19,g1_tmoe_coarse_1e19,1e19,temporal,11,49,sequence,3,238,1429,6983,708,0.591
g1_tmoe_coarse_1e19,g1_tmoe_coarse_1e19,1e19,temporal,11,50,sequence,3,238,1429,6983,535,0.6595
g1_tmoe_coarse_1e19,g1_tmoe_coarse_1e19,1e19,temporal,11,51,sequence,3,238,1429,6983,402,0.6524
g1_tmoe_coarse_1e19,g1_tmoe_coarse_1e19,1e19,temporal,11,52,sequence,3,238,1429,6983,1043,0.7102
g1_tmoe_coarse_1e19,g1_tmoe_coarse_1e19,1e19,temporal,11,53,sequence,3,238,1429,6983,615,0.8127
g1_tmoe_coarse_1e19,g1_tmoe_coarse_1e19,1e19,temporal,11,54,sequence,3,238,1429,6983,718,0.5788
g1_tmoe_coarse_1e19,g1_tmoe_coarse_1e19,1e19,temporal,11,55,sequence,3,238,1429,6983,384,0.7723
g1_tmoe_coarse_1e19,g1_tmoe_coarse_1e19,1e19,temporal,11,56,sequence,3,238,1429,6983,886,0.7798
g1_tmoe_coarse_1e19,g1_tmoe_coarse_1e19,1e19,temporal,11,57,sequence,3,238,1429,6983,736,0.6347
g1_tmoe_coarse_1e19,g1_tmoe_coarse_1e19,1e19,temporal,11,58,sequence,3,238,1429,6983,553,0.6275
g1_tmoe_coarse_1e19,g1_tmoe_coarse_1e19,1e19,temporal,11,59,sequence,3,238,1429,6983,771,0.6538
g1_tmoe_coarse_1e19,g1_tmoe_coarse_1e19,1e19,temporal,11,60,sequence,3,238,1429,6983,564,0.6553
g1_tmoe_coarse_1e19,g1_tmoe_coarse_1e19,1e19,temporal,11,61,sequence,3,238,1429,6983,416,0.5906
g1_tmoe_coarse_1e19,g1_tmoe_coarse_1e19,1e19,temporal,11,62,sequence,3,238,1429,6983,735,0.6552
g1_tmoe_coarse_1e19,g1_tmoe_coarse_1e19,1e19,temporal,11,63,sequence,3,238,1429,6983,374,0.7005
g1_tmoe_coarse_1e19,g1_tmoe_coarse_1e19,1e19,temporal,11,0,sequence,4,1982,4940,8353,619,0.5592
g1_tmoe_coarse_1e19,g1_tmoe_coarse_1e19,1e19,temporal,11,1,sequence,4,1982,4940,8353,1116,0.8344
g1_tmoe_coarse_1e19,g1_tmoe_coarse_1e19,1e19,temporal,11,2,sequence,4,1982,4940,8353,824,0.7246
g1_tmoe_coarse_1e19,g1_tmoe_coarse_1e19,1e19,temporal,11,3,sequence,4,1982,4940,8353,875,0.584
g1_tmoe_coarse_1e19,g1_tmoe_coarse_1e19,1e19,temporal,11,4,sequence,4,1982,4940,8353,481,0.5324
g1_tmoe_coarse_1e19,g1_tmoe_coarse_1e19,1e19,temporal,11,5,sequence,4,1982,4940,8353,809,0.6326
g1_tmoe_coarse_1e19,g1_tmoe_coarse_1e19,1e19,temporal,11,6,sequence,4,1982,4940,8353,1959,0.8943
g1_tmoe_coarse_1e19,g1_tmoe_coarse_1e19,1e19,temporal,11,7,sequence,4,1982,4940,8353,628,0.5601
g1_tmoe_coarse_1e19,g1_tmoe_coarse_1e19,1e19,temporal,11,8,sequence,4,1982,4940,8353,1107,0.6752
g1_tmoe_coarse_1e19,g1_tmoe_coarse_1e19,1e19,temporal,11,9,sequence,4,1982,4940,8353,672,0.5863
g1_tmoe_coarse_1e19,g1_tmoe_coarse_1e19,1e19,temporal,11,10,sequence,4,1982,4940,8353,818,0.5601
g1_tmoe_coarse_1e19,g1_tmoe_coarse_1e19,1e19,temporal,11,11,sequence,4,1982,4940,8353,572,0.6313
g1_tmoe_coarse_1e19,g1_tmoe_coarse_1e19,1e19,temporal,11,12,sequence,4,1982,4940,8353,953,0.64
g1_tmoe_coarse_1e19,g1_tmoe_coarse_1e19,1e19,temporal,11,13,sequence,4,1982,4940,8353,1080,0.6003
g1_tmoe_coarse_1e19,g1_tmoe_coarse_1e19,1e19,temporal,11,14,sequence,4,1982,4940,8353,973,0.6282
g1_tmoe_coarse_1e19,g1_tmoe_coarse_1e19,1e19,temporal,11,15,sequence,4,1982,4940,8353,657,0.5918
g1_tmoe_coarse_1e19,g1_tmoe_coarse_1e19,1e19,temporal,11,16,sequence,4,1982,4940,8353,899,0.6441
g1_tmoe_coarse_1e19,g1_tmoe_coarse_1e19,1e19,temporal,11,17,sequence,4,1982,4940,8353,612,0.5363
g1_tmoe_coarse_1e19,g1_tmoe_coarse_1e19,1e19,temporal,11,18,sequence,4,1982,4940,8353,590,0.5611
g1_tmoe_coarse_1e19,g1_tmoe_coarse_1e19,1e19,temporal,11,19,sequence,4,1982,4940,8353,506,0.5772
g1_tmoe_coarse_1e19,g1_tmoe_coarse_1e19,1e19,temporal,11,20,sequence,4,1982,4940,8353,711,0.5882
g1_tmoe_coarse_1e19,g1_tmoe_coarse_1e19,1e19,temporal,11,21,sequence,4,1982,4940,8353,811,0.5325
g1_tmoe_coarse_1e19,g1_tmoe_coarse_1e19,1e19,temporal,11,22,sequence,4,1982,4940,8353,763,0.6221
g1_tmoe_coarse_1e19,g1_tmoe_coarse_1e19,1e19,temporal,11,23,sequence,4,1982,4940,8353,645,0.6137
g1_tmoe_coarse_1e19,g1_tmoe_coarse_1e19,1e19,temporal,11,24,sequence,4,1982,4940,8353,840,0.6849
g1_tmoe_coarse_1e19,g1_tmoe_coarse_1e19,1e19,temporal,11,25,sequence,4,1982,4940,8353,903,0.6188
g1_tmoe_coarse_1e19,g1_tmoe_coarse_1e19,1e19,temporal,11,26,sequence,4,1982,4940,8353,782,0.5803
g1_tmoe_coarse_1e19,g1_tmoe_coarse_1e19,1e19,temporal,11,27,sequence,4,1982,4940,8353,895,0.5837
g1_tmoe_coarse_1e19,g1_tmoe_coarse_1e19,1e19,temporal,11,28,sequence,4,1982,4940,8353,726,0.5624
g1_tmoe_coarse_1e19,g1_tmoe_coarse_1e19,1e19,temporal,11,29,sequence,4,1982,4940,8353,899,0.6074
g1_tmoe_coarse_1e19,g1_tmoe_coarse_1e19,1e19,temporal,11,30,sequence,4,1982,4940,8353,691,0.614
g1_tmoe_coarse_1e19,g1_tmoe_coarse_1e19,1e19,temporal,11,31,sequence,4,1982,4940,8353,1030,0.7534
g1_tmoe_coarse_1e19,g1_tmoe_coarse_1e19,1e19,temporal,11,32,sequence,4,1982,4940,8353,861,0.7517
g1_tmoe_coarse_1e19,g1_tmoe_coarse_1e19,1e19,temporal,11,33,sequence,4,1982,4940,8353,834,0.6116
g1_tmoe_coarse_1e19,g1_tmoe_coarse_1e19,1e19,temporal,11,34,sequence,4,1982,4940,8353,503,0.6344
g1_tmoe_coarse_1e19,g1_tmoe_coarse_1e19,1e19,temporal,11,35,sequence,4,1982,4940,8353,777,0.5606
g1_tmoe_coarse_1e19,g1_tmoe_coarse_1e19,1e19,temporal,11,36,sequence,4,1982,4940,8353,391,0.5497
g1_tmoe_coarse_1e19,g1_tmoe_coarse_1e19,1e19,temporal,11,37,sequence,4,1982,4940,8353,802,0.5444
g1_tmoe_coarse_1e19,g1_tmoe_coarse_1e19,1e19,temporal,11,38,sequence,4,1982,4940,8353,673,0.5567
g1_tmoe_coarse_1e19,g1_tmoe_coarse_1e19,1e19,temporal,11,39,sequence,4,1982,4940,8353,833,0.6129
g1_tmoe_coarse_1e19,g1_tmoe_coarse_1e19,1e19,temporal,11,40,sequence,4,1982,4940,8353,590,0.674
g1_tmoe_coarse_1e19,g1_tmoe_coarse_1e19,1e19,temporal,11,41,sequence,4,1982,4940,8353,1001,0.6683
g1_tmoe_coarse_1e19,g1_tmoe_coarse_1e19,1e19,temporal,11,42,sequence,4,1982,4940,8353,833,0.5964
g1_tmoe_coarse_1e19,g1_tmoe_coarse_1e19,1e19,temporal,11,43,sequence,4,1982,4940,8353,677,0.6418
g1_tmoe_coarse_1e19,g1_tmoe_coarse_1e19,1e19,temporal,11,44,sequence,4,1982,4940,8353,1190,0.5656
g1_tmoe_coarse_1e19,g1_tmoe_coarse_1e19,1e19,temporal,11,45,sequence,4,1982,4940,8353,991,0.6189
g1_tmoe_coarse_1e19,g1_tmoe_coarse_1e19,1e19,temporal,11,46,sequence,4,1982,4940,8353,691,0.7562
g1_tmoe_coarse_1e19,g1_tmoe_coarse_1e19,1e19,temporal,11,47,sequence,4,1982,4940,8353,544,0.6286
g1_tmoe_coarse_1e19,g1_tmoe_coarse_1e19,1e19,temporal,11,48,sequence,4,1982,4940,8353,610,0.5351
g1_tmoe_coarse_1e19,g1_tmoe_coarse_1e19,1e19,temporal,11,49,sequence,4,1982,4940,8353,792,0.6223
g1_tmoe_coarse_1e19,g1_tmoe_coarse_1e19,1e19,temporal,11,50,sequence,4,1982,4940,8353,1009,0.7834
g1_tmoe_coarse_1e19,g1_tmoe_coarse_1e19,1e19,temporal,11,51,sequence,4,1982,4940,8353,926,0.6354
g1_tmoe_coarse_1e19,g1_tmoe_coarse_1e19,1e19,temporal,11,52,sequence,4,1982,4940,8353,768,0.5831
g1_tmoe_coarse_1e19,g1_tmoe_coarse_1e19,1e19,temporal,11,53,sequence,4,1982,4940,8353,397,0.6197
g1_tmoe_coarse_1e19,g1_tmoe_coarse_1e19,1e19,temporal,11,54,sequence,4,1982,4940,8353,738,0.5639
g1_tmoe_coarse_1e19,g1_tmoe_coarse_1e19,1e19,temporal,11,55,sequence,4,1982,4940,8353,634,0.7911
g1_tmoe_coarse_1e19,g1_tmoe_coarse_1e19,1e19,temporal,11,56,sequence,4,1982,4940,8353,590,0.618
g1_tmoe_coarse_1e19,g1_tmoe_coarse_1e19,1e19,temporal,11,57,sequence,4,1982,4940,8353,753,0.5603
g1_tmoe_coarse_1e19,g1_tmoe_coarse_1e19,1e19,temporal,11,58,sequence,4,1982,4940,8353,665,0.5729
g1_tmoe_coarse_1e19,g1_tmoe_coarse_1e19,1e19,temporal,11,59,sequence,4,1982,4940,8353,688,0.577
g1_tmoe_coarse_1e19,g1_tmoe_coarse_1e19,1e19,temporal,11,60,sequence,4,1982,4940,8353,905,0.5934
g1_tmoe_coarse_1e19,g1_tmoe_coarse_1e19,1e19,temporal,11,61,sequence,4,1982,4940,8353,559,0.5769
g1_tmoe_coarse_1e19,g1_tmoe_coarse_1e19,1e19,temporal,11,62,sequence,4,1982,4940,8353,857,0.6119
g1_tmoe_coarse_1e19,g1_tmoe_coarse_1e19,1e19,temporal,11,63,sequence,4,1982,4940,8353,590,0.7441
g1_tmoe_coarse_1e19,g1_tmoe_coarse_1e19,1e19,temporal,12,0,sequence,0,1,6,8017,635,0.5648
g1_tmoe_coarse_1e19,g1_tmoe_coarse_1e19,1e19,temporal,12,1,sequence,0,1,6,8017,771,0.5622
g1_tmoe_coarse_1e19,g1_tmoe_coarse_1e19,1e19,temporal,12,2,sequence,0,1,6,8017,675,0.5684
g1_tmoe_coarse_1e19,g1_tmoe_coarse_1e19,1e19,temporal,12,3,sequence,0,1,6,8017,807,0.5827
g1_tmoe_coarse_1e19,g1_tmoe_coarse_1e19,1e19,temporal,12,4,sequence,0,1,6,8017,638,0.5438
g1_tmoe_coarse_1e19,g1_tmoe_coarse_1e19,1e19,temporal,12,5,sequence,0,1,6,8017,692,0.5616
g1_tmoe_coarse_1e19,g1_tmoe_coarse_1e19,1e19,temporal,12,6,sequence,0,1,6,8017,875,0.6036
g1_tmoe_coarse_1e19,g1_tmoe_coarse_1e19,1e19,temporal,12,7,sequence,0,1,6,8017,667,0.5268
g1_tmoe_coarse_1e19,g1_tmoe_coarse_1e19,1e19,temporal,12,8,sequence,0,1,6,8017,734,0.5394
g1_tmoe_coarse_1e19,g1_tmoe_coarse_1e19,1e19,temporal,12,9,sequence,0,1,6,8017,943,0.558
g1_tmoe_coarse_1e19,g1_tmoe_coarse_1e19,1e19,temporal,12,10,sequence,0,1,6,8017,651,0.5381
g1_tmoe_coarse_1e19,g1_tmoe_coarse_1e19,1e19,temporal,12,11,sequence,0,1,6,8017,914,0.601
g1_tmoe_coarse_1e19,g1_tmoe_coarse_1e19,1e19,temporal,12,12,sequence,0,1,6,8017,781,0.5677
g1_tmoe_coarse_1e19,g1_tmoe_coarse_1e19,1e19,temporal,12,13,sequence,0,1,6,8017,738,0.5922
g1_tmoe_coarse_1e19,g1_tmoe_coarse_1e19,1e19,temporal,12,14,sequence,0,1,6,8017,1003,0.6432
g1_tmoe_coarse_1e19,g1_tmoe_coarse_1e19,1e19,temporal,12,15,sequence,0,1,6,8017,675,0.5852
g1_tmoe_coarse_1e19,g1_tmoe_coarse_1e19,1e19,temporal,12,16,sequence,0,1,6,8017,520,0.5636
g1_tmoe_coarse_1e19,g1_tmoe_coarse_1e19,1e19,temporal,12,17,sequence,0,1,6,8017,960,0.5783
g1_tmoe_coarse_1e19,g1_tmoe_coarse_1e19,1e19,temporal,12,18,sequence,0,1,6,8017,831,0.5317
g1_tmoe_coarse_1e19,g1_tmoe_coarse_1e19,1e19,temporal,12,19,sequence,0,1,6,8017,957,0.573
g1_tmoe_coarse_1e19,g1_tmoe_coarse_1e19,1e19,temporal,12,20,sequence,0,1,6,8017,805,0.566
g1_tmoe_coarse_1e19,g1_tmoe_coarse_1e19,1e19,temporal,12,21,sequence,0,1,6,8017,841,0.5456
g1_tmoe_coarse_1e19,g1_tmoe_coarse_1e19,1e19,temporal,12,22,sequence,0,1,6,8017,583,0.5793
g1_tmoe_coarse_1e19,g1_tmoe_coarse_1e19,1e19,temporal,12,23,sequence,0,1,6,8017,546,0.5351
g1_tmoe_coarse_1e19,g1_tmoe_coarse_1e19,1e19,temporal,12,24,sequence,0,1,6,8017,658,0.5646
g1_tmoe_coarse_1e19,g1_tmoe_coarse_1e19,1e19,temporal,12,25,sequence,0,1,6,8017,908,0.582
g1_tmoe_coarse_1e19,g1_tmoe_coarse_1e19,1e19,temporal,12,26,sequence,0,1,6,8017,725,0.5513
g1_tmoe_coarse_1e19,g1_tmoe_coarse_1e19,1e19,temporal,12,27,sequence,0,1,6,8017,739,0.5826
g1_tmoe_coarse_1e19,g1_tmoe_coarse_1e19,1e19,temporal,12,28,sequence,0,1,6,8017,1116,0.6252
g1_tmoe_coarse_1e19,g1_tmoe_coarse_1e19,1e19,temporal,12,29,sequence,0,1,6,8017,810,0.622
g1_tmoe_coarse_1e19,g1_tmoe_coarse_1e19,1e19,temporal,12,30,sequence,0,1,6,8017,768,0.5346
g1_tmoe_coarse_1e19,g1_tmoe_coarse_1e19,1e19,temporal,12,31,sequence,0,1,6,8017,620,0.6203
g1_tmoe_coarse_1e19,g1_tmoe_coarse_1e19,1e19,temporal,12,32,sequence,0,1,6,8017,898,0.6488
g1_tmoe_coarse_1e19,g1_tmoe_coarse_1e19,1e19,temporal,12,33,sequence,0,1,6,8017,767,0.5362
g1_tmoe_coarse_1e19,g1_tmoe_coarse_1e19,1e19,temporal,12,34,sequence,0,1,6,8017,874,0.5736
g1_tmoe_coarse_1e19,g1_tmoe_coarse_1e19,1e19,temporal,12,35,sequence,0,1,6,8017,640,0.5549
g1_tmoe_coarse_1e19,g1_tmoe_coarse_1e19,1e19,temporal,12,36,sequence,0,1,6,8017,975,0.5793
g1_tmoe_coarse_1e19,g1_tmoe_coarse_1e19,1e19,temporal,12,37,sequence,0,1,6,8017,629,0.5391
g1_tmoe_coarse_1e19,g1_tmoe_coarse_1e19,1e19,temporal,12,38,sequence,0,1,6,8017,889,0.6021
g1_tmoe_coarse_1e19,g1_tmoe_coarse_1e19,1e19,temporal,12,39,sequence,0,1,6,8017,910,0.5075
g1_tmoe_coarse_1e19,g1_tmoe_coarse_1e19,1e19,temporal,12,40,sequence,0,1,6,8017,699,0.5552
g1_tmoe_coarse_1e19,g1_tmoe_coarse_1e19,1e19,temporal,12,41,sequence,0,1,6,8017,749,0.5427
g1_tmoe_coarse_1e19,g1_tmoe_coarse_1e19,1e19,temporal,12,42,sequence,0,1,6,8017,593,0.5725
g1_tmoe_coarse_1e19,g1_tmoe_coarse_1e19,1e19,temporal,12,43,sequence,0,1,6,8017,690,0.5595
g1_tmoe_coarse_1e19,g1_tmoe_coarse_1e19,1e19,temporal,12,44,sequence,0,1,6,8017,679,0.5474
g1_tmoe_coarse_1e19,g1_tmoe_coarse_1e19,1e19,temporal,12,45,sequence,0,1,6,8017,745,0.5511
g1_tmoe_coarse_1e19,g1_tmoe_coarse_1e19,1e19,temporal,12,46,sequence,0,1,6,8017,650,0.5134
g1_tmoe_coarse_1e19,g1_tmoe_coarse_1e19,1e19,temporal,12,47,sequence,0,1,6,8017,538,0.5721
g1_tmoe_coarse_1e19,g1_tmoe_coarse_1e19,1e19,temporal,12,48,sequence,0,1,6,8017,588,0.5652
g1_tmoe_coarse_1e19,g1_tmoe_coarse_1e19,1e19,temporal,12,49,sequence,0,1,6,8017,819,0.5843
g1_tmoe_coarse_1e19,g1_tmoe_coarse_1e19,1e19,temporal,12,50,sequence,0,1,6,8017,1273,0.6439
g1_tmoe_coarse_1e19,g1_tmoe_coarse_1e19,1e19,temporal,12,51,sequence,0,1,6,8017,654,0.5209
g1_tmoe_coarse_1e19,g1_tmoe_coarse_1e19,1e19,temporal,12,52,sequence,0,1,6,8017,656,0.6013
g1_tmoe_coarse_1e19,g1_tmoe_coarse_1e19,1e19,temporal,12,53,sequence,0,1,6,8017,611,0.5463
g1_tmoe_coarse_1e19,g1_tmoe_coarse_1e19,1e19,temporal,12,54,sequence,0,1,6,8017,823,0.564
g1_tmoe_coarse_1e19,g1_tmoe_coarse_1e19,1e19,temporal,12,55,sequence,0,1,6,8017,605,0.534
g1_tmoe_coarse_1e19,g1_tmoe_coarse_1e19,1e19,temporal,12,56,sequence,0,1,6,8017,771,0.5678
g1_tmoe_coarse_1e19,g1_tmoe_coarse_1e19,1e19,temporal,12,57,sequence,0,1,6,8017,775,0.5327
g1_tmoe_coarse_1e19,g1_tmoe_coarse_1e19,1e19,temporal,12,58,sequence,0,1,6,8017,626,0.5873
g1_tmoe_coarse_1e19,g1_tmoe_coarse_1e19,1e19,temporal,12,59,sequence,0,1,6,8017,660,0.526
g1_tmoe_coarse_1e19,g1_tmoe_coarse_1e19,1e19,temporal,12,60,sequence,0,1,6,8017,980,0.5551
g1_tmoe_coarse_1e19,g1_tmoe_coarse_1e19,1e19,temporal,12,61,sequence,0,1,6,8017,371,0.5491
g1_tmoe_coarse_1e19,g1_tmoe_coarse_1e19,1e19,temporal,12,62,sequence,0,1,6,8017,614,0.5148
g1_tmoe_coarse_1e19,g1_tmoe_coarse_1e19,1e19,temporal,12,63,sequence,0,1,6,8017,765,0.545
g1_tmoe_coarse_1e19,g1_tmoe_coarse_1e19,1e19,temporal,12,0,sequence,1,6,32,7862,765,0.6286
g1_tmoe_coarse_1e19,g1_tmoe_coarse_1e19,1e19,temporal,12,1,sequence,1,6,32,7862,978,0.5821
g1_tmoe_coarse_1e19,g1_tmoe_coarse_1e19,1e19,temporal,12,2,sequence,1,6,32,7862,587,0.5407
g1_tmoe_coarse_1e19,g1_tmoe_coarse_1e19,1e19,temporal,12,3,sequence,1,6,32,7862,726,0.5917
g1_tmoe_coarse_1e19,g1_tmoe_coarse_1e19,1e19,temporal,12,4,sequence,1,6,32,7862,633,0.5353
g1_tmoe_coarse_1e19,g1_tmoe_coarse_1e19,1e19,temporal,12,5,sequence,1,6,32,7862,739,0.5723
g1_tmoe_coarse_1e19,g1_tmoe_coarse_1e19,1e19,temporal,12,6,sequence,1,6,32,7862,713,0.6275
g1_tmoe_coarse_1e19,g1_tmoe_coarse_1e19,1e19,temporal,12,7,sequence,1,6,32,7862,672,0.5312
g1_tmoe_coarse_1e19,g1_tmoe_coarse_1e19,1e19,temporal,12,8,sequence,1,6,32,7862,739,0.5793
g1_tmoe_coarse_1e19,g1_tmoe_coarse_1e19,1e19,temporal,12,9,sequence,1,6,32,7862,909,0.5939
g1_tmoe_coarse_1e19,g1_tmoe_coarse_1e19,1e19,temporal,12,10,sequence,1,6,32,7862,764,0.5692
g1_tmoe_coarse_1e19,g1_tmoe_coarse_1e19,1e19,temporal,12,11,sequence,1,6,32,7862,864,0.6348
g1_tmoe_coarse_1e19,g1_tmoe_coarse_1e19,1e19,temporal,12,12,sequence,1,6,32,7862,720,0.6082
g1_tmoe_coarse_1e19,g1_tmoe_coarse_1e19,1e19,temporal,12,13,sequence,1,6,32,7862,785,0.6305
g1_tmoe_coarse_1e19,g1_tmoe_coarse_1e19,1e19,temporal,12,14,sequence,1,6,32,7862,971,0.6938
g1_tmoe_coarse_1e19,g1_tmoe_coarse_1e19,1e19,temporal,12,15,sequence,1,6,32,7862,662,0.5888
g1_tmoe_coarse_1e19,g1_tmoe_coarse_1e19,1e19,temporal,12,16,sequence,1,6,32,7862,585,0.5724
g1_tmoe_coarse_1e19,g1_tmoe_coarse_1e19,1e19,temporal,12,17,sequence,1,6,32,7862,1038,0.6462
g1_tmoe_coarse_1e19,g1_tmoe_coarse_1e19,1e19,temporal,12,18,sequence,1,6,32,7862,906,0.5814
g1_tmoe_coarse_1e19,g1_tmoe_coarse_1e19,1e19,temporal,12,19,sequence,1,6,32,7862,661,0.6165
g1_tmoe_coarse_1e19,g1_tmoe_coarse_1e19,1e19,temporal,12,20,sequence,1,6,32,7862,667,0.5932
g1_tmoe_coarse_1e19,g1_tmoe_coarse_1e19,1e19,temporal,12,21,sequence,1,6,32,7862,902,0.5843
g1_tmoe_coarse_1e19,g1_tmoe_coarse_1e19,1e19,temporal,12,22,sequence,1,6,32,7862,541,0.5686
g1_tmoe_coarse_1e19,g1_tmoe_coarse_1e19,1e19,temporal,12,23,sequence,1,6,32,7862,619,0.5928
g1_tmoe_coarse_1e19,g1_tmoe_coarse_1e19,1e19,temporal,12,24,sequence,1,6,32,7862,645,0.5549
g1_tmoe_coarse_1e19,g1_tmoe_coarse_1e19,1e19,temporal,12,25,sequence,1,6,32,7862,773,0.5917
g1_tmoe_coarse_1e19,g1_tmoe_coarse_1e19,1e19,temporal,12,26,sequence,1,6,32,7862,738,0.5383
g1_tmoe_coarse_1e19,g1_tmoe_coarse_1e19,1e19,temporal,12,27,sequence,1,6,32,7862,876,0.6412
g1_tmoe_coarse_1e19,g1_tmoe_coarse_1e19,1e19,temporal,12,28,sequence,1,6,32,7862,977,0.6331
g1_tmoe_coarse_1e19,g1_tmoe_coarse_1e19,1e19,temporal,12,29,sequence,1,6,32,7862,685,0.6407
g1_tmoe_coarse_1e19,g1_tmoe_coarse_1e19,1e19,temporal,12,30,sequence,1,6,32,7862,678,0.5504
g1_tmoe_coarse_1e19,g1_tmoe_coarse_1e19,1e19,temporal,12,31,sequence,1,6,32,7862,750,0.6593
g1_tmoe_coarse_1e19,g1_tmoe_coarse_1e19,1e19,temporal,12,32,sequence,1,6,32,7862,618,0.6863
g1_tmoe_coarse_1e19,g1_tmoe_coarse_1e19,1e19,temporal,12,33,sequence,1,6,32,7862,824,0.5566
g1_tmoe_coarse_1e19,g1_tmoe_coarse_1e19,1e19,temporal,12,34,sequence,1,6,32,7862,907,0.6151
g1_tmoe_coarse_1e19,g1_tmoe_coarse_1e19,1e19,temporal,12,35,sequence,1,6,32,7862,680,0.5947
g1_tmoe_coarse_1e19,g1_tmoe_coarse_1e19,1e19,temporal,12,36,sequence,1,6,32,7862,776,0.6081
g1_tmoe_coarse_1e19,g1_tmoe_coarse_1e19,1e19,temporal,12,37,sequence,1,6,32,7862,693,0.5807
g1_tmoe_coarse_1e19,g1_tmoe_coarse_1e19,1e19,temporal,12,38,sequence,1,6,32,7862,900,0.6672
g1_tmoe_coarse_1e19,g1_tmoe_coarse_1e19,1e19,temporal,12,39,sequence,1,6,32,7862,709,0.5472
g1_tmoe_coarse_1e19,g1_tmoe_coarse_1e19,1e19,temporal,12,40,sequence,1,6,32,7862,699,0.6092
g1_tmoe_coarse_1e19,g1_tmoe_coarse_1e19,1e19,temporal,12,41,sequence,1,6,32,7862,704,0.5578
g1_tmoe_coarse_1e19,g1_tmoe_coarse_1e19,1e19,temporal,12,42,sequence,1,6,32,7862,737,0.5772
g1_tmoe_coarse_1e19,g1_tmoe_coarse_1e19,1e19,temporal,12,43,sequence,1,6,32,7862,693,0.5909
g1_tmoe_coarse_1e19,g1_tmoe_coarse_1e19,1e19,temporal,12,44,sequence,1,6,32,7862,708,0.5928
g1_tmoe_coarse_1e19,g1_tmoe_coarse_1e19,1e19,temporal,12,45,sequence,1,6,32,7862,791,0.6236
g1_tmoe_coarse_1e19,g1_tmoe_coarse_1e19,1e19,temporal,12,46,sequence,1,6,32,7862,639,0.5762
g1_tmoe_coarse_1e19,g1_tmoe_coarse_1e19,1e19,temporal,12,47,sequence,1,6,32,7862,628,0.617
g1_tmoe_coarse_1e19,g1_tmoe_coarse_1e19,1e19,temporal,12,48,sequence,1,6,32,7862,607,0.5964
g1_tmoe_coarse_1e19,g1_tmoe_coarse_1e19,1e19,temporal,12,49,sequence,1,6,32,7862,698,0.6318
g1_tmoe_coarse_1e19,g1_tmoe_coarse_1e19,1e19,temporal,12,50,sequence,1,6,32,7862,740,0.6833
g1_tmoe_coarse_1e19,g1_tmoe_coarse_1e19,1e19,temporal,12,51,sequence,1,6,32,7862,715,0.5391
g1_tmoe_coarse_1e19,g1_tmoe_coarse_1e19,1e19,temporal,12,52,sequence,1,6,32,7862,656,0.6071
g1_tmoe_coarse_1e19,g1_tmoe_coarse_1e19,1e19,temporal,12,53,sequence,1,6,32,7862,717,0.5572
g1_tmoe_coarse_1e19,g1_tmoe_coarse_1e19,1e19,temporal,12,54,sequence,1,6,32,7862,804,0.5561
g1_tmoe_coarse_1e19,g1_tmoe_coarse_1e19,1e19,temporal,12,55,sequence,1,6,32,7862,733,0.5745
g1_tmoe_coarse_1e19,g1_tmoe_coarse_1e19,1e19,temporal,12,56,sequence,1,6,32,7862,677,0.5676
g1_tmoe_coarse_1e19,g1_tmoe_coarse_1e19,1e19,temporal,12,57,sequence,1,6,32,7862,709,0.5525
g1_tmoe_coarse_1e19,g1_tmoe_coarse_1e19,1e19,temporal,12,58,sequence,1,6,32,7862,681,0.5765
g1_tmoe_coarse_1e19,g1_tmoe_coarse_1e19,1e19,temporal,12,59,sequence,1,6,32,7862,680,0.5529
g1_tmoe_coarse_1e19,g1_tmoe_coarse_1e19,1e19,temporal,12,60,sequence,1,6,32,7862,907,0.5951
g1_tmoe_coarse_1e19,g1_tmoe_coarse_1e19,1e19,temporal,12,61,sequence,1,6,32,7862,412,0.5743
g1_tmoe_coarse_1e19,g1_tmoe_coarse_1e19,1e19,temporal,12,62,sequence,1,6,32,7862,680,0.5345
g1_tmoe_coarse_1e19,g1_tmoe_coarse_1e19,1e19,temporal,12,63,sequence,1,6,32,7862,782,0.5837
g1_tmoe_coarse_1e19,g1_tmoe_coarse_1e19,1e19,temporal,12,0,sequence,2,32,221,7697,906,0.746
g1_tmoe_coarse_1e19,g1_tmoe_coarse_1e19,1e19,temporal,12,1,sequence,2,32,221,7697,1093,0.7034
g1_tmoe_coarse_1e19,g1_tmoe_coarse_1e19,1e19,temporal,12,2,sequence,2,32,221,7697,650,0.6271
g1_tmoe_coarse_1e19,g1_tmoe_coarse_1e19,1e19,temporal,12,3,sequence,2,32,221,7697,824,0.6712
g1_tmoe_coarse_1e19,g1_tmoe_coarse_1e19,1e19,temporal,12,4,sequence,2,32,221,7697,692,0.6458
g1_tmoe_coarse_1e19,g1_tmoe_coarse_1e19,1e19,temporal,12,5,sequence,2,32,221,7697,814,0.6663
g1_tmoe_coarse_1e19,g1_tmoe_coarse_1e19,1e19,temporal,12,6,sequence,2,32,221,7697,451,0.6117
g1_tmoe_coarse_1e19,g1_tmoe_coarse_1e19,1e19,temporal,12,7,sequence,2,32,221,7697,561,0.5448
g1_tmoe_coarse_1e19,g1_tmoe_coarse_1e19,1e19,temporal,12,8,sequence,2,32,221,7697,690,0.6392
g1_tmoe_coarse_1e19,g1_tmoe_coarse_1e19,1e19,temporal,12,9,sequence,2,32,221,7697,827,0.6536
g1_tmoe_coarse_1e19,g1_tmoe_coarse_1e19,1e19,temporal,12,10,sequence,2,32,221,7697,996,0.6494
g1_tmoe_coarse_1e19,g1_tmoe_coarse_1e19,1e19,temporal,12,11,sequence,2,32,221,7697,758,0.5871
g1_tmoe_coarse_1e19,g1_tmoe_coarse_1e19,1e19,temporal,12,12,sequence,2,32,221,7697,720,0.6241
g1_tmoe_coarse_1e19,g1_tmoe_coarse_1e19,1e19,temporal,12,13,sequence,2,32,221,7697,697,0.6647
g1_tmoe_coarse_1e19,g1_tmoe_coarse_1e19,1e19,temporal,12,14,sequence,2,32,221,7697,984,0.6772
g1_tmoe_coarse_1e19,g1_tmoe_coarse_1e19,1e19,temporal,12,15,sequence,2,32,221,7697,771,0.6525
g1_tmoe_coarse_1e19,g1_tmoe_coarse_1e19,1e19,temporal,12,16,sequence,2,32,221,7697,629,0.631
g1_tmoe_coarse_1e19,g1_tmoe_coarse_1e19,1e19,temporal,12,17,sequence,2,32,221,7697,826,0.6863
g1_tmoe_coarse_1e19,g1_tmoe_coarse_1e19,1e19,temporal,12,18,sequence,2,32,221,7697,593,0.6304
g1_tmoe_coarse_1e19,g1_tmoe_coarse_1e19,1e19,temporal,12,19,sequence,2,32,221,7697,525,0.6769
g1_tmoe_coarse_1e19,g1_tmoe_coarse_1e19,1e19,temporal,12,20,sequence,2,32,221,7697,707,0.6604
g1_tmoe_coarse_1e19,g1_tmoe_coarse_1e19,1e19,temporal,12,21,sequence,2,32,221,7697,977,0.6349
g1_tmoe_coarse_1e19,g1_tmoe_coarse_1e19,1e19,temporal,12,22,sequence,2,32,221,7697,459,0.6088
g1_tmoe_coarse_1e19,g1_tmoe_coarse_1e19,1e19,temporal,12,23,sequence,2,32,221,7697,969,0.6662
g1_tmoe_coarse_1e19,g1_tmoe_coarse_1e19,1e19,temporal,12,24,sequence,2,32,221,7697,728,0.5867
g1_tmoe_coarse_1e19,g1_tmoe_coarse_1e19,1e19,temporal,12,25,sequence,2,32,221,7697,560,0.5953
g1_tmoe_coarse_1e19,g1_tmoe_coarse_1e19,1e19,temporal,12,26,sequence,2,32,221,7697,857,0.6133
g1_tmoe_coarse_1e19,g1_tmoe_coarse_1e19,1e19,temporal,12,27,sequence,2,32,221,7697,1237,0.71
g1_tmoe_coarse_1e19,g1_tmoe_coarse_1e19,1e19,temporal,12,28,sequence,2,32,221,7697,644,0.622
g1_tmoe_coarse_1e19,g1_tmoe_coarse_1e19,1e19,temporal,12,29,sequence,2,32,221,7697,457,0.6383
g1_tmoe_coarse_1e19,g1_tmoe_coarse_1e19,1e19,temporal,12,30,sequence,2,32,221,7697,573,0.5963
g1_tmoe_coarse_1e19,g1_tmoe_coarse_1e19,1e19,temporal,12,31,sequence,2,32,221,7697,524,0.5624
g1_tmoe_coarse_1e19,g1_tmoe_coarse_1e19,1e19,temporal,12,32,sequence,2,32,221,7697,411,0.6972
g1_tmoe_coarse_1e19,g1_tmoe_coarse_1e19,1e19,temporal,12,33,sequence,2,32,221,7697,696,0.6705
g1_tmoe_coarse_1e19,g1_tmoe_coarse_1e19,1e19,temporal,12,34,sequence,2,32,221,7697,1093,0.702
g1_tmoe_coarse_1e19,g1_tmoe_coarse_1e19,1e19,temporal,12,35,sequence,2,32,221,7697,796,0.6804
g1_tmoe_coarse_1e19,g1_tmoe_coarse_1e19,1e19,temporal,12,36,sequence,2,32,221,7697,893,0.6935
g1_tmoe_coarse_1e19,g1_tmoe_coarse_1e19,1e19,temporal,12,37,sequence,2,32,221,7697,709,0.6209
g1_tmoe_coarse_1e19,g1_tmoe_coarse_1e19,1e19,temporal,12,38,sequence,2,32,221,7697,884,0.6846
g1_tmoe_coarse_1e19,g1_tmoe_coarse_1e19,1e19,temporal,12,39,sequence,2,32,221,7697,549,0.5692
g1_tmoe_coarse_1e19,g1_tmoe_coarse_1e19,1e19,temporal,12,40,sequence,2,32,221,7697,670,0.6994
g1_tmoe_coarse_1e19,g1_tmoe_coarse_1e19,1e19,temporal,12,41,sequence,2,32,221,7697,889,0.6325
g1_tmoe_coarse_1e19,g1_tmoe_coarse_1e19,1e19,temporal,12,42,sequence,2,32,221,7697,710,0.5971
g1_tmoe_coarse_1e19,g1_tmoe_coarse_1e19,1e19,temporal,12,43,sequence,2,32,221,7697,767,0.6651
g1_tmoe_coarse_1e19,g1_tmoe_coarse_1e19,1e19,temporal,12,44,sequence,2,32,221,7697,716,0.6216
g1_tmoe_coarse_1e19,g1_tmoe_coarse_1e19,1e19,temporal,12,45,sequence,2,32,221,7697,565,0.6008
g1_tmoe_coarse_1e19,g1_tmoe_coarse_1e19,1e19,temporal,12,46,sequence,2,32,221,7697,592,0.6181
g1_tmoe_coarse_1e19,g1_tmoe_coarse_1e19,1e19,temporal,12,47,sequence,2,32,221,7697,962,0.7295
g1_tmoe_coarse_1e19,g1_tmoe_coarse_1e19,1e19,temporal,12,48,sequence,2,32,221,7697,884,0.6463
g1_tmoe_coarse_1e19,g1_tmoe_coarse_1e19,1e19,temporal,12,49,sequence,2,32,221,7697,664,0.6862
g1_tmoe_coarse_1e19,g1_tmoe_coarse_1e19,1e19,temporal,12,50,sequence,2,32,221,7697,387,0.6797
g1_tmoe_coarse_1e19,g1_tmoe_coarse_1e19,1e19,temporal,12,51,sequence,2,32,221,7697,956,0.6476
g1_tmoe_coarse_1e19,g1_tmoe_coarse_1e19,1e19,temporal,12,52,sequence,2,32,221,7697,460,0.5745
g1_tmoe_coarse_1e19,g1_tmoe_coarse_1e19,1e19,temporal,12,53,sequence,2,32,221,7697,703,0.6011
g1_tmoe_coarse_1e19,g1_tmoe_coarse_1e19,1e19,temporal,12,54,sequence,2,32,221,7697,803,0.6053
g1_tmoe_coarse_1e19,g1_tmoe_coarse_1e19,1e19,temporal,12,55,sequence,2,32,221,7697,719,0.6226
g1_tmoe_coarse_1e19,g1_tmoe_coarse_1e19,1e19,temporal,12,56,sequence,2,32,221,7697,516,0.5986
g1_tmoe_coarse_1e19,g1_tmoe_coarse_1e19,1e19,temporal,12,57,sequence,2,32,221,7697,949,0.6206
g1_tmoe_coarse_1e19,g1_tmoe_coarse_1e19,1e19,temporal,12,58,sequence,2,32,221,7697,638,0.6455
g1_tmoe_coarse_1e19,g1_tmoe_coarse_1e19,1e19,temporal,12,59,sequence,2,32,221,7697,464,0.5064
g1_tmoe_coarse_1e19,g1_tmoe_coarse_1e19,1e19,temporal,12,60,sequence,2,32,221,7697,561,0.6141
g1_tmoe_coarse_1e19,g1_tmoe_coarse_1e19,1e19,temporal,12,61,sequence,2,32,221,7697,320,0.5951
g1_tmoe_coarse_1e19,g1_tmoe_coarse_1e19,1e19,temporal,12,62,sequence,2,32,221,7697,758,0.6422
g1_tmoe_coarse_1e19,g1_tmoe_coarse_1e19,1e19,temporal,12,63,sequence,2,32,221,7697,799,0.6961
g1_tmoe_coarse_1e19,g1_tmoe_coarse_1e19,1e19,temporal,12,0,sequence,3,238,1429,6983,599,0.6548
g1_tmoe_coarse_1e19,g1_tmoe_coarse_1e19,1e19,temporal,12,1,sequence,3,238,1429,6983,1001,0.686
g1_tmoe_coarse_1e19,g1_tmoe_coarse_1e19,1e19,temporal,12,2,sequence,3,238,1429,6983,755,0.6413
g1_tmoe_coarse_1e19,g1_tmoe_coarse_1e19,1e19,temporal,12,3,sequence,3,238,1429,6983,884,0.6686
g1_tmoe_coarse_1e19,g1_tmoe_coarse_1e19,1e19,temporal,12,4,sequence,3,238,1429,6983,636,0.6548
g1_tmoe_coarse_1e19,g1_tmoe_coarse_1e19,1e19,temporal,12,5,sequence,3,238,1429,6983,758,0.6833
g1_tmoe_coarse_1e19,g1_tmoe_coarse_1e19,1e19,temporal,12,6,sequence,3,238,1429,6983,414,0.5767
g1_tmoe_coarse_1e19,g1_tmoe_coarse_1e19,1e19,temporal,12,7,sequence,3,238,1429,6983,508,0.5653
g1_tmoe_coarse_1e19,g1_tmoe_coarse_1e19,1e19,temporal,12,8,sequence,3,238,1429,6983,631,0.5719
g1_tmoe_coarse_1e19,g1_tmoe_coarse_1e19,1e19,temporal,12,9,sequence,3,238,1429,6983,710,0.5581
g1_tmoe_coarse_1e19,g1_tmoe_coarse_1e19,1e19,temporal,12,10,sequence,3,238,1429,6983,1168,0.6959
g1_tmoe_coarse_1e19,g1_tmoe_coarse_1e19,1e19,temporal,12,11,sequence,3,238,1429,6983,658,0.5917
g1_tmoe_coarse_1e19,g1_tmoe_coarse_1e19,1e19,temporal,12,12,sequence,3,238,1429,6983,608,0.6857
g1_tmoe_coarse_1e19,g1_tmoe_coarse_1e19,1e19,temporal,12,13,sequence,3,238,1429,6983,483,0.5632
g1_tmoe_coarse_1e19,g1_tmoe_coarse_1e19,1e19,temporal,12,14,sequence,3,238,1429,6983,961,0.7058
g1_tmoe_coarse_1e19,g1_tmoe_coarse_1e19,1e19,temporal,12,15,sequence,3,238,1429,6983,656,0.5652
g1_tmoe_coarse_1e19,g1_tmoe_coarse_1e19,1e19,temporal,12,16,sequence,3,238,1429,6983,519,0.603
g1_tmoe_coarse_1e19,g1_tmoe_coarse_1e19,1e19,temporal,12,17,sequence,3,238,1429,6983,670,0.6968
g1_tmoe_coarse_1e19,g1_tmoe_coarse_1e19,1e19,temporal,12,18,sequence,3,238,1429,6983,432,0.621
g1_tmoe_coarse_1e19,g1_tmoe_coarse_1e19,1e19,temporal,12,19,sequence,3,238,1429,6983,406,0.5991
g1_tmoe_coarse_1e19,g1_tmoe_coarse_1e19,1e19,temporal,12,20,sequence,3,238,1429,6983,866,0.7126
g1_tmoe_coarse_1e19,g1_tmoe_coarse_1e19,1e19,temporal,12,21,sequence,3,238,1429,6983,742,0.6107
g1_tmoe_coarse_1e19,g1_tmoe_coarse_1e19,1e19,temporal,12,22,sequence,3,238,1429,6983,371,0.5839
g1_tmoe_coarse_1e19,g1_tmoe_coarse_1e19,1e19,temporal,12,23,sequence,3,238,1429,6983,920,0.7183
g1_tmoe_coarse_1e19,g1_tmoe_coarse_1e19,1e19,temporal,12,24,sequence,3,238,1429,6983,602,0.558
g1_tmoe_coarse_1e19,g1_tmoe_coarse_1e19,1e19,temporal,12,25,sequence,3,238,1429,6983,675,0.6659
g1_tmoe_coarse_1e19,g1_tmoe_coarse_1e19,1e19,temporal,12,26,sequence,3,238,1429,6983,722,0.6249
g1_tmoe_coarse_1e19,g1_tmoe_coarse_1e19,1e19,temporal,12,27,sequence,3,238,1429,6983,991,0.6915
g1_tmoe_coarse_1e19,g1_tmoe_coarse_1e19,1e19,temporal,12,28,sequence,3,238,1429,6983,672,0.5969
g1_tmoe_coarse_1e19,g1_tmoe_coarse_1e19,1e19,temporal,12,29,sequence,3,238,1429,6983,445,0.6137
g1_tmoe_coarse_1e19,g1_tmoe_coarse_1e19,1e19,temporal,12,30,sequence,3,238,1429,6983,540,0.6488
g1_tmoe_coarse_1e19,g1_tmoe_coarse_1e19,1e19,temporal,12,31,sequence,3,238,1429,6983,568,0.5755
g1_tmoe_coarse_1e19,g1_tmoe_coarse_1e19,1e19,temporal,12,32,sequence,3,238,1429,6983,304,0.6095
g1_tmoe_coarse_1e19,g1_tmoe_coarse_1e19,1e19,temporal,12,33,sequence,3,238,1429,6983,751,0.7477
g1_tmoe_coarse_1e19,g1_tmoe_coarse_1e19,1e19,temporal,12,34,sequence,3,238,1429,6983,944,0.6552
g1_tmoe_coarse_1e19,g1_tmoe_coarse_1e19,1e19,temporal,12,35,sequence,3,238,1429,6983,915,0.7098
g1_tmoe_coarse_1e19,g1_tmoe_coarse_1e19,1e19,temporal,12,36,sequence,3,238,1429,6983,912,0.72
g1_tmoe_coarse_1e19,g1_tmoe_coarse_1e19,1e19,temporal,12,37,sequence,3,238,1429,6983,609,0.5408
g1_tmoe_coarse_1e19,g1_tmoe_coarse_1e19,1e19,temporal,12,38,sequence,3,238,1429,6983,772,0.7153
g1_tmoe_coarse_1e19,g1_tmoe_coarse_1e19,1e19,temporal,12,39,sequence,3,238,1429,6983,739,0.722
g1_tmoe_coarse_1e19,g1_tmoe_coarse_1e19,1e19,temporal,12,40,sequence,3,238,1429,6983,416,0.6544
g1_tmoe_coarse_1e19,g1_tmoe_coarse_1e19,1e19,temporal,12,41,sequence,3,238,1429,6983,893,0.6968
g1_tmoe_coarse_1e19,g1_tmoe_coarse_1e19,1e19,temporal,12,42,sequence,3,238,1429,6983,678,0.6486
g1_tmoe_coarse_1e19,g1_tmoe_coarse_1e19,1e19,temporal,12,43,sequence,3,238,1429,6983,575,0.6728
g1_tmoe_coarse_1e19,g1_tmoe_coarse_1e19,1e19,temporal,12,44,sequence,3,238,1429,6983,546,0.5833
g1_tmoe_coarse_1e19,g1_tmoe_coarse_1e19,1e19,temporal,12,45,sequence,3,238,1429,6983,530,0.6418
g1_tmoe_coarse_1e19,g1_tmoe_coarse_1e19,1e19,temporal,12,46,sequence,3,238,1429,6983,628,0.6576
g1_tmoe_coarse_1e19,g1_tmoe_coarse_1e19,1e19,temporal,12,47,sequence,3,238,1429,6983,699,0.7204
g1_tmoe_coarse_1e19,g1_tmoe_coarse_1e19,1e19,temporal,12,48,sequence,3,238,1429,6983,878,0.6855
g1_tmoe_coarse_1e19,g1_tmoe_coarse_1e19,1e19,temporal,12,49,sequence,3,238,1429,6983,431,0.6381
g1_tmoe_coarse_1e19,g1_tmoe_coarse_1e19,1e19,temporal,12,50,sequence,3,238,1429,6983,183,0.677
g1_tmoe_coarse_1e19,g1_tmoe_coarse_1e19,1e19,temporal,12,51,sequence,3,238,1429,6983,986,0.6894
g1_tmoe_coarse_1e19,g1_tmoe_coarse_1e19,1e19,temporal,12,52,sequence,3,238,1429,6983,497,0.5866
g1_tmoe_coarse_1e19,g1_tmoe_coarse_1e19,1e19,temporal,12,53,sequence,3,238,1429,6983,672,0.6526
g1_tmoe_coarse_1e19,g1_tmoe_coarse_1e19,1e19,temporal,12,54,sequence,3,238,1429,6983,638,0.5462
g1_tmoe_coarse_1e19,g1_tmoe_coarse_1e19,1e19,temporal,12,55,sequence,3,238,1429,6983,649,0.578
g1_tmoe_coarse_1e19,g1_tmoe_coarse_1e19,1e19,temporal,12,56,sequence,3,238,1429,6983,491,0.5663
g1_tmoe_coarse_1e19,g1_tmoe_coarse_1e19,1e19,temporal,12,57,sequence,3,238,1429,6983,867,0.6382
g1_tmoe_coarse_1e19,g1_tmoe_coarse_1e19,1e19,temporal,12,58,sequence,3,238,1429,6983,506,0.69
g1_tmoe_coarse_1e19,g1_tmoe_coarse_1e19,1e19,temporal,12,59,sequence,3,238,1429,6983,447,0.5457
g1_tmoe_coarse_1e19,g1_tmoe_coarse_1e19,1e19,temporal,12,60,sequence,3,238,1429,6983,540,0.6346
g1_tmoe_coarse_1e19,g1_tmoe_coarse_1e19,1e19,temporal,12,61,sequence,3,238,1429,6983,357,0.6134
g1_tmoe_coarse_1e19,g1_tmoe_coarse_1e19,1e19,temporal,12,62,sequence,3,238,1429,6983,517,0.5936
g1_tmoe_coarse_1e19,g1_tmoe_coarse_1e19,1e19,temporal,12,63,sequence,3,238,1429,6983,757,0.7382
g1_tmoe_coarse_1e19,g1_tmoe_coarse_1e19,1e19,temporal,12,0,sequence,4,1982,4940,8353,874,0.5534
g1_tmoe_coarse_1e19,g1_tmoe_coarse_1e19,1e19,temporal,12,1,sequence,4,1982,4940,8353,748,0.7098
g1_tmoe_coarse_1e19,g1_tmoe_coarse_1e19,1e19,temporal,12,2,sequence,4,1982,4940,8353,586,0.5692
g1_tmoe_coarse_1e19,g1_tmoe_coarse_1e19,1e19,temporal,12,3,sequence,4,1982,4940,8353,756,0.5907
g1_tmoe_coarse_1e19,g1_tmoe_coarse_1e19,1e19,temporal,12,4,sequence,4,1982,4940,8353,506,0.5504
g1_tmoe_coarse_1e19,g1_tmoe_coarse_1e19,1e19,temporal,12,5,sequence,4,1982,4940,8353,728,0.5863
g1_tmoe_coarse_1e19,g1_tmoe_coarse_1e19,1e19,temporal,12,6,sequence,4,1982,4940,8353,594,0.6288
g1_tmoe_coarse_1e19,g1_tmoe_coarse_1e19,1e19,temporal,12,7,sequence,4,1982,4940,8353,730,0.5958
g1_tmoe_coarse_1e19,g1_tmoe_coarse_1e19,1e19,temporal,12,8,sequence,4,1982,4940,8353,669,0.6437
g1_tmoe_coarse_1e19,g1_tmoe_coarse_1e19,1e19,temporal,12,9,sequence,4,1982,4940,8353,871,0.5346
g1_tmoe_coarse_1e19,g1_tmoe_coarse_1e19,1e19,temporal,12,10,sequence,4,1982,4940,8353,673,0.6446
g1_tmoe_coarse_1e19,g1_tmoe_coarse_1e19,1e19,temporal,12,11,sequence,4,1982,4940,8353,809,0.6096
g1_tmoe_coarse_1e19,g1_tmoe_coarse_1e19,1e19,temporal,12,12,sequence,4,1982,4940,8353,709,0.5385
g1_tmoe_coarse_1e19,g1_tmoe_coarse_1e19,1e19,temporal,12,13,sequence,4,1982,4940,8353,806,0.5345
g1_tmoe_coarse_1e19,g1_tmoe_coarse_1e19,1e19,temporal,12,14,sequence,4,1982,4940,8353,1098,0.5601
g1_tmoe_coarse_1e19,g1_tmoe_coarse_1e19,1e19,temporal,12,15,sequence,4,1982,4940,8353,765,0.5519
g1_tmoe_coarse_1e19,g1_tmoe_coarse_1e19,1e19,temporal,12,16,sequence,4,1982,4940,8353,723,0.6258
g1_tmoe_coarse_1e19,g1_tmoe_coarse_1e19,1e19,temporal,12,17,sequence,4,1982,4940,8353,812,0.7516
g1_tmoe_coarse_1e19,g1_tmoe_coarse_1e19,1e19,temporal,12,18,sequence,4,1982,4940,8353,511,0.5156
g1_tmoe_coarse_1e19,g1_tmoe_coarse_1e19,1e19,temporal,12,19,sequence,4,1982,4940,8353,683,0.6899
g1_tmoe_coarse_1e19,g1_tmoe_coarse_1e19,1e19,temporal,12,20,sequence,4,1982,4940,8353,483,0.5622
g1_tmoe_coarse_1e19,g1_tmoe_coarse_1e19,1e19,temporal,12,21,sequence,4,1982,4940,8353,977,0.5848
g1_tmoe_coarse_1e19,g1_tmoe_coarse_1e19,1e19,temporal,12,22,sequence,4,1982,4940,8353,561,0.5417
g1_tmoe_coarse_1e19,g1_tmoe_coarse_1e19,1e19,temporal,12,23,sequence,4,1982,4940,8353,603,0.5748
g1_tmoe_coarse_1e19,g1_tmoe_coarse_1e19,1e19,temporal,12,24,sequence,4,1982,4940,8353,769,0.5735
g1_tmoe_coarse_1e19,g1_tmoe_coarse_1e19,1e19,temporal,12,25,sequence,4,1982,4940,8353,855,0.5776
g1_tmoe_coarse_1e19,g1_tmoe_coarse_1e19,1e19,temporal,12,26,sequence,4,1982,4940,8353,750,0.6376
g1_tmoe_coarse_1e19,g1_tmoe_coarse_1e19,1e19,temporal,12,27,sequence,4,1982,4940,8353,982,0.7078
g1_tmoe_coarse_1e19,g1_tmoe_coarse_1e19,1e19,temporal,12,28,sequence,4,1982,4940,8353,1031,0.6408
g1_tmoe_coarse_1e19,g1_tmoe_coarse_1e19,1e19,temporal,12,29,sequence,4,1982,4940,8353,639,0.5949
g1_tmoe_coarse_1e19,g1_tmoe_coarse_1e19,1e19,temporal,12,30,sequence,4,1982,4940,8353,690,0.565
g1_tmoe_coarse_1e19,g1_tmoe_coarse_1e19,1e19,temporal,12,31,sequence,4,1982,4940,8353,769,0.5922
g1_tmoe_coarse_1e19,g1_tmoe_coarse_1e19,1e19,temporal,12,32,sequence,4,1982,4940,8353,521,0.6484
g1_tmoe_coarse_1e19,g1_tmoe_coarse_1e19,1e19,temporal,12,33,sequence,4,1982,4940,8353,737,0.7396
g1_tmoe_coarse_1e19,g1_tmoe_coarse_1e19,1e19,temporal,12,34,sequence,4,1982,4940,8353,756,0.6499
g1_tmoe_coarse_1e19,g1_tmoe_coarse_1e19,1e19,temporal,12,35,sequence,4,1982,4940,8353,702,0.6092
g1_tmoe_coarse_1e19,g1_tmoe_coarse_1e19,1e19,temporal,12,36,sequence,4,1982,4940,8353,760,0.5798
g1_tmoe_coarse_1e19,g1_tmoe_coarse_1e19,1e19,temporal,12,37,sequence,4,1982,4940,8353,946,0.7032
g1_tmoe_coarse_1e19,g1_tmoe_coarse_1e19,1e19,temporal,12,38,sequence,4,1982,4940,8353,1046,0.561
g1_tmoe_coarse_1e19,g1_tmoe_coarse_1e19,1e19,temporal,12,39,sequence,4,1982,4940,8353,837,0.549
g1_tmoe_coarse_1e19,g1_tmoe_coarse_1e19,1e19,temporal,12,40,sequence,4,1982,4940,8353,1182,0.8586
g1_tmoe_coarse_1e19,g1_tmoe_coarse_1e19,1e19,temporal,12,41,sequence,4,1982,4940,8353,759,0.6086
g1_tmoe_coarse_1e19,g1_tmoe_coarse_1e19,1e19,temporal,12,42,sequence,4,1982,4940,8353,817,0.5611
g1_tmoe_coarse_1e19,g1_tmoe_coarse_1e19,1e19,temporal,12,43,sequence,4,1982,4940,8353,1094,0.7106
g1_tmoe_coarse_1e19,g1_tmoe_coarse_1e19,1e19,temporal,12,44,sequence,4,1982,4940,8353,924,0.6527
g1_tmoe_coarse_1e19,g1_tmoe_coarse_1e19,1e19,temporal,12,45,sequence,4,1982,4940,8353,874,0.6569
g1_tmoe_coarse_1e19,g1_tmoe_coarse_1e19,1e19,temporal,12,46,sequence,4,1982,4940,8353,675,0.621
g1_tmoe_coarse_1e19,g1_tmoe_coarse_1e19,1e19,temporal,12,47,sequence,4,1982,4940,8353,1608,0.8431
g1_tmoe_coarse_1e19,g1_tmoe_coarse_1e19,1e19,temporal,12,48,sequence,4,1982,4940,8353,598,0.5889
g1_tmoe_coarse_1e19,g1_tmoe_coarse_1e19,1e19,temporal,12,49,sequence,4,1982,4940,8353,762,0.7694
g1_tmoe_coarse_1e19,g1_tmoe_coarse_1e19,1e19,temporal,12,50,sequence,4,1982,4940,8353,446,0.6159
g1_tmoe_coarse_1e19,g1_tmoe_coarse_1e19,1e19,temporal,12,51,sequence,4,1982,4940,8353,1518,0.7978
g1_tmoe_coarse_1e19,g1_tmoe_coarse_1e19,1e19,temporal,12,52,sequence,4,1982,4940,8353,655,0.6055
g1_tmoe_coarse_1e19,g1_tmoe_coarse_1e19,1e19,temporal,12,53,sequence,4,1982,4940,8353,945,0.6268
g1_tmoe_coarse_1e19,g1_tmoe_coarse_1e19,1e19,temporal,12,54,sequence,4,1982,4940,8353,923,0.5601
g1_tmoe_coarse_1e19,g1_tmoe_coarse_1e19,1e19,temporal,12,55,sequence,4,1982,4940,8353,715,0.5887
g1_tmoe_coarse_1e19,g1_tmoe_coarse_1e19,1e19,temporal,12,56,sequence,4,1982,4940,8353,851,0.6747
g1_tmoe_coarse_1e19,g1_tmoe_coarse_1e19,1e19,temporal,12,57,sequence,4,1982,4940,8353,676,0.5772
g1_tmoe_coarse_1e19,g1_tmoe_coarse_1e19,1e19,temporal,12,58,sequence,4,1982,4940,8353,770,0.7329
g1_tmoe_coarse_1e19,g1_tmoe_coarse_1e19,1e19,temporal,12,59,sequence,4,1982,4940,8353,549,0.5257
g1_tmoe_coarse_1e19,g1_tmoe_coarse_1e19,1e19,temporal,12,60,sequence,4,1982,4940,8353,642,0.5623
g1_tmoe_coarse_1e19,g1_tmoe_coarse_1e19,1e19,temporal,12,61,sequence,4,1982,4940,8353,476,0.6487
g1_tmoe_coarse_1e19,g1_tmoe_coarse_1e19,1e19,temporal,12,62,sequence,4,1982,4940,8353,888,0.6801
g1_tmoe_coarse_1e19,g1_tmoe_coarse_1e19,1e19,temporal,12,63,sequence,4,1982,4940,8353,706,0.6333
g1_tmoe_coarse_1e19,g1_tmoe_coarse_1e19,1e19,temporal,13,0,sequence,0,1,6,8017,925,0.5895
g1_tmoe_coarse_1e19,g1_tmoe_coarse_1e19,1e19,temporal,13,1,sequence,0,1,6,8017,753,0.5548
g1_tmoe_coarse_1e19,g1_tmoe_coarse_1e19,1e19,temporal,13,2,sequence,0,1,6,8017,781,0.6089
g1_tmoe_coarse_1e19,g1_tmoe_coarse_1e19,1e19,temporal,13,3,sequence,0,1,6,8017,971,0.6264
g1_tmoe_coarse_1e19,g1_tmoe_coarse_1e19,1e19,temporal,13,4,sequence,0,1,6,8017,746,0.5273
g1_tmoe_coarse_1e19,g1_tmoe_coarse_1e19,1e19,temporal,13,5,sequence,0,1,6,8017,577,0.4968
g1_tmoe_coarse_1e19,g1_tmoe_coarse_1e19,1e19,temporal,13,6,sequence,0,1,6,8017,809,0.5272
g1_tmoe_coarse_1e19,g1_tmoe_coarse_1e19,1e19,temporal,13,7,sequence,0,1,6,8017,608,0.5875
g1_tmoe_coarse_1e19,g1_tmoe_coarse_1e19,1e19,temporal,13,8,sequence,0,1,6,8017,973,0.6027
g1_tmoe_coarse_1e19,g1_tmoe_coarse_1e19,1e19,temporal,13,9,sequence,0,1,6,8017,544,0.5579
g1_tmoe_coarse_1e19,g1_tmoe_coarse_1e19,1e19,temporal,13,10,sequence,0,1,6,8017,896,0.5429
g1_tmoe_coarse_1e19,g1_tmoe_coarse_1e19,1e19,temporal,13,11,sequence,0,1,6,8017,893,0.5819
g1_tmoe_coarse_1e19,g1_tmoe_coarse_1e19,1e19,temporal,13,12,sequence,0,1,6,8017,798,0.6014
g1_tmoe_coarse_1e19,g1_tmoe_coarse_1e19,1e19,temporal,13,13,sequence,0,1,6,8017,603,0.5273
g1_tmoe_coarse_1e19,g1_tmoe_coarse_1e19,1e19,temporal,13,14,sequence,0,1,6,8017,961,0.5895
g1_tmoe_coarse_1e19,g1_tmoe_coarse_1e19,1e19,temporal,13,15,sequence,0,1,6,8017,611,0.525
g1_tmoe_coarse_1e19,g1_tmoe_coarse_1e19,1e19,temporal,13,16,sequence,0,1,6,8017,934,0.5861
g1_tmoe_coarse_1e19,g1_tmoe_coarse_1e19,1e19,temporal,13,17,sequence,0,1,6,8017,964,0.5645
g1_tmoe_coarse_1e19,g1_tmoe_coarse_1e19,1e19,temporal,13,18,sequence,0,1,6,8017,946,0.622
g1_tmoe_coarse_1e19,g1_tmoe_coarse_1e19,1e19,temporal,13,19,sequence,0,1,6,8017,772,0.5372
g1_tmoe_coarse_1e19,g1_tmoe_coarse_1e19,1e19,temporal,13,20,sequence,0,1,6,8017,719,0.5711
g1_tmoe_coarse_1e19,g1_tmoe_coarse_1e19,1e19,temporal,13,21,sequence,0,1,6,8017,979,0.5645
g1_tmoe_coarse_1e19,g1_tmoe_coarse_1e19,1e19,temporal,13,22,sequence,0,1,6,8017,688,0.6051
g1_tmoe_coarse_1e19,g1_tmoe_coarse_1e19,1e19,temporal,13,23,sequence,0,1,6,8017,869,0.5344
g1_tmoe_coarse_1e19,g1_tmoe_coarse_1e19,1e19,temporal,13,24,sequence,0,1,6,8017,901,0.5884
g1_tmoe_coarse_1e19,g1_tmoe_coarse_1e19,1e19,temporal,13,25,sequence,0,1,6,8017,800,0.5535
g1_tmoe_coarse_1e19,g1_tmoe_coarse_1e19,1e19,temporal,13,26,sequence,0,1,6,8017,818,0.5944
g1_tmoe_coarse_1e19,g1_tmoe_coarse_1e19,1e19,temporal,13,27,sequence,0,1,6,8017,527,0.5415
g1_tmoe_coarse_1e19,g1_tmoe_coarse_1e19,1e19,temporal,13,28,sequence,0,1,6,8017,713,0.6198
g1_tmoe_coarse_1e19,g1_tmoe_coarse_1e19,1e19,temporal,13,29,sequence,0,1,6,8017,623,0.5242
g1_tmoe_coarse_1e19,g1_tmoe_coarse_1e19,1e19,temporal,13,30,sequence,0,1,6,8017,954,0.6173
g1_tmoe_coarse_1e19,g1_tmoe_coarse_1e19,1e19,temporal,13,31,sequence,0,1,6,8017,482,0.5537
g1_tmoe_coarse_1e19,g1_tmoe_coarse_1e19,1e19,temporal,13,32,sequence,0,1,6,8017,828,0.5533
g1_tmoe_coarse_1e19,g1_tmoe_coarse_1e19,1e19,temporal,13,33,sequence,0,1,6,8017,687,0.5235
g1_tmoe_coarse_1e19,g1_tmoe_coarse_1e19,1e19,temporal,13,34,sequence,0,1,6,8017,614,0.556
g1_tmoe_coarse_1e19,g1_tmoe_coarse_1e19,1e19,temporal,13,35,sequence,0,1,6,8017,691,0.5855
g1_tmoe_coarse_1e19,g1_tmoe_coarse_1e19,1e19,temporal,13,36,sequence,0,1,6,8017,577,0.5152
g1_tmoe_coarse_1e19,g1_tmoe_coarse_1e19,1e19,temporal,13,37,sequence,0,1,6,8017,807,0.5577
g1_tmoe_coarse_1e19,g1_tmoe_coarse_1e19,1e19,temporal,13,38,sequence,0,1,6,8017,543,0.5011
g1_tmoe_coarse_1e19,g1_tmoe_coarse_1e19,1e19,temporal,13,39,sequence,0,1,6,8017,655,0.5456
g1_tmoe_coarse_1e19,g1_tmoe_coarse_1e19,1e19,temporal,13,40,sequence,0,1,6,8017,701,0.6184
g1_tmoe_coarse_1e19,g1_tmoe_coarse_1e19,1e19,temporal,13,41,sequence,0,1,6,8017,941,0.5555
g1_tmoe_coarse_1e19,g1_tmoe_coarse_1e19,1e19,temporal,13,42,sequence,0,1,6,8017,1153,0.6594
g1_tmoe_coarse_1e19,g1_tmoe_coarse_1e19,1e19,temporal,13,43,sequence,0,1,6,8017,766,0.5599
g1_tmoe_coarse_1e19,g1_tmoe_coarse_1e19,1e19,temporal,13,44,sequence,0,1,6,8017,785,0.5611
g1_tmoe_coarse_1e19,g1_tmoe_coarse_1e19,1e19,temporal,13,45,sequence,0,1,6,8017,656,0.5846
g1_tmoe_coarse_1e19,g1_tmoe_coarse_1e19,1e19,temporal,13,46,sequence,0,1,6,8017,706,0.5885
g1_tmoe_coarse_1e19,g1_tmoe_coarse_1e19,1e19,temporal,13,47,sequence,0,1,6,8017,604,0.5604
g1_tmoe_coarse_1e19,g1_tmoe_coarse_1e19,1e19,temporal,13,48,sequence,0,1,6,8017,785,0.5883
g1_tmoe_coarse_1e19,g1_tmoe_coarse_1e19,1e19,temporal,13,49,sequence,0,1,6,8017,810,0.5557
g1_tmoe_coarse_1e19,g1_tmoe_coarse_1e19,1e19,temporal,13,50,sequence,0,1,6,8017,667,0.6127
g1_tmoe_coarse_1e19,g1_tmoe_coarse_1e19,1e19,temporal,13,51,sequence,0,1,6,8017,681,0.5539
g1_tmoe_coarse_1e19,g1_tmoe_coarse_1e19,1e19,temporal,13,52,sequence,0,1,6,8017,1257,0.6506
g1_tmoe_coarse_1e19,g1_tmoe_coarse_1e19,1e19,temporal,13,53,sequence,0,1,6,8017,700,0.6337
g1_tmoe_coarse_1e19,g1_tmoe_coarse_1e19,1e19,temporal,13,54,sequence,0,1,6,8017,612,0.5055
g1_tmoe_coarse_1e19,g1_tmoe_coarse_1e19,1e19,temporal,13,55,sequence,0,1,6,8017,651,0.5516
g1_tmoe_coarse_1e19,g1_tmoe_coarse_1e19,1e19,temporal,13,56,sequence,0,1,6,8017,613,0.6155
g1_tmoe_coarse_1e19,g1_tmoe_coarse_1e19,1e19,temporal,13,57,sequence,0,1,6,8017,383,0.5338
g1_tmoe_coarse_1e19,g1_tmoe_coarse_1e19,1e19,temporal,13,58,sequence,0,1,6,8017,639,0.5901
g1_tmoe_coarse_1e19,g1_tmoe_coarse_1e19,1e19,temporal,13,59,sequence,0,1,6,8017,610,0.5481
g1_tmoe_coarse_1e19,g1_tmoe_coarse_1e19,1e19,temporal,13,60,sequence,0,1,6,8017,619,0.5793
g1_tmoe_coarse_1e19,g1_tmoe_coarse_1e19,1e19,temporal,13,61,sequence,0,1,6,8017,566,0.5185
g1_tmoe_coarse_1e19,g1_tmoe_coarse_1e19,1e19,temporal,13,62,sequence,0,1,6,8017,787,0.546
g1_tmoe_coarse_1e19,g1_tmoe_coarse_1e19,1e19,temporal,13,63,sequence,0,1,6,8017,870,0.6827
g1_tmoe_coarse_1e19,g1_tmoe_coarse_1e19,1e19,temporal,13,0,sequence,1,6,32,7862,895,0.6143
g1_tmoe_coarse_1e19,g1_tmoe_coarse_1e19,1e19,temporal,13,1,sequence,1,6,32,7862,810,0.5927
g1_tmoe_coarse_1e19,g1_tmoe_coarse_1e19,1e19,temporal,13,2,sequence,1,6,32,7862,902,0.6388
g1_tmoe_coarse_1e19,g1_tmoe_coarse_1e19,1e19,temporal,13,3,sequence,1,6,32,7862,892,0.6008
g1_tmoe_coarse_1e19,g1_tmoe_coarse_1e19,1e19,temporal,13,4,sequence,1,6,32,7862,659,0.5515
g1_tmoe_coarse_1e19,g1_tmoe_coarse_1e19,1e19,temporal,13,5,sequence,1,6,32,7862,543,0.5407
g1_tmoe_coarse_1e19,g1_tmoe_coarse_1e19,1e19,temporal,13,6,sequence,1,6,32,7862,971,0.5808
g1_tmoe_coarse_1e19,g1_tmoe_coarse_1e19,1e19,temporal,13,7,sequence,1,6,32,7862,442,0.6507
g1_tmoe_coarse_1e19,g1_tmoe_coarse_1e19,1e19,temporal,13,8,sequence,1,6,32,7862,889,0.6482
g1_tmoe_coarse_1e19,g1_tmoe_coarse_1e19,1e19,temporal,13,9,sequence,1,6,32,7862,678,0.6327
g1_tmoe_coarse_1e19,g1_tmoe_coarse_1e19,1e19,temporal,13,10,sequence,1,6,32,7862,770,0.5862
g1_tmoe_coarse_1e19,g1_tmoe_coarse_1e19,1e19,temporal,13,11,sequence,1,6,32,7862,1067,0.5824
g1_tmoe_coarse_1e19,g1_tmoe_coarse_1e19,1e19,temporal,13,12,sequence,1,6,32,7862,704,0.6953
g1_tmoe_coarse_1e19,g1_tmoe_coarse_1e19,1e19,temporal,13,13,sequence,1,6,32,7862,659,0.6041
g1_tmoe_coarse_1e19,g1_tmoe_coarse_1e19,1e19,temporal,13,14,sequence,1,6,32,7862,695,0.6193
g1_tmoe_coarse_1e19,g1_tmoe_coarse_1e19,1e19,temporal,13,15,sequence,1,6,32,7862,509,0.5403
g1_tmoe_coarse_1e19,g1_tmoe_coarse_1e19,1e19,temporal,13,16,sequence,1,6,32,7862,695,0.6409
g1_tmoe_coarse_1e19,g1_tmoe_coarse_1e19,1e19,temporal,13,17,sequence,1,6,32,7862,998,0.5966
g1_tmoe_coarse_1e19,g1_tmoe_coarse_1e19,1e19,temporal,13,18,sequence,1,6,32,7862,812,0.6118
g1_tmoe_coarse_1e19,g1_tmoe_coarse_1e19,1e19,temporal,13,19,sequence,1,6,32,7862,783,0.5635
g1_tmoe_coarse_1e19,g1_tmoe_coarse_1e19,1e19,temporal,13,20,sequence,1,6,32,7862,615,0.5973
g1_tmoe_coarse_1e19,g1_tmoe_coarse_1e19,1e19,temporal,13,21,sequence,1,6,32,7862,1025,0.5989
g1_tmoe_coarse_1e19,g1_tmoe_coarse_1e19,1e19,temporal,13,22,sequence,1,6,32,7862,672,0.6514
g1_tmoe_coarse_1e19,g1_tmoe_coarse_1e19,1e19,temporal,13,23,sequence,1,6,32,7862,686,0.5517
g1_tmoe_coarse_1e19,g1_tmoe_coarse_1e19,1e19,temporal,13,24,sequence,1,6,32,7862,732,0.5617
g1_tmoe_coarse_1e19,g1_tmoe_coarse_1e19,1e19,temporal,13,25,sequence,1,6,32,7862,830,0.5388
g1_tmoe_coarse_1e19,g1_tmoe_coarse_1e19,1e19,temporal,13,26,sequence,1,6,32,7862,772,0.602
g1_tmoe_coarse_1e19,g1_tmoe_coarse_1e19,1e19,temporal,13,27,sequence,1,6,32,7862,411,0.5137
g1_tmoe_coarse_1e19,g1_tmoe_coarse_1e19,1e19,temporal,13,28,sequence,1,6,32,7862,778,0.6617
g1_tmoe_coarse_1e19,g1_tmoe_coarse_1e19,1e19,temporal,13,29,sequence,1,6,32,7862,637,0.5381
g1_tmoe_coarse_1e19,g1_tmoe_coarse_1e19,1e19,temporal,13,30,sequence,1,6,32,7862,1027,0.6554
g1_tmoe_coarse_1e19,g1_tmoe_coarse_1e19,1e19,temporal,13,31,sequence,1,6,32,7862,469,0.5916
g1_tmoe_coarse_1e19,g1_tmoe_coarse_1e19,1e19,temporal,13,32,sequence,1,6,32,7862,748,0.5809
g1_tmoe_coarse_1e19,g1_tmoe_coarse_1e19,1e19,temporal,13,33,sequence,1,6,32,7862,684,0.5616
g1_tmoe_coarse_1e19,g1_tmoe_coarse_1e19,1e19,temporal,13,34,sequence,1,6,32,7862,707,0.5836
g1_tmoe_coarse_1e19,g1_tmoe_coarse_1e19,1e19,temporal,13,35,sequence,1,6,32,7862,670,0.6107
g1_tmoe_coarse_1e19,g1_tmoe_coarse_1e19,1e19,temporal,13,36,sequence,1,6,32,7862,660,0.5472
g1_tmoe_coarse_1e19,g1_tmoe_coarse_1e19,1e19,temporal,13,37,sequence,1,6,32,7862,893,0.5988
g1_tmoe_coarse_1e19,g1_tmoe_coarse_1e19,1e19,temporal,13,38,sequence,1,6,32,7862,612,0.5608
g1_tmoe_coarse_1e19,g1_tmoe_coarse_1e19,1e19,temporal,13,39,sequence,1,6,32,7862,718,0.6147
g1_tmoe_coarse_1e19,g1_tmoe_coarse_1e19,1e19,temporal,13,40,sequence,1,6,32,7862,526,0.5974
g1_tmoe_coarse_1e19,g1_tmoe_coarse_1e19,1e19,temporal,13,41,sequence,1,6,32,7862,943,0.5799
g1_tmoe_coarse_1e19,g1_tmoe_coarse_1e19,1e19,temporal,13,42,sequence,1,6,32,7862,1143,0.7008
g1_tmoe_coarse_1e19,g1_tmoe_coarse_1e19,1e19,temporal,13,43,sequence,1,6,32,7862,767,0.5864
g1_tmoe_coarse_1e19,g1_tmoe_coarse_1e19,1e19,temporal,13,44,sequence,1,6,32,7862,841,0.6055
g1_tmoe_coarse_1e19,g1_tmoe_coarse_1e19,1e19,temporal,13,45,sequence,1,6,32,7862,732,0.5819
g1_tmoe_coarse_1e19,g1_tmoe_coarse_1e19,1e19,temporal,13,46,sequence,1,6,32,7862,731,0.6241
g1_tmoe_coarse_1e19,g1_tmoe_coarse_1e19,1e19,temporal,13,47,sequence,1,6,32,7862,623,0.604
g1_tmoe_coarse_1e19,g1_tmoe_coarse_1e19,1e19,temporal,13,48,sequence,1,6,32,7862,812,0.5913
g1_tmoe_coarse_1e19,g1_tmoe_coarse_1e19,1e19,temporal,13,49,sequence,1,6,32,7862,730,0.569
g1_tmoe_coarse_1e19,g1_tmoe_coarse_1e19,1e19,temporal,13,50,sequence,1,6,32,7862,807,0.6495
g1_tmoe_coarse_1e19,g1_tmoe_coarse_1e19,1e19,temporal,13,51,sequence,1,6,32,7862,620,0.6159
g1_tmoe_coarse_1e19,g1_tmoe_coarse_1e19,1e19,temporal,13,52,sequence,1,6,32,7862,896,0.6362
g1_tmoe_coarse_1e19,g1_tmoe_coarse_1e19,1e19,temporal,13,53,sequence,1,6,32,7862,813,0.6431
g1_tmoe_coarse_1e19,g1_tmoe_coarse_1e19,1e19,temporal,13,54,sequence,1,6,32,7862,641,0.5628
g1_tmoe_coarse_1e19,g1_tmoe_coarse_1e19,1e19,temporal,13,55,sequence,1,6,32,7862,648,0.5733
g1_tmoe_coarse_1e19,g1_tmoe_coarse_1e19,1e19,temporal,13,56,sequence,1,6,32,7862,527,0.6959
g1_tmoe_coarse_1e19,g1_tmoe_coarse_1e19,1e19,temporal,13,57,sequence,1,6,32,7862,467,0.5834
g1_tmoe_coarse_1e19,g1_tmoe_coarse_1e19,1e19,temporal,13,58,sequence,1,6,32,7862,660,0.5749
g1_tmoe_coarse_1e19,g1_tmoe_coarse_1e19,1e19,temporal,13,59,sequence,1,6,32,7862,668,0.5828
g1_tmoe_coarse_1e19,g1_tmoe_coarse_1e19,1e19,temporal,13,60,sequence,1,6,32,7862,723,0.6291
g1_tmoe_coarse_1e19,g1_tmoe_coarse_1e19,1e19,temporal,13,61,sequence,1,6,32,7862,546,0.5629
g1_tmoe_coarse_1e19,g1_tmoe_coarse_1e19,1e19,temporal,13,62,sequence,1,6,32,7862,798,0.5596
g1_tmoe_coarse_1e19,g1_tmoe_coarse_1e19,1e19,temporal,13,63,sequence,1,6,32,7862,791,0.7091
g1_tmoe_coarse_1e19,g1_tmoe_coarse_1e19,1e19,temporal,13,0,sequence,2,32,221,7697,681,0.6847
g1_tmoe_coarse_1e19,g1_tmoe_coarse_1e19,1e19,temporal,13,1,sequence,2,32,221,7697,673,0.6442
g1_tmoe_coarse_1e19,g1_tmoe_coarse_1e19,1e19,temporal,13,2,sequence,2,32,221,7697,794,0.6478
g1_tmoe_coarse_1e19,g1_tmoe_coarse_1e19,1e19,temporal,13,3,sequence,2,32,221,7697,649,0.5889
g1_tmoe_coarse_1e19,g1_tmoe_coarse_1e19,1e19,temporal,13,4,sequence,2,32,221,7697,467,0.5835
g1_tmoe_coarse_1e19,g1_tmoe_coarse_1e19,1e19,temporal,13,5,sequence,2,32,221,7697,467,0.6148
g1_tmoe_coarse_1e19,g1_tmoe_coarse_1e19,1e19,temporal,13,6,sequence,2,32,221,7697,803,0.6663
g1_tmoe_coarse_1e19,g1_tmoe_coarse_1e19,1e19,temporal,13,7,sequence,2,32,221,7697,528,0.7449
g1_tmoe_coarse_1e19,g1_tmoe_coarse_1e19,1e19,temporal,13,8,sequence,2,32,221,7697,554,0.5582
g1_tmoe_coarse_1e19,g1_tmoe_coarse_1e19,1e19,temporal,13,9,sequence,2,32,221,7697,946,0.692
g1_tmoe_coarse_1e19,g1_tmoe_coarse_1e19,1e19,temporal,13,10,sequence,2,32,221,7697,591,0.6399
g1_tmoe_coarse_1e19,g1_tmoe_coarse_1e19,1e19,temporal,13,11,sequence,2,32,221,7697,1242,0.6462
g1_tmoe_coarse_1e19,g1_tmoe_coarse_1e19,1e19,temporal,13,12,sequence,2,32,221,7697,509,0.6349
g1_tmoe_coarse_1e19,g1_tmoe_coarse_1e19,1e19,temporal,13,13,sequence,2,32,221,7697,723,0.6762
g1_tmoe_coarse_1e19,g1_tmoe_coarse_1e19,1e19,temporal,13,14,sequence,2,32,221,7697,561,0.6213
g1_tmoe_coarse_1e19,g1_tmoe_coarse_1e19,1e19,temporal,13,15,sequence,2,32,221,7697,392,0.5639
g1_tmoe_coarse_1e19,g1_tmoe_coarse_1e19,1e19,temporal,13,16,sequence,2,32,221,7697,505,0.7053
g1_tmoe_coarse_1e19,g1_tmoe_coarse_1e19,1e19,temporal,13,17,sequence,2,32,221,7697,651,0.5946
g1_tmoe_coarse_1e19,g1_tmoe_coarse_1e19,1e19,temporal,13,18,sequence,2,32,221,7697,672,0.6236
g1_tmoe_coarse_1e19,g1_tmoe_coarse_1e19,1e19,temporal,13,19,sequence,2,32,221,7697,869,0.6287
g1_tmoe_coarse_1e19,g1_tmoe_coarse_1e19,1e19,temporal,13,20,sequence,2,32,221,7697,613,0.5843
g1_tmoe_coarse_1e19,g1_tmoe_coarse_1e19,1e19,temporal,13,21,sequence,2,32,221,7697,864,0.6351
g1_tmoe_coarse_1e19,g1_tmoe_coarse_1e19,1e19,temporal,13,22,sequence,2,32,221,7697,582,0.7231
g1_tmoe_coarse_1e19,g1_tmoe_coarse_1e19,1e19,temporal,13,23,sequence,2,32,221,7697,584,0.571
g1_tmoe_coarse_1e19,g1_tmoe_coarse_1e19,1e19,temporal,13,24,sequence,2,32,221,7697,443,0.6334
g1_tmoe_coarse_1e19,g1_tmoe_coarse_1e19,1e19,temporal,13,25,sequence,2,32,221,7697,747,0.6153
g1_tmoe_coarse_1e19,g1_tmoe_coarse_1e19,1e19,temporal,13,26,sequence,2,32,221,7697,664,0.5698
g1_tmoe_coarse_1e19,g1_tmoe_coarse_1e19,1e19,temporal,13,27,sequence,2,32,221,7697,311,0.5293
g1_tmoe_coarse_1e19,g1_tmoe_coarse_1e19,1e19,temporal,13,28,sequence,2,32,221,7697,757,0.7003
g1_tmoe_coarse_1e19,g1_tmoe_coarse_1e19,1e19,temporal,13,29,sequence,2,32,221,7697,859,0.6731
g1_tmoe_coarse_1e19,g1_tmoe_coarse_1e19,1e19,temporal,13,30,sequence,2,32,221,7697,1374,0.7198
g1_tmoe_coarse_1e19,g1_tmoe_coarse_1e19,1e19,temporal,13,31,sequence,2,32,221,7697,297,0.6269
g1_tmoe_coarse_1e19,g1_tmoe_coarse_1e19,1e19,temporal,13,32,sequence,2,32,221,7697,739,0.6547
g1_tmoe_coarse_1e19,g1_tmoe_coarse_1e19,1e19,temporal,13,33,sequence,2,32,221,7697,786,0.6041
g1_tmoe_coarse_1e19,g1_tmoe_coarse_1e19,1e19,temporal,13,34,sequence,2,32,221,7697,992,0.7055
g1_tmoe_coarse_1e19,g1_tmoe_coarse_1e19,1e19,temporal,13,35,sequence,2,32,221,7697,651,0.6128
g1_tmoe_coarse_1e19,g1_tmoe_coarse_1e19,1e19,temporal,13,36,sequence,2,32,221,7697,757,0.5957
g1_tmoe_coarse_1e19,g1_tmoe_coarse_1e19,1e19,temporal,13,37,sequence,2,32,221,7697,829,0.6216
g1_tmoe_coarse_1e19,g1_tmoe_coarse_1e19,1e19,temporal,13,38,sequence,2,32,221,7697,887,0.6682
g1_tmoe_coarse_1e19,g1_tmoe_coarse_1e19,1e19,temporal,13,39,sequence,2,32,221,7697,1008,0.6667
g1_tmoe_coarse_1e19,g1_tmoe_coarse_1e19,1e19,temporal,13,40,sequence,2,32,221,7697,467,0.5718
g1_tmoe_coarse_1e19,g1_tmoe_coarse_1e19,1e19,temporal,13,41,sequence,2,32,221,7697,639,0.6505
g1_tmoe_coarse_1e19,g1_tmoe_coarse_1e19,1e19,temporal,13,42,sequence,2,32,221,7697,1251,0.7308
g1_tmoe_coarse_1e19,g1_tmoe_coarse_1e19,1e19,temporal,13,43,sequence,2,32,221,7697,910,0.6211
g1_tmoe_coarse_1e19,g1_tmoe_coarse_1e19,1e19,temporal,13,44,sequence,2,32,221,7697,876,0.6463
g1_tmoe_coarse_1e19,g1_tmoe_coarse_1e19,1e19,temporal,13,45,sequence,2,32,221,7697,1043,0.6285
g1_tmoe_coarse_1e19,g1_tmoe_coarse_1e19,1e19,temporal,13,46,sequence,2,32,221,7697,660,0.64
g1_tmoe_coarse_1e19,g1_tmoe_coarse_1e19,1e19,temporal,13,47,sequence,2,32,221,7697,765,0.6476
g1_tmoe_coarse_1e19,g1_tmoe_coarse_1e19,1e19,temporal,13,48,sequence,2,32,221,7697,846,0.6293
g1_tmoe_coarse_1e19,g1_tmoe_coarse_1e19,1e19,temporal,13,49,sequence,2,32,221,7697,746,0.6408
g1_tmoe_coarse_1e19,g1_tmoe_coarse_1e19,1e19,temporal,13,50,sequence,2,32,221,7697,973,0.6597
g1_tmoe_coarse_1e19,g1_tmoe_coarse_1e19,1e19,temporal,13,51,sequence,2,32,221,7697,587,0.6395
g1_tmoe_coarse_1e19,g1_tmoe_coarse_1e19,1e19,temporal,13,52,sequence,2,32,221,7697,577,0.6603
g1_tmoe_coarse_1e19,g1_tmoe_coarse_1e19,1e19,temporal,13,53,sequence,2,32,221,7697,884,0.7329
g1_tmoe_coarse_1e19,g1_tmoe_coarse_1e19,1e19,temporal,13,54,sequence,2,32,221,7697,868,0.615
g1_tmoe_coarse_1e19,g1_tmoe_coarse_1e19,1e19,temporal,13,55,sequence,2,32,221,7697,696,0.6132
g1_tmoe_coarse_1e19,g1_tmoe_coarse_1e19,1e19,temporal,13,56,sequence,2,32,221,7697,662,0.7327
g1_tmoe_coarse_1e19,g1_tmoe_coarse_1e19,1e19,temporal,13,57,sequence,2,32,221,7697,827,0.6665
g1_tmoe_coarse_1e19,g1_tmoe_coarse_1e19,1e19,temporal,13,58,sequence,2,32,221,7697,599,0.6143
g1_tmoe_coarse_1e19,g1_tmoe_coarse_1e19,1e19,temporal,13,59,sequence,2,32,221,7697,620,0.6201
g1_tmoe_coarse_1e19,g1_tmoe_coarse_1e19,1e19,temporal,13,60,sequence,2,32,221,7697,724,0.672
g1_tmoe_coarse_1e19,g1_tmoe_coarse_1e19,1e19,temporal,13,61,sequence,2,32,221,7697,510,0.6418
g1_tmoe_coarse_1e19,g1_tmoe_coarse_1e19,1e19,temporal,13,62,sequence,2,32,221,7697,543,0.6514
g1_tmoe_coarse_1e19,g1_tmoe_coarse_1e19,1e19,temporal,13,63,sequence,2,32,221,7697,888,0.6756
g1_tmoe_coarse_1e19,g1_tmoe_coarse_1e19,1e19,temporal,13,0,sequence,3,238,1429,6983,672,0.7173
g1_tmoe_coarse_1e19,g1_tmoe_coarse_1e19,1e19,temporal,13,1,sequence,3,238,1429,6983,456,0.5953
g1_tmoe_coarse_1e19,g1_tmoe_coarse_1e19,1e19,temporal,13,2,sequence,3,238,1429,6983,655,0.6452
g1_tmoe_coarse_1e19,g1_tmoe_coarse_1e19,1e19,temporal,13,3,sequence,3,238,1429,6983,706,0.5838
g1_tmoe_coarse_1e19,g1_tmoe_coarse_1e19,1e19,temporal,13,4,sequence,3,238,1429,6983,493,0.6013
g1_tmoe_coarse_1e19,g1_tmoe_coarse_1e19,1e19,temporal,13,5,sequence,3,238,1429,6983,534,0.7488
g1_tmoe_coarse_1e19,g1_tmoe_coarse_1e19,1e19,temporal,13,6,sequence,3,238,1429,6983,843,0.7556
g1_tmoe_coarse_1e19,g1_tmoe_coarse_1e19,1e19,temporal,13,7,sequence,3,238,1429,6983,454,0.8215
g1_tmoe_coarse_1e19,g1_tmoe_coarse_1e19,1e19,temporal,13,8,sequence,3,238,1429,6983,643,0.6085
g1_tmoe_coarse_1e19,g1_tmoe_coarse_1e19,1e19,temporal,13,9,sequence,3,238,1429,6983,808,0.6922
g1_tmoe_coarse_1e19,g1_tmoe_coarse_1e19,1e19,temporal,13,10,sequence,3,238,1429,6983,612,0.678
g1_tmoe_coarse_1e19,g1_tmoe_coarse_1e19,1e19,temporal,13,11,sequence,3,238,1429,6983,1061,0.6527
g1_tmoe_coarse_1e19,g1_tmoe_coarse_1e19,1e19,temporal,13,12,sequence,3,238,1429,6983,317,0.6141
g1_tmoe_coarse_1e19,g1_tmoe_coarse_1e19,1e19,temporal,13,13,sequence,3,238,1429,6983,562,0.6155
g1_tmoe_coarse_1e19,g1_tmoe_coarse_1e19,1e19,temporal,13,14,sequence,3,238,1429,6983,525,0.6138
g1_tmoe_coarse_1e19,g1_tmoe_coarse_1e19,1e19,temporal,13,15,sequence,3,238,1429,6983,375,0.5879
g1_tmoe_coarse_1e19,g1_tmoe_coarse_1e19,1e19,temporal,13,16,sequence,3,238,1429,6983,422,0.7325
g1_tmoe_coarse_1e19,g1_tmoe_coarse_1e19,1e19,temporal,13,17,sequence,3,238,1429,6983,615,0.6289
g1_tmoe_coarse_1e19,g1_tmoe_coarse_1e19,1e19,temporal,13,18,sequence,3,238,1429,6983,594,0.666
g1_tmoe_coarse_1e19,g1_tmoe_coarse_1e19,1e19,temporal,13,19,sequence,3,238,1429,6983,1096,0.6435
g1_tmoe_coarse_1e19,g1_tmoe_coarse_1e19,1e19,temporal,13,20,sequence,3,238,1429,6983,557,0.6475
g1_tmoe_coarse_1e19,g1_tmoe_coarse_1e19,1e19,temporal,13,21,sequence,3,238,1429,6983,737,0.6645
g1_tmoe_coarse_1e19,g1_tmoe_coarse_1e19,1e19,temporal,13,22,sequence,3,238,1429,6983,404,0.7551
g1_tmoe_coarse_1e19,g1_tmoe_coarse_1e19,1e19,temporal,13,23,sequence,3,238,1429,6983,451,0.6281
g1_tmoe_coarse_1e19,g1_tmoe_coarse_1e19,1e19,temporal,13,24,sequence,3,238,1429,6983,387,0.5889
g1_tmoe_coarse_1e19,g1_tmoe_coarse_1e19,1e19,temporal,13,25,sequence,3,238,1429,6983,686,0.5979
g1_tmoe_coarse_1e19,g1_tmoe_coarse_1e19,1e19,temporal,13,26,sequence,3,238,1429,6983,602,0.5665
g1_tmoe_coarse_1e19,g1_tmoe_coarse_1e19,1e19,temporal,13,27,sequence,3,238,1429,6983,370,0.5994
g1_tmoe_coarse_1e19,g1_tmoe_coarse_1e19,1e19,temporal,13,28,sequence,3,238,1429,6983,631,0.7007
g1_tmoe_coarse_1e19,g1_tmoe_coarse_1e19,1e19,temporal,13,29,sequence,3,238,1429,6983,827,0.6826
g1_tmoe_coarse_1e19,g1_tmoe_coarse_1e19,1e19,temporal,13,30,sequence,3,238,1429,6983,1133,0.6857
g1_tmoe_coarse_1e19,g1_tmoe_coarse_1e19,1e19,temporal,13,31,sequence,3,238,1429,6983,412,0.7004
g1_tmoe_coarse_1e19,g1_tmoe_coarse_1e19,1e19,temporal,13,32,sequence,3,238,1429,6983,678,0.7057
g1_tmoe_coarse_1e19,g1_tmoe_coarse_1e19,1e19,temporal,13,33,sequence,3,238,1429,6983,823,0.6322
g1_tmoe_coarse_1e19,g1_tmoe_coarse_1e19,1e19,temporal,13,34,sequence,3,238,1429,6983,1023,0.7245
g1_tmoe_coarse_1e19,g1_tmoe_coarse_1e19,1e19,temporal,13,35,sequence,3,238,1429,6983,580,0.5839
g1_tmoe_coarse_1e19,g1_tmoe_coarse_1e19,1e19,temporal,13,36,sequence,3,238,1429,6983,672,0.575
g1_tmoe_coarse_1e19,g1_tmoe_coarse_1e19,1e19,temporal,13,37,sequence,3,238,1429,6983,605,0.6262
g1_tmoe_coarse_1e19,g1_tmoe_coarse_1e19,1e19,temporal,13,38,sequence,3,238,1429,6983,854,0.6264
g1_tmoe_coarse_1e19,g1_tmoe_coarse_1e19,1e19,temporal,13,39,sequence,3,238,1429,6983,894,0.6597
g1_tmoe_coarse_1e19,g1_tmoe_coarse_1e19,1e19,temporal,13,40,sequence,3,238,1429,6983,383,0.5311
g1_tmoe_coarse_1e19,g1_tmoe_coarse_1e19,1e19,temporal,13,41,sequence,3,238,1429,6983,450,0.6149
g1_tmoe_coarse_1e19,g1_tmoe_coarse_1e19,1e19,temporal,13,42,sequence,3,238,1429,6983,809,0.6381
g1_tmoe_coarse_1e19,g1_tmoe_coarse_1e19,1e19,temporal,13,43,sequence,3,238,1429,6983,875,0.6319
g1_tmoe_coarse_1e19,g1_tmoe_coarse_1e19,1e19,temporal,13,44,sequence,3,238,1429,6983,834,0.6414
g1_tmoe_coarse_1e19,g1_tmoe_coarse_1e19,1e19,temporal,13,45,sequence,3,238,1429,6983,920,0.6463
g1_tmoe_coarse_1e19,g1_tmoe_coarse_1e19,1e19,temporal,13,46,sequence,3,238,1429,6983,639,0.6467
g1_tmoe_coarse_1e19,g1_tmoe_coarse_1e19,1e19,temporal,13,47,sequence,3,238,1429,6983,613,0.6169
g1_tmoe_coarse_1e19,g1_tmoe_coarse_1e19,1e19,temporal,13,48,sequence,3,238,1429,6983,950,0.6591
g1_tmoe_coarse_1e19,g1_tmoe_coarse_1e19,1e19,temporal,13,49,sequence,3,238,1429,6983,639,0.6091
g1_tmoe_coarse_1e19,g1_tmoe_coarse_1e19,1e19,temporal,13,50,sequence,3,238,1429,6983,862,0.6284
g1_tmoe_coarse_1e19,g1_tmoe_coarse_1e19,1e19,temporal,13,51,sequence,3,238,1429,6983,469,0.662
g1_tmoe_coarse_1e19,g1_tmoe_coarse_1e19,1e19,temporal,13,52,sequence,3,238,1429,6983,509,0.6686
g1_tmoe_coarse_1e19,g1_tmoe_coarse_1e19,1e19,temporal,13,53,sequence,3,238,1429,6983,591,0.6132
g1_tmoe_coarse_1e19,g1_tmoe_coarse_1e19,1e19,temporal,13,54,sequence,3,238,1429,6983,794,0.665
g1_tmoe_coarse_1e19,g1_tmoe_coarse_1e19,1e19,temporal,13,55,sequence,3,238,1429,6983,521,0.5877
g1_tmoe_coarse_1e19,g1_tmoe_coarse_1e19,1e19,temporal,13,56,sequence,3,238,1429,6983,371,0.69
g1_tmoe_coarse_1e19,g1_tmoe_coarse_1e19,1e19,temporal,13,57,sequence,3,238,1429,6983,915,0.7498
g1_tmoe_coarse_1e19,g1_tmoe_coarse_1e19,1e19,temporal,13,58,sequence,3,238,1429,6983,691,0.6925
g1_tmoe_coarse_1e19,g1_tmoe_coarse_1e19,1e19,temporal,13,59,sequence,3,238,1429,6983,580,0.5867
g1_tmoe_coarse_1e19,g1_tmoe_coarse_1e19,1e19,temporal,13,60,sequence,3,238,1429,6983,774,0.7229
g1_tmoe_coarse_1e19,g1_tmoe_coarse_1e19,1e19,temporal,13,61,sequence,3,238,1429,6983,721,0.8324
g1_tmoe_coarse_1e19,g1_tmoe_coarse_1e19,1e19,temporal,13,62,sequence,3,238,1429,6983,514,0.6245
g1_tmoe_coarse_1e19,g1_tmoe_coarse_1e19,1e19,temporal,13,63,sequence,3,238,1429,6983,705,0.6319
g1_tmoe_coarse_1e19,g1_tmoe_coarse_1e19,1e19,temporal,13,0,sequence,4,1982,4940,8353,760,0.686
g1_tmoe_coarse_1e19,g1_tmoe_coarse_1e19,1e19,temporal,13,1,sequence,4,1982,4940,8353,1018,0.6635
g1_tmoe_coarse_1e19,g1_tmoe_coarse_1e19,1e19,temporal,13,2,sequence,4,1982,4940,8353,834,0.5357
g1_tmoe_coarse_1e19,g1_tmoe_coarse_1e19,1e19,temporal,13,3,sequence,4,1982,4940,8353,750,0.5865
g1_tmoe_coarse_1e19,g1_tmoe_coarse_1e19,1e19,temporal,13,4,sequence,4,1982,4940,8353,1053,0.7501
g1_tmoe_coarse_1e19,g1_tmoe_coarse_1e19,1e19,temporal,13,5,sequence,4,1982,4940,8353,672,0.6559
g1_tmoe_coarse_1e19,g1_tmoe_coarse_1e19,1e19,temporal,13,6,sequence,4,1982,4940,8353,931,0.7852
g1_tmoe_coarse_1e19,g1_tmoe_coarse_1e19,1e19,temporal,13,7,sequence,4,1982,4940,8353,201,0.6026
g1_tmoe_coarse_1e19,g1_tmoe_coarse_1e19,1e19,temporal,13,8,sequence,4,1982,4940,8353,711,0.5424
g1_tmoe_coarse_1e19,g1_tmoe_coarse_1e19,1e19,temporal,13,9,sequence,4,1982,4940,8353,721,0.7007
g1_tmoe_coarse_1e19,g1_tmoe_coarse_1e19,1e19,temporal,13,10,sequence,4,1982,4940,8353,1009,0.6541
g1_tmoe_coarse_1e19,g1_tmoe_coarse_1e19,1e19,temporal,13,11,sequence,4,1982,4940,8353,1017,0.6175
g1_tmoe_coarse_1e19,g1_tmoe_coarse_1e19,1e19,temporal,13,12,sequence,4,1982,4940,8353,371,0.6134
g1_tmoe_coarse_1e19,g1_tmoe_coarse_1e19,1e19,temporal,13,13,sequence,4,1982,4940,8353,504,0.6091
g1_tmoe_coarse_1e19,g1_tmoe_coarse_1e19,1e19,temporal,13,14,sequence,4,1982,4940,8353,561,0.6008
g1_tmoe_coarse_1e19,g1_tmoe_coarse_1e19,1e19,temporal,13,15,sequence,4,1982,4940,8353,474,0.5018
g1_tmoe_coarse_1e19,g1_tmoe_coarse_1e19,1e19,temporal,13,16,sequence,4,1982,4940,8353,709,0.7271
g1_tmoe_coarse_1e19,g1_tmoe_coarse_1e19,1e19,temporal,13,17,sequence,4,1982,4940,8353,731,0.5995
g1_tmoe_coarse_1e19,g1_tmoe_coarse_1e19,1e19,temporal,13,18,sequence,4,1982,4940,8353,885,0.5384
g1_tmoe_coarse_1e19,g1_tmoe_coarse_1e19,1e19,temporal,13,19,sequence,4,1982,4940,8353,769,0.6063
g1_tmoe_coarse_1e19,g1_tmoe_coarse_1e19,1e19,temporal,13,20,sequence,4,1982,4940,8353,558,0.6375
g1_tmoe_coarse_1e19,g1_tmoe_coarse_1e19,1e19,temporal,13,21,sequence,4,1982,4940,8353,1069,0.6019
g1_tmoe_coarse_1e19,g1_tmoe_coarse_1e19,1e19,temporal,13,22,sequence,4,1982,4940,8353,663,0.7523
g1_tmoe_coarse_1e19,g1_tmoe_coarse_1e19,1e19,temporal,13,23,sequence,4,1982,4940,8353,961,0.6792
g1_tmoe_coarse_1e19,g1_tmoe_coarse_1e19,1e19,temporal,13,24,sequence,4,1982,4940,8353,545,0.5923
g1_tmoe_coarse_1e19,g1_tmoe_coarse_1e19,1e19,temporal,13,25,sequence,4,1982,4940,8353,733,0.6185
g1_tmoe_coarse_1e19,g1_tmoe_coarse_1e19,1e19,temporal,13,26,sequence,4,1982,4940,8353,819,0.586
g1_tmoe_coarse_1e19,g1_tmoe_coarse_1e19,1e19,temporal,13,27,sequence,4,1982,4940,8353,394,0.5178
g1_tmoe_coarse_1e19,g1_tmoe_coarse_1e19,1e19,temporal,13,28,sequence,4,1982,4940,8353,1012,0.5742
g1_tmoe_coarse_1e19,g1_tmoe_coarse_1e19,1e19,temporal,13,29,sequence,4,1982,4940,8353,1771,0.8877
g1_tmoe_coarse_1e19,g1_tmoe_coarse_1e19,1e19,temporal,13,30,sequence,4,1982,4940,8353,810,0.6809
g1_tmoe_coarse_1e19,g1_tmoe_coarse_1e19,1e19,temporal,13,31,sequence,4,1982,4940,8353,406,0.6753
g1_tmoe_coarse_1e19,g1_tmoe_coarse_1e19,1e19,temporal,13,32,sequence,4,1982,4940,8353,681,0.6601
g1_tmoe_coarse_1e19,g1_tmoe_coarse_1e19,1e19,temporal,13,33,sequence,4,1982,4940,8353,847,0.5796
g1_tmoe_coarse_1e19,g1_tmoe_coarse_1e19,1e19,temporal,13,34,sequence,4,1982,4940,8353,592,0.6262
g1_tmoe_coarse_1e19,g1_tmoe_coarse_1e19,1e19,temporal,13,35,sequence,4,1982,4940,8353,610,0.5653
g1_tmoe_coarse_1e19,g1_tmoe_coarse_1e19,1e19,temporal,13,36,sequence,4,1982,4940,8353,784,0.564
g1_tmoe_coarse_1e19,g1_tmoe_coarse_1e19,1e19,temporal,13,37,sequence,4,1982,4940,8353,972,0.6993
g1_tmoe_coarse_1e19,g1_tmoe_coarse_1e19,1e19,temporal,13,38,sequence,4,1982,4940,8353,741,0.6153
g1_tmoe_coarse_1e19,g1_tmoe_coarse_1e19,1e19,temporal,13,39,sequence,4,1982,4940,8353,1379,0.736
g1_tmoe_coarse_1e19,g1_tmoe_coarse_1e19,1e19,temporal,13,40,sequence,4,1982,4940,8353,610,0.4975
g1_tmoe_coarse_1e19,g1_tmoe_coarse_1e19,1e19,temporal,13,41,sequence,4,1982,4940,8353,672,0.6502
g1_tmoe_coarse_1e19,g1_tmoe_coarse_1e19,1e19,temporal,13,42,sequence,4,1982,4940,8353,1083,0.5859
g1_tmoe_coarse_1e19,g1_tmoe_coarse_1e19,1e19,temporal,13,43,sequence,4,1982,4940,8353,1063,0.562
g1_tmoe_coarse_1e19,g1_tmoe_coarse_1e19,1e19,temporal,13,44,sequence,4,1982,4940,8353,766,0.5903
g1_tmoe_coarse_1e19,g1_tmoe_coarse_1e19,1e19,temporal,13,45,sequence,4,1982,4940,8353,670,0.5578
g1_tmoe_coarse_1e19,g1_tmoe_coarse_1e19,1e19,temporal,13,46,sequence,4,1982,4940,8353,910,0.65
g1_tmoe_coarse_1e19,g1_tmoe_coarse_1e19,1e19,temporal,13,47,sequence,4,1982,4940,8353,904,0.5947
g1_tmoe_coarse_1e19,g1_tmoe_coarse_1e19,1e19,temporal,13,48,sequence,4,1982,4940,8353,702,0.6372
g1_tmoe_coarse_1e19,g1_tmoe_coarse_1e19,1e19,temporal,13,49,sequence,4,1982,4940,8353,720,0.544
g1_tmoe_coarse_1e19,g1_tmoe_coarse_1e19,1e19,temporal,13,50,sequence,4,1982,4940,8353,880,0.549
g1_tmoe_coarse_1e19,g1_tmoe_coarse_1e19,1e19,temporal,13,51,sequence,4,1982,4940,8353,888,0.7296
g1_tmoe_coarse_1e19,g1_tmoe_coarse_1e19,1e19,temporal,13,52,sequence,4,1982,4940,8353,816,0.5215
g1_tmoe_coarse_1e19,g1_tmoe_coarse_1e19,1e19,temporal,13,53,sequence,4,1982,4940,8353,862,0.6105
g1_tmoe_coarse_1e19,g1_tmoe_coarse_1e19,1e19,temporal,13,54,sequence,4,1982,4940,8353,633,0.5728
g1_tmoe_coarse_1e19,g1_tmoe_coarse_1e19,1e19,temporal,13,55,sequence,4,1982,4940,8353,669,0.5424
g1_tmoe_coarse_1e19,g1_tmoe_coarse_1e19,1e19,temporal,13,56,sequence,4,1982,4940,8353,1046,0.8979
g1_tmoe_coarse_1e19,g1_tmoe_coarse_1e19,1e19,temporal,13,57,sequence,4,1982,4940,8353,477,0.5766
g1_tmoe_coarse_1e19,g1_tmoe_coarse_1e19,1e19,temporal,13,58,sequence,4,1982,4940,8353,678,0.5637
g1_tmoe_coarse_1e19,g1_tmoe_coarse_1e19,1e19,temporal,13,59,sequence,4,1982,4940,8353,662,0.5655
g1_tmoe_coarse_1e19,g1_tmoe_coarse_1e19,1e19,temporal,13,60,sequence,4,1982,4940,8353,716,0.6079
g1_tmoe_coarse_1e19,g1_tmoe_coarse_1e19,1e19,temporal,13,61,sequence,4,1982,4940,8353,670,0.6164
g1_tmoe_coarse_1e19,g1_tmoe_coarse_1e19,1e19,temporal,13,62,sequence,4,1982,4940,8353,1070,0.8286
g1_tmoe_coarse_1e19,g1_tmoe_coarse_1e19,1e19,temporal,13,63,sequence,4,1982,4940,8353,923,0.5478
g1_tmoe_coarse_1e19,g1_tmoe_coarse_1e19,1e19,temporal,14,0,sequence,0,1,6,8017,1165,0.6448
g1_tmoe_coarse_1e19,g1_tmoe_coarse_1e19,1e19,temporal,14,1,sequence,0,1,6,8017,899,0.5831
g1_tmoe_coarse_1e19,g1_tmoe_coarse_1e19,1e19,temporal,14,2,sequence,0,1,6,8017,753,0.6424
g1_tmoe_coarse_1e19,g1_tmoe_coarse_1e19,1e19,temporal,14,3,sequence,0,1,6,8017,545,0.615
g1_tmoe_coarse_1e19,g1_tmoe_coarse_1e19,1e19,temporal,14,4,sequence,0,1,6,8017,985,0.6096
g1_tmoe_coarse_1e19,g1_tmoe_coarse_1e19,1e19,temporal,14,5,sequence,0,1,6,8017,501,0.5786
g1_tmoe_coarse_1e19,g1_tmoe_coarse_1e19,1e19,temporal,14,6,sequence,0,1,6,8017,892,0.5264
g1_tmoe_coarse_1e19,g1_tmoe_coarse_1e19,1e19,temporal,14,7,sequence,0,1,6,8017,680,0.5744
g1_tmoe_coarse_1e19,g1_tmoe_coarse_1e19,1e19,temporal,14,8,sequence,0,1,6,8017,362,0.5773
g1_tmoe_coarse_1e19,g1_tmoe_coarse_1e19,1e19,temporal,14,9,sequence,0,1,6,8017,576,0.5534
g1_tmoe_coarse_1e19,g1_tmoe_coarse_1e19,1e19,temporal,14,10,sequence,0,1,6,8017,799,0.5381
g1_tmoe_coarse_1e19,g1_tmoe_coarse_1e19,1e19,temporal,14,11,sequence,0,1,6,8017,790,0.5477
g1_tmoe_coarse_1e19,g1_tmoe_coarse_1e19,1e19,temporal,14,12,sequence,0,1,6,8017,869,0.6559
g1_tmoe_coarse_1e19,g1_tmoe_coarse_1e19,1e19,temporal,14,13,sequence,0,1,6,8017,455,0.5214
g1_tmoe_coarse_1e19,g1_tmoe_coarse_1e19,1e19,temporal,14,14,sequence,0,1,6,8017,1254,0.665
g1_tmoe_coarse_1e19,g1_tmoe_coarse_1e19,1e19,temporal,14,15,sequence,0,1,6,8017,874,0.6275
g1_tmoe_coarse_1e19,g1_tmoe_coarse_1e19,1e19,temporal,14,16,sequence,0,1,6,8017,638,0.5734
g1_tmoe_coarse_1e19,g1_tmoe_coarse_1e19,1e19,temporal,14,17,sequence,0,1,6,8017,796,0.5714
g1_tmoe_coarse_1e19,g1_tmoe_coarse_1e19,1e19,temporal,14,18,sequence,0,1,6,8017,651,0.603
g1_tmoe_coarse_1e19,g1_tmoe_coarse_1e19,1e19,temporal,14,19,sequence,0,1,6,8017,814,0.5374
g1_tmoe_coarse_1e19,g1_tmoe_coarse_1e19,1e19,temporal,14,20,sequence,0,1,6,8017,923,0.5973
g1_tmoe_coarse_1e19,g1_tmoe_coarse_1e19,1e19,temporal,14,21,sequence,0,1,6,8017,461,0.5868
g1_tmoe_coarse_1e19,g1_tmoe_coarse_1e19,1e19,temporal,14,22,sequence,0,1,6,8017,448,0.6038
g1_tmoe_coarse_1e19,g1_tmoe_coarse_1e19,1e19,temporal,14,23,sequence,0,1,6,8017,799,0.6151
g1_tmoe_coarse_1e19,g1_tmoe_coarse_1e19,1e19,temporal,14,24,sequence,0,1,6,8017,1032,0.6083
g1_tmoe_coarse_1e19,g1_tmoe_coarse_1e19,1e19,temporal,14,25,sequence,0,1,6,8017,877,0.5793
g1_tmoe_coarse_1e19,g1_tmoe_coarse_1e19,1e19,temporal,14,26,sequence,0,1,6,8017,521,0.5393
g1_tmoe_coarse_1e19,g1_tmoe_coarse_1e19,1e19,temporal,14,27,sequence,0,1,6,8017,1013,0.6343
g1_tmoe_coarse_1e19,g1_tmoe_coarse_1e19,1e19,temporal,14,28,sequence,0,1,6,8017,665,0.5228
g1_tmoe_coarse_1e19,g1_tmoe_coarse_1e19,1e19,temporal,14,29,sequence,0,1,6,8017,690,0.5142
g1_tmoe_coarse_1e19,g1_tmoe_coarse_1e19,1e19,temporal,14,30,sequence,0,1,6,8017,581,0.6525
g1_tmoe_coarse_1e19,g1_tmoe_coarse_1e19,1e19,temporal,14,31,sequence,0,1,6,8017,571,0.5639
g1_tmoe_coarse_1e19,g1_tmoe_coarse_1e19,1e19,temporal,14,32,sequence,0,1,6,8017,663,0.5651
g1_tmoe_coarse_1e19,g1_tmoe_coarse_1e19,1e19,temporal,14,33,sequence,0,1,6,8017,433,0.6528
g1_tmoe_coarse_1e19,g1_tmoe_coarse_1e19,1e19,temporal,14,34,sequence,0,1,6,8017,806,0.6094
g1_tmoe_coarse_1e19,g1_tmoe_coarse_1e19,1e19,temporal,14,35,sequence,0,1,6,8017,639,0.5915
g1_tmoe_coarse_1e19,g1_tmoe_coarse_1e19,1e19,temporal,14,36,sequence,0,1,6,8017,707,0.5809
g1_tmoe_coarse_1e19,g1_tmoe_coarse_1e19,1e19,temporal,14,37,sequence,0,1,6,8017,927,0.6256
g1_tmoe_coarse_1e19,g1_tmoe_coarse_1e19,1e19,temporal,14,38,sequence,0,1,6,8017,687,0.5772
g1_tmoe_coarse_1e19,g1_tmoe_coarse_1e19,1e19,temporal,14,39,sequence,0,1,6,8017,602,0.5626
g1_tmoe_coarse_1e19,g1_tmoe_coarse_1e19,1e19,temporal,14,40,sequence,0,1,6,8017,589,0.5656
g1_tmoe_coarse_1e19,g1_tmoe_coarse_1e19,1e19,temporal,14,41,sequence,0,1,6,8017,787,0.6225
g1_tmoe_coarse_1e19,g1_tmoe_coarse_1e19,1e19,temporal,14,42,sequence,0,1,6,8017,720,0.5556
g1_tmoe_coarse_1e19,g1_tmoe_coarse_1e19,1e19,temporal,14,43,sequence,0,1,6,8017,889,0.5987
g1_tmoe_coarse_1e19,g1_tmoe_coarse_1e19,1e19,temporal,14,44,sequence,0,1,6,8017,949,0.5765
g1_tmoe_coarse_1e19,g1_tmoe_coarse_1e19,1e19,temporal,14,45,sequence,0,1,6,8017,812,0.6067
g1_tmoe_coarse_1e19,g1_tmoe_coarse_1e19,1e19,temporal,14,46,sequence,0,1,6,8017,610,0.6525
g1_tmoe_coarse_1e19,g1_tmoe_coarse_1e19,1e19,temporal,14,47,sequence,0,1,6,8017,640,0.6165
g1_tmoe_coarse_1e19,g1_tmoe_coarse_1e19,1e19,temporal,14,48,sequence,0,1,6,8017,635,0.5573
g1_tmoe_coarse_1e19,g1_tmoe_coarse_1e19,1e19,temporal,14,49,sequence,0,1,6,8017,660,0.6061
g1_tmoe_coarse_1e19,g1_tmoe_coarse_1e19,1e19,temporal,14,50,sequence,0,1,6,8017,710,0.5407
g1_tmoe_coarse_1e19,g1_tmoe_coarse_1e19,1e19,temporal,14,51,sequence,0,1,6,8017,922,0.6372
g1_tmoe_coarse_1e19,g1_tmoe_coarse_1e19,1e19,temporal,14,52,sequence,0,1,6,8017,1153,0.5722
g1_tmoe_coarse_1e19,g1_tmoe_coarse_1e19,1e19,temporal,14,53,sequence,0,1,6,8017,831,0.5982
g1_tmoe_coarse_1e19,g1_tmoe_coarse_1e19,1e19,temporal,14,54,sequence,0,1,6,8017,367,0.6487
g1_tmoe_coarse_1e19,g1_tmoe_coarse_1e19,1e19,temporal,14,55,sequence,0,1,6,8017,585,0.6316
g1_tmoe_coarse_1e19,g1_tmoe_coarse_1e19,1e19,temporal,14,56,sequence,0,1,6,8017,1220,0.5726
g1_tmoe_coarse_1e19,g1_tmoe_coarse_1e19,1e19,temporal,14,57,sequence,0,1,6,8017,926,0.5685
g1_tmoe_coarse_1e19,g1_tmoe_coarse_1e19,1e19,temporal,14,58,sequence,0,1,6,8017,1002,0.5678
g1_tmoe_coarse_1e19,g1_tmoe_coarse_1e19,1e19,temporal,14,59,sequence,0,1,6,8017,804,0.566
g1_tmoe_coarse_1e19,g1_tmoe_coarse_1e19,1e19,temporal,14,60,sequence,0,1,6,8017,589,0.5671
g1_tmoe_coarse_1e19,g1_tmoe_coarse_1e19,1e19,temporal,14,61,sequence,0,1,6,8017,915,0.553
g1_tmoe_coarse_1e19,g1_tmoe_coarse_1e19,1e19,temporal,14,62,sequence,0,1,6,8017,653,0.5246
g1_tmoe_coarse_1e19,g1_tmoe_coarse_1e19,1e19,temporal,14,63,sequence,0,1,6,8017,791,0.6276
g1_tmoe_coarse_1e19,g1_tmoe_coarse_1e19,1e19,temporal,14,0,sequence,1,6,32,7862,975,0.6648
g1_tmoe_coarse_1e19,g1_tmoe_coarse_1e19,1e19,temporal,14,1,sequence,1,6,32,7862,1093,0.6138
g1_tmoe_coarse_1e19,g1_tmoe_coarse_1e19,1e19,temporal,14,2,sequence,1,6,32,7862,555,0.6805
g1_tmoe_coarse_1e19,g1_tmoe_coarse_1e19,1e19,temporal,14,3,sequence,1,6,32,7862,453,0.6359
g1_tmoe_coarse_1e19,g1_tmoe_coarse_1e19,1e19,temporal,14,4,sequence,1,6,32,7862,715,0.6038
g1_tmoe_coarse_1e19,g1_tmoe_coarse_1e19,1e19,temporal,14,5,sequence,1,6,32,7862,574,0.6229
g1_tmoe_coarse_1e19,g1_tmoe_coarse_1e19,1e19,temporal,14,6,sequence,1,6,32,7862,1031,0.5624
g1_tmoe_coarse_1e19,g1_tmoe_coarse_1e19,1e19,temporal,14,7,sequence,1,6,32,7862,785,0.591
g1_tmoe_coarse_1e19,g1_tmoe_coarse_1e19,1e19,temporal,14,8,sequence,1,6,32,7862,302,0.5904
g1_tmoe_coarse_1e19,g1_tmoe_coarse_1e19,1e19,temporal,14,9,sequence,1,6,32,7862,764,0.5954
g1_tmoe_coarse_1e19,g1_tmoe_coarse_1e19,1e19,temporal,14,10,sequence,1,6,32,7862,762,0.5754
g1_tmoe_coarse_1e19,g1_tmoe_coarse_1e19,1e19,temporal,14,11,sequence,1,6,32,7862,827,0.5899
g1_tmoe_coarse_1e19,g1_tmoe_coarse_1e19,1e19,temporal,14,12,sequence,1,6,32,7862,735,0.6433
g1_tmoe_coarse_1e19,g1_tmoe_coarse_1e19,1e19,temporal,14,13,sequence,1,6,32,7862,509,0.5637
g1_tmoe_coarse_1e19,g1_tmoe_coarse_1e19,1e19,temporal,14,14,sequence,1,6,32,7862,793,0.7114
g1_tmoe_coarse_1e19,g1_tmoe_coarse_1e19,1e19,temporal,14,15,sequence,1,6,32,7862,947,0.6209
g1_tmoe_coarse_1e19,g1_tmoe_coarse_1e19,1e19,temporal,14,16,sequence,1,6,32,7862,568,0.6885
g1_tmoe_coarse_1e19,g1_tmoe_coarse_1e19,1e19,temporal,14,17,sequence,1,6,32,7862,879,0.6102
g1_tmoe_coarse_1e19,g1_tmoe_coarse_1e19,1e19,temporal,14,18,sequence,1,6,32,7862,518,0.6447
g1_tmoe_coarse_1e19,g1_tmoe_coarse_1e19,1e19,temporal,14,19,sequence,1,6,32,7862,719,0.5823
g1_tmoe_coarse_1e19,g1_tmoe_coarse_1e19,1e19,temporal,14,20,sequence,1,6,32,7862,855,0.6096
g1_tmoe_coarse_1e19,g1_tmoe_coarse_1e19,1e19,temporal,14,21,sequence,1,6,32,7862,395,0.609
g1_tmoe_coarse_1e19,g1_tmoe_coarse_1e19,1e19,temporal,14,22,sequence,1,6,32,7862,431,0.6072
g1_tmoe_coarse_1e19,g1_tmoe_coarse_1e19,1e19,temporal,14,23,sequence,1,6,32,7862,901,0.662
g1_tmoe_coarse_1e19,g1_tmoe_coarse_1e19,1e19,temporal,14,24,sequence,1,6,32,7862,1119,0.6478
g1_tmoe_coarse_1e19,g1_tmoe_coarse_1e19,1e19,temporal,14,25,sequence,1,6,32,7862,738,0.5949
g1_tmoe_coarse_1e19,g1_tmoe_coarse_1e19,1e19,temporal,14,26,sequence,1,6,32,7862,688,0.5961
g1_tmoe_coarse_1e19,g1_tmoe_coarse_1e19,1e19,temporal,14,27,sequence,1,6,32,7862,806,0.6305
g1_tmoe_coarse_1e19,g1_tmoe_coarse_1e19,1e19,temporal,14,28,sequence,1,6,32,7862,724,0.5282
g1_tmoe_coarse_1e19,g1_tmoe_coarse_1e19,1e19,temporal,14,29,sequence,1,6,32,7862,714,0.5695
g1_tmoe_coarse_1e19,g1_tmoe_coarse_1e19,1e19,temporal,14,30,sequence,1,6,32,7862,529,0.6577
g1_tmoe_coarse_1e19,g1_tmoe_coarse_1e19,1e19,temporal,14,31,sequence,1,6,32,7862,728,0.6062
g1_tmoe_coarse_1e19,g1_tmoe_coarse_1e19,1e19,temporal,14,32,sequence,1,6,32,7862,746,0.6022
g1_tmoe_coarse_1e19,g1_tmoe_coarse_1e19,1e19,temporal,14,33,sequence,1,6,32,7862,374,0.6366
g1_tmoe_coarse_1e19,g1_tmoe_coarse_1e19,1e19,temporal,14,34,sequence,1,6,32,7862,811,0.6489
g1_tmoe_coarse_1e19,g1_tmoe_coarse_1e19,1e19,temporal,14,35,sequence,1,6,32,7862,615,0.5876
g1_tmoe_coarse_1e19,g1_tmoe_coarse_1e19,1e19,temporal,14,36,sequence,1,6,32,7862,661,0.6047
g1_tmoe_coarse_1e19,g1_tmoe_coarse_1e19,1e19,temporal,14,37,sequence,1,6,32,7862,913,0.6822
g1_tmoe_coarse_1e19,g1_tmoe_coarse_1e19,1e19,temporal,14,38,sequence,1,6,32,7862,804,0.6168
g1_tmoe_coarse_1e19,g1_tmoe_coarse_1e19,1e19,temporal,14,39,sequence,1,6,32,7862,648,0.5917
g1_tmoe_coarse_1e19,g1_tmoe_coarse_1e19,1e19,temporal,14,40,sequence,1,6,32,7862,756,0.6029
g1_tmoe_coarse_1e19,g1_tmoe_coarse_1e19,1e19,temporal,14,41,sequence,1,6,32,7862,584,0.6091
g1_tmoe_coarse_1e19,g1_tmoe_coarse_1e19,1e19,temporal,14,42,sequence,1,6,32,7862,752,0.5977
g1_tmoe_coarse_1e19,g1_tmoe_coarse_1e19,1e19,temporal,14,43,sequence,1,6,32,7862,725,0.68
g1_tmoe_coarse_1e19,g1_tmoe_coarse_1e19,1e19,temporal,14,44,sequence,1,6,32,7862,1054,0.6198
g1_tmoe_coarse_1e19,g1_tmoe_coarse_1e19,1e19,temporal,14,45,sequence,1,6,32,7862,731,0.6354
g1_tmoe_coarse_1e19,g1_tmoe_coarse_1e19,1e19,temporal,14,46,sequence,1,6,32,7862,554,0.6662
g1_tmoe_coarse_1e19,g1_tmoe_coarse_1e19,1e19,temporal,14,47,sequence,1,6,32,7862,633,0.5908
g1_tmoe_coarse_1e19,g1_tmoe_coarse_1e19,1e19,temporal,14,48,sequence,1,6,32,7862,703,0.5704
g1_tmoe_coarse_1e19,g1_tmoe_coarse_1e19,1e19,temporal,14,49,sequence,1,6,32,7862,654,0.6448
g1_tmoe_coarse_1e19,g1_tmoe_coarse_1e19,1e19,temporal,14,50,sequence,1,6,32,7862,672,0.5549
g1_tmoe_coarse_1e19,g1_tmoe_coarse_1e19,1e19,temporal,14,51,sequence,1,6,32,7862,779,0.6126
g1_tmoe_coarse_1e19,g1_tmoe_coarse_1e19,1e19,temporal,14,52,sequence,1,6,32,7862,1126,0.5725
g1_tmoe_coarse_1e19,g1_tmoe_coarse_1e19,1e19,temporal,14,53,sequence,1,6,32,7862,871,0.6085
g1_tmoe_coarse_1e19,g1_tmoe_coarse_1e19,1e19,temporal,14,54,sequence,1,6,32,7862,374,0.6173
g1_tmoe_coarse_1e19,g1_tmoe_coarse_1e19,1e19,temporal,14,55,sequence,1,6,32,7862,537,0.6022
g1_tmoe_coarse_1e19,g1_tmoe_coarse_1e19,1e19,temporal,14,56,sequence,1,6,32,7862,1142,0.5803
g1_tmoe_coarse_1e19,g1_tmoe_coarse_1e19,1e19,temporal,14,57,sequence,1,6,32,7862,921,0.5649
g1_tmoe_coarse_1e19,g1_tmoe_coarse_1e19,1e19,temporal,14,58,sequence,1,6,32,7862,1181,0.593
g1_tmoe_coarse_1e19,g1_tmoe_coarse_1e19,1e19,temporal,14,59,sequence,1,6,32,7862,763,0.5858
g1_tmoe_coarse_1e19,g1_tmoe_coarse_1e19,1e19,temporal,14,60,sequence,1,6,32,7862,487,0.5446
g1_tmoe_coarse_1e19,g1_tmoe_coarse_1e19,1e19,temporal,14,61,sequence,1,6,32,7862,754,0.6303
g1_tmoe_coarse_1e19,g1_tmoe_coarse_1e19,1e19,temporal,14,62,sequence,1,6,32,7862,739,0.5462
g1_tmoe_coarse_1e19,g1_tmoe_coarse_1e19,1e19,temporal,14,63,sequence,1,6,32,7862,976,0.6445
g1_tmoe_coarse_1e19,g1_tmoe_coarse_1e19,1e19,temporal,14,0,sequence,2,32,221,7697,727,0.7083
g1_tmoe_coarse_1e19,g1_tmoe_coarse_1e19,1e19,temporal,14,1,sequence,2,32,221,7697,1046,0.6692
g1_tmoe_coarse_1e19,g1_tmoe_coarse_1e19,1e19,temporal,14,2,sequence,2,32,221,7697,323,0.6213
g1_tmoe_coarse_1e19,g1_tmoe_coarse_1e19,1e19,temporal,14,3,sequence,2,32,221,7697,350,0.7165
g1_tmoe_coarse_1e19,g1_tmoe_coarse_1e19,1e19,temporal,14,4,sequence,2,32,221,7697,590,0.5909
g1_tmoe_coarse_1e19,g1_tmoe_coarse_1e19,1e19,temporal,14,5,sequence,2,32,221,7697,735,0.6656
g1_tmoe_coarse_1e19,g1_tmoe_coarse_1e19,1e19,temporal,14,6,sequence,2,32,221,7697,699,0.6626
g1_tmoe_coarse_1e19,g1_tmoe_coarse_1e19,1e19,temporal,14,7,sequence,2,32,221,7697,783,0.667
g1_tmoe_coarse_1e19,g1_tmoe_coarse_1e19,1e19,temporal,14,8,sequence,2,32,221,7697,345,0.6361
g1_tmoe_coarse_1e19,g1_tmoe_coarse_1e19,1e19,temporal,14,9,sequence,2,32,221,7697,1151,0.6729
g1_tmoe_coarse_1e19,g1_tmoe_coarse_1e19,1e19,temporal,14,10,sequence,2,32,221,7697,973,0.6804
g1_tmoe_coarse_1e19,g1_tmoe_coarse_1e19,1e19,temporal,14,11,sequence,2,32,221,7697,1199,0.6831
g1_tmoe_coarse_1e19,g1_tmoe_coarse_1e19,1e19,temporal,14,12,sequence,2,32,221,7697,599,0.6159
g1_tmoe_coarse_1e19,g1_tmoe_coarse_1e19,1e19,temporal,14,13,sequence,2,32,221,7697,659,0.631
g1_tmoe_coarse_1e19,g1_tmoe_coarse_1e19,1e19,temporal,14,14,sequence,2,32,221,7697,456,0.6836
g1_tmoe_coarse_1e19,g1_tmoe_coarse_1e19,1e19,temporal,14,15,sequence,2,32,221,7697,775,0.6016
g1_tmoe_coarse_1e19,g1_tmoe_coarse_1e19,1e19,temporal,14,16,sequence,2,32,221,7697,515,0.755
g1_tmoe_coarse_1e19,g1_tmoe_coarse_1e19,1e19,temporal,14,17,sequence,2,32,221,7697,1473,0.7422
g1_tmoe_coarse_1e19,g1_tmoe_coarse_1e19,1e19,temporal,14,18,sequence,2,32,221,7697,496,0.7263
g1_tmoe_coarse_1e19,g1_tmoe_coarse_1e19,1e19,temporal,14,19,sequence,2,32,221,7697,722,0.6967
g1_tmoe_coarse_1e19,g1_tmoe_coarse_1e19,1e19,temporal,14,20,sequence,2,32,221,7697,707,0.6571
g1_tmoe_coarse_1e19,g1_tmoe_coarse_1e19,1e19,temporal,14,21,sequence,2,32,221,7697,401,0.5764
g1_tmoe_coarse_1e19,g1_tmoe_coarse_1e19,1e19,temporal,14,22,sequence,2,32,221,7697,373,0.5753
g1_tmoe_coarse_1e19,g1_tmoe_coarse_1e19,1e19,temporal,14,23,sequence,2,32,221,7697,1041,0.7433
g1_tmoe_coarse_1e19,g1_tmoe_coarse_1e19,1e19,temporal,14,24,sequence,2,32,221,7697,1228,0.6916
g1_tmoe_coarse_1e19,g1_tmoe_coarse_1e19,1e19,temporal,14,25,sequence,2,32,221,7697,619,0.5904
g1_tmoe_coarse_1e19,g1_tmoe_coarse_1e19,1e19,temporal,14,26,sequence,2,32,221,7697,910,0.6154
g1_tmoe_coarse_1e19,g1_tmoe_coarse_1e19,1e19,temporal,14,27,sequence,2,32,221,7697,620,0.6206
g1_tmoe_coarse_1e19,g1_tmoe_coarse_1e19,1e19,temporal,14,28,sequence,2,32,221,7697,960,0.6296
g1_tmoe_coarse_1e19,g1_tmoe_coarse_1e19,1e19,temporal,14,29,sequence,2,32,221,7697,883,0.582
g1_tmoe_coarse_1e19,g1_tmoe_coarse_1e19,1e19,temporal,14,30,sequence,2,32,221,7697,443,0.6591
g1_tmoe_coarse_1e19,g1_tmoe_coarse_1e19,1e19,temporal,14,31,sequence,2,32,221,7697,794,0.6345
g1_tmoe_coarse_1e19,g1_tmoe_coarse_1e19,1e19,temporal,14,32,sequence,2,32,221,7697,1119,0.7105
g1_tmoe_coarse_1e19,g1_tmoe_coarse_1e19,1e19,temporal,14,33,sequence,2,32,221,7697,308,0.6024
g1_tmoe_coarse_1e19,g1_tmoe_coarse_1e19,1e19,temporal,14,34,sequence,2,32,221,7697,535,0.5886
g1_tmoe_coarse_1e19,g1_tmoe_coarse_1e19,1e19,temporal,14,35,sequence,2,32,221,7697,586,0.6047
g1_tmoe_coarse_1e19,g1_tmoe_coarse_1e19,1e19,temporal,14,36,sequence,2,32,221,7697,631,0.5858
g1_tmoe_coarse_1e19,g1_tmoe_coarse_1e19,1e19,temporal,14,37,sequence,2,32,221,7697,510,0.6561
g1_tmoe_coarse_1e19,g1_tmoe_coarse_1e19,1e19,temporal,14,38,sequence,2,32,221,7697,1160,0.6972
g1_tmoe_coarse_1e19,g1_tmoe_coarse_1e19,1e19,temporal,14,39,sequence,2,32,221,7697,783,0.6432
g1_tmoe_coarse_1e19,g1_tmoe_coarse_1e19,1e19,temporal,14,40,sequence,2,32,221,7697,1206,0.6787
g1_tmoe_coarse_1e19,g1_tmoe_coarse_1e19,1e19,temporal,14,41,sequence,2,32,221,7697,418,0.5924
g1_tmoe_coarse_1e19,g1_tmoe_coarse_1e19,1e19,temporal,14,42,sequence,2,32,221,7697,708,0.5875
g1_tmoe_coarse_1e19,g1_tmoe_coarse_1e19,1e19,temporal,14,43,sequence,2,32,221,7697,538,0.7485
g1_tmoe_coarse_1e19,g1_tmoe_coarse_1e19,1e19,temporal,14,44,sequence,2,32,221,7697,979,0.6658
g1_tmoe_coarse_1e19,g1_tmoe_coarse_1e19,1e19,temporal,14,45,sequence,2,32,221,7697,582,0.7143
g1_tmoe_coarse_1e19,g1_tmoe_coarse_1e19,1e19,temporal,14,46,sequence,2,32,221,7697,300,0.6074
g1_tmoe_coarse_1e19,g1_tmoe_coarse_1e19,1e19,temporal,14,47,sequence,2,32,221,7697,414,0.582
g1_tmoe_coarse_1e19,g1_tmoe_coarse_1e19,1e19,temporal,14,48,sequence,2,32,221,7697,990,0.6381
g1_tmoe_coarse_1e19,g1_tmoe_coarse_1e19,1e19,temporal,14,49,sequence,2,32,221,7697,534,0.6339
g1_tmoe_coarse_1e19,g1_tmoe_coarse_1e19,1e19,temporal,14,50,sequence,2,32,221,7697,651,0.5734
g1_tmoe_coarse_1e19,g1_tmoe_coarse_1e19,1e19,temporal,14,51,sequence,2,32,221,7697,625,0.5923
g1_tmoe_coarse_1e19,g1_tmoe_coarse_1e19,1e19,temporal,14,52,sequence,2,32,221,7697,993,0.6396
g1_tmoe_coarse_1e19,g1_tmoe_coarse_1e19,1e19,temporal,14,53,sequence,2,32,221,7697,717,0.6356
g1_tmoe_coarse_1e19,g1_tmoe_coarse_1e19,1e19,temporal,14,54,sequence,2,32,221,7697,289,0.6017
g1_tmoe_coarse_1e19,g1_tmoe_coarse_1e19,1e19,temporal,14,55,sequence,2,32,221,7697,442,0.6981
g1_tmoe_coarse_1e19,g1_tmoe_coarse_1e19,1e19,temporal,14,56,sequence,2,32,221,7697,942,0.7247
g1_tmoe_coarse_1e19,g1_tmoe_coarse_1e19,1e19,temporal,14,57,sequence,2,32,221,7697,1035,0.6706
g1_tmoe_coarse_1e19,g1_tmoe_coarse_1e19,1e19,temporal,14,58,sequence,2,32,221,7697,1234,0.6442
g1_tmoe_coarse_1e19,g1_tmoe_coarse_1e19,1e19,temporal,14,59,sequence,2,32,221,7697,565,0.5788
g1_tmoe_coarse_1e19,g1_tmoe_coarse_1e19,1e19,temporal,14,60,sequence,2,32,221,7697,414,0.5925
g1_tmoe_coarse_1e19,g1_tmoe_coarse_1e19,1e19,temporal,14,61,sequence,2,32,221,7697,560,0.7084
g1_tmoe_coarse_1e19,g1_tmoe_coarse_1e19,1e19,temporal,14,62,sequence,2,32,221,7697,865,0.6752
g1_tmoe_coarse_1e19,g1_tmoe_coarse_1e19,1e19,temporal,14,63,sequence,2,32,221,7697,954,0.6719
g1_tmoe_coarse_1e19,g1_tmoe_coarse_1e19,1e19,temporal,14,0,sequence,3,238,1429,6983,548,0.6214
g1_tmoe_coarse_1e19,g1_tmoe_coarse_1e19,1e19,temporal,14,1,sequence,3,238,1429,6983,765,0.6279
g1_tmoe_coarse_1e19,g1_tmoe_coarse_1e19,1e19,temporal,14,2,sequence,3,238,1429,6983,342,0.7186
g1_tmoe_coarse_1e19,g1_tmoe_coarse_1e19,1e19,temporal,14,3,sequence,3,238,1429,6983,186,0.5441
g1_tmoe_coarse_1e19,g1_tmoe_coarse_1e19,1e19,temporal,14,4,sequence,3,238,1429,6983,545,0.6122
g1_tmoe_coarse_1e19,g1_tmoe_coarse_1e19,1e19,temporal,14,5,sequence,3,238,1429,6983,859,0.6997
g1_tmoe_coarse_1e19,g1_tmoe_coarse_1e19,1e19,temporal,14,6,sequence,3,238,1429,6983,667,0.6901
g1_tmoe_coarse_1e19,g1_tmoe_coarse_1e19,1e19,temporal,14,7,sequence,3,238,1429,6983,700,0.6073
g1_tmoe_coarse_1e19,g1_tmoe_coarse_1e19,1e19,temporal,14,8,sequence,3,238,1429,6983,284,0.6322
g1_tmoe_coarse_1e19,g1_tmoe_coarse_1e19,1e19,temporal,14,9,sequence,3,238,1429,6983,988,0.6663
g1_tmoe_coarse_1e19,g1_tmoe_coarse_1e19,1e19,temporal,14,10,sequence,3,238,1429,6983,810,0.6824
g1_tmoe_coarse_1e19,g1_tmoe_coarse_1e19,1e19,temporal,14,11,sequence,3,238,1429,6983,780,0.6303
g1_tmoe_coarse_1e19,g1_tmoe_coarse_1e19,1e19,temporal,14,12,sequence,3,238,1429,6983,568,0.5605
g1_tmoe_coarse_1e19,g1_tmoe_coarse_1e19,1e19,temporal,14,13,sequence,3,238,1429,6983,684,0.6561
g1_tmoe_coarse_1e19,g1_tmoe_coarse_1e19,1e19,temporal,14,14,sequence,3,238,1429,6983,233,0.6062
g1_tmoe_coarse_1e19,g1_tmoe_coarse_1e19,1e19,temporal,14,15,sequence,3,238,1429,6983,769,0.5749
g1_tmoe_coarse_1e19,g1_tmoe_coarse_1e19,1e19,temporal,14,16,sequence,3,238,1429,6983,478,0.8615
g1_tmoe_coarse_1e19,g1_tmoe_coarse_1e19,1e19,temporal,14,17,sequence,3,238,1429,6983,1357,0.8235
g1_tmoe_coarse_1e19,g1_tmoe_coarse_1e19,1e19,temporal,14,18,sequence,3,238,1429,6983,441,0.8548
g1_tmoe_coarse_1e19,g1_tmoe_coarse_1e19,1e19,temporal,14,19,sequence,3,238,1429,6983,1050,0.7982
g1_tmoe_coarse_1e19,g1_tmoe_coarse_1e19,1e19,temporal,14,20,sequence,3,238,1429,6983,634,0.6505
g1_tmoe_coarse_1e19,g1_tmoe_coarse_1e19,1e19,temporal,14,21,sequence,3,238,1429,6983,381,0.5261
g1_tmoe_coarse_1e19,g1_tmoe_coarse_1e19,1e19,temporal,14,22,sequence,3,238,1429,6983,402,0.5808
g1_tmoe_coarse_1e19,g1_tmoe_coarse_1e19,1e19,temporal,14,23,sequence,3,238,1429,6983,533,0.6403
g1_tmoe_coarse_1e19,g1_tmoe_coarse_1e19,1e19,temporal,14,24,sequence,3,238,1429,6983,1018,0.7123
g1_tmoe_coarse_1e19,g1_tmoe_coarse_1e19,1e19,temporal,14,25,sequence,3,238,1429,6983,637,0.5846
g1_tmoe_coarse_1e19,g1_tmoe_coarse_1e19,1e19,temporal,14,26,sequence,3,238,1429,6983,997,0.7254
g1_tmoe_coarse_1e19,g1_tmoe_coarse_1e19,1e19,temporal,14,27,sequence,3,238,1429,6983,613,0.6223
g1_tmoe_coarse_1e19,g1_tmoe_coarse_1e19,1e19,temporal,14,28,sequence,3,238,1429,6983,935,0.7019
g1_tmoe_coarse_1e19,g1_tmoe_coarse_1e19,1e19,temporal,14,29,sequence,3,238,1429,6983,870,0.6163
g1_tmoe_coarse_1e19,g1_tmoe_coarse_1e19,1e19,temporal,14,30,sequence,3,238,1429,6983,421,0.6368
g1_tmoe_coarse_1e19,g1_tmoe_coarse_1e19,1e19,temporal,14,31,sequence,3,238,1429,6983,950,0.7191
g1_tmoe_coarse_1e19,g1_tmoe_coarse_1e19,1e19,temporal,14,32,sequence,3,238,1429,6983,899,0.7482
g1_tmoe_coarse_1e19,g1_tmoe_coarse_1e19,1e19,temporal,14,33,sequence,3,238,1429,6983,304,0.5833
g1_tmoe_coarse_1e19,g1_tmoe_coarse_1e19,1e19,temporal,14,34,sequence,3,238,1429,6983,592,0.6067
g1_tmoe_coarse_1e19,g1_tmoe_coarse_1e19,1e19,temporal,14,35,sequence,3,238,1429,6983,587,0.6632
g1_tmoe_coarse_1e19,g1_tmoe_coarse_1e19,1e19,temporal,14,36,sequence,3,238,1429,6983,606,0.6093
g1_tmoe_coarse_1e19,g1_tmoe_coarse_1e19,1e19,temporal,14,37,sequence,3,238,1429,6983,490,0.7047
g1_tmoe_coarse_1e19,g1_tmoe_coarse_1e19,1e19,temporal,14,38,sequence,3,238,1429,6983,1076,0.6916
g1_tmoe_coarse_1e19,g1_tmoe_coarse_1e19,1e19,temporal,14,39,sequence,3,238,1429,6983,580,0.6451
g1_tmoe_coarse_1e19,g1_tmoe_coarse_1e19,1e19,temporal,14,40,sequence,3,238,1429,6983,1110,0.7002
g1_tmoe_coarse_1e19,g1_tmoe_coarse_1e19,1e19,temporal,14,41,sequence,3,238,1429,6983,416,0.5928
g1_tmoe_coarse_1e19,g1_tmoe_coarse_1e19,1e19,temporal,14,42,sequence,3,238,1429,6983,557,0.6009
g1_tmoe_coarse_1e19,g1_tmoe_coarse_1e19,1e19,temporal,14,43,sequence,3,238,1429,6983,369,0.7502
g1_tmoe_coarse_1e19,g1_tmoe_coarse_1e19,1e19,temporal,14,44,sequence,3,238,1429,6983,990,0.6525
g1_tmoe_coarse_1e19,g1_tmoe_coarse_1e19,1e19,temporal,14,45,sequence,3,238,1429,6983,408,0.7147
g1_tmoe_coarse_1e19,g1_tmoe_coarse_1e19,1e19,temporal,14,46,sequence,3,238,1429,6983,260,0.5929
g1_tmoe_coarse_1e19,g1_tmoe_coarse_1e19,1e19,temporal,14,47,sequence,3,238,1429,6983,432,0.5818
g1_tmoe_coarse_1e19,g1_tmoe_coarse_1e19,1e19,temporal,14,48,sequence,3,238,1429,6983,925,0.6679
g1_tmoe_coarse_1e19,g1_tmoe_coarse_1e19,1e19,temporal,14,49,sequence,3,238,1429,6983,562,0.6691
g1_tmoe_coarse_1e19,g1_tmoe_coarse_1e19,1e19,temporal,14,50,sequence,3,238,1429,6983,645,0.6096
g1_tmoe_coarse_1e19,g1_tmoe_coarse_1e19,1e19,temporal,14,51,sequence,3,238,1429,6983,573,0.5574
g1_tmoe_coarse_1e19,g1_tmoe_coarse_1e19,1e19,temporal,14,52,sequence,3,238,1429,6983,978,0.5994
g1_tmoe_coarse_1e19,g1_tmoe_coarse_1e19,1e19,temporal,14,53,sequence,3,238,1429,6983,721,0.6798
g1_tmoe_coarse_1e19,g1_tmoe_coarse_1e19,1e19,temporal,14,54,sequence,3,238,1429,6983,311,0.6163
g1_tmoe_coarse_1e19,g1_tmoe_coarse_1e19,1e19,temporal,14,55,sequence,3,238,1429,6983,411,0.7439
g1_tmoe_coarse_1e19,g1_tmoe_coarse_1e19,1e19,temporal,14,56,sequence,3,238,1429,6983,751,0.7359
g1_tmoe_coarse_1e19,g1_tmoe_coarse_1e19,1e19,temporal,14,57,sequence,3,238,1429,6983,1024,0.6848
g1_tmoe_coarse_1e19,g1_tmoe_coarse_1e19,1e19,temporal,14,58,sequence,3,238,1429,6983,1048,0.601
g1_tmoe_coarse_1e19,g1_tmoe_coarse_1e19,1e19,temporal,14,59,sequence,3,238,1429,6983,515,0.5843
g1_tmoe_coarse_1e19,g1_tmoe_coarse_1e19,1e19,temporal,14,60,sequence,3,238,1429,6983,339,0.6051
g1_tmoe_coarse_1e19,g1_tmoe_coarse_1e19,1e19,temporal,14,61,sequence,3,238,1429,6983,515,0.8009
g1_tmoe_coarse_1e19,g1_tmoe_coarse_1e19,1e19,temporal,14,62,sequence,3,238,1429,6983,769,0.6883
g1_tmoe_coarse_1e19,g1_tmoe_coarse_1e19,1e19,temporal,14,63,sequence,3,238,1429,6983,690,0.6142
g1_tmoe_coarse_1e19,g1_tmoe_coarse_1e19,1e19,temporal,14,0,sequence,4,1982,4940,8353,898,0.5922
g1_tmoe_coarse_1e19,g1_tmoe_coarse_1e19,1e19,temporal,14,1,sequence,4,1982,4940,8353,1223,0.6098
g1_tmoe_coarse_1e19,g1_tmoe_coarse_1e19,1e19,temporal,14,2,sequence,4,1982,4940,8353,640,0.5483
g1_tmoe_coarse_1e19,g1_tmoe_coarse_1e19,1e19,temporal,14,3,sequence,4,1982,4940,8353,294,0.5894
g1_tmoe_coarse_1e19,g1_tmoe_coarse_1e19,1e19,temporal,14,4,sequence,4,1982,4940,8353,717,0.5222
g1_tmoe_coarse_1e19,g1_tmoe_coarse_1e19,1e19,temporal,14,5,sequence,4,1982,4940,8353,693,0.6711
g1_tmoe_coarse_1e19,g1_tmoe_coarse_1e19,1e19,temporal,14,6,sequence,4,1982,4940,8353,1300,0.8504
g1_tmoe_coarse_1e19,g1_tmoe_coarse_1e19,1e19,temporal,14,7,sequence,4,1982,4940,8353,961,0.6647
g1_tmoe_coarse_1e19,g1_tmoe_coarse_1e19,1e19,temporal,14,8,sequence,4,1982,4940,8353,285,0.5691
g1_tmoe_coarse_1e19,g1_tmoe_coarse_1e19,1e19,temporal,14,9,sequence,4,1982,4940,8353,912,0.5897
g1_tmoe_coarse_1e19,g1_tmoe_coarse_1e19,1e19,temporal,14,10,sequence,4,1982,4940,8353,516,0.5616
g1_tmoe_coarse_1e19,g1_tmoe_coarse_1e19,1e19,temporal,14,11,sequence,4,1982,4940,8353,1586,0.7419
g1_tmoe_coarse_1e19,g1_tmoe_coarse_1e19,1e19,temporal,14,12,sequence,4,1982,4940,8353,850,0.5613
g1_tmoe_coarse_1e19,g1_tmoe_coarse_1e19,1e19,temporal,14,13,sequence,4,1982,4940,8353,510,0.6039
g1_tmoe_coarse_1e19,g1_tmoe_coarse_1e19,1e19,temporal,14,14,sequence,4,1982,4940,8353,341,0.6075
g1_tmoe_coarse_1e19,g1_tmoe_coarse_1e19,1e19,temporal,14,15,sequence,4,1982,4940,8353,911,0.5932
g1_tmoe_coarse_1e19,g1_tmoe_coarse_1e19,1e19,temporal,14,16,sequence,4,1982,4940,8353,1403,0.9522
g1_tmoe_coarse_1e19,g1_tmoe_coarse_1e19,1e19,temporal,14,17,sequence,4,1982,4940,8353,551,0.6741
g1_tmoe_coarse_1e19,g1_tmoe_coarse_1e19,1e19,temporal,14,18,sequence,4,1982,4940,8353,353,0.6734
g1_tmoe_coarse_1e19,g1_tmoe_coarse_1e19,1e19,temporal,14,19,sequence,4,1982,4940,8353,622,0.5929
g1_tmoe_coarse_1e19,g1_tmoe_coarse_1e19,1e19,temporal,14,20,sequence,4,1982,4940,8353,1000,0.5924
g1_tmoe_coarse_1e19,g1_tmoe_coarse_1e19,1e19,temporal,14,21,sequence,4,1982,4940,8353,501,0.6423
g1_tmoe_coarse_1e19,g1_tmoe_coarse_1e19,1e19,temporal,14,22,sequence,4,1982,4940,8353,480,0.5821
g1_tmoe_coarse_1e19,g1_tmoe_coarse_1e19,1e19,temporal,14,23,sequence,4,1982,4940,8353,775,0.6446
g1_tmoe_coarse_1e19,g1_tmoe_coarse_1e19,1e19,temporal,14,24,sequence,4,1982,4940,8353,1457,0.6043
g1_tmoe_coarse_1e19,g1_tmoe_coarse_1e19,1e19,temporal,14,25,sequence,4,1982,4940,8353,709,0.5729
g1_tmoe_coarse_1e19,g1_tmoe_coarse_1e19,1e19,temporal,14,26,sequence,4,1982,4940,8353,682,0.55
g1_tmoe_coarse_1e19,g1_tmoe_coarse_1e19,1e19,temporal,14,27,sequence,4,1982,4940,8353,993,0.5989
g1_tmoe_coarse_1e19,g1_tmoe_coarse_1e19,1e19,temporal,14,28,sequence,4,1982,4940,8353,839,0.5586
g1_tmoe_coarse_1e19,g1_tmoe_coarse_1e19,1e19,temporal,14,29,sequence,4,1982,4940,8353,895,0.5548
g1_tmoe_coarse_1e19,g1_tmoe_coarse_1e19,1e19,temporal,14,30,sequence,4,1982,4940,8353,406,0.5332
g1_tmoe_coarse_1e19,g1_tmoe_coarse_1e19,1e19,temporal,14,31,sequence,4,1982,4940,8353,654,0.618
g1_tmoe_coarse_1e19,g1_tmoe_coarse_1e19,1e19,temporal,14,32,sequence,4,1982,4940,8353,844,0.6914
g1_tmoe_coarse_1e19,g1_tmoe_coarse_1e19,1e19,temporal,14,33,sequence,4,1982,4940,8353,384,0.6042
g1_tmoe_coarse_1e19,g1_tmoe_coarse_1e19,1e19,temporal,14,34,sequence,4,1982,4940,8353,748,0.6205
g1_tmoe_coarse_1e19,g1_tmoe_coarse_1e19,1e19,temporal,14,35,sequence,4,1982,4940,8353,852,0.5734
g1_tmoe_coarse_1e19,g1_tmoe_coarse_1e19,1e19,temporal,14,36,sequence,4,1982,4940,8353,895,0.6246
g1_tmoe_coarse_1e19,g1_tmoe_coarse_1e19,1e19,temporal,14,37,sequence,4,1982,4940,8353,787,0.588
g1_tmoe_coarse_1e19,g1_tmoe_coarse_1e19,1e19,temporal,14,38,sequence,4,1982,4940,8353,679,0.6332
g1_tmoe_coarse_1e19,g1_tmoe_coarse_1e19,1e19,temporal,14,39,sequence,4,1982,4940,8353,956,0.7201
g1_tmoe_coarse_1e19,g1_tmoe_coarse_1e19,1e19,temporal,14,40,sequence,4,1982,4940,8353,796,0.6321
g1_tmoe_coarse_1e19,g1_tmoe_coarse_1e19,1e19,temporal,14,41,sequence,4,1982,4940,8353,705,0.6463
g1_tmoe_coarse_1e19,g1_tmoe_coarse_1e19,1e19,temporal,14,42,sequence,4,1982,4940,8353,870,0.6222
g1_tmoe_coarse_1e19,g1_tmoe_coarse_1e19,1e19,temporal,14,43,sequence,4,1982,4940,8353,675,0.8123
g1_tmoe_coarse_1e19,g1_tmoe_coarse_1e19,1e19,temporal,14,44,sequence,4,1982,4940,8353,907,0.6012
g1_tmoe_coarse_1e19,g1_tmoe_coarse_1e19,1e19,temporal,14,45,sequence,4,1982,4940,8353,653,0.688
g1_tmoe_coarse_1e19,g1_tmoe_coarse_1e19,1e19,temporal,14,46,sequence,4,1982,4940,8353,406,0.6401
g1_tmoe_coarse_1e19,g1_tmoe_coarse_1e19,1e19,temporal,14,47,sequence,4,1982,4940,8353,570,0.5916
g1_tmoe_coarse_1e19,g1_tmoe_coarse_1e19,1e19,temporal,14,48,sequence,4,1982,4940,8353,1282,0.7942
g1_tmoe_coarse_1e19,g1_tmoe_coarse_1e19,1e19,temporal,14,49,sequence,4,1982,4940,8353,777,0.5905
g1_tmoe_coarse_1e19,g1_tmoe_coarse_1e19,1e19,temporal,14,50,sequence,4,1982,4940,8353,820,0.6233
g1_tmoe_coarse_1e19,g1_tmoe_coarse_1e19,1e19,temporal,14,51,sequence,4,1982,4940,8353,810,0.5655
g1_tmoe_coarse_1e19,g1_tmoe_coarse_1e19,1e19,temporal,14,52,sequence,4,1982,4940,8353,1323,0.6458
g1_tmoe_coarse_1e19,g1_tmoe_coarse_1e19,1e19,temporal,14,53,sequence,4,1982,4940,8353,903,0.5627
g1_tmoe_coarse_1e19,g1_tmoe_coarse_1e19,1e19,temporal,14,54,sequence,4,1982,4940,8353,367,0.5386
g1_tmoe_coarse_1e19,g1_tmoe_coarse_1e19,1e19,temporal,14,55,sequence,4,1982,4940,8353,556,0.6274
g1_tmoe_coarse_1e19,g1_tmoe_coarse_1e19,1e19,temporal,14,56,sequence,4,1982,4940,8353,378,0.6925
g1_tmoe_coarse_1e19,g1_tmoe_coarse_1e19,1e19,temporal,14,57,sequence,4,1982,4940,8353,971,0.5919
g1_tmoe_coarse_1e19,g1_tmoe_coarse_1e19,1e19,temporal,14,58,sequence,4,1982,4940,8353,1213,0.5952
g1_tmoe_coarse_1e19,g1_tmoe_coarse_1e19,1e19,temporal,14,59,sequence,4,1982,4940,8353,741,0.5872
g1_tmoe_coarse_1e19,g1_tmoe_coarse_1e19,1e19,temporal,14,60,sequence,4,1982,4940,8353,543,0.5662
g1_tmoe_coarse_1e19,g1_tmoe_coarse_1e19,1e19,temporal,14,61,sequence,4,1982,4940,8353,883,0.7869
g1_tmoe_coarse_1e19,g1_tmoe_coarse_1e19,1e19,temporal,14,62,sequence,4,1982,4940,8353,819,0.5535
g1_tmoe_coarse_1e19,g1_tmoe_coarse_1e19,1e19,temporal,14,63,sequence,4,1982,4940,8353,1048,0.6012
moe_coarse_1e19,moe_coarse_1e19,1e19,full,2,0,sequence,0,1,6,8010,706,0.6825
moe_coarse_1e19,moe_coarse_1e19,1e19,full,2,1,sequence,0,1,6,8010,1355,0.7656
moe_coarse_1e19,moe_coarse_1e19,1e19,full,2,2,sequence,0,1,6,8010,1329,0.7612
moe_coarse_1e19,moe_coarse_1e19,1e19,full,2,3,sequence,0,1,6,8010,1503,0.7483
moe_coarse_1e19,moe_coarse_1e19,1e19,full,2,4,sequence,0,1,6,8010,795,0.7626
moe_coarse_1e19,moe_coarse_1e19,1e19,full,2,5,sequence,0,1,6,8010,284,0.6404
moe_coarse_1e19,moe_coarse_1e19,1e19,full,2,6,sequence,0,1,6,8010,357,0.6771
moe_coarse_1e19,moe_coarse_1e19,1e19,full,2,7,sequence,0,1,6,8010,1329,0.7286
moe_coarse_1e19,moe_coarse_1e19,1e19,full,2,8,sequence,0,1,6,8010,393,0.6358
moe_coarse_1e19,moe_coarse_1e19,1e19,full,2,9,sequence,0,1,6,8010,614,0.6811
moe_coarse_1e19,moe_coarse_1e19,1e19,full,2,10,sequence,0,1,6,8010,380,0.6977
moe_coarse_1e19,moe_coarse_1e19,1e19,full,2,11,sequence,0,1,6,8010,628,0.7266
moe_coarse_1e19,moe_coarse_1e19,1e19,full,2,12,sequence,0,1,6,8010,1070,0.7398
moe_coarse_1e19,moe_coarse_1e19,1e19,full,2,13,sequence,0,1,6,8010,639,0.6862
moe_coarse_1e19,moe_coarse_1e19,1e19,full,2,14,sequence,0,1,6,8010,259,0.6577
moe_coarse_1e19,moe_coarse_1e19,1e19,full,2,15,sequence,0,1,6,8010,1326,0.8255
moe_coarse_1e19,moe_coarse_1e19,1e19,full,2,16,sequence,0,1,6,8010,581,0.6609
moe_coarse_1e19,moe_coarse_1e19,1e19,full,2,17,sequence,0,1,6,8010,247,0.6598
moe_coarse_1e19,moe_coarse_1e19,1e19,full,2,18,sequence,0,1,6,8010,1010,0.7166
moe_coarse_1e19,moe_coarse_1e19,1e19,full,2,19,sequence,0,1,6,8010,776,0.712
moe_coarse_1e19,moe_coarse_1e19,1e19,full,2,20,sequence,0,1,6,8010,879,0.7089
moe_coarse_1e19,moe_coarse_1e19,1e19,full,2,21,sequence,0,1,6,8010,735,0.7014
moe_coarse_1e19,moe_coarse_1e19,1e19,full,2,22,sequence,0,1,6,8010,887,0.7081
moe_coarse_1e19,moe_coarse_1e19,1e19,full,2,23,sequence,0,1,6,8010,241,0.5953
moe_coarse_1e19,moe_coarse_1e19,1e19,full,2,24,sequence,0,1,6,8010,734,0.7004
moe_coarse_1e19,moe_coarse_1e19,1e19,full,2,25,sequence,0,1,6,8010,1688,0.7364
moe_coarse_1e19,moe_coarse_1e19,1e19,full,2,26,sequence,0,1,6,8010,415,0.6741
moe_coarse_1e19,moe_coarse_1e19,1e19,full,2,27,sequence,0,1,6,8010,381,0.6589
moe_coarse_1e19,moe_coarse_1e19,1e19,full,2,28,sequence,0,1,6,8010,583,0.661
moe_coarse_1e19,moe_coarse_1e19,1e19,full,2,29,sequence,0,1,6,8010,389,0.6722
moe_coarse_1e19,moe_coarse_1e19,1e19,full,2,30,sequence,0,1,6,8010,361,0.7038
moe_coarse_1e19,moe_coarse_1e19,1e19,full,2,31,sequence,0,1,6,8010,407,0.6517
moe_coarse_1e19,moe_coarse_1e19,1e19,full,2,32,sequence,0,1,6,8010,215,0.6887
moe_coarse_1e19,moe_coarse_1e19,1e19,full,2,33,sequence,0,1,6,8010,1517,0.7491
moe_coarse_1e19,moe_coarse_1e19,1e19,full,2,34,sequence,0,1,6,8010,1610,0.7461
moe_coarse_1e19,moe_coarse_1e19,1e19,full,2,35,sequence,0,1,6,8010,859,0.7037
moe_coarse_1e19,moe_coarse_1e19,1e19,full,2,36,sequence,0,1,6,8010,574,0.6613
moe_coarse_1e19,moe_coarse_1e19,1e19,full,2,37,sequence,0,1,6,8010,763,0.6505
moe_coarse_1e19,moe_coarse_1e19,1e19,full,2,38,sequence,0,1,6,8010,1063,0.7818
moe_coarse_1e19,moe_coarse_1e19,1e19,full,2,39,sequence,0,1,6,8010,578,0.6625
moe_coarse_1e19,moe_coarse_1e19,1e19,full,2,40,sequence,0,1,6,8010,332,0.621
moe_coarse_1e19,moe_coarse_1e19,1e19,full,2,41,sequence,0,1,6,8010,397,0.6858
moe_coarse_1e19,moe_coarse_1e19,1e19,full,2,42,sequence,0,1,6,8010,1297,0.7193
moe_coarse_1e19,moe_coarse_1e19,1e19,full,2,43,sequence,0,1,6,8010,287,0.685
moe_coarse_1e19,moe_coarse_1e19,1e19,full,2,44,sequence,0,1,6,8010,356,0.6873
moe_coarse_1e19,moe_coarse_1e19,1e19,full,2,45,sequence,0,1,6,8010,559,0.7083
moe_coarse_1e19,moe_coarse_1e19,1e19,full,2,46,sequence,0,1,6,8010,223,0.6379
moe_coarse_1e19,moe_coarse_1e19,1e19,full,2,47,sequence,0,1,6,8010,429,0.6721
moe_coarse_1e19,moe_coarse_1e19,1e19,full,2,48,sequence,0,1,6,8010,1100,0.7114
moe_coarse_1e19,moe_coarse_1e19,1e19,full,2,49,sequence,0,1,6,8010,827,0.7243
moe_coarse_1e19,moe_coarse_1e19,1e19,full,2,50,sequence,0,1,6,8010,618,0.6819
moe_coarse_1e19,moe_coarse_1e19,1e19,full,2,51,sequence,0,1,6,8010,466,0.6605
moe_coarse_1e19,moe_coarse_1e19,1e19,full,2,52,sequence,0,1,6,8010,750,0.7305
moe_coarse_1e19,moe_coarse_1e19,1e19,full,2,53,sequence,0,1,6,8010,424,0.7002
moe_coarse_1e19,moe_coarse_1e19,1e19,full,2,54,sequence,0,1,6,8010,1592,0.7109
moe_coarse_1e19,moe_coarse_1e19,1e19,full,2,55,sequence,0,1,6,8010,1127,0.6576
moe_coarse_1e19,moe_coarse_1e19,1e19,full,2,56,sequence,0,1,6,8010,546,0.6819
moe_coarse_1e19,moe_coarse_1e19,1e19,full,2,57,sequence,0,1,6,8010,1188,0.7276
moe_coarse_1e19,moe_coarse_1e19,1e19,full,2,58,sequence,0,1,6,8010,1417,0.7575
moe_coarse_1e19,moe_coarse_1e19,1e19,full,2,59,sequence,0,1,6,8010,1796,0.7483
moe_coarse_1e19,moe_coarse_1e19,1e19,full,2,60,sequence,0,1,6,8010,665,0.7173
moe_coarse_1e19,moe_coarse_1e19,1e19,full,2,61,sequence,0,1,6,8010,239,0.6374
moe_coarse_1e19,moe_coarse_1e19,1e19,full,2,62,sequence,0,1,6,8010,693,0.69
moe_coarse_1e19,moe_coarse_1e19,1e19,full,2,63,sequence,0,1,6,8010,272,0.6432
moe_coarse_1e19,moe_coarse_1e19,1e19,full,2,0,sequence,1,6,32,7866,723,0.8031
moe_coarse_1e19,moe_coarse_1e19,1e19,full,2,1,sequence,1,6,32,7866,905,0.8668
moe_coarse_1e19,moe_coarse_1e19,1e19,full,2,2,sequence,1,6,32,7866,704,0.8339
moe_coarse_1e19,moe_coarse_1e19,1e19,full,2,3,sequence,1,6,32,7866,878,0.8677
moe_coarse_1e19,moe_coarse_1e19,1e19,full,2,4,sequence,1,6,32,7866,693,0.8406
moe_coarse_1e19,moe_coarse_1e19,1e19,full,2,5,sequence,1,6,32,7866,768,0.7396
moe_coarse_1e19,moe_coarse_1e19,1e19,full,2,6,sequence,1,6,32,7866,881,0.7432
moe_coarse_1e19,moe_coarse_1e19,1e19,full,2,7,sequence,1,6,32,7866,906,0.8439
moe_coarse_1e19,moe_coarse_1e19,1e19,full,2,8,sequence,1,6,32,7866,704,0.7715
moe_coarse_1e19,moe_coarse_1e19,1e19,full,2,9,sequence,1,6,32,7866,580,0.8122
moe_coarse_1e19,moe_coarse_1e19,1e19,full,2,10,sequence,1,6,32,7866,711,0.8125
moe_coarse_1e19,moe_coarse_1e19,1e19,full,2,11,sequence,1,6,32,7866,543,0.878
moe_coarse_1e19,moe_coarse_1e19,1e19,full,2,12,sequence,1,6,32,7866,727,0.8256
moe_coarse_1e19,moe_coarse_1e19,1e19,full,2,13,sequence,1,6,32,7866,618,0.8405
moe_coarse_1e19,moe_coarse_1e19,1e19,full,2,14,sequence,1,6,32,7866,847,0.7986
moe_coarse_1e19,moe_coarse_1e19,1e19,full,2,15,sequence,1,6,32,7866,636,0.8682
moe_coarse_1e19,moe_coarse_1e19,1e19,full,2,16,sequence,1,6,32,7866,426,0.7115
moe_coarse_1e19,moe_coarse_1e19,1e19,full,2,17,sequence,1,6,32,7866,658,0.746
moe_coarse_1e19,moe_coarse_1e19,1e19,full,2,18,sequence,1,6,32,7866,549,0.7683
moe_coarse_1e19,moe_coarse_1e19,1e19,full,2,19,sequence,1,6,32,7866,872,0.7895
moe_coarse_1e19,moe_coarse_1e19,1e19,full,2,20,sequence,1,6,32,7866,795,0.7902
moe_coarse_1e19,moe_coarse_1e19,1e19,full,2,21,sequence,1,6,32,7866,611,0.7806
moe_coarse_1e19,moe_coarse_1e19,1e19,full,2,22,sequence,1,6,32,7866,588,0.8076
moe_coarse_1e19,moe_coarse_1e19,1e19,full,2,23,sequence,1,6,32,7866,599,0.7351
moe_coarse_1e19,moe_coarse_1e19,1e19,full,2,24,sequence,1,6,32,7866,801,0.7864
moe_coarse_1e19,moe_coarse_1e19,1e19,full,2,25,sequence,1,6,32,7866,892,0.8478
moe_coarse_1e19,moe_coarse_1e19,1e19,full,2,26,sequence,1,6,32,7866,513,0.8176
moe_coarse_1e19,moe_coarse_1e19,1e19,full,2,27,sequence,1,6,32,7866,747,0.8356
moe_coarse_1e19,moe_coarse_1e19,1e19,full,2,28,sequence,1,6,32,7866,736,0.7459
moe_coarse_1e19,moe_coarse_1e19,1e19,full,2,29,sequence,1,6,32,7866,654,0.7926
moe_coarse_1e19,moe_coarse_1e19,1e19,full,2,30,sequence,1,6,32,7866,708,0.8049
moe_coarse_1e19,moe_coarse_1e19,1e19,full,2,31,sequence,1,6,32,7866,557,0.8039
moe_coarse_1e19,moe_coarse_1e19,1e19,full,2,32,sequence,1,6,32,7866,715,0.7593
moe_coarse_1e19,moe_coarse_1e19,1e19,full,2,33,sequence,1,6,32,7866,962,0.8279
moe_coarse_1e19,moe_coarse_1e19,1e19,full,2,34,sequence,1,6,32,7866,1162,0.8176
moe_coarse_1e19,moe_coarse_1e19,1e19,full,2,35,sequence,1,6,32,7866,679,0.8118
moe_coarse_1e19,moe_coarse_1e19,1e19,full,2,36,sequence,1,6,32,7866,755,0.7686
moe_coarse_1e19,moe_coarse_1e19,1e19,full,2,37,sequence,1,6,32,7866,668,0.777
moe_coarse_1e19,moe_coarse_1e19,1e19,full,2,38,sequence,1,6,32,7866,670,0.8385
moe_coarse_1e19,moe_coarse_1e19,1e19,full,2,39,sequence,1,6,32,7866,817,0.7696
moe_coarse_1e19,moe_coarse_1e19,1e19,full,2,40,sequence,1,6,32,7866,559,0.7256
moe_coarse_1e19,moe_coarse_1e19,1e19,full,2,41,sequence,1,6,32,7866,861,0.8035
moe_coarse_1e19,moe_coarse_1e19,1e19,full,2,42,sequence,1,6,32,7866,820,0.8161
moe_coarse_1e19,moe_coarse_1e19,1e19,full,2,43,sequence,1,6,32,7866,568,0.807
moe_coarse_1e19,moe_coarse_1e19,1e19,full,2,44,sequence,1,6,32,7866,542,0.7882
moe_coarse_1e19,moe_coarse_1e19,1e19,full,2,45,sequence,1,6,32,7866,963,0.7628
moe_coarse_1e19,moe_coarse_1e19,1e19,full,2,46,sequence,1,6,32,7866,739,0.7947
moe_coarse_1e19,moe_coarse_1e19,1e19,full,2,47,sequence,1,6,32,7866,554,0.8197
moe_coarse_1e19,moe_coarse_1e19,1e19,full,2,48,sequence,1,6,32,7866,645,0.7971
moe_coarse_1e19,moe_coarse_1e19,1e19,full,2,49,sequence,1,6,32,7866,922,0.8001
moe_coarse_1e19,moe_coarse_1e19,1e19,full,2,50,sequence,1,6,32,7866,600,0.7941
moe_coarse_1e19,moe_coarse_1e19,1e19,full,2,51,sequence,1,6,32,7866,741,0.807
moe_coarse_1e19,moe_coarse_1e19,1e19,full,2,52,sequence,1,6,32,7866,900,0.7798
moe_coarse_1e19,moe_coarse_1e19,1e19,full,2,53,sequence,1,6,32,7866,650,0.7859
moe_coarse_1e19,moe_coarse_1e19,1e19,full,2,54,sequence,1,6,32,7866,1007,0.8598
moe_coarse_1e19,moe_coarse_1e19,1e19,full,2,55,sequence,1,6,32,7866,650,0.7571
moe_coarse_1e19,moe_coarse_1e19,1e19,full,2,56,sequence,1,6,32,7866,728,0.7814
moe_coarse_1e19,moe_coarse_1e19,1e19,full,2,57,sequence,1,6,32,7866,1171,0.7391
moe_coarse_1e19,moe_coarse_1e19,1e19,full,2,58,sequence,1,6,32,7866,1135,0.8359
moe_coarse_1e19,moe_coarse_1e19,1e19,full,2,59,sequence,1,6,32,7866,730,0.8492
moe_coarse_1e19,moe_coarse_1e19,1e19,full,2,60,sequence,1,6,32,7866,559,0.7591
moe_coarse_1e19,moe_coarse_1e19,1e19,full,2,61,sequence,1,6,32,7866,562,0.7941
moe_coarse_1e19,moe_coarse_1e19,1e19,full,2,62,sequence,1,6,32,7866,1002,0.7938
moe_coarse_1e19,moe_coarse_1e19,1e19,full,2,63,sequence,1,6,32,7866,630,0.7556
moe_coarse_1e19,moe_coarse_1e19,1e19,full,2,0,sequence,2,32,221,7700,477,0.9382
moe_coarse_1e19,moe_coarse_1e19,1e19,full,2,1,sequence,2,32,221,7700,624,0.9479
moe_coarse_1e19,moe_coarse_1e19,1e19,full,2,2,sequence,2,32,221,7700,752,0.9791
moe_coarse_1e19,moe_coarse_1e19,1e19,full,2,3,sequence,2,32,221,7700,390,0.9315
moe_coarse_1e19,moe_coarse_1e19,1e19,full,2,4,sequence,2,32,221,7700,540,0.9453
moe_coarse_1e19,moe_coarse_1e19,1e19,full,2,5,sequence,2,32,221,7700,1014,0.9049
moe_coarse_1e19,moe_coarse_1e19,1e19,full,2,6,sequence,2,32,221,7700,1092,0.9171
moe_coarse_1e19,moe_coarse_1e19,1e19,full,2,7,sequence,2,32,221,7700,396,0.9229
moe_coarse_1e19,moe_coarse_1e19,1e19,full,2,8,sequence,2,32,221,7700,710,0.9097
moe_coarse_1e19,moe_coarse_1e19,1e19,full,2,9,sequence,2,32,221,7700,543,0.943
moe_coarse_1e19,moe_coarse_1e19,1e19,full,2,10,sequence,2,32,221,7700,808,0.9005
moe_coarse_1e19,moe_coarse_1e19,1e19,full,2,11,sequence,2,32,221,7700,521,0.9724
moe_coarse_1e19,moe_coarse_1e19,1e19,full,2,12,sequence,2,32,221,7700,509,0.9285
moe_coarse_1e19,moe_coarse_1e19,1e19,full,2,13,sequence,2,32,221,7700,714,0.924
moe_coarse_1e19,moe_coarse_1e19,1e19,full,2,14,sequence,2,32,221,7700,933,0.9184
moe_coarse_1e19,moe_coarse_1e19,1e19,full,2,15,sequence,2,32,221,7700,491,0.9561
moe_coarse_1e19,moe_coarse_1e19,1e19,full,2,16,sequence,2,32,221,7700,654,0.952
moe_coarse_1e19,moe_coarse_1e19,1e19,full,2,17,sequence,2,32,221,7700,1038,0.9047
moe_coarse_1e19,moe_coarse_1e19,1e19,full,2,18,sequence,2,32,221,7700,475,0.9692
moe_coarse_1e19,moe_coarse_1e19,1e19,full,2,19,sequence,2,32,221,7700,639,0.9507
moe_coarse_1e19,moe_coarse_1e19,1e19,full,2,20,sequence,2,32,221,7700,848,0.9221
moe_coarse_1e19,moe_coarse_1e19,1e19,full,2,21,sequence,2,32,221,7700,652,0.9433
moe_coarse_1e19,moe_coarse_1e19,1e19,full,2,22,sequence,2,32,221,7700,730,0.9594
moe_coarse_1e19,moe_coarse_1e19,1e19,full,2,23,sequence,2,32,221,7700,985,0.9288
moe_coarse_1e19,moe_coarse_1e19,1e19,full,2,24,sequence,2,32,221,7700,610,0.9174
moe_coarse_1e19,moe_coarse_1e19,1e19,full,2,25,sequence,2,32,221,7700,298,0.9742
moe_coarse_1e19,moe_coarse_1e19,1e19,full,2,26,sequence,2,32,221,7700,874,0.9432
moe_coarse_1e19,moe_coarse_1e19,1e19,full,2,27,sequence,2,32,221,7700,662,0.8964
moe_coarse_1e19,moe_coarse_1e19,1e19,full,2,28,sequence,2,32,221,7700,981,0.908
moe_coarse_1e19,moe_coarse_1e19,1e19,full,2,29,sequence,2,32,221,7700,824,0.9419
moe_coarse_1e19,moe_coarse_1e19,1e19,full,2,30,sequence,2,32,221,7700,870,0.921
moe_coarse_1e19,moe_coarse_1e19,1e19,full,2,31,sequence,2,32,221,7700,737,0.8991
moe_coarse_1e19,moe_coarse_1e19,1e19,full,2,32,sequence,2,32,221,7700,973,0.907
moe_coarse_1e19,moe_coarse_1e19,1e19,full,2,33,sequence,2,32,221,7700,544,0.9414
moe_coarse_1e19,moe_coarse_1e19,1e19,full,2,34,sequence,2,32,221,7700,630,0.9403
moe_coarse_1e19,moe_coarse_1e19,1e19,full,2,35,sequence,2,32,221,7700,952,0.926
moe_coarse_1e19,moe_coarse_1e19,1e19,full,2,36,sequence,2,32,221,7700,934,0.9274
moe_coarse_1e19,moe_coarse_1e19,1e19,full,2,37,sequence,2,32,221,7700,688,0.8946
moe_coarse_1e19,moe_coarse_1e19,1e19,full,2,38,sequence,2,32,221,7700,647,0.9485
moe_coarse_1e19,moe_coarse_1e19,1e19,full,2,39,sequence,2,32,221,7700,693,0.9371
moe_coarse_1e19,moe_coarse_1e19,1e19,full,2,40,sequence,2,32,221,7700,832,0.947
moe_coarse_1e19,moe_coarse_1e19,1e19,full,2,41,sequence,2,32,221,7700,1126,0.9231
moe_coarse_1e19,moe_coarse_1e19,1e19,full,2,42,sequence,2,32,221,7700,529,0.9082
moe_coarse_1e19,moe_coarse_1e19,1e19,full,2,43,sequence,2,32,221,7700,758,0.9108
moe_coarse_1e19,moe_coarse_1e19,1e19,full,2,44,sequence,2,32,221,7700,827,0.9106
moe_coarse_1e19,moe_coarse_1e19,1e19,full,2,45,sequence,2,32,221,7700,1005,0.9186
moe_coarse_1e19,moe_coarse_1e19,1e19,full,2,46,sequence,2,32,221,7700,1237,0.9172
moe_coarse_1e19,moe_coarse_1e19,1e19,full,2,47,sequence,2,32,221,7700,610,0.9378
moe_coarse_1e19,moe_coarse_1e19,1e19,full,2,48,sequence,2,32,221,7700,369,0.9462
moe_coarse_1e19,moe_coarse_1e19,1e19,full,2,49,sequence,2,32,221,7700,620,0.877
moe_coarse_1e19,moe_coarse_1e19,1e19,full,2,50,sequence,2,32,221,7700,536,0.9049
moe_coarse_1e19,moe_coarse_1e19,1e19,full,2,51,sequence,2,32,221,7700,755,0.9389
moe_coarse_1e19,moe_coarse_1e19,1e19,full,2,52,sequence,2,32,221,7700,874,0.9595
moe_coarse_1e19,moe_coarse_1e19,1e19,full,2,53,sequence,2,32,221,7700,805,0.9426
moe_coarse_1e19,moe_coarse_1e19,1e19,full,2,54,sequence,2,32,221,7700,191,0.8624
moe_coarse_1e19,moe_coarse_1e19,1e19,full,2,55,sequence,2,32,221,7700,454,0.9638
moe_coarse_1e19,moe_coarse_1e19,1e19,full,2,56,sequence,2,32,221,7700,898,0.9646
moe_coarse_1e19,moe_coarse_1e19,1e19,full,2,57,sequence,2,32,221,7700,624,0.881
moe_coarse_1e19,moe_coarse_1e19,1e19,full,2,58,sequence,2,32,221,7700,569,0.9093
moe_coarse_1e19,moe_coarse_1e19,1e19,full,2,59,sequence,2,32,221,7700,274,0.904
moe_coarse_1e19,moe_coarse_1e19,1e19,full,2,60,sequence,2,32,221,7700,701,0.9331
moe_coarse_1e19,moe_coarse_1e19,1e19,full,2,61,sequence,2,32,221,7700,1055,0.9244
moe_coarse_1e19,moe_coarse_1e19,1e19,full,2,62,sequence,2,32,221,7700,910,0.9329
moe_coarse_1e19,moe_coarse_1e19,1e19,full,2,63,sequence,2,32,221,7700,1189,0.9313
moe_coarse_1e19,moe_coarse_1e19,1e19,full,2,0,sequence,3,238,1429,6983,517,0.9705
moe_coarse_1e19,moe_coarse_1e19,1e19,full,2,1,sequence,3,238,1429,6983,469,0.8912
moe_coarse_1e19,moe_coarse_1e19,1e19,full,2,2,sequence,3,238,1429,6983,714,0.9639
moe_coarse_1e19,moe_coarse_1e19,1e19,full,2,3,sequence,3,238,1429,6983,459,0.9068
moe_coarse_1e19,moe_coarse_1e19,1e19,full,2,4,sequence,3,238,1429,6983,900,0.9277
moe_coarse_1e19,moe_coarse_1e19,1e19,full,2,5,sequence,3,238,1429,6983,779,0.9142
moe_coarse_1e19,moe_coarse_1e19,1e19,full,2,6,sequence,3,238,1429,6983,807,0.9008
moe_coarse_1e19,moe_coarse_1e19,1e19,full,2,7,sequence,3,238,1429,6983,410,0.9175
moe_coarse_1e19,moe_coarse_1e19,1e19,full,2,8,sequence,3,238,1429,6983,537,0.9302
moe_coarse_1e19,moe_coarse_1e19,1e19,full,2,9,sequence,3,238,1429,6983,764,0.9306
moe_coarse_1e19,moe_coarse_1e19,1e19,full,2,10,sequence,3,238,1429,6983,670,0.9056
moe_coarse_1e19,moe_coarse_1e19,1e19,full,2,11,sequence,3,238,1429,6983,445,0.9743
moe_coarse_1e19,moe_coarse_1e19,1e19,full,2,12,sequence,3,238,1429,6983,745,0.9305
moe_coarse_1e19,moe_coarse_1e19,1e19,full,2,13,sequence,3,238,1429,6983,704,0.9179
moe_coarse_1e19,moe_coarse_1e19,1e19,full,2,14,sequence,3,238,1429,6983,710,0.8939
moe_coarse_1e19,moe_coarse_1e19,1e19,full,2,15,sequence,3,238,1429,6983,572,0.9725
moe_coarse_1e19,moe_coarse_1e19,1e19,full,2,16,sequence,3,238,1429,6983,792,0.928
moe_coarse_1e19,moe_coarse_1e19,1e19,full,2,17,sequence,3,238,1429,6983,1197,0.9104
moe_coarse_1e19,moe_coarse_1e19,1e19,full,2,18,sequence,3,238,1429,6983,608,0.962
moe_coarse_1e19,moe_coarse_1e19,1e19,full,2,19,sequence,3,238,1429,6983,380,0.9549
moe_coarse_1e19,moe_coarse_1e19,1e19,full,2,20,sequence,3,238,1429,6983,785,0.9747
moe_coarse_1e19,moe_coarse_1e19,1e19,full,2,21,sequence,3,238,1429,6983,613,0.9404
moe_coarse_1e19,moe_coarse_1e19,1e19,full,2,22,sequence,3,238,1429,6983,678,0.9236
moe_coarse_1e19,moe_coarse_1e19,1e19,full,2,23,sequence,3,238,1429,6983,1119,0.9488
moe_coarse_1e19,moe_coarse_1e19,1e19,full,2,24,sequence,3,238,1429,6983,784,0.9662
moe_coarse_1e19,moe_coarse_1e19,1e19,full,2,25,sequence,3,238,1429,6983,128,0.9538
moe_coarse_1e19,moe_coarse_1e19,1e19,full,2,26,sequence,3,238,1429,6983,922,0.9785
moe_coarse_1e19,moe_coarse_1e19,1e19,full,2,27,sequence,3,238,1429,6983,959,0.944
moe_coarse_1e19,moe_coarse_1e19,1e19,full,2,28,sequence,3,238,1429,6983,771,0.8899
moe_coarse_1e19,moe_coarse_1e19,1e19,full,2,29,sequence,3,238,1429,6983,931,0.9002
moe_coarse_1e19,moe_coarse_1e19,1e19,full,2,30,sequence,3,238,1429,6983,1293,0.9261
moe_coarse_1e19,moe_coarse_1e19,1e19,full,2,31,sequence,3,238,1429,6983,723,0.8951
moe_coarse_1e19,moe_coarse_1e19,1e19,full,2,32,sequence,3,238,1429,6983,453,0.8918
moe_coarse_1e19,moe_coarse_1e19,1e19,full,2,33,sequence,3,238,1429,6983,309,0.9738
moe_coarse_1e19,moe_coarse_1e19,1e19,full,2,34,sequence,3,238,1429,6983,127,0.9033
moe_coarse_1e19,moe_coarse_1e19,1e19,full,2,35,sequence,3,238,1429,6983,670,0.9412
moe_coarse_1e19,moe_coarse_1e19,1e19,full,2,36,sequence,3,238,1429,6983,666,0.8429
moe_coarse_1e19,moe_coarse_1e19,1e19,full,2,37,sequence,3,238,1429,6983,456,0.9024
moe_coarse_1e19,moe_coarse_1e19,1e19,full,2,38,sequence,3,238,1429,6983,496,0.9349
moe_coarse_1e19,moe_coarse_1e19,1e19,full,2,39,sequence,3,238,1429,6983,530,0.9502
moe_coarse_1e19,moe_coarse_1e19,1e19,full,2,40,sequence,3,238,1429,6983,797,0.9248
moe_coarse_1e19,moe_coarse_1e19,1e19,full,2,41,sequence,3,238,1429,6983,833,0.9242
moe_coarse_1e19,moe_coarse_1e19,1e19,full,2,42,sequence,3,238,1429,6983,993,0.9488
moe_coarse_1e19,moe_coarse_1e19,1e19,full,2,43,sequence,3,238,1429,6983,545,0.9324
moe_coarse_1e19,moe_coarse_1e19,1e19,full,2,44,sequence,3,238,1429,6983,473,0.9368
moe_coarse_1e19,moe_coarse_1e19,1e19,full,2,45,sequence,3,238,1429,6983,671,0.9392
moe_coarse_1e19,moe_coarse_1e19,1e19,full,2,46,sequence,3,238,1429,6983,471,0.8885
moe_coarse_1e19,moe_coarse_1e19,1e19,full,2,47,sequence,3,238,1429,6983,540,0.9432
moe_coarse_1e19,moe_coarse_1e19,1e19,full,2,48,sequence,3,238,1429,6983,1128,0.9586
moe_coarse_1e19,moe_coarse_1e19,1e19,full,2,49,sequence,3,238,1429,6983,402,0.9177
moe_coarse_1e19,moe_coarse_1e19,1e19,full,2,50,sequence,3,238,1429,6983,614,0.9493
moe_coarse_1e19,moe_coarse_1e19,1e19,full,2,51,sequence,3,238,1429,6983,799,0.9132
moe_coarse_1e19,moe_coarse_1e19,1e19,full,2,52,sequence,3,238,1429,6983,508,0.9305
moe_coarse_1e19,moe_coarse_1e19,1e19,full,2,53,sequence,3,238,1429,6983,866,0.9399
moe_coarse_1e19,moe_coarse_1e19,1e19,full,2,54,sequence,3,238,1429,6983,121,0.9696
moe_coarse_1e19,moe_coarse_1e19,1e19,full,2,55,sequence,3,238,1429,6983,557,0.9646
moe_coarse_1e19,moe_coarse_1e19,1e19,full,2,56,sequence,3,238,1429,6983,455,0.9684
moe_coarse_1e19,moe_coarse_1e19,1e19,full,2,57,sequence,3,238,1429,6983,349,0.9426
moe_coarse_1e19,moe_coarse_1e19,1e19,full,2,58,sequence,3,238,1429,6983,262,0.8816
moe_coarse_1e19,moe_coarse_1e19,1e19,full,2,59,sequence,3,238,1429,6983,327,0.9263
moe_coarse_1e19,moe_coarse_1e19,1e19,full,2,60,sequence,3,238,1429,6983,900,0.9149
moe_coarse_1e19,moe_coarse_1e19,1e19,full,2,61,sequence,3,238,1429,6983,993,0.87
moe_coarse_1e19,moe_coarse_1e19,1e19,full,2,62,sequence,3,238,1429,6983,462,0.894
moe_coarse_1e19,moe_coarse_1e19,1e19,full,2,63,sequence,3,238,1429,6983,1240,0.914
moe_coarse_1e19,moe_coarse_1e19,1e19,full,2,0,sequence,4,1982,4940,8353,1246,0.9496
moe_coarse_1e19,moe_coarse_1e19,1e19,full,2,1,sequence,4,1982,4940,8353,214,0.8416
moe_coarse_1e19,moe_coarse_1e19,1e19,full,2,2,sequence,4,1982,4940,8353,955,0.8191
moe_coarse_1e19,moe_coarse_1e19,1e19,full,2,3,sequence,4,1982,4940,8353,198,0.8722
moe_coarse_1e19,moe_coarse_1e19,1e19,full,2,4,sequence,4,1982,4940,8353,1018,0.9063
moe_coarse_1e19,moe_coarse_1e19,1e19,full,2,5,sequence,4,1982,4940,8353,448,0.7346
moe_coarse_1e19,moe_coarse_1e19,1e19,full,2,6,sequence,4,1982,4940,8353,401,0.7212
moe_coarse_1e19,moe_coarse_1e19,1e19,full,2,7,sequence,4,1982,4940,8353,788,0.7678
moe_coarse_1e19,moe_coarse_1e19,1e19,full,2,8,sequence,4,1982,4940,8353,1143,0.6774
moe_coarse_1e19,moe_coarse_1e19,1e19,full,2,9,sequence,4,1982,4940,8353,714,0.9391
moe_coarse_1e19,moe_coarse_1e19,1e19,full,2,10,sequence,4,1982,4940,8353,1325,0.7032
moe_coarse_1e19,moe_coarse_1e19,1e19,full,2,11,sequence,4,1982,4940,8353,1240,0.9934
moe_coarse_1e19,moe_coarse_1e19,1e19,full,2,12,sequence,4,1982,4940,8353,722,0.8433
moe_coarse_1e19,moe_coarse_1e19,1e19,full,2,13,sequence,4,1982,4940,8353,1126,0.7706
moe_coarse_1e19,moe_coarse_1e19,1e19,full,2,14,sequence,4,1982,4940,8353,707,0.7293
moe_coarse_1e19,moe_coarse_1e19,1e19,full,2,15,sequence,4,1982,4940,8353,194,0.6718
moe_coarse_1e19,moe_coarse_1e19,1e19,full,2,16,sequence,4,1982,4940,8353,721,0.8918
moe_coarse_1e19,moe_coarse_1e19,1e19,full,2,17,sequence,4,1982,4940,8353,487,0.8105
moe_coarse_1e19,moe_coarse_1e19,1e19,full,2,18,sequence,4,1982,4940,8353,582,0.915
moe_coarse_1e19,moe_coarse_1e19,1e19,full,2,19,sequence,4,1982,4940,8353,979,0.8106
moe_coarse_1e19,moe_coarse_1e19,1e19,full,2,20,sequence,4,1982,4940,8353,529,0.6668
moe_coarse_1e19,moe_coarse_1e19,1e19,full,2,21,sequence,4,1982,4940,8353,862,0.8231
moe_coarse_1e19,moe_coarse_1e19,1e19,full,2,22,sequence,4,1982,4940,8353,678,0.9087
moe_coarse_1e19,moe_coarse_1e19,1e19,full,2,23,sequence,4,1982,4940,8353,527,0.8114
moe_coarse_1e19,moe_coarse_1e19,1e19,full,2,24,sequence,4,1982,4940,8353,784,0.8267
moe_coarse_1e19,moe_coarse_1e19,1e19,full,2,25,sequence,4,1982,4940,8353,472,0.8564
moe_coarse_1e19,moe_coarse_1e19,1e19,full,2,26,sequence,4,1982,4940,8353,933,0.859
moe_coarse_1e19,moe_coarse_1e19,1e19,full,2,27,sequence,4,1982,4940,8353,938,0.7113
moe_coarse_1e19,moe_coarse_1e19,1e19,full,2,28,sequence,4,1982,4940,8353,913,0.7828
moe_coarse_1e19,moe_coarse_1e19,1e19,full,2,29,sequence,4,1982,4940,8353,852,0.7429
moe_coarse_1e19,moe_coarse_1e19,1e19,full,2,30,sequence,4,1982,4940,8353,607,0.7118
moe_coarse_1e19,moe_coarse_1e19,1e19,full,2,31,sequence,4,1982,4940,8353,851,0.7186
moe_coarse_1e19,moe_coarse_1e19,1e19,full,2,32,sequence,4,1982,4940,8353,1153,0.7218
moe_coarse_1e19,moe_coarse_1e19,1e19,full,2,33,sequence,4,1982,4940,8353,594,0.8228
moe_coarse_1e19,moe_coarse_1e19,1e19,full,2,34,sequence,4,1982,4940,8353,323,0.8849
moe_coarse_1e19,moe_coarse_1e19,1e19,full,2,35,sequence,4,1982,4940,8353,630,0.7338
moe_coarse_1e19,moe_coarse_1e19,1e19,full,2,36,sequence,4,1982,4940,8353,795,0.777
moe_coarse_1e19,moe_coarse_1e19,1e19,full,2,37,sequence,4,1982,4940,8353,1015,0.7519
moe_coarse_1e19,moe_coarse_1e19,1e19,full,2,38,sequence,4,1982,4940,8353,884,0.806
moe_coarse_1e19,moe_coarse_1e19,1e19,full,2,39,sequence,4,1982,4940,8353,554,0.8267
moe_coarse_1e19,moe_coarse_1e19,1e19,full,2,40,sequence,4,1982,4940,8353,1240,0.8143
moe_coarse_1e19,moe_coarse_1e19,1e19,full,2,41,sequence,4,1982,4940,8353,452,0.8692
moe_coarse_1e19,moe_coarse_1e19,1e19,full,2,42,sequence,4,1982,4940,8353,213,0.8251
moe_coarse_1e19,moe_coarse_1e19,1e19,full,2,43,sequence,4,1982,4940,8353,1338,0.7689
moe_coarse_1e19,moe_coarse_1e19,1e19,full,2,44,sequence,4,1982,4940,8353,1524,0.8441
moe_coarse_1e19,moe_coarse_1e19,1e19,full,2,45,sequence,4,1982,4940,8353,474,0.8295
moe_coarse_1e19,moe_coarse_1e19,1e19,full,2,46,sequence,4,1982,4940,8353,995,0.795
moe_coarse_1e19,moe_coarse_1e19,1e19,full,2,47,sequence,4,1982,4940,8353,1794,0.7418
moe_coarse_1e19,moe_coarse_1e19,1e19,full,2,48,sequence,4,1982,4940,8353,526,0.8182
moe_coarse_1e19,moe_coarse_1e19,1e19,full,2,49,sequence,4,1982,4940,8353,836,0.8724
moe_coarse_1e19,moe_coarse_1e19,1e19,full,2,50,sequence,4,1982,4940,8353,1010,0.7933
moe_coarse_1e19,moe_coarse_1e19,1e19,full,2,51,sequence,4,1982,4940,8353,1168,0.7416
moe_coarse_1e19,moe_coarse_1e19,1e19,full,2,52,sequence,4,1982,4940,8353,808,0.8417
moe_coarse_1e19,moe_coarse_1e19,1e19,full,2,53,sequence,4,1982,4940,8353,825,0.7647
moe_coarse_1e19,moe_coarse_1e19,1e19,full,2,54,sequence,4,1982,4940,8353,571,0.9038
moe_coarse_1e19,moe_coarse_1e19,1e19,full,2,55,sequence,4,1982,4940,8353,963,0.8595
moe_coarse_1e19,moe_coarse_1e19,1e19,full,2,56,sequence,4,1982,4940,8353,653,0.8425
moe_coarse_1e19,moe_coarse_1e19,1e19,full,2,57,sequence,4,1982,4940,8353,368,0.8949
moe_coarse_1e19,moe_coarse_1e19,1e19,full,2,58,sequence,4,1982,4940,8353,899,0.7694
moe_coarse_1e19,moe_coarse_1e19,1e19,full,2,59,sequence,4,1982,4940,8353,330,0.8286
moe_coarse_1e19,moe_coarse_1e19,1e19,full,2,60,sequence,4,1982,4940,8353,1168,0.8753
moe_coarse_1e19,moe_coarse_1e19,1e19,full,2,61,sequence,4,1982,4940,8353,458,0.8285
moe_coarse_1e19,moe_coarse_1e19,1e19,full,2,62,sequence,4,1982,4940,8353,758,0.6525
moe_coarse_1e19,moe_coarse_1e19,1e19,full,2,63,sequence,4,1982,4940,8353,645,0.8308
moe_coarse_1e19,moe_coarse_1e19,1e19,full,3,0,sequence,0,1,6,8010,194,0.6629
moe_coarse_1e19,moe_coarse_1e19,1e19,full,3,1,sequence,0,1,6,8010,1756,0.757
moe_coarse_1e19,moe_coarse_1e19,1e19,full,3,2,sequence,0,1,6,8010,493,0.6208
moe_coarse_1e19,moe_coarse_1e19,1e19,full,3,3,sequence,0,1,6,8010,1248,0.7284
moe_coarse_1e19,moe_coarse_1e19,1e19,full,3,4,sequence,0,1,6,8010,200,0.7106
moe_coarse_1e19,moe_coarse_1e19,1e19,full,3,5,sequence,0,1,6,8010,364,0.6212
moe_coarse_1e19,moe_coarse_1e19,1e19,full,3,6,sequence,0,1,6,8010,557,0.7353
moe_coarse_1e19,moe_coarse_1e19,1e19,full,3,7,sequence,0,1,6,8010,355,0.6312
moe_coarse_1e19,moe_coarse_1e19,1e19,full,3,8,sequence,0,1,6,8010,651,0.7032
moe_coarse_1e19,moe_coarse_1e19,1e19,full,3,9,sequence,0,1,6,8010,1138,0.7672
moe_coarse_1e19,moe_coarse_1e19,1e19,full,3,10,sequence,0,1,6,8010,192,0.7064
moe_coarse_1e19,moe_coarse_1e19,1e19,full,3,11,sequence,0,1,6,8010,895,0.6783
moe_coarse_1e19,moe_coarse_1e19,1e19,full,3,12,sequence,0,1,6,8010,300,0.6356
moe_coarse_1e19,moe_coarse_1e19,1e19,full,3,13,sequence,0,1,6,8010,965,0.696
moe_coarse_1e19,moe_coarse_1e19,1e19,full,3,14,sequence,0,1,6,8010,876,0.6739
moe_coarse_1e19,moe_coarse_1e19,1e19,full,3,15,sequence,0,1,6,8010,681,0.6648
moe_coarse_1e19,moe_coarse_1e19,1e19,full,3,16,sequence,0,1,6,8010,339,0.6769
moe_coarse_1e19,moe_coarse_1e19,1e19,full,3,17,sequence,0,1,6,8010,1281,0.7992
moe_coarse_1e19,moe_coarse_1e19,1e19,full,3,18,sequence,0,1,6,8010,103,0.7148
moe_coarse_1e19,moe_coarse_1e19,1e19,full,3,19,sequence,0,1,6,8010,549,0.8276
moe_coarse_1e19,moe_coarse_1e19,1e19,full,3,20,sequence,0,1,6,8010,535,0.7106
moe_coarse_1e19,moe_coarse_1e19,1e19,full,3,21,sequence,0,1,6,8010,860,0.7289
moe_coarse_1e19,moe_coarse_1e19,1e19,full,3,22,sequence,0,1,6,8010,764,0.7507
moe_coarse_1e19,moe_coarse_1e19,1e19,full,3,23,sequence,0,1,6,8010,1522,0.749
moe_coarse_1e19,moe_coarse_1e19,1e19,full,3,24,sequence,0,1,6,8010,668,0.7556
moe_coarse_1e19,moe_coarse_1e19,1e19,full,3,25,sequence,0,1,6,8010,86,0.7089
moe_coarse_1e19,moe_coarse_1e19,1e19,full,3,26,sequence,0,1,6,8010,602,0.7795
moe_coarse_1e19,moe_coarse_1e19,1e19,full,3,27,sequence,0,1,6,8010,844,0.7351
moe_coarse_1e19,moe_coarse_1e19,1e19,full,3,28,sequence,0,1,6,8010,438,0.6257
moe_coarse_1e19,moe_coarse_1e19,1e19,full,3,29,sequence,0,1,6,8010,1033,0.7569
moe_coarse_1e19,moe_coarse_1e19,1e19,full,3,30,sequence,0,1,6,8010,1055,0.7297
moe_coarse_1e19,moe_coarse_1e19,1e19,full,3,31,sequence,0,1,6,8010,1238,0.8199
moe_coarse_1e19,moe_coarse_1e19,1e19,full,3,32,sequence,0,1,6,8010,922,0.7408
moe_coarse_1e19,moe_coarse_1e19,1e19,full,3,33,sequence,0,1,6,8010,1429,0.7409
moe_coarse_1e19,moe_coarse_1e19,1e19,full,3,34,sequence,0,1,6,8010,1039,0.7929
moe_coarse_1e19,moe_coarse_1e19,1e19,full,3,35,sequence,0,1,6,8010,687,0.729
moe_coarse_1e19,moe_coarse_1e19,1e19,full,3,36,sequence,0,1,6,8010,770,0.6618
moe_coarse_1e19,moe_coarse_1e19,1e19,full,3,37,sequence,0,1,6,8010,777,0.7829
moe_coarse_1e19,moe_coarse_1e19,1e19,full,3,38,sequence,0,1,6,8010,523,0.6932
moe_coarse_1e19,moe_coarse_1e19,1e19,full,3,39,sequence,0,1,6,8010,408,0.7093
moe_coarse_1e19,moe_coarse_1e19,1e19,full,3,40,sequence,0,1,6,8010,126,0.653
moe_coarse_1e19,moe_coarse_1e19,1e19,full,3,41,sequence,0,1,6,8010,276,0.6599
moe_coarse_1e19,moe_coarse_1e19,1e19,full,3,42,sequence,0,1,6,8010,734,0.7432
moe_coarse_1e19,moe_coarse_1e19,1e19,full,3,43,sequence,0,1,6,8010,1735,0.7491
moe_coarse_1e19,moe_coarse_1e19,1e19,full,3,44,sequence,0,1,6,8010,1245,0.7115
moe_coarse_1e19,moe_coarse_1e19,1e19,full,3,45,sequence,0,1,6,8010,517,0.7109
moe_coarse_1e19,moe_coarse_1e19,1e19,full,3,46,sequence,0,1,6,8010,605,0.7276
moe_coarse_1e19,moe_coarse_1e19,1e19,full,3,47,sequence,0,1,6,8010,472,0.6525
moe_coarse_1e19,moe_coarse_1e19,1e19,full,3,48,sequence,0,1,6,8010,996,0.8213
moe_coarse_1e19,moe_coarse_1e19,1e19,full,3,49,sequence,0,1,6,8010,997,0.7092
moe_coarse_1e19,moe_coarse_1e19,1e19,full,3,50,sequence,0,1,6,8010,963,0.7869
moe_coarse_1e19,moe_coarse_1e19,1e19,full,3,51,sequence,0,1,6,8010,554,0.7402
moe_coarse_1e19,moe_coarse_1e19,1e19,full,3,52,sequence,0,1,6,8010,712,0.7198
moe_coarse_1e19,moe_coarse_1e19,1e19,full,3,53,sequence,0,1,6,8010,963,0.7486
moe_coarse_1e19,moe_coarse_1e19,1e19,full,3,54,sequence,0,1,6,8010,858,0.7435
moe_coarse_1e19,moe_coarse_1e19,1e19,full,3,55,sequence,0,1,6,8010,1125,0.8037
moe_coarse_1e19,moe_coarse_1e19,1e19,full,3,56,sequence,0,1,6,8010,854,0.8059
moe_coarse_1e19,moe_coarse_1e19,1e19,full,3,57,sequence,0,1,6,8010,1748,0.7557
moe_coarse_1e19,moe_coarse_1e19,1e19,full,3,58,sequence,0,1,6,8010,221,0.6564
moe_coarse_1e19,moe_coarse_1e19,1e19,full,3,59,sequence,0,1,6,8010,446,0.6773
moe_coarse_1e19,moe_coarse_1e19,1e19,full,3,60,sequence,0,1,6,8010,308,0.708
moe_coarse_1e19,moe_coarse_1e19,1e19,full,3,61,sequence,0,1,6,8010,289,0.7205
moe_coarse_1e19,moe_coarse_1e19,1e19,full,3,62,sequence,0,1,6,8010,903,0.7411
moe_coarse_1e19,moe_coarse_1e19,1e19,full,3,63,sequence,0,1,6,8010,1076,0.7545
moe_coarse_1e19,moe_coarse_1e19,1e19,full,3,0,sequence,1,6,32,7866,453,0.7529
moe_coarse_1e19,moe_coarse_1e19,1e19,full,3,1,sequence,1,6,32,7866,992,0.8502
moe_coarse_1e19,moe_coarse_1e19,1e19,full,3,2,sequence,1,6,32,7866,932,0.7046
moe_coarse_1e19,moe_coarse_1e19,1e19,full,3,3,sequence,1,6,32,7866,1192,0.7817
moe_coarse_1e19,moe_coarse_1e19,1e19,full,3,4,sequence,1,6,32,7866,253,0.7939
moe_coarse_1e19,moe_coarse_1e19,1e19,full,3,5,sequence,1,6,32,7866,558,0.7116
moe_coarse_1e19,moe_coarse_1e19,1e19,full,3,6,sequence,1,6,32,7866,927,0.7711
moe_coarse_1e19,moe_coarse_1e19,1e19,full,3,7,sequence,1,6,32,7866,738,0.6858
moe_coarse_1e19,moe_coarse_1e19,1e19,full,3,8,sequence,1,6,32,7866,580,0.8137
moe_coarse_1e19,moe_coarse_1e19,1e19,full,3,9,sequence,1,6,32,7866,953,0.8298
moe_coarse_1e19,moe_coarse_1e19,1e19,full,3,10,sequence,1,6,32,7866,583,0.7318
moe_coarse_1e19,moe_coarse_1e19,1e19,full,3,11,sequence,1,6,32,7866,1068,0.7198
moe_coarse_1e19,moe_coarse_1e19,1e19,full,3,12,sequence,1,6,32,7866,726,0.6964
moe_coarse_1e19,moe_coarse_1e19,1e19,full,3,13,sequence,1,6,32,7866,1011,0.7169
moe_coarse_1e19,moe_coarse_1e19,1e19,full,3,14,sequence,1,6,32,7866,1056,0.7141
moe_coarse_1e19,moe_coarse_1e19,1e19,full,3,15,sequence,1,6,32,7866,1100,0.7265
moe_coarse_1e19,moe_coarse_1e19,1e19,full,3,16,sequence,1,6,32,7866,297,0.7926
moe_coarse_1e19,moe_coarse_1e19,1e19,full,3,17,sequence,1,6,32,7866,884,0.8719
moe_coarse_1e19,moe_coarse_1e19,1e19,full,3,18,sequence,1,6,32,7866,442,0.7937
moe_coarse_1e19,moe_coarse_1e19,1e19,full,3,19,sequence,1,6,32,7866,578,0.9207
moe_coarse_1e19,moe_coarse_1e19,1e19,full,3,20,sequence,1,6,32,7866,523,0.7688
moe_coarse_1e19,moe_coarse_1e19,1e19,full,3,21,sequence,1,6,32,7866,1097,0.8099
moe_coarse_1e19,moe_coarse_1e19,1e19,full,3,22,sequence,1,6,32,7866,653,0.8149
moe_coarse_1e19,moe_coarse_1e19,1e19,full,3,23,sequence,1,6,32,7866,901,0.8491
moe_coarse_1e19,moe_coarse_1e19,1e19,full,3,24,sequence,1,6,32,7866,747,0.802
moe_coarse_1e19,moe_coarse_1e19,1e19,full,3,25,sequence,1,6,32,7866,397,0.7602
moe_coarse_1e19,moe_coarse_1e19,1e19,full,3,26,sequence,1,6,32,7866,436,0.7998
moe_coarse_1e19,moe_coarse_1e19,1e19,full,3,27,sequence,1,6,32,7866,775,0.8131
moe_coarse_1e19,moe_coarse_1e19,1e19,full,3,28,sequence,1,6,32,7866,637,0.7156
moe_coarse_1e19,moe_coarse_1e19,1e19,full,3,29,sequence,1,6,32,7866,797,0.8261
moe_coarse_1e19,moe_coarse_1e19,1e19,full,3,30,sequence,1,6,32,7866,769,0.8569
moe_coarse_1e19,moe_coarse_1e19,1e19,full,3,31,sequence,1,6,32,7866,580,0.8968
moe_coarse_1e19,moe_coarse_1e19,1e19,full,3,32,sequence,1,6,32,7866,645,0.835
moe_coarse_1e19,moe_coarse_1e19,1e19,full,3,33,sequence,1,6,32,7866,1182,0.8104
moe_coarse_1e19,moe_coarse_1e19,1e19,full,3,34,sequence,1,6,32,7866,1392,0.8201
moe_coarse_1e19,moe_coarse_1e19,1e19,full,3,35,sequence,1,6,32,7866,808,0.7649
moe_coarse_1e19,moe_coarse_1e19,1e19,full,3,36,sequence,1,6,32,7866,827,0.7031
moe_coarse_1e19,moe_coarse_1e19,1e19,full,3,37,sequence,1,6,32,7866,962,0.829
moe_coarse_1e19,moe_coarse_1e19,1e19,full,3,38,sequence,1,6,32,7866,503,0.7687
moe_coarse_1e19,moe_coarse_1e19,1e19,full,3,39,sequence,1,6,32,7866,632,0.7854
moe_coarse_1e19,moe_coarse_1e19,1e19,full,3,40,sequence,1,6,32,7866,514,0.7377
moe_coarse_1e19,moe_coarse_1e19,1e19,full,3,41,sequence,1,6,32,7866,470,0.7591
moe_coarse_1e19,moe_coarse_1e19,1e19,full,3,42,sequence,1,6,32,7866,764,0.8164
moe_coarse_1e19,moe_coarse_1e19,1e19,full,3,43,sequence,1,6,32,7866,908,0.836
moe_coarse_1e19,moe_coarse_1e19,1e19,full,3,44,sequence,1,6,32,7866,909,0.7755
moe_coarse_1e19,moe_coarse_1e19,1e19,full,3,45,sequence,1,6,32,7866,744,0.7599
moe_coarse_1e19,moe_coarse_1e19,1e19,full,3,46,sequence,1,6,32,7866,827,0.8098
moe_coarse_1e19,moe_coarse_1e19,1e19,full,3,47,sequence,1,6,32,7866,831,0.7209
moe_coarse_1e19,moe_coarse_1e19,1e19,full,3,48,sequence,1,6,32,7866,607,0.8915
moe_coarse_1e19,moe_coarse_1e19,1e19,full,3,49,sequence,1,6,32,7866,487,0.8058
moe_coarse_1e19,moe_coarse_1e19,1e19,full,3,50,sequence,1,6,32,7866,543,0.8562
moe_coarse_1e19,moe_coarse_1e19,1e19,full,3,51,sequence,1,6,32,7866,536,0.7753
moe_coarse_1e19,moe_coarse_1e19,1e19,full,3,52,sequence,1,6,32,7866,796,0.8214
moe_coarse_1e19,moe_coarse_1e19,1e19,full,3,53,sequence,1,6,32,7866,595,0.8596
moe_coarse_1e19,moe_coarse_1e19,1e19,full,3,54,sequence,1,6,32,7866,992,0.8197
moe_coarse_1e19,moe_coarse_1e19,1e19,full,3,55,sequence,1,6,32,7866,570,0.852
moe_coarse_1e19,moe_coarse_1e19,1e19,full,3,56,sequence,1,6,32,7866,558,0.8637
moe_coarse_1e19,moe_coarse_1e19,1e19,full,3,57,sequence,1,6,32,7866,1222,0.8408
moe_coarse_1e19,moe_coarse_1e19,1e19,full,3,58,sequence,1,6,32,7866,528,0.7451
moe_coarse_1e19,moe_coarse_1e19,1e19,full,3,59,sequence,1,6,32,7866,776,0.7408
moe_coarse_1e19,moe_coarse_1e19,1e19,full,3,60,sequence,1,6,32,7866,323,0.831
moe_coarse_1e19,moe_coarse_1e19,1e19,full,3,61,sequence,1,6,32,7866,628,0.7307
moe_coarse_1e19,moe_coarse_1e19,1e19,full,3,62,sequence,1,6,32,7866,649,0.8445
moe_coarse_1e19,moe_coarse_1e19,1e19,full,3,63,sequence,1,6,32,7866,833,0.8045
moe_coarse_1e19,moe_coarse_1e19,1e19,full,3,0,sequence,2,32,221,7700,826,0.846
moe_coarse_1e19,moe_coarse_1e19,1e19,full,3,1,sequence,2,32,221,7700,310,0.8971
moe_coarse_1e19,moe_coarse_1e19,1e19,full,3,2,sequence,2,32,221,7700,992,0.7931
moe_coarse_1e19,moe_coarse_1e19,1e19,full,3,3,sequence,2,32,221,7700,727,0.9069
moe_coarse_1e19,moe_coarse_1e19,1e19,full,3,4,sequence,2,32,221,7700,672,0.8949
moe_coarse_1e19,moe_coarse_1e19,1e19,full,3,5,sequence,2,32,221,7700,1116,0.9038
moe_coarse_1e19,moe_coarse_1e19,1e19,full,3,6,sequence,2,32,221,7700,1210,0.8831
moe_coarse_1e19,moe_coarse_1e19,1e19,full,3,7,sequence,2,32,221,7700,999,0.7974
moe_coarse_1e19,moe_coarse_1e19,1e19,full,3,8,sequence,2,32,221,7700,730,0.9051
moe_coarse_1e19,moe_coarse_1e19,1e19,full,3,9,sequence,2,32,221,7700,591,0.9253
moe_coarse_1e19,moe_coarse_1e19,1e19,full,3,10,sequence,2,32,221,7700,1070,0.8666
moe_coarse_1e19,moe_coarse_1e19,1e19,full,3,11,sequence,2,32,221,7700,819,0.8228
moe_coarse_1e19,moe_coarse_1e19,1e19,full,3,12,sequence,2,32,221,7700,975,0.8008
moe_coarse_1e19,moe_coarse_1e19,1e19,full,3,13,sequence,2,32,221,7700,753,0.8342
moe_coarse_1e19,moe_coarse_1e19,1e19,full,3,14,sequence,2,32,221,7700,870,0.8108
moe_coarse_1e19,moe_coarse_1e19,1e19,full,3,15,sequence,2,32,221,7700,1109,0.8298
moe_coarse_1e19,moe_coarse_1e19,1e19,full,3,16,sequence,2,32,221,7700,487,0.9098
moe_coarse_1e19,moe_coarse_1e19,1e19,full,3,17,sequence,2,32,221,7700,449,0.9435
moe_coarse_1e19,moe_coarse_1e19,1e19,full,3,18,sequence,2,32,221,7700,1033,0.8851
moe_coarse_1e19,moe_coarse_1e19,1e19,full,3,19,sequence,2,32,221,7700,537,0.9696
moe_coarse_1e19,moe_coarse_1e19,1e19,full,3,20,sequence,2,32,221,7700,640,0.9226
moe_coarse_1e19,moe_coarse_1e19,1e19,full,3,21,sequence,2,32,221,7700,732,0.8965
moe_coarse_1e19,moe_coarse_1e19,1e19,full,3,22,sequence,2,32,221,7700,567,0.9308
moe_coarse_1e19,moe_coarse_1e19,1e19,full,3,23,sequence,2,32,221,7700,244,0.9462
moe_coarse_1e19,moe_coarse_1e19,1e19,full,3,24,sequence,2,32,221,7700,836,0.9108
moe_coarse_1e19,moe_coarse_1e19,1e19,full,3,25,sequence,2,32,221,7700,886,0.8477
moe_coarse_1e19,moe_coarse_1e19,1e19,full,3,26,sequence,2,32,221,7700,457,0.9046
moe_coarse_1e19,moe_coarse_1e19,1e19,full,3,27,sequence,2,32,221,7700,379,0.7678
moe_coarse_1e19,moe_coarse_1e19,1e19,full,3,28,sequence,2,32,221,7700,827,0.886
moe_coarse_1e19,moe_coarse_1e19,1e19,full,3,29,sequence,2,32,221,7700,379,0.9226
moe_coarse_1e19,moe_coarse_1e19,1e19,full,3,30,sequence,2,32,221,7700,582,0.945
moe_coarse_1e19,moe_coarse_1e19,1e19,full,3,31,sequence,2,32,221,7700,365,0.8863
moe_coarse_1e19,moe_coarse_1e19,1e19,full,3,32,sequence,2,32,221,7700,273,0.9205
moe_coarse_1e19,moe_coarse_1e19,1e19,full,3,33,sequence,2,32,221,7700,414,0.8812
moe_coarse_1e19,moe_coarse_1e19,1e19,full,3,34,sequence,2,32,221,7700,717,0.8517
moe_coarse_1e19,moe_coarse_1e19,1e19,full,3,35,sequence,2,32,221,7700,759,0.8544
moe_coarse_1e19,moe_coarse_1e19,1e19,full,3,36,sequence,2,32,221,7700,837,0.8433
moe_coarse_1e19,moe_coarse_1e19,1e19,full,3,37,sequence,2,32,221,7700,1014,0.8709
moe_coarse_1e19,moe_coarse_1e19,1e19,full,3,38,sequence,2,32,221,7700,700,0.9172
moe_coarse_1e19,moe_coarse_1e19,1e19,full,3,39,sequence,2,32,221,7700,1422,0.8639
moe_coarse_1e19,moe_coarse_1e19,1e19,full,3,40,sequence,2,32,221,7700,914,0.822
moe_coarse_1e19,moe_coarse_1e19,1e19,full,3,41,sequence,2,32,221,7700,888,0.9028
moe_coarse_1e19,moe_coarse_1e19,1e19,full,3,42,sequence,2,32,221,7700,746,0.8879
moe_coarse_1e19,moe_coarse_1e19,1e19,full,3,43,sequence,2,32,221,7700,356,0.9178
moe_coarse_1e19,moe_coarse_1e19,1e19,full,3,44,sequence,2,32,221,7700,413,0.9388
moe_coarse_1e19,moe_coarse_1e19,1e19,full,3,45,sequence,2,32,221,7700,1163,0.856
moe_coarse_1e19,moe_coarse_1e19,1e19,full,3,46,sequence,2,32,221,7700,1204,0.919
moe_coarse_1e19,moe_coarse_1e19,1e19,full,3,47,sequence,2,32,221,7700,959,0.8341
moe_coarse_1e19,moe_coarse_1e19,1e19,full,3,48,sequence,2,32,221,7700,455,0.9349
moe_coarse_1e19,moe_coarse_1e19,1e19,full,3,49,sequence,2,32,221,7700,603,0.9334
moe_coarse_1e19,moe_coarse_1e19,1e19,full,3,50,sequence,2,32,221,7700,498,0.9375
moe_coarse_1e19,moe_coarse_1e19,1e19,full,3,51,sequence,2,32,221,7700,468,0.8648
moe_coarse_1e19,moe_coarse_1e19,1e19,full,3,52,sequence,2,32,221,7700,735,0.93
moe_coarse_1e19,moe_coarse_1e19,1e19,full,3,53,sequence,2,32,221,7700,384,0.9225
moe_coarse_1e19,moe_coarse_1e19,1e19,full,3,54,sequence,2,32,221,7700,1048,0.9367
moe_coarse_1e19,moe_coarse_1e19,1e19,full,3,55,sequence,2,32,221,7700,313,0.945
moe_coarse_1e19,moe_coarse_1e19,1e19,full,3,56,sequence,2,32,221,7700,510,0.9038
moe_coarse_1e19,moe_coarse_1e19,1e19,full,3,57,sequence,2,32,221,7700,671,0.9168
moe_coarse_1e19,moe_coarse_1e19,1e19,full,3,58,sequence,2,32,221,7700,885,0.8621
moe_coarse_1e19,moe_coarse_1e19,1e19,full,3,59,sequence,2,32,221,7700,658,0.8116
moe_coarse_1e19,moe_coarse_1e19,1e19,full,3,60,sequence,2,32,221,7700,628,0.8975
moe_coarse_1e19,moe_coarse_1e19,1e19,full,3,61,sequence,2,32,221,7700,939,0.744
moe_coarse_1e19,moe_coarse_1e19,1e19,full,3,62,sequence,2,32,221,7700,541,0.9635
moe_coarse_1e19,moe_coarse_1e19,1e19,full,3,63,sequence,2,32,221,7700,916,0.9622
moe_coarse_1e19,moe_coarse_1e19,1e19,full,3,0,sequence,3,238,1429,6983,909,0.8031
moe_coarse_1e19,moe_coarse_1e19,1e19,full,3,1,sequence,3,238,1429,6983,102,0.9539
moe_coarse_1e19,moe_coarse_1e19,1e19,full,3,2,sequence,3,238,1429,6983,599,0.7504
moe_coarse_1e19,moe_coarse_1e19,1e19,full,3,3,sequence,3,238,1429,6983,404,0.9249
moe_coarse_1e19,moe_coarse_1e19,1e19,full,3,4,sequence,3,238,1429,6983,864,0.881
moe_coarse_1e19,moe_coarse_1e19,1e19,full,3,5,sequence,3,238,1429,6983,1432,0.9197
moe_coarse_1e19,moe_coarse_1e19,1e19,full,3,6,sequence,3,238,1429,6983,559,0.9008
moe_coarse_1e19,moe_coarse_1e19,1e19,full,3,7,sequence,3,238,1429,6983,687,0.8272
moe_coarse_1e19,moe_coarse_1e19,1e19,full,3,8,sequence,3,238,1429,6983,765,0.956
moe_coarse_1e19,moe_coarse_1e19,1e19,full,3,9,sequence,3,238,1429,6983,652,0.911
moe_coarse_1e19,moe_coarse_1e19,1e19,full,3,10,sequence,3,238,1429,6983,1176,0.8366
moe_coarse_1e19,moe_coarse_1e19,1e19,full,3,11,sequence,3,238,1429,6983,428,0.8146
moe_coarse_1e19,moe_coarse_1e19,1e19,full,3,12,sequence,3,238,1429,6983,1092,0.7971
moe_coarse_1e19,moe_coarse_1e19,1e19,full,3,13,sequence,3,238,1429,6983,441,0.8075
moe_coarse_1e19,moe_coarse_1e19,1e19,full,3,14,sequence,3,238,1429,6983,572,0.8174
moe_coarse_1e19,moe_coarse_1e19,1e19,full,3,15,sequence,3,238,1429,6983,510,0.8137
moe_coarse_1e19,moe_coarse_1e19,1e19,full,3,16,sequence,3,238,1429,6983,1134,0.8557
moe_coarse_1e19,moe_coarse_1e19,1e19,full,3,17,sequence,3,238,1429,6983,288,0.9263
moe_coarse_1e19,moe_coarse_1e19,1e19,full,3,18,sequence,3,238,1429,6983,1538,0.8083
moe_coarse_1e19,moe_coarse_1e19,1e19,full,3,19,sequence,3,238,1429,6983,410,0.9213
moe_coarse_1e19,moe_coarse_1e19,1e19,full,3,20,sequence,3,238,1429,6983,622,0.858
moe_coarse_1e19,moe_coarse_1e19,1e19,full,3,21,sequence,3,238,1429,6983,389,0.8837
moe_coarse_1e19,moe_coarse_1e19,1e19,full,3,22,sequence,3,238,1429,6983,575,0.9536
moe_coarse_1e19,moe_coarse_1e19,1e19,full,3,23,sequence,3,238,1429,6983,413,0.9586
moe_coarse_1e19,moe_coarse_1e19,1e19,full,3,24,sequence,3,238,1429,6983,377,0.8976
moe_coarse_1e19,moe_coarse_1e19,1e19,full,3,25,sequence,3,238,1429,6983,1269,0.8045
moe_coarse_1e19,moe_coarse_1e19,1e19,full,3,26,sequence,3,238,1429,6983,1078,0.9031
moe_coarse_1e19,moe_coarse_1e19,1e19,full,3,27,sequence,3,238,1429,6983,96,0.8841
moe_coarse_1e19,moe_coarse_1e19,1e19,full,3,28,sequence,3,238,1429,6983,489,0.9133
moe_coarse_1e19,moe_coarse_1e19,1e19,full,3,29,sequence,3,238,1429,6983,449,0.9454
moe_coarse_1e19,moe_coarse_1e19,1e19,full,3,30,sequence,3,238,1429,6983,478,0.9649
moe_coarse_1e19,moe_coarse_1e19,1e19,full,3,31,sequence,3,238,1429,6983,420,0.9048
moe_coarse_1e19,moe_coarse_1e19,1e19,full,3,32,sequence,3,238,1429,6983,584,0.934
moe_coarse_1e19,moe_coarse_1e19,1e19,full,3,33,sequence,3,238,1429,6983,265,0.9409
moe_coarse_1e19,moe_coarse_1e19,1e19,full,3,34,sequence,3,238,1429,6983,226,0.8406
moe_coarse_1e19,moe_coarse_1e19,1e19,full,3,35,sequence,3,238,1429,6983,953,0.8489
moe_coarse_1e19,moe_coarse_1e19,1e19,full,3,36,sequence,3,238,1429,6983,1155,0.9219
moe_coarse_1e19,moe_coarse_1e19,1e19,full,3,37,sequence,3,238,1429,6983,505,0.8342
moe_coarse_1e19,moe_coarse_1e19,1e19,full,3,38,sequence,3,238,1429,6983,759,0.9065
moe_coarse_1e19,moe_coarse_1e19,1e19,full,3,39,sequence,3,238,1429,6983,825,0.8425
moe_coarse_1e19,moe_coarse_1e19,1e19,full,3,40,sequence,3,238,1429,6983,748,0.8257
moe_coarse_1e19,moe_coarse_1e19,1e19,full,3,41,sequence,3,238,1429,6983,1319,0.9283
moe_coarse_1e19,moe_coarse_1e19,1e19,full,3,42,sequence,3,238,1429,6983,803,0.8571
moe_coarse_1e19,moe_coarse_1e19,1e19,full,3,43,sequence,3,238,1429,6983,257,0.926
moe_coarse_1e19,moe_coarse_1e19,1e19,full,3,44,sequence,3,238,1429,6983,305,0.8609
moe_coarse_1e19,moe_coarse_1e19,1e19,full,3,45,sequence,3,238,1429,6983,757,0.8011
moe_coarse_1e19,moe_coarse_1e19,1e19,full,3,46,sequence,3,238,1429,6983,465,0.8333
moe_coarse_1e19,moe_coarse_1e19,1e19,full,3,47,sequence,3,238,1429,6983,484,0.8559
moe_coarse_1e19,moe_coarse_1e19,1e19,full,3,48,sequence,3,238,1429,6983,318,0.9478
moe_coarse_1e19,moe_coarse_1e19,1e19,full,3,49,sequence,3,238,1429,6983,341,0.9208
moe_coarse_1e19,moe_coarse_1e19,1e19,full,3,50,sequence,3,238,1429,6983,904,0.9006
moe_coarse_1e19,moe_coarse_1e19,1e19,full,3,51,sequence,3,238,1429,6983,803,0.89
moe_coarse_1e19,moe_coarse_1e19,1e19,full,3,52,sequence,3,238,1429,6983,630,0.936
moe_coarse_1e19,moe_coarse_1e19,1e19,full,3,53,sequence,3,238,1429,6983,628,0.9247
moe_coarse_1e19,moe_coarse_1e19,1e19,full,3,54,sequence,3,238,1429,6983,393,0.9203
moe_coarse_1e19,moe_coarse_1e19,1e19,full,3,55,sequence,3,238,1429,6983,457,0.9046
moe_coarse_1e19,moe_coarse_1e19,1e19,full,3,56,sequence,3,238,1429,6983,423,0.8872
moe_coarse_1e19,moe_coarse_1e19,1e19,full,3,57,sequence,3,238,1429,6983,180,0.8916
moe_coarse_1e19,moe_coarse_1e19,1e19,full,3,58,sequence,3,238,1429,6983,1255,0.8347
moe_coarse_1e19,moe_coarse_1e19,1e19,full,3,59,sequence,3,238,1429,6983,510,0.7676
moe_coarse_1e19,moe_coarse_1e19,1e19,full,3,60,sequence,3,238,1429,6983,977,0.8943
moe_coarse_1e19,moe_coarse_1e19,1e19,full,3,61,sequence,3,238,1429,6983,946,0.7389
moe_coarse_1e19,moe_coarse_1e19,1e19,full,3,62,sequence,3,238,1429,6983,654,0.8914
moe_coarse_1e19,moe_coarse_1e19,1e19,full,3,63,sequence,3,238,1429,6983,852,0.935
moe_coarse_1e19,moe_coarse_1e19,1e19,full,3,0,sequence,4,1982,4940,8353,1225,0.7908
moe_coarse_1e19,moe_coarse_1e19,1e19,full,3,1,sequence,4,1982,4940,8353,454,0.7932
moe_coarse_1e19,moe_coarse_1e19,1e19,full,3,2,sequence,4,1982,4940,8353,924,0.6325
moe_coarse_1e19,moe_coarse_1e19,1e19,full,3,3,sequence,4,1982,4940,8353,446,0.8608
moe_coarse_1e19,moe_coarse_1e19,1e19,full,3,4,sequence,4,1982,4940,8353,1494,0.8264
moe_coarse_1e19,moe_coarse_1e19,1e19,full,3,5,sequence,4,1982,4940,8353,326,0.7364
moe_coarse_1e19,moe_coarse_1e19,1e19,full,3,6,sequence,4,1982,4940,8353,182,0.834
moe_coarse_1e19,moe_coarse_1e19,1e19,full,3,7,sequence,4,1982,4940,8353,1115,0.6821
moe_coarse_1e19,moe_coarse_1e19,1e19,full,3,8,sequence,4,1982,4940,8353,758,0.7713
moe_coarse_1e19,moe_coarse_1e19,1e19,full,3,9,sequence,4,1982,4940,8353,531,0.7473
moe_coarse_1e19,moe_coarse_1e19,1e19,full,3,10,sequence,4,1982,4940,8353,659,0.7923
moe_coarse_1e19,moe_coarse_1e19,1e19,full,3,11,sequence,4,1982,4940,8353,357,0.8329
moe_coarse_1e19,moe_coarse_1e19,1e19,full,3,12,sequence,4,1982,4940,8353,750,0.6175
moe_coarse_1e19,moe_coarse_1e19,1e19,full,3,13,sequence,4,1982,4940,8353,512,0.6636
moe_coarse_1e19,moe_coarse_1e19,1e19,full,3,14,sequence,4,1982,4940,8353,338,0.7769
moe_coarse_1e19,moe_coarse_1e19,1e19,full,3,15,sequence,4,1982,4940,8353,544,0.7305
moe_coarse_1e19,moe_coarse_1e19,1e19,full,3,16,sequence,4,1982,4940,8353,1616,0.7051
moe_coarse_1e19,moe_coarse_1e19,1e19,full,3,17,sequence,4,1982,4940,8353,659,0.8481
moe_coarse_1e19,moe_coarse_1e19,1e19,full,3,18,sequence,4,1982,4940,8353,585,0.6675
moe_coarse_1e19,moe_coarse_1e19,1e19,full,3,19,sequence,4,1982,4940,8353,1322,0.7121
moe_coarse_1e19,moe_coarse_1e19,1e19,full,3,20,sequence,4,1982,4940,8353,1273,0.72
moe_coarse_1e19,moe_coarse_1e19,1e19,full,3,21,sequence,4,1982,4940,8353,229,0.8313
moe_coarse_1e19,moe_coarse_1e19,1e19,full,3,22,sequence,4,1982,4940,8353,1109,0.8204
moe_coarse_1e19,moe_coarse_1e19,1e19,full,3,23,sequence,4,1982,4940,8353,788,0.7941
moe_coarse_1e19,moe_coarse_1e19,1e19,full,3,24,sequence,4,1982,4940,8353,1084,0.8517
moe_coarse_1e19,moe_coarse_1e19,1e19,full,3,25,sequence,4,1982,4940,8353,830,0.7367
moe_coarse_1e19,moe_coarse_1e19,1e19,full,3,26,sequence,4,1982,4940,8353,1142,0.7353
moe_coarse_1e19,moe_coarse_1e19,1e19,full,3,27,sequence,4,1982,4940,8353,679,0.9081
moe_coarse_1e19,moe_coarse_1e19,1e19,full,3,28,sequence,4,1982,4940,8353,1115,0.7907
moe_coarse_1e19,moe_coarse_1e19,1e19,full,3,29,sequence,4,1982,4940,8353,454,0.7707
moe_coarse_1e19,moe_coarse_1e19,1e19,full,3,30,sequence,4,1982,4940,8353,535,0.9362
moe_coarse_1e19,moe_coarse_1e19,1e19,full,3,31,sequence,4,1982,4940,8353,757,0.795
moe_coarse_1e19,moe_coarse_1e19,1e19,full,3,32,sequence,4,1982,4940,8353,1030,0.8722
moe_coarse_1e19,moe_coarse_1e19,1e19,full,3,33,sequence,4,1982,4940,8353,242,0.7958
moe_coarse_1e19,moe_coarse_1e19,1e19,full,3,34,sequence,4,1982,4940,8353,458,0.826
moe_coarse_1e19,moe_coarse_1e19,1e19,full,3,35,sequence,4,1982,4940,8353,765,0.8006
moe_coarse_1e19,moe_coarse_1e19,1e19,full,3,36,sequence,4,1982,4940,8353,306,0.8287
moe_coarse_1e19,moe_coarse_1e19,1e19,full,3,37,sequence,4,1982,4940,8353,667,0.7001
moe_coarse_1e19,moe_coarse_1e19,1e19,full,3,38,sequence,4,1982,4940,8353,1321,0.7122
moe_coarse_1e19,moe_coarse_1e19,1e19,full,3,39,sequence,4,1982,4940,8353,724,0.8838
moe_coarse_1e19,moe_coarse_1e19,1e19,full,3,40,sequence,4,1982,4940,8353,1389,0.823
moe_coarse_1e19,moe_coarse_1e19,1e19,full,3,41,sequence,4,1982,4940,8353,522,0.8178
moe_coarse_1e19,moe_coarse_1e19,1e19,full,3,42,sequence,4,1982,4940,8353,887,0.7851
moe_coarse_1e19,moe_coarse_1e19,1e19,full,3,43,sequence,4,1982,4940,8353,362,0.7046
moe_coarse_1e19,moe_coarse_1e19,1e19,full,3,44,sequence,4,1982,4940,8353,780,0.8215
moe_coarse_1e19,moe_coarse_1e19,1e19,full,3,45,sequence,4,1982,4940,8353,647,0.7612
moe_coarse_1e19,moe_coarse_1e19,1e19,full,3,46,sequence,4,1982,4940,8353,727,0.7009
moe_coarse_1e19,moe_coarse_1e19,1e19,full,3,47,sequence,4,1982,4940,8353,904,0.7609
moe_coarse_1e19,moe_coarse_1e19,1e19,full,3,48,sequence,4,1982,4940,8353,1079,0.8182
moe_coarse_1e19,moe_coarse_1e19,1e19,full,3,49,sequence,4,1982,4940,8353,736,0.7517
moe_coarse_1e19,moe_coarse_1e19,1e19,full,3,50,sequence,4,1982,4940,8353,1075,0.8436
moe_coarse_1e19,moe_coarse_1e19,1e19,full,3,51,sequence,4,1982,4940,8353,863,0.7228
moe_coarse_1e19,moe_coarse_1e19,1e19,full,3,52,sequence,4,1982,4940,8353,512,0.7201
moe_coarse_1e19,moe_coarse_1e19,1e19,full,3,53,sequence,4,1982,4940,8353,904,0.7009
moe_coarse_1e19,moe_coarse_1e19,1e19,full,3,54,sequence,4,1982,4940,8353,504,0.8915
moe_coarse_1e19,moe_coarse_1e19,1e19,full,3,55,sequence,4,1982,4940,8353,899,0.7733
moe_coarse_1e19,moe_coarse_1e19,1e19,full,3,56,sequence,4,1982,4940,8353,1489,0.7259
moe_coarse_1e19,moe_coarse_1e19,1e19,full,3,57,sequence,4,1982,4940,8353,141,0.7134
moe_coarse_1e19,moe_coarse_1e19,1e19,full,3,58,sequence,4,1982,4940,8353,1139,0.5506
moe_coarse_1e19,moe_coarse_1e19,1e19,full,3,59,sequence,4,1982,4940,8353,1228,0.7829
moe_coarse_1e19,moe_coarse_1e19,1e19,full,3,60,sequence,4,1982,4940,8353,1294,0.7739
moe_coarse_1e19,moe_coarse_1e19,1e19,full,3,61,sequence,4,1982,4940,8353,834,0.5961
moe_coarse_1e19,moe_coarse_1e19,1e19,full,3,62,sequence,4,1982,4940,8353,612,0.7064
moe_coarse_1e19,moe_coarse_1e19,1e19,full,3,63,sequence,4,1982,4940,8353,286,0.7839
moe_coarse_1e19,moe_coarse_1e19,1e19,full,4,0,sequence,0,1,6,8010,613,0.7564
moe_coarse_1e19,moe_coarse_1e19,1e19,full,4,1,sequence,0,1,6,8010,538,0.7371
moe_coarse_1e19,moe_coarse_1e19,1e19,full,4,2,sequence,0,1,6,8010,688,0.7858
moe_coarse_1e19,moe_coarse_1e19,1e19,full,4,3,sequence,0,1,6,8010,907,0.7944
moe_coarse_1e19,moe_coarse_1e19,1e19,full,4,4,sequence,0,1,6,8010,1274,0.7594
moe_coarse_1e19,moe_coarse_1e19,1e19,full,4,5,sequence,0,1,6,8010,922,0.7422
moe_coarse_1e19,moe_coarse_1e19,1e19,full,4,6,sequence,0,1,6,8010,1818,0.7427
moe_coarse_1e19,moe_coarse_1e19,1e19,full,4,7,sequence,0,1,6,8010,1607,0.7808
moe_coarse_1e19,moe_coarse_1e19,1e19,full,4,8,sequence,0,1,6,8010,984,0.7381
moe_coarse_1e19,moe_coarse_1e19,1e19,full,4,9,sequence,0,1,6,8010,1560,0.793
moe_coarse_1e19,moe_coarse_1e19,1e19,full,4,10,sequence,0,1,6,8010,1255,0.732
moe_coarse_1e19,moe_coarse_1e19,1e19,full,4,11,sequence,0,1,6,8010,376,0.6868
moe_coarse_1e19,moe_coarse_1e19,1e19,full,4,12,sequence,0,1,6,8010,557,0.739
moe_coarse_1e19,moe_coarse_1e19,1e19,full,4,13,sequence,0,1,6,8010,159,0.6783
moe_coarse_1e19,moe_coarse_1e19,1e19,full,4,14,sequence,0,1,6,8010,981,0.7394
moe_coarse_1e19,moe_coarse_1e19,1e19,full,4,15,sequence,0,1,6,8010,616,0.7366
moe_coarse_1e19,moe_coarse_1e19,1e19,full,4,16,sequence,0,1,6,8010,378,0.7438
moe_coarse_1e19,moe_coarse_1e19,1e19,full,4,17,sequence,0,1,6,8010,1022,0.7224
moe_coarse_1e19,moe_coarse_1e19,1e19,full,4,18,sequence,0,1,6,8010,854,0.6874
moe_coarse_1e19,moe_coarse_1e19,1e19,full,4,19,sequence,0,1,6,8010,1065,0.7799
moe_coarse_1e19,moe_coarse_1e19,1e19,full,4,20,sequence,0,1,6,8010,722,0.6889
moe_coarse_1e19,moe_coarse_1e19,1e19,full,4,21,sequence,0,1,6,8010,721,0.7492
moe_coarse_1e19,moe_coarse_1e19,1e19,full,4,22,sequence,0,1,6,8010,814,0.654
moe_coarse_1e19,moe_coarse_1e19,1e19,full,4,23,sequence,0,1,6,8010,150,0.751
moe_coarse_1e19,moe_coarse_1e19,1e19,full,4,24,sequence,0,1,6,8010,101,0.7312
moe_coarse_1e19,moe_coarse_1e19,1e19,full,4,25,sequence,0,1,6,8010,149,0.6977
moe_coarse_1e19,moe_coarse_1e19,1e19,full,4,26,sequence,0,1,6,8010,359,0.6492
moe_coarse_1e19,moe_coarse_1e19,1e19,full,4,27,sequence,0,1,6,8010,632,0.7592
moe_coarse_1e19,moe_coarse_1e19,1e19,full,4,28,sequence,0,1,6,8010,1055,0.7928
moe_coarse_1e19,moe_coarse_1e19,1e19,full,4,29,sequence,0,1,6,8010,1458,0.7682
moe_coarse_1e19,moe_coarse_1e19,1e19,full,4,30,sequence,0,1,6,8010,355,0.6674
moe_coarse_1e19,moe_coarse_1e19,1e19,full,4,31,sequence,0,1,6,8010,341,0.6701
moe_coarse_1e19,moe_coarse_1e19,1e19,full,4,32,sequence,0,1,6,8010,363,0.6721
moe_coarse_1e19,moe_coarse_1e19,1e19,full,4,33,sequence,0,1,6,8010,1305,0.7396
moe_coarse_1e19,moe_coarse_1e19,1e19,full,4,34,sequence,0,1,6,8010,620,0.7088
moe_coarse_1e19,moe_coarse_1e19,1e19,full,4,35,sequence,0,1,6,8010,923,0.7651
moe_coarse_1e19,moe_coarse_1e19,1e19,full,4,36,sequence,0,1,6,8010,571,0.674
moe_coarse_1e19,moe_coarse_1e19,1e19,full,4,37,sequence,0,1,6,8010,729,0.7062
moe_coarse_1e19,moe_coarse_1e19,1e19,full,4,38,sequence,0,1,6,8010,363,0.7169
moe_coarse_1e19,moe_coarse_1e19,1e19,full,4,39,sequence,0,1,6,8010,547,0.6926
moe_coarse_1e19,moe_coarse_1e19,1e19,full,4,40,sequence,0,1,6,8010,809,0.7195
moe_coarse_1e19,moe_coarse_1e19,1e19,full,4,41,sequence,0,1,6,8010,893,0.7444
moe_coarse_1e19,moe_coarse_1e19,1e19,full,4,42,sequence,0,1,6,8010,1260,0.7469
moe_coarse_1e19,moe_coarse_1e19,1e19,full,4,43,sequence,0,1,6,8010,145,0.6034
moe_coarse_1e19,moe_coarse_1e19,1e19,full,4,44,sequence,0,1,6,8010,248,0.6374
moe_coarse_1e19,moe_coarse_1e19,1e19,full,4,45,sequence,0,1,6,8010,1526,0.7979
moe_coarse_1e19,moe_coarse_1e19,1e19,full,4,46,sequence,0,1,6,8010,616,0.7274
moe_coarse_1e19,moe_coarse_1e19,1e19,full,4,47,sequence,0,1,6,8010,689,0.7001
moe_coarse_1e19,moe_coarse_1e19,1e19,full,4,48,sequence,0,1,6,8010,549,0.7372
moe_coarse_1e19,moe_coarse_1e19,1e19,full,4,49,sequence,0,1,6,8010,275,0.7007
moe_coarse_1e19,moe_coarse_1e19,1e19,full,4,50,sequence,0,1,6,8010,311,0.6683
moe_coarse_1e19,moe_coarse_1e19,1e19,full,4,51,sequence,0,1,6,8010,229,0.7111
moe_coarse_1e19,moe_coarse_1e19,1e19,full,4,52,sequence,0,1,6,8010,1058,0.7664
moe_coarse_1e19,moe_coarse_1e19,1e19,full,4,53,sequence,0,1,6,8010,1338,0.6907
moe_coarse_1e19,moe_coarse_1e19,1e19,full,4,54,sequence,0,1,6,8010,199,0.7419
moe_coarse_1e19,moe_coarse_1e19,1e19,full,4,55,sequence,0,1,6,8010,715,0.7149
moe_coarse_1e19,moe_coarse_1e19,1e19,full,4,56,sequence,0,1,6,8010,719,0.7267
moe_coarse_1e19,moe_coarse_1e19,1e19,full,4,57,sequence,0,1,6,8010,934,0.7499
moe_coarse_1e19,moe_coarse_1e19,1e19,full,4,58,sequence,0,1,6,8010,1051,0.7696
moe_coarse_1e19,moe_coarse_1e19,1e19,full,4,59,sequence,0,1,6,8010,1364,0.7517
moe_coarse_1e19,moe_coarse_1e19,1e19,full,4,60,sequence,0,1,6,8010,268,0.7004
moe_coarse_1e19,moe_coarse_1e19,1e19,full,4,61,sequence,0,1,6,8010,1321,0.7568
moe_coarse_1e19,moe_coarse_1e19,1e19,full,4,62,sequence,0,1,6,8010,94,0.7497
moe_coarse_1e19,moe_coarse_1e19,1e19,full,4,63,sequence,0,1,6,8010,997,0.7241
moe_coarse_1e19,moe_coarse_1e19,1e19,full,4,0,sequence,1,6,32,7866,971,0.797
moe_coarse_1e19,moe_coarse_1e19,1e19,full,4,1,sequence,1,6,32,7866,440,0.8246
moe_coarse_1e19,moe_coarse_1e19,1e19,full,4,2,sequence,1,6,32,7866,817,0.8082
moe_coarse_1e19,moe_coarse_1e19,1e19,full,4,3,sequence,1,6,32,7866,839,0.886
moe_coarse_1e19,moe_coarse_1e19,1e19,full,4,4,sequence,1,6,32,7866,1047,0.782
moe_coarse_1e19,moe_coarse_1e19,1e19,full,4,5,sequence,1,6,32,7866,990,0.8262
moe_coarse_1e19,moe_coarse_1e19,1e19,full,4,6,sequence,1,6,32,7866,962,0.8262
moe_coarse_1e19,moe_coarse_1e19,1e19,full,4,7,sequence,1,6,32,7866,1037,0.8681
moe_coarse_1e19,moe_coarse_1e19,1e19,full,4,8,sequence,1,6,32,7866,500,0.7613
moe_coarse_1e19,moe_coarse_1e19,1e19,full,4,9,sequence,1,6,32,7866,1434,0.8471
moe_coarse_1e19,moe_coarse_1e19,1e19,full,4,10,sequence,1,6,32,7866,875,0.8002
moe_coarse_1e19,moe_coarse_1e19,1e19,full,4,11,sequence,1,6,32,7866,662,0.7657
moe_coarse_1e19,moe_coarse_1e19,1e19,full,4,12,sequence,1,6,32,7866,712,0.7633
moe_coarse_1e19,moe_coarse_1e19,1e19,full,4,13,sequence,1,6,32,7866,549,0.7396
moe_coarse_1e19,moe_coarse_1e19,1e19,full,4,14,sequence,1,6,32,7866,622,0.8033
moe_coarse_1e19,moe_coarse_1e19,1e19,full,4,15,sequence,1,6,32,7866,891,0.7429
moe_coarse_1e19,moe_coarse_1e19,1e19,full,4,16,sequence,1,6,32,7866,568,0.7701
moe_coarse_1e19,moe_coarse_1e19,1e19,full,4,17,sequence,1,6,32,7866,513,0.731
moe_coarse_1e19,moe_coarse_1e19,1e19,full,4,18,sequence,1,6,32,7866,638,0.7609
moe_coarse_1e19,moe_coarse_1e19,1e19,full,4,19,sequence,1,6,32,7866,889,0.8448
moe_coarse_1e19,moe_coarse_1e19,1e19,full,4,20,sequence,1,6,32,7866,748,0.7365
moe_coarse_1e19,moe_coarse_1e19,1e19,full,4,21,sequence,1,6,32,7866,542,0.7789
moe_coarse_1e19,moe_coarse_1e19,1e19,full,4,22,sequence,1,6,32,7866,835,0.7156
moe_coarse_1e19,moe_coarse_1e19,1e19,full,4,23,sequence,1,6,32,7866,416,0.7595
moe_coarse_1e19,moe_coarse_1e19,1e19,full,4,24,sequence,1,6,32,7866,513,0.7522
moe_coarse_1e19,moe_coarse_1e19,1e19,full,4,25,sequence,1,6,32,7866,419,0.7877
moe_coarse_1e19,moe_coarse_1e19,1e19,full,4,26,sequence,1,6,32,7866,620,0.6785
moe_coarse_1e19,moe_coarse_1e19,1e19,full,4,27,sequence,1,6,32,7866,595,0.8231
moe_coarse_1e19,moe_coarse_1e19,1e19,full,4,28,sequence,1,6,32,7866,563,0.8171
moe_coarse_1e19,moe_coarse_1e19,1e19,full,4,29,sequence,1,6,32,7866,1306,0.8429
moe_coarse_1e19,moe_coarse_1e19,1e19,full,4,30,sequence,1,6,32,7866,814,0.721
moe_coarse_1e19,moe_coarse_1e19,1e19,full,4,31,sequence,1,6,32,7866,569,0.8041
moe_coarse_1e19,moe_coarse_1e19,1e19,full,4,32,sequence,1,6,32,7866,372,0.7364
moe_coarse_1e19,moe_coarse_1e19,1e19,full,4,33,sequence,1,6,32,7866,783,0.8214
moe_coarse_1e19,moe_coarse_1e19,1e19,full,4,34,sequence,1,6,32,7866,630,0.766
moe_coarse_1e19,moe_coarse_1e19,1e19,full,4,35,sequence,1,6,32,7866,989,0.8165
moe_coarse_1e19,moe_coarse_1e19,1e19,full,4,36,sequence,1,6,32,7866,601,0.7056
moe_coarse_1e19,moe_coarse_1e19,1e19,full,4,37,sequence,1,6,32,7866,697,0.8071
moe_coarse_1e19,moe_coarse_1e19,1e19,full,4,38,sequence,1,6,32,7866,546,0.7969
moe_coarse_1e19,moe_coarse_1e19,1e19,full,4,39,sequence,1,6,32,7866,662,0.7852
moe_coarse_1e19,moe_coarse_1e19,1e19,full,4,40,sequence,1,6,32,7866,1108,0.8042
moe_coarse_1e19,moe_coarse_1e19,1e19,full,4,41,sequence,1,6,32,7866,721,0.8079
moe_coarse_1e19,moe_coarse_1e19,1e19,full,4,42,sequence,1,6,32,7866,1100,0.8282
moe_coarse_1e19,moe_coarse_1e19,1e19,full,4,43,sequence,1,6,32,7866,497,0.7007
moe_coarse_1e19,moe_coarse_1e19,1e19,full,4,44,sequence,1,6,32,7866,306,0.739
moe_coarse_1e19,moe_coarse_1e19,1e19,full,4,45,sequence,1,6,32,7866,1129,0.8511
moe_coarse_1e19,moe_coarse_1e19,1e19,full,4,46,sequence,1,6,32,7866,1063,0.8387
moe_coarse_1e19,moe_coarse_1e19,1e19,full,4,47,sequence,1,6,32,7866,659,0.766
moe_coarse_1e19,moe_coarse_1e19,1e19,full,4,48,sequence,1,6,32,7866,525,0.794
moe_coarse_1e19,moe_coarse_1e19,1e19,full,4,49,sequence,1,6,32,7866,358,0.7493
moe_coarse_1e19,moe_coarse_1e19,1e19,full,4,50,sequence,1,6,32,7866,785,0.7218
moe_coarse_1e19,moe_coarse_1e19,1e19,full,4,51,sequence,1,6,32,7866,472,0.7603
moe_coarse_1e19,moe_coarse_1e19,1e19,full,4,52,sequence,1,6,32,7866,619,0.8049
moe_coarse_1e19,moe_coarse_1e19,1e19,full,4,53,sequence,1,6,32,7866,923,0.7701
moe_coarse_1e19,moe_coarse_1e19,1e19,full,4,54,sequence,1,6,32,7866,427,0.8243
moe_coarse_1e19,moe_coarse_1e19,1e19,full,4,55,sequence,1,6,32,7866,896,0.8173
moe_coarse_1e19,moe_coarse_1e19,1e19,full,4,56,sequence,1,6,32,7866,622,0.8017
moe_coarse_1e19,moe_coarse_1e19,1e19,full,4,57,sequence,1,6,32,7866,1130,0.8451
moe_coarse_1e19,moe_coarse_1e19,1e19,full,4,58,sequence,1,6,32,7866,767,0.8097
moe_coarse_1e19,moe_coarse_1e19,1e19,full,4,59,sequence,1,6,32,7866,1104,0.8254
moe_coarse_1e19,moe_coarse_1e19,1e19,full,4,60,sequence,1,6,32,7866,558,0.7324
moe_coarse_1e19,moe_coarse_1e19,1e19,full,4,61,sequence,1,6,32,7866,1026,0.8114
moe_coarse_1e19,moe_coarse_1e19,1e19,full,4,62,sequence,1,6,32,7866,501,0.7473
moe_coarse_1e19,moe_coarse_1e19,1e19,full,4,63,sequence,1,6,32,7866,724,0.7884
moe_coarse_1e19,moe_coarse_1e19,1e19,full,4,0,sequence,2,32,221,7700,1194,0.8589
moe_coarse_1e19,moe_coarse_1e19,1e19,full,4,1,sequence,2,32,221,7700,509,0.9371
moe_coarse_1e19,moe_coarse_1e19,1e19,full,4,2,sequence,2,32,221,7700,805,0.8712
moe_coarse_1e19,moe_coarse_1e19,1e19,full,4,3,sequence,2,32,221,7700,756,0.948
moe_coarse_1e19,moe_coarse_1e19,1e19,full,4,4,sequence,2,32,221,7700,514,0.8717
moe_coarse_1e19,moe_coarse_1e19,1e19,full,4,5,sequence,2,32,221,7700,708,0.8743
moe_coarse_1e19,moe_coarse_1e19,1e19,full,4,6,sequence,2,32,221,7700,345,0.9032
moe_coarse_1e19,moe_coarse_1e19,1e19,full,4,7,sequence,2,32,221,7700,298,0.8951
moe_coarse_1e19,moe_coarse_1e19,1e19,full,4,8,sequence,2,32,221,7700,486,0.8462
moe_coarse_1e19,moe_coarse_1e19,1e19,full,4,9,sequence,2,32,221,7700,384,0.9135
moe_coarse_1e19,moe_coarse_1e19,1e19,full,4,10,sequence,2,32,221,7700,541,0.9161
moe_coarse_1e19,moe_coarse_1e19,1e19,full,4,11,sequence,2,32,221,7700,859,0.8956
moe_coarse_1e19,moe_coarse_1e19,1e19,full,4,12,sequence,2,32,221,7700,782,0.8691
moe_coarse_1e19,moe_coarse_1e19,1e19,full,4,13,sequence,2,32,221,7700,807,0.8522
moe_coarse_1e19,moe_coarse_1e19,1e19,full,4,14,sequence,2,32,221,7700,651,0.8602
moe_coarse_1e19,moe_coarse_1e19,1e19,full,4,15,sequence,2,32,221,7700,1083,0.8877
moe_coarse_1e19,moe_coarse_1e19,1e19,full,4,16,sequence,2,32,221,7700,801,0.8693
moe_coarse_1e19,moe_coarse_1e19,1e19,full,4,17,sequence,2,32,221,7700,489,0.7767
moe_coarse_1e19,moe_coarse_1e19,1e19,full,4,18,sequence,2,32,221,7700,487,0.874
moe_coarse_1e19,moe_coarse_1e19,1e19,full,4,19,sequence,2,32,221,7700,502,0.9217
moe_coarse_1e19,moe_coarse_1e19,1e19,full,4,20,sequence,2,32,221,7700,721,0.8166
moe_coarse_1e19,moe_coarse_1e19,1e19,full,4,21,sequence,2,32,221,7700,863,0.9316
moe_coarse_1e19,moe_coarse_1e19,1e19,full,4,22,sequence,2,32,221,7700,699,0.8542
moe_coarse_1e19,moe_coarse_1e19,1e19,full,4,23,sequence,2,32,221,7700,1044,0.896
moe_coarse_1e19,moe_coarse_1e19,1e19,full,4,24,sequence,2,32,221,7700,1114,0.8833
moe_coarse_1e19,moe_coarse_1e19,1e19,full,4,25,sequence,2,32,221,7700,956,0.9042
moe_coarse_1e19,moe_coarse_1e19,1e19,full,4,26,sequence,2,32,221,7700,819,0.8062
moe_coarse_1e19,moe_coarse_1e19,1e19,full,4,27,sequence,2,32,221,7700,439,0.8788
moe_coarse_1e19,moe_coarse_1e19,1e19,full,4,28,sequence,2,32,221,7700,551,0.8463
moe_coarse_1e19,moe_coarse_1e19,1e19,full,4,29,sequence,2,32,221,7700,509,0.9256
moe_coarse_1e19,moe_coarse_1e19,1e19,full,4,30,sequence,2,32,221,7700,1096,0.8015
moe_coarse_1e19,moe_coarse_1e19,1e19,full,4,31,sequence,2,32,221,7700,958,0.9072
moe_coarse_1e19,moe_coarse_1e19,1e19,full,4,32,sequence,2,32,221,7700,586,0.8478
moe_coarse_1e19,moe_coarse_1e19,1e19,full,4,33,sequence,2,32,221,7700,574,0.9225
moe_coarse_1e19,moe_coarse_1e19,1e19,full,4,34,sequence,2,32,221,7700,759,0.888
moe_coarse_1e19,moe_coarse_1e19,1e19,full,4,35,sequence,2,32,221,7700,1067,0.9426
moe_coarse_1e19,moe_coarse_1e19,1e19,full,4,36,sequence,2,32,221,7700,1024,0.8653
moe_coarse_1e19,moe_coarse_1e19,1e19,full,4,37,sequence,2,32,221,7700,526,0.8141
moe_coarse_1e19,moe_coarse_1e19,1e19,full,4,38,sequence,2,32,221,7700,1135,0.9265
moe_coarse_1e19,moe_coarse_1e19,1e19,full,4,39,sequence,2,32,221,7700,616,0.8424
moe_coarse_1e19,moe_coarse_1e19,1e19,full,4,40,sequence,2,32,221,7700,992,0.8808
moe_coarse_1e19,moe_coarse_1e19,1e19,full,4,41,sequence,2,32,221,7700,365,0.8668
moe_coarse_1e19,moe_coarse_1e19,1e19,full,4,42,sequence,2,32,221,7700,740,0.8914
moe_coarse_1e19,moe_coarse_1e19,1e19,full,4,43,sequence,2,32,221,7700,1118,0.7921
moe_coarse_1e19,moe_coarse_1e19,1e19,full,4,44,sequence,2,32,221,7700,1024,0.8519
moe_coarse_1e19,moe_coarse_1e19,1e19,full,4,45,sequence,2,32,221,7700,604,0.9158
moe_coarse_1e19,moe_coarse_1e19,1e19,full,4,46,sequence,2,32,221,7700,697,0.9392
moe_coarse_1e19,moe_coarse_1e19,1e19,full,4,47,sequence,2,32,221,7700,598,0.8378
moe_coarse_1e19,moe_coarse_1e19,1e19,full,4,48,sequence,2,32,221,7700,966,0.9234
moe_coarse_1e19,moe_coarse_1e19,1e19,full,4,49,sequence,2,32,221,7700,513,0.8425
moe_coarse_1e19,moe_coarse_1e19,1e19,full,4,50,sequence,2,32,221,7700,1171,0.8483
moe_coarse_1e19,moe_coarse_1e19,1e19,full,4,51,sequence,2,32,221,7700,592,0.8921
moe_coarse_1e19,moe_coarse_1e19,1e19,full,4,52,sequence,2,32,221,7700,382,0.9273
moe_coarse_1e19,moe_coarse_1e19,1e19,full,4,53,sequence,2,32,221,7700,621,0.8747
moe_coarse_1e19,moe_coarse_1e19,1e19,full,4,54,sequence,2,32,221,7700,777,0.8452
moe_coarse_1e19,moe_coarse_1e19,1e19,full,4,55,sequence,2,32,221,7700,898,0.8939
moe_coarse_1e19,moe_coarse_1e19,1e19,full,4,56,sequence,2,32,221,7700,480,0.8697
moe_coarse_1e19,moe_coarse_1e19,1e19,full,4,57,sequence,2,32,221,7700,1085,0.9258
moe_coarse_1e19,moe_coarse_1e19,1e19,full,4,58,sequence,2,32,221,7700,327,0.8719
moe_coarse_1e19,moe_coarse_1e19,1e19,full,4,59,sequence,2,32,221,7700,249,0.9158
moe_coarse_1e19,moe_coarse_1e19,1e19,full,4,60,sequence,2,32,221,7700,885,0.8475
moe_coarse_1e19,moe_coarse_1e19,1e19,full,4,61,sequence,2,32,221,7700,455,0.9416
moe_coarse_1e19,moe_coarse_1e19,1e19,full,4,62,sequence,2,32,221,7700,1102,0.7918
moe_coarse_1e19,moe_coarse_1e19,1e19,full,4,63,sequence,2,32,221,7700,502,0.8904
moe_coarse_1e19,moe_coarse_1e19,1e19,full,4,0,sequence,3,238,1429,6983,735,0.8242
moe_coarse_1e19,moe_coarse_1e19,1e19,full,4,1,sequence,3,238,1429,6983,571,0.8929
moe_coarse_1e19,moe_coarse_1e19,1e19,full,4,2,sequence,3,238,1429,6983,940,0.8498
moe_coarse_1e19,moe_coarse_1e19,1e19,full,4,3,sequence,3,238,1429,6983,594,0.9399
moe_coarse_1e19,moe_coarse_1e19,1e19,full,4,4,sequence,3,238,1429,6983,137,0.7444
moe_coarse_1e19,moe_coarse_1e19,1e19,full,4,5,sequence,3,238,1429,6983,630,0.9283
moe_coarse_1e19,moe_coarse_1e19,1e19,full,4,6,sequence,3,238,1429,6983,198,0.8795
moe_coarse_1e19,moe_coarse_1e19,1e19,full,4,7,sequence,3,238,1429,6983,189,0.8845
moe_coarse_1e19,moe_coarse_1e19,1e19,full,4,8,sequence,3,238,1429,6983,1029,0.8902
moe_coarse_1e19,moe_coarse_1e19,1e19,full,4,9,sequence,3,238,1429,6983,167,0.8847
moe_coarse_1e19,moe_coarse_1e19,1e19,full,4,10,sequence,3,238,1429,6983,882,0.9321
moe_coarse_1e19,moe_coarse_1e19,1e19,full,4,11,sequence,3,238,1429,6983,1038,0.8373
moe_coarse_1e19,moe_coarse_1e19,1e19,full,4,12,sequence,3,238,1429,6983,487,0.8372
moe_coarse_1e19,moe_coarse_1e19,1e19,full,4,13,sequence,3,238,1429,6983,752,0.8116
moe_coarse_1e19,moe_coarse_1e19,1e19,full,4,14,sequence,3,238,1429,6983,287,0.9285
moe_coarse_1e19,moe_coarse_1e19,1e19,full,4,15,sequence,3,238,1429,6983,613,0.9139
moe_coarse_1e19,moe_coarse_1e19,1e19,full,4,16,sequence,3,238,1429,6983,1016,0.8734
moe_coarse_1e19,moe_coarse_1e19,1e19,full,4,17,sequence,3,238,1429,6983,600,0.8136
moe_coarse_1e19,moe_coarse_1e19,1e19,full,4,18,sequence,3,238,1429,6983,613,0.8575
moe_coarse_1e19,moe_coarse_1e19,1e19,full,4,19,sequence,3,238,1429,6983,423,0.9228
moe_coarse_1e19,moe_coarse_1e19,1e19,full,4,20,sequence,3,238,1429,6983,811,0.8672
moe_coarse_1e19,moe_coarse_1e19,1e19,full,4,21,sequence,3,238,1429,6983,680,0.9131
moe_coarse_1e19,moe_coarse_1e19,1e19,full,4,22,sequence,3,238,1429,6983,761,0.8773
moe_coarse_1e19,moe_coarse_1e19,1e19,full,4,23,sequence,3,238,1429,6983,1331,0.9016
moe_coarse_1e19,moe_coarse_1e19,1e19,full,4,24,sequence,3,238,1429,6983,979,0.8789
moe_coarse_1e19,moe_coarse_1e19,1e19,full,4,25,sequence,3,238,1429,6983,1081,0.8561
moe_coarse_1e19,moe_coarse_1e19,1e19,full,4,26,sequence,3,238,1429,6983,874,0.7856
moe_coarse_1e19,moe_coarse_1e19,1e19,full,4,27,sequence,3,238,1429,6983,597,0.8832
moe_coarse_1e19,moe_coarse_1e19,1e19,full,4,28,sequence,3,238,1429,6983,257,0.9187
moe_coarse_1e19,moe_coarse_1e19,1e19,full,4,29,sequence,3,238,1429,6983,152,0.9175
moe_coarse_1e19,moe_coarse_1e19,1e19,full,4,30,sequence,3,238,1429,6983,805,0.7942
moe_coarse_1e19,moe_coarse_1e19,1e19,full,4,31,sequence,3,238,1429,6983,920,0.8989
moe_coarse_1e19,moe_coarse_1e19,1e19,full,4,32,sequence,3,238,1429,6983,839,0.836
moe_coarse_1e19,moe_coarse_1e19,1e19,full,4,33,sequence,3,238,1429,6983,246,0.9241
moe_coarse_1e19,moe_coarse_1e19,1e19,full,4,34,sequence,3,238,1429,6983,899,0.8798
moe_coarse_1e19,moe_coarse_1e19,1e19,full,4,35,sequence,3,238,1429,6983,728,0.921
moe_coarse_1e19,moe_coarse_1e19,1e19,full,4,36,sequence,3,238,1429,6983,995,0.8231
moe_coarse_1e19,moe_coarse_1e19,1e19,full,4,37,sequence,3,238,1429,6983,626,0.8117
moe_coarse_1e19,moe_coarse_1e19,1e19,full,4,38,sequence,3,238,1429,6983,1494,0.9428
moe_coarse_1e19,moe_coarse_1e19,1e19,full,4,39,sequence,3,238,1429,6983,870,0.8587
moe_coarse_1e19,moe_coarse_1e19,1e19,full,4,40,sequence,3,238,1429,6983,589,0.9024
moe_coarse_1e19,moe_coarse_1e19,1e19,full,4,41,sequence,3,238,1429,6983,328,0.8884
moe_coarse_1e19,moe_coarse_1e19,1e19,full,4,42,sequence,3,238,1429,6983,179,0.9079
moe_coarse_1e19,moe_coarse_1e19,1e19,full,4,43,sequence,3,238,1429,6983,1116,0.8313
moe_coarse_1e19,moe_coarse_1e19,1e19,full,4,44,sequence,3,238,1429,6983,926,0.831
moe_coarse_1e19,moe_coarse_1e19,1e19,full,4,45,sequence,3,238,1429,6983,247,0.9388
moe_coarse_1e19,moe_coarse_1e19,1e19,full,4,46,sequence,3,238,1429,6983,355,0.949
moe_coarse_1e19,moe_coarse_1e19,1e19,full,4,47,sequence,3,238,1429,6983,483,0.8591
moe_coarse_1e19,moe_coarse_1e19,1e19,full,4,48,sequence,3,238,1429,6983,728,0.8665
moe_coarse_1e19,moe_coarse_1e19,1e19,full,4,49,sequence,3,238,1429,6983,770,0.7753
moe_coarse_1e19,moe_coarse_1e19,1e19,full,4,50,sequence,3,238,1429,6983,1114,0.8036
moe_coarse_1e19,moe_coarse_1e19,1e19,full,4,51,sequence,3,238,1429,6983,805,0.8688
moe_coarse_1e19,moe_coarse_1e19,1e19,full,4,52,sequence,3,238,1429,6983,225,0.9306
moe_coarse_1e19,moe_coarse_1e19,1e19,full,4,53,sequence,3,238,1429,6983,415,0.8644
moe_coarse_1e19,moe_coarse_1e19,1e19,full,4,54,sequence,3,238,1429,6983,1124,0.8185
moe_coarse_1e19,moe_coarse_1e19,1e19,full,4,55,sequence,3,238,1429,6983,570,0.8946
moe_coarse_1e19,moe_coarse_1e19,1e19,full,4,56,sequence,3,238,1429,6983,607,0.9022
moe_coarse_1e19,moe_coarse_1e19,1e19,full,4,57,sequence,3,238,1429,6983,142,0.8846
moe_coarse_1e19,moe_coarse_1e19,1e19,full,4,58,sequence,3,238,1429,6983,361,0.8607
moe_coarse_1e19,moe_coarse_1e19,1e19,full,4,59,sequence,3,238,1429,6983,163,0.9332
moe_coarse_1e19,moe_coarse_1e19,1e19,full,4,60,sequence,3,238,1429,6983,1000,0.8407
moe_coarse_1e19,moe_coarse_1e19,1e19,full,4,61,sequence,3,238,1429,6983,188,0.8238
moe_coarse_1e19,moe_coarse_1e19,1e19,full,4,62,sequence,3,238,1429,6983,1093,0.8069
moe_coarse_1e19,moe_coarse_1e19,1e19,full,4,63,sequence,3,238,1429,6983,524,0.8399
moe_coarse_1e19,moe_coarse_1e19,1e19,full,4,0,sequence,4,1982,4940,8353,411,0.7532
moe_coarse_1e19,moe_coarse_1e19,1e19,full,4,1,sequence,4,1982,4940,8353,1524,0.8576
moe_coarse_1e19,moe_coarse_1e19,1e19,full,4,2,sequence,4,1982,4940,8353,560,0.7554
moe_coarse_1e19,moe_coarse_1e19,1e19,full,4,3,sequence,4,1982,4940,8353,471,0.8193
moe_coarse_1e19,moe_coarse_1e19,1e19,full,4,4,sequence,4,1982,4940,8353,721,0.8793
moe_coarse_1e19,moe_coarse_1e19,1e19,full,4,5,sequence,4,1982,4940,8353,373,0.9089
moe_coarse_1e19,moe_coarse_1e19,1e19,full,4,6,sequence,4,1982,4940,8353,210,0.6272
moe_coarse_1e19,moe_coarse_1e19,1e19,full,4,7,sequence,4,1982,4940,8353,434,0.7761
moe_coarse_1e19,moe_coarse_1e19,1e19,full,4,8,sequence,4,1982,4940,8353,673,0.7758
moe_coarse_1e19,moe_coarse_1e19,1e19,full,4,9,sequence,4,1982,4940,8353,190,0.8681
moe_coarse_1e19,moe_coarse_1e19,1e19,full,4,10,sequence,4,1982,4940,8353,220,0.9079
moe_coarse_1e19,moe_coarse_1e19,1e19,full,4,11,sequence,4,1982,4940,8353,1097,0.7567
moe_coarse_1e19,moe_coarse_1e19,1e19,full,4,12,sequence,4,1982,4940,8353,1050,0.9064
moe_coarse_1e19,moe_coarse_1e19,1e19,full,4,13,sequence,4,1982,4940,8353,1805,0.764
moe_coarse_1e19,moe_coarse_1e19,1e19,full,4,14,sequence,4,1982,4940,8353,911,0.7807
moe_coarse_1e19,moe_coarse_1e19,1e19,full,4,15,sequence,4,1982,4940,8353,402,0.8298
moe_coarse_1e19,moe_coarse_1e19,1e19,full,4,16,sequence,4,1982,4940,8353,1051,0.8034
moe_coarse_1e19,moe_coarse_1e19,1e19,full,4,17,sequence,4,1982,4940,8353,995,0.7489
moe_coarse_1e19,moe_coarse_1e19,1e19,full,4,18,sequence,4,1982,4940,8353,965,0.6848
moe_coarse_1e19,moe_coarse_1e19,1e19,full,4,19,sequence,4,1982,4940,8353,690,0.7333
moe_coarse_1e19,moe_coarse_1e19,1e19,full,4,20,sequence,4,1982,4940,8353,813,0.8052
moe_coarse_1e19,moe_coarse_1e19,1e19,full,4,21,sequence,4,1982,4940,8353,828,0.73
moe_coarse_1e19,moe_coarse_1e19,1e19,full,4,22,sequence,4,1982,4940,8353,785,0.7732
moe_coarse_1e19,moe_coarse_1e19,1e19,full,4,23,sequence,4,1982,4940,8353,1003,0.8405
moe_coarse_1e19,moe_coarse_1e19,1e19,full,4,24,sequence,4,1982,4940,8353,1101,0.8858
moe_coarse_1e19,moe_coarse_1e19,1e19,full,4,25,sequence,4,1982,4940,8353,1103,0.7492
moe_coarse_1e19,moe_coarse_1e19,1e19,full,4,26,sequence,4,1982,4940,8353,867,0.796
moe_coarse_1e19,moe_coarse_1e19,1e19,full,4,27,sequence,4,1982,4940,8353,1331,0.713
moe_coarse_1e19,moe_coarse_1e19,1e19,full,4,28,sequence,4,1982,4940,8353,636,0.8615
moe_coarse_1e19,moe_coarse_1e19,1e19,full,4,29,sequence,4,1982,4940,8353,463,0.8748
moe_coarse_1e19,moe_coarse_1e19,1e19,full,4,30,sequence,4,1982,4940,8353,517,0.719
moe_coarse_1e19,moe_coarse_1e19,1e19,full,4,31,sequence,4,1982,4940,8353,941,0.7989
moe_coarse_1e19,moe_coarse_1e19,1e19,full,4,32,sequence,4,1982,4940,8353,1438,0.6901
moe_coarse_1e19,moe_coarse_1e19,1e19,full,4,33,sequence,4,1982,4940,8353,917,0.8181
moe_coarse_1e19,moe_coarse_1e19,1e19,full,4,34,sequence,4,1982,4940,8353,523,0.8606
moe_coarse_1e19,moe_coarse_1e19,1e19,full,4,35,sequence,4,1982,4940,8353,109,0.6386
moe_coarse_1e19,moe_coarse_1e19,1e19,full,4,36,sequence,4,1982,4940,8353,806,0.6825
moe_coarse_1e19,moe_coarse_1e19,1e19,full,4,37,sequence,4,1982,4940,8353,1006,0.7736
moe_coarse_1e19,moe_coarse_1e19,1e19,full,4,38,sequence,4,1982,4940,8353,221,0.7536
moe_coarse_1e19,moe_coarse_1e19,1e19,full,4,39,sequence,4,1982,4940,8353,1166,0.7104
moe_coarse_1e19,moe_coarse_1e19,1e19,full,4,40,sequence,4,1982,4940,8353,288,0.7569
moe_coarse_1e19,moe_coarse_1e19,1e19,full,4,41,sequence,4,1982,4940,8353,417,0.771
moe_coarse_1e19,moe_coarse_1e19,1e19,full,4,42,sequence,4,1982,4940,8353,308,0.8513
moe_coarse_1e19,moe_coarse_1e19,1e19,full,4,43,sequence,4,1982,4940,8353,718,0.6814
moe_coarse_1e19,moe_coarse_1e19,1e19,full,4,44,sequence,4,1982,4940,8353,1103,0.7012
moe_coarse_1e19,moe_coarse_1e19,1e19,full,4,45,sequence,4,1982,4940,8353,766,0.7446
moe_coarse_1e19,moe_coarse_1e19,1e19,full,4,46,sequence,4,1982,4940,8353,604,0.8696
moe_coarse_1e19,moe_coarse_1e19,1e19,full,4,47,sequence,4,1982,4940,8353,1048,0.8203
moe_coarse_1e19,moe_coarse_1e19,1e19,full,4,48,sequence,4,1982,4940,8353,579,0.7115
moe_coarse_1e19,moe_coarse_1e19,1e19,full,4,49,sequence,4,1982,4940,8353,1664,0.6861
moe_coarse_1e19,moe_coarse_1e19,1e19,full,4,50,sequence,4,1982,4940,8353,212,0.7849
moe_coarse_1e19,moe_coarse_1e19,1e19,full,4,51,sequence,4,1982,4940,8353,1508,0.8293
moe_coarse_1e19,moe_coarse_1e19,1e19,full,4,52,sequence,4,1982,4940,8353,1363,0.6922
moe_coarse_1e19,moe_coarse_1e19,1e19,full,4,53,sequence,4,1982,4940,8353,345,0.6051
moe_coarse_1e19,moe_coarse_1e19,1e19,full,4,54,sequence,4,1982,4940,8353,1178,0.8006
moe_coarse_1e19,moe_coarse_1e19,1e19,full,4,55,sequence,4,1982,4940,8353,831,0.7561
moe_coarse_1e19,moe_coarse_1e19,1e19,full,4,56,sequence,4,1982,4940,8353,1051,0.7376
moe_coarse_1e19,moe_coarse_1e19,1e19,full,4,57,sequence,4,1982,4940,8353,256,0.8326
moe_coarse_1e19,moe_coarse_1e19,1e19,full,4,58,sequence,4,1982,4940,8353,820,0.839
moe_coarse_1e19,moe_coarse_1e19,1e19,full,4,59,sequence,4,1982,4940,8353,715,0.7887
moe_coarse_1e19,moe_coarse_1e19,1e19,full,4,60,sequence,4,1982,4940,8353,908,0.6918
moe_coarse_1e19,moe_coarse_1e19,1e19,full,4,61,sequence,4,1982,4940,8353,446,0.8409
moe_coarse_1e19,moe_coarse_1e19,1e19,full,4,62,sequence,4,1982,4940,8353,799,0.7518
moe_coarse_1e19,moe_coarse_1e19,1e19,full,4,63,sequence,4,1982,4940,8353,864,0.8746
moe_coarse_1e19,moe_coarse_1e19,1e19,full,5,0,sequence,0,1,6,8010,740,0.7445
moe_coarse_1e19,moe_coarse_1e19,1e19,full,5,1,sequence,0,1,6,8010,627,0.6901
moe_coarse_1e19,moe_coarse_1e19,1e19,full,5,2,sequence,0,1,6,8010,1536,0.7361
moe_coarse_1e19,moe_coarse_1e19,1e19,full,5,3,sequence,0,1,6,8010,148,0.7019
moe_coarse_1e19,moe_coarse_1e19,1e19,full,5,4,sequence,0,1,6,8010,174,0.6115
moe_coarse_1e19,moe_coarse_1e19,1e19,full,5,5,sequence,0,1,6,8010,477,0.6933
moe_coarse_1e19,moe_coarse_1e19,1e19,full,5,6,sequence,0,1,6,8010,745,0.7755
moe_coarse_1e19,moe_coarse_1e19,1e19,full,5,7,sequence,0,1,6,8010,1119,0.72
moe_coarse_1e19,moe_coarse_1e19,1e19,full,5,8,sequence,0,1,6,8010,715,0.764
moe_coarse_1e19,moe_coarse_1e19,1e19,full,5,9,sequence,0,1,6,8010,2228,0.672
moe_coarse_1e19,moe_coarse_1e19,1e19,full,5,10,sequence,0,1,6,8010,179,0.7261
moe_coarse_1e19,moe_coarse_1e19,1e19,full,5,11,sequence,0,1,6,8010,1686,0.744
moe_coarse_1e19,moe_coarse_1e19,1e19,full,5,12,sequence,0,1,6,8010,251,0.6429
moe_coarse_1e19,moe_coarse_1e19,1e19,full,5,13,sequence,0,1,6,8010,1508,0.7525
moe_coarse_1e19,moe_coarse_1e19,1e19,full,5,14,sequence,0,1,6,8010,1131,0.7141
moe_coarse_1e19,moe_coarse_1e19,1e19,full,5,15,sequence,0,1,6,8010,523,0.7135
moe_coarse_1e19,moe_coarse_1e19,1e19,full,5,16,sequence,0,1,6,8010,606,0.6993
moe_coarse_1e19,moe_coarse_1e19,1e19,full,5,17,sequence,0,1,6,8010,849,0.7635
moe_coarse_1e19,moe_coarse_1e19,1e19,full,5,18,sequence,0,1,6,8010,63,0.738
moe_coarse_1e19,moe_coarse_1e19,1e19,full,5,19,sequence,0,1,6,8010,1412,0.7636
moe_coarse_1e19,moe_coarse_1e19,1e19,full,5,20,sequence,0,1,6,8010,75,0.7217
moe_coarse_1e19,moe_coarse_1e19,1e19,full,5,21,sequence,0,1,6,8010,945,0.6836
moe_coarse_1e19,moe_coarse_1e19,1e19,full,5,22,sequence,0,1,6,8010,669,0.735
moe_coarse_1e19,moe_coarse_1e19,1e19,full,5,23,sequence,0,1,6,8010,655,0.6785
moe_coarse_1e19,moe_coarse_1e19,1e19,full,5,24,sequence,0,1,6,8010,964,0.7015
moe_coarse_1e19,moe_coarse_1e19,1e19,full,5,25,sequence,0,1,6,8010,642,0.6939
moe_coarse_1e19,moe_coarse_1e19,1e19,full,5,26,sequence,0,1,6,8010,223,0.7623
moe_coarse_1e19,moe_coarse_1e19,1e19,full,5,27,sequence,0,1,6,8010,837,0.7061
moe_coarse_1e19,moe_coarse_1e19,1e19,full,5,28,sequence,0,1,6,8010,977,0.7166
moe_coarse_1e19,moe_coarse_1e19,1e19,full,5,29,sequence,0,1,6,8010,1719,0.72
moe_coarse_1e19,moe_coarse_1e19,1e19,full,5,30,sequence,0,1,6,8010,703,0.6524
moe_coarse_1e19,moe_coarse_1e19,1e19,full,5,31,sequence,0,1,6,8010,239,0.7204
moe_coarse_1e19,moe_coarse_1e19,1e19,full,5,32,sequence,0,1,6,8010,1102,0.6924
moe_coarse_1e19,moe_coarse_1e19,1e19,full,5,33,sequence,0,1,6,8010,917,0.6537
moe_coarse_1e19,moe_coarse_1e19,1e19,full,5,34,sequence,0,1,6,8010,456,0.7715
moe_coarse_1e19,moe_coarse_1e19,1e19,full,5,35,sequence,0,1,6,8010,444,0.7689
moe_coarse_1e19,moe_coarse_1e19,1e19,full,5,36,sequence,0,1,6,8010,204,0.7089
moe_coarse_1e19,moe_coarse_1e19,1e19,full,5,37,sequence,0,1,6,8010,500,0.8122
moe_coarse_1e19,moe_coarse_1e19,1e19,full,5,38,sequence,0,1,6,8010,969,0.6836
moe_coarse_1e19,moe_coarse_1e19,1e19,full,5,39,sequence,0,1,6,8010,1461,0.7573
moe_coarse_1e19,moe_coarse_1e19,1e19,full,5,40,sequence,0,1,6,8010,923,0.6861
moe_coarse_1e19,moe_coarse_1e19,1e19,full,5,41,sequence,0,1,6,8010,383,0.6751
moe_coarse_1e19,moe_coarse_1e19,1e19,full,5,42,sequence,0,1,6,8010,446,0.6671
moe_coarse_1e19,moe_coarse_1e19,1e19,full,5,43,sequence,0,1,6,8010,721,0.6879
moe_coarse_1e19,moe_coarse_1e19,1e19,full,5,44,sequence,0,1,6,8010,174,0.7351
moe_coarse_1e19,moe_coarse_1e19,1e19,full,5,45,sequence,0,1,6,8010,278,0.7286
moe_coarse_1e19,moe_coarse_1e19,1e19,full,5,46,sequence,0,1,6,8010,312,0.6429
moe_coarse_1e19,moe_coarse_1e19,1e19,full,5,47,sequence,0,1,6,8010,1513,0.7646
moe_coarse_1e19,moe_coarse_1e19,1e19,full,5,48,sequence,0,1,6,8010,428,0.698
moe_coarse_1e19,moe_coarse_1e19,1e19,full,5,49,sequence,0,1,6,8010,1200,0.7475
moe_coarse_1e19,moe_coarse_1e19,1e19,full,5,50,sequence,0,1,6,8010,757,0.7321
moe_coarse_1e19,moe_coarse_1e19,1e19,full,5,51,sequence,0,1,6,8010,1615,0.7588
moe_coarse_1e19,moe_coarse_1e19,1e19,full,5,52,sequence,0,1,6,8010,160,0.7386
moe_coarse_1e19,moe_coarse_1e19,1e19,full,5,53,sequence,0,1,6,8010,904,0.72
moe_coarse_1e19,moe_coarse_1e19,1e19,full,5,54,sequence,0,1,6,8010,776,0.6782
moe_coarse_1e19,moe_coarse_1e19,1e19,full,5,55,sequence,0,1,6,8010,109,0.6604
moe_coarse_1e19,moe_coarse_1e19,1e19,full,5,56,sequence,0,1,6,8010,554,0.7297
moe_coarse_1e19,moe_coarse_1e19,1e19,full,5,57,sequence,0,1,6,8010,1052,0.7238
moe_coarse_1e19,moe_coarse_1e19,1e19,full,5,58,sequence,0,1,6,8010,1185,0.7675
moe_coarse_1e19,moe_coarse_1e19,1e19,full,5,59,sequence,0,1,6,8010,465,0.6359
moe_coarse_1e19,moe_coarse_1e19,1e19,full,5,60,sequence,0,1,6,8010,176,0.6429
moe_coarse_1e19,moe_coarse_1e19,1e19,full,5,61,sequence,0,1,6,8010,734,0.6935
moe_coarse_1e19,moe_coarse_1e19,1e19,full,5,62,sequence,0,1,6,8010,654,0.7321
moe_coarse_1e19,moe_coarse_1e19,1e19,full,5,63,sequence,0,1,6,8010,1123,0.6974
moe_coarse_1e19,moe_coarse_1e19,1e19,full,5,0,sequence,1,6,32,7866,536,0.7881
moe_coarse_1e19,moe_coarse_1e19,1e19,full,5,1,sequence,1,6,32,7866,750,0.7857
moe_coarse_1e19,moe_coarse_1e19,1e19,full,5,2,sequence,1,6,32,7866,1050,0.8058
moe_coarse_1e19,moe_coarse_1e19,1e19,full,5,3,sequence,1,6,32,7866,375,0.7545
moe_coarse_1e19,moe_coarse_1e19,1e19,full,5,4,sequence,1,6,32,7866,330,0.704
moe_coarse_1e19,moe_coarse_1e19,1e19,full,5,5,sequence,1,6,32,7866,777,0.7657
moe_coarse_1e19,moe_coarse_1e19,1e19,full,5,6,sequence,1,6,32,7866,766,0.7972
moe_coarse_1e19,moe_coarse_1e19,1e19,full,5,7,sequence,1,6,32,7866,1291,0.7918
moe_coarse_1e19,moe_coarse_1e19,1e19,full,5,8,sequence,1,6,32,7866,588,0.8191
moe_coarse_1e19,moe_coarse_1e19,1e19,full,5,9,sequence,1,6,32,7866,1166,0.7756
moe_coarse_1e19,moe_coarse_1e19,1e19,full,5,10,sequence,1,6,32,7866,405,0.8073
moe_coarse_1e19,moe_coarse_1e19,1e19,full,5,11,sequence,1,6,32,7866,1114,0.8471
moe_coarse_1e19,moe_coarse_1e19,1e19,full,5,12,sequence,1,6,32,7866,356,0.7349
moe_coarse_1e19,moe_coarse_1e19,1e19,full,5,13,sequence,1,6,32,7866,995,0.7848
moe_coarse_1e19,moe_coarse_1e19,1e19,full,5,14,sequence,1,6,32,7866,1406,0.7965
moe_coarse_1e19,moe_coarse_1e19,1e19,full,5,15,sequence,1,6,32,7866,1111,0.7666
moe_coarse_1e19,moe_coarse_1e19,1e19,full,5,16,sequence,1,6,32,7866,474,0.7911
moe_coarse_1e19,moe_coarse_1e19,1e19,full,5,17,sequence,1,6,32,7866,493,0.8203
moe_coarse_1e19,moe_coarse_1e19,1e19,full,5,18,sequence,1,6,32,7866,282,0.7717
moe_coarse_1e19,moe_coarse_1e19,1e19,full,5,19,sequence,1,6,32,7866,1301,0.8375
moe_coarse_1e19,moe_coarse_1e19,1e19,full,5,20,sequence,1,6,32,7866,231,0.8048
moe_coarse_1e19,moe_coarse_1e19,1e19,full,5,21,sequence,1,6,32,7866,1179,0.7766
moe_coarse_1e19,moe_coarse_1e19,1e19,full,5,22,sequence,1,6,32,7866,504,0.7477
moe_coarse_1e19,moe_coarse_1e19,1e19,full,5,23,sequence,1,6,32,7866,920,0.7413
moe_coarse_1e19,moe_coarse_1e19,1e19,full,5,24,sequence,1,6,32,7866,1063,0.7838
moe_coarse_1e19,moe_coarse_1e19,1e19,full,5,25,sequence,1,6,32,7866,715,0.7349
moe_coarse_1e19,moe_coarse_1e19,1e19,full,5,26,sequence,1,6,32,7866,500,0.8344
moe_coarse_1e19,moe_coarse_1e19,1e19,full,5,27,sequence,1,6,32,7866,993,0.7867
moe_coarse_1e19,moe_coarse_1e19,1e19,full,5,28,sequence,1,6,32,7866,856,0.8143
moe_coarse_1e19,moe_coarse_1e19,1e19,full,5,29,sequence,1,6,32,7866,1002,0.7925
moe_coarse_1e19,moe_coarse_1e19,1e19,full,5,30,sequence,1,6,32,7866,435,0.7155
moe_coarse_1e19,moe_coarse_1e19,1e19,full,5,31,sequence,1,6,32,7866,410,0.7981
moe_coarse_1e19,moe_coarse_1e19,1e19,full,5,32,sequence,1,6,32,7866,739,0.7288
moe_coarse_1e19,moe_coarse_1e19,1e19,full,5,33,sequence,1,6,32,7866,651,0.748
moe_coarse_1e19,moe_coarse_1e19,1e19,full,5,34,sequence,1,6,32,7866,717,0.8019
moe_coarse_1e19,moe_coarse_1e19,1e19,full,5,35,sequence,1,6,32,7866,537,0.8324
moe_coarse_1e19,moe_coarse_1e19,1e19,full,5,36,sequence,1,6,32,7866,369,0.8133
moe_coarse_1e19,moe_coarse_1e19,1e19,full,5,37,sequence,1,6,32,7866,421,0.8744
moe_coarse_1e19,moe_coarse_1e19,1e19,full,5,38,sequence,1,6,32,7866,949,0.7453
moe_coarse_1e19,moe_coarse_1e19,1e19,full,5,39,sequence,1,6,32,7866,1023,0.8253
moe_coarse_1e19,moe_coarse_1e19,1e19,full,5,40,sequence,1,6,32,7866,586,0.8041
moe_coarse_1e19,moe_coarse_1e19,1e19,full,5,41,sequence,1,6,32,7866,720,0.7739
moe_coarse_1e19,moe_coarse_1e19,1e19,full,5,42,sequence,1,6,32,7866,486,0.7538
moe_coarse_1e19,moe_coarse_1e19,1e19,full,5,43,sequence,1,6,32,7866,555,0.7526
moe_coarse_1e19,moe_coarse_1e19,1e19,full,5,44,sequence,1,6,32,7866,553,0.7817
moe_coarse_1e19,moe_coarse_1e19,1e19,full,5,45,sequence,1,6,32,7866,431,0.7794
moe_coarse_1e19,moe_coarse_1e19,1e19,full,5,46,sequence,1,6,32,7866,397,0.751
moe_coarse_1e19,moe_coarse_1e19,1e19,full,5,47,sequence,1,6,32,7866,1434,0.8281
moe_coarse_1e19,moe_coarse_1e19,1e19,full,5,48,sequence,1,6,32,7866,555,0.8132
moe_coarse_1e19,moe_coarse_1e19,1e19,full,5,49,sequence,1,6,32,7866,1193,0.8257
moe_coarse_1e19,moe_coarse_1e19,1e19,full,5,50,sequence,1,6,32,7866,748,0.8016
moe_coarse_1e19,moe_coarse_1e19,1e19,full,5,51,sequence,1,6,32,7866,889,0.8172
moe_coarse_1e19,moe_coarse_1e19,1e19,full,5,52,sequence,1,6,32,7866,375,0.7671
moe_coarse_1e19,moe_coarse_1e19,1e19,full,5,53,sequence,1,6,32,7866,1233,0.7251
moe_coarse_1e19,moe_coarse_1e19,1e19,full,5,54,sequence,1,6,32,7866,907,0.7774
moe_coarse_1e19,moe_coarse_1e19,1e19,full,5,55,sequence,1,6,32,7866,332,0.6824
moe_coarse_1e19,moe_coarse_1e19,1e19,full,5,56,sequence,1,6,32,7866,589,0.7739
moe_coarse_1e19,moe_coarse_1e19,1e19,full,5,57,sequence,1,6,32,7866,1134,0.7924
moe_coarse_1e19,moe_coarse_1e19,1e19,full,5,58,sequence,1,6,32,7866,1095,0.8323
moe_coarse_1e19,moe_coarse_1e19,1e19,full,5,59,sequence,1,6,32,7866,612,0.7024
moe_coarse_1e19,moe_coarse_1e19,1e19,full,5,60,sequence,1,6,32,7866,351,0.7879
moe_coarse_1e19,moe_coarse_1e19,1e19,full,5,61,sequence,1,6,32,7866,490,0.7572
moe_coarse_1e19,moe_coarse_1e19,1e19,full,5,62,sequence,1,6,32,7866,915,0.778
moe_coarse_1e19,moe_coarse_1e19,1e19,full,5,63,sequence,1,6,32,7866,836,0.7872
moe_coarse_1e19,moe_coarse_1e19,1e19,full,5,0,sequence,2,32,221,7700,376,0.8451
moe_coarse_1e19,moe_coarse_1e19,1e19,full,5,1,sequence,2,32,221,7700,880,0.8109
moe_coarse_1e19,moe_coarse_1e19,1e19,full,5,2,sequence,2,32,221,7700,700,0.837
moe_coarse_1e19,moe_coarse_1e19,1e19,full,5,3,sequence,2,32,221,7700,813,0.9179
moe_coarse_1e19,moe_coarse_1e19,1e19,full,5,4,sequence,2,32,221,7700,500,0.8254
moe_coarse_1e19,moe_coarse_1e19,1e19,full,5,5,sequence,2,32,221,7700,1066,0.865
moe_coarse_1e19,moe_coarse_1e19,1e19,full,5,6,sequence,2,32,221,7700,809,0.8419
moe_coarse_1e19,moe_coarse_1e19,1e19,full,5,7,sequence,2,32,221,7700,934,0.8723
moe_coarse_1e19,moe_coarse_1e19,1e19,full,5,8,sequence,2,32,221,7700,452,0.8316
moe_coarse_1e19,moe_coarse_1e19,1e19,full,5,9,sequence,2,32,221,7700,279,0.7712
moe_coarse_1e19,moe_coarse_1e19,1e19,full,5,10,sequence,2,32,221,7700,923,0.8764
moe_coarse_1e19,moe_coarse_1e19,1e19,full,5,11,sequence,2,32,221,7700,374,0.83
moe_coarse_1e19,moe_coarse_1e19,1e19,full,5,12,sequence,2,32,221,7700,577,0.8302
moe_coarse_1e19,moe_coarse_1e19,1e19,full,5,13,sequence,2,32,221,7700,268,0.7905
moe_coarse_1e19,moe_coarse_1e19,1e19,full,5,14,sequence,2,32,221,7700,833,0.8592
moe_coarse_1e19,moe_coarse_1e19,1e19,full,5,15,sequence,2,32,221,7700,1018,0.8498
moe_coarse_1e19,moe_coarse_1e19,1e19,full,5,16,sequence,2,32,221,7700,515,0.8022
moe_coarse_1e19,moe_coarse_1e19,1e19,full,5,17,sequence,2,32,221,7700,489,0.9174
moe_coarse_1e19,moe_coarse_1e19,1e19,full,5,18,sequence,2,32,221,7700,680,0.8639
moe_coarse_1e19,moe_coarse_1e19,1e19,full,5,19,sequence,2,32,221,7700,658,0.866
moe_coarse_1e19,moe_coarse_1e19,1e19,full,5,20,sequence,2,32,221,7700,879,0.849
moe_coarse_1e19,moe_coarse_1e19,1e19,full,5,21,sequence,2,32,221,7700,978,0.8507
moe_coarse_1e19,moe_coarse_1e19,1e19,full,5,22,sequence,2,32,221,7700,454,0.8124
moe_coarse_1e19,moe_coarse_1e19,1e19,full,5,23,sequence,2,32,221,7700,857,0.8037
moe_coarse_1e19,moe_coarse_1e19,1e19,full,5,24,sequence,2,32,221,7700,1029,0.9244
moe_coarse_1e19,moe_coarse_1e19,1e19,full,5,25,sequence,2,32,221,7700,694,0.8604
moe_coarse_1e19,moe_coarse_1e19,1e19,full,5,26,sequence,2,32,221,7700,1375,0.8759
moe_coarse_1e19,moe_coarse_1e19,1e19,full,5,27,sequence,2,32,221,7700,906,0.9315
moe_coarse_1e19,moe_coarse_1e19,1e19,full,5,28,sequence,2,32,221,7700,815,0.9027
moe_coarse_1e19,moe_coarse_1e19,1e19,full,5,29,sequence,2,32,221,7700,459,0.8301
moe_coarse_1e19,moe_coarse_1e19,1e19,full,5,30,sequence,2,32,221,7700,358,0.816
moe_coarse_1e19,moe_coarse_1e19,1e19,full,5,31,sequence,2,32,221,7700,904,0.9349
moe_coarse_1e19,moe_coarse_1e19,1e19,full,5,32,sequence,2,32,221,7700,543,0.8312
moe_coarse_1e19,moe_coarse_1e19,1e19,full,5,33,sequence,2,32,221,7700,453,0.8353
moe_coarse_1e19,moe_coarse_1e19,1e19,full,5,34,sequence,2,32,221,7700,1352,0.8726
moe_coarse_1e19,moe_coarse_1e19,1e19,full,5,35,sequence,2,32,221,7700,1364,0.9067
moe_coarse_1e19,moe_coarse_1e19,1e19,full,5,36,sequence,2,32,221,7700,523,0.8416
moe_coarse_1e19,moe_coarse_1e19,1e19,full,5,37,sequence,2,32,221,7700,365,0.922
moe_coarse_1e19,moe_coarse_1e19,1e19,full,5,38,sequence,2,32,221,7700,772,0.8798
moe_coarse_1e19,moe_coarse_1e19,1e19,full,5,39,sequence,2,32,221,7700,553,0.8862
moe_coarse_1e19,moe_coarse_1e19,1e19,full,5,40,sequence,2,32,221,7700,357,0.8133
moe_coarse_1e19,moe_coarse_1e19,1e19,full,5,41,sequence,2,32,221,7700,1264,0.9036
moe_coarse_1e19,moe_coarse_1e19,1e19,full,5,42,sequence,2,32,221,7700,406,0.7956
moe_coarse_1e19,moe_coarse_1e19,1e19,full,5,43,sequence,2,32,221,7700,875,0.8886
moe_coarse_1e19,moe_coarse_1e19,1e19,full,5,44,sequence,2,32,221,7700,1285,0.8408
moe_coarse_1e19,moe_coarse_1e19,1e19,full,5,45,sequence,2,32,221,7700,779,0.9147
moe_coarse_1e19,moe_coarse_1e19,1e19,full,5,46,sequence,2,32,221,7700,631,0.843
moe_coarse_1e19,moe_coarse_1e19,1e19,full,5,47,sequence,2,32,221,7700,665,0.8894
moe_coarse_1e19,moe_coarse_1e19,1e19,full,5,48,sequence,2,32,221,7700,578,0.9041
moe_coarse_1e19,moe_coarse_1e19,1e19,full,5,49,sequence,2,32,221,7700,591,0.903
moe_coarse_1e19,moe_coarse_1e19,1e19,full,5,50,sequence,2,32,221,7700,812,0.8933
moe_coarse_1e19,moe_coarse_1e19,1e19,full,5,51,sequence,2,32,221,7700,445,0.8913
moe_coarse_1e19,moe_coarse_1e19,1e19,full,5,52,sequence,2,32,221,7700,991,0.9122
moe_coarse_1e19,moe_coarse_1e19,1e19,full,5,53,sequence,2,32,221,7700,947,0.8381
moe_coarse_1e19,moe_coarse_1e19,1e19,full,5,54,sequence,2,32,221,7700,386,0.8558
moe_coarse_1e19,moe_coarse_1e19,1e19,full,5,55,sequence,2,32,221,7700,1012,0.8585
moe_coarse_1e19,moe_coarse_1e19,1e19,full,5,56,sequence,2,32,221,7700,751,0.9207
moe_coarse_1e19,moe_coarse_1e19,1e19,full,5,57,sequence,2,32,221,7700,733,0.8838
moe_coarse_1e19,moe_coarse_1e19,1e19,full,5,58,sequence,2,32,221,7700,717,0.9224
moe_coarse_1e19,moe_coarse_1e19,1e19,full,5,59,sequence,2,32,221,7700,723,0.8068
moe_coarse_1e19,moe_coarse_1e19,1e19,full,5,60,sequence,2,32,221,7700,813,0.8614
moe_coarse_1e19,moe_coarse_1e19,1e19,full,5,61,sequence,2,32,221,7700,317,0.8688
moe_coarse_1e19,moe_coarse_1e19,1e19,full,5,62,sequence,2,32,221,7700,786,0.9144
moe_coarse_1e19,moe_coarse_1e19,1e19,full,5,63,sequence,2,32,221,7700,559,0.872
moe_coarse_1e19,moe_coarse_1e19,1e19,full,5,0,sequence,3,238,1429,6983,336,0.9232
moe_coarse_1e19,moe_coarse_1e19,1e19,full,5,1,sequence,3,238,1429,6983,676,0.7838
moe_coarse_1e19,moe_coarse_1e19,1e19,full,5,2,sequence,3,238,1429,6983,333,0.7613
moe_coarse_1e19,moe_coarse_1e19,1e19,full,5,3,sequence,3,238,1429,6983,819,0.8792
moe_coarse_1e19,moe_coarse_1e19,1e19,full,5,4,sequence,3,238,1429,6983,915,0.8622
moe_coarse_1e19,moe_coarse_1e19,1e19,full,5,5,sequence,3,238,1429,6983,864,0.9101
moe_coarse_1e19,moe_coarse_1e19,1e19,full,5,6,sequence,3,238,1429,6983,549,0.7572
moe_coarse_1e19,moe_coarse_1e19,1e19,full,5,7,sequence,3,238,1429,6983,171,0.8538
moe_coarse_1e19,moe_coarse_1e19,1e19,full,5,8,sequence,3,238,1429,6983,559,0.8238
moe_coarse_1e19,moe_coarse_1e19,1e19,full,5,9,sequence,3,238,1429,6983,31,0.8157
moe_coarse_1e19,moe_coarse_1e19,1e19,full,5,10,sequence,3,238,1429,6983,1275,0.8083
moe_coarse_1e19,moe_coarse_1e19,1e19,full,5,11,sequence,3,238,1429,6983,284,0.9331
moe_coarse_1e19,moe_coarse_1e19,1e19,full,5,12,sequence,3,238,1429,6983,795,0.7869
moe_coarse_1e19,moe_coarse_1e19,1e19,full,5,13,sequence,3,238,1429,6983,143,0.8392
moe_coarse_1e19,moe_coarse_1e19,1e19,full,5,14,sequence,3,238,1429,6983,288,0.8865
moe_coarse_1e19,moe_coarse_1e19,1e19,full,5,15,sequence,3,238,1429,6983,435,0.8235
moe_coarse_1e19,moe_coarse_1e19,1e19,full,5,16,sequence,3,238,1429,6983,720,0.8307
moe_coarse_1e19,moe_coarse_1e19,1e19,full,5,17,sequence,3,238,1429,6983,633,0.8652
moe_coarse_1e19,moe_coarse_1e19,1e19,full,5,18,sequence,3,238,1429,6983,689,0.8163
moe_coarse_1e19,moe_coarse_1e19,1e19,full,5,19,sequence,3,238,1429,6983,160,0.8391
moe_coarse_1e19,moe_coarse_1e19,1e19,full,5,20,sequence,3,238,1429,6983,1356,0.8104
moe_coarse_1e19,moe_coarse_1e19,1e19,full,5,21,sequence,3,238,1429,6983,429,0.8577
moe_coarse_1e19,moe_coarse_1e19,1e19,full,5,22,sequence,3,238,1429,6983,1192,0.8212
moe_coarse_1e19,moe_coarse_1e19,1e19,full,5,23,sequence,3,238,1429,6983,794,0.8003
moe_coarse_1e19,moe_coarse_1e19,1e19,full,5,24,sequence,3,238,1429,6983,437,0.9301
moe_coarse_1e19,moe_coarse_1e19,1e19,full,5,25,sequence,3,238,1429,6983,760,0.8546
moe_coarse_1e19,moe_coarse_1e19,1e19,full,5,26,sequence,3,238,1429,6983,1108,0.8343
moe_coarse_1e19,moe_coarse_1e19,1e19,full,5,27,sequence,3,238,1429,6983,993,0.9495
moe_coarse_1e19,moe_coarse_1e19,1e19,full,5,28,sequence,3,238,1429,6983,358,0.865
moe_coarse_1e19,moe_coarse_1e19,1e19,full,5,29,sequence,3,238,1429,6983,338,0.7795
moe_coarse_1e19,moe_coarse_1e19,1e19,full,5,30,sequence,3,238,1429,6983,347,0.7744
moe_coarse_1e19,moe_coarse_1e19,1e19,full,5,31,sequence,3,238,1429,6983,1293,0.9242
moe_coarse_1e19,moe_coarse_1e19,1e19,full,5,32,sequence,3,238,1429,6983,398,0.8123
moe_coarse_1e19,moe_coarse_1e19,1e19,full,5,33,sequence,3,238,1429,6983,315,0.8136
moe_coarse_1e19,moe_coarse_1e19,1e19,full,5,34,sequence,3,238,1429,6983,950,0.9022
moe_coarse_1e19,moe_coarse_1e19,1e19,full,5,35,sequence,3,238,1429,6983,796,0.8842
moe_coarse_1e19,moe_coarse_1e19,1e19,full,5,36,sequence,3,238,1429,6983,1082,0.8103
moe_coarse_1e19,moe_coarse_1e19,1e19,full,5,37,sequence,3,238,1429,6983,573,0.8813
moe_coarse_1e19,moe_coarse_1e19,1e19,full,5,38,sequence,3,238,1429,6983,560,0.9276
moe_coarse_1e19,moe_coarse_1e19,1e19,full,5,39,sequence,3,238,1429,6983,406,0.8483
moe_coarse_1e19,moe_coarse_1e19,1e19,full,5,40,sequence,3,238,1429,6983,424,0.83
moe_coarse_1e19,moe_coarse_1e19,1e19,full,5,41,sequence,3,238,1429,6983,1090,0.9422
moe_coarse_1e19,moe_coarse_1e19,1e19,full,5,42,sequence,3,238,1429,6983,831,0.7673
moe_coarse_1e19,moe_coarse_1e19,1e19,full,5,43,sequence,3,238,1429,6983,1193,0.9095
moe_coarse_1e19,moe_coarse_1e19,1e19,full,5,44,sequence,3,238,1429,6983,1065,0.8023
moe_coarse_1e19,moe_coarse_1e19,1e19,full,5,45,sequence,3,238,1429,6983,1005,0.8736
moe_coarse_1e19,moe_coarse_1e19,1e19,full,5,46,sequence,3,238,1429,6983,750,0.8625
moe_coarse_1e19,moe_coarse_1e19,1e19,full,5,47,sequence,3,238,1429,6983,116,0.8653
moe_coarse_1e19,moe_coarse_1e19,1e19,full,5,48,sequence,3,238,1429,6983,1322,0.9217
moe_coarse_1e19,moe_coarse_1e19,1e19,full,5,49,sequence,3,238,1429,6983,186,0.8552
moe_coarse_1e19,moe_coarse_1e19,1e19,full,5,50,sequence,3,238,1429,6983,713,0.8556
moe_coarse_1e19,moe_coarse_1e19,1e19,full,5,51,sequence,3,238,1429,6983,201,0.8425
moe_coarse_1e19,moe_coarse_1e19,1e19,full,5,52,sequence,3,238,1429,6983,1206,0.8736
moe_coarse_1e19,moe_coarse_1e19,1e19,full,5,53,sequence,3,238,1429,6983,380,0.8345
moe_coarse_1e19,moe_coarse_1e19,1e19,full,5,54,sequence,3,238,1429,6983,403,0.9334
moe_coarse_1e19,moe_coarse_1e19,1e19,full,5,55,sequence,3,238,1429,6983,1441,0.8823
moe_coarse_1e19,moe_coarse_1e19,1e19,full,5,56,sequence,3,238,1429,6983,598,0.8726
moe_coarse_1e19,moe_coarse_1e19,1e19,full,5,57,sequence,3,238,1429,6983,462,0.888
moe_coarse_1e19,moe_coarse_1e19,1e19,full,5,58,sequence,3,238,1429,6983,301,0.8988
moe_coarse_1e19,moe_coarse_1e19,1e19,full,5,59,sequence,3,238,1429,6983,610,0.7724
moe_coarse_1e19,moe_coarse_1e19,1e19,full,5,60,sequence,3,238,1429,6983,1133,0.8648
moe_coarse_1e19,moe_coarse_1e19,1e19,full,5,61,sequence,3,238,1429,6983,512,0.8302
moe_coarse_1e19,moe_coarse_1e19,1e19,full,5,62,sequence,3,238,1429,6983,501,0.9317
moe_coarse_1e19,moe_coarse_1e19,1e19,full,5,63,sequence,3,238,1429,6983,295,0.82
moe_coarse_1e19,moe_coarse_1e19,1e19,full,5,0,sequence,4,1982,4940,8353,1472,0.8755
moe_coarse_1e19,moe_coarse_1e19,1e19,full,5,1,sequence,4,1982,4940,8353,655,0.7435
moe_coarse_1e19,moe_coarse_1e19,1e19,full,5,2,sequence,4,1982,4940,8353,285,0.7989
moe_coarse_1e19,moe_coarse_1e19,1e19,full,5,3,sequence,4,1982,4940,8353,1490,0.765
moe_coarse_1e19,moe_coarse_1e19,1e19,full,5,4,sequence,4,1982,4940,8353,1687,0.6965
moe_coarse_1e19,moe_coarse_1e19,1e19,full,5,5,sequence,4,1982,4940,8353,689,0.8918
moe_coarse_1e19,moe_coarse_1e19,1e19,full,5,6,sequence,4,1982,4940,8353,978,0.719
moe_coarse_1e19,moe_coarse_1e19,1e19,full,5,7,sequence,4,1982,4940,8353,353,0.8974
moe_coarse_1e19,moe_coarse_1e19,1e19,full,5,8,sequence,4,1982,4940,8353,1063,0.7132
moe_coarse_1e19,moe_coarse_1e19,1e19,full,5,9,sequence,4,1982,4940,8353,30,0.8262
moe_coarse_1e19,moe_coarse_1e19,1e19,full,5,10,sequence,4,1982,4940,8353,830,0.7862
moe_coarse_1e19,moe_coarse_1e19,1e19,full,5,11,sequence,4,1982,4940,8353,83,0.6303
moe_coarse_1e19,moe_coarse_1e19,1e19,full,5,12,sequence,4,1982,4940,8353,1859,0.7844
moe_coarse_1e19,moe_coarse_1e19,1e19,full,5,13,sequence,4,1982,4940,8353,401,0.7254
moe_coarse_1e19,moe_coarse_1e19,1e19,full,5,14,sequence,4,1982,4940,8353,11,0.9062
moe_coarse_1e19,moe_coarse_1e19,1e19,full,5,15,sequence,4,1982,4940,8353,672,0.7714
moe_coarse_1e19,moe_coarse_1e19,1e19,full,5,16,sequence,4,1982,4940,8353,1225,0.6883
moe_coarse_1e19,moe_coarse_1e19,1e19,full,5,17,sequence,4,1982,4940,8353,933,0.7389
moe_coarse_1e19,moe_coarse_1e19,1e19,full,5,18,sequence,4,1982,4940,8353,2093,0.8906
moe_coarse_1e19,moe_coarse_1e19,1e19,full,5,19,sequence,4,1982,4940,8353,128,0.6234
moe_coarse_1e19,moe_coarse_1e19,1e19,full,5,20,sequence,4,1982,4940,8353,986,0.6799
moe_coarse_1e19,moe_coarse_1e19,1e19,full,5,21,sequence,4,1982,4940,8353,547,0.8015
moe_coarse_1e19,moe_coarse_1e19,1e19,full,5,22,sequence,4,1982,4940,8353,1067,0.6947
moe_coarse_1e19,moe_coarse_1e19,1e19,full,5,23,sequence,4,1982,4940,8353,607,0.8506
moe_coarse_1e19,moe_coarse_1e19,1e19,full,5,24,sequence,4,1982,4940,8353,185,0.8477
moe_coarse_1e19,moe_coarse_1e19,1e19,full,5,25,sequence,4,1982,4940,8353,860,0.7593
moe_coarse_1e19,moe_coarse_1e19,1e19,full,5,26,sequence,4,1982,4940,8353,443,0.7867
moe_coarse_1e19,moe_coarse_1e19,1e19,full,5,27,sequence,4,1982,4940,8353,620,0.8663
moe_coarse_1e19,moe_coarse_1e19,1e19,full,5,28,sequence,4,1982,4940,8353,759,0.7816
moe_coarse_1e19,moe_coarse_1e19,1e19,full,5,29,sequence,4,1982,4940,8353,461,0.7461
moe_coarse_1e19,moe_coarse_1e19,1e19,full,5,30,sequence,4,1982,4940,8353,1573,0.7158
moe_coarse_1e19,moe_coarse_1e19,1e19,full,5,31,sequence,4,1982,4940,8353,825,0.9034
moe_coarse_1e19,moe_coarse_1e19,1e19,full,5,32,sequence,4,1982,4940,8353,602,0.7068
moe_coarse_1e19,moe_coarse_1e19,1e19,full,5,33,sequence,4,1982,4940,8353,1086,0.7284
moe_coarse_1e19,moe_coarse_1e19,1e19,full,5,34,sequence,4,1982,4940,8353,379,0.8177
moe_coarse_1e19,moe_coarse_1e19,1e19,full,5,35,sequence,4,1982,4940,8353,319,0.8925
moe_coarse_1e19,moe_coarse_1e19,1e19,full,5,36,sequence,4,1982,4940,8353,1424,0.7507
moe_coarse_1e19,moe_coarse_1e19,1e19,full,5,37,sequence,4,1982,4940,8353,1403,0.88
moe_coarse_1e19,moe_coarse_1e19,1e19,full,5,38,sequence,4,1982,4940,8353,240,0.8199
moe_coarse_1e19,moe_coarse_1e19,1e19,full,5,39,sequence,4,1982,4940,8353,362,0.6801
moe_coarse_1e19,moe_coarse_1e19,1e19,full,5,40,sequence,4,1982,4940,8353,1305,0.6541
moe_coarse_1e19,moe_coarse_1e19,1e19,full,5,41,sequence,4,1982,4940,8353,168,0.8136
moe_coarse_1e19,moe_coarse_1e19,1e19,full,5,42,sequence,4,1982,4940,8353,1574,0.7318
moe_coarse_1e19,moe_coarse_1e19,1e19,full,5,43,sequence,4,1982,4940,8353,686,0.8302
moe_coarse_1e19,moe_coarse_1e19,1e19,full,5,44,sequence,4,1982,4940,8353,454,0.7994
moe_coarse_1e19,moe_coarse_1e19,1e19,full,5,45,sequence,4,1982,4940,8353,825,0.8495
moe_coarse_1e19,moe_coarse_1e19,1e19,full,5,46,sequence,4,1982,4940,8353,1354,0.7672
moe_coarse_1e19,moe_coarse_1e19,1e19,full,5,47,sequence,4,1982,4940,8353,117,0.7684
moe_coarse_1e19,moe_coarse_1e19,1e19,full,5,48,sequence,4,1982,4940,8353,662,0.7798
moe_coarse_1e19,moe_coarse_1e19,1e19,full,5,49,sequence,4,1982,4940,8353,36,0.5529
moe_coarse_1e19,moe_coarse_1e19,1e19,full,5,50,sequence,4,1982,4940,8353,253,0.7154
moe_coarse_1e19,moe_coarse_1e19,1e19,full,5,51,sequence,4,1982,4940,8353,377,0.6417
moe_coarse_1e19,moe_coarse_1e19,1e19,full,5,52,sequence,4,1982,4940,8353,708,0.8455
moe_coarse_1e19,moe_coarse_1e19,1e19,full,5,53,sequence,4,1982,4940,8353,189,0.8958
moe_coarse_1e19,moe_coarse_1e19,1e19,full,5,54,sequence,4,1982,4940,8353,1236,0.8915
moe_coarse_1e19,moe_coarse_1e19,1e19,full,5,55,sequence,4,1982,4940,8353,814,0.7155
moe_coarse_1e19,moe_coarse_1e19,1e19,full,5,56,sequence,4,1982,4940,8353,1739,0.8799
moe_coarse_1e19,moe_coarse_1e19,1e19,full,5,57,sequence,4,1982,4940,8353,163,0.7787
moe_coarse_1e19,moe_coarse_1e19,1e19,full,5,58,sequence,4,1982,4940,8353,705,0.7722
moe_coarse_1e19,moe_coarse_1e19,1e19,full,5,59,sequence,4,1982,4940,8353,1115,0.7884
moe_coarse_1e19,moe_coarse_1e19,1e19,full,5,60,sequence,4,1982,4940,8353,1172,0.9015
moe_coarse_1e19,moe_coarse_1e19,1e19,full,5,61,sequence,4,1982,4940,8353,1364,0.7021
moe_coarse_1e19,moe_coarse_1e19,1e19,full,5,62,sequence,4,1982,4940,8353,809,0.8978
moe_coarse_1e19,moe_coarse_1e19,1e19,full,5,63,sequence,4,1982,4940,8353,608,0.7924
moe_coarse_1e19,moe_coarse_1e19,1e19,full,6,0,sequence,0,1,6,8010,590,0.7211
moe_coarse_1e19,moe_coarse_1e19,1e19,full,6,1,sequence,0,1,6,8010,819,0.7563
moe_coarse_1e19,moe_coarse_1e19,1e19,full,6,2,sequence,0,1,6,8010,179,0.6656
moe_coarse_1e19,moe_coarse_1e19,1e19,full,6,3,sequence,0,1,6,8010,1396,0.7004
moe_coarse_1e19,moe_coarse_1e19,1e19,full,6,4,sequence,0,1,6,8010,611,0.726
moe_coarse_1e19,moe_coarse_1e19,1e19,full,6,5,sequence,0,1,6,8010,571,0.7561
moe_coarse_1e19,moe_coarse_1e19,1e19,full,6,6,sequence,0,1,6,8010,401,0.7049
moe_coarse_1e19,moe_coarse_1e19,1e19,full,6,7,sequence,0,1,6,8010,380,0.718
moe_coarse_1e19,moe_coarse_1e19,1e19,full,6,8,sequence,0,1,6,8010,583,0.717
moe_coarse_1e19,moe_coarse_1e19,1e19,full,6,9,sequence,0,1,6,8010,752,0.6798
moe_coarse_1e19,moe_coarse_1e19,1e19,full,6,10,sequence,0,1,6,8010,164,0.6139
moe_coarse_1e19,moe_coarse_1e19,1e19,full,6,11,sequence,0,1,6,8010,817,0.7322
moe_coarse_1e19,moe_coarse_1e19,1e19,full,6,12,sequence,0,1,6,8010,1629,0.646
moe_coarse_1e19,moe_coarse_1e19,1e19,full,6,13,sequence,0,1,6,8010,559,0.6538
moe_coarse_1e19,moe_coarse_1e19,1e19,full,6,14,sequence,0,1,6,8010,241,0.7705
moe_coarse_1e19,moe_coarse_1e19,1e19,full,6,15,sequence,0,1,6,8010,720,0.7747
moe_coarse_1e19,moe_coarse_1e19,1e19,full,6,16,sequence,0,1,6,8010,84,0.7015
moe_coarse_1e19,moe_coarse_1e19,1e19,full,6,17,sequence,0,1,6,8010,1199,0.7541
moe_coarse_1e19,moe_coarse_1e19,1e19,full,6,18,sequence,0,1,6,8010,1355,0.7384
moe_coarse_1e19,moe_coarse_1e19,1e19,full,6,19,sequence,0,1,6,8010,496,0.6826
moe_coarse_1e19,moe_coarse_1e19,1e19,full,6,20,sequence,0,1,6,8010,33,0.6601
moe_coarse_1e19,moe_coarse_1e19,1e19,full,6,21,sequence,0,1,6,8010,74,0.7746
moe_coarse_1e19,moe_coarse_1e19,1e19,full,6,22,sequence,0,1,6,8010,631,0.7041
moe_coarse_1e19,moe_coarse_1e19,1e19,full,6,23,sequence,0,1,6,8010,491,0.758
moe_coarse_1e19,moe_coarse_1e19,1e19,full,6,24,sequence,0,1,6,8010,1461,0.7565
moe_coarse_1e19,moe_coarse_1e19,1e19,full,6,25,sequence,0,1,6,8010,176,0.6665
moe_coarse_1e19,moe_coarse_1e19,1e19,full,6,26,sequence,0,1,6,8010,155,0.6568
moe_coarse_1e19,moe_coarse_1e19,1e19,full,6,27,sequence,0,1,6,8010,1449,0.6874
moe_coarse_1e19,moe_coarse_1e19,1e19,full,6,28,sequence,0,1,6,8010,1136,0.7244
moe_coarse_1e19,moe_coarse_1e19,1e19,full,6,29,sequence,0,1,6,8010,345,0.7063
moe_coarse_1e19,moe_coarse_1e19,1e19,full,6,30,sequence,0,1,6,8010,50,0.7783
moe_coarse_1e19,moe_coarse_1e19,1e19,full,6,31,sequence,0,1,6,8010,689,0.6494
moe_coarse_1e19,moe_coarse_1e19,1e19,full,6,32,sequence,0,1,6,8010,1002,0.8302
moe_coarse_1e19,moe_coarse_1e19,1e19,full,6,33,sequence,0,1,6,8010,430,0.6576
moe_coarse_1e19,moe_coarse_1e19,1e19,full,6,34,sequence,0,1,6,8010,948,0.7611
moe_coarse_1e19,moe_coarse_1e19,1e19,full,6,35,sequence,0,1,6,8010,1349,0.7159
moe_coarse_1e19,moe_coarse_1e19,1e19,full,6,36,sequence,0,1,6,8010,1621,0.7575
moe_coarse_1e19,moe_coarse_1e19,1e19,full,6,37,sequence,0,1,6,8010,1652,0.7216
moe_coarse_1e19,moe_coarse_1e19,1e19,full,6,38,sequence,0,1,6,8010,1426,0.794
moe_coarse_1e19,moe_coarse_1e19,1e19,full,6,39,sequence,0,1,6,8010,150,0.7447
moe_coarse_1e19,moe_coarse_1e19,1e19,full,6,40,sequence,0,1,6,8010,477,0.7421
moe_coarse_1e19,moe_coarse_1e19,1e19,full,6,41,sequence,0,1,6,8010,1611,0.7701
moe_coarse_1e19,moe_coarse_1e19,1e19,full,6,42,sequence,0,1,6,8010,21,0.8272
moe_coarse_1e19,moe_coarse_1e19,1e19,full,6,43,sequence,0,1,6,8010,745,0.6955
moe_coarse_1e19,moe_coarse_1e19,1e19,full,6,44,sequence,0,1,6,8010,682,0.6695
moe_coarse_1e19,moe_coarse_1e19,1e19,full,6,45,sequence,0,1,6,8010,1481,0.7293
moe_coarse_1e19,moe_coarse_1e19,1e19,full,6,46,sequence,0,1,6,8010,908,0.7158
moe_coarse_1e19,moe_coarse_1e19,1e19,full,6,47,sequence,0,1,6,8010,909,0.7497
moe_coarse_1e19,moe_coarse_1e19,1e19,full,6,48,sequence,0,1,6,8010,1655,0.6794
moe_coarse_1e19,moe_coarse_1e19,1e19,full,6,49,sequence,0,1,6,8010,1195,0.7745
moe_coarse_1e19,moe_coarse_1e19,1e19,full,6,50,sequence,0,1,6,8010,553,0.7327
moe_coarse_1e19,moe_coarse_1e19,1e19,full,6,51,sequence,0,1,6,8010,354,0.6629
moe_coarse_1e19,moe_coarse_1e19,1e19,full,6,52,sequence,0,1,6,8010,870,0.7318
moe_coarse_1e19,moe_coarse_1e19,1e19,full,6,53,sequence,0,1,6,8010,639,0.7076
moe_coarse_1e19,moe_coarse_1e19,1e19,full,6,54,sequence,0,1,6,8010,263,0.6717
moe_coarse_1e19,moe_coarse_1e19,1e19,full,6,55,sequence,0,1,6,8010,643,0.6457
moe_coarse_1e19,moe_coarse_1e19,1e19,full,6,56,sequence,0,1,6,8010,819,0.6998
moe_coarse_1e19,moe_coarse_1e19,1e19,full,6,57,sequence,0,1,6,8010,1868,0.6962
moe_coarse_1e19,moe_coarse_1e19,1e19,full,6,58,sequence,0,1,6,8010,48,0.9842
moe_coarse_1e19,moe_coarse_1e19,1e19,full,6,59,sequence,0,1,6,8010,717,0.6554
moe_coarse_1e19,moe_coarse_1e19,1e19,full,6,60,sequence,0,1,6,8010,55,0.7953
moe_coarse_1e19,moe_coarse_1e19,1e19,full,6,61,sequence,0,1,6,8010,815,0.7903
moe_coarse_1e19,moe_coarse_1e19,1e19,full,6,62,sequence,0,1,6,8010,979,0.757
moe_coarse_1e19,moe_coarse_1e19,1e19,full,6,63,sequence,0,1,6,8010,939,0.6483
moe_coarse_1e19,moe_coarse_1e19,1e19,full,6,0,sequence,1,6,32,7866,813,0.7793
moe_coarse_1e19,moe_coarse_1e19,1e19,full,6,1,sequence,1,6,32,7866,626,0.7869
moe_coarse_1e19,moe_coarse_1e19,1e19,full,6,2,sequence,1,6,32,7866,412,0.757
moe_coarse_1e19,moe_coarse_1e19,1e19,full,6,3,sequence,1,6,32,7866,1220,0.8018
moe_coarse_1e19,moe_coarse_1e19,1e19,full,6,4,sequence,1,6,32,7866,918,0.7738
moe_coarse_1e19,moe_coarse_1e19,1e19,full,6,5,sequence,1,6,32,7866,578,0.8404
moe_coarse_1e19,moe_coarse_1e19,1e19,full,6,6,sequence,1,6,32,7866,585,0.7974
moe_coarse_1e19,moe_coarse_1e19,1e19,full,6,7,sequence,1,6,32,7866,800,0.7723
moe_coarse_1e19,moe_coarse_1e19,1e19,full,6,8,sequence,1,6,32,7866,984,0.7976
moe_coarse_1e19,moe_coarse_1e19,1e19,full,6,9,sequence,1,6,32,7866,531,0.7756
moe_coarse_1e19,moe_coarse_1e19,1e19,full,6,10,sequence,1,6,32,7866,315,0.7357
moe_coarse_1e19,moe_coarse_1e19,1e19,full,6,11,sequence,1,6,32,7866,677,0.8637
moe_coarse_1e19,moe_coarse_1e19,1e19,full,6,12,sequence,1,6,32,7866,966,0.7355
moe_coarse_1e19,moe_coarse_1e19,1e19,full,6,13,sequence,1,6,32,7866,828,0.7252
moe_coarse_1e19,moe_coarse_1e19,1e19,full,6,14,sequence,1,6,32,7866,310,0.8274
moe_coarse_1e19,moe_coarse_1e19,1e19,full,6,15,sequence,1,6,32,7866,707,0.798
moe_coarse_1e19,moe_coarse_1e19,1e19,full,6,16,sequence,1,6,32,7866,296,0.7392
moe_coarse_1e19,moe_coarse_1e19,1e19,full,6,17,sequence,1,6,32,7866,1110,0.8177
moe_coarse_1e19,moe_coarse_1e19,1e19,full,6,18,sequence,1,6,32,7866,1168,0.7933
moe_coarse_1e19,moe_coarse_1e19,1e19,full,6,19,sequence,1,6,32,7866,674,0.8002
moe_coarse_1e19,moe_coarse_1e19,1e19,full,6,20,sequence,1,6,32,7866,231,0.7939
moe_coarse_1e19,moe_coarse_1e19,1e19,full,6,21,sequence,1,6,32,7866,236,0.7878
moe_coarse_1e19,moe_coarse_1e19,1e19,full,6,22,sequence,1,6,32,7866,638,0.7956
moe_coarse_1e19,moe_coarse_1e19,1e19,full,6,23,sequence,1,6,32,7866,397,0.8071
moe_coarse_1e19,moe_coarse_1e19,1e19,full,6,24,sequence,1,6,32,7866,1093,0.8194
moe_coarse_1e19,moe_coarse_1e19,1e19,full,6,25,sequence,1,6,32,7866,194,0.8439
moe_coarse_1e19,moe_coarse_1e19,1e19,full,6,26,sequence,1,6,32,7866,260,0.7362
moe_coarse_1e19,moe_coarse_1e19,1e19,full,6,27,sequence,1,6,32,7866,1083,0.7798
moe_coarse_1e19,moe_coarse_1e19,1e19,full,6,28,sequence,1,6,32,7866,725,0.785
moe_coarse_1e19,moe_coarse_1e19,1e19,full,6,29,sequence,1,6,32,7866,481,0.7619
moe_coarse_1e19,moe_coarse_1e19,1e19,full,6,30,sequence,1,6,32,7866,185,0.8414
moe_coarse_1e19,moe_coarse_1e19,1e19,full,6,31,sequence,1,6,32,7866,732,0.7525
moe_coarse_1e19,moe_coarse_1e19,1e19,full,6,32,sequence,1,6,32,7866,1171,0.88
moe_coarse_1e19,moe_coarse_1e19,1e19,full,6,33,sequence,1,6,32,7866,801,0.7662
moe_coarse_1e19,moe_coarse_1e19,1e19,full,6,34,sequence,1,6,32,7866,644,0.7789
moe_coarse_1e19,moe_coarse_1e19,1e19,full,6,35,sequence,1,6,32,7866,830,0.7537
moe_coarse_1e19,moe_coarse_1e19,1e19,full,6,36,sequence,1,6,32,7866,1443,0.7956
moe_coarse_1e19,moe_coarse_1e19,1e19,full,6,37,sequence,1,6,32,7866,1363,0.8027
moe_coarse_1e19,moe_coarse_1e19,1e19,full,6,38,sequence,1,6,32,7866,1091,0.8464
moe_coarse_1e19,moe_coarse_1e19,1e19,full,6,39,sequence,1,6,32,7866,371,0.8088
moe_coarse_1e19,moe_coarse_1e19,1e19,full,6,40,sequence,1,6,32,7866,785,0.7617
moe_coarse_1e19,moe_coarse_1e19,1e19,full,6,41,sequence,1,6,32,7866,720,0.8123
moe_coarse_1e19,moe_coarse_1e19,1e19,full,6,42,sequence,1,6,32,7866,82,0.9517
moe_coarse_1e19,moe_coarse_1e19,1e19,full,6,43,sequence,1,6,32,7866,911,0.7828
moe_coarse_1e19,moe_coarse_1e19,1e19,full,6,44,sequence,1,6,32,7866,898,0.7401
moe_coarse_1e19,moe_coarse_1e19,1e19,full,6,45,sequence,1,6,32,7866,1301,0.8182
moe_coarse_1e19,moe_coarse_1e19,1e19,full,6,46,sequence,1,6,32,7866,700,0.7191
moe_coarse_1e19,moe_coarse_1e19,1e19,full,6,47,sequence,1,6,32,7866,839,0.8384
moe_coarse_1e19,moe_coarse_1e19,1e19,full,6,48,sequence,1,6,32,7866,1293,0.7882
moe_coarse_1e19,moe_coarse_1e19,1e19,full,6,49,sequence,1,6,32,7866,971,0.8531
moe_coarse_1e19,moe_coarse_1e19,1e19,full,6,50,sequence,1,6,32,7866,863,0.826
moe_coarse_1e19,moe_coarse_1e19,1e19,full,6,51,sequence,1,6,32,7866,439,0.8043
moe_coarse_1e19,moe_coarse_1e19,1e19,full,6,52,sequence,1,6,32,7866,1094,0.7919
moe_coarse_1e19,moe_coarse_1e19,1e19,full,6,53,sequence,1,6,32,7866,631,0.7906
moe_coarse_1e19,moe_coarse_1e19,1e19,full,6,54,sequence,1,6,32,7866,539,0.8298
moe_coarse_1e19,moe_coarse_1e19,1e19,full,6,55,sequence,1,6,32,7866,744,0.7162
moe_coarse_1e19,moe_coarse_1e19,1e19,full,6,56,sequence,1,6,32,7866,892,0.78
moe_coarse_1e19,moe_coarse_1e19,1e19,full,6,57,sequence,1,6,32,7866,1196,0.7268
moe_coarse_1e19,moe_coarse_1e19,1e19,full,6,58,sequence,1,6,32,7866,146,0.9816
moe_coarse_1e19,moe_coarse_1e19,1e19,full,6,59,sequence,1,6,32,7866,962,0.7433
moe_coarse_1e19,moe_coarse_1e19,1e19,full,6,60,sequence,1,6,32,7866,170,0.8895
moe_coarse_1e19,moe_coarse_1e19,1e19,full,6,61,sequence,1,6,32,7866,875,0.8615
moe_coarse_1e19,moe_coarse_1e19,1e19,full,6,62,sequence,1,6,32,7866,967,0.7921
moe_coarse_1e19,moe_coarse_1e19,1e19,full,6,63,sequence,1,6,32,7866,691,0.7393
moe_coarse_1e19,moe_coarse_1e19,1e19,full,6,0,sequence,2,32,221,7700,1091,0.8316
moe_coarse_1e19,moe_coarse_1e19,1e19,full,6,1,sequence,2,32,221,7700,520,0.8802
moe_coarse_1e19,moe_coarse_1e19,1e19,full,6,2,sequence,2,32,221,7700,380,0.8684
moe_coarse_1e19,moe_coarse_1e19,1e19,full,6,3,sequence,2,32,221,7700,328,0.904
moe_coarse_1e19,moe_coarse_1e19,1e19,full,6,4,sequence,2,32,221,7700,1129,0.8653
moe_coarse_1e19,moe_coarse_1e19,1e19,full,6,5,sequence,2,32,221,7700,737,0.9344
moe_coarse_1e19,moe_coarse_1e19,1e19,full,6,6,sequence,2,32,221,7700,942,0.8504
moe_coarse_1e19,moe_coarse_1e19,1e19,full,6,7,sequence,2,32,221,7700,1059,0.8266
moe_coarse_1e19,moe_coarse_1e19,1e19,full,6,8,sequence,2,32,221,7700,1543,0.8865
moe_coarse_1e19,moe_coarse_1e19,1e19,full,6,9,sequence,2,32,221,7700,371,0.824
moe_coarse_1e19,moe_coarse_1e19,1e19,full,6,10,sequence,2,32,221,7700,1131,0.9569
moe_coarse_1e19,moe_coarse_1e19,1e19,full,6,11,sequence,2,32,221,7700,636,0.9012
moe_coarse_1e19,moe_coarse_1e19,1e19,full,6,12,sequence,2,32,221,7700,351,0.8768
moe_coarse_1e19,moe_coarse_1e19,1e19,full,6,13,sequence,2,32,221,7700,1150,0.8388
moe_coarse_1e19,moe_coarse_1e19,1e19,full,6,14,sequence,2,32,221,7700,503,0.8738
moe_coarse_1e19,moe_coarse_1e19,1e19,full,6,15,sequence,2,32,221,7700,655,0.8798
moe_coarse_1e19,moe_coarse_1e19,1e19,full,6,16,sequence,2,32,221,7700,1475,0.9293
moe_coarse_1e19,moe_coarse_1e19,1e19,full,6,17,sequence,2,32,221,7700,584,0.8621
moe_coarse_1e19,moe_coarse_1e19,1e19,full,6,18,sequence,2,32,221,7700,819,0.8819
moe_coarse_1e19,moe_coarse_1e19,1e19,full,6,19,sequence,2,32,221,7700,700,0.8234
moe_coarse_1e19,moe_coarse_1e19,1e19,full,6,20,sequence,2,32,221,7700,688,0.8406
moe_coarse_1e19,moe_coarse_1e19,1e19,full,6,21,sequence,2,32,221,7700,556,0.8937
moe_coarse_1e19,moe_coarse_1e19,1e19,full,6,22,sequence,2,32,221,7700,546,0.8779
moe_coarse_1e19,moe_coarse_1e19,1e19,full,6,23,sequence,2,32,221,7700,525,0.8593
moe_coarse_1e19,moe_coarse_1e19,1e19,full,6,24,sequence,2,32,221,7700,610,0.8938
moe_coarse_1e19,moe_coarse_1e19,1e19,full,6,25,sequence,2,32,221,7700,986,0.9253
moe_coarse_1e19,moe_coarse_1e19,1e19,full,6,26,sequence,2,32,221,7700,738,0.8486
moe_coarse_1e19,moe_coarse_1e19,1e19,full,6,27,sequence,2,32,221,7700,272,0.8156
moe_coarse_1e19,moe_coarse_1e19,1e19,full,6,28,sequence,2,32,221,7700,620,0.882
moe_coarse_1e19,moe_coarse_1e19,1e19,full,6,29,sequence,2,32,221,7700,999,0.8925
moe_coarse_1e19,moe_coarse_1e19,1e19,full,6,30,sequence,2,32,221,7700,919,0.9148
moe_coarse_1e19,moe_coarse_1e19,1e19,full,6,31,sequence,2,32,221,7700,630,0.8202
moe_coarse_1e19,moe_coarse_1e19,1e19,full,6,32,sequence,2,32,221,7700,1008,0.9302
moe_coarse_1e19,moe_coarse_1e19,1e19,full,6,33,sequence,2,32,221,7700,1203,0.8593
moe_coarse_1e19,moe_coarse_1e19,1e19,full,6,34,sequence,2,32,221,7700,572,0.7737
moe_coarse_1e19,moe_coarse_1e19,1e19,full,6,35,sequence,2,32,221,7700,280,0.8449
moe_coarse_1e19,moe_coarse_1e19,1e19,full,6,36,sequence,2,32,221,7700,489,0.8923
moe_coarse_1e19,moe_coarse_1e19,1e19,full,6,37,sequence,2,32,221,7700,282,0.7637
moe_coarse_1e19,moe_coarse_1e19,1e19,full,6,38,sequence,2,32,221,7700,725,0.9063
moe_coarse_1e19,moe_coarse_1e19,1e19,full,6,39,sequence,2,32,221,7700,940,0.8931
moe_coarse_1e19,moe_coarse_1e19,1e19,full,6,40,sequence,2,32,221,7700,932,0.8651
moe_coarse_1e19,moe_coarse_1e19,1e19,full,6,41,sequence,2,32,221,7700,315,0.8377
moe_coarse_1e19,moe_coarse_1e19,1e19,full,6,42,sequence,2,32,221,7700,329,0.9621
moe_coarse_1e19,moe_coarse_1e19,1e19,full,6,43,sequence,2,32,221,7700,926,0.8655
moe_coarse_1e19,moe_coarse_1e19,1e19,full,6,44,sequence,2,32,221,7700,922,0.872
moe_coarse_1e19,moe_coarse_1e19,1e19,full,6,45,sequence,2,32,221,7700,467,0.9144
moe_coarse_1e19,moe_coarse_1e19,1e19,full,6,46,sequence,2,32,221,7700,742,0.8823
moe_coarse_1e19,moe_coarse_1e19,1e19,full,6,47,sequence,2,32,221,7700,635,0.8781
moe_coarse_1e19,moe_coarse_1e19,1e19,full,6,48,sequence,2,32,221,7700,430,0.8777
moe_coarse_1e19,moe_coarse_1e19,1e19,full,6,49,sequence,2,32,221,7700,872,0.9213
moe_coarse_1e19,moe_coarse_1e19,1e19,full,6,50,sequence,2,32,221,7700,1493,0.9074
moe_coarse_1e19,moe_coarse_1e19,1e19,full,6,51,sequence,2,32,221,7700,734,0.8257
moe_coarse_1e19,moe_coarse_1e19,1e19,full,6,52,sequence,2,32,221,7700,691,0.89
moe_coarse_1e19,moe_coarse_1e19,1e19,full,6,53,sequence,2,32,221,7700,519,0.8402
moe_coarse_1e19,moe_coarse_1e19,1e19,full,6,54,sequence,2,32,221,7700,965,0.9023
moe_coarse_1e19,moe_coarse_1e19,1e19,full,6,55,sequence,2,32,221,7700,793,0.7839
moe_coarse_1e19,moe_coarse_1e19,1e19,full,6,56,sequence,2,32,221,7700,269,0.8263
moe_coarse_1e19,moe_coarse_1e19,1e19,full,6,57,sequence,2,32,221,7700,547,0.8309
moe_coarse_1e19,moe_coarse_1e19,1e19,full,6,58,sequence,2,32,221,7700,427,0.9886
moe_coarse_1e19,moe_coarse_1e19,1e19,full,6,59,sequence,2,32,221,7700,859,0.8351
moe_coarse_1e19,moe_coarse_1e19,1e19,full,6,60,sequence,2,32,221,7700,556,0.9197
moe_coarse_1e19,moe_coarse_1e19,1e19,full,6,61,sequence,2,32,221,7700,867,0.9189
moe_coarse_1e19,moe_coarse_1e19,1e19,full,6,62,sequence,2,32,221,7700,790,0.9121
moe_coarse_1e19,moe_coarse_1e19,1e19,full,6,63,sequence,2,32,221,7700,428,0.7641
moe_coarse_1e19,moe_coarse_1e19,1e19,full,6,0,sequence,3,238,1429,6983,406,0.8441
moe_coarse_1e19,moe_coarse_1e19,1e19,full,6,1,sequence,3,238,1429,6983,386,0.867
moe_coarse_1e19,moe_coarse_1e19,1e19,full,6,2,sequence,3,238,1429,6983,557,0.8887
moe_coarse_1e19,moe_coarse_1e19,1e19,full,6,3,sequence,3,238,1429,6983,71,0.9029
moe_coarse_1e19,moe_coarse_1e19,1e19,full,6,4,sequence,3,238,1429,6983,868,0.911
moe_coarse_1e19,moe_coarse_1e19,1e19,full,6,5,sequence,3,238,1429,6983,937,0.9532
moe_coarse_1e19,moe_coarse_1e19,1e19,full,6,6,sequence,3,238,1429,6983,639,0.8679
moe_coarse_1e19,moe_coarse_1e19,1e19,full,6,7,sequence,3,238,1429,6983,617,0.7642
moe_coarse_1e19,moe_coarse_1e19,1e19,full,6,8,sequence,3,238,1429,6983,519,0.8686
moe_coarse_1e19,moe_coarse_1e19,1e19,full,6,9,sequence,3,238,1429,6983,433,0.839
moe_coarse_1e19,moe_coarse_1e19,1e19,full,6,10,sequence,3,238,1429,6983,1950,0.9628
moe_coarse_1e19,moe_coarse_1e19,1e19,full,6,11,sequence,3,238,1429,6983,428,0.9489
moe_coarse_1e19,moe_coarse_1e19,1e19,full,6,12,sequence,3,238,1429,6983,85,0.7393
moe_coarse_1e19,moe_coarse_1e19,1e19,full,6,13,sequence,3,238,1429,6983,771,0.8366
moe_coarse_1e19,moe_coarse_1e19,1e19,full,6,14,sequence,3,238,1429,6983,581,0.9427
moe_coarse_1e19,moe_coarse_1e19,1e19,full,6,15,sequence,3,238,1429,6983,594,0.884
moe_coarse_1e19,moe_coarse_1e19,1e19,full,6,16,sequence,3,238,1429,6983,1334,0.9319
moe_coarse_1e19,moe_coarse_1e19,1e19,full,6,17,sequence,3,238,1429,6983,279,0.8785
moe_coarse_1e19,moe_coarse_1e19,1e19,full,6,18,sequence,3,238,1429,6983,396,0.8655
moe_coarse_1e19,moe_coarse_1e19,1e19,full,6,19,sequence,3,238,1429,6983,720,0.8667
moe_coarse_1e19,moe_coarse_1e19,1e19,full,6,20,sequence,3,238,1429,6983,936,0.8246
moe_coarse_1e19,moe_coarse_1e19,1e19,full,6,21,sequence,3,238,1429,6983,1599,0.9447
moe_coarse_1e19,moe_coarse_1e19,1e19,full,6,22,sequence,3,238,1429,6983,1332,0.9434
moe_coarse_1e19,moe_coarse_1e19,1e19,full,6,23,sequence,3,238,1429,6983,457,0.8372
moe_coarse_1e19,moe_coarse_1e19,1e19,full,6,24,sequence,3,238,1429,6983,280,0.9538
moe_coarse_1e19,moe_coarse_1e19,1e19,full,6,25,sequence,3,238,1429,6983,810,0.9173
moe_coarse_1e19,moe_coarse_1e19,1e19,full,6,26,sequence,3,238,1429,6983,1391,0.8749
moe_coarse_1e19,moe_coarse_1e19,1e19,full,6,27,sequence,3,238,1429,6983,182,0.7544
moe_coarse_1e19,moe_coarse_1e19,1e19,full,6,28,sequence,3,238,1429,6983,486,0.8476
moe_coarse_1e19,moe_coarse_1e19,1e19,full,6,29,sequence,3,238,1429,6983,1168,0.8647
moe_coarse_1e19,moe_coarse_1e19,1e19,full,6,30,sequence,3,238,1429,6983,1350,0.9542
moe_coarse_1e19,moe_coarse_1e19,1e19,full,6,31,sequence,3,238,1429,6983,685,0.7825
moe_coarse_1e19,moe_coarse_1e19,1e19,full,6,32,sequence,3,238,1429,6983,439,0.9301
moe_coarse_1e19,moe_coarse_1e19,1e19,full,6,33,sequence,3,238,1429,6983,985,0.8961
moe_coarse_1e19,moe_coarse_1e19,1e19,full,6,34,sequence,3,238,1429,6983,519,0.9533
moe_coarse_1e19,moe_coarse_1e19,1e19,full,6,35,sequence,3,238,1429,6983,147,0.8311
moe_coarse_1e19,moe_coarse_1e19,1e19,full,6,36,sequence,3,238,1429,6983,299,0.9098
moe_coarse_1e19,moe_coarse_1e19,1e19,full,6,37,sequence,3,238,1429,6983,156,0.8232
moe_coarse_1e19,moe_coarse_1e19,1e19,full,6,38,sequence,3,238,1429,6983,203,0.797
moe_coarse_1e19,moe_coarse_1e19,1e19,full,6,39,sequence,3,238,1429,6983,1389,0.8246
moe_coarse_1e19,moe_coarse_1e19,1e19,full,6,40,sequence,3,238,1429,6983,847,0.8434
moe_coarse_1e19,moe_coarse_1e19,1e19,full,6,41,sequence,3,238,1429,6983,325,0.8528
moe_coarse_1e19,moe_coarse_1e19,1e19,full,6,42,sequence,3,238,1429,6983,471,0.967
moe_coarse_1e19,moe_coarse_1e19,1e19,full,6,43,sequence,3,238,1429,6983,467,0.8832
moe_coarse_1e19,moe_coarse_1e19,1e19,full,6,44,sequence,3,238,1429,6983,720,0.9164
moe_coarse_1e19,moe_coarse_1e19,1e19,full,6,45,sequence,3,238,1429,6983,452,0.9539
moe_coarse_1e19,moe_coarse_1e19,1e19,full,6,46,sequence,3,238,1429,6983,599,0.8862
moe_coarse_1e19,moe_coarse_1e19,1e19,full,6,47,sequence,3,238,1429,6983,844,0.8896
moe_coarse_1e19,moe_coarse_1e19,1e19,full,6,48,sequence,3,238,1429,6983,235,0.9278
moe_coarse_1e19,moe_coarse_1e19,1e19,full,6,49,sequence,3,238,1429,6983,737,0.9154
moe_coarse_1e19,moe_coarse_1e19,1e19,full,6,50,sequence,3,238,1429,6983,668,0.8834
moe_coarse_1e19,moe_coarse_1e19,1e19,full,6,51,sequence,3,238,1429,6983,988,0.8204
moe_coarse_1e19,moe_coarse_1e19,1e19,full,6,52,sequence,3,238,1429,6983,476,0.8489
moe_coarse_1e19,moe_coarse_1e19,1e19,full,6,53,sequence,3,238,1429,6983,706,0.7643
moe_coarse_1e19,moe_coarse_1e19,1e19,full,6,54,sequence,3,238,1429,6983,986,0.9177
moe_coarse_1e19,moe_coarse_1e19,1e19,full,6,55,sequence,3,238,1429,6983,521,0.7817
moe_coarse_1e19,moe_coarse_1e19,1e19,full,6,56,sequence,3,238,1429,6983,394,0.9178
moe_coarse_1e19,moe_coarse_1e19,1e19,full,6,57,sequence,3,238,1429,6983,62,0.7901
moe_coarse_1e19,moe_coarse_1e19,1e19,full,6,58,sequence,3,238,1429,6983,653,0.9742
moe_coarse_1e19,moe_coarse_1e19,1e19,full,6,59,sequence,3,238,1429,6983,472,0.7826
moe_coarse_1e19,moe_coarse_1e19,1e19,full,6,60,sequence,3,238,1429,6983,997,0.9627
moe_coarse_1e19,moe_coarse_1e19,1e19,full,6,61,sequence,3,238,1429,6983,764,0.9081
moe_coarse_1e19,moe_coarse_1e19,1e19,full,6,62,sequence,3,238,1429,6983,624,0.8779
moe_coarse_1e19,moe_coarse_1e19,1e19,full,6,63,sequence,3,238,1429,6983,506,0.7712
moe_coarse_1e19,moe_coarse_1e19,1e19,full,6,0,sequence,4,1982,4940,8353,577,0.7557
moe_coarse_1e19,moe_coarse_1e19,1e19,full,6,1,sequence,4,1982,4940,8353,716,0.8437
moe_coarse_1e19,moe_coarse_1e19,1e19,full,6,2,sequence,4,1982,4940,8353,2134,0.9198
moe_coarse_1e19,moe_coarse_1e19,1e19,full,6,3,sequence,4,1982,4940,8353,99,0.863
moe_coarse_1e19,moe_coarse_1e19,1e19,full,6,4,sequence,4,1982,4940,8353,133,0.7474
moe_coarse_1e19,moe_coarse_1e19,1e19,full,6,5,sequence,4,1982,4940,8353,486,0.8607
moe_coarse_1e19,moe_coarse_1e19,1e19,full,6,6,sequence,4,1982,4940,8353,923,0.7282
moe_coarse_1e19,moe_coarse_1e19,1e19,full,6,7,sequence,4,1982,4940,8353,544,0.7097
moe_coarse_1e19,moe_coarse_1e19,1e19,full,6,8,sequence,4,1982,4940,8353,67,0.9152
moe_coarse_1e19,moe_coarse_1e19,1e19,full,6,9,sequence,4,1982,4940,8353,1601,0.6807
moe_coarse_1e19,moe_coarse_1e19,1e19,full,6,10,sequence,4,1982,4940,8353,121,0.8206
moe_coarse_1e19,moe_coarse_1e19,1e19,full,6,11,sequence,4,1982,4940,8353,1087,0.7661
moe_coarse_1e19,moe_coarse_1e19,1e19,full,6,12,sequence,4,1982,4940,8353,242,0.6399
moe_coarse_1e19,moe_coarse_1e19,1e19,full,6,13,sequence,4,1982,4940,8353,381,0.8249
moe_coarse_1e19,moe_coarse_1e19,1e19,full,6,14,sequence,4,1982,4940,8353,1863,0.8168
moe_coarse_1e19,moe_coarse_1e19,1e19,full,6,15,sequence,4,1982,4940,8353,1413,0.738
moe_coarse_1e19,moe_coarse_1e19,1e19,full,6,16,sequence,4,1982,4940,8353,719,0.9015
moe_coarse_1e19,moe_coarse_1e19,1e19,full,6,17,sequence,4,1982,4940,8353,418,0.8106
moe_coarse_1e19,moe_coarse_1e19,1e19,full,6,18,sequence,4,1982,4940,8353,345,0.8003
moe_coarse_1e19,moe_coarse_1e19,1e19,full,6,19,sequence,4,1982,4940,8353,1236,0.7965
moe_coarse_1e19,moe_coarse_1e19,1e19,full,6,20,sequence,4,1982,4940,8353,1986,0.7728
moe_coarse_1e19,moe_coarse_1e19,1e19,full,6,21,sequence,4,1982,4940,8353,1470,0.9028
moe_coarse_1e19,moe_coarse_1e19,1e19,full,6,22,sequence,4,1982,4940,8353,488,0.7856
moe_coarse_1e19,moe_coarse_1e19,1e19,full,6,23,sequence,4,1982,4940,8353,1704,0.8538
moe_coarse_1e19,moe_coarse_1e19,1e19,full,6,24,sequence,4,1982,4940,8353,168,0.8881
moe_coarse_1e19,moe_coarse_1e19,1e19,full,6,25,sequence,4,1982,4940,8353,1732,0.9428
moe_coarse_1e19,moe_coarse_1e19,1e19,full,6,26,sequence,4,1982,4940,8353,1170,0.787
moe_coarse_1e19,moe_coarse_1e19,1e19,full,6,27,sequence,4,1982,4940,8353,232,0.7334
moe_coarse_1e19,moe_coarse_1e19,1e19,full,6,28,sequence,4,1982,4940,8353,1131,0.683
moe_coarse_1e19,moe_coarse_1e19,1e19,full,6,29,sequence,4,1982,4940,8353,815,0.7559
moe_coarse_1e19,moe_coarse_1e19,1e19,full,6,30,sequence,4,1982,4940,8353,1580,0.9004
moe_coarse_1e19,moe_coarse_1e19,1e19,full,6,31,sequence,4,1982,4940,8353,897,0.683
moe_coarse_1e19,moe_coarse_1e19,1e19,full,6,32,sequence,4,1982,4940,8353,430,0.9417
moe_coarse_1e19,moe_coarse_1e19,1e19,full,6,33,sequence,4,1982,4940,8353,335,0.9049
moe_coarse_1e19,moe_coarse_1e19,1e19,full,6,34,sequence,4,1982,4940,8353,673,0.8843
moe_coarse_1e19,moe_coarse_1e19,1e19,full,6,35,sequence,4,1982,4940,8353,725,0.8348
moe_coarse_1e19,moe_coarse_1e19,1e19,full,6,36,sequence,4,1982,4940,8353,84,0.8255
moe_coarse_1e19,moe_coarse_1e19,1e19,full,6,37,sequence,4,1982,4940,8353,163,0.826
moe_coarse_1e19,moe_coarse_1e19,1e19,full,6,38,sequence,4,1982,4940,8353,291,0.8866
moe_coarse_1e19,moe_coarse_1e19,1e19,full,6,39,sequence,4,1982,4940,8353,798,0.661
moe_coarse_1e19,moe_coarse_1e19,1e19,full,6,40,sequence,4,1982,4940,8353,300,0.7315
moe_coarse_1e19,moe_coarse_1e19,1e19,full,6,41,sequence,4,1982,4940,8353,564,0.7155
moe_coarse_1e19,moe_coarse_1e19,1e19,full,6,42,sequence,4,1982,4940,8353,2639,0.9316
moe_coarse_1e19,moe_coarse_1e19,1e19,full,6,43,sequence,4,1982,4940,8353,504,0.8366
moe_coarse_1e19,moe_coarse_1e19,1e19,full,6,44,sequence,4,1982,4940,8353,502,0.7124
moe_coarse_1e19,moe_coarse_1e19,1e19,full,6,45,sequence,4,1982,4940,8353,307,0.9062
moe_coarse_1e19,moe_coarse_1e19,1e19,full,6,46,sequence,4,1982,4940,8353,556,0.7911
moe_coarse_1e19,moe_coarse_1e19,1e19,full,6,47,sequence,4,1982,4940,8353,728,0.7017
moe_coarse_1e19,moe_coarse_1e19,1e19,full,6,48,sequence,4,1982,4940,8353,128,0.703
moe_coarse_1e19,moe_coarse_1e19,1e19,full,6,49,sequence,4,1982,4940,8353,196,0.719
moe_coarse_1e19,moe_coarse_1e19,1e19,full,6,50,sequence,4,1982,4940,8353,237,0.8203
moe_coarse_1e19,moe_coarse_1e19,1e19,full,6,51,sequence,4,1982,4940,8353,971,0.7953
moe_coarse_1e19,moe_coarse_1e19,1e19,full,6,52,sequence,4,1982,4940,8353,196,0.7749
moe_coarse_1e19,moe_coarse_1e19,1e19,full,6,53,sequence,4,1982,4940,8353,1097,0.69
moe_coarse_1e19,moe_coarse_1e19,1e19,full,6,54,sequence,4,1982,4940,8353,818,0.7886
moe_coarse_1e19,moe_coarse_1e19,1e19,full,6,55,sequence,4,1982,4940,8353,381,0.6859
moe_coarse_1e19,moe_coarse_1e19,1e19,full,6,56,sequence,4,1982,4940,8353,1452,0.9339
moe_coarse_1e19,moe_coarse_1e19,1e19,full,6,57,sequence,4,1982,4940,8353,109,0.7222
moe_coarse_1e19,moe_coarse_1e19,1e19,full,6,58,sequence,4,1982,4940,8353,2428,0.9368
moe_coarse_1e19,moe_coarse_1e19,1e19,full,6,59,sequence,4,1982,4940,8353,586,0.7753
moe_coarse_1e19,moe_coarse_1e19,1e19,full,6,60,sequence,4,1982,4940,8353,1929,0.9644
moe_coarse_1e19,moe_coarse_1e19,1e19,full,6,61,sequence,4,1982,4940,8353,238,0.9288
moe_coarse_1e19,moe_coarse_1e19,1e19,full,6,62,sequence,4,1982,4940,8353,340,0.8168
moe_coarse_1e19,moe_coarse_1e19,1e19,full,6,63,sequence,4,1982,4940,8353,935,0.6973
moe_coarse_1e19,moe_coarse_1e19,1e19,full,7,0,sequence,0,1,6,8010,419,0.7011
moe_coarse_1e19,moe_coarse_1e19,1e19,full,7,1,sequence,0,1,6,8010,877,0.7582
moe_coarse_1e19,moe_coarse_1e19,1e19,full,7,2,sequence,0,1,6,8010,882,0.7342
moe_coarse_1e19,moe_coarse_1e19,1e19,full,7,3,sequence,0,1,6,8010,1594,0.7561
moe_coarse_1e19,moe_coarse_1e19,1e19,full,7,4,sequence,0,1,6,8010,141,0.6799
moe_coarse_1e19,moe_coarse_1e19,1e19,full,7,5,sequence,0,1,6,8010,1080,0.6906
moe_coarse_1e19,moe_coarse_1e19,1e19,full,7,6,sequence,0,1,6,8010,205,0.8166
moe_coarse_1e19,moe_coarse_1e19,1e19,full,7,7,sequence,0,1,6,8010,660,0.6543
moe_coarse_1e19,moe_coarse_1e19,1e19,full,7,8,sequence,0,1,6,8010,1524,0.7722
moe_coarse_1e19,moe_coarse_1e19,1e19,full,7,9,sequence,0,1,6,8010,207,0.651
moe_coarse_1e19,moe_coarse_1e19,1e19,full,7,10,sequence,0,1,6,8010,1036,0.7778
moe_coarse_1e19,moe_coarse_1e19,1e19,full,7,11,sequence,0,1,6,8010,1276,0.7427
moe_coarse_1e19,moe_coarse_1e19,1e19,full,7,12,sequence,0,1,6,8010,419,0.6359
moe_coarse_1e19,moe_coarse_1e19,1e19,full,7,13,sequence,0,1,6,8010,108,0.6767
moe_coarse_1e19,moe_coarse_1e19,1e19,full,7,14,sequence,0,1,6,8010,402,0.6978
moe_coarse_1e19,moe_coarse_1e19,1e19,full,7,15,sequence,0,1,6,8010,1360,0.6842
moe_coarse_1e19,moe_coarse_1e19,1e19,full,7,16,sequence,0,1,6,8010,227,0.6194
moe_coarse_1e19,moe_coarse_1e19,1e19,full,7,17,sequence,0,1,6,8010,64,0.7263
moe_coarse_1e19,moe_coarse_1e19,1e19,full,7,18,sequence,0,1,6,8010,254,0.6931
moe_coarse_1e19,moe_coarse_1e19,1e19,full,7,19,sequence,0,1,6,8010,1292,0.6481
moe_coarse_1e19,moe_coarse_1e19,1e19,full,7,20,sequence,0,1,6,8010,100,0.7174
moe_coarse_1e19,moe_coarse_1e19,1e19,full,7,21,sequence,0,1,6,8010,220,0.7089
moe_coarse_1e19,moe_coarse_1e19,1e19,full,7,22,sequence,0,1,6,8010,188,0.795
moe_coarse_1e19,moe_coarse_1e19,1e19,full,7,23,sequence,0,1,6,8010,749,0.7329
moe_coarse_1e19,moe_coarse_1e19,1e19,full,7,24,sequence,0,1,6,8010,485,0.673
moe_coarse_1e19,moe_coarse_1e19,1e19,full,7,25,sequence,0,1,6,8010,1130,0.7223
moe_coarse_1e19,moe_coarse_1e19,1e19,full,7,26,sequence,0,1,6,8010,727,0.7082
moe_coarse_1e19,moe_coarse_1e19,1e19,full,7,27,sequence,0,1,6,8010,814,0.7162
moe_coarse_1e19,moe_coarse_1e19,1e19,full,7,28,sequence,0,1,6,8010,1788,0.777
moe_coarse_1e19,moe_coarse_1e19,1e19,full,7,29,sequence,0,1,6,8010,1553,0.7841
moe_coarse_1e19,moe_coarse_1e19,1e19,full,7,30,sequence,0,1,6,8010,432,0.7232
moe_coarse_1e19,moe_coarse_1e19,1e19,full,7,31,sequence,0,1,6,8010,655,0.7342
moe_coarse_1e19,moe_coarse_1e19,1e19,full,7,32,sequence,0,1,6,8010,1163,0.7435
moe_coarse_1e19,moe_coarse_1e19,1e19,full,7,33,sequence,0,1,6,8010,993,0.7822
moe_coarse_1e19,moe_coarse_1e19,1e19,full,7,34,sequence,0,1,6,8010,1237,0.6867
moe_coarse_1e19,moe_coarse_1e19,1e19,full,7,35,sequence,0,1,6,8010,606,0.7117
moe_coarse_1e19,moe_coarse_1e19,1e19,full,7,36,sequence,0,1,6,8010,575,0.6576
moe_coarse_1e19,moe_coarse_1e19,1e19,full,7,37,sequence,0,1,6,8010,857,0.7416
moe_coarse_1e19,moe_coarse_1e19,1e19,full,7,38,sequence,0,1,6,8010,231,0.6988
moe_coarse_1e19,moe_coarse_1e19,1e19,full,7,39,sequence,0,1,6,8010,1154,0.7061
moe_coarse_1e19,moe_coarse_1e19,1e19,full,7,40,sequence,0,1,6,8010,521,0.683
moe_coarse_1e19,moe_coarse_1e19,1e19,full,7,41,sequence,0,1,6,8010,440,0.6781
moe_coarse_1e19,moe_coarse_1e19,1e19,full,7,42,sequence,0,1,6,8010,371,0.7382
moe_coarse_1e19,moe_coarse_1e19,1e19,full,7,43,sequence,0,1,6,8010,488,0.6519
moe_coarse_1e19,moe_coarse_1e19,1e19,full,7,44,sequence,0,1,6,8010,1365,0.7387
moe_coarse_1e19,moe_coarse_1e19,1e19,full,7,45,sequence,0,1,6,8010,310,0.6994
moe_coarse_1e19,moe_coarse_1e19,1e19,full,7,46,sequence,0,1,6,8010,1243,0.7197
moe_coarse_1e19,moe_coarse_1e19,1e19,full,7,47,sequence,0,1,6,8010,820,0.6345
moe_coarse_1e19,moe_coarse_1e19,1e19,full,7,48,sequence,0,1,6,8010,466,0.6572
moe_coarse_1e19,moe_coarse_1e19,1e19,full,7,49,sequence,0,1,6,8010,1192,0.6555
moe_coarse_1e19,moe_coarse_1e19,1e19,full,7,50,sequence,0,1,6,8010,620,0.6852
moe_coarse_1e19,moe_coarse_1e19,1e19,full,7,51,sequence,0,1,6,8010,133,0.7006
moe_coarse_1e19,moe_coarse_1e19,1e19,full,7,52,sequence,0,1,6,8010,1626,0.672
moe_coarse_1e19,moe_coarse_1e19,1e19,full,7,53,sequence,0,1,6,8010,253,0.6641
moe_coarse_1e19,moe_coarse_1e19,1e19,full,7,54,sequence,0,1,6,8010,584,0.6494
moe_coarse_1e19,moe_coarse_1e19,1e19,full,7,55,sequence,0,1,6,8010,544,0.7536
moe_coarse_1e19,moe_coarse_1e19,1e19,full,7,56,sequence,0,1,6,8010,756,0.7387
moe_coarse_1e19,moe_coarse_1e19,1e19,full,7,57,sequence,0,1,6,8010,1498,0.7352
moe_coarse_1e19,moe_coarse_1e19,1e19,full,7,58,sequence,0,1,6,8010,326,0.7914
moe_coarse_1e19,moe_coarse_1e19,1e19,full,7,59,sequence,0,1,6,8010,1506,0.7463
moe_coarse_1e19,moe_coarse_1e19,1e19,full,7,60,sequence,0,1,6,8010,1000,0.7389
moe_coarse_1e19,moe_coarse_1e19,1e19,full,7,61,sequence,0,1,6,8010,596,0.7437
moe_coarse_1e19,moe_coarse_1e19,1e19,full,7,62,sequence,0,1,6,8010,405,0.7391
moe_coarse_1e19,moe_coarse_1e19,1e19,full,7,63,sequence,0,1,6,8010,1313,0.6746
moe_coarse_1e19,moe_coarse_1e19,1e19,full,7,0,sequence,1,6,32,7866,862,0.7874
moe_coarse_1e19,moe_coarse_1e19,1e19,full,7,1,sequence,1,6,32,7866,1289,0.8299
moe_coarse_1e19,moe_coarse_1e19,1e19,full,7,2,sequence,1,6,32,7866,700,0.8065
moe_coarse_1e19,moe_coarse_1e19,1e19,full,7,3,sequence,1,6,32,7866,1363,0.8182
moe_coarse_1e19,moe_coarse_1e19,1e19,full,7,4,sequence,1,6,32,7866,309,0.8372
moe_coarse_1e19,moe_coarse_1e19,1e19,full,7,5,sequence,1,6,32,7866,965,0.7657
moe_coarse_1e19,moe_coarse_1e19,1e19,full,7,6,sequence,1,6,32,7866,529,0.8532
moe_coarse_1e19,moe_coarse_1e19,1e19,full,7,7,sequence,1,6,32,7866,669,0.7148
moe_coarse_1e19,moe_coarse_1e19,1e19,full,7,8,sequence,1,6,32,7866,1251,0.839
moe_coarse_1e19,moe_coarse_1e19,1e19,full,7,9,sequence,1,6,32,7866,334,0.7901
moe_coarse_1e19,moe_coarse_1e19,1e19,full,7,10,sequence,1,6,32,7866,1552,0.8237
moe_coarse_1e19,moe_coarse_1e19,1e19,full,7,11,sequence,1,6,32,7866,1235,0.7735
moe_coarse_1e19,moe_coarse_1e19,1e19,full,7,12,sequence,1,6,32,7866,643,0.7481
moe_coarse_1e19,moe_coarse_1e19,1e19,full,7,13,sequence,1,6,32,7866,81,0.9055
moe_coarse_1e19,moe_coarse_1e19,1e19,full,7,14,sequence,1,6,32,7866,333,0.8238
moe_coarse_1e19,moe_coarse_1e19,1e19,full,7,15,sequence,1,6,32,7866,818,0.7259
moe_coarse_1e19,moe_coarse_1e19,1e19,full,7,16,sequence,1,6,32,7866,460,0.7227
moe_coarse_1e19,moe_coarse_1e19,1e19,full,7,17,sequence,1,6,32,7866,164,0.771
moe_coarse_1e19,moe_coarse_1e19,1e19,full,7,18,sequence,1,6,32,7866,488,0.7131
moe_coarse_1e19,moe_coarse_1e19,1e19,full,7,19,sequence,1,6,32,7866,1053,0.7513
moe_coarse_1e19,moe_coarse_1e19,1e19,full,7,20,sequence,1,6,32,7866,117,0.8123
moe_coarse_1e19,moe_coarse_1e19,1e19,full,7,21,sequence,1,6,32,7866,267,0.7788
moe_coarse_1e19,moe_coarse_1e19,1e19,full,7,22,sequence,1,6,32,7866,320,0.8241
moe_coarse_1e19,moe_coarse_1e19,1e19,full,7,23,sequence,1,6,32,7866,1058,0.7959
moe_coarse_1e19,moe_coarse_1e19,1e19,full,7,24,sequence,1,6,32,7866,456,0.7603
moe_coarse_1e19,moe_coarse_1e19,1e19,full,7,25,sequence,1,6,32,7866,575,0.7959
moe_coarse_1e19,moe_coarse_1e19,1e19,full,7,26,sequence,1,6,32,7866,729,0.8031
moe_coarse_1e19,moe_coarse_1e19,1e19,full,7,27,sequence,1,6,32,7866,896,0.7791
moe_coarse_1e19,moe_coarse_1e19,1e19,full,7,28,sequence,1,6,32,7866,1647,0.8263
moe_coarse_1e19,moe_coarse_1e19,1e19,full,7,29,sequence,1,6,32,7866,1274,0.848
moe_coarse_1e19,moe_coarse_1e19,1e19,full,7,30,sequence,1,6,32,7866,707,0.7886
moe_coarse_1e19,moe_coarse_1e19,1e19,full,7,31,sequence,1,6,32,7866,688,0.7792
moe_coarse_1e19,moe_coarse_1e19,1e19,full,7,32,sequence,1,6,32,7866,780,0.7856
moe_coarse_1e19,moe_coarse_1e19,1e19,full,7,33,sequence,1,6,32,7866,695,0.8168
moe_coarse_1e19,moe_coarse_1e19,1e19,full,7,34,sequence,1,6,32,7866,789,0.7153
moe_coarse_1e19,moe_coarse_1e19,1e19,full,7,35,sequence,1,6,32,7866,733,0.7918
moe_coarse_1e19,moe_coarse_1e19,1e19,full,7,36,sequence,1,6,32,7866,702,0.7691
moe_coarse_1e19,moe_coarse_1e19,1e19,full,7,37,sequence,1,6,32,7866,774,0.8143
moe_coarse_1e19,moe_coarse_1e19,1e19,full,7,38,sequence,1,6,32,7866,362,0.7206
moe_coarse_1e19,moe_coarse_1e19,1e19,full,7,39,sequence,1,6,32,7866,1004,0.783
moe_coarse_1e19,moe_coarse_1e19,1e19,full,7,40,sequence,1,6,32,7866,475,0.7967
moe_coarse_1e19,moe_coarse_1e19,1e19,full,7,41,sequence,1,6,32,7866,447,0.8023
moe_coarse_1e19,moe_coarse_1e19,1e19,full,7,42,sequence,1,6,32,7866,281,0.838
moe_coarse_1e19,moe_coarse_1e19,1e19,full,7,43,sequence,1,6,32,7866,491,0.7205
moe_coarse_1e19,moe_coarse_1e19,1e19,full,7,44,sequence,1,6,32,7866,971,0.8054
moe_coarse_1e19,moe_coarse_1e19,1e19,full,7,45,sequence,1,6,32,7866,491,0.7956
moe_coarse_1e19,moe_coarse_1e19,1e19,full,7,46,sequence,1,6,32,7866,917,0.7381
moe_coarse_1e19,moe_coarse_1e19,1e19,full,7,47,sequence,1,6,32,7866,773,0.7073
moe_coarse_1e19,moe_coarse_1e19,1e19,full,7,48,sequence,1,6,32,7866,969,0.7928
moe_coarse_1e19,moe_coarse_1e19,1e19,full,7,49,sequence,1,6,32,7866,1375,0.743
moe_coarse_1e19,moe_coarse_1e19,1e19,full,7,50,sequence,1,6,32,7866,773,0.8099
moe_coarse_1e19,moe_coarse_1e19,1e19,full,7,51,sequence,1,6,32,7866,476,0.799
moe_coarse_1e19,moe_coarse_1e19,1e19,full,7,52,sequence,1,6,32,7866,1317,0.7129
moe_coarse_1e19,moe_coarse_1e19,1e19,full,7,53,sequence,1,6,32,7866,313,0.6896
moe_coarse_1e19,moe_coarse_1e19,1e19,full,7,54,sequence,1,6,32,7866,427,0.7711
moe_coarse_1e19,moe_coarse_1e19,1e19,full,7,55,sequence,1,6,32,7866,487,0.8543
moe_coarse_1e19,moe_coarse_1e19,1e19,full,7,56,sequence,1,6,32,7866,920,0.7719
moe_coarse_1e19,moe_coarse_1e19,1e19,full,7,57,sequence,1,6,32,7866,986,0.7832
moe_coarse_1e19,moe_coarse_1e19,1e19,full,7,58,sequence,1,6,32,7866,559,0.918
moe_coarse_1e19,moe_coarse_1e19,1e19,full,7,59,sequence,1,6,32,7866,1142,0.8095
moe_coarse_1e19,moe_coarse_1e19,1e19,full,7,60,sequence,1,6,32,7866,909,0.8239
moe_coarse_1e19,moe_coarse_1e19,1e19,full,7,61,sequence,1,6,32,7866,487,0.7622
moe_coarse_1e19,moe_coarse_1e19,1e19,full,7,62,sequence,1,6,32,7866,419,0.8326
moe_coarse_1e19,moe_coarse_1e19,1e19,full,7,63,sequence,1,6,32,7866,1120,0.769
moe_coarse_1e19,moe_coarse_1e19,1e19,full,7,0,sequence,2,32,221,7700,1411,0.8793
moe_coarse_1e19,moe_coarse_1e19,1e19,full,7,1,sequence,2,32,221,7700,877,0.9321
moe_coarse_1e19,moe_coarse_1e19,1e19,full,7,2,sequence,2,32,221,7700,347,0.8419
moe_coarse_1e19,moe_coarse_1e19,1e19,full,7,3,sequence,2,32,221,7700,318,0.9402
moe_coarse_1e19,moe_coarse_1e19,1e19,full,7,4,sequence,2,32,221,7700,985,0.9287
moe_coarse_1e19,moe_coarse_1e19,1e19,full,7,5,sequence,2,32,221,7700,764,0.8755
moe_coarse_1e19,moe_coarse_1e19,1e19,full,7,6,sequence,2,32,221,7700,1287,0.8918
moe_coarse_1e19,moe_coarse_1e19,1e19,full,7,7,sequence,2,32,221,7700,825,0.8105
moe_coarse_1e19,moe_coarse_1e19,1e19,full,7,8,sequence,2,32,221,7700,807,0.9133
moe_coarse_1e19,moe_coarse_1e19,1e19,full,7,9,sequence,2,32,221,7700,635,0.8823
moe_coarse_1e19,moe_coarse_1e19,1e19,full,7,10,sequence,2,32,221,7700,828,0.8837
moe_coarse_1e19,moe_coarse_1e19,1e19,full,7,11,sequence,2,32,221,7700,649,0.8507
moe_coarse_1e19,moe_coarse_1e19,1e19,full,7,12,sequence,2,32,221,7700,1088,0.8367
moe_coarse_1e19,moe_coarse_1e19,1e19,full,7,13,sequence,2,32,221,7700,1064,0.9787
moe_coarse_1e19,moe_coarse_1e19,1e19,full,7,14,sequence,2,32,221,7700,437,0.9431
moe_coarse_1e19,moe_coarse_1e19,1e19,full,7,15,sequence,2,32,221,7700,561,0.806
moe_coarse_1e19,moe_coarse_1e19,1e19,full,7,16,sequence,2,32,221,7700,823,0.8323
moe_coarse_1e19,moe_coarse_1e19,1e19,full,7,17,sequence,2,32,221,7700,617,0.8653
moe_coarse_1e19,moe_coarse_1e19,1e19,full,7,18,sequence,2,32,221,7700,973,0.8511
moe_coarse_1e19,moe_coarse_1e19,1e19,full,7,19,sequence,2,32,221,7700,593,0.799
moe_coarse_1e19,moe_coarse_1e19,1e19,full,7,20,sequence,2,32,221,7700,222,0.9238
moe_coarse_1e19,moe_coarse_1e19,1e19,full,7,21,sequence,2,32,221,7700,809,0.9087
moe_coarse_1e19,moe_coarse_1e19,1e19,full,7,22,sequence,2,32,221,7700,1024,0.9413
moe_coarse_1e19,moe_coarse_1e19,1e19,full,7,23,sequence,2,32,221,7700,1336,0.8862
moe_coarse_1e19,moe_coarse_1e19,1e19,full,7,24,sequence,2,32,221,7700,718,0.9273
moe_coarse_1e19,moe_coarse_1e19,1e19,full,7,25,sequence,2,32,221,7700,411,0.893
moe_coarse_1e19,moe_coarse_1e19,1e19,full,7,26,sequence,2,32,221,7700,611,0.862
moe_coarse_1e19,moe_coarse_1e19,1e19,full,7,27,sequence,2,32,221,7700,766,0.9229
moe_coarse_1e19,moe_coarse_1e19,1e19,full,7,28,sequence,2,32,221,7700,301,0.9203
moe_coarse_1e19,moe_coarse_1e19,1e19,full,7,29,sequence,2,32,221,7700,600,0.9239
moe_coarse_1e19,moe_coarse_1e19,1e19,full,7,30,sequence,2,32,221,7700,1281,0.9211
moe_coarse_1e19,moe_coarse_1e19,1e19,full,7,31,sequence,2,32,221,7700,673,0.7764
moe_coarse_1e19,moe_coarse_1e19,1e19,full,7,32,sequence,2,32,221,7700,499,0.8952
moe_coarse_1e19,moe_coarse_1e19,1e19,full,7,33,sequence,2,32,221,7700,714,0.8958
moe_coarse_1e19,moe_coarse_1e19,1e19,full,7,34,sequence,2,32,221,7700,337,0.7127
moe_coarse_1e19,moe_coarse_1e19,1e19,full,7,35,sequence,2,32,221,7700,1034,0.8467
moe_coarse_1e19,moe_coarse_1e19,1e19,full,7,36,sequence,2,32,221,7700,806,0.8191
moe_coarse_1e19,moe_coarse_1e19,1e19,full,7,37,sequence,2,32,221,7700,798,0.8887
moe_coarse_1e19,moe_coarse_1e19,1e19,full,7,38,sequence,2,32,221,7700,1334,0.8941
moe_coarse_1e19,moe_coarse_1e19,1e19,full,7,39,sequence,2,32,221,7700,799,0.8748
moe_coarse_1e19,moe_coarse_1e19,1e19,full,7,40,sequence,2,32,221,7700,602,0.8712
moe_coarse_1e19,moe_coarse_1e19,1e19,full,7,41,sequence,2,32,221,7700,712,0.8752
moe_coarse_1e19,moe_coarse_1e19,1e19,full,7,42,sequence,2,32,221,7700,588,0.922
moe_coarse_1e19,moe_coarse_1e19,1e19,full,7,43,sequence,2,32,221,7700,759,0.8187
moe_coarse_1e19,moe_coarse_1e19,1e19,full,7,44,sequence,2,32,221,7700,763,0.869
moe_coarse_1e19,moe_coarse_1e19,1e19,full,7,45,sequence,2,32,221,7700,573,0.8429
moe_coarse_1e19,moe_coarse_1e19,1e19,full,7,46,sequence,2,32,221,7700,328,0.8152
moe_coarse_1e19,moe_coarse_1e19,1e19,full,7,47,sequence,2,32,221,7700,791,0.8248
moe_coarse_1e19,moe_coarse_1e19,1e19,full,7,48,sequence,2,32,221,7700,704,0.86
moe_coarse_1e19,moe_coarse_1e19,1e19,full,7,49,sequence,2,32,221,7700,568,0.8182
moe_coarse_1e19,moe_coarse_1e19,1e19,full,7,50,sequence,2,32,221,7700,867,0.9179
moe_coarse_1e19,moe_coarse_1e19,1e19,full,7,51,sequence,2,32,221,7700,865,0.897
moe_coarse_1e19,moe_coarse_1e19,1e19,full,7,52,sequence,2,32,221,7700,391,0.8003
moe_coarse_1e19,moe_coarse_1e19,1e19,full,7,53,sequence,2,32,221,7700,742,0.795
moe_coarse_1e19,moe_coarse_1e19,1e19,full,7,54,sequence,2,32,221,7700,202,0.8786
moe_coarse_1e19,moe_coarse_1e19,1e19,full,7,55,sequence,2,32,221,7700,592,0.8947
moe_coarse_1e19,moe_coarse_1e19,1e19,full,7,56,sequence,2,32,221,7700,1232,0.8547
moe_coarse_1e19,moe_coarse_1e19,1e19,full,7,57,sequence,2,32,221,7700,277,0.8404
moe_coarse_1e19,moe_coarse_1e19,1e19,full,7,58,sequence,2,32,221,7700,687,0.9404
moe_coarse_1e19,moe_coarse_1e19,1e19,full,7,59,sequence,2,32,221,7700,386,0.8356
moe_coarse_1e19,moe_coarse_1e19,1e19,full,7,60,sequence,2,32,221,7700,1325,0.9129
moe_coarse_1e19,moe_coarse_1e19,1e19,full,7,61,sequence,2,32,221,7700,317,0.8798
moe_coarse_1e19,moe_coarse_1e19,1e19,full,7,62,sequence,2,32,221,7700,427,0.8555
moe_coarse_1e19,moe_coarse_1e19,1e19,full,7,63,sequence,2,32,221,7700,540,0.8709
moe_coarse_1e19,moe_coarse_1e19,1e19,full,7,0,sequence,3,238,1429,6983,752,0.8758
moe_coarse_1e19,moe_coarse_1e19,1e19,full,7,1,sequence,3,238,1429,6983,217,0.9164
moe_coarse_1e19,moe_coarse_1e19,1e19,full,7,2,sequence,3,238,1429,6983,289,0.8676
moe_coarse_1e19,moe_coarse_1e19,1e19,full,7,3,sequence,3,238,1429,6983,3,0.7686
moe_coarse_1e19,moe_coarse_1e19,1e19,full,7,4,sequence,3,238,1429,6983,1416,0.9579
moe_coarse_1e19,moe_coarse_1e19,1e19,full,7,5,sequence,3,238,1429,6983,367,0.8259
moe_coarse_1e19,moe_coarse_1e19,1e19,full,7,6,sequence,3,238,1429,6983,1118,0.8708
moe_coarse_1e19,moe_coarse_1e19,1e19,full,7,7,sequence,3,238,1429,6983,711,0.8435
moe_coarse_1e19,moe_coarse_1e19,1e19,full,7,8,sequence,3,238,1429,6983,343,0.9028
moe_coarse_1e19,moe_coarse_1e19,1e19,full,7,9,sequence,3,238,1429,6983,933,0.9223
moe_coarse_1e19,moe_coarse_1e19,1e19,full,7,10,sequence,3,238,1429,6983,310,0.9294
moe_coarse_1e19,moe_coarse_1e19,1e19,full,7,11,sequence,3,238,1429,6983,357,0.9065
moe_coarse_1e19,moe_coarse_1e19,1e19,full,7,12,sequence,3,238,1429,6983,1197,0.8551
moe_coarse_1e19,moe_coarse_1e19,1e19,full,7,13,sequence,3,238,1429,6983,1534,0.9821
moe_coarse_1e19,moe_coarse_1e19,1e19,full,7,14,sequence,3,238,1429,6983,390,0.9446
moe_coarse_1e19,moe_coarse_1e19,1e19,full,7,15,sequence,3,238,1429,6983,189,0.8113
moe_coarse_1e19,moe_coarse_1e19,1e19,full,7,16,sequence,3,238,1429,6983,1094,0.8795
moe_coarse_1e19,moe_coarse_1e19,1e19,full,7,17,sequence,3,238,1429,6983,1125,0.8051
moe_coarse_1e19,moe_coarse_1e19,1e19,full,7,18,sequence,3,238,1429,6983,947,0.8801
moe_coarse_1e19,moe_coarse_1e19,1e19,full,7,19,sequence,3,238,1429,6983,358,0.9017
moe_coarse_1e19,moe_coarse_1e19,1e19,full,7,20,sequence,3,238,1429,6983,65,0.9584
moe_coarse_1e19,moe_coarse_1e19,1e19,full,7,21,sequence,3,238,1429,6983,1306,0.9216
moe_coarse_1e19,moe_coarse_1e19,1e19,full,7,22,sequence,3,238,1429,6983,2205,0.9574
moe_coarse_1e19,moe_coarse_1e19,1e19,full,7,23,sequence,3,238,1429,6983,719,0.8924
moe_coarse_1e19,moe_coarse_1e19,1e19,full,7,24,sequence,3,238,1429,6983,1555,0.935
moe_coarse_1e19,moe_coarse_1e19,1e19,full,7,25,sequence,3,238,1429,6983,232,0.8463
moe_coarse_1e19,moe_coarse_1e19,1e19,full,7,26,sequence,3,238,1429,6983,534,0.8293
moe_coarse_1e19,moe_coarse_1e19,1e19,full,7,27,sequence,3,238,1429,6983,366,0.8966
moe_coarse_1e19,moe_coarse_1e19,1e19,full,7,28,sequence,3,238,1429,6983,15,0.9841
moe_coarse_1e19,moe_coarse_1e19,1e19,full,7,29,sequence,3,238,1429,6983,447,0.8731
moe_coarse_1e19,moe_coarse_1e19,1e19,full,7,30,sequence,3,238,1429,6983,849,0.969
moe_coarse_1e19,moe_coarse_1e19,1e19,full,7,31,sequence,3,238,1429,6983,682,0.7808
moe_coarse_1e19,moe_coarse_1e19,1e19,full,7,32,sequence,3,238,1429,6983,200,0.897
moe_coarse_1e19,moe_coarse_1e19,1e19,full,7,33,sequence,3,238,1429,6983,879,0.9076
moe_coarse_1e19,moe_coarse_1e19,1e19,full,7,34,sequence,3,238,1429,6983,440,0.8064
moe_coarse_1e19,moe_coarse_1e19,1e19,full,7,35,sequence,3,238,1429,6983,601,0.8713
moe_coarse_1e19,moe_coarse_1e19,1e19,full,7,36,sequence,3,238,1429,6983,423,0.8903
moe_coarse_1e19,moe_coarse_1e19,1e19,full,7,37,sequence,3,238,1429,6983,639,0.9085
moe_coarse_1e19,moe_coarse_1e19,1e19,full,7,38,sequence,3,238,1429,6983,1871,0.9495
moe_coarse_1e19,moe_coarse_1e19,1e19,full,7,39,sequence,3,238,1429,6983,238,0.8444
moe_coarse_1e19,moe_coarse_1e19,1e19,full,7,40,sequence,3,238,1429,6983,724,0.9054
moe_coarse_1e19,moe_coarse_1e19,1e19,full,7,41,sequence,3,238,1429,6983,1188,0.8461
moe_coarse_1e19,moe_coarse_1e19,1e19,full,7,42,sequence,3,238,1429,6983,699,0.9074
moe_coarse_1e19,moe_coarse_1e19,1e19,full,7,43,sequence,3,238,1429,6983,792,0.8378
moe_coarse_1e19,moe_coarse_1e19,1e19,full,7,44,sequence,3,238,1429,6983,445,0.7758
moe_coarse_1e19,moe_coarse_1e19,1e19,full,7,45,sequence,3,238,1429,6983,888,0.8641
moe_coarse_1e19,moe_coarse_1e19,1e19,full,7,46,sequence,3,238,1429,6983,144,0.6778
moe_coarse_1e19,moe_coarse_1e19,1e19,full,7,47,sequence,3,238,1429,6983,728,0.844
moe_coarse_1e19,moe_coarse_1e19,1e19,full,7,48,sequence,3,238,1429,6983,950,0.9005
moe_coarse_1e19,moe_coarse_1e19,1e19,full,7,49,sequence,3,238,1429,6983,187,0.8682
moe_coarse_1e19,moe_coarse_1e19,1e19,full,7,50,sequence,3,238,1429,6983,517,0.8925
moe_coarse_1e19,moe_coarse_1e19,1e19,full,7,51,sequence,3,238,1429,6983,1352,0.8004
moe_coarse_1e19,moe_coarse_1e19,1e19,full,7,52,sequence,3,238,1429,6983,282,0.8553
moe_coarse_1e19,moe_coarse_1e19,1e19,full,7,53,sequence,3,238,1429,6983,700,0.8534
moe_coarse_1e19,moe_coarse_1e19,1e19,full,7,54,sequence,3,238,1429,6983,351,0.9223
moe_coarse_1e19,moe_coarse_1e19,1e19,full,7,55,sequence,3,238,1429,6983,428,0.9338
moe_coarse_1e19,moe_coarse_1e19,1e19,full,7,56,sequence,3,238,1429,6983,692,0.8358
moe_coarse_1e19,moe_coarse_1e19,1e19,full,7,57,sequence,3,238,1429,6983,221,0.8936
moe_coarse_1e19,moe_coarse_1e19,1e19,full,7,58,sequence,3,238,1429,6983,575,0.9058
moe_coarse_1e19,moe_coarse_1e19,1e19,full,7,59,sequence,3,238,1429,6983,335,0.9042
moe_coarse_1e19,moe_coarse_1e19,1e19,full,7,60,sequence,3,238,1429,6983,855,0.9409
moe_coarse_1e19,moe_coarse_1e19,1e19,full,7,61,sequence,3,238,1429,6983,315,0.968
moe_coarse_1e19,moe_coarse_1e19,1e19,full,7,62,sequence,3,238,1429,6983,512,0.9119
moe_coarse_1e19,moe_coarse_1e19,1e19,full,7,63,sequence,3,238,1429,6983,102,0.815
moe_coarse_1e19,moe_coarse_1e19,1e19,full,7,0,sequence,4,1982,4940,8353,420,0.7081
moe_coarse_1e19,moe_coarse_1e19,1e19,full,7,1,sequence,4,1982,4940,8353,50,0.7241
moe_coarse_1e19,moe_coarse_1e19,1e19,full,7,2,sequence,4,1982,4940,8353,1164,0.7208
moe_coarse_1e19,moe_coarse_1e19,1e19,full,7,3,sequence,4,1982,4940,8353,0,
moe_coarse_1e19,moe_coarse_1e19,1e19,full,7,4,sequence,4,1982,4940,8353,725,0.9189
moe_coarse_1e19,moe_coarse_1e19,1e19,full,7,5,sequence,4,1982,4940,8353,1062,0.7477
moe_coarse_1e19,moe_coarse_1e19,1e19,full,7,6,sequence,4,1982,4940,8353,385,0.8944
moe_coarse_1e19,moe_coarse_1e19,1e19,full,7,7,sequence,4,1982,4940,8353,1037,0.802
moe_coarse_1e19,moe_coarse_1e19,1e19,full,7,8,sequence,4,1982,4940,8353,86,0.9404
moe_coarse_1e19,moe_coarse_1e19,1e19,full,7,9,sequence,4,1982,4940,8353,1686,0.7117
moe_coarse_1e19,moe_coarse_1e19,1e19,full,7,10,sequence,4,1982,4940,8353,21,0.77
moe_coarse_1e19,moe_coarse_1e19,1e19,full,7,11,sequence,4,1982,4940,8353,128,0.9718
moe_coarse_1e19,moe_coarse_1e19,1e19,full,7,12,sequence,4,1982,4940,8353,1089,0.8078
moe_coarse_1e19,moe_coarse_1e19,1e19,full,7,13,sequence,4,1982,4940,8353,1264,0.9513
moe_coarse_1e19,moe_coarse_1e19,1e19,full,7,14,sequence,4,1982,4940,8353,2045,0.9656
moe_coarse_1e19,moe_coarse_1e19,1e19,full,7,15,sequence,4,1982,4940,8353,605,0.7779
moe_coarse_1e19,moe_coarse_1e19,1e19,full,7,16,sequence,4,1982,4940,8353,960,0.9222
moe_coarse_1e19,moe_coarse_1e19,1e19,full,7,17,sequence,4,1982,4940,8353,1847,0.9264
moe_coarse_1e19,moe_coarse_1e19,1e19,full,7,18,sequence,4,1982,4940,8353,879,0.8902
moe_coarse_1e19,moe_coarse_1e19,1e19,full,7,19,sequence,4,1982,4940,8353,103,0.6874
moe_coarse_1e19,moe_coarse_1e19,1e19,full,7,20,sequence,4,1982,4940,8353,3330,0.9627
moe_coarse_1e19,moe_coarse_1e19,1e19,full,7,21,sequence,4,1982,4940,8353,923,0.9109
moe_coarse_1e19,moe_coarse_1e19,1e19,full,7,22,sequence,4,1982,4940,8353,186,0.8613
moe_coarse_1e19,moe_coarse_1e19,1e19,full,7,23,sequence,4,1982,4940,8353,206,0.8106
moe_coarse_1e19,moe_coarse_1e19,1e19,full,7,24,sequence,4,1982,4940,8353,519,0.9103
moe_coarse_1e19,moe_coarse_1e19,1e19,full,7,25,sequence,4,1982,4940,8353,620,0.7431
moe_coarse_1e19,moe_coarse_1e19,1e19,full,7,26,sequence,4,1982,4940,8353,882,0.8471
moe_coarse_1e19,moe_coarse_1e19,1e19,full,7,27,sequence,4,1982,4940,8353,511,0.9468
moe_coarse_1e19,moe_coarse_1e19,1e19,full,7,28,sequence,4,1982,4940,8353,0,
moe_coarse_1e19,moe_coarse_1e19,1e19,full,7,29,sequence,4,1982,4940,8353,65,0.7873
moe_coarse_1e19,moe_coarse_1e19,1e19,full,7,30,sequence,4,1982,4940,8353,554,0.8286
moe_coarse_1e19,moe_coarse_1e19,1e19,full,7,31,sequence,4,1982,4940,8353,1410,0.8028
moe_coarse_1e19,moe_coarse_1e19,1e19,full,7,32,sequence,4,1982,4940,8353,1123,0.8947
moe_coarse_1e19,moe_coarse_1e19,1e19,full,7,33,sequence,4,1982,4940,8353,154,0.784
moe_coarse_1e19,moe_coarse_1e19,1e19,full,7,34,sequence,4,1982,4940,8353,518,0.7738
moe_coarse_1e19,moe_coarse_1e19,1e19,full,7,35,sequence,4,1982,4940,8353,710,0.8025
moe_coarse_1e19,moe_coarse_1e19,1e19,full,7,36,sequence,4,1982,4940,8353,958,0.8357
moe_coarse_1e19,moe_coarse_1e19,1e19,full,7,37,sequence,4,1982,4940,8353,483,0.8766
moe_coarse_1e19,moe_coarse_1e19,1e19,full,7,38,sequence,4,1982,4940,8353,275,0.8773
moe_coarse_1e19,moe_coarse_1e19,1e19,full,7,39,sequence,4,1982,4940,8353,321,0.7829
moe_coarse_1e19,moe_coarse_1e19,1e19,full,7,40,sequence,4,1982,4940,8353,1397,0.7811
moe_coarse_1e19,moe_coarse_1e19,1e19,full,7,41,sequence,4,1982,4940,8353,683,0.7713
moe_coarse_1e19,moe_coarse_1e19,1e19,full,7,42,sequence,4,1982,4940,8353,1253,0.8837
moe_coarse_1e19,moe_coarse_1e19,1e19,full,7,43,sequence,4,1982,4940,8353,1008,0.6527
moe_coarse_1e19,moe_coarse_1e19,1e19,full,7,44,sequence,4,1982,4940,8353,383,0.7874
moe_coarse_1e19,moe_coarse_1e19,1e19,full,7,45,sequence,4,1982,4940,8353,1562,0.6929
moe_coarse_1e19,moe_coarse_1e19,1e19,full,7,46,sequence,4,1982,4940,8353,260,0.6621
moe_coarse_1e19,moe_coarse_1e19,1e19,full,7,47,sequence,4,1982,4940,8353,764,0.8062
moe_coarse_1e19,moe_coarse_1e19,1e19,full,7,48,sequence,4,1982,4940,8353,545,0.921
moe_coarse_1e19,moe_coarse_1e19,1e19,full,7,49,sequence,4,1982,4940,8353,272,0.7683
moe_coarse_1e19,moe_coarse_1e19,1e19,full,7,50,sequence,4,1982,4940,8353,414,0.8705
moe_coarse_1e19,moe_coarse_1e19,1e19,full,7,51,sequence,4,1982,4940,8353,1070,0.8407
moe_coarse_1e19,moe_coarse_1e19,1e19,full,7,52,sequence,4,1982,4940,8353,116,0.7375
moe_coarse_1e19,moe_coarse_1e19,1e19,full,7,53,sequence,4,1982,4940,8353,1994,0.7831
moe_coarse_1e19,moe_coarse_1e19,1e19,full,7,54,sequence,4,1982,4940,8353,1607,0.8761
moe_coarse_1e19,moe_coarse_1e19,1e19,full,7,55,sequence,4,1982,4940,8353,1536,0.8864
moe_coarse_1e19,moe_coarse_1e19,1e19,full,7,56,sequence,4,1982,4940,8353,331,0.8314
moe_coarse_1e19,moe_coarse_1e19,1e19,full,7,57,sequence,4,1982,4940,8353,544,0.8866
moe_coarse_1e19,moe_coarse_1e19,1e19,full,7,58,sequence,4,1982,4940,8353,1150,0.9538
moe_coarse_1e19,moe_coarse_1e19,1e19,full,7,59,sequence,4,1982,4940,8353,131,0.8301
moe_coarse_1e19,moe_coarse_1e19,1e19,full,7,60,sequence,4,1982,4940,8353,127,0.81
moe_coarse_1e19,moe_coarse_1e19,1e19,full,7,61,sequence,4,1982,4940,8353,1943,0.9321
moe_coarse_1e19,moe_coarse_1e19,1e19,full,7,62,sequence,4,1982,4940,8353,1567,0.919
moe_coarse_1e19,moe_coarse_1e19,1e19,full,7,63,sequence,4,1982,4940,8353,157,0.6736
moe_coarse_1e19,moe_coarse_1e19,1e19,full,8,0,sequence,0,1,6,8010,709,0.6183
moe_coarse_1e19,moe_coarse_1e19,1e19,full,8,1,sequence,0,1,6,8010,1806,0.7209
moe_coarse_1e19,moe_coarse_1e19,1e19,full,8,2,sequence,0,1,6,8010,984,0.7113
moe_coarse_1e19,moe_coarse_1e19,1e19,full,8,3,sequence,0,1,6,8010,590,0.681
moe_coarse_1e19,moe_coarse_1e19,1e19,full,8,4,sequence,0,1,6,8010,260,0.7191
moe_coarse_1e19,moe_coarse_1e19,1e19,full,8,5,sequence,0,1,6,8010,1384,0.7671
moe_coarse_1e19,moe_coarse_1e19,1e19,full,8,6,sequence,0,1,6,8010,1177,0.7546
moe_coarse_1e19,moe_coarse_1e19,1e19,full,8,7,sequence,0,1,6,8010,886,0.7362
moe_coarse_1e19,moe_coarse_1e19,1e19,full,8,8,sequence,0,1,6,8010,1450,0.7826
moe_coarse_1e19,moe_coarse_1e19,1e19,full,8,9,sequence,0,1,6,8010,1763,0.7459
moe_coarse_1e19,moe_coarse_1e19,1e19,full,8,10,sequence,0,1,6,8010,346,0.7974
moe_coarse_1e19,moe_coarse_1e19,1e19,full,8,11,sequence,0,1,6,8010,288,0.6899
moe_coarse_1e19,moe_coarse_1e19,1e19,full,8,12,sequence,0,1,6,8010,413,0.6667
moe_coarse_1e19,moe_coarse_1e19,1e19,full,8,13,sequence,0,1,6,8010,47,0.8169
moe_coarse_1e19,moe_coarse_1e19,1e19,full,8,14,sequence,0,1,6,8010,1258,0.7351
moe_coarse_1e19,moe_coarse_1e19,1e19,full,8,15,sequence,0,1,6,8010,128,0.827
moe_coarse_1e19,moe_coarse_1e19,1e19,full,8,16,sequence,0,1,6,8010,112,0.6478
moe_coarse_1e19,moe_coarse_1e19,1e19,full,8,17,sequence,0,1,6,8010,1831,0.6889
moe_coarse_1e19,moe_coarse_1e19,1e19,full,8,18,sequence,0,1,6,8010,309,0.7196
moe_coarse_1e19,moe_coarse_1e19,1e19,full,8,19,sequence,0,1,6,8010,1207,0.7783
moe_coarse_1e19,moe_coarse_1e19,1e19,full,8,20,sequence,0,1,6,8010,667,0.659
moe_coarse_1e19,moe_coarse_1e19,1e19,full,8,21,sequence,0,1,6,8010,960,0.7229
moe_coarse_1e19,moe_coarse_1e19,1e19,full,8,22,sequence,0,1,6,8010,103,0.8707
moe_coarse_1e19,moe_coarse_1e19,1e19,full,8,23,sequence,0,1,6,8010,1419,0.7976
moe_coarse_1e19,moe_coarse_1e19,1e19,full,8,24,sequence,0,1,6,8010,311,0.6261
moe_coarse_1e19,moe_coarse_1e19,1e19,full,8,25,sequence,0,1,6,8010,690,0.6754
moe_coarse_1e19,moe_coarse_1e19,1e19,full,8,26,sequence,0,1,6,8010,323,0.6976
moe_coarse_1e19,moe_coarse_1e19,1e19,full,8,27,sequence,0,1,6,8010,441,0.8103
moe_coarse_1e19,moe_coarse_1e19,1e19,full,8,28,sequence,0,1,6,8010,1479,0.6854
moe_coarse_1e19,moe_coarse_1e19,1e19,full,8,29,sequence,0,1,6,8010,1410,0.6941
moe_coarse_1e19,moe_coarse_1e19,1e19,full,8,30,sequence,0,1,6,8010,204,0.7482
moe_coarse_1e19,moe_coarse_1e19,1e19,full,8,31,sequence,0,1,6,8010,480,0.7031
moe_coarse_1e19,moe_coarse_1e19,1e19,full,8,32,sequence,0,1,6,8010,646,0.6908
moe_coarse_1e19,moe_coarse_1e19,1e19,full,8,33,sequence,0,1,6,8010,1904,0.7198
moe_coarse_1e19,moe_coarse_1e19,1e19,full,8,34,sequence,0,1,6,8010,1075,0.754
moe_coarse_1e19,moe_coarse_1e19,1e19,full,8,35,sequence,0,1,6,8010,32,0.6661
moe_coarse_1e19,moe_coarse_1e19,1e19,full,8,36,sequence,0,1,6,8010,346,0.6805
moe_coarse_1e19,moe_coarse_1e19,1e19,full,8,37,sequence,0,1,6,8010,914,0.7785
moe_coarse_1e19,moe_coarse_1e19,1e19,full,8,38,sequence,0,1,6,8010,873,0.7252
moe_coarse_1e19,moe_coarse_1e19,1e19,full,8,39,sequence,0,1,6,8010,1265,0.7059
moe_coarse_1e19,moe_coarse_1e19,1e19,full,8,40,sequence,0,1,6,8010,253,0.6644
moe_coarse_1e19,moe_coarse_1e19,1e19,full,8,41,sequence,0,1,6,8010,647,0.7254
moe_coarse_1e19,moe_coarse_1e19,1e19,full,8,42,sequence,0,1,6,8010,880,0.6795
moe_coarse_1e19,moe_coarse_1e19,1e19,full,8,43,sequence,0,1,6,8010,1460,0.7667
moe_coarse_1e19,moe_coarse_1e19,1e19,full,8,44,sequence,0,1,6,8010,117,0.7656
moe_coarse_1e19,moe_coarse_1e19,1e19,full,8,45,sequence,0,1,6,8010,211,0.7092
moe_coarse_1e19,moe_coarse_1e19,1e19,full,8,46,sequence,0,1,6,8010,302,0.7525
moe_coarse_1e19,moe_coarse_1e19,1e19,full,8,47,sequence,0,1,6,8010,405,0.6856
moe_coarse_1e19,moe_coarse_1e19,1e19,full,8,48,sequence,0,1,6,8010,554,0.683
moe_coarse_1e19,moe_coarse_1e19,1e19,full,8,49,sequence,0,1,6,8010,1168,0.6655
moe_coarse_1e19,moe_coarse_1e19,1e19,full,8,50,sequence,0,1,6,8010,348,0.7032
moe_coarse_1e19,moe_coarse_1e19,1e19,full,8,51,sequence,0,1,6,8010,1032,0.679
moe_coarse_1e19,moe_coarse_1e19,1e19,full,8,52,sequence,0,1,6,8010,154,0.7109
moe_coarse_1e19,moe_coarse_1e19,1e19,full,8,53,sequence,0,1,6,8010,31,0.8324
moe_coarse_1e19,moe_coarse_1e19,1e19,full,8,54,sequence,0,1,6,8010,688,0.7813
moe_coarse_1e19,moe_coarse_1e19,1e19,full,8,55,sequence,0,1,6,8010,1887,0.7513
moe_coarse_1e19,moe_coarse_1e19,1e19,full,8,56,sequence,0,1,6,8010,681,0.6784
moe_coarse_1e19,moe_coarse_1e19,1e19,full,8,57,sequence,0,1,6,8010,359,0.6692
moe_coarse_1e19,moe_coarse_1e19,1e19,full,8,58,sequence,0,1,6,8010,1332,0.7675
moe_coarse_1e19,moe_coarse_1e19,1e19,full,8,59,sequence,0,1,6,8010,54,0.8142
moe_coarse_1e19,moe_coarse_1e19,1e19,full,8,60,sequence,0,1,6,8010,1241,0.7163
moe_coarse_1e19,moe_coarse_1e19,1e19,full,8,61,sequence,0,1,6,8010,331,0.6455
moe_coarse_1e19,moe_coarse_1e19,1e19,full,8,62,sequence,0,1,6,8010,925,0.7777
moe_coarse_1e19,moe_coarse_1e19,1e19,full,8,63,sequence,0,1,6,8010,510,0.6238
moe_coarse_1e19,moe_coarse_1e19,1e19,full,8,0,sequence,1,6,32,7866,641,0.6832
moe_coarse_1e19,moe_coarse_1e19,1e19,full,8,1,sequence,1,6,32,7866,1225,0.7793
moe_coarse_1e19,moe_coarse_1e19,1e19,full,8,2,sequence,1,6,32,7866,899,0.798
moe_coarse_1e19,moe_coarse_1e19,1e19,full,8,3,sequence,1,6,32,7866,928,0.7011
moe_coarse_1e19,moe_coarse_1e19,1e19,full,8,4,sequence,1,6,32,7866,370,0.7611
moe_coarse_1e19,moe_coarse_1e19,1e19,full,8,5,sequence,1,6,32,7866,1354,0.8569
moe_coarse_1e19,moe_coarse_1e19,1e19,full,8,6,sequence,1,6,32,7866,1273,0.7771
moe_coarse_1e19,moe_coarse_1e19,1e19,full,8,7,sequence,1,6,32,7866,929,0.8029
moe_coarse_1e19,moe_coarse_1e19,1e19,full,8,8,sequence,1,6,32,7866,1413,0.8114
moe_coarse_1e19,moe_coarse_1e19,1e19,full,8,9,sequence,1,6,32,7866,1467,0.8169
moe_coarse_1e19,moe_coarse_1e19,1e19,full,8,10,sequence,1,6,32,7866,368,0.8573
moe_coarse_1e19,moe_coarse_1e19,1e19,full,8,11,sequence,1,6,32,7866,683,0.8045
moe_coarse_1e19,moe_coarse_1e19,1e19,full,8,12,sequence,1,6,32,7866,677,0.7752
moe_coarse_1e19,moe_coarse_1e19,1e19,full,8,13,sequence,1,6,32,7866,166,0.7861
moe_coarse_1e19,moe_coarse_1e19,1e19,full,8,14,sequence,1,6,32,7866,1393,0.8286
moe_coarse_1e19,moe_coarse_1e19,1e19,full,8,15,sequence,1,6,32,7866,369,0.8248
moe_coarse_1e19,moe_coarse_1e19,1e19,full,8,16,sequence,1,6,32,7866,267,0.7678
moe_coarse_1e19,moe_coarse_1e19,1e19,full,8,17,sequence,1,6,32,7866,1237,0.8116
moe_coarse_1e19,moe_coarse_1e19,1e19,full,8,18,sequence,1,6,32,7866,474,0.843
moe_coarse_1e19,moe_coarse_1e19,1e19,full,8,19,sequence,1,6,32,7866,1117,0.8196
moe_coarse_1e19,moe_coarse_1e19,1e19,full,8,20,sequence,1,6,32,7866,360,0.7228
moe_coarse_1e19,moe_coarse_1e19,1e19,full,8,21,sequence,1,6,32,7866,1364,0.7851
moe_coarse_1e19,moe_coarse_1e19,1e19,full,8,22,sequence,1,6,32,7866,312,0.8987
moe_coarse_1e19,moe_coarse_1e19,1e19,full,8,23,sequence,1,6,32,7866,1253,0.8611
moe_coarse_1e19,moe_coarse_1e19,1e19,full,8,24,sequence,1,6,32,7866,413,0.7501
moe_coarse_1e19,moe_coarse_1e19,1e19,full,8,25,sequence,1,6,32,7866,690,0.771
moe_coarse_1e19,moe_coarse_1e19,1e19,full,8,26,sequence,1,6,32,7866,445,0.7857
moe_coarse_1e19,moe_coarse_1e19,1e19,full,8,27,sequence,1,6,32,7866,580,0.8483
moe_coarse_1e19,moe_coarse_1e19,1e19,full,8,28,sequence,1,6,32,7866,1308,0.7709
moe_coarse_1e19,moe_coarse_1e19,1e19,full,8,29,sequence,1,6,32,7866,893,0.7323
moe_coarse_1e19,moe_coarse_1e19,1e19,full,8,30,sequence,1,6,32,7866,456,0.8306
moe_coarse_1e19,moe_coarse_1e19,1e19,full,8,31,sequence,1,6,32,7866,595,0.7596
moe_coarse_1e19,moe_coarse_1e19,1e19,full,8,32,sequence,1,6,32,7866,774,0.7441
moe_coarse_1e19,moe_coarse_1e19,1e19,full,8,33,sequence,1,6,32,7866,1212,0.7707
moe_coarse_1e19,moe_coarse_1e19,1e19,full,8,34,sequence,1,6,32,7866,753,0.7869
moe_coarse_1e19,moe_coarse_1e19,1e19,full,8,35,sequence,1,6,32,7866,138,0.8653
moe_coarse_1e19,moe_coarse_1e19,1e19,full,8,36,sequence,1,6,32,7866,532,0.8101
moe_coarse_1e19,moe_coarse_1e19,1e19,full,8,37,sequence,1,6,32,7866,970,0.8011
moe_coarse_1e19,moe_coarse_1e19,1e19,full,8,38,sequence,1,6,32,7866,592,0.772
moe_coarse_1e19,moe_coarse_1e19,1e19,full,8,39,sequence,1,6,32,7866,1055,0.8111
moe_coarse_1e19,moe_coarse_1e19,1e19,full,8,40,sequence,1,6,32,7866,440,0.798
moe_coarse_1e19,moe_coarse_1e19,1e19,full,8,41,sequence,1,6,32,7866,800,0.8255
moe_coarse_1e19,moe_coarse_1e19,1e19,full,8,42,sequence,1,6,32,7866,911,0.7309
moe_coarse_1e19,moe_coarse_1e19,1e19,full,8,43,sequence,1,6,32,7866,1447,0.8397
moe_coarse_1e19,moe_coarse_1e19,1e19,full,8,44,sequence,1,6,32,7866,288,0.8549
moe_coarse_1e19,moe_coarse_1e19,1e19,full,8,45,sequence,1,6,32,7866,459,0.7441
moe_coarse_1e19,moe_coarse_1e19,1e19,full,8,46,sequence,1,6,32,7866,212,0.8263
moe_coarse_1e19,moe_coarse_1e19,1e19,full,8,47,sequence,1,6,32,7866,572,0.7158
moe_coarse_1e19,moe_coarse_1e19,1e19,full,8,48,sequence,1,6,32,7866,870,0.7668
moe_coarse_1e19,moe_coarse_1e19,1e19,full,8,49,sequence,1,6,32,7866,756,0.7889
moe_coarse_1e19,moe_coarse_1e19,1e19,full,8,50,sequence,1,6,32,7866,437,0.7744
moe_coarse_1e19,moe_coarse_1e19,1e19,full,8,51,sequence,1,6,32,7866,970,0.7573
moe_coarse_1e19,moe_coarse_1e19,1e19,full,8,52,sequence,1,6,32,7866,293,0.8355
moe_coarse_1e19,moe_coarse_1e19,1e19,full,8,53,sequence,1,6,32,7866,97,0.8481
moe_coarse_1e19,moe_coarse_1e19,1e19,full,8,54,sequence,1,6,32,7866,485,0.8316
moe_coarse_1e19,moe_coarse_1e19,1e19,full,8,55,sequence,1,6,32,7866,1129,0.7705
moe_coarse_1e19,moe_coarse_1e19,1e19,full,8,56,sequence,1,6,32,7866,735,0.775
moe_coarse_1e19,moe_coarse_1e19,1e19,full,8,57,sequence,1,6,32,7866,341,0.7583
moe_coarse_1e19,moe_coarse_1e19,1e19,full,8,58,sequence,1,6,32,7866,1060,0.8379
moe_coarse_1e19,moe_coarse_1e19,1e19,full,8,59,sequence,1,6,32,7866,113,0.872
moe_coarse_1e19,moe_coarse_1e19,1e19,full,8,60,sequence,1,6,32,7866,1024,0.785
moe_coarse_1e19,moe_coarse_1e19,1e19,full,8,61,sequence,1,6,32,7866,428,0.8283
moe_coarse_1e19,moe_coarse_1e19,1e19,full,8,62,sequence,1,6,32,7866,654,0.831
moe_coarse_1e19,moe_coarse_1e19,1e19,full,8,63,sequence,1,6,32,7866,730,0.7096
moe_coarse_1e19,moe_coarse_1e19,1e19,full,8,0,sequence,2,32,221,7700,813,0.8673
moe_coarse_1e19,moe_coarse_1e19,1e19,full,8,1,sequence,2,32,221,7700,505,0.8863
moe_coarse_1e19,moe_coarse_1e19,1e19,full,8,2,sequence,2,32,221,7700,826,0.8811
moe_coarse_1e19,moe_coarse_1e19,1e19,full,8,3,sequence,2,32,221,7700,1478,0.8889
moe_coarse_1e19,moe_coarse_1e19,1e19,full,8,4,sequence,2,32,221,7700,1204,0.8934
moe_coarse_1e19,moe_coarse_1e19,1e19,full,8,5,sequence,2,32,221,7700,745,0.9439
moe_coarse_1e19,moe_coarse_1e19,1e19,full,8,6,sequence,2,32,221,7700,600,0.8664
moe_coarse_1e19,moe_coarse_1e19,1e19,full,8,7,sequence,2,32,221,7700,871,0.8764
moe_coarse_1e19,moe_coarse_1e19,1e19,full,8,8,sequence,2,32,221,7700,377,0.8613
moe_coarse_1e19,moe_coarse_1e19,1e19,full,8,9,sequence,2,32,221,7700,600,0.8971
moe_coarse_1e19,moe_coarse_1e19,1e19,full,8,10,sequence,2,32,221,7700,655,0.8913
moe_coarse_1e19,moe_coarse_1e19,1e19,full,8,11,sequence,2,32,221,7700,1286,0.862
moe_coarse_1e19,moe_coarse_1e19,1e19,full,8,12,sequence,2,32,221,7700,1183,0.9013
moe_coarse_1e19,moe_coarse_1e19,1e19,full,8,13,sequence,2,32,221,7700,609,0.8808
moe_coarse_1e19,moe_coarse_1e19,1e19,full,8,14,sequence,2,32,221,7700,603,0.8894
moe_coarse_1e19,moe_coarse_1e19,1e19,full,8,15,sequence,2,32,221,7700,1000,0.8998
moe_coarse_1e19,moe_coarse_1e19,1e19,full,8,16,sequence,2,32,221,7700,697,0.8316
moe_coarse_1e19,moe_coarse_1e19,1e19,full,8,17,sequence,2,32,221,7700,442,0.9211
moe_coarse_1e19,moe_coarse_1e19,1e19,full,8,18,sequence,2,32,221,7700,578,0.9326
moe_coarse_1e19,moe_coarse_1e19,1e19,full,8,19,sequence,2,32,221,7700,704,0.8949
moe_coarse_1e19,moe_coarse_1e19,1e19,full,8,20,sequence,2,32,221,7700,215,0.9095
moe_coarse_1e19,moe_coarse_1e19,1e19,full,8,21,sequence,2,32,221,7700,1077,0.8653
moe_coarse_1e19,moe_coarse_1e19,1e19,full,8,22,sequence,2,32,221,7700,718,0.9348
moe_coarse_1e19,moe_coarse_1e19,1e19,full,8,23,sequence,2,32,221,7700,919,0.9377
moe_coarse_1e19,moe_coarse_1e19,1e19,full,8,24,sequence,2,32,221,7700,474,0.8148
moe_coarse_1e19,moe_coarse_1e19,1e19,full,8,25,sequence,2,32,221,7700,738,0.8948
moe_coarse_1e19,moe_coarse_1e19,1e19,full,8,26,sequence,2,32,221,7700,743,0.8389
moe_coarse_1e19,moe_coarse_1e19,1e19,full,8,27,sequence,2,32,221,7700,728,0.9173
moe_coarse_1e19,moe_coarse_1e19,1e19,full,8,28,sequence,2,32,221,7700,443,0.7832
moe_coarse_1e19,moe_coarse_1e19,1e19,full,8,29,sequence,2,32,221,7700,403,0.8283
moe_coarse_1e19,moe_coarse_1e19,1e19,full,8,30,sequence,2,32,221,7700,1225,0.9164
moe_coarse_1e19,moe_coarse_1e19,1e19,full,8,31,sequence,2,32,221,7700,959,0.8479
moe_coarse_1e19,moe_coarse_1e19,1e19,full,8,32,sequence,2,32,221,7700,1043,0.7691
moe_coarse_1e19,moe_coarse_1e19,1e19,full,8,33,sequence,2,32,221,7700,418,0.8998
moe_coarse_1e19,moe_coarse_1e19,1e19,full,8,34,sequence,2,32,221,7700,444,0.8286
moe_coarse_1e19,moe_coarse_1e19,1e19,full,8,35,sequence,2,32,221,7700,350,0.932
moe_coarse_1e19,moe_coarse_1e19,1e19,full,8,36,sequence,2,32,221,7700,412,0.8566
moe_coarse_1e19,moe_coarse_1e19,1e19,full,8,37,sequence,2,32,221,7700,564,0.9355
moe_coarse_1e19,moe_coarse_1e19,1e19,full,8,38,sequence,2,32,221,7700,364,0.7971
moe_coarse_1e19,moe_coarse_1e19,1e19,full,8,39,sequence,2,32,221,7700,427,0.7847
moe_coarse_1e19,moe_coarse_1e19,1e19,full,8,40,sequence,2,32,221,7700,1128,0.9505
moe_coarse_1e19,moe_coarse_1e19,1e19,full,8,41,sequence,2,32,221,7700,996,0.8927
moe_coarse_1e19,moe_coarse_1e19,1e19,full,8,42,sequence,2,32,221,7700,828,0.9061
moe_coarse_1e19,moe_coarse_1e19,1e19,full,8,43,sequence,2,32,221,7700,495,0.9165
moe_coarse_1e19,moe_coarse_1e19,1e19,full,8,44,sequence,2,32,221,7700,1056,0.9454
moe_coarse_1e19,moe_coarse_1e19,1e19,full,8,45,sequence,2,32,221,7700,1084,0.8676
moe_coarse_1e19,moe_coarse_1e19,1e19,full,8,46,sequence,2,32,221,7700,513,0.9266
moe_coarse_1e19,moe_coarse_1e19,1e19,full,8,47,sequence,2,32,221,7700,889,0.8268
moe_coarse_1e19,moe_coarse_1e19,1e19,full,8,48,sequence,2,32,221,7700,1458,0.9119
moe_coarse_1e19,moe_coarse_1e19,1e19,full,8,49,sequence,2,32,221,7700,492,0.876
moe_coarse_1e19,moe_coarse_1e19,1e19,full,8,50,sequence,2,32,221,7700,796,0.8901
moe_coarse_1e19,moe_coarse_1e19,1e19,full,8,51,sequence,2,32,221,7700,942,0.8795
moe_coarse_1e19,moe_coarse_1e19,1e19,full,8,52,sequence,2,32,221,7700,1129,0.9396
moe_coarse_1e19,moe_coarse_1e19,1e19,full,8,53,sequence,2,32,221,7700,559,0.949
moe_coarse_1e19,moe_coarse_1e19,1e19,full,8,54,sequence,2,32,221,7700,425,0.8263
moe_coarse_1e19,moe_coarse_1e19,1e19,full,8,55,sequence,2,32,221,7700,224,0.7786
moe_coarse_1e19,moe_coarse_1e19,1e19,full,8,56,sequence,2,32,221,7700,817,0.9061
moe_coarse_1e19,moe_coarse_1e19,1e19,full,8,57,sequence,2,32,221,7700,430,0.8315
moe_coarse_1e19,moe_coarse_1e19,1e19,full,8,58,sequence,2,32,221,7700,543,0.8573
moe_coarse_1e19,moe_coarse_1e19,1e19,full,8,59,sequence,2,32,221,7700,280,0.933
moe_coarse_1e19,moe_coarse_1e19,1e19,full,8,60,sequence,2,32,221,7700,688,0.8534
moe_coarse_1e19,moe_coarse_1e19,1e19,full,8,61,sequence,2,32,221,7700,374,0.8461
moe_coarse_1e19,moe_coarse_1e19,1e19,full,8,62,sequence,2,32,221,7700,651,0.8474
moe_coarse_1e19,moe_coarse_1e19,1e19,full,8,63,sequence,2,32,221,7700,963,0.8006
moe_coarse_1e19,moe_coarse_1e19,1e19,full,8,0,sequence,3,238,1429,6983,969,0.8579
moe_coarse_1e19,moe_coarse_1e19,1e19,full,8,1,sequence,3,238,1429,6983,98,0.8127
moe_coarse_1e19,moe_coarse_1e19,1e19,full,8,2,sequence,3,238,1429,6983,769,0.8566
moe_coarse_1e19,moe_coarse_1e19,1e19,full,8,3,sequence,3,238,1429,6983,1066,0.9455
moe_coarse_1e19,moe_coarse_1e19,1e19,full,8,4,sequence,3,238,1429,6983,1971,0.9009
moe_coarse_1e19,moe_coarse_1e19,1e19,full,8,5,sequence,3,238,1429,6983,321,0.9692
moe_coarse_1e19,moe_coarse_1e19,1e19,full,8,6,sequence,3,238,1429,6983,471,0.9257
moe_coarse_1e19,moe_coarse_1e19,1e19,full,8,7,sequence,3,238,1429,6983,482,0.8607
moe_coarse_1e19,moe_coarse_1e19,1e19,full,8,8,sequence,3,238,1429,6983,69,0.728
moe_coarse_1e19,moe_coarse_1e19,1e19,full,8,9,sequence,3,238,1429,6983,51,0.8568
moe_coarse_1e19,moe_coarse_1e19,1e19,full,8,10,sequence,3,238,1429,6983,761,0.8609
moe_coarse_1e19,moe_coarse_1e19,1e19,full,8,11,sequence,3,238,1429,6983,960,0.8294
moe_coarse_1e19,moe_coarse_1e19,1e19,full,8,12,sequence,3,238,1429,6983,693,0.8995
moe_coarse_1e19,moe_coarse_1e19,1e19,full,8,13,sequence,3,238,1429,6983,1289,0.9086
moe_coarse_1e19,moe_coarse_1e19,1e19,full,8,14,sequence,3,238,1429,6983,72,0.8941
moe_coarse_1e19,moe_coarse_1e19,1e19,full,8,15,sequence,3,238,1429,6983,832,0.8321
moe_coarse_1e19,moe_coarse_1e19,1e19,full,8,16,sequence,3,238,1429,6983,1060,0.8507
moe_coarse_1e19,moe_coarse_1e19,1e19,full,8,17,sequence,3,238,1429,6983,3,0.7032
moe_coarse_1e19,moe_coarse_1e19,1e19,full,8,18,sequence,3,238,1429,6983,1091,0.9552
moe_coarse_1e19,moe_coarse_1e19,1e19,full,8,19,sequence,3,238,1429,6983,280,0.946
moe_coarse_1e19,moe_coarse_1e19,1e19,full,8,20,sequence,3,238,1429,6983,296,0.9604
moe_coarse_1e19,moe_coarse_1e19,1e19,full,8,21,sequence,3,238,1429,6983,330,0.7938
moe_coarse_1e19,moe_coarse_1e19,1e19,full,8,22,sequence,3,238,1429,6983,733,0.9235
moe_coarse_1e19,moe_coarse_1e19,1e19,full,8,23,sequence,3,238,1429,6983,300,0.8934
moe_coarse_1e19,moe_coarse_1e19,1e19,full,8,24,sequence,3,238,1429,6983,1009,0.7967
moe_coarse_1e19,moe_coarse_1e19,1e19,full,8,25,sequence,3,238,1429,6983,1207,0.9382
moe_coarse_1e19,moe_coarse_1e19,1e19,full,8,26,sequence,3,238,1429,6983,794,0.811
moe_coarse_1e19,moe_coarse_1e19,1e19,full,8,27,sequence,3,238,1429,6983,1134,0.9329
moe_coarse_1e19,moe_coarse_1e19,1e19,full,8,28,sequence,3,238,1429,6983,218,0.845
moe_coarse_1e19,moe_coarse_1e19,1e19,full,8,29,sequence,3,238,1429,6983,225,0.8157
moe_coarse_1e19,moe_coarse_1e19,1e19,full,8,30,sequence,3,238,1429,6983,1509,0.9302
moe_coarse_1e19,moe_coarse_1e19,1e19,full,8,31,sequence,3,238,1429,6983,931,0.8596
moe_coarse_1e19,moe_coarse_1e19,1e19,full,8,32,sequence,3,238,1429,6983,820,0.7931
moe_coarse_1e19,moe_coarse_1e19,1e19,full,8,33,sequence,3,238,1429,6983,24,0.9012
moe_coarse_1e19,moe_coarse_1e19,1e19,full,8,34,sequence,3,238,1429,6983,270,0.8617
moe_coarse_1e19,moe_coarse_1e19,1e19,full,8,35,sequence,3,238,1429,6983,1073,0.9528
moe_coarse_1e19,moe_coarse_1e19,1e19,full,8,36,sequence,3,238,1429,6983,796,0.8739
moe_coarse_1e19,moe_coarse_1e19,1e19,full,8,37,sequence,3,238,1429,6983,95,0.8832
moe_coarse_1e19,moe_coarse_1e19,1e19,full,8,38,sequence,3,238,1429,6983,276,0.873
moe_coarse_1e19,moe_coarse_1e19,1e19,full,8,39,sequence,3,238,1429,6983,279,0.9404
moe_coarse_1e19,moe_coarse_1e19,1e19,full,8,40,sequence,3,238,1429,6983,1639,0.9372
moe_coarse_1e19,moe_coarse_1e19,1e19,full,8,41,sequence,3,238,1429,6983,883,0.862
moe_coarse_1e19,moe_coarse_1e19,1e19,full,8,42,sequence,3,238,1429,6983,636,0.9121
moe_coarse_1e19,moe_coarse_1e19,1e19,full,8,43,sequence,3,238,1429,6983,57,0.8851
moe_coarse_1e19,moe_coarse_1e19,1e19,full,8,44,sequence,3,238,1429,6983,1044,0.8963
moe_coarse_1e19,moe_coarse_1e19,1e19,full,8,45,sequence,3,238,1429,6983,932,0.7843
moe_coarse_1e19,moe_coarse_1e19,1e19,full,8,46,sequence,3,238,1429,6983,393,0.9338
moe_coarse_1e19,moe_coarse_1e19,1e19,full,8,47,sequence,3,238,1429,6983,1024,0.8289
moe_coarse_1e19,moe_coarse_1e19,1e19,full,8,48,sequence,3,238,1429,6983,457,0.93
moe_coarse_1e19,moe_coarse_1e19,1e19,full,8,49,sequence,3,238,1429,6983,327,0.8779
moe_coarse_1e19,moe_coarse_1e19,1e19,full,8,50,sequence,3,238,1429,6983,954,0.9224
moe_coarse_1e19,moe_coarse_1e19,1e19,full,8,51,sequence,3,238,1429,6983,501,0.9257
moe_coarse_1e19,moe_coarse_1e19,1e19,full,8,52,sequence,3,238,1429,6983,880,0.9663
moe_coarse_1e19,moe_coarse_1e19,1e19,full,8,53,sequence,3,238,1429,6983,1003,0.9724
moe_coarse_1e19,moe_coarse_1e19,1e19,full,8,54,sequence,3,238,1429,6983,332,0.9162
moe_coarse_1e19,moe_coarse_1e19,1e19,full,8,55,sequence,3,238,1429,6983,50,0.9072
moe_coarse_1e19,moe_coarse_1e19,1e19,full,8,56,sequence,3,238,1429,6983,732,0.9465
moe_coarse_1e19,moe_coarse_1e19,1e19,full,8,57,sequence,3,238,1429,6983,647,0.8478
moe_coarse_1e19,moe_coarse_1e19,1e19,full,8,58,sequence,3,238,1429,6983,280,0.8421
moe_coarse_1e19,moe_coarse_1e19,1e19,full,8,59,sequence,3,238,1429,6983,371,0.8244
moe_coarse_1e19,moe_coarse_1e19,1e19,full,8,60,sequence,3,238,1429,6983,631,0.8663
moe_coarse_1e19,moe_coarse_1e19,1e19,full,8,61,sequence,3,238,1429,6983,921,0.8483
moe_coarse_1e19,moe_coarse_1e19,1e19,full,8,62,sequence,3,238,1429,6983,352,0.8215
moe_coarse_1e19,moe_coarse_1e19,1e19,full,8,63,sequence,3,238,1429,6983,1225,0.8958
moe_coarse_1e19,moe_coarse_1e19,1e19,full,8,0,sequence,4,1982,4940,8353,388,0.7794
moe_coarse_1e19,moe_coarse_1e19,1e19,full,8,1,sequence,4,1982,4940,8353,12,0.7252
moe_coarse_1e19,moe_coarse_1e19,1e19,full,8,2,sequence,4,1982,4940,8353,245,0.9215
moe_coarse_1e19,moe_coarse_1e19,1e19,full,8,3,sequence,4,1982,4940,8353,79,0.7316
moe_coarse_1e19,moe_coarse_1e19,1e19,full,8,4,sequence,4,1982,4940,8353,564,0.8969
moe_coarse_1e19,moe_coarse_1e19,1e19,full,8,5,sequence,4,1982,4940,8353,0,
moe_coarse_1e19,moe_coarse_1e19,1e19,full,8,6,sequence,4,1982,4940,8353,43,0.785
moe_coarse_1e19,moe_coarse_1e19,1e19,full,8,7,sequence,4,1982,4940,8353,557,0.8868
moe_coarse_1e19,moe_coarse_1e19,1e19,full,8,8,sequence,4,1982,4940,8353,307,0.918
moe_coarse_1e19,moe_coarse_1e19,1e19,full,8,9,sequence,4,1982,4940,8353,11,0.888
moe_coarse_1e19,moe_coarse_1e19,1e19,full,8,10,sequence,4,1982,4940,8353,985,0.9237
moe_coarse_1e19,moe_coarse_1e19,1e19,full,8,11,sequence,4,1982,4940,8353,679,0.8766
moe_coarse_1e19,moe_coarse_1e19,1e19,full,8,12,sequence,4,1982,4940,8353,983,0.8748
moe_coarse_1e19,moe_coarse_1e19,1e19,full,8,13,sequence,4,1982,4940,8353,1487,0.9518
moe_coarse_1e19,moe_coarse_1e19,1e19,full,8,14,sequence,4,1982,4940,8353,1,0.0838
moe_coarse_1e19,moe_coarse_1e19,1e19,full,8,15,sequence,4,1982,4940,8353,1334,0.7908
moe_coarse_1e19,moe_coarse_1e19,1e19,full,8,16,sequence,4,1982,4940,8353,1657,0.8583
moe_coarse_1e19,moe_coarse_1e19,1e19,full,8,17,sequence,4,1982,4940,8353,22,0.8821
moe_coarse_1e19,moe_coarse_1e19,1e19,full,8,18,sequence,4,1982,4940,8353,1142,0.8654
moe_coarse_1e19,moe_coarse_1e19,1e19,full,8,19,sequence,4,1982,4940,8353,261,0.8685
moe_coarse_1e19,moe_coarse_1e19,1e19,full,8,20,sequence,4,1982,4940,8353,1825,0.9509
moe_coarse_1e19,moe_coarse_1e19,1e19,full,8,21,sequence,4,1982,4940,8353,84,0.6923
moe_coarse_1e19,moe_coarse_1e19,1e19,full,8,22,sequence,4,1982,4940,8353,2166,0.8674
moe_coarse_1e19,moe_coarse_1e19,1e19,full,8,23,sequence,4,1982,4940,8353,44,0.9345
moe_coarse_1e19,moe_coarse_1e19,1e19,full,8,24,sequence,4,1982,4940,8353,1554,0.7894
moe_coarse_1e19,moe_coarse_1e19,1e19,full,8,25,sequence,4,1982,4940,8353,357,0.8385
moe_coarse_1e19,moe_coarse_1e19,1e19,full,8,26,sequence,4,1982,4940,8353,1371,0.8742
moe_coarse_1e19,moe_coarse_1e19,1e19,full,8,27,sequence,4,1982,4940,8353,914,0.9735
moe_coarse_1e19,moe_coarse_1e19,1e19,full,8,28,sequence,4,1982,4940,8353,36,0.4992
moe_coarse_1e19,moe_coarse_1e19,1e19,full,8,29,sequence,4,1982,4940,8353,373,0.8032
moe_coarse_1e19,moe_coarse_1e19,1e19,full,8,30,sequence,4,1982,4940,8353,356,0.9338
moe_coarse_1e19,moe_coarse_1e19,1e19,full,8,31,sequence,4,1982,4940,8353,545,0.8409
moe_coarse_1e19,moe_coarse_1e19,1e19,full,8,32,sequence,4,1982,4940,8353,745,0.7811
moe_coarse_1e19,moe_coarse_1e19,1e19,full,8,33,sequence,4,1982,4940,8353,9,0.5419
moe_coarse_1e19,moe_coarse_1e19,1e19,full,8,34,sequence,4,1982,4940,8353,643,0.889
moe_coarse_1e19,moe_coarse_1e19,1e19,full,8,35,sequence,4,1982,4940,8353,1915,0.9384
moe_coarse_1e19,moe_coarse_1e19,1e19,full,8,36,sequence,4,1982,4940,8353,1440,0.7737
moe_coarse_1e19,moe_coarse_1e19,1e19,full,8,37,sequence,4,1982,4940,8353,1102,0.9652
moe_coarse_1e19,moe_coarse_1e19,1e19,full,8,38,sequence,4,1982,4940,8353,1114,0.841
moe_coarse_1e19,moe_coarse_1e19,1e19,full,8,39,sequence,4,1982,4940,8353,720,0.9069
moe_coarse_1e19,moe_coarse_1e19,1e19,full,8,40,sequence,4,1982,4940,8353,214,0.8264
moe_coarse_1e19,moe_coarse_1e19,1e19,full,8,41,sequence,4,1982,4940,8353,304,0.7665
moe_coarse_1e19,moe_coarse_1e19,1e19,full,8,42,sequence,4,1982,4940,8353,683,0.9476
moe_coarse_1e19,moe_coarse_1e19,1e19,full,8,43,sequence,4,1982,4940,8353,29,0.5774
moe_coarse_1e19,moe_coarse_1e19,1e19,full,8,44,sequence,4,1982,4940,8353,1292,0.707
moe_coarse_1e19,moe_coarse_1e19,1e19,full,8,45,sequence,4,1982,4940,8353,1294,0.6535
moe_coarse_1e19,moe_coarse_1e19,1e19,full,8,46,sequence,4,1982,4940,8353,1803,0.8241
moe_coarse_1e19,moe_coarse_1e19,1e19,full,8,47,sequence,4,1982,4940,8353,905,0.845
moe_coarse_1e19,moe_coarse_1e19,1e19,full,8,48,sequence,4,1982,4940,8353,430,0.8879
moe_coarse_1e19,moe_coarse_1e19,1e19,full,8,49,sequence,4,1982,4940,8353,360,0.7703
moe_coarse_1e19,moe_coarse_1e19,1e19,full,8,50,sequence,4,1982,4940,8353,1005,0.8777
moe_coarse_1e19,moe_coarse_1e19,1e19,full,8,51,sequence,4,1982,4940,8353,221,0.905
moe_coarse_1e19,moe_coarse_1e19,1e19,full,8,52,sequence,4,1982,4940,8353,1221,0.9766
moe_coarse_1e19,moe_coarse_1e19,1e19,full,8,53,sequence,4,1982,4940,8353,1987,0.9361
moe_coarse_1e19,moe_coarse_1e19,1e19,full,8,54,sequence,4,1982,4940,8353,1469,0.9191
moe_coarse_1e19,moe_coarse_1e19,1e19,full,8,55,sequence,4,1982,4940,8353,8,0.9084
moe_coarse_1e19,moe_coarse_1e19,1e19,full,8,56,sequence,4,1982,4940,8353,734,0.8363
moe_coarse_1e19,moe_coarse_1e19,1e19,full,8,57,sequence,4,1982,4940,8353,1966,0.7416
moe_coarse_1e19,moe_coarse_1e19,1e19,full,8,58,sequence,4,1982,4940,8353,191,0.7549
moe_coarse_1e19,moe_coarse_1e19,1e19,full,8,59,sequence,4,1982,4940,8353,3267,0.7991
moe_coarse_1e19,moe_coarse_1e19,1e19,full,8,60,sequence,4,1982,4940,8353,265,0.6234
moe_coarse_1e19,moe_coarse_1e19,1e19,full,8,61,sequence,4,1982,4940,8353,1147,0.713
moe_coarse_1e19,moe_coarse_1e19,1e19,full,8,62,sequence,4,1982,4940,8353,869,0.839
moe_coarse_1e19,moe_coarse_1e19,1e19,full,8,63,sequence,4,1982,4940,8353,384,0.8372
moe_coarse_1e19,moe_coarse_1e19,1e19,full,9,0,sequence,0,1,6,8010,70,0.9474
moe_coarse_1e19,moe_coarse_1e19,1e19,full,9,1,sequence,0,1,6,8010,50,0.5489
moe_coarse_1e19,moe_coarse_1e19,1e19,full,9,2,sequence,0,1,6,8010,795,0.6579
moe_coarse_1e19,moe_coarse_1e19,1e19,full,9,3,sequence,0,1,6,8010,1212,0.7402
moe_coarse_1e19,moe_coarse_1e19,1e19,full,9,4,sequence,0,1,6,8010,1168,0.7906
moe_coarse_1e19,moe_coarse_1e19,1e19,full,9,5,sequence,0,1,6,8010,885,0.6479
moe_coarse_1e19,moe_coarse_1e19,1e19,full,9,6,sequence,0,1,6,8010,1446,0.7448
moe_coarse_1e19,moe_coarse_1e19,1e19,full,9,7,sequence,0,1,6,8010,872,0.789
moe_coarse_1e19,moe_coarse_1e19,1e19,full,9,8,sequence,0,1,6,8010,264,0.7046
moe_coarse_1e19,moe_coarse_1e19,1e19,full,9,9,sequence,0,1,6,8010,894,0.7488
moe_coarse_1e19,moe_coarse_1e19,1e19,full,9,10,sequence,0,1,6,8010,537,0.6547
moe_coarse_1e19,moe_coarse_1e19,1e19,full,9,11,sequence,0,1,6,8010,1077,0.7178
moe_coarse_1e19,moe_coarse_1e19,1e19,full,9,12,sequence,0,1,6,8010,284,0.7118
moe_coarse_1e19,moe_coarse_1e19,1e19,full,9,13,sequence,0,1,6,8010,569,0.7081
moe_coarse_1e19,moe_coarse_1e19,1e19,full,9,14,sequence,0,1,6,8010,141,0.7634
moe_coarse_1e19,moe_coarse_1e19,1e19,full,9,15,sequence,0,1,6,8010,171,0.742
moe_coarse_1e19,moe_coarse_1e19,1e19,full,9,16,sequence,0,1,6,8010,482,0.6821
moe_coarse_1e19,moe_coarse_1e19,1e19,full,9,17,sequence,0,1,6,8010,1881,0.7278
moe_coarse_1e19,moe_coarse_1e19,1e19,full,9,18,sequence,0,1,6,8010,50,0.7773
moe_coarse_1e19,moe_coarse_1e19,1e19,full,9,19,sequence,0,1,6,8010,1710,0.7306
moe_coarse_1e19,moe_coarse_1e19,1e19,full,9,20,sequence,0,1,6,8010,760,0.65
moe_coarse_1e19,moe_coarse_1e19,1e19,full,9,21,sequence,0,1,6,8010,1365,0.8088
moe_coarse_1e19,moe_coarse_1e19,1e19,full,9,22,sequence,0,1,6,8010,107,0.7034
moe_coarse_1e19,moe_coarse_1e19,1e19,full,9,23,sequence,0,1,6,8010,1281,0.6302
moe_coarse_1e19,moe_coarse_1e19,1e19,full,9,24,sequence,0,1,6,8010,1228,0.7775
moe_coarse_1e19,moe_coarse_1e19,1e19,full,9,25,sequence,0,1,6,8010,606,0.6967
moe_coarse_1e19,moe_coarse_1e19,1e19,full,9,26,sequence,0,1,6,8010,422,0.7143
moe_coarse_1e19,moe_coarse_1e19,1e19,full,9,27,sequence,0,1,6,8010,888,0.6521
moe_coarse_1e19,moe_coarse_1e19,1e19,full,9,28,sequence,0,1,6,8010,1799,0.674
moe_coarse_1e19,moe_coarse_1e19,1e19,full,9,29,sequence,0,1,6,8010,332,0.655
moe_coarse_1e19,moe_coarse_1e19,1e19,full,9,30,sequence,0,1,6,8010,1826,0.7994
moe_coarse_1e19,moe_coarse_1e19,1e19,full,9,31,sequence,0,1,6,8010,910,0.6775
moe_coarse_1e19,moe_coarse_1e19,1e19,full,9,32,sequence,0,1,6,8010,249,0.6946
moe_coarse_1e19,moe_coarse_1e19,1e19,full,9,33,sequence,0,1,6,8010,164,0.7124
moe_coarse_1e19,moe_coarse_1e19,1e19,full,9,34,sequence,0,1,6,8010,668,0.6806
moe_coarse_1e19,moe_coarse_1e19,1e19,full,9,35,sequence,0,1,6,8010,307,0.7665
moe_coarse_1e19,moe_coarse_1e19,1e19,full,9,36,sequence,0,1,6,8010,46,0.9305
moe_coarse_1e19,moe_coarse_1e19,1e19,full,9,37,sequence,0,1,6,8010,416,0.6654
moe_coarse_1e19,moe_coarse_1e19,1e19,full,9,38,sequence,0,1,6,8010,765,0.7341
moe_coarse_1e19,moe_coarse_1e19,1e19,full,9,39,sequence,0,1,6,8010,306,0.6683
moe_coarse_1e19,moe_coarse_1e19,1e19,full,9,40,sequence,0,1,6,8010,1677,0.7192
moe_coarse_1e19,moe_coarse_1e19,1e19,full,9,41,sequence,0,1,6,8010,1311,0.7936
moe_coarse_1e19,moe_coarse_1e19,1e19,full,9,42,sequence,0,1,6,8010,1256,0.6797
moe_coarse_1e19,moe_coarse_1e19,1e19,full,9,43,sequence,0,1,6,8010,1112,0.7309
moe_coarse_1e19,moe_coarse_1e19,1e19,full,9,44,sequence,0,1,6,8010,1162,0.7683
moe_coarse_1e19,moe_coarse_1e19,1e19,full,9,45,sequence,0,1,6,8010,835,0.6855
moe_coarse_1e19,moe_coarse_1e19,1e19,full,9,46,sequence,0,1,6,8010,683,0.6662
moe_coarse_1e19,moe_coarse_1e19,1e19,full,9,47,sequence,0,1,6,8010,1664,0.7671
moe_coarse_1e19,moe_coarse_1e19,1e19,full,9,48,sequence,0,1,6,8010,1222,0.6439
moe_coarse_1e19,moe_coarse_1e19,1e19,full,9,49,sequence,0,1,6,8010,266,0.6048
moe_coarse_1e19,moe_coarse_1e19,1e19,full,9,50,sequence,0,1,6,8010,940,0.6741
moe_coarse_1e19,moe_coarse_1e19,1e19,full,9,51,sequence,0,1,6,8010,201,0.6713
moe_coarse_1e19,moe_coarse_1e19,1e19,full,9,52,sequence,0,1,6,8010,48,0.8255
moe_coarse_1e19,moe_coarse_1e19,1e19,full,9,53,sequence,0,1,6,8010,1118,0.6512
moe_coarse_1e19,moe_coarse_1e19,1e19,full,9,54,sequence,0,1,6,8010,43,0.8648
moe_coarse_1e19,moe_coarse_1e19,1e19,full,9,55,sequence,0,1,6,8010,819,0.6443
moe_coarse_1e19,moe_coarse_1e19,1e19,full,9,56,sequence,0,1,6,8010,982,0.7022
moe_coarse_1e19,moe_coarse_1e19,1e19,full,9,57,sequence,0,1,6,8010,643,0.6657
moe_coarse_1e19,moe_coarse_1e19,1e19,full,9,58,sequence,0,1,6,8010,357,0.6626
moe_coarse_1e19,moe_coarse_1e19,1e19,full,9,59,sequence,0,1,6,8010,337,0.7272
moe_coarse_1e19,moe_coarse_1e19,1e19,full,9,60,sequence,0,1,6,8010,40,0.8351
moe_coarse_1e19,moe_coarse_1e19,1e19,full,9,61,sequence,0,1,6,8010,765,0.6628
moe_coarse_1e19,moe_coarse_1e19,1e19,full,9,62,sequence,0,1,6,8010,557,0.7099
moe_coarse_1e19,moe_coarse_1e19,1e19,full,9,63,sequence,0,1,6,8010,1019,0.6418
moe_coarse_1e19,moe_coarse_1e19,1e19,full,9,0,sequence,1,6,32,7866,128,0.9787
moe_coarse_1e19,moe_coarse_1e19,1e19,full,9,1,sequence,1,6,32,7866,217,0.822
moe_coarse_1e19,moe_coarse_1e19,1e19,full,9,2,sequence,1,6,32,7866,933,0.6891
moe_coarse_1e19,moe_coarse_1e19,1e19,full,9,3,sequence,1,6,32,7866,830,0.8181
moe_coarse_1e19,moe_coarse_1e19,1e19,full,9,4,sequence,1,6,32,7866,872,0.8463
moe_coarse_1e19,moe_coarse_1e19,1e19,full,9,5,sequence,1,6,32,7866,1209,0.716
moe_coarse_1e19,moe_coarse_1e19,1e19,full,9,6,sequence,1,6,32,7866,1080,0.7506
moe_coarse_1e19,moe_coarse_1e19,1e19,full,9,7,sequence,1,6,32,7866,774,0.8292
moe_coarse_1e19,moe_coarse_1e19,1e19,full,9,8,sequence,1,6,32,7866,502,0.8358
moe_coarse_1e19,moe_coarse_1e19,1e19,full,9,9,sequence,1,6,32,7866,841,0.7988
moe_coarse_1e19,moe_coarse_1e19,1e19,full,9,10,sequence,1,6,32,7866,759,0.7525
moe_coarse_1e19,moe_coarse_1e19,1e19,full,9,11,sequence,1,6,32,7866,970,0.818
moe_coarse_1e19,moe_coarse_1e19,1e19,full,9,12,sequence,1,6,32,7866,517,0.7943
moe_coarse_1e19,moe_coarse_1e19,1e19,full,9,13,sequence,1,6,32,7866,579,0.7959
moe_coarse_1e19,moe_coarse_1e19,1e19,full,9,14,sequence,1,6,32,7866,380,0.8204
moe_coarse_1e19,moe_coarse_1e19,1e19,full,9,15,sequence,1,6,32,7866,291,0.8313
moe_coarse_1e19,moe_coarse_1e19,1e19,full,9,16,sequence,1,6,32,7866,733,0.7015
moe_coarse_1e19,moe_coarse_1e19,1e19,full,9,17,sequence,1,6,32,7866,1385,0.7742
moe_coarse_1e19,moe_coarse_1e19,1e19,full,9,18,sequence,1,6,32,7866,64,0.8745
moe_coarse_1e19,moe_coarse_1e19,1e19,full,9,19,sequence,1,6,32,7866,1381,0.7876
moe_coarse_1e19,moe_coarse_1e19,1e19,full,9,20,sequence,1,6,32,7866,637,0.6946
moe_coarse_1e19,moe_coarse_1e19,1e19,full,9,21,sequence,1,6,32,7866,1165,0.8549
moe_coarse_1e19,moe_coarse_1e19,1e19,full,9,22,sequence,1,6,32,7866,206,0.7641
moe_coarse_1e19,moe_coarse_1e19,1e19,full,9,23,sequence,1,6,32,7866,953,0.743
moe_coarse_1e19,moe_coarse_1e19,1e19,full,9,24,sequence,1,6,32,7866,1141,0.8118
moe_coarse_1e19,moe_coarse_1e19,1e19,full,9,25,sequence,1,6,32,7866,604,0.8047
moe_coarse_1e19,moe_coarse_1e19,1e19,full,9,26,sequence,1,6,32,7866,668,0.8092
moe_coarse_1e19,moe_coarse_1e19,1e19,full,9,27,sequence,1,6,32,7866,1050,0.7394
moe_coarse_1e19,moe_coarse_1e19,1e19,full,9,28,sequence,1,6,32,7866,1136,0.7522
moe_coarse_1e19,moe_coarse_1e19,1e19,full,9,29,sequence,1,6,32,7866,606,0.7215
moe_coarse_1e19,moe_coarse_1e19,1e19,full,9,30,sequence,1,6,32,7866,1417,0.8481
moe_coarse_1e19,moe_coarse_1e19,1e19,full,9,31,sequence,1,6,32,7866,868,0.7587
moe_coarse_1e19,moe_coarse_1e19,1e19,full,9,32,sequence,1,6,32,7866,470,0.8291
moe_coarse_1e19,moe_coarse_1e19,1e19,full,9,33,sequence,1,6,32,7866,113,0.723
moe_coarse_1e19,moe_coarse_1e19,1e19,full,9,34,sequence,1,6,32,7866,677,0.7628
moe_coarse_1e19,moe_coarse_1e19,1e19,full,9,35,sequence,1,6,32,7866,403,0.819
moe_coarse_1e19,moe_coarse_1e19,1e19,full,9,36,sequence,1,6,32,7866,114,0.9443
moe_coarse_1e19,moe_coarse_1e19,1e19,full,9,37,sequence,1,6,32,7866,539,0.7586
moe_coarse_1e19,moe_coarse_1e19,1e19,full,9,38,sequence,1,6,32,7866,837,0.7649
moe_coarse_1e19,moe_coarse_1e19,1e19,full,9,39,sequence,1,6,32,7866,478,0.7986
moe_coarse_1e19,moe_coarse_1e19,1e19,full,9,40,sequence,1,6,32,7866,1507,0.804
moe_coarse_1e19,moe_coarse_1e19,1e19,full,9,41,sequence,1,6,32,7866,979,0.8536
moe_coarse_1e19,moe_coarse_1e19,1e19,full,9,42,sequence,1,6,32,7866,1273,0.7313
moe_coarse_1e19,moe_coarse_1e19,1e19,full,9,43,sequence,1,6,32,7866,1071,0.8171
moe_coarse_1e19,moe_coarse_1e19,1e19,full,9,44,sequence,1,6,32,7866,700,0.7805
moe_coarse_1e19,moe_coarse_1e19,1e19,full,9,45,sequence,1,6,32,7866,952,0.7424
moe_coarse_1e19,moe_coarse_1e19,1e19,full,9,46,sequence,1,6,32,7866,687,0.7941
moe_coarse_1e19,moe_coarse_1e19,1e19,full,9,47,sequence,1,6,32,7866,1442,0.8059
moe_coarse_1e19,moe_coarse_1e19,1e19,full,9,48,sequence,1,6,32,7866,1153,0.7011
moe_coarse_1e19,moe_coarse_1e19,1e19,full,9,49,sequence,1,6,32,7866,314,0.6143
moe_coarse_1e19,moe_coarse_1e19,1e19,full,9,50,sequence,1,6,32,7866,1254,0.7623
moe_coarse_1e19,moe_coarse_1e19,1e19,full,9,51,sequence,1,6,32,7866,497,0.8018
moe_coarse_1e19,moe_coarse_1e19,1e19,full,9,52,sequence,1,6,32,7866,112,0.9239
moe_coarse_1e19,moe_coarse_1e19,1e19,full,9,53,sequence,1,6,32,7866,818,0.7353
moe_coarse_1e19,moe_coarse_1e19,1e19,full,9,54,sequence,1,6,32,7866,124,0.7786
moe_coarse_1e19,moe_coarse_1e19,1e19,full,9,55,sequence,1,6,32,7866,984,0.7592
moe_coarse_1e19,moe_coarse_1e19,1e19,full,9,56,sequence,1,6,32,7866,1058,0.7636
moe_coarse_1e19,moe_coarse_1e19,1e19,full,9,57,sequence,1,6,32,7866,567,0.666
moe_coarse_1e19,moe_coarse_1e19,1e19,full,9,58,sequence,1,6,32,7866,418,0.7029
moe_coarse_1e19,moe_coarse_1e19,1e19,full,9,59,sequence,1,6,32,7866,613,0.7858
moe_coarse_1e19,moe_coarse_1e19,1e19,full,9,60,sequence,1,6,32,7866,106,0.8617
moe_coarse_1e19,moe_coarse_1e19,1e19,full,9,61,sequence,1,6,32,7866,551,0.7499
moe_coarse_1e19,moe_coarse_1e19,1e19,full,9,62,sequence,1,6,32,7866,664,0.7834
moe_coarse_1e19,moe_coarse_1e19,1e19,full,9,63,sequence,1,6,32,7866,825,0.7648
moe_coarse_1e19,moe_coarse_1e19,1e19,full,9,0,sequence,2,32,221,7700,409,0.992
moe_coarse_1e19,moe_coarse_1e19,1e19,full,9,1,sequence,2,32,221,7700,624,0.9119
moe_coarse_1e19,moe_coarse_1e19,1e19,full,9,2,sequence,2,32,221,7700,1105,0.8737
moe_coarse_1e19,moe_coarse_1e19,1e19,full,9,3,sequence,2,32,221,7700,413,0.8213
moe_coarse_1e19,moe_coarse_1e19,1e19,full,9,4,sequence,2,32,221,7700,624,0.9164
moe_coarse_1e19,moe_coarse_1e19,1e19,full,9,5,sequence,2,32,221,7700,984,0.8484
moe_coarse_1e19,moe_coarse_1e19,1e19,full,9,6,sequence,2,32,221,7700,761,0.8479
moe_coarse_1e19,moe_coarse_1e19,1e19,full,9,7,sequence,2,32,221,7700,577,0.8984
moe_coarse_1e19,moe_coarse_1e19,1e19,full,9,8,sequence,2,32,221,7700,899,0.8755
moe_coarse_1e19,moe_coarse_1e19,1e19,full,9,9,sequence,2,32,221,7700,576,0.8037
moe_coarse_1e19,moe_coarse_1e19,1e19,full,9,10,sequence,2,32,221,7700,1152,0.8437
moe_coarse_1e19,moe_coarse_1e19,1e19,full,9,11,sequence,2,32,221,7700,709,0.9198
moe_coarse_1e19,moe_coarse_1e19,1e19,full,9,12,sequence,2,32,221,7700,1173,0.8822
moe_coarse_1e19,moe_coarse_1e19,1e19,full,9,13,sequence,2,32,221,7700,803,0.8253
moe_coarse_1e19,moe_coarse_1e19,1e19,full,9,14,sequence,2,32,221,7700,821,0.8759
moe_coarse_1e19,moe_coarse_1e19,1e19,full,9,15,sequence,2,32,221,7700,821,0.9221
moe_coarse_1e19,moe_coarse_1e19,1e19,full,9,16,sequence,2,32,221,7700,1284,0.8701
moe_coarse_1e19,moe_coarse_1e19,1e19,full,9,17,sequence,2,32,221,7700,237,0.8363
moe_coarse_1e19,moe_coarse_1e19,1e19,full,9,18,sequence,2,32,221,7700,298,0.8937
moe_coarse_1e19,moe_coarse_1e19,1e19,full,9,19,sequence,2,32,221,7700,292,0.8816
moe_coarse_1e19,moe_coarse_1e19,1e19,full,9,20,sequence,2,32,221,7700,877,0.8014
moe_coarse_1e19,moe_coarse_1e19,1e19,full,9,21,sequence,2,32,221,7700,612,0.8906
moe_coarse_1e19,moe_coarse_1e19,1e19,full,9,22,sequence,2,32,221,7700,729,0.8551
moe_coarse_1e19,moe_coarse_1e19,1e19,full,9,23,sequence,2,32,221,7700,421,0.8603
moe_coarse_1e19,moe_coarse_1e19,1e19,full,9,24,sequence,2,32,221,7700,392,0.8195
moe_coarse_1e19,moe_coarse_1e19,1e19,full,9,25,sequence,2,32,221,7700,947,0.8997
moe_coarse_1e19,moe_coarse_1e19,1e19,full,9,26,sequence,2,32,221,7700,1331,0.8533
moe_coarse_1e19,moe_coarse_1e19,1e19,full,9,27,sequence,2,32,221,7700,1001,0.8392
moe_coarse_1e19,moe_coarse_1e19,1e19,full,9,28,sequence,2,32,221,7700,374,0.8687
moe_coarse_1e19,moe_coarse_1e19,1e19,full,9,29,sequence,2,32,221,7700,907,0.7635
moe_coarse_1e19,moe_coarse_1e19,1e19,full,9,30,sequence,2,32,221,7700,747,0.9437
moe_coarse_1e19,moe_coarse_1e19,1e19,full,9,31,sequence,2,32,221,7700,571,0.8153
moe_coarse_1e19,moe_coarse_1e19,1e19,full,9,32,sequence,2,32,221,7700,540,0.8863
moe_coarse_1e19,moe_coarse_1e19,1e19,full,9,33,sequence,2,32,221,7700,399,0.9554
moe_coarse_1e19,moe_coarse_1e19,1e19,full,9,34,sequence,2,32,221,7700,679,0.8487
moe_coarse_1e19,moe_coarse_1e19,1e19,full,9,35,sequence,2,32,221,7700,697,0.8454
moe_coarse_1e19,moe_coarse_1e19,1e19,full,9,36,sequence,2,32,221,7700,427,0.9829
moe_coarse_1e19,moe_coarse_1e19,1e19,full,9,37,sequence,2,32,221,7700,1187,0.8327
moe_coarse_1e19,moe_coarse_1e19,1e19,full,9,38,sequence,2,32,221,7700,1093,0.8492
moe_coarse_1e19,moe_coarse_1e19,1e19,full,9,39,sequence,2,32,221,7700,643,0.879
moe_coarse_1e19,moe_coarse_1e19,1e19,full,9,40,sequence,2,32,221,7700,308,0.9045
moe_coarse_1e19,moe_coarse_1e19,1e19,full,9,41,sequence,2,32,221,7700,379,0.8796
moe_coarse_1e19,moe_coarse_1e19,1e19,full,9,42,sequence,2,32,221,7700,881,0.8628
moe_coarse_1e19,moe_coarse_1e19,1e19,full,9,43,sequence,2,32,221,7700,450,0.8882
moe_coarse_1e19,moe_coarse_1e19,1e19,full,9,44,sequence,2,32,221,7700,519,0.8631
moe_coarse_1e19,moe_coarse_1e19,1e19,full,9,45,sequence,2,32,221,7700,824,0.7014
moe_coarse_1e19,moe_coarse_1e19,1e19,full,9,46,sequence,2,32,221,7700,928,0.857
moe_coarse_1e19,moe_coarse_1e19,1e19,full,9,47,sequence,2,32,221,7700,309,0.8727
moe_coarse_1e19,moe_coarse_1e19,1e19,full,9,48,sequence,2,32,221,7700,478,0.8213
moe_coarse_1e19,moe_coarse_1e19,1e19,full,9,49,sequence,2,32,221,7700,637,0.8278
moe_coarse_1e19,moe_coarse_1e19,1e19,full,9,50,sequence,2,32,221,7700,766,0.852
moe_coarse_1e19,moe_coarse_1e19,1e19,full,9,51,sequence,2,32,221,7700,1325,0.9285
moe_coarse_1e19,moe_coarse_1e19,1e19,full,9,52,sequence,2,32,221,7700,735,0.9677
moe_coarse_1e19,moe_coarse_1e19,1e19,full,9,53,sequence,2,32,221,7700,531,0.8459
moe_coarse_1e19,moe_coarse_1e19,1e19,full,9,54,sequence,2,32,221,7700,396,0.8971
moe_coarse_1e19,moe_coarse_1e19,1e19,full,9,55,sequence,2,32,221,7700,824,0.8454
moe_coarse_1e19,moe_coarse_1e19,1e19,full,9,56,sequence,2,32,221,7700,949,0.8947
moe_coarse_1e19,moe_coarse_1e19,1e19,full,9,57,sequence,2,32,221,7700,1132,0.9008
moe_coarse_1e19,moe_coarse_1e19,1e19,full,9,58,sequence,2,32,221,7700,732,0.8295
moe_coarse_1e19,moe_coarse_1e19,1e19,full,9,59,sequence,2,32,221,7700,1175,0.8768
moe_coarse_1e19,moe_coarse_1e19,1e19,full,9,60,sequence,2,32,221,7700,272,0.9511
moe_coarse_1e19,moe_coarse_1e19,1e19,full,9,61,sequence,2,32,221,7700,830,0.7922
moe_coarse_1e19,moe_coarse_1e19,1e19,full,9,62,sequence,2,32,221,7700,1148,0.8932
moe_coarse_1e19,moe_coarse_1e19,1e19,full,9,63,sequence,2,32,221,7700,536,0.8285
moe_coarse_1e19,moe_coarse_1e19,1e19,full,9,0,sequence,3,238,1429,6983,387,0.9829
moe_coarse_1e19,moe_coarse_1e19,1e19,full,9,1,sequence,3,238,1429,6983,889,0.9309
moe_coarse_1e19,moe_coarse_1e19,1e19,full,9,2,sequence,3,238,1429,6983,845,0.8748
moe_coarse_1e19,moe_coarse_1e19,1e19,full,9,3,sequence,3,238,1429,6983,352,0.9293
moe_coarse_1e19,moe_coarse_1e19,1e19,full,9,4,sequence,3,238,1429,6983,841,0.9561
moe_coarse_1e19,moe_coarse_1e19,1e19,full,9,5,sequence,3,238,1429,6983,245,0.8392
moe_coarse_1e19,moe_coarse_1e19,1e19,full,9,6,sequence,3,238,1429,6983,253,0.746
moe_coarse_1e19,moe_coarse_1e19,1e19,full,9,7,sequence,3,238,1429,6983,723,0.8953
moe_coarse_1e19,moe_coarse_1e19,1e19,full,9,8,sequence,3,238,1429,6983,557,0.8991
moe_coarse_1e19,moe_coarse_1e19,1e19,full,9,9,sequence,3,238,1429,6983,504,0.8307
moe_coarse_1e19,moe_coarse_1e19,1e19,full,9,10,sequence,3,238,1429,6983,958,0.8312
moe_coarse_1e19,moe_coarse_1e19,1e19,full,9,11,sequence,3,238,1429,6983,212,0.9273
moe_coarse_1e19,moe_coarse_1e19,1e19,full,9,12,sequence,3,238,1429,6983,1292,0.8939
moe_coarse_1e19,moe_coarse_1e19,1e19,full,9,13,sequence,3,238,1429,6983,615,0.8479
moe_coarse_1e19,moe_coarse_1e19,1e19,full,9,14,sequence,3,238,1429,6983,1168,0.9222
moe_coarse_1e19,moe_coarse_1e19,1e19,full,9,15,sequence,3,238,1429,6983,1802,0.9469
moe_coarse_1e19,moe_coarse_1e19,1e19,full,9,16,sequence,3,238,1429,6983,739,0.8504
moe_coarse_1e19,moe_coarse_1e19,1e19,full,9,17,sequence,3,238,1429,6983,75,0.7997
moe_coarse_1e19,moe_coarse_1e19,1e19,full,9,18,sequence,3,238,1429,6983,1485,0.9565
moe_coarse_1e19,moe_coarse_1e19,1e19,full,9,19,sequence,3,238,1429,6983,22,0.8488
moe_coarse_1e19,moe_coarse_1e19,1e19,full,9,20,sequence,3,238,1429,6983,967,0.8904
moe_coarse_1e19,moe_coarse_1e19,1e19,full,9,21,sequence,3,238,1429,6983,377,0.9412
moe_coarse_1e19,moe_coarse_1e19,1e19,full,9,22,sequence,3,238,1429,6983,1317,0.8697
moe_coarse_1e19,moe_coarse_1e19,1e19,full,9,23,sequence,3,238,1429,6983,226,0.9067
moe_coarse_1e19,moe_coarse_1e19,1e19,full,9,24,sequence,3,238,1429,6983,372,0.9371
moe_coarse_1e19,moe_coarse_1e19,1e19,full,9,25,sequence,3,238,1429,6983,482,0.8981
moe_coarse_1e19,moe_coarse_1e19,1e19,full,9,26,sequence,3,238,1429,6983,956,0.7894
moe_coarse_1e19,moe_coarse_1e19,1e19,full,9,27,sequence,3,238,1429,6983,534,0.877
moe_coarse_1e19,moe_coarse_1e19,1e19,full,9,28,sequence,3,238,1429,6983,83,0.8793
moe_coarse_1e19,moe_coarse_1e19,1e19,full,9,29,sequence,3,238,1429,6983,979,0.7262
moe_coarse_1e19,moe_coarse_1e19,1e19,full,9,30,sequence,3,238,1429,6983,111,0.8875
moe_coarse_1e19,moe_coarse_1e19,1e19,full,9,31,sequence,3,238,1429,6983,563,0.8854
moe_coarse_1e19,moe_coarse_1e19,1e19,full,9,32,sequence,3,238,1429,6983,1130,0.9047
moe_coarse_1e19,moe_coarse_1e19,1e19,full,9,33,sequence,3,238,1429,6983,582,0.9408
moe_coarse_1e19,moe_coarse_1e19,1e19,full,9,34,sequence,3,238,1429,6983,461,0.8277
moe_coarse_1e19,moe_coarse_1e19,1e19,full,9,35,sequence,3,238,1429,6983,980,0.8618
moe_coarse_1e19,moe_coarse_1e19,1e19,full,9,36,sequence,3,238,1429,6983,406,0.9879
moe_coarse_1e19,moe_coarse_1e19,1e19,full,9,37,sequence,3,238,1429,6983,1139,0.8902
moe_coarse_1e19,moe_coarse_1e19,1e19,full,9,38,sequence,3,238,1429,6983,677,0.8159
moe_coarse_1e19,moe_coarse_1e19,1e19,full,9,39,sequence,3,238,1429,6983,528,0.854
moe_coarse_1e19,moe_coarse_1e19,1e19,full,9,40,sequence,3,238,1429,6983,4,0.6546
moe_coarse_1e19,moe_coarse_1e19,1e19,full,9,41,sequence,3,238,1429,6983,168,0.8903
moe_coarse_1e19,moe_coarse_1e19,1e19,full,9,42,sequence,3,238,1429,6983,159,0.8712
moe_coarse_1e19,moe_coarse_1e19,1e19,full,9,43,sequence,3,238,1429,6983,232,0.8418
moe_coarse_1e19,moe_coarse_1e19,1e19,full,9,44,sequence,3,238,1429,6983,461,0.9624
moe_coarse_1e19,moe_coarse_1e19,1e19,full,9,45,sequence,3,238,1429,6983,667,0.7367
moe_coarse_1e19,moe_coarse_1e19,1e19,full,9,46,sequence,3,238,1429,6983,848,0.9139
moe_coarse_1e19,moe_coarse_1e19,1e19,full,9,47,sequence,3,238,1429,6983,66,0.9691
moe_coarse_1e19,moe_coarse_1e19,1e19,full,9,48,sequence,3,238,1429,6983,238,0.7964
moe_coarse_1e19,moe_coarse_1e19,1e19,full,9,49,sequence,3,238,1429,6983,893,0.864
moe_coarse_1e19,moe_coarse_1e19,1e19,full,9,50,sequence,3,238,1429,6983,570,0.9508
moe_coarse_1e19,moe_coarse_1e19,1e19,full,9,51,sequence,3,238,1429,6983,1072,0.9092
moe_coarse_1e19,moe_coarse_1e19,1e19,full,9,52,sequence,3,238,1429,6983,1110,0.9744
moe_coarse_1e19,moe_coarse_1e19,1e19,full,9,53,sequence,3,238,1429,6983,356,0.7897
moe_coarse_1e19,moe_coarse_1e19,1e19,full,9,54,sequence,3,238,1429,6983,393,0.9557
moe_coarse_1e19,moe_coarse_1e19,1e19,full,9,55,sequence,3,238,1429,6983,674,0.8262
moe_coarse_1e19,moe_coarse_1e19,1e19,full,9,56,sequence,3,238,1429,6983,705,0.9156
moe_coarse_1e19,moe_coarse_1e19,1e19,full,9,57,sequence,3,238,1429,6983,1320,0.8715
moe_coarse_1e19,moe_coarse_1e19,1e19,full,9,58,sequence,3,238,1429,6983,1281,0.922
moe_coarse_1e19,moe_coarse_1e19,1e19,full,9,59,sequence,3,238,1429,6983,1122,0.8877
moe_coarse_1e19,moe_coarse_1e19,1e19,full,9,60,sequence,3,238,1429,6983,695,0.9379
moe_coarse_1e19,moe_coarse_1e19,1e19,full,9,61,sequence,3,238,1429,6983,798,0.8501
moe_coarse_1e19,moe_coarse_1e19,1e19,full,9,62,sequence,3,238,1429,6983,858,0.9146
moe_coarse_1e19,moe_coarse_1e19,1e19,full,9,63,sequence,3,238,1429,6983,374,0.8488
moe_coarse_1e19,moe_coarse_1e19,1e19,full,9,0,sequence,4,1982,4940,8353,2693,0.952
moe_coarse_1e19,moe_coarse_1e19,1e19,full,9,1,sequence,4,1982,4940,8353,1818,0.9659
moe_coarse_1e19,moe_coarse_1e19,1e19,full,9,2,sequence,4,1982,4940,8353,488,0.8265
moe_coarse_1e19,moe_coarse_1e19,1e19,full,9,3,sequence,4,1982,4940,8353,581,0.7442
moe_coarse_1e19,moe_coarse_1e19,1e19,full,9,4,sequence,4,1982,4940,8353,753,0.917
moe_coarse_1e19,moe_coarse_1e19,1e19,full,9,5,sequence,4,1982,4940,8353,123,0.651
moe_coarse_1e19,moe_coarse_1e19,1e19,full,9,6,sequence,4,1982,4940,8353,653,0.8731
moe_coarse_1e19,moe_coarse_1e19,1e19,full,9,7,sequence,4,1982,4940,8353,660,0.928
moe_coarse_1e19,moe_coarse_1e19,1e19,full,9,8,sequence,4,1982,4940,8353,1233,0.9156
moe_coarse_1e19,moe_coarse_1e19,1e19,full,9,9,sequence,4,1982,4940,8353,976,0.7005
moe_coarse_1e19,moe_coarse_1e19,1e19,full,9,10,sequence,4,1982,4940,8353,565,0.8633
moe_coarse_1e19,moe_coarse_1e19,1e19,full,9,11,sequence,4,1982,4940,8353,424,0.8861
moe_coarse_1e19,moe_coarse_1e19,1e19,full,9,12,sequence,4,1982,4940,8353,636,0.6497
moe_coarse_1e19,moe_coarse_1e19,1e19,full,9,13,sequence,4,1982,4940,8353,1146,0.8899
moe_coarse_1e19,moe_coarse_1e19,1e19,full,9,14,sequence,4,1982,4940,8353,1012,0.8129
moe_coarse_1e19,moe_coarse_1e19,1e19,full,9,15,sequence,4,1982,4940,8353,645,0.8785
moe_coarse_1e19,moe_coarse_1e19,1e19,full,9,16,sequence,4,1982,4940,8353,687,0.9665
moe_coarse_1e19,moe_coarse_1e19,1e19,full,9,17,sequence,4,1982,4940,8353,5,0.5425
moe_coarse_1e19,moe_coarse_1e19,1e19,full,9,18,sequence,4,1982,4940,8353,1734,0.936
moe_coarse_1e19,moe_coarse_1e19,1e19,full,9,19,sequence,4,1982,4940,8353,25,0.9174
moe_coarse_1e19,moe_coarse_1e19,1e19,full,9,20,sequence,4,1982,4940,8353,436,0.8244
moe_coarse_1e19,moe_coarse_1e19,1e19,full,9,21,sequence,4,1982,4940,8353,287,0.9097
moe_coarse_1e19,moe_coarse_1e19,1e19,full,9,22,sequence,4,1982,4940,8353,1468,0.8708
moe_coarse_1e19,moe_coarse_1e19,1e19,full,9,23,sequence,4,1982,4940,8353,97,0.682
moe_coarse_1e19,moe_coarse_1e19,1e19,full,9,24,sequence,4,1982,4940,8353,549,0.9474
moe_coarse_1e19,moe_coarse_1e19,1e19,full,9,25,sequence,4,1982,4940,8353,800,0.8294
moe_coarse_1e19,moe_coarse_1e19,1e19,full,9,26,sequence,4,1982,4940,8353,351,0.8417
moe_coarse_1e19,moe_coarse_1e19,1e19,full,9,27,sequence,4,1982,4940,8353,374,0.8623
moe_coarse_1e19,moe_coarse_1e19,1e19,full,9,28,sequence,4,1982,4940,8353,12,0.7698
moe_coarse_1e19,moe_coarse_1e19,1e19,full,9,29,sequence,4,1982,4940,8353,576,0.7601
moe_coarse_1e19,moe_coarse_1e19,1e19,full,9,30,sequence,4,1982,4940,8353,9,0.9496
moe_coarse_1e19,moe_coarse_1e19,1e19,full,9,31,sequence,4,1982,4940,8353,687,0.7371
moe_coarse_1e19,moe_coarse_1e19,1e19,full,9,32,sequence,4,1982,4940,8353,1103,0.8141
moe_coarse_1e19,moe_coarse_1e19,1e19,full,9,33,sequence,4,1982,4940,8353,2189,0.9886
moe_coarse_1e19,moe_coarse_1e19,1e19,full,9,34,sequence,4,1982,4940,8353,806,0.7912
moe_coarse_1e19,moe_coarse_1e19,1e19,full,9,35,sequence,4,1982,4940,8353,1166,0.7656
moe_coarse_1e19,moe_coarse_1e19,1e19,full,9,36,sequence,4,1982,4940,8353,3175,0.9619
moe_coarse_1e19,moe_coarse_1e19,1e19,full,9,37,sequence,4,1982,4940,8353,383,0.736
moe_coarse_1e19,moe_coarse_1e19,1e19,full,9,38,sequence,4,1982,4940,8353,531,0.7404
moe_coarse_1e19,moe_coarse_1e19,1e19,full,9,39,sequence,4,1982,4940,8353,1747,0.9181
moe_coarse_1e19,moe_coarse_1e19,1e19,full,9,40,sequence,4,1982,4940,8353,0,
moe_coarse_1e19,moe_coarse_1e19,1e19,full,9,41,sequence,4,1982,4940,8353,686,0.8528
moe_coarse_1e19,moe_coarse_1e19,1e19,full,9,42,sequence,4,1982,4940,8353,165,0.8732
moe_coarse_1e19,moe_coarse_1e19,1e19,full,9,43,sequence,4,1982,4940,8353,694,0.9318
moe_coarse_1e19,moe_coarse_1e19,1e19,full,9,44,sequence,4,1982,4940,8353,512,0.8713
moe_coarse_1e19,moe_coarse_1e19,1e19,full,9,45,sequence,4,1982,4940,8353,632,0.7789
moe_coarse_1e19,moe_coarse_1e19,1e19,full,9,46,sequence,4,1982,4940,8353,426,0.7001
moe_coarse_1e19,moe_coarse_1e19,1e19,full,9,47,sequence,4,1982,4940,8353,9,0.724
moe_coarse_1e19,moe_coarse_1e19,1e19,full,9,48,sequence,4,1982,4940,8353,211,0.7244
moe_coarse_1e19,moe_coarse_1e19,1e19,full,9,49,sequence,4,1982,4940,8353,1583,0.7884
moe_coarse_1e19,moe_coarse_1e19,1e19,full,9,50,sequence,4,1982,4940,8353,121,0.8766
moe_coarse_1e19,moe_coarse_1e19,1e19,full,9,51,sequence,4,1982,4940,8353,560,0.8145
moe_coarse_1e19,moe_coarse_1e19,1e19,full,9,52,sequence,4,1982,4940,8353,1831,0.9798
moe_coarse_1e19,moe_coarse_1e19,1e19,full,9,53,sequence,4,1982,4940,8353,378,0.6559
moe_coarse_1e19,moe_coarse_1e19,1e19,full,9,54,sequence,4,1982,4940,8353,2581,0.8772
moe_coarse_1e19,moe_coarse_1e19,1e19,full,9,55,sequence,4,1982,4940,8353,282,0.8999
moe_coarse_1e19,moe_coarse_1e19,1e19,full,9,56,sequence,4,1982,4940,8353,50,0.8959
moe_coarse_1e19,moe_coarse_1e19,1e19,full,9,57,sequence,4,1982,4940,8353,549,0.715
moe_coarse_1e19,moe_coarse_1e19,1e19,full,9,58,sequence,4,1982,4940,8353,713,0.7928
moe_coarse_1e19,moe_coarse_1e19,1e19,full,9,59,sequence,4,1982,4940,8353,471,0.7238
moe_coarse_1e19,moe_coarse_1e19,1e19,full,9,60,sequence,4,1982,4940,8353,2437,0.9382
moe_coarse_1e19,moe_coarse_1e19,1e19,full,9,61,sequence,4,1982,4940,8353,583,0.688
moe_coarse_1e19,moe_coarse_1e19,1e19,full,9,62,sequence,4,1982,4940,8353,726,0.8443
moe_coarse_1e19,moe_coarse_1e19,1e19,full,9,63,sequence,4,1982,4940,8353,315,0.7449
moe_coarse_1e19,moe_coarse_1e19,1e19,full,10,0,sequence,0,1,6,8010,172,0.7586
moe_coarse_1e19,moe_coarse_1e19,1e19,full,10,1,sequence,0,1,6,8010,811,0.7451
moe_coarse_1e19,moe_coarse_1e19,1e19,full,10,2,sequence,0,1,6,8010,1410,0.6735
moe_coarse_1e19,moe_coarse_1e19,1e19,full,10,3,sequence,0,1,6,8010,739,0.8141
moe_coarse_1e19,moe_coarse_1e19,1e19,full,10,4,sequence,0,1,6,8010,694,0.7126
moe_coarse_1e19,moe_coarse_1e19,1e19,full,10,5,sequence,0,1,6,8010,49,0.8368
moe_coarse_1e19,moe_coarse_1e19,1e19,full,10,6,sequence,0,1,6,8010,1272,0.6654
moe_coarse_1e19,moe_coarse_1e19,1e19,full,10,7,sequence,0,1,6,8010,468,0.6142
moe_coarse_1e19,moe_coarse_1e19,1e19,full,10,8,sequence,0,1,6,8010,324,0.66
moe_coarse_1e19,moe_coarse_1e19,1e19,full,10,9,sequence,0,1,6,8010,460,0.7142
moe_coarse_1e19,moe_coarse_1e19,1e19,full,10,10,sequence,0,1,6,8010,183,0.7422
moe_coarse_1e19,moe_coarse_1e19,1e19,full,10,11,sequence,0,1,6,8010,1487,0.6712
moe_coarse_1e19,moe_coarse_1e19,1e19,full,10,12,sequence,0,1,6,8010,1100,0.7857
moe_coarse_1e19,moe_coarse_1e19,1e19,full,10,13,sequence,0,1,6,8010,455,0.7241
moe_coarse_1e19,moe_coarse_1e19,1e19,full,10,14,sequence,0,1,6,8010,55,0.6244
moe_coarse_1e19,moe_coarse_1e19,1e19,full,10,15,sequence,0,1,6,8010,425,0.7561
moe_coarse_1e19,moe_coarse_1e19,1e19,full,10,16,sequence,0,1,6,8010,462,0.6861
moe_coarse_1e19,moe_coarse_1e19,1e19,full,10,17,sequence,0,1,6,8010,761,0.7516
moe_coarse_1e19,moe_coarse_1e19,1e19,full,10,18,sequence,0,1,6,8010,797,0.716
moe_coarse_1e19,moe_coarse_1e19,1e19,full,10,19,sequence,0,1,6,8010,529,0.7992
moe_coarse_1e19,moe_coarse_1e19,1e19,full,10,20,sequence,0,1,6,8010,1024,0.741
moe_coarse_1e19,moe_coarse_1e19,1e19,full,10,21,sequence,0,1,6,8010,776,0.7919
moe_coarse_1e19,moe_coarse_1e19,1e19,full,10,22,sequence,0,1,6,8010,473,0.7434
moe_coarse_1e19,moe_coarse_1e19,1e19,full,10,23,sequence,0,1,6,8010,1232,0.7938
moe_coarse_1e19,moe_coarse_1e19,1e19,full,10,24,sequence,0,1,6,8010,1156,0.7211
moe_coarse_1e19,moe_coarse_1e19,1e19,full,10,25,sequence,0,1,6,8010,521,0.6434
moe_coarse_1e19,moe_coarse_1e19,1e19,full,10,26,sequence,0,1,6,8010,1756,0.7614
moe_coarse_1e19,moe_coarse_1e19,1e19,full,10,27,sequence,0,1,6,8010,46,0.8334
moe_coarse_1e19,moe_coarse_1e19,1e19,full,10,28,sequence,0,1,6,8010,397,0.6363
moe_coarse_1e19,moe_coarse_1e19,1e19,full,10,29,sequence,0,1,6,8010,1299,0.6914
moe_coarse_1e19,moe_coarse_1e19,1e19,full,10,30,sequence,0,1,6,8010,762,0.6847
moe_coarse_1e19,moe_coarse_1e19,1e19,full,10,31,sequence,0,1,6,8010,435,0.6824
moe_coarse_1e19,moe_coarse_1e19,1e19,full,10,32,sequence,0,1,6,8010,2222,0.7119
moe_coarse_1e19,moe_coarse_1e19,1e19,full,10,33,sequence,0,1,6,8010,197,0.6271
moe_coarse_1e19,moe_coarse_1e19,1e19,full,10,34,sequence,0,1,6,8010,9,0.8932
moe_coarse_1e19,moe_coarse_1e19,1e19,full,10,35,sequence,0,1,6,8010,1032,0.7512
moe_coarse_1e19,moe_coarse_1e19,1e19,full,10,36,sequence,0,1,6,8010,1543,0.6815
moe_coarse_1e19,moe_coarse_1e19,1e19,full,10,37,sequence,0,1,6,8010,516,0.7133
moe_coarse_1e19,moe_coarse_1e19,1e19,full,10,38,sequence,0,1,6,8010,48,0.9346
moe_coarse_1e19,moe_coarse_1e19,1e19,full,10,39,sequence,0,1,6,8010,98,0.7898
moe_coarse_1e19,moe_coarse_1e19,1e19,full,10,40,sequence,0,1,6,8010,1757,0.7939
moe_coarse_1e19,moe_coarse_1e19,1e19,full,10,41,sequence,0,1,6,8010,199,0.5713
moe_coarse_1e19,moe_coarse_1e19,1e19,full,10,42,sequence,0,1,6,8010,1106,0.7906
moe_coarse_1e19,moe_coarse_1e19,1e19,full,10,43,sequence,0,1,6,8010,1810,0.7716
moe_coarse_1e19,moe_coarse_1e19,1e19,full,10,44,sequence,0,1,6,8010,147,0.8093
moe_coarse_1e19,moe_coarse_1e19,1e19,full,10,45,sequence,0,1,6,8010,681,0.6249
moe_coarse_1e19,moe_coarse_1e19,1e19,full,10,46,sequence,0,1,6,8010,134,0.7232
moe_coarse_1e19,moe_coarse_1e19,1e19,full,10,47,sequence,0,1,6,8010,1325,0.7246
moe_coarse_1e19,moe_coarse_1e19,1e19,full,10,48,sequence,0,1,6,8010,1824,0.7022
moe_coarse_1e19,moe_coarse_1e19,1e19,full,10,49,sequence,0,1,6,8010,1581,0.6778
moe_coarse_1e19,moe_coarse_1e19,1e19,full,10,50,sequence,0,1,6,8010,730,0.6924
moe_coarse_1e19,moe_coarse_1e19,1e19,full,10,51,sequence,0,1,6,8010,1142,0.634
moe_coarse_1e19,moe_coarse_1e19,1e19,full,10,52,sequence,0,1,6,8010,1490,0.6841
moe_coarse_1e19,moe_coarse_1e19,1e19,full,10,53,sequence,0,1,6,8010,384,0.596
moe_coarse_1e19,moe_coarse_1e19,1e19,full,10,54,sequence,0,1,6,8010,219,0.791
moe_coarse_1e19,moe_coarse_1e19,1e19,full,10,55,sequence,0,1,6,8010,1189,0.6411
moe_coarse_1e19,moe_coarse_1e19,1e19,full,10,56,sequence,0,1,6,8010,81,0.8107
moe_coarse_1e19,moe_coarse_1e19,1e19,full,10,57,sequence,0,1,6,8010,1405,0.762
moe_coarse_1e19,moe_coarse_1e19,1e19,full,10,58,sequence,0,1,6,8010,130,0.7126
moe_coarse_1e19,moe_coarse_1e19,1e19,full,10,59,sequence,0,1,6,8010,1337,0.7183
moe_coarse_1e19,moe_coarse_1e19,1e19,full,10,60,sequence,0,1,6,8010,282,0.7345
moe_coarse_1e19,moe_coarse_1e19,1e19,full,10,61,sequence,0,1,6,8010,714,0.6624
moe_coarse_1e19,moe_coarse_1e19,1e19,full,10,62,sequence,0,1,6,8010,112,0.7267
moe_coarse_1e19,moe_coarse_1e19,1e19,full,10,63,sequence,0,1,6,8010,86,0.6832
moe_coarse_1e19,moe_coarse_1e19,1e19,full,10,0,sequence,1,6,32,7866,331,0.8399
moe_coarse_1e19,moe_coarse_1e19,1e19,full,10,1,sequence,1,6,32,7866,926,0.8115
moe_coarse_1e19,moe_coarse_1e19,1e19,full,10,2,sequence,1,6,32,7866,1191,0.7277
moe_coarse_1e19,moe_coarse_1e19,1e19,full,10,3,sequence,1,6,32,7866,528,0.8368
moe_coarse_1e19,moe_coarse_1e19,1e19,full,10,4,sequence,1,6,32,7866,726,0.7999
moe_coarse_1e19,moe_coarse_1e19,1e19,full,10,5,sequence,1,6,32,7866,170,0.8504
moe_coarse_1e19,moe_coarse_1e19,1e19,full,10,6,sequence,1,6,32,7866,795,0.7266
moe_coarse_1e19,moe_coarse_1e19,1e19,full,10,7,sequence,1,6,32,7866,543,0.7162
moe_coarse_1e19,moe_coarse_1e19,1e19,full,10,8,sequence,1,6,32,7866,419,0.8108
moe_coarse_1e19,moe_coarse_1e19,1e19,full,10,9,sequence,1,6,32,7866,694,0.7553
moe_coarse_1e19,moe_coarse_1e19,1e19,full,10,10,sequence,1,6,32,7866,289,0.7674
moe_coarse_1e19,moe_coarse_1e19,1e19,full,10,11,sequence,1,6,32,7866,1438,0.7503
moe_coarse_1e19,moe_coarse_1e19,1e19,full,10,12,sequence,1,6,32,7866,1119,0.8604
moe_coarse_1e19,moe_coarse_1e19,1e19,full,10,13,sequence,1,6,32,7866,730,0.795
moe_coarse_1e19,moe_coarse_1e19,1e19,full,10,14,sequence,1,6,32,7866,172,0.768
moe_coarse_1e19,moe_coarse_1e19,1e19,full,10,15,sequence,1,6,32,7866,486,0.7883
moe_coarse_1e19,moe_coarse_1e19,1e19,full,10,16,sequence,1,6,32,7866,767,0.7855
moe_coarse_1e19,moe_coarse_1e19,1e19,full,10,17,sequence,1,6,32,7866,757,0.7953
moe_coarse_1e19,moe_coarse_1e19,1e19,full,10,18,sequence,1,6,32,7866,865,0.7767
moe_coarse_1e19,moe_coarse_1e19,1e19,full,10,19,sequence,1,6,32,7866,479,0.8436
moe_coarse_1e19,moe_coarse_1e19,1e19,full,10,20,sequence,1,6,32,7866,1353,0.7975
moe_coarse_1e19,moe_coarse_1e19,1e19,full,10,21,sequence,1,6,32,7866,840,0.7613
moe_coarse_1e19,moe_coarse_1e19,1e19,full,10,22,sequence,1,6,32,7866,627,0.8565
moe_coarse_1e19,moe_coarse_1e19,1e19,full,10,23,sequence,1,6,32,7866,853,0.8563
moe_coarse_1e19,moe_coarse_1e19,1e19,full,10,24,sequence,1,6,32,7866,1173,0.8141
moe_coarse_1e19,moe_coarse_1e19,1e19,full,10,25,sequence,1,6,32,7866,542,0.7467
moe_coarse_1e19,moe_coarse_1e19,1e19,full,10,26,sequence,1,6,32,7866,1565,0.8233
moe_coarse_1e19,moe_coarse_1e19,1e19,full,10,27,sequence,1,6,32,7866,111,0.9265
moe_coarse_1e19,moe_coarse_1e19,1e19,full,10,28,sequence,1,6,32,7866,430,0.7097
moe_coarse_1e19,moe_coarse_1e19,1e19,full,10,29,sequence,1,6,32,7866,1256,0.7598
moe_coarse_1e19,moe_coarse_1e19,1e19,full,10,30,sequence,1,6,32,7866,666,0.7711
moe_coarse_1e19,moe_coarse_1e19,1e19,full,10,31,sequence,1,6,32,7866,538,0.7851
moe_coarse_1e19,moe_coarse_1e19,1e19,full,10,32,sequence,1,6,32,7866,1386,0.7702
moe_coarse_1e19,moe_coarse_1e19,1e19,full,10,33,sequence,1,6,32,7866,483,0.7394
moe_coarse_1e19,moe_coarse_1e19,1e19,full,10,34,sequence,1,6,32,7866,33,0.8169
moe_coarse_1e19,moe_coarse_1e19,1e19,full,10,35,sequence,1,6,32,7866,1266,0.776
moe_coarse_1e19,moe_coarse_1e19,1e19,full,10,36,sequence,1,6,32,7866,1160,0.7247
moe_coarse_1e19,moe_coarse_1e19,1e19,full,10,37,sequence,1,6,32,7866,677,0.7064
moe_coarse_1e19,moe_coarse_1e19,1e19,full,10,38,sequence,1,6,32,7866,93,0.9878
moe_coarse_1e19,moe_coarse_1e19,1e19,full,10,39,sequence,1,6,32,7866,181,0.8254
moe_coarse_1e19,moe_coarse_1e19,1e19,full,10,40,sequence,1,6,32,7866,1586,0.8205
moe_coarse_1e19,moe_coarse_1e19,1e19,full,10,41,sequence,1,6,32,7866,280,0.6572
moe_coarse_1e19,moe_coarse_1e19,1e19,full,10,42,sequence,1,6,32,7866,1137,0.8521
moe_coarse_1e19,moe_coarse_1e19,1e19,full,10,43,sequence,1,6,32,7866,1367,0.8451
moe_coarse_1e19,moe_coarse_1e19,1e19,full,10,44,sequence,1,6,32,7866,422,0.8514
moe_coarse_1e19,moe_coarse_1e19,1e19,full,10,45,sequence,1,6,32,7866,607,0.7352
moe_coarse_1e19,moe_coarse_1e19,1e19,full,10,46,sequence,1,6,32,7866,252,0.8339
moe_coarse_1e19,moe_coarse_1e19,1e19,full,10,47,sequence,1,6,32,7866,930,0.8162
moe_coarse_1e19,moe_coarse_1e19,1e19,full,10,48,sequence,1,6,32,7866,1244,0.7832
moe_coarse_1e19,moe_coarse_1e19,1e19,full,10,49,sequence,1,6,32,7866,1179,0.7645
moe_coarse_1e19,moe_coarse_1e19,1e19,full,10,50,sequence,1,6,32,7866,880,0.7772
moe_coarse_1e19,moe_coarse_1e19,1e19,full,10,51,sequence,1,6,32,7866,885,0.6735
moe_coarse_1e19,moe_coarse_1e19,1e19,full,10,52,sequence,1,6,32,7866,1232,0.7175
moe_coarse_1e19,moe_coarse_1e19,1e19,full,10,53,sequence,1,6,32,7866,670,0.6457
moe_coarse_1e19,moe_coarse_1e19,1e19,full,10,54,sequence,1,6,32,7866,406,0.8502
moe_coarse_1e19,moe_coarse_1e19,1e19,full,10,55,sequence,1,6,32,7866,800,0.6718
moe_coarse_1e19,moe_coarse_1e19,1e19,full,10,56,sequence,1,6,32,7866,146,0.794
moe_coarse_1e19,moe_coarse_1e19,1e19,full,10,57,sequence,1,6,32,7866,1188,0.8284
moe_coarse_1e19,moe_coarse_1e19,1e19,full,10,58,sequence,1,6,32,7866,259,0.7983
moe_coarse_1e19,moe_coarse_1e19,1e19,full,10,59,sequence,1,6,32,7866,1268,0.7957
moe_coarse_1e19,moe_coarse_1e19,1e19,full,10,60,sequence,1,6,32,7866,406,0.802
moe_coarse_1e19,moe_coarse_1e19,1e19,full,10,61,sequence,1,6,32,7866,972,0.7176
moe_coarse_1e19,moe_coarse_1e19,1e19,full,10,62,sequence,1,6,32,7866,244,0.8686
moe_coarse_1e19,moe_coarse_1e19,1e19,full,10,63,sequence,1,6,32,7866,178,0.7592
moe_coarse_1e19,moe_coarse_1e19,1e19,full,10,0,sequence,2,32,221,7700,699,0.9139
moe_coarse_1e19,moe_coarse_1e19,1e19,full,10,1,sequence,2,32,221,7700,1214,0.9209
moe_coarse_1e19,moe_coarse_1e19,1e19,full,10,2,sequence,2,32,221,7700,487,0.8906
moe_coarse_1e19,moe_coarse_1e19,1e19,full,10,3,sequence,2,32,221,7700,661,0.8674
moe_coarse_1e19,moe_coarse_1e19,1e19,full,10,4,sequence,2,32,221,7700,1263,0.8957
moe_coarse_1e19,moe_coarse_1e19,1e19,full,10,5,sequence,2,32,221,7700,265,0.9199
moe_coarse_1e19,moe_coarse_1e19,1e19,full,10,6,sequence,2,32,221,7700,492,0.8035
moe_coarse_1e19,moe_coarse_1e19,1e19,full,10,7,sequence,2,32,221,7700,763,0.8451
moe_coarse_1e19,moe_coarse_1e19,1e19,full,10,8,sequence,2,32,221,7700,694,0.8845
moe_coarse_1e19,moe_coarse_1e19,1e19,full,10,9,sequence,2,32,221,7700,967,0.8429
moe_coarse_1e19,moe_coarse_1e19,1e19,full,10,10,sequence,2,32,221,7700,1099,0.8852
moe_coarse_1e19,moe_coarse_1e19,1e19,full,10,11,sequence,2,32,221,7700,444,0.8994
moe_coarse_1e19,moe_coarse_1e19,1e19,full,10,12,sequence,2,32,221,7700,1226,0.9543
moe_coarse_1e19,moe_coarse_1e19,1e19,full,10,13,sequence,2,32,221,7700,1203,0.8583
moe_coarse_1e19,moe_coarse_1e19,1e19,full,10,14,sequence,2,32,221,7700,765,0.9235
moe_coarse_1e19,moe_coarse_1e19,1e19,full,10,15,sequence,2,32,221,7700,777,0.9055
moe_coarse_1e19,moe_coarse_1e19,1e19,full,10,16,sequence,2,32,221,7700,1137,0.8025
moe_coarse_1e19,moe_coarse_1e19,1e19,full,10,17,sequence,2,32,221,7700,830,0.9275
moe_coarse_1e19,moe_coarse_1e19,1e19,full,10,18,sequence,2,32,221,7700,451,0.7347
moe_coarse_1e19,moe_coarse_1e19,1e19,full,10,19,sequence,2,32,221,7700,694,0.8869
moe_coarse_1e19,moe_coarse_1e19,1e19,full,10,20,sequence,2,32,221,7700,955,0.9204
moe_coarse_1e19,moe_coarse_1e19,1e19,full,10,21,sequence,2,32,221,7700,1239,0.8752
moe_coarse_1e19,moe_coarse_1e19,1e19,full,10,22,sequence,2,32,221,7700,1118,0.8793
moe_coarse_1e19,moe_coarse_1e19,1e19,full,10,23,sequence,2,32,221,7700,586,0.8894
moe_coarse_1e19,moe_coarse_1e19,1e19,full,10,24,sequence,2,32,221,7700,912,0.9164
moe_coarse_1e19,moe_coarse_1e19,1e19,full,10,25,sequence,2,32,221,7700,660,0.8501
moe_coarse_1e19,moe_coarse_1e19,1e19,full,10,26,sequence,2,32,221,7700,416,0.9328
moe_coarse_1e19,moe_coarse_1e19,1e19,full,10,27,sequence,2,32,221,7700,665,0.9672
moe_coarse_1e19,moe_coarse_1e19,1e19,full,10,28,sequence,2,32,221,7700,532,0.8306
moe_coarse_1e19,moe_coarse_1e19,1e19,full,10,29,sequence,2,32,221,7700,747,0.8587
moe_coarse_1e19,moe_coarse_1e19,1e19,full,10,30,sequence,2,32,221,7700,612,0.8152
moe_coarse_1e19,moe_coarse_1e19,1e19,full,10,31,sequence,2,32,221,7700,626,0.8746
moe_coarse_1e19,moe_coarse_1e19,1e19,full,10,32,sequence,2,32,221,7700,291,0.8814
moe_coarse_1e19,moe_coarse_1e19,1e19,full,10,33,sequence,2,32,221,7700,1007,0.8543
moe_coarse_1e19,moe_coarse_1e19,1e19,full,10,34,sequence,2,32,221,7700,456,0.9449
moe_coarse_1e19,moe_coarse_1e19,1e19,full,10,35,sequence,2,32,221,7700,545,0.8049
moe_coarse_1e19,moe_coarse_1e19,1e19,full,10,36,sequence,2,32,221,7700,251,0.8741
moe_coarse_1e19,moe_coarse_1e19,1e19,full,10,37,sequence,2,32,221,7700,807,0.7756
moe_coarse_1e19,moe_coarse_1e19,1e19,full,10,38,sequence,2,32,221,7700,320,0.9912
moe_coarse_1e19,moe_coarse_1e19,1e19,full,10,39,sequence,2,32,221,7700,859,0.9402
moe_coarse_1e19,moe_coarse_1e19,1e19,full,10,40,sequence,2,32,221,7700,403,0.8709
moe_coarse_1e19,moe_coarse_1e19,1e19,full,10,41,sequence,2,32,221,7700,499,0.7198
moe_coarse_1e19,moe_coarse_1e19,1e19,full,10,42,sequence,2,32,221,7700,1087,0.9122
moe_coarse_1e19,moe_coarse_1e19,1e19,full,10,43,sequence,2,32,221,7700,729,0.9349
moe_coarse_1e19,moe_coarse_1e19,1e19,full,10,44,sequence,2,32,221,7700,1092,0.9157
moe_coarse_1e19,moe_coarse_1e19,1e19,full,10,45,sequence,2,32,221,7700,725,0.8079
moe_coarse_1e19,moe_coarse_1e19,1e19,full,10,46,sequence,2,32,221,7700,569,0.8832
moe_coarse_1e19,moe_coarse_1e19,1e19,full,10,47,sequence,2,32,221,7700,399,0.8754
moe_coarse_1e19,moe_coarse_1e19,1e19,full,10,48,sequence,2,32,221,7700,279,0.8329
moe_coarse_1e19,moe_coarse_1e19,1e19,full,10,49,sequence,2,32,221,7700,598,0.8937
moe_coarse_1e19,moe_coarse_1e19,1e19,full,10,50,sequence,2,32,221,7700,934,0.8603
moe_coarse_1e19,moe_coarse_1e19,1e19,full,10,51,sequence,2,32,221,7700,730,0.8164
moe_coarse_1e19,moe_coarse_1e19,1e19,full,10,52,sequence,2,32,221,7700,535,0.8796
moe_coarse_1e19,moe_coarse_1e19,1e19,full,10,53,sequence,2,32,221,7700,613,0.7916
moe_coarse_1e19,moe_coarse_1e19,1e19,full,10,54,sequence,2,32,221,7700,1225,0.9233
moe_coarse_1e19,moe_coarse_1e19,1e19,full,10,55,sequence,2,32,221,7700,501,0.8704
moe_coarse_1e19,moe_coarse_1e19,1e19,full,10,56,sequence,2,32,221,7700,408,0.9364
moe_coarse_1e19,moe_coarse_1e19,1e19,full,10,57,sequence,2,32,221,7700,483,0.8378
moe_coarse_1e19,moe_coarse_1e19,1e19,full,10,58,sequence,2,32,221,7700,723,0.9399
moe_coarse_1e19,moe_coarse_1e19,1e19,full,10,59,sequence,2,32,221,7700,676,0.8786
moe_coarse_1e19,moe_coarse_1e19,1e19,full,10,60,sequence,2,32,221,7700,726,0.8407
moe_coarse_1e19,moe_coarse_1e19,1e19,full,10,61,sequence,2,32,221,7700,1213,0.863
moe_coarse_1e19,moe_coarse_1e19,1e19,full,10,62,sequence,2,32,221,7700,458,0.919
moe_coarse_1e19,moe_coarse_1e19,1e19,full,10,63,sequence,2,32,221,7700,860,0.8498
moe_coarse_1e19,moe_coarse_1e19,1e19,full,10,0,sequence,3,238,1429,6983,709,0.9073
moe_coarse_1e19,moe_coarse_1e19,1e19,full,10,1,sequence,3,238,1429,6983,827,0.9483
moe_coarse_1e19,moe_coarse_1e19,1e19,full,10,2,sequence,3,238,1429,6983,91,0.8891
moe_coarse_1e19,moe_coarse_1e19,1e19,full,10,3,sequence,3,238,1429,6983,1096,0.9114
moe_coarse_1e19,moe_coarse_1e19,1e19,full,10,4,sequence,3,238,1429,6983,865,0.9094
moe_coarse_1e19,moe_coarse_1e19,1e19,full,10,5,sequence,3,238,1429,6983,858,0.9502
moe_coarse_1e19,moe_coarse_1e19,1e19,full,10,6,sequence,3,238,1429,6983,261,0.8425
moe_coarse_1e19,moe_coarse_1e19,1e19,full,10,7,sequence,3,238,1429,6983,1107,0.8831
moe_coarse_1e19,moe_coarse_1e19,1e19,full,10,8,sequence,3,238,1429,6983,922,0.8892
moe_coarse_1e19,moe_coarse_1e19,1e19,full,10,9,sequence,3,238,1429,6983,720,0.7953
moe_coarse_1e19,moe_coarse_1e19,1e19,full,10,10,sequence,3,238,1429,6983,1320,0.9116
moe_coarse_1e19,moe_coarse_1e19,1e19,full,10,11,sequence,3,238,1429,6983,45,0.8232
moe_coarse_1e19,moe_coarse_1e19,1e19,full,10,12,sequence,3,238,1429,6983,890,0.963
moe_coarse_1e19,moe_coarse_1e19,1e19,full,10,13,sequence,3,238,1429,6983,837,0.8687
moe_coarse_1e19,moe_coarse_1e19,1e19,full,10,14,sequence,3,238,1429,6983,814,0.9363
moe_coarse_1e19,moe_coarse_1e19,1e19,full,10,15,sequence,3,238,1429,6983,1302,0.9351
moe_coarse_1e19,moe_coarse_1e19,1e19,full,10,16,sequence,3,238,1429,6983,707,0.7047
moe_coarse_1e19,moe_coarse_1e19,1e19,full,10,17,sequence,3,238,1429,6983,1136,0.9765
moe_coarse_1e19,moe_coarse_1e19,1e19,full,10,18,sequence,3,238,1429,6983,475,0.827
moe_coarse_1e19,moe_coarse_1e19,1e19,full,10,19,sequence,3,238,1429,6983,840,0.8815
moe_coarse_1e19,moe_coarse_1e19,1e19,full,10,20,sequence,3,238,1429,6983,203,0.9095
moe_coarse_1e19,moe_coarse_1e19,1e19,full,10,21,sequence,3,238,1429,6983,943,0.9162
moe_coarse_1e19,moe_coarse_1e19,1e19,full,10,22,sequence,3,238,1429,6983,865,0.8649
moe_coarse_1e19,moe_coarse_1e19,1e19,full,10,23,sequence,3,238,1429,6983,333,0.9249
moe_coarse_1e19,moe_coarse_1e19,1e19,full,10,24,sequence,3,238,1429,6983,719,0.9676
moe_coarse_1e19,moe_coarse_1e19,1e19,full,10,25,sequence,3,238,1429,6983,818,0.8692
moe_coarse_1e19,moe_coarse_1e19,1e19,full,10,26,sequence,3,238,1429,6983,12,0.8851
moe_coarse_1e19,moe_coarse_1e19,1e19,full,10,27,sequence,3,238,1429,6983,747,0.9275
moe_coarse_1e19,moe_coarse_1e19,1e19,full,10,28,sequence,3,238,1429,6983,727,0.8307
moe_coarse_1e19,moe_coarse_1e19,1e19,full,10,29,sequence,3,238,1429,6983,169,0.7756
moe_coarse_1e19,moe_coarse_1e19,1e19,full,10,30,sequence,3,238,1429,6983,620,0.8572
moe_coarse_1e19,moe_coarse_1e19,1e19,full,10,31,sequence,3,238,1429,6983,781,0.9197
moe_coarse_1e19,moe_coarse_1e19,1e19,full,10,32,sequence,3,238,1429,6983,31,0.9162
moe_coarse_1e19,moe_coarse_1e19,1e19,full,10,33,sequence,3,238,1429,6983,1027,0.8942
moe_coarse_1e19,moe_coarse_1e19,1e19,full,10,34,sequence,3,238,1429,6983,725,0.9449
moe_coarse_1e19,moe_coarse_1e19,1e19,full,10,35,sequence,3,238,1429,6983,629,0.9656
moe_coarse_1e19,moe_coarse_1e19,1e19,full,10,36,sequence,3,238,1429,6983,32,0.936
moe_coarse_1e19,moe_coarse_1e19,1e19,full,10,37,sequence,3,238,1429,6983,986,0.8276
moe_coarse_1e19,moe_coarse_1e19,1e19,full,10,38,sequence,3,238,1429,6983,450,0.99
moe_coarse_1e19,moe_coarse_1e19,1e19,full,10,39,sequence,3,238,1429,6983,950,0.913
moe_coarse_1e19,moe_coarse_1e19,1e19,full,10,40,sequence,3,238,1429,6983,33,0.9405
moe_coarse_1e19,moe_coarse_1e19,1e19,full,10,41,sequence,3,238,1429,6983,623,0.8154
moe_coarse_1e19,moe_coarse_1e19,1e19,full,10,42,sequence,3,238,1429,6983,579,0.8682
moe_coarse_1e19,moe_coarse_1e19,1e19,full,10,43,sequence,3,238,1429,6983,141,0.9313
moe_coarse_1e19,moe_coarse_1e19,1e19,full,10,44,sequence,3,238,1429,6983,842,0.8773
moe_coarse_1e19,moe_coarse_1e19,1e19,full,10,45,sequence,3,238,1429,6983,682,0.8998
moe_coarse_1e19,moe_coarse_1e19,1e19,full,10,46,sequence,3,238,1429,6983,1589,0.9518
moe_coarse_1e19,moe_coarse_1e19,1e19,full,10,47,sequence,3,238,1429,6983,162,0.8837
moe_coarse_1e19,moe_coarse_1e19,1e19,full,10,48,sequence,3,238,1429,6983,41,0.8874
moe_coarse_1e19,moe_coarse_1e19,1e19,full,10,49,sequence,3,238,1429,6983,104,0.8207
moe_coarse_1e19,moe_coarse_1e19,1e19,full,10,50,sequence,3,238,1429,6983,482,0.8443
moe_coarse_1e19,moe_coarse_1e19,1e19,full,10,51,sequence,3,238,1429,6983,257,0.7795
moe_coarse_1e19,moe_coarse_1e19,1e19,full,10,52,sequence,3,238,1429,6983,82,0.8932
moe_coarse_1e19,moe_coarse_1e19,1e19,full,10,53,sequence,3,238,1429,6983,943,0.9129
moe_coarse_1e19,moe_coarse_1e19,1e19,full,10,54,sequence,3,238,1429,6983,1520,0.9007
moe_coarse_1e19,moe_coarse_1e19,1e19,full,10,55,sequence,3,238,1429,6983,257,0.8883
moe_coarse_1e19,moe_coarse_1e19,1e19,full,10,56,sequence,3,238,1429,6983,1069,0.9529
moe_coarse_1e19,moe_coarse_1e19,1e19,full,10,57,sequence,3,238,1429,6983,202,0.8806
moe_coarse_1e19,moe_coarse_1e19,1e19,full,10,58,sequence,3,238,1429,6983,317,0.9626
moe_coarse_1e19,moe_coarse_1e19,1e19,full,10,59,sequence,3,238,1429,6983,391,0.9426
moe_coarse_1e19,moe_coarse_1e19,1e19,full,10,60,sequence,3,238,1429,6983,816,0.8037
moe_coarse_1e19,moe_coarse_1e19,1e19,full,10,61,sequence,3,238,1429,6983,1153,0.9461
moe_coarse_1e19,moe_coarse_1e19,1e19,full,10,62,sequence,3,238,1429,6983,788,0.9125
moe_coarse_1e19,moe_coarse_1e19,1e19,full,10,63,sequence,3,238,1429,6983,1236,0.8303
moe_coarse_1e19,moe_coarse_1e19,1e19,full,10,0,sequence,4,1982,4940,8353,1334,0.7435
moe_coarse_1e19,moe_coarse_1e19,1e19,full,10,1,sequence,4,1982,4940,8353,62,0.8851
moe_coarse_1e19,moe_coarse_1e19,1e19,full,10,2,sequence,4,1982,4940,8353,18,0.6395
moe_coarse_1e19,moe_coarse_1e19,1e19,full,10,3,sequence,4,1982,4940,8353,233,0.7875
moe_coarse_1e19,moe_coarse_1e19,1e19,full,10,4,sequence,4,1982,4940,8353,151,0.9009
moe_coarse_1e19,moe_coarse_1e19,1e19,full,10,5,sequence,4,1982,4940,8353,2006,0.9483
moe_coarse_1e19,moe_coarse_1e19,1e19,full,10,6,sequence,4,1982,4940,8353,667,0.7512
moe_coarse_1e19,moe_coarse_1e19,1e19,full,10,7,sequence,4,1982,4940,8353,1307,0.8137
moe_coarse_1e19,moe_coarse_1e19,1e19,full,10,8,sequence,4,1982,4940,8353,2052,0.8304
moe_coarse_1e19,moe_coarse_1e19,1e19,full,10,9,sequence,4,1982,4940,8353,1490,0.7743
moe_coarse_1e19,moe_coarse_1e19,1e19,full,10,10,sequence,4,1982,4940,8353,723,0.9531
moe_coarse_1e19,moe_coarse_1e19,1e19,full,10,11,sequence,4,1982,4940,8353,32,0.8474
moe_coarse_1e19,moe_coarse_1e19,1e19,full,10,12,sequence,4,1982,4940,8353,8,0.9493
moe_coarse_1e19,moe_coarse_1e19,1e19,full,10,13,sequence,4,1982,4940,8353,402,0.7932
moe_coarse_1e19,moe_coarse_1e19,1e19,full,10,14,sequence,4,1982,4940,8353,1712,0.9843
moe_coarse_1e19,moe_coarse_1e19,1e19,full,10,15,sequence,4,1982,4940,8353,959,0.967
moe_coarse_1e19,moe_coarse_1e19,1e19,full,10,16,sequence,4,1982,4940,8353,259,0.7137
moe_coarse_1e19,moe_coarse_1e19,1e19,full,10,17,sequence,4,1982,4940,8353,272,0.8932
moe_coarse_1e19,moe_coarse_1e19,1e19,full,10,18,sequence,4,1982,4940,8353,1088,0.872
moe_coarse_1e19,moe_coarse_1e19,1e19,full,10,19,sequence,4,1982,4940,8353,985,0.9536
moe_coarse_1e19,moe_coarse_1e19,1e19,full,10,20,sequence,4,1982,4940,8353,28,0.6902
moe_coarse_1e19,moe_coarse_1e19,1e19,full,10,21,sequence,4,1982,4940,8353,243,0.754
moe_coarse_1e19,moe_coarse_1e19,1e19,full,10,22,sequence,4,1982,4940,8353,444,0.7705
moe_coarse_1e19,moe_coarse_1e19,1e19,full,10,23,sequence,4,1982,4940,8353,579,0.8331
moe_coarse_1e19,moe_coarse_1e19,1e19,full,10,24,sequence,4,1982,4940,8353,22,0.7651
moe_coarse_1e19,moe_coarse_1e19,1e19,full,10,25,sequence,4,1982,4940,8353,1169,0.8895
moe_coarse_1e19,moe_coarse_1e19,1e19,full,10,26,sequence,4,1982,4940,8353,0,
moe_coarse_1e19,moe_coarse_1e19,1e19,full,10,27,sequence,4,1982,4940,8353,2242,0.9547
moe_coarse_1e19,moe_coarse_1e19,1e19,full,10,28,sequence,4,1982,4940,8353,1031,0.7948
moe_coarse_1e19,moe_coarse_1e19,1e19,full,10,29,sequence,4,1982,4940,8353,62,0.8396
moe_coarse_1e19,moe_coarse_1e19,1e19,full,10,30,sequence,4,1982,4940,8353,1395,0.8991
moe_coarse_1e19,moe_coarse_1e19,1e19,full,10,31,sequence,4,1982,4940,8353,1387,0.8873
moe_coarse_1e19,moe_coarse_1e19,1e19,full,10,32,sequence,4,1982,4940,8353,0,
moe_coarse_1e19,moe_coarse_1e19,1e19,full,10,33,sequence,4,1982,4940,8353,844,0.7806
moe_coarse_1e19,moe_coarse_1e19,1e19,full,10,34,sequence,4,1982,4940,8353,2894,0.9304
moe_coarse_1e19,moe_coarse_1e19,1e19,full,10,35,sequence,4,1982,4940,8353,19,0.4901
moe_coarse_1e19,moe_coarse_1e19,1e19,full,10,36,sequence,4,1982,4940,8353,2,0.5439
moe_coarse_1e19,moe_coarse_1e19,1e19,full,10,37,sequence,4,1982,4940,8353,660,0.6054
moe_coarse_1e19,moe_coarse_1e19,1e19,full,10,38,sequence,4,1982,4940,8353,2821,0.9495
moe_coarse_1e19,moe_coarse_1e19,1e19,full,10,39,sequence,4,1982,4940,8353,1850,0.8873
moe_coarse_1e19,moe_coarse_1e19,1e19,full,10,40,sequence,4,1982,4940,8353,10,0.6577
moe_coarse_1e19,moe_coarse_1e19,1e19,full,10,41,sequence,4,1982,4940,8353,1910,0.8649
moe_coarse_1e19,moe_coarse_1e19,1e19,full,10,42,sequence,4,1982,4940,8353,226,0.8976
moe_coarse_1e19,moe_coarse_1e19,1e19,full,10,43,sequence,4,1982,4940,8353,10,0.9286
moe_coarse_1e19,moe_coarse_1e19,1e19,full,10,44,sequence,4,1982,4940,8353,1063,0.8201
moe_coarse_1e19,moe_coarse_1e19,1e19,full,10,45,sequence,4,1982,4940,8353,588,0.8367
moe_coarse_1e19,moe_coarse_1e19,1e19,full,10,46,sequence,4,1982,4940,8353,1147,0.9645
moe_coarse_1e19,moe_coarse_1e19,1e19,full,10,47,sequence,4,1982,4940,8353,223,0.901
moe_coarse_1e19,moe_coarse_1e19,1e19,full,10,48,sequence,4,1982,4940,8353,1,0.8931
moe_coarse_1e19,moe_coarse_1e19,1e19,full,10,49,sequence,4,1982,4940,8353,127,0.9432
moe_coarse_1e19,moe_coarse_1e19,1e19,full,10,50,sequence,4,1982,4940,8353,575,0.8425
moe_coarse_1e19,moe_coarse_1e19,1e19,full,10,51,sequence,4,1982,4940,8353,195,0.7379
moe_coarse_1e19,moe_coarse_1e19,1e19,full,10,52,sequence,4,1982,4940,8353,29,0.9034
moe_coarse_1e19,moe_coarse_1e19,1e19,full,10,53,sequence,4,1982,4940,8353,601,0.84
moe_coarse_1e19,moe_coarse_1e19,1e19,full,10,54,sequence,4,1982,4940,8353,587,0.8566
moe_coarse_1e19,moe_coarse_1e19,1e19,full,10,55,sequence,4,1982,4940,8353,42,0.7298
moe_coarse_1e19,moe_coarse_1e19,1e19,full,10,56,sequence,4,1982,4940,8353,1810,0.9164
moe_coarse_1e19,moe_coarse_1e19,1e19,full,10,57,sequence,4,1982,4940,8353,114,0.5836
moe_coarse_1e19,moe_coarse_1e19,1e19,full,10,58,sequence,4,1982,4940,8353,2497,0.9306
moe_coarse_1e19,moe_coarse_1e19,1e19,full,10,59,sequence,4,1982,4940,8353,76,0.9321
moe_coarse_1e19,moe_coarse_1e19,1e19,full,10,60,sequence,4,1982,4940,8353,1549,0.8975
moe_coarse_1e19,moe_coarse_1e19,1e19,full,10,61,sequence,4,1982,4940,8353,57,0.9291
moe_coarse_1e19,moe_coarse_1e19,1e19,full,10,62,sequence,4,1982,4940,8353,2072,0.8475
moe_coarse_1e19,moe_coarse_1e19,1e19,full,10,63,sequence,4,1982,4940,8353,1157,0.9394
moe_coarse_1e19,moe_coarse_1e19,1e19,full,11,0,sequence,0,1,6,8010,648,0.7622
moe_coarse_1e19,moe_coarse_1e19,1e19,full,11,1,sequence,0,1,6,8010,1707,0.7836
moe_coarse_1e19,moe_coarse_1e19,1e19,full,11,2,sequence,0,1,6,8010,295,0.7824
moe_coarse_1e19,moe_coarse_1e19,1e19,full,11,3,sequence,0,1,6,8010,116,0.7354
moe_coarse_1e19,moe_coarse_1e19,1e19,full,11,4,sequence,0,1,6,8010,1540,0.7476
moe_coarse_1e19,moe_coarse_1e19,1e19,full,11,5,sequence,0,1,6,8010,1536,0.7383
moe_coarse_1e19,moe_coarse_1e19,1e19,full,11,6,sequence,0,1,6,8010,768,0.6359
moe_coarse_1e19,moe_coarse_1e19,1e19,full,11,7,sequence,0,1,6,8010,860,0.6681
moe_coarse_1e19,moe_coarse_1e19,1e19,full,11,8,sequence,0,1,6,8010,1934,0.7349
moe_coarse_1e19,moe_coarse_1e19,1e19,full,11,9,sequence,0,1,6,8010,93,0.7807
moe_coarse_1e19,moe_coarse_1e19,1e19,full,11,10,sequence,0,1,6,8010,577,0.7321
moe_coarse_1e19,moe_coarse_1e19,1e19,full,11,11,sequence,0,1,6,8010,353,0.7035
moe_coarse_1e19,moe_coarse_1e19,1e19,full,11,12,sequence,0,1,6,8010,43,0.8064
moe_coarse_1e19,moe_coarse_1e19,1e19,full,11,13,sequence,0,1,6,8010,647,0.6577
moe_coarse_1e19,moe_coarse_1e19,1e19,full,11,14,sequence,0,1,6,8010,1089,0.815
moe_coarse_1e19,moe_coarse_1e19,1e19,full,11,15,sequence,0,1,6,8010,197,0.6702
moe_coarse_1e19,moe_coarse_1e19,1e19,full,11,16,sequence,0,1,6,8010,1428,0.6793
moe_coarse_1e19,moe_coarse_1e19,1e19,full,11,17,sequence,0,1,6,8010,1076,0.7984
moe_coarse_1e19,moe_coarse_1e19,1e19,full,11,18,sequence,0,1,6,8010,1243,0.7095
moe_coarse_1e19,moe_coarse_1e19,1e19,full,11,19,sequence,0,1,6,8010,46,0.9221
moe_coarse_1e19,moe_coarse_1e19,1e19,full,11,20,sequence,0,1,6,8010,736,0.7123
moe_coarse_1e19,moe_coarse_1e19,1e19,full,11,21,sequence,0,1,6,8010,195,0.6604
moe_coarse_1e19,moe_coarse_1e19,1e19,full,11,22,sequence,0,1,6,8010,783,0.6844
moe_coarse_1e19,moe_coarse_1e19,1e19,full,11,23,sequence,0,1,6,8010,69,0.9127
moe_coarse_1e19,moe_coarse_1e19,1e19,full,11,24,sequence,0,1,6,8010,135,0.637
moe_coarse_1e19,moe_coarse_1e19,1e19,full,11,25,sequence,0,1,6,8010,128,0.7842
moe_coarse_1e19,moe_coarse_1e19,1e19,full,11,26,sequence,0,1,6,8010,1471,0.8166
moe_coarse_1e19,moe_coarse_1e19,1e19,full,11,27,sequence,0,1,6,8010,1799,0.7386
moe_coarse_1e19,moe_coarse_1e19,1e19,full,11,28,sequence,0,1,6,8010,850,0.6928
moe_coarse_1e19,moe_coarse_1e19,1e19,full,11,29,sequence,0,1,6,8010,1117,0.6965
moe_coarse_1e19,moe_coarse_1e19,1e19,full,11,30,sequence,0,1,6,8010,1588,0.7533
moe_coarse_1e19,moe_coarse_1e19,1e19,full,11,31,sequence,0,1,6,8010,588,0.7499
moe_coarse_1e19,moe_coarse_1e19,1e19,full,11,32,sequence,0,1,6,8010,454,0.6828
moe_coarse_1e19,moe_coarse_1e19,1e19,full,11,33,sequence,0,1,6,8010,1000,0.6523
moe_coarse_1e19,moe_coarse_1e19,1e19,full,11,34,sequence,0,1,6,8010,114,0.7016
moe_coarse_1e19,moe_coarse_1e19,1e19,full,11,35,sequence,0,1,6,8010,412,0.6607
moe_coarse_1e19,moe_coarse_1e19,1e19,full,11,36,sequence,0,1,6,8010,594,0.6776
moe_coarse_1e19,moe_coarse_1e19,1e19,full,11,37,sequence,0,1,6,8010,308,0.7446
moe_coarse_1e19,moe_coarse_1e19,1e19,full,11,38,sequence,0,1,6,8010,80,0.9013
moe_coarse_1e19,moe_coarse_1e19,1e19,full,11,39,sequence,0,1,6,8010,644,0.7469
moe_coarse_1e19,moe_coarse_1e19,1e19,full,11,40,sequence,0,1,6,8010,1442,0.7003
moe_coarse_1e19,moe_coarse_1e19,1e19,full,11,41,sequence,0,1,6,8010,1156,0.8116
moe_coarse_1e19,moe_coarse_1e19,1e19,full,11,42,sequence,0,1,6,8010,335,0.6374
moe_coarse_1e19,moe_coarse_1e19,1e19,full,11,43,sequence,0,1,6,8010,764,0.6801
moe_coarse_1e19,moe_coarse_1e19,1e19,full,11,44,sequence,0,1,6,8010,1221,0.7159
moe_coarse_1e19,moe_coarse_1e19,1e19,full,11,45,sequence,0,1,6,8010,311,0.6514
moe_coarse_1e19,moe_coarse_1e19,1e19,full,11,46,sequence,0,1,6,8010,42,0.8444
moe_coarse_1e19,moe_coarse_1e19,1e19,full,11,47,sequence,0,1,6,8010,1382,0.7877
moe_coarse_1e19,moe_coarse_1e19,1e19,full,11,48,sequence,0,1,6,8010,995,0.7541
moe_coarse_1e19,moe_coarse_1e19,1e19,full,11,49,sequence,0,1,6,8010,1523,0.7299
moe_coarse_1e19,moe_coarse_1e19,1e19,full,11,50,sequence,0,1,6,8010,87,0.705
moe_coarse_1e19,moe_coarse_1e19,1e19,full,11,51,sequence,0,1,6,8010,859,0.6999
moe_coarse_1e19,moe_coarse_1e19,1e19,full,11,52,sequence,0,1,6,8010,1404,0.7984
moe_coarse_1e19,moe_coarse_1e19,1e19,full,11,53,sequence,0,1,6,8010,792,0.7221
moe_coarse_1e19,moe_coarse_1e19,1e19,full,11,54,sequence,0,1,6,8010,301,0.6424
moe_coarse_1e19,moe_coarse_1e19,1e19,full,11,55,sequence,0,1,6,8010,161,0.7016
moe_coarse_1e19,moe_coarse_1e19,1e19,full,11,56,sequence,0,1,6,8010,210,0.6297
moe_coarse_1e19,moe_coarse_1e19,1e19,full,11,57,sequence,0,1,6,8010,310,0.704
moe_coarse_1e19,moe_coarse_1e19,1e19,full,11,58,sequence,0,1,6,8010,848,0.8343
moe_coarse_1e19,moe_coarse_1e19,1e19,full,11,59,sequence,0,1,6,8010,1146,0.6424
moe_coarse_1e19,moe_coarse_1e19,1e19,full,11,60,sequence,0,1,6,8010,610,0.755
moe_coarse_1e19,moe_coarse_1e19,1e19,full,11,61,sequence,0,1,6,8010,391,0.7423
moe_coarse_1e19,moe_coarse_1e19,1e19,full,11,62,sequence,0,1,6,8010,1768,0.7555
moe_coarse_1e19,moe_coarse_1e19,1e19,full,11,63,sequence,0,1,6,8010,741,0.8278
moe_coarse_1e19,moe_coarse_1e19,1e19,full,11,0,sequence,1,6,32,7866,414,0.8029
moe_coarse_1e19,moe_coarse_1e19,1e19,full,11,1,sequence,1,6,32,7866,1447,0.8203
moe_coarse_1e19,moe_coarse_1e19,1e19,full,11,2,sequence,1,6,32,7866,320,0.7613
moe_coarse_1e19,moe_coarse_1e19,1e19,full,11,3,sequence,1,6,32,7866,232,0.803
moe_coarse_1e19,moe_coarse_1e19,1e19,full,11,4,sequence,1,6,32,7866,1548,0.8068
moe_coarse_1e19,moe_coarse_1e19,1e19,full,11,5,sequence,1,6,32,7866,1064,0.7892
moe_coarse_1e19,moe_coarse_1e19,1e19,full,11,6,sequence,1,6,32,7866,865,0.7472
moe_coarse_1e19,moe_coarse_1e19,1e19,full,11,7,sequence,1,6,32,7866,1002,0.6762
moe_coarse_1e19,moe_coarse_1e19,1e19,full,11,8,sequence,1,6,32,7866,1277,0.7541
moe_coarse_1e19,moe_coarse_1e19,1e19,full,11,9,sequence,1,6,32,7866,176,0.8345
moe_coarse_1e19,moe_coarse_1e19,1e19,full,11,10,sequence,1,6,32,7866,681,0.7865
moe_coarse_1e19,moe_coarse_1e19,1e19,full,11,11,sequence,1,6,32,7866,642,0.778
moe_coarse_1e19,moe_coarse_1e19,1e19,full,11,12,sequence,1,6,32,7866,161,0.8083
moe_coarse_1e19,moe_coarse_1e19,1e19,full,11,13,sequence,1,6,32,7866,878,0.6968
moe_coarse_1e19,moe_coarse_1e19,1e19,full,11,14,sequence,1,6,32,7866,1037,0.8614
moe_coarse_1e19,moe_coarse_1e19,1e19,full,11,15,sequence,1,6,32,7866,369,0.6489
moe_coarse_1e19,moe_coarse_1e19,1e19,full,11,16,sequence,1,6,32,7866,1071,0.7168
moe_coarse_1e19,moe_coarse_1e19,1e19,full,11,17,sequence,1,6,32,7866,719,0.8047
moe_coarse_1e19,moe_coarse_1e19,1e19,full,11,18,sequence,1,6,32,7866,1009,0.7526
moe_coarse_1e19,moe_coarse_1e19,1e19,full,11,19,sequence,1,6,32,7866,129,0.9342
moe_coarse_1e19,moe_coarse_1e19,1e19,full,11,20,sequence,1,6,32,7866,743,0.7877
moe_coarse_1e19,moe_coarse_1e19,1e19,full,11,21,sequence,1,6,32,7866,309,0.7153
moe_coarse_1e19,moe_coarse_1e19,1e19,full,11,22,sequence,1,6,32,7866,947,0.8233
moe_coarse_1e19,moe_coarse_1e19,1e19,full,11,23,sequence,1,6,32,7866,175,0.9553
moe_coarse_1e19,moe_coarse_1e19,1e19,full,11,24,sequence,1,6,32,7866,227,0.7252
moe_coarse_1e19,moe_coarse_1e19,1e19,full,11,25,sequence,1,6,32,7866,218,0.8136
moe_coarse_1e19,moe_coarse_1e19,1e19,full,11,26,sequence,1,6,32,7866,1279,0.8774
moe_coarse_1e19,moe_coarse_1e19,1e19,full,11,27,sequence,1,6,32,7866,1214,0.7523
moe_coarse_1e19,moe_coarse_1e19,1e19,full,11,28,sequence,1,6,32,7866,941,0.7639
moe_coarse_1e19,moe_coarse_1e19,1e19,full,11,29,sequence,1,6,32,7866,1245,0.7596
moe_coarse_1e19,moe_coarse_1e19,1e19,full,11,30,sequence,1,6,32,7866,1098,0.8006
moe_coarse_1e19,moe_coarse_1e19,1e19,full,11,31,sequence,1,6,32,7866,494,0.8351
moe_coarse_1e19,moe_coarse_1e19,1e19,full,11,32,sequence,1,6,32,7866,572,0.7727
moe_coarse_1e19,moe_coarse_1e19,1e19,full,11,33,sequence,1,6,32,7866,1057,0.7191
moe_coarse_1e19,moe_coarse_1e19,1e19,full,11,34,sequence,1,6,32,7866,393,0.8875
moe_coarse_1e19,moe_coarse_1e19,1e19,full,11,35,sequence,1,6,32,7866,791,0.7249
moe_coarse_1e19,moe_coarse_1e19,1e19,full,11,36,sequence,1,6,32,7866,798,0.774
moe_coarse_1e19,moe_coarse_1e19,1e19,full,11,37,sequence,1,6,32,7866,404,0.8006
moe_coarse_1e19,moe_coarse_1e19,1e19,full,11,38,sequence,1,6,32,7866,173,0.9274
moe_coarse_1e19,moe_coarse_1e19,1e19,full,11,39,sequence,1,6,32,7866,730,0.7963
moe_coarse_1e19,moe_coarse_1e19,1e19,full,11,40,sequence,1,6,32,7866,1263,0.7382
moe_coarse_1e19,moe_coarse_1e19,1e19,full,11,41,sequence,1,6,32,7866,1074,0.8613
moe_coarse_1e19,moe_coarse_1e19,1e19,full,11,42,sequence,1,6,32,7866,535,0.6326
moe_coarse_1e19,moe_coarse_1e19,1e19,full,11,43,sequence,1,6,32,7866,497,0.729
moe_coarse_1e19,moe_coarse_1e19,1e19,full,11,44,sequence,1,6,32,7866,1293,0.8098
moe_coarse_1e19,moe_coarse_1e19,1e19,full,11,45,sequence,1,6,32,7866,439,0.7355
moe_coarse_1e19,moe_coarse_1e19,1e19,full,11,46,sequence,1,6,32,7866,122,0.8324
moe_coarse_1e19,moe_coarse_1e19,1e19,full,11,47,sequence,1,6,32,7866,977,0.8204
moe_coarse_1e19,moe_coarse_1e19,1e19,full,11,48,sequence,1,6,32,7866,674,0.7884
moe_coarse_1e19,moe_coarse_1e19,1e19,full,11,49,sequence,1,6,32,7866,1658,0.809
moe_coarse_1e19,moe_coarse_1e19,1e19,full,11,50,sequence,1,6,32,7866,141,0.8104
moe_coarse_1e19,moe_coarse_1e19,1e19,full,11,51,sequence,1,6,32,7866,770,0.772
moe_coarse_1e19,moe_coarse_1e19,1e19,full,11,52,sequence,1,6,32,7866,1678,0.8521
moe_coarse_1e19,moe_coarse_1e19,1e19,full,11,53,sequence,1,6,32,7866,903,0.8003
moe_coarse_1e19,moe_coarse_1e19,1e19,full,11,54,sequence,1,6,32,7866,441,0.7335
moe_coarse_1e19,moe_coarse_1e19,1e19,full,11,55,sequence,1,6,32,7866,221,0.8103
moe_coarse_1e19,moe_coarse_1e19,1e19,full,11,56,sequence,1,6,32,7866,313,0.759
moe_coarse_1e19,moe_coarse_1e19,1e19,full,11,57,sequence,1,6,32,7866,361,0.8447
moe_coarse_1e19,moe_coarse_1e19,1e19,full,11,58,sequence,1,6,32,7866,807,0.893
moe_coarse_1e19,moe_coarse_1e19,1e19,full,11,59,sequence,1,6,32,7866,1027,0.678
moe_coarse_1e19,moe_coarse_1e19,1e19,full,11,60,sequence,1,6,32,7866,678,0.8051
moe_coarse_1e19,moe_coarse_1e19,1e19,full,11,61,sequence,1,6,32,7866,390,0.8028
moe_coarse_1e19,moe_coarse_1e19,1e19,full,11,62,sequence,1,6,32,7866,1500,0.8056
moe_coarse_1e19,moe_coarse_1e19,1e19,full,11,63,sequence,1,6,32,7866,585,0.8586
moe_coarse_1e19,moe_coarse_1e19,1e19,full,11,0,sequence,2,32,221,7700,477,0.9126
moe_coarse_1e19,moe_coarse_1e19,1e19,full,11,1,sequence,2,32,221,7700,382,0.9217
moe_coarse_1e19,moe_coarse_1e19,1e19,full,11,2,sequence,2,32,221,7700,852,0.8373
moe_coarse_1e19,moe_coarse_1e19,1e19,full,11,3,sequence,2,32,221,7700,1372,0.9421
moe_coarse_1e19,moe_coarse_1e19,1e19,full,11,4,sequence,2,32,221,7700,579,0.8937
moe_coarse_1e19,moe_coarse_1e19,1e19,full,11,5,sequence,2,32,221,7700,531,0.8384
moe_coarse_1e19,moe_coarse_1e19,1e19,full,11,6,sequence,2,32,221,7700,742,0.8582
moe_coarse_1e19,moe_coarse_1e19,1e19,full,11,7,sequence,2,32,221,7700,1175,0.8853
moe_coarse_1e19,moe_coarse_1e19,1e19,full,11,8,sequence,2,32,221,7700,313,0.8785
moe_coarse_1e19,moe_coarse_1e19,1e19,full,11,9,sequence,2,32,221,7700,563,0.9142
moe_coarse_1e19,moe_coarse_1e19,1e19,full,11,10,sequence,2,32,221,7700,723,0.8582
moe_coarse_1e19,moe_coarse_1e19,1e19,full,11,11,sequence,2,32,221,7700,1015,0.8252
moe_coarse_1e19,moe_coarse_1e19,1e19,full,11,12,sequence,2,32,221,7700,329,0.9656
moe_coarse_1e19,moe_coarse_1e19,1e19,full,11,13,sequence,2,32,221,7700,1280,0.8879
moe_coarse_1e19,moe_coarse_1e19,1e19,full,11,14,sequence,2,32,221,7700,953,0.8978
moe_coarse_1e19,moe_coarse_1e19,1e19,full,11,15,sequence,2,32,221,7700,903,0.8523
moe_coarse_1e19,moe_coarse_1e19,1e19,full,11,16,sequence,2,32,221,7700,433,0.8097
moe_coarse_1e19,moe_coarse_1e19,1e19,full,11,17,sequence,2,32,221,7700,441,0.8178
moe_coarse_1e19,moe_coarse_1e19,1e19,full,11,18,sequence,2,32,221,7700,706,0.7864
moe_coarse_1e19,moe_coarse_1e19,1e19,full,11,19,sequence,2,32,221,7700,470,0.9849
moe_coarse_1e19,moe_coarse_1e19,1e19,full,11,20,sequence,2,32,221,7700,712,0.8559
moe_coarse_1e19,moe_coarse_1e19,1e19,full,11,21,sequence,2,32,221,7700,1021,0.8238
moe_coarse_1e19,moe_coarse_1e19,1e19,full,11,22,sequence,2,32,221,7700,1015,0.907
moe_coarse_1e19,moe_coarse_1e19,1e19,full,11,23,sequence,2,32,221,7700,319,0.9604
moe_coarse_1e19,moe_coarse_1e19,1e19,full,11,24,sequence,2,32,221,7700,695,0.8709
moe_coarse_1e19,moe_coarse_1e19,1e19,full,11,25,sequence,2,32,221,7700,832,0.8949
moe_coarse_1e19,moe_coarse_1e19,1e19,full,11,26,sequence,2,32,221,7700,948,0.9432
moe_coarse_1e19,moe_coarse_1e19,1e19,full,11,27,sequence,2,32,221,7700,270,0.8272
moe_coarse_1e19,moe_coarse_1e19,1e19,full,11,28,sequence,2,32,221,7700,1021,0.8939
moe_coarse_1e19,moe_coarse_1e19,1e19,full,11,29,sequence,2,32,221,7700,913,0.8745
moe_coarse_1e19,moe_coarse_1e19,1e19,full,11,30,sequence,2,32,221,7700,546,0.9007
moe_coarse_1e19,moe_coarse_1e19,1e19,full,11,31,sequence,2,32,221,7700,663,0.901
moe_coarse_1e19,moe_coarse_1e19,1e19,full,11,32,sequence,2,32,221,7700,812,0.8916
moe_coarse_1e19,moe_coarse_1e19,1e19,full,11,33,sequence,2,32,221,7700,1090,0.7976
moe_coarse_1e19,moe_coarse_1e19,1e19,full,11,34,sequence,2,32,221,7700,503,0.9432
moe_coarse_1e19,moe_coarse_1e19,1e19,full,11,35,sequence,2,32,221,7700,1392,0.8512
moe_coarse_1e19,moe_coarse_1e19,1e19,full,11,36,sequence,2,32,221,7700,1060,0.8849
moe_coarse_1e19,moe_coarse_1e19,1e19,full,11,37,sequence,2,32,221,7700,693,0.8528
moe_coarse_1e19,moe_coarse_1e19,1e19,full,11,38,sequence,2,32,221,7700,420,0.9711
moe_coarse_1e19,moe_coarse_1e19,1e19,full,11,39,sequence,2,32,221,7700,962,0.8782
moe_coarse_1e19,moe_coarse_1e19,1e19,full,11,40,sequence,2,32,221,7700,525,0.8503
moe_coarse_1e19,moe_coarse_1e19,1e19,full,11,41,sequence,2,32,221,7700,918,0.9279
moe_coarse_1e19,moe_coarse_1e19,1e19,full,11,42,sequence,2,32,221,7700,936,0.8843
moe_coarse_1e19,moe_coarse_1e19,1e19,full,11,43,sequence,2,32,221,7700,626,0.8714
moe_coarse_1e19,moe_coarse_1e19,1e19,full,11,44,sequence,2,32,221,7700,860,0.8966
moe_coarse_1e19,moe_coarse_1e19,1e19,full,11,45,sequence,2,32,221,7700,1253,0.8835
moe_coarse_1e19,moe_coarse_1e19,1e19,full,11,46,sequence,2,32,221,7700,421,0.9193
moe_coarse_1e19,moe_coarse_1e19,1e19,full,11,47,sequence,2,32,221,7700,452,0.7993
moe_coarse_1e19,moe_coarse_1e19,1e19,full,11,48,sequence,2,32,221,7700,564,0.8768
moe_coarse_1e19,moe_coarse_1e19,1e19,full,11,49,sequence,2,32,221,7700,360,0.869
moe_coarse_1e19,moe_coarse_1e19,1e19,full,11,50,sequence,2,32,221,7700,609,0.9625
moe_coarse_1e19,moe_coarse_1e19,1e19,full,11,51,sequence,2,32,221,7700,502,0.8065
moe_coarse_1e19,moe_coarse_1e19,1e19,full,11,52,sequence,2,32,221,7700,554,0.9002
moe_coarse_1e19,moe_coarse_1e19,1e19,full,11,53,sequence,2,32,221,7700,954,0.886
moe_coarse_1e19,moe_coarse_1e19,1e19,full,11,54,sequence,2,32,221,7700,1193,0.8313
moe_coarse_1e19,moe_coarse_1e19,1e19,full,11,55,sequence,2,32,221,7700,678,0.875
moe_coarse_1e19,moe_coarse_1e19,1e19,full,11,56,sequence,2,32,221,7700,832,0.9296
moe_coarse_1e19,moe_coarse_1e19,1e19,full,11,57,sequence,2,32,221,7700,387,0.8174
moe_coarse_1e19,moe_coarse_1e19,1e19,full,11,58,sequence,2,32,221,7700,675,0.929
moe_coarse_1e19,moe_coarse_1e19,1e19,full,11,59,sequence,2,32,221,7700,676,0.8253
moe_coarse_1e19,moe_coarse_1e19,1e19,full,11,60,sequence,2,32,221,7700,1001,0.8621
moe_coarse_1e19,moe_coarse_1e19,1e19,full,11,61,sequence,2,32,221,7700,413,0.8387
moe_coarse_1e19,moe_coarse_1e19,1e19,full,11,62,sequence,2,32,221,7700,301,0.8434
moe_coarse_1e19,moe_coarse_1e19,1e19,full,11,63,sequence,2,32,221,7700,384,0.8479
moe_coarse_1e19,moe_coarse_1e19,1e19,full,11,0,sequence,3,238,1429,6983,319,0.9074
moe_coarse_1e19,moe_coarse_1e19,1e19,full,11,1,sequence,3,238,1429,6983,32,0.9066
moe_coarse_1e19,moe_coarse_1e19,1e19,full,11,2,sequence,3,238,1429,6983,1585,0.9085
moe_coarse_1e19,moe_coarse_1e19,1e19,full,11,3,sequence,3,238,1429,6983,2093,0.9731
moe_coarse_1e19,moe_coarse_1e19,1e19,full,11,4,sequence,3,238,1429,6983,51,0.8286
moe_coarse_1e19,moe_coarse_1e19,1e19,full,11,5,sequence,3,238,1429,6983,111,0.7826
moe_coarse_1e19,moe_coarse_1e19,1e19,full,11,6,sequence,3,238,1429,6983,435,0.8929
moe_coarse_1e19,moe_coarse_1e19,1e19,full,11,7,sequence,3,238,1429,6983,834,0.95
moe_coarse_1e19,moe_coarse_1e19,1e19,full,11,8,sequence,3,238,1429,6983,32,0.9019
moe_coarse_1e19,moe_coarse_1e19,1e19,full,11,9,sequence,3,238,1429,6983,1270,0.92
moe_coarse_1e19,moe_coarse_1e19,1e19,full,11,10,sequence,3,238,1429,6983,543,0.8548
moe_coarse_1e19,moe_coarse_1e19,1e19,full,11,11,sequence,3,238,1429,6983,563,0.7294
moe_coarse_1e19,moe_coarse_1e19,1e19,full,11,12,sequence,3,238,1429,6983,1198,0.9471
moe_coarse_1e19,moe_coarse_1e19,1e19,full,11,13,sequence,3,238,1429,6983,666,0.8828
moe_coarse_1e19,moe_coarse_1e19,1e19,full,11,14,sequence,3,238,1429,6983,649,0.8796
moe_coarse_1e19,moe_coarse_1e19,1e19,full,11,15,sequence,3,238,1429,6983,1178,0.851
moe_coarse_1e19,moe_coarse_1e19,1e19,full,11,16,sequence,3,238,1429,6983,175,0.8785
moe_coarse_1e19,moe_coarse_1e19,1e19,full,11,17,sequence,3,238,1429,6983,313,0.8893
moe_coarse_1e19,moe_coarse_1e19,1e19,full,11,18,sequence,3,238,1429,6983,407,0.8196
moe_coarse_1e19,moe_coarse_1e19,1e19,full,11,19,sequence,3,238,1429,6983,442,0.9815
moe_coarse_1e19,moe_coarse_1e19,1e19,full,11,20,sequence,3,238,1429,6983,519,0.7973
moe_coarse_1e19,moe_coarse_1e19,1e19,full,11,21,sequence,3,238,1429,6983,1152,0.8612
moe_coarse_1e19,moe_coarse_1e19,1e19,full,11,22,sequence,3,238,1429,6983,392,0.9127
moe_coarse_1e19,moe_coarse_1e19,1e19,full,11,23,sequence,3,238,1429,6983,778,0.9857
moe_coarse_1e19,moe_coarse_1e19,1e19,full,11,24,sequence,3,238,1429,6983,854,0.8088
moe_coarse_1e19,moe_coarse_1e19,1e19,full,11,25,sequence,3,238,1429,6983,1086,0.8574
moe_coarse_1e19,moe_coarse_1e19,1e19,full,11,26,sequence,3,238,1429,6983,262,0.9101
moe_coarse_1e19,moe_coarse_1e19,1e19,full,11,27,sequence,3,238,1429,6983,52,0.904
moe_coarse_1e19,moe_coarse_1e19,1e19,full,11,28,sequence,3,238,1429,6983,556,0.9457
moe_coarse_1e19,moe_coarse_1e19,1e19,full,11,29,sequence,3,238,1429,6983,254,0.885
moe_coarse_1e19,moe_coarse_1e19,1e19,full,11,30,sequence,3,238,1429,6983,75,0.68
moe_coarse_1e19,moe_coarse_1e19,1e19,full,11,31,sequence,3,238,1429,6983,526,0.9196
moe_coarse_1e19,moe_coarse_1e19,1e19,full,11,32,sequence,3,238,1429,6983,1121,0.945
moe_coarse_1e19,moe_coarse_1e19,1e19,full,11,33,sequence,3,238,1429,6983,497,0.8175
moe_coarse_1e19,moe_coarse_1e19,1e19,full,11,34,sequence,3,238,1429,6983,392,0.9175
moe_coarse_1e19,moe_coarse_1e19,1e19,full,11,35,sequence,3,238,1429,6983,1015,0.8691
moe_coarse_1e19,moe_coarse_1e19,1e19,full,11,36,sequence,3,238,1429,6983,807,0.8988
moe_coarse_1e19,moe_coarse_1e19,1e19,full,11,37,sequence,3,238,1429,6983,604,0.8505
moe_coarse_1e19,moe_coarse_1e19,1e19,full,11,38,sequence,3,238,1429,6983,570,0.9726
moe_coarse_1e19,moe_coarse_1e19,1e19,full,11,39,sequence,3,238,1429,6983,1069,0.9267
moe_coarse_1e19,moe_coarse_1e19,1e19,full,11,40,sequence,3,238,1429,6983,110,0.921
moe_coarse_1e19,moe_coarse_1e19,1e19,full,11,41,sequence,3,238,1429,6983,599,0.8843
moe_coarse_1e19,moe_coarse_1e19,1e19,full,11,42,sequence,3,238,1429,6983,1523,0.9151
moe_coarse_1e19,moe_coarse_1e19,1e19,full,11,43,sequence,3,238,1429,6983,712,0.9388
moe_coarse_1e19,moe_coarse_1e19,1e19,full,11,44,sequence,3,238,1429,6983,224,0.8925
moe_coarse_1e19,moe_coarse_1e19,1e19,full,11,45,sequence,3,238,1429,6983,1526,0.9373
moe_coarse_1e19,moe_coarse_1e19,1e19,full,11,46,sequence,3,238,1429,6983,428,0.9295
moe_coarse_1e19,moe_coarse_1e19,1e19,full,11,47,sequence,3,238,1429,6983,139,0.846
moe_coarse_1e19,moe_coarse_1e19,1e19,full,11,48,sequence,3,238,1429,6983,512,0.9055
moe_coarse_1e19,moe_coarse_1e19,1e19,full,11,49,sequence,3,238,1429,6983,8,0.6649
moe_coarse_1e19,moe_coarse_1e19,1e19,full,11,50,sequence,3,238,1429,6983,646,0.9678
moe_coarse_1e19,moe_coarse_1e19,1e19,full,11,51,sequence,3,238,1429,6983,400,0.8933
moe_coarse_1e19,moe_coarse_1e19,1e19,full,11,52,sequence,3,238,1429,6983,145,0.9572
moe_coarse_1e19,moe_coarse_1e19,1e19,full,11,53,sequence,3,238,1429,6983,1005,0.9036
moe_coarse_1e19,moe_coarse_1e19,1e19,full,11,54,sequence,3,238,1429,6983,1562,0.8332
moe_coarse_1e19,moe_coarse_1e19,1e19,full,11,55,sequence,3,238,1429,6983,1860,0.7835
moe_coarse_1e19,moe_coarse_1e19,1e19,full,11,56,sequence,3,238,1429,6983,825,0.9379
moe_coarse_1e19,moe_coarse_1e19,1e19,full,11,57,sequence,3,238,1429,6983,760,0.9694
moe_coarse_1e19,moe_coarse_1e19,1e19,full,11,58,sequence,3,238,1429,6983,693,0.9635
moe_coarse_1e19,moe_coarse_1e19,1e19,full,11,59,sequence,3,238,1429,6983,237,0.8344
moe_coarse_1e19,moe_coarse_1e19,1e19,full,11,60,sequence,3,238,1429,6983,1307,0.9134
moe_coarse_1e19,moe_coarse_1e19,1e19,full,11,61,sequence,3,238,1429,6983,448,0.8559
moe_coarse_1e19,moe_coarse_1e19,1e19,full,11,62,sequence,3,238,1429,6983,82,0.9273
moe_coarse_1e19,moe_coarse_1e19,1e19,full,11,63,sequence,3,238,1429,6983,670,0.9427
moe_coarse_1e19,moe_coarse_1e19,1e19,full,11,0,sequence,4,1982,4940,8353,1666,0.9105
moe_coarse_1e19,moe_coarse_1e19,1e19,full,11,1,sequence,4,1982,4940,8353,0,
moe_coarse_1e19,moe_coarse_1e19,1e19,full,11,2,sequence,4,1982,4940,8353,882,0.8638
moe_coarse_1e19,moe_coarse_1e19,1e19,full,11,3,sequence,4,1982,4940,8353,81,0.8658
moe_coarse_1e19,moe_coarse_1e19,1e19,full,11,4,sequence,4,1982,4940,8353,7,0.429
moe_coarse_1e19,moe_coarse_1e19,1e19,full,11,5,sequence,4,1982,4940,8353,188,0.7929
moe_coarse_1e19,moe_coarse_1e19,1e19,full,11,6,sequence,4,1982,4940,8353,645,0.9175
moe_coarse_1e19,moe_coarse_1e19,1e19,full,11,7,sequence,4,1982,4940,8353,58,0.8481
moe_coarse_1e19,moe_coarse_1e19,1e19,full,11,8,sequence,4,1982,4940,8353,0,
moe_coarse_1e19,moe_coarse_1e19,1e19,full,11,9,sequence,4,1982,4940,8353,1626,0.9108
moe_coarse_1e19,moe_coarse_1e19,1e19,full,11,10,sequence,4,1982,4940,8353,821,0.8289
moe_coarse_1e19,moe_coarse_1e19,1e19,full,11,11,sequence,4,1982,4940,8353,961,0.8162
moe_coarse_1e19,moe_coarse_1e19,1e19,full,11,12,sequence,4,1982,4940,8353,2060,0.9821
moe_coarse_1e19,moe_coarse_1e19,1e19,full,11,13,sequence,4,1982,4940,8353,422,0.8967
moe_coarse_1e19,moe_coarse_1e19,1e19,full,11,14,sequence,4,1982,4940,8353,406,0.9418
moe_coarse_1e19,moe_coarse_1e19,1e19,full,11,15,sequence,4,1982,4940,8353,1440,0.9109
moe_coarse_1e19,moe_coarse_1e19,1e19,full,11,16,sequence,4,1982,4940,8353,113,0.858
moe_coarse_1e19,moe_coarse_1e19,1e19,full,11,17,sequence,4,1982,4940,8353,722,0.8899
moe_coarse_1e19,moe_coarse_1e19,1e19,full,11,18,sequence,4,1982,4940,8353,236,0.8996
moe_coarse_1e19,moe_coarse_1e19,1e19,full,11,19,sequence,4,1982,4940,8353,3009,0.9202
moe_coarse_1e19,moe_coarse_1e19,1e19,full,11,20,sequence,4,1982,4940,8353,1301,0.8033
moe_coarse_1e19,moe_coarse_1e19,1e19,full,11,21,sequence,4,1982,4940,8353,676,0.6885
moe_coarse_1e19,moe_coarse_1e19,1e19,full,11,22,sequence,4,1982,4940,8353,386,0.7932
moe_coarse_1e19,moe_coarse_1e19,1e19,full,11,23,sequence,4,1982,4940,8353,2131,0.9582
moe_coarse_1e19,moe_coarse_1e19,1e19,full,11,24,sequence,4,1982,4940,8353,1392,0.7179
moe_coarse_1e19,moe_coarse_1e19,1e19,full,11,25,sequence,4,1982,4940,8353,1679,0.9364
moe_coarse_1e19,moe_coarse_1e19,1e19,full,11,26,sequence,4,1982,4940,8353,44,0.9197
moe_coarse_1e19,moe_coarse_1e19,1e19,full,11,27,sequence,4,1982,4940,8353,0,
moe_coarse_1e19,moe_coarse_1e19,1e19,full,11,28,sequence,4,1982,4940,8353,539,0.9326
moe_coarse_1e19,moe_coarse_1e19,1e19,full,11,29,sequence,4,1982,4940,8353,22,0.5161
moe_coarse_1e19,moe_coarse_1e19,1e19,full,11,30,sequence,4,1982,4940,8353,239,0.7111
moe_coarse_1e19,moe_coarse_1e19,1e19,full,11,31,sequence,4,1982,4940,8353,1079,0.9636
moe_coarse_1e19,moe_coarse_1e19,1e19,full,11,32,sequence,4,1982,4940,8353,517,0.8885
moe_coarse_1e19,moe_coarse_1e19,1e19,full,11,33,sequence,4,1982,4940,8353,90,0.7541
moe_coarse_1e19,moe_coarse_1e19,1e19,full,11,34,sequence,4,1982,4940,8353,2122,0.9591
moe_coarse_1e19,moe_coarse_1e19,1e19,full,11,35,sequence,4,1982,4940,8353,380,0.7802
moe_coarse_1e19,moe_coarse_1e19,1e19,full,11,36,sequence,4,1982,4940,8353,262,0.9088
moe_coarse_1e19,moe_coarse_1e19,1e19,full,11,37,sequence,4,1982,4940,8353,1218,0.8168
moe_coarse_1e19,moe_coarse_1e19,1e19,full,11,38,sequence,4,1982,4940,8353,2089,0.9073
moe_coarse_1e19,moe_coarse_1e19,1e19,full,11,39,sequence,4,1982,4940,8353,858,0.9536
moe_coarse_1e19,moe_coarse_1e19,1e19,full,11,40,sequence,4,1982,4940,8353,265,0.8801
moe_coarse_1e19,moe_coarse_1e19,1e19,full,11,41,sequence,4,1982,4940,8353,329,0.9185
moe_coarse_1e19,moe_coarse_1e19,1e19,full,11,42,sequence,4,1982,4940,8353,704,0.9121
moe_coarse_1e19,moe_coarse_1e19,1e19,full,11,43,sequence,4,1982,4940,8353,782,0.932
moe_coarse_1e19,moe_coarse_1e19,1e19,full,11,44,sequence,4,1982,4940,8353,209,0.9385
moe_coarse_1e19,moe_coarse_1e19,1e19,full,11,45,sequence,4,1982,4940,8353,303,0.9272
moe_coarse_1e19,moe_coarse_1e19,1e19,full,11,46,sequence,4,1982,4940,8353,2590,0.803
moe_coarse_1e19,moe_coarse_1e19,1e19,full,11,47,sequence,4,1982,4940,8353,105,0.8994
moe_coarse_1e19,moe_coarse_1e19,1e19,full,11,48,sequence,4,1982,4940,8353,884,0.9284
moe_coarse_1e19,moe_coarse_1e19,1e19,full,11,49,sequence,4,1982,4940,8353,0,
moe_coarse_1e19,moe_coarse_1e19,1e19,full,11,50,sequence,4,1982,4940,8353,1985,0.9646
moe_coarse_1e19,moe_coarse_1e19,1e19,full,11,51,sequence,4,1982,4940,8353,1007,0.8498
moe_coarse_1e19,moe_coarse_1e19,1e19,full,11,52,sequence,4,1982,4940,8353,1,0.6907
moe_coarse_1e19,moe_coarse_1e19,1e19,full,11,53,sequence,4,1982,4940,8353,394,0.9438
moe_coarse_1e19,moe_coarse_1e19,1e19,full,11,54,sequence,4,1982,4940,8353,233,0.7102
moe_coarse_1e19,moe_coarse_1e19,1e19,full,11,55,sequence,4,1982,4940,8353,1211,0.9192
moe_coarse_1e19,moe_coarse_1e19,1e19,full,11,56,sequence,4,1982,4940,8353,1574,0.9732
moe_coarse_1e19,moe_coarse_1e19,1e19,full,11,57,sequence,4,1982,4940,8353,1209,0.8093
moe_coarse_1e19,moe_coarse_1e19,1e19,full,11,58,sequence,4,1982,4940,8353,305,0.8127
moe_coarse_1e19,moe_coarse_1e19,1e19,full,11,59,sequence,4,1982,4940,8353,150,0.926
moe_coarse_1e19,moe_coarse_1e19,1e19,full,11,60,sequence,4,1982,4940,8353,474,0.9528
moe_coarse_1e19,moe_coarse_1e19,1e19,full,11,61,sequence,4,1982,4940,8353,2229,0.877
moe_coarse_1e19,moe_coarse_1e19,1e19,full,11,62,sequence,4,1982,4940,8353,8,0.4182
moe_coarse_1e19,moe_coarse_1e19,1e19,full,11,63,sequence,4,1982,4940,8353,800,0.6716
moe_coarse_1e19,moe_coarse_1e19,1e19,full,12,0,sequence,0,1,6,8010,675,0.6765
moe_coarse_1e19,moe_coarse_1e19,1e19,full,12,1,sequence,0,1,6,8010,609,0.7615
moe_coarse_1e19,moe_coarse_1e19,1e19,full,12,2,sequence,0,1,6,8010,793,0.7523
moe_coarse_1e19,moe_coarse_1e19,1e19,full,12,3,sequence,0,1,6,8010,153,0.8293
moe_coarse_1e19,moe_coarse_1e19,1e19,full,12,4,sequence,0,1,6,8010,235,0.755
moe_coarse_1e19,moe_coarse_1e19,1e19,full,12,5,sequence,0,1,6,8010,871,0.7674
moe_coarse_1e19,moe_coarse_1e19,1e19,full,12,6,sequence,0,1,6,8010,660,0.7224
moe_coarse_1e19,moe_coarse_1e19,1e19,full,12,7,sequence,0,1,6,8010,1366,0.6731
moe_coarse_1e19,moe_coarse_1e19,1e19,full,12,8,sequence,0,1,6,8010,371,0.7105
moe_coarse_1e19,moe_coarse_1e19,1e19,full,12,9,sequence,0,1,6,8010,35,0.9112
moe_coarse_1e19,moe_coarse_1e19,1e19,full,12,10,sequence,0,1,6,8010,854,0.7426
moe_coarse_1e19,moe_coarse_1e19,1e19,full,12,11,sequence,0,1,6,8010,883,0.5515
moe_coarse_1e19,moe_coarse_1e19,1e19,full,12,12,sequence,0,1,6,8010,133,0.7611
moe_coarse_1e19,moe_coarse_1e19,1e19,full,12,13,sequence,0,1,6,8010,1461,0.6139
moe_coarse_1e19,moe_coarse_1e19,1e19,full,12,14,sequence,0,1,6,8010,247,0.6806
moe_coarse_1e19,moe_coarse_1e19,1e19,full,12,15,sequence,0,1,6,8010,1140,0.7298
moe_coarse_1e19,moe_coarse_1e19,1e19,full,12,16,sequence,0,1,6,8010,490,0.6951
moe_coarse_1e19,moe_coarse_1e19,1e19,full,12,17,sequence,0,1,6,8010,1671,0.6603
moe_coarse_1e19,moe_coarse_1e19,1e19,full,12,18,sequence,0,1,6,8010,1285,0.8395
moe_coarse_1e19,moe_coarse_1e19,1e19,full,12,19,sequence,0,1,6,8010,1081,0.7539
moe_coarse_1e19,moe_coarse_1e19,1e19,full,12,20,sequence,0,1,6,8010,108,0.7768
moe_coarse_1e19,moe_coarse_1e19,1e19,full,12,21,sequence,0,1,6,8010,1077,0.6454
moe_coarse_1e19,moe_coarse_1e19,1e19,full,12,22,sequence,0,1,6,8010,363,0.7697
moe_coarse_1e19,moe_coarse_1e19,1e19,full,12,23,sequence,0,1,6,8010,263,0.6754
moe_coarse_1e19,moe_coarse_1e19,1e19,full,12,24,sequence,0,1,6,8010,911,0.7603
moe_coarse_1e19,moe_coarse_1e19,1e19,full,12,25,sequence,0,1,6,8010,1775,0.7553
moe_coarse_1e19,moe_coarse_1e19,1e19,full,12,26,sequence,0,1,6,8010,480,0.7811
moe_coarse_1e19,moe_coarse_1e19,1e19,full,12,27,sequence,0,1,6,8010,454,0.7236
moe_coarse_1e19,moe_coarse_1e19,1e19,full,12,28,sequence,0,1,6,8010,1670,0.71
moe_coarse_1e19,moe_coarse_1e19,1e19,full,12,29,sequence,0,1,6,8010,724,0.8159
moe_coarse_1e19,moe_coarse_1e19,1e19,full,12,30,sequence,0,1,6,8010,951,0.7152
moe_coarse_1e19,moe_coarse_1e19,1e19,full,12,31,sequence,0,1,6,8010,1598,0.7415
moe_coarse_1e19,moe_coarse_1e19,1e19,full,12,32,sequence,0,1,6,8010,179,0.7972
moe_coarse_1e19,moe_coarse_1e19,1e19,full,12,33,sequence,0,1,6,8010,680,0.6971
moe_coarse_1e19,moe_coarse_1e19,1e19,full,12,34,sequence,0,1,6,8010,463,0.6763
moe_coarse_1e19,moe_coarse_1e19,1e19,full,12,35,sequence,0,1,6,8010,858,0.7377
moe_coarse_1e19,moe_coarse_1e19,1e19,full,12,36,sequence,0,1,6,8010,971,0.7467
moe_coarse_1e19,moe_coarse_1e19,1e19,full,12,37,sequence,0,1,6,8010,375,0.7598
moe_coarse_1e19,moe_coarse_1e19,1e19,full,12,38,sequence,0,1,6,8010,1289,0.813
moe_coarse_1e19,moe_coarse_1e19,1e19,full,12,39,sequence,0,1,6,8010,357,0.5927
moe_coarse_1e19,moe_coarse_1e19,1e19,full,12,40,sequence,0,1,6,8010,1245,0.6555
moe_coarse_1e19,moe_coarse_1e19,1e19,full,12,41,sequence,0,1,6,8010,1377,0.7482
moe_coarse_1e19,moe_coarse_1e19,1e19,full,12,42,sequence,0,1,6,8010,289,0.6736
moe_coarse_1e19,moe_coarse_1e19,1e19,full,12,43,sequence,0,1,6,8010,151,0.7071
moe_coarse_1e19,moe_coarse_1e19,1e19,full,12,44,sequence,0,1,6,8010,479,0.8157
moe_coarse_1e19,moe_coarse_1e19,1e19,full,12,45,sequence,0,1,6,8010,88,0.7966
moe_coarse_1e19,moe_coarse_1e19,1e19,full,12,46,sequence,0,1,6,8010,707,0.7417
moe_coarse_1e19,moe_coarse_1e19,1e19,full,12,47,sequence,0,1,6,8010,1480,0.6857
moe_coarse_1e19,moe_coarse_1e19,1e19,full,12,48,sequence,0,1,6,8010,453,0.7178
moe_coarse_1e19,moe_coarse_1e19,1e19,full,12,49,sequence,0,1,6,8010,92,0.7373
moe_coarse_1e19,moe_coarse_1e19,1e19,full,12,50,sequence,0,1,6,8010,1273,0.71
moe_coarse_1e19,moe_coarse_1e19,1e19,full,12,51,sequence,0,1,6,8010,346,0.5998
moe_coarse_1e19,moe_coarse_1e19,1e19,full,12,52,sequence,0,1,6,8010,930,0.685
moe_coarse_1e19,moe_coarse_1e19,1e19,full,12,53,sequence,0,1,6,8010,1695,0.7459
moe_coarse_1e19,moe_coarse_1e19,1e19,full,12,54,sequence,0,1,6,8010,1788,0.813
moe_coarse_1e19,moe_coarse_1e19,1e19,full,12,55,sequence,0,1,6,8010,1146,0.6654
moe_coarse_1e19,moe_coarse_1e19,1e19,full,12,56,sequence,0,1,6,8010,491,0.67
moe_coarse_1e19,moe_coarse_1e19,1e19,full,12,57,sequence,0,1,6,8010,112,0.7204
moe_coarse_1e19,moe_coarse_1e19,1e19,full,12,58,sequence,0,1,6,8010,220,0.6171
moe_coarse_1e19,moe_coarse_1e19,1e19,full,12,59,sequence,0,1,6,8010,80,0.8597
moe_coarse_1e19,moe_coarse_1e19,1e19,full,12,60,sequence,0,1,6,8010,457,0.7987
moe_coarse_1e19,moe_coarse_1e19,1e19,full,12,61,sequence,0,1,6,8010,1424,0.6919
moe_coarse_1e19,moe_coarse_1e19,1e19,full,12,62,sequence,0,1,6,8010,825,0.6041
moe_coarse_1e19,moe_coarse_1e19,1e19,full,12,63,sequence,0,1,6,8010,353,0.5924
moe_coarse_1e19,moe_coarse_1e19,1e19,full,12,0,sequence,1,6,32,7866,842,0.7798
moe_coarse_1e19,moe_coarse_1e19,1e19,full,12,1,sequence,1,6,32,7866,908,0.869
moe_coarse_1e19,moe_coarse_1e19,1e19,full,12,2,sequence,1,6,32,7866,764,0.8628
moe_coarse_1e19,moe_coarse_1e19,1e19,full,12,3,sequence,1,6,32,7866,347,0.8574
moe_coarse_1e19,moe_coarse_1e19,1e19,full,12,4,sequence,1,6,32,7866,290,0.8301
moe_coarse_1e19,moe_coarse_1e19,1e19,full,12,5,sequence,1,6,32,7866,797,0.8424
moe_coarse_1e19,moe_coarse_1e19,1e19,full,12,6,sequence,1,6,32,7866,631,0.7796
moe_coarse_1e19,moe_coarse_1e19,1e19,full,12,7,sequence,1,6,32,7866,1112,0.7544
moe_coarse_1e19,moe_coarse_1e19,1e19,full,12,8,sequence,1,6,32,7866,552,0.8137
moe_coarse_1e19,moe_coarse_1e19,1e19,full,12,9,sequence,1,6,32,7866,125,0.9503
moe_coarse_1e19,moe_coarse_1e19,1e19,full,12,10,sequence,1,6,32,7866,1170,0.8082
moe_coarse_1e19,moe_coarse_1e19,1e19,full,12,11,sequence,1,6,32,7866,1047,0.5751
moe_coarse_1e19,moe_coarse_1e19,1e19,full,12,12,sequence,1,6,32,7866,313,0.7527
moe_coarse_1e19,moe_coarse_1e19,1e19,full,12,13,sequence,1,6,32,7866,996,0.6759
moe_coarse_1e19,moe_coarse_1e19,1e19,full,12,14,sequence,1,6,32,7866,408,0.7698
moe_coarse_1e19,moe_coarse_1e19,1e19,full,12,15,sequence,1,6,32,7866,1159,0.7624
moe_coarse_1e19,moe_coarse_1e19,1e19,full,12,16,sequence,1,6,32,7866,639,0.7233
moe_coarse_1e19,moe_coarse_1e19,1e19,full,12,17,sequence,1,6,32,7866,993,0.6934
moe_coarse_1e19,moe_coarse_1e19,1e19,full,12,18,sequence,1,6,32,7866,1025,0.876
moe_coarse_1e19,moe_coarse_1e19,1e19,full,12,19,sequence,1,6,32,7866,851,0.8235
moe_coarse_1e19,moe_coarse_1e19,1e19,full,12,20,sequence,1,6,32,7866,279,0.8958
moe_coarse_1e19,moe_coarse_1e19,1e19,full,12,21,sequence,1,6,32,7866,852,0.7545
moe_coarse_1e19,moe_coarse_1e19,1e19,full,12,22,sequence,1,6,32,7866,487,0.813
moe_coarse_1e19,moe_coarse_1e19,1e19,full,12,23,sequence,1,6,32,7866,453,0.7484
moe_coarse_1e19,moe_coarse_1e19,1e19,full,12,24,sequence,1,6,32,7866,990,0.8243
moe_coarse_1e19,moe_coarse_1e19,1e19,full,12,25,sequence,1,6,32,7866,1288,0.791
moe_coarse_1e19,moe_coarse_1e19,1e19,full,12,26,sequence,1,6,32,7866,503,0.8064
moe_coarse_1e19,moe_coarse_1e19,1e19,full,12,27,sequence,1,6,32,7866,558,0.7496
moe_coarse_1e19,moe_coarse_1e19,1e19,full,12,28,sequence,1,6,32,7866,1278,0.798
moe_coarse_1e19,moe_coarse_1e19,1e19,full,12,29,sequence,1,6,32,7866,807,0.867
moe_coarse_1e19,moe_coarse_1e19,1e19,full,12,30,sequence,1,6,32,7866,968,0.6984
moe_coarse_1e19,moe_coarse_1e19,1e19,full,12,31,sequence,1,6,32,7866,1501,0.8035
moe_coarse_1e19,moe_coarse_1e19,1e19,full,12,32,sequence,1,6,32,7866,455,0.8501
moe_coarse_1e19,moe_coarse_1e19,1e19,full,12,33,sequence,1,6,32,7866,467,0.7305
moe_coarse_1e19,moe_coarse_1e19,1e19,full,12,34,sequence,1,6,32,7866,710,0.6909
moe_coarse_1e19,moe_coarse_1e19,1e19,full,12,35,sequence,1,6,32,7866,671,0.8098
moe_coarse_1e19,moe_coarse_1e19,1e19,full,12,36,sequence,1,6,32,7866,563,0.8161
moe_coarse_1e19,moe_coarse_1e19,1e19,full,12,37,sequence,1,6,32,7866,488,0.8249
moe_coarse_1e19,moe_coarse_1e19,1e19,full,12,38,sequence,1,6,32,7866,1167,0.8625
moe_coarse_1e19,moe_coarse_1e19,1e19,full,12,39,sequence,1,6,32,7866,448,0.7227
moe_coarse_1e19,moe_coarse_1e19,1e19,full,12,40,sequence,1,6,32,7866,1169,0.7654
moe_coarse_1e19,moe_coarse_1e19,1e19,full,12,41,sequence,1,6,32,7866,1226,0.8101
moe_coarse_1e19,moe_coarse_1e19,1e19,full,12,42,sequence,1,6,32,7866,532,0.7126
moe_coarse_1e19,moe_coarse_1e19,1e19,full,12,43,sequence,1,6,32,7866,201,0.7824
moe_coarse_1e19,moe_coarse_1e19,1e19,full,12,44,sequence,1,6,32,7866,506,0.8316
moe_coarse_1e19,moe_coarse_1e19,1e19,full,12,45,sequence,1,6,32,7866,150,0.8596
moe_coarse_1e19,moe_coarse_1e19,1e19,full,12,46,sequence,1,6,32,7866,755,0.7796
moe_coarse_1e19,moe_coarse_1e19,1e19,full,12,47,sequence,1,6,32,7866,1523,0.7271
moe_coarse_1e19,moe_coarse_1e19,1e19,full,12,48,sequence,1,6,32,7866,448,0.8171
moe_coarse_1e19,moe_coarse_1e19,1e19,full,12,49,sequence,1,6,32,7866,205,0.8969
moe_coarse_1e19,moe_coarse_1e19,1e19,full,12,50,sequence,1,6,32,7866,775,0.7109
moe_coarse_1e19,moe_coarse_1e19,1e19,full,12,51,sequence,1,6,32,7866,531,0.6349
moe_coarse_1e19,moe_coarse_1e19,1e19,full,12,52,sequence,1,6,32,7866,1062,0.6999
moe_coarse_1e19,moe_coarse_1e19,1e19,full,12,53,sequence,1,6,32,7866,1507,0.7701
moe_coarse_1e19,moe_coarse_1e19,1e19,full,12,54,sequence,1,6,32,7866,1595,0.8325
moe_coarse_1e19,moe_coarse_1e19,1e19,full,12,55,sequence,1,6,32,7866,1051,0.768
moe_coarse_1e19,moe_coarse_1e19,1e19,full,12,56,sequence,1,6,32,7866,509,0.7653
moe_coarse_1e19,moe_coarse_1e19,1e19,full,12,57,sequence,1,6,32,7866,139,0.7611
moe_coarse_1e19,moe_coarse_1e19,1e19,full,12,58,sequence,1,6,32,7866,274,0.7298
moe_coarse_1e19,moe_coarse_1e19,1e19,full,12,59,sequence,1,6,32,7866,179,0.9629
moe_coarse_1e19,moe_coarse_1e19,1e19,full,12,60,sequence,1,6,32,7866,533,0.8246
moe_coarse_1e19,moe_coarse_1e19,1e19,full,12,61,sequence,1,6,32,7866,1363,0.7517
moe_coarse_1e19,moe_coarse_1e19,1e19,full,12,62,sequence,1,6,32,7866,614,0.6928
moe_coarse_1e19,moe_coarse_1e19,1e19,full,12,63,sequence,1,6,32,7866,447,0.6364
moe_coarse_1e19,moe_coarse_1e19,1e19,full,12,0,sequence,2,32,221,7700,1222,0.8867
moe_coarse_1e19,moe_coarse_1e19,1e19,full,12,1,sequence,2,32,221,7700,761,0.912
moe_coarse_1e19,moe_coarse_1e19,1e19,full,12,2,sequence,2,32,221,7700,691,0.913
moe_coarse_1e19,moe_coarse_1e19,1e19,full,12,3,sequence,2,32,221,7700,1228,0.9056
moe_coarse_1e19,moe_coarse_1e19,1e19,full,12,4,sequence,2,32,221,7700,506,0.9217
moe_coarse_1e19,moe_coarse_1e19,1e19,full,12,5,sequence,2,32,221,7700,650,0.8942
moe_coarse_1e19,moe_coarse_1e19,1e19,full,12,6,sequence,2,32,221,7700,542,0.7951
moe_coarse_1e19,moe_coarse_1e19,1e19,full,12,7,sequence,2,32,221,7700,532,0.8697
moe_coarse_1e19,moe_coarse_1e19,1e19,full,12,8,sequence,2,32,221,7700,1127,0.9113
moe_coarse_1e19,moe_coarse_1e19,1e19,full,12,9,sequence,2,32,221,7700,450,0.9723
moe_coarse_1e19,moe_coarse_1e19,1e19,full,12,10,sequence,2,32,221,7700,1036,0.8967
moe_coarse_1e19,moe_coarse_1e19,1e19,full,12,11,sequence,2,32,221,7700,676,0.6996
moe_coarse_1e19,moe_coarse_1e19,1e19,full,12,12,sequence,2,32,221,7700,488,0.8597
moe_coarse_1e19,moe_coarse_1e19,1e19,full,12,13,sequence,2,32,221,7700,373,0.8262
moe_coarse_1e19,moe_coarse_1e19,1e19,full,12,14,sequence,2,32,221,7700,889,0.846
moe_coarse_1e19,moe_coarse_1e19,1e19,full,12,15,sequence,2,32,221,7700,1139,0.8663
moe_coarse_1e19,moe_coarse_1e19,1e19,full,12,16,sequence,2,32,221,7700,781,0.7841
moe_coarse_1e19,moe_coarse_1e19,1e19,full,12,17,sequence,2,32,221,7700,479,0.8077
moe_coarse_1e19,moe_coarse_1e19,1e19,full,12,18,sequence,2,32,221,7700,554,0.859
moe_coarse_1e19,moe_coarse_1e19,1e19,full,12,19,sequence,2,32,221,7700,686,0.8606
moe_coarse_1e19,moe_coarse_1e19,1e19,full,12,20,sequence,2,32,221,7700,583,0.934
moe_coarse_1e19,moe_coarse_1e19,1e19,full,12,21,sequence,2,32,221,7700,588,0.8245
moe_coarse_1e19,moe_coarse_1e19,1e19,full,12,22,sequence,2,32,221,7700,948,0.9306
moe_coarse_1e19,moe_coarse_1e19,1e19,full,12,23,sequence,2,32,221,7700,1366,0.865
moe_coarse_1e19,moe_coarse_1e19,1e19,full,12,24,sequence,2,32,221,7700,1185,0.8677
moe_coarse_1e19,moe_coarse_1e19,1e19,full,12,25,sequence,2,32,221,7700,213,0.8776
moe_coarse_1e19,moe_coarse_1e19,1e19,full,12,26,sequence,2,32,221,7700,559,0.8305
moe_coarse_1e19,moe_coarse_1e19,1e19,full,12,27,sequence,2,32,221,7700,1417,0.9199
moe_coarse_1e19,moe_coarse_1e19,1e19,full,12,28,sequence,2,32,221,7700,340,0.881
moe_coarse_1e19,moe_coarse_1e19,1e19,full,12,29,sequence,2,32,221,7700,956,0.929
moe_coarse_1e19,moe_coarse_1e19,1e19,full,12,30,sequence,2,32,221,7700,1122,0.8243
moe_coarse_1e19,moe_coarse_1e19,1e19,full,12,31,sequence,2,32,221,7700,287,0.8232
moe_coarse_1e19,moe_coarse_1e19,1e19,full,12,32,sequence,2,32,221,7700,1123,0.9381
moe_coarse_1e19,moe_coarse_1e19,1e19,full,12,33,sequence,2,32,221,7700,506,0.738
moe_coarse_1e19,moe_coarse_1e19,1e19,full,12,34,sequence,2,32,221,7700,1226,0.8406
moe_coarse_1e19,moe_coarse_1e19,1e19,full,12,35,sequence,2,32,221,7700,526,0.8936
moe_coarse_1e19,moe_coarse_1e19,1e19,full,12,36,sequence,2,32,221,7700,621,0.9154
moe_coarse_1e19,moe_coarse_1e19,1e19,full,12,37,sequence,2,32,221,7700,626,0.8272
moe_coarse_1e19,moe_coarse_1e19,1e19,full,12,38,sequence,2,32,221,7700,900,0.9369
moe_coarse_1e19,moe_coarse_1e19,1e19,full,12,39,sequence,2,32,221,7700,717,0.8428
moe_coarse_1e19,moe_coarse_1e19,1e19,full,12,40,sequence,2,32,221,7700,638,0.856
moe_coarse_1e19,moe_coarse_1e19,1e19,full,12,41,sequence,2,32,221,7700,978,0.8877
moe_coarse_1e19,moe_coarse_1e19,1e19,full,12,42,sequence,2,32,221,7700,1231,0.8567
moe_coarse_1e19,moe_coarse_1e19,1e19,full,12,43,sequence,2,32,221,7700,321,0.8592
moe_coarse_1e19,moe_coarse_1e19,1e19,full,12,44,sequence,2,32,221,7700,644,0.9276
moe_coarse_1e19,moe_coarse_1e19,1e19,full,12,45,sequence,2,32,221,7700,322,0.9856
moe_coarse_1e19,moe_coarse_1e19,1e19,full,12,46,sequence,2,32,221,7700,792,0.8513
moe_coarse_1e19,moe_coarse_1e19,1e19,full,12,47,sequence,2,32,221,7700,1007,0.8525
moe_coarse_1e19,moe_coarse_1e19,1e19,full,12,48,sequence,2,32,221,7700,887,0.9084
moe_coarse_1e19,moe_coarse_1e19,1e19,full,12,49,sequence,2,32,221,7700,323,0.9267
moe_coarse_1e19,moe_coarse_1e19,1e19,full,12,50,sequence,2,32,221,7700,456,0.7233
moe_coarse_1e19,moe_coarse_1e19,1e19,full,12,51,sequence,2,32,221,7700,887,0.8331
moe_coarse_1e19,moe_coarse_1e19,1e19,full,12,52,sequence,2,32,221,7700,736,0.7835
moe_coarse_1e19,moe_coarse_1e19,1e19,full,12,53,sequence,2,32,221,7700,658,0.8607
moe_coarse_1e19,moe_coarse_1e19,1e19,full,12,54,sequence,2,32,221,7700,555,0.8997
moe_coarse_1e19,moe_coarse_1e19,1e19,full,12,55,sequence,2,32,221,7700,611,0.8976
moe_coarse_1e19,moe_coarse_1e19,1e19,full,12,56,sequence,2,32,221,7700,658,0.8688
moe_coarse_1e19,moe_coarse_1e19,1e19,full,12,57,sequence,2,32,221,7700,399,0.8271
moe_coarse_1e19,moe_coarse_1e19,1e19,full,12,58,sequence,2,32,221,7700,392,0.8918
moe_coarse_1e19,moe_coarse_1e19,1e19,full,12,59,sequence,2,32,221,7700,353,0.9795
moe_coarse_1e19,moe_coarse_1e19,1e19,full,12,60,sequence,2,32,221,7700,611,0.8687
moe_coarse_1e19,moe_coarse_1e19,1e19,full,12,61,sequence,2,32,221,7700,393,0.865
moe_coarse_1e19,moe_coarse_1e19,1e19,full,12,62,sequence,2,32,221,7700,777,0.772
moe_coarse_1e19,moe_coarse_1e19,1e19,full,12,63,sequence,2,32,221,7700,952,0.8367
moe_coarse_1e19,moe_coarse_1e19,1e19,full,12,0,sequence,3,238,1429,6983,818,0.9547
moe_coarse_1e19,moe_coarse_1e19,1e19,full,12,1,sequence,3,238,1429,6983,396,0.8728
moe_coarse_1e19,moe_coarse_1e19,1e19,full,12,2,sequence,3,238,1429,6983,647,0.9077
moe_coarse_1e19,moe_coarse_1e19,1e19,full,12,3,sequence,3,238,1429,6983,1313,0.9108
moe_coarse_1e19,moe_coarse_1e19,1e19,full,12,4,sequence,3,238,1429,6983,1291,0.9467
moe_coarse_1e19,moe_coarse_1e19,1e19,full,12,5,sequence,3,238,1429,6983,271,0.8976
moe_coarse_1e19,moe_coarse_1e19,1e19,full,12,6,sequence,3,238,1429,6983,641,0.8308
moe_coarse_1e19,moe_coarse_1e19,1e19,full,12,7,sequence,3,238,1429,6983,189,0.9023
moe_coarse_1e19,moe_coarse_1e19,1e19,full,12,8,sequence,3,238,1429,6983,679,0.9168
moe_coarse_1e19,moe_coarse_1e19,1e19,full,12,9,sequence,3,238,1429,6983,342,0.9797
moe_coarse_1e19,moe_coarse_1e19,1e19,full,12,10,sequence,3,238,1429,6983,516,0.8767
moe_coarse_1e19,moe_coarse_1e19,1e19,full,12,11,sequence,3,238,1429,6983,293,0.7268
moe_coarse_1e19,moe_coarse_1e19,1e19,full,12,12,sequence,3,238,1429,6983,1344,0.9288
moe_coarse_1e19,moe_coarse_1e19,1e19,full,12,13,sequence,3,238,1429,6983,197,0.8616
moe_coarse_1e19,moe_coarse_1e19,1e19,full,12,14,sequence,3,238,1429,6983,1424,0.9304
moe_coarse_1e19,moe_coarse_1e19,1e19,full,12,15,sequence,3,238,1429,6983,508,0.8611
moe_coarse_1e19,moe_coarse_1e19,1e19,full,12,16,sequence,3,238,1429,6983,753,0.7589
moe_coarse_1e19,moe_coarse_1e19,1e19,full,12,17,sequence,3,238,1429,6983,94,0.7302
moe_coarse_1e19,moe_coarse_1e19,1e19,full,12,18,sequence,3,238,1429,6983,284,0.9367
moe_coarse_1e19,moe_coarse_1e19,1e19,full,12,19,sequence,3,238,1429,6983,367,0.8823
moe_coarse_1e19,moe_coarse_1e19,1e19,full,12,20,sequence,3,238,1429,6983,544,0.94
moe_coarse_1e19,moe_coarse_1e19,1e19,full,12,21,sequence,3,238,1429,6983,387,0.9217
moe_coarse_1e19,moe_coarse_1e19,1e19,full,12,22,sequence,3,238,1429,6983,649,0.9405
moe_coarse_1e19,moe_coarse_1e19,1e19,full,12,23,sequence,3,238,1429,6983,1468,0.9378
moe_coarse_1e19,moe_coarse_1e19,1e19,full,12,24,sequence,3,238,1429,6983,746,0.8094
moe_coarse_1e19,moe_coarse_1e19,1e19,full,12,25,sequence,3,238,1429,6983,24,0.9535
moe_coarse_1e19,moe_coarse_1e19,1e19,full,12,26,sequence,3,238,1429,6983,558,0.8752
moe_coarse_1e19,moe_coarse_1e19,1e19,full,12,27,sequence,3,238,1429,6983,1495,0.9534
moe_coarse_1e19,moe_coarse_1e19,1e19,full,12,28,sequence,3,238,1429,6983,49,0.8759
moe_coarse_1e19,moe_coarse_1e19,1e19,full,12,29,sequence,3,238,1429,6983,1248,0.9555
moe_coarse_1e19,moe_coarse_1e19,1e19,full,12,30,sequence,3,238,1429,6983,823,0.9024
moe_coarse_1e19,moe_coarse_1e19,1e19,full,12,31,sequence,3,238,1429,6983,48,0.7849
moe_coarse_1e19,moe_coarse_1e19,1e19,full,12,32,sequence,3,238,1429,6983,738,0.9652
moe_coarse_1e19,moe_coarse_1e19,1e19,full,12,33,sequence,3,238,1429,6983,651,0.7778
moe_coarse_1e19,moe_coarse_1e19,1e19,full,12,34,sequence,3,238,1429,6983,1428,0.9257
moe_coarse_1e19,moe_coarse_1e19,1e19,full,12,35,sequence,3,238,1429,6983,523,0.9574
moe_coarse_1e19,moe_coarse_1e19,1e19,full,12,36,sequence,3,238,1429,6983,801,0.9285
moe_coarse_1e19,moe_coarse_1e19,1e19,full,12,37,sequence,3,238,1429,6983,725,0.8328
moe_coarse_1e19,moe_coarse_1e19,1e19,full,12,38,sequence,3,238,1429,6983,536,0.9322
moe_coarse_1e19,moe_coarse_1e19,1e19,full,12,39,sequence,3,238,1429,6983,1088,0.9215
moe_coarse_1e19,moe_coarse_1e19,1e19,full,12,40,sequence,3,238,1429,6983,306,0.9203
moe_coarse_1e19,moe_coarse_1e19,1e19,full,12,41,sequence,3,238,1429,6983,441,0.9285
moe_coarse_1e19,moe_coarse_1e19,1e19,full,12,42,sequence,3,238,1429,6983,1032,0.8745
moe_coarse_1e19,moe_coarse_1e19,1e19,full,12,43,sequence,3,238,1429,6983,819,0.8996
moe_coarse_1e19,moe_coarse_1e19,1e19,full,12,44,sequence,3,238,1429,6983,1418,0.9817
moe_coarse_1e19,moe_coarse_1e19,1e19,full,12,45,sequence,3,238,1429,6983,438,0.9717
moe_coarse_1e19,moe_coarse_1e19,1e19,full,12,46,sequence,3,238,1429,6983,1139,0.9466
moe_coarse_1e19,moe_coarse_1e19,1e19,full,12,47,sequence,3,238,1429,6983,301,0.8768
moe_coarse_1e19,moe_coarse_1e19,1e19,full,12,48,sequence,3,238,1429,6983,466,0.8688
moe_coarse_1e19,moe_coarse_1e19,1e19,full,12,49,sequence,3,238,1429,6983,609,0.9488
moe_coarse_1e19,moe_coarse_1e19,1e19,full,12,50,sequence,3,238,1429,6983,399,0.8631
moe_coarse_1e19,moe_coarse_1e19,1e19,full,12,51,sequence,3,238,1429,6983,1454,0.9202
moe_coarse_1e19,moe_coarse_1e19,1e19,full,12,52,sequence,3,238,1429,6983,772,0.8963
moe_coarse_1e19,moe_coarse_1e19,1e19,full,12,53,sequence,3,238,1429,6983,148,0.8982
moe_coarse_1e19,moe_coarse_1e19,1e19,full,12,54,sequence,3,238,1429,6983,73,0.9211
moe_coarse_1e19,moe_coarse_1e19,1e19,full,12,55,sequence,3,238,1429,6983,161,0.9215
moe_coarse_1e19,moe_coarse_1e19,1e19,full,12,56,sequence,3,238,1429,6983,799,0.8759
moe_coarse_1e19,moe_coarse_1e19,1e19,full,12,57,sequence,3,238,1429,6983,608,0.886
moe_coarse_1e19,moe_coarse_1e19,1e19,full,12,58,sequence,3,238,1429,6983,462,0.9451
moe_coarse_1e19,moe_coarse_1e19,1e19,full,12,59,sequence,3,238,1429,6983,572,0.9726
moe_coarse_1e19,moe_coarse_1e19,1e19,full,12,60,sequence,3,238,1429,6983,473,0.8457
moe_coarse_1e19,moe_coarse_1e19,1e19,full,12,61,sequence,3,238,1429,6983,262,0.9539
moe_coarse_1e19,moe_coarse_1e19,1e19,full,12,62,sequence,3,238,1429,6983,484,0.6821
moe_coarse_1e19,moe_coarse_1e19,1e19,full,12,63,sequence,3,238,1429,6983,1366,0.8683
moe_coarse_1e19,moe_coarse_1e19,1e19,full,12,0,sequence,4,1982,4940,8353,175,0.6397
moe_coarse_1e19,moe_coarse_1e19,1e19,full,12,1,sequence,4,1982,4940,8353,301,0.7397
moe_coarse_1e19,moe_coarse_1e19,1e19,full,12,2,sequence,4,1982,4940,8353,205,0.617
moe_coarse_1e19,moe_coarse_1e19,1e19,full,12,3,sequence,4,1982,4940,8353,521,0.809
moe_coarse_1e19,moe_coarse_1e19,1e19,full,12,4,sequence,4,1982,4940,8353,1066,0.8832
moe_coarse_1e19,moe_coarse_1e19,1e19,full,12,5,sequence,4,1982,4940,8353,573,0.877
moe_coarse_1e19,moe_coarse_1e19,1e19,full,12,6,sequence,4,1982,4940,8353,1291,0.7969
moe_coarse_1e19,moe_coarse_1e19,1e19,full,12,7,sequence,4,1982,4940,8353,118,0.8158
moe_coarse_1e19,moe_coarse_1e19,1e19,full,12,8,sequence,4,1982,4940,8353,944,0.8908
moe_coarse_1e19,moe_coarse_1e19,1e19,full,12,9,sequence,4,1982,4940,8353,3088,0.9647
moe_coarse_1e19,moe_coarse_1e19,1e19,full,12,10,sequence,4,1982,4940,8353,85,0.8372
moe_coarse_1e19,moe_coarse_1e19,1e19,full,12,11,sequence,4,1982,4940,8353,403,0.7612
moe_coarse_1e19,moe_coarse_1e19,1e19,full,12,12,sequence,4,1982,4940,8353,1178,0.7887
moe_coarse_1e19,moe_coarse_1e19,1e19,full,12,13,sequence,4,1982,4940,8353,137,0.8696
moe_coarse_1e19,moe_coarse_1e19,1e19,full,12,14,sequence,4,1982,4940,8353,882,0.8312
moe_coarse_1e19,moe_coarse_1e19,1e19,full,12,15,sequence,4,1982,4940,8353,40,0.7483
moe_coarse_1e19,moe_coarse_1e19,1e19,full,12,16,sequence,4,1982,4940,8353,1109,0.6294
moe_coarse_1e19,moe_coarse_1e19,1e19,full,12,17,sequence,4,1982,4940,8353,45,0.5221
moe_coarse_1e19,moe_coarse_1e19,1e19,full,12,18,sequence,4,1982,4940,8353,90,0.7571
moe_coarse_1e19,moe_coarse_1e19,1e19,full,12,19,sequence,4,1982,4940,8353,105,0.6904
moe_coarse_1e19,moe_coarse_1e19,1e19,full,12,20,sequence,4,1982,4940,8353,2497,0.8913
moe_coarse_1e19,moe_coarse_1e19,1e19,full,12,21,sequence,4,1982,4940,8353,305,0.7844
moe_coarse_1e19,moe_coarse_1e19,1e19,full,12,22,sequence,4,1982,4940,8353,1188,0.9459
moe_coarse_1e19,moe_coarse_1e19,1e19,full,12,23,sequence,4,1982,4940,8353,480,0.8463
moe_coarse_1e19,moe_coarse_1e19,1e19,full,12,24,sequence,4,1982,4940,8353,328,0.8817
moe_coarse_1e19,moe_coarse_1e19,1e19,full,12,25,sequence,4,1982,4940,8353,0,
moe_coarse_1e19,moe_coarse_1e19,1e19,full,12,26,sequence,4,1982,4940,8353,1312,0.884
moe_coarse_1e19,moe_coarse_1e19,1e19,full,12,27,sequence,4,1982,4940,8353,605,0.9499
moe_coarse_1e19,moe_coarse_1e19,1e19,full,12,28,sequence,4,1982,4940,8353,7,0.341
moe_coarse_1e19,moe_coarse_1e19,1e19,full,12,29,sequence,4,1982,4940,8353,586,0.9391
moe_coarse_1e19,moe_coarse_1e19,1e19,full,12,30,sequence,4,1982,4940,8353,331,0.7963
moe_coarse_1e19,moe_coarse_1e19,1e19,full,12,31,sequence,4,1982,4940,8353,101,0.9187
moe_coarse_1e19,moe_coarse_1e19,1e19,full,12,32,sequence,4,1982,4940,8353,1370,0.9298
moe_coarse_1e19,moe_coarse_1e19,1e19,full,12,33,sequence,4,1982,4940,8353,765,0.7566
moe_coarse_1e19,moe_coarse_1e19,1e19,full,12,34,sequence,4,1982,4940,8353,193,0.8283
moe_coarse_1e19,moe_coarse_1e19,1e19,full,12,35,sequence,4,1982,4940,8353,688,0.8345
moe_coarse_1e19,moe_coarse_1e19,1e19,full,12,36,sequence,4,1982,4940,8353,399,0.9202
moe_coarse_1e19,moe_coarse_1e19,1e19,full,12,37,sequence,4,1982,4940,8353,862,0.7404
moe_coarse_1e19,moe_coarse_1e19,1e19,full,12,38,sequence,4,1982,4940,8353,292,0.9359
moe_coarse_1e19,moe_coarse_1e19,1e19,full,12,39,sequence,4,1982,4940,8353,1243,0.8725
moe_coarse_1e19,moe_coarse_1e19,1e19,full,12,40,sequence,4,1982,4940,8353,127,0.7303
moe_coarse_1e19,moe_coarse_1e19,1e19,full,12,41,sequence,4,1982,4940,8353,55,0.9
moe_coarse_1e19,moe_coarse_1e19,1e19,full,12,42,sequence,4,1982,4940,8353,1104,0.9286
moe_coarse_1e19,moe_coarse_1e19,1e19,full,12,43,sequence,4,1982,4940,8353,1909,0.9143
moe_coarse_1e19,moe_coarse_1e19,1e19,full,12,44,sequence,4,1982,4940,8353,1080,0.9709
moe_coarse_1e19,moe_coarse_1e19,1e19,full,12,45,sequence,4,1982,4940,8353,2572,0.9755
moe_coarse_1e19,moe_coarse_1e19,1e19,full,12,46,sequence,4,1982,4940,8353,229,0.7526
moe_coarse_1e19,moe_coarse_1e19,1e19,full,12,47,sequence,4,1982,4940,8353,45,0.7971
moe_coarse_1e19,moe_coarse_1e19,1e19,full,12,48,sequence,4,1982,4940,8353,1069,0.7156
moe_coarse_1e19,moe_coarse_1e19,1e19,full,12,49,sequence,4,1982,4940,8353,2766,0.9466
moe_coarse_1e19,moe_coarse_1e19,1e19,full,12,50,sequence,4,1982,4940,8353,581,0.7294
moe_coarse_1e19,moe_coarse_1e19,1e19,full,12,51,sequence,4,1982,4940,8353,445,0.8013
moe_coarse_1e19,moe_coarse_1e19,1e19,full,12,52,sequence,4,1982,4940,8353,274,0.8299
moe_coarse_1e19,moe_coarse_1e19,1e19,full,12,53,sequence,4,1982,4940,8353,144,0.8968
moe_coarse_1e19,moe_coarse_1e19,1e19,full,12,54,sequence,4,1982,4940,8353,10,0.6254
moe_coarse_1e19,moe_coarse_1e19,1e19,full,12,55,sequence,4,1982,4940,8353,331,0.8936
moe_coarse_1e19,moe_coarse_1e19,1e19,full,12,56,sequence,4,1982,4940,8353,1925,0.892
moe_coarse_1e19,moe_coarse_1e19,1e19,full,12,57,sequence,4,1982,4940,8353,1990,0.926
moe_coarse_1e19,moe_coarse_1e19,1e19,full,12,58,sequence,4,1982,4940,8353,2317,0.9558
moe_coarse_1e19,moe_coarse_1e19,1e19,full,12,59,sequence,4,1982,4940,8353,2337,0.9261
moe_coarse_1e19,moe_coarse_1e19,1e19,full,12,60,sequence,4,1982,4940,8353,1667,0.8464
moe_coarse_1e19,moe_coarse_1e19,1e19,full,12,61,sequence,4,1982,4940,8353,2,0.3624
moe_coarse_1e19,moe_coarse_1e19,1e19,full,12,62,sequence,4,1982,4940,8353,636,0.589
moe_coarse_1e19,moe_coarse_1e19,1e19,full,12,63,sequence,4,1982,4940,8353,595,0.7931
moe_coarse_1e19,moe_coarse_1e19,1e19,full,13,0,sequence,0,1,6,8010,947,0.7839
moe_coarse_1e19,moe_coarse_1e19,1e19,full,13,1,sequence,0,1,6,8010,479,0.6306
moe_coarse_1e19,moe_coarse_1e19,1e19,full,13,2,sequence,0,1,6,8010,1714,0.7924
moe_coarse_1e19,moe_coarse_1e19,1e19,full,13,3,sequence,0,1,6,8010,756,0.6797
moe_coarse_1e19,moe_coarse_1e19,1e19,full,13,4,sequence,0,1,6,8010,597,0.661
moe_coarse_1e19,moe_coarse_1e19,1e19,full,13,5,sequence,0,1,6,8010,1558,0.6377
moe_coarse_1e19,moe_coarse_1e19,1e19,full,13,6,sequence,0,1,6,8010,74,0.6964
moe_coarse_1e19,moe_coarse_1e19,1e19,full,13,7,sequence,0,1,6,8010,1322,0.8216
moe_coarse_1e19,moe_coarse_1e19,1e19,full,13,8,sequence,0,1,6,8010,522,0.7057
moe_coarse_1e19,moe_coarse_1e19,1e19,full,13,9,sequence,0,1,6,8010,293,0.6891
moe_coarse_1e19,moe_coarse_1e19,1e19,full,13,10,sequence,0,1,6,8010,1257,0.6719
moe_coarse_1e19,moe_coarse_1e19,1e19,full,13,11,sequence,0,1,6,8010,1562,0.7441
moe_coarse_1e19,moe_coarse_1e19,1e19,full,13,12,sequence,0,1,6,8010,440,0.6302
moe_coarse_1e19,moe_coarse_1e19,1e19,full,13,13,sequence,0,1,6,8010,331,0.7113
moe_coarse_1e19,moe_coarse_1e19,1e19,full,13,14,sequence,0,1,6,8010,1252,0.6417
moe_coarse_1e19,moe_coarse_1e19,1e19,full,13,15,sequence,0,1,6,8010,1711,0.7076
moe_coarse_1e19,moe_coarse_1e19,1e19,full,13,16,sequence,0,1,6,8010,1007,0.6638
moe_coarse_1e19,moe_coarse_1e19,1e19,full,13,17,sequence,0,1,6,8010,443,0.7614
moe_coarse_1e19,moe_coarse_1e19,1e19,full,13,18,sequence,0,1,6,8010,484,0.5719
moe_coarse_1e19,moe_coarse_1e19,1e19,full,13,19,sequence,0,1,6,8010,456,0.8027
moe_coarse_1e19,moe_coarse_1e19,1e19,full,13,20,sequence,0,1,6,8010,530,0.6203
moe_coarse_1e19,moe_coarse_1e19,1e19,full,13,21,sequence,0,1,6,8010,471,0.793
moe_coarse_1e19,moe_coarse_1e19,1e19,full,13,22,sequence,0,1,6,8010,527,0.7034
moe_coarse_1e19,moe_coarse_1e19,1e19,full,13,23,sequence,0,1,6,8010,139,0.7817
moe_coarse_1e19,moe_coarse_1e19,1e19,full,13,24,sequence,0,1,6,8010,1538,0.7459
moe_coarse_1e19,moe_coarse_1e19,1e19,full,13,25,sequence,0,1,6,8010,592,0.6669
moe_coarse_1e19,moe_coarse_1e19,1e19,full,13,26,sequence,0,1,6,8010,46,0.8732
moe_coarse_1e19,moe_coarse_1e19,1e19,full,13,27,sequence,0,1,6,8010,1427,0.7707
moe_coarse_1e19,moe_coarse_1e19,1e19,full,13,28,sequence,0,1,6,8010,614,0.6312
moe_coarse_1e19,moe_coarse_1e19,1e19,full,13,29,sequence,0,1,6,8010,443,0.788
moe_coarse_1e19,moe_coarse_1e19,1e19,full,13,30,sequence,0,1,6,8010,949,0.6991
moe_coarse_1e19,moe_coarse_1e19,1e19,full,13,31,sequence,0,1,6,8010,681,0.6776
moe_coarse_1e19,moe_coarse_1e19,1e19,full,13,32,sequence,0,1,6,8010,859,0.8637
moe_coarse_1e19,moe_coarse_1e19,1e19,full,13,33,sequence,0,1,6,8010,1518,0.6775
moe_coarse_1e19,moe_coarse_1e19,1e19,full,13,34,sequence,0,1,6,8010,489,0.7168
moe_coarse_1e19,moe_coarse_1e19,1e19,full,13,35,sequence,0,1,6,8010,1385,0.711
moe_coarse_1e19,moe_coarse_1e19,1e19,full,13,36,sequence,0,1,6,8010,47,0.6559
moe_coarse_1e19,moe_coarse_1e19,1e19,full,13,37,sequence,0,1,6,8010,721,0.6851
moe_coarse_1e19,moe_coarse_1e19,1e19,full,13,38,sequence,0,1,6,8010,710,0.6593
moe_coarse_1e19,moe_coarse_1e19,1e19,full,13,39,sequence,0,1,6,8010,898,0.6982
moe_coarse_1e19,moe_coarse_1e19,1e19,full,13,40,sequence,0,1,6,8010,109,0.7109
moe_coarse_1e19,moe_coarse_1e19,1e19,full,13,41,sequence,0,1,6,8010,196,0.616
moe_coarse_1e19,moe_coarse_1e19,1e19,full,13,42,sequence,0,1,6,8010,161,0.6965
moe_coarse_1e19,moe_coarse_1e19,1e19,full,13,43,sequence,0,1,6,8010,431,0.7796
moe_coarse_1e19,moe_coarse_1e19,1e19,full,13,44,sequence,0,1,6,8010,951,0.7117
moe_coarse_1e19,moe_coarse_1e19,1e19,full,13,45,sequence,0,1,6,8010,428,0.7051
moe_coarse_1e19,moe_coarse_1e19,1e19,full,13,46,sequence,0,1,6,8010,906,0.6907
moe_coarse_1e19,moe_coarse_1e19,1e19,full,13,47,sequence,0,1,6,8010,731,0.7027
moe_coarse_1e19,moe_coarse_1e19,1e19,full,13,48,sequence,0,1,6,8010,939,0.6191
moe_coarse_1e19,moe_coarse_1e19,1e19,full,13,49,sequence,0,1,6,8010,989,0.6728
moe_coarse_1e19,moe_coarse_1e19,1e19,full,13,50,sequence,0,1,6,8010,1150,0.8119
moe_coarse_1e19,moe_coarse_1e19,1e19,full,13,51,sequence,0,1,6,8010,863,0.663
moe_coarse_1e19,moe_coarse_1e19,1e19,full,13,52,sequence,0,1,6,8010,1706,0.7052
moe_coarse_1e19,moe_coarse_1e19,1e19,full,13,53,sequence,0,1,6,8010,498,0.7518
moe_coarse_1e19,moe_coarse_1e19,1e19,full,13,54,sequence,0,1,6,8010,283,0.7089
moe_coarse_1e19,moe_coarse_1e19,1e19,full,13,55,sequence,0,1,6,8010,1192,0.726
moe_coarse_1e19,moe_coarse_1e19,1e19,full,13,56,sequence,0,1,6,8010,1301,0.7102
moe_coarse_1e19,moe_coarse_1e19,1e19,full,13,57,sequence,0,1,6,8010,364,0.6352
moe_coarse_1e19,moe_coarse_1e19,1e19,full,13,58,sequence,0,1,6,8010,1486,0.7909
moe_coarse_1e19,moe_coarse_1e19,1e19,full,13,59,sequence,0,1,6,8010,189,0.723
moe_coarse_1e19,moe_coarse_1e19,1e19,full,13,60,sequence,0,1,6,8010,462,0.6592
moe_coarse_1e19,moe_coarse_1e19,1e19,full,13,61,sequence,0,1,6,8010,258,0.7021
moe_coarse_1e19,moe_coarse_1e19,1e19,full,13,62,sequence,0,1,6,8010,121,0.7308
moe_coarse_1e19,moe_coarse_1e19,1e19,full,13,63,sequence,0,1,6,8010,557,0.7198
moe_coarse_1e19,moe_coarse_1e19,1e19,full,13,0,sequence,1,6,32,7866,961,0.843
moe_coarse_1e19,moe_coarse_1e19,1e19,full,13,1,sequence,1,6,32,7866,537,0.7069
moe_coarse_1e19,moe_coarse_1e19,1e19,full,13,2,sequence,1,6,32,7866,1572,0.8168
moe_coarse_1e19,moe_coarse_1e19,1e19,full,13,3,sequence,1,6,32,7866,656,0.7384
moe_coarse_1e19,moe_coarse_1e19,1e19,full,13,4,sequence,1,6,32,7866,638,0.7358
moe_coarse_1e19,moe_coarse_1e19,1e19,full,13,5,sequence,1,6,32,7866,1267,0.6677
moe_coarse_1e19,moe_coarse_1e19,1e19,full,13,6,sequence,1,6,32,7866,105,0.8627
moe_coarse_1e19,moe_coarse_1e19,1e19,full,13,7,sequence,1,6,32,7866,918,0.8639
moe_coarse_1e19,moe_coarse_1e19,1e19,full,13,8,sequence,1,6,32,7866,480,0.8209
moe_coarse_1e19,moe_coarse_1e19,1e19,full,13,9,sequence,1,6,32,7866,385,0.703
moe_coarse_1e19,moe_coarse_1e19,1e19,full,13,10,sequence,1,6,32,7866,1097,0.7141
moe_coarse_1e19,moe_coarse_1e19,1e19,full,13,11,sequence,1,6,32,7866,1406,0.7951
moe_coarse_1e19,moe_coarse_1e19,1e19,full,13,12,sequence,1,6,32,7866,424,0.7294
moe_coarse_1e19,moe_coarse_1e19,1e19,full,13,13,sequence,1,6,32,7866,564,0.7756
moe_coarse_1e19,moe_coarse_1e19,1e19,full,13,14,sequence,1,6,32,7866,1203,0.7213
moe_coarse_1e19,moe_coarse_1e19,1e19,full,13,15,sequence,1,6,32,7866,1307,0.781
moe_coarse_1e19,moe_coarse_1e19,1e19,full,13,16,sequence,1,6,32,7866,790,0.6769
moe_coarse_1e19,moe_coarse_1e19,1e19,full,13,17,sequence,1,6,32,7866,735,0.8409
moe_coarse_1e19,moe_coarse_1e19,1e19,full,13,18,sequence,1,6,32,7866,601,0.6364
moe_coarse_1e19,moe_coarse_1e19,1e19,full,13,19,sequence,1,6,32,7866,653,0.8073
moe_coarse_1e19,moe_coarse_1e19,1e19,full,13,20,sequence,1,6,32,7866,529,0.685
moe_coarse_1e19,moe_coarse_1e19,1e19,full,13,21,sequence,1,6,32,7866,585,0.835
moe_coarse_1e19,moe_coarse_1e19,1e19,full,13,22,sequence,1,6,32,7866,564,0.7189
moe_coarse_1e19,moe_coarse_1e19,1e19,full,13,23,sequence,1,6,32,7866,196,0.8865
moe_coarse_1e19,moe_coarse_1e19,1e19,full,13,24,sequence,1,6,32,7866,954,0.7532
moe_coarse_1e19,moe_coarse_1e19,1e19,full,13,25,sequence,1,6,32,7866,714,0.7265
moe_coarse_1e19,moe_coarse_1e19,1e19,full,13,26,sequence,1,6,32,7866,111,0.9389
moe_coarse_1e19,moe_coarse_1e19,1e19,full,13,27,sequence,1,6,32,7866,837,0.7931
moe_coarse_1e19,moe_coarse_1e19,1e19,full,13,28,sequence,1,6,32,7866,712,0.6824
moe_coarse_1e19,moe_coarse_1e19,1e19,full,13,29,sequence,1,6,32,7866,575,0.8299
moe_coarse_1e19,moe_coarse_1e19,1e19,full,13,30,sequence,1,6,32,7866,901,0.7264
moe_coarse_1e19,moe_coarse_1e19,1e19,full,13,31,sequence,1,6,32,7866,599,0.7383
moe_coarse_1e19,moe_coarse_1e19,1e19,full,13,32,sequence,1,6,32,7866,682,0.8851
moe_coarse_1e19,moe_coarse_1e19,1e19,full,13,33,sequence,1,6,32,7866,1522,0.7217
moe_coarse_1e19,moe_coarse_1e19,1e19,full,13,34,sequence,1,6,32,7866,559,0.8316
moe_coarse_1e19,moe_coarse_1e19,1e19,full,13,35,sequence,1,6,32,7866,1081,0.7468
moe_coarse_1e19,moe_coarse_1e19,1e19,full,13,36,sequence,1,6,32,7866,135,0.7949
moe_coarse_1e19,moe_coarse_1e19,1e19,full,13,37,sequence,1,6,32,7866,831,0.7039
moe_coarse_1e19,moe_coarse_1e19,1e19,full,13,38,sequence,1,6,32,7866,860,0.6512
moe_coarse_1e19,moe_coarse_1e19,1e19,full,13,39,sequence,1,6,32,7866,816,0.7651
moe_coarse_1e19,moe_coarse_1e19,1e19,full,13,40,sequence,1,6,32,7866,160,0.7947
moe_coarse_1e19,moe_coarse_1e19,1e19,full,13,41,sequence,1,6,32,7866,269,0.6641
moe_coarse_1e19,moe_coarse_1e19,1e19,full,13,42,sequence,1,6,32,7866,278,0.8022
moe_coarse_1e19,moe_coarse_1e19,1e19,full,13,43,sequence,1,6,32,7866,507,0.8261
moe_coarse_1e19,moe_coarse_1e19,1e19,full,13,44,sequence,1,6,32,7866,875,0.7484
moe_coarse_1e19,moe_coarse_1e19,1e19,full,13,45,sequence,1,6,32,7866,546,0.7537
moe_coarse_1e19,moe_coarse_1e19,1e19,full,13,46,sequence,1,6,32,7866,1043,0.7268
moe_coarse_1e19,moe_coarse_1e19,1e19,full,13,47,sequence,1,6,32,7866,750,0.7678
moe_coarse_1e19,moe_coarse_1e19,1e19,full,13,48,sequence,1,6,32,7866,1076,0.6691
moe_coarse_1e19,moe_coarse_1e19,1e19,full,13,49,sequence,1,6,32,7866,904,0.7535
moe_coarse_1e19,moe_coarse_1e19,1e19,full,13,50,sequence,1,6,32,7866,1048,0.8817
moe_coarse_1e19,moe_coarse_1e19,1e19,full,13,51,sequence,1,6,32,7866,981,0.7598
moe_coarse_1e19,moe_coarse_1e19,1e19,full,13,52,sequence,1,6,32,7866,1136,0.7425
moe_coarse_1e19,moe_coarse_1e19,1e19,full,13,53,sequence,1,6,32,7866,775,0.7485
moe_coarse_1e19,moe_coarse_1e19,1e19,full,13,54,sequence,1,6,32,7866,384,0.7254
moe_coarse_1e19,moe_coarse_1e19,1e19,full,13,55,sequence,1,6,32,7866,1007,0.79
moe_coarse_1e19,moe_coarse_1e19,1e19,full,13,56,sequence,1,6,32,7866,1004,0.7448
moe_coarse_1e19,moe_coarse_1e19,1e19,full,13,57,sequence,1,6,32,7866,644,0.7059
moe_coarse_1e19,moe_coarse_1e19,1e19,full,13,58,sequence,1,6,32,7866,1496,0.8209
moe_coarse_1e19,moe_coarse_1e19,1e19,full,13,59,sequence,1,6,32,7866,374,0.7099
moe_coarse_1e19,moe_coarse_1e19,1e19,full,13,60,sequence,1,6,32,7866,660,0.7189
moe_coarse_1e19,moe_coarse_1e19,1e19,full,13,61,sequence,1,6,32,7866,370,0.8263
moe_coarse_1e19,moe_coarse_1e19,1e19,full,13,62,sequence,1,6,32,7866,223,0.7688
moe_coarse_1e19,moe_coarse_1e19,1e19,full,13,63,sequence,1,6,32,7866,624,0.7979
moe_coarse_1e19,moe_coarse_1e19,1e19,full,13,0,sequence,2,32,221,7700,946,0.8954
moe_coarse_1e19,moe_coarse_1e19,1e19,full,13,1,sequence,2,32,221,7700,473,0.809
moe_coarse_1e19,moe_coarse_1e19,1e19,full,13,2,sequence,2,32,221,7700,409,0.8603
moe_coarse_1e19,moe_coarse_1e19,1e19,full,13,3,sequence,2,32,221,7700,635,0.8604
moe_coarse_1e19,moe_coarse_1e19,1e19,full,13,4,sequence,2,32,221,7700,569,0.8475
moe_coarse_1e19,moe_coarse_1e19,1e19,full,13,5,sequence,2,32,221,7700,640,0.7684
moe_coarse_1e19,moe_coarse_1e19,1e19,full,13,6,sequence,2,32,221,7700,458,0.9666
moe_coarse_1e19,moe_coarse_1e19,1e19,full,13,7,sequence,2,32,221,7700,630,0.8782
moe_coarse_1e19,moe_coarse_1e19,1e19,full,13,8,sequence,2,32,221,7700,733,0.9474
moe_coarse_1e19,moe_coarse_1e19,1e19,full,13,9,sequence,2,32,221,7700,1134,0.8746
moe_coarse_1e19,moe_coarse_1e19,1e19,full,13,10,sequence,2,32,221,7700,663,0.8259
moe_coarse_1e19,moe_coarse_1e19,1e19,full,13,11,sequence,2,32,221,7700,770,0.8793
moe_coarse_1e19,moe_coarse_1e19,1e19,full,13,12,sequence,2,32,221,7700,668,0.8715
moe_coarse_1e19,moe_coarse_1e19,1e19,full,13,13,sequence,2,32,221,7700,1455,0.8639
moe_coarse_1e19,moe_coarse_1e19,1e19,full,13,14,sequence,2,32,221,7700,530,0.8454
moe_coarse_1e19,moe_coarse_1e19,1e19,full,13,15,sequence,2,32,221,7700,486,0.8967
moe_coarse_1e19,moe_coarse_1e19,1e19,full,13,16,sequence,2,32,221,7700,694,0.7811
moe_coarse_1e19,moe_coarse_1e19,1e19,full,13,17,sequence,2,32,221,7700,632,0.9005
moe_coarse_1e19,moe_coarse_1e19,1e19,full,13,18,sequence,2,32,221,7700,874,0.8049
moe_coarse_1e19,moe_coarse_1e19,1e19,full,13,19,sequence,2,32,221,7700,1160,0.9234
moe_coarse_1e19,moe_coarse_1e19,1e19,full,13,20,sequence,2,32,221,7700,809,0.8342
moe_coarse_1e19,moe_coarse_1e19,1e19,full,13,21,sequence,2,32,221,7700,629,0.8403
moe_coarse_1e19,moe_coarse_1e19,1e19,full,13,22,sequence,2,32,221,7700,447,0.7165
moe_coarse_1e19,moe_coarse_1e19,1e19,full,13,23,sequence,2,32,221,7700,378,0.9345
moe_coarse_1e19,moe_coarse_1e19,1e19,full,13,24,sequence,2,32,221,7700,520,0.83
moe_coarse_1e19,moe_coarse_1e19,1e19,full,13,25,sequence,2,32,221,7700,547,0.8769
moe_coarse_1e19,moe_coarse_1e19,1e19,full,13,26,sequence,2,32,221,7700,371,0.9769
moe_coarse_1e19,moe_coarse_1e19,1e19,full,13,27,sequence,2,32,221,7700,426,0.8024
moe_coarse_1e19,moe_coarse_1e19,1e19,full,13,28,sequence,2,32,221,7700,1019,0.8542
moe_coarse_1e19,moe_coarse_1e19,1e19,full,13,29,sequence,2,32,221,7700,914,0.9202
moe_coarse_1e19,moe_coarse_1e19,1e19,full,13,30,sequence,2,32,221,7700,1028,0.8007
moe_coarse_1e19,moe_coarse_1e19,1e19,full,13,31,sequence,2,32,221,7700,545,0.8466
moe_coarse_1e19,moe_coarse_1e19,1e19,full,13,32,sequence,2,32,221,7700,526,0.8882
moe_coarse_1e19,moe_coarse_1e19,1e19,full,13,33,sequence,2,32,221,7700,969,0.8408
moe_coarse_1e19,moe_coarse_1e19,1e19,full,13,34,sequence,2,32,221,7700,768,0.8796
moe_coarse_1e19,moe_coarse_1e19,1e19,full,13,35,sequence,2,32,221,7700,338,0.8033
moe_coarse_1e19,moe_coarse_1e19,1e19,full,13,36,sequence,2,32,221,7700,870,0.9284
moe_coarse_1e19,moe_coarse_1e19,1e19,full,13,37,sequence,2,32,221,7700,829,0.8189
moe_coarse_1e19,moe_coarse_1e19,1e19,full,13,38,sequence,2,32,221,7700,1086,0.8202
moe_coarse_1e19,moe_coarse_1e19,1e19,full,13,39,sequence,2,32,221,7700,728,0.8293
moe_coarse_1e19,moe_coarse_1e19,1e19,full,13,40,sequence,2,32,221,7700,411,0.8477
moe_coarse_1e19,moe_coarse_1e19,1e19,full,13,41,sequence,2,32,221,7700,752,0.8673
moe_coarse_1e19,moe_coarse_1e19,1e19,full,13,42,sequence,2,32,221,7700,634,0.9378
moe_coarse_1e19,moe_coarse_1e19,1e19,full,13,43,sequence,2,32,221,7700,762,0.8832
moe_coarse_1e19,moe_coarse_1e19,1e19,full,13,44,sequence,2,32,221,7700,525,0.7908
moe_coarse_1e19,moe_coarse_1e19,1e19,full,13,45,sequence,2,32,221,7700,533,0.8128
moe_coarse_1e19,moe_coarse_1e19,1e19,full,13,46,sequence,2,32,221,7700,928,0.7952
moe_coarse_1e19,moe_coarse_1e19,1e19,full,13,47,sequence,2,32,221,7700,1403,0.8629
moe_coarse_1e19,moe_coarse_1e19,1e19,full,13,48,sequence,2,32,221,7700,460,0.704
moe_coarse_1e19,moe_coarse_1e19,1e19,full,13,49,sequence,2,32,221,7700,726,0.894
moe_coarse_1e19,moe_coarse_1e19,1e19,full,13,50,sequence,2,32,221,7700,802,0.9416
moe_coarse_1e19,moe_coarse_1e19,1e19,full,13,51,sequence,2,32,221,7700,932,0.8874
moe_coarse_1e19,moe_coarse_1e19,1e19,full,13,52,sequence,2,32,221,7700,316,0.7683
moe_coarse_1e19,moe_coarse_1e19,1e19,full,13,53,sequence,2,32,221,7700,977,0.8115
moe_coarse_1e19,moe_coarse_1e19,1e19,full,13,54,sequence,2,32,221,7700,494,0.8499
moe_coarse_1e19,moe_coarse_1e19,1e19,full,13,55,sequence,2,32,221,7700,747,0.8471
moe_coarse_1e19,moe_coarse_1e19,1e19,full,13,56,sequence,2,32,221,7700,498,0.8603
moe_coarse_1e19,moe_coarse_1e19,1e19,full,13,57,sequence,2,32,221,7700,1260,0.8918
moe_coarse_1e19,moe_coarse_1e19,1e19,full,13,58,sequence,2,32,221,7700,556,0.8606
moe_coarse_1e19,moe_coarse_1e19,1e19,full,13,59,sequence,2,32,221,7700,1184,0.885
moe_coarse_1e19,moe_coarse_1e19,1e19,full,13,60,sequence,2,32,221,7700,1156,0.8729
moe_coarse_1e19,moe_coarse_1e19,1e19,full,13,61,sequence,2,32,221,7700,487,0.8822
moe_coarse_1e19,moe_coarse_1e19,1e19,full,13,62,sequence,2,32,221,7700,593,0.8085
moe_coarse_1e19,moe_coarse_1e19,1e19,full,13,63,sequence,2,32,221,7700,758,0.8139
moe_coarse_1e19,moe_coarse_1e19,1e19,full,13,0,sequence,3,238,1429,6983,769,0.8918
moe_coarse_1e19,moe_coarse_1e19,1e19,full,13,1,sequence,3,238,1429,6983,707,0.924
moe_coarse_1e19,moe_coarse_1e19,1e19,full,13,2,sequence,3,238,1429,6983,59,0.8786
moe_coarse_1e19,moe_coarse_1e19,1e19,full,13,3,sequence,3,238,1429,6983,687,0.9004
moe_coarse_1e19,moe_coarse_1e19,1e19,full,13,4,sequence,3,238,1429,6983,730,0.9503
moe_coarse_1e19,moe_coarse_1e19,1e19,full,13,5,sequence,3,238,1429,6983,214,0.7808
moe_coarse_1e19,moe_coarse_1e19,1e19,full,13,6,sequence,3,238,1429,6983,608,0.9776
moe_coarse_1e19,moe_coarse_1e19,1e19,full,13,7,sequence,3,238,1429,6983,151,0.9212
moe_coarse_1e19,moe_coarse_1e19,1e19,full,13,8,sequence,3,238,1429,6983,691,0.9715
moe_coarse_1e19,moe_coarse_1e19,1e19,full,13,9,sequence,3,238,1429,6983,1310,0.9285
moe_coarse_1e19,moe_coarse_1e19,1e19,full,13,10,sequence,3,238,1429,6983,261,0.8654
moe_coarse_1e19,moe_coarse_1e19,1e19,full,13,11,sequence,3,238,1429,6983,169,0.8804
moe_coarse_1e19,moe_coarse_1e19,1e19,full,13,12,sequence,3,238,1429,6983,488,0.8218
moe_coarse_1e19,moe_coarse_1e19,1e19,full,13,13,sequence,3,238,1429,6983,985,0.8517
moe_coarse_1e19,moe_coarse_1e19,1e19,full,13,14,sequence,3,238,1429,6983,187,0.8972
moe_coarse_1e19,moe_coarse_1e19,1e19,full,13,15,sequence,3,238,1429,6983,74,0.8513
moe_coarse_1e19,moe_coarse_1e19,1e19,full,13,16,sequence,3,238,1429,6983,345,0.7911
moe_coarse_1e19,moe_coarse_1e19,1e19,full,13,17,sequence,3,238,1429,6983,500,0.9294
moe_coarse_1e19,moe_coarse_1e19,1e19,full,13,18,sequence,3,238,1429,6983,1215,0.9212
moe_coarse_1e19,moe_coarse_1e19,1e19,full,13,19,sequence,3,238,1429,6983,1021,0.9127
moe_coarse_1e19,moe_coarse_1e19,1e19,full,13,20,sequence,3,238,1429,6983,968,0.893
moe_coarse_1e19,moe_coarse_1e19,1e19,full,13,21,sequence,3,238,1429,6983,762,0.8576
moe_coarse_1e19,moe_coarse_1e19,1e19,full,13,22,sequence,3,238,1429,6983,751,0.7954
moe_coarse_1e19,moe_coarse_1e19,1e19,full,13,23,sequence,3,238,1429,6983,549,0.9725
moe_coarse_1e19,moe_coarse_1e19,1e19,full,13,24,sequence,3,238,1429,6983,108,0.8819
moe_coarse_1e19,moe_coarse_1e19,1e19,full,13,25,sequence,3,238,1429,6983,573,0.9586
moe_coarse_1e19,moe_coarse_1e19,1e19,full,13,26,sequence,3,238,1429,6983,422,0.9749
moe_coarse_1e19,moe_coarse_1e19,1e19,full,13,27,sequence,3,238,1429,6983,391,0.9548
moe_coarse_1e19,moe_coarse_1e19,1e19,full,13,28,sequence,3,238,1429,6983,1204,0.8726
moe_coarse_1e19,moe_coarse_1e19,1e19,full,13,29,sequence,3,238,1429,6983,1388,0.9389
moe_coarse_1e19,moe_coarse_1e19,1e19,full,13,30,sequence,3,238,1429,6983,659,0.8263
moe_coarse_1e19,moe_coarse_1e19,1e19,full,13,31,sequence,3,238,1429,6983,447,0.8547
moe_coarse_1e19,moe_coarse_1e19,1e19,full,13,32,sequence,3,238,1429,6983,326,0.9523
moe_coarse_1e19,moe_coarse_1e19,1e19,full,13,33,sequence,3,238,1429,6983,433,0.8759
moe_coarse_1e19,moe_coarse_1e19,1e19,full,13,34,sequence,3,238,1429,6983,634,0.8725
moe_coarse_1e19,moe_coarse_1e19,1e19,full,13,35,sequence,3,238,1429,6983,96,0.8229
moe_coarse_1e19,moe_coarse_1e19,1e19,full,13,36,sequence,3,238,1429,6983,1471,0.9443
moe_coarse_1e19,moe_coarse_1e19,1e19,full,13,37,sequence,3,238,1429,6983,708,0.7989
moe_coarse_1e19,moe_coarse_1e19,1e19,full,13,38,sequence,3,238,1429,6983,749,0.9291
moe_coarse_1e19,moe_coarse_1e19,1e19,full,13,39,sequence,3,238,1429,6983,540,0.8561
moe_coarse_1e19,moe_coarse_1e19,1e19,full,13,40,sequence,3,238,1429,6983,734,0.8737
moe_coarse_1e19,moe_coarse_1e19,1e19,full,13,41,sequence,3,238,1429,6983,600,0.8758
moe_coarse_1e19,moe_coarse_1e19,1e19,full,13,42,sequence,3,238,1429,6983,446,0.8966
moe_coarse_1e19,moe_coarse_1e19,1e19,full,13,43,sequence,3,238,1429,6983,1669,0.8901
moe_coarse_1e19,moe_coarse_1e19,1e19,full,13,44,sequence,3,238,1429,6983,474,0.8295
moe_coarse_1e19,moe_coarse_1e19,1e19,full,13,45,sequence,3,238,1429,6983,542,0.8231
moe_coarse_1e19,moe_coarse_1e19,1e19,full,13,46,sequence,3,238,1429,6983,971,0.8984
moe_coarse_1e19,moe_coarse_1e19,1e19,full,13,47,sequence,3,238,1429,6983,1459,0.9008
moe_coarse_1e19,moe_coarse_1e19,1e19,full,13,48,sequence,3,238,1429,6983,211,0.6944
moe_coarse_1e19,moe_coarse_1e19,1e19,full,13,49,sequence,3,238,1429,6983,389,0.8957
moe_coarse_1e19,moe_coarse_1e19,1e19,full,13,50,sequence,3,238,1429,6983,711,0.9447
moe_coarse_1e19,moe_coarse_1e19,1e19,full,13,51,sequence,3,238,1429,6983,353,0.8709
moe_coarse_1e19,moe_coarse_1e19,1e19,full,13,52,sequence,3,238,1429,6983,154,0.7473
moe_coarse_1e19,moe_coarse_1e19,1e19,full,13,53,sequence,3,238,1429,6983,599,0.7876
moe_coarse_1e19,moe_coarse_1e19,1e19,full,13,54,sequence,3,238,1429,6983,942,0.8895
moe_coarse_1e19,moe_coarse_1e19,1e19,full,13,55,sequence,3,238,1429,6983,258,0.796
moe_coarse_1e19,moe_coarse_1e19,1e19,full,13,56,sequence,3,238,1429,6983,266,0.9136
moe_coarse_1e19,moe_coarse_1e19,1e19,full,13,57,sequence,3,238,1429,6983,1296,0.9552
moe_coarse_1e19,moe_coarse_1e19,1e19,full,13,58,sequence,3,238,1429,6983,229,0.9225
moe_coarse_1e19,moe_coarse_1e19,1e19,full,13,59,sequence,3,238,1429,6983,1268,0.8837
moe_coarse_1e19,moe_coarse_1e19,1e19,full,13,60,sequence,3,238,1429,6983,1358,0.9386
moe_coarse_1e19,moe_coarse_1e19,1e19,full,13,61,sequence,3,238,1429,6983,1011,0.9549
moe_coarse_1e19,moe_coarse_1e19,1e19,full,13,62,sequence,3,238,1429,6983,667,0.8215
moe_coarse_1e19,moe_coarse_1e19,1e19,full,13,63,sequence,3,238,1429,6983,941,0.8504
moe_coarse_1e19,moe_coarse_1e19,1e19,full,13,0,sequence,4,1982,4940,8353,495,0.9177
moe_coarse_1e19,moe_coarse_1e19,1e19,full,13,1,sequence,4,1982,4940,8353,999,0.782
moe_coarse_1e19,moe_coarse_1e19,1e19,full,13,2,sequence,4,1982,4940,8353,7,0.431
moe_coarse_1e19,moe_coarse_1e19,1e19,full,13,3,sequence,4,1982,4940,8353,796,0.8967
moe_coarse_1e19,moe_coarse_1e19,1e19,full,13,4,sequence,4,1982,4940,8353,825,0.8805
moe_coarse_1e19,moe_coarse_1e19,1e19,full,13,5,sequence,4,1982,4940,8353,11,0.9411
moe_coarse_1e19,moe_coarse_1e19,1e19,full,13,6,sequence,4,1982,4940,8353,2486,0.9684
moe_coarse_1e19,moe_coarse_1e19,1e19,full,13,7,sequence,4,1982,4940,8353,20,0.7103
moe_coarse_1e19,moe_coarse_1e19,1e19,full,13,8,sequence,4,1982,4940,8353,1325,0.9564
moe_coarse_1e19,moe_coarse_1e19,1e19,full,13,9,sequence,4,1982,4940,8353,894,0.9202
moe_coarse_1e19,moe_coarse_1e19,1e19,full,13,10,sequence,4,1982,4940,8353,540,0.9774
moe_coarse_1e19,moe_coarse_1e19,1e19,full,13,11,sequence,4,1982,4940,8353,80,0.85
moe_coarse_1e19,moe_coarse_1e19,1e19,full,13,12,sequence,4,1982,4940,8353,1602,0.8047
moe_coarse_1e19,moe_coarse_1e19,1e19,full,13,13,sequence,4,1982,4940,8353,438,0.8845
moe_coarse_1e19,moe_coarse_1e19,1e19,full,13,14,sequence,4,1982,4940,8353,250,0.9188
moe_coarse_1e19,moe_coarse_1e19,1e19,full,13,15,sequence,4,1982,4940,8353,31,0.7107
moe_coarse_1e19,moe_coarse_1e19,1e19,full,13,16,sequence,4,1982,4940,8353,902,0.773
moe_coarse_1e19,moe_coarse_1e19,1e19,full,13,17,sequence,4,1982,4940,8353,920,0.8505
moe_coarse_1e19,moe_coarse_1e19,1e19,full,13,18,sequence,4,1982,4940,8353,566,0.8865
moe_coarse_1e19,moe_coarse_1e19,1e19,full,13,19,sequence,4,1982,4940,8353,796,0.93
moe_coarse_1e19,moe_coarse_1e19,1e19,full,13,20,sequence,4,1982,4940,8353,658,0.8743
moe_coarse_1e19,moe_coarse_1e19,1e19,full,13,21,sequence,4,1982,4940,8353,970,0.9328
moe_coarse_1e19,moe_coarse_1e19,1e19,full,13,22,sequence,4,1982,4940,8353,1040,0.746
moe_coarse_1e19,moe_coarse_1e19,1e19,full,13,23,sequence,4,1982,4940,8353,2138,0.9216
moe_coarse_1e19,moe_coarse_1e19,1e19,full,13,24,sequence,4,1982,4940,8353,14,0.8818
moe_coarse_1e19,moe_coarse_1e19,1e19,full,13,25,sequence,4,1982,4940,8353,1075,0.958
moe_coarse_1e19,moe_coarse_1e19,1e19,full,13,26,sequence,4,1982,4940,8353,2727,0.9128
moe_coarse_1e19,moe_coarse_1e19,1e19,full,13,27,sequence,4,1982,4940,8353,67,0.8429
moe_coarse_1e19,moe_coarse_1e19,1e19,full,13,28,sequence,4,1982,4940,8353,217,0.8747
moe_coarse_1e19,moe_coarse_1e19,1e19,full,13,29,sequence,4,1982,4940,8353,893,0.9004
moe_coarse_1e19,moe_coarse_1e19,1e19,full,13,30,sequence,4,1982,4940,8353,1089,0.8167
moe_coarse_1e19,moe_coarse_1e19,1e19,full,13,31,sequence,4,1982,4940,8353,806,0.7666
moe_coarse_1e19,moe_coarse_1e19,1e19,full,13,32,sequence,4,1982,4940,8353,654,0.9059
moe_coarse_1e19,moe_coarse_1e19,1e19,full,13,33,sequence,4,1982,4940,8353,43,0.6819
moe_coarse_1e19,moe_coarse_1e19,1e19,full,13,34,sequence,4,1982,4940,8353,1009,0.7912
moe_coarse_1e19,moe_coarse_1e19,1e19,full,13,35,sequence,4,1982,4940,8353,163,0.8596
moe_coarse_1e19,moe_coarse_1e19,1e19,full,13,36,sequence,4,1982,4940,8353,1197,0.9077
moe_coarse_1e19,moe_coarse_1e19,1e19,full,13,37,sequence,4,1982,4940,8353,790,0.8388
moe_coarse_1e19,moe_coarse_1e19,1e19,full,13,38,sequence,4,1982,4940,8353,323,0.9036
moe_coarse_1e19,moe_coarse_1e19,1e19,full,13,39,sequence,4,1982,4940,8353,616,0.8054
moe_coarse_1e19,moe_coarse_1e19,1e19,full,13,40,sequence,4,1982,4940,8353,2020,0.8957
moe_coarse_1e19,moe_coarse_1e19,1e19,full,13,41,sequence,4,1982,4940,8353,1573,0.9563
moe_coarse_1e19,moe_coarse_1e19,1e19,full,13,42,sequence,4,1982,4940,8353,2502,0.9331
moe_coarse_1e19,moe_coarse_1e19,1e19,full,13,43,sequence,4,1982,4940,8353,460,0.8886
moe_coarse_1e19,moe_coarse_1e19,1e19,full,13,44,sequence,4,1982,4940,8353,585,0.657
moe_coarse_1e19,moe_coarse_1e19,1e19,full,13,45,sequence,4,1982,4940,8353,1698,0.7797
moe_coarse_1e19,moe_coarse_1e19,1e19,full,13,46,sequence,4,1982,4940,8353,85,0.8146
moe_coarse_1e19,moe_coarse_1e19,1e19,full,13,47,sequence,4,1982,4940,8353,338,0.8461
moe_coarse_1e19,moe_coarse_1e19,1e19,full,13,48,sequence,4,1982,4940,8353,230,0.6554
moe_coarse_1e19,moe_coarse_1e19,1e19,full,13,49,sequence,4,1982,4940,8353,535,0.8288
moe_coarse_1e19,moe_coarse_1e19,1e19,full,13,50,sequence,4,1982,4940,8353,527,0.9367
moe_coarse_1e19,moe_coarse_1e19,1e19,full,13,51,sequence,4,1982,4940,8353,241,0.7698
moe_coarse_1e19,moe_coarse_1e19,1e19,full,13,52,sequence,4,1982,4940,8353,319,0.6216
moe_coarse_1e19,moe_coarse_1e19,1e19,full,13,53,sequence,4,1982,4940,8353,639,0.649
moe_coarse_1e19,moe_coarse_1e19,1e19,full,13,54,sequence,4,1982,4940,8353,1076,0.829
moe_coarse_1e19,moe_coarse_1e19,1e19,full,13,55,sequence,4,1982,4940,8353,94,0.7696
moe_coarse_1e19,moe_coarse_1e19,1e19,full,13,56,sequence,4,1982,4940,8353,253,0.7771
moe_coarse_1e19,moe_coarse_1e19,1e19,full,13,57,sequence,4,1982,4940,8353,681,0.898
moe_coarse_1e19,moe_coarse_1e19,1e19,full,13,58,sequence,4,1982,4940,8353,113,0.8965
moe_coarse_1e19,moe_coarse_1e19,1e19,full,13,59,sequence,4,1982,4940,8353,1131,0.9522
moe_coarse_1e19,moe_coarse_1e19,1e19,full,13,60,sequence,4,1982,4940,8353,166,0.9132
moe_coarse_1e19,moe_coarse_1e19,1e19,full,13,61,sequence,4,1982,4940,8353,1416,0.922
moe_coarse_1e19,moe_coarse_1e19,1e19,full,13,62,sequence,4,1982,4940,8353,2108,0.9238
moe_coarse_1e19,moe_coarse_1e19,1e19,full,13,63,sequence,4,1982,4940,8353,856,0.7221
moe_coarse_1e19,moe_coarse_1e19,1e19,full,14,0,sequence,0,1,6,8010,731,0.6832
moe_coarse_1e19,moe_coarse_1e19,1e19,full,14,1,sequence,0,1,6,8010,1134,0.6861
moe_coarse_1e19,moe_coarse_1e19,1e19,full,14,2,sequence,0,1,6,8010,332,0.6605
moe_coarse_1e19,moe_coarse_1e19,1e19,full,14,3,sequence,0,1,6,8010,1511,0.7621
moe_coarse_1e19,moe_coarse_1e19,1e19,full,14,4,sequence,0,1,6,8010,440,0.6573
moe_coarse_1e19,moe_coarse_1e19,1e19,full,14,5,sequence,0,1,6,8010,389,0.7928
moe_coarse_1e19,moe_coarse_1e19,1e19,full,14,6,sequence,0,1,6,8010,948,0.8009
moe_coarse_1e19,moe_coarse_1e19,1e19,full,14,7,sequence,0,1,6,8010,1761,0.7524
moe_coarse_1e19,moe_coarse_1e19,1e19,full,14,8,sequence,0,1,6,8010,981,0.7382
moe_coarse_1e19,moe_coarse_1e19,1e19,full,14,9,sequence,0,1,6,8010,411,0.625
moe_coarse_1e19,moe_coarse_1e19,1e19,full,14,10,sequence,0,1,6,8010,126,0.7474
moe_coarse_1e19,moe_coarse_1e19,1e19,full,14,11,sequence,0,1,6,8010,645,0.6484
moe_coarse_1e19,moe_coarse_1e19,1e19,full,14,12,sequence,0,1,6,8010,283,0.6762
moe_coarse_1e19,moe_coarse_1e19,1e19,full,14,13,sequence,0,1,6,8010,822,0.658
moe_coarse_1e19,moe_coarse_1e19,1e19,full,14,14,sequence,0,1,6,8010,1331,0.7252
moe_coarse_1e19,moe_coarse_1e19,1e19,full,14,15,sequence,0,1,6,8010,1652,0.6667
moe_coarse_1e19,moe_coarse_1e19,1e19,full,14,16,sequence,0,1,6,8010,192,0.7125
moe_coarse_1e19,moe_coarse_1e19,1e19,full,14,17,sequence,0,1,6,8010,647,0.626
moe_coarse_1e19,moe_coarse_1e19,1e19,full,14,18,sequence,0,1,6,8010,467,0.6705
moe_coarse_1e19,moe_coarse_1e19,1e19,full,14,19,sequence,0,1,6,8010,1330,0.6134
moe_coarse_1e19,moe_coarse_1e19,1e19,full,14,20,sequence,0,1,6,8010,310,0.6477
moe_coarse_1e19,moe_coarse_1e19,1e19,full,14,21,sequence,0,1,6,8010,213,0.6331
moe_coarse_1e19,moe_coarse_1e19,1e19,full,14,22,sequence,0,1,6,8010,850,0.6191
moe_coarse_1e19,moe_coarse_1e19,1e19,full,14,23,sequence,0,1,6,8010,985,0.6717
moe_coarse_1e19,moe_coarse_1e19,1e19,full,14,24,sequence,0,1,6,8010,1544,0.7464
moe_coarse_1e19,moe_coarse_1e19,1e19,full,14,25,sequence,0,1,6,8010,1205,0.6956
moe_coarse_1e19,moe_coarse_1e19,1e19,full,14,26,sequence,0,1,6,8010,443,0.7552
moe_coarse_1e19,moe_coarse_1e19,1e19,full,14,27,sequence,0,1,6,8010,38,0.8887
moe_coarse_1e19,moe_coarse_1e19,1e19,full,14,28,sequence,0,1,6,8010,222,0.7348
moe_coarse_1e19,moe_coarse_1e19,1e19,full,14,29,sequence,0,1,6,8010,334,0.6859
moe_coarse_1e19,moe_coarse_1e19,1e19,full,14,30,sequence,0,1,6,8010,781,0.6717
moe_coarse_1e19,moe_coarse_1e19,1e19,full,14,31,sequence,0,1,6,8010,464,0.6736
moe_coarse_1e19,moe_coarse_1e19,1e19,full,14,32,sequence,0,1,6,8010,384,0.5274
moe_coarse_1e19,moe_coarse_1e19,1e19,full,14,33,sequence,0,1,6,8010,713,0.6972
moe_coarse_1e19,moe_coarse_1e19,1e19,full,14,34,sequence,0,1,6,8010,902,0.7033
moe_coarse_1e19,moe_coarse_1e19,1e19,full,14,35,sequence,0,1,6,8010,232,0.6461
moe_coarse_1e19,moe_coarse_1e19,1e19,full,14,36,sequence,0,1,6,8010,347,0.6184
moe_coarse_1e19,moe_coarse_1e19,1e19,full,14,37,sequence,0,1,6,8010,573,0.8225
moe_coarse_1e19,moe_coarse_1e19,1e19,full,14,38,sequence,0,1,6,8010,618,0.6232
moe_coarse_1e19,moe_coarse_1e19,1e19,full,14,39,sequence,0,1,6,8010,243,0.6823
moe_coarse_1e19,moe_coarse_1e19,1e19,full,14,40,sequence,0,1,6,8010,299,0.6573
moe_coarse_1e19,moe_coarse_1e19,1e19,full,14,41,sequence,0,1,6,8010,1409,0.7388
moe_coarse_1e19,moe_coarse_1e19,1e19,full,14,42,sequence,0,1,6,8010,1512,0.7601
moe_coarse_1e19,moe_coarse_1e19,1e19,full,14,43,sequence,0,1,6,8010,1165,0.6679
moe_coarse_1e19,moe_coarse_1e19,1e19,full,14,44,sequence,0,1,6,8010,565,0.6957
moe_coarse_1e19,moe_coarse_1e19,1e19,full,14,45,sequence,0,1,6,8010,1703,0.6013
moe_coarse_1e19,moe_coarse_1e19,1e19,full,14,46,sequence,0,1,6,8010,1464,0.6772
moe_coarse_1e19,moe_coarse_1e19,1e19,full,14,47,sequence,0,1,6,8010,138,0.7365
moe_coarse_1e19,moe_coarse_1e19,1e19,full,14,48,sequence,0,1,6,8010,580,0.6467
moe_coarse_1e19,moe_coarse_1e19,1e19,full,14,49,sequence,0,1,6,8010,556,0.6577
moe_coarse_1e19,moe_coarse_1e19,1e19,full,14,50,sequence,0,1,6,8010,1975,0.6749
moe_coarse_1e19,moe_coarse_1e19,1e19,full,14,51,sequence,0,1,6,8010,512,0.7303
moe_coarse_1e19,moe_coarse_1e19,1e19,full,14,52,sequence,0,1,6,8010,376,0.5807
moe_coarse_1e19,moe_coarse_1e19,1e19,full,14,53,sequence,0,1,6,8010,1623,0.7073
moe_coarse_1e19,moe_coarse_1e19,1e19,full,14,54,sequence,0,1,6,8010,289,0.6017
moe_coarse_1e19,moe_coarse_1e19,1e19,full,14,55,sequence,0,1,6,8010,646,0.5983
moe_coarse_1e19,moe_coarse_1e19,1e19,full,14,56,sequence,0,1,6,8010,1372,0.6448
moe_coarse_1e19,moe_coarse_1e19,1e19,full,14,57,sequence,0,1,6,8010,895,0.8191
moe_coarse_1e19,moe_coarse_1e19,1e19,full,14,58,sequence,0,1,6,8010,479,0.7975
moe_coarse_1e19,moe_coarse_1e19,1e19,full,14,59,sequence,0,1,6,8010,711,0.6658
moe_coarse_1e19,moe_coarse_1e19,1e19,full,14,60,sequence,0,1,6,8010,80,0.8149
moe_coarse_1e19,moe_coarse_1e19,1e19,full,14,61,sequence,0,1,6,8010,1451,0.6441
moe_coarse_1e19,moe_coarse_1e19,1e19,full,14,62,sequence,0,1,6,8010,257,0.5589
moe_coarse_1e19,moe_coarse_1e19,1e19,full,14,63,sequence,0,1,6,8010,469,0.6734
moe_coarse_1e19,moe_coarse_1e19,1e19,full,14,0,sequence,1,6,32,7866,787,0.7584
moe_coarse_1e19,moe_coarse_1e19,1e19,full,14,1,sequence,1,6,32,7866,998,0.7067
moe_coarse_1e19,moe_coarse_1e19,1e19,full,14,2,sequence,1,6,32,7866,457,0.7284
moe_coarse_1e19,moe_coarse_1e19,1e19,full,14,3,sequence,1,6,32,7866,890,0.8069
moe_coarse_1e19,moe_coarse_1e19,1e19,full,14,4,sequence,1,6,32,7866,362,0.7842
moe_coarse_1e19,moe_coarse_1e19,1e19,full,14,5,sequence,1,6,32,7866,591,0.8317
moe_coarse_1e19,moe_coarse_1e19,1e19,full,14,6,sequence,1,6,32,7866,972,0.8365
moe_coarse_1e19,moe_coarse_1e19,1e19,full,14,7,sequence,1,6,32,7866,1614,0.7934
moe_coarse_1e19,moe_coarse_1e19,1e19,full,14,8,sequence,1,6,32,7866,940,0.8118
moe_coarse_1e19,moe_coarse_1e19,1e19,full,14,9,sequence,1,6,32,7866,558,0.6497
moe_coarse_1e19,moe_coarse_1e19,1e19,full,14,10,sequence,1,6,32,7866,270,0.8014
moe_coarse_1e19,moe_coarse_1e19,1e19,full,14,11,sequence,1,6,32,7866,850,0.7089
moe_coarse_1e19,moe_coarse_1e19,1e19,full,14,12,sequence,1,6,32,7866,306,0.754
moe_coarse_1e19,moe_coarse_1e19,1e19,full,14,13,sequence,1,6,32,7866,917,0.6795
moe_coarse_1e19,moe_coarse_1e19,1e19,full,14,14,sequence,1,6,32,7866,1048,0.7277
moe_coarse_1e19,moe_coarse_1e19,1e19,full,14,15,sequence,1,6,32,7866,1341,0.7365
moe_coarse_1e19,moe_coarse_1e19,1e19,full,14,16,sequence,1,6,32,7866,334,0.7867
moe_coarse_1e19,moe_coarse_1e19,1e19,full,14,17,sequence,1,6,32,7866,612,0.7313
moe_coarse_1e19,moe_coarse_1e19,1e19,full,14,18,sequence,1,6,32,7866,413,0.6644
moe_coarse_1e19,moe_coarse_1e19,1e19,full,14,19,sequence,1,6,32,7866,1214,0.6973
moe_coarse_1e19,moe_coarse_1e19,1e19,full,14,20,sequence,1,6,32,7866,505,0.6974
moe_coarse_1e19,moe_coarse_1e19,1e19,full,14,21,sequence,1,6,32,7866,296,0.723
moe_coarse_1e19,moe_coarse_1e19,1e19,full,14,22,sequence,1,6,32,7866,863,0.66
moe_coarse_1e19,moe_coarse_1e19,1e19,full,14,23,sequence,1,6,32,7866,1188,0.6964
moe_coarse_1e19,moe_coarse_1e19,1e19,full,14,24,sequence,1,6,32,7866,1439,0.7816
moe_coarse_1e19,moe_coarse_1e19,1e19,full,14,25,sequence,1,6,32,7866,961,0.7246
moe_coarse_1e19,moe_coarse_1e19,1e19,full,14,26,sequence,1,6,32,7866,569,0.8486
moe_coarse_1e19,moe_coarse_1e19,1e19,full,14,27,sequence,1,6,32,7866,152,0.8624
moe_coarse_1e19,moe_coarse_1e19,1e19,full,14,28,sequence,1,6,32,7866,422,0.8291
moe_coarse_1e19,moe_coarse_1e19,1e19,full,14,29,sequence,1,6,32,7866,524,0.7563
moe_coarse_1e19,moe_coarse_1e19,1e19,full,14,30,sequence,1,6,32,7866,583,0.6928
moe_coarse_1e19,moe_coarse_1e19,1e19,full,14,31,sequence,1,6,32,7866,509,0.7469
moe_coarse_1e19,moe_coarse_1e19,1e19,full,14,32,sequence,1,6,32,7866,550,0.6194
moe_coarse_1e19,moe_coarse_1e19,1e19,full,14,33,sequence,1,6,32,7866,855,0.7335
moe_coarse_1e19,moe_coarse_1e19,1e19,full,14,34,sequence,1,6,32,7866,890,0.8027
moe_coarse_1e19,moe_coarse_1e19,1e19,full,14,35,sequence,1,6,32,7866,340,0.7367
moe_coarse_1e19,moe_coarse_1e19,1e19,full,14,36,sequence,1,6,32,7866,346,0.7533
moe_coarse_1e19,moe_coarse_1e19,1e19,full,14,37,sequence,1,6,32,7866,592,0.8601
moe_coarse_1e19,moe_coarse_1e19,1e19,full,14,38,sequence,1,6,32,7866,733,0.6492
moe_coarse_1e19,moe_coarse_1e19,1e19,full,14,39,sequence,1,6,32,7866,409,0.7183
moe_coarse_1e19,moe_coarse_1e19,1e19,full,14,40,sequence,1,6,32,7866,463,0.7557
moe_coarse_1e19,moe_coarse_1e19,1e19,full,14,41,sequence,1,6,32,7866,1041,0.7621
moe_coarse_1e19,moe_coarse_1e19,1e19,full,14,42,sequence,1,6,32,7866,887,0.7743
moe_coarse_1e19,moe_coarse_1e19,1e19,full,14,43,sequence,1,6,32,7866,893,0.6656
moe_coarse_1e19,moe_coarse_1e19,1e19,full,14,44,sequence,1,6,32,7866,590,0.6853
moe_coarse_1e19,moe_coarse_1e19,1e19,full,14,45,sequence,1,6,32,7866,1377,0.6368
moe_coarse_1e19,moe_coarse_1e19,1e19,full,14,46,sequence,1,6,32,7866,1219,0.7557
moe_coarse_1e19,moe_coarse_1e19,1e19,full,14,47,sequence,1,6,32,7866,213,0.7931
moe_coarse_1e19,moe_coarse_1e19,1e19,full,14,48,sequence,1,6,32,7866,888,0.7165
moe_coarse_1e19,moe_coarse_1e19,1e19,full,14,49,sequence,1,6,32,7866,494,0.7122
moe_coarse_1e19,moe_coarse_1e19,1e19,full,14,50,sequence,1,6,32,7866,1510,0.7101
moe_coarse_1e19,moe_coarse_1e19,1e19,full,14,51,sequence,1,6,32,7866,573,0.6725
moe_coarse_1e19,moe_coarse_1e19,1e19,full,14,52,sequence,1,6,32,7866,470,0.7111
moe_coarse_1e19,moe_coarse_1e19,1e19,full,14,53,sequence,1,6,32,7866,1683,0.757
moe_coarse_1e19,moe_coarse_1e19,1e19,full,14,54,sequence,1,6,32,7866,314,0.7308
moe_coarse_1e19,moe_coarse_1e19,1e19,full,14,55,sequence,1,6,32,7866,698,0.6468
moe_coarse_1e19,moe_coarse_1e19,1e19,full,14,56,sequence,1,6,32,7866,1319,0.6851
moe_coarse_1e19,moe_coarse_1e19,1e19,full,14,57,sequence,1,6,32,7866,907,0.8606
moe_coarse_1e19,moe_coarse_1e19,1e19,full,14,58,sequence,1,6,32,7866,598,0.8181
moe_coarse_1e19,moe_coarse_1e19,1e19,full,14,59,sequence,1,6,32,7866,948,0.7563
moe_coarse_1e19,moe_coarse_1e19,1e19,full,14,60,sequence,1,6,32,7866,165,0.9012
moe_coarse_1e19,moe_coarse_1e19,1e19,full,14,61,sequence,1,6,32,7866,874,0.6625
moe_coarse_1e19,moe_coarse_1e19,1e19,full,14,62,sequence,1,6,32,7866,305,0.6255
moe_coarse_1e19,moe_coarse_1e19,1e19,full,14,63,sequence,1,6,32,7866,567,0.6961
moe_coarse_1e19,moe_coarse_1e19,1e19,full,14,0,sequence,2,32,221,7700,947,0.8074
moe_coarse_1e19,moe_coarse_1e19,1e19,full,14,1,sequence,2,32,221,7700,588,0.8532
moe_coarse_1e19,moe_coarse_1e19,1e19,full,14,2,sequence,2,32,221,7700,537,0.7762
moe_coarse_1e19,moe_coarse_1e19,1e19,full,14,3,sequence,2,32,221,7700,457,0.9059
moe_coarse_1e19,moe_coarse_1e19,1e19,full,14,4,sequence,2,32,221,7700,461,0.8671
moe_coarse_1e19,moe_coarse_1e19,1e19,full,14,5,sequence,2,32,221,7700,849,0.8921
moe_coarse_1e19,moe_coarse_1e19,1e19,full,14,6,sequence,2,32,221,7700,604,0.8559
moe_coarse_1e19,moe_coarse_1e19,1e19,full,14,7,sequence,2,32,221,7700,531,0.8203
moe_coarse_1e19,moe_coarse_1e19,1e19,full,14,8,sequence,2,32,221,7700,832,0.8886
moe_coarse_1e19,moe_coarse_1e19,1e19,full,14,9,sequence,2,32,221,7700,1173,0.8897
moe_coarse_1e19,moe_coarse_1e19,1e19,full,14,10,sequence,2,32,221,7700,683,0.8589
moe_coarse_1e19,moe_coarse_1e19,1e19,full,14,11,sequence,2,32,221,7700,1418,0.8462
moe_coarse_1e19,moe_coarse_1e19,1e19,full,14,12,sequence,2,32,221,7700,601,0.9181
moe_coarse_1e19,moe_coarse_1e19,1e19,full,14,13,sequence,2,32,221,7700,1082,0.8434
moe_coarse_1e19,moe_coarse_1e19,1e19,full,14,14,sequence,2,32,221,7700,710,0.7611
moe_coarse_1e19,moe_coarse_1e19,1e19,full,14,15,sequence,2,32,221,7700,504,0.8526
moe_coarse_1e19,moe_coarse_1e19,1e19,full,14,16,sequence,2,32,221,7700,436,0.8862
moe_coarse_1e19,moe_coarse_1e19,1e19,full,14,17,sequence,2,32,221,7700,726,0.8235
moe_coarse_1e19,moe_coarse_1e19,1e19,full,14,18,sequence,2,32,221,7700,435,0.732
moe_coarse_1e19,moe_coarse_1e19,1e19,full,14,19,sequence,2,32,221,7700,756,0.8248
moe_coarse_1e19,moe_coarse_1e19,1e19,full,14,20,sequence,2,32,221,7700,976,0.8603
moe_coarse_1e19,moe_coarse_1e19,1e19,full,14,21,sequence,2,32,221,7700,594,0.8449
moe_coarse_1e19,moe_coarse_1e19,1e19,full,14,22,sequence,2,32,221,7700,585,0.7987
moe_coarse_1e19,moe_coarse_1e19,1e19,full,14,23,sequence,2,32,221,7700,959,0.7973
moe_coarse_1e19,moe_coarse_1e19,1e19,full,14,24,sequence,2,32,221,7700,1050,0.8643
moe_coarse_1e19,moe_coarse_1e19,1e19,full,14,25,sequence,2,32,221,7700,734,0.8898
moe_coarse_1e19,moe_coarse_1e19,1e19,full,14,26,sequence,2,32,221,7700,661,0.89
moe_coarse_1e19,moe_coarse_1e19,1e19,full,14,27,sequence,2,32,221,7700,410,0.928
moe_coarse_1e19,moe_coarse_1e19,1e19,full,14,28,sequence,2,32,221,7700,1112,0.874
moe_coarse_1e19,moe_coarse_1e19,1e19,full,14,29,sequence,2,32,221,7700,908,0.865
moe_coarse_1e19,moe_coarse_1e19,1e19,full,14,30,sequence,2,32,221,7700,431,0.6656
moe_coarse_1e19,moe_coarse_1e19,1e19,full,14,31,sequence,2,32,221,7700,843,0.9155
moe_coarse_1e19,moe_coarse_1e19,1e19,full,14,32,sequence,2,32,221,7700,850,0.8379
moe_coarse_1e19,moe_coarse_1e19,1e19,full,14,33,sequence,2,32,221,7700,1025,0.7858
moe_coarse_1e19,moe_coarse_1e19,1e19,full,14,34,sequence,2,32,221,7700,796,0.8942
moe_coarse_1e19,moe_coarse_1e19,1e19,full,14,35,sequence,2,32,221,7700,812,0.8552
moe_coarse_1e19,moe_coarse_1e19,1e19,full,14,36,sequence,2,32,221,7700,644,0.9008
moe_coarse_1e19,moe_coarse_1e19,1e19,full,14,37,sequence,2,32,221,7700,702,0.9356
moe_coarse_1e19,moe_coarse_1e19,1e19,full,14,38,sequence,2,32,221,7700,1278,0.8815
moe_coarse_1e19,moe_coarse_1e19,1e19,full,14,39,sequence,2,32,221,7700,1111,0.8707
moe_coarse_1e19,moe_coarse_1e19,1e19,full,14,40,sequence,2,32,221,7700,1088,0.8265
moe_coarse_1e19,moe_coarse_1e19,1e19,full,14,41,sequence,2,32,221,7700,622,0.7722
moe_coarse_1e19,moe_coarse_1e19,1e19,full,14,42,sequence,2,32,221,7700,448,0.8199
moe_coarse_1e19,moe_coarse_1e19,1e19,full,14,43,sequence,2,32,221,7700,590,0.8015
moe_coarse_1e19,moe_coarse_1e19,1e19,full,14,44,sequence,2,32,221,7700,661,0.6665
moe_coarse_1e19,moe_coarse_1e19,1e19,full,14,45,sequence,2,32,221,7700,801,0.7459
moe_coarse_1e19,moe_coarse_1e19,1e19,full,14,46,sequence,2,32,221,7700,517,0.8758
moe_coarse_1e19,moe_coarse_1e19,1e19,full,14,47,sequence,2,32,221,7700,368,0.9356
moe_coarse_1e19,moe_coarse_1e19,1e19,full,14,48,sequence,2,32,221,7700,1252,0.8759
moe_coarse_1e19,moe_coarse_1e19,1e19,full,14,49,sequence,2,32,221,7700,695,0.8283
moe_coarse_1e19,moe_coarse_1e19,1e19,full,14,50,sequence,2,32,221,7700,584,0.7757
moe_coarse_1e19,moe_coarse_1e19,1e19,full,14,51,sequence,2,32,221,7700,501,0.641
moe_coarse_1e19,moe_coarse_1e19,1e19,full,14,52,sequence,2,32,221,7700,403,0.6831
moe_coarse_1e19,moe_coarse_1e19,1e19,full,14,53,sequence,2,32,221,7700,944,0.8614
moe_coarse_1e19,moe_coarse_1e19,1e19,full,14,54,sequence,2,32,221,7700,405,0.8533
moe_coarse_1e19,moe_coarse_1e19,1e19,full,14,55,sequence,2,32,221,7700,533,0.8113
moe_coarse_1e19,moe_coarse_1e19,1e19,full,14,56,sequence,2,32,221,7700,588,0.776
moe_coarse_1e19,moe_coarse_1e19,1e19,full,14,57,sequence,2,32,221,7700,923,0.9257
moe_coarse_1e19,moe_coarse_1e19,1e19,full,14,58,sequence,2,32,221,7700,796,0.895
moe_coarse_1e19,moe_coarse_1e19,1e19,full,14,59,sequence,2,32,221,7700,630,0.8362
moe_coarse_1e19,moe_coarse_1e19,1e19,full,14,60,sequence,2,32,221,7700,388,0.9676
moe_coarse_1e19,moe_coarse_1e19,1e19,full,14,61,sequence,2,32,221,7700,436,0.7327
moe_coarse_1e19,moe_coarse_1e19,1e19,full,14,62,sequence,2,32,221,7700,671,0.8312
moe_coarse_1e19,moe_coarse_1e19,1e19,full,14,63,sequence,2,32,221,7700,545,0.7685
moe_coarse_1e19,moe_coarse_1e19,1e19,full,14,0,sequence,3,238,1429,6983,850,0.8261
moe_coarse_1e19,moe_coarse_1e19,1e19,full,14,1,sequence,3,238,1429,6983,202,0.9003
moe_coarse_1e19,moe_coarse_1e19,1e19,full,14,2,sequence,3,238,1429,6983,865,0.7957
moe_coarse_1e19,moe_coarse_1e19,1e19,full,14,3,sequence,3,238,1429,6983,53,0.8183
moe_coarse_1e19,moe_coarse_1e19,1e19,full,14,4,sequence,3,238,1429,6983,520,0.8392
moe_coarse_1e19,moe_coarse_1e19,1e19,full,14,5,sequence,3,238,1429,6983,1217,0.8892
moe_coarse_1e19,moe_coarse_1e19,1e19,full,14,6,sequence,3,238,1429,6983,387,0.9498
moe_coarse_1e19,moe_coarse_1e19,1e19,full,14,7,sequence,3,238,1429,6983,85,0.8681
moe_coarse_1e19,moe_coarse_1e19,1e19,full,14,8,sequence,3,238,1429,6983,429,0.8395
moe_coarse_1e19,moe_coarse_1e19,1e19,full,14,9,sequence,3,238,1429,6983,1362,0.9299
moe_coarse_1e19,moe_coarse_1e19,1e19,full,14,10,sequence,3,238,1429,6983,805,0.8982
moe_coarse_1e19,moe_coarse_1e19,1e19,full,14,11,sequence,3,238,1429,6983,1235,0.8971
moe_coarse_1e19,moe_coarse_1e19,1e19,full,14,12,sequence,3,238,1429,6983,659,0.9503
moe_coarse_1e19,moe_coarse_1e19,1e19,full,14,13,sequence,3,238,1429,6983,862,0.9243
moe_coarse_1e19,moe_coarse_1e19,1e19,full,14,14,sequence,3,238,1429,6983,317,0.8635
moe_coarse_1e19,moe_coarse_1e19,1e19,full,14,15,sequence,3,238,1429,6983,50,0.8501
moe_coarse_1e19,moe_coarse_1e19,1e19,full,14,16,sequence,3,238,1429,6983,843,0.9684
moe_coarse_1e19,moe_coarse_1e19,1e19,full,14,17,sequence,3,238,1429,6983,751,0.8468
moe_coarse_1e19,moe_coarse_1e19,1e19,full,14,18,sequence,3,238,1429,6983,462,0.7343
moe_coarse_1e19,moe_coarse_1e19,1e19,full,14,19,sequence,3,238,1429,6983,149,0.7212
moe_coarse_1e19,moe_coarse_1e19,1e19,full,14,20,sequence,3,238,1429,6983,1423,0.9451
moe_coarse_1e19,moe_coarse_1e19,1e19,full,14,21,sequence,3,238,1429,6983,817,0.8834
moe_coarse_1e19,moe_coarse_1e19,1e19,full,14,22,sequence,3,238,1429,6983,376,0.8382
moe_coarse_1e19,moe_coarse_1e19,1e19,full,14,23,sequence,3,238,1429,6983,680,0.8153
moe_coarse_1e19,moe_coarse_1e19,1e19,full,14,24,sequence,3,238,1429,6983,552,0.8852
moe_coarse_1e19,moe_coarse_1e19,1e19,full,14,25,sequence,3,238,1429,6983,98,0.7764
moe_coarse_1e19,moe_coarse_1e19,1e19,full,14,26,sequence,3,238,1429,6983,433,0.9188
moe_coarse_1e19,moe_coarse_1e19,1e19,full,14,27,sequence,3,238,1429,6983,437,0.935
moe_coarse_1e19,moe_coarse_1e19,1e19,full,14,28,sequence,3,238,1429,6983,1132,0.9267
moe_coarse_1e19,moe_coarse_1e19,1e19,full,14,29,sequence,3,238,1429,6983,1409,0.8977
moe_coarse_1e19,moe_coarse_1e19,1e19,full,14,30,sequence,3,238,1429,6983,500,0.6926
moe_coarse_1e19,moe_coarse_1e19,1e19,full,14,31,sequence,3,238,1429,6983,768,0.9479
moe_coarse_1e19,moe_coarse_1e19,1e19,full,14,32,sequence,3,238,1429,6983,744,0.8306
moe_coarse_1e19,moe_coarse_1e19,1e19,full,14,33,sequence,3,238,1429,6983,1098,0.809
moe_coarse_1e19,moe_coarse_1e19,1e19,full,14,34,sequence,3,238,1429,6983,456,0.9284
moe_coarse_1e19,moe_coarse_1e19,1e19,full,14,35,sequence,3,238,1429,6983,915,0.8694
moe_coarse_1e19,moe_coarse_1e19,1e19,full,14,36,sequence,3,238,1429,6983,440,0.895
moe_coarse_1e19,moe_coarse_1e19,1e19,full,14,37,sequence,3,238,1429,6983,1358,0.9741
moe_coarse_1e19,moe_coarse_1e19,1e19,full,14,38,sequence,3,238,1429,6983,1314,0.9585
moe_coarse_1e19,moe_coarse_1e19,1e19,full,14,39,sequence,3,238,1429,6983,1222,0.9177
moe_coarse_1e19,moe_coarse_1e19,1e19,full,14,40,sequence,3,238,1429,6983,1158,0.8472
moe_coarse_1e19,moe_coarse_1e19,1e19,full,14,41,sequence,3,238,1429,6983,353,0.7572
moe_coarse_1e19,moe_coarse_1e19,1e19,full,14,42,sequence,3,238,1429,6983,270,0.9091
moe_coarse_1e19,moe_coarse_1e19,1e19,full,14,43,sequence,3,238,1429,6983,179,0.782
moe_coarse_1e19,moe_coarse_1e19,1e19,full,14,44,sequence,3,238,1429,6983,681,0.648
moe_coarse_1e19,moe_coarse_1e19,1e19,full,14,45,sequence,3,238,1429,6983,283,0.7545
moe_coarse_1e19,moe_coarse_1e19,1e19,full,14,46,sequence,3,238,1429,6983,167,0.8083
moe_coarse_1e19,moe_coarse_1e19,1e19,full,14,47,sequence,3,238,1429,6983,812,0.9787
moe_coarse_1e19,moe_coarse_1e19,1e19,full,14,48,sequence,3,238,1429,6983,1016,0.9358
moe_coarse_1e19,moe_coarse_1e19,1e19,full,14,49,sequence,3,238,1429,6983,1014,0.8825
moe_coarse_1e19,moe_coarse_1e19,1e19,full,14,50,sequence,3,238,1429,6983,108,0.8376
moe_coarse_1e19,moe_coarse_1e19,1e19,full,14,51,sequence,3,238,1429,6983,550,0.6309
moe_coarse_1e19,moe_coarse_1e19,1e19,full,14,52,sequence,3,238,1429,6983,498,0.8108
moe_coarse_1e19,moe_coarse_1e19,1e19,full,14,53,sequence,3,238,1429,6983,310,0.8689
moe_coarse_1e19,moe_coarse_1e19,1e19,full,14,54,sequence,3,238,1429,6983,348,0.869
moe_coarse_1e19,moe_coarse_1e19,1e19,full,14,55,sequence,3,238,1429,6983,397,0.8976
moe_coarse_1e19,moe_coarse_1e19,1e19,full,14,56,sequence,3,238,1429,6983,189,0.8522
moe_coarse_1e19,moe_coarse_1e19,1e19,full,14,57,sequence,3,238,1429,6983,1008,0.9216
moe_coarse_1e19,moe_coarse_1e19,1e19,full,14,58,sequence,3,238,1429,6983,1378,0.9464
moe_coarse_1e19,moe_coarse_1e19,1e19,full,14,59,sequence,3,238,1429,6983,282,0.8152
moe_coarse_1e19,moe_coarse_1e19,1e19,full,14,60,sequence,3,238,1429,6983,508,0.9358
moe_coarse_1e19,moe_coarse_1e19,1e19,full,14,61,sequence,3,238,1429,6983,195,0.7336
moe_coarse_1e19,moe_coarse_1e19,1e19,full,14,62,sequence,3,238,1429,6983,1291,0.8649
moe_coarse_1e19,moe_coarse_1e19,1e19,full,14,63,sequence,3,238,1429,6983,628,0.8434
moe_coarse_1e19,moe_coarse_1e19,1e19,full,14,0,sequence,4,1982,4940,8353,1758,0.802
moe_coarse_1e19,moe_coarse_1e19,1e19,full,14,1,sequence,4,1982,4940,8353,311,0.8913
moe_coarse_1e19,moe_coarse_1e19,1e19,full,14,2,sequence,4,1982,4940,8353,726,0.7473
moe_coarse_1e19,moe_coarse_1e19,1e19,full,14,3,sequence,4,1982,4940,8353,7,0.4644
moe_coarse_1e19,moe_coarse_1e19,1e19,full,14,4,sequence,4,1982,4940,8353,1727,0.9032
moe_coarse_1e19,moe_coarse_1e19,1e19,full,14,5,sequence,4,1982,4940,8353,528,0.918
moe_coarse_1e19,moe_coarse_1e19,1e19,full,14,6,sequence,4,1982,4940,8353,432,0.8527
moe_coarse_1e19,moe_coarse_1e19,1e19,full,14,7,sequence,4,1982,4940,8353,3,0.2649
moe_coarse_1e19,moe_coarse_1e19,1e19,full,14,8,sequence,4,1982,4940,8353,330,0.8636
moe_coarse_1e19,moe_coarse_1e19,1e19,full,14,9,sequence,4,1982,4940,8353,707,0.9557
moe_coarse_1e19,moe_coarse_1e19,1e19,full,14,10,sequence,4,1982,4940,8353,1603,0.9445
moe_coarse_1e19,moe_coarse_1e19,1e19,full,14,11,sequence,4,1982,4940,8353,289,0.8752
moe_coarse_1e19,moe_coarse_1e19,1e19,full,14,12,sequence,4,1982,4940,8353,1862,0.9781
moe_coarse_1e19,moe_coarse_1e19,1e19,full,14,13,sequence,4,1982,4940,8353,130,0.8374
moe_coarse_1e19,moe_coarse_1e19,1e19,full,14,14,sequence,4,1982,4940,8353,14,0.7192
moe_coarse_1e19,moe_coarse_1e19,1e19,full,14,15,sequence,4,1982,4940,8353,0,
moe_coarse_1e19,moe_coarse_1e19,1e19,full,14,16,sequence,4,1982,4940,8353,1379,0.9867
moe_coarse_1e19,moe_coarse_1e19,1e19,full,14,17,sequence,4,1982,4940,8353,1521,0.8914
moe_coarse_1e19,moe_coarse_1e19,1e19,full,14,18,sequence,4,1982,4940,8353,634,0.7388
moe_coarse_1e19,moe_coarse_1e19,1e19,full,14,19,sequence,4,1982,4940,8353,24,0.7446
moe_coarse_1e19,moe_coarse_1e19,1e19,full,14,20,sequence,4,1982,4940,8353,223,0.8296
moe_coarse_1e19,moe_coarse_1e19,1e19,full,14,21,sequence,4,1982,4940,8353,1952,0.8739
moe_coarse_1e19,moe_coarse_1e19,1e19,full,14,22,sequence,4,1982,4940,8353,1146,0.9785
moe_coarse_1e19,moe_coarse_1e19,1e19,full,14,23,sequence,4,1982,4940,8353,101,0.9128
moe_coarse_1e19,moe_coarse_1e19,1e19,full,14,24,sequence,4,1982,4940,8353,164,0.8889
moe_coarse_1e19,moe_coarse_1e19,1e19,full,14,25,sequence,4,1982,4940,8353,219,0.8084
moe_coarse_1e19,moe_coarse_1e19,1e19,full,14,26,sequence,4,1982,4940,8353,1159,0.9754
moe_coarse_1e19,moe_coarse_1e19,1e19,full,14,27,sequence,4,1982,4940,8353,2290,0.9629
moe_coarse_1e19,moe_coarse_1e19,1e19,full,14,28,sequence,4,1982,4940,8353,720,0.8535
moe_coarse_1e19,moe_coarse_1e19,1e19,full,14,29,sequence,4,1982,4940,8353,619,0.8185
moe_coarse_1e19,moe_coarse_1e19,1e19,full,14,30,sequence,4,1982,4940,8353,743,0.7739
moe_coarse_1e19,moe_coarse_1e19,1e19,full,14,31,sequence,4,1982,4940,8353,1262,0.9551
moe_coarse_1e19,moe_coarse_1e19,1e19,full,14,32,sequence,4,1982,4940,8353,1307,0.8905
moe_coarse_1e19,moe_coarse_1e19,1e19,full,14,33,sequence,4,1982,4940,8353,1408,0.7769
moe_coarse_1e19,moe_coarse_1e19,1e19,full,14,34,sequence,4,1982,4940,8353,783,0.9151
moe_coarse_1e19,moe_coarse_1e19,1e19,full,14,35,sequence,4,1982,4940,8353,1325,0.9575
moe_coarse_1e19,moe_coarse_1e19,1e19,full,14,36,sequence,4,1982,4940,8353,1773,0.9419
moe_coarse_1e19,moe_coarse_1e19,1e19,full,14,37,sequence,4,1982,4940,8353,834,0.9698
moe_coarse_1e19,moe_coarse_1e19,1e19,full,14,38,sequence,4,1982,4940,8353,468,0.9306
moe_coarse_1e19,moe_coarse_1e19,1e19,full,14,39,sequence,4,1982,4940,8353,1334,0.9165
moe_coarse_1e19,moe_coarse_1e19,1e19,full,14,40,sequence,4,1982,4940,8353,464,0.8119
moe_coarse_1e19,moe_coarse_1e19,1e19,full,14,41,sequence,4,1982,4940,8353,509,0.8476
moe_coarse_1e19,moe_coarse_1e19,1e19,full,14,42,sequence,4,1982,4940,8353,61,0.6352
moe_coarse_1e19,moe_coarse_1e19,1e19,full,14,43,sequence,4,1982,4940,8353,256,0.7635
moe_coarse_1e19,moe_coarse_1e19,1e19,full,14,44,sequence,4,1982,4940,8353,750,0.675
moe_coarse_1e19,moe_coarse_1e19,1e19,full,14,45,sequence,4,1982,4940,8353,55,0.7574
moe_coarse_1e19,moe_coarse_1e19,1e19,full,14,46,sequence,4,1982,4940,8353,118,0.8297
moe_coarse_1e19,moe_coarse_1e19,1e19,full,14,47,sequence,4,1982,4940,8353,1754,0.9745
moe_coarse_1e19,moe_coarse_1e19,1e19,full,14,48,sequence,4,1982,4940,8353,47,0.7574
moe_coarse_1e19,moe_coarse_1e19,1e19,full,14,49,sequence,4,1982,4940,8353,1302,0.8463
moe_coarse_1e19,moe_coarse_1e19,1e19,full,14,50,sequence,4,1982,4940,8353,26,0.4886
moe_coarse_1e19,moe_coarse_1e19,1e19,full,14,51,sequence,4,1982,4940,8353,573,0.61
moe_coarse_1e19,moe_coarse_1e19,1e19,full,14,52,sequence,4,1982,4940,8353,571,0.8228
moe_coarse_1e19,moe_coarse_1e19,1e19,full,14,53,sequence,4,1982,4940,8353,4,0.7973
moe_coarse_1e19,moe_coarse_1e19,1e19,full,14,54,sequence,4,1982,4940,8353,1773,0.9081
moe_coarse_1e19,moe_coarse_1e19,1e19,full,14,55,sequence,4,1982,4940,8353,1141,0.942
moe_coarse_1e19,moe_coarse_1e19,1e19,full,14,56,sequence,4,1982,4940,8353,65,0.8273
moe_coarse_1e19,moe_coarse_1e19,1e19,full,14,57,sequence,4,1982,4940,8353,321,0.9417
moe_coarse_1e19,moe_coarse_1e19,1e19,full,14,58,sequence,4,1982,4940,8353,884,0.8992
moe_coarse_1e19,moe_coarse_1e19,1e19,full,14,59,sequence,4,1982,4940,8353,275,0.7
moe_coarse_1e19,moe_coarse_1e19,1e19,full,14,60,sequence,4,1982,4940,8353,2323,0.9307
moe_coarse_1e19,moe_coarse_1e19,1e19,full,14,61,sequence,4,1982,4940,8353,255,0.6471
moe_coarse_1e19,moe_coarse_1e19,1e19,full,14,62,sequence,4,1982,4940,8353,1190,0.6882
moe_coarse_1e19,moe_coarse_1e19,1e19,full,14,63,sequence,4,1982,4940,8353,1586,0.8397
