label,run,layer,expert,variant,n_tokens,eff_vocab,dispersion
moe_coarse_1e19,moe_coarse_1e19,2,0,weighted,12197,9746.9,0.8484
moe_coarse_1e19,moe_coarse_1e19,2,0,static,12197,32517.9,0.9597
moe_coarse_1e19,moe_coarse_1e19,2,1,weighted,11956,282.2,0.5212
moe_coarse_1e19,moe_coarse_1e19,2,1,static,11956,34071.5,0.964
moe_coarse_1e19,moe_coarse_1e19,2,2,weighted,12643,10065.4,0.8514
moe_coarse_1e19,moe_coarse_1e19,2,2,static,12643,30330.2,0.9533
moe_coarse_1e19,moe_coarse_1e19,2,3,weighted,14137,383.6,0.5496
moe_coarse_1e19,moe_coarse_1e19,2,3,static,14137,32641.0,0.96
moe_coarse_1e19,moe_coarse_1e19,2,4,weighted,12197,9311.2,0.8442
moe_coarse_1e19,moe_coarse_1e19,2,4,static,12197,34541.4,0.9653
moe_coarse_1e19,moe_coarse_1e19,2,5,weighted,12497,5860.0,0.8014
moe_coarse_1e19,moe_coarse_1e19,2,5,static,12497,34003.6,0.9638
moe_coarse_1e19,moe_coarse_1e19,2,6,weighted,11933,8955.4,0.8406
moe_coarse_1e19,moe_coarse_1e19,2,6,static,11933,32934.4,0.9609
moe_coarse_1e19,moe_coarse_1e19,2,7,weighted,12857,4944.6,0.7857
moe_coarse_1e19,moe_coarse_1e19,2,7,static,12857,30154.6,0.9527
moe_coarse_1e19,moe_coarse_1e19,2,8,weighted,12051,680.8,0.6026
moe_coarse_1e19,moe_coarse_1e19,2,8,static,12051,34060.8,0.964
moe_coarse_1e19,moe_coarse_1e19,2,9,weighted,12039,4525.0,0.7775
moe_coarse_1e19,moe_coarse_1e19,2,9,static,12039,34222.5,0.9644
moe_coarse_1e19,moe_coarse_1e19,2,10,weighted,11915,9692.0,0.8479
moe_coarse_1e19,moe_coarse_1e19,2,10,static,11915,37547.9,0.973
moe_coarse_1e19,moe_coarse_1e19,2,11,weighted,12465,2575.0,0.7254
moe_coarse_1e19,moe_coarse_1e19,2,11,static,12465,23764.7,0.9307
moe_coarse_1e19,moe_coarse_1e19,2,12,weighted,13046,14003.0,0.8819
moe_coarse_1e19,moe_coarse_1e19,2,12,static,13046,34572.8,0.9654
moe_coarse_1e19,moe_coarse_1e19,2,13,weighted,12046,8634.7,0.8372
moe_coarse_1e19,moe_coarse_1e19,2,13,static,12046,31941.3,0.958
moe_coarse_1e19,moe_coarse_1e19,2,14,weighted,12286,7416.1,0.8232
moe_coarse_1e19,moe_coarse_1e19,2,14,static,12286,25730.0,0.9381
moe_coarse_1e19,moe_coarse_1e19,2,15,weighted,12356,8073.8,0.831
moe_coarse_1e19,moe_coarse_1e19,2,15,static,12356,31724.0,0.9574
moe_coarse_1e19,moe_coarse_1e19,2,16,weighted,12372,9996.6,0.8507
moe_coarse_1e19,moe_coarse_1e19,2,16,static,12372,33488.5,0.9624
moe_coarse_1e19,moe_coarse_1e19,2,17,weighted,11654,115.8,0.439
moe_coarse_1e19,moe_coarse_1e19,2,17,static,11654,32546.5,0.9598
moe_coarse_1e19,moe_coarse_1e19,2,18,weighted,12597,9515.8,0.8462
moe_coarse_1e19,moe_coarse_1e19,2,18,static,12597,37502.7,0.9729
moe_coarse_1e19,moe_coarse_1e19,2,19,weighted,12966,549.1,0.5827
moe_coarse_1e19,moe_coarse_1e19,2,19,static,12966,29558.4,0.9509
moe_coarse_1e19,moe_coarse_1e19,2,20,weighted,12140,8663.5,0.8375
moe_coarse_1e19,moe_coarse_1e19,2,20,static,12140,30400.8,0.9535
moe_coarse_1e19,moe_coarse_1e19,2,21,weighted,10951,6602.2,0.8124
moe_coarse_1e19,moe_coarse_1e19,2,21,static,10951,30501.7,0.9538
moe_coarse_1e19,moe_coarse_1e19,2,22,weighted,12311,380.9,0.5489
moe_coarse_1e19,moe_coarse_1e19,2,22,static,12311,32728.1,0.9603
moe_coarse_1e19,moe_coarse_1e19,2,23,weighted,12570,626.7,0.5949
moe_coarse_1e19,moe_coarse_1e19,2,23,static,12570,33451.8,0.9623
moe_coarse_1e19,moe_coarse_1e19,2,24,weighted,12817,9463.7,0.8457
moe_coarse_1e19,moe_coarse_1e19,2,24,static,12817,29950.3,0.9521
moe_coarse_1e19,moe_coarse_1e19,2,25,weighted,11828,7181.5,0.8202
moe_coarse_1e19,moe_coarse_1e19,2,25,static,11828,37242.6,0.9722
moe_coarse_1e19,moe_coarse_1e19,2,26,weighted,12551,4202.8,0.7707
moe_coarse_1e19,moe_coarse_1e19,2,26,static,12551,31097.0,0.9556
moe_coarse_1e19,moe_coarse_1e19,2,27,weighted,10878,4252.8,0.7718
moe_coarse_1e19,moe_coarse_1e19,2,27,static,10878,33580.1,0.9627
moe_coarse_1e19,moe_coarse_1e19,2,28,weighted,12414,8422.4,0.8349
moe_coarse_1e19,moe_coarse_1e19,2,28,static,12414,36540.5,0.9705
moe_coarse_1e19,moe_coarse_1e19,2,29,weighted,11140,240.7,0.5065
moe_coarse_1e19,moe_coarse_1e19,2,29,static,11140,35375.3,0.9675
moe_coarse_1e19,moe_coarse_1e19,2,30,weighted,11340,411.4,0.556
moe_coarse_1e19,moe_coarse_1e19,2,30,static,11340,30903.9,0.955
moe_coarse_1e19,moe_coarse_1e19,2,31,weighted,11244,8743.2,0.8384
moe_coarse_1e19,moe_coarse_1e19,2,31,static,11244,32488.2,0.9596
moe_coarse_1e19,moe_coarse_1e19,2,32,weighted,11785,8050.9,0.8307
moe_coarse_1e19,moe_coarse_1e19,2,32,static,11785,31711.9,0.9574
moe_coarse_1e19,moe_coarse_1e19,2,33,weighted,11984,89.7,0.4153
moe_coarse_1e19,moe_coarse_1e19,2,33,static,11984,33585.8,0.9627
moe_coarse_1e19,moe_coarse_1e19,2,34,weighted,12457,1157.2,0.6516
moe_coarse_1e19,moe_coarse_1e19,2,34,static,12457,30885.7,0.9549
moe_coarse_1e19,moe_coarse_1e19,2,35,weighted,13361,5625.2,0.7976
moe_coarse_1e19,moe_coarse_1e19,2,35,static,13361,33942.0,0.9637
moe_coarse_1e19,moe_coarse_1e19,2,36,weighted,13023,8377.5,0.8344
moe_coarse_1e19,moe_coarse_1e19,2,36,static,13023,28709.6,0.9482
moe_coarse_1e19,moe_coarse_1e19,2,37,weighted,13280,6665.3,0.8133
moe_coarse_1e19,moe_coarse_1e19,2,37,static,13280,29872.7,0.9519
moe_coarse_1e19,moe_coarse_1e19,2,38,weighted,12306,3799.8,0.7614
moe_coarse_1e19,moe_coarse_1e19,2,38,static,12306,36096.8,0.9693
moe_coarse_1e19,moe_coarse_1e19,2,39,weighted,12674,21.6,0.284
moe_coarse_1e19,moe_coarse_1e19,2,39,static,12674,36399.7,0.9701
moe_coarse_1e19,moe_coarse_1e19,2,40,weighted,12587,9165.0,0.8427
moe_coarse_1e19,moe_coarse_1e19,2,40,static,12587,35141.3,0.9669
moe_coarse_1e19,moe_coarse_1e19,2,41,weighted,12513,457.3,0.5658
moe_coarse_1e19,moe_coarse_1e19,2,41,static,12513,33092.1,0.9613
moe_coarse_1e19,moe_coarse_1e19,2,42,weighted,13302,1816.1,0.6932
moe_coarse_1e19,moe_coarse_1e19,2,42,static,13302,29014.8,0.9492
moe_coarse_1e19,moe_coarse_1e19,2,43,weighted,12106,21.6,0.284
moe_coarse_1e19,moe_coarse_1e19,2,43,static,12106,32331.4,0.9592
moe_coarse_1e19,moe_coarse_1e19,2,44,weighted,12060,7273.6,0.8214
moe_coarse_1e19,moe_coarse_1e19,2,44,static,12060,34706.1,0.9657
moe_coarse_1e19,moe_coarse_1e19,2,45,weighted,12475,5615.8,0.7975
moe_coarse_1e19,moe_coarse_1e19,2,45,static,12475,33361.5,0.9621
moe_coarse_1e19,moe_coarse_1e19,2,46,weighted,12889,62.6,0.3821
moe_coarse_1e19,moe_coarse_1e19,2,46,static,12889,31475.8,0.9567
moe_coarse_1e19,moe_coarse_1e19,2,47,weighted,12236,6288.4,0.8079
moe_coarse_1e19,moe_coarse_1e19,2,47,static,12236,28400.3,0.9472
moe_coarse_1e19,moe_coarse_1e19,2,48,weighted,11853,4266.0,0.7721
moe_coarse_1e19,moe_coarse_1e19,2,48,static,11853,33349.8,0.962
moe_coarse_1e19,moe_coarse_1e19,2,49,weighted,11687,4137.4,0.7693
moe_coarse_1e19,moe_coarse_1e19,2,49,static,11687,33397.2,0.9622
moe_coarse_1e19,moe_coarse_1e19,2,50,weighted,12947,1779.9,0.6913
moe_coarse_1e19,moe_coarse_1e19,2,50,static,12947,31314.4,0.9562
moe_coarse_1e19,moe_coarse_1e19,2,51,weighted,12127,2234.4,0.7123
moe_coarse_1e19,moe_coarse_1e19,2,51,static,12127,33925.3,0.9636
moe_coarse_1e19,moe_coarse_1e19,2,52,weighted,11905,43.7,0.349
moe_coarse_1e19,moe_coarse_1e19,2,52,static,11905,31971.5,0.9581
moe_coarse_1e19,moe_coarse_1e19,2,53,weighted,11993,1399.0,0.6691
moe_coarse_1e19,moe_coarse_1e19,2,53,static,11993,27079.2,0.9428
moe_coarse_1e19,moe_coarse_1e19,2,54,weighted,12618,2511.3,0.7231
moe_coarse_1e19,moe_coarse_1e19,2,54,static,12618,29509.9,0.9507
moe_coarse_1e19,moe_coarse_1e19,2,55,weighted,11439,8788.0,0.8388
moe_coarse_1e19,moe_coarse_1e19,2,55,static,11439,30673.0,0.9543
moe_coarse_1e19,moe_coarse_1e19,2,56,weighted,12791,10056.6,0.8513
moe_coarse_1e19,moe_coarse_1e19,2,56,static,12791,29380.4,0.9503
moe_coarse_1e19,moe_coarse_1e19,2,57,weighted,12355,564.0,0.5852
moe_coarse_1e19,moe_coarse_1e19,2,57,static,12355,32032.8,0.9583
moe_coarse_1e19,moe_coarse_1e19,2,58,weighted,12716,8036.9,0.8306
moe_coarse_1e19,moe_coarse_1e19,2,58,static,12716,35023.3,0.9666
moe_coarse_1e19,moe_coarse_1e19,2,59,weighted,12358,6755.7,0.8145
moe_coarse_1e19,moe_coarse_1e19,2,59,static,12358,31400.1,0.9565
moe_coarse_1e19,moe_coarse_1e19,2,60,weighted,11454,923.6,0.6307
moe_coarse_1e19,moe_coarse_1e19,2,60,static,11454,35031.1,0.9666
moe_coarse_1e19,moe_coarse_1e19,2,61,weighted,11518,10256.0,0.8531
moe_coarse_1e19,moe_coarse_1e19,2,61,static,11518,31143.3,0.9557
moe_coarse_1e19,moe_coarse_1e19,2,62,weighted,12387,3.9,0.1253
moe_coarse_1e19,moe_coarse_1e19,2,62,static,12387,28150.9,0.9464
moe_coarse_1e19,moe_coarse_1e19,2,63,weighted,12852,295.0,0.5253
moe_coarse_1e19,moe_coarse_1e19,2,63,static,12852,33764.0,0.9632
moe_coarse_1e19,moe_coarse_1e19,3,0,weighted,12579,689.2,0.6037
moe_coarse_1e19,moe_coarse_1e19,3,0,static,12579,27112.9,0.9429
moe_coarse_1e19,moe_coarse_1e19,3,1,weighted,11576,2163.0,0.7093
moe_coarse_1e19,moe_coarse_1e19,3,1,static,11576,30230.8,0.953
moe_coarse_1e19,moe_coarse_1e19,3,2,weighted,12813,9171.6,0.8428
moe_coarse_1e19,moe_coarse_1e19,3,2,static,12813,27229.4,0.9433
moe_coarse_1e19,moe_coarse_1e19,3,3,weighted,12628,6748.0,0.8144
moe_coarse_1e19,moe_coarse_1e19,3,3,static,12628,29252.4,0.9499
moe_coarse_1e19,moe_coarse_1e19,3,4,weighted,12697,6429.5,0.81
moe_coarse_1e19,moe_coarse_1e19,3,4,static,12697,29470.4,0.9506
moe_coarse_1e19,moe_coarse_1e19,3,5,weighted,12129,3523.1,0.7544
moe_coarse_1e19,moe_coarse_1e19,3,5,static,12129,28501.8,0.9475
moe_coarse_1e19,moe_coarse_1e19,3,6,weighted,12547,3415.1,0.7515
moe_coarse_1e19,moe_coarse_1e19,3,6,static,12547,29892.7,0.9519
moe_coarse_1e19,moe_coarse_1e19,3,7,weighted,11701,4492.0,0.7768
moe_coarse_1e19,moe_coarse_1e19,3,7,static,11701,31613.2,0.9571
moe_coarse_1e19,moe_coarse_1e19,3,8,weighted,11775,9681.7,0.8478
moe_coarse_1e19,moe_coarse_1e19,3,8,static,11775,27878.9,0.9455
moe_coarse_1e19,moe_coarse_1e19,3,9,weighted,12749,8205.7,0.8325
moe_coarse_1e19,moe_coarse_1e19,3,9,static,12749,30857.4,0.9549
moe_coarse_1e19,moe_coarse_1e19,3,10,weighted,12605,795.4,0.6169
moe_coarse_1e19,moe_coarse_1e19,3,10,static,12605,28871.1,0.9487
moe_coarse_1e19,moe_coarse_1e19,3,11,weighted,12902,3514.8,0.7542
moe_coarse_1e19,moe_coarse_1e19,3,11,static,12902,32413.7,0.9594
moe_coarse_1e19,moe_coarse_1e19,3,12,weighted,12024,10314.6,0.8536
moe_coarse_1e19,moe_coarse_1e19,3,12,static,12024,28926.8,0.9489
moe_coarse_1e19,moe_coarse_1e19,3,13,weighted,13114,6721.3,0.8141
moe_coarse_1e19,moe_coarse_1e19,3,13,static,13114,30678.7,0.9543
moe_coarse_1e19,moe_coarse_1e19,3,14,weighted,12621,228.1,0.5016
moe_coarse_1e19,moe_coarse_1e19,3,14,static,12621,31417.4,0.9565
moe_coarse_1e19,moe_coarse_1e19,3,15,weighted,12906,1847.0,0.6948
moe_coarse_1e19,moe_coarse_1e19,3,15,static,12906,32140.3,0.9586
moe_coarse_1e19,moe_coarse_1e19,3,16,weighted,12021,7923.8,0.8293
moe_coarse_1e19,moe_coarse_1e19,3,16,static,12021,31016.4,0.9553
moe_coarse_1e19,moe_coarse_1e19,3,17,weighted,12167,7077.1,0.8188
moe_coarse_1e19,moe_coarse_1e19,3,17,static,12167,28819.0,0.9485
moe_coarse_1e19,moe_coarse_1e19,3,18,weighted,12273,5541.3,0.7962
moe_coarse_1e19,moe_coarse_1e19,3,18,static,12273,22313.7,0.9249
moe_coarse_1e19,moe_coarse_1e19,3,19,weighted,12137,2038.3,0.7039
moe_coarse_1e19,moe_coarse_1e19,3,19,static,12137,30132.6,0.9527
moe_coarse_1e19,moe_coarse_1e19,3,20,weighted,12664,3562.2,0.7554
moe_coarse_1e19,moe_coarse_1e19,3,20,static,12664,29518.0,0.9508
moe_coarse_1e19,moe_coarse_1e19,3,21,weighted,11869,1926.3,0.6986
moe_coarse_1e19,moe_coarse_1e19,3,21,static,11869,33072.8,0.9613
moe_coarse_1e19,moe_coarse_1e19,3,22,weighted,12741,5424.1,0.7943
moe_coarse_1e19,moe_coarse_1e19,3,22,static,12741,30063.8,0.9525
moe_coarse_1e19,moe_coarse_1e19,3,23,weighted,12648,13364.3,0.8776
moe_coarse_1e19,moe_coarse_1e19,3,23,static,12648,33273.8,0.9618
moe_coarse_1e19,moe_coarse_1e19,3,24,weighted,12107,5055.9,0.7878
moe_coarse_1e19,moe_coarse_1e19,3,24,static,12107,34787.2,0.9659
moe_coarse_1e19,moe_coarse_1e19,3,25,weighted,11973,10731.9,0.8573
moe_coarse_1e19,moe_coarse_1e19,3,25,static,11973,30661.7,0.9543
moe_coarse_1e19,moe_coarse_1e19,3,26,weighted,12216,6350.1,0.8088
moe_coarse_1e19,moe_coarse_1e19,3,26,static,12216,26042.7,0.9392
moe_coarse_1e19,moe_coarse_1e19,3,27,weighted,12008,6828.2,0.8155
moe_coarse_1e19,moe_coarse_1e19,3,27,static,12008,29180.4,0.9497
moe_coarse_1e19,moe_coarse_1e19,3,28,weighted,10839,4519.8,0.7774
moe_coarse_1e19,moe_coarse_1e19,3,28,static,10839,25660.7,0.9378
moe_coarse_1e19,moe_coarse_1e19,3,29,weighted,12859,1684.0,0.6862
moe_coarse_1e19,moe_coarse_1e19,3,29,static,12859,25905.9,0.9387
moe_coarse_1e19,moe_coarse_1e19,3,30,weighted,12702,6758.3,0.8146
moe_coarse_1e19,moe_coarse_1e19,3,30,static,12702,31740.8,0.9575
moe_coarse_1e19,moe_coarse_1e19,3,31,weighted,12432,8119.6,0.8315
moe_coarse_1e19,moe_coarse_1e19,3,31,static,12432,29068.4,0.9493
moe_coarse_1e19,moe_coarse_1e19,3,32,weighted,11936,11149.9,0.8608
moe_coarse_1e19,moe_coarse_1e19,3,32,static,11936,26639.9,0.9413
moe_coarse_1e19,moe_coarse_1e19,3,33,weighted,12705,133.0,0.4517
moe_coarse_1e19,moe_coarse_1e19,3,33,static,12705,31046.4,0.9554
moe_coarse_1e19,moe_coarse_1e19,3,34,weighted,12799,1555.5,0.6789
moe_coarse_1e19,moe_coarse_1e19,3,34,static,12799,29222.8,0.9498
moe_coarse_1e19,moe_coarse_1e19,3,35,weighted,12248,4152.5,0.7696
moe_coarse_1e19,moe_coarse_1e19,3,35,static,12248,16344.7,0.8962
moe_coarse_1e19,moe_coarse_1e19,3,36,weighted,13009,8686.4,0.8378
moe_coarse_1e19,moe_coarse_1e19,3,36,static,13009,31428.6,0.9566
moe_coarse_1e19,moe_coarse_1e19,3,37,weighted,12260,4869.8,0.7843
moe_coarse_1e19,moe_coarse_1e19,3,37,static,12260,29874.7,0.9519
moe_coarse_1e19,moe_coarse_1e19,3,38,weighted,12504,1365.3,0.6668
moe_coarse_1e19,moe_coarse_1e19,3,38,static,12504,33651.9,0.9629
moe_coarse_1e19,moe_coarse_1e19,3,39,weighted,12051,9858.7,0.8495
moe_coarse_1e19,moe_coarse_1e19,3,39,static,12051,30352.2,0.9533
moe_coarse_1e19,moe_coarse_1e19,3,40,weighted,12645,3299.1,0.7483
moe_coarse_1e19,moe_coarse_1e19,3,40,static,12645,32161.7,0.9587
moe_coarse_1e19,moe_coarse_1e19,3,41,weighted,10162,3078.3,0.7419
moe_coarse_1e19,moe_coarse_1e19,3,41,static,10162,28653.7,0.948
moe_coarse_1e19,moe_coarse_1e19,3,42,weighted,12404,3043.7,0.7409
moe_coarse_1e19,moe_coarse_1e19,3,42,static,12404,29075.6,0.9494
moe_coarse_1e19,moe_coarse_1e19,3,43,weighted,12422,2164.1,0.7094
moe_coarse_1e19,moe_coarse_1e19,3,43,static,12422,32138.0,0.9586
moe_coarse_1e19,moe_coarse_1e19,3,44,weighted,12470,7343.7,0.8223
moe_coarse_1e19,moe_coarse_1e19,3,44,static,12470,26895.2,0.9422
moe_coarse_1e19,moe_coarse_1e19,3,45,weighted,13359,1443.1,0.672
moe_coarse_1e19,moe_coarse_1e19,3,45,static,13359,27701.2,0.9449
moe_coarse_1e19,moe_coarse_1e19,3,46,weighted,11801,3102.0,0.7426
moe_coarse_1e19,moe_coarse_1e19,3,46,static,11801,26961.3,0.9424
moe_coarse_1e19,moe_coarse_1e19,3,47,weighted,12118,10278.5,0.8533
moe_coarse_1e19,moe_coarse_1e19,3,47,static,12118,28853.8,0.9487
moe_coarse_1e19,moe_coarse_1e19,3,48,weighted,11943,232.1,0.5032
moe_coarse_1e19,moe_coarse_1e19,3,48,static,11943,31147.0,0.9557
moe_coarse_1e19,moe_coarse_1e19,3,49,weighted,12196,11751.8,0.8657
moe_coarse_1e19,moe_coarse_1e19,3,49,static,12196,31791.7,0.9576
moe_coarse_1e19,moe_coarse_1e19,3,50,weighted,12036,6032.2,0.8041
moe_coarse_1e19,moe_coarse_1e19,3,50,static,12036,31295.0,0.9562
moe_coarse_1e19,moe_coarse_1e19,3,51,weighted,12202,7503.9,0.8242
moe_coarse_1e19,moe_coarse_1e19,3,51,static,12202,30369.4,0.9534
moe_coarse_1e19,moe_coarse_1e19,3,52,weighted,12733,2014.3,0.7028
moe_coarse_1e19,moe_coarse_1e19,3,52,static,12733,27018.2,0.9426
moe_coarse_1e19,moe_coarse_1e19,3,53,weighted,11798,314.0,0.5311
moe_coarse_1e19,moe_coarse_1e19,3,53,static,11798,29237.6,0.9499
moe_coarse_1e19,moe_coarse_1e19,3,54,weighted,12663,8195.9,0.8324
moe_coarse_1e19,moe_coarse_1e19,3,54,static,12663,31970.7,0.9581
moe_coarse_1e19,moe_coarse_1e19,3,55,weighted,12220,38.9,0.3383
moe_coarse_1e19,moe_coarse_1e19,3,55,static,12220,32995.7,0.961
moe_coarse_1e19,moe_coarse_1e19,3,56,weighted,11434,10014.5,0.8509
moe_coarse_1e19,moe_coarse_1e19,3,56,static,11434,30293.7,0.9532
moe_coarse_1e19,moe_coarse_1e19,3,57,weighted,12650,4404.7,0.775
moe_coarse_1e19,moe_coarse_1e19,3,57,static,12650,28133.6,0.9463
moe_coarse_1e19,moe_coarse_1e19,3,58,weighted,11990,3924.3,0.7644
moe_coarse_1e19,moe_coarse_1e19,3,58,static,11990,30740.9,0.9545
moe_coarse_1e19,moe_coarse_1e19,3,59,weighted,11432,4417.2,0.7753
moe_coarse_1e19,moe_coarse_1e19,3,59,static,11432,30557.2,0.954
moe_coarse_1e19,moe_coarse_1e19,3,60,weighted,12689,2703.3,0.7299
moe_coarse_1e19,moe_coarse_1e19,3,60,static,12689,31264.5,0.9561
moe_coarse_1e19,moe_coarse_1e19,3,61,weighted,12115,2900.2,0.7364
moe_coarse_1e19,moe_coarse_1e19,3,61,static,12115,26894.5,0.9422
moe_coarse_1e19,moe_coarse_1e19,3,62,weighted,11820,5200.7,0.7904
moe_coarse_1e19,moe_coarse_1e19,3,62,static,11820,27098.1,0.9429
moe_coarse_1e19,moe_coarse_1e19,3,63,weighted,12596,3388.2,0.7508
moe_coarse_1e19,moe_coarse_1e19,3,63,static,12596,30905.3,0.955
moe_coarse_1e19,moe_coarse_1e19,4,0,weighted,12139,4420.9,0.7754
moe_coarse_1e19,moe_coarse_1e19,4,0,static,12139,26953.7,0.9424
moe_coarse_1e19,moe_coarse_1e19,4,1,weighted,12439,2658.0,0.7284
moe_coarse_1e19,moe_coarse_1e19,4,1,static,12439,28075.2,0.9461
moe_coarse_1e19,moe_coarse_1e19,4,2,weighted,12608,798.3,0.6173
moe_coarse_1e19,moe_coarse_1e19,4,2,static,12608,27869.9,0.9455
moe_coarse_1e19,moe_coarse_1e19,4,3,weighted,12052,3909.1,0.764
moe_coarse_1e19,moe_coarse_1e19,4,3,static,12052,32704.2,0.9602
moe_coarse_1e19,moe_coarse_1e19,4,4,weighted,12494,3425.5,0.7518
moe_coarse_1e19,moe_coarse_1e19,4,4,static,12494,31768.9,0.9575
moe_coarse_1e19,moe_coarse_1e19,4,5,weighted,13353,4103.1,0.7685
moe_coarse_1e19,moe_coarse_1e19,4,5,static,13353,23718.1,0.9306
moe_coarse_1e19,moe_coarse_1e19,4,6,weighted,12100,4211.3,0.7709
moe_coarse_1e19,moe_coarse_1e19,4,6,static,12100,32042.0,0.9583
moe_coarse_1e19,moe_coarse_1e19,4,7,weighted,12201,4036.6,0.767
moe_coarse_1e19,moe_coarse_1e19,4,7,static,12201,18777.5,0.909
moe_coarse_1e19,moe_coarse_1e19,4,8,weighted,11824,6533.3,0.8115
moe_coarse_1e19,moe_coarse_1e19,4,8,static,11824,24953.9,0.9352
moe_coarse_1e19,moe_coarse_1e19,4,9,weighted,12405,4351.6,0.7739
moe_coarse_1e19,moe_coarse_1e19,4,9,static,12405,29184.7,0.9497
moe_coarse_1e19,moe_coarse_1e19,4,10,weighted,11984,5044.2,0.7876
moe_coarse_1e19,moe_coarse_1e19,4,10,static,11984,30725.7,0.9545
moe_coarse_1e19,moe_coarse_1e19,4,11,weighted,11551,2980.0,0.7389
moe_coarse_1e19,moe_coarse_1e19,4,11,static,11551,26915.4,0.9422
moe_coarse_1e19,moe_coarse_1e19,4,12,weighted,12127,4086.0,0.7681
moe_coarse_1e19,moe_coarse_1e19,4,12,static,12127,21039.4,0.9195
moe_coarse_1e19,moe_coarse_1e19,4,13,weighted,11959,4989.5,0.7866
moe_coarse_1e19,moe_coarse_1e19,4,13,static,11959,27100.7,0.9429
moe_coarse_1e19,moe_coarse_1e19,4,14,weighted,11715,696.5,0.6047
moe_coarse_1e19,moe_coarse_1e19,4,14,static,11715,29323.5,0.9501
moe_coarse_1e19,moe_coarse_1e19,4,15,weighted,12232,8690.5,0.8378
moe_coarse_1e19,moe_coarse_1e19,4,15,static,12232,26499.2,0.9408
moe_coarse_1e19,moe_coarse_1e19,4,16,weighted,12637,7550.9,0.8248
moe_coarse_1e19,moe_coarse_1e19,4,16,static,12637,27023.1,0.9426
moe_coarse_1e19,moe_coarse_1e19,4,17,weighted,11958,5048.6,0.7876
moe_coarse_1e19,moe_coarse_1e19,4,17,static,11958,31945.5,0.9581
moe_coarse_1e19,moe_coarse_1e19,4,18,weighted,12552,9425.1,0.8453
moe_coarse_1e19,moe_coarse_1e19,4,18,static,12552,29568.7,0.9509
moe_coarse_1e19,moe_coarse_1e19,4,19,weighted,12049,1005.1,0.6385
moe_coarse_1e19,moe_coarse_1e19,4,19,static,12049,30875.0,0.9549
moe_coarse_1e19,moe_coarse_1e19,4,20,weighted,12523,5236.6,0.791
moe_coarse_1e19,moe_coarse_1e19,4,20,static,12523,34092.1,0.9641
moe_coarse_1e19,moe_coarse_1e19,4,21,weighted,14024,5434.2,0.7944
moe_coarse_1e19,moe_coarse_1e19,4,21,static,14024,26292.5,0.9401
moe_coarse_1e19,moe_coarse_1e19,4,22,weighted,12320,4885.3,0.7846
moe_coarse_1e19,moe_coarse_1e19,4,22,static,12320,26221.9,0.9398
moe_coarse_1e19,moe_coarse_1e19,4,23,weighted,13036,9876.1,0.8496
moe_coarse_1e19,moe_coarse_1e19,4,23,static,13036,27456.4,0.9441
moe_coarse_1e19,moe_coarse_1e19,4,24,weighted,11627,3713.4,0.7593
moe_coarse_1e19,moe_coarse_1e19,4,24,static,11627,27566.4,0.9444
moe_coarse_1e19,moe_coarse_1e19,4,25,weighted,12314,7603.8,0.8255
moe_coarse_1e19,moe_coarse_1e19,4,25,static,12314,27386.4,0.9438
moe_coarse_1e19,moe_coarse_1e19,4,26,weighted,11893,4145.7,0.7694
moe_coarse_1e19,moe_coarse_1e19,4,26,static,11893,28725.4,0.9482
moe_coarse_1e19,moe_coarse_1e19,4,27,weighted,13857,3912.0,0.7641
moe_coarse_1e19,moe_coarse_1e19,4,27,static,13857,23428.8,0.9294
moe_coarse_1e19,moe_coarse_1e19,4,28,weighted,12609,1984.3,0.7014
moe_coarse_1e19,moe_coarse_1e19,4,28,static,12609,27536.9,0.9443
moe_coarse_1e19,moe_coarse_1e19,4,29,weighted,13017,839.9,0.622
moe_coarse_1e19,moe_coarse_1e19,4,29,static,13017,27378.4,0.9438
moe_coarse_1e19,moe_coarse_1e19,4,30,weighted,11797,10157.0,0.8522
moe_coarse_1e19,moe_coarse_1e19,4,30,static,11797,24335.3,0.9329
moe_coarse_1e19,moe_coarse_1e19,4,31,weighted,12393,1227.3,0.657
moe_coarse_1e19,moe_coarse_1e19,4,31,static,12393,29393.9,0.9504
moe_coarse_1e19,moe_coarse_1e19,4,32,weighted,12089,5370.9,0.7934
moe_coarse_1e19,moe_coarse_1e19,4,32,static,12089,25893.5,0.9387
moe_coarse_1e19,moe_coarse_1e19,4,33,weighted,11593,7215.2,0.8206
moe_coarse_1e19,moe_coarse_1e19,4,33,static,11593,25366.5,0.9368
moe_coarse_1e19,moe_coarse_1e19,4,34,weighted,12988,24.4,0.2949
moe_coarse_1e19,moe_coarse_1e19,4,34,static,12988,30427.0,0.9536
moe_coarse_1e19,moe_coarse_1e19,4,35,weighted,11562,1221.0,0.6565
moe_coarse_1e19,moe_coarse_1e19,4,35,static,11562,26668.1,0.9414
moe_coarse_1e19,moe_coarse_1e19,4,36,weighted,13114,4751.9,0.782
moe_coarse_1e19,moe_coarse_1e19,4,36,static,13114,28206.5,0.9466
moe_coarse_1e19,moe_coarse_1e19,4,37,weighted,11029,2874.9,0.7356
moe_coarse_1e19,moe_coarse_1e19,4,37,static,11029,30390.8,0.9534
moe_coarse_1e19,moe_coarse_1e19,4,38,weighted,11757,1469.3,0.6736
moe_coarse_1e19,moe_coarse_1e19,4,38,static,11757,29750.7,0.9515
moe_coarse_1e19,moe_coarse_1e19,4,39,weighted,13147,502.0,0.5744
moe_coarse_1e19,moe_coarse_1e19,4,39,static,13147,27338.2,0.9437
moe_coarse_1e19,moe_coarse_1e19,4,40,weighted,12324,11704.2,0.8653
moe_coarse_1e19,moe_coarse_1e19,4,40,static,12324,29448.3,0.9505
moe_coarse_1e19,moe_coarse_1e19,4,41,weighted,12385,3891.0,0.7636
moe_coarse_1e19,moe_coarse_1e19,4,41,static,12385,31697.8,0.9573
moe_coarse_1e19,moe_coarse_1e19,4,42,weighted,11884,7721.3,0.8269
moe_coarse_1e19,moe_coarse_1e19,4,42,static,11884,29307.3,0.9501
moe_coarse_1e19,moe_coarse_1e19,4,43,weighted,12674,1940.9,0.6993
moe_coarse_1e19,moe_coarse_1e19,4,43,static,12674,29505.6,0.9507
moe_coarse_1e19,moe_coarse_1e19,4,44,weighted,13020,7446.8,0.8235
moe_coarse_1e19,moe_coarse_1e19,4,44,static,13020,29296.7,0.9501
moe_coarse_1e19,moe_coarse_1e19,4,45,weighted,11862,3953.6,0.7651
moe_coarse_1e19,moe_coarse_1e19,4,45,static,11862,27402.0,0.9439
moe_coarse_1e19,moe_coarse_1e19,4,46,weighted,11892,4227.1,0.7712
moe_coarse_1e19,moe_coarse_1e19,4,46,static,11892,28370.7,0.9471
moe_coarse_1e19,moe_coarse_1e19,4,47,weighted,11899,6109.3,0.8053
moe_coarse_1e19,moe_coarse_1e19,4,47,static,11899,30917.4,0.955
moe_coarse_1e19,moe_coarse_1e19,4,48,weighted,12007,5083.7,0.7883
moe_coarse_1e19,moe_coarse_1e19,4,48,static,12007,29281.2,0.95
moe_coarse_1e19,moe_coarse_1e19,4,49,weighted,11975,4102.1,0.7685
moe_coarse_1e19,moe_coarse_1e19,4,49,static,11975,26437.4,0.9406
moe_coarse_1e19,moe_coarse_1e19,4,50,weighted,11690,2131.1,0.708
moe_coarse_1e19,moe_coarse_1e19,4,50,static,11690,28632.7,0.9479
moe_coarse_1e19,moe_coarse_1e19,4,51,weighted,11252,921.3,0.6305
moe_coarse_1e19,moe_coarse_1e19,4,51,static,11252,29545.3,0.9508
moe_coarse_1e19,moe_coarse_1e19,4,52,weighted,11913,5022.2,0.7872
moe_coarse_1e19,moe_coarse_1e19,4,52,static,11913,29405.0,0.9504
moe_coarse_1e19,moe_coarse_1e19,4,53,weighted,12909,4449.6,0.776
moe_coarse_1e19,moe_coarse_1e19,4,53,static,12909,31422.9,0.9565
moe_coarse_1e19,moe_coarse_1e19,4,54,weighted,12312,2640.0,0.7278
moe_coarse_1e19,moe_coarse_1e19,4,54,static,12312,29610.8,0.951
moe_coarse_1e19,moe_coarse_1e19,4,55,weighted,13003,2197.7,0.7108
moe_coarse_1e19,moe_coarse_1e19,4,55,static,13003,25667.7,0.9378
moe_coarse_1e19,moe_coarse_1e19,4,56,weighted,13906,7685.0,0.8265
moe_coarse_1e19,moe_coarse_1e19,4,56,static,13906,30534.4,0.9539
moe_coarse_1e19,moe_coarse_1e19,4,57,weighted,12080,2717.2,0.7304
moe_coarse_1e19,moe_coarse_1e19,4,57,static,12080,29567.6,0.9509
moe_coarse_1e19,moe_coarse_1e19,4,58,weighted,12821,4777.4,0.7825
moe_coarse_1e19,moe_coarse_1e19,4,58,static,12821,28337.5,0.947
moe_coarse_1e19,moe_coarse_1e19,4,59,weighted,12203,9482.2,0.8459
moe_coarse_1e19,moe_coarse_1e19,4,59,static,12203,25648.7,0.9378
moe_coarse_1e19,moe_coarse_1e19,4,60,weighted,12892,6991.2,0.8177
moe_coarse_1e19,moe_coarse_1e19,4,60,static,12892,30947.4,0.9551
moe_coarse_1e19,moe_coarse_1e19,4,61,weighted,11062,6425.0,0.8099
moe_coarse_1e19,moe_coarse_1e19,4,61,static,11062,27705.6,0.9449
moe_coarse_1e19,moe_coarse_1e19,4,62,weighted,11816,6203.7,0.8067
moe_coarse_1e19,moe_coarse_1e19,4,62,static,11816,26016.1,0.9391
moe_coarse_1e19,moe_coarse_1e19,4,63,weighted,11583,8131.0,0.8317
moe_coarse_1e19,moe_coarse_1e19,4,63,static,11583,29033.1,0.9492
temporal_coarse_1e19,g1_tmoe_coarse_1e19,2,0,weighted,12549,5455.0,0.7948
temporal_coarse_1e19,g1_tmoe_coarse_1e19,2,0,static,12549,25405.5,0.9369
temporal_coarse_1e19,g1_tmoe_coarse_1e19,2,1,weighted,11442,7496.3,0.8242
temporal_coarse_1e19,g1_tmoe_coarse_1e19,2,1,static,11442,34787.7,0.9659
temporal_coarse_1e19,g1_tmoe_coarse_1e19,2,2,weighted,12323,8847.6,0.8395
temporal_coarse_1e19,g1_tmoe_coarse_1e19,2,2,static,12323,35834.3,0.9687
temporal_coarse_1e19,g1_tmoe_coarse_1e19,2,3,weighted,12013,7719.6,0.8269
temporal_coarse_1e19,g1_tmoe_coarse_1e19,2,3,static,12013,35339.6,0.9674
temporal_coarse_1e19,g1_tmoe_coarse_1e19,2,4,weighted,13761,10451.1,0.8548
temporal_coarse_1e19,g1_tmoe_coarse_1e19,2,4,static,13761,33084.2,0.9613
temporal_coarse_1e19,g1_tmoe_coarse_1e19,2,5,weighted,12848,4564.3,0.7783
temporal_coarse_1e19,g1_tmoe_coarse_1e19,2,5,static,12848,33128.0,0.9614
temporal_coarse_1e19,g1_tmoe_coarse_1e19,2,6,weighted,11547,4024.7,0.7667
temporal_coarse_1e19,g1_tmoe_coarse_1e19,2,6,static,11547,33066.6,0.9612
temporal_coarse_1e19,g1_tmoe_coarse_1e19,2,7,weighted,12838,2953.7,0.7381
temporal_coarse_1e19,g1_tmoe_coarse_1e19,2,7,static,12838,31004.0,0.9553
temporal_coarse_1e19,g1_tmoe_coarse_1e19,2,8,weighted,11698,1205.7,0.6554
temporal_coarse_1e19,g1_tmoe_coarse_1e19,2,8,static,11698,33076.3,0.9613
temporal_coarse_1e19,g1_tmoe_coarse_1e19,2,9,weighted,11892,6623.2,0.8127
temporal_coarse_1e19,g1_tmoe_coarse_1e19,2,9,static,11892,34724.8,0.9658
temporal_coarse_1e19,g1_tmoe_coarse_1e19,2,10,weighted,11189,7397.5,0.8229
temporal_coarse_1e19,g1_tmoe_coarse_1e19,2,10,static,11189,38275.0,0.9748
temporal_coarse_1e19,g1_tmoe_coarse_1e19,2,11,weighted,12323,3638.5,0.7574
temporal_coarse_1e19,g1_tmoe_coarse_1e19,2,11,static,12323,30339.2,0.9533
temporal_coarse_1e19,g1_tmoe_coarse_1e19,2,12,weighted,12324,5154.9,0.7896
temporal_coarse_1e19,g1_tmoe_coarse_1e19,2,12,static,12324,33556.7,0.9626
temporal_coarse_1e19,g1_tmoe_coarse_1e19,2,13,weighted,12575,6639.0,0.8129
temporal_coarse_1e19,g1_tmoe_coarse_1e19,2,13,static,12575,34231.4,0.9644
temporal_coarse_1e19,g1_tmoe_coarse_1e19,2,14,weighted,11243,5521.0,0.7959
temporal_coarse_1e19,g1_tmoe_coarse_1e19,2,14,static,11243,36112.7,0.9694
temporal_coarse_1e19,g1_tmoe_coarse_1e19,2,15,weighted,12914,7437.8,0.8234
temporal_coarse_1e19,g1_tmoe_coarse_1e19,2,15,static,12914,30690.3,0.9544
temporal_coarse_1e19,g1_tmoe_coarse_1e19,2,16,weighted,12447,9138.9,0.8425
temporal_coarse_1e19,g1_tmoe_coarse_1e19,2,16,static,12447,33341.5,0.962
temporal_coarse_1e19,g1_tmoe_coarse_1e19,2,17,weighted,12245,11112.0,0.8605
temporal_coarse_1e19,g1_tmoe_coarse_1e19,2,17,static,12245,29525.2,0.9508
temporal_coarse_1e19,g1_tmoe_coarse_1e19,2,18,weighted,11395,8473.1,0.8355
temporal_coarse_1e19,g1_tmoe_coarse_1e19,2,18,static,11395,33972.4,0.9637
temporal_coarse_1e19,g1_tmoe_coarse_1e19,2,19,weighted,14614,10794.5,0.8578
temporal_coarse_1e19,g1_tmoe_coarse_1e19,2,19,static,14614,31963.8,0.9581
temporal_coarse_1e19,g1_tmoe_coarse_1e19,2,20,weighted,11661,7283.3,0.8215
temporal_coarse_1e19,g1_tmoe_coarse_1e19,2,20,static,11661,33046.2,0.9612
temporal_coarse_1e19,g1_tmoe_coarse_1e19,2,21,weighted,11031,4043.3,0.7671
temporal_coarse_1e19,g1_tmoe_coarse_1e19,2,21,static,11031,30862.1,0.9549
temporal_coarse_1e19,g1_tmoe_coarse_1e19,2,22,weighted,11221,2992.4,0.7393
temporal_coarse_1e19,g1_tmoe_coarse_1e19,2,22,static,11221,33120.5,0.9614
temporal_coarse_1e19,g1_tmoe_coarse_1e19,2,23,weighted,12079,7616.0,0.8256
temporal_coarse_1e19,g1_tmoe_coarse_1e19,2,23,static,12079,33523.8,0.9625
temporal_coarse_1e19,g1_tmoe_coarse_1e19,2,24,weighted,11203,2914.8,0.7369
temporal_coarse_1e19,g1_tmoe_coarse_1e19,2,24,static,11203,33503.4,0.9625
temporal_coarse_1e19,g1_tmoe_coarse_1e19,2,25,weighted,13936,7714.3,0.8268
temporal_coarse_1e19,g1_tmoe_coarse_1e19,2,25,static,13936,36074.4,0.9693
temporal_coarse_1e19,g1_tmoe_coarse_1e19,2,26,weighted,12044,4397.7,0.7749
temporal_coarse_1e19,g1_tmoe_coarse_1e19,2,26,static,12044,36402.0,0.9701
temporal_coarse_1e19,g1_tmoe_coarse_1e19,2,27,weighted,12851,11726.6,0.8655
temporal_coarse_1e19,g1_tmoe_coarse_1e19,2,27,static,12851,35087.1,0.9667
temporal_coarse_1e19,g1_tmoe_coarse_1e19,2,28,weighted,12289,3198.3,0.7455
temporal_coarse_1e19,g1_tmoe_coarse_1e19,2,28,static,12289,35593.0,0.968
temporal_coarse_1e19,g1_tmoe_coarse_1e19,2,29,weighted,11594,4289.2,0.7726
temporal_coarse_1e19,g1_tmoe_coarse_1e19,2,29,static,11594,32929.0,0.9609
temporal_coarse_1e19,g1_tmoe_coarse_1e19,2,30,weighted,12732,8504.0,0.8358
temporal_coarse_1e19,g1_tmoe_coarse_1e19,2,30,static,12732,33032.2,0.9611
temporal_coarse_1e19,g1_tmoe_coarse_1e19,2,31,weighted,13363,3260.4,0.7472
temporal_coarse_1e19,g1_tmoe_coarse_1e19,2,31,static,13363,32638.5,0.96
temporal_coarse_1e19,g1_tmoe_coarse_1e19,2,32,weighted,11373,2000.8,0.7021
temporal_coarse_1e19,g1_tmoe_coarse_1e19,2,32,static,11373,34303.5,0.9646
temporal_coarse_1e19,g1_tmoe_coarse_1e19,2,33,weighted,12565,7545.3,0.8248
temporal_coarse_1e19,g1_tmoe_coarse_1e19,2,33,static,12565,32571.7,0.9599
temporal_coarse_1e19,g1_tmoe_coarse_1e19,2,34,weighted,13207,3220.7,0.7461
temporal_coarse_1e19,g1_tmoe_coarse_1e19,2,34,static,13207,35227.8,0.9671
temporal_coarse_1e19,g1_tmoe_coarse_1e19,2,35,weighted,12981,9682.5,0.8478
temporal_coarse_1e19,g1_tmoe_coarse_1e19,2,35,static,12981,33898.4,0.9635
temporal_coarse_1e19,g1_tmoe_coarse_1e19,2,36,weighted,12783,1643.4,0.684
temporal_coarse_1e19,g1_tmoe_coarse_1e19,2,36,static,12783,31238.4,0.956
temporal_coarse_1e19,g1_tmoe_coarse_1e19,2,37,weighted,11895,12630.7,0.8723
temporal_coarse_1e19,g1_tmoe_coarse_1e19,2,37,static,11895,38786.1,0.976
temporal_coarse_1e19,g1_tmoe_coarse_1e19,2,38,weighted,12438,5199.9,0.7904
temporal_coarse_1e19,g1_tmoe_coarse_1e19,2,38,static,12438,32099.3,0.9585
temporal_coarse_1e19,g1_tmoe_coarse_1e19,2,39,weighted,12694,4547.8,0.778
temporal_coarse_1e19,g1_tmoe_coarse_1e19,2,39,static,12694,31020.7,0.9553
temporal_coarse_1e19,g1_tmoe_coarse_1e19,2,40,weighted,13086,8670.6,0.8376
temporal_coarse_1e19,g1_tmoe_coarse_1e19,2,40,static,13086,32702.3,0.9602
temporal_coarse_1e19,g1_tmoe_coarse_1e19,2,41,weighted,12967,11606.9,0.8645
temporal_coarse_1e19,g1_tmoe_coarse_1e19,2,41,static,12967,33269.1,0.9618
temporal_coarse_1e19,g1_tmoe_coarse_1e19,2,42,weighted,11799,10225.1,0.8528
temporal_coarse_1e19,g1_tmoe_coarse_1e19,2,42,static,11799,32179.8,0.9587
temporal_coarse_1e19,g1_tmoe_coarse_1e19,2,43,weighted,11741,314.9,0.5313
temporal_coarse_1e19,g1_tmoe_coarse_1e19,2,43,static,11741,32648.2,0.9601
temporal_coarse_1e19,g1_tmoe_coarse_1e19,2,44,weighted,12294,10012.1,0.8509
temporal_coarse_1e19,g1_tmoe_coarse_1e19,2,44,static,12294,35177.4,0.967
temporal_coarse_1e19,g1_tmoe_coarse_1e19,2,45,weighted,11822,8470.7,0.8354
temporal_coarse_1e19,g1_tmoe_coarse_1e19,2,45,static,11822,33428.8,0.9623
temporal_coarse_1e19,g1_tmoe_coarse_1e19,2,46,weighted,11483,9535.3,0.8464
temporal_coarse_1e19,g1_tmoe_coarse_1e19,2,46,static,11483,35930.0,0.9689
temporal_coarse_1e19,g1_tmoe_coarse_1e19,2,47,weighted,12355,11053.3,0.86
temporal_coarse_1e19,g1_tmoe_coarse_1e19,2,47,static,12355,33567.6,0.9626
temporal_coarse_1e19,g1_tmoe_coarse_1e19,2,48,weighted,13604,13873.4,0.881
temporal_coarse_1e19,g1_tmoe_coarse_1e19,2,48,static,13604,36429.6,0.9702
temporal_coarse_1e19,g1_tmoe_coarse_1e19,2,49,weighted,11954,3951.5,0.765
temporal_coarse_1e19,g1_tmoe_coarse_1e19,2,49,static,11954,32954.3,0.9609
temporal_coarse_1e19,g1_tmoe_coarse_1e19,2,50,weighted,12475,2722.3,0.7306
temporal_coarse_1e19,g1_tmoe_coarse_1e19,2,50,static,12475,34177.4,0.9643
temporal_coarse_1e19,g1_tmoe_coarse_1e19,2,51,weighted,11650,9058.8,0.8416
temporal_coarse_1e19,g1_tmoe_coarse_1e19,2,51,static,11650,36268.6,0.9698
temporal_coarse_1e19,g1_tmoe_coarse_1e19,2,52,weighted,12533,1703.1,0.6873
temporal_coarse_1e19,g1_tmoe_coarse_1e19,2,52,static,12533,32080.6,0.9584
temporal_coarse_1e19,g1_tmoe_coarse_1e19,2,53,weighted,11690,10333.6,0.8538
temporal_coarse_1e19,g1_tmoe_coarse_1e19,2,53,static,11690,31582.0,0.957
temporal_coarse_1e19,g1_tmoe_coarse_1e19,2,54,weighted,11356,4080.2,0.768
temporal_coarse_1e19,g1_tmoe_coarse_1e19,2,54,static,11356,34264.9,0.9645
temporal_coarse_1e19,g1_tmoe_coarse_1e19,2,55,weighted,12152,7326.5,0.822
temporal_coarse_1e19,g1_tmoe_coarse_1e19,2,55,static,12152,32219.9,0.9588
temporal_coarse_1e19,g1_tmoe_coarse_1e19,2,56,weighted,12399,4279.5,0.7724
temporal_coarse_1e19,g1_tmoe_coarse_1e19,2,56,static,12399,31907.1,0.9579
temporal_coarse_1e19,g1_tmoe_coarse_1e19,2,57,weighted,11934,11649.9,0.8649
temporal_coarse_1e19,g1_tmoe_coarse_1e19,2,57,static,11934,35991.1,0.9691
temporal_coarse_1e19,g1_tmoe_coarse_1e19,2,58,weighted,11884,5139.4,0.7893
temporal_coarse_1e19,g1_tmoe_coarse_1e19,2,58,static,11884,31143.7,0.9557
temporal_coarse_1e19,g1_tmoe_coarse_1e19,2,59,weighted,13439,11939.3,0.8671
temporal_coarse_1e19,g1_tmoe_coarse_1e19,2,59,static,13439,37323.2,0.9724
temporal_coarse_1e19,g1_tmoe_coarse_1e19,2,60,weighted,12473,622.0,0.5942
temporal_coarse_1e19,g1_tmoe_coarse_1e19,2,60,static,12473,35207.2,0.967
temporal_coarse_1e19,g1_tmoe_coarse_1e19,2,61,weighted,11985,13207.5,0.8765
temporal_coarse_1e19,g1_tmoe_coarse_1e19,2,61,static,11985,32998.5,0.9611
temporal_coarse_1e19,g1_tmoe_coarse_1e19,2,62,weighted,12964,1442.7,0.6719
temporal_coarse_1e19,g1_tmoe_coarse_1e19,2,62,static,12964,31841.2,0.9578
temporal_coarse_1e19,g1_tmoe_coarse_1e19,2,63,weighted,12273,1044.7,0.6421
temporal_coarse_1e19,g1_tmoe_coarse_1e19,2,63,static,12273,31500.3,0.9568
temporal_coarse_1e19,g1_tmoe_coarse_1e19,3,0,weighted,11796,8536.1,0.8362
temporal_coarse_1e19,g1_tmoe_coarse_1e19,3,0,static,11796,33645.2,0.9628
temporal_coarse_1e19,g1_tmoe_coarse_1e19,3,1,weighted,11857,10194.4,0.8526
temporal_coarse_1e19,g1_tmoe_coarse_1e19,3,1,static,11857,37737.7,0.9735
temporal_coarse_1e19,g1_tmoe_coarse_1e19,3,2,weighted,11209,7412.6,0.8231
temporal_coarse_1e19,g1_tmoe_coarse_1e19,3,2,static,11209,31422.8,0.9565
temporal_coarse_1e19,g1_tmoe_coarse_1e19,3,3,weighted,11346,7730.9,0.827
temporal_coarse_1e19,g1_tmoe_coarse_1e19,3,3,static,11346,34699.1,0.9657
temporal_coarse_1e19,g1_tmoe_coarse_1e19,3,4,weighted,11839,11745.7,0.8656
temporal_coarse_1e19,g1_tmoe_coarse_1e19,3,4,static,11839,36900.4,0.9714
temporal_coarse_1e19,g1_tmoe_coarse_1e19,3,5,weighted,12314,9647.5,0.8475
temporal_coarse_1e19,g1_tmoe_coarse_1e19,3,5,static,12314,31903.7,0.9579
temporal_coarse_1e19,g1_tmoe_coarse_1e19,3,6,weighted,12141,10104.6,0.8517
temporal_coarse_1e19,g1_tmoe_coarse_1e19,3,6,static,12141,35758.7,0.9685
temporal_coarse_1e19,g1_tmoe_coarse_1e19,3,7,weighted,12681,9707.8,0.848
temporal_coarse_1e19,g1_tmoe_coarse_1e19,3,7,static,12681,37008.9,0.9716
temporal_coarse_1e19,g1_tmoe_coarse_1e19,3,8,weighted,11749,11294.7,0.862
temporal_coarse_1e19,g1_tmoe_coarse_1e19,3,8,static,11749,26732.4,0.9416
temporal_coarse_1e19,g1_tmoe_coarse_1e19,3,9,weighted,12688,9003.8,0.8411
temporal_coarse_1e19,g1_tmoe_coarse_1e19,3,9,static,12688,33128.7,0.9614
temporal_coarse_1e19,g1_tmoe_coarse_1e19,3,10,weighted,12571,5545.0,0.7963
temporal_coarse_1e19,g1_tmoe_coarse_1e19,3,10,static,12571,34759.7,0.9659
temporal_coarse_1e19,g1_tmoe_coarse_1e19,3,11,weighted,12976,9893.2,0.8498
temporal_coarse_1e19,g1_tmoe_coarse_1e19,3,11,static,12976,35426.0,0.9676
temporal_coarse_1e19,g1_tmoe_coarse_1e19,3,12,weighted,12749,9769.8,0.8486
temporal_coarse_1e19,g1_tmoe_coarse_1e19,3,12,static,12749,30265.4,0.9531
temporal_coarse_1e19,g1_tmoe_coarse_1e19,3,13,weighted,10202,10818.9,0.858
temporal_coarse_1e19,g1_tmoe_coarse_1e19,3,13,static,10202,30686.4,0.9543
temporal_coarse_1e19,g1_tmoe_coarse_1e19,3,14,weighted,13219,7836.0,0.8282
temporal_coarse_1e19,g1_tmoe_coarse_1e19,3,14,static,13219,33889.3,0.9635
temporal_coarse_1e19,g1_tmoe_coarse_1e19,3,15,weighted,12617,10206.2,0.8527
temporal_coarse_1e19,g1_tmoe_coarse_1e19,3,15,static,12617,37829.4,0.9737
temporal_coarse_1e19,g1_tmoe_coarse_1e19,3,16,weighted,11865,7040.6,0.8184
temporal_coarse_1e19,g1_tmoe_coarse_1e19,3,16,static,11865,31743.1,0.9575
temporal_coarse_1e19,g1_tmoe_coarse_1e19,3,17,weighted,12886,8445.1,0.8352
temporal_coarse_1e19,g1_tmoe_coarse_1e19,3,17,static,12886,29585.4,0.951
temporal_coarse_1e19,g1_tmoe_coarse_1e19,3,18,weighted,12523,5539.9,0.7962
temporal_coarse_1e19,g1_tmoe_coarse_1e19,3,18,static,12523,35432.9,0.9676
temporal_coarse_1e19,g1_tmoe_coarse_1e19,3,19,weighted,12488,12132.2,0.8686
temporal_coarse_1e19,g1_tmoe_coarse_1e19,3,19,static,12488,30711.8,0.9544
temporal_coarse_1e19,g1_tmoe_coarse_1e19,3,20,weighted,11692,1484.5,0.6746
temporal_coarse_1e19,g1_tmoe_coarse_1e19,3,20,static,11692,32170.4,0.9587
temporal_coarse_1e19,g1_tmoe_coarse_1e19,3,21,weighted,11589,6469.9,0.8106
temporal_coarse_1e19,g1_tmoe_coarse_1e19,3,21,static,11589,32165.8,0.9587
temporal_coarse_1e19,g1_tmoe_coarse_1e19,3,22,weighted,13347,13304.4,0.8771
temporal_coarse_1e19,g1_tmoe_coarse_1e19,3,22,static,13347,32313.4,0.9591
temporal_coarse_1e19,g1_tmoe_coarse_1e19,3,23,weighted,11212,8693.1,0.8378
temporal_coarse_1e19,g1_tmoe_coarse_1e19,3,23,static,11212,34623.2,0.9655
temporal_coarse_1e19,g1_tmoe_coarse_1e19,3,24,weighted,13010,10612.0,0.8563
temporal_coarse_1e19,g1_tmoe_coarse_1e19,3,24,static,13010,32498.5,0.9596
temporal_coarse_1e19,g1_tmoe_coarse_1e19,3,25,weighted,12866,9613.9,0.8471
temporal_coarse_1e19,g1_tmoe_coarse_1e19,3,25,static,12866,34140.4,0.9642
temporal_coarse_1e19,g1_tmoe_coarse_1e19,3,26,weighted,12645,5580.3,0.7969
temporal_coarse_1e19,g1_tmoe_coarse_1e19,3,26,static,12645,30518.4,0.9538
temporal_coarse_1e19,g1_tmoe_coarse_1e19,3,27,weighted,12332,10906.3,0.8588
temporal_coarse_1e19,g1_tmoe_coarse_1e19,3,27,static,12332,33090.3,0.9613
temporal_coarse_1e19,g1_tmoe_coarse_1e19,3,28,weighted,11503,11798.8,0.8661
temporal_coarse_1e19,g1_tmoe_coarse_1e19,3,28,static,11503,34118.7,0.9641
temporal_coarse_1e19,g1_tmoe_coarse_1e19,3,29,weighted,11703,7112.2,0.8193
temporal_coarse_1e19,g1_tmoe_coarse_1e19,3,29,static,11703,31852.4,0.9578
temporal_coarse_1e19,g1_tmoe_coarse_1e19,3,30,weighted,13951,6467.9,0.8105
temporal_coarse_1e19,g1_tmoe_coarse_1e19,3,30,static,13951,35042.1,0.9666
temporal_coarse_1e19,g1_tmoe_coarse_1e19,3,31,weighted,11368,5683.2,0.7986
temporal_coarse_1e19,g1_tmoe_coarse_1e19,3,31,static,11368,32634.0,0.96
temporal_coarse_1e19,g1_tmoe_coarse_1e19,3,32,weighted,11740,11344.1,0.8624
temporal_coarse_1e19,g1_tmoe_coarse_1e19,3,32,static,11740,30950.8,0.9551
temporal_coarse_1e19,g1_tmoe_coarse_1e19,3,33,weighted,13062,5225.2,0.7908
temporal_coarse_1e19,g1_tmoe_coarse_1e19,3,33,static,13062,35589.5,0.968
temporal_coarse_1e19,g1_tmoe_coarse_1e19,3,34,weighted,12562,11895.3,0.8668
temporal_coarse_1e19,g1_tmoe_coarse_1e19,3,34,static,12562,34772.4,0.9659
temporal_coarse_1e19,g1_tmoe_coarse_1e19,3,35,weighted,10512,2275.3,0.714
temporal_coarse_1e19,g1_tmoe_coarse_1e19,3,35,static,10512,29877.5,0.9519
temporal_coarse_1e19,g1_tmoe_coarse_1e19,3,36,weighted,12939,7102.9,0.8192
temporal_coarse_1e19,g1_tmoe_coarse_1e19,3,36,static,12939,29904.6,0.952
temporal_coarse_1e19,g1_tmoe_coarse_1e19,3,37,weighted,11825,1346.6,0.6656
temporal_coarse_1e19,g1_tmoe_coarse_1e19,3,37,static,11825,37613.3,0.9731
temporal_coarse_1e19,g1_tmoe_coarse_1e19,3,38,weighted,12101,7452.7,0.8236
temporal_coarse_1e19,g1_tmoe_coarse_1e19,3,38,static,12101,33370.5,0.9621
temporal_coarse_1e19,g1_tmoe_coarse_1e19,3,39,weighted,12536,11325.3,0.8623
temporal_coarse_1e19,g1_tmoe_coarse_1e19,3,39,static,12536,34547.6,0.9653
temporal_coarse_1e19,g1_tmoe_coarse_1e19,3,40,weighted,12214,5826.0,0.8009
temporal_coarse_1e19,g1_tmoe_coarse_1e19,3,40,static,12214,35983.3,0.9691
temporal_coarse_1e19,g1_tmoe_coarse_1e19,3,41,weighted,10920,8376.8,0.8344
temporal_coarse_1e19,g1_tmoe_coarse_1e19,3,41,static,10920,31206.2,0.9559
temporal_coarse_1e19,g1_tmoe_coarse_1e19,3,42,weighted,14498,5686.6,0.7986
temporal_coarse_1e19,g1_tmoe_coarse_1e19,3,42,static,14498,34309.4,0.9647
temporal_coarse_1e19,g1_tmoe_coarse_1e19,3,43,weighted,12481,9811.1,0.849
temporal_coarse_1e19,g1_tmoe_coarse_1e19,3,43,static,12481,33989.8,0.9638
temporal_coarse_1e19,g1_tmoe_coarse_1e19,3,44,weighted,11808,11974.4,0.8674
temporal_coarse_1e19,g1_tmoe_coarse_1e19,3,44,static,11808,33703.0,0.963
temporal_coarse_1e19,g1_tmoe_coarse_1e19,3,45,weighted,13694,4625.0,0.7795
temporal_coarse_1e19,g1_tmoe_coarse_1e19,3,45,static,13694,32057.0,0.9584
temporal_coarse_1e19,g1_tmoe_coarse_1e19,3,46,weighted,11706,8030.6,0.8305
temporal_coarse_1e19,g1_tmoe_coarse_1e19,3,46,static,11706,36794.2,0.9711
temporal_coarse_1e19,g1_tmoe_coarse_1e19,3,47,weighted,14758,10062.7,0.8514
temporal_coarse_1e19,g1_tmoe_coarse_1e19,3,47,static,14758,28935.7,0.9489
temporal_coarse_1e19,g1_tmoe_coarse_1e19,3,48,weighted,10510,9108.9,0.8422
temporal_coarse_1e19,g1_tmoe_coarse_1e19,3,48,static,10510,34941.5,0.9663
temporal_coarse_1e19,g1_tmoe_coarse_1e19,3,49,weighted,11336,12508.1,0.8714
temporal_coarse_1e19,g1_tmoe_coarse_1e19,3,49,static,11336,36498.7,0.9704
temporal_coarse_1e19,g1_tmoe_coarse_1e19,3,50,weighted,11467,9207.0,0.8431
temporal_coarse_1e19,g1_tmoe_coarse_1e19,3,50,static,11467,30078.2,0.9525
temporal_coarse_1e19,g1_tmoe_coarse_1e19,3,51,weighted,13534,4246.8,0.7717
temporal_coarse_1e19,g1_tmoe_coarse_1e19,3,51,static,13534,30819.2,0.9547
temporal_coarse_1e19,g1_tmoe_coarse_1e19,3,52,weighted,12505,7321.0,0.822
temporal_coarse_1e19,g1_tmoe_coarse_1e19,3,52,static,12505,31589.2,0.957
temporal_coarse_1e19,g1_tmoe_coarse_1e19,3,53,weighted,12608,5388.6,0.7937
temporal_coarse_1e19,g1_tmoe_coarse_1e19,3,53,static,12608,34343.9,0.9647
temporal_coarse_1e19,g1_tmoe_coarse_1e19,3,54,weighted,10933,8282.2,0.8334
temporal_coarse_1e19,g1_tmoe_coarse_1e19,3,54,static,10933,35421.7,0.9676
temporal_coarse_1e19,g1_tmoe_coarse_1e19,3,55,weighted,12677,7288.9,0.8216
temporal_coarse_1e19,g1_tmoe_coarse_1e19,3,55,static,12677,34640.2,0.9655
temporal_coarse_1e19,g1_tmoe_coarse_1e19,3,56,weighted,12608,7476.9,0.8239
temporal_coarse_1e19,g1_tmoe_coarse_1e19,3,56,static,12608,34439.1,0.965
temporal_coarse_1e19,g1_tmoe_coarse_1e19,3,57,weighted,12978,10375.6,0.8542
temporal_coarse_1e19,g1_tmoe_coarse_1e19,3,57,static,12978,35367.6,0.9675
temporal_coarse_1e19,g1_tmoe_coarse_1e19,3,58,weighted,13463,4745.9,0.7819
temporal_coarse_1e19,g1_tmoe_coarse_1e19,3,58,static,13463,36726.0,0.9709
temporal_coarse_1e19,g1_tmoe_coarse_1e19,3,59,weighted,11297,204.0,0.4912
temporal_coarse_1e19,g1_tmoe_coarse_1e19,3,59,static,11297,33398.5,0.9622
temporal_coarse_1e19,g1_tmoe_coarse_1e19,3,60,weighted,13733,11426.8,0.8631
temporal_coarse_1e19,g1_tmoe_coarse_1e19,3,60,static,13733,34032.4,0.9639
temporal_coarse_1e19,g1_tmoe_coarse_1e19,3,61,weighted,12082,10656.4,0.8566
temporal_coarse_1e19,g1_tmoe_coarse_1e19,3,61,static,12082,31861.0,0.9578
temporal_coarse_1e19,g1_tmoe_coarse_1e19,3,62,weighted,13155,9695.0,0.8479
temporal_coarse_1e19,g1_tmoe_coarse_1e19,3,62,static,13155,37204.9,0.9721
temporal_coarse_1e19,g1_tmoe_coarse_1e19,3,63,weighted,11256,1995.3,0.7019
temporal_coarse_1e19,g1_tmoe_coarse_1e19,3,63,static,11256,31505.8,0.9568
temporal_coarse_1e19,g1_tmoe_coarse_1e19,4,0,weighted,11977,10149.7,0.8521
temporal_coarse_1e19,g1_tmoe_coarse_1e19,4,0,static,11977,36898.2,0.9714
temporal_coarse_1e19,g1_tmoe_coarse_1e19,4,1,weighted,11780,10072.0,0.8514
temporal_coarse_1e19,g1_tmoe_coarse_1e19,4,1,static,11780,33892.4,0.9635
temporal_coarse_1e19,g1_tmoe_coarse_1e19,4,2,weighted,11899,7444.7,0.8235
temporal_coarse_1e19,g1_tmoe_coarse_1e19,4,2,static,11899,34414.4,0.9649
temporal_coarse_1e19,g1_tmoe_coarse_1e19,4,3,weighted,14273,6491.9,0.8109
temporal_coarse_1e19,g1_tmoe_coarse_1e19,4,3,static,14273,36545.9,0.9705
temporal_coarse_1e19,g1_tmoe_coarse_1e19,4,4,weighted,11396,5544.4,0.7963
temporal_coarse_1e19,g1_tmoe_coarse_1e19,4,4,static,11396,29201.0,0.9498
temporal_coarse_1e19,g1_tmoe_coarse_1e19,4,5,weighted,13177,7256.0,0.8211
temporal_coarse_1e19,g1_tmoe_coarse_1e19,4,5,static,13177,36980.9,0.9716
temporal_coarse_1e19,g1_tmoe_coarse_1e19,4,6,weighted,13192,10449.1,0.8548
temporal_coarse_1e19,g1_tmoe_coarse_1e19,4,6,static,13192,37732.8,0.9734
temporal_coarse_1e19,g1_tmoe_coarse_1e19,4,7,weighted,12133,4054.8,0.7674
temporal_coarse_1e19,g1_tmoe_coarse_1e19,4,7,static,12133,33398.2,0.9622
temporal_coarse_1e19,g1_tmoe_coarse_1e19,4,8,weighted,13313,12100.4,0.8684
temporal_coarse_1e19,g1_tmoe_coarse_1e19,4,8,static,13313,38189.6,0.9745
temporal_coarse_1e19,g1_tmoe_coarse_1e19,4,9,weighted,12540,3305.2,0.7485
temporal_coarse_1e19,g1_tmoe_coarse_1e19,4,9,static,12540,32462.6,0.9595
temporal_coarse_1e19,g1_tmoe_coarse_1e19,4,10,weighted,11774,5129.0,0.7891
temporal_coarse_1e19,g1_tmoe_coarse_1e19,4,10,static,11774,32375.6,0.9593
temporal_coarse_1e19,g1_tmoe_coarse_1e19,4,11,weighted,12360,3026.7,0.7404
temporal_coarse_1e19,g1_tmoe_coarse_1e19,4,11,static,12360,26907.6,0.9422
temporal_coarse_1e19,g1_tmoe_coarse_1e19,4,12,weighted,10907,6603.1,0.8124
temporal_coarse_1e19,g1_tmoe_coarse_1e19,4,12,static,10907,33628.7,0.9628
temporal_coarse_1e19,g1_tmoe_coarse_1e19,4,13,weighted,12134,4646.6,0.78
temporal_coarse_1e19,g1_tmoe_coarse_1e19,4,13,static,12134,33173.9,0.9615
temporal_coarse_1e19,g1_tmoe_coarse_1e19,4,14,weighted,12947,7195.6,0.8204
temporal_coarse_1e19,g1_tmoe_coarse_1e19,4,14,static,12947,35477.7,0.9677
temporal_coarse_1e19,g1_tmoe_coarse_1e19,4,15,weighted,11766,5649.2,0.798
temporal_coarse_1e19,g1_tmoe_coarse_1e19,4,15,static,11766,33833.6,0.9634
temporal_coarse_1e19,g1_tmoe_coarse_1e19,4,16,weighted,13542,6485.3,0.8108
temporal_coarse_1e19,g1_tmoe_coarse_1e19,4,16,static,13542,38510.4,0.9753
temporal_coarse_1e19,g1_tmoe_coarse_1e19,4,17,weighted,12124,3320.8,0.7489
temporal_coarse_1e19,g1_tmoe_coarse_1e19,4,17,static,12124,31268.0,0.9561
temporal_coarse_1e19,g1_tmoe_coarse_1e19,4,18,weighted,13011,8209.7,0.8326
temporal_coarse_1e19,g1_tmoe_coarse_1e19,4,18,static,13011,33404.7,0.9622
temporal_coarse_1e19,g1_tmoe_coarse_1e19,4,19,weighted,11488,6632.2,0.8128
temporal_coarse_1e19,g1_tmoe_coarse_1e19,4,19,static,11488,33835.5,0.9634
temporal_coarse_1e19,g1_tmoe_coarse_1e19,4,20,weighted,11462,7357.4,0.8224
temporal_coarse_1e19,g1_tmoe_coarse_1e19,4,20,static,11462,33492.3,0.9624
temporal_coarse_1e19,g1_tmoe_coarse_1e19,4,21,weighted,11711,9704.5,0.848
temporal_coarse_1e19,g1_tmoe_coarse_1e19,4,21,static,11711,36031.1,0.9692
temporal_coarse_1e19,g1_tmoe_coarse_1e19,4,22,weighted,12130,3808.4,0.7616
temporal_coarse_1e19,g1_tmoe_coarse_1e19,4,22,static,12130,32025.3,0.9583
temporal_coarse_1e19,g1_tmoe_coarse_1e19,4,23,weighted,12271,9631.0,0.8473
temporal_coarse_1e19,g1_tmoe_coarse_1e19,4,23,static,12271,36076.0,0.9693
temporal_coarse_1e19,g1_tmoe_coarse_1e19,4,24,weighted,12528,10448.1,0.8548
temporal_coarse_1e19,g1_tmoe_coarse_1e19,4,24,static,12528,36477.5,0.9703
temporal_coarse_1e19,g1_tmoe_coarse_1e19,4,25,weighted,11297,7331.2,0.8221
temporal_coarse_1e19,g1_tmoe_coarse_1e19,4,25,static,11297,32932.2,0.9609
temporal_coarse_1e19,g1_tmoe_coarse_1e19,4,26,weighted,10878,11722.1,0.8655
temporal_coarse_1e19,g1_tmoe_coarse_1e19,4,26,static,10878,34032.4,0.9639
temporal_coarse_1e19,g1_tmoe_coarse_1e19,4,27,weighted,11376,5875.8,0.8017
temporal_coarse_1e19,g1_tmoe_coarse_1e19,4,27,static,11376,31934.4,0.958
temporal_coarse_1e19,g1_tmoe_coarse_1e19,4,28,weighted,12376,1324.9,0.6641
temporal_coarse_1e19,g1_tmoe_coarse_1e19,4,28,static,12376,32612.8,0.96
temporal_coarse_1e19,g1_tmoe_coarse_1e19,4,29,weighted,12678,1954.0,0.7
temporal_coarse_1e19,g1_tmoe_coarse_1e19,4,29,static,12678,34569.1,0.9653
temporal_coarse_1e19,g1_tmoe_coarse_1e19,4,30,weighted,13281,8648.5,0.8374
temporal_coarse_1e19,g1_tmoe_coarse_1e19,4,30,static,13281,34288.7,0.9646
temporal_coarse_1e19,g1_tmoe_coarse_1e19,4,31,weighted,10771,9894.0,0.8498
temporal_coarse_1e19,g1_tmoe_coarse_1e19,4,31,static,10771,34963.5,0.9664
temporal_coarse_1e19,g1_tmoe_coarse_1e19,4,32,weighted,11786,11645.2,0.8648
temporal_coarse_1e19,g1_tmoe_coarse_1e19,4,32,static,11786,32607.3,0.96
temporal_coarse_1e19,g1_tmoe_coarse_1e19,4,33,weighted,12825,6710.3,0.8139
temporal_coarse_1e19,g1_tmoe_coarse_1e19,4,33,static,12825,35623.8,0.9681
temporal_coarse_1e19,g1_tmoe_coarse_1e19,4,34,weighted,12743,9339.9,0.8445
temporal_coarse_1e19,g1_tmoe_coarse_1e19,4,34,static,12743,33638.2,0.9628
temporal_coarse_1e19,g1_tmoe_coarse_1e19,4,35,weighted,11919,5007.5,0.7869
temporal_coarse_1e19,g1_tmoe_coarse_1e19,4,35,static,11919,32203.8,0.9588
temporal_coarse_1e19,g1_tmoe_coarse_1e19,4,36,weighted,12550,5026.3,0.7872
temporal_coarse_1e19,g1_tmoe_coarse_1e19,4,36,static,12550,34953.0,0.9664
temporal_coarse_1e19,g1_tmoe_coarse_1e19,4,37,weighted,13532,4784.1,0.7827
temporal_coarse_1e19,g1_tmoe_coarse_1e19,4,37,static,13532,31229.2,0.956
temporal_coarse_1e19,g1_tmoe_coarse_1e19,4,38,weighted,13650,11061.7,0.8601
temporal_coarse_1e19,g1_tmoe_coarse_1e19,4,38,static,13650,35460.9,0.9677
temporal_coarse_1e19,g1_tmoe_coarse_1e19,4,39,weighted,12180,8568.6,0.8365
temporal_coarse_1e19,g1_tmoe_coarse_1e19,4,39,static,12180,37640.3,0.9732
temporal_coarse_1e19,g1_tmoe_coarse_1e19,4,40,weighted,11530,1743.4,0.6894
temporal_coarse_1e19,g1_tmoe_coarse_1e19,4,40,static,11530,31792.7,0.9576
temporal_coarse_1e19,g1_tmoe_coarse_1e19,4,41,weighted,12094,5607.6,0.7973
temporal_coarse_1e19,g1_tmoe_coarse_1e19,4,41,static,12094,33610.4,0.9628
temporal_coarse_1e19,g1_tmoe_coarse_1e19,4,42,weighted,12818,6973.8,0.8175
temporal_coarse_1e19,g1_tmoe_coarse_1e19,4,42,static,12818,32795.8,0.9605
temporal_coarse_1e19,g1_tmoe_coarse_1e19,4,43,weighted,13219,7504.0,0.8242
temporal_coarse_1e19,g1_tmoe_coarse_1e19,4,43,static,13219,38438.3,0.9751
temporal_coarse_1e19,g1_tmoe_coarse_1e19,4,44,weighted,12575,5814.8,0.8007
temporal_coarse_1e19,g1_tmoe_coarse_1e19,4,44,static,12575,33805.3,0.9633
temporal_coarse_1e19,g1_tmoe_coarse_1e19,4,45,weighted,12511,4785.6,0.7827
temporal_coarse_1e19,g1_tmoe_coarse_1e19,4,45,static,12511,35663.0,0.9682
temporal_coarse_1e19,g1_tmoe_coarse_1e19,4,46,weighted,12978,7608.0,0.8255
temporal_coarse_1e19,g1_tmoe_coarse_1e19,4,46,static,12978,32929.3,0.9609
temporal_coarse_1e19,g1_tmoe_coarse_1e19,4,47,weighted,12457,3541.5,0.7549
temporal_coarse_1e19,g1_tmoe_coarse_1e19,4,47,static,12457,32899.9,0.9608
temporal_coarse_1e19,g1_tmoe_coarse_1e19,4,48,weighted,12434,8052.0,0.8308
temporal_coarse_1e19,g1_tmoe_coarse_1e19,4,48,static,12434,36467.1,0.9703
temporal_coarse_1e19,g1_tmoe_coarse_1e19,4,49,weighted,12423,15052.6,0.8886
temporal_coarse_1e19,g1_tmoe_coarse_1e19,4,49,static,12423,33563.4,0.9626
temporal_coarse_1e19,g1_tmoe_coarse_1e19,4,50,weighted,11083,7490.8,0.8241
temporal_coarse_1e19,g1_tmoe_coarse_1e19,4,50,static,11083,33513.4,0.9625
temporal_coarse_1e19,g1_tmoe_coarse_1e19,4,51,weighted,11595,6781.6,0.8149
temporal_coarse_1e19,g1_tmoe_coarse_1e19,4,51,static,11595,36620.3,0.9707
temporal_coarse_1e19,g1_tmoe_coarse_1e19,4,52,weighted,11439,11527.1,0.8639
temporal_coarse_1e19,g1_tmoe_coarse_1e19,4,52,static,11439,34389.9,0.9649
temporal_coarse_1e19,g1_tmoe_coarse_1e19,4,53,weighted,12048,5031.9,0.7873
temporal_coarse_1e19,g1_tmoe_coarse_1e19,4,53,static,12048,33506.3,0.9625
temporal_coarse_1e19,g1_tmoe_coarse_1e19,4,54,weighted,12293,5447.1,0.7947
temporal_coarse_1e19,g1_tmoe_coarse_1e19,4,54,static,12293,32104.2,0.9585
temporal_coarse_1e19,g1_tmoe_coarse_1e19,4,55,weighted,11335,10455.5,0.8549
temporal_coarse_1e19,g1_tmoe_coarse_1e19,4,55,static,11335,28440.3,0.9473
temporal_coarse_1e19,g1_tmoe_coarse_1e19,4,56,weighted,12134,8365.8,0.8343
temporal_coarse_1e19,g1_tmoe_coarse_1e19,4,56,static,12134,34197.0,0.9643
temporal_coarse_1e19,g1_tmoe_coarse_1e19,4,57,weighted,11409,7189.3,0.8203
temporal_coarse_1e19,g1_tmoe_coarse_1e19,4,57,static,11409,32154.0,0.9587
temporal_coarse_1e19,g1_tmoe_coarse_1e19,4,58,weighted,12801,5579.9,0.7969
temporal_coarse_1e19,g1_tmoe_coarse_1e19,4,58,static,12801,34970.4,0.9664
temporal_coarse_1e19,g1_tmoe_coarse_1e19,4,59,weighted,12722,8164.0,0.832
temporal_coarse_1e19,g1_tmoe_coarse_1e19,4,59,static,12722,33370.2,0.9621
temporal_coarse_1e19,g1_tmoe_coarse_1e19,4,60,weighted,11791,9240.5,0.8435
temporal_coarse_1e19,g1_tmoe_coarse_1e19,4,60,static,11791,35941.9,0.9689
temporal_coarse_1e19,g1_tmoe_coarse_1e19,4,61,weighted,11650,6046.3,0.8043
temporal_coarse_1e19,g1_tmoe_coarse_1e19,4,61,static,11650,34221.5,0.9644
temporal_coarse_1e19,g1_tmoe_coarse_1e19,4,62,weighted,13270,7934.1,0.8294
temporal_coarse_1e19,g1_tmoe_coarse_1e19,4,62,static,13270,38262.7,0.9747
temporal_coarse_1e19,g1_tmoe_coarse_1e19,4,63,weighted,14146,6349.7,0.8088
temporal_coarse_1e19,g1_tmoe_coarse_1e19,4,63,static,14146,34948.0,0.9664
temporal_fine_1e19,temporal_fine_g3_1e19,2,0,weighted,15240,9703.4,0.848
temporal_fine_1e19,temporal_fine_g3_1e19,2,0,static,15240,23510.2,0.9297
temporal_fine_1e19,temporal_fine_g3_1e19,2,1,weighted,12835,7623.9,0.8257
temporal_fine_1e19,temporal_fine_g3_1e19,2,1,static,12835,22292.1,0.9248
temporal_fine_1e19,temporal_fine_g3_1e19,2,2,weighted,12559,5365.6,0.7933
temporal_fine_1e19,temporal_fine_g3_1e19,2,2,static,12559,22921.1,0.9274
temporal_fine_1e19,temporal_fine_g3_1e19,2,3,weighted,13757,10356.3,0.854
temporal_fine_1e19,temporal_fine_g3_1e19,2,3,static,13757,15956.0,0.8939
temporal_fine_1e19,temporal_fine_g3_1e19,2,4,weighted,12178,13416.2,0.8779
temporal_fine_1e19,temporal_fine_g3_1e19,2,4,static,12178,18908.1,0.9096
temporal_fine_1e19,temporal_fine_g3_1e19,2,5,weighted,13007,10086.4,0.8516
temporal_fine_1e19,temporal_fine_g3_1e19,2,5,static,13007,20078.5,0.9152
temporal_fine_1e19,temporal_fine_g3_1e19,2,6,weighted,12536,9276.8,0.8438
temporal_fine_1e19,temporal_fine_g3_1e19,2,6,static,12536,15961.9,0.894
temporal_fine_1e19,temporal_fine_g3_1e19,2,7,weighted,12268,5887.8,0.8018
temporal_fine_1e19,temporal_fine_g3_1e19,2,7,static,12268,20044.9,0.915
temporal_fine_1e19,temporal_fine_g3_1e19,2,8,weighted,11795,7714.1,0.8268
temporal_fine_1e19,temporal_fine_g3_1e19,2,8,static,11795,20628.9,0.9177
temporal_fine_1e19,temporal_fine_g3_1e19,2,9,weighted,13546,8818.1,0.8392
temporal_fine_1e19,temporal_fine_g3_1e19,2,9,static,13546,22282.8,0.9248
temporal_fine_1e19,temporal_fine_g3_1e19,2,10,weighted,11887,10570.4,0.8559
temporal_fine_1e19,temporal_fine_g3_1e19,2,10,static,11887,15902.8,0.8936
temporal_fine_1e19,temporal_fine_g3_1e19,2,11,weighted,13660,11970.9,0.8674
temporal_fine_1e19,temporal_fine_g3_1e19,2,11,static,13660,15753.7,0.8928
temporal_fine_1e19,temporal_fine_g3_1e19,2,12,weighted,11777,8837.9,0.8394
temporal_fine_1e19,temporal_fine_g3_1e19,2,12,static,11777,17992.2,0.905
temporal_fine_1e19,temporal_fine_g3_1e19,2,13,weighted,13748,13050.8,0.8754
temporal_fine_1e19,temporal_fine_g3_1e19,2,13,static,13748,14140.0,0.8828
temporal_fine_1e19,temporal_fine_g3_1e19,2,14,weighted,14267,11491.3,0.8636
temporal_fine_1e19,temporal_fine_g3_1e19,2,14,static,14267,20604.1,0.9175
temporal_fine_1e19,temporal_fine_g3_1e19,2,15,weighted,10236,7777.3,0.8276
temporal_fine_1e19,temporal_fine_g3_1e19,2,15,static,10236,22020.8,0.9237
temporal_fine_1e19,temporal_fine_g3_1e19,2,16,weighted,11783,8190.5,0.8323
temporal_fine_1e19,temporal_fine_g3_1e19,2,16,static,11783,22347.4,0.9251
temporal_fine_1e19,temporal_fine_g3_1e19,2,17,weighted,12433,9496.9,0.846
temporal_fine_1e19,temporal_fine_g3_1e19,2,17,static,12433,20110.2,0.9153
temporal_fine_1e19,temporal_fine_g3_1e19,2,18,weighted,11799,9674.4,0.8477
temporal_fine_1e19,temporal_fine_g3_1e19,2,18,static,11799,21043.8,0.9195
temporal_fine_1e19,temporal_fine_g3_1e19,2,19,weighted,13575,10308.7,0.8536
temporal_fine_1e19,temporal_fine_g3_1e19,2,19,static,13575,20482.6,0.917
temporal_fine_1e19,temporal_fine_g3_1e19,2,20,weighted,12879,7934.4,0.8294
temporal_fine_1e19,temporal_fine_g3_1e19,2,20,static,12879,20035.5,0.915
temporal_fine_1e19,temporal_fine_g3_1e19,2,21,weighted,13030,6250.4,0.8074
temporal_fine_1e19,temporal_fine_g3_1e19,2,21,static,13030,14842.5,0.8873
temporal_fine_1e19,temporal_fine_g3_1e19,2,22,weighted,10787,7257.6,0.8212
temporal_fine_1e19,temporal_fine_g3_1e19,2,22,static,10787,15023.3,0.8884
temporal_fine_1e19,temporal_fine_g3_1e19,2,23,weighted,11705,8745.1,0.8384
temporal_fine_1e19,temporal_fine_g3_1e19,2,23,static,11705,20991.0,0.9193
temporal_fine_1e19,temporal_fine_g3_1e19,2,24,weighted,11304,12858.6,0.874
temporal_fine_1e19,temporal_fine_g3_1e19,2,24,static,11304,18618.9,0.9082
temporal_fine_1e19,temporal_fine_g3_1e19,2,25,weighted,14182,8409.2,0.8348
temporal_fine_1e19,temporal_fine_g3_1e19,2,25,static,14182,22423.2,0.9254
temporal_fine_1e19,temporal_fine_g3_1e19,2,26,weighted,12103,9825.1,0.8491
temporal_fine_1e19,temporal_fine_g3_1e19,2,26,static,12103,16505.6,0.8971
temporal_fine_1e19,temporal_fine_g3_1e19,2,27,weighted,11875,7118.6,0.8194
temporal_fine_1e19,temporal_fine_g3_1e19,2,27,static,11875,21981.5,0.9235
temporal_fine_1e19,temporal_fine_g3_1e19,2,28,weighted,10972,11273.7,0.8618
temporal_fine_1e19,temporal_fine_g3_1e19,2,28,static,10972,22774.2,0.9268
temporal_fine_1e19,temporal_fine_g3_1e19,2,29,weighted,11639,9575.0,0.8468
temporal_fine_1e19,temporal_fine_g3_1e19,2,29,static,11639,24356.3,0.933
temporal_fine_1e19,temporal_fine_g3_1e19,2,30,weighted,12381,10357.9,0.854
temporal_fine_1e19,temporal_fine_g3_1e19,2,30,static,12381,17422.5,0.9021
temporal_fine_1e19,temporal_fine_g3_1e19,2,31,weighted,13362,6926.1,0.8168
temporal_fine_1e19,temporal_fine_g3_1e19,2,31,static,13362,21137.2,0.9199
temporal_fine_1e19,temporal_fine_g3_1e19,2,32,weighted,11484,7684.0,0.8264
temporal_fine_1e19,temporal_fine_g3_1e19,2,32,static,11484,19774.9,0.9138
temporal_fine_1e19,temporal_fine_g3_1e19,2,33,weighted,10257,10186.9,0.8525
temporal_fine_1e19,temporal_fine_g3_1e19,2,33,static,10257,22064.4,0.9239
temporal_fine_1e19,temporal_fine_g3_1e19,2,34,weighted,13433,6957.7,0.8173
temporal_fine_1e19,temporal_fine_g3_1e19,2,34,static,13433,18961.9,0.9099
temporal_fine_1e19,temporal_fine_g3_1e19,2,35,weighted,14295,11629.3,0.8647
temporal_fine_1e19,temporal_fine_g3_1e19,2,35,static,14295,23048.0,0.9279
temporal_fine_1e19,temporal_fine_g3_1e19,2,36,weighted,12451,9301.9,0.8441
temporal_fine_1e19,temporal_fine_g3_1e19,2,36,static,12451,19250.5,0.9113
temporal_fine_1e19,temporal_fine_g3_1e19,2,37,weighted,10941,6065.6,0.8046
temporal_fine_1e19,temporal_fine_g3_1e19,2,37,static,10941,12749.4,0.8732
temporal_fine_1e19,temporal_fine_g3_1e19,2,38,weighted,11624,7678.5,0.8264
temporal_fine_1e19,temporal_fine_g3_1e19,2,38,static,11624,17867.5,0.9044
temporal_fine_1e19,temporal_fine_g3_1e19,2,39,weighted,10971,15032.4,0.8884
temporal_fine_1e19,temporal_fine_g3_1e19,2,39,static,10971,24084.8,0.932
temporal_fine_1e19,temporal_fine_g3_1e19,2,40,weighted,11736,9634.9,0.8473
temporal_fine_1e19,temporal_fine_g3_1e19,2,40,static,11736,14756.2,0.8867
temporal_fine_1e19,temporal_fine_g3_1e19,2,41,weighted,14669,10157.9,0.8522
temporal_fine_1e19,temporal_fine_g3_1e19,2,41,static,14669,18543.5,0.9078
temporal_fine_1e19,temporal_fine_g3_1e19,2,42,weighted,11288,7399.1,0.8229
temporal_fine_1e19,temporal_fine_g3_1e19,2,42,static,11288,14855.3,0.8873
temporal_fine_1e19,temporal_fine_g3_1e19,2,43,weighted,12525,10746.0,0.8574
temporal_fine_1e19,temporal_fine_g3_1e19,2,43,static,12525,18588.2,0.908
temporal_fine_1e19,temporal_fine_g3_1e19,2,44,weighted,10416,6090.8,0.805
temporal_fine_1e19,temporal_fine_g3_1e19,2,44,static,10416,21516.5,0.9216
temporal_fine_1e19,temporal_fine_g3_1e19,2,45,weighted,12401,13161.3,0.8761
temporal_fine_1e19,temporal_fine_g3_1e19,2,45,static,12401,19177.9,0.9109
temporal_fine_1e19,temporal_fine_g3_1e19,2,46,weighted,12762,10013.2,0.8509
temporal_fine_1e19,temporal_fine_g3_1e19,2,46,static,12762,21437.9,0.9212
temporal_fine_1e19,temporal_fine_g3_1e19,2,47,weighted,11404,5720.2,0.7992
temporal_fine_1e19,temporal_fine_g3_1e19,2,47,static,11404,22482.2,0.9256
temporal_fine_1e19,temporal_fine_g3_1e19,2,48,weighted,12366,6140.7,0.8057
temporal_fine_1e19,temporal_fine_g3_1e19,2,48,static,12366,20032.6,0.915
temporal_fine_1e19,temporal_fine_g3_1e19,2,49,weighted,13058,10057.2,0.8513
temporal_fine_1e19,temporal_fine_g3_1e19,2,49,static,13058,20870.8,0.9187
temporal_fine_1e19,temporal_fine_g3_1e19,2,50,weighted,11634,10010.2,0.8509
temporal_fine_1e19,temporal_fine_g3_1e19,2,50,static,11634,20462.0,0.9169
temporal_fine_1e19,temporal_fine_g3_1e19,2,51,weighted,11446,10687.2,0.8569
temporal_fine_1e19,temporal_fine_g3_1e19,2,51,static,11446,20401.8,0.9166
temporal_fine_1e19,temporal_fine_g3_1e19,2,52,weighted,10520,7261.2,0.8212
temporal_fine_1e19,temporal_fine_g3_1e19,2,52,static,10520,14827.7,0.8872
temporal_fine_1e19,temporal_fine_g3_1e19,2,53,weighted,11090,9745.3,0.8484
temporal_fine_1e19,temporal_fine_g3_1e19,2,53,static,11090,19382.6,0.9119
temporal_fine_1e19,temporal_fine_g3_1e19,2,54,weighted,13658,9382.4,0.8449
temporal_fine_1e19,temporal_fine_g3_1e19,2,54,static,13658,19370.8,0.9118
temporal_fine_1e19,temporal_fine_g3_1e19,2,55,weighted,12957,12291.7,0.8698
temporal_fine_1e19,temporal_fine_g3_1e19,2,55,static,12957,26234.6,0.9399
temporal_fine_1e19,temporal_fine_g3_1e19,2,56,weighted,13032,6905.2,0.8166
temporal_fine_1e19,temporal_fine_g3_1e19,2,56,static,13032,18069.5,0.9054
temporal_fine_1e19,temporal_fine_g3_1e19,2,57,weighted,11110,10118.9,0.8519
temporal_fine_1e19,temporal_fine_g3_1e19,2,57,static,11110,26068.1,0.9393
temporal_fine_1e19,temporal_fine_g3_1e19,2,58,weighted,11801,10842.0,0.8582
temporal_fine_1e19,temporal_fine_g3_1e19,2,58,static,11801,21217.0,0.9203
temporal_fine_1e19,temporal_fine_g3_1e19,2,59,weighted,11765,12070.5,0.8682
temporal_fine_1e19,temporal_fine_g3_1e19,2,59,static,11765,19161.6,0.9108
temporal_fine_1e19,temporal_fine_g3_1e19,2,60,weighted,13050,11672.8,0.8651
temporal_fine_1e19,temporal_fine_g3_1e19,2,60,static,13050,20748.8,0.9182
temporal_fine_1e19,temporal_fine_g3_1e19,2,61,weighted,10333,9527.1,0.8463
temporal_fine_1e19,temporal_fine_g3_1e19,2,61,static,10333,20892.5,0.9188
temporal_fine_1e19,temporal_fine_g3_1e19,2,62,weighted,12871,8219.6,0.8327
temporal_fine_1e19,temporal_fine_g3_1e19,2,62,static,12871,16528.3,0.8972
temporal_fine_1e19,temporal_fine_g3_1e19,2,63,weighted,12015,11403.9,0.8629
temporal_fine_1e19,temporal_fine_g3_1e19,2,63,static,12015,18698.4,0.9086
temporal_fine_1e19,temporal_fine_g3_1e19,2,64,weighted,12989,8805.6,0.839
temporal_fine_1e19,temporal_fine_g3_1e19,2,64,static,12989,21823.9,0.9229
temporal_fine_1e19,temporal_fine_g3_1e19,2,65,weighted,11341,8794.0,0.8389
temporal_fine_1e19,temporal_fine_g3_1e19,2,65,static,11341,18688.4,0.9085
temporal_fine_1e19,temporal_fine_g3_1e19,2,66,weighted,13771,14000.7,0.8819
temporal_fine_1e19,temporal_fine_g3_1e19,2,66,static,13771,22677.9,0.9264
temporal_fine_1e19,temporal_fine_g3_1e19,2,67,weighted,12268,11440.9,0.8632
temporal_fine_1e19,temporal_fine_g3_1e19,2,67,static,12268,14993.0,0.8882
temporal_fine_1e19,temporal_fine_g3_1e19,2,68,weighted,12643,9237.0,0.8434
temporal_fine_1e19,temporal_fine_g3_1e19,2,68,static,12643,23872.8,0.9312
temporal_fine_1e19,temporal_fine_g3_1e19,2,69,weighted,12834,12949.2,0.8746
temporal_fine_1e19,temporal_fine_g3_1e19,2,69,static,12834,21158.3,0.92
temporal_fine_1e19,temporal_fine_g3_1e19,2,70,weighted,12604,13727.8,0.88
temporal_fine_1e19,temporal_fine_g3_1e19,2,70,static,12604,22423.3,0.9254
temporal_fine_1e19,temporal_fine_g3_1e19,2,71,weighted,9964,9887.8,0.8497
temporal_fine_1e19,temporal_fine_g3_1e19,2,71,static,9964,16746.9,0.8984
temporal_fine_1e19,temporal_fine_g3_1e19,2,72,weighted,10771,10590.7,0.8561
temporal_fine_1e19,temporal_fine_g3_1e19,2,72,static,10771,18942.6,0.9098
temporal_fine_1e19,temporal_fine_g3_1e19,2,73,weighted,13047,12856.0,0.874
temporal_fine_1e19,temporal_fine_g3_1e19,2,73,static,13047,17181.1,0.9008
temporal_fine_1e19,temporal_fine_g3_1e19,2,74,weighted,14728,8044.8,0.8307
temporal_fine_1e19,temporal_fine_g3_1e19,2,74,static,14728,22197.5,0.9244
temporal_fine_1e19,temporal_fine_g3_1e19,2,75,weighted,14014,5565.3,0.7966
temporal_fine_1e19,temporal_fine_g3_1e19,2,75,static,14014,21173.9,0.9201
temporal_fine_1e19,temporal_fine_g3_1e19,2,76,weighted,12401,9459.2,0.8456
temporal_fine_1e19,temporal_fine_g3_1e19,2,76,static,12401,21458.1,0.9213
temporal_fine_1e19,temporal_fine_g3_1e19,2,77,weighted,11035,11129.6,0.8607
temporal_fine_1e19,temporal_fine_g3_1e19,2,77,static,11035,18822.4,0.9092
temporal_fine_1e19,temporal_fine_g3_1e19,2,78,weighted,11035,7827.7,0.8282
temporal_fine_1e19,temporal_fine_g3_1e19,2,78,static,11035,25426.1,0.937
temporal_fine_1e19,temporal_fine_g3_1e19,2,79,weighted,12886,8285.1,0.8334
temporal_fine_1e19,temporal_fine_g3_1e19,2,79,static,12886,17503.0,0.9025
temporal_fine_1e19,temporal_fine_g3_1e19,2,80,weighted,12119,10299.0,0.8535
temporal_fine_1e19,temporal_fine_g3_1e19,2,80,static,12119,8430.1,0.835
temporal_fine_1e19,temporal_fine_g3_1e19,2,81,weighted,10903,6293.5,0.808
temporal_fine_1e19,temporal_fine_g3_1e19,2,81,static,10903,20684.2,0.9179
temporal_fine_1e19,temporal_fine_g3_1e19,2,82,weighted,12245,8324.9,0.8338
temporal_fine_1e19,temporal_fine_g3_1e19,2,82,static,12245,18262.2,0.9064
temporal_fine_1e19,temporal_fine_g3_1e19,2,83,weighted,13576,6487.9,0.8108
temporal_fine_1e19,temporal_fine_g3_1e19,2,83,static,13576,21417.1,0.9211
temporal_fine_1e19,temporal_fine_g3_1e19,2,84,weighted,12180,10973.3,0.8594
temporal_fine_1e19,temporal_fine_g3_1e19,2,84,static,12180,12813.2,0.8737
temporal_fine_1e19,temporal_fine_g3_1e19,2,85,weighted,13105,14122.2,0.8827
temporal_fine_1e19,temporal_fine_g3_1e19,2,85,static,13105,20859.2,0.9187
temporal_fine_1e19,temporal_fine_g3_1e19,2,86,weighted,10764,8086.5,0.8312
temporal_fine_1e19,temporal_fine_g3_1e19,2,86,static,10764,22562.7,0.9259
temporal_fine_1e19,temporal_fine_g3_1e19,2,87,weighted,13750,10370.3,0.8541
temporal_fine_1e19,temporal_fine_g3_1e19,2,87,static,13750,13221.6,0.8766
temporal_fine_1e19,temporal_fine_g3_1e19,2,88,weighted,13601,7344.5,0.8223
temporal_fine_1e19,temporal_fine_g3_1e19,2,88,static,13601,16686.1,0.8981
temporal_fine_1e19,temporal_fine_g3_1e19,2,89,weighted,10905,13307.9,0.8772
temporal_fine_1e19,temporal_fine_g3_1e19,2,89,static,10905,14465.3,0.8849
temporal_fine_1e19,temporal_fine_g3_1e19,2,90,weighted,13756,9773.7,0.8487
temporal_fine_1e19,temporal_fine_g3_1e19,2,90,static,13756,21158.5,0.92
temporal_fine_1e19,temporal_fine_g3_1e19,2,91,weighted,12124,11076.5,0.8602
temporal_fine_1e19,temporal_fine_g3_1e19,2,91,static,12124,21918.4,0.9233
temporal_fine_1e19,temporal_fine_g3_1e19,2,92,weighted,13307,14346.1,0.8841
temporal_fine_1e19,temporal_fine_g3_1e19,2,92,static,13307,19622.4,0.913
temporal_fine_1e19,temporal_fine_g3_1e19,2,93,weighted,12089,11410.8,0.863
temporal_fine_1e19,temporal_fine_g3_1e19,2,93,static,12089,18217.9,0.9062
temporal_fine_1e19,temporal_fine_g3_1e19,2,94,weighted,12085,8967.3,0.8407
temporal_fine_1e19,temporal_fine_g3_1e19,2,94,static,12085,13660.5,0.8796
temporal_fine_1e19,temporal_fine_g3_1e19,2,95,weighted,11908,9622.9,0.8472
temporal_fine_1e19,temporal_fine_g3_1e19,2,95,static,11908,22167.8,0.9243
temporal_fine_1e19,temporal_fine_g3_1e19,2,96,weighted,11553,11437.1,0.8632
temporal_fine_1e19,temporal_fine_g3_1e19,2,96,static,11553,22805.3,0.9269
temporal_fine_1e19,temporal_fine_g3_1e19,2,97,weighted,12964,8132.1,0.8317
temporal_fine_1e19,temporal_fine_g3_1e19,2,97,static,12964,18581.4,0.908
temporal_fine_1e19,temporal_fine_g3_1e19,2,98,weighted,14596,6443.5,0.8102
temporal_fine_1e19,temporal_fine_g3_1e19,2,98,static,14596,18210.4,0.9061
temporal_fine_1e19,temporal_fine_g3_1e19,2,99,weighted,11394,7426.5,0.8233
temporal_fine_1e19,temporal_fine_g3_1e19,2,99,static,11394,19282.9,0.9114
temporal_fine_1e19,temporal_fine_g3_1e19,2,100,weighted,11134,7725.6,0.8269
temporal_fine_1e19,temporal_fine_g3_1e19,2,100,static,11134,18728.1,0.9087
temporal_fine_1e19,temporal_fine_g3_1e19,2,101,weighted,10408,8647.8,0.8374
temporal_fine_1e19,temporal_fine_g3_1e19,2,101,static,10408,20939.8,0.919
temporal_fine_1e19,temporal_fine_g3_1e19,2,102,weighted,13242,4300.3,0.7728
temporal_fine_1e19,temporal_fine_g3_1e19,2,102,static,13242,17474.3,0.9023
temporal_fine_1e19,temporal_fine_g3_1e19,2,103,weighted,13668,9932.3,0.8501
temporal_fine_1e19,temporal_fine_g3_1e19,2,103,static,13668,8193.1,0.8324
temporal_fine_1e19,temporal_fine_g3_1e19,2,104,weighted,9961,6344.0,0.8087
temporal_fine_1e19,temporal_fine_g3_1e19,2,104,static,9961,21122.4,0.9198
temporal_fine_1e19,temporal_fine_g3_1e19,2,105,weighted,12952,7724.8,0.8269
temporal_fine_1e19,temporal_fine_g3_1e19,2,105,static,12952,15362.1,0.8904
temporal_fine_1e19,temporal_fine_g3_1e19,2,106,weighted,9522,8972.6,0.8408
temporal_fine_1e19,temporal_fine_g3_1e19,2,106,static,9522,17182.7,0.9008
temporal_fine_1e19,temporal_fine_g3_1e19,2,107,weighted,11463,10659.4,0.8567
temporal_fine_1e19,temporal_fine_g3_1e19,2,107,static,11463,24289.5,0.9327
temporal_fine_1e19,temporal_fine_g3_1e19,2,108,weighted,13135,11228.6,0.8615
temporal_fine_1e19,temporal_fine_g3_1e19,2,108,static,13135,18631.2,0.9083
temporal_fine_1e19,temporal_fine_g3_1e19,2,109,weighted,11726,13139.0,0.876
temporal_fine_1e19,temporal_fine_g3_1e19,2,109,static,11726,16376.4,0.8963
temporal_fine_1e19,temporal_fine_g3_1e19,2,110,weighted,11790,826.7,0.6205
temporal_fine_1e19,temporal_fine_g3_1e19,2,110,static,11790,15850.5,0.8933
temporal_fine_1e19,temporal_fine_g3_1e19,2,111,weighted,11948,8119.3,0.8315
temporal_fine_1e19,temporal_fine_g3_1e19,2,111,static,11948,18670.4,0.9084
temporal_fine_1e19,temporal_fine_g3_1e19,2,112,weighted,11063,11985.8,0.8675
temporal_fine_1e19,temporal_fine_g3_1e19,2,112,static,11063,21673.9,0.9222
temporal_fine_1e19,temporal_fine_g3_1e19,2,113,weighted,13938,7439.3,0.8234
temporal_fine_1e19,temporal_fine_g3_1e19,2,113,static,13938,20908.7,0.9189
temporal_fine_1e19,temporal_fine_g3_1e19,2,114,weighted,11597,4754.4,0.7821
temporal_fine_1e19,temporal_fine_g3_1e19,2,114,static,11597,17104.0,0.9004
temporal_fine_1e19,temporal_fine_g3_1e19,2,115,weighted,11724,9382.2,0.8449
temporal_fine_1e19,temporal_fine_g3_1e19,2,115,static,11724,20952.1,0.9191
temporal_fine_1e19,temporal_fine_g3_1e19,2,116,weighted,12129,3628.0,0.7571
temporal_fine_1e19,temporal_fine_g3_1e19,2,116,static,12129,13737.3,0.8801
temporal_fine_1e19,temporal_fine_g3_1e19,2,117,weighted,11306,8703.1,0.8379
temporal_fine_1e19,temporal_fine_g3_1e19,2,117,static,11306,23215.8,0.9286
temporal_fine_1e19,temporal_fine_g3_1e19,2,118,weighted,12166,10551.6,0.8557
temporal_fine_1e19,temporal_fine_g3_1e19,2,118,static,12166,20171.0,0.9156
temporal_fine_1e19,temporal_fine_g3_1e19,2,119,weighted,12590,14251.5,0.8835
temporal_fine_1e19,temporal_fine_g3_1e19,2,119,static,12590,18857.1,0.9094
temporal_fine_1e19,temporal_fine_g3_1e19,2,120,weighted,12626,12256.8,0.8696
temporal_fine_1e19,temporal_fine_g3_1e19,2,120,static,12626,19201.3,0.911
temporal_fine_1e19,temporal_fine_g3_1e19,2,121,weighted,11206,4465.5,0.7763
temporal_fine_1e19,temporal_fine_g3_1e19,2,121,static,11206,20169.1,0.9156
temporal_fine_1e19,temporal_fine_g3_1e19,2,122,weighted,12679,10735.8,0.8573
temporal_fine_1e19,temporal_fine_g3_1e19,2,122,static,12679,16793.5,0.8987
temporal_fine_1e19,temporal_fine_g3_1e19,2,123,weighted,10535,8943.6,0.8405
temporal_fine_1e19,temporal_fine_g3_1e19,2,123,static,10535,21642.6,0.9221
temporal_fine_1e19,temporal_fine_g3_1e19,2,124,weighted,11699,11955.4,0.8673
temporal_fine_1e19,temporal_fine_g3_1e19,2,124,static,11699,19336.4,0.9117
temporal_fine_1e19,temporal_fine_g3_1e19,2,125,weighted,12478,7501.9,0.8242
temporal_fine_1e19,temporal_fine_g3_1e19,2,125,static,12478,14455.6,0.8848
temporal_fine_1e19,temporal_fine_g3_1e19,2,126,weighted,12193,12858.5,0.874
temporal_fine_1e19,temporal_fine_g3_1e19,2,126,static,12193,19546.6,0.9127
temporal_fine_1e19,temporal_fine_g3_1e19,2,127,weighted,14285,10306.6,0.8536
temporal_fine_1e19,temporal_fine_g3_1e19,2,127,static,14285,12493.3,0.8713
temporal_fine_1e19,temporal_fine_g3_1e19,2,128,weighted,9945,9544.3,0.8465
temporal_fine_1e19,temporal_fine_g3_1e19,2,128,static,9945,21267.4,0.9205
temporal_fine_1e19,temporal_fine_g3_1e19,2,129,weighted,10500,9225.8,0.8433
temporal_fine_1e19,temporal_fine_g3_1e19,2,129,static,10500,16927.6,0.8994
temporal_fine_1e19,temporal_fine_g3_1e19,2,130,weighted,11252,3976.9,0.7656
temporal_fine_1e19,temporal_fine_g3_1e19,2,130,static,11252,23551.7,0.9299
temporal_fine_1e19,temporal_fine_g3_1e19,2,131,weighted,12456,7481.4,0.824
temporal_fine_1e19,temporal_fine_g3_1e19,2,131,static,12456,17182.3,0.9008
temporal_fine_1e19,temporal_fine_g3_1e19,2,132,weighted,12857,10938.8,0.8591
temporal_fine_1e19,temporal_fine_g3_1e19,2,132,static,12857,20786.6,0.9184
temporal_fine_1e19,temporal_fine_g3_1e19,2,133,weighted,13079,4978.6,0.7863
temporal_fine_1e19,temporal_fine_g3_1e19,2,133,static,13079,17507.7,0.9025
temporal_fine_1e19,temporal_fine_g3_1e19,2,134,weighted,12708,9948.0,0.8503
temporal_fine_1e19,temporal_fine_g3_1e19,2,134,static,12708,15835.5,0.8932
temporal_fine_1e19,temporal_fine_g3_1e19,2,135,weighted,10661,9298.2,0.8441
temporal_fine_1e19,temporal_fine_g3_1e19,2,135,static,10661,17723.9,0.9036
temporal_fine_1e19,temporal_fine_g3_1e19,2,136,weighted,11750,10264.4,0.8532
temporal_fine_1e19,temporal_fine_g3_1e19,2,136,static,11750,19620.7,0.913
temporal_fine_1e19,temporal_fine_g3_1e19,2,137,weighted,12337,7444.8,0.8235
temporal_fine_1e19,temporal_fine_g3_1e19,2,137,static,12337,22767.2,0.9268
temporal_fine_1e19,temporal_fine_g3_1e19,2,138,weighted,11169,8595.4,0.8368
temporal_fine_1e19,temporal_fine_g3_1e19,2,138,static,11169,19573.1,0.9128
temporal_fine_1e19,temporal_fine_g3_1e19,2,139,weighted,13373,11513.7,0.8638
temporal_fine_1e19,temporal_fine_g3_1e19,2,139,static,13373,13672.1,0.8797
temporal_fine_1e19,temporal_fine_g3_1e19,2,140,weighted,15010,12133.8,0.8686
temporal_fine_1e19,temporal_fine_g3_1e19,2,140,static,15010,18175.8,0.906
temporal_fine_1e19,temporal_fine_g3_1e19,2,141,weighted,12708,9593.2,0.8469
temporal_fine_1e19,temporal_fine_g3_1e19,2,141,static,12708,21046.6,0.9195
temporal_fine_1e19,temporal_fine_g3_1e19,2,142,weighted,13399,10028.0,0.851
temporal_fine_1e19,temporal_fine_g3_1e19,2,142,static,13399,15351.8,0.8904
temporal_fine_1e19,temporal_fine_g3_1e19,2,143,weighted,12663,8519.2,0.836
temporal_fine_1e19,temporal_fine_g3_1e19,2,143,static,12663,16591.8,0.8975
temporal_fine_1e19,temporal_fine_g3_1e19,2,144,weighted,11825,6872.6,0.8161
temporal_fine_1e19,temporal_fine_g3_1e19,2,144,static,11825,11671.7,0.8651
temporal_fine_1e19,temporal_fine_g3_1e19,2,145,weighted,11422,6062.4,0.8045
temporal_fine_1e19,temporal_fine_g3_1e19,2,145,static,11422,16535.8,0.8972
temporal_fine_1e19,temporal_fine_g3_1e19,2,146,weighted,11311,5796.9,0.8004
temporal_fine_1e19,temporal_fine_g3_1e19,2,146,static,11311,18416.3,0.9072
temporal_fine_1e19,temporal_fine_g3_1e19,2,147,weighted,13298,12063.1,0.8681
temporal_fine_1e19,temporal_fine_g3_1e19,2,147,static,13298,19549.2,0.9127
temporal_fine_1e19,temporal_fine_g3_1e19,2,148,weighted,13057,11964.6,0.8673
temporal_fine_1e19,temporal_fine_g3_1e19,2,148,static,13057,13823.2,0.8807
temporal_fine_1e19,temporal_fine_g3_1e19,2,149,weighted,11187,9493.1,0.846
temporal_fine_1e19,temporal_fine_g3_1e19,2,149,static,11187,13750.1,0.8802
temporal_fine_1e19,temporal_fine_g3_1e19,2,150,weighted,12972,7133.9,0.8196
temporal_fine_1e19,temporal_fine_g3_1e19,2,150,static,12972,23328.1,0.929
temporal_fine_1e19,temporal_fine_g3_1e19,2,151,weighted,11411,13152.7,0.8761
temporal_fine_1e19,temporal_fine_g3_1e19,2,151,static,11411,23662.1,0.9303
temporal_fine_1e19,temporal_fine_g3_1e19,2,152,weighted,13638,10590.8,0.8561
temporal_fine_1e19,temporal_fine_g3_1e19,2,152,static,13638,24691.3,0.9343
temporal_fine_1e19,temporal_fine_g3_1e19,2,153,weighted,12787,6607.2,0.8125
temporal_fine_1e19,temporal_fine_g3_1e19,2,153,static,12787,21277.6,0.9205
temporal_fine_1e19,temporal_fine_g3_1e19,2,154,weighted,12695,11044.0,0.8599
temporal_fine_1e19,temporal_fine_g3_1e19,2,154,static,12695,24024.5,0.9317
temporal_fine_1e19,temporal_fine_g3_1e19,2,155,weighted,12428,14105.3,0.8825
temporal_fine_1e19,temporal_fine_g3_1e19,2,155,static,12428,18319.0,0.9067
temporal_fine_1e19,temporal_fine_g3_1e19,2,156,weighted,12074,6732.3,0.8142
temporal_fine_1e19,temporal_fine_g3_1e19,2,156,static,12074,18596.2,0.9081
temporal_fine_1e19,temporal_fine_g3_1e19,2,157,weighted,13646,10236.0,0.8529
temporal_fine_1e19,temporal_fine_g3_1e19,2,157,static,13646,21517.0,0.9216
temporal_fine_1e19,temporal_fine_g3_1e19,2,158,weighted,13952,7060.7,0.8186
temporal_fine_1e19,temporal_fine_g3_1e19,2,158,static,13952,22112.5,0.9241
temporal_fine_1e19,temporal_fine_g3_1e19,2,159,weighted,12887,11905.6,0.8669
temporal_fine_1e19,temporal_fine_g3_1e19,2,159,static,12887,17164.2,0.9007
temporal_fine_1e19,temporal_fine_g3_1e19,2,160,weighted,10667,13177.5,0.8763
temporal_fine_1e19,temporal_fine_g3_1e19,2,160,static,10667,20824.7,0.9185
temporal_fine_1e19,temporal_fine_g3_1e19,2,161,weighted,13155,7532.2,0.8246
temporal_fine_1e19,temporal_fine_g3_1e19,2,161,static,13155,23109.9,0.9282
temporal_fine_1e19,temporal_fine_g3_1e19,2,162,weighted,10903,7413.1,0.8231
temporal_fine_1e19,temporal_fine_g3_1e19,2,162,static,10903,19363.1,0.9118
temporal_fine_1e19,temporal_fine_g3_1e19,2,163,weighted,11590,11627.1,0.8647
temporal_fine_1e19,temporal_fine_g3_1e19,2,163,static,11590,18019.3,0.9052
temporal_fine_1e19,temporal_fine_g3_1e19,2,164,weighted,10846,11331.1,0.8623
temporal_fine_1e19,temporal_fine_g3_1e19,2,164,static,10846,24785.6,0.9346
temporal_fine_1e19,temporal_fine_g3_1e19,2,165,weighted,11333,13202.1,0.8764
temporal_fine_1e19,temporal_fine_g3_1e19,2,165,static,11333,22193.2,0.9244
temporal_fine_1e19,temporal_fine_g3_1e19,2,166,weighted,16641,13969.0,0.8816
temporal_fine_1e19,temporal_fine_g3_1e19,2,166,static,16641,20910.0,0.9189
temporal_fine_1e19,temporal_fine_g3_1e19,2,167,weighted,12401,9583.7,0.8468
temporal_fine_1e19,temporal_fine_g3_1e19,2,167,static,12401,20429.9,0.9168
temporal_fine_1e19,temporal_fine_g3_1e19,2,168,weighted,10373,10866.1,0.8584
temporal_fine_1e19,temporal_fine_g3_1e19,2,168,static,10373,15287.8,0.89
temporal_fine_1e19,temporal_fine_g3_1e19,2,169,weighted,13906,9110.8,0.8422
temporal_fine_1e19,temporal_fine_g3_1e19,2,169,static,13906,12547.6,0.8717
temporal_fine_1e19,temporal_fine_g3_1e19,2,170,weighted,12856,12485.7,0.8713
temporal_fine_1e19,temporal_fine_g3_1e19,2,170,static,12856,16170.1,0.8952
temporal_fine_1e19,temporal_fine_g3_1e19,2,171,weighted,12828,9861.6,0.8495
temporal_fine_1e19,temporal_fine_g3_1e19,2,171,static,12828,20108.2,0.9153
temporal_fine_1e19,temporal_fine_g3_1e19,2,172,weighted,11651,9787.4,0.8488
temporal_fine_1e19,temporal_fine_g3_1e19,2,172,static,11651,19853.1,0.9141
temporal_fine_1e19,temporal_fine_g3_1e19,2,173,weighted,11396,9812.5,0.849
temporal_fine_1e19,temporal_fine_g3_1e19,2,173,static,11396,19690.7,0.9134
temporal_fine_1e19,temporal_fine_g3_1e19,2,174,weighted,12608,9799.7,0.8489
temporal_fine_1e19,temporal_fine_g3_1e19,2,174,static,12608,17323.6,0.9015
temporal_fine_1e19,temporal_fine_g3_1e19,2,175,weighted,11983,8925.4,0.8403
temporal_fine_1e19,temporal_fine_g3_1e19,2,175,static,11983,15996.1,0.8942
temporal_fine_1e19,temporal_fine_g3_1e19,2,176,weighted,12544,13721.1,0.88
temporal_fine_1e19,temporal_fine_g3_1e19,2,176,static,12544,18694.7,0.9086
temporal_fine_1e19,temporal_fine_g3_1e19,2,177,weighted,12831,8328.5,0.8339
temporal_fine_1e19,temporal_fine_g3_1e19,2,177,static,12831,20208.5,0.9158
temporal_fine_1e19,temporal_fine_g3_1e19,2,178,weighted,10778,12012.6,0.8677
temporal_fine_1e19,temporal_fine_g3_1e19,2,178,static,10778,19836.9,0.914
temporal_fine_1e19,temporal_fine_g3_1e19,2,179,weighted,11401,9705.9,0.848
temporal_fine_1e19,temporal_fine_g3_1e19,2,179,static,11401,18276.3,0.9065
temporal_fine_1e19,temporal_fine_g3_1e19,2,180,weighted,11681,4052.5,0.7673
temporal_fine_1e19,temporal_fine_g3_1e19,2,180,static,11681,11473.5,0.8635
temporal_fine_1e19,temporal_fine_g3_1e19,2,181,weighted,15606,9342.2,0.8445
temporal_fine_1e19,temporal_fine_g3_1e19,2,181,static,15606,22784.5,0.9268
temporal_fine_1e19,temporal_fine_g3_1e19,2,182,weighted,12296,9769.1,0.8486
temporal_fine_1e19,temporal_fine_g3_1e19,2,182,static,12296,11997.5,0.8676
temporal_fine_1e19,temporal_fine_g3_1e19,2,183,weighted,13799,10419.4,0.8546
temporal_fine_1e19,temporal_fine_g3_1e19,2,183,static,13799,21467.0,0.9213
temporal_fine_1e19,temporal_fine_g3_1e19,2,184,weighted,10962,11246.2,0.8616
temporal_fine_1e19,temporal_fine_g3_1e19,2,184,static,10962,19781.9,0.9138
temporal_fine_1e19,temporal_fine_g3_1e19,2,185,weighted,13059,9252.1,0.8436
temporal_fine_1e19,temporal_fine_g3_1e19,2,185,static,13059,20690.9,0.9179
temporal_fine_1e19,temporal_fine_g3_1e19,2,186,weighted,12609,13319.7,0.8773
temporal_fine_1e19,temporal_fine_g3_1e19,2,186,static,12609,22885.4,0.9272
temporal_fine_1e19,temporal_fine_g3_1e19,2,187,weighted,11154,7251.7,0.8211
temporal_fine_1e19,temporal_fine_g3_1e19,2,187,static,11154,18455.4,0.9074
temporal_fine_1e19,temporal_fine_g3_1e19,2,188,weighted,11604,7787.0,0.8277
temporal_fine_1e19,temporal_fine_g3_1e19,2,188,static,11604,20310.8,0.9162
temporal_fine_1e19,temporal_fine_g3_1e19,2,189,weighted,11754,3142.9,0.7439
temporal_fine_1e19,temporal_fine_g3_1e19,2,189,static,11754,17090.3,0.9003
temporal_fine_1e19,temporal_fine_g3_1e19,2,190,weighted,14190,9251.2,0.8436
temporal_fine_1e19,temporal_fine_g3_1e19,2,190,static,14190,18233.5,0.9063
temporal_fine_1e19,temporal_fine_g3_1e19,2,191,weighted,12548,10618.1,0.8563
temporal_fine_1e19,temporal_fine_g3_1e19,2,191,static,12548,21379.9,0.921
temporal_fine_1e19,temporal_fine_g3_1e19,3,0,weighted,11629,8988.9,0.8409
temporal_fine_1e19,temporal_fine_g3_1e19,3,0,static,11629,21753.9,0.9226
temporal_fine_1e19,temporal_fine_g3_1e19,3,1,weighted,12855,1441.4,0.6719
temporal_fine_1e19,temporal_fine_g3_1e19,3,1,static,12855,19860.4,0.9142
temporal_fine_1e19,temporal_fine_g3_1e19,3,2,weighted,12984,10238.5,0.853
temporal_fine_1e19,temporal_fine_g3_1e19,3,2,static,12984,22471.7,0.9256
temporal_fine_1e19,temporal_fine_g3_1e19,3,3,weighted,12770,7956.4,0.8297
temporal_fine_1e19,temporal_fine_g3_1e19,3,3,static,12770,19481.7,0.9124
temporal_fine_1e19,temporal_fine_g3_1e19,3,4,weighted,15287,12602.7,0.8721
temporal_fine_1e19,temporal_fine_g3_1e19,3,4,static,15287,17198.8,0.9009
temporal_fine_1e19,temporal_fine_g3_1e19,3,5,weighted,12359,9009.9,0.8411
temporal_fine_1e19,temporal_fine_g3_1e19,3,5,static,12359,18326.2,0.9067
temporal_fine_1e19,temporal_fine_g3_1e19,3,6,weighted,11044,2475.8,0.7218
temporal_fine_1e19,temporal_fine_g3_1e19,3,6,static,11044,20249.2,0.9159
temporal_fine_1e19,temporal_fine_g3_1e19,3,7,weighted,11730,10720.6,0.8572
temporal_fine_1e19,temporal_fine_g3_1e19,3,7,static,11730,14703.3,0.8864
temporal_fine_1e19,temporal_fine_g3_1e19,3,8,weighted,11191,10755.5,0.8575
temporal_fine_1e19,temporal_fine_g3_1e19,3,8,static,11191,23238.2,0.9287
temporal_fine_1e19,temporal_fine_g3_1e19,3,9,weighted,10437,7121.9,0.8194
temporal_fine_1e19,temporal_fine_g3_1e19,3,9,static,10437,21731.5,0.9225
temporal_fine_1e19,temporal_fine_g3_1e19,3,10,weighted,12910,8673.4,0.8376
temporal_fine_1e19,temporal_fine_g3_1e19,3,10,static,12910,15029.4,0.8884
temporal_fine_1e19,temporal_fine_g3_1e19,3,11,weighted,12398,9161.1,0.8427
temporal_fine_1e19,temporal_fine_g3_1e19,3,11,static,12398,23249.0,0.9287
temporal_fine_1e19,temporal_fine_g3_1e19,3,12,weighted,12663,12373.6,0.8704
temporal_fine_1e19,temporal_fine_g3_1e19,3,12,static,12663,19950.6,0.9146
temporal_fine_1e19,temporal_fine_g3_1e19,3,13,weighted,14081,12600.0,0.8721
temporal_fine_1e19,temporal_fine_g3_1e19,3,13,static,14081,18403.7,0.9071
temporal_fine_1e19,temporal_fine_g3_1e19,3,14,weighted,13755,12465.6,0.8711
temporal_fine_1e19,temporal_fine_g3_1e19,3,14,static,13755,21430.5,0.9212
temporal_fine_1e19,temporal_fine_g3_1e19,3,15,weighted,13474,9936.4,0.8502
temporal_fine_1e19,temporal_fine_g3_1e19,3,15,static,13474,17767.5,0.9039
temporal_fine_1e19,temporal_fine_g3_1e19,3,16,weighted,11600,9626.5,0.8473
temporal_fine_1e19,temporal_fine_g3_1e19,3,16,static,11600,19117.6,0.9106
temporal_fine_1e19,temporal_fine_g3_1e19,3,17,weighted,11099,11717.7,0.8654
temporal_fine_1e19,temporal_fine_g3_1e19,3,17,static,11099,19096.6,0.9105
temporal_fine_1e19,temporal_fine_g3_1e19,3,18,weighted,9847,5139.2,0.7893
temporal_fine_1e19,temporal_fine_g3_1e19,3,18,static,9847,20016.5,0.9149
temporal_fine_1e19,temporal_fine_g3_1e19,3,19,weighted,12970,6256.6,0.8075
temporal_fine_1e19,temporal_fine_g3_1e19,3,19,static,12970,17032.4,0.9
temporal_fine_1e19,temporal_fine_g3_1e19,3,20,weighted,9878,6367.9,0.8091
temporal_fine_1e19,temporal_fine_g3_1e19,3,20,static,9878,17238.6,0.9011
temporal_fine_1e19,temporal_fine_g3_1e19,3,21,weighted,11479,10617.4,0.8563
temporal_fine_1e19,temporal_fine_g3_1e19,3,21,static,11479,13524.7,0.8787
temporal_fine_1e19,temporal_fine_g3_1e19,3,22,weighted,13074,13519.2,0.8786
temporal_fine_1e19,temporal_fine_g3_1e19,3,22,static,13074,22520.9,0.9258
temporal_fine_1e19,temporal_fine_g3_1e19,3,23,weighted,12369,9735.8,0.8483
temporal_fine_1e19,temporal_fine_g3_1e19,3,23,static,12369,23313.4,0.929
temporal_fine_1e19,temporal_fine_g3_1e19,3,24,weighted,11289,11357.8,0.8625
temporal_fine_1e19,temporal_fine_g3_1e19,3,24,static,11289,21356.1,0.9209
temporal_fine_1e19,temporal_fine_g3_1e19,3,25,weighted,12876,7752.4,0.8273
temporal_fine_1e19,temporal_fine_g3_1e19,3,25,static,12876,21860.5,0.923
temporal_fine_1e19,temporal_fine_g3_1e19,3,26,weighted,12086,8762.0,0.8386
temporal_fine_1e19,temporal_fine_g3_1e19,3,26,static,12086,22483.2,0.9256
temporal_fine_1e19,temporal_fine_g3_1e19,3,27,weighted,13601,7986.2,0.83
temporal_fine_1e19,temporal_fine_g3_1e19,3,27,static,13601,20604.3,0.9176
temporal_fine_1e19,temporal_fine_g3_1e19,3,28,weighted,9546,4792.4,0.7828
temporal_fine_1e19,temporal_fine_g3_1e19,3,28,static,9546,25629.4,0.9377
temporal_fine_1e19,temporal_fine_g3_1e19,3,29,weighted,11923,2824.5,0.734
temporal_fine_1e19,temporal_fine_g3_1e19,3,29,static,11923,18398.8,0.9071
temporal_fine_1e19,temporal_fine_g3_1e19,3,30,weighted,12392,11573.3,0.8643
temporal_fine_1e19,temporal_fine_g3_1e19,3,30,static,12392,20425.5,0.9167
temporal_fine_1e19,temporal_fine_g3_1e19,3,31,weighted,12993,10529.3,0.8555
temporal_fine_1e19,temporal_fine_g3_1e19,3,31,static,12993,17238.7,0.9011
temporal_fine_1e19,temporal_fine_g3_1e19,3,32,weighted,10139,10001.0,0.8508
temporal_fine_1e19,temporal_fine_g3_1e19,3,32,static,10139,23283.8,0.9288
temporal_fine_1e19,temporal_fine_g3_1e19,3,33,weighted,11728,6508.4,0.8111
temporal_fine_1e19,temporal_fine_g3_1e19,3,33,static,11728,21647.7,0.9221
temporal_fine_1e19,temporal_fine_g3_1e19,3,34,weighted,13251,5385.4,0.7936
temporal_fine_1e19,temporal_fine_g3_1e19,3,34,static,13251,17325.4,0.9015
temporal_fine_1e19,temporal_fine_g3_1e19,3,35,weighted,13898,11068.4,0.8602
temporal_fine_1e19,temporal_fine_g3_1e19,3,35,static,13898,19419.8,0.9121
temporal_fine_1e19,temporal_fine_g3_1e19,3,36,weighted,12386,10981.8,0.8594
temporal_fine_1e19,temporal_fine_g3_1e19,3,36,static,12386,20839.2,0.9186
temporal_fine_1e19,temporal_fine_g3_1e19,3,37,weighted,11779,6425.1,0.8099
temporal_fine_1e19,temporal_fine_g3_1e19,3,37,static,11779,19110.6,0.9106
temporal_fine_1e19,temporal_fine_g3_1e19,3,38,weighted,12306,9167.5,0.8427
temporal_fine_1e19,temporal_fine_g3_1e19,3,38,static,12306,15913.3,0.8937
temporal_fine_1e19,temporal_fine_g3_1e19,3,39,weighted,13651,6828.2,0.8155
temporal_fine_1e19,temporal_fine_g3_1e19,3,39,static,13651,18197.1,0.9061
temporal_fine_1e19,temporal_fine_g3_1e19,3,40,weighted,12405,9800.2,0.8489
temporal_fine_1e19,temporal_fine_g3_1e19,3,40,static,12405,15841.8,0.8933
temporal_fine_1e19,temporal_fine_g3_1e19,3,41,weighted,13838,11515.9,0.8638
temporal_fine_1e19,temporal_fine_g3_1e19,3,41,static,13838,20440.9,0.9168
temporal_fine_1e19,temporal_fine_g3_1e19,3,42,weighted,7999,4026.1,0.7667
temporal_fine_1e19,temporal_fine_g3_1e19,3,42,static,7999,25662.2,0.9378
temporal_fine_1e19,temporal_fine_g3_1e19,3,43,weighted,11679,7904.1,0.829
temporal_fine_1e19,temporal_fine_g3_1e19,3,43,static,11679,19515.9,0.9125
temporal_fine_1e19,temporal_fine_g3_1e19,3,44,weighted,12560,10580.6,0.856
temporal_fine_1e19,temporal_fine_g3_1e19,3,44,static,12560,17271.0,0.9012
temporal_fine_1e19,temporal_fine_g3_1e19,3,45,weighted,10325,4162.3,0.7698
temporal_fine_1e19,temporal_fine_g3_1e19,3,45,static,10325,20103.9,0.9153
temporal_fine_1e19,temporal_fine_g3_1e19,3,46,weighted,11991,12587.8,0.872
temporal_fine_1e19,temporal_fine_g3_1e19,3,46,static,11991,25686.5,0.9379
temporal_fine_1e19,temporal_fine_g3_1e19,3,47,weighted,11934,8178.0,0.8322
temporal_fine_1e19,temporal_fine_g3_1e19,3,47,static,11934,20247.0,0.9159
temporal_fine_1e19,temporal_fine_g3_1e19,3,48,weighted,12312,7178.0,0.8201
temporal_fine_1e19,temporal_fine_g3_1e19,3,48,static,12312,25074.4,0.9357
temporal_fine_1e19,temporal_fine_g3_1e19,3,49,weighted,11599,8426.1,0.835
temporal_fine_1e19,temporal_fine_g3_1e19,3,49,static,11599,23291.5,0.9289
temporal_fine_1e19,temporal_fine_g3_1e19,3,50,weighted,12067,10577.3,0.856
temporal_fine_1e19,temporal_fine_g3_1e19,3,50,static,12067,9699.9,0.848
temporal_fine_1e19,temporal_fine_g3_1e19,3,51,weighted,12470,9872.4,0.8496
temporal_fine_1e19,temporal_fine_g3_1e19,3,51,static,12470,19959.5,0.9146
temporal_fine_1e19,temporal_fine_g3_1e19,3,52,weighted,12533,12527.8,0.8716
temporal_fine_1e19,temporal_fine_g3_1e19,3,52,static,12533,23257.8,0.9287
temporal_fine_1e19,temporal_fine_g3_1e19,3,53,weighted,12106,8887.4,0.8399
temporal_fine_1e19,temporal_fine_g3_1e19,3,53,static,12106,22309.3,0.9249
temporal_fine_1e19,temporal_fine_g3_1e19,3,54,weighted,11893,8594.6,0.8368
temporal_fine_1e19,temporal_fine_g3_1e19,3,54,static,11893,16350.2,0.8962
temporal_fine_1e19,temporal_fine_g3_1e19,3,55,weighted,11734,9151.5,0.8426
temporal_fine_1e19,temporal_fine_g3_1e19,3,55,static,11734,20418.3,0.9167
temporal_fine_1e19,temporal_fine_g3_1e19,3,56,weighted,13366,10601.8,0.8562
temporal_fine_1e19,temporal_fine_g3_1e19,3,56,static,13366,13440.7,0.8781
temporal_fine_1e19,temporal_fine_g3_1e19,3,57,weighted,14313,4253.4,0.7718
temporal_fine_1e19,temporal_fine_g3_1e19,3,57,static,14313,21684.1,0.9223
temporal_fine_1e19,temporal_fine_g3_1e19,3,58,weighted,13892,3653.9,0.7578
temporal_fine_1e19,temporal_fine_g3_1e19,3,58,static,13892,19048.0,0.9103
temporal_fine_1e19,temporal_fine_g3_1e19,3,59,weighted,11860,7501.6,0.8242
temporal_fine_1e19,temporal_fine_g3_1e19,3,59,static,11860,17828.8,0.9042
temporal_fine_1e19,temporal_fine_g3_1e19,3,60,weighted,14371,10648.2,0.8566
temporal_fine_1e19,temporal_fine_g3_1e19,3,60,static,14371,18678.2,0.9085
temporal_fine_1e19,temporal_fine_g3_1e19,3,61,weighted,15744,8220.9,0.8327
temporal_fine_1e19,temporal_fine_g3_1e19,3,61,static,15744,20861.5,0.9187
temporal_fine_1e19,temporal_fine_g3_1e19,3,62,weighted,12574,7113.7,0.8193
temporal_fine_1e19,temporal_fine_g3_1e19,3,62,static,12574,24829.8,0.9348
temporal_fine_1e19,temporal_fine_g3_1e19,3,63,weighted,14541,7952.1,0.8296
temporal_fine_1e19,temporal_fine_g3_1e19,3,63,static,14541,21296.2,0.9206
temporal_fine_1e19,temporal_fine_g3_1e19,3,64,weighted,11618,9805.8,0.849
temporal_fine_1e19,temporal_fine_g3_1e19,3,64,static,11618,19132.8,0.9107
temporal_fine_1e19,temporal_fine_g3_1e19,3,65,weighted,13246,12359.2,0.8703
temporal_fine_1e19,temporal_fine_g3_1e19,3,65,static,13246,18919.2,0.9097
temporal_fine_1e19,temporal_fine_g3_1e19,3,66,weighted,9167,7749.4,0.8272
temporal_fine_1e19,temporal_fine_g3_1e19,3,66,static,9167,24873.3,0.9349
temporal_fine_1e19,temporal_fine_g3_1e19,3,67,weighted,12362,7361.1,0.8225
temporal_fine_1e19,temporal_fine_g3_1e19,3,67,static,12362,15617.2,0.892
temporal_fine_1e19,temporal_fine_g3_1e19,3,68,weighted,11939,12735.5,0.8731
temporal_fine_1e19,temporal_fine_g3_1e19,3,68,static,11939,19017.7,0.9101
temporal_fine_1e19,temporal_fine_g3_1e19,3,69,weighted,12662,8017.8,0.8304
temporal_fine_1e19,temporal_fine_g3_1e19,3,69,static,12662,28526.9,0.9476
temporal_fine_1e19,temporal_fine_g3_1e19,3,70,weighted,12989,10614.6,0.8563
temporal_fine_1e19,temporal_fine_g3_1e19,3,70,static,12989,20788.0,0.9184
temporal_fine_1e19,temporal_fine_g3_1e19,3,71,weighted,13210,8044.9,0.8307
temporal_fine_1e19,temporal_fine_g3_1e19,3,71,static,13210,21509.0,0.9215
temporal_fine_1e19,temporal_fine_g3_1e19,3,72,weighted,11752,7785.4,0.8277
temporal_fine_1e19,temporal_fine_g3_1e19,3,72,static,11752,25404.9,0.9369
temporal_fine_1e19,temporal_fine_g3_1e19,3,73,weighted,9784,11754.5,0.8657
temporal_fine_1e19,temporal_fine_g3_1e19,3,73,static,9784,20565.7,0.9174
temporal_fine_1e19,temporal_fine_g3_1e19,3,74,weighted,13002,10116.9,0.8518
temporal_fine_1e19,temporal_fine_g3_1e19,3,74,static,13002,19401.8,0.912
temporal_fine_1e19,temporal_fine_g3_1e19,3,75,weighted,11492,10670.9,0.8568
temporal_fine_1e19,temporal_fine_g3_1e19,3,75,static,11492,17519.6,0.9026
temporal_fine_1e19,temporal_fine_g3_1e19,3,76,weighted,10113,7593.8,0.8253
temporal_fine_1e19,temporal_fine_g3_1e19,3,76,static,10113,27260.9,0.9434
temporal_fine_1e19,temporal_fine_g3_1e19,3,77,weighted,13290,11712.8,0.8654
temporal_fine_1e19,temporal_fine_g3_1e19,3,77,static,13290,18395.5,0.9071
temporal_fine_1e19,temporal_fine_g3_1e19,3,78,weighted,9500,5627.4,0.7977
temporal_fine_1e19,temporal_fine_g3_1e19,3,78,static,9500,18345.8,0.9068
temporal_fine_1e19,temporal_fine_g3_1e19,3,79,weighted,12993,7809.6,0.8279
temporal_fine_1e19,temporal_fine_g3_1e19,3,79,static,12993,25853.1,0.9385
temporal_fine_1e19,temporal_fine_g3_1e19,3,80,weighted,11206,5037.6,0.7874
temporal_fine_1e19,temporal_fine_g3_1e19,3,80,static,11206,21664.6,0.9222
temporal_fine_1e19,temporal_fine_g3_1e19,3,81,weighted,13702,8205.1,0.8325
temporal_fine_1e19,temporal_fine_g3_1e19,3,81,static,13702,17446.9,0.9022
temporal_fine_1e19,temporal_fine_g3_1e19,3,82,weighted,10072,9657.6,0.8476
temporal_fine_1e19,temporal_fine_g3_1e19,3,82,static,10072,16700.3,0.8981
temporal_fine_1e19,temporal_fine_g3_1e19,3,83,weighted,10974,9375.2,0.8448
temporal_fine_1e19,temporal_fine_g3_1e19,3,83,static,10974,23857.3,0.9311
temporal_fine_1e19,temporal_fine_g3_1e19,3,84,weighted,13010,13734.0,0.8801
temporal_fine_1e19,temporal_fine_g3_1e19,3,84,static,13010,19203.7,0.911
temporal_fine_1e19,temporal_fine_g3_1e19,3,85,weighted,12397,10871.6,0.8585
temporal_fine_1e19,temporal_fine_g3_1e19,3,85,static,12397,23533.0,0.9298
temporal_fine_1e19,temporal_fine_g3_1e19,3,86,weighted,12459,15816.3,0.8931
temporal_fine_1e19,temporal_fine_g3_1e19,3,86,static,12459,19264.9,0.9113
temporal_fine_1e19,temporal_fine_g3_1e19,3,87,weighted,14086,9705.1,0.848
temporal_fine_1e19,temporal_fine_g3_1e19,3,87,static,14086,16287.5,0.8958
temporal_fine_1e19,temporal_fine_g3_1e19,3,88,weighted,14498,8289.7,0.8334
temporal_fine_1e19,temporal_fine_g3_1e19,3,88,static,14498,22083.8,0.924
temporal_fine_1e19,temporal_fine_g3_1e19,3,89,weighted,12380,6383.2,0.8093
temporal_fine_1e19,temporal_fine_g3_1e19,3,89,static,12380,23256.2,0.9287
temporal_fine_1e19,temporal_fine_g3_1e19,3,90,weighted,12228,4475.5,0.7765
temporal_fine_1e19,temporal_fine_g3_1e19,3,90,static,12228,25048.5,0.9356
temporal_fine_1e19,temporal_fine_g3_1e19,3,91,weighted,13957,10296.4,0.8535
temporal_fine_1e19,temporal_fine_g3_1e19,3,91,static,13957,15880.5,0.8935
temporal_fine_1e19,temporal_fine_g3_1e19,3,92,weighted,13040,11122.3,0.8606
temporal_fine_1e19,temporal_fine_g3_1e19,3,92,static,13040,24671.2,0.9342
temporal_fine_1e19,temporal_fine_g3_1e19,3,93,weighted,12428,11350.0,0.8625
temporal_fine_1e19,temporal_fine_g3_1e19,3,93,static,12428,19406.2,0.912
temporal_fine_1e19,temporal_fine_g3_1e19,3,94,weighted,10821,5325.5,0.7926
temporal_fine_1e19,temporal_fine_g3_1e19,3,94,static,10821,18944.9,0.9098
temporal_fine_1e19,temporal_fine_g3_1e19,3,95,weighted,13837,11076.6,0.8602
temporal_fine_1e19,temporal_fine_g3_1e19,3,95,static,13837,23360.3,0.9291
temporal_fine_1e19,temporal_fine_g3_1e19,3,96,weighted,13257,11372.5,0.8627
temporal_fine_1e19,temporal_fine_g3_1e19,3,96,static,13257,18477.2,0.9075
temporal_fine_1e19,temporal_fine_g3_1e19,3,97,weighted,13241,6123.2,0.8055
temporal_fine_1e19,temporal_fine_g3_1e19,3,97,static,13241,19122.8,0.9107
temporal_fine_1e19,temporal_fine_g3_1e19,3,98,weighted,11732,10168.2,0.8523
temporal_fine_1e19,temporal_fine_g3_1e19,3,98,static,11732,17170.9,0.9007
temporal_fine_1e19,temporal_fine_g3_1e19,3,99,weighted,12083,7581.8,0.8252
temporal_fine_1e19,temporal_fine_g3_1e19,3,99,static,12083,23298.6,0.9289
temporal_fine_1e19,temporal_fine_g3_1e19,3,100,weighted,13369,10038.0,0.8511
temporal_fine_1e19,temporal_fine_g3_1e19,3,100,static,13369,22338.9,0.925
temporal_fine_1e19,temporal_fine_g3_1e19,3,101,weighted,12495,11041.3,0.8599
temporal_fine_1e19,temporal_fine_g3_1e19,3,101,static,12495,20643.7,0.9177
temporal_fine_1e19,temporal_fine_g3_1e19,3,102,weighted,16548,7778.3,0.8276
temporal_fine_1e19,temporal_fine_g3_1e19,3,102,static,16548,17898.0,0.9045
temporal_fine_1e19,temporal_fine_g3_1e19,3,103,weighted,13080,8565.7,0.8365
temporal_fine_1e19,temporal_fine_g3_1e19,3,103,static,13080,22029.7,0.9237
temporal_fine_1e19,temporal_fine_g3_1e19,3,104,weighted,10593,6305.6,0.8082
temporal_fine_1e19,temporal_fine_g3_1e19,3,104,static,10593,15194.2,0.8894
temporal_fine_1e19,temporal_fine_g3_1e19,3,105,weighted,10905,9786.0,0.8488
temporal_fine_1e19,temporal_fine_g3_1e19,3,105,static,10905,23173.4,0.9284
temporal_fine_1e19,temporal_fine_g3_1e19,3,106,weighted,11609,8987.0,0.8409
temporal_fine_1e19,temporal_fine_g3_1e19,3,106,static,11609,20464.2,0.9169
temporal_fine_1e19,temporal_fine_g3_1e19,3,107,weighted,11344,9043.7,0.8415
temporal_fine_1e19,temporal_fine_g3_1e19,3,107,static,11344,21553.2,0.9217
temporal_fine_1e19,temporal_fine_g3_1e19,3,108,weighted,12950,6960.8,0.8173
temporal_fine_1e19,temporal_fine_g3_1e19,3,108,static,12950,19314.1,0.9116
temporal_fine_1e19,temporal_fine_g3_1e19,3,109,weighted,12253,5560.9,0.7966
temporal_fine_1e19,temporal_fine_g3_1e19,3,109,static,12253,21779.8,0.9227
temporal_fine_1e19,temporal_fine_g3_1e19,3,110,weighted,14708,7809.8,0.8279
temporal_fine_1e19,temporal_fine_g3_1e19,3,110,static,14708,24139.7,0.9322
temporal_fine_1e19,temporal_fine_g3_1e19,3,111,weighted,10254,7417.8,0.8232
temporal_fine_1e19,temporal_fine_g3_1e19,3,111,static,10254,23138.3,0.9283
temporal_fine_1e19,temporal_fine_g3_1e19,3,112,weighted,10106,8691.2,0.8378
temporal_fine_1e19,temporal_fine_g3_1e19,3,112,static,10106,20745.5,0.9182
temporal_fine_1e19,temporal_fine_g3_1e19,3,113,weighted,13305,10115.5,0.8518
temporal_fine_1e19,temporal_fine_g3_1e19,3,113,static,13305,23687.4,0.9304
temporal_fine_1e19,temporal_fine_g3_1e19,3,114,weighted,13807,9873.9,0.8496
temporal_fine_1e19,temporal_fine_g3_1e19,3,114,static,13807,20447.8,0.9168
temporal_fine_1e19,temporal_fine_g3_1e19,3,115,weighted,11467,12181.0,0.869
temporal_fine_1e19,temporal_fine_g3_1e19,3,115,static,11467,18724.7,0.9087
temporal_fine_1e19,temporal_fine_g3_1e19,3,116,weighted,11831,5420.0,0.7942
temporal_fine_1e19,temporal_fine_g3_1e19,3,116,static,11831,21086.3,0.9197
temporal_fine_1e19,temporal_fine_g3_1e19,3,117,weighted,10734,5153.3,0.7895
temporal_fine_1e19,temporal_fine_g3_1e19,3,117,static,10734,21126.1,0.9199
temporal_fine_1e19,temporal_fine_g3_1e19,3,118,weighted,10598,12947.3,0.8746
temporal_fine_1e19,temporal_fine_g3_1e19,3,118,static,10598,17104.2,0.9004
temporal_fine_1e19,temporal_fine_g3_1e19,3,119,weighted,13357,6264.8,0.8076
temporal_fine_1e19,temporal_fine_g3_1e19,3,119,static,13357,14000.1,0.8819
temporal_fine_1e19,temporal_fine_g3_1e19,3,120,weighted,12454,10868.5,0.8585
temporal_fine_1e19,temporal_fine_g3_1e19,3,120,static,12454,17496.8,0.9024
temporal_fine_1e19,temporal_fine_g3_1e19,3,121,weighted,12698,9957.6,0.8504
temporal_fine_1e19,temporal_fine_g3_1e19,3,121,static,12698,12674.4,0.8727
temporal_fine_1e19,temporal_fine_g3_1e19,3,122,weighted,13542,12494.3,0.8713
temporal_fine_1e19,temporal_fine_g3_1e19,3,122,static,13542,17887.7,0.9045
temporal_fine_1e19,temporal_fine_g3_1e19,3,123,weighted,11719,13013.2,0.8751
temporal_fine_1e19,temporal_fine_g3_1e19,3,123,static,11719,18295.4,0.9066
temporal_fine_1e19,temporal_fine_g3_1e19,3,124,weighted,12115,7162.5,0.8199
temporal_fine_1e19,temporal_fine_g3_1e19,3,124,static,12115,19858.4,0.9141
temporal_fine_1e19,temporal_fine_g3_1e19,3,125,weighted,12071,6832.6,0.8156
temporal_fine_1e19,temporal_fine_g3_1e19,3,125,static,12071,21788.1,0.9227
temporal_fine_1e19,temporal_fine_g3_1e19,3,126,weighted,12806,13485.6,0.8784
temporal_fine_1e19,temporal_fine_g3_1e19,3,126,static,12806,22742.9,0.9267
temporal_fine_1e19,temporal_fine_g3_1e19,3,127,weighted,12424,5842.0,0.8011
temporal_fine_1e19,temporal_fine_g3_1e19,3,127,static,12424,23386.8,0.9293
temporal_fine_1e19,temporal_fine_g3_1e19,3,128,weighted,10611,5738.0,0.7995
temporal_fine_1e19,temporal_fine_g3_1e19,3,128,static,10611,23833.9,0.931
temporal_fine_1e19,temporal_fine_g3_1e19,3,129,weighted,12591,10570.5,0.8559
temporal_fine_1e19,temporal_fine_g3_1e19,3,129,static,12591,18549.0,0.9078
temporal_fine_1e19,temporal_fine_g3_1e19,3,130,weighted,12212,10955.8,0.8592
temporal_fine_1e19,temporal_fine_g3_1e19,3,130,static,12212,15834.8,0.8932
temporal_fine_1e19,temporal_fine_g3_1e19,3,131,weighted,12170,7071.0,0.8188
temporal_fine_1e19,temporal_fine_g3_1e19,3,131,static,12170,25983.4,0.939
temporal_fine_1e19,temporal_fine_g3_1e19,3,132,weighted,11934,8514.4,0.8359
temporal_fine_1e19,temporal_fine_g3_1e19,3,132,static,11934,17506.9,0.9025
temporal_fine_1e19,temporal_fine_g3_1e19,3,133,weighted,13692,9415.4,0.8452
temporal_fine_1e19,temporal_fine_g3_1e19,3,133,static,13692,21830.2,0.9229
temporal_fine_1e19,temporal_fine_g3_1e19,3,134,weighted,13251,8304.0,0.8336
temporal_fine_1e19,temporal_fine_g3_1e19,3,134,static,13251,18658.8,0.9084
temporal_fine_1e19,temporal_fine_g3_1e19,3,135,weighted,13466,10517.8,0.8554
temporal_fine_1e19,temporal_fine_g3_1e19,3,135,static,13466,18961.6,0.9099
temporal_fine_1e19,temporal_fine_g3_1e19,3,136,weighted,12299,13530.4,0.8787
temporal_fine_1e19,temporal_fine_g3_1e19,3,136,static,12299,25452.1,0.9371
temporal_fine_1e19,temporal_fine_g3_1e19,3,137,weighted,12672,9105.7,0.8421
temporal_fine_1e19,temporal_fine_g3_1e19,3,137,static,12672,23513.6,0.9298
temporal_fine_1e19,temporal_fine_g3_1e19,3,138,weighted,14084,10760.9,0.8575
temporal_fine_1e19,temporal_fine_g3_1e19,3,138,static,14084,23942.4,0.9314
temporal_fine_1e19,temporal_fine_g3_1e19,3,139,weighted,11447,10088.0,0.8516
temporal_fine_1e19,temporal_fine_g3_1e19,3,139,static,11447,21500.3,0.9215
temporal_fine_1e19,temporal_fine_g3_1e19,3,140,weighted,10237,11763.5,0.8658
temporal_fine_1e19,temporal_fine_g3_1e19,3,140,static,10237,25377.5,0.9368
temporal_fine_1e19,temporal_fine_g3_1e19,3,141,weighted,11664,8249.9,0.833
temporal_fine_1e19,temporal_fine_g3_1e19,3,141,static,11664,21829.2,0.9229
temporal_fine_1e19,temporal_fine_g3_1e19,3,142,weighted,12201,10404.2,0.8544
temporal_fine_1e19,temporal_fine_g3_1e19,3,142,static,12201,17014.2,0.8999
temporal_fine_1e19,temporal_fine_g3_1e19,3,143,weighted,9991,10468.1,0.855
temporal_fine_1e19,temporal_fine_g3_1e19,3,143,static,9991,21352.1,0.9208
temporal_fine_1e19,temporal_fine_g3_1e19,3,144,weighted,12797,5594.6,0.7971
temporal_fine_1e19,temporal_fine_g3_1e19,3,144,static,12797,13013.8,0.8751
temporal_fine_1e19,temporal_fine_g3_1e19,3,145,weighted,14977,10089.6,0.8516
temporal_fine_1e19,temporal_fine_g3_1e19,3,145,static,14977,22076.5,0.9239
temporal_fine_1e19,temporal_fine_g3_1e19,3,146,weighted,12900,10588.8,0.8561
temporal_fine_1e19,temporal_fine_g3_1e19,3,146,static,12900,18466.8,0.9074
temporal_fine_1e19,temporal_fine_g3_1e19,3,147,weighted,13439,9452.2,0.8456
temporal_fine_1e19,temporal_fine_g3_1e19,3,147,static,13439,17910.4,0.9046
temporal_fine_1e19,temporal_fine_g3_1e19,3,148,weighted,14227,12680.7,0.8727
temporal_fine_1e19,temporal_fine_g3_1e19,3,148,static,14227,21801.1,0.9228
temporal_fine_1e19,temporal_fine_g3_1e19,3,149,weighted,12680,8743.1,0.8384
temporal_fine_1e19,temporal_fine_g3_1e19,3,149,static,12680,17964.4,0.9049
temporal_fine_1e19,temporal_fine_g3_1e19,3,150,weighted,14003,9129.0,0.8424
temporal_fine_1e19,temporal_fine_g3_1e19,3,150,static,14003,18600.3,0.9081
temporal_fine_1e19,temporal_fine_g3_1e19,3,151,weighted,11308,8790.5,0.8389
temporal_fine_1e19,temporal_fine_g3_1e19,3,151,static,11308,19262.7,0.9113
temporal_fine_1e19,temporal_fine_g3_1e19,3,152,weighted,12547,6304.8,0.8082
temporal_fine_1e19,temporal_fine_g3_1e19,3,152,static,12547,21273.3,0.9205
temporal_fine_1e19,temporal_fine_g3_1e19,3,153,weighted,13164,4106.2,0.7686
temporal_fine_1e19,temporal_fine_g3_1e19,3,153,static,13164,18456.7,0.9074
temporal_fine_1e19,temporal_fine_g3_1e19,3,154,weighted,14416,3837.6,0.7623
temporal_fine_1e19,temporal_fine_g3_1e19,3,154,static,14416,22274.3,0.9247
temporal_fine_1e19,temporal_fine_g3_1e19,3,155,weighted,13095,4989.1,0.7865
temporal_fine_1e19,temporal_fine_g3_1e19,3,155,static,13095,18934.3,0.9097
temporal_fine_1e19,temporal_fine_g3_1e19,3,156,weighted,12272,6454.5,0.8103
temporal_fine_1e19,temporal_fine_g3_1e19,3,156,static,12272,18803.5,0.9091
temporal_fine_1e19,temporal_fine_g3_1e19,3,157,weighted,13119,12566.3,0.8719
temporal_fine_1e19,temporal_fine_g3_1e19,3,157,static,13119,22772.9,0.9268
temporal_fine_1e19,temporal_fine_g3_1e19,3,158,weighted,11581,13823.5,0.8807
temporal_fine_1e19,temporal_fine_g3_1e19,3,158,static,11581,19120.3,0.9106
temporal_fine_1e19,temporal_fine_g3_1e19,3,159,weighted,11606,11424.0,0.8631
temporal_fine_1e19,temporal_fine_g3_1e19,3,159,static,11606,21026.2,0.9194
temporal_fine_1e19,temporal_fine_g3_1e19,3,160,weighted,14042,11793.3,0.866
temporal_fine_1e19,temporal_fine_g3_1e19,3,160,static,14042,17601.2,0.903
temporal_fine_1e19,temporal_fine_g3_1e19,3,161,weighted,13178,12320.7,0.8701
temporal_fine_1e19,temporal_fine_g3_1e19,3,161,static,13178,22809.3,0.9269
temporal_fine_1e19,temporal_fine_g3_1e19,3,162,weighted,11750,6598.9,0.8124
temporal_fine_1e19,temporal_fine_g3_1e19,3,162,static,11750,23529.5,0.9298
temporal_fine_1e19,temporal_fine_g3_1e19,3,163,weighted,12019,5017.8,0.7871
temporal_fine_1e19,temporal_fine_g3_1e19,3,163,static,12019,26308.0,0.9401
temporal_fine_1e19,temporal_fine_g3_1e19,3,164,weighted,12530,9425.1,0.8453
temporal_fine_1e19,temporal_fine_g3_1e19,3,164,static,12530,19915.3,0.9144
temporal_fine_1e19,temporal_fine_g3_1e19,3,165,weighted,10751,11869.1,0.8666
temporal_fine_1e19,temporal_fine_g3_1e19,3,165,static,10751,19865.1,0.9142
temporal_fine_1e19,temporal_fine_g3_1e19,3,166,weighted,12248,4955.2,0.7859
temporal_fine_1e19,temporal_fine_g3_1e19,3,166,static,12248,22814.4,0.927
temporal_fine_1e19,temporal_fine_g3_1e19,3,167,weighted,12578,8211.5,0.8326
temporal_fine_1e19,temporal_fine_g3_1e19,3,167,static,12578,25802.7,0.9383
temporal_fine_1e19,temporal_fine_g3_1e19,3,168,weighted,13420,11137.1,0.8607
temporal_fine_1e19,temporal_fine_g3_1e19,3,168,static,13420,19552.3,0.9127
temporal_fine_1e19,temporal_fine_g3_1e19,3,169,weighted,12395,11004.7,0.8596
temporal_fine_1e19,temporal_fine_g3_1e19,3,169,static,12395,20313.5,0.9162
temporal_fine_1e19,temporal_fine_g3_1e19,3,170,weighted,13268,8286.0,0.8334
temporal_fine_1e19,temporal_fine_g3_1e19,3,170,static,13268,22168.5,0.9243
temporal_fine_1e19,temporal_fine_g3_1e19,3,171,weighted,11063,10278.6,0.8533
temporal_fine_1e19,temporal_fine_g3_1e19,3,171,static,11063,16659.0,0.8979
temporal_fine_1e19,temporal_fine_g3_1e19,3,172,weighted,13249,7582.8,0.8252
temporal_fine_1e19,temporal_fine_g3_1e19,3,172,static,13249,23427.1,0.9294
temporal_fine_1e19,temporal_fine_g3_1e19,3,173,weighted,12513,8301.5,0.8336
temporal_fine_1e19,temporal_fine_g3_1e19,3,173,static,12513,18381.5,0.907
temporal_fine_1e19,temporal_fine_g3_1e19,3,174,weighted,11016,11537.5,0.864
temporal_fine_1e19,temporal_fine_g3_1e19,3,174,static,11016,24688.7,0.9343
temporal_fine_1e19,temporal_fine_g3_1e19,3,175,weighted,10657,7718.6,0.8269
temporal_fine_1e19,temporal_fine_g3_1e19,3,175,static,10657,15787.7,0.893
temporal_fine_1e19,temporal_fine_g3_1e19,3,176,weighted,13126,4825.7,0.7835
temporal_fine_1e19,temporal_fine_g3_1e19,3,176,static,13126,15098.4,0.8888
temporal_fine_1e19,temporal_fine_g3_1e19,3,177,weighted,13238,5942.5,0.8027
temporal_fine_1e19,temporal_fine_g3_1e19,3,177,static,13238,26344.5,0.9403
temporal_fine_1e19,temporal_fine_g3_1e19,3,178,weighted,10994,11808.1,0.8661
temporal_fine_1e19,temporal_fine_g3_1e19,3,178,static,10994,20009.6,0.9148
temporal_fine_1e19,temporal_fine_g3_1e19,3,179,weighted,12335,5954.0,0.8029
temporal_fine_1e19,temporal_fine_g3_1e19,3,179,static,12335,18795.3,0.9091
temporal_fine_1e19,temporal_fine_g3_1e19,3,180,weighted,13314,11517.3,0.8638
temporal_fine_1e19,temporal_fine_g3_1e19,3,180,static,13314,10448.0,0.8548
temporal_fine_1e19,temporal_fine_g3_1e19,3,181,weighted,12992,9414.4,0.8452
temporal_fine_1e19,temporal_fine_g3_1e19,3,181,static,12992,20945.5,0.9191
temporal_fine_1e19,temporal_fine_g3_1e19,3,182,weighted,9117,11141.3,0.8608
temporal_fine_1e19,temporal_fine_g3_1e19,3,182,static,9117,15112.8,0.8889
temporal_fine_1e19,temporal_fine_g3_1e19,3,183,weighted,7974,4682.0,0.7807
temporal_fine_1e19,temporal_fine_g3_1e19,3,183,static,7974,14709.6,0.8864
temporal_fine_1e19,temporal_fine_g3_1e19,3,184,weighted,11710,10413.9,0.8545
temporal_fine_1e19,temporal_fine_g3_1e19,3,184,static,11710,19817.0,0.914
temporal_fine_1e19,temporal_fine_g3_1e19,3,185,weighted,10856,5508.5,0.7957
temporal_fine_1e19,temporal_fine_g3_1e19,3,185,static,10856,13614.5,0.8793
temporal_fine_1e19,temporal_fine_g3_1e19,3,186,weighted,11922,11031.2,0.8598
temporal_fine_1e19,temporal_fine_g3_1e19,3,186,static,11922,18523.8,0.9077
temporal_fine_1e19,temporal_fine_g3_1e19,3,187,weighted,9088,9774.1,0.8487
temporal_fine_1e19,temporal_fine_g3_1e19,3,187,static,9088,20373.5,0.9165
temporal_fine_1e19,temporal_fine_g3_1e19,3,188,weighted,9647,9163.6,0.8427
temporal_fine_1e19,temporal_fine_g3_1e19,3,188,static,9647,15206.1,0.8895
temporal_fine_1e19,temporal_fine_g3_1e19,3,189,weighted,12516,4375.1,0.7744
temporal_fine_1e19,temporal_fine_g3_1e19,3,189,static,12516,18583.1,0.908
temporal_fine_1e19,temporal_fine_g3_1e19,3,190,weighted,13398,7237.9,0.8209
temporal_fine_1e19,temporal_fine_g3_1e19,3,190,static,13398,16942.4,0.8995
temporal_fine_1e19,temporal_fine_g3_1e19,3,191,weighted,12237,6443.1,0.8102
temporal_fine_1e19,temporal_fine_g3_1e19,3,191,static,12237,19328.1,0.9116
temporal_fine_1e19,temporal_fine_g3_1e19,4,0,weighted,12482,10009.2,0.8509
temporal_fine_1e19,temporal_fine_g3_1e19,4,0,static,12482,18209.1,0.9061
temporal_fine_1e19,temporal_fine_g3_1e19,4,1,weighted,12225,6159.7,0.806
temporal_fine_1e19,temporal_fine_g3_1e19,4,1,static,12225,19882.0,0.9143
temporal_fine_1e19,temporal_fine_g3_1e19,4,2,weighted,10952,10942.7,0.8591
temporal_fine_1e19,temporal_fine_g3_1e19,4,2,static,10952,14895.9,0.8876
temporal_fine_1e19,temporal_fine_g3_1e19,4,3,weighted,13582,8503.6,0.8358
temporal_fine_1e19,temporal_fine_g3_1e19,4,3,static,13582,20839.4,0.9186
temporal_fine_1e19,temporal_fine_g3_1e19,4,4,weighted,11052,6025.5,0.804
temporal_fine_1e19,temporal_fine_g3_1e19,4,4,static,11052,9653.9,0.8475
temporal_fine_1e19,temporal_fine_g3_1e19,4,5,weighted,12320,8500.3,0.8358
temporal_fine_1e19,temporal_fine_g3_1e19,4,5,static,12320,21783.1,0.9227
temporal_fine_1e19,temporal_fine_g3_1e19,4,6,weighted,13514,9474.0,0.8458
temporal_fine_1e19,temporal_fine_g3_1e19,4,6,static,13514,13912.5,0.8813
temporal_fine_1e19,temporal_fine_g3_1e19,4,7,weighted,13979,9168.3,0.8428
temporal_fine_1e19,temporal_fine_g3_1e19,4,7,static,13979,13956.5,0.8816
temporal_fine_1e19,temporal_fine_g3_1e19,4,8,weighted,12044,4078.6,0.7679
temporal_fine_1e19,temporal_fine_g3_1e19,4,8,static,12044,20799.1,0.9184
temporal_fine_1e19,temporal_fine_g3_1e19,4,9,weighted,13125,6170.1,0.8062
temporal_fine_1e19,temporal_fine_g3_1e19,4,9,static,13125,19163.8,0.9109
temporal_fine_1e19,temporal_fine_g3_1e19,4,10,weighted,12792,13478.4,0.8783
temporal_fine_1e19,temporal_fine_g3_1e19,4,10,static,12792,22297.1,0.9248
temporal_fine_1e19,temporal_fine_g3_1e19,4,11,weighted,12329,10448.0,0.8548
temporal_fine_1e19,temporal_fine_g3_1e19,4,11,static,12329,20550.4,0.9173
temporal_fine_1e19,temporal_fine_g3_1e19,4,12,weighted,12693,7830.0,0.8282
temporal_fine_1e19,temporal_fine_g3_1e19,4,12,static,12693,14224.6,0.8833
temporal_fine_1e19,temporal_fine_g3_1e19,4,13,weighted,12514,10669.5,0.8568
temporal_fine_1e19,temporal_fine_g3_1e19,4,13,static,12514,24048.5,0.9318
temporal_fine_1e19,temporal_fine_g3_1e19,4,14,weighted,12230,8456.3,0.8353
temporal_fine_1e19,temporal_fine_g3_1e19,4,14,static,12230,21371.1,0.9209
temporal_fine_1e19,temporal_fine_g3_1e19,4,15,weighted,12346,8827.6,0.8393
temporal_fine_1e19,temporal_fine_g3_1e19,4,15,static,12346,21688.7,0.9223
temporal_fine_1e19,temporal_fine_g3_1e19,4,16,weighted,11044,8556.2,0.8364
temporal_fine_1e19,temporal_fine_g3_1e19,4,16,static,11044,19130.0,0.9107
temporal_fine_1e19,temporal_fine_g3_1e19,4,17,weighted,13775,8775.7,0.8387
temporal_fine_1e19,temporal_fine_g3_1e19,4,17,static,13775,18457.8,0.9074
temporal_fine_1e19,temporal_fine_g3_1e19,4,18,weighted,12054,9436.3,0.8454
temporal_fine_1e19,temporal_fine_g3_1e19,4,18,static,12054,19150.1,0.9108
temporal_fine_1e19,temporal_fine_g3_1e19,4,19,weighted,12158,5976.4,0.8032
temporal_fine_1e19,temporal_fine_g3_1e19,4,19,static,12158,22931.4,0.9274
temporal_fine_1e19,temporal_fine_g3_1e19,4,20,weighted,14306,6117.4,0.8054
temporal_fine_1e19,temporal_fine_g3_1e19,4,20,static,14306,20711.7,0.918
temporal_fine_1e19,temporal_fine_g3_1e19,4,21,weighted,13287,9980.8,0.8506
temporal_fine_1e19,temporal_fine_g3_1e19,4,21,static,13287,22229.9,0.9246
temporal_fine_1e19,temporal_fine_g3_1e19,4,22,weighted,12811,13033.6,0.8752
temporal_fine_1e19,temporal_fine_g3_1e19,4,22,static,12811,18603.1,0.9081
temporal_fine_1e19,temporal_fine_g3_1e19,4,23,weighted,12501,9832.1,0.8492
temporal_fine_1e19,temporal_fine_g3_1e19,4,23,static,12501,12557.3,0.8718
temporal_fine_1e19,temporal_fine_g3_1e19,4,24,weighted,10444,6623.1,0.8127
temporal_fine_1e19,temporal_fine_g3_1e19,4,24,static,10444,19716.0,0.9135
temporal_fine_1e19,temporal_fine_g3_1e19,4,25,weighted,11926,5900.1,0.802
temporal_fine_1e19,temporal_fine_g3_1e19,4,25,static,11926,24080.3,0.932
temporal_fine_1e19,temporal_fine_g3_1e19,4,26,weighted,12517,5306.5,0.7922
temporal_fine_1e19,temporal_fine_g3_1e19,4,26,static,12517,14131.8,0.8827
temporal_fine_1e19,temporal_fine_g3_1e19,4,27,weighted,13013,8988.6,0.8409
temporal_fine_1e19,temporal_fine_g3_1e19,4,27,static,13013,21252.6,0.9204
temporal_fine_1e19,temporal_fine_g3_1e19,4,28,weighted,12017,10932.8,0.859
temporal_fine_1e19,temporal_fine_g3_1e19,4,28,static,12017,19392.9,0.912
temporal_fine_1e19,temporal_fine_g3_1e19,4,29,weighted,11426,13076.6,0.8756
temporal_fine_1e19,temporal_fine_g3_1e19,4,29,static,11426,23835.5,0.931
temporal_fine_1e19,temporal_fine_g3_1e19,4,30,weighted,11609,7607.7,0.8255
temporal_fine_1e19,temporal_fine_g3_1e19,4,30,static,11609,21043.7,0.9195
temporal_fine_1e19,temporal_fine_g3_1e19,4,31,weighted,11370,4688.0,0.7808
temporal_fine_1e19,temporal_fine_g3_1e19,4,31,static,11370,13921.4,0.8813
temporal_fine_1e19,temporal_fine_g3_1e19,4,32,weighted,11110,11081.2,0.8603
temporal_fine_1e19,temporal_fine_g3_1e19,4,32,static,11110,15549.5,0.8916
temporal_fine_1e19,temporal_fine_g3_1e19,4,33,weighted,11791,8115.5,0.8315
temporal_fine_1e19,temporal_fine_g3_1e19,4,33,static,11791,17910.2,0.9046
temporal_fine_1e19,temporal_fine_g3_1e19,4,34,weighted,14660,4303.0,0.7729
temporal_fine_1e19,temporal_fine_g3_1e19,4,34,static,14660,18799.6,0.9091
temporal_fine_1e19,temporal_fine_g3_1e19,4,35,weighted,13368,9605.1,0.8471
temporal_fine_1e19,temporal_fine_g3_1e19,4,35,static,13368,16865.9,0.8991
temporal_fine_1e19,temporal_fine_g3_1e19,4,36,weighted,12001,9412.7,0.8452
temporal_fine_1e19,temporal_fine_g3_1e19,4,36,static,12001,13856.4,0.8809
temporal_fine_1e19,temporal_fine_g3_1e19,4,37,weighted,11839,6641.0,0.813
temporal_fine_1e19,temporal_fine_g3_1e19,4,37,static,11839,18394.9,0.9071
temporal_fine_1e19,temporal_fine_g3_1e19,4,38,weighted,9052,3417.4,0.7516
temporal_fine_1e19,temporal_fine_g3_1e19,4,38,static,9052,19100.3,0.9105
temporal_fine_1e19,temporal_fine_g3_1e19,4,39,weighted,12761,9900.6,0.8499
temporal_fine_1e19,temporal_fine_g3_1e19,4,39,static,12761,18009.2,0.9051
temporal_fine_1e19,temporal_fine_g3_1e19,4,40,weighted,12645,8345.0,0.8341
temporal_fine_1e19,temporal_fine_g3_1e19,4,40,static,12645,23430.7,0.9294
temporal_fine_1e19,temporal_fine_g3_1e19,4,41,weighted,11924,12311.1,0.87
temporal_fine_1e19,temporal_fine_g3_1e19,4,41,static,11924,21309.6,0.9207
temporal_fine_1e19,temporal_fine_g3_1e19,4,42,weighted,12722,12233.8,0.8694
temporal_fine_1e19,temporal_fine_g3_1e19,4,42,static,12722,19683.2,0.9133
temporal_fine_1e19,temporal_fine_g3_1e19,4,43,weighted,14268,9334.0,0.8444
temporal_fine_1e19,temporal_fine_g3_1e19,4,43,static,14268,13258.7,0.8768
temporal_fine_1e19,temporal_fine_g3_1e19,4,44,weighted,13754,8794.4,0.8389
temporal_fine_1e19,temporal_fine_g3_1e19,4,44,static,13754,15831.9,0.8932
temporal_fine_1e19,temporal_fine_g3_1e19,4,45,weighted,12921,12948.4,0.8746
temporal_fine_1e19,temporal_fine_g3_1e19,4,45,static,12921,19565.0,0.9128
temporal_fine_1e19,temporal_fine_g3_1e19,4,46,weighted,12941,6949.9,0.8172
temporal_fine_1e19,temporal_fine_g3_1e19,4,46,static,12941,22069.3,0.9239
temporal_fine_1e19,temporal_fine_g3_1e19,4,47,weighted,10327,7104.1,0.8192
temporal_fine_1e19,temporal_fine_g3_1e19,4,47,static,10327,17187.3,0.9008
temporal_fine_1e19,temporal_fine_g3_1e19,4,48,weighted,11842,7439.4,0.8235
temporal_fine_1e19,temporal_fine_g3_1e19,4,48,static,11842,19265.8,0.9113
temporal_fine_1e19,temporal_fine_g3_1e19,4,49,weighted,11965,5706.8,0.799
temporal_fine_1e19,temporal_fine_g3_1e19,4,49,static,11965,23684.0,0.9304
temporal_fine_1e19,temporal_fine_g3_1e19,4,50,weighted,13913,4933.6,0.7855
temporal_fine_1e19,temporal_fine_g3_1e19,4,50,static,13913,21971.1,0.9235
temporal_fine_1e19,temporal_fine_g3_1e19,4,51,weighted,12570,14192.3,0.8831
temporal_fine_1e19,temporal_fine_g3_1e19,4,51,static,12570,7922.6,0.8293
temporal_fine_1e19,temporal_fine_g3_1e19,4,52,weighted,12227,10051.6,0.8512
temporal_fine_1e19,temporal_fine_g3_1e19,4,52,static,12227,19699.1,0.9134
temporal_fine_1e19,temporal_fine_g3_1e19,4,53,weighted,11531,6952.5,0.8172
temporal_fine_1e19,temporal_fine_g3_1e19,4,53,static,11531,12530.9,0.8716
temporal_fine_1e19,temporal_fine_g3_1e19,4,54,weighted,11843,10920.8,0.8589
temporal_fine_1e19,temporal_fine_g3_1e19,4,54,static,11843,21438.4,0.9212
temporal_fine_1e19,temporal_fine_g3_1e19,4,55,weighted,14355,12248.1,0.8695
temporal_fine_1e19,temporal_fine_g3_1e19,4,55,static,14355,20474.0,0.917
temporal_fine_1e19,temporal_fine_g3_1e19,4,56,weighted,10678,4463.8,0.7763
temporal_fine_1e19,temporal_fine_g3_1e19,4,56,static,10678,19345.4,0.9117
temporal_fine_1e19,temporal_fine_g3_1e19,4,57,weighted,11514,10908.2,0.8588
temporal_fine_1e19,temporal_fine_g3_1e19,4,57,static,11514,19703.2,0.9134
temporal_fine_1e19,temporal_fine_g3_1e19,4,58,weighted,11646,8115.4,0.8315
temporal_fine_1e19,temporal_fine_g3_1e19,4,58,static,11646,27955.0,0.9457
temporal_fine_1e19,temporal_fine_g3_1e19,4,59,weighted,11138,8324.9,0.8338
temporal_fine_1e19,temporal_fine_g3_1e19,4,59,static,11138,12768.9,0.8734
temporal_fine_1e19,temporal_fine_g3_1e19,4,60,weighted,11579,12256.8,0.8696
temporal_fine_1e19,temporal_fine_g3_1e19,4,60,static,11579,22968.5,0.9276
temporal_fine_1e19,temporal_fine_g3_1e19,4,61,weighted,11822,6459.6,0.8104
temporal_fine_1e19,temporal_fine_g3_1e19,4,61,static,11822,16406.3,0.8965
temporal_fine_1e19,temporal_fine_g3_1e19,4,62,weighted,12408,4845.1,0.7838
temporal_fine_1e19,temporal_fine_g3_1e19,4,62,static,12408,20477.7,0.917
temporal_fine_1e19,temporal_fine_g3_1e19,4,63,weighted,10417,7337.2,0.8222
temporal_fine_1e19,temporal_fine_g3_1e19,4,63,static,10417,13216.3,0.8765
temporal_fine_1e19,temporal_fine_g3_1e19,4,64,weighted,13667,8834.6,0.8393
temporal_fine_1e19,temporal_fine_g3_1e19,4,64,static,13667,23471.2,0.9296
temporal_fine_1e19,temporal_fine_g3_1e19,4,65,weighted,11313,10026.7,0.851
temporal_fine_1e19,temporal_fine_g3_1e19,4,65,static,11313,16773.1,0.8985
temporal_fine_1e19,temporal_fine_g3_1e19,4,66,weighted,9805,3756.8,0.7603
temporal_fine_1e19,temporal_fine_g3_1e19,4,66,static,9805,17345.8,0.9016
temporal_fine_1e19,temporal_fine_g3_1e19,4,67,weighted,11111,7568.6,0.825
temporal_fine_1e19,temporal_fine_g3_1e19,4,67,static,11111,19961.3,0.9146
temporal_fine_1e19,temporal_fine_g3_1e19,4,68,weighted,13310,11224.7,0.8614
temporal_fine_1e19,temporal_fine_g3_1e19,4,68,static,13310,22133.0,0.9242
temporal_fine_1e19,temporal_fine_g3_1e19,4,69,weighted,13083,9515.4,0.8462
temporal_fine_1e19,temporal_fine_g3_1e19,4,69,static,13083,13050.5,0.8754
temporal_fine_1e19,temporal_fine_g3_1e19,4,70,weighted,14205,10565.6,0.8559
temporal_fine_1e19,temporal_fine_g3_1e19,4,70,static,14205,20892.9,0.9188
temporal_fine_1e19,temporal_fine_g3_1e19,4,71,weighted,12857,10099.9,0.8517
temporal_fine_1e19,temporal_fine_g3_1e19,4,71,static,12857,20573.0,0.9174
temporal_fine_1e19,temporal_fine_g3_1e19,4,72,weighted,12442,10676.2,0.8568
temporal_fine_1e19,temporal_fine_g3_1e19,4,72,static,12442,16756.4,0.8985
temporal_fine_1e19,temporal_fine_g3_1e19,4,73,weighted,13467,7872.8,0.8287
temporal_fine_1e19,temporal_fine_g3_1e19,4,73,static,13467,21731.5,0.9225
temporal_fine_1e19,temporal_fine_g3_1e19,4,74,weighted,11242,8053.8,0.8308
temporal_fine_1e19,temporal_fine_g3_1e19,4,74,static,11242,19505.4,0.9125
temporal_fine_1e19,temporal_fine_g3_1e19,4,75,weighted,11261,4303.3,0.7729
temporal_fine_1e19,temporal_fine_g3_1e19,4,75,static,11261,18632.8,0.9083
temporal_fine_1e19,temporal_fine_g3_1e19,4,76,weighted,11729,8386.1,0.8345
temporal_fine_1e19,temporal_fine_g3_1e19,4,76,static,11729,24472.5,0.9334
temporal_fine_1e19,temporal_fine_g3_1e19,4,77,weighted,11894,10718.4,0.8572
temporal_fine_1e19,temporal_fine_g3_1e19,4,77,static,11894,19676.1,0.9133
temporal_fine_1e19,temporal_fine_g3_1e19,4,78,weighted,11150,6830.7,0.8156
temporal_fine_1e19,temporal_fine_g3_1e19,4,78,static,11150,26173.2,0.9396
temporal_fine_1e19,temporal_fine_g3_1e19,4,79,weighted,11955,6238.9,0.8072
temporal_fine_1e19,temporal_fine_g3_1e19,4,79,static,11955,18455.1,0.9074
temporal_fine_1e19,temporal_fine_g3_1e19,4,80,weighted,11257,8043.6,0.8307
temporal_fine_1e19,temporal_fine_g3_1e19,4,80,static,11257,20136.5,0.9154
temporal_fine_1e19,temporal_fine_g3_1e19,4,81,weighted,12467,7523.6,0.8245
temporal_fine_1e19,temporal_fine_g3_1e19,4,81,static,12467,9531.3,0.8463
temporal_fine_1e19,temporal_fine_g3_1e19,4,82,weighted,16044,8981.4,0.8409
temporal_fine_1e19,temporal_fine_g3_1e19,4,82,static,16044,22536.6,0.9258
temporal_fine_1e19,temporal_fine_g3_1e19,4,83,weighted,12122,10644.4,0.8565
temporal_fine_1e19,temporal_fine_g3_1e19,4,83,static,12122,20527.0,0.9172
temporal_fine_1e19,temporal_fine_g3_1e19,4,84,weighted,12485,11737.0,0.8656
temporal_fine_1e19,temporal_fine_g3_1e19,4,84,static,12485,16388.3,0.8964
temporal_fine_1e19,temporal_fine_g3_1e19,4,85,weighted,11991,12194.2,0.8691
temporal_fine_1e19,temporal_fine_g3_1e19,4,85,static,11991,20513.2,0.9171
temporal_fine_1e19,temporal_fine_g3_1e19,4,86,weighted,9262,7847.2,0.8284
temporal_fine_1e19,temporal_fine_g3_1e19,4,86,static,9262,25662.5,0.9378
temporal_fine_1e19,temporal_fine_g3_1e19,4,87,weighted,11517,3638.0,0.7574
temporal_fine_1e19,temporal_fine_g3_1e19,4,87,static,11517,21680.9,0.9223
temporal_fine_1e19,temporal_fine_g3_1e19,4,88,weighted,12664,11202.1,0.8613
temporal_fine_1e19,temporal_fine_g3_1e19,4,88,static,12664,16454.2,0.8968
temporal_fine_1e19,temporal_fine_g3_1e19,4,89,weighted,12832,8103.6,0.8314
temporal_fine_1e19,temporal_fine_g3_1e19,4,89,static,12832,19672.6,0.9133
temporal_fine_1e19,temporal_fine_g3_1e19,4,90,weighted,13595,7740.3,0.8271
temporal_fine_1e19,temporal_fine_g3_1e19,4,90,static,13595,17005.9,0.8998
temporal_fine_1e19,temporal_fine_g3_1e19,4,91,weighted,12620,12526.0,0.8716
temporal_fine_1e19,temporal_fine_g3_1e19,4,91,static,12620,8733.7,0.8383
temporal_fine_1e19,temporal_fine_g3_1e19,4,92,weighted,10864,7471.4,0.8238
temporal_fine_1e19,temporal_fine_g3_1e19,4,92,static,10864,18090.1,0.9055
temporal_fine_1e19,temporal_fine_g3_1e19,4,93,weighted,11475,6738.6,0.8143
temporal_fine_1e19,temporal_fine_g3_1e19,4,93,static,11475,16097.8,0.8948
temporal_fine_1e19,temporal_fine_g3_1e19,4,94,weighted,15471,9508.7,0.8461
temporal_fine_1e19,temporal_fine_g3_1e19,4,94,static,15471,25243.7,0.9363
temporal_fine_1e19,temporal_fine_g3_1e19,4,95,weighted,13009,9660.3,0.8476
temporal_fine_1e19,temporal_fine_g3_1e19,4,95,static,13009,17080.8,0.9002
temporal_fine_1e19,temporal_fine_g3_1e19,4,96,weighted,12261,7969.5,0.8298
temporal_fine_1e19,temporal_fine_g3_1e19,4,96,static,12261,21977.5,0.9235
temporal_fine_1e19,temporal_fine_g3_1e19,4,97,weighted,12476,11015.8,0.8597
temporal_fine_1e19,temporal_fine_g3_1e19,4,97,static,12476,20705.1,0.918
temporal_fine_1e19,temporal_fine_g3_1e19,4,98,weighted,12800,9751.7,0.8485
temporal_fine_1e19,temporal_fine_g3_1e19,4,98,static,12800,17350.0,0.9017
temporal_fine_1e19,temporal_fine_g3_1e19,4,99,weighted,12555,9296.9,0.844
temporal_fine_1e19,temporal_fine_g3_1e19,4,99,static,12555,18226.0,0.9062
temporal_fine_1e19,temporal_fine_g3_1e19,4,100,weighted,13153,6421.6,0.8099
temporal_fine_1e19,temporal_fine_g3_1e19,4,100,static,13153,17667.0,0.9033
temporal_fine_1e19,temporal_fine_g3_1e19,4,101,weighted,12917,10984.4,0.8594
temporal_fine_1e19,temporal_fine_g3_1e19,4,101,static,12917,21235.2,0.9203
temporal_fine_1e19,temporal_fine_g3_1e19,4,102,weighted,13763,9377.0,0.8448
temporal_fine_1e19,temporal_fine_g3_1e19,4,102,static,13763,19197.9,0.911
temporal_fine_1e19,temporal_fine_g3_1e19,4,103,weighted,12790,5867.1,0.8015
temporal_fine_1e19,temporal_fine_g3_1e19,4,103,static,12790,19414.9,0.9121
temporal_fine_1e19,temporal_fine_g3_1e19,4,104,weighted,12591,13294.3,0.8771
temporal_fine_1e19,temporal_fine_g3_1e19,4,104,static,12591,17774.7,0.9039
temporal_fine_1e19,temporal_fine_g3_1e19,4,105,weighted,12201,8229.8,0.8328
temporal_fine_1e19,temporal_fine_g3_1e19,4,105,static,12201,23002.6,0.9277
temporal_fine_1e19,temporal_fine_g3_1e19,4,106,weighted,14567,7791.8,0.8277
temporal_fine_1e19,temporal_fine_g3_1e19,4,106,static,14567,24663.8,0.9342
temporal_fine_1e19,temporal_fine_g3_1e19,4,107,weighted,13277,12033.3,0.8679
temporal_fine_1e19,temporal_fine_g3_1e19,4,107,static,13277,19355.5,0.9118
temporal_fine_1e19,temporal_fine_g3_1e19,4,108,weighted,11426,6497.6,0.8109
temporal_fine_1e19,temporal_fine_g3_1e19,4,108,static,11426,13820.2,0.8807
temporal_fine_1e19,temporal_fine_g3_1e19,4,109,weighted,12340,11855.9,0.8665
temporal_fine_1e19,temporal_fine_g3_1e19,4,109,static,12340,17708.8,0.9036
temporal_fine_1e19,temporal_fine_g3_1e19,4,110,weighted,12535,6395.6,0.8095
temporal_fine_1e19,temporal_fine_g3_1e19,4,110,static,12535,13579.1,0.879
temporal_fine_1e19,temporal_fine_g3_1e19,4,111,weighted,12176,10521.1,0.8555
temporal_fine_1e19,temporal_fine_g3_1e19,4,111,static,12176,14405.1,0.8845
temporal_fine_1e19,temporal_fine_g3_1e19,4,112,weighted,12606,10526.8,0.8555
temporal_fine_1e19,temporal_fine_g3_1e19,4,112,static,12606,14009.2,0.8819
temporal_fine_1e19,temporal_fine_g3_1e19,4,113,weighted,9314,5305.2,0.7922
temporal_fine_1e19,temporal_fine_g3_1e19,4,113,static,9314,11534.2,0.864
temporal_fine_1e19,temporal_fine_g3_1e19,4,114,weighted,11769,6862.6,0.816
temporal_fine_1e19,temporal_fine_g3_1e19,4,114,static,11769,14270.6,0.8836
temporal_fine_1e19,temporal_fine_g3_1e19,4,115,weighted,11384,7309.9,0.8218
temporal_fine_1e19,temporal_fine_g3_1e19,4,115,static,11384,22463.8,0.9255
temporal_fine_1e19,temporal_fine_g3_1e19,4,116,weighted,11952,7238.7,0.8209
temporal_fine_1e19,temporal_fine_g3_1e19,4,116,static,11952,16942.7,0.8995
temporal_fine_1e19,temporal_fine_g3_1e19,4,117,weighted,10772,12739.8,0.8731
temporal_fine_1e19,temporal_fine_g3_1e19,4,117,static,10772,21845.2,0.923
temporal_fine_1e19,temporal_fine_g3_1e19,4,118,weighted,12406,7089.5,0.819
temporal_fine_1e19,temporal_fine_g3_1e19,4,118,static,12406,18795.3,0.9091
temporal_fine_1e19,temporal_fine_g3_1e19,4,119,weighted,11439,9523.1,0.8463
temporal_fine_1e19,temporal_fine_g3_1e19,4,119,static,11439,14336.3,0.884
temporal_fine_1e19,temporal_fine_g3_1e19,4,120,weighted,12116,9828.6,0.8492
temporal_fine_1e19,temporal_fine_g3_1e19,4,120,static,12116,24066.7,0.9319
temporal_fine_1e19,temporal_fine_g3_1e19,4,121,weighted,11358,10301.8,0.8535
temporal_fine_1e19,temporal_fine_g3_1e19,4,121,static,11358,15454.1,0.891
temporal_fine_1e19,temporal_fine_g3_1e19,4,122,weighted,11727,5529.0,0.796
temporal_fine_1e19,temporal_fine_g3_1e19,4,122,static,11727,18186.7,0.906
temporal_fine_1e19,temporal_fine_g3_1e19,4,123,weighted,10318,6491.9,0.8109
temporal_fine_1e19,temporal_fine_g3_1e19,4,123,static,10318,22122.5,0.9241
temporal_fine_1e19,temporal_fine_g3_1e19,4,124,weighted,11449,8749.6,0.8384
temporal_fine_1e19,temporal_fine_g3_1e19,4,124,static,11449,20966.4,0.9192
temporal_fine_1e19,temporal_fine_g3_1e19,4,125,weighted,12211,7438.5,0.8234
temporal_fine_1e19,temporal_fine_g3_1e19,4,125,static,12211,25190.4,0.9361
temporal_fine_1e19,temporal_fine_g3_1e19,4,126,weighted,14209,12085.6,0.8683
temporal_fine_1e19,temporal_fine_g3_1e19,4,126,static,14209,20478.1,0.917
temporal_fine_1e19,temporal_fine_g3_1e19,4,127,weighted,13626,8769.3,0.8386
temporal_fine_1e19,temporal_fine_g3_1e19,4,127,static,13626,19772.3,0.9137
temporal_fine_1e19,temporal_fine_g3_1e19,4,128,weighted,12755,12351.1,0.8703
temporal_fine_1e19,temporal_fine_g3_1e19,4,128,static,12755,22875.9,0.9272
temporal_fine_1e19,temporal_fine_g3_1e19,4,129,weighted,11185,11582.2,0.8643
temporal_fine_1e19,temporal_fine_g3_1e19,4,129,static,11185,22419.0,0.9253
temporal_fine_1e19,temporal_fine_g3_1e19,4,130,weighted,11157,3769.3,0.7606
temporal_fine_1e19,temporal_fine_g3_1e19,4,130,static,11157,16354.4,0.8962
temporal_fine_1e19,temporal_fine_g3_1e19,4,131,weighted,12091,10559.6,0.8558
temporal_fine_1e19,temporal_fine_g3_1e19,4,131,static,12091,20548.9,0.9173
temporal_fine_1e19,temporal_fine_g3_1e19,4,132,weighted,10805,6907.5,0.8166
temporal_fine_1e19,temporal_fine_g3_1e19,4,132,static,10805,21839.5,0.9229
temporal_fine_1e19,temporal_fine_g3_1e19,4,133,weighted,11574,6670.3,0.8134
temporal_fine_1e19,temporal_fine_g3_1e19,4,133,static,11574,21630.5,0.922
temporal_fine_1e19,temporal_fine_g3_1e19,4,134,weighted,12913,5942.9,0.8027
temporal_fine_1e19,temporal_fine_g3_1e19,4,134,static,12913,25530.4,0.9374
temporal_fine_1e19,temporal_fine_g3_1e19,4,135,weighted,12355,7266.3,0.8213
temporal_fine_1e19,temporal_fine_g3_1e19,4,135,static,12355,15457.8,0.891
temporal_fine_1e19,temporal_fine_g3_1e19,4,136,weighted,10284,9280.9,0.8439
temporal_fine_1e19,temporal_fine_g3_1e19,4,136,static,10284,24685.2,0.9342
temporal_fine_1e19,temporal_fine_g3_1e19,4,137,weighted,13881,7792.6,0.8277
temporal_fine_1e19,temporal_fine_g3_1e19,4,137,static,13881,14946.3,0.8879
temporal_fine_1e19,temporal_fine_g3_1e19,4,138,weighted,12055,3572.5,0.7557
temporal_fine_1e19,temporal_fine_g3_1e19,4,138,static,12055,12781.3,0.8734
temporal_fine_1e19,temporal_fine_g3_1e19,4,139,weighted,12094,6767.1,0.8147
temporal_fine_1e19,temporal_fine_g3_1e19,4,139,static,12094,22456.6,0.9255
temporal_fine_1e19,temporal_fine_g3_1e19,4,140,weighted,11287,6441.3,0.8101
temporal_fine_1e19,temporal_fine_g3_1e19,4,140,static,11287,21411.8,0.9211
temporal_fine_1e19,temporal_fine_g3_1e19,4,141,weighted,12095,8181.4,0.8322
temporal_fine_1e19,temporal_fine_g3_1e19,4,141,static,12095,16116.9,0.8949
temporal_fine_1e19,temporal_fine_g3_1e19,4,142,weighted,12432,6844.9,0.8158
temporal_fine_1e19,temporal_fine_g3_1e19,4,142,static,12432,19492.6,0.9124
temporal_fine_1e19,temporal_fine_g3_1e19,4,143,weighted,11028,9440.2,0.8455
temporal_fine_1e19,temporal_fine_g3_1e19,4,143,static,11028,24168.0,0.9323
temporal_fine_1e19,temporal_fine_g3_1e19,4,144,weighted,16463,6660.7,0.8132
temporal_fine_1e19,temporal_fine_g3_1e19,4,144,static,16463,28841.0,0.9486
temporal_fine_1e19,temporal_fine_g3_1e19,4,145,weighted,9922,5044.8,0.7876
temporal_fine_1e19,temporal_fine_g3_1e19,4,145,static,9922,14463.3,0.8849
temporal_fine_1e19,temporal_fine_g3_1e19,4,146,weighted,15416,8410.1,0.8348
temporal_fine_1e19,temporal_fine_g3_1e19,4,146,static,15416,21145.6,0.9199
temporal_fine_1e19,temporal_fine_g3_1e19,4,147,weighted,11404,12251.2,0.8695
temporal_fine_1e19,temporal_fine_g3_1e19,4,147,static,11404,10895.6,0.8587
temporal_fine_1e19,temporal_fine_g3_1e19,4,148,weighted,11517,9154.6,0.8426
temporal_fine_1e19,temporal_fine_g3_1e19,4,148,static,11517,18500.0,0.9076
temporal_fine_1e19,temporal_fine_g3_1e19,4,149,weighted,12788,4952.9,0.7859
temporal_fine_1e19,temporal_fine_g3_1e19,4,149,static,12788,23203.6,0.9285
temporal_fine_1e19,temporal_fine_g3_1e19,4,150,weighted,12021,9506.9,0.8461
temporal_fine_1e19,temporal_fine_g3_1e19,4,150,static,12021,22078.3,0.9239
temporal_fine_1e19,temporal_fine_g3_1e19,4,151,weighted,13399,8263.9,0.8332
temporal_fine_1e19,temporal_fine_g3_1e19,4,151,static,13399,22434.3,0.9254
temporal_fine_1e19,temporal_fine_g3_1e19,4,152,weighted,12770,6343.3,0.8087
temporal_fine_1e19,temporal_fine_g3_1e19,4,152,static,12770,18588.2,0.908
temporal_fine_1e19,temporal_fine_g3_1e19,4,153,weighted,12844,10229.9,0.8529
temporal_fine_1e19,temporal_fine_g3_1e19,4,153,static,12844,17262.8,0.9012
temporal_fine_1e19,temporal_fine_g3_1e19,4,154,weighted,9895,3854.7,0.7627
temporal_fine_1e19,temporal_fine_g3_1e19,4,154,static,9895,13197.9,0.8764
temporal_fine_1e19,temporal_fine_g3_1e19,4,155,weighted,11899,10854.2,0.8583
temporal_fine_1e19,temporal_fine_g3_1e19,4,155,static,11899,14068.6,0.8823
temporal_fine_1e19,temporal_fine_g3_1e19,4,156,weighted,11583,4227.8,0.7712
temporal_fine_1e19,temporal_fine_g3_1e19,4,156,static,11583,19314.6,0.9116
temporal_fine_1e19,temporal_fine_g3_1e19,4,157,weighted,11432,9565.6,0.8467
temporal_fine_1e19,temporal_fine_g3_1e19,4,157,static,11432,17753.8,0.9038
temporal_fine_1e19,temporal_fine_g3_1e19,4,158,weighted,12824,10138.8,0.852
temporal_fine_1e19,temporal_fine_g3_1e19,4,158,static,12824,19902.1,0.9143
temporal_fine_1e19,temporal_fine_g3_1e19,4,159,weighted,9280,10339.9,0.8539
temporal_fine_1e19,temporal_fine_g3_1e19,4,159,static,9280,15633.1,0.892
temporal_fine_1e19,temporal_fine_g3_1e19,4,160,weighted,12581,6134.4,0.8056
temporal_fine_1e19,temporal_fine_g3_1e19,4,160,static,12581,18693.7,0.9086
temporal_fine_1e19,temporal_fine_g3_1e19,4,161,weighted,11974,8721.2,0.8381
temporal_fine_1e19,temporal_fine_g3_1e19,4,161,static,11974,17061.1,0.9001
temporal_fine_1e19,temporal_fine_g3_1e19,4,162,weighted,11837,10231.8,0.8529
temporal_fine_1e19,temporal_fine_g3_1e19,4,162,static,11837,17199.6,0.9009
temporal_fine_1e19,temporal_fine_g3_1e19,4,163,weighted,10773,9808.8,0.849
temporal_fine_1e19,temporal_fine_g3_1e19,4,163,static,10773,21236.8,0.9203
temporal_fine_1e19,temporal_fine_g3_1e19,4,164,weighted,13097,9536.7,0.8464
temporal_fine_1e19,temporal_fine_g3_1e19,4,164,static,13097,22527.8,0.9258
temporal_fine_1e19,temporal_fine_g3_1e19,4,165,weighted,12000,9346.3,0.8445
temporal_fine_1e19,temporal_fine_g3_1e19,4,165,static,12000,20226.1,0.9158
temporal_fine_1e19,temporal_fine_g3_1e19,4,166,weighted,12216,7415.9,0.8232
temporal_fine_1e19,temporal_fine_g3_1e19,4,166,static,12216,19932.0,0.9145
temporal_fine_1e19,temporal_fine_g3_1e19,4,167,weighted,14108,11416.5,0.863
temporal_fine_1e19,temporal_fine_g3_1e19,4,167,static,14108,21176.4,0.9201
temporal_fine_1e19,temporal_fine_g3_1e19,4,168,weighted,10995,12927.6,0.8745
temporal_fine_1e19,temporal_fine_g3_1e19,4,168,static,10995,15242.5,0.8897
temporal_fine_1e19,temporal_fine_g3_1e19,4,169,weighted,13276,11137.6,0.8607
temporal_fine_1e19,temporal_fine_g3_1e19,4,169,static,13276,16712.9,0.8982
temporal_fine_1e19,temporal_fine_g3_1e19,4,170,weighted,11578,9534.6,0.8464
temporal_fine_1e19,temporal_fine_g3_1e19,4,170,static,11578,22156.2,0.9243
temporal_fine_1e19,temporal_fine_g3_1e19,4,171,weighted,13293,9131.5,0.8424
temporal_fine_1e19,temporal_fine_g3_1e19,4,171,static,13293,21075.1,0.9196
temporal_fine_1e19,temporal_fine_g3_1e19,4,172,weighted,12394,7618.4,0.8256
temporal_fine_1e19,temporal_fine_g3_1e19,4,172,static,12394,20686.7,0.9179
temporal_fine_1e19,temporal_fine_g3_1e19,4,173,weighted,12648,8720.1,0.8381
temporal_fine_1e19,temporal_fine_g3_1e19,4,173,static,12648,19942.8,0.9145
temporal_fine_1e19,temporal_fine_g3_1e19,4,174,weighted,13298,8278.9,0.8333
temporal_fine_1e19,temporal_fine_g3_1e19,4,174,static,13298,19779.4,0.9138
temporal_fine_1e19,temporal_fine_g3_1e19,4,175,weighted,12406,9342.8,0.8445
temporal_fine_1e19,temporal_fine_g3_1e19,4,175,static,12406,18894.9,0.9096
temporal_fine_1e19,temporal_fine_g3_1e19,4,176,weighted,11876,7290.7,0.8216
temporal_fine_1e19,temporal_fine_g3_1e19,4,176,static,11876,14151.8,0.8829
temporal_fine_1e19,temporal_fine_g3_1e19,4,177,weighted,13241,11846.3,0.8664
temporal_fine_1e19,temporal_fine_g3_1e19,4,177,static,13241,24518.9,0.9336
temporal_fine_1e19,temporal_fine_g3_1e19,4,178,weighted,9983,7864.4,0.8286
temporal_fine_1e19,temporal_fine_g3_1e19,4,178,static,9983,17485.7,0.9024
temporal_fine_1e19,temporal_fine_g3_1e19,4,179,weighted,15181,8414.5,0.8348
temporal_fine_1e19,temporal_fine_g3_1e19,4,179,static,15181,10419.5,0.8546
temporal_fine_1e19,temporal_fine_g3_1e19,4,180,weighted,13302,9665.5,0.8476
temporal_fine_1e19,temporal_fine_g3_1e19,4,180,static,13302,19481.2,0.9124
temporal_fine_1e19,temporal_fine_g3_1e19,4,181,weighted,14950,5551.9,0.7964
temporal_fine_1e19,temporal_fine_g3_1e19,4,181,static,14950,20660.1,0.9178
temporal_fine_1e19,temporal_fine_g3_1e19,4,182,weighted,12400,8259.8,0.8331
temporal_fine_1e19,temporal_fine_g3_1e19,4,182,static,12400,14206.5,0.8832
temporal_fine_1e19,temporal_fine_g3_1e19,4,183,weighted,13600,7531.0,0.8246
temporal_fine_1e19,temporal_fine_g3_1e19,4,183,static,13600,25495.1,0.9372
temporal_fine_1e19,temporal_fine_g3_1e19,4,184,weighted,12903,8661.5,0.8375
temporal_fine_1e19,temporal_fine_g3_1e19,4,184,static,12903,19263.5,0.9113
temporal_fine_1e19,temporal_fine_g3_1e19,4,185,weighted,14576,7864.6,0.8286
temporal_fine_1e19,temporal_fine_g3_1e19,4,185,static,14576,15289.8,0.89
temporal_fine_1e19,temporal_fine_g3_1e19,4,186,weighted,14000,11080.7,0.8603
temporal_fine_1e19,temporal_fine_g3_1e19,4,186,static,14000,15200.9,0.8895
temporal_fine_1e19,temporal_fine_g3_1e19,4,187,weighted,13105,3663.6,0.758
temporal_fine_1e19,temporal_fine_g3_1e19,4,187,static,13105,24330.4,0.9329
temporal_fine_1e19,temporal_fine_g3_1e19,4,188,weighted,9217,11489.1,0.8636
temporal_fine_1e19,temporal_fine_g3_1e19,4,188,static,9217,23758.4,0.9307
temporal_fine_1e19,temporal_fine_g3_1e19,4,189,weighted,10522,3213.8,0.7459
temporal_fine_1e19,temporal_fine_g3_1e19,4,189,static,10522,17351.9,0.9017
temporal_fine_1e19,temporal_fine_g3_1e19,4,190,weighted,12825,10744.5,0.8574
temporal_fine_1e19,temporal_fine_g3_1e19,4,190,static,12825,18327.1,0.9067
temporal_fine_1e19,temporal_fine_g3_1e19,4,191,weighted,11074,7516.4,0.8244
temporal_fine_1e19,temporal_fine_g3_1e19,4,191,static,11074,18490.9,0.9076
