phase,model,tier,setup,ubatch,context,prefill_ms,decode_tok_s,peak_vram_mib,note,decode_tok_s_std,copied_bytes_per_token
decode,qwen3moe-rand-fine-Q4pure.gguf,ceiling,laptop-windows-cpu,,0,,31.0998,5707,"[provisional: Defender exclusions recorded by Defender event 5007 on 2026-09-15, Get-MpPreference paste pending; gates in x86 form (G2 same-binary identity, oracle recorded; G3 tok/s only) pending the orchestrator's ruling] [ok] R=192;twopass=0;depth=0;cap=12G;memtotal_mb=16167;round=1;fetches=0;fetched_mib=0.0;evictions=0;swaps=0;clock_probe=27.653891;clock_ref=27.653891;vmhwm_mib=VmHWM;read_bytes=5941848896;binary=36e143792cb6;tag=w1;flags=LLAMA_TEMPORAL_FETCH_THREADS=6 LLAMA_TEMPORAL_MADV_FREE=1 LLAMA_TEMPORAL_ODIRECT=1 LLAMA_TEMPORAL_R=192 LLAMA_TEMPORAL_REPACK=1 LLAMA_TEMPORAL_REPACK_FILE=C:\tmoe\models\qwen3moe-rand-fine-Q4pure-repacked.bin LLAMA_TEMPORAL_SPIN_US=5000 LLAMA_TEMPORAL_SPLIT=2;args=-t 4 -p 0 -n 128 -r 8 -mmp 0 -ot _exps=CPU",1.9084,0
decode,qwen3moe-rand-fine-Q4pure.gguf,deploy,laptop-windows-cpu,,0,,15.1357,799,"[provisional: Defender exclusions recorded by Defender event 5007 on 2026-09-15, Get-MpPreference paste pending; gates in x86 form (G2 same-binary identity, oracle recorded; G3 tok/s only) pending the orchestrator's ruling] [ok] R=18;twopass=1;depth=0;cap=4G;memtotal_mb=16167;round=1;fetches=140670;fetched_mib=29672.6;evictions=138240;swaps=46080;clock_probe=37.633351;clock_ref=27.653891;vmhwm_mib=VmHWM;read_bytes=31284558656;binary=36e143792cb6;tag=w1;flags=LLAMA_TEMPORAL_FETCH_THREADS=6 LLAMA_TEMPORAL_MADV_FREE=1 LLAMA_TEMPORAL_ODIRECT=1 LLAMA_TEMPORAL_R=18 LLAMA_TEMPORAL_REPACK=1 LLAMA_TEMPORAL_REPACK_FILE=C:\tmoe\models\qwen3moe-rand-fine-Q4pure-repacked.bin LLAMA_TEMPORAL_SPIN_US=5000 LLAMA_TEMPORAL_SPLIT=2 LLAMA_TEMPORAL_TWOPASS=1;args=-t 4 -p 0 -n 128 -r 8 -mmp 0 -ot _exps=CPU",0.2174,30384742
decode,qwen3moe-rand-fine-Q4pure.gguf,floor,laptop-windows-cpu,,0,,0.8154,1345,"[provisional: Defender exclusions recorded by Defender event 5007 on 2026-09-15, Get-MpPreference paste pending; gates in x86 form (G2 same-binary identity, oracle recorded; G3 tok/s only) pending the orchestrator's ruling] [ok] R=18;twopass=0;depth=0;cap=4G;memtotal_mb=16167;round=1;fetches=2529032;fetched_mib=533467.7;evictions=2524172;swaps=0;clock_probe=40.379522;clock_ref=27.653891;vmhwm_mib=VmHWM;read_bytes=574716881728;binary=36e143792cb6;tag=w1;flags=LLAMA_NO_REPACK=1 LLAMA_TEMPORAL_FETCH_THREADS=6 LLAMA_TEMPORAL_MADV_FREE=1 LLAMA_TEMPORAL_ODIRECT=1 LLAMA_TEMPORAL_R=18 LLAMA_TEMPORAL_SPIN_US=5000 LLAMA_TEMPORAL_SPLIT=2 LLAMA_TEMPORAL_SWAP_PROB=1.0;args=-t 4 -p 0 -n 128 -r 8 -mmp 0 -ot _exps=CPU",0.0088,546270924
decode,qwen3moe-rand-fine-Q4pure.gguf,ceiling,laptop-windows-cpu,,0,,35.7332,5701,"[provisional: Defender exclusions recorded by Defender event 5007 on 2026-09-15, Get-MpPreference paste pending; gates in x86 form (G2 same-binary identity, oracle recorded; G3 tok/s only) pending the orchestrator's ruling] [ok] R=192;twopass=0;depth=0;cap=12G;memtotal_mb=16167;round=2;fetches=0;fetched_mib=0.0;evictions=0;swaps=0;clock_probe=35.161754;clock_ref=27.653891;vmhwm_mib=VmHWM;read_bytes=5941848896;binary=36e143792cb6;tag=w1;flags=LLAMA_TEMPORAL_FETCH_THREADS=6 LLAMA_TEMPORAL_MADV_FREE=1 LLAMA_TEMPORAL_ODIRECT=1 LLAMA_TEMPORAL_R=192 LLAMA_TEMPORAL_REPACK=1 LLAMA_TEMPORAL_REPACK_FILE=C:\tmoe\models\qwen3moe-rand-fine-Q4pure-repacked.bin LLAMA_TEMPORAL_SPIN_US=5000 LLAMA_TEMPORAL_SPLIT=2;args=-t 4 -p 0 -n 128 -r 8 -mmp 0 -ot _exps=CPU",1.3483,0
decode,qwen3moe-rand-fine-Q4pure.gguf,resident_control,laptop-windows-cpu,,0,,17.7081,5705,"[provisional: Defender exclusions recorded by Defender event 5007 on 2026-09-15, Get-MpPreference paste pending; gates in x86 form (G2 same-binary identity, oracle recorded; G3 tok/s only) pending the orchestrator's ruling] [ok] R=192;twopass=1;depth=0;cap=12G;memtotal_mb=16167;round=1;fetches=114804;fetched_mib=24216.5;evictions=138240;swaps=46080;clock_probe=34.441969;clock_ref=34.441969;vmhwm_mib=VmHWM;read_bytes=31334656832;binary=36e143792cb6;tag=w1;flags=LLAMA_TEMPORAL_FETCH_THREADS=6 LLAMA_TEMPORAL_MADV_FREE=1 LLAMA_TEMPORAL_ODIRECT=1 LLAMA_TEMPORAL_R=192 LLAMA_TEMPORAL_REPACK=1 LLAMA_TEMPORAL_REPACK_FILE=C:\tmoe\models\qwen3moe-rand-fine-Q4pure-repacked.bin LLAMA_TEMPORAL_SPIN_US=5000 LLAMA_TEMPORAL_SPLIT=2 LLAMA_TEMPORAL_TWOPASS=1;args=-t 4 -p 0 -n 128 -r 8 -mmp 0 -ot _exps=CPU",3.3594,24797696
decode,qwen3moe-rand-fine-Q4pure.gguf,resident_control,laptop-windows-cpu,,0,,17.6229,5705,"[provisional: Defender exclusions recorded by Defender event 5007 on 2026-09-15, Get-MpPreference paste pending; gates in x86 form (G2 same-binary identity, oracle recorded; G3 tok/s only) pending the orchestrator's ruling] [ok] R=192;twopass=1;depth=0;cap=12G;memtotal_mb=16167;round=2;fetches=114804;fetched_mib=24216.5;evictions=138240;swaps=46080;clock_probe=37.439292;clock_ref=37.439292;vmhwm_mib=VmHWM;read_bytes=31334656832;binary=36e143792cb6;tag=w1;flags=LLAMA_TEMPORAL_FETCH_THREADS=6 LLAMA_TEMPORAL_MADV_FREE=1 LLAMA_TEMPORAL_ODIRECT=1 LLAMA_TEMPORAL_R=192 LLAMA_TEMPORAL_REPACK=1 LLAMA_TEMPORAL_REPACK_FILE=C:\tmoe\models\qwen3moe-rand-fine-Q4pure-repacked.bin LLAMA_TEMPORAL_SPIN_US=5000 LLAMA_TEMPORAL_SPLIT=2 LLAMA_TEMPORAL_TWOPASS=1;args=-t 4 -p 0 -n 128 -r 8 -mmp 0 -ot _exps=CPU",3.1414,24797696
decode,qwen3moe-rand-fine-Q4pure.gguf,deploy,laptop-windows-cpu,,0,,15.3460,799,"[provisional: Defender exclusions recorded by Defender event 5007 on 2026-09-15, Get-MpPreference paste pending; gates in x86 form (G2 same-binary identity, oracle recorded; G3 tok/s only) pending the orchestrator's ruling] [ok] R=18;twopass=1;depth=0;cap=4G;memtotal_mb=16167;round=2;fetches=140670;fetched_mib=29672.6;evictions=138240;swaps=46080;clock_probe=36.331206;clock_ref=37.439292;vmhwm_mib=VmHWM;read_bytes=31298382656;binary=36e143792cb6;tag=w1;flags=LLAMA_TEMPORAL_FETCH_THREADS=6 LLAMA_TEMPORAL_MADV_FREE=1 LLAMA_TEMPORAL_ODIRECT=1 LLAMA_TEMPORAL_R=18 LLAMA_TEMPORAL_REPACK=1 LLAMA_TEMPORAL_REPACK_FILE=C:\tmoe\models\qwen3moe-rand-fine-Q4pure-repacked.bin LLAMA_TEMPORAL_SPIN_US=5000 LLAMA_TEMPORAL_SPLIT=2 LLAMA_TEMPORAL_TWOPASS=1;args=-t 4 -p 0 -n 128 -r 8 -mmp 0 -ot _exps=CPU",0.1533,30384742
decode,qwen3moe-rand-fine-Q4pure.gguf,floor,laptop-windows-cpu,,0,,0.8129,1345,"[provisional: Defender exclusions recorded by Defender event 5007 on 2026-09-15, Get-MpPreference paste pending; gates in x86 form (G2 same-binary identity, oracle recorded; G3 tok/s only) pending the orchestrator's ruling] [ok] R=18;twopass=0;depth=0;cap=4G;memtotal_mb=16167;round=2;fetches=2528970;fetched_mib=533454.6;evictions=2524110;swaps=0;clock_probe=32.611801;clock_ref=37.439292;vmhwm_mib=VmHWM;read_bytes=574705486656;binary=36e143792cb6;tag=w1;flags=LLAMA_NO_REPACK=1 LLAMA_TEMPORAL_FETCH_THREADS=6 LLAMA_TEMPORAL_MADV_FREE=1 LLAMA_TEMPORAL_ODIRECT=1 LLAMA_TEMPORAL_R=18 LLAMA_TEMPORAL_SPIN_US=5000 LLAMA_TEMPORAL_SPLIT=2 LLAMA_TEMPORAL_SWAP_PROB=1.0;args=-t 4 -p 0 -n 128 -r 8 -mmp 0 -ot _exps=CPU",0.0041,546257510
decode,qwen3moe-rand-fine-Q4pure.gguf,resident_control,laptop-windows-cpu,,0,,16.7552,5705,"[provisional: Defender exclusions recorded by Defender event 5007 on 2026-09-15, Get-MpPreference paste pending; gates in x86 form (G2 same-binary identity, oracle recorded; G3 tok/s only) pending the orchestrator's ruling] [ok] R=192;twopass=1;depth=0;cap=12G;memtotal_mb=16167;round=3;fetches=114804;fetched_mib=24216.5;evictions=138240;swaps=46080;clock_probe=32.068532;clock_ref=37.439292;vmhwm_mib=VmHWM;read_bytes=31302806336;binary=36e143792cb6;tag=w1;flags=LLAMA_TEMPORAL_FETCH_THREADS=6 LLAMA_TEMPORAL_MADV_FREE=1 LLAMA_TEMPORAL_ODIRECT=1 LLAMA_TEMPORAL_R=192 LLAMA_TEMPORAL_REPACK=1 LLAMA_TEMPORAL_REPACK_FILE=C:\tmoe\models\qwen3moe-rand-fine-Q4pure-repacked.bin LLAMA_TEMPORAL_SPIN_US=5000 LLAMA_TEMPORAL_SPLIT=2 LLAMA_TEMPORAL_TWOPASS=1;args=-t 4 -p 0 -n 128 -r 8 -mmp 0 -ot _exps=CPU",3.0359,24797696
decode,qwen3moe-rand-fine-Q4pure.gguf,deploy,laptop-windows-cpu,,0,,15.0358,799,"[provisional: Defender exclusions recorded by Defender event 5007 on 2026-09-15, Get-MpPreference paste pending; gates in x86 form (G2 same-binary identity, oracle recorded; G3 tok/s only) pending the orchestrator's ruling] [ok] R=18;twopass=1;depth=0;cap=4G;memtotal_mb=16167;round=3;fetches=140670;fetched_mib=29672.6;evictions=138240;swaps=46080;clock_probe=32.099148;clock_ref=37.439292;vmhwm_mib=VmHWM;read_bytes=31322712896;binary=36e143792cb6;tag=w1;flags=LLAMA_TEMPORAL_FETCH_THREADS=6 LLAMA_TEMPORAL_MADV_FREE=1 LLAMA_TEMPORAL_ODIRECT=1 LLAMA_TEMPORAL_R=18 LLAMA_TEMPORAL_REPACK=1 LLAMA_TEMPORAL_REPACK_FILE=C:\tmoe\models\qwen3moe-rand-fine-Q4pure-repacked.bin LLAMA_TEMPORAL_SPIN_US=5000 LLAMA_TEMPORAL_SPLIT=2 LLAMA_TEMPORAL_TWOPASS=1;args=-t 4 -p 0 -n 128 -r 8 -mmp 0 -ot _exps=CPU",0.1812,30384742
decode,qwen3moe-rand-fine-Q4pure.gguf,floor,laptop-windows-cpu,,0,,0.8250,1345,"[provisional: Defender exclusions recorded by Defender event 5007 on 2026-09-15, Get-MpPreference paste pending; gates in x86 form (G2 same-binary identity, oracle recorded; G3 tok/s only) pending the orchestrator's ruling] [ok] R=18;twopass=0;depth=0;cap=4G;memtotal_mb=16167;round=3;fetches=2528744;fetched_mib=533406.9;evictions=2523884;swaps=0;clock_probe=31.687317;clock_ref=37.439292;vmhwm_mib=VmHWM;read_bytes=574667205440;binary=36e143792cb6;tag=w1;flags=LLAMA_NO_REPACK=1 LLAMA_TEMPORAL_FETCH_THREADS=6 LLAMA_TEMPORAL_MADV_FREE=1 LLAMA_TEMPORAL_ODIRECT=1 LLAMA_TEMPORAL_R=18 LLAMA_TEMPORAL_SPIN_US=5000 LLAMA_TEMPORAL_SPLIT=2 LLAMA_TEMPORAL_SWAP_PROB=1.0;args=-t 4 -p 0 -n 128 -r 8 -mmp 0 -ot _exps=CPU",0.0121,546208665
decode,qwen3moe-rand-fine-Q4pure.gguf,r_inert_control,laptop-windows-cpu,,0,,15.0695,800,"[provisional: Defender exclusions recorded by Defender event 5007 on 2026-09-15, Get-MpPreference paste pending; gates in x86 form (G2 same-binary identity, oracle recorded; G3 tok/s only) pending the orchestrator's ruling] [ok] R=24;twopass=1;depth=0;cap=4G;memtotal_mb=16167;round=1;fetches=140670;fetched_mib=29672.6;evictions=138240;swaps=46080;clock_probe=31.475021;clock_ref=37.439292;vmhwm_mib=VmHWM;read_bytes=31320501056;binary=36e143792cb6;tag=w1;flags=LLAMA_TEMPORAL_FETCH_THREADS=6 LLAMA_TEMPORAL_MADV_FREE=1 LLAMA_TEMPORAL_ODIRECT=1 LLAMA_TEMPORAL_R=24 LLAMA_TEMPORAL_REPACK=1 LLAMA_TEMPORAL_REPACK_FILE=C:\tmoe\models\qwen3moe-rand-fine-Q4pure-repacked.bin LLAMA_TEMPORAL_SPIN_US=5000 LLAMA_TEMPORAL_SPLIT=2 LLAMA_TEMPORAL_TWOPASS=1;args=-t 4 -p 0 -n 128 -r 8 -mmp 0 -ot _exps=CPU",0.2003,30384742
decode,qwen3moe-rand-fine-Q4pure.gguf,r_inert_control,laptop-windows-cpu,,0,,14.8752,799,"[provisional: Defender exclusions recorded by Defender event 5007 on 2026-09-15, Get-MpPreference paste pending; gates in x86 form (G2 same-binary identity, oracle recorded; G3 tok/s only) pending the orchestrator's ruling] [ok] R=36;twopass=1;depth=0;cap=4G;memtotal_mb=16167;round=1;fetches=140670;fetched_mib=29672.6;evictions=138240;swaps=46080;clock_probe=32.506646;clock_ref=37.439292;vmhwm_mib=VmHWM;read_bytes=31282015040;binary=36e143792cb6;tag=w1;flags=LLAMA_TEMPORAL_FETCH_THREADS=6 LLAMA_TEMPORAL_MADV_FREE=1 LLAMA_TEMPORAL_ODIRECT=1 LLAMA_TEMPORAL_R=36 LLAMA_TEMPORAL_REPACK=1 LLAMA_TEMPORAL_REPACK_FILE=C:\tmoe\models\qwen3moe-rand-fine-Q4pure-repacked.bin LLAMA_TEMPORAL_SPIN_US=5000 LLAMA_TEMPORAL_SPLIT=2 LLAMA_TEMPORAL_TWOPASS=1;args=-t 4 -p 0 -n 128 -r 8 -mmp 0 -ot _exps=CPU",0.1487,30384742
decode,qwen3moe-rand-fine-Q4pure.gguf,r_inert_control,laptop-windows-cpu,,0,,15.6780,799,"[provisional: Defender exclusions recorded by Defender event 5007 on 2026-09-15, Get-MpPreference paste pending; gates in x86 form (G2 same-binary identity, oracle recorded; G3 tok/s only) pending the orchestrator's ruling] [ok] R=48;twopass=1;depth=0;cap=4G;memtotal_mb=16167;round=1;fetches=140670;fetched_mib=29672.6;evictions=138240;swaps=46080;clock_probe=36.485568;clock_ref=37.439292;vmhwm_mib=VmHWM;read_bytes=31247731520;binary=36e143792cb6;tag=w1;flags=LLAMA_TEMPORAL_FETCH_THREADS=6 LLAMA_TEMPORAL_MADV_FREE=1 LLAMA_TEMPORAL_ODIRECT=1 LLAMA_TEMPORAL_R=48 LLAMA_TEMPORAL_REPACK=1 LLAMA_TEMPORAL_REPACK_FILE=C:\tmoe\models\qwen3moe-rand-fine-Q4pure-repacked.bin LLAMA_TEMPORAL_SPIN_US=5000 LLAMA_TEMPORAL_SPLIT=2 LLAMA_TEMPORAL_TWOPASS=1;args=-t 4 -p 0 -n 128 -r 8 -mmp 0 -ot _exps=CPU",0.2269,30384742
decode,qwen3moe-rand-fine-Q4pure.gguf,r_inert_control,laptop-windows-cpu,,0,,15.3948,799,"[provisional: Defender exclusions recorded by Defender event 5007 on 2026-09-15, Get-MpPreference paste pending; gates in x86 form (G2 same-binary identity, oracle recorded; G3 tok/s only) pending the orchestrator's ruling] [ok] R=24;twopass=1;depth=0;cap=4G;memtotal_mb=16167;round=2;fetches=140670;fetched_mib=29672.6;evictions=138240;swaps=46080;clock_probe=41.347775;clock_ref=41.347775;vmhwm_mib=VmHWM;read_bytes=31247067968;binary=36e143792cb6;tag=w1;flags=LLAMA_TEMPORAL_FETCH_THREADS=6 LLAMA_TEMPORAL_MADV_FREE=1 LLAMA_TEMPORAL_ODIRECT=1 LLAMA_TEMPORAL_R=24 LLAMA_TEMPORAL_REPACK=1 LLAMA_TEMPORAL_REPACK_FILE=C:\tmoe\models\qwen3moe-rand-fine-Q4pure-repacked.bin LLAMA_TEMPORAL_SPIN_US=5000 LLAMA_TEMPORAL_SPLIT=2 LLAMA_TEMPORAL_TWOPASS=1;args=-t 4 -p 0 -n 128 -r 8 -mmp 0 -ot _exps=CPU",0.1556,30384742
decode,qwen3moe-rand-fine-Q4pure.gguf,r_inert_control,laptop-windows-cpu,,0,,15.3103,799,"[provisional: Defender exclusions recorded by Defender event 5007 on 2026-09-15, Get-MpPreference paste pending; gates in x86 form (G2 same-binary identity, oracle recorded; G3 tok/s only) pending the orchestrator's ruling] [ok] R=36;twopass=1;depth=0;cap=4G;memtotal_mb=16167;round=2;fetches=140670;fetched_mib=29672.6;evictions=138240;swaps=46080;clock_probe=41.708436;clock_ref=41.708436;vmhwm_mib=VmHWM;read_bytes=31294622528;binary=36e143792cb6;tag=w1;flags=LLAMA_TEMPORAL_FETCH_THREADS=6 LLAMA_TEMPORAL_MADV_FREE=1 LLAMA_TEMPORAL_ODIRECT=1 LLAMA_TEMPORAL_R=36 LLAMA_TEMPORAL_REPACK=1 LLAMA_TEMPORAL_REPACK_FILE=C:\tmoe\models\qwen3moe-rand-fine-Q4pure-repacked.bin LLAMA_TEMPORAL_SPIN_US=5000 LLAMA_TEMPORAL_SPLIT=2 LLAMA_TEMPORAL_TWOPASS=1;args=-t 4 -p 0 -n 128 -r 8 -mmp 0 -ot _exps=CPU",0.2196,30384742
decode,qwen3moe-rand-fine-Q4pure.gguf,r_inert_control,laptop-windows-cpu,,0,,15.4934,799,"[provisional: Defender exclusions recorded by Defender event 5007 on 2026-09-15, Get-MpPreference paste pending; gates in x86 form (G2 same-binary identity, oracle recorded; G3 tok/s only) pending the orchestrator's ruling] [ok] R=48;twopass=1;depth=0;cap=4G;memtotal_mb=16167;round=2;fetches=140670;fetched_mib=29672.6;evictions=138240;swaps=46080;clock_probe=40.86578;clock_ref=41.708436;vmhwm_mib=VmHWM;read_bytes=31301811008;binary=36e143792cb6;tag=w1;flags=LLAMA_TEMPORAL_FETCH_THREADS=6 LLAMA_TEMPORAL_MADV_FREE=1 LLAMA_TEMPORAL_ODIRECT=1 LLAMA_TEMPORAL_R=48 LLAMA_TEMPORAL_REPACK=1 LLAMA_TEMPORAL_REPACK_FILE=C:\tmoe\models\qwen3moe-rand-fine-Q4pure-repacked.bin LLAMA_TEMPORAL_SPIN_US=5000 LLAMA_TEMPORAL_SPLIT=2 LLAMA_TEMPORAL_TWOPASS=1;args=-t 4 -p 0 -n 128 -r 8 -mmp 0 -ot _exps=CPU",0.0570,30384742
decode,qwen3moe-rand-fine-Q4pure.gguf,r_inert_control,laptop-windows-cpu,,0,,15.3757,799,"[provisional: Defender exclusions recorded by Defender event 5007 on 2026-09-15, Get-MpPreference paste pending; gates in x86 form (G2 same-binary identity, oracle recorded; G3 tok/s only) pending the orchestrator's ruling] [ok] R=24;twopass=1;depth=0;cap=4G;memtotal_mb=16167;round=3;fetches=140670;fetched_mib=29672.6;evictions=138240;swaps=46080;clock_probe=34.933058;clock_ref=41.708436;vmhwm_mib=VmHWM;read_bytes=31322712896;binary=36e143792cb6;tag=w1;flags=LLAMA_TEMPORAL_FETCH_THREADS=6 LLAMA_TEMPORAL_MADV_FREE=1 LLAMA_TEMPORAL_ODIRECT=1 LLAMA_TEMPORAL_R=24 LLAMA_TEMPORAL_REPACK=1 LLAMA_TEMPORAL_REPACK_FILE=C:\tmoe\models\qwen3moe-rand-fine-Q4pure-repacked.bin LLAMA_TEMPORAL_SPIN_US=5000 LLAMA_TEMPORAL_SPLIT=2 LLAMA_TEMPORAL_TWOPASS=1;args=-t 4 -p 0 -n 128 -r 8 -mmp 0 -ot _exps=CPU",0.1236,30384742
decode,qwen3moe-rand-fine-Q4pure.gguf,r_inert_control,laptop-windows-cpu,,0,,15.4975,799,"[provisional: Defender exclusions recorded by Defender event 5007 on 2026-09-15, Get-MpPreference paste pending; gates in x86 form (G2 same-binary identity, oracle recorded; G3 tok/s only) pending the orchestrator's ruling] [ok] R=36;twopass=1;depth=0;cap=4G;memtotal_mb=16167;round=3;fetches=140670;fetched_mib=29672.6;evictions=138240;swaps=46080;clock_probe=35.561;clock_ref=41.708436;vmhwm_mib=VmHWM;read_bytes=31322712896;binary=36e143792cb6;tag=w1;flags=LLAMA_TEMPORAL_FETCH_THREADS=6 LLAMA_TEMPORAL_MADV_FREE=1 LLAMA_TEMPORAL_ODIRECT=1 LLAMA_TEMPORAL_R=36 LLAMA_TEMPORAL_REPACK=1 LLAMA_TEMPORAL_REPACK_FILE=C:\tmoe\models\qwen3moe-rand-fine-Q4pure-repacked.bin LLAMA_TEMPORAL_SPIN_US=5000 LLAMA_TEMPORAL_SPLIT=2 LLAMA_TEMPORAL_TWOPASS=1;args=-t 4 -p 0 -n 128 -r 8 -mmp 0 -ot _exps=CPU",0.1345,30384742
decode,qwen3moe-rand-fine-Q4pure.gguf,r_inert_control,laptop-windows-cpu,,0,,15.4582,799,"[provisional: Defender exclusions recorded by Defender event 5007 on 2026-09-15, Get-MpPreference paste pending; gates in x86 form (G2 same-binary identity, oracle recorded; G3 tok/s only) pending the orchestrator's ruling] [ok] R=48;twopass=1;depth=0;cap=4G;memtotal_mb=16167;round=3;fetches=140670;fetched_mib=29672.6;evictions=138240;swaps=46080;clock_probe=35.695511;clock_ref=41.708436;vmhwm_mib=VmHWM;read_bytes=31253703488;binary=36e143792cb6;tag=w1;flags=LLAMA_TEMPORAL_FETCH_THREADS=6 LLAMA_TEMPORAL_MADV_FREE=1 LLAMA_TEMPORAL_ODIRECT=1 LLAMA_TEMPORAL_R=48 LLAMA_TEMPORAL_REPACK=1 LLAMA_TEMPORAL_REPACK_FILE=C:\tmoe\models\qwen3moe-rand-fine-Q4pure-repacked.bin LLAMA_TEMPORAL_SPIN_US=5000 LLAMA_TEMPORAL_SPLIT=2 LLAMA_TEMPORAL_TWOPASS=1;args=-t 4 -p 0 -n 128 -r 8 -mmp 0 -ot _exps=CPU",0.1576,30384742
decode,qwen3moe-rand-fine-Q4pure.gguf,deploy,laptop-windows-cpu,,0,,15.4851,799,"[provisional: Defender exclusions recorded by Defender event 5007 on 2026-09-15, Get-MpPreference paste pending; gates in x86 form (G2 same-binary identity, oracle recorded; G3 tok/s only) pending the orchestrator's ruling] [ok] R=18;twopass=1;depth=0;cap=2.5G;memtotal_mb=16167;round=1;fetches=140670;fetched_mib=29672.6;evictions=138240;swaps=46080;clock_probe=41.474244;clock_ref=41.708436;vmhwm_mib=VmHWM;read_bytes=31322712896;binary=36e143792cb6;tag=w1;flags=LLAMA_TEMPORAL_FETCH_THREADS=6 LLAMA_TEMPORAL_MADV_FREE=1 LLAMA_TEMPORAL_ODIRECT=1 LLAMA_TEMPORAL_R=18 LLAMA_TEMPORAL_REPACK=1 LLAMA_TEMPORAL_REPACK_FILE=C:\tmoe\models\qwen3moe-rand-fine-Q4pure-repacked.bin LLAMA_TEMPORAL_SPIN_US=5000 LLAMA_TEMPORAL_SPLIT=2 LLAMA_TEMPORAL_TWOPASS=1;args=-t 4 -p 0 -n 128 -r 8 -mmp 0 -ot _exps=CPU;memory demonstration",0.0903,30384742
decode,qwen3moe-rand-fine-Q4pure.gguf,deploy,laptop-windows-cpu,,0,,13.8239,799,"[provisional: Defender exclusions recorded by Defender event 5007 on 2026-09-15, Get-MpPreference paste pending; gates in x86 form (G2 same-binary identity, oracle recorded; G3 tok/s only) pending the orchestrator's ruling] [ok] R=18;twopass=1;depth=0;cap=4G;memtotal_mb=16167;round=1;fetches=140670;fetched_mib=29672.6;evictions=138240;swaps=46080;clock_probe=41.074399;clock_ref=41.708436;vmhwm_mib=VmHWM;read_bytes=31322712896;binary=36e143792cb6;tag=w1;flags=LLAMA_TEMPORAL_FETCH_THREADS=4 LLAMA_TEMPORAL_MADV_FREE=1 LLAMA_TEMPORAL_ODIRECT=1 LLAMA_TEMPORAL_R=18 LLAMA_TEMPORAL_REPACK=1 LLAMA_TEMPORAL_REPACK_FILE=C:\tmoe\models\qwen3moe-rand-fine-Q4pure-repacked.bin LLAMA_TEMPORAL_SPIN_US=5000 LLAMA_TEMPORAL_SPLIT=2 LLAMA_TEMPORAL_TWOPASS=1;args=-t 4 -p 0 -n 128 -r 8 -mmp 0 -ot _exps=CPU;sweep LLAMA_TEMPORAL_FETCH_THREADS",0.1067,30384742
decode,qwen3moe-rand-fine-Q4pure.gguf,deploy,laptop-windows-cpu,,0,,15.4580,800,"[provisional: Defender exclusions recorded by Defender event 5007 on 2026-09-15, Get-MpPreference paste pending; gates in x86 form (G2 same-binary identity, oracle recorded; G3 tok/s only) pending the orchestrator's ruling] [ok] R=18;twopass=1;depth=0;cap=4G;memtotal_mb=16167;round=1;fetches=140670;fetched_mib=29672.6;evictions=138240;swaps=46080;clock_probe=41.68321;clock_ref=41.708436;vmhwm_mib=VmHWM;read_bytes=31245298496;binary=36e143792cb6;tag=w1;flags=LLAMA_TEMPORAL_FETCH_THREADS=6 LLAMA_TEMPORAL_MADV_FREE=1 LLAMA_TEMPORAL_ODIRECT=1 LLAMA_TEMPORAL_R=18 LLAMA_TEMPORAL_REPACK=1 LLAMA_TEMPORAL_REPACK_FILE=C:\tmoe\models\qwen3moe-rand-fine-Q4pure-repacked.bin LLAMA_TEMPORAL_SPIN_US=5000 LLAMA_TEMPORAL_SPLIT=2 LLAMA_TEMPORAL_TWOPASS=1;args=-t 4 -p 0 -n 128 -r 8 -mmp 0 -ot _exps=CPU;sweep LLAMA_TEMPORAL_FETCH_THREADS",0.1120,30384742
decode,qwen3moe-rand-fine-Q4pure.gguf,deploy,laptop-windows-cpu,,0,,15.3595,799,"[provisional: Defender exclusions recorded by Defender event 5007 on 2026-09-15, Get-MpPreference paste pending; gates in x86 form (G2 same-binary identity, oracle recorded; G3 tok/s only) pending the orchestrator's ruling] [ok] R=18;twopass=1;depth=0;cap=4G;memtotal_mb=16167;round=1;fetches=140670;fetched_mib=29672.6;evictions=138240;swaps=46080;clock_probe=42.335266;clock_ref=42.335266;vmhwm_mib=VmHWM;read_bytes=31304575808;binary=36e143792cb6;tag=w1;flags=LLAMA_TEMPORAL_FETCH_THREADS=8 LLAMA_TEMPORAL_MADV_FREE=1 LLAMA_TEMPORAL_ODIRECT=1 LLAMA_TEMPORAL_R=18 LLAMA_TEMPORAL_REPACK=1 LLAMA_TEMPORAL_REPACK_FILE=C:\tmoe\models\qwen3moe-rand-fine-Q4pure-repacked.bin LLAMA_TEMPORAL_SPIN_US=5000 LLAMA_TEMPORAL_SPLIT=2 LLAMA_TEMPORAL_TWOPASS=1;args=-t 4 -p 0 -n 128 -r 8 -mmp 0 -ot _exps=CPU;sweep LLAMA_TEMPORAL_FETCH_THREADS",0.2312,30384742
decode,qwen3moe-rand-fine-Q4pure.gguf,deploy,laptop-windows-cpu,,0,,15.3793,799,"[provisional: Defender exclusions recorded by Defender event 5007 on 2026-09-15, Get-MpPreference paste pending; gates in x86 form (G2 same-binary identity, oracle recorded; G3 tok/s only) pending the orchestrator's ruling] [ok] R=18;twopass=1;depth=0;cap=4G;memtotal_mb=16167;round=1;fetches=140670;fetched_mib=29672.6;evictions=138240;swaps=46080;clock_probe=41.67789;clock_ref=42.335266;vmhwm_mib=VmHWM;read_bytes=31322712896;binary=36e143792cb6;tag=w1;flags=LLAMA_TEMPORAL_FETCH_THREADS=12 LLAMA_TEMPORAL_MADV_FREE=1 LLAMA_TEMPORAL_ODIRECT=1 LLAMA_TEMPORAL_R=18 LLAMA_TEMPORAL_REPACK=1 LLAMA_TEMPORAL_REPACK_FILE=C:\tmoe\models\qwen3moe-rand-fine-Q4pure-repacked.bin LLAMA_TEMPORAL_SPIN_US=5000 LLAMA_TEMPORAL_SPLIT=2 LLAMA_TEMPORAL_TWOPASS=1;args=-t 4 -p 0 -n 128 -r 8 -mmp 0 -ot _exps=CPU;sweep LLAMA_TEMPORAL_FETCH_THREADS",0.1540,30384742
decode,qwen3moe-rand-fine-Q4pure.gguf,deploy,laptop-windows-cpu,,0,,13.8092,799,"[provisional: Defender exclusions recorded by Defender event 5007 on 2026-09-15, Get-MpPreference paste pending; gates in x86 form (G2 same-binary identity, oracle recorded; G3 tok/s only) pending the orchestrator's ruling] [ok] R=18;twopass=1;depth=0;cap=4G;memtotal_mb=16167;round=2;fetches=140670;fetched_mib=29672.6;evictions=138240;swaps=46080;clock_probe=35.16293;clock_ref=42.335266;vmhwm_mib=VmHWM;read_bytes=31322712896;binary=36e143792cb6;tag=w1;flags=LLAMA_TEMPORAL_FETCH_THREADS=4 LLAMA_TEMPORAL_MADV_FREE=1 LLAMA_TEMPORAL_ODIRECT=1 LLAMA_TEMPORAL_R=18 LLAMA_TEMPORAL_REPACK=1 LLAMA_TEMPORAL_REPACK_FILE=C:\tmoe\models\qwen3moe-rand-fine-Q4pure-repacked.bin LLAMA_TEMPORAL_SPIN_US=5000 LLAMA_TEMPORAL_SPLIT=2 LLAMA_TEMPORAL_TWOPASS=1;args=-t 4 -p 0 -n 128 -r 8 -mmp 0 -ot _exps=CPU;sweep LLAMA_TEMPORAL_FETCH_THREADS",0.2172,30384742
decode,qwen3moe-rand-fine-Q4pure.gguf,deploy,laptop-windows-cpu,,0,,15.3711,799,"[provisional: Defender exclusions recorded by Defender event 5007 on 2026-09-15, Get-MpPreference paste pending; gates in x86 form (G2 same-binary identity, oracle recorded; G3 tok/s only) pending the orchestrator's ruling] [ok] R=18;twopass=1;depth=0;cap=4G;memtotal_mb=16167;round=2;fetches=140670;fetched_mib=29672.6;evictions=138240;swaps=46080;clock_probe=35.675609;clock_ref=42.335266;vmhwm_mib=VmHWM;read_bytes=31288097600;binary=36e143792cb6;tag=w1;flags=LLAMA_TEMPORAL_FETCH_THREADS=6 LLAMA_TEMPORAL_MADV_FREE=1 LLAMA_TEMPORAL_ODIRECT=1 LLAMA_TEMPORAL_R=18 LLAMA_TEMPORAL_REPACK=1 LLAMA_TEMPORAL_REPACK_FILE=C:\tmoe\models\qwen3moe-rand-fine-Q4pure-repacked.bin LLAMA_TEMPORAL_SPIN_US=5000 LLAMA_TEMPORAL_SPLIT=2 LLAMA_TEMPORAL_TWOPASS=1;args=-t 4 -p 0 -n 128 -r 8 -mmp 0 -ot _exps=CPU;sweep LLAMA_TEMPORAL_FETCH_THREADS",0.1962,30384742
decode,qwen3moe-rand-fine-Q4pure.gguf,deploy,laptop-windows-cpu,,0,,15.0906,799,"[provisional: Defender exclusions recorded by Defender event 5007 on 2026-09-15, Get-MpPreference paste pending; gates in x86 form (G2 same-binary identity, oracle recorded; G3 tok/s only) pending the orchestrator's ruling] [ok] R=18;twopass=1;depth=0;cap=4G;memtotal_mb=16167;round=2;fetches=140670;fetched_mib=29672.6;evictions=138240;swaps=46080;clock_probe=34.831213;clock_ref=42.335266;vmhwm_mib=VmHWM;read_bytes=31322712896;binary=36e143792cb6;tag=w1;flags=LLAMA_TEMPORAL_FETCH_THREADS=8 LLAMA_TEMPORAL_MADV_FREE=1 LLAMA_TEMPORAL_ODIRECT=1 LLAMA_TEMPORAL_R=18 LLAMA_TEMPORAL_REPACK=1 LLAMA_TEMPORAL_REPACK_FILE=C:\tmoe\models\qwen3moe-rand-fine-Q4pure-repacked.bin LLAMA_TEMPORAL_SPIN_US=5000 LLAMA_TEMPORAL_SPLIT=2 LLAMA_TEMPORAL_TWOPASS=1;args=-t 4 -p 0 -n 128 -r 8 -mmp 0 -ot _exps=CPU;sweep LLAMA_TEMPORAL_FETCH_THREADS",0.1391,30384742
decode,qwen3moe-rand-fine-Q4pure.gguf,deploy,laptop-windows-cpu,,0,,15.3599,799,"[provisional: Defender exclusions recorded by Defender event 5007 on 2026-09-15, Get-MpPreference paste pending; gates in x86 form (G2 same-binary identity, oracle recorded; G3 tok/s only) pending the orchestrator's ruling] [ok] R=18;twopass=1;depth=0;cap=4G;memtotal_mb=16167;round=2;fetches=140670;fetched_mib=29672.6;evictions=138240;swaps=46080;clock_probe=41.69619;clock_ref=42.335266;vmhwm_mib=VmHWM;read_bytes=31286659904;binary=36e143792cb6;tag=w1;flags=LLAMA_TEMPORAL_FETCH_THREADS=12 LLAMA_TEMPORAL_MADV_FREE=1 LLAMA_TEMPORAL_ODIRECT=1 LLAMA_TEMPORAL_R=18 LLAMA_TEMPORAL_REPACK=1 LLAMA_TEMPORAL_REPACK_FILE=C:\tmoe\models\qwen3moe-rand-fine-Q4pure-repacked.bin LLAMA_TEMPORAL_SPIN_US=5000 LLAMA_TEMPORAL_SPLIT=2 LLAMA_TEMPORAL_TWOPASS=1;args=-t 4 -p 0 -n 128 -r 8 -mmp 0 -ot _exps=CPU;sweep LLAMA_TEMPORAL_FETCH_THREADS",0.3074,30384742
decode,qwen3moe-rand-fine-Q4pure.gguf,deploy,laptop-windows-cpu,,0,,13.8958,798,"[provisional: Defender exclusions recorded by Defender event 5007 on 2026-09-15, Get-MpPreference paste pending; gates in x86 form (G2 same-binary identity, oracle recorded; G3 tok/s only) pending the orchestrator's ruling] [ok] R=18;twopass=1;depth=0;cap=4G;memtotal_mb=16167;round=3;fetches=140670;fetched_mib=29672.6;evictions=138240;swaps=46080;clock_probe=41.451811;clock_ref=42.335266;vmhwm_mib=VmHWM;read_bytes=31317625664;binary=36e143792cb6;tag=w1;flags=LLAMA_TEMPORAL_FETCH_THREADS=4 LLAMA_TEMPORAL_MADV_FREE=1 LLAMA_TEMPORAL_ODIRECT=1 LLAMA_TEMPORAL_R=18 LLAMA_TEMPORAL_REPACK=1 LLAMA_TEMPORAL_REPACK_FILE=C:\tmoe\models\qwen3moe-rand-fine-Q4pure-repacked.bin LLAMA_TEMPORAL_SPIN_US=5000 LLAMA_TEMPORAL_SPLIT=2 LLAMA_TEMPORAL_TWOPASS=1;args=-t 4 -p 0 -n 128 -r 8 -mmp 0 -ot _exps=CPU;sweep LLAMA_TEMPORAL_FETCH_THREADS",0.1442,30384742
decode,qwen3moe-rand-fine-Q4pure.gguf,deploy,laptop-windows-cpu,,0,,15.5083,799,"[provisional: Defender exclusions recorded by Defender event 5007 on 2026-09-15, Get-MpPreference paste pending; gates in x86 form (G2 same-binary identity, oracle recorded; G3 tok/s only) pending the orchestrator's ruling] [ok] R=18;twopass=1;depth=0;cap=4G;memtotal_mb=16167;round=3;fetches=140670;fetched_mib=29672.6;evictions=138240;swaps=46080;clock_probe=42.008066;clock_ref=42.335266;vmhwm_mib=VmHWM;read_bytes=31322712896;binary=36e143792cb6;tag=w1;flags=LLAMA_TEMPORAL_FETCH_THREADS=6 LLAMA_TEMPORAL_MADV_FREE=1 LLAMA_TEMPORAL_ODIRECT=1 LLAMA_TEMPORAL_R=18 LLAMA_TEMPORAL_REPACK=1 LLAMA_TEMPORAL_REPACK_FILE=C:\tmoe\models\qwen3moe-rand-fine-Q4pure-repacked.bin LLAMA_TEMPORAL_SPIN_US=5000 LLAMA_TEMPORAL_SPLIT=2 LLAMA_TEMPORAL_TWOPASS=1;args=-t 4 -p 0 -n 128 -r 8 -mmp 0 -ot _exps=CPU;sweep LLAMA_TEMPORAL_FETCH_THREADS",0.0769,30384742
decode,qwen3moe-rand-fine-Q4pure.gguf,deploy,laptop-windows-cpu,,0,,15.1332,799,"[provisional: Defender exclusions recorded by Defender event 5007 on 2026-09-15, Get-MpPreference paste pending; gates in x86 form (G2 same-binary identity, oracle recorded; G3 tok/s only) pending the orchestrator's ruling] [ok] R=18;twopass=1;depth=0;cap=4G;memtotal_mb=16167;round=3;fetches=140670;fetched_mib=29672.6;evictions=138240;swaps=46080;clock_probe=41.221664;clock_ref=42.335266;vmhwm_mib=VmHWM;read_bytes=31272172352;binary=36e143792cb6;tag=w1;flags=LLAMA_TEMPORAL_FETCH_THREADS=8 LLAMA_TEMPORAL_MADV_FREE=1 LLAMA_TEMPORAL_ODIRECT=1 LLAMA_TEMPORAL_R=18 LLAMA_TEMPORAL_REPACK=1 LLAMA_TEMPORAL_REPACK_FILE=C:\tmoe\models\qwen3moe-rand-fine-Q4pure-repacked.bin LLAMA_TEMPORAL_SPIN_US=5000 LLAMA_TEMPORAL_SPLIT=2 LLAMA_TEMPORAL_TWOPASS=1;args=-t 4 -p 0 -n 128 -r 8 -mmp 0 -ot _exps=CPU;sweep LLAMA_TEMPORAL_FETCH_THREADS",0.3547,30384742
decode,qwen3moe-rand-fine-Q4pure.gguf,deploy,laptop-windows-cpu,,0,,15.1863,799,"[provisional: Defender exclusions recorded by Defender event 5007 on 2026-09-15, Get-MpPreference paste pending; gates in x86 form (G2 same-binary identity, oracle recorded; G3 tok/s only) pending the orchestrator's ruling] [ok] R=18;twopass=1;depth=0;cap=4G;memtotal_mb=16167;round=3;fetches=140670;fetched_mib=29672.6;evictions=138240;swaps=46080;clock_probe=41.827901;clock_ref=42.335266;vmhwm_mib=VmHWM;read_bytes=31301147456;binary=36e143792cb6;tag=w1;flags=LLAMA_TEMPORAL_FETCH_THREADS=12 LLAMA_TEMPORAL_MADV_FREE=1 LLAMA_TEMPORAL_ODIRECT=1 LLAMA_TEMPORAL_R=18 LLAMA_TEMPORAL_REPACK=1 LLAMA_TEMPORAL_REPACK_FILE=C:\tmoe\models\qwen3moe-rand-fine-Q4pure-repacked.bin LLAMA_TEMPORAL_SPIN_US=5000 LLAMA_TEMPORAL_SPLIT=2 LLAMA_TEMPORAL_TWOPASS=1;args=-t 4 -p 0 -n 128 -r 8 -mmp 0 -ot _exps=CPU;sweep LLAMA_TEMPORAL_FETCH_THREADS",0.4079,30384742
decode,qwen3moe-rand-fine-Q4pure.gguf,deploy,laptop-windows-cpu,,0,,22.7982,799,"[provisional: Defender exclusions recorded by Defender event 5007 on 2026-09-15, Get-MpPreference paste pending; gates in x86 form (G2 same-binary identity, oracle recorded; G3 tok/s only) pending the orchestrator's ruling] [ok] R=18;twopass=1;depth=0;cap=4G;memtotal_mb=16167;round=1;fetches=140670;fetched_mib=29672.6;evictions=138240;swaps=46080;clock_probe=41.887617;clock_ref=42.335266;vmhwm_mib=VmHWM;read_bytes=31279803200;binary=36e143792cb6;tag=w1;flags=LLAMA_TEMPORAL_FETCH_THREADS=6 LLAMA_TEMPORAL_MADV_FREE=1 LLAMA_TEMPORAL_ODIRECT=1 LLAMA_TEMPORAL_R=18 LLAMA_TEMPORAL_REPACK=1 LLAMA_TEMPORAL_REPACK_FILE=C:\tmoe\models\qwen3moe-rand-fine-Q4pure-repacked.bin LLAMA_TEMPORAL_SPIN_US=5000 LLAMA_TEMPORAL_SPLIT=1 LLAMA_TEMPORAL_TWOPASS=1;args=-t 4 -p 0 -n 128 -r 8 -mmp 0 -ot _exps=CPU;sweep LLAMA_TEMPORAL_SPLIT",0.2559,30384742
decode,qwen3moe-rand-fine-Q4pure.gguf,deploy,laptop-windows-cpu,,0,,15.4351,799,"[provisional: Defender exclusions recorded by Defender event 5007 on 2026-09-15, Get-MpPreference paste pending; gates in x86 form (G2 same-binary identity, oracle recorded; G3 tok/s only) pending the orchestrator's ruling] [ok] R=18;twopass=1;depth=0;cap=4G;memtotal_mb=16167;round=1;fetches=140670;fetched_mib=29672.6;evictions=138240;swaps=46080;clock_probe=35.633239;clock_ref=42.335266;vmhwm_mib=VmHWM;read_bytes=31322712896;binary=36e143792cb6;tag=w1;flags=LLAMA_TEMPORAL_FETCH_THREADS=6 LLAMA_TEMPORAL_MADV_FREE=1 LLAMA_TEMPORAL_ODIRECT=1 LLAMA_TEMPORAL_R=18 LLAMA_TEMPORAL_REPACK=1 LLAMA_TEMPORAL_REPACK_FILE=C:\tmoe\models\qwen3moe-rand-fine-Q4pure-repacked.bin LLAMA_TEMPORAL_SPIN_US=5000 LLAMA_TEMPORAL_SPLIT=2 LLAMA_TEMPORAL_TWOPASS=1;args=-t 4 -p 0 -n 128 -r 8 -mmp 0 -ot _exps=CPU;sweep LLAMA_TEMPORAL_SPLIT",0.1140,30384742
decode,qwen3moe-rand-fine-Q4pure.gguf,deploy,laptop-windows-cpu,,0,,11.4405,799,"[provisional: Defender exclusions recorded by Defender event 5007 on 2026-09-15, Get-MpPreference paste pending; gates in x86 form (G2 same-binary identity, oracle recorded; G3 tok/s only) pending the orchestrator's ruling] [ok] R=18;twopass=1;depth=0;cap=4G;memtotal_mb=16167;round=1;fetches=140670;fetched_mib=29672.6;evictions=138240;swaps=46080;clock_probe=36.804594;clock_ref=42.335266;vmhwm_mib=VmHWM;read_bytes=31322712896;binary=36e143792cb6;tag=w1;flags=LLAMA_TEMPORAL_FETCH_THREADS=6 LLAMA_TEMPORAL_MADV_FREE=1 LLAMA_TEMPORAL_ODIRECT=1 LLAMA_TEMPORAL_R=18 LLAMA_TEMPORAL_REPACK=1 LLAMA_TEMPORAL_REPACK_FILE=C:\tmoe\models\qwen3moe-rand-fine-Q4pure-repacked.bin LLAMA_TEMPORAL_SPIN_US=5000 LLAMA_TEMPORAL_SPLIT=3 LLAMA_TEMPORAL_TWOPASS=1;args=-t 4 -p 0 -n 128 -r 8 -mmp 0 -ot _exps=CPU;sweep LLAMA_TEMPORAL_SPLIT",0.0658,30384742
decode,qwen3moe-rand-fine-Q4pure.gguf,deploy,laptop-windows-cpu,,0,,22.8901,799,"[provisional: Defender exclusions recorded by Defender event 5007 on 2026-09-15, Get-MpPreference paste pending; gates in x86 form (G2 same-binary identity, oracle recorded; G3 tok/s only) pending the orchestrator's ruling] [ok] R=18;twopass=1;depth=0;cap=4G;memtotal_mb=16167;round=2;fetches=140670;fetched_mib=29672.6;evictions=138240;swaps=46080;clock_probe=37.010764;clock_ref=42.335266;vmhwm_mib=VmHWM;read_bytes=31259233088;binary=36e143792cb6;tag=w1;flags=LLAMA_TEMPORAL_FETCH_THREADS=6 LLAMA_TEMPORAL_MADV_FREE=1 LLAMA_TEMPORAL_ODIRECT=1 LLAMA_TEMPORAL_R=18 LLAMA_TEMPORAL_REPACK=1 LLAMA_TEMPORAL_REPACK_FILE=C:\tmoe\models\qwen3moe-rand-fine-Q4pure-repacked.bin LLAMA_TEMPORAL_SPIN_US=5000 LLAMA_TEMPORAL_SPLIT=1 LLAMA_TEMPORAL_TWOPASS=1;args=-t 4 -p 0 -n 128 -r 8 -mmp 0 -ot _exps=CPU;sweep LLAMA_TEMPORAL_SPLIT",0.0958,30384742
decode,qwen3moe-rand-fine-Q4pure.gguf,deploy,laptop-windows-cpu,,0,,15.5836,799,"[provisional: Defender exclusions recorded by Defender event 5007 on 2026-09-15, Get-MpPreference paste pending; gates in x86 form (G2 same-binary identity, oracle recorded; G3 tok/s only) pending the orchestrator's ruling] [ok] R=18;twopass=1;depth=0;cap=4G;memtotal_mb=16167;round=2;fetches=140670;fetched_mib=29672.6;evictions=138240;swaps=46080;clock_probe=35.993218;clock_ref=42.335266;vmhwm_mib=VmHWM;read_bytes=31275711296;binary=36e143792cb6;tag=w1;flags=LLAMA_TEMPORAL_FETCH_THREADS=6 LLAMA_TEMPORAL_MADV_FREE=1 LLAMA_TEMPORAL_ODIRECT=1 LLAMA_TEMPORAL_R=18 LLAMA_TEMPORAL_REPACK=1 LLAMA_TEMPORAL_REPACK_FILE=C:\tmoe\models\qwen3moe-rand-fine-Q4pure-repacked.bin LLAMA_TEMPORAL_SPIN_US=5000 LLAMA_TEMPORAL_SPLIT=2 LLAMA_TEMPORAL_TWOPASS=1;args=-t 4 -p 0 -n 128 -r 8 -mmp 0 -ot _exps=CPU;sweep LLAMA_TEMPORAL_SPLIT",0.1701,30384742
decode,qwen3moe-rand-fine-Q4pure.gguf,deploy,laptop-windows-cpu,,0,,11.6301,799,"[provisional: Defender exclusions recorded by Defender event 5007 on 2026-09-15, Get-MpPreference paste pending; gates in x86 form (G2 same-binary identity, oracle recorded; G3 tok/s only) pending the orchestrator's ruling] [ok] R=18;twopass=1;depth=0;cap=4G;memtotal_mb=16167;round=2;fetches=140670;fetched_mib=29672.6;evictions=138240;swaps=46080;clock_probe=36.680583;clock_ref=42.335266;vmhwm_mib=VmHWM;read_bytes=31289166656;binary=36e143792cb6;tag=w1;flags=LLAMA_TEMPORAL_FETCH_THREADS=6 LLAMA_TEMPORAL_MADV_FREE=1 LLAMA_TEMPORAL_ODIRECT=1 LLAMA_TEMPORAL_R=18 LLAMA_TEMPORAL_REPACK=1 LLAMA_TEMPORAL_REPACK_FILE=C:\tmoe\models\qwen3moe-rand-fine-Q4pure-repacked.bin LLAMA_TEMPORAL_SPIN_US=5000 LLAMA_TEMPORAL_SPLIT=3 LLAMA_TEMPORAL_TWOPASS=1;args=-t 4 -p 0 -n 128 -r 8 -mmp 0 -ot _exps=CPU;sweep LLAMA_TEMPORAL_SPLIT",0.2521,30384742
decode,qwen3moe-rand-fine-Q4pure.gguf,deploy,laptop-windows-cpu,,0,,22.7842,799,"[provisional: Defender exclusions recorded by Defender event 5007 on 2026-09-15, Get-MpPreference paste pending; gates in x86 form (G2 same-binary identity, oracle recorded; G3 tok/s only) pending the orchestrator's ruling] [ok] R=18;twopass=1;depth=0;cap=4G;memtotal_mb=16167;round=3;fetches=140670;fetched_mib=29672.6;evictions=138240;swaps=46080;clock_probe=35.849292;clock_ref=42.335266;vmhwm_mib=VmHWM;read_bytes=31310990144;binary=36e143792cb6;tag=w1;flags=LLAMA_TEMPORAL_FETCH_THREADS=6 LLAMA_TEMPORAL_MADV_FREE=1 LLAMA_TEMPORAL_ODIRECT=1 LLAMA_TEMPORAL_R=18 LLAMA_TEMPORAL_REPACK=1 LLAMA_TEMPORAL_REPACK_FILE=C:\tmoe\models\qwen3moe-rand-fine-Q4pure-repacked.bin LLAMA_TEMPORAL_SPIN_US=5000 LLAMA_TEMPORAL_SPLIT=1 LLAMA_TEMPORAL_TWOPASS=1;args=-t 4 -p 0 -n 128 -r 8 -mmp 0 -ot _exps=CPU;sweep LLAMA_TEMPORAL_SPLIT",0.0726,30384742
decode,qwen3moe-rand-fine-Q4pure.gguf,deploy,laptop-windows-cpu,,0,,15.5136,799,"[provisional: Defender exclusions recorded by Defender event 5007 on 2026-09-15, Get-MpPreference paste pending; gates in x86 form (G2 same-binary identity, oracle recorded; G3 tok/s only) pending the orchestrator's ruling] [ok] R=18;twopass=1;depth=0;cap=4G;memtotal_mb=16167;round=3;fetches=140670;fetched_mib=29672.6;evictions=138240;swaps=46080;clock_probe=35.044417;clock_ref=42.335266;vmhwm_mib=VmHWM;read_bytes=31257021248;binary=36e143792cb6;tag=w1;flags=LLAMA_TEMPORAL_FETCH_THREADS=6 LLAMA_TEMPORAL_MADV_FREE=1 LLAMA_TEMPORAL_ODIRECT=1 LLAMA_TEMPORAL_R=18 LLAMA_TEMPORAL_REPACK=1 LLAMA_TEMPORAL_REPACK_FILE=C:\tmoe\models\qwen3moe-rand-fine-Q4pure-repacked.bin LLAMA_TEMPORAL_SPIN_US=5000 LLAMA_TEMPORAL_SPLIT=2 LLAMA_TEMPORAL_TWOPASS=1;args=-t 4 -p 0 -n 128 -r 8 -mmp 0 -ot _exps=CPU;sweep LLAMA_TEMPORAL_SPLIT",0.1279,30384742
decode,qwen3moe-rand-fine-Q4pure.gguf,deploy,laptop-windows-cpu,,0,,11.4961,799,"[provisional: Defender exclusions recorded by Defender event 5007 on 2026-09-15, Get-MpPreference paste pending; gates in x86 form (G2 same-binary identity, oracle recorded; G3 tok/s only) pending the orchestrator's ruling] [ok] R=18;twopass=1;depth=0;cap=4G;memtotal_mb=16167;round=3;fetches=140670;fetched_mib=29672.6;evictions=138240;swaps=46080;clock_probe=36.514552;clock_ref=42.335266;vmhwm_mib=VmHWM;read_bytes=31314012992;binary=36e143792cb6;tag=w1;flags=LLAMA_TEMPORAL_FETCH_THREADS=6 LLAMA_TEMPORAL_MADV_FREE=1 LLAMA_TEMPORAL_ODIRECT=1 LLAMA_TEMPORAL_R=18 LLAMA_TEMPORAL_REPACK=1 LLAMA_TEMPORAL_REPACK_FILE=C:\tmoe\models\qwen3moe-rand-fine-Q4pure-repacked.bin LLAMA_TEMPORAL_SPIN_US=5000 LLAMA_TEMPORAL_SPLIT=3 LLAMA_TEMPORAL_TWOPASS=1;args=-t 4 -p 0 -n 128 -r 8 -mmp 0 -ot _exps=CPU;sweep LLAMA_TEMPORAL_SPLIT",0.0572,30384742
decode,qwen3moe-rand-fine-Q4pure.gguf,deploy,laptop-windows-cpu,,0,,15.9673,799,"[provisional: Defender exclusions recorded by Defender event 5007 on 2026-09-15, Get-MpPreference paste pending; gates in x86 form (G2 same-binary identity, oracle recorded; G3 tok/s only) pending the orchestrator's ruling] [ok] R=18;twopass=1;depth=0;cap=4G;memtotal_mb=16167;round=1;fetches=140670;fetched_mib=29672.6;evictions=138240;swaps=46080;clock_probe=36.288189;clock_ref=42.335266;vmhwm_mib=VmHWM;read_bytes=31322712896;binary=36e143792cb6;tag=w1;flags=LLAMA_TEMPORAL_FETCH_THREADS=6 LLAMA_TEMPORAL_MADV_FREE=1 LLAMA_TEMPORAL_ODIRECT=1 LLAMA_TEMPORAL_R=18 LLAMA_TEMPORAL_REPACK=1 LLAMA_TEMPORAL_REPACK_FILE=C:\tmoe\models\qwen3moe-rand-fine-Q4pure-repacked.bin LLAMA_TEMPORAL_SPIN_US=300 LLAMA_TEMPORAL_SPLIT=2 LLAMA_TEMPORAL_TWOPASS=1;args=-t 4 -p 0 -n 128 -r 8 -mmp 0 -ot _exps=CPU;sweep LLAMA_TEMPORAL_SPIN_US",0.1265,30384742
decode,qwen3moe-rand-fine-Q4pure.gguf,deploy,laptop-windows-cpu,,0,,15.5010,799,"[provisional: Defender exclusions recorded by Defender event 5007 on 2026-09-15, Get-MpPreference paste pending; gates in x86 form (G2 same-binary identity, oracle recorded; G3 tok/s only) pending the orchestrator's ruling] [ok] R=18;twopass=1;depth=0;cap=4G;memtotal_mb=16167;round=1;fetches=140670;fetched_mib=29672.6;evictions=138240;swaps=46080;clock_probe=41.191093;clock_ref=42.335266;vmhwm_mib=VmHWM;read_bytes=31259896640;binary=36e143792cb6;tag=w1;flags=LLAMA_TEMPORAL_FETCH_THREADS=6 LLAMA_TEMPORAL_MADV_FREE=1 LLAMA_TEMPORAL_ODIRECT=1 LLAMA_TEMPORAL_R=18 LLAMA_TEMPORAL_REPACK=1 LLAMA_TEMPORAL_REPACK_FILE=C:\tmoe\models\qwen3moe-rand-fine-Q4pure-repacked.bin LLAMA_TEMPORAL_SPIN_US=1000 LLAMA_TEMPORAL_SPLIT=2 LLAMA_TEMPORAL_TWOPASS=1;args=-t 4 -p 0 -n 128 -r 8 -mmp 0 -ot _exps=CPU;sweep LLAMA_TEMPORAL_SPIN_US",0.0726,30384742
decode,qwen3moe-rand-fine-Q4pure.gguf,deploy,laptop-windows-cpu,,0,,15.5569,799,"[provisional: Defender exclusions recorded by Defender event 5007 on 2026-09-15, Get-MpPreference paste pending; gates in x86 form (G2 same-binary identity, oracle recorded; G3 tok/s only) pending the orchestrator's ruling] [ok] R=18;twopass=1;depth=0;cap=4G;memtotal_mb=16167;round=1;fetches=140670;fetched_mib=29672.6;evictions=138240;swaps=46080;clock_probe=35.258243;clock_ref=42.335266;vmhwm_mib=VmHWM;read_bytes=31322712896;binary=36e143792cb6;tag=w1;flags=LLAMA_TEMPORAL_FETCH_THREADS=6 LLAMA_TEMPORAL_MADV_FREE=1 LLAMA_TEMPORAL_ODIRECT=1 LLAMA_TEMPORAL_R=18 LLAMA_TEMPORAL_REPACK=1 LLAMA_TEMPORAL_REPACK_FILE=C:\tmoe\models\qwen3moe-rand-fine-Q4pure-repacked.bin LLAMA_TEMPORAL_SPIN_US=2000 LLAMA_TEMPORAL_SPLIT=2 LLAMA_TEMPORAL_TWOPASS=1;args=-t 4 -p 0 -n 128 -r 8 -mmp 0 -ot _exps=CPU;sweep LLAMA_TEMPORAL_SPIN_US",0.1132,30384742
decode,qwen3moe-rand-fine-Q4pure.gguf,deploy,laptop-windows-cpu,,0,,15.5478,799,"[provisional: Defender exclusions recorded by Defender event 5007 on 2026-09-15, Get-MpPreference paste pending; gates in x86 form (G2 same-binary identity, oracle recorded; G3 tok/s only) pending the orchestrator's ruling] [ok] R=18;twopass=1;depth=0;cap=4G;memtotal_mb=16167;round=1;fetches=140670;fetched_mib=29672.6;evictions=138240;swaps=46080;clock_probe=37.492324;clock_ref=42.335266;vmhwm_mib=VmHWM;read_bytes=31300705088;binary=36e143792cb6;tag=w1;flags=LLAMA_TEMPORAL_FETCH_THREADS=6 LLAMA_TEMPORAL_MADV_FREE=1 LLAMA_TEMPORAL_ODIRECT=1 LLAMA_TEMPORAL_R=18 LLAMA_TEMPORAL_REPACK=1 LLAMA_TEMPORAL_REPACK_FILE=C:\tmoe\models\qwen3moe-rand-fine-Q4pure-repacked.bin LLAMA_TEMPORAL_SPIN_US=5000 LLAMA_TEMPORAL_SPLIT=2 LLAMA_TEMPORAL_TWOPASS=1;args=-t 4 -p 0 -n 128 -r 8 -mmp 0 -ot _exps=CPU;sweep LLAMA_TEMPORAL_SPIN_US",0.1034,30384742
decode,qwen3moe-rand-fine-Q4pure.gguf,deploy,laptop-windows-cpu,,0,,16.0729,799,"[provisional: Defender exclusions recorded by Defender event 5007 on 2026-09-15, Get-MpPreference paste pending; gates in x86 form (G2 same-binary identity, oracle recorded; G3 tok/s only) pending the orchestrator's ruling] [ok] R=18;twopass=1;depth=0;cap=4G;memtotal_mb=16167;round=2;fetches=140670;fetched_mib=29672.6;evictions=138240;swaps=46080;clock_probe=38.434808;clock_ref=42.335266;vmhwm_mib=VmHWM;read_bytes=31280245568;binary=36e143792cb6;tag=w1;flags=LLAMA_TEMPORAL_FETCH_THREADS=6 LLAMA_TEMPORAL_MADV_FREE=1 LLAMA_TEMPORAL_ODIRECT=1 LLAMA_TEMPORAL_R=18 LLAMA_TEMPORAL_REPACK=1 LLAMA_TEMPORAL_REPACK_FILE=C:\tmoe\models\qwen3moe-rand-fine-Q4pure-repacked.bin LLAMA_TEMPORAL_SPIN_US=300 LLAMA_TEMPORAL_SPLIT=2 LLAMA_TEMPORAL_TWOPASS=1;args=-t 4 -p 0 -n 128 -r 8 -mmp 0 -ot _exps=CPU;sweep LLAMA_TEMPORAL_SPIN_US",0.1363,30384742
decode,qwen3moe-rand-fine-Q4pure.gguf,deploy,laptop-windows-cpu,,1024,,15.8976,2563,"[provisional: Defender exclusions recorded by Defender event 5007 on 2026-09-15, Get-MpPreference paste pending; gates in x86 form (Windows gate definition, ruling 2026-09-20)] [ok] R=18;twopass=1;depth=1024;cap=4G;memtotal_mb=16167;round=1;fetches=147738;fetched_mib=31163.5;evictions=145308;swaps=46081;clock_probe=33.512676;clock_ref=42.335266;vmhwm_mib=VmHWM;read_bytes=32818359104;binary=99225874a8f0;tag=w1;flags=LLAMA_TEMPORAL_FETCH_THREADS=6 LLAMA_TEMPORAL_MADV_FREE=1 LLAMA_TEMPORAL_ODIRECT=1 LLAMA_TEMPORAL_R=18 LLAMA_TEMPORAL_REPACK=1 LLAMA_TEMPORAL_REPACK_FILE=C:\tmoe\models\qwen3moe-rand-fine-Q4pure-repacked.bin LLAMA_TEMPORAL_SPIN_US=5000 LLAMA_TEMPORAL_SPLIT=1 LLAMA_TEMPORAL_TWOPASS=1;args=-t 4 -p 0 -n 128 -r 8 -mmp 0 -ot _exps=CPU -d 1024",0.7727,31911424
decode,qwen3moe-rand-fine-Q4pure.gguf,deploy,laptop-windows-cpu,,2048,,13.4492,2821,"[provisional: Defender exclusions recorded by Defender event 5007 on 2026-09-15, Get-MpPreference paste pending; gates in x86 form (Windows gate definition, ruling 2026-09-20)] [ok] R=18;twopass=1;depth=2048;cap=4G;memtotal_mb=16167;round=1;fetches=148098;fetched_mib=31239.4;evictions=145668;swaps=46081;clock_probe=32.863247;clock_ref=42.335266;vmhwm_mib=VmHWM;read_bytes=32965667648;binary=99225874a8f0;tag=w1;flags=LLAMA_TEMPORAL_FETCH_THREADS=6 LLAMA_TEMPORAL_MADV_FREE=1 LLAMA_TEMPORAL_ODIRECT=1 LLAMA_TEMPORAL_R=18 LLAMA_TEMPORAL_REPACK=1 LLAMA_TEMPORAL_REPACK_FILE=C:\tmoe\models\qwen3moe-rand-fine-Q4pure-repacked.bin LLAMA_TEMPORAL_SPIN_US=5000 LLAMA_TEMPORAL_SPLIT=1 LLAMA_TEMPORAL_TWOPASS=1;args=-t 4 -p 0 -n 128 -r 8 -mmp 0 -ot _exps=CPU -d 2048",0.2298,31989145
decode,qwen3moe-rand-fine-Q4pure.gguf,deploy,laptop-windows-cpu,,4096,,9.6113,3257,"[provisional: Defender exclusions recorded by Defender event 5007 on 2026-09-15, Get-MpPreference paste pending; gates in x86 form (Windows gate definition, ruling 2026-09-20)] [ok] R=18;twopass=1;depth=4096;cap=4G;memtotal_mb=16167;round=1;fetches=148452;fetched_mib=31314.1;evictions=146022;swaps=46082;clock_probe=32.89226;clock_ref=42.335266;vmhwm_mib=VmHWM;read_bytes=33043966784;binary=99225874a8f0;tag=w1;flags=LLAMA_TEMPORAL_FETCH_THREADS=6 LLAMA_TEMPORAL_MADV_FREE=1 LLAMA_TEMPORAL_ODIRECT=1 LLAMA_TEMPORAL_R=18 LLAMA_TEMPORAL_REPACK=1 LLAMA_TEMPORAL_REPACK_FILE=C:\tmoe\models\qwen3moe-rand-fine-Q4pure-repacked.bin LLAMA_TEMPORAL_SPIN_US=5000 LLAMA_TEMPORAL_SPLIT=1 LLAMA_TEMPORAL_TWOPASS=1;args=-t 4 -p 0 -n 128 -r 8 -mmp 0 -ot _exps=CPU -d 4096",0.0492,32065638
decode,qwen3moe-rand-fine-Q4pure.gguf,deploy,laptop-windows-cpu,,1024,,16.5741,2563,"[provisional: Defender exclusions recorded by Defender event 5007 on 2026-09-15, Get-MpPreference paste pending; gates in x86 form (Windows gate definition, ruling 2026-09-20)] [ok] R=18;twopass=1;depth=1024;cap=4G;memtotal_mb=16167;round=2;fetches=147738;fetched_mib=31163.5;evictions=145308;swaps=46081;clock_probe=34.806022;clock_ref=42.335266;vmhwm_mib=VmHWM;read_bytes=32843574080;binary=99225874a8f0;tag=w1;flags=LLAMA_TEMPORAL_FETCH_THREADS=6 LLAMA_TEMPORAL_MADV_FREE=1 LLAMA_TEMPORAL_ODIRECT=1 LLAMA_TEMPORAL_R=18 LLAMA_TEMPORAL_REPACK=1 LLAMA_TEMPORAL_REPACK_FILE=C:\tmoe\models\qwen3moe-rand-fine-Q4pure-repacked.bin LLAMA_TEMPORAL_SPIN_US=5000 LLAMA_TEMPORAL_SPLIT=1 LLAMA_TEMPORAL_TWOPASS=1;args=-t 4 -p 0 -n 128 -r 8 -mmp 0 -ot _exps=CPU -d 1024",0.2481,31911424
decode,qwen3moe-rand-fine-Q4pure.gguf,deploy,laptop-windows-cpu,,2048,,13.4457,2821,"[provisional: Defender exclusions recorded by Defender event 5007 on 2026-09-15, Get-MpPreference paste pending; gates in x86 form (Windows gate definition, ruling 2026-09-20)] [ok] R=18;twopass=1;depth=2048;cap=4G;memtotal_mb=16167;round=2;fetches=148098;fetched_mib=31239.4;evictions=145668;swaps=46081;clock_probe=34.372928;clock_ref=42.335266;vmhwm_mib=VmHWM;read_bytes=32938683200;binary=99225874a8f0;tag=w1;flags=LLAMA_TEMPORAL_FETCH_THREADS=6 LLAMA_TEMPORAL_MADV_FREE=1 LLAMA_TEMPORAL_ODIRECT=1 LLAMA_TEMPORAL_R=18 LLAMA_TEMPORAL_REPACK=1 LLAMA_TEMPORAL_REPACK_FILE=C:\tmoe\models\qwen3moe-rand-fine-Q4pure-repacked.bin LLAMA_TEMPORAL_SPIN_US=5000 LLAMA_TEMPORAL_SPLIT=1 LLAMA_TEMPORAL_TWOPASS=1;args=-t 4 -p 0 -n 128 -r 8 -mmp 0 -ot _exps=CPU -d 2048",0.1216,31989145
decode,qwen3moe-rand-fine-Q4pure.gguf,deploy,laptop-windows-cpu,,4096,,10.0902,3257,"[provisional: Defender exclusions recorded by Defender event 5007 on 2026-09-15, Get-MpPreference paste pending; gates in x86 form (Windows gate definition, ruling 2026-09-20)] [ok] R=18;twopass=1;depth=4096;cap=4G;memtotal_mb=16167;round=2;fetches=148452;fetched_mib=31314.1;evictions=146022;swaps=46082;clock_probe=33.291748;clock_ref=42.335266;vmhwm_mib=VmHWM;read_bytes=33043966784;binary=99225874a8f0;tag=w1;flags=LLAMA_TEMPORAL_FETCH_THREADS=6 LLAMA_TEMPORAL_MADV_FREE=1 LLAMA_TEMPORAL_ODIRECT=1 LLAMA_TEMPORAL_R=18 LLAMA_TEMPORAL_REPACK=1 LLAMA_TEMPORAL_REPACK_FILE=C:\tmoe\models\qwen3moe-rand-fine-Q4pure-repacked.bin LLAMA_TEMPORAL_SPIN_US=5000 LLAMA_TEMPORAL_SPLIT=1 LLAMA_TEMPORAL_TWOPASS=1;args=-t 4 -p 0 -n 128 -r 8 -mmp 0 -ot _exps=CPU -d 4096",0.0749,32065638
decode,qwen3moe-rand-fine-Q4pure.gguf,deploy,laptop-windows-cpu,,1024,,17.7617,2563,"[provisional: Defender exclusions recorded by Defender event 5007 on 2026-09-15, Get-MpPreference paste pending; gates in x86 form (Windows gate definition, ruling 2026-09-20)] [ok] R=18;twopass=1;depth=1024;cap=4G;memtotal_mb=16167;round=3;fetches=147738;fetched_mib=31163.5;evictions=145308;swaps=46081;clock_probe=34.267085;clock_ref=42.335266;vmhwm_mib=VmHWM;read_bytes=32818359104;binary=99225874a8f0;tag=w1;flags=LLAMA_TEMPORAL_FETCH_THREADS=6 LLAMA_TEMPORAL_MADV_FREE=1 LLAMA_TEMPORAL_ODIRECT=1 LLAMA_TEMPORAL_R=18 LLAMA_TEMPORAL_REPACK=1 LLAMA_TEMPORAL_REPACK_FILE=C:\tmoe\models\qwen3moe-rand-fine-Q4pure-repacked.bin LLAMA_TEMPORAL_SPIN_US=5000 LLAMA_TEMPORAL_SPLIT=1 LLAMA_TEMPORAL_TWOPASS=1;args=-t 4 -p 0 -n 128 -r 8 -mmp 0 -ot _exps=CPU -d 1024",0.4367,31911424
decode,qwen3moe-rand-fine-Q4pure.gguf,deploy,laptop-windows-cpu,,2048,,14.6065,2821,"[provisional: Defender exclusions recorded by Defender event 5007 on 2026-09-15, Get-MpPreference paste pending; gates in x86 form (Windows gate definition, ruling 2026-09-20)] [ok] R=18;twopass=1;depth=2048;cap=4G;memtotal_mb=16167;round=3;fetches=148098;fetched_mib=31239.4;evictions=145668;swaps=46081;clock_probe=34.194663;clock_ref=42.335266;vmhwm_mib=VmHWM;read_bytes=32965667648;binary=99225874a8f0;tag=w1;flags=LLAMA_TEMPORAL_FETCH_THREADS=6 LLAMA_TEMPORAL_MADV_FREE=1 LLAMA_TEMPORAL_ODIRECT=1 LLAMA_TEMPORAL_R=18 LLAMA_TEMPORAL_REPACK=1 LLAMA_TEMPORAL_REPACK_FILE=C:\tmoe\models\qwen3moe-rand-fine-Q4pure-repacked.bin LLAMA_TEMPORAL_SPIN_US=5000 LLAMA_TEMPORAL_SPLIT=1 LLAMA_TEMPORAL_TWOPASS=1;args=-t 4 -p 0 -n 128 -r 8 -mmp 0 -ot _exps=CPU -d 2048",0.0914,31989145
decode,qwen3moe-rand-fine-Q4pure.gguf,deploy,laptop-windows-cpu,,4096,,10.0800,3257,"[provisional: Defender exclusions recorded by Defender event 5007 on 2026-09-15, Get-MpPreference paste pending; gates in x86 form (Windows gate definition, ruling 2026-09-20)] [ok] R=18;twopass=1;depth=4096;cap=4G;memtotal_mb=16167;round=3;fetches=148452;fetched_mib=31314.1;evictions=146022;swaps=46082;clock_probe=32.753312;clock_ref=42.335266;vmhwm_mib=VmHWM;read_bytes=33017424704;binary=99225874a8f0;tag=w1;flags=LLAMA_TEMPORAL_FETCH_THREADS=6 LLAMA_TEMPORAL_MADV_FREE=1 LLAMA_TEMPORAL_ODIRECT=1 LLAMA_TEMPORAL_R=18 LLAMA_TEMPORAL_REPACK=1 LLAMA_TEMPORAL_REPACK_FILE=C:\tmoe\models\qwen3moe-rand-fine-Q4pure-repacked.bin LLAMA_TEMPORAL_SPIN_US=5000 LLAMA_TEMPORAL_SPLIT=1 LLAMA_TEMPORAL_TWOPASS=1;args=-t 4 -p 0 -n 128 -r 8 -mmp 0 -ot _exps=CPU -d 4096",0.0490,32065638
decode,qwen3moe-rand-fine-Q4pure.gguf,deploy,laptop-windows-cpu,,1024,,17.6720,2563,"[provisional: Defender exclusions recorded by Defender event 5007 on 2026-09-15, Get-MpPreference paste pending; gates in x86 form (Windows gate definition, ruling 2026-09-20)] [ok] R=18;twopass=1;depth=1024;cap=4G;memtotal_mb=16167;round=1;fetches=147738;fetched_mib=31163.5;evictions=145308;swaps=46081;clock_probe=32.606333;clock_ref=32.606333;vmhwm_mib=VmHWM;read_bytes=32842246976;binary=99225874a8f0;tag=w1;flags=LLAMA_TEMPORAL_FETCH_THREADS=6 LLAMA_TEMPORAL_MADV_FREE=1 LLAMA_TEMPORAL_ODIRECT=1 LLAMA_TEMPORAL_R=18 LLAMA_TEMPORAL_REPACK=1 LLAMA_TEMPORAL_REPACK_FILE=C:\tmoe\models\qwen3moe-rand-fine-Q4pure-repacked.bin LLAMA_TEMPORAL_SPIN_US=5000 LLAMA_TEMPORAL_SPLIT=1 LLAMA_TEMPORAL_TWOPASS=1;args=-t 4 -p 0 -n 128 -r 8 -mmp 0 -ot _exps=CPU -d 1024;sweep LLAMA_TEMPORAL_FUSED",0.2327,31911424
decode,qwen3moe-rand-fine-Q4pure.gguf,deploy,laptop-windows-cpu,,1024,,16.8331,2567,"[provisional: Defender exclusions recorded by Defender event 5007 on 2026-09-15, Get-MpPreference paste pending; gates in x86 form (Windows gate definition, ruling 2026-09-20)] [ok] R=18;twopass=1;depth=1024;cap=4G;memtotal_mb=16167;round=1;fetches=147738;fetched_mib=31163.5;evictions=145308;swaps=46081;clock_probe=34.697009;clock_ref=34.697009;vmhwm_mib=VmHWM;read_bytes=32858172224;binary=99225874a8f0;tag=w1;flags=LLAMA_TEMPORAL_FETCH_THREADS=6 LLAMA_TEMPORAL_FUSED=1 LLAMA_TEMPORAL_MADV_FREE=1 LLAMA_TEMPORAL_ODIRECT=1 LLAMA_TEMPORAL_R=18 LLAMA_TEMPORAL_REPACK=1 LLAMA_TEMPORAL_REPACK_FILE=C:\tmoe\models\qwen3moe-rand-fine-Q4pure-repacked.bin LLAMA_TEMPORAL_SPIN_US=5000 LLAMA_TEMPORAL_SPLIT=1 LLAMA_TEMPORAL_TWOPASS=1;args=-t 4 -p 0 -n 128 -r 8 -mmp 0 -ot _exps=CPU -d 1024;sweep LLAMA_TEMPORAL_FUSED",0.2993,31911424
decode,qwen3moe-rand-fine-Q4pure.gguf,deploy,laptop-windows-cpu,,1024,,18.1716,2563,"[provisional: Defender exclusions recorded by Defender event 5007 on 2026-09-15, Get-MpPreference paste pending; gates in x86 form (Windows gate definition, ruling 2026-09-20)] [ok] R=18;twopass=1;depth=1024;cap=4G;memtotal_mb=16167;round=2;fetches=147738;fetched_mib=31163.5;evictions=145308;swaps=46081;clock_probe=34.221916;clock_ref=34.697009;vmhwm_mib=VmHWM;read_bytes=32886041408;binary=99225874a8f0;tag=w1;flags=LLAMA_TEMPORAL_FETCH_THREADS=6 LLAMA_TEMPORAL_MADV_FREE=1 LLAMA_TEMPORAL_ODIRECT=1 LLAMA_TEMPORAL_R=18 LLAMA_TEMPORAL_REPACK=1 LLAMA_TEMPORAL_REPACK_FILE=C:\tmoe\models\qwen3moe-rand-fine-Q4pure-repacked.bin LLAMA_TEMPORAL_SPIN_US=5000 LLAMA_TEMPORAL_SPLIT=1 LLAMA_TEMPORAL_TWOPASS=1;args=-t 4 -p 0 -n 128 -r 8 -mmp 0 -ot _exps=CPU -d 1024;sweep LLAMA_TEMPORAL_FUSED",0.1924,31911424
decode,qwen3moe-rand-fine-Q4pure.gguf,deploy,laptop-windows-cpu,,1024,,17.5242,2566,"[provisional: Defender exclusions recorded by Defender event 5007 on 2026-09-15, Get-MpPreference paste pending; gates in x86 form (Windows gate definition, ruling 2026-09-20)] [ok] R=18;twopass=1;depth=1024;cap=4G;memtotal_mb=16167;round=2;fetches=147738;fetched_mib=31163.5;evictions=145308;swaps=46081;clock_probe=34.015867;clock_ref=34.697009;vmhwm_mib=VmHWM;read_bytes=32883387200;binary=99225874a8f0;tag=w1;flags=LLAMA_TEMPORAL_FETCH_THREADS=6 LLAMA_TEMPORAL_FUSED=1 LLAMA_TEMPORAL_MADV_FREE=1 LLAMA_TEMPORAL_ODIRECT=1 LLAMA_TEMPORAL_R=18 LLAMA_TEMPORAL_REPACK=1 LLAMA_TEMPORAL_REPACK_FILE=C:\tmoe\models\qwen3moe-rand-fine-Q4pure-repacked.bin LLAMA_TEMPORAL_SPIN_US=5000 LLAMA_TEMPORAL_SPLIT=1 LLAMA_TEMPORAL_TWOPASS=1;args=-t 4 -p 0 -n 128 -r 8 -mmp 0 -ot _exps=CPU -d 1024;sweep LLAMA_TEMPORAL_FUSED",0.1653,31911424
decode,qwen3moe-rand-fine-Q4pure.gguf,deploy,laptop-windows-cpu,,1024,,18.2768,2563,"[provisional: Defender exclusions recorded by Defender event 5007 on 2026-09-15, Get-MpPreference paste pending; gates in x86 form (Windows gate definition, ruling 2026-09-20)] [ok] R=18;twopass=1;depth=1024;cap=4G;memtotal_mb=16167;round=3;fetches=147738;fetched_mib=31163.5;evictions=145308;swaps=46081;clock_probe=33.964508;clock_ref=34.697009;vmhwm_mib=VmHWM;read_bytes=32851536704;binary=99225874a8f0;tag=w1;flags=LLAMA_TEMPORAL_FETCH_THREADS=6 LLAMA_TEMPORAL_MADV_FREE=1 LLAMA_TEMPORAL_ODIRECT=1 LLAMA_TEMPORAL_R=18 LLAMA_TEMPORAL_REPACK=1 LLAMA_TEMPORAL_REPACK_FILE=C:\tmoe\models\qwen3moe-rand-fine-Q4pure-repacked.bin LLAMA_TEMPORAL_SPIN_US=5000 LLAMA_TEMPORAL_SPLIT=1 LLAMA_TEMPORAL_TWOPASS=1;args=-t 4 -p 0 -n 128 -r 8 -mmp 0 -ot _exps=CPU -d 1024;sweep LLAMA_TEMPORAL_FUSED",0.2192,31911424
decode,qwen3moe-rand-fine-Q4pure.gguf,deploy,laptop-windows-cpu,,1024,,17.4294,2566,"[provisional: Defender exclusions recorded by Defender event 5007 on 2026-09-15, Get-MpPreference paste pending; gates in x86 form (Windows gate definition, ruling 2026-09-20)] [ok] R=18;twopass=1;depth=1024;cap=4G;memtotal_mb=16167;round=3;fetches=147738;fetched_mib=31163.5;evictions=145308;swaps=46081;clock_probe=34.161704;clock_ref=34.697009;vmhwm_mib=VmHWM;read_bytes=32886041408;binary=99225874a8f0;tag=w1;flags=LLAMA_TEMPORAL_FETCH_THREADS=6 LLAMA_TEMPORAL_FUSED=1 LLAMA_TEMPORAL_MADV_FREE=1 LLAMA_TEMPORAL_ODIRECT=1 LLAMA_TEMPORAL_R=18 LLAMA_TEMPORAL_REPACK=1 LLAMA_TEMPORAL_REPACK_FILE=C:\tmoe\models\qwen3moe-rand-fine-Q4pure-repacked.bin LLAMA_TEMPORAL_SPIN_US=5000 LLAMA_TEMPORAL_SPLIT=1 LLAMA_TEMPORAL_TWOPASS=1;args=-t 4 -p 0 -n 128 -r 8 -mmp 0 -ot _exps=CPU -d 1024;sweep LLAMA_TEMPORAL_FUSED",0.1312,31911424
decode,qwen3moe-rand-fine-Q4pure.gguf,resident_control,laptop-windows-cpu,,1024,,19.0153,5975,"[provisional: Defender exclusions recorded by Defender event 5007 on 2026-09-15, Get-MpPreference paste pending; gates in x86 form (Windows gate definition, ruling 2026-09-20)] [ok] R=192;twopass=1;depth=1024;cap=12G;memtotal_mb=16167;round=1;fetches=114807;fetched_mib=24217.1;evictions=138243;swaps=46081;clock_probe=34.499589;clock_ref=34.697009;vmhwm_mib=VmHWM;read_bytes=31335320384;binary=99225874a8f0;tag=w1;flags=LLAMA_TEMPORAL_FETCH_THREADS=6 LLAMA_TEMPORAL_MADV_FREE=1 LLAMA_TEMPORAL_ODIRECT=1 LLAMA_TEMPORAL_R=192 LLAMA_TEMPORAL_REPACK=1 LLAMA_TEMPORAL_REPACK_FILE=C:\tmoe\models\qwen3moe-rand-fine-Q4pure-repacked.bin LLAMA_TEMPORAL_SPIN_US=5000 LLAMA_TEMPORAL_SPLIT=1 LLAMA_TEMPORAL_TWOPASS=1;args=-t 4 -p 0 -n 128 -r 8 -mmp 0 -ot _exps=CPU -d 1024;sweep LLAMA_TEMPORAL_NOMADV",1.4381,24798310
decode,qwen3moe-rand-fine-Q4pure.gguf,resident_control,laptop-windows-cpu,,1024,,20.2194,5974,"[provisional: Defender exclusions recorded by Defender event 5007 on 2026-09-15, Get-MpPreference paste pending; gates in x86 form (Windows gate definition, ruling 2026-09-20)] [ok] R=192;twopass=1;depth=1024;cap=12G;memtotal_mb=16167;round=1;fetches=114807;fetched_mib=24217.1;evictions=138243;swaps=46081;clock_probe=34.445425;clock_ref=34.697009;vmhwm_mib=VmHWM;read_bytes=31335320384;binary=99225874a8f0;tag=w1;flags=LLAMA_TEMPORAL_FETCH_THREADS=6 LLAMA_TEMPORAL_MADV_FREE=1 LLAMA_TEMPORAL_NOMADV=1 LLAMA_TEMPORAL_ODIRECT=1 LLAMA_TEMPORAL_R=192 LLAMA_TEMPORAL_REPACK=1 LLAMA_TEMPORAL_REPACK_FILE=C:\tmoe\models\qwen3moe-rand-fine-Q4pure-repacked.bin LLAMA_TEMPORAL_SPIN_US=5000 LLAMA_TEMPORAL_SPLIT=1 LLAMA_TEMPORAL_TWOPASS=1;args=-t 4 -p 0 -n 128 -r 8 -mmp 0 -ot _exps=CPU -d 1024;sweep LLAMA_TEMPORAL_NOMADV",1.2131,24798310
decode,qwen3moe-rand-fine-Q4pure.gguf,resident_control,laptop-windows-cpu,,1024,,19.2604,5973,"[provisional: Defender exclusions recorded by Defender event 5007 on 2026-09-15, Get-MpPreference paste pending; gates in x86 form (Windows gate definition, ruling 2026-09-20)] [ok] R=192;twopass=1;depth=1024;cap=12G;memtotal_mb=16167;round=2;fetches=114807;fetched_mib=24217.1;evictions=138243;swaps=46081;clock_probe=34.466792;clock_ref=34.697009;vmhwm_mib=VmHWM;read_bytes=31314086720;binary=99225874a8f0;tag=w1;flags=LLAMA_TEMPORAL_FETCH_THREADS=6 LLAMA_TEMPORAL_MADV_FREE=1 LLAMA_TEMPORAL_ODIRECT=1 LLAMA_TEMPORAL_R=192 LLAMA_TEMPORAL_REPACK=1 LLAMA_TEMPORAL_REPACK_FILE=C:\tmoe\models\qwen3moe-rand-fine-Q4pure-repacked.bin LLAMA_TEMPORAL_SPIN_US=5000 LLAMA_TEMPORAL_SPLIT=1 LLAMA_TEMPORAL_TWOPASS=1;args=-t 4 -p 0 -n 128 -r 8 -mmp 0 -ot _exps=CPU -d 1024;sweep LLAMA_TEMPORAL_NOMADV",1.4055,24798310
decode,qwen3moe-rand-fine-Q4pure.gguf,resident_control,laptop-windows-cpu,,1024,,19.9672,5974,"[provisional: Defender exclusions recorded by Defender event 5007 on 2026-09-15, Get-MpPreference paste pending; gates in x86 form (Windows gate definition, ruling 2026-09-20)] [ok] R=192;twopass=1;depth=1024;cap=12G;memtotal_mb=16167;round=2;fetches=114807;fetched_mib=24217.1;evictions=138243;swaps=46081;clock_probe=33.932273;clock_ref=34.697009;vmhwm_mib=VmHWM;read_bytes=31335320384;binary=99225874a8f0;tag=w1;flags=LLAMA_TEMPORAL_FETCH_THREADS=6 LLAMA_TEMPORAL_MADV_FREE=1 LLAMA_TEMPORAL_NOMADV=1 LLAMA_TEMPORAL_ODIRECT=1 LLAMA_TEMPORAL_R=192 LLAMA_TEMPORAL_REPACK=1 LLAMA_TEMPORAL_REPACK_FILE=C:\tmoe\models\qwen3moe-rand-fine-Q4pure-repacked.bin LLAMA_TEMPORAL_SPIN_US=5000 LLAMA_TEMPORAL_SPLIT=1 LLAMA_TEMPORAL_TWOPASS=1;args=-t 4 -p 0 -n 128 -r 8 -mmp 0 -ot _exps=CPU -d 1024;sweep LLAMA_TEMPORAL_NOMADV",1.3263,24798310
decode,qwen3moe-rand-fine-Q4pure.gguf,resident_control,laptop-windows-cpu,,1024,,16.2689,5703,"[provisional: Defender exclusions recorded by Defender event 5007 on 2026-09-15, Get-MpPreference paste pending; gates in x86 form (Windows gate definition, ruling 2026-09-20)] [ok] R=192;twopass=1;depth=1024;cap=12G;memtotal_mb=16167;round=3;fetches=114807;fetched_mib=24217.1;evictions=138243;swaps=46081;clock_probe=25.058137;clock_ref=34.697009;vmhwm_mib=VmHWM;read_bytes=31335320384;binary=99225874a8f0;tag=w1;flags=LLAMA_TEMPORAL_FETCH_THREADS=6 LLAMA_TEMPORAL_MADV_FREE=1 LLAMA_TEMPORAL_ODIRECT=1 LLAMA_TEMPORAL_R=192 LLAMA_TEMPORAL_REPACK=1 LLAMA_TEMPORAL_REPACK_FILE=C:\tmoe\models\qwen3moe-rand-fine-Q4pure-repacked.bin LLAMA_TEMPORAL_SPIN_US=5000 LLAMA_TEMPORAL_SPLIT=1 LLAMA_TEMPORAL_TWOPASS=1;args=-t 4 -p 0 -n 128 -r 8 -mmp 0 -ot _exps=CPU -d 1024;sweep LLAMA_TEMPORAL_NOMADV",1.7286,24798310
decode,qwen3moe-rand-fine-Q4pure.gguf,resident_control,laptop-windows-cpu,,1024,,20.3360,5972,"[provisional: Defender exclusions recorded by Defender event 5007 on 2026-09-15, Get-MpPreference paste pending; gates in x86 form (Windows gate definition, ruling 2026-09-20)] [ok] R=192;twopass=1;depth=1024;cap=12G;memtotal_mb=16167;round=3;fetches=114807;fetched_mib=24217.1;evictions=138243;swaps=46081;clock_probe=34.046092;clock_ref=34.697009;vmhwm_mib=VmHWM;read_bytes=31335320384;binary=99225874a8f0;tag=w1;flags=LLAMA_TEMPORAL_FETCH_THREADS=6 LLAMA_TEMPORAL_MADV_FREE=1 LLAMA_TEMPORAL_NOMADV=1 LLAMA_TEMPORAL_ODIRECT=1 LLAMA_TEMPORAL_R=192 LLAMA_TEMPORAL_REPACK=1 LLAMA_TEMPORAL_REPACK_FILE=C:\tmoe\models\qwen3moe-rand-fine-Q4pure-repacked.bin LLAMA_TEMPORAL_SPIN_US=5000 LLAMA_TEMPORAL_SPLIT=1 LLAMA_TEMPORAL_TWOPASS=1;args=-t 4 -p 0 -n 128 -r 8 -mmp 0 -ot _exps=CPU -d 1024;sweep LLAMA_TEMPORAL_NOMADV",1.0477,24798310
decode,qwen3moe-rand-fine-Q4pure.gguf,deploy,laptop-windows-cpu,,1024,,17.7919,2563,"[provisional: Defender exclusions recorded by Defender event 5007 on 2026-09-15, Get-MpPreference paste pending; gates in x86 form (Windows gate definition, ruling 2026-09-20)] [ok] R=18;twopass=1;depth=1024;cap=4G;memtotal_mb=16167;round=1;fetches=147738;fetched_mib=31163.5;evictions=145308;swaps=46081;clock_probe=35.804005;clock_ref=35.804005;vmhwm_mib=VmHWM;read_bytes=32869894976;binary=99225874a8f0;tag=w1;flags=LLAMA_TEMPORAL_FETCH_THREADS=6 LLAMA_TEMPORAL_MADV_FREE=1 LLAMA_TEMPORAL_ODIRECT=1 LLAMA_TEMPORAL_R=18 LLAMA_TEMPORAL_REPACK=1 LLAMA_TEMPORAL_REPACK_FILE=C:\tmoe\models\qwen3moe-rand-fine-Q4pure-repacked.bin LLAMA_TEMPORAL_SPIN_US=300 LLAMA_TEMPORAL_SPLIT=1 LLAMA_TEMPORAL_TWOPASS=1;args=-t 4 -p 0 -n 128 -r 8 -mmp 0 -ot _exps=CPU -d 1024;sweep LLAMA_TEMPORAL_SPIN_US",1.3710,31911424
decode,qwen3moe-rand-fine-Q4pure.gguf,deploy,laptop-windows-cpu,,1024,,18.6247,2563,"[provisional: Defender exclusions recorded by Defender event 5007 on 2026-09-15, Get-MpPreference paste pending; gates in x86 form (Windows gate definition, ruling 2026-09-20)] [ok] R=18;twopass=1;depth=1024;cap=4G;memtotal_mb=16167;round=1;fetches=147738;fetched_mib=31163.5;evictions=145308;swaps=46081;clock_probe=35.469942;clock_ref=35.804005;vmhwm_mib=VmHWM;read_bytes=32882723648;binary=99225874a8f0;tag=w1;flags=LLAMA_TEMPORAL_FETCH_THREADS=6 LLAMA_TEMPORAL_MADV_FREE=1 LLAMA_TEMPORAL_ODIRECT=1 LLAMA_TEMPORAL_R=18 LLAMA_TEMPORAL_REPACK=1 LLAMA_TEMPORAL_REPACK_FILE=C:\tmoe\models\qwen3moe-rand-fine-Q4pure-repacked.bin LLAMA_TEMPORAL_SPIN_US=1000 LLAMA_TEMPORAL_SPLIT=1 LLAMA_TEMPORAL_TWOPASS=1;args=-t 4 -p 0 -n 128 -r 8 -mmp 0 -ot _exps=CPU -d 1024;sweep LLAMA_TEMPORAL_SPIN_US",0.3555,31911424
decode,qwen3moe-rand-fine-Q4pure.gguf,deploy,laptop-windows-cpu,,1024,,18.7561,2563,"[provisional: Defender exclusions recorded by Defender event 5007 on 2026-09-15, Get-MpPreference paste pending; gates in x86 form (Windows gate definition, ruling 2026-09-20)] [ok] R=18;twopass=1;depth=1024;cap=4G;memtotal_mb=16167;round=1;fetches=147738;fetched_mib=31163.5;evictions=145308;swaps=46081;clock_probe=35.231855;clock_ref=35.804005;vmhwm_mib=VmHWM;read_bytes=32856181568;binary=99225874a8f0;tag=w1;flags=LLAMA_TEMPORAL_FETCH_THREADS=6 LLAMA_TEMPORAL_MADV_FREE=1 LLAMA_TEMPORAL_ODIRECT=1 LLAMA_TEMPORAL_R=18 LLAMA_TEMPORAL_REPACK=1 LLAMA_TEMPORAL_REPACK_FILE=C:\tmoe\models\qwen3moe-rand-fine-Q4pure-repacked.bin LLAMA_TEMPORAL_SPIN_US=2000 LLAMA_TEMPORAL_SPLIT=1 LLAMA_TEMPORAL_TWOPASS=1;args=-t 4 -p 0 -n 128 -r 8 -mmp 0 -ot _exps=CPU -d 1024;sweep LLAMA_TEMPORAL_SPIN_US",0.1743,31911424
decode,qwen3moe-rand-fine-Q4pure.gguf,deploy,laptop-windows-cpu,,1024,,18.7242,2563,"[provisional: Defender exclusions recorded by Defender event 5007 on 2026-09-15, Get-MpPreference paste pending; gates in x86 form (Windows gate definition, ruling 2026-09-20)] [ok] R=18;twopass=1;depth=1024;cap=4G;memtotal_mb=16167;round=1;fetches=147738;fetched_mib=31163.5;evictions=145308;swaps=46081;clock_probe=35.771267;clock_ref=35.804005;vmhwm_mib=VmHWM;read_bytes=32840919872;binary=99225874a8f0;tag=w1;flags=LLAMA_TEMPORAL_FETCH_THREADS=6 LLAMA_TEMPORAL_MADV_FREE=1 LLAMA_TEMPORAL_ODIRECT=1 LLAMA_TEMPORAL_R=18 LLAMA_TEMPORAL_REPACK=1 LLAMA_TEMPORAL_REPACK_FILE=C:\tmoe\models\qwen3moe-rand-fine-Q4pure-repacked.bin LLAMA_TEMPORAL_SPIN_US=5000 LLAMA_TEMPORAL_SPLIT=1 LLAMA_TEMPORAL_TWOPASS=1;args=-t 4 -p 0 -n 128 -r 8 -mmp 0 -ot _exps=CPU -d 1024;sweep LLAMA_TEMPORAL_SPIN_US",0.2530,31911424
decode,qwen3moe-rand-fine-Q4pure.gguf,deploy,laptop-windows-cpu,,1024,,19.2680,2563,"[provisional: Defender exclusions recorded by Defender event 5007 on 2026-09-15, Get-MpPreference paste pending; gates in x86 form (Windows gate definition, ruling 2026-09-20)] [ok] R=18;twopass=1;depth=1024;cap=4G;memtotal_mb=16167;round=2;fetches=147738;fetched_mib=31163.5;evictions=145308;swaps=46081;clock_probe=36.305476;clock_ref=36.305476;vmhwm_mib=VmHWM;read_bytes=32886041408;binary=99225874a8f0;tag=w1;flags=LLAMA_TEMPORAL_FETCH_THREADS=6 LLAMA_TEMPORAL_MADV_FREE=1 LLAMA_TEMPORAL_ODIRECT=1 LLAMA_TEMPORAL_R=18 LLAMA_TEMPORAL_REPACK=1 LLAMA_TEMPORAL_REPACK_FILE=C:\tmoe\models\qwen3moe-rand-fine-Q4pure-repacked.bin LLAMA_TEMPORAL_SPIN_US=300 LLAMA_TEMPORAL_SPLIT=1 LLAMA_TEMPORAL_TWOPASS=1;args=-t 4 -p 0 -n 128 -r 8 -mmp 0 -ot _exps=CPU -d 1024;sweep LLAMA_TEMPORAL_SPIN_US",0.2364,31911424
decode,qwen3moe-rand-fine-Q4pure.gguf,deploy,laptop-windows-cpu,,1024,,18.7309,2563,"[provisional: Defender exclusions recorded by Defender event 5007 on 2026-09-15, Get-MpPreference paste pending; gates in x86 form (Windows gate definition, ruling 2026-09-20)] [ok] R=18;twopass=1;depth=1024;cap=4G;memtotal_mb=16167;round=2;fetches=147738;fetched_mib=31163.5;evictions=145308;swaps=46081;clock_probe=35.510237;clock_ref=36.305476;vmhwm_mib=VmHWM;read_bytes=32886041408;binary=99225874a8f0;tag=w1;flags=LLAMA_TEMPORAL_FETCH_THREADS=6 LLAMA_TEMPORAL_MADV_FREE=1 LLAMA_TEMPORAL_ODIRECT=1 LLAMA_TEMPORAL_R=18 LLAMA_TEMPORAL_REPACK=1 LLAMA_TEMPORAL_REPACK_FILE=C:\tmoe\models\qwen3moe-rand-fine-Q4pure-repacked.bin LLAMA_TEMPORAL_SPIN_US=1000 LLAMA_TEMPORAL_SPLIT=1 LLAMA_TEMPORAL_TWOPASS=1;args=-t 4 -p 0 -n 128 -r 8 -mmp 0 -ot _exps=CPU -d 1024;sweep LLAMA_TEMPORAL_SPIN_US",0.2788,31911424
decode,qwen3moe-rand-fine-Q4pure.gguf,deploy,laptop-windows-cpu,,1024,,18.7125,2563,"[provisional: Defender exclusions recorded by Defender event 5007 on 2026-09-15, Get-MpPreference paste pending; gates in x86 form (Windows gate definition, ruling 2026-09-20)] [ok] R=18;twopass=1;depth=1024;cap=4G;memtotal_mb=16167;round=2;fetches=147738;fetched_mib=31163.5;evictions=145308;swaps=46081;clock_probe=36.230246;clock_ref=36.305476;vmhwm_mib=VmHWM;read_bytes=32886041408;binary=99225874a8f0;tag=w1;flags=LLAMA_TEMPORAL_FETCH_THREADS=6 LLAMA_TEMPORAL_MADV_FREE=1 LLAMA_TEMPORAL_ODIRECT=1 LLAMA_TEMPORAL_R=18 LLAMA_TEMPORAL_REPACK=1 LLAMA_TEMPORAL_REPACK_FILE=C:\tmoe\models\qwen3moe-rand-fine-Q4pure-repacked.bin LLAMA_TEMPORAL_SPIN_US=2000 LLAMA_TEMPORAL_SPLIT=1 LLAMA_TEMPORAL_TWOPASS=1;args=-t 4 -p 0 -n 128 -r 8 -mmp 0 -ot _exps=CPU -d 1024;sweep LLAMA_TEMPORAL_SPIN_US",0.1739,31911424
decode,qwen3moe-rand-fine-Q4pure.gguf,deploy,laptop-windows-cpu,,1024,,18.6924,2563,"[provisional: Defender exclusions recorded by Defender event 5007 on 2026-09-15, Get-MpPreference paste pending; gates in x86 form (Windows gate definition, ruling 2026-09-20)] [ok] R=18;twopass=1;depth=1024;cap=4G;memtotal_mb=16167;round=2;fetches=147738;fetched_mib=31163.5;evictions=145308;swaps=46081;clock_probe=36.2173;clock_ref=36.305476;vmhwm_mib=VmHWM;read_bytes=32881396544;binary=99225874a8f0;tag=w1;flags=LLAMA_TEMPORAL_FETCH_THREADS=6 LLAMA_TEMPORAL_MADV_FREE=1 LLAMA_TEMPORAL_ODIRECT=1 LLAMA_TEMPORAL_R=18 LLAMA_TEMPORAL_REPACK=1 LLAMA_TEMPORAL_REPACK_FILE=C:\tmoe\models\qwen3moe-rand-fine-Q4pure-repacked.bin LLAMA_TEMPORAL_SPIN_US=5000 LLAMA_TEMPORAL_SPLIT=1 LLAMA_TEMPORAL_TWOPASS=1;args=-t 4 -p 0 -n 128 -r 8 -mmp 0 -ot _exps=CPU -d 1024;sweep LLAMA_TEMPORAL_SPIN_US",0.2048,31911424
decode,qwen3moe-rand-fine-Q4pure.gguf,deploy,laptop-windows-cpu,,1024,,19.2095,2563,"[provisional: Defender exclusions recorded by Defender event 5007 on 2026-09-15, Get-MpPreference paste pending; gates in x86 form (Windows gate definition, ruling 2026-09-20)] [ok] R=18;twopass=1;depth=1024;cap=4G;memtotal_mb=16167;round=3;fetches=147738;fetched_mib=31163.5;evictions=145308;swaps=46081;clock_probe=36.248318;clock_ref=36.305476;vmhwm_mib=VmHWM;read_bytes=32886041408;binary=99225874a8f0;tag=w1;flags=LLAMA_TEMPORAL_FETCH_THREADS=6 LLAMA_TEMPORAL_MADV_FREE=1 LLAMA_TEMPORAL_ODIRECT=1 LLAMA_TEMPORAL_R=18 LLAMA_TEMPORAL_REPACK=1 LLAMA_TEMPORAL_REPACK_FILE=C:\tmoe\models\qwen3moe-rand-fine-Q4pure-repacked.bin LLAMA_TEMPORAL_SPIN_US=300 LLAMA_TEMPORAL_SPLIT=1 LLAMA_TEMPORAL_TWOPASS=1;args=-t 4 -p 0 -n 128 -r 8 -mmp 0 -ot _exps=CPU -d 1024;sweep LLAMA_TEMPORAL_SPIN_US",0.1889,31911424
decode,qwen3moe-rand-fine-Q4pure.gguf,deploy,laptop-windows-cpu,,1024,,18.6065,2563,"[provisional: Defender exclusions recorded by Defender event 5007 on 2026-09-15, Get-MpPreference paste pending; gates in x86 form (Windows gate definition, ruling 2026-09-20)] [ok] R=18;twopass=1;depth=1024;cap=4G;memtotal_mb=16167;round=3;fetches=147738;fetched_mib=31163.5;evictions=145308;swaps=46081;clock_probe=36.681316;clock_ref=36.681316;vmhwm_mib=VmHWM;read_bytes=32886041408;binary=99225874a8f0;tag=w1;flags=LLAMA_TEMPORAL_FETCH_THREADS=6 LLAMA_TEMPORAL_MADV_FREE=1 LLAMA_TEMPORAL_ODIRECT=1 LLAMA_TEMPORAL_R=18 LLAMA_TEMPORAL_REPACK=1 LLAMA_TEMPORAL_REPACK_FILE=C:\tmoe\models\qwen3moe-rand-fine-Q4pure-repacked.bin LLAMA_TEMPORAL_SPIN_US=1000 LLAMA_TEMPORAL_SPLIT=1 LLAMA_TEMPORAL_TWOPASS=1;args=-t 4 -p 0 -n 128 -r 8 -mmp 0 -ot _exps=CPU -d 1024;sweep LLAMA_TEMPORAL_SPIN_US",0.2912,31911424
decode,qwen3moe-rand-fine-Q4pure.gguf,deploy,laptop-windows-cpu,,1024,,18.6416,2563,"[provisional: Defender exclusions recorded by Defender event 5007 on 2026-09-15, Get-MpPreference paste pending; gates in x86 form (Windows gate definition, ruling 2026-09-20)] [ok] R=18;twopass=1;depth=1024;cap=4G;memtotal_mb=16167;round=3;fetches=147738;fetched_mib=31163.5;evictions=145308;swaps=46081;clock_probe=36.91771;clock_ref=36.91771;vmhwm_mib=VmHWM;read_bytes=32827648832;binary=99225874a8f0;tag=w1;flags=LLAMA_TEMPORAL_FETCH_THREADS=6 LLAMA_TEMPORAL_MADV_FREE=1 LLAMA_TEMPORAL_ODIRECT=1 LLAMA_TEMPORAL_R=18 LLAMA_TEMPORAL_REPACK=1 LLAMA_TEMPORAL_REPACK_FILE=C:\tmoe\models\qwen3moe-rand-fine-Q4pure-repacked.bin LLAMA_TEMPORAL_SPIN_US=2000 LLAMA_TEMPORAL_SPLIT=1 LLAMA_TEMPORAL_TWOPASS=1;args=-t 4 -p 0 -n 128 -r 8 -mmp 0 -ot _exps=CPU -d 1024;sweep LLAMA_TEMPORAL_SPIN_US",0.3112,31911424
decode,qwen3moe-rand-fine-Q4pure.gguf,deploy,laptop-windows-cpu,,1024,,18.5818,2563,"[provisional: Defender exclusions recorded by Defender event 5007 on 2026-09-15, Get-MpPreference paste pending; gates in x86 form (Windows gate definition, ruling 2026-09-20)] [ok] R=18;twopass=1;depth=1024;cap=4G;memtotal_mb=16167;round=3;fetches=147738;fetched_mib=31163.5;evictions=145308;swaps=46081;clock_probe=36.153388;clock_ref=36.91771;vmhwm_mib=VmHWM;read_bytes=32824994624;binary=99225874a8f0;tag=w1;flags=LLAMA_TEMPORAL_FETCH_THREADS=6 LLAMA_TEMPORAL_MADV_FREE=1 LLAMA_TEMPORAL_ODIRECT=1 LLAMA_TEMPORAL_R=18 LLAMA_TEMPORAL_REPACK=1 LLAMA_TEMPORAL_REPACK_FILE=C:\tmoe\models\qwen3moe-rand-fine-Q4pure-repacked.bin LLAMA_TEMPORAL_SPIN_US=5000 LLAMA_TEMPORAL_SPLIT=1 LLAMA_TEMPORAL_TWOPASS=1;args=-t 4 -p 0 -n 128 -r 8 -mmp 0 -ot _exps=CPU -d 1024;sweep LLAMA_TEMPORAL_SPIN_US",0.3254,31911424
decode,qwen3moe-rand-fine-Q4pure.gguf,deploy,laptop-windows-cpu,,1024,,18.7036,2563,"[provisional: Defender exclusions recorded by Defender event 5007 on 2026-09-15, Get-MpPreference paste pending; gates in x86 form (Windows gate definition, ruling 2026-09-20)] [ok] R=18;twopass=1;depth=1024;cap=4G;memtotal_mb=16167;round=1;fetches=147738;fetched_mib=31163.5;evictions=145308;swaps=46081;clock_probe=36.346805;clock_ref=36.91771;vmhwm_mib=VmHWM;read_bytes=32827427648;binary=99225874a8f0;tag=w1;flags=LLAMA_TEMPORAL_FETCH_THREADS=6 LLAMA_TEMPORAL_MADV_FREE=1 LLAMA_TEMPORAL_ODIRECT=1 LLAMA_TEMPORAL_R=18 LLAMA_TEMPORAL_REPACK=1 LLAMA_TEMPORAL_REPACK_FILE=C:\tmoe\models\qwen3moe-rand-fine-Q4pure-repacked.bin LLAMA_TEMPORAL_SPIN_US=5000 LLAMA_TEMPORAL_SPLIT=1 LLAMA_TEMPORAL_TWOPASS=1;args=-t 4 -p 0 -n 128 -r 8 -mmp 0 -ot _exps=CPU -d 1024;sweep THREADS",0.1994,31911424
decode,qwen3moe-rand-fine-Q4pure.gguf,deploy,laptop-windows-cpu,,1024,,10.0609,2563,"[provisional: Defender exclusions recorded by Defender event 5007 on 2026-09-15, Get-MpPreference paste pending; gates in x86 form (Windows gate definition, ruling 2026-09-20)] [ok] R=18;twopass=1;depth=1024;cap=4G;memtotal_mb=16167;round=1;fetches=147738;fetched_mib=31163.5;evictions=145308;swaps=46081;clock_probe=35.893145;clock_ref=36.91771;vmhwm_mib=VmHWM;read_bytes=32857508672;binary=99225874a8f0;tag=w1;flags=LLAMA_TEMPORAL_FETCH_THREADS=6 LLAMA_TEMPORAL_MADV_FREE=1 LLAMA_TEMPORAL_ODIRECT=1 LLAMA_TEMPORAL_R=18 LLAMA_TEMPORAL_REPACK=1 LLAMA_TEMPORAL_REPACK_FILE=C:\tmoe\models\qwen3moe-rand-fine-Q4pure-repacked.bin LLAMA_TEMPORAL_SPIN_US=5000 LLAMA_TEMPORAL_SPLIT=1 LLAMA_TEMPORAL_TWOPASS=1;args=-t 8 -p 0 -n 128 -r 8 -mmp 0 -ot _exps=CPU -d 1024;sweep THREADS",0.1546,31911424
decode,qwen3moe-rand-fine-Q4pure.gguf,deploy,laptop-windows-cpu,,1024,,18.6409,2563,"[provisional: Defender exclusions recorded by Defender event 5007 on 2026-09-15, Get-MpPreference paste pending; gates in x86 form (Windows gate definition, ruling 2026-09-20)] [ok] R=18;twopass=1;depth=1024;cap=4G;memtotal_mb=16167;round=2;fetches=147738;fetched_mib=31163.5;evictions=145308;swaps=46081;clock_probe=36.5175;clock_ref=36.91771;vmhwm_mib=VmHWM;read_bytes=32813050688;binary=99225874a8f0;tag=w1;flags=LLAMA_TEMPORAL_FETCH_THREADS=6 LLAMA_TEMPORAL_MADV_FREE=1 LLAMA_TEMPORAL_ODIRECT=1 LLAMA_TEMPORAL_R=18 LLAMA_TEMPORAL_REPACK=1 LLAMA_TEMPORAL_REPACK_FILE=C:\tmoe\models\qwen3moe-rand-fine-Q4pure-repacked.bin LLAMA_TEMPORAL_SPIN_US=5000 LLAMA_TEMPORAL_SPLIT=1 LLAMA_TEMPORAL_TWOPASS=1;args=-t 4 -p 0 -n 128 -r 8 -mmp 0 -ot _exps=CPU -d 1024;sweep THREADS",0.1109,31911424
decode,qwen3moe-rand-fine-Q4pure.gguf,deploy,laptop-windows-cpu,,1024,,10.0035,2563,"[provisional: Defender exclusions recorded by Defender event 5007 on 2026-09-15, Get-MpPreference paste pending; gates in x86 form (Windows gate definition, ruling 2026-09-20)] [ok] R=18;twopass=1;depth=1024;cap=4G;memtotal_mb=16167;round=2;fetches=147738;fetched_mib=31163.5;evictions=145308;swaps=46081;clock_probe=36.267502;clock_ref=36.91771;vmhwm_mib=VmHWM;read_bytes=32886041408;binary=99225874a8f0;tag=w1;flags=LLAMA_TEMPORAL_FETCH_THREADS=6 LLAMA_TEMPORAL_MADV_FREE=1 LLAMA_TEMPORAL_ODIRECT=1 LLAMA_TEMPORAL_R=18 LLAMA_TEMPORAL_REPACK=1 LLAMA_TEMPORAL_REPACK_FILE=C:\tmoe\models\qwen3moe-rand-fine-Q4pure-repacked.bin LLAMA_TEMPORAL_SPIN_US=5000 LLAMA_TEMPORAL_SPLIT=1 LLAMA_TEMPORAL_TWOPASS=1;args=-t 8 -p 0 -n 128 -r 8 -mmp 0 -ot _exps=CPU -d 1024;sweep THREADS",0.0798,31911424
decode,qwen3moe-rand-fine-Q4pure.gguf,deploy,laptop-windows-cpu,,1024,,18.7089,2563,"[provisional: Defender exclusions recorded by Defender event 5007 on 2026-09-15, Get-MpPreference paste pending; gates in x86 form (Windows gate definition, ruling 2026-09-20)] [ok] R=18;twopass=1;depth=1024;cap=4G;memtotal_mb=16167;round=3;fetches=147738;fetched_mib=31163.5;evictions=145308;swaps=46081;clock_probe=36.020099;clock_ref=36.91771;vmhwm_mib=VmHWM;read_bytes=32834284352;binary=99225874a8f0;tag=w1;flags=LLAMA_TEMPORAL_FETCH_THREADS=6 LLAMA_TEMPORAL_MADV_FREE=1 LLAMA_TEMPORAL_ODIRECT=1 LLAMA_TEMPORAL_R=18 LLAMA_TEMPORAL_REPACK=1 LLAMA_TEMPORAL_REPACK_FILE=C:\tmoe\models\qwen3moe-rand-fine-Q4pure-repacked.bin LLAMA_TEMPORAL_SPIN_US=5000 LLAMA_TEMPORAL_SPLIT=1 LLAMA_TEMPORAL_TWOPASS=1;args=-t 4 -p 0 -n 128 -r 8 -mmp 0 -ot _exps=CPU -d 1024;sweep THREADS",0.1754,31911424
decode,qwen3moe-rand-fine-Q4pure.gguf,deploy,laptop-windows-cpu,,1024,,10.1869,2563,"[provisional: Defender exclusions recorded by Defender event 5007 on 2026-09-15, Get-MpPreference paste pending; gates in x86 form (Windows gate definition, ruling 2026-09-20)] [ok] R=18;twopass=1;depth=1024;cap=4G;memtotal_mb=16167;round=3;fetches=147738;fetched_mib=31163.5;evictions=145308;swaps=46081;clock_probe=36.40087;clock_ref=36.91771;vmhwm_mib=VmHWM;read_bytes=32882502464;binary=99225874a8f0;tag=w1;flags=LLAMA_TEMPORAL_FETCH_THREADS=6 LLAMA_TEMPORAL_MADV_FREE=1 LLAMA_TEMPORAL_ODIRECT=1 LLAMA_TEMPORAL_R=18 LLAMA_TEMPORAL_REPACK=1 LLAMA_TEMPORAL_REPACK_FILE=C:\tmoe\models\qwen3moe-rand-fine-Q4pure-repacked.bin LLAMA_TEMPORAL_SPIN_US=5000 LLAMA_TEMPORAL_SPLIT=1 LLAMA_TEMPORAL_TWOPASS=1;args=-t 8 -p 0 -n 128 -r 8 -mmp 0 -ot _exps=CPU -d 1024;sweep THREADS",0.4144,31911424
decode,qwen3moe-rand-fine-Q4pure.gguf,deploy,laptop-windows-cpu,,1024,,18.6340,2563,"[provisional: Defender exclusions recorded by Defender event 5007 on 2026-09-15, Get-MpPreference paste pending; gates in x86 form (Windows gate definition, ruling 2026-09-20)] [ok] R=18;twopass=1;depth=1024;cap=4G;memtotal_mb=16167;round=1;fetches=147738;fetched_mib=31163.5;evictions=145308;swaps=46081;clock_probe=36.370095;clock_ref=36.91771;vmhwm_mib=VmHWM;read_bytes=32872328000;binary=99225874a8f0;tag=w1;flags=LLAMA_TEMPORAL_FETCH_THREADS=6 LLAMA_TEMPORAL_MADV_FREE=1 LLAMA_TEMPORAL_ODIRECT=1 LLAMA_TEMPORAL_R=18 LLAMA_TEMPORAL_REPACK=1 LLAMA_TEMPORAL_REPACK_FILE=C:\tmoe\models\qwen3moe-rand-fine-Q4pure-repacked.bin LLAMA_TEMPORAL_SPIN_US=5000 LLAMA_TEMPORAL_SPLIT=1 LLAMA_TEMPORAL_TWOPASS=1;args=-t 4 -p 0 -n 128 -r 8 -mmp 0 -ot _exps=CPU -d 1024;sweep LLAMA_TEMPORAL_NOMADV",0.2245,31911424
decode,qwen3moe-rand-fine-Q4pure.gguf,deploy,laptop-windows-cpu,,1024,,18.4159,2563,"[provisional: Defender exclusions recorded by Defender event 5007 on 2026-09-15, Get-MpPreference paste pending; gates in x86 form (Windows gate definition, ruling 2026-09-20)] [ok] R=18;twopass=1;depth=1024;cap=4G;memtotal_mb=16167;round=2;fetches=147738;fetched_mib=31163.5;evictions=145308;swaps=46081;clock_probe=35.986014;clock_ref=36.91771;vmhwm_mib=VmHWM;read_bytes=32886041408;binary=99225874a8f0;tag=w1;flags=LLAMA_TEMPORAL_FETCH_THREADS=6 LLAMA_TEMPORAL_MADV_FREE=1 LLAMA_TEMPORAL_ODIRECT=1 LLAMA_TEMPORAL_R=18 LLAMA_TEMPORAL_REPACK=1 LLAMA_TEMPORAL_REPACK_FILE=C:\tmoe\models\qwen3moe-rand-fine-Q4pure-repacked.bin LLAMA_TEMPORAL_SPIN_US=5000 LLAMA_TEMPORAL_SPLIT=1 LLAMA_TEMPORAL_TWOPASS=1;args=-t 4 -p 0 -n 128 -r 8 -mmp 0 -ot _exps=CPU -d 1024;sweep LLAMA_TEMPORAL_NOMADV",0.2582,31911424
decode,qwen3moe-rand-fine-Q4pure.gguf,deploy,laptop-windows-cpu,,1024,,18.5882,2542,"[provisional: Defender exclusions recorded by Defender event 5007 on 2026-09-15, Get-MpPreference paste pending; gates in x86 form (Windows gate definition, ruling 2026-09-20)] [ok] R=18;twopass=1;depth=1024;cap=4G;memtotal_mb=16167;round=3;fetches=147738;fetched_mib=31163.5;evictions=145308;swaps=46081;clock_probe=36.078559;clock_ref=36.91771;vmhwm_mib=VmHWM;read_bytes=32853306176;binary=99225874a8f0;tag=w1;flags=LLAMA_TEMPORAL_FETCH_THREADS=6 LLAMA_TEMPORAL_MADV_FREE=1 LLAMA_TEMPORAL_ODIRECT=1 LLAMA_TEMPORAL_R=18 LLAMA_TEMPORAL_REPACK=1 LLAMA_TEMPORAL_REPACK_FILE=C:\tmoe\models\qwen3moe-rand-fine-Q4pure-repacked.bin LLAMA_TEMPORAL_SPIN_US=5000 LLAMA_TEMPORAL_SPLIT=1 LLAMA_TEMPORAL_TWOPASS=1;args=-t 4 -p 0 -n 128 -r 8 -mmp 0 -ot _exps=CPU -d 1024;sweep LLAMA_TEMPORAL_NOMADV",0.1540,31911424
decode,qwen3moe-rand-fine-Q4pure.gguf,deploy,laptop-windows-cpu,,1024,,18.7386,2563,"[provisional: Defender exclusions recorded by Defender event 5007 on 2026-09-15, Get-MpPreference paste pending; gates in x86 form (Windows gate definition, ruling 2026-09-20)] [ok] R=18;twopass=1;depth=1024;cap=4G;memtotal_mb=16167;round=1;fetches=147738;fetched_mib=31163.5;evictions=145308;swaps=46081;clock_probe=36.089524;clock_ref=36.91771;vmhwm_mib=VmHWM;read_bytes=32884050752;binary=99225874a8f0;tag=w1;flags=LLAMA_TEMPORAL_FETCH_THREADS=6 LLAMA_TEMPORAL_MADV_FREE=1 LLAMA_TEMPORAL_ODIRECT=1 LLAMA_TEMPORAL_R=18 LLAMA_TEMPORAL_REPACK=1 LLAMA_TEMPORAL_REPACK_FILE=C:\tmoe\models\qwen3moe-rand-fine-Q4pure-repacked.bin LLAMA_TEMPORAL_SPINNERS=2 LLAMA_TEMPORAL_SPIN_US=5000 LLAMA_TEMPORAL_SPLIT=1 LLAMA_TEMPORAL_TWOPASS=1;args=-t 4 -p 0 -n 128 -r 8 -mmp 0 -ot _exps=CPU -d 1024;sweep LLAMA_TEMPORAL_SPINNERS",0.2030,31911424
decode,qwen3moe-rand-fine-Q4pure.gguf,deploy,laptop-windows-cpu,,1024,,18.7759,2563,"[provisional: Defender exclusions recorded by Defender event 5007 on 2026-09-15, Get-MpPreference paste pending; gates in x86 form (Windows gate definition, ruling 2026-09-20)] [ok] R=18;twopass=1;depth=1024;cap=4G;memtotal_mb=16167;round=1;fetches=147738;fetched_mib=31163.5;evictions=145308;swaps=46081;clock_probe=36.477272;clock_ref=36.91771;vmhwm_mib=VmHWM;read_bytes=32842910528;binary=99225874a8f0;tag=w1;flags=LLAMA_TEMPORAL_FETCH_THREADS=6 LLAMA_TEMPORAL_MADV_FREE=1 LLAMA_TEMPORAL_ODIRECT=1 LLAMA_TEMPORAL_R=18 LLAMA_TEMPORAL_REPACK=1 LLAMA_TEMPORAL_REPACK_FILE=C:\tmoe\models\qwen3moe-rand-fine-Q4pure-repacked.bin LLAMA_TEMPORAL_SPINNERS=6 LLAMA_TEMPORAL_SPIN_US=5000 LLAMA_TEMPORAL_SPLIT=1 LLAMA_TEMPORAL_TWOPASS=1;args=-t 4 -p 0 -n 128 -r 8 -mmp 0 -ot _exps=CPU -d 1024;sweep LLAMA_TEMPORAL_SPINNERS",0.1369,31911424
decode,qwen3moe-rand-fine-Q4pure.gguf,deploy,laptop-windows-cpu,,1024,,18.6453,2563,"[provisional: Defender exclusions recorded by Defender event 5007 on 2026-09-15, Get-MpPreference paste pending; gates in x86 form (Windows gate definition, ruling 2026-09-20)] [ok] R=18;twopass=1;depth=1024;cap=4G;memtotal_mb=16167;round=2;fetches=147738;fetched_mib=31163.5;evictions=145308;swaps=46081;clock_probe=36.08527;clock_ref=36.91771;vmhwm_mib=VmHWM;read_bytes=32879405888;binary=99225874a8f0;tag=w1;flags=LLAMA_TEMPORAL_FETCH_THREADS=6 LLAMA_TEMPORAL_MADV_FREE=1 LLAMA_TEMPORAL_ODIRECT=1 LLAMA_TEMPORAL_R=18 LLAMA_TEMPORAL_REPACK=1 LLAMA_TEMPORAL_REPACK_FILE=C:\tmoe\models\qwen3moe-rand-fine-Q4pure-repacked.bin LLAMA_TEMPORAL_SPINNERS=2 LLAMA_TEMPORAL_SPIN_US=5000 LLAMA_TEMPORAL_SPLIT=1 LLAMA_TEMPORAL_TWOPASS=1;args=-t 4 -p 0 -n 128 -r 8 -mmp 0 -ot _exps=CPU -d 1024;sweep LLAMA_TEMPORAL_SPINNERS",0.3075,31911424
decode,qwen3moe-rand-fine-Q4pure.gguf,deploy,laptop-windows-cpu,,1024,,18.7551,2563,"[provisional: Defender exclusions recorded by Defender event 5007 on 2026-09-15, Get-MpPreference paste pending; gates in x86 form (Windows gate definition, ruling 2026-09-20)] [ok] R=18;twopass=1;depth=1024;cap=4G;memtotal_mb=16167;round=2;fetches=147738;fetched_mib=31163.5;evictions=145308;swaps=46081;clock_probe=36.107569;clock_ref=36.91771;vmhwm_mib=VmHWM;read_bytes=32886041408;binary=99225874a8f0;tag=w1;flags=LLAMA_TEMPORAL_FETCH_THREADS=6 LLAMA_TEMPORAL_MADV_FREE=1 LLAMA_TEMPORAL_ODIRECT=1 LLAMA_TEMPORAL_R=18 LLAMA_TEMPORAL_REPACK=1 LLAMA_TEMPORAL_REPACK_FILE=C:\tmoe\models\qwen3moe-rand-fine-Q4pure-repacked.bin LLAMA_TEMPORAL_SPINNERS=6 LLAMA_TEMPORAL_SPIN_US=5000 LLAMA_TEMPORAL_SPLIT=1 LLAMA_TEMPORAL_TWOPASS=1;args=-t 4 -p 0 -n 128 -r 8 -mmp 0 -ot _exps=CPU -d 1024;sweep LLAMA_TEMPORAL_SPINNERS",0.1981,31911424
decode,qwen3moe-rand-fine-Q4pure.gguf,deploy,laptop-windows-cpu,,1024,,18.7585,2563,"[provisional: Defender exclusions recorded by Defender event 5007 on 2026-09-15, Get-MpPreference paste pending; gates in x86 form (Windows gate definition, ruling 2026-09-20)] [ok] R=18;twopass=1;depth=1024;cap=4G;memtotal_mb=16167;round=3;fetches=147738;fetched_mib=31163.5;evictions=145308;swaps=46081;clock_probe=35.994217;clock_ref=36.91771;vmhwm_mib=VmHWM;read_bytes=32886041408;binary=99225874a8f0;tag=w1;flags=LLAMA_TEMPORAL_FETCH_THREADS=6 LLAMA_TEMPORAL_MADV_FREE=1 LLAMA_TEMPORAL_ODIRECT=1 LLAMA_TEMPORAL_R=18 LLAMA_TEMPORAL_REPACK=1 LLAMA_TEMPORAL_REPACK_FILE=C:\tmoe\models\qwen3moe-rand-fine-Q4pure-repacked.bin LLAMA_TEMPORAL_SPINNERS=2 LLAMA_TEMPORAL_SPIN_US=5000 LLAMA_TEMPORAL_SPLIT=1 LLAMA_TEMPORAL_TWOPASS=1;args=-t 4 -p 0 -n 128 -r 8 -mmp 0 -ot _exps=CPU -d 1024;sweep LLAMA_TEMPORAL_SPINNERS",0.1897,31911424
decode,qwen3moe-rand-fine-Q4pure.gguf,deploy,laptop-windows-cpu,,1024,,18.7534,2563,"[provisional: Defender exclusions recorded by Defender event 5007 on 2026-09-15, Get-MpPreference paste pending; gates in x86 form (Windows gate definition, ruling 2026-09-20)] [ok] R=18;twopass=1;depth=1024;cap=4G;memtotal_mb=16167;round=3;fetches=147738;fetched_mib=31163.5;evictions=145308;swaps=46081;clock_probe=36.246018;clock_ref=36.91771;vmhwm_mib=VmHWM;read_bytes=32828975936;binary=99225874a8f0;tag=w1;flags=LLAMA_TEMPORAL_FETCH_THREADS=6 LLAMA_TEMPORAL_MADV_FREE=1 LLAMA_TEMPORAL_ODIRECT=1 LLAMA_TEMPORAL_R=18 LLAMA_TEMPORAL_REPACK=1 LLAMA_TEMPORAL_REPACK_FILE=C:\tmoe\models\qwen3moe-rand-fine-Q4pure-repacked.bin LLAMA_TEMPORAL_SPINNERS=6 LLAMA_TEMPORAL_SPIN_US=5000 LLAMA_TEMPORAL_SPLIT=1 LLAMA_TEMPORAL_TWOPASS=1;args=-t 4 -p 0 -n 128 -r 8 -mmp 0 -ot _exps=CPU -d 1024;sweep LLAMA_TEMPORAL_SPINNERS",0.1659,31911424
decode,qwen3moe-rand-fine-Q4pure.gguf,deploy,laptop-windows-cpu,,1024,,18.7765,2563,"[provisional: Defender exclusions recorded by Defender event 5007 on 2026-09-15, Get-MpPreference paste pending; gates in x86 form (Windows gate definition, ruling 2026-09-20)] [ok] R=18;twopass=1;depth=1024;cap=4G;memtotal_mb=16167;round=1;fetches=147738;fetched_mib=31163.5;evictions=145308;swaps=46081;clock_probe=35.99775;clock_ref=36.91771;vmhwm_mib=VmHWM;read_bytes=32886041408;binary=99225874a8f0;tag=w1;flags=LLAMA_TEMPORAL_FETCH_THREADS=6 LLAMA_TEMPORAL_MADV_FREE=1 LLAMA_TEMPORAL_ODIRECT=1 LLAMA_TEMPORAL_R=18 LLAMA_TEMPORAL_REPACK=1 LLAMA_TEMPORAL_REPACK_FILE=C:\tmoe\models\qwen3moe-rand-fine-Q4pure-repacked.bin LLAMA_TEMPORAL_SPIN_US=5000 LLAMA_TEMPORAL_SPLIT=1 LLAMA_TEMPORAL_TWOPASS=1;args=-t 4 -p 0 -n 128 -r 8 -mmp 0 -ot _exps=CPU -d 1024;sweep LLAMA_TEMPORAL_EVICT_DEFER",0.2129,31911424
decode,qwen3moe-rand-fine-Q4pure.gguf,deploy,laptop-windows-cpu,,1024,,19.1616,2563,"[provisional: Defender exclusions recorded by Defender event 5007 on 2026-09-15, Get-MpPreference paste pending; gates in x86 form (Windows gate definition, ruling 2026-09-20)] [ok] R=18;twopass=1;depth=1024;cap=4G;memtotal_mb=16167;round=1;fetches=147738;fetched_mib=31163.5;evictions=145308;swaps=46081;clock_probe=36.762633;clock_ref=36.91771;vmhwm_mib=VmHWM;read_bytes=32886041408;binary=99225874a8f0;tag=w1;flags=LLAMA_TEMPORAL_EVICT_DEFER=1 LLAMA_TEMPORAL_FETCH_THREADS=6 LLAMA_TEMPORAL_MADV_FREE=1 LLAMA_TEMPORAL_ODIRECT=1 LLAMA_TEMPORAL_R=18 LLAMA_TEMPORAL_REPACK=1 LLAMA_TEMPORAL_REPACK_FILE=C:\tmoe\models\qwen3moe-rand-fine-Q4pure-repacked.bin LLAMA_TEMPORAL_SPIN_US=5000 LLAMA_TEMPORAL_SPLIT=1 LLAMA_TEMPORAL_TWOPASS=1;args=-t 4 -p 0 -n 128 -r 8 -mmp 0 -ot _exps=CPU -d 1024;sweep LLAMA_TEMPORAL_EVICT_DEFER",0.1931,31911424
decode,qwen3moe-rand-fine-Q4pure.gguf,deploy,laptop-windows-cpu,,1024,,18.7524,2563,"[provisional: Defender exclusions recorded by Defender event 5007 on 2026-09-15, Get-MpPreference paste pending; gates in x86 form (Windows gate definition, ruling 2026-09-20)] [ok] R=18;twopass=1;depth=1024;cap=4G;memtotal_mb=16167;round=2;fetches=147738;fetched_mib=31163.5;evictions=145308;swaps=46081;clock_probe=36.601084;clock_ref=36.91771;vmhwm_mib=VmHWM;read_bytes=32886041408;binary=99225874a8f0;tag=w1;flags=LLAMA_TEMPORAL_FETCH_THREADS=6 LLAMA_TEMPORAL_MADV_FREE=1 LLAMA_TEMPORAL_ODIRECT=1 LLAMA_TEMPORAL_R=18 LLAMA_TEMPORAL_REPACK=1 LLAMA_TEMPORAL_REPACK_FILE=C:\tmoe\models\qwen3moe-rand-fine-Q4pure-repacked.bin LLAMA_TEMPORAL_SPIN_US=5000 LLAMA_TEMPORAL_SPLIT=1 LLAMA_TEMPORAL_TWOPASS=1;args=-t 4 -p 0 -n 128 -r 8 -mmp 0 -ot _exps=CPU -d 1024;sweep LLAMA_TEMPORAL_EVICT_DEFER",0.1689,31911424
decode,qwen3moe-rand-fine-Q4pure.gguf,deploy,laptop-windows-cpu,,1024,,19.1095,2563,"[provisional: Defender exclusions recorded by Defender event 5007 on 2026-09-15, Get-MpPreference paste pending; gates in x86 form (Windows gate definition, ruling 2026-09-20)] [ok] R=18;twopass=1;depth=1024;cap=4G;memtotal_mb=16167;round=2;fetches=147738;fetched_mib=31163.5;evictions=145308;swaps=46081;clock_probe=36.432044;clock_ref=36.91771;vmhwm_mib=VmHWM;read_bytes=32811723584;binary=99225874a8f0;tag=w1;flags=LLAMA_TEMPORAL_EVICT_DEFER=1 LLAMA_TEMPORAL_FETCH_THREADS=6 LLAMA_TEMPORAL_MADV_FREE=1 LLAMA_TEMPORAL_ODIRECT=1 LLAMA_TEMPORAL_R=18 LLAMA_TEMPORAL_REPACK=1 LLAMA_TEMPORAL_REPACK_FILE=C:\tmoe\models\qwen3moe-rand-fine-Q4pure-repacked.bin LLAMA_TEMPORAL_SPIN_US=5000 LLAMA_TEMPORAL_SPLIT=1 LLAMA_TEMPORAL_TWOPASS=1;args=-t 4 -p 0 -n 128 -r 8 -mmp 0 -ot _exps=CPU -d 1024;sweep LLAMA_TEMPORAL_EVICT_DEFER",0.1696,31911424
decode,qwen3moe-rand-fine-Q4pure.gguf,deploy,laptop-windows-cpu,,1024,,18.7224,2563,"[provisional: Defender exclusions recorded by Defender event 5007 on 2026-09-15, Get-MpPreference paste pending; gates in x86 form (Windows gate definition, ruling 2026-09-20)] [ok] R=18;twopass=1;depth=1024;cap=4G;memtotal_mb=16167;round=3;fetches=147738;fetched_mib=31163.5;evictions=145308;swaps=46081;clock_probe=36.38735;clock_ref=36.91771;vmhwm_mib=VmHWM;read_bytes=32886041408;binary=99225874a8f0;tag=w1;flags=LLAMA_TEMPORAL_FETCH_THREADS=6 LLAMA_TEMPORAL_MADV_FREE=1 LLAMA_TEMPORAL_ODIRECT=1 LLAMA_TEMPORAL_R=18 LLAMA_TEMPORAL_REPACK=1 LLAMA_TEMPORAL_REPACK_FILE=C:\tmoe\models\qwen3moe-rand-fine-Q4pure-repacked.bin LLAMA_TEMPORAL_SPIN_US=5000 LLAMA_TEMPORAL_SPLIT=1 LLAMA_TEMPORAL_TWOPASS=1;args=-t 4 -p 0 -n 128 -r 8 -mmp 0 -ot _exps=CPU -d 1024;sweep LLAMA_TEMPORAL_EVICT_DEFER",0.1455,31911424
decode,qwen3moe-rand-fine-Q4pure.gguf,deploy,laptop-windows-cpu,,1024,,19.1214,2563,"[provisional: Defender exclusions recorded by Defender event 5007 on 2026-09-15, Get-MpPreference paste pending; gates in x86 form (Windows gate definition, ruling 2026-09-20)] [ok] R=18;twopass=1;depth=1024;cap=4G;memtotal_mb=16167;round=3;fetches=147738;fetched_mib=31163.5;evictions=145308;swaps=46081;clock_probe=36.214822;clock_ref=36.91771;vmhwm_mib=VmHWM;read_bytes=32801327936;binary=99225874a8f0;tag=w1;flags=LLAMA_TEMPORAL_EVICT_DEFER=1 LLAMA_TEMPORAL_FETCH_THREADS=6 LLAMA_TEMPORAL_MADV_FREE=1 LLAMA_TEMPORAL_ODIRECT=1 LLAMA_TEMPORAL_R=18 LLAMA_TEMPORAL_REPACK=1 LLAMA_TEMPORAL_REPACK_FILE=C:\tmoe\models\qwen3moe-rand-fine-Q4pure-repacked.bin LLAMA_TEMPORAL_SPIN_US=5000 LLAMA_TEMPORAL_SPLIT=1 LLAMA_TEMPORAL_TWOPASS=1;args=-t 4 -p 0 -n 128 -r 8 -mmp 0 -ot _exps=CPU -d 1024;sweep LLAMA_TEMPORAL_EVICT_DEFER",0.1376,31911424
decode,qwen3moe-rand-fine-Q4pure.gguf,deploy,laptop-windows-cpu,,1024,,18.7521,2563,"[provisional: Defender exclusions recorded by Defender event 5007 on 2026-09-15, Get-MpPreference paste pending; gates in x86 form (Windows gate definition, ruling 2026-09-20)] [ok] R=18;twopass=1;depth=1024;cap=4G;memtotal_mb=16167;round=1;fetches=147738;fetched_mib=31163.5;evictions=145308;swaps=46081;clock_probe=36.255659;clock_ref=36.91771;vmhwm_mib=VmHWM;read_bytes=32814377792;binary=99225874a8f0;tag=w1;flags=LLAMA_TEMPORAL_FETCH_THREADS=6 LLAMA_TEMPORAL_MADV_FREE=1 LLAMA_TEMPORAL_ODIRECT=1 LLAMA_TEMPORAL_R=18 LLAMA_TEMPORAL_REPACK=1 LLAMA_TEMPORAL_REPACK_FILE=C:\tmoe\models\qwen3moe-rand-fine-Q4pure-repacked.bin LLAMA_TEMPORAL_SPIN_US=5000 LLAMA_TEMPORAL_SPLIT=1 LLAMA_TEMPORAL_TWOPASS=1;args=-t 4 -p 0 -n 128 -r 8 -mmp 0 -ot _exps=CPU -d 1024;sweep LLAMA_TEMPORAL_JANITOR_NOLOCK",0.2311,31911424
decode,qwen3moe-rand-fine-Q4pure.gguf,deploy,laptop-windows-cpu,,1024,,18.9199,2563,"[provisional: Defender exclusions recorded by Defender event 5007 on 2026-09-15, Get-MpPreference paste pending; gates in x86 form (Windows gate definition, ruling 2026-09-20)] [ok] R=18;twopass=1;depth=1024;cap=4G;memtotal_mb=16167;round=1;fetches=147738;fetched_mib=31163.5;evictions=145308;swaps=46081;clock_probe=36.603693;clock_ref=36.91771;vmhwm_mib=VmHWM;read_bytes=32791374656;binary=99225874a8f0;tag=w1;flags=LLAMA_TEMPORAL_FETCH_THREADS=6 LLAMA_TEMPORAL_JANITOR_NOLOCK=1 LLAMA_TEMPORAL_MADV_FREE=1 LLAMA_TEMPORAL_ODIRECT=1 LLAMA_TEMPORAL_R=18 LLAMA_TEMPORAL_REPACK=1 LLAMA_TEMPORAL_REPACK_FILE=C:\tmoe\models\qwen3moe-rand-fine-Q4pure-repacked.bin LLAMA_TEMPORAL_SPIN_US=5000 LLAMA_TEMPORAL_SPLIT=1 LLAMA_TEMPORAL_TWOPASS=1;args=-t 4 -p 0 -n 128 -r 8 -mmp 0 -ot _exps=CPU -d 1024;sweep LLAMA_TEMPORAL_JANITOR_NOLOCK",0.1700,31911424
decode,qwen3moe-rand-fine-Q4pure.gguf,deploy,laptop-windows-cpu,,1024,,18.7862,2563,"[provisional: Defender exclusions recorded by Defender event 5007 on 2026-09-15, Get-MpPreference paste pending; gates in x86 form (Windows gate definition, ruling 2026-09-20)] [ok] R=18;twopass=1;depth=1024;cap=4G;memtotal_mb=16167;round=2;fetches=147738;fetched_mib=31163.5;evictions=145308;swaps=46081;clock_probe=36.307549;clock_ref=36.91771;vmhwm_mib=VmHWM;read_bytes=32867461952;binary=99225874a8f0;tag=w1;flags=LLAMA_TEMPORAL_FETCH_THREADS=6 LLAMA_TEMPORAL_MADV_FREE=1 LLAMA_TEMPORAL_ODIRECT=1 LLAMA_TEMPORAL_R=18 LLAMA_TEMPORAL_REPACK=1 LLAMA_TEMPORAL_REPACK_FILE=C:\tmoe\models\qwen3moe-rand-fine-Q4pure-repacked.bin LLAMA_TEMPORAL_SPIN_US=5000 LLAMA_TEMPORAL_SPLIT=1 LLAMA_TEMPORAL_TWOPASS=1;args=-t 4 -p 0 -n 128 -r 8 -mmp 0 -ot _exps=CPU -d 1024;sweep LLAMA_TEMPORAL_JANITOR_NOLOCK",0.1397,31911424
decode,qwen3moe-rand-fine-Q4pure.gguf,deploy,laptop-windows-cpu,,1024,,18.9153,2563,"[provisional: Defender exclusions recorded by Defender event 5007 on 2026-09-15, Get-MpPreference paste pending; gates in x86 form (Windows gate definition, ruling 2026-09-20)] [ok] R=18;twopass=1;depth=1024;cap=4G;memtotal_mb=16167;round=2;fetches=147732;fetched_mib=31162.2;evictions=145308;swaps=46081;clock_probe=35.957319;clock_ref=36.91771;vmhwm_mib=VmHWM;read_bytes=32850873152;binary=99225874a8f0;tag=w1;flags=LLAMA_TEMPORAL_FETCH_THREADS=6 LLAMA_TEMPORAL_JANITOR_NOLOCK=1 LLAMA_TEMPORAL_MADV_FREE=1 LLAMA_TEMPORAL_ODIRECT=1 LLAMA_TEMPORAL_R=18 LLAMA_TEMPORAL_REPACK=1 LLAMA_TEMPORAL_REPACK_FILE=C:\tmoe\models\qwen3moe-rand-fine-Q4pure-repacked.bin LLAMA_TEMPORAL_SPIN_US=5000 LLAMA_TEMPORAL_SPLIT=1 LLAMA_TEMPORAL_TWOPASS=1;args=-t 4 -p 0 -n 128 -r 8 -mmp 0 -ot _exps=CPU -d 1024;sweep LLAMA_TEMPORAL_JANITOR_NOLOCK",0.1046,31910092
decode,qwen3moe-rand-fine-Q4pure.gguf,deploy,laptop-windows-cpu,,1024,,18.5672,2563,"[provisional: Defender exclusions recorded by Defender event 5007 on 2026-09-15, Get-MpPreference paste pending; gates in x86 form (Windows gate definition, ruling 2026-09-20)] [ok] R=18;twopass=1;depth=1024;cap=4G;memtotal_mb=16167;round=3;fetches=147738;fetched_mib=31163.5;evictions=145308;swaps=46081;clock_probe=35.961768;clock_ref=36.91771;vmhwm_mib=VmHWM;read_bytes=32860826432;binary=99225874a8f0;tag=w1;flags=LLAMA_TEMPORAL_FETCH_THREADS=6 LLAMA_TEMPORAL_MADV_FREE=1 LLAMA_TEMPORAL_ODIRECT=1 LLAMA_TEMPORAL_R=18 LLAMA_TEMPORAL_REPACK=1 LLAMA_TEMPORAL_REPACK_FILE=C:\tmoe\models\qwen3moe-rand-fine-Q4pure-repacked.bin LLAMA_TEMPORAL_SPIN_US=5000 LLAMA_TEMPORAL_SPLIT=1 LLAMA_TEMPORAL_TWOPASS=1;args=-t 4 -p 0 -n 128 -r 8 -mmp 0 -ot _exps=CPU -d 1024;sweep LLAMA_TEMPORAL_JANITOR_NOLOCK",0.2746,31911424
decode,qwen3moe-rand-fine-Q4pure.gguf,deploy,laptop-windows-cpu,,1024,,18.9623,2563,"[provisional: Defender exclusions recorded by Defender event 5007 on 2026-09-15, Get-MpPreference paste pending; gates in x86 form (Windows gate definition, ruling 2026-09-20)] [ok] R=18;twopass=1;depth=1024;cap=4G;memtotal_mb=16167;round=3;fetches=147723;fetched_mib=31160.3;evictions=145308;swaps=46081;clock_probe=36.189189;clock_ref=36.91771;vmhwm_mib=VmHWM;read_bytes=32866798400;binary=99225874a8f0;tag=w1;flags=LLAMA_TEMPORAL_FETCH_THREADS=6 LLAMA_TEMPORAL_JANITOR_NOLOCK=1 LLAMA_TEMPORAL_MADV_FREE=1 LLAMA_TEMPORAL_ODIRECT=1 LLAMA_TEMPORAL_R=18 LLAMA_TEMPORAL_REPACK=1 LLAMA_TEMPORAL_REPACK_FILE=C:\tmoe\models\qwen3moe-rand-fine-Q4pure-repacked.bin LLAMA_TEMPORAL_SPIN_US=5000 LLAMA_TEMPORAL_SPLIT=1 LLAMA_TEMPORAL_TWOPASS=1;args=-t 4 -p 0 -n 128 -r 8 -mmp 0 -ot _exps=CPU -d 1024;sweep LLAMA_TEMPORAL_JANITOR_NOLOCK",0.2002,31908147
decode,qwen3moe-rand-fine-Q4pure.gguf,deploy,laptop-windows-cpu,,1024,,18.3652,2563,"[provisional: Defender exclusions recorded by Defender event 5007 on 2026-09-15, Get-MpPreference paste pending; gates in x86 form (Windows gate definition, ruling 2026-09-20)] [ok] R=18;twopass=1;depth=1024;cap=4G;memtotal_mb=16167;round=1;fetches=147738;fetched_mib=31163.5;evictions=145308;swaps=46081;clock_probe=36.063968;clock_ref=36.91771;vmhwm_mib=VmHWM;read_bytes=32807521088;binary=99225874a8f0;tag=w1;flags=LLAMA_TEMPORAL_FETCH_THREADS=4 LLAMA_TEMPORAL_MADV_FREE=1 LLAMA_TEMPORAL_ODIRECT=1 LLAMA_TEMPORAL_R=18 LLAMA_TEMPORAL_REPACK=1 LLAMA_TEMPORAL_REPACK_FILE=C:\tmoe\models\qwen3moe-rand-fine-Q4pure-repacked.bin LLAMA_TEMPORAL_SPIN_US=5000 LLAMA_TEMPORAL_SPLIT=1 LLAMA_TEMPORAL_TWOPASS=1;args=-t 4 -p 0 -n 128 -r 8 -mmp 0 -ot _exps=CPU -d 1024;sweep LLAMA_TEMPORAL_FETCH_THREADS",0.3437,31911424
decode,qwen3moe-rand-fine-Q4pure.gguf,deploy,laptop-windows-cpu,,1024,,18.7467,2563,"[provisional: Defender exclusions recorded by Defender event 5007 on 2026-09-15, Get-MpPreference paste pending; gates in x86 form (Windows gate definition, ruling 2026-09-20)] [ok] R=18;twopass=1;depth=1024;cap=4G;memtotal_mb=16167;round=1;fetches=147738;fetched_mib=31163.5;evictions=145308;swaps=46081;clock_probe=36.506734;clock_ref=36.91771;vmhwm_mib=VmHWM;read_bytes=32832957248;binary=99225874a8f0;tag=w1;flags=LLAMA_TEMPORAL_FETCH_THREADS=6 LLAMA_TEMPORAL_MADV_FREE=1 LLAMA_TEMPORAL_ODIRECT=1 LLAMA_TEMPORAL_R=18 LLAMA_TEMPORAL_REPACK=1 LLAMA_TEMPORAL_REPACK_FILE=C:\tmoe\models\qwen3moe-rand-fine-Q4pure-repacked.bin LLAMA_TEMPORAL_SPIN_US=5000 LLAMA_TEMPORAL_SPLIT=1 LLAMA_TEMPORAL_TWOPASS=1;args=-t 4 -p 0 -n 128 -r 8 -mmp 0 -ot _exps=CPU -d 1024;sweep LLAMA_TEMPORAL_FETCH_THREADS",0.2136,31911424
decode,qwen3moe-rand-fine-Q4pure.gguf,deploy,laptop-windows-cpu,,1024,,18.4925,2563,"[provisional: Defender exclusions recorded by Defender event 5007 on 2026-09-15, Get-MpPreference paste pending; gates in x86 form (Windows gate definition, ruling 2026-09-20)] [ok] R=18;twopass=1;depth=1024;cap=4G;memtotal_mb=16167;round=1;fetches=147738;fetched_mib=31163.5;evictions=145308;swaps=46081;clock_probe=36.488313;clock_ref=36.91771;vmhwm_mib=VmHWM;read_bytes=32886041408;binary=99225874a8f0;tag=w1;flags=LLAMA_TEMPORAL_FETCH_THREADS=8 LLAMA_TEMPORAL_MADV_FREE=1 LLAMA_TEMPORAL_ODIRECT=1 LLAMA_TEMPORAL_R=18 LLAMA_TEMPORAL_REPACK=1 LLAMA_TEMPORAL_REPACK_FILE=C:\tmoe\models\qwen3moe-rand-fine-Q4pure-repacked.bin LLAMA_TEMPORAL_SPIN_US=5000 LLAMA_TEMPORAL_SPLIT=1 LLAMA_TEMPORAL_TWOPASS=1;args=-t 4 -p 0 -n 128 -r 8 -mmp 0 -ot _exps=CPU -d 1024;sweep LLAMA_TEMPORAL_FETCH_THREADS",0.4336,31911424
decode,qwen3moe-rand-fine-Q4pure.gguf,deploy,laptop-windows-cpu,,1024,,18.5309,2563,"[provisional: Defender exclusions recorded by Defender event 5007 on 2026-09-15, Get-MpPreference paste pending; gates in x86 form (Windows gate definition, ruling 2026-09-20)] [ok] R=18;twopass=1;depth=1024;cap=4G;memtotal_mb=16167;round=1;fetches=147738;fetched_mib=31163.5;evictions=145308;swaps=46081;clock_probe=36.508774;clock_ref=36.91771;vmhwm_mib=VmHWM;read_bytes=32798452544;binary=99225874a8f0;tag=w1;flags=LLAMA_TEMPORAL_FETCH_THREADS=12 LLAMA_TEMPORAL_MADV_FREE=1 LLAMA_TEMPORAL_ODIRECT=1 LLAMA_TEMPORAL_R=18 LLAMA_TEMPORAL_REPACK=1 LLAMA_TEMPORAL_REPACK_FILE=C:\tmoe\models\qwen3moe-rand-fine-Q4pure-repacked.bin LLAMA_TEMPORAL_SPIN_US=5000 LLAMA_TEMPORAL_SPLIT=1 LLAMA_TEMPORAL_TWOPASS=1;args=-t 4 -p 0 -n 128 -r 8 -mmp 0 -ot _exps=CPU -d 1024;sweep LLAMA_TEMPORAL_FETCH_THREADS",0.1795,31911424
decode,qwen3moe-rand-fine-Q4pure.gguf,deploy,laptop-windows-cpu,,1024,,18.4031,2563,"[provisional: Defender exclusions recorded by Defender event 5007 on 2026-09-15, Get-MpPreference paste pending; gates in x86 form (Windows gate definition, ruling 2026-09-20)] [ok] R=18;twopass=1;depth=1024;cap=4G;memtotal_mb=16167;round=2;fetches=147738;fetched_mib=31163.5;evictions=145308;swaps=46081;clock_probe=36.129005;clock_ref=36.91771;vmhwm_mib=VmHWM;read_bytes=32856845120;binary=99225874a8f0;tag=w1;flags=LLAMA_TEMPORAL_FETCH_THREADS=4 LLAMA_TEMPORAL_MADV_FREE=1 LLAMA_TEMPORAL_ODIRECT=1 LLAMA_TEMPORAL_R=18 LLAMA_TEMPORAL_REPACK=1 LLAMA_TEMPORAL_REPACK_FILE=C:\tmoe\models\qwen3moe-rand-fine-Q4pure-repacked.bin LLAMA_TEMPORAL_SPIN_US=5000 LLAMA_TEMPORAL_SPLIT=1 LLAMA_TEMPORAL_TWOPASS=1;args=-t 4 -p 0 -n 128 -r 8 -mmp 0 -ot _exps=CPU -d 1024;sweep LLAMA_TEMPORAL_FETCH_THREADS",0.3693,31911424
decode,qwen3moe-rand-fine-Q4pure.gguf,deploy,laptop-windows-cpu,,1024,,18.7839,2563,"[provisional: Defender exclusions recorded by Defender event 5007 on 2026-09-15, Get-MpPreference paste pending; gates in x86 form (Windows gate definition, ruling 2026-09-20)] [ok] R=18;twopass=1;depth=1024;cap=4G;memtotal_mb=16167;round=2;fetches=147738;fetched_mib=31163.5;evictions=145308;swaps=46081;clock_probe=36.449884;clock_ref=36.91771;vmhwm_mib=VmHWM;read_bytes=32886041408;binary=99225874a8f0;tag=w1;flags=LLAMA_TEMPORAL_FETCH_THREADS=6 LLAMA_TEMPORAL_MADV_FREE=1 LLAMA_TEMPORAL_ODIRECT=1 LLAMA_TEMPORAL_R=18 LLAMA_TEMPORAL_REPACK=1 LLAMA_TEMPORAL_REPACK_FILE=C:\tmoe\models\qwen3moe-rand-fine-Q4pure-repacked.bin LLAMA_TEMPORAL_SPIN_US=5000 LLAMA_TEMPORAL_SPLIT=1 LLAMA_TEMPORAL_TWOPASS=1;args=-t 4 -p 0 -n 128 -r 8 -mmp 0 -ot _exps=CPU -d 1024;sweep LLAMA_TEMPORAL_FETCH_THREADS",0.1281,31911424
decode,qwen3moe-rand-fine-Q4pure.gguf,deploy,laptop-windows-cpu,,1024,,18.7014,2563,"[provisional: Defender exclusions recorded by Defender event 5007 on 2026-09-15, Get-MpPreference paste pending; gates in x86 form (Windows gate definition, ruling 2026-09-20)] [ok] R=18;twopass=1;depth=1024;cap=4G;memtotal_mb=16167;round=2;fetches=147738;fetched_mib=31163.5;evictions=145308;swaps=46081;clock_probe=36.008716;clock_ref=36.91771;vmhwm_mib=VmHWM;read_bytes=32858172224;binary=99225874a8f0;tag=w1;flags=LLAMA_TEMPORAL_FETCH_THREADS=8 LLAMA_TEMPORAL_MADV_FREE=1 LLAMA_TEMPORAL_ODIRECT=1 LLAMA_TEMPORAL_R=18 LLAMA_TEMPORAL_REPACK=1 LLAMA_TEMPORAL_REPACK_FILE=C:\tmoe\models\qwen3moe-rand-fine-Q4pure-repacked.bin LLAMA_TEMPORAL_SPIN_US=5000 LLAMA_TEMPORAL_SPLIT=1 LLAMA_TEMPORAL_TWOPASS=1;args=-t 4 -p 0 -n 128 -r 8 -mmp 0 -ot _exps=CPU -d 1024;sweep LLAMA_TEMPORAL_FETCH_THREADS",0.1776,31911424
decode,qwen3moe-rand-fine-Q4pure.gguf,deploy,laptop-windows-cpu,,1024,,18.5822,2563,"[provisional: Defender exclusions recorded by Defender event 5007 on 2026-09-15, Get-MpPreference paste pending; gates in x86 form (Windows gate definition, ruling 2026-09-20)] [ok] R=18;twopass=1;depth=1024;cap=4G;memtotal_mb=16167;round=2;fetches=147738;fetched_mib=31163.5;evictions=145308;swaps=46081;clock_probe=35.871629;clock_ref=36.91771;vmhwm_mib=VmHWM;read_bytes=32886041408;binary=99225874a8f0;tag=w1;flags=LLAMA_TEMPORAL_FETCH_THREADS=12 LLAMA_TEMPORAL_MADV_FREE=1 LLAMA_TEMPORAL_ODIRECT=1 LLAMA_TEMPORAL_R=18 LLAMA_TEMPORAL_REPACK=1 LLAMA_TEMPORAL_REPACK_FILE=C:\tmoe\models\qwen3moe-rand-fine-Q4pure-repacked.bin LLAMA_TEMPORAL_SPIN_US=5000 LLAMA_TEMPORAL_SPLIT=1 LLAMA_TEMPORAL_TWOPASS=1;args=-t 4 -p 0 -n 128 -r 8 -mmp 0 -ot _exps=CPU -d 1024;sweep LLAMA_TEMPORAL_FETCH_THREADS",0.1309,31911424
decode,qwen3moe-rand-fine-Q4pure.gguf,deploy,laptop-windows-cpu,,1024,,18.5555,2563,"[provisional: Defender exclusions recorded by Defender event 5007 on 2026-09-15, Get-MpPreference paste pending; gates in x86 form (Windows gate definition, ruling 2026-09-20)] [ok] R=18;twopass=1;depth=1024;cap=4G;memtotal_mb=16167;round=3;fetches=147738;fetched_mib=31163.5;evictions=145308;swaps=46081;clock_probe=36.10552;clock_ref=36.91771;vmhwm_mib=VmHWM;read_bytes=32879627072;binary=99225874a8f0;tag=w1;flags=LLAMA_TEMPORAL_FETCH_THREADS=4 LLAMA_TEMPORAL_MADV_FREE=1 LLAMA_TEMPORAL_ODIRECT=1 LLAMA_TEMPORAL_R=18 LLAMA_TEMPORAL_REPACK=1 LLAMA_TEMPORAL_REPACK_FILE=C:\tmoe\models\qwen3moe-rand-fine-Q4pure-repacked.bin LLAMA_TEMPORAL_SPIN_US=5000 LLAMA_TEMPORAL_SPLIT=1 LLAMA_TEMPORAL_TWOPASS=1;args=-t 4 -p 0 -n 128 -r 8 -mmp 0 -ot _exps=CPU -d 1024;sweep LLAMA_TEMPORAL_FETCH_THREADS",0.1024,31911424
decode,qwen3moe-rand-fine-Q4pure.gguf,deploy,laptop-windows-cpu,,1024,,18.7857,2563,"[provisional: Defender exclusions recorded by Defender event 5007 on 2026-09-15, Get-MpPreference paste pending; gates in x86 form (Windows gate definition, ruling 2026-09-20)] [ok] R=18;twopass=1;depth=1024;cap=4G;memtotal_mb=16167;round=3;fetches=147738;fetched_mib=31163.5;evictions=145308;swaps=46081;clock_probe=36.225445;clock_ref=36.91771;vmhwm_mib=VmHWM;read_bytes=32844901184;binary=99225874a8f0;tag=w1;flags=LLAMA_TEMPORAL_FETCH_THREADS=6 LLAMA_TEMPORAL_MADV_FREE=1 LLAMA_TEMPORAL_ODIRECT=1 LLAMA_TEMPORAL_R=18 LLAMA_TEMPORAL_REPACK=1 LLAMA_TEMPORAL_REPACK_FILE=C:\tmoe\models\qwen3moe-rand-fine-Q4pure-repacked.bin LLAMA_TEMPORAL_SPIN_US=5000 LLAMA_TEMPORAL_SPLIT=1 LLAMA_TEMPORAL_TWOPASS=1;args=-t 4 -p 0 -n 128 -r 8 -mmp 0 -ot _exps=CPU -d 1024;sweep LLAMA_TEMPORAL_FETCH_THREADS",0.2523,31911424
decode,qwen3moe-rand-fine-Q4pure.gguf,deploy,laptop-windows-cpu,,1024,,18.6123,2563,"[provisional: Defender exclusions recorded by Defender event 5007 on 2026-09-15, Get-MpPreference paste pending; gates in x86 form (Windows gate definition, ruling 2026-09-20)] [ok] R=18;twopass=1;depth=1024;cap=4G;memtotal_mb=16167;round=3;fetches=147738;fetched_mib=31163.5;evictions=145308;swaps=46081;clock_probe=37.087917;clock_ref=37.087917;vmhwm_mib=VmHWM;read_bytes=32856181568;binary=99225874a8f0;tag=w1;flags=LLAMA_TEMPORAL_FETCH_THREADS=8 LLAMA_TEMPORAL_MADV_FREE=1 LLAMA_TEMPORAL_ODIRECT=1 LLAMA_TEMPORAL_R=18 LLAMA_TEMPORAL_REPACK=1 LLAMA_TEMPORAL_REPACK_FILE=C:\tmoe\models\qwen3moe-rand-fine-Q4pure-repacked.bin LLAMA_TEMPORAL_SPIN_US=5000 LLAMA_TEMPORAL_SPLIT=1 LLAMA_TEMPORAL_TWOPASS=1;args=-t 4 -p 0 -n 128 -r 8 -mmp 0 -ot _exps=CPU -d 1024;sweep LLAMA_TEMPORAL_FETCH_THREADS",0.2939,31911424
decode,qwen3moe-rand-fine-Q4pure.gguf,deploy,laptop-windows-cpu,,1024,,18.5398,2563,"[provisional: Defender exclusions recorded by Defender event 5007 on 2026-09-15, Get-MpPreference paste pending; gates in x86 form (Windows gate definition, ruling 2026-09-20)] [ok] R=18;twopass=1;depth=1024;cap=4G;memtotal_mb=16167;round=3;fetches=147738;fetched_mib=31163.5;evictions=145308;swaps=46081;clock_probe=36.203015;clock_ref=37.087917;vmhwm_mib=VmHWM;read_bytes=32886041408;binary=99225874a8f0;tag=w1;flags=LLAMA_TEMPORAL_FETCH_THREADS=12 LLAMA_TEMPORAL_MADV_FREE=1 LLAMA_TEMPORAL_ODIRECT=1 LLAMA_TEMPORAL_R=18 LLAMA_TEMPORAL_REPACK=1 LLAMA_TEMPORAL_REPACK_FILE=C:\tmoe\models\qwen3moe-rand-fine-Q4pure-repacked.bin LLAMA_TEMPORAL_SPIN_US=5000 LLAMA_TEMPORAL_SPLIT=1 LLAMA_TEMPORAL_TWOPASS=1;args=-t 4 -p 0 -n 128 -r 8 -mmp 0 -ot _exps=CPU -d 1024;sweep LLAMA_TEMPORAL_FETCH_THREADS",0.1478,31911424
decode,qwen3moe-rand-fine-Q4pure.gguf,ceiling,laptop-windows-cpu,,1024,,28.3654,5968,"[provisional: Defender exclusions recorded by Defender event 5007 on 2026-09-15, Get-MpPreference paste pending; gates in x86 form (Windows gate definition, ruling 2026-09-20)] [ok] R=192;twopass=0;depth=1024;cap=12G;memtotal_mb=16167;round=1;fetches=0;fetched_mib=0.0;evictions=0;swaps=0;clock_probe=36.587558;clock_ref=36.587558;vmhwm_mib=VmHWM;read_bytes=5941848896;binary=99225874a8f0;tag=w2;flags=LLAMA_TEMPORAL_FETCH_THREADS=6 LLAMA_TEMPORAL_MADV_FREE=1 LLAMA_TEMPORAL_ODIRECT=1 LLAMA_TEMPORAL_R=192 LLAMA_TEMPORAL_REPACK=1 LLAMA_TEMPORAL_REPACK_FILE=C:\tmoe\models\qwen3moe-rand-fine-Q4pure-repacked.bin LLAMA_TEMPORAL_SPIN_US=5000 LLAMA_TEMPORAL_SPLIT=1;args=-t 4 -p 0 -n 128 -r 8 -mmp 0 -ot _exps=CPU -d 1024",0.3646,0
decode,qwen3moe-rand-fine-Q4pure.gguf,resident_control,laptop-windows-cpu,,1024,,19.5004,5971,"[provisional: Defender exclusions recorded by Defender event 5007 on 2026-09-15, Get-MpPreference paste pending; gates in x86 form (Windows gate definition, ruling 2026-09-20)] [ok] R=192;twopass=1;depth=1024;cap=12G;memtotal_mb=16167;round=1;fetches=114807;fetched_mib=24217.1;evictions=138243;swaps=46081;clock_probe=36.513224;clock_ref=36.587558;vmhwm_mib=VmHWM;read_bytes=31277591360;binary=99225874a8f0;tag=w2;flags=LLAMA_TEMPORAL_FETCH_THREADS=6 LLAMA_TEMPORAL_MADV_FREE=1 LLAMA_TEMPORAL_ODIRECT=1 LLAMA_TEMPORAL_R=192 LLAMA_TEMPORAL_REPACK=1 LLAMA_TEMPORAL_REPACK_FILE=C:\tmoe\models\qwen3moe-rand-fine-Q4pure-repacked.bin LLAMA_TEMPORAL_SPIN_US=5000 LLAMA_TEMPORAL_SPLIT=1 LLAMA_TEMPORAL_TWOPASS=1;args=-t 4 -p 0 -n 128 -r 8 -mmp 0 -ot _exps=CPU -d 1024",1.4197,24798310
decode,qwen3moe-rand-fine-Q4pure.gguf,deploy,laptop-windows-cpu,,1024,,18.6829,2563,"[provisional: Defender exclusions recorded by Defender event 5007 on 2026-09-15, Get-MpPreference paste pending; gates in x86 form (Windows gate definition, ruling 2026-09-20)] [ok] R=18;twopass=1;depth=1024;cap=4G;memtotal_mb=16167;round=1;fetches=147738;fetched_mib=31163.5;evictions=145308;swaps=46081;clock_probe=36.062353;clock_ref=36.587558;vmhwm_mib=VmHWM;read_bytes=32846228288;binary=99225874a8f0;tag=w2;flags=LLAMA_TEMPORAL_FETCH_THREADS=6 LLAMA_TEMPORAL_MADV_FREE=1 LLAMA_TEMPORAL_ODIRECT=1 LLAMA_TEMPORAL_R=18 LLAMA_TEMPORAL_REPACK=1 LLAMA_TEMPORAL_REPACK_FILE=C:\tmoe\models\qwen3moe-rand-fine-Q4pure-repacked.bin LLAMA_TEMPORAL_SPIN_US=5000 LLAMA_TEMPORAL_SPLIT=1 LLAMA_TEMPORAL_TWOPASS=1;args=-t 4 -p 0 -n 128 -r 8 -mmp 0 -ot _exps=CPU -d 1024",0.2276,31911424
decode,qwen3moe-rand-fine-Q4pure.gguf,ceiling,laptop-windows-cpu,,1024,,28.6310,5968,"[provisional: Defender exclusions recorded by Defender event 5007 on 2026-09-15, Get-MpPreference paste pending; gates in x86 form (Windows gate definition, ruling 2026-09-20)] [ok] R=192;twopass=0;depth=1024;cap=12G;memtotal_mb=16167;round=2;fetches=0;fetched_mib=0.0;evictions=0;swaps=0;clock_probe=35.783583;clock_ref=36.587558;vmhwm_mib=VmHWM;read_bytes=5941848896;binary=99225874a8f0;tag=w2;flags=LLAMA_TEMPORAL_FETCH_THREADS=6 LLAMA_TEMPORAL_MADV_FREE=1 LLAMA_TEMPORAL_ODIRECT=1 LLAMA_TEMPORAL_R=192 LLAMA_TEMPORAL_REPACK=1 LLAMA_TEMPORAL_REPACK_FILE=C:\tmoe\models\qwen3moe-rand-fine-Q4pure-repacked.bin LLAMA_TEMPORAL_SPIN_US=5000 LLAMA_TEMPORAL_SPLIT=1;args=-t 4 -p 0 -n 128 -r 8 -mmp 0 -ot _exps=CPU -d 1024",0.3001,0
decode,qwen3moe-rand-fine-Q4pure.gguf,resident_control,laptop-windows-cpu,,1024,,19.5278,5972,"[provisional: Defender exclusions recorded by Defender event 5007 on 2026-09-15, Get-MpPreference paste pending; gates in x86 form (Windows gate definition, ruling 2026-09-20)] [ok] R=192;twopass=1;depth=1024;cap=12G;memtotal_mb=16167;round=2;fetches=114807;fetched_mib=24217.1;evictions=138243;swaps=46081;clock_probe=35.83199;clock_ref=36.587558;vmhwm_mib=VmHWM;read_bytes=31335320384;binary=99225874a8f0;tag=w2;flags=LLAMA_TEMPORAL_FETCH_THREADS=6 LLAMA_TEMPORAL_MADV_FREE=1 LLAMA_TEMPORAL_ODIRECT=1 LLAMA_TEMPORAL_R=192 LLAMA_TEMPORAL_REPACK=1 LLAMA_TEMPORAL_REPACK_FILE=C:\tmoe\models\qwen3moe-rand-fine-Q4pure-repacked.bin LLAMA_TEMPORAL_SPIN_US=5000 LLAMA_TEMPORAL_SPLIT=1 LLAMA_TEMPORAL_TWOPASS=1;args=-t 4 -p 0 -n 128 -r 8 -mmp 0 -ot _exps=CPU -d 1024",1.3864,24798310
decode,qwen3moe-rand-fine-Q4pure.gguf,deploy,laptop-windows-cpu,,1024,,18.5639,2563,"[provisional: Defender exclusions recorded by Defender event 5007 on 2026-09-15, Get-MpPreference paste pending; gates in x86 form (Windows gate definition, ruling 2026-09-20)] [ok] R=18;twopass=1;depth=1024;cap=4G;memtotal_mb=16167;round=2;fetches=147738;fetched_mib=31163.5;evictions=145308;swaps=46081;clock_probe=36.614947;clock_ref=36.614947;vmhwm_mib=VmHWM;read_bytes=32856181568;binary=99225874a8f0;tag=w2;flags=LLAMA_TEMPORAL_FETCH_THREADS=6 LLAMA_TEMPORAL_MADV_FREE=1 LLAMA_TEMPORAL_ODIRECT=1 LLAMA_TEMPORAL_R=18 LLAMA_TEMPORAL_REPACK=1 LLAMA_TEMPORAL_REPACK_FILE=C:\tmoe\models\qwen3moe-rand-fine-Q4pure-repacked.bin LLAMA_TEMPORAL_SPIN_US=5000 LLAMA_TEMPORAL_SPLIT=1 LLAMA_TEMPORAL_TWOPASS=1;args=-t 4 -p 0 -n 128 -r 8 -mmp 0 -ot _exps=CPU -d 1024",0.3699,31911424
decode,qwen3moe-rand-fine-Q4pure.gguf,ceiling,laptop-windows-cpu,,1024,,29.1520,5968,"[provisional: Defender exclusions recorded by Defender event 5007 on 2026-09-15, Get-MpPreference paste pending; gates in x86 form (Windows gate definition, ruling 2026-09-20)] [ok] R=192;twopass=0;depth=1024;cap=12G;memtotal_mb=16167;round=3;fetches=0;fetched_mib=0.0;evictions=0;swaps=0;clock_probe=36.600988;clock_ref=36.614947;vmhwm_mib=VmHWM;read_bytes=5941848896;binary=99225874a8f0;tag=w2;flags=LLAMA_TEMPORAL_FETCH_THREADS=6 LLAMA_TEMPORAL_MADV_FREE=1 LLAMA_TEMPORAL_ODIRECT=1 LLAMA_TEMPORAL_R=192 LLAMA_TEMPORAL_REPACK=1 LLAMA_TEMPORAL_REPACK_FILE=C:\tmoe\models\qwen3moe-rand-fine-Q4pure-repacked.bin LLAMA_TEMPORAL_SPIN_US=5000 LLAMA_TEMPORAL_SPLIT=1;args=-t 4 -p 0 -n 128 -r 8 -mmp 0 -ot _exps=CPU -d 1024",0.3111,0
decode,qwen3moe-rand-fine-Q4pure.gguf,resident_control,laptop-windows-cpu,,1024,,19.7868,5971,"[provisional: Defender exclusions recorded by Defender event 5007 on 2026-09-15, Get-MpPreference paste pending; gates in x86 form (Windows gate definition, ruling 2026-09-20)] [ok] R=192;twopass=1;depth=1024;cap=12G;memtotal_mb=16167;round=3;fetches=114807;fetched_mib=24217.1;evictions=138243;swaps=46081;clock_probe=35.674281;clock_ref=36.614947;vmhwm_mib=VmHWM;read_bytes=31333993280;binary=99225874a8f0;tag=w2;flags=LLAMA_TEMPORAL_FETCH_THREADS=6 LLAMA_TEMPORAL_MADV_FREE=1 LLAMA_TEMPORAL_ODIRECT=1 LLAMA_TEMPORAL_R=192 LLAMA_TEMPORAL_REPACK=1 LLAMA_TEMPORAL_REPACK_FILE=C:\tmoe\models\qwen3moe-rand-fine-Q4pure-repacked.bin LLAMA_TEMPORAL_SPIN_US=5000 LLAMA_TEMPORAL_SPLIT=1 LLAMA_TEMPORAL_TWOPASS=1;args=-t 4 -p 0 -n 128 -r 8 -mmp 0 -ot _exps=CPU -d 1024",1.5401,24798310
decode,qwen3moe-rand-fine-Q4pure.gguf,deploy,laptop-windows-cpu,,1024,,18.7630,2563,"[provisional: Defender exclusions recorded by Defender event 5007 on 2026-09-15, Get-MpPreference paste pending; gates in x86 form (Windows gate definition, ruling 2026-09-20)] [ok] R=18;twopass=1;depth=1024;cap=4G;memtotal_mb=16167;round=3;fetches=147738;fetched_mib=31163.5;evictions=145308;swaps=46081;clock_probe=36.22913;clock_ref=36.614947;vmhwm_mib=VmHWM;read_bytes=32886041408;binary=99225874a8f0;tag=w2;flags=LLAMA_TEMPORAL_FETCH_THREADS=6 LLAMA_TEMPORAL_MADV_FREE=1 LLAMA_TEMPORAL_ODIRECT=1 LLAMA_TEMPORAL_R=18 LLAMA_TEMPORAL_REPACK=1 LLAMA_TEMPORAL_REPACK_FILE=C:\tmoe\models\qwen3moe-rand-fine-Q4pure-repacked.bin LLAMA_TEMPORAL_SPIN_US=5000 LLAMA_TEMPORAL_SPLIT=1 LLAMA_TEMPORAL_TWOPASS=1;args=-t 4 -p 0 -n 128 -r 8 -mmp 0 -ot _exps=CPU -d 1024",0.2436,31911424
