cell,layer,expert,residency_share,selectivity_PRfrac,gate_when_selected,dist_to_centroid
L0_s1,2,0,0.11915,0.82954,0.0071,0.90015
L0_s1,2,1,0.05444,0.44607,0.01083,0.92246
L0_s1,2,2,0.06248,0.86565,0.00667,0.8589
L0_s1,2,3,0.04693,0.10874,0.02867,0.86835
L0_s1,2,4,0.09019,0.30649,0.01196,0.84067
L0_s1,2,5,0.12856,0.73564,0.0084,0.89242
L0_s1,2,6,0.05228,0.94909,0.00705,0.91218
L0_s1,2,7,0.09489,0.95648,0.00715,0.85099
L0_s1,2,8,0.03386,0.14737,0.02244,0.87705
L0_s1,2,9,0.06728,0.95296,0.00722,0.85812
L0_s1,2,10,0.09328,0.72502,0.00849,0.88419
L0_s1,2,11,0.07365,0.08538,0.02738,0.88648
L0_s1,2,12,0.12256,0.63824,0.00884,0.87203
L0_s1,2,13,0.04093,0.94991,0.00683,0.86596
L0_s1,2,14,0.1044,0.959,0.00734,0.9012
L0_s1,2,15,0.08241,0.12807,0.01848,0.85828
L0_s1,2,16,0.09591,0.56697,0.00747,0.87663
L0_s1,2,17,0.09023,0.84775,0.00707,0.92039
L0_s1,2,18,0.07838,0.6366,0.00773,0.89236
L0_s1,2,19,0.09119,0.89032,0.00637,0.88603
L0_s1,2,20,0.07436,0.95887,0.00742,0.86074
L0_s1,2,21,0.10828,0.67517,0.00831,0.905
L0_s1,2,22,0.07226,0.95958,0.00726,0.87302
L0_s1,2,23,0.0935,0.18924,0.01683,0.8746
L0_s1,2,24,0.12691,0.8879,0.00649,0.85137
L0_s1,2,25,0.04973,0.95547,0.00692,0.91983
L0_s1,2,26,0.06081,0.16922,0.01862,0.87153
L0_s1,2,27,0.08871,0.74184,0.0073,0.88689
L0_s1,2,28,0.10474,0.89889,0.00746,0.84246
L0_s1,2,29,0.08722,0.66229,0.00734,0.87143
L0_s1,2,30,0.12919,0.85382,0.00654,0.83827
L0_s1,2,31,0.16301,0.91212,0.00723,0.86635
L0_s1,2,32,0.08987,0.62949,0.00865,0.8707
L0_s1,2,33,0.09971,0.26176,0.01341,0.85873
L0_s1,2,34,0.10816,0.75923,0.00766,0.86884
L0_s1,2,35,0.07228,0.10535,0.02625,0.85963
L0_s1,2,36,0.06696,0.94581,0.00728,0.85203
L0_s1,2,37,0.10362,0.79228,0.00693,0.89587
L0_s1,2,38,0.1169,0.81859,0.00742,0.84134
L0_s1,2,39,0.07147,0.49677,0.00956,0.86982
L0_s1,2,40,0.12643,0.88298,0.00702,0.89231
L0_s1,2,41,0.09808,0.12946,0.01907,0.89279
L0_s1,2,42,0.13499,0.96283,0.00744,0.86941
L0_s1,2,43,0.0909,0.94763,0.00712,0.86426
L0_s1,2,44,0.08688,0.76631,0.00843,0.85888
L0_s1,2,45,0.06853,0.48912,0.01002,0.84789
L0_s1,2,46,0.06935,0.84907,0.00684,0.8752
L0_s1,2,47,0.11024,0.47514,0.00955,0.87019
L0_s1,2,48,0.12492,0.66185,0.00838,0.91869
L0_s1,2,49,0.10193,0.64605,0.00817,0.8996
L0_s1,2,50,0.13237,0.64958,0.00806,0.86232
L0_s1,2,51,0.10398,0.55852,0.00862,0.89227
L0_s1,2,52,0.13674,0.94593,0.00701,0.86058
L0_s1,2,53,0.09622,0.17905,0.01562,0.86199
L0_s1,2,54,0.10223,0.49701,0.00958,0.88332
L0_s1,2,55,0.12194,0.21289,0.01456,0.87881
L0_s1,2,56,0.09017,0.1398,0.02059,0.88308
L0_s1,2,57,0.05347,0.2061,0.01503,0.82682
L0_s1,2,58,0.12086,0.82975,0.00685,0.85821
L0_s1,2,59,0.09371,0.1164,0.02206,0.89162
L0_s1,2,60,0.14613,0.89016,0.00652,0.83477
L0_s1,2,61,0.14001,0.73707,0.00647,0.89211
L0_s1,2,62,0.11083,0.35961,0.01077,0.85028
L0_s1,2,63,0.03114,0.06259,0.04316,0.89934
L0_s1,2,64,0.10144,0.52349,0.00806,0.87658
L0_s1,2,65,0.08223,0.51695,0.00966,0.86275
L0_s1,2,66,0.09245,0.9482,0.00697,0.88718
L0_s1,2,67,0.0818,0.59367,0.00951,0.85387
L0_s1,2,68,0.06643,0.95026,0.00748,0.87022
L0_s1,2,69,0.07882,0.96174,0.0072,0.85929
L0_s1,2,70,0.07208,0.26851,0.01343,0.84557
L0_s1,2,71,0.08636,0.56081,0.01,0.9309
L0_s1,2,72,0.08323,0.24433,0.01647,0.9197
L0_s1,2,73,0.10584,0.85186,0.00697,0.92018
L0_s1,2,74,0.09621,0.17699,0.01574,0.88232
L0_s1,2,75,0.07079,0.72815,0.00807,0.90032
L0_s1,2,76,0.12934,0.59804,0.00729,0.90752
L0_s1,2,77,0.07522,0.46082,0.00942,0.87394
L0_s1,2,78,0.09525,0.26668,0.01119,0.89355
L0_s1,2,79,0.07755,0.12808,0.0206,0.87304
L0_s1,2,80,0.07619,0.12631,0.02463,0.89637
L0_s1,2,81,0.08385,0.1211,0.02758,0.86203
L0_s1,2,82,0.07684,0.39038,0.00956,0.87351
L0_s1,2,83,0.10368,0.57336,0.0083,0.87137
L0_s1,2,84,0.0766,0.13781,0.02541,0.87976
L0_s1,2,85,0.1355,0.94313,0.00657,0.92619
L0_s1,2,86,0.08136,0.36227,0.01274,0.8781
L0_s1,2,87,0.06207,0.93223,0.00664,0.8558
L0_s1,2,88,0.08898,0.15165,0.01801,0.89288
L0_s1,2,89,0.08837,0.96574,0.0069,0.89892
L0_s1,2,90,0.08544,0.77077,0.00808,0.88741
L0_s1,2,91,0.13235,0.36831,0.01127,0.88022
L0_s1,2,92,0.07487,0.9582,0.00716,0.86341
L0_s1,2,93,0.12946,0.68126,0.00953,0.86485
L0_s1,2,94,0.05191,0.12608,0.02206,0.85049
L0_s1,2,95,0.11092,0.85139,0.00737,0.8487
L0_s1,2,96,0.08824,0.31857,0.01043,0.86549
L0_s1,2,97,0.12556,0.24652,0.01223,0.8694
L0_s1,2,98,0.07908,0.45576,0.00923,0.89919
L0_s1,2,99,0.10606,0.5198,0.00926,0.85399
L0_s1,2,100,0.06312,0.7477,0.00837,0.96113
L0_s1,2,101,0.14784,0.74534,0.00816,0.90357
L0_s1,2,102,0.08997,0.44117,0.01065,0.89843
L0_s1,2,103,0.10203,0.44406,0.00957,0.8649
L0_s1,2,104,0.10856,0.65695,0.00754,0.88557
L0_s1,2,105,0.02505,0.09737,0.02871,0.90282
L0_s1,2,106,0.09692,0.36371,0.01012,0.89845
L0_s1,2,107,0.08508,0.41225,0.00912,0.87993
L0_s1,2,108,0.1033,0.53641,0.00894,0.8831
L0_s1,2,109,0.09975,0.94064,0.00651,0.922
L0_s1,2,110,0.04509,0.10642,0.02281,0.88704
L0_s1,2,111,0.12632,0.95784,0.00711,0.89446
L0_s1,2,112,0.12592,0.58319,0.00862,0.92294
L0_s1,2,113,0.12747,0.52427,0.00922,0.89496
L0_s1,2,114,0.10117,0.60565,0.00795,0.94477
L0_s1,2,115,0.04955,0.14736,0.01883,0.92699
L0_s1,2,116,0.12103,0.43566,0.00932,0.8397
L0_s1,2,117,0.1176,0.67562,0.00622,0.87704
L0_s1,2,118,0.09085,0.60451,0.01071,0.85442
L0_s1,2,119,0.10287,0.64689,0.00809,0.86769
L0_s1,2,120,0.06654,0.64558,0.00849,0.87009
L0_s1,2,121,0.10902,0.95381,0.00739,0.86367
L0_s1,2,122,0.1145,0.94684,0.00739,0.87127
L0_s1,2,123,0.10254,0.83444,0.00819,0.904
L0_s1,2,124,0.10529,0.68316,0.00794,0.85884
L0_s1,2,125,0.09357,0.51019,0.00868,0.82806
L0_s1,2,126,0.08893,0.92868,0.00636,0.94422
L0_s1,2,127,0.11923,0.84741,0.00738,0.89771
L0_s1,2,128,0.1584,0.94438,0.00742,0.90311
L0_s1,2,129,0.09406,0.10921,0.0239,0.90345
L0_s1,2,130,0.08442,0.2533,0.01472,0.87382
L0_s1,2,131,0.07958,0.93408,0.00715,0.86253
L0_s1,2,132,0.0826,0.81779,0.00743,0.85857
L0_s1,2,133,0.10519,0.25347,0.0134,0.85643
L0_s1,2,134,0.07445,0.24042,0.01325,0.83584
L0_s1,2,135,0.10392,0.89579,0.00632,0.87656
L0_s1,2,136,0.10798,0.91279,0.00673,0.86716
L0_s1,2,137,0.08663,0.18795,0.01552,0.8657
L0_s1,2,138,0.12601,0.91494,0.00729,0.91524
L0_s1,2,139,0.11109,0.49415,0.00853,0.85409
L0_s1,2,140,0.10596,0.24807,0.01189,0.8732
L0_s1,2,141,0.13358,0.92898,0.00705,0.85784
L0_s1,2,142,0.11179,0.78904,0.00907,0.89448
L0_s1,2,143,0.0575,0.40331,0.01007,0.87931
L0_s1,2,144,0.11364,0.78595,0.00678,0.8524
L0_s1,2,145,0.09034,0.62711,0.00866,0.88197
L0_s1,2,146,0.1244,0.90344,0.00606,0.89787
L0_s1,2,147,0.09716,0.80124,0.00763,0.93472
L0_s1,2,148,0.08639,0.52396,0.01088,0.86804
L0_s1,2,149,0.04868,0.96452,0.00728,0.94983
L0_s1,2,150,0.09389,0.26876,0.01205,0.87528
L0_s1,2,151,0.08817,0.14158,0.0222,0.86565
L0_s1,2,152,0.13102,0.85439,0.00715,0.92244
L0_s1,2,153,0.06758,0.68175,0.00811,0.86512
L0_s1,2,154,0.1395,0.5688,0.00989,0.90528
L0_s1,2,155,0.07281,0.96184,0.0076,0.8714
L0_s1,2,156,0.06051,0.96376,0.00706,0.8735
L0_s1,2,157,0.08843,0.44392,0.01,0.8692
L0_s1,2,158,0.06855,0.94486,0.00687,0.87949
L0_s1,2,159,0.07265,0.46733,0.01098,0.87622
L0_s1,2,160,0.10943,0.46543,0.00878,0.85453
L0_s1,2,161,0.0751,0.11704,0.02158,0.87895
L0_s1,2,162,0.08614,0.73961,0.0074,0.8827
L0_s1,2,163,0.07031,0.94975,0.00737,0.84324
L0_s1,2,164,0.01931,0.04492,0.05501,0.89445
L0_s1,2,165,0.06935,0.39681,0.01276,0.8798
L0_s1,2,166,0.07938,0.22625,0.01544,0.82091
L0_s1,2,167,0.10465,0.57154,0.00821,0.91538
L0_s1,2,168,0.04244,0.94942,0.0067,0.86799
L0_s1,2,169,0.09811,0.87811,0.0068,0.82824
L0_s1,2,170,0.14077,0.72586,0.00631,0.82915
L0_s1,2,171,0.08954,0.18424,0.01567,0.89801
L0_s1,2,172,0.13496,0.81717,0.00676,0.89009
L0_s1,2,173,0.10227,0.23046,0.01305,0.89868
L0_s1,2,174,0.06212,0.19093,0.01708,0.89632
L0_s1,2,175,0.14515,0.85222,0.00684,0.86745
L0_s1,2,176,0.10145,0.64413,0.00815,0.9126
L0_s1,2,177,0.08367,0.13853,0.01827,0.86964
L0_s1,2,178,0.10422,0.12322,0.02354,0.88271
L0_s1,2,179,0.08401,0.31171,0.01404,0.96109
L0_s1,2,180,0.09207,0.51007,0.00925,0.90454
L0_s1,2,181,0.11798,0.65827,0.00767,0.89311
L0_s1,2,182,0.13079,0.66476,0.0087,0.88342
L0_s1,2,183,0.10349,0.89986,0.00814,0.92937
L0_s1,2,184,0.06642,0.96093,0.00718,0.83999
L0_s1,2,185,0.05618,0.24604,0.01499,0.85518
L0_s1,2,186,0.09417,0.87665,0.00706,0.92622
L0_s1,2,187,0.06972,0.23528,0.01276,0.89775
L0_s1,2,188,0.11331,0.87099,0.00758,0.87397
L0_s1,2,189,0.11965,0.88241,0.00666,0.87813
L0_s1,2,190,0.10719,0.80127,0.00772,0.8911
L0_s1,2,191,0.07558,0.12268,0.02201,0.86021
L0_s1,3,0,0.0327,0.041,0.06118,0.89954
L0_s1,3,1,0.12118,0.83112,0.00649,0.88015
L0_s1,3,2,0.07918,0.35912,0.01151,0.87321
L0_s1,3,3,0.09665,0.85802,0.00816,0.87066
L0_s1,3,4,0.09227,0.63063,0.00874,0.88007
L0_s1,3,5,0.08791,0.86174,0.00781,0.88828
L0_s1,3,6,0.09209,0.77395,0.00824,0.90198
L0_s1,3,7,0.01693,0.0629,0.03833,0.86675
L0_s1,3,8,0.09508,0.63896,0.00839,0.90406
L0_s1,3,9,0.07405,0.20895,0.01525,0.88977
L0_s1,3,10,0.09796,0.32175,0.01325,0.85806
L0_s1,3,11,0.11508,0.58511,0.00952,0.85939
L0_s1,3,12,0.0894,0.24575,0.01737,0.84344
L0_s1,3,13,0.07722,0.33342,0.01298,0.89998
L0_s1,3,14,0.11952,0.36948,0.01189,0.84297
L0_s1,3,15,0.0694,0.09579,0.03114,0.87862
L0_s1,3,16,0.09137,0.33214,0.01445,0.87524
L0_s1,3,17,0.11413,0.87742,0.00722,0.87168
L0_s1,3,18,0.144,0.80668,0.00847,0.86589
L0_s1,3,19,0.11223,0.69962,0.00897,0.86484
L0_s1,3,20,0.12031,0.34036,0.01263,0.87711
L0_s1,3,21,0.11957,0.84207,0.00684,0.85857
L0_s1,3,22,0.06519,0.52932,0.01143,0.82642
L0_s1,3,23,0.09884,0.75642,0.00764,0.89223
L0_s1,3,24,0.05769,0.47671,0.01091,0.86087
L0_s1,3,25,0.0948,0.79909,0.00896,0.86402
L0_s1,3,26,0.09931,0.33154,0.01312,0.86146
L0_s1,3,27,0.0836,0.30462,0.01489,0.88093
L0_s1,3,28,0.03291,0.17213,0.01886,0.92747
L0_s1,3,29,0.08848,0.39287,0.01302,0.86076
L0_s1,3,30,0.04642,0.35237,0.01424,0.87013
L0_s1,3,31,0.06186,0.35921,0.01391,0.86962
L0_s1,3,32,0.10888,0.5639,0.00943,0.87248
L0_s1,3,33,0.08415,0.86703,0.00765,0.88392
L0_s1,3,34,0.09481,0.48857,0.01021,0.88167
L0_s1,3,35,0.07776,0.29066,0.01548,0.88489
L0_s1,3,36,0.10621,0.4849,0.01023,0.8709
L0_s1,3,37,0.08353,0.28034,0.01512,0.86039
L0_s1,3,38,0.07824,0.31593,0.01464,0.85541
L0_s1,3,39,0.10492,0.43423,0.01123,0.87474
L0_s1,3,40,0.10883,0.86589,0.00706,0.84214
L0_s1,3,41,0.09689,0.36896,0.01294,0.846
L0_s1,3,42,0.12488,0.67058,0.00841,0.85864
L0_s1,3,43,0.11185,0.39718,0.01097,0.87857
L0_s1,3,44,0.07705,0.34396,0.01263,0.88801
L0_s1,3,45,0.07834,0.78334,0.00865,0.88571
L0_s1,3,46,0.09537,0.75319,0.00878,0.89019
L0_s1,3,47,0.10545,0.87753,0.00736,0.85337
L0_s1,3,48,0.06902,0.9625,0.00749,0.90505
L0_s1,3,49,0.15514,0.81559,0.00858,0.87301
L0_s1,3,50,0.01627,0.04347,0.05698,0.91125
L0_s1,3,51,0.06515,0.67749,0.00902,0.90138
L0_s1,3,52,0.12668,0.81278,0.00756,0.87403
L0_s1,3,53,0.08775,0.79537,0.00873,0.87218
L0_s1,3,54,0.09849,0.61104,0.00951,0.87022
L0_s1,3,55,0.07969,0.72513,0.00978,0.88762
L0_s1,3,56,0.08195,0.75458,0.00897,0.8977
L0_s1,3,57,0.13277,0.41865,0.01052,0.88081
L0_s1,3,58,0.08533,0.25963,0.0154,0.87512
L0_s1,3,59,0.12249,0.38823,0.01286,0.89977
L0_s1,3,60,0.07004,0.52523,0.00966,0.85416
L0_s1,3,61,0.10661,0.82435,0.00955,0.90745
L0_s1,3,62,0.06292,0.31318,0.01377,0.93336
L0_s1,3,63,0.09875,0.59313,0.00891,0.87655
L0_s1,3,64,0.07811,0.42007,0.01177,0.88283
L0_s1,3,65,0.07947,0.56753,0.00932,0.86502
L0_s1,3,66,0.09528,0.44465,0.01008,0.88891
L0_s1,3,67,0.06982,0.34845,0.01126,0.87034
L0_s1,3,68,0.0966,0.43487,0.01101,0.85519
L0_s1,3,69,0.08832,0.75583,0.00886,0.88199
L0_s1,3,70,0.0616,0.24109,0.01705,0.8524
L0_s1,3,71,0.10846,0.92518,0.00797,0.8864
L0_s1,3,72,0.07334,0.94994,0.00709,0.88582
L0_s1,3,73,0.09177,0.93205,0.00726,0.89217
L0_s1,3,74,0.08495,0.31207,0.01526,0.91009
L0_s1,3,75,0.08813,0.80252,0.00876,0.86243
L0_s1,3,76,0.10362,0.61278,0.01002,0.87337
L0_s1,3,77,0.08067,0.25878,0.01715,0.89525
L0_s1,3,78,0.13435,0.87806,0.00704,0.91698
L0_s1,3,79,0.07141,0.93744,0.00733,0.87957
L0_s1,3,80,0.07853,0.87561,0.00722,0.92888
L0_s1,3,81,0.0788,0.47818,0.01195,0.88563
L0_s1,3,82,0.08783,0.29158,0.01441,0.86323
L0_s1,3,83,0.04498,0.22483,0.01925,0.90022
L0_s1,3,84,0.12567,0.63492,0.00851,0.87223
L0_s1,3,85,0.13093,0.8546,0.00676,0.91837
L0_s1,3,86,0.08172,0.14887,0.01914,0.8726
L0_s1,3,87,0.08799,0.38753,0.01259,0.86716
L0_s1,3,88,0.15173,0.92084,0.00747,0.85601
L0_s1,3,89,0.14551,0.84828,0.00786,0.90076
L0_s1,3,90,0.09547,0.43167,0.01052,0.87442
L0_s1,3,91,0.09604,0.78471,0.01035,0.87946
L0_s1,3,92,0.07945,0.34526,0.01441,0.87992
L0_s1,3,93,0.08032,0.8539,0.00729,0.88151
L0_s1,3,94,0.09718,0.75138,0.00819,0.85486
L0_s1,3,95,0.05128,0.19437,0.01785,0.81645
L0_s1,3,96,0.07306,0.48081,0.01181,0.85409
L0_s1,3,97,0.04715,0.56378,0.01011,0.85461
L0_s1,3,98,0.09922,0.36451,0.01378,0.85751
L0_s1,3,99,0.08928,0.29695,0.01344,0.9101
L0_s1,3,100,0.07993,0.92581,0.00734,0.91311
L0_s1,3,101,0.11884,0.19531,0.01592,0.87168
L0_s1,3,102,0.09532,0.56364,0.00917,0.83703
L0_s1,3,103,0.07434,0.45216,0.01129,0.86856
L0_s1,3,104,0.08099,0.56638,0.00904,0.87089
L0_s1,3,105,0.13458,0.84707,0.00806,0.87638
L0_s1,3,106,0.11755,0.26766,0.01499,0.87061
L0_s1,3,107,0.14388,0.78914,0.00881,0.92891
L0_s1,3,108,0.0883,0.43974,0.01227,0.89077
L0_s1,3,109,0.17246,0.82776,0.00745,0.85191
L0_s1,3,110,0.06327,0.59067,0.00961,0.8919
L0_s1,3,111,0.09353,0.23388,0.01679,0.88803
L0_s1,3,112,0.16184,0.83167,0.00645,0.88327
L0_s1,3,113,0.12984,0.8065,0.00698,0.89533
L0_s1,3,114,0.10125,0.93896,0.00729,0.86316
L0_s1,3,115,0.12773,0.6111,0.00926,0.87784
L0_s1,3,116,0.07323,0.54464,0.01137,0.8943
L0_s1,3,117,0.0526,0.37316,0.01441,0.83493
L0_s1,3,118,0.06766,0.7026,0.01007,0.87547
L0_s1,3,119,0.10098,0.84193,0.00709,0.86164
L0_s1,3,120,0.11836,0.49781,0.00973,0.87619
L0_s1,3,121,0.09673,0.7593,0.00913,0.88403
L0_s1,3,122,0.06116,0.16427,0.02147,0.89704
L0_s1,3,123,0.11547,0.94268,0.0077,0.85443
L0_s1,3,124,0.06715,0.77984,0.00804,0.84419
L0_s1,3,125,0.08459,0.5234,0.01013,0.93293
L0_s1,3,126,0.09213,0.93687,0.00713,0.88343
L0_s1,3,127,0.12932,0.78129,0.00747,0.86177
L0_s1,3,128,0.10232,0.91684,0.00765,0.87872
L0_s1,3,129,0.11916,0.88015,0.0073,0.88294
L0_s1,3,130,0.08165,0.79553,0.0076,0.86075
L0_s1,3,131,0.10413,0.84041,0.00937,0.90548
L0_s1,3,132,0.10213,0.58345,0.0099,0.84524
L0_s1,3,133,0.04398,0.35892,0.01489,0.89172
L0_s1,3,134,0.08024,0.52934,0.00922,0.89124
L0_s1,3,135,0.10445,0.5344,0.00979,0.84347
L0_s1,3,136,0.08875,0.69434,0.00816,0.8649
L0_s1,3,137,0.07222,0.66512,0.00877,0.86277
L0_s1,3,138,0.14202,0.83246,0.00889,0.84276
L0_s1,3,139,0.09283,0.32146,0.01398,0.85246
L0_s1,3,140,0.11644,0.5875,0.01014,0.86015
L0_s1,3,141,0.06134,0.84152,0.00773,0.88843
L0_s1,3,142,0.05175,0.50403,0.01115,0.86825
L0_s1,3,143,0.08739,0.90482,0.00719,0.85362
L0_s1,3,144,0.08936,0.8536,0.00801,0.87993
L0_s1,3,145,0.08767,0.89404,0.00734,0.87564
L0_s1,3,146,0.11843,0.94891,0.00746,0.8901
L0_s1,3,147,0.14256,0.9228,0.00676,0.88926
L0_s1,3,148,0.06205,0.25265,0.01577,0.86822
L0_s1,3,149,0.13271,0.95813,0.00781,0.88148
L0_s1,3,150,0.13063,0.33044,0.01136,0.8811
L0_s1,3,151,0.11243,0.62774,0.00875,0.92803
L0_s1,3,152,0.17013,0.87647,0.00786,0.90179
L0_s1,3,153,0.093,0.44667,0.01088,0.8772
L0_s1,3,154,0.12247,0.87947,0.00776,0.86046
L0_s1,3,155,0.0834,0.79896,0.00811,0.86619
L0_s1,3,156,0.10059,0.36892,0.01244,0.88063
L0_s1,3,157,0.06757,0.37828,0.01172,0.89114
L0_s1,3,158,0.10406,0.4682,0.01067,0.84782
L0_s1,3,159,0.11342,0.45108,0.00973,0.85543
L0_s1,3,160,0.08327,0.34287,0.0137,0.84724
L0_s1,3,161,0.08304,0.69205,0.00838,0.87788
L0_s1,3,162,0.09329,0.34662,0.01133,0.85867
L0_s1,3,163,0.05436,0.20897,0.01676,0.87262
L0_s1,3,164,0.08756,0.65505,0.00999,0.89459
L0_s1,3,165,0.09457,0.78408,0.00853,0.90652
L0_s1,3,166,0.04012,0.45812,0.01236,0.90553
L0_s1,3,167,0.11393,0.96399,0.00782,0.89255
L0_s1,3,168,0.10335,0.37544,0.01189,0.86953
L0_s1,3,169,0.06044,0.39907,0.01178,0.84251
L0_s1,3,170,0.10452,0.37033,0.00941,0.86199
L0_s1,3,171,0.11562,0.86932,0.0081,0.87802
L0_s1,3,172,0.10075,0.85103,0.00789,0.90535
L0_s1,3,173,0.10309,0.73189,0.00803,0.8642
L0_s1,3,174,0.10786,0.83865,0.00731,0.87627
L0_s1,3,175,0.09899,0.65738,0.00868,0.85443
L0_s1,3,176,0.08675,0.95274,0.00747,0.9165
L0_s1,3,177,0.08175,0.6422,0.01226,0.8682
L0_s1,3,178,0.12349,0.71251,0.00757,0.92163
L0_s1,3,179,0.08979,0.9212,0.00725,0.80454
L0_s1,3,180,0.11758,0.84763,0.00855,0.85869
L0_s1,3,181,0.09763,0.85537,0.00709,0.86979
L0_s1,3,182,0.09151,0.79127,0.00771,0.8685
L0_s1,3,183,0.08493,0.91627,0.00755,0.91354
L0_s1,3,184,0.08434,0.29472,0.01279,0.81044
L0_s1,3,185,0.03944,0.30351,0.01557,0.84513
L0_s1,3,186,0.10848,0.8919,0.00776,0.88567
L0_s1,3,187,0.11679,0.42826,0.01158,0.86449
L0_s1,3,188,0.10207,0.65762,0.0088,0.91523
L0_s1,3,189,0.09376,0.61407,0.00862,0.86257
L0_s1,3,190,0.10614,0.89126,0.00753,0.87599
L0_s1,3,191,0.09496,0.41225,0.01052,0.8862
L0_s1,4,0,0.12329,0.87972,0.00772,
L0_s1,4,1,0.09233,0.64273,0.01011,
L0_s1,4,2,0.07086,0.77406,0.00993,
L0_s1,4,3,0.07443,0.16992,0.01971,
L0_s1,4,4,0.08749,0.76788,0.00894,
L0_s1,4,5,0.13606,0.79592,0.0082,
L0_s1,4,6,0.08981,0.91331,0.00847,
L0_s1,4,7,0.0884,0.70872,0.00956,
L0_s1,4,8,0.08559,0.77854,0.00946,
L0_s1,4,9,0.09544,0.53568,0.01114,
L0_s1,4,10,0.08265,0.59762,0.01084,
L0_s1,4,11,0.08461,0.39651,0.01199,
L0_s1,4,12,0.11963,0.80167,0.00924,
L0_s1,4,13,0.10871,0.76889,0.01,
L0_s1,4,14,0.06219,0.80762,0.0094,
L0_s1,4,15,0.10168,0.46549,0.01307,
L0_s1,4,16,0.11661,0.62107,0.01224,
L0_s1,4,17,0.11141,0.47037,0.01263,
L0_s1,4,18,0.11549,0.85206,0.00875,
L0_s1,4,19,0.05891,0.4308,0.0135,
L0_s1,4,20,0.09418,0.49825,0.01236,
L0_s1,4,21,0.07921,0.94234,0.00818,
L0_s1,4,22,0.09069,0.78523,0.0089,
L0_s1,4,23,0.03864,0.13961,0.02613,
L0_s1,4,24,0.07485,0.74853,0.01058,
L0_s1,4,25,0.1235,0.55393,0.01149,
L0_s1,4,26,0.09383,0.77139,0.00989,
L0_s1,4,27,0.05116,0.25563,0.02061,
L0_s1,4,28,0.09109,0.34485,0.01479,
L0_s1,4,29,0.03968,0.13486,0.02426,
L0_s1,4,30,0.09267,0.61021,0.01027,
L0_s1,4,31,0.08274,0.77342,0.00954,
L0_s1,4,32,0.10447,0.73768,0.00962,
L0_s1,4,33,0.10309,0.87375,0.00902,
L0_s1,4,34,0.12184,0.76871,0.01054,
L0_s1,4,35,0.04546,0.52812,0.01186,
L0_s1,4,36,0.07411,0.77958,0.00893,
L0_s1,4,37,0.07784,0.81737,0.00853,
L0_s1,4,38,0.05636,0.6467,0.01086,
L0_s1,4,39,0.07483,0.40566,0.01607,
L0_s1,4,40,0.10584,0.91856,0.00819,
L0_s1,4,41,0.06911,0.59077,0.01201,
L0_s1,4,42,0.13639,0.66033,0.01127,
L0_s1,4,43,0.11768,0.77331,0.00927,
L0_s1,4,44,0.18209,0.67396,0.01122,
L0_s1,4,45,0.08445,0.58412,0.01422,
L0_s1,4,46,0.10792,0.77375,0.00886,
L0_s1,4,47,0.0927,0.81315,0.00946,
L0_s1,4,48,0.06333,0.78785,0.01037,
L0_s1,4,49,0.09505,0.34904,0.01481,
L0_s1,4,50,0.09672,0.7154,0.00927,
L0_s1,4,51,0.15215,0.81766,0.00955,
L0_s1,4,52,0.11519,0.36022,0.01406,
L0_s1,4,53,0.07335,0.39009,0.0155,
L0_s1,4,54,0.07986,0.83953,0.00865,
L0_s1,4,55,0.08596,0.68641,0.01023,
L0_s1,4,56,0.11208,0.68011,0.01098,
L0_s1,4,57,0.12926,0.80787,0.00839,
L0_s1,4,58,0.04063,0.28449,0.01503,
L0_s1,4,59,0.14654,0.86816,0.00804,
L0_s1,4,60,0.10117,0.51971,0.01206,
L0_s1,4,61,0.09484,0.92744,0.00819,
L0_s1,4,62,0.11118,0.96086,0.00773,
L0_s1,4,63,0.06964,0.78579,0.0088,
L0_s1,4,64,0.08102,0.76595,0.00845,
L0_s1,4,65,0.11092,0.7798,0.01054,
L0_s1,4,66,0.1398,0.84795,0.0091,
L0_s1,4,67,0.10356,0.43057,0.01343,
L0_s1,4,68,0.0935,0.82322,0.00909,
L0_s1,4,69,0.10734,0.25755,0.01706,
L0_s1,4,70,0.09325,0.48687,0.01243,
L0_s1,4,71,0.15359,0.88917,0.00868,
L0_s1,4,72,0.1052,0.85,0.00875,
L0_s1,4,73,0.08549,0.77394,0.00984,
L0_s1,4,74,0.10532,0.2695,0.01666,
L0_s1,4,75,0.06103,0.82956,0.00931,
L0_s1,4,76,0.13261,0.76382,0.01146,
L0_s1,4,77,0.15634,0.82001,0.00919,
L0_s1,4,78,0.11324,0.91168,0.00883,
L0_s1,4,79,0.10836,0.73325,0.01007,
L0_s1,4,80,0.11993,0.83909,0.00908,
L0_s1,4,81,0.11199,0.83378,0.00948,
L0_s1,4,82,0.12594,0.85433,0.00888,
L0_s1,4,83,0.15592,0.9548,0.00833,
L0_s1,4,84,0.06222,0.72448,0.00989,
L0_s1,4,85,0.09627,0.4773,0.01284,
L0_s1,4,86,0.0919,0.4652,0.01347,
L0_s1,4,87,0.06339,0.84255,0.00892,
L0_s1,4,88,0.10314,0.75055,0.00938,
L0_s1,4,89,0.08119,0.60282,0.01176,
L0_s1,4,90,0.10653,0.89593,0.00891,
L0_s1,4,91,0.084,0.55085,0.01219,
L0_s1,4,92,0.07798,0.26008,0.01844,
L0_s1,4,93,0.06357,0.49974,0.01213,
L0_s1,4,94,0.09937,0.78002,0.00903,
L0_s1,4,95,0.11812,0.78134,0.00837,
L0_s1,4,96,0.0576,0.5924,0.01215,
L0_s1,4,97,0.0316,0.31597,0.01535,
L0_s1,4,98,0.07984,0.6768,0.0106,
L0_s1,4,99,0.08627,0.93892,0.00801,
L0_s1,4,100,0.1272,0.84548,0.00929,
L0_s1,4,101,0.09693,0.48032,0.01178,
L0_s1,4,102,0.05662,0.51779,0.01268,
L0_s1,4,103,0.08817,0.91919,0.00832,
L0_s1,4,104,0.09612,0.42423,0.01332,
L0_s1,4,105,0.11716,0.68037,0.01107,
L0_s1,4,106,0.09964,0.49418,0.01145,
L0_s1,4,107,0.09717,0.95222,0.00793,
L0_s1,4,108,0.10152,0.94223,0.00815,
L0_s1,4,109,0.08952,0.52375,0.01201,
L0_s1,4,110,0.06094,0.42183,0.01324,
L0_s1,4,111,0.10132,0.58206,0.01163,
L0_s1,4,112,0.03229,0.07144,0.03395,
L0_s1,4,113,0.07699,0.79886,0.00935,
L0_s1,4,114,0.07529,0.68028,0.01083,
L0_s1,4,115,0.11057,0.71344,0.01103,
L0_s1,4,116,0.06464,0.7697,0.0111,
L0_s1,4,117,0.09467,0.72921,0.0094,
L0_s1,4,118,0.06848,0.47949,0.01237,
L0_s1,4,119,0.05758,0.53063,0.01328,
L0_s1,4,120,0.11823,0.8053,0.00852,
L0_s1,4,121,0.14053,0.85103,0.00902,
L0_s1,4,122,0.13135,0.85202,0.00913,
L0_s1,4,123,0.09052,0.83342,0.00939,
L0_s1,4,124,0.09097,0.74162,0.00987,
L0_s1,4,125,0.11899,0.90906,0.00768,
L0_s1,4,126,0.09026,0.32036,0.0162,
L0_s1,4,127,0.07735,0.26796,0.01633,
L0_s1,4,128,0.1152,0.81084,0.01012,
L0_s1,4,129,0.0844,0.53009,0.01202,
L0_s1,4,130,0.05717,0.39302,0.01655,
L0_s1,4,131,0.11028,0.92354,0.00801,
L0_s1,4,132,0.0722,0.58144,0.01187,
L0_s1,4,133,0.10664,0.89069,0.00757,
L0_s1,4,134,0.10638,0.87112,0.00798,
L0_s1,4,135,0.10754,0.63847,0.0085,
L0_s1,4,136,0.04995,0.29363,0.01829,
L0_s1,4,137,0.09298,0.81378,0.00794,
L0_s1,4,138,0.09563,0.30344,0.01749,
L0_s1,4,139,0.08372,0.62662,0.01023,
L0_s1,4,140,0.06979,0.701,0.01133,
L0_s1,4,141,0.08679,0.67112,0.01118,
L0_s1,4,142,0.05857,0.44128,0.01287,
L0_s1,4,143,0.11697,0.72236,0.01008,
L0_s1,4,144,0.12697,0.82959,0.0098,
L0_s1,4,145,0.09925,0.83781,0.00903,
L0_s1,4,146,0.11879,0.42173,0.01249,
L0_s1,4,147,0.06378,0.9073,0.0087,
L0_s1,4,148,0.04475,0.41175,0.01502,
L0_s1,4,149,0.10979,0.37602,0.01414,
L0_s1,4,150,0.12946,0.51301,0.01201,
L0_s1,4,151,0.15739,0.95303,0.00809,
L0_s1,4,152,0.06731,0.91965,0.00875,
L0_s1,4,153,0.02138,0.04405,0.04957,
L0_s1,4,154,0.10986,0.78318,0.00879,
L0_s1,4,155,0.14403,0.76388,0.01106,
L0_s1,4,156,0.1071,0.39269,0.01398,
L0_s1,4,157,0.10482,0.38105,0.01408,
L0_s1,4,158,0.02956,0.34941,0.01304,
L0_s1,4,159,0.09156,0.97539,0.0079,
L0_s1,4,160,0.06915,0.84624,0.00951,
L0_s1,4,161,0.08246,0.57859,0.01135,
L0_s1,4,162,0.10357,0.63315,0.00976,
L0_s1,4,163,0.09777,0.82861,0.01,
L0_s1,4,164,0.06449,0.83556,0.00913,
L0_s1,4,165,0.14651,0.9296,0.00833,
L0_s1,4,166,0.13709,0.49184,0.01218,
L0_s1,4,167,0.03345,0.42303,0.01281,
L0_s1,4,168,0.09196,0.82493,0.00859,
L0_s1,4,169,0.09823,0.7579,0.00938,
L0_s1,4,170,0.12886,0.67102,0.0105,
L0_s1,4,171,0.07066,0.17282,0.01872,
L0_s1,4,172,0.09986,0.70303,0.01038,
L0_s1,4,173,0.0846,0.62353,0.01059,
L0_s1,4,174,0.10084,0.79265,0.01004,
L0_s1,4,175,0.04855,0.31252,0.01505,
L0_s1,4,176,0.099,0.88832,0.0079,
L0_s1,4,177,0.10458,0.43298,0.01324,
L0_s1,4,178,0.11926,0.42342,0.01351,
L0_s1,4,179,0.04214,0.16585,0.01835,
L0_s1,4,180,0.07179,0.80792,0.0099,
L0_s1,4,181,0.11011,0.42334,0.01343,
L0_s1,4,182,0.07564,0.6134,0.01119,
L0_s1,4,183,0.11833,0.67361,0.01047,
L0_s1,4,184,0.05379,0.11278,0.02236,
L0_s1,4,185,0.07899,0.76467,0.00883,
L0_s1,4,186,0.08851,0.6536,0.00948,
L0_s1,4,187,0.10559,0.6704,0.00915,
L0_s1,4,188,0.09357,0.82625,0.00946,
L0_s1,4,189,0.12576,0.85687,0.00877,
L0_s1,4,190,0.10941,0.70705,0.01012,
L0_s1,4,191,0.0881,0.40563,0.01423,
L0_s3,2,0,0.08151,0.20364,0.01353,0.84728
L0_s3,2,1,0.13758,0.83658,0.00691,0.88812
L0_s3,2,2,0.11346,0.83267,0.00714,0.86672
L0_s3,2,3,0.09725,0.23324,0.01262,0.90389
L0_s3,2,4,0.08645,0.71793,0.0079,0.82013
L0_s3,2,5,0.07616,0.15503,0.0194,0.87264
L0_s3,2,6,0.10424,0.83871,0.0081,0.86558
L0_s3,2,7,0.07846,0.93014,0.00755,0.87072
L0_s3,2,8,0.09428,0.53411,0.00928,0.84054
L0_s3,2,9,0.04491,0.19572,0.01768,0.83206
L0_s3,2,10,0.09232,0.76663,0.00804,0.93832
L0_s3,2,11,0.09856,0.56578,0.00737,0.87906
L0_s3,2,12,0.09489,0.20677,0.01774,0.87389
L0_s3,2,13,0.12782,0.94104,0.00742,0.8566
L0_s3,2,14,0.09495,0.57706,0.00923,0.89182
L0_s3,2,15,0.10353,0.90535,0.00718,0.86885
L0_s3,2,16,0.11392,0.65051,0.0079,0.84203
L0_s3,2,17,0.16679,0.69235,0.00837,0.90499
L0_s3,2,18,0.07233,0.37892,0.01397,0.89004
L0_s3,2,19,0.04826,0.94946,0.00674,0.82937
L0_s3,2,20,0.08636,0.16938,0.01819,0.88322
L0_s3,2,21,0.1091,0.6465,0.00904,0.88896
L0_s3,2,22,0.10785,0.93985,0.00714,0.91568
L0_s3,2,23,0.07355,0.35195,0.01183,0.85936
L0_s3,2,24,0.05729,0.62425,0.01039,0.83499
L0_s3,2,25,0.11275,0.74406,0.00731,0.87591
L0_s3,2,26,0.0724,0.68981,0.0071,0.86855
L0_s3,2,27,0.11516,0.58038,0.00695,0.85848
L0_s3,2,28,0.07179,0.24827,0.01549,0.88659
L0_s3,2,29,0.07047,0.75674,0.00765,0.84264
L0_s3,2,30,0.13557,0.90107,0.00662,0.86971
L0_s3,2,31,0.10397,0.84138,0.00713,0.85247
L0_s3,2,32,0.03542,0.1264,0.0248,0.8515
L0_s3,2,33,0.06083,0.89862,0.00812,0.88037
L0_s3,2,34,0.10879,0.76204,0.00701,0.89175
L0_s3,2,35,0.11115,0.85441,0.0065,0.8613
L0_s3,2,36,0.09667,0.20682,0.02037,0.8637
L0_s3,2,37,0.09912,0.93828,0.00775,0.86764
L0_s3,2,38,0.10512,0.49117,0.00727,0.85789
L0_s3,2,39,0.08228,0.40863,0.01022,0.87791
L0_s3,2,40,0.12526,0.80943,0.00761,0.84114
L0_s3,2,41,0.06686,0.94868,0.00707,0.904
L0_s3,2,42,0.10671,0.31485,0.0124,0.88749
L0_s3,2,43,0.10712,0.24928,0.01377,0.84923
L0_s3,2,44,0.10558,0.37589,0.01061,0.85254
L0_s3,2,45,0.14281,0.81574,0.00823,0.9234
L0_s3,2,46,0.0409,0.24749,0.01571,0.90739
L0_s3,2,47,0.1046,0.73173,0.00646,0.84724
L0_s3,2,48,0.10208,0.40414,0.01013,0.83275
L0_s3,2,49,0.09669,0.92028,0.00726,0.86916
L0_s3,2,50,0.04281,0.16692,0.02158,0.85626
L0_s3,2,51,0.09228,0.35893,0.01052,0.8557
L0_s3,2,52,0.08054,0.66912,0.01036,0.86993
L0_s3,2,53,0.07836,0.52504,0.01085,0.85377
L0_s3,2,54,0.07001,0.35408,0.01204,0.8102
L0_s3,2,55,0.08369,0.14913,0.01812,0.86148
L0_s3,2,56,0.07022,0.3161,0.01289,0.859
L0_s3,2,57,0.08679,0.45101,0.0079,0.90619
L0_s3,2,58,0.10897,0.55263,0.00953,0.81646
L0_s3,2,59,0.0662,0.46143,0.01052,0.86366
L0_s3,2,60,0.10275,0.91169,0.00666,0.892
L0_s3,2,61,0.08307,0.95144,0.00768,0.83398
L0_s3,2,62,0.098,0.94347,0.00723,0.83676
L0_s3,2,63,0.08629,0.52376,0.00945,0.86226
L0_s3,2,64,0.05656,0.77567,0.00769,0.87284
L0_s3,2,65,0.12135,0.58829,0.00759,0.85279
L0_s3,2,66,0.07688,0.94013,0.00707,0.88278
L0_s3,2,67,0.11068,0.80419,0.00718,0.89233
L0_s3,2,68,0.08245,0.74903,0.00863,0.87081
L0_s3,2,69,0.09216,0.36306,0.01168,0.886
L0_s3,2,70,0.07388,0.26789,0.01304,0.83978
L0_s3,2,71,0.06826,0.95289,0.00733,0.87645
L0_s3,2,72,0.07957,0.95569,0.00669,0.86719
L0_s3,2,73,0.10744,0.1321,0.02068,0.87877
L0_s3,2,74,0.09482,0.73012,0.00677,0.9118
L0_s3,2,75,0.14159,0.84444,0.00658,0.88932
L0_s3,2,76,0.08874,0.90659,0.00736,0.87595
L0_s3,2,77,0.07184,0.64508,0.0074,0.89449
L0_s3,2,78,0.11506,0.90284,0.00804,0.84712
L0_s3,2,79,0.07828,0.4077,0.01164,0.8907
L0_s3,2,80,0.10026,0.61739,0.00855,0.86046
L0_s3,2,81,0.16593,0.96685,0.00712,0.91215
L0_s3,2,82,0.10757,0.51431,0.01015,0.84302
L0_s3,2,83,0.07849,0.79914,0.00712,0.84261
L0_s3,2,84,0.08635,0.91888,0.00696,0.85552
L0_s3,2,85,0.05812,0.27791,0.01397,0.85537
L0_s3,2,86,0.08842,0.51673,0.00863,0.89657
L0_s3,2,87,0.1125,0.87352,0.00681,0.90121
L0_s3,2,88,0.09147,0.73917,0.00672,0.86624
L0_s3,2,89,0.07964,0.324,0.01271,0.82695
L0_s3,2,90,0.02569,0.06926,0.04389,0.83574
L0_s3,2,91,0.0862,0.37675,0.01134,0.82909
L0_s3,2,92,0.1053,0.20185,0.01744,0.85886
L0_s3,2,93,0.08751,0.56754,0.00966,0.84572
L0_s3,2,94,0.09565,0.54632,0.00794,0.87457
L0_s3,2,95,0.07377,0.64051,0.00986,0.87162
L0_s3,2,96,0.11932,0.63804,0.00827,0.8713
L0_s3,2,97,0.09055,0.31137,0.01006,0.91484
L0_s3,2,98,0.07805,0.21544,0.01468,0.86504
L0_s3,2,99,0.08204,0.48047,0.01003,0.87672
L0_s3,2,100,0.1048,0.88474,0.00617,0.84214
L0_s3,2,101,0.10075,0.64446,0.00803,0.8785
L0_s3,2,102,0.07397,0.18295,0.01477,0.86403
L0_s3,2,103,0.09535,0.79613,0.00693,0.85935
L0_s3,2,104,0.11484,0.91813,0.00647,0.90515
L0_s3,2,105,0.0503,0.38585,0.0105,0.89037
L0_s3,2,106,0.08905,0.12384,0.01746,0.83236
L0_s3,2,107,0.0723,0.35009,0.01181,0.94292
L0_s3,2,108,0.06805,0.55634,0.00832,0.87891
L0_s3,2,109,0.12053,0.9476,0.00746,0.88384
L0_s3,2,110,0.09754,0.46723,0.00957,0.90079
L0_s3,2,111,0.08461,0.55396,0.00898,0.88466
L0_s3,2,112,0.14072,0.54448,0.00824,0.90013
L0_s3,2,113,0.08004,0.16307,0.01538,0.86371
L0_s3,2,114,0.0322,0.37953,0.01152,0.91051
L0_s3,2,115,0.09261,0.38249,0.01008,0.85019
L0_s3,2,116,0.15713,0.83837,0.0068,0.8576
L0_s3,2,117,0.09763,0.12713,0.02664,0.83299
L0_s3,2,118,0.12152,0.901,0.00626,0.84572
L0_s3,2,119,0.0702,0.17922,0.01842,0.86747
L0_s3,2,120,0.05589,0.32673,0.01264,0.87555
L0_s3,2,121,0.11841,0.81667,0.00724,0.89491
L0_s3,2,122,0.13233,0.90264,0.00681,0.87828
L0_s3,2,123,0.12201,0.34981,0.01219,0.89814
L0_s3,2,124,0.12081,0.58462,0.00714,0.8618
L0_s3,2,125,0.0946,0.46124,0.00974,0.87933
L0_s3,2,126,0.07124,0.10396,0.0222,0.87219
L0_s3,2,127,0.12896,0.86379,0.0067,0.87755
L0_s3,2,128,0.03757,0.50382,0.0103,0.81288
L0_s3,2,129,0.10194,0.31799,0.0107,0.82564
L0_s3,2,130,0.07746,0.74505,0.00768,0.83426
L0_s3,2,131,0.05972,0.5914,0.00861,0.88664
L0_s3,2,132,0.04951,0.95001,0.00727,0.89379
L0_s3,2,133,0.09602,0.95106,0.00736,0.88576
L0_s3,2,134,0.07681,0.2307,0.01406,0.86978
L0_s3,2,135,0.12347,0.65743,0.00758,0.89147
L0_s3,2,136,0.07127,0.95663,0.00747,0.88583
L0_s3,2,137,0.11265,0.95884,0.00709,0.86673
L0_s3,2,138,0.0742,0.46966,0.01036,0.85745
L0_s3,2,139,0.10991,0.77095,0.00643,0.87417
L0_s3,2,140,0.08842,0.24775,0.01309,0.88891
L0_s3,2,141,0.05678,0.14157,0.02268,0.89604
L0_s3,2,142,0.12643,0.66218,0.00732,0.88461
L0_s3,2,143,0.075,0.64983,0.01075,0.93236
L0_s3,2,144,0.03838,0.13542,0.02123,0.87058
L0_s3,2,145,0.13648,0.63628,0.00785,0.88556
L0_s3,2,146,0.10891,0.41276,0.01102,0.87195
L0_s3,2,147,0.09552,0.47245,0.0092,0.86962
L0_s3,2,148,0.09393,0.89183,0.00777,0.93882
L0_s3,2,149,0.09561,0.6425,0.00828,0.9138
L0_s3,2,150,0.12598,0.87173,0.00673,0.89003
L0_s3,2,151,0.0638,0.28253,0.01496,0.9257
L0_s3,2,152,0.09602,0.39334,0.01135,0.94543
L0_s3,2,153,0.1273,0.55052,0.00979,0.94773
L0_s3,2,154,0.13843,0.55149,0.00983,0.83395
L0_s3,2,155,0.10991,0.81882,0.00646,0.87745
L0_s3,2,156,0.0886,0.94761,0.00718,0.89594
L0_s3,2,157,0.05753,0.13593,0.02603,0.8588
L0_s3,2,158,0.10573,0.50953,0.00892,0.85103
L0_s3,2,159,0.11767,0.81652,0.00696,0.87627
L0_s3,2,160,0.07288,0.35548,0.01283,0.93671
L0_s3,2,161,0.0985,0.75516,0.00736,0.87182
L0_s3,2,162,0.03284,0.07358,0.03,0.87608
L0_s3,2,163,0.09818,0.1563,0.02077,0.86174
L0_s3,2,164,0.11062,0.67545,0.00748,0.8623
L0_s3,2,165,0.12276,0.92736,0.00691,0.85522
L0_s3,2,166,0.09415,0.5724,0.00792,0.89117
L0_s3,2,167,0.11756,0.92215,0.00798,0.88449
L0_s3,2,168,0.07378,0.13897,0.01791,0.83374
L0_s3,2,169,0.08818,0.35571,0.01167,0.86079
L0_s3,2,170,0.10502,0.43422,0.01124,0.83806
L0_s3,2,171,0.08375,0.69308,0.01028,0.89704
L0_s3,2,172,0.10091,0.5329,0.00806,0.89968
L0_s3,2,173,0.08858,0.39912,0.01067,0.93129
L0_s3,2,174,0.11279,0.4428,0.00936,0.89095
L0_s3,2,175,0.09581,0.94215,0.00704,0.95735
L0_s3,2,176,0.14805,0.78464,0.00617,0.84066
L0_s3,2,177,0.09063,0.93133,0.00595,0.89495
L0_s3,2,178,0.08147,0.14279,0.02286,0.86399
L0_s3,2,179,0.1383,0.93168,0.007,0.87746
L0_s3,2,180,0.11475,0.45406,0.01031,0.89607
L0_s3,2,181,0.05885,0.20212,0.01355,0.87538
L0_s3,2,182,0.07376,0.51624,0.00872,0.90353
L0_s3,2,183,0.13639,0.56174,0.00955,0.86039
L0_s3,2,184,0.05208,0.92928,0.00716,0.87569
L0_s3,2,185,0.1021,0.46974,0.00841,0.88335
L0_s3,2,186,0.08732,0.36388,0.01163,0.85704
L0_s3,2,187,0.12261,0.79858,0.00691,0.86944
L0_s3,2,188,0.15243,0.92828,0.00676,0.83452
L0_s3,2,189,0.1734,0.92709,0.00656,0.87714
L0_s3,2,190,0.08256,0.95161,0.00668,0.85173
L0_s3,2,191,0.0794,0.59897,0.00946,0.89308
L0_s3,3,0,0.08722,0.30659,0.01373,0.86116
L0_s3,3,1,0.05823,0.84146,0.00806,0.86856
L0_s3,3,2,0.13773,0.74411,0.00774,0.86405
L0_s3,3,3,0.10094,0.95085,0.00754,0.87656
L0_s3,3,4,0.08224,0.38006,0.01149,0.89833
L0_s3,3,5,0.11262,0.57205,0.00917,0.89806
L0_s3,3,6,0.08345,0.73052,0.00825,0.86417
L0_s3,3,7,0.06291,0.31041,0.01619,0.83515
L0_s3,3,8,0.05486,0.45315,0.01106,0.86719
L0_s3,3,9,0.09429,0.32723,0.01297,0.85346
L0_s3,3,10,0.07806,0.96452,0.00742,0.88606
L0_s3,3,11,0.09276,0.61649,0.00887,0.90154
L0_s3,3,12,0.10842,0.57455,0.00913,0.91747
L0_s3,3,13,0.1255,0.69316,0.0092,0.90412
L0_s3,3,14,0.08547,0.28887,0.01354,0.87999
L0_s3,3,15,0.07896,0.78156,0.00827,0.92072
L0_s3,3,16,0.07884,0.385,0.01294,0.8572
L0_s3,3,17,0.09225,0.9484,0.00708,0.88621
L0_s3,3,18,0.10327,0.93505,0.00737,0.87071
L0_s3,3,19,0.08085,0.38529,0.01233,0.90911
L0_s3,3,20,0.08886,0.1352,0.02089,0.86676
L0_s3,3,21,0.0625,0.46304,0.01207,0.87683
L0_s3,3,22,0.09619,0.1518,0.0168,0.87619
L0_s3,3,23,0.11018,0.37314,0.0114,0.89529
L0_s3,3,24,0.094,0.66704,0.00831,0.88965
L0_s3,3,25,0.11501,0.38188,0.01229,0.84847
L0_s3,3,26,0.09041,0.37324,0.0136,0.86871
L0_s3,3,27,0.14223,0.90433,0.00717,0.8773
L0_s3,3,28,0.09962,0.18446,0.02037,0.8569
L0_s3,3,29,0.03499,0.52241,0.01007,0.88435
L0_s3,3,30,0.09288,0.40678,0.01162,0.8512
L0_s3,3,31,0.08551,0.18409,0.01595,0.8716
L0_s3,3,32,0.09549,0.48033,0.00913,0.88692
L0_s3,3,33,0.06856,0.55473,0.01217,0.88271
L0_s3,3,34,0.09325,0.76413,0.00854,0.84418
L0_s3,3,35,0.02846,0.31797,0.01333,0.83746
L0_s3,3,36,0.08637,0.78702,0.00799,0.8807
L0_s3,3,37,0.04352,0.14133,0.02074,0.87165
L0_s3,3,38,0.10142,0.91345,0.00808,0.88311
L0_s3,3,39,0.10052,0.79632,0.00793,0.85774
L0_s3,3,40,0.10291,0.80399,0.00814,0.89149
L0_s3,3,41,0.11353,0.7979,0.00782,0.83045
L0_s3,3,42,0.08863,0.61561,0.00994,0.85849
L0_s3,3,43,0.14837,0.80892,0.00879,0.86763
L0_s3,3,44,0.06444,0.38766,0.01322,0.86443
L0_s3,3,45,0.0989,0.60687,0.0084,0.88016
L0_s3,3,46,0.14477,0.86176,0.00656,0.90032
L0_s3,3,47,0.07752,0.42551,0.0118,0.85727
L0_s3,3,48,0.03685,0.11696,0.02755,0.85491
L0_s3,3,49,0.0704,0.44456,0.01094,0.85115
L0_s3,3,50,0.07272,0.86759,0.00834,0.88044
L0_s3,3,51,0.11209,0.82828,0.00767,0.87521
L0_s3,3,52,0.06703,0.34365,0.01319,0.87206
L0_s3,3,53,0.06642,0.72824,0.00806,0.90902
L0_s3,3,54,0.05363,0.52448,0.012,0.88701
L0_s3,3,55,0.09922,0.83255,0.00754,0.84947
L0_s3,3,56,0.07687,0.39538,0.01234,0.89433
L0_s3,3,57,0.11748,0.88974,0.00763,0.89995
L0_s3,3,58,0.04692,0.1753,0.02008,0.89646
L0_s3,3,59,0.10454,0.42129,0.01115,0.88944
L0_s3,3,60,0.08517,0.78705,0.0092,0.90742
L0_s3,3,61,0.12897,0.57879,0.00941,0.88616
L0_s3,3,62,0.10064,0.76133,0.0084,0.87995
L0_s3,3,63,0.12754,0.93064,0.00752,0.89574
L0_s3,3,64,0.08933,0.80203,0.00849,0.85432
L0_s3,3,65,0.04991,0.53874,0.01232,0.87002
L0_s3,3,66,0.04836,0.53629,0.01336,0.85817
L0_s3,3,67,0.09074,0.8925,0.00818,0.9292
L0_s3,3,68,0.0438,0.70307,0.01092,0.87281
L0_s3,3,69,0.10606,0.36288,0.0118,0.89614
L0_s3,3,70,0.08974,0.81126,0.0072,0.84565
L0_s3,3,71,0.12363,0.83648,0.00881,0.87068
L0_s3,3,72,0.09889,0.13561,0.02347,0.84866
L0_s3,3,73,0.05838,0.45467,0.01177,0.84197
L0_s3,3,74,0.16271,0.90432,0.00728,0.84072
L0_s3,3,75,0.11952,0.43983,0.01022,0.85228
L0_s3,3,76,0.09414,0.68512,0.00804,0.84388
L0_s3,3,77,0.08942,0.60618,0.00957,0.93116
L0_s3,3,78,0.10917,0.3198,0.01309,0.8554
L0_s3,3,79,0.1144,0.81136,0.00839,0.90486
L0_s3,3,80,0.09025,0.46444,0.01068,0.86876
L0_s3,3,81,0.07836,0.92356,0.00775,0.89396
L0_s3,3,82,0.10005,0.79593,0.00829,0.85515
L0_s3,3,83,0.09736,0.60537,0.00876,0.85315
L0_s3,3,84,0.09568,0.42081,0.01056,0.86592
L0_s3,3,85,0.0915,0.46671,0.01056,0.87721
L0_s3,3,86,0.14033,0.92124,0.00782,0.89298
L0_s3,3,87,0.08364,0.94878,0.00756,0.87946
L0_s3,3,88,0.08057,0.19295,0.01845,0.83813
L0_s3,3,89,0.06517,0.69936,0.00881,0.86824
L0_s3,3,90,0.06864,0.48872,0.01012,0.88163
L0_s3,3,91,0.07021,0.40254,0.01279,0.87859
L0_s3,3,92,0.07398,0.61071,0.01094,0.84067
L0_s3,3,93,0.06622,0.41515,0.01192,0.86007
L0_s3,3,94,0.03619,0.0511,0.04166,0.85837
L0_s3,3,95,0.11144,0.88227,0.0073,0.89747
L0_s3,3,96,0.11606,0.54479,0.00955,0.86856
L0_s3,3,97,0.08668,0.94074,0.00772,0.87341
L0_s3,3,98,0.09499,0.5002,0.01082,0.86892
L0_s3,3,99,0.11388,0.72909,0.00909,0.84632
L0_s3,3,100,0.07061,0.57306,0.00914,0.8683
L0_s3,3,101,0.10405,0.37506,0.01302,0.87754
L0_s3,3,102,0.06908,0.47931,0.01155,0.85052
L0_s3,3,103,0.06374,0.54535,0.00781,0.90773
L0_s3,3,104,0.0914,0.91043,0.00712,0.8445
L0_s3,3,105,0.10386,0.47872,0.01068,0.87619
L0_s3,3,106,0.05766,0.39614,0.01188,0.89624
L0_s3,3,107,0.12286,0.93407,0.00715,0.8707
L0_s3,3,108,0.12466,0.31788,0.01266,0.89503
L0_s3,3,109,0.05595,0.68723,0.00903,0.83147
L0_s3,3,110,0.09418,0.95669,0.00744,0.86675
L0_s3,3,111,0.11309,0.90469,0.00731,0.89965
L0_s3,3,112,0.04716,0.70456,0.00934,0.91045
L0_s3,3,113,0.09069,0.27133,0.01403,0.87837
L0_s3,3,114,0.10035,0.86725,0.00754,0.85319
L0_s3,3,115,0.08025,0.47745,0.01085,0.92782
L0_s3,3,116,0.07549,0.80411,0.00752,0.86526
L0_s3,3,117,0.07655,0.59443,0.01009,0.8705
L0_s3,3,118,0.11526,0.64275,0.00906,0.87914
L0_s3,3,119,0.11637,0.26905,0.01266,0.88025
L0_s3,3,120,0.06904,0.36245,0.01247,0.87717
L0_s3,3,121,0.08222,0.9539,0.00713,0.87467
L0_s3,3,122,0.08451,0.55189,0.00919,0.90225
L0_s3,3,123,0.17132,0.84031,0.00873,0.89072
L0_s3,3,124,0.12873,0.73777,0.0096,0.8649
L0_s3,3,125,0.12193,0.81222,0.00721,0.88247
L0_s3,3,126,0.1236,0.7371,0.00886,0.89081
L0_s3,3,127,0.12864,0.80353,0.00864,0.89996
L0_s3,3,128,0.04273,0.65138,0.00984,0.84043
L0_s3,3,129,0.08448,0.28952,0.01198,0.83479
L0_s3,3,130,0.09539,0.33218,0.01331,0.8978
L0_s3,3,131,0.12125,0.74641,0.00748,0.89549
L0_s3,3,132,0.0985,0.58949,0.00922,0.86167
L0_s3,3,133,0.16324,0.86825,0.00863,0.87015
L0_s3,3,134,0.11462,0.75033,0.00739,0.89316
L0_s3,3,135,0.13313,0.90406,0.00831,0.88084
L0_s3,3,136,0.09868,0.66299,0.00894,0.86105
L0_s3,3,137,0.11889,0.43119,0.01147,0.89954
L0_s3,3,138,0.10059,0.45881,0.00979,0.86285
L0_s3,3,139,0.08521,0.85687,0.00797,0.866
L0_s3,3,140,0.12726,0.86057,0.00811,0.86348
L0_s3,3,141,0.11019,0.91451,0.00701,0.86443
L0_s3,3,142,0.09663,0.87227,0.00722,0.87384
L0_s3,3,143,0.09628,0.96798,0.00759,0.85902
L0_s3,3,144,0.03613,0.52296,0.01033,0.88662
L0_s3,3,145,0.11562,0.77722,0.00725,0.89888
L0_s3,3,146,0.10772,0.81383,0.00849,0.87495
L0_s3,3,147,0.12121,0.77414,0.0075,0.88699
L0_s3,3,148,0.08588,0.95759,0.00757,0.87566
L0_s3,3,149,0.15419,0.86046,0.00787,0.86902
L0_s3,3,150,0.12605,0.89774,0.00794,0.85415
L0_s3,3,151,0.06989,0.81911,0.00808,0.87043
L0_s3,3,152,0.1148,0.95499,0.0075,0.86698
L0_s3,3,153,0.11425,0.64493,0.00904,0.81743
L0_s3,3,154,0.05123,0.2039,0.01876,0.86691
L0_s3,3,155,0.11457,0.41253,0.01069,0.90458
L0_s3,3,156,0.09087,0.95777,0.00732,0.88579
L0_s3,3,157,0.13158,0.71423,0.00814,0.83821
L0_s3,3,158,0.09751,0.54293,0.00964,0.87758
L0_s3,3,159,0.08903,0.85942,0.0078,0.90488
L0_s3,3,160,0.08406,0.96078,0.00751,0.89946
L0_s3,3,161,0.0892,0.90621,0.00696,0.88512
L0_s3,3,162,0.11237,0.39171,0.01176,0.84267
L0_s3,3,163,0.09441,0.37798,0.01348,0.87059
L0_s3,3,164,0.10516,0.59018,0.01039,0.89533
L0_s3,3,165,0.06769,0.65735,0.00868,0.84859
L0_s3,3,166,0.09211,0.93979,0.00848,0.92642
L0_s3,3,167,0.10204,0.82361,0.00738,0.8714
L0_s3,3,168,0.08086,0.39581,0.01376,0.82706
L0_s3,3,169,0.09962,0.52844,0.00919,0.87462
L0_s3,3,170,0.09284,0.47284,0.0108,0.90008
L0_s3,3,171,0.09185,0.85199,0.00719,0.83827
L0_s3,3,172,0.09145,0.29044,0.01651,0.88826
L0_s3,3,173,0.09534,0.93408,0.00713,0.8729
L0_s3,3,174,0.07639,0.86717,0.00771,0.84877
L0_s3,3,175,0.09682,0.94735,0.00697,0.87868
L0_s3,3,176,0.11086,0.41473,0.011,0.8798
L0_s3,3,177,0.12849,0.83719,0.00735,0.83033
L0_s3,3,178,0.08929,0.31705,0.01406,0.89474
L0_s3,3,179,0.1056,0.33637,0.01257,0.85109
L0_s3,3,180,0.12157,0.74395,0.00727,0.86052
L0_s3,3,181,0.0691,0.8095,0.00795,0.81044
L0_s3,3,182,0.13654,0.50207,0.00963,0.85711
L0_s3,3,183,0.09739,0.38283,0.0122,0.87393
L0_s3,3,184,0.08053,0.9558,0.00748,0.86605
L0_s3,3,185,0.1025,0.86542,0.00757,0.83943
L0_s3,3,186,0.08526,0.70809,0.00957,0.85312
L0_s3,3,187,0.10256,0.35436,0.01265,0.87361
L0_s3,3,188,0.09095,0.43099,0.01063,0.92573
L0_s3,3,189,0.07812,0.68799,0.00862,0.86652
L0_s3,3,190,0.05874,0.48055,0.01125,0.886
L0_s3,3,191,0.09563,0.36371,0.01127,0.87414
L0_s3,4,0,0.13834,0.71034,0.0087,
L0_s3,4,1,0.1199,0.7114,0.00942,
L0_s3,4,2,0.12874,0.39882,0.0133,
L0_s3,4,3,0.11913,0.77285,0.0105,
L0_s3,4,4,0.0806,0.8817,0.00907,
L0_s3,4,5,0.06879,0.84609,0.00953,
L0_s3,4,6,0.11331,0.76874,0.00958,
L0_s3,4,7,0.11699,0.60088,0.01191,
L0_s3,4,8,0.12929,0.84346,0.00858,
L0_s3,4,9,0.10365,0.45015,0.01317,
L0_s3,4,10,0.09121,0.69782,0.01008,
L0_s3,4,11,0.07253,0.85561,0.00884,
L0_s3,4,12,0.06487,0.97075,0.00798,
L0_s3,4,13,0.05522,0.92967,0.00837,
L0_s3,4,14,0.11809,0.72566,0.00852,
L0_s3,4,15,0.17447,0.94039,0.00846,
L0_s3,4,16,0.05306,0.76886,0.00866,
L0_s3,4,17,0.10338,0.81802,0.00949,
L0_s3,4,18,0.08232,0.79804,0.01021,
L0_s3,4,19,0.07795,0.87511,0.00744,
L0_s3,4,20,0.06774,0.76551,0.00909,
L0_s3,4,21,0.1172,0.75162,0.0096,
L0_s3,4,22,0.11648,0.6829,0.00889,
L0_s3,4,23,0.11691,0.78285,0.00874,
L0_s3,4,24,0.09351,0.80342,0.00914,
L0_s3,4,25,0.07969,0.51885,0.01137,
L0_s3,4,26,0.09267,0.86907,0.00903,
L0_s3,4,27,0.11174,0.64798,0.00979,
L0_s3,4,28,0.04373,0.60452,0.01127,
L0_s3,4,29,0.10194,0.86272,0.00926,
L0_s3,4,30,0.09516,0.53509,0.01126,
L0_s3,4,31,0.08844,0.78708,0.00968,
L0_s3,4,32,0.09515,0.8695,0.00886,
L0_s3,4,33,0.11064,0.44901,0.01261,
L0_s3,4,34,0.11423,0.55629,0.01024,
L0_s3,4,35,0.10699,0.70228,0.0089,
L0_s3,4,36,0.10525,0.64967,0.0094,
L0_s3,4,37,0.12673,0.49864,0.01322,
L0_s3,4,38,0.09103,0.81863,0.00951,
L0_s3,4,39,0.10293,0.712,0.01058,
L0_s3,4,40,0.03337,0.25428,0.01865,
L0_s3,4,41,0.12033,0.84444,0.00871,
L0_s3,4,42,0.06721,0.28654,0.01607,
L0_s3,4,43,0.09076,0.65511,0.01043,
L0_s3,4,44,0.02619,0.54082,0.01155,
L0_s3,4,45,0.07616,0.35268,0.01463,
L0_s3,4,46,0.14678,0.8916,0.00846,
L0_s3,4,47,0.10138,0.65806,0.0116,
L0_s3,4,48,0.08041,0.65227,0.01127,
L0_s3,4,49,0.06764,0.75274,0.01046,
L0_s3,4,50,0.05378,0.70573,0.0104,
L0_s3,4,51,0.0367,0.48559,0.01233,
L0_s3,4,52,0.09763,0.26757,0.01683,
L0_s3,4,53,0.11771,0.94879,0.00726,
L0_s3,4,54,0.05848,0.17963,0.0235,
L0_s3,4,55,0.01567,0.32735,0.01187,
L0_s3,4,56,0.07825,0.72422,0.01054,
L0_s3,4,57,0.0864,0.64293,0.01021,
L0_s3,4,58,0.12027,0.57118,0.01091,
L0_s3,4,59,0.0452,0.70556,0.01135,
L0_s3,4,60,0.11929,0.83311,0.00947,
L0_s3,4,61,0.14587,0.88271,0.00885,
L0_s3,4,62,0.08714,0.32672,0.0148,
L0_s3,4,63,0.02642,0.43344,0.01289,
L0_s3,4,64,0.06121,0.19161,0.02002,
L0_s3,4,65,0.09115,0.82346,0.00902,
L0_s3,4,66,0.02763,0.44901,0.01324,
L0_s3,4,67,0.11252,0.75775,0.00853,
L0_s3,4,68,0.07786,0.85484,0.00897,
L0_s3,4,69,0.11317,0.9551,0.00848,
L0_s3,4,70,0.10119,0.79323,0.01,
L0_s3,4,71,0.09191,0.3564,0.01482,
L0_s3,4,72,0.14502,0.72982,0.00998,
L0_s3,4,73,0.06467,0.80971,0.00927,
L0_s3,4,74,0.10165,0.47274,0.01121,
L0_s3,4,75,0.07331,0.3389,0.015,
L0_s3,4,76,0.06508,0.35124,0.0158,
L0_s3,4,77,0.10889,0.89783,0.00815,
L0_s3,4,78,0.11366,0.5343,0.01097,
L0_s3,4,79,0.10342,0.83143,0.00933,
L0_s3,4,80,0.10833,0.30633,0.01669,
L0_s3,4,81,0.0711,0.71755,0.00992,
L0_s3,4,82,0.11919,0.80933,0.00929,
L0_s3,4,83,0.04367,0.77546,0.01058,
L0_s3,4,84,0.10232,0.80226,0.00898,
L0_s3,4,85,0.10059,0.80355,0.00965,
L0_s3,4,86,0.10369,0.93816,0.00878,
L0_s3,4,87,0.10768,0.38773,0.01274,
L0_s3,4,88,0.11303,0.62133,0.0097,
L0_s3,4,89,0.14902,0.80413,0.00903,
L0_s3,4,90,0.11559,0.77205,0.00961,
L0_s3,4,91,0.08691,0.49544,0.01238,
L0_s3,4,92,0.0863,0.52676,0.01205,
L0_s3,4,93,0.0678,0.47088,0.0129,
L0_s3,4,94,0.08803,0.53797,0.01192,
L0_s3,4,95,0.131,0.67074,0.0093,
L0_s3,4,96,0.08937,0.74929,0.01038,
L0_s3,4,97,0.05486,0.60251,0.01064,
L0_s3,4,98,0.12578,0.82463,0.00901,
L0_s3,4,99,0.09998,0.80541,0.00964,
L0_s3,4,100,0.09635,0.57713,0.00996,
L0_s3,4,101,0.11451,0.5363,0.01083,
L0_s3,4,102,0.04931,0.69214,0.00907,
L0_s3,4,103,0.08478,0.77518,0.01023,
L0_s3,4,104,0.05594,0.61139,0.01016,
L0_s3,4,105,0.11584,0.62325,0.01123,
L0_s3,4,106,0.10408,0.84589,0.00838,
L0_s3,4,107,0.0601,0.7141,0.00967,
L0_s3,4,108,0.07661,0.76757,0.00959,
L0_s3,4,109,0.10805,0.89826,0.00867,
L0_s3,4,110,0.14767,0.79115,0.00964,
L0_s3,4,111,0.08777,0.9256,0.00819,
L0_s3,4,112,0.15269,0.88838,0.00863,
L0_s3,4,113,0.13303,0.84201,0.00863,
L0_s3,4,114,0.10671,0.68709,0.00923,
L0_s3,4,115,0.11092,0.94189,0.00798,
L0_s3,4,116,0.0651,0.59164,0.01085,
L0_s3,4,117,0.0657,0.75465,0.00981,
L0_s3,4,118,0.12922,0.75883,0.00815,
L0_s3,4,119,0.14247,0.91968,0.00756,
L0_s3,4,120,0.12893,0.85583,0.0086,
L0_s3,4,121,0.0637,0.60203,0.01215,
L0_s3,4,122,0.07599,0.52092,0.01135,
L0_s3,4,123,0.11764,0.49089,0.013,
L0_s3,4,124,0.10986,0.52644,0.01031,
L0_s3,4,125,0.06901,0.28827,0.0152,
L0_s3,4,126,0.14368,0.86303,0.00887,
L0_s3,4,127,0.09464,0.94925,0.00818,
L0_s3,4,128,0.10718,0.85086,0.00911,
L0_s3,4,129,0.08237,0.48892,0.01286,
L0_s3,4,130,0.04511,0.084,0.02383,
L0_s3,4,131,0.1098,0.76909,0.00789,
L0_s3,4,132,0.1581,0.923,0.00827,
L0_s3,4,133,0.05737,0.87501,0.00984,
L0_s3,4,134,0.09464,0.82353,0.00794,
L0_s3,4,135,0.0934,0.85598,0.00908,
L0_s3,4,136,0.07879,0.24793,0.01854,
L0_s3,4,137,0.08289,0.91304,0.00804,
L0_s3,4,138,0.09425,0.70903,0.01133,
L0_s3,4,139,0.09953,0.5721,0.01058,
L0_s3,4,140,0.10444,0.56048,0.01139,
L0_s3,4,141,0.05465,0.17414,0.02024,
L0_s3,4,142,0.12353,0.61576,0.01029,
L0_s3,4,143,0.03394,0.27558,0.0217,
L0_s3,4,144,0.04627,0.46935,0.01553,
L0_s3,4,145,0.09486,0.92018,0.00869,
L0_s3,4,146,0.05331,0.24144,0.01916,
L0_s3,4,147,0.12945,0.92045,0.00843,
L0_s3,4,148,0.12103,0.65293,0.01178,
L0_s3,4,149,0.12373,0.44669,0.01207,
L0_s3,4,150,0.10276,0.69039,0.0093,
L0_s3,4,151,0.07397,0.30251,0.01536,
L0_s3,4,152,0.09016,0.32066,0.01504,
L0_s3,4,153,0.07335,0.48069,0.01215,
L0_s3,4,154,0.04068,0.69711,0.00997,
L0_s3,4,155,0.09499,0.95834,0.00792,
L0_s3,4,156,0.05608,0.96369,0.00817,
L0_s3,4,157,0.04333,0.75931,0.00985,
L0_s3,4,158,0.09253,0.60719,0.01014,
L0_s3,4,159,0.08236,0.80681,0.00868,
L0_s3,4,160,0.15038,0.7801,0.01013,
L0_s3,4,161,0.11729,0.39101,0.01376,
L0_s3,4,162,0.04462,0.64973,0.01139,
L0_s3,4,163,0.13012,0.78133,0.00945,
L0_s3,4,164,0.13828,0.63024,0.01057,
L0_s3,4,165,0.08866,0.66285,0.01075,
L0_s3,4,166,0.11628,0.87134,0.00856,
L0_s3,4,167,0.04221,0.32856,0.01972,
L0_s3,4,168,0.10224,0.55325,0.01139,
L0_s3,4,169,0.11375,0.81155,0.00865,
L0_s3,4,170,0.12907,0.86068,0.00877,
L0_s3,4,171,0.1074,0.49901,0.01131,
L0_s3,4,172,0.09766,0.38297,0.01355,
L0_s3,4,173,0.12584,0.8781,0.00874,
L0_s3,4,174,0.03979,0.36963,0.01349,
L0_s3,4,175,0.11097,0.58099,0.01097,
L0_s3,4,176,0.04396,0.35901,0.0143,
L0_s3,4,177,0.09122,0.23802,0.01612,
L0_s3,4,178,0.10078,0.90383,0.00755,
L0_s3,4,179,0.11343,0.79751,0.00914,
L0_s3,4,180,0.07501,0.83682,0.00849,
L0_s3,4,181,0.0987,0.67339,0.00936,
L0_s3,4,182,0.09295,0.49398,0.01152,
L0_s3,4,183,0.11371,0.82364,0.00913,
L0_s3,4,184,0.07053,0.7278,0.01134,
L0_s3,4,185,0.09053,0.33599,0.01366,
L0_s3,4,186,0.08778,0.76565,0.01022,
L0_s3,4,187,0.11524,0.59836,0.00988,
L0_s3,4,188,0.09279,0.39574,0.01495,
L0_s3,4,189,0.10771,0.67567,0.0093,
L0_s3,4,190,0.1002,0.16078,0.02334,
L0_s3,4,191,0.09612,0.16614,0.01846,
A2_auxfree,2,0,0.00245,0.93835,0.00651,0.85288
A2_auxfree,2,1,0.0,0.95045,0.0,0.85063
A2_auxfree,2,2,0.0316,0.08048,0.02882,0.88289
A2_auxfree,2,3,0.01398,0.03501,0.04798,0.90121
A2_auxfree,2,4,0.2952,0.68877,0.00884,0.85182
A2_auxfree,2,5,0.2006,0.55749,0.00969,0.89822
A2_auxfree,2,6,0.13562,0.32921,0.01151,0.90121
A2_auxfree,2,7,0.16238,0.41645,0.01186,0.85692
A2_auxfree,2,8,0.02827,0.02652,0.06817,0.89233
A2_auxfree,2,9,0.23442,0.84271,0.00854,0.87321
A2_auxfree,2,10,0.46249,0.95808,0.00791,0.87408
A2_auxfree,2,11,0.03506,0.60098,0.01128,0.86143
A2_auxfree,2,12,0.0717,0.53483,0.01132,0.9138
A2_auxfree,2,13,0.01447,0.13495,0.02488,0.87766
A2_auxfree,2,14,0.15768,0.69282,0.00836,0.82684
A2_auxfree,2,15,0.00105,0.93091,0.00671,0.87567
A2_auxfree,2,16,0.03473,0.68871,0.0109,0.84335
A2_auxfree,2,17,0.04476,0.58666,0.0116,0.90577
A2_auxfree,2,18,0.09356,0.09196,0.03063,0.88223
A2_auxfree,2,19,0.16444,0.39934,0.01345,0.87127
A2_auxfree,2,20,0.0,0.95554,0.0,0.8332
A2_auxfree,2,21,0.01677,0.17461,0.02326,0.91819
A2_auxfree,2,22,0.04155,0.54632,0.00935,0.8807
A2_auxfree,2,23,0.08718,0.22847,0.01873,0.91863
A2_auxfree,2,24,0.0,0.95801,0.0,0.89685
A2_auxfree,2,25,0.23457,0.86801,0.00771,0.88074
A2_auxfree,2,26,0.00027,0.94257,0.0065,0.85741
A2_auxfree,2,27,0.02351,0.21288,0.0176,0.82153
A2_auxfree,2,28,0.07803,0.90509,0.00733,0.87616
A2_auxfree,2,29,0.0,0.94084,0.0,0.88567
A2_auxfree,2,30,0.0,0.95274,0.0,0.90479
A2_auxfree,2,31,0.08649,0.15176,0.01996,0.86914
A2_auxfree,2,32,0.05707,0.51173,0.0101,0.87888
A2_auxfree,2,33,0.0407,0.12369,0.02808,0.87344
A2_auxfree,2,34,0.01002,0.20871,0.02232,0.83856
A2_auxfree,2,35,0.08933,0.8547,0.00763,0.87213
A2_auxfree,2,36,0.13042,0.10802,0.03056,0.8802
A2_auxfree,2,37,0.05421,0.84897,0.00865,0.87552
A2_auxfree,2,38,0.0,0.9686,0.0,0.88881
A2_auxfree,2,39,0.0126,0.49711,0.01179,0.85292
A2_auxfree,2,40,0.11097,0.48732,0.01065,0.85199
A2_auxfree,2,41,0.02515,0.63129,0.01088,0.89853
A2_auxfree,2,42,0.18036,0.63837,0.00983,0.84366
A2_auxfree,2,43,0.0,0.95599,0.0,0.86539
A2_auxfree,2,44,0.05388,0.45006,0.01245,0.85593
A2_auxfree,2,45,0.14642,0.13182,0.02559,0.8521
A2_auxfree,2,46,0.12,0.0952,0.03172,0.83805
A2_auxfree,2,47,0.05503,0.3584,0.01389,0.85036
A2_auxfree,2,48,0.00016,0.93298,0.00674,0.87035
A2_auxfree,2,49,0.3307,0.82731,0.00811,0.79648
A2_auxfree,2,50,0.13699,0.30111,0.01232,0.86071
A2_auxfree,2,51,0.03085,0.88109,0.00831,0.90282
A2_auxfree,2,52,0.05991,0.7514,0.00932,0.88047
A2_auxfree,2,53,0.01598,0.50349,0.00998,0.87181
A2_auxfree,2,54,0.47504,0.90506,0.00815,0.88643
A2_auxfree,2,55,0.0651,0.70055,0.00854,0.91959
A2_auxfree,2,56,0.14394,0.18534,0.01734,0.86454
A2_auxfree,2,57,0.03351,0.17984,0.01884,0.87976
A2_auxfree,2,58,0.0,0.95206,0.0,0.85342
A2_auxfree,2,59,0.00215,0.92027,0.00607,0.84943
A2_auxfree,2,60,0.0,0.94549,0.0,0.8718
A2_auxfree,2,61,0.14005,0.73585,0.0092,0.84738
A2_auxfree,2,62,0.20997,0.92082,0.00781,0.85037
A2_auxfree,2,63,0.0051,0.0495,0.03854,0.89751
A2_auxfree,2,64,0.00712,0.94049,0.00629,0.87273
A2_auxfree,2,65,0.07629,0.90789,0.00725,0.88171
A2_auxfree,2,66,0.01641,0.29185,0.01452,0.89364
A2_auxfree,2,67,0.0046,0.93469,0.00589,0.84016
A2_auxfree,2,68,0.17918,0.19274,0.01792,0.87189
A2_auxfree,2,69,0.0,0.96605,0.0,0.88564
A2_auxfree,2,70,0.68568,0.89106,0.00883,0.86676
A2_auxfree,2,71,0.04092,0.4748,0.01104,0.87435
A2_auxfree,2,72,0.0,0.96688,0.0,0.86758
A2_auxfree,2,73,0.02678,0.56712,0.00987,0.90524
A2_auxfree,2,74,0.21284,0.69474,0.00889,0.85405
A2_auxfree,2,75,0.33071,0.87176,0.00838,0.91496
A2_auxfree,2,76,0.02456,0.3096,0.01509,0.87724
A2_auxfree,2,77,0.12654,0.0922,0.03149,0.88311
A2_auxfree,2,78,0.0,0.95395,0.0,0.86432
A2_auxfree,2,79,0.12337,0.21669,0.01636,0.87229
A2_auxfree,2,80,0.03743,0.15846,0.02231,0.89227
A2_auxfree,2,81,0.04995,0.61921,0.00883,0.84424
A2_auxfree,2,82,0.05018,0.09614,0.0299,0.87218
A2_auxfree,2,83,0.01571,0.4052,0.01294,0.85173
A2_auxfree,2,84,0.02988,0.65683,0.0101,0.87722
A2_auxfree,2,85,0.0743,0.8621,0.00821,0.89247
A2_auxfree,2,86,0.07803,0.82165,0.0081,0.8678
A2_auxfree,2,87,0.08508,0.07275,0.03358,0.85109
A2_auxfree,2,88,0.19482,0.1744,0.01761,0.88665
A2_auxfree,2,89,0.18164,0.91217,0.00736,0.84129
A2_auxfree,2,90,0.13003,0.8567,0.00754,0.88657
A2_auxfree,2,91,0.06581,0.40358,0.0101,0.88534
A2_auxfree,2,92,0.09074,0.55271,0.01039,0.8757
A2_auxfree,2,93,0.0967,0.50889,0.00944,0.87105
A2_auxfree,2,94,0.07359,0.59508,0.00887,0.87763
A2_auxfree,2,95,0.03754,0.45357,0.01119,0.87558
A2_auxfree,2,96,0.02216,0.40595,0.01185,0.88769
A2_auxfree,2,97,0.02921,0.31947,0.01302,0.86977
A2_auxfree,2,98,0.0405,0.69871,0.01008,0.85121
A2_auxfree,2,99,0.04981,0.92828,0.00699,0.86211
A2_auxfree,2,100,0.0324,0.2043,0.0184,0.87839
A2_auxfree,2,101,0.0,0.95066,0.0,0.86783
A2_auxfree,2,102,0.05214,0.63927,0.00843,0.85259
A2_auxfree,2,103,0.01443,0.31352,0.01818,0.87549
A2_auxfree,2,104,0.0,0.96215,0.0,0.86624
A2_auxfree,2,105,0.14211,0.26944,0.01649,0.87054
A2_auxfree,2,106,0.02807,0.28838,0.01646,0.8462
A2_auxfree,2,107,0.06681,0.15997,0.01878,0.87174
A2_auxfree,2,108,0.04639,0.07235,0.03719,0.87891
A2_auxfree,2,109,0.29183,0.68625,0.00915,0.87997
A2_auxfree,2,110,0.08266,0.84247,0.00838,0.86372
A2_auxfree,2,111,0.42101,0.87391,0.00787,0.86306
A2_auxfree,2,112,0.03179,0.1094,0.02371,0.86286
A2_auxfree,2,113,0.16,0.70541,0.00915,0.85393
A2_auxfree,2,114,0.01387,0.05555,0.04094,0.85482
A2_auxfree,2,115,0.1467,0.89383,0.00757,0.852
A2_auxfree,2,116,0.0,0.94446,0.0,0.86609
A2_auxfree,2,117,0.0872,0.60247,0.00849,0.8734
A2_auxfree,2,118,0.01266,0.20968,0.0162,0.88044
A2_auxfree,2,119,0.05752,0.10712,0.01804,0.90543
A2_auxfree,2,120,0.25532,0.42867,0.01078,0.87139
A2_auxfree,2,121,0.10417,0.06725,0.03453,0.83474
A2_auxfree,2,122,0.04359,0.74685,0.00893,0.85555
A2_auxfree,2,123,0.0,0.95862,0.0,0.85723
A2_auxfree,2,124,0.36295,0.2841,0.01491,0.88133
A2_auxfree,2,125,0.07981,0.16027,0.02073,0.87387
A2_auxfree,2,126,0.0,0.95912,0.0,0.90369
A2_auxfree,2,127,0.10011,0.76104,0.00858,0.84656
A2_auxfree,2,128,0.05096,0.20062,0.01721,0.89491
A2_auxfree,2,129,0.11537,0.18538,0.0157,0.86406
A2_auxfree,2,130,0.06737,0.81653,0.00728,0.87443
A2_auxfree,2,131,0.03677,0.56068,0.0116,0.87153
A2_auxfree,2,132,0.44437,0.91447,0.0082,0.83494
A2_auxfree,2,133,0.23251,0.81097,0.00817,0.92058
A2_auxfree,2,134,0.00632,0.34167,0.01166,0.86595
A2_auxfree,2,135,0.18314,0.76078,0.00849,0.87142
A2_auxfree,2,136,0.12822,0.13495,0.01973,0.8957
A2_auxfree,2,137,0.11002,0.91255,0.0067,0.84564
A2_auxfree,2,138,0.09581,0.76066,0.00945,0.87553
A2_auxfree,2,139,0.08933,0.4703,0.01087,0.90279
A2_auxfree,2,140,0.5054,0.85387,0.0081,0.8654
A2_auxfree,2,141,0.03787,0.5019,0.012,0.85211
A2_auxfree,2,142,0.0,0.96888,0.0,0.87658
A2_auxfree,2,143,0.14523,0.68594,0.00849,0.86138
A2_auxfree,2,144,0.0511,0.08959,0.03256,0.86396
A2_auxfree,2,145,0.0693,0.56674,0.01029,0.8656
A2_auxfree,2,146,0.00053,0.95852,0.00798,0.86169
A2_auxfree,2,147,0.11385,0.88981,0.00795,0.8947
A2_auxfree,2,148,0.00343,0.93411,0.00636,0.82762
A2_auxfree,2,149,0.28625,0.77352,0.00823,0.83139
A2_auxfree,2,150,0.00669,0.01918,0.06088,0.93874
A2_auxfree,2,151,0.05049,0.21871,0.01774,0.86102
A2_auxfree,2,152,0.05995,0.32552,0.01327,0.93839
A2_auxfree,2,153,0.05309,0.12513,0.02745,0.88738
A2_auxfree,2,154,0.23284,0.89414,0.00731,0.90072
A2_auxfree,2,155,0.08441,0.13438,0.02403,0.83163
A2_auxfree,2,156,0.06248,0.61799,0.00884,0.90164
A2_auxfree,2,157,0.02193,0.06761,0.04891,0.8727
A2_auxfree,2,158,0.34142,0.21574,0.01674,0.91438
A2_auxfree,2,159,0.0,0.96065,0.0,0.86098
A2_auxfree,2,160,0.21476,0.50604,0.01068,0.86563
A2_auxfree,2,161,0.05331,0.07859,0.03551,0.8649
A2_auxfree,2,162,0.19412,0.2804,0.01485,0.84836
A2_auxfree,2,163,0.29736,0.24561,0.01863,0.8763
A2_auxfree,2,164,0.06557,0.26404,0.01374,0.84483
A2_auxfree,2,165,0.06975,0.19958,0.01888,0.85911
A2_auxfree,2,166,0.02963,0.46826,0.0118,0.89615
A2_auxfree,2,167,0.0107,0.03027,0.05388,0.86003
A2_auxfree,2,168,0.11707,0.22607,0.01286,0.86561
A2_auxfree,2,169,0.26996,0.38657,0.01176,0.8729
A2_auxfree,2,170,0.03413,0.58823,0.00934,0.8794
A2_auxfree,2,171,0.06391,0.83059,0.00703,0.88676
A2_auxfree,2,172,0.0,0.94836,0.0,0.8726
A2_auxfree,2,173,0.0,0.946,0.0,0.86391
A2_auxfree,2,174,0.01652,0.22881,0.01579,0.92102
A2_auxfree,2,175,0.25079,0.76484,0.00791,0.84914
A2_auxfree,2,176,0.0,0.94479,0.0,0.8709
A2_auxfree,2,177,0.0,0.95048,0.0,0.85962
A2_auxfree,2,178,0.04397,0.64404,0.00883,0.86945
A2_auxfree,2,179,0.06867,0.81508,0.00892,0.83643
A2_auxfree,2,180,0.0,0.973,0.0,0.89682
A2_auxfree,2,181,0.02022,0.41758,0.01126,0.82494
A2_auxfree,2,182,0.01688,0.13425,0.0254,0.90908
A2_auxfree,2,183,0.0843,0.66691,0.00873,0.89409
A2_auxfree,2,184,0.01405,0.07508,0.0379,0.87275
A2_auxfree,2,185,0.3811,0.65093,0.009,0.88662
A2_auxfree,2,186,0.09556,0.13441,0.02674,0.88169
A2_auxfree,2,187,0.01025,0.0263,0.06803,0.86347
A2_auxfree,2,188,0.17062,0.66506,0.0096,0.88958
A2_auxfree,2,189,0.02468,0.37303,0.01351,0.88915
A2_auxfree,2,190,0.20943,0.44009,0.01129,0.84401
A2_auxfree,2,191,0.07615,0.58104,0.00965,0.86386
A2_auxfree,3,0,0.01543,0.13958,0.01956,0.82893
A2_auxfree,3,1,0.00581,0.36201,0.01325,0.89305
A2_auxfree,3,2,0.14413,0.89881,0.00886,0.85975
A2_auxfree,3,3,0.31085,0.83122,0.00865,0.86323
A2_auxfree,3,4,0.076,0.42152,0.01426,0.87038
A2_auxfree,3,5,0.14915,0.29086,0.01213,0.85626
A2_auxfree,3,6,0.09722,0.87094,0.00836,0.85937
A2_auxfree,3,7,0.32016,0.8349,0.00897,0.86691
A2_auxfree,3,8,0.36164,0.35941,0.01457,0.89314
A2_auxfree,3,9,0.08234,0.8761,0.00848,0.8759
A2_auxfree,3,10,0.02211,0.23757,0.01876,0.84305
A2_auxfree,3,11,0.13192,0.23995,0.01805,0.9217
A2_auxfree,3,12,0.02737,0.9282,0.00805,0.88445
A2_auxfree,3,13,0.02968,0.28477,0.01622,0.89256
A2_auxfree,3,14,0.03282,0.38835,0.01455,0.90156
A2_auxfree,3,15,0.09789,0.52039,0.01117,0.89679
A2_auxfree,3,16,0.05683,0.52551,0.01123,0.82228
A2_auxfree,3,17,0.22884,0.73083,0.01032,0.90873
A2_auxfree,3,18,0.0,0.94764,0.0,0.87475
A2_auxfree,3,19,0.02319,0.60102,0.00941,0.847
A2_auxfree,3,20,0.02377,0.5928,0.01039,0.87266
A2_auxfree,3,21,0.14198,0.91129,0.00809,0.8772
A2_auxfree,3,22,0.02093,0.34446,0.01401,0.88235
A2_auxfree,3,23,0.19989,0.8817,0.00879,0.85662
A2_auxfree,3,24,0.11036,0.53084,0.01256,0.94471
A2_auxfree,3,25,0.03356,0.47804,0.01095,0.84059
A2_auxfree,3,26,0.05838,0.13753,0.02182,0.86657
A2_auxfree,3,27,0.00737,0.04752,0.04641,0.83142
A2_auxfree,3,28,0.09229,0.80756,0.00886,0.87097
A2_auxfree,3,29,0.01331,0.39664,0.01342,0.87381
A2_auxfree,3,30,0.09913,0.87995,0.00847,0.86775
A2_auxfree,3,31,0.04307,0.58214,0.01205,0.86808
A2_auxfree,3,32,0.28802,0.91612,0.00859,0.85944
A2_auxfree,3,33,0.12806,0.55525,0.01084,0.85862
A2_auxfree,3,34,0.05717,0.15596,0.02121,0.83513
A2_auxfree,3,35,0.0166,0.4405,0.01113,0.93964
A2_auxfree,3,36,0.09138,0.80583,0.00965,0.87825
A2_auxfree,3,37,0.02985,0.03727,0.04374,0.82986
A2_auxfree,3,38,0.51691,0.86598,0.00923,0.90297
A2_auxfree,3,39,0.14972,0.68747,0.00956,0.90034
A2_auxfree,3,40,0.28992,0.8261,0.00905,0.85162
A2_auxfree,3,41,0.12185,0.60692,0.01002,0.92838
A2_auxfree,3,42,0.07526,0.77018,0.00929,0.87638
A2_auxfree,3,43,0.1083,0.29366,0.01652,0.8613
A2_auxfree,3,44,0.02121,0.36217,0.0149,0.88353
A2_auxfree,3,45,0.13967,0.53225,0.01187,0.86658
A2_auxfree,3,46,0.04645,0.5723,0.01202,0.94966
A2_auxfree,3,47,0.09152,0.19154,0.01837,0.87915
A2_auxfree,3,48,0.06984,0.39979,0.01451,0.89384
A2_auxfree,3,49,0.01657,0.94012,0.00738,0.88334
A2_auxfree,3,50,0.18885,0.87651,0.00781,0.87726
A2_auxfree,3,51,0.19271,0.91502,0.00857,0.8763
A2_auxfree,3,52,0.43832,0.91384,0.00895,0.87823
A2_auxfree,3,53,0.1818,0.6769,0.00991,0.90554
A2_auxfree,3,54,0.02975,0.40298,0.01233,0.82874
A2_auxfree,3,55,0.08369,0.9374,0.00762,0.91232
A2_auxfree,3,56,0.02982,0.36992,0.01253,0.88533
A2_auxfree,3,57,0.07358,0.28359,0.01686,0.88723
A2_auxfree,3,58,0.06659,0.1242,0.02867,0.84064
A2_auxfree,3,59,0.03138,0.0592,0.03482,0.91651
A2_auxfree,3,60,0.17125,0.76284,0.00989,0.85067
A2_auxfree,3,61,0.03907,0.63703,0.01209,0.89375
A2_auxfree,3,62,0.09744,0.4993,0.01121,0.87274
A2_auxfree,3,63,0.09693,0.86936,0.00887,0.86309
A2_auxfree,3,64,0.04131,0.5732,0.01043,0.88075
A2_auxfree,3,65,0.07279,0.84913,0.00876,0.88204
A2_auxfree,3,66,0.19355,0.80056,0.0096,0.88678
A2_auxfree,3,67,0.00951,0.37327,0.0141,0.88457
A2_auxfree,3,68,0.14887,0.62635,0.01087,0.89739
A2_auxfree,3,69,0.15002,0.78153,0.00836,0.9044
A2_auxfree,3,70,0.07958,0.71847,0.00916,0.8669
A2_auxfree,3,71,0.06584,0.71641,0.01014,0.85088
A2_auxfree,3,72,0.11921,0.2905,0.0164,0.91722
A2_auxfree,3,73,0.05442,0.28435,0.01538,0.89634
A2_auxfree,3,74,0.03714,0.12698,0.02986,0.8851
A2_auxfree,3,75,0.16605,0.34422,0.01585,0.87123
A2_auxfree,3,76,0.4435,0.89283,0.00884,0.84729
A2_auxfree,3,77,0.06339,0.3806,0.0137,0.89654
A2_auxfree,3,78,0.13303,0.77053,0.00998,0.87918
A2_auxfree,3,79,0.05524,0.12834,0.02906,0.86279
A2_auxfree,3,80,0.05618,0.72206,0.00966,0.86007
A2_auxfree,3,81,0.05099,0.72829,0.01076,0.90422
A2_auxfree,3,82,0.03473,0.38571,0.01324,0.8964
A2_auxfree,3,83,0.08122,0.43085,0.01165,0.87872
A2_auxfree,3,84,0.24681,0.76893,0.00901,0.8915
A2_auxfree,3,85,0.10384,0.14221,0.02456,0.85878
A2_auxfree,3,86,0.03414,0.8544,0.00871,0.84141
A2_auxfree,3,87,0.02989,0.49042,0.01271,0.86801
A2_auxfree,3,88,0.11622,0.37745,0.0134,0.89454
A2_auxfree,3,89,0.0217,0.16954,0.02024,0.84309
A2_auxfree,3,90,0.09895,0.10776,0.03007,0.85306
A2_auxfree,3,91,0.04874,0.09106,0.03195,0.88855
A2_auxfree,3,92,0.04768,0.23724,0.01733,0.8423
A2_auxfree,3,93,0.03575,0.24543,0.01818,0.87609
A2_auxfree,3,94,0.05458,0.07442,0.03023,0.84189
A2_auxfree,3,95,0.06159,0.36,0.01605,0.89133
A2_auxfree,3,96,0.23703,0.87138,0.00935,0.89437
A2_auxfree,3,97,0.20358,0.31505,0.01422,0.89452
A2_auxfree,3,98,0.05085,0.59983,0.00957,0.8483
A2_auxfree,3,99,0.0787,0.37101,0.01458,0.85158
A2_auxfree,3,100,0.02543,0.93413,0.00839,0.83295
A2_auxfree,3,101,0.38675,0.81482,0.00931,0.88197
A2_auxfree,3,102,0.00964,0.01083,0.09273,0.87026
A2_auxfree,3,103,0.06036,0.68643,0.00947,0.91539
A2_auxfree,3,104,0.09512,0.71761,0.00981,0.86185
A2_auxfree,3,105,0.04556,0.15424,0.02264,0.87334
A2_auxfree,3,106,0.06225,0.49579,0.0125,0.86755
A2_auxfree,3,107,0.05031,0.62884,0.01042,0.88058
A2_auxfree,3,108,0.07298,0.70429,0.00958,0.89203
A2_auxfree,3,109,0.1997,0.89154,0.00926,0.89495
A2_auxfree,3,110,0.0,0.96155,0.0,0.87502
A2_auxfree,3,111,0.05302,0.75882,0.00902,0.87071
A2_auxfree,3,112,0.04578,0.64686,0.00988,0.8893
A2_auxfree,3,113,0.01247,0.08744,0.03462,0.89543
A2_auxfree,3,114,0.05527,0.09972,0.02236,0.84427
A2_auxfree,3,115,0.13736,0.68546,0.00972,0.89961
A2_auxfree,3,116,0.10368,0.54017,0.01087,0.89249
A2_auxfree,3,117,0.05263,0.72972,0.01042,0.84003
A2_auxfree,3,118,0.06122,0.15354,0.02217,0.91487
A2_auxfree,3,119,0.22846,0.80287,0.00884,0.90126
A2_auxfree,3,120,0.01663,0.51253,0.01438,0.89261
A2_auxfree,3,121,0.05644,0.73944,0.00891,0.89845
A2_auxfree,3,122,0.03677,0.53856,0.01144,0.86982
A2_auxfree,3,123,0.0219,0.92016,0.00783,0.89241
A2_auxfree,3,124,0.12856,0.89146,0.00805,0.92398
A2_auxfree,3,125,0.15966,0.67552,0.01032,0.91761
A2_auxfree,3,126,0.05025,0.32335,0.01543,0.81936
A2_auxfree,3,127,0.02495,0.10787,0.02435,0.83716
A2_auxfree,3,128,0.01947,0.94055,0.00776,0.88484
A2_auxfree,3,129,0.11028,0.7366,0.00817,0.87862
A2_auxfree,3,130,0.18748,0.28113,0.01549,0.88037
A2_auxfree,3,131,0.07886,0.09718,0.03234,0.86606
A2_auxfree,3,132,0.02768,0.10358,0.03686,0.8701
A2_auxfree,3,133,0.0,0.96824,0.0,0.83436
A2_auxfree,3,134,0.06895,0.66462,0.01046,0.85432
A2_auxfree,3,135,0.03427,0.15598,0.01989,0.86706
A2_auxfree,3,136,0.11987,0.85936,0.00941,0.88133
A2_auxfree,3,137,0.0386,0.64322,0.01001,0.89594
A2_auxfree,3,138,0.08865,0.30594,0.01634,0.86517
A2_auxfree,3,139,0.00545,0.94858,0.00736,0.84551
A2_auxfree,3,140,0.0647,0.17848,0.02095,0.9015
A2_auxfree,3,141,0.14767,0.24099,0.01602,0.86165
A2_auxfree,3,142,0.09788,0.82722,0.00815,0.87807
A2_auxfree,3,143,0.04964,0.21782,0.0184,0.87489
A2_auxfree,3,144,0.4005,0.75773,0.00941,0.83214
A2_auxfree,3,145,0.04978,0.58147,0.01078,0.92573
A2_auxfree,3,146,0.092,0.4296,0.01256,0.88802
A2_auxfree,3,147,0.31815,0.19715,0.02313,0.90279
A2_auxfree,3,148,0.03005,0.2627,0.01811,0.87751
A2_auxfree,3,149,0.16618,0.80489,0.00973,0.87639
A2_auxfree,3,150,0.0,0.9568,0.0,0.92459
A2_auxfree,3,151,0.1026,0.84641,0.00824,0.87979
A2_auxfree,3,152,0.0,0.96397,0.0,0.86723
A2_auxfree,3,153,0.09506,0.7565,0.00968,0.89769
A2_auxfree,3,154,0.0,0.95771,0.0,0.89977
A2_auxfree,3,155,0.00011,0.96479,0.00668,0.90338
A2_auxfree,3,156,0.08059,0.80895,0.01014,0.88023
A2_auxfree,3,157,0.04015,0.5932,0.01039,0.85993
A2_auxfree,3,158,0.0,0.96882,0.0,0.85797
A2_auxfree,3,159,0.00018,0.95677,0.00649,0.86905
A2_auxfree,3,160,0.03519,0.43116,0.01366,0.81932
A2_auxfree,3,161,0.06103,0.5845,0.01113,0.86422
A2_auxfree,3,162,0.01875,0.31672,0.01426,0.90268
A2_auxfree,3,163,0.04531,0.89361,0.00763,0.92471
A2_auxfree,3,164,0.02477,0.03787,0.05237,0.90205
A2_auxfree,3,165,0.26353,0.88929,0.00862,0.88355
A2_auxfree,3,166,5e-05,0.95746,0.00832,0.81486
A2_auxfree,3,167,0.33663,0.83382,0.00877,0.89847
A2_auxfree,3,168,0.08648,0.10036,0.03468,0.86536
A2_auxfree,3,169,0.08615,0.84777,0.00818,0.88336
A2_auxfree,3,170,0.03947,0.76111,0.00854,0.88563
A2_auxfree,3,171,0.15417,0.16212,0.02158,0.85596
A2_auxfree,3,172,0.0435,0.2787,0.01525,0.88492
A2_auxfree,3,173,0.03591,0.40139,0.01392,0.86496
A2_auxfree,3,174,0.0,0.96258,0.0,0.89176
A2_auxfree,3,175,0.00867,0.11845,0.03119,0.89853
A2_auxfree,3,176,0.07124,0.59804,0.01111,0.89937
A2_auxfree,3,177,0.06508,0.36099,0.01334,0.86295
A2_auxfree,3,178,0.0938,0.17007,0.01852,0.89061
A2_auxfree,3,179,0.02094,0.13962,0.02626,0.88876
A2_auxfree,3,180,0.07837,0.6114,0.01091,0.87961
A2_auxfree,3,181,0.01273,0.2188,0.02699,0.83166
A2_auxfree,3,182,0.02404,0.20464,0.01698,0.8927
A2_auxfree,3,183,0.04151,0.61512,0.01036,0.89252
A2_auxfree,3,184,0.47862,0.91037,0.00938,0.86448
A2_auxfree,3,185,0.22671,0.66637,0.00994,0.82798
A2_auxfree,3,186,0.10732,0.27927,0.01856,0.84374
A2_auxfree,3,187,0.02293,0.87141,0.0082,0.85315
A2_auxfree,3,188,0.00318,0.93941,0.00701,0.8498
A2_auxfree,3,189,0.10341,0.42633,0.01289,0.86631
A2_auxfree,3,190,0.04955,0.70989,0.00909,0.88143
A2_auxfree,3,191,0.02952,0.10538,0.03272,0.88971
A2_auxfree,4,0,0.02679,0.25259,0.01857,
A2_auxfree,4,1,0.12605,0.932,0.00911,
A2_auxfree,4,2,0.02516,0.45492,0.01398,
A2_auxfree,4,3,0.17126,0.43823,0.01178,
A2_auxfree,4,4,0.02151,0.58718,0.01159,
A2_auxfree,4,5,0.09724,0.55374,0.01069,
A2_auxfree,4,6,0.01214,0.15345,0.0284,
A2_auxfree,4,7,0.06742,0.74778,0.0098,
A2_auxfree,4,8,0.10724,0.14958,0.02704,
A2_auxfree,4,9,0.0433,0.67668,0.01112,
A2_auxfree,4,10,0.02804,0.13271,0.02577,
A2_auxfree,4,11,0.11101,0.37953,0.01399,
A2_auxfree,4,12,0.05991,0.72522,0.01158,
A2_auxfree,4,13,0.10755,0.87957,0.00863,
A2_auxfree,4,14,0.07599,0.73596,0.00996,
A2_auxfree,4,15,0.20625,0.89962,0.00915,
A2_auxfree,4,16,0.01916,0.13732,0.02252,
A2_auxfree,4,17,0.23753,0.35828,0.01329,
A2_auxfree,4,18,0.07491,0.57919,0.01107,
A2_auxfree,4,19,0.02203,0.35237,0.01338,
A2_auxfree,4,20,0.03812,0.28758,0.01769,
A2_auxfree,4,21,0.07314,0.67281,0.01077,
A2_auxfree,4,22,0.07212,0.73261,0.01115,
A2_auxfree,4,23,0.0392,0.66497,0.01191,
A2_auxfree,4,24,0.14386,0.94435,0.0091,
A2_auxfree,4,25,0.1704,0.72312,0.00912,
A2_auxfree,4,26,0.0378,0.76626,0.00928,
A2_auxfree,4,27,0.02481,0.37469,0.01493,
A2_auxfree,4,28,0.25248,0.19112,0.01978,
A2_auxfree,4,29,0.04063,0.40615,0.01558,
A2_auxfree,4,30,0.07795,0.14777,0.02198,
A2_auxfree,4,31,0.13062,0.46167,0.01233,
A2_auxfree,4,32,0.132,0.76532,0.01094,
A2_auxfree,4,33,0.06753,0.71006,0.011,
A2_auxfree,4,34,0.02109,0.15225,0.0231,
A2_auxfree,4,35,0.05402,0.55053,0.01246,
A2_auxfree,4,36,0.09222,0.24474,0.01796,
A2_auxfree,4,37,0.00188,0.95585,0.00722,
A2_auxfree,4,38,0.06117,0.72569,0.01041,
A2_auxfree,4,39,0.05109,0.81291,0.00961,
A2_auxfree,4,40,0.21072,0.88678,0.00985,
A2_auxfree,4,41,0.15463,0.9354,0.00901,
A2_auxfree,4,42,0.01205,0.1037,0.02435,
A2_auxfree,4,43,0.06108,0.73144,0.01129,
A2_auxfree,4,44,0.14178,0.64496,0.01158,
A2_auxfree,4,45,0.09029,0.64771,0.01109,
A2_auxfree,4,46,0.0,0.96126,0.0,
A2_auxfree,4,47,0.08231,0.77616,0.00944,
A2_auxfree,4,48,0.03554,0.72584,0.01014,
A2_auxfree,4,49,0.06799,0.66221,0.01174,
A2_auxfree,4,50,0.04649,0.7867,0.01019,
A2_auxfree,4,51,0.09933,0.3993,0.01595,
A2_auxfree,4,52,0.18088,0.8158,0.01003,
A2_auxfree,4,53,0.05845,0.694,0.00969,
A2_auxfree,4,54,0.01736,0.228,0.02851,
A2_auxfree,4,55,0.106,0.7728,0.00935,
A2_auxfree,4,56,0.12982,0.07976,0.04413,
A2_auxfree,4,57,0.03943,0.12487,0.02861,
A2_auxfree,4,58,0.00791,0.0422,0.05084,
A2_auxfree,4,59,0.04153,0.20193,0.02162,
A2_auxfree,4,60,0.15456,0.65017,0.01184,
A2_auxfree,4,61,0.10452,0.96431,0.00837,
A2_auxfree,4,62,0.0521,0.0733,0.03086,
A2_auxfree,4,63,0.00454,0.94546,0.00771,
A2_auxfree,4,64,0.07014,0.62949,0.01067,
A2_auxfree,4,65,0.03692,0.73728,0.00928,
A2_auxfree,4,66,0.22627,0.71424,0.0108,
A2_auxfree,4,67,0.08434,0.12728,0.02908,
A2_auxfree,4,68,0.12563,0.76484,0.0105,
A2_auxfree,4,69,0.1001,0.59682,0.01267,
A2_auxfree,4,70,0.09138,0.26524,0.01639,
A2_auxfree,4,71,0.04822,0.8543,0.00835,
A2_auxfree,4,72,0.10838,0.84683,0.00843,
A2_auxfree,4,73,0.15425,0.90132,0.00944,
A2_auxfree,4,74,0.12168,0.90878,0.00905,
A2_auxfree,4,75,0.02805,0.29566,0.01707,
A2_auxfree,4,76,0.01851,0.63216,0.00984,
A2_auxfree,4,77,0.0,0.96728,0.0,
A2_auxfree,4,78,0.03814,0.53462,0.01276,
A2_auxfree,4,79,0.23917,0.43993,0.01231,
A2_auxfree,4,80,0.02151,0.68043,0.01191,
A2_auxfree,4,81,0.13606,0.13242,0.0305,
A2_auxfree,4,82,0.11446,0.47494,0.01163,
A2_auxfree,4,83,0.06076,0.3577,0.01525,
A2_auxfree,4,84,0.03185,0.68555,0.01188,
A2_auxfree,4,85,0.05704,0.4842,0.01362,
A2_auxfree,4,86,0.10419,0.67692,0.01162,
A2_auxfree,4,87,0.10996,0.66119,0.01033,
A2_auxfree,4,88,0.05132,0.73246,0.01048,
A2_auxfree,4,89,0.04765,0.13489,0.02601,
A2_auxfree,4,90,0.05482,0.55613,0.01076,
A2_auxfree,4,91,0.04498,0.61271,0.01048,
A2_auxfree,4,92,0.05075,0.34786,0.01462,
A2_auxfree,4,93,0.0537,0.30194,0.0158,
A2_auxfree,4,94,0.29583,0.74797,0.01062,
A2_auxfree,4,95,0.39282,0.88308,0.00926,
A2_auxfree,4,96,0.13612,0.20835,0.02385,
A2_auxfree,4,97,0.04955,0.76785,0.0093,
A2_auxfree,4,98,0.07898,0.76281,0.01066,
A2_auxfree,4,99,0.02345,0.51191,0.01213,
A2_auxfree,4,100,0.01522,0.09774,0.03203,
A2_auxfree,4,101,0.0816,0.20559,0.01793,
A2_auxfree,4,102,0.04419,0.39199,0.01263,
A2_auxfree,4,103,0.12103,0.87734,0.00821,
A2_auxfree,4,104,0.03983,0.35715,0.01544,
A2_auxfree,4,105,0.217,0.88629,0.00952,
A2_auxfree,4,106,0.04334,0.67919,0.00985,
A2_auxfree,4,107,0.14757,0.94991,0.00836,
A2_auxfree,4,108,0.11738,0.57567,0.01172,
A2_auxfree,4,109,0.07101,0.62049,0.01131,
A2_auxfree,4,110,0.03202,0.24618,0.01547,
A2_auxfree,4,111,0.06536,0.601,0.01036,
A2_auxfree,4,112,0.0799,0.62301,0.01213,
A2_auxfree,4,113,0.16979,0.21891,0.01925,
A2_auxfree,4,114,0.04694,0.94415,0.00874,
A2_auxfree,4,115,0.33789,0.89863,0.00917,
A2_auxfree,4,116,0.1025,0.13421,0.03136,
A2_auxfree,4,117,0.17727,0.7682,0.01042,
A2_auxfree,4,118,0.0805,0.82821,0.00919,
A2_auxfree,4,119,0.12562,0.67726,0.01064,
A2_auxfree,4,120,0.18807,0.67944,0.01124,
A2_auxfree,4,121,0.07046,0.75368,0.01041,
A2_auxfree,4,122,0.07706,0.52065,0.0118,
A2_auxfree,4,123,0.16488,0.90792,0.0088,
A2_auxfree,4,124,0.20007,0.45174,0.01196,
A2_auxfree,4,125,0.1546,0.84141,0.0094,
A2_auxfree,4,126,0.22976,0.83839,0.0092,
A2_auxfree,4,127,0.03321,0.76647,0.01032,
A2_auxfree,4,128,0.03818,0.60905,0.01073,
A2_auxfree,4,129,0.14407,0.31203,0.01593,
A2_auxfree,4,130,0.03629,0.13967,0.02608,
A2_auxfree,4,131,0.05505,0.8432,0.00932,
A2_auxfree,4,132,0.02496,0.77086,0.00947,
A2_auxfree,4,133,0.15388,0.90148,0.00867,
A2_auxfree,4,134,0.0241,0.70151,0.00999,
A2_auxfree,4,135,0.08625,0.62191,0.01295,
A2_auxfree,4,136,0.05561,0.79636,0.00996,
A2_auxfree,4,137,0.08235,0.9487,0.00848,
A2_auxfree,4,138,0.14119,0.18505,0.01886,
A2_auxfree,4,139,0.02711,0.10291,0.02572,
A2_auxfree,4,140,0.0877,0.7031,0.01051,
A2_auxfree,4,141,0.05109,0.36474,0.01432,
A2_auxfree,4,142,0.06258,0.47786,0.01282,
A2_auxfree,4,143,0.13782,0.68888,0.01182,
A2_auxfree,4,144,0.02507,0.18445,0.0186,
A2_auxfree,4,145,0.0,0.9639,0.0,
A2_auxfree,4,146,0.0724,0.72643,0.01,
A2_auxfree,4,147,0.12715,0.49418,0.01132,
A2_auxfree,4,148,0.03862,0.50085,0.01279,
A2_auxfree,4,149,0.15369,0.24775,0.02055,
A2_auxfree,4,150,0.09391,0.20568,0.02047,
A2_auxfree,4,151,0.20253,0.37562,0.01474,
A2_auxfree,4,152,0.06436,0.34286,0.01511,
A2_auxfree,4,153,0.13663,0.29607,0.01711,
A2_auxfree,4,154,0.21751,0.89087,0.00949,
A2_auxfree,4,155,0.05711,0.17943,0.02218,
A2_auxfree,4,156,0.22569,0.86873,0.01009,
A2_auxfree,4,157,0.06172,0.38813,0.01145,
A2_auxfree,4,158,0.07885,0.75789,0.01043,
A2_auxfree,4,159,0.10498,0.63253,0.01177,
A2_auxfree,4,160,0.20408,0.91459,0.00916,
A2_auxfree,4,161,0.06953,0.14396,0.01995,
A2_auxfree,4,162,0.21667,0.33445,0.01396,
A2_auxfree,4,163,0.14022,0.85751,0.00941,
A2_auxfree,4,164,0.09333,0.58183,0.01124,
A2_auxfree,4,165,0.13381,0.84995,0.00958,
A2_auxfree,4,166,0.28342,0.7586,0.01005,
A2_auxfree,4,167,0.10703,0.19575,0.01966,
A2_auxfree,4,168,0.04035,0.12013,0.02676,
A2_auxfree,4,169,0.0302,0.4365,0.01327,
A2_auxfree,4,170,0.19516,0.86091,0.00953,
A2_auxfree,4,171,0.0403,0.32051,0.01455,
A2_auxfree,4,172,0.08268,0.53089,0.01315,
A2_auxfree,4,173,0.1032,0.47502,0.01426,
A2_auxfree,4,174,0.13127,0.71365,0.01096,
A2_auxfree,4,175,0.10369,0.70675,0.0113,
A2_auxfree,4,176,0.09676,0.74737,0.00999,
A2_auxfree,4,177,0.01174,0.06789,0.04495,
A2_auxfree,4,178,0.01172,0.96377,0.00783,
A2_auxfree,4,179,0.13034,0.60264,0.01241,
A2_auxfree,4,180,0.34806,0.42593,0.01346,
A2_auxfree,4,181,0.12596,0.46151,0.01262,
A2_auxfree,4,182,0.06438,0.57268,0.01184,
A2_auxfree,4,183,0.04278,0.3922,0.01506,
A2_auxfree,4,184,0.07908,0.66169,0.0108,
A2_auxfree,4,185,0.19836,0.80337,0.00984,
A2_auxfree,4,186,0.02081,0.75543,0.01087,
A2_auxfree,4,187,0.09409,0.6673,0.01013,
A2_auxfree,4,188,0.02621,0.75431,0.00989,
A2_auxfree,4,189,0.06344,0.6795,0.01108,
A2_auxfree,4,190,0.0225,0.33419,0.01464,
A2_auxfree,4,191,0.05735,0.30283,0.01473,
karen,2,0,0.0258,0.70339,0.01047,0.87422
karen,2,1,0.0795,0.1023,0.03265,0.87117
karen,2,2,0.01669,0.03383,0.05047,0.83194
karen,2,3,0.02881,0.10301,0.02959,0.887
karen,2,4,0.09727,0.7885,0.00913,0.88425
karen,2,5,0.08908,0.7862,0.00932,0.89689
karen,2,6,0.33537,0.86196,0.00887,0.87083
karen,2,7,0.02119,0.2007,0.02041,0.87559
karen,2,8,0.06129,0.09437,0.02551,0.9039
karen,2,9,0.04987,0.44431,0.01235,0.87744
karen,2,10,0.17281,0.95362,0.00775,0.87378
karen,2,11,0.11464,0.77921,0.00857,0.88574
karen,2,12,0.01527,0.45559,0.01135,0.82914
karen,2,13,0.00174,0.96263,0.00627,0.86162
karen,2,14,0.19923,0.84251,0.0084,0.86427
karen,2,15,0.00689,0.93043,0.00641,0.90659
karen,2,16,0.08808,0.67911,0.00852,0.87903
karen,2,17,0.00611,0.94224,0.00718,0.87709
karen,2,18,0.08514,0.62589,0.00978,0.8711
karen,2,19,0.04411,0.48277,0.01135,0.88462
karen,2,20,0.32071,0.86652,0.00818,0.86663
karen,2,21,0.06595,0.42098,0.01299,0.88582
karen,2,22,0.03905,0.61367,0.00904,0.84007
karen,2,23,0.04611,0.09219,0.0279,0.87707
karen,2,24,0.22849,0.92175,0.00765,0.87043
karen,2,25,0.94862,0.81418,0.01081,0.88553
karen,2,26,0.02557,0.64987,0.01334,0.85705
karen,2,27,0.04814,0.46617,0.01132,0.87373
karen,2,28,0.0,0.96102,0.0,0.8912
karen,2,29,0.04859,0.78935,0.00912,0.85809
karen,2,30,0.18371,0.93456,0.0082,0.86479
karen,2,31,0.04617,0.21422,0.01722,0.90472
karen,2,32,0.03943,0.5845,0.01132,0.86482
karen,2,33,0.00045,0.94492,0.0076,0.87922
karen,2,34,0.1326,0.40922,0.01299,0.87072
karen,2,35,0.05099,0.42361,0.01155,0.8681
karen,2,36,0.04557,0.92945,0.00791,0.88698
karen,2,37,0.06429,0.68411,0.00883,0.82927
karen,2,38,0.09355,0.88439,0.00802,0.83666
karen,2,39,0.0965,0.94256,0.00758,0.8595
karen,2,40,0.07476,0.71778,0.00865,0.85748
karen,2,41,0.0502,0.94521,0.00726,0.9023
karen,2,42,0.03102,0.68839,0.00893,0.89192
karen,2,43,0.07259,0.76769,0.0093,0.84907
karen,2,44,0.06702,0.55097,0.01107,0.85519
karen,2,45,0.0694,0.69018,0.00936,0.89072
karen,2,46,0.2971,0.88276,0.00834,0.88905
karen,2,47,0.08981,0.74065,0.00923,0.86776
karen,2,48,0.04517,0.55465,0.01067,0.86538
karen,2,49,0.02964,0.06891,0.03719,0.88145
karen,2,50,0.05274,0.59524,0.01097,0.86185
karen,2,51,0.06477,0.92694,0.00779,0.88584
karen,2,52,0.10416,0.93929,0.00729,0.83357
karen,2,53,0.01517,0.45081,0.0135,0.87728
karen,2,54,0.07126,0.45918,0.01125,0.87939
karen,2,55,0.08524,0.89367,0.00764,0.8742
karen,2,56,0.04161,0.52118,0.0106,0.85002
karen,2,57,0.02042,0.22576,0.01559,0.8662
karen,2,58,0.10946,0.79463,0.00793,0.84584
karen,2,59,0.06092,0.48362,0.01165,0.84191
karen,2,60,0.0,0.96608,0.0,0.86213
karen,2,61,0.33771,0.66907,0.01013,0.86736
karen,2,62,0.15752,0.79264,0.00887,0.85489
karen,2,63,0.01044,0.07911,0.0336,0.88302
karen,2,64,0.00235,0.95614,0.0061,0.90232
karen,2,65,0.00143,0.93316,0.00674,0.89207
karen,2,66,0.08397,0.49566,0.01056,0.86084
karen,2,67,0.0,0.94712,0.0,0.85651
karen,2,68,0.05203,0.60989,0.01004,0.8472
karen,2,69,0.19529,0.55201,0.01049,0.90647
karen,2,70,0.27388,0.49971,0.01159,0.8521
karen,2,71,0.14465,0.29255,0.01501,0.92777
karen,2,72,0.02942,0.1699,0.01703,0.88569
karen,2,73,0.0472,0.07783,0.03316,0.86994
karen,2,74,0.35248,0.85218,0.00794,0.89354
karen,2,75,0.01955,0.95921,0.00734,0.87325
karen,2,76,0.048,0.50514,0.01219,0.86005
karen,2,77,0.98004,0.92366,0.01064,0.87431
karen,2,78,0.13309,0.86896,0.0089,0.89392
karen,2,79,0.11195,0.12649,0.02369,0.87358
karen,2,80,0.18836,0.72679,0.00934,0.87225
karen,2,81,0.03864,0.5933,0.00909,0.83243
karen,2,82,0.01421,0.45631,0.01074,0.86096
karen,2,83,0.0,0.96516,0.0,0.83441
karen,2,84,0.04787,0.44429,0.01495,0.86771
karen,2,85,0.03008,0.80548,0.00893,0.86318
karen,2,86,0.18462,0.83108,0.00861,0.87539
karen,2,87,0.05029,0.92241,0.00817,0.87354
karen,2,88,0.02953,0.7189,0.00921,0.85714
karen,2,89,0.08236,0.28535,0.01446,0.88185
karen,2,90,0.04242,0.19886,0.02133,0.86819
karen,2,91,0.05175,0.57377,0.0109,0.89494
karen,2,92,0.02831,0.39582,0.01269,0.88808
karen,2,93,0.01361,0.02611,0.04643,0.85841
karen,2,94,0.04474,0.18456,0.02071,0.89659
karen,2,95,0.02603,0.11087,0.02818,0.87909
karen,2,96,0.0295,0.43248,0.01178,0.88374
karen,2,97,0.01913,0.60664,0.01137,0.88188
karen,2,98,0.02943,0.07251,0.04253,0.88156
karen,2,99,0.28296,0.92514,0.00822,0.87274
karen,2,100,0.05176,0.06561,0.03619,0.87387
karen,2,101,0.06536,0.24335,0.0174,0.87508
karen,2,102,0.29159,0.43002,0.01147,0.8225
karen,2,103,0.10602,0.39464,0.01345,0.86335
karen,2,104,0.06261,0.92535,0.00808,0.86188
karen,2,105,0.14523,0.42728,0.01346,0.87101
karen,2,106,0.06695,0.08498,0.02855,0.86992
karen,2,107,0.13333,0.79183,0.00775,0.8554
karen,2,108,0.05093,0.06139,0.03534,0.84961
karen,2,109,0.01556,0.05723,0.03699,0.85809
karen,2,110,0.0,0.96278,0.0,0.91576
karen,2,111,0.25,0.91727,0.00867,0.86568
karen,2,112,0.09914,0.74129,0.00925,0.88198
karen,2,113,0.05019,0.58774,0.01023,0.87054
karen,2,114,0.03004,0.21722,0.02314,0.86776
karen,2,115,0.18549,0.80393,0.00852,0.88682
karen,2,116,0.10698,0.70049,0.00882,0.8612
karen,2,117,0.21744,0.92602,0.00799,0.88027
karen,2,118,0.07256,0.93471,0.00759,0.84387
karen,2,119,0.07044,0.63568,0.00987,0.88638
karen,2,120,0.05645,0.93868,0.00783,0.83031
karen,2,121,0.1275,0.16707,0.02428,0.89369
karen,2,122,0.06153,0.22078,0.01954,0.89203
karen,2,123,0.01221,0.919,0.00776,0.84259
karen,2,124,0.00117,0.95728,0.00684,0.88873
karen,2,125,0.05461,0.16447,0.02449,0.87605
karen,2,126,0.07288,0.09968,0.02865,0.91312
karen,2,127,0.07135,0.74715,0.00857,0.88996
karen,2,128,0.00163,0.95879,0.00662,0.86535
karen,2,129,0.02547,0.0502,0.0508,0.88921
karen,2,130,0.06609,0.41782,0.01331,0.88171
karen,2,131,0.0352,0.79698,0.00927,0.84952
karen,2,132,0.00933,0.95155,0.00696,0.8677
karen,2,133,0.14374,0.71277,0.00955,0.90912
karen,2,134,0.01297,0.52081,0.01048,0.85695
karen,2,135,0.01703,0.93815,0.0067,0.85125
karen,2,136,0.32989,0.64298,0.00923,0.87636
karen,2,137,0.1474,0.72597,0.00906,0.86485
karen,2,138,0.08202,0.44173,0.01231,0.86836
karen,2,139,0.04651,0.49204,0.013,0.89257
karen,2,140,0.33523,0.7783,0.00849,0.85802
karen,2,141,0.04958,0.06752,0.04509,0.85176
karen,2,142,0.07425,0.6207,0.01188,0.88337
karen,2,143,0.14419,0.09105,0.02702,0.8887
karen,2,144,0.0206,0.27738,0.01401,0.86563
karen,2,145,0.03701,0.63633,0.00979,0.89159
karen,2,146,0.23345,0.51974,0.01121,0.86133
karen,2,147,0.3343,0.8604,0.00844,0.85575
karen,2,148,0.11434,0.3101,0.01767,0.85334
karen,2,149,0.03043,0.41211,0.01265,0.86042
karen,2,150,0.0,0.97033,0.0,0.87816
karen,2,151,0.0387,0.69814,0.00971,0.90184
karen,2,152,0.03069,0.17632,0.02343,0.9031
karen,2,153,0.08772,0.08233,0.03905,0.87958
karen,2,154,0.07024,0.82005,0.00796,0.91905
karen,2,155,0.03663,0.18451,0.02057,0.85475
karen,2,156,0.03962,0.7713,0.00882,0.87645
karen,2,157,0.07462,0.73588,0.00906,0.87314
karen,2,158,0.11823,0.79372,0.00913,0.93506
karen,2,159,0.04057,0.79402,0.00809,0.89516
karen,2,160,0.63596,0.80564,0.0086,0.87657
karen,2,161,0.13839,0.60803,0.01065,0.846
karen,2,162,0.10305,0.53715,0.01117,0.85416
karen,2,163,0.15251,0.78446,0.00877,0.84511
karen,2,164,0.0113,0.10797,0.03377,0.86858
karen,2,165,0.25215,0.73422,0.00936,0.89306
karen,2,166,0.0191,0.93871,0.008,0.89499
karen,2,167,0.02013,0.35901,0.01486,0.92193
karen,2,168,0.0,0.96504,0.0,0.85464
karen,2,169,0.2495,0.93217,0.00784,0.87127
karen,2,170,0.03976,0.66485,0.00947,0.89266
karen,2,171,0.02062,0.64439,0.00971,0.87325
karen,2,172,0.13374,0.68266,0.00978,0.90253
karen,2,173,0.02465,0.7484,0.00952,0.85539
karen,2,174,0.06699,0.68717,0.00918,0.91471
karen,2,175,0.02177,0.93662,0.00735,0.88701
karen,2,176,0.0165,0.58608,0.00904,0.88172
karen,2,177,0.0,0.95952,0.0,0.85335
karen,2,178,0.02308,0.65373,0.01047,0.85505
karen,2,179,0.28894,0.55514,0.01071,0.84893
karen,2,180,0.07379,0.72099,0.01005,0.88189
karen,2,181,0.0,0.97088,0.0,0.89963
karen,2,182,0.01852,0.22096,0.0195,0.8718
karen,2,183,0.03148,0.20908,0.02014,0.87623
karen,2,184,0.07568,0.17041,0.02308,0.88361
karen,2,185,0.15153,0.9068,0.00894,0.85134
karen,2,186,0.0,0.97489,0.0,0.89148
karen,2,187,0.08204,0.14082,0.02408,0.89212
karen,2,188,0.01337,0.2846,0.01667,0.86253
karen,2,189,0.04212,0.22581,0.02248,0.90527
karen,2,190,0.01864,0.45699,0.0101,0.8655
karen,2,191,0.18703,0.16457,0.02826,0.88011
karen,3,0,0.02534,0.65424,0.01147,0.88095
karen,3,1,0.03465,0.92777,0.00811,0.88738
karen,3,2,0.13608,0.64645,0.01022,0.89223
karen,3,3,0.03694,0.94007,0.00775,0.87297
karen,3,4,0.04269,0.76603,0.00871,0.85124
karen,3,5,0.28356,0.8797,0.00936,0.85797
karen,3,6,0.06476,0.15932,0.02205,0.93433
karen,3,7,0.0696,0.09561,0.03281,0.89992
karen,3,8,0.1041,0.81265,0.00956,0.90839
karen,3,9,0.1769,0.84597,0.00924,0.90803
karen,3,10,0.04804,0.15129,0.0272,0.86283
karen,3,11,0.17815,0.6253,0.01037,0.86243
karen,3,12,0.06249,0.61219,0.01058,0.86271
karen,3,13,0.04957,0.80374,0.00931,0.80274
karen,3,14,0.11314,0.72506,0.01025,0.86919
karen,3,15,0.34369,0.49869,0.01119,0.87576
karen,3,16,0.1464,0.27996,0.01566,0.87397
karen,3,17,0.01434,0.05775,0.04072,0.87943
karen,3,18,0.05123,0.38703,0.01463,0.86015
karen,3,19,0.00837,0.42265,0.01298,0.88164
karen,3,20,0.04982,0.28077,0.01528,0.91699
karen,3,21,0.01719,0.4695,0.0119,0.8778
karen,3,22,0.02197,0.60848,0.01146,0.88532
karen,3,23,0.05534,0.11801,0.02772,0.85463
karen,3,24,0.05299,0.59547,0.01061,0.923
karen,3,25,0.07384,0.82075,0.00969,0.88061
karen,3,26,0.27249,0.50564,0.01227,0.87849
karen,3,27,0.05778,0.0965,0.02718,0.87646
karen,3,28,0.07294,0.80611,0.00933,0.88525
karen,3,29,0.10596,0.6956,0.01017,0.85039
karen,3,30,0.01993,0.34217,0.01486,0.8554
karen,3,31,0.19072,0.79193,0.00875,0.92051
karen,3,32,0.05473,0.47402,0.01283,0.86505
karen,3,33,0.10566,0.805,0.00937,0.84175
karen,3,34,0.06445,0.12269,0.02592,0.87567
karen,3,35,0.02824,0.39161,0.01626,0.91563
karen,3,36,0.27905,0.89699,0.00887,0.88003
karen,3,37,0.01896,0.23392,0.02286,0.86429
karen,3,38,0.01727,0.56903,0.01187,0.87116
karen,3,39,0.06508,0.08405,0.03076,0.87125
karen,3,40,0.03298,0.44143,0.0164,0.90837
karen,3,41,0.09852,0.95071,0.00809,0.90782
karen,3,42,0.01211,0.2831,0.0157,0.8808
karen,3,43,0.03088,0.11361,0.02913,0.84468
karen,3,44,0.03777,0.5372,0.01082,0.84108
karen,3,45,0.16615,0.6975,0.00933,0.88736
karen,3,46,0.05653,0.21389,0.01968,0.8298
karen,3,47,0.08173,0.8279,0.00831,0.86525
karen,3,48,0.04461,0.29567,0.01505,0.79985
karen,3,49,0.02404,0.94774,0.00788,0.86489
karen,3,50,0.0071,0.26275,0.01426,0.90347
karen,3,51,0.05473,0.71379,0.00987,0.82413
karen,3,52,0.0274,0.33108,0.0158,0.8844
karen,3,53,0.03864,0.80001,0.00901,0.90082
karen,3,54,0.19313,0.65562,0.00965,0.94299
karen,3,55,0.01204,0.01626,0.06793,0.88853
karen,3,56,0.18022,0.67154,0.00989,0.88003
karen,3,57,0.31809,0.65641,0.01045,0.89122
karen,3,58,0.079,0.77518,0.00849,0.89602
karen,3,59,0.069,0.94809,0.0082,0.94927
karen,3,60,0.1956,0.6386,0.0108,0.86648
karen,3,61,0.04967,0.94583,0.0084,0.87506
karen,3,62,0.11044,0.41519,0.01342,0.85702
karen,3,63,0.22736,0.91014,0.00869,0.82454
karen,3,64,0.4594,0.91107,0.00842,0.80993
karen,3,65,0.04733,0.78687,0.00937,0.86943
karen,3,66,0.14038,0.94457,0.00819,0.86339
karen,3,67,0.34722,0.57284,0.01136,0.87263
karen,3,68,0.01443,0.55773,0.01464,0.8911
karen,3,69,0.06097,0.90884,0.00875,0.86762
karen,3,70,0.04482,0.20594,0.01981,0.87821
karen,3,71,0.33704,0.89205,0.00875,0.81789
karen,3,72,0.0961,0.19656,0.021,0.88255
karen,3,73,0.08294,0.48882,0.01136,0.8579
karen,3,74,0.05692,0.79637,0.00816,0.88672
karen,3,75,0.14192,0.34674,0.01419,0.83865
karen,3,76,0.33181,0.88489,0.0091,0.83679
karen,3,77,0.02266,0.63171,0.01006,0.8576
karen,3,78,0.20762,0.86721,0.0089,0.90649
karen,3,79,0.02911,0.45813,0.01385,0.85252
karen,3,80,0.0209,0.65528,0.00924,0.84723
karen,3,81,0.0603,0.72681,0.01011,0.87368
karen,3,82,0.20138,0.8075,0.00921,0.86655
karen,3,83,0.07851,0.42958,0.01363,0.85889
karen,3,84,0.15308,0.85543,0.00863,0.90614
karen,3,85,0.06693,0.17807,0.01826,0.84405
karen,3,86,0.02738,0.10006,0.02869,0.8694
karen,3,87,0.27806,0.32943,0.01426,0.88191
karen,3,88,0.09982,0.80634,0.01011,0.88162
karen,3,89,0.02918,0.27588,0.01626,0.88381
karen,3,90,0.30801,0.8201,0.00915,0.83977
karen,3,91,0.10269,0.26126,0.01709,0.90311
karen,3,92,0.15087,0.19687,0.02038,0.85443
karen,3,93,0.0729,0.37494,0.0134,0.85384
karen,3,94,0.01882,0.54147,0.01174,0.88048
karen,3,95,0.16178,0.74614,0.01102,0.89325
karen,3,96,0.02814,0.46472,0.01202,0.86013
karen,3,97,0.07802,0.10515,0.02847,0.86232
karen,3,98,0.02641,0.6421,0.0096,0.90776
karen,3,99,0.02624,0.77556,0.00937,0.89539
karen,3,100,0.10981,0.22892,0.0189,0.8662
karen,3,101,0.01861,0.10464,0.02252,0.89477
karen,3,102,0.07049,0.67872,0.01006,0.84643
karen,3,103,0.01459,0.13347,0.03435,0.84125
karen,3,104,0.08839,0.76021,0.00897,0.85195
karen,3,105,0.01108,0.66666,0.00923,0.82691
karen,3,106,0.0157,0.44237,0.0123,0.87272
karen,3,107,0.06833,0.92084,0.00813,0.92156
karen,3,108,0.03233,0.0485,0.02522,0.87375
karen,3,109,0.04344,0.56589,0.01159,0.88943
karen,3,110,0.1452,0.87333,0.00852,0.86524
karen,3,111,0.06069,0.79647,0.00905,0.86294
karen,3,112,0.01258,0.42349,0.01275,0.88826
karen,3,113,0.0133,0.02759,0.04768,0.88476
karen,3,114,0.1237,0.72452,0.00907,0.92151
karen,3,115,0.0927,0.72704,0.0097,0.89559
karen,3,116,0.03797,0.4827,0.01168,0.89849
karen,3,117,0.03851,0.32055,0.0169,0.86586
karen,3,118,0.02455,0.53537,0.01266,0.90833
karen,3,119,0.14691,0.85834,0.00899,0.91638
karen,3,120,0.01501,0.08315,0.03369,0.84183
karen,3,121,0.17667,0.94479,0.00906,0.87995
karen,3,122,0.11204,0.89841,0.0093,0.85034
karen,3,123,0.10957,0.80596,0.00919,0.86446
karen,3,124,0.18515,0.75089,0.00975,0.88483
karen,3,125,0.09179,0.76504,0.00887,0.87399
karen,3,126,0.2112,0.37025,0.01403,0.85139
karen,3,127,0.19839,0.37661,0.01247,0.84703
karen,3,128,0.20764,0.80648,0.00989,0.90904
karen,3,129,0.13607,0.92538,0.00794,0.88225
karen,3,130,0.04861,0.60815,0.01109,0.89595
karen,3,131,0.0911,0.73296,0.00889,0.85265
karen,3,132,0.1216,0.81839,0.00941,0.87692
karen,3,133,0.10057,0.82947,0.0102,0.87603
karen,3,134,0.13101,0.67959,0.01035,0.89595
karen,3,135,0.02374,0.66829,0.01028,0.84735
karen,3,136,0.11691,0.12179,0.02521,0.92947
karen,3,137,0.01279,0.17801,0.01876,0.8684
karen,3,138,0.12595,0.87393,0.00802,0.85609
karen,3,139,0.1123,0.78802,0.00882,0.89587
karen,3,140,0.01159,0.53852,0.00985,0.86967
karen,3,141,0.02627,0.2074,0.01779,0.8609
karen,3,142,0.13612,0.13542,0.02615,0.87262
karen,3,143,0.04871,0.26435,0.01597,0.87153
karen,3,144,0.0881,0.81536,0.00934,0.88235
karen,3,145,0.04995,0.20409,0.01748,0.85477
karen,3,146,0.04084,0.61187,0.01101,0.81968
karen,3,147,0.05177,0.44683,0.01206,0.91381
karen,3,148,0.01091,0.02467,0.05128,0.89141
karen,3,149,0.03439,0.62763,0.01077,0.85743
karen,3,150,0.0615,0.74412,0.00979,0.88351
karen,3,151,0.04523,0.3707,0.01372,0.90516
karen,3,152,0.0451,0.72453,0.01044,0.89464
karen,3,153,0.04199,0.6767,0.0099,0.91267
karen,3,154,0.10094,0.94036,0.00851,0.90308
karen,3,155,0.008,0.50591,0.0127,0.89299
karen,3,156,0.07626,0.6872,0.00949,0.91213
karen,3,157,0.01207,0.59836,0.01131,0.87208
karen,3,158,0.2502,0.91205,0.00944,0.9019
karen,3,159,0.15974,0.19369,0.02142,0.85844
karen,3,160,0.02961,0.19521,0.01647,0.96291
karen,3,161,0.09985,0.15667,0.02351,0.90996
karen,3,162,0.06539,0.23139,0.01837,0.86914
karen,3,163,0.02839,0.57341,0.01289,0.93271
karen,3,164,0.1096,0.40097,0.01371,0.91043
karen,3,165,0.17784,0.88974,0.00887,0.8944
karen,3,166,0.12547,0.78963,0.00882,0.87402
karen,3,167,0.29962,0.68752,0.0104,0.87603
karen,3,168,0.06037,0.62203,0.00979,0.864
karen,3,169,0.03464,0.64941,0.01175,0.87133
karen,3,170,0.02278,0.42175,0.01301,0.90299
karen,3,171,0.13102,0.24847,0.01711,0.863
karen,3,172,0.03261,0.56164,0.01051,0.92144
karen,3,173,0.02636,0.68759,0.01024,0.86502
karen,3,174,0.19765,0.21678,0.01694,0.8695
karen,3,175,0.11248,0.84826,0.00897,0.90285
karen,3,176,0.05857,0.78342,0.00853,0.89393
karen,3,177,0.04568,0.52429,0.01309,0.84722
karen,3,178,0.13595,0.58149,0.01029,0.86472
karen,3,179,0.03302,0.05911,0.03732,0.91558
karen,3,180,0.08308,0.72151,0.00853,0.88695
karen,3,181,0.07816,0.94314,0.00926,0.86505
karen,3,182,0.05867,0.62973,0.01164,0.88841
karen,3,183,0.02779,0.65995,0.01087,0.86785
karen,3,184,0.29037,0.89265,0.00937,0.88406
karen,3,185,0.04432,0.32035,0.01698,0.8681
karen,3,186,0.12603,0.41134,0.01457,0.86214
karen,3,187,0.04617,0.19456,0.0206,0.87195
karen,3,188,0.03589,0.49376,0.01206,0.87532
karen,3,189,0.2416,0.92749,0.00879,0.88156
karen,3,190,0.05667,0.81732,0.00905,0.8414
karen,3,191,0.11539,0.30205,0.01486,0.85987
karen,4,0,0.069,0.20025,0.02133,
karen,4,1,0.13449,0.47464,0.01256,
karen,4,2,0.11685,0.70604,0.01376,
karen,4,3,0.04036,0.80753,0.0088,
karen,4,4,0.02985,0.31281,0.01686,
karen,4,5,0.26897,0.71512,0.01071,
karen,4,6,0.06652,0.89244,0.00948,
karen,4,7,0.0795,0.74313,0.01046,
karen,4,8,0.07169,0.19801,0.02472,
karen,4,9,0.1834,0.87699,0.0106,
karen,4,10,0.02247,0.19263,0.02685,
karen,4,11,0.0164,0.66875,0.01137,
karen,4,12,0.50581,0.7664,0.01223,
karen,4,13,0.00755,0.69443,0.01071,
karen,4,14,0.06051,0.61053,0.01144,
karen,4,15,0.04661,0.70526,0.01344,
karen,4,16,0.05643,0.68194,0.01081,
karen,4,17,0.05654,0.52681,0.01199,
karen,4,18,0.07365,0.50268,0.01208,
karen,4,19,0.07574,0.58515,0.01483,
karen,4,20,0.09195,0.32243,0.01869,
karen,4,21,0.09965,0.37145,0.01715,
karen,4,22,0.06197,0.10206,0.02663,
karen,4,23,0.22477,0.55881,0.01275,
karen,4,24,0.05518,0.90478,0.00968,
karen,4,25,0.13262,0.21902,0.02127,
karen,4,26,0.0974,0.78584,0.00939,
karen,4,27,0.32413,0.88104,0.01009,
karen,4,28,0.14987,0.46441,0.01386,
karen,4,29,0.1284,0.81033,0.00965,
karen,4,30,0.08109,0.18057,0.01908,
karen,4,31,0.11394,0.87423,0.00954,
karen,4,32,0.08752,0.49851,0.01504,
karen,4,33,0.39459,0.94163,0.00963,
karen,4,34,0.04297,0.29852,0.01598,
karen,4,35,0.05377,0.54502,0.0126,
karen,4,36,0.05595,0.28741,0.01848,
karen,4,37,0.02034,0.2755,0.02287,
karen,4,38,0.05354,0.28928,0.01531,
karen,4,39,0.02637,0.71932,0.00966,
karen,4,40,0.0536,0.91136,0.0092,
karen,4,41,0.30009,0.91549,0.00984,
karen,4,42,0.04158,0.52606,0.0119,
karen,4,43,0.19667,0.66117,0.01047,
karen,4,44,0.02695,0.73004,0.0136,
karen,4,45,0.04014,0.59097,0.01127,
karen,4,46,0.06602,0.29778,0.0177,
karen,4,47,0.03474,0.11355,0.03537,
karen,4,48,0.11131,0.61493,0.01261,
karen,4,49,0.13771,0.33549,0.01643,
karen,4,50,0.05332,0.65169,0.01213,
karen,4,51,0.0409,0.40812,0.01205,
karen,4,52,0.07014,0.55168,0.01222,
karen,4,53,0.06623,0.78951,0.0104,
karen,4,54,0.17833,0.86208,0.01016,
karen,4,55,0.02969,0.63751,0.01144,
karen,4,56,0.12767,0.83131,0.0097,
karen,4,57,0.31681,0.83076,0.00955,
karen,4,58,0.10855,0.81098,0.01079,
karen,4,59,0.30339,0.87571,0.01021,
karen,4,60,0.24286,0.52906,0.01223,
karen,4,61,0.09904,0.63887,0.0118,
karen,4,62,0.03778,0.74231,0.00922,
karen,4,63,0.11023,0.60962,0.00991,
karen,4,64,0.05029,0.81728,0.01035,
karen,4,65,0.01818,0.51838,0.01227,
karen,4,66,0.05322,0.85185,0.00986,
karen,4,67,0.05129,0.13588,0.03182,
karen,4,68,0.05251,0.49254,0.01197,
karen,4,69,0.05186,0.22236,0.0225,
karen,4,70,0.04732,0.80103,0.00882,
karen,4,71,0.05417,0.72932,0.01218,
karen,4,72,0.08003,0.82676,0.01,
karen,4,73,0.08552,0.506,0.0124,
karen,4,74,0.01154,0.09966,0.02498,
karen,4,75,0.00494,0.24565,0.0333,
karen,4,76,0.28893,0.9068,0.01041,
karen,4,77,0.02381,0.47123,0.01232,
karen,4,78,0.02898,0.49224,0.01648,
karen,4,79,0.12171,0.77743,0.01184,
karen,4,80,0.2162,0.89347,0.01053,
karen,4,81,0.06681,0.35224,0.01642,
karen,4,82,0.11444,0.60119,0.01176,
karen,4,83,0.04904,0.59894,0.01209,
karen,4,84,0.03313,0.59773,0.01159,
karen,4,85,0.04615,0.24708,0.01495,
karen,4,86,0.0247,0.73142,0.01033,
karen,4,87,0.03378,0.62025,0.01222,
karen,4,88,0.12111,0.87519,0.01019,
karen,4,89,0.09528,0.57449,0.01123,
karen,4,90,0.05653,0.76229,0.01023,
karen,4,91,0.1875,0.46439,0.01296,
karen,4,92,0.05116,0.76947,0.01069,
karen,4,93,0.02887,0.08012,0.03221,
karen,4,94,0.02831,0.57014,0.0106,
karen,4,95,0.15792,0.62651,0.01121,
karen,4,96,0.05824,0.60469,0.01237,
karen,4,97,0.02567,0.83667,0.00949,
karen,4,98,0.07282,0.77347,0.0112,
karen,4,99,0.04232,0.72528,0.0109,
karen,4,100,0.06365,0.52607,0.01239,
karen,4,101,0.05491,0.12197,0.02652,
karen,4,102,0.30569,0.66197,0.01133,
karen,4,103,0.01447,0.77559,0.00989,
karen,4,104,0.0233,0.18814,0.02214,
karen,4,105,0.04417,0.22705,0.02209,
karen,4,106,0.09197,0.63825,0.01178,
karen,4,107,0.06981,0.84184,0.01023,
karen,4,108,0.07362,0.76418,0.01092,
karen,4,109,0.16387,0.4057,0.01459,
karen,4,110,0.08669,0.57456,0.01379,
karen,4,111,0.02968,0.57804,0.01266,
karen,4,112,0.11098,0.59918,0.01246,
karen,4,113,0.05788,0.52115,0.01313,
karen,4,114,0.08418,0.67493,0.01092,
karen,4,115,0.0498,0.59915,0.01125,
karen,4,116,0.09602,0.42579,0.01384,
karen,4,117,0.07619,0.70408,0.01119,
karen,4,118,0.01944,0.86985,0.0091,
karen,4,119,0.10808,0.44268,0.01335,
karen,4,120,0.01552,0.14164,0.0389,
karen,4,121,0.11854,0.40239,0.01342,
karen,4,122,0.11295,0.19463,0.02311,
karen,4,123,0.07154,0.63415,0.01136,
karen,4,124,0.15464,0.83303,0.00986,
karen,4,125,0.12171,0.59697,0.0114,
karen,4,126,0.0963,0.30318,0.01541,
karen,4,127,0.05584,0.22349,0.01938,
karen,4,128,0.17876,0.30333,0.01769,
karen,4,129,0.06663,0.56712,0.01172,
karen,4,130,0.09344,0.77057,0.01071,
karen,4,131,0.17523,0.65454,0.01107,
karen,4,132,0.0285,0.21203,0.02012,
karen,4,133,0.09451,0.6905,0.01139,
karen,4,134,0.06384,0.71213,0.01123,
karen,4,135,0.02747,0.51347,0.01176,
karen,4,136,0.07236,0.67246,0.01196,
karen,4,137,0.03493,0.15877,0.02099,
karen,4,138,0.1768,0.38611,0.01397,
karen,4,139,0.12387,0.87362,0.01026,
karen,4,140,0.06774,0.82693,0.01136,
karen,4,141,0.20138,0.65021,0.01124,
karen,4,142,0.05323,0.72693,0.01179,
karen,4,143,0.11455,0.58492,0.0115,
karen,4,144,0.02477,0.13867,0.02281,
karen,4,145,0.23951,0.8801,0.00958,
karen,4,146,0.05941,0.6237,0.01168,
karen,4,147,0.14079,0.35288,0.01636,
karen,4,148,0.1275,0.4268,0.01455,
karen,4,149,0.19733,0.7985,0.01067,
karen,4,150,0.04842,0.70511,0.0104,
karen,4,151,0.0716,0.87086,0.01006,
karen,4,152,0.07987,0.64006,0.01056,
karen,4,153,0.08366,0.58351,0.01316,
karen,4,154,0.12882,0.19074,0.02078,
karen,4,155,0.04214,0.20909,0.0208,
karen,4,156,0.0833,0.43174,0.01563,
karen,4,157,0.06921,0.57849,0.01264,
karen,4,158,0.16139,0.82881,0.00991,
karen,4,159,0.04838,0.62315,0.01115,
karen,4,160,0.14161,0.56741,0.01283,
karen,4,161,0.024,0.5806,0.01235,
karen,4,162,0.0343,0.19502,0.02434,
karen,4,163,0.13853,0.73359,0.0093,
karen,4,164,0.0673,0.53864,0.01219,
karen,4,165,0.13216,0.18179,0.02401,
karen,4,166,0.04891,0.25962,0.02077,
karen,4,167,0.0128,0.31848,0.01474,
karen,4,168,0.08832,0.79157,0.01001,
karen,4,169,0.27605,0.6475,0.01123,
karen,4,170,0.2752,0.86636,0.01065,
karen,4,171,0.02963,0.57812,0.0115,
karen,4,172,0.06445,0.21068,0.02417,
karen,4,173,0.07146,0.70963,0.01092,
karen,4,174,0.04059,0.57682,0.01293,
karen,4,175,0.0345,0.76524,0.01023,
karen,4,176,0.04873,0.71576,0.01072,
karen,4,177,0.02666,0.18067,0.02038,
karen,4,178,0.05125,0.45307,0.0138,
karen,4,179,0.46471,0.92056,0.00996,
karen,4,180,0.06087,0.66435,0.01166,
karen,4,181,0.04248,0.59322,0.01191,
karen,4,182,0.02906,0.73634,0.01046,
karen,4,183,0.13538,0.74828,0.00984,
karen,4,184,0.12216,0.71615,0.01182,
karen,4,185,0.07112,0.77193,0.01027,
karen,4,186,0.01909,0.40558,0.01574,
karen,4,187,0.06262,0.57292,0.01249,
karen,4,188,0.02403,0.08813,0.03214,
karen,4,189,0.04875,0.32057,0.01514,
karen,4,190,0.12953,0.73262,0.01008,
karen,4,191,0.02656,0.05039,0.02836,
karen_soft_s1,2,0,0.07657,0.77561,0.00974,0.86286
karen_soft_s1,2,1,0.06011,0.94643,0.00811,0.86181
karen_soft_s1,2,2,0.05688,0.2294,0.02147,0.863
karen_soft_s1,2,3,0.0153,0.38461,0.01305,0.89465
karen_soft_s1,2,4,0.02071,0.19114,0.02692,0.86461
karen_soft_s1,2,5,0.23798,0.89232,0.00898,0.89511
karen_soft_s1,2,6,0.01105,0.03636,0.05218,0.85474
karen_soft_s1,2,7,0.00204,0.95395,0.00644,0.85086
karen_soft_s1,2,8,0.08704,0.36143,0.0142,0.85726
karen_soft_s1,2,9,0.07058,0.64656,0.00951,0.86673
karen_soft_s1,2,10,0.02531,0.94745,0.00811,0.83613
karen_soft_s1,2,11,0.05294,0.41492,0.0127,0.9099
karen_soft_s1,2,12,0.0444,0.56094,0.00958,0.88291
karen_soft_s1,2,13,0.08694,0.96193,0.00814,0.86616
karen_soft_s1,2,14,0.06848,0.84284,0.00764,0.84911
karen_soft_s1,2,15,0.0265,0.94662,0.00756,0.94475
karen_soft_s1,2,16,0.06937,0.30609,0.01511,0.86456
karen_soft_s1,2,17,0.05347,0.80445,0.00784,0.86872
karen_soft_s1,2,18,0.35312,0.84767,0.00946,0.86116
karen_soft_s1,2,19,0.03665,0.73976,0.00941,0.87263
karen_soft_s1,2,20,0.0101,0.26037,0.01717,0.86624
karen_soft_s1,2,21,0.03294,0.60666,0.00967,0.91863
karen_soft_s1,2,22,0.13205,0.8152,0.00937,0.87871
karen_soft_s1,2,23,0.05182,0.13272,0.02266,0.84422
karen_soft_s1,2,24,0.04076,0.41924,0.01226,0.91592
karen_soft_s1,2,25,0.69063,0.64016,0.01092,0.89166
karen_soft_s1,2,26,0.11328,0.27832,0.0184,0.88801
karen_soft_s1,2,27,0.03536,0.54471,0.00988,0.85208
karen_soft_s1,2,28,0.06635,0.10906,0.02594,0.86313
karen_soft_s1,2,29,0.02975,0.58804,0.01197,0.83161
karen_soft_s1,2,30,0.06731,0.92474,0.00836,0.90201
karen_soft_s1,2,31,0.13142,0.77209,0.00976,0.88631
karen_soft_s1,2,32,0.05551,0.09343,0.0271,0.92568
karen_soft_s1,2,33,0.09026,0.33195,0.0148,0.875
karen_soft_s1,2,34,0.06387,0.64728,0.01037,0.90825
karen_soft_s1,2,35,0.26043,0.4733,0.01179,0.84925
karen_soft_s1,2,36,0.17194,0.82387,0.00916,0.84312
karen_soft_s1,2,37,0.10429,0.62038,0.0103,0.85084
karen_soft_s1,2,38,0.00343,0.95665,0.00645,0.88144
karen_soft_s1,2,39,0.00849,0.31582,0.01552,0.8475
karen_soft_s1,2,40,0.02023,0.68907,0.00976,0.83638
karen_soft_s1,2,41,0.02936,0.19713,0.02823,0.86538
karen_soft_s1,2,42,0.16673,0.93668,0.00774,0.87691
karen_soft_s1,2,43,0.12053,0.92645,0.00779,0.88284
karen_soft_s1,2,44,0.0,0.96811,0.0,0.88448
karen_soft_s1,2,45,0.01948,0.52973,0.01057,0.86049
karen_soft_s1,2,46,0.06104,0.12095,0.03019,0.87364
karen_soft_s1,2,47,0.02836,0.70597,0.00854,0.89558
karen_soft_s1,2,48,0.02467,0.68322,0.01081,0.84426
karen_soft_s1,2,49,0.0274,0.45442,0.01167,0.88946
karen_soft_s1,2,50,0.0194,0.79306,0.00842,0.90254
karen_soft_s1,2,51,0.11022,0.81294,0.00815,0.86068
karen_soft_s1,2,52,0.05911,0.85166,0.00909,0.85175
karen_soft_s1,2,53,0.10017,0.80671,0.0081,0.87372
karen_soft_s1,2,54,0.01304,0.36435,0.01513,0.9243
karen_soft_s1,2,55,0.07878,0.41588,0.01198,0.87444
karen_soft_s1,2,56,0.41865,0.72384,0.00953,0.81767
karen_soft_s1,2,57,0.0,0.95721,0.0,0.87967
karen_soft_s1,2,58,0.03215,0.49389,0.01096,0.90556
karen_soft_s1,2,59,0.03809,0.92001,0.00724,0.87397
karen_soft_s1,2,60,0.01797,0.69001,0.01014,0.90003
karen_soft_s1,2,61,0.05135,0.42363,0.01308,0.87392
karen_soft_s1,2,62,0.0508,0.31571,0.01501,0.8702
karen_soft_s1,2,63,0.01836,0.14505,0.0205,0.86243
karen_soft_s1,2,64,0.01865,0.50863,0.01242,0.87098
karen_soft_s1,2,65,0.1679,0.7913,0.00952,0.87545
karen_soft_s1,2,66,0.03623,0.18266,0.02142,0.86993
karen_soft_s1,2,67,0.03918,0.54656,0.01194,0.88616
karen_soft_s1,2,68,0.05273,0.51901,0.01098,0.87281
karen_soft_s1,2,69,0.05487,0.17106,0.0278,0.89584
karen_soft_s1,2,70,0.18795,0.52274,0.01197,0.83887
karen_soft_s1,2,71,0.10751,0.18649,0.01942,0.88578
karen_soft_s1,2,72,0.1059,0.54933,0.01033,0.89133
karen_soft_s1,2,73,0.00709,0.10392,0.03514,0.90869
karen_soft_s1,2,74,0.01608,0.55608,0.01042,0.86777
karen_soft_s1,2,75,0.0,0.96689,0.0,0.88791
karen_soft_s1,2,76,0.03715,0.66185,0.00916,0.84513
karen_soft_s1,2,77,0.0,0.96081,0.0,0.87113
karen_soft_s1,2,78,0.24172,0.93212,0.00777,0.89737
karen_soft_s1,2,79,0.03107,0.06266,0.03978,0.86542
karen_soft_s1,2,80,0.0,0.94347,0.0,0.85988
karen_soft_s1,2,81,0.14418,0.67138,0.00915,0.88198
karen_soft_s1,2,82,0.01302,0.39545,0.01273,0.86246
karen_soft_s1,2,83,0.0,0.9571,0.0,0.88922
karen_soft_s1,2,84,0.14699,0.46062,0.0124,0.84221
karen_soft_s1,2,85,0.12061,0.63051,0.01038,0.84736
karen_soft_s1,2,86,0.06863,0.13749,0.02112,0.88138
karen_soft_s1,2,87,0.55558,0.6593,0.01148,0.89526
karen_soft_s1,2,88,0.13509,0.78681,0.00952,0.89175
karen_soft_s1,2,89,0.01608,0.3379,0.01369,0.866
karen_soft_s1,2,90,0.02908,0.76215,0.00992,0.86234
karen_soft_s1,2,91,0.08192,0.25935,0.0196,0.86914
karen_soft_s1,2,92,0.0051,0.01478,0.06271,0.86658
karen_soft_s1,2,93,0.1198,0.16719,0.02352,0.88091
karen_soft_s1,2,94,0.30016,0.71489,0.00967,0.87933
karen_soft_s1,2,95,0.00883,0.03695,0.04733,0.87005
karen_soft_s1,2,96,0.09407,0.72022,0.00907,0.88402
karen_soft_s1,2,97,0.01649,0.38329,0.01244,0.87356
karen_soft_s1,2,98,0.05128,0.91288,0.00774,0.83763
karen_soft_s1,2,99,0.0,0.96755,0.0,0.87007
karen_soft_s1,2,100,0.0582,0.18786,0.02057,0.88392
karen_soft_s1,2,101,0.28878,0.90016,0.00866,0.87058
karen_soft_s1,2,102,0.09473,0.79666,0.00834,0.80884
karen_soft_s1,2,103,0.07694,0.81764,0.00886,0.88854
karen_soft_s1,2,104,0.08054,0.23363,0.0184,0.87001
karen_soft_s1,2,105,0.17868,0.77934,0.00826,0.85914
karen_soft_s1,2,106,0.02267,0.44328,0.01641,0.85717
karen_soft_s1,2,107,0.02824,0.08509,0.03163,0.86339
karen_soft_s1,2,108,0.0,0.95487,0.0,0.8707
karen_soft_s1,2,109,0.04446,0.17077,0.01639,0.87388
karen_soft_s1,2,110,0.03474,0.72173,0.00843,0.86116
karen_soft_s1,2,111,0.3558,0.8562,0.00846,0.85677
karen_soft_s1,2,112,0.01318,0.02642,0.04936,0.89416
karen_soft_s1,2,113,0.0722,0.78565,0.0077,0.9105
karen_soft_s1,2,114,0.14313,0.73984,0.00903,0.82898
karen_soft_s1,2,115,0.02065,0.52522,0.01317,0.89275
karen_soft_s1,2,116,0.3945,0.90548,0.0087,0.89642
karen_soft_s1,2,117,0.09169,0.0847,0.03655,0.88385
karen_soft_s1,2,118,0.14428,0.15697,0.03143,0.88877
karen_soft_s1,2,119,0.03894,0.71601,0.00922,0.90787
karen_soft_s1,2,120,0.02386,0.43226,0.01266,0.85412
karen_soft_s1,2,121,0.06042,0.10992,0.02437,0.88885
karen_soft_s1,2,122,0.02789,0.25896,0.0173,0.84673
karen_soft_s1,2,123,0.12183,0.65696,0.00954,0.85113
karen_soft_s1,2,124,0.03273,0.61193,0.01176,0.88757
karen_soft_s1,2,125,0.03086,0.06683,0.04037,0.85742
karen_soft_s1,2,126,0.44331,0.91149,0.00851,0.87293
karen_soft_s1,2,127,0.32975,0.67483,0.00958,0.82852
karen_soft_s1,2,128,0.01936,0.39652,0.0118,0.87187
karen_soft_s1,2,129,0.10231,0.20094,0.02063,0.86889
karen_soft_s1,2,130,0.13277,0.54261,0.01086,0.84441
karen_soft_s1,2,131,0.06342,0.70276,0.00868,0.84074
karen_soft_s1,2,132,0.08379,0.5984,0.01039,0.84185
karen_soft_s1,2,133,0.00182,0.95321,0.00671,0.87005
karen_soft_s1,2,134,0.32117,0.83055,0.0087,0.82735
karen_soft_s1,2,135,0.16127,0.18134,0.02349,0.87094
karen_soft_s1,2,136,0.35545,0.45927,0.01157,0.90673
karen_soft_s1,2,137,0.01317,0.0367,0.05112,0.9035
karen_soft_s1,2,138,0.01965,0.42648,0.01381,0.89027
karen_soft_s1,2,139,0.20599,0.94165,0.00818,0.84117
karen_soft_s1,2,140,0.18056,0.86767,0.00874,0.86356
karen_soft_s1,2,141,0.01408,0.31496,0.01491,0.87358
karen_soft_s1,2,142,0.3867,0.89938,0.00868,0.84619
karen_soft_s1,2,143,0.05328,0.61676,0.0105,0.87284
karen_soft_s1,2,144,0.03267,0.25652,0.01771,0.88254
karen_soft_s1,2,145,0.0701,0.64575,0.00968,0.89605
karen_soft_s1,2,146,0.03238,0.08665,0.03322,0.88048
karen_soft_s1,2,147,0.05498,0.69551,0.01065,0.86105
karen_soft_s1,2,148,0.07233,0.16234,0.02424,0.90341
karen_soft_s1,2,149,0.11643,0.83057,0.00808,0.8523
karen_soft_s1,2,150,0.02599,0.47895,0.01189,0.86728
karen_soft_s1,2,151,0.20011,0.52572,0.00951,0.88269
karen_soft_s1,2,152,0.03422,0.12221,0.02803,0.90521
karen_soft_s1,2,153,0.15201,0.50012,0.01244,0.82945
karen_soft_s1,2,154,0.13194,0.91306,0.00801,0.85488
karen_soft_s1,2,155,0.1703,0.22052,0.02094,0.85666
karen_soft_s1,2,156,0.01318,0.0399,0.05784,0.87535
karen_soft_s1,2,157,0.04461,0.3358,0.01348,0.85666
karen_soft_s1,2,158,0.14661,0.83392,0.0089,0.91167
karen_soft_s1,2,159,0.04002,0.5486,0.01092,0.86507
karen_soft_s1,2,160,0.06087,0.80304,0.00827,0.8453
karen_soft_s1,2,161,0.06933,0.35991,0.01262,0.8747
karen_soft_s1,2,162,0.43439,0.93907,0.00856,0.83624
karen_soft_s1,2,163,0.04004,0.45964,0.01394,0.8594
karen_soft_s1,2,164,0.04042,0.09396,0.03007,0.85563
karen_soft_s1,2,165,0.01247,0.3577,0.01225,0.86265
karen_soft_s1,2,166,0.26807,0.46544,0.01206,0.92981
karen_soft_s1,2,167,0.07005,0.90792,0.00784,0.88897
karen_soft_s1,2,168,0.10685,0.10025,0.03327,0.86261
karen_soft_s1,2,169,0.17535,0.83211,0.00943,0.86573
karen_soft_s1,2,170,0.51298,0.63365,0.00971,0.8581
karen_soft_s1,2,171,0.0909,0.84317,0.00904,0.87088
karen_soft_s1,2,172,0.0068,0.40312,0.01109,0.86151
karen_soft_s1,2,173,0.00933,0.34986,0.0194,0.90933
karen_soft_s1,2,174,0.39523,0.85143,0.00907,0.85253
karen_soft_s1,2,175,0.22601,0.45691,0.0117,0.86559
karen_soft_s1,2,176,0.03246,0.19258,0.01962,0.86347
karen_soft_s1,2,177,0.09676,0.75837,0.00793,0.86681
karen_soft_s1,2,178,0.0629,0.93991,0.00766,0.8971
karen_soft_s1,2,179,0.03384,0.50695,0.01156,0.85071
karen_soft_s1,2,180,0.03575,0.50547,0.01136,0.86113
karen_soft_s1,2,181,0.02209,0.74031,0.01019,0.84846
karen_soft_s1,2,182,0.05677,0.46148,0.0127,0.88348
karen_soft_s1,2,183,0.01221,0.09307,0.03576,0.87291
karen_soft_s1,2,184,0.12636,0.14405,0.02067,0.8438
karen_soft_s1,2,185,0.0,0.95799,0.0,0.87741
karen_soft_s1,2,186,0.00135,0.94942,0.00637,0.89581
karen_soft_s1,2,187,0.01174,0.01889,0.06309,0.87302
karen_soft_s1,2,188,0.0579,0.7305,0.0094,0.8412
karen_soft_s1,2,189,0.00591,0.92467,0.00713,0.87371
karen_soft_s1,2,190,0.03845,0.13082,0.02594,0.85141
karen_soft_s1,2,191,0.04854,0.94816,0.00736,0.87232
karen_soft_s1,3,0,0.05019,0.70501,0.01038,0.86962
karen_soft_s1,3,1,0.10242,0.18461,0.02083,0.90648
karen_soft_s1,3,2,0.04628,0.22017,0.0154,0.86312
karen_soft_s1,3,3,0.12832,0.80381,0.00884,0.88024
karen_soft_s1,3,4,0.0378,0.42496,0.01439,0.89307
karen_soft_s1,3,5,0.08846,0.89291,0.00762,0.88297
karen_soft_s1,3,6,0.01468,0.44598,0.01241,0.91397
karen_soft_s1,3,7,0.009,0.34449,0.01546,0.8753
karen_soft_s1,3,8,0.03295,0.50474,0.01232,0.8615
karen_soft_s1,3,9,0.04462,0.91053,0.00839,0.90044
karen_soft_s1,3,10,0.01987,0.47692,0.01296,0.90543
karen_soft_s1,3,11,0.01232,0.9358,0.00733,0.86106
karen_soft_s1,3,12,0.03008,0.45961,0.01201,0.85704
karen_soft_s1,3,13,0.05935,0.58178,0.00917,0.88669
karen_soft_s1,3,14,0.01688,0.30053,0.01745,0.92825
karen_soft_s1,3,15,0.0,0.96121,0.0,0.82245
karen_soft_s1,3,16,0.01917,0.94568,0.0074,0.91951
karen_soft_s1,3,17,0.02714,0.3445,0.01444,0.88162
karen_soft_s1,3,18,0.00649,0.93659,0.00689,0.89562
karen_soft_s1,3,19,0.10069,0.58273,0.01085,0.90103
karen_soft_s1,3,20,0.03673,0.75574,0.00797,0.9088
karen_soft_s1,3,21,0.04551,0.90624,0.00811,0.86851
karen_soft_s1,3,22,0.04179,0.74064,0.00893,0.88534
karen_soft_s1,3,23,0.00717,0.03526,0.04549,0.85441
karen_soft_s1,3,24,0.09715,0.2105,0.02091,0.87231
karen_soft_s1,3,25,0.20281,0.1227,0.02966,0.84754
karen_soft_s1,3,26,0.15494,0.92994,0.00814,0.89505
karen_soft_s1,3,27,0.53332,0.6044,0.009,0.85256
karen_soft_s1,3,28,0.0092,0.42908,0.01286,0.89394
karen_soft_s1,3,29,0.01814,0.26409,0.02145,0.88179
karen_soft_s1,3,30,0.0,0.95596,0.0,0.87277
karen_soft_s1,3,31,0.0,0.9412,0.0,0.89564
karen_soft_s1,3,32,0.0,0.95001,0.0,0.90349
karen_soft_s1,3,33,0.21738,0.72991,0.00923,0.83922
karen_soft_s1,3,34,0.23721,0.94253,0.0085,0.83969
karen_soft_s1,3,35,0.10828,0.5575,0.01202,0.8997
karen_soft_s1,3,36,0.08649,0.78086,0.01011,0.8818
karen_soft_s1,3,37,0.01029,0.0274,0.05306,0.86396
karen_soft_s1,3,38,0.28484,0.74824,0.00873,0.86143
karen_soft_s1,3,39,0.11445,0.10439,0.0313,0.87325
karen_soft_s1,3,40,0.39285,0.41937,0.01438,0.87125
karen_soft_s1,3,41,0.06934,0.16635,0.02665,0.90525
karen_soft_s1,3,42,0.02356,0.37909,0.01456,0.87717
karen_soft_s1,3,43,0.06181,0.21007,0.01925,0.89434
karen_soft_s1,3,44,0.0211,0.68935,0.01026,0.86439
karen_soft_s1,3,45,0.11871,0.60646,0.01079,0.88844
karen_soft_s1,3,46,0.07434,0.65337,0.0097,0.89795
karen_soft_s1,3,47,0.19342,0.64429,0.01008,0.85532
karen_soft_s1,3,48,0.04962,0.59481,0.00946,0.87275
karen_soft_s1,3,49,0.03561,0.94487,0.00739,0.87097
karen_soft_s1,3,50,0.10064,0.14104,0.02388,0.86491
karen_soft_s1,3,51,0.08086,0.9036,0.00754,0.89574
karen_soft_s1,3,52,0.05887,0.58519,0.01104,0.8705
karen_soft_s1,3,53,0.09257,0.67675,0.0099,0.92435
karen_soft_s1,3,54,0.24654,0.35125,0.01597,0.87475
karen_soft_s1,3,55,0.16336,0.74046,0.00826,0.89019
karen_soft_s1,3,56,0.00947,0.38877,0.01303,0.88032
karen_soft_s1,3,57,0.02405,0.42719,0.01221,0.87331
karen_soft_s1,3,58,0.1115,0.699,0.00968,0.86925
karen_soft_s1,3,59,0.13712,0.27205,0.01661,0.86969
karen_soft_s1,3,60,0.14591,0.84882,0.00927,0.88827
karen_soft_s1,3,61,0.22288,0.84075,0.00856,0.86596
karen_soft_s1,3,62,0.40164,0.7424,0.00941,0.89328
karen_soft_s1,3,63,0.03288,0.66599,0.01151,0.92046
karen_soft_s1,3,64,0.15869,0.80232,0.00817,0.86858
karen_soft_s1,3,65,0.01092,0.07506,0.0451,0.88824
karen_soft_s1,3,66,0.05827,0.66636,0.00991,0.87599
karen_soft_s1,3,67,0.06335,0.15281,0.02238,0.85894
karen_soft_s1,3,68,0.01778,0.30733,0.01716,0.87979
karen_soft_s1,3,69,0.22797,0.74038,0.00915,0.85694
karen_soft_s1,3,70,0.04221,0.36265,0.01455,0.9177
karen_soft_s1,3,71,0.04888,0.74955,0.01012,0.87884
karen_soft_s1,3,72,0.12311,0.25204,0.01736,0.8456
karen_soft_s1,3,73,0.2818,0.92259,0.00944,0.86564
karen_soft_s1,3,74,0.04372,0.31052,0.01564,0.84031
karen_soft_s1,3,75,0.3438,0.40041,0.01271,0.88728
karen_soft_s1,3,76,0.02125,0.93539,0.00709,0.85051
karen_soft_s1,3,77,0.13726,0.13248,0.02551,0.86088
karen_soft_s1,3,78,0.36877,0.91545,0.009,0.90898
karen_soft_s1,3,79,0.0228,0.59973,0.01012,0.88749
karen_soft_s1,3,80,0.00144,0.9445,0.00727,0.88239
karen_soft_s1,3,81,0.05042,0.604,0.01249,0.89517
karen_soft_s1,3,82,0.0,0.96604,0.0,0.8669
karen_soft_s1,3,83,0.18128,0.78046,0.00878,0.89707
karen_soft_s1,3,84,0.09273,0.43615,0.01145,0.85882
karen_soft_s1,3,85,0.058,0.71053,0.00861,0.89185
karen_soft_s1,3,86,0.17007,0.71435,0.0094,0.84543
karen_soft_s1,3,87,0.29858,0.89477,0.00893,0.84596
karen_soft_s1,3,88,0.03079,0.12008,0.02506,0.89436
karen_soft_s1,3,89,0.13767,0.67943,0.01096,0.87878
karen_soft_s1,3,90,0.04965,0.66201,0.00922,0.85186
karen_soft_s1,3,91,0.05799,0.31235,0.01631,0.89643
karen_soft_s1,3,92,0.06866,0.18493,0.01999,0.8781
karen_soft_s1,3,93,0.05297,0.67851,0.00953,0.86347
karen_soft_s1,3,94,0.06931,0.67749,0.00881,0.86919
karen_soft_s1,3,95,0.06055,0.75313,0.00837,0.8709
karen_soft_s1,3,96,0.03046,0.27227,0.01501,0.90129
karen_soft_s1,3,97,0.0323,0.61598,0.00955,0.91347
karen_soft_s1,3,98,0.01577,0.5206,0.01414,0.90145
karen_soft_s1,3,99,0.08929,0.33949,0.01432,0.87104
karen_soft_s1,3,100,0.02307,0.61511,0.00991,0.87532
karen_soft_s1,3,101,0.14806,0.94394,0.00796,0.84486
karen_soft_s1,3,102,0.03593,0.81333,0.00905,0.88816
karen_soft_s1,3,103,0.47498,0.70887,0.00955,0.8492
karen_soft_s1,3,104,0.06306,0.23561,0.01785,0.8866
karen_soft_s1,3,105,0.1384,0.19654,0.01683,0.86731
karen_soft_s1,3,106,0.04318,0.4691,0.01168,0.92283
karen_soft_s1,3,107,0.09364,0.70121,0.00916,0.86174
karen_soft_s1,3,108,0.06233,0.16081,0.01821,0.87811
karen_soft_s1,3,109,0.0807,0.37098,0.01458,0.87305
karen_soft_s1,3,110,0.06593,0.09663,0.03321,0.89138
karen_soft_s1,3,111,0.01588,0.57007,0.01002,0.87827
karen_soft_s1,3,112,0.1366,0.91582,0.00835,0.86424
karen_soft_s1,3,113,0.09399,0.16048,0.02316,0.89354
karen_soft_s1,3,114,0.02254,0.54325,0.0118,0.87302
karen_soft_s1,3,115,0.0505,0.70654,0.01026,0.88372
karen_soft_s1,3,116,0.05695,0.72163,0.00947,0.84464
karen_soft_s1,3,117,0.0513,0.68603,0.01002,0.88085
karen_soft_s1,3,118,0.20142,0.66104,0.00968,0.85357
karen_soft_s1,3,119,0.01845,0.84938,0.00834,0.8699
karen_soft_s1,3,120,0.02746,0.16716,0.02458,0.88615
karen_soft_s1,3,121,0.0004,0.96036,0.00755,0.85067
karen_soft_s1,3,122,0.04091,0.05292,0.03435,0.8711
karen_soft_s1,3,123,0.05372,0.10624,0.02913,0.88574
karen_soft_s1,3,124,0.03834,0.18334,0.01881,0.89151
karen_soft_s1,3,125,0.0776,0.75287,0.00851,0.89512
karen_soft_s1,3,126,0.2942,0.47891,0.01118,0.87521
karen_soft_s1,3,127,0.04286,0.17738,0.02134,0.86466
karen_soft_s1,3,128,0.13203,0.94774,0.00795,0.87872
karen_soft_s1,3,129,0.10588,0.14909,0.02487,0.85566
karen_soft_s1,3,130,0.021,0.48057,0.01268,0.8741
karen_soft_s1,3,131,0.04345,0.29709,0.01386,0.90045
karen_soft_s1,3,132,0.04057,0.21589,0.01789,0.8941
karen_soft_s1,3,133,0.07741,0.09029,0.03145,0.89093
karen_soft_s1,3,134,0.0256,0.35679,0.01975,0.86358
karen_soft_s1,3,135,0.05489,0.11894,0.02811,0.84514
karen_soft_s1,3,136,0.22949,0.93743,0.00866,0.89975
karen_soft_s1,3,137,0.02993,0.94436,0.00764,0.88473
karen_soft_s1,3,138,0.15908,0.34297,0.01255,0.86705
karen_soft_s1,3,139,0.01444,0.04409,0.04377,0.87016
karen_soft_s1,3,140,0.06264,0.11022,0.02478,0.88373
karen_soft_s1,3,141,0.12453,0.66774,0.01007,0.85844
karen_soft_s1,3,142,0.06892,0.69593,0.00939,0.90743
karen_soft_s1,3,143,0.06479,0.48538,0.01064,0.84164
karen_soft_s1,3,144,0.14555,0.83036,0.00914,0.89414
karen_soft_s1,3,145,0.01565,0.94399,0.00725,0.88774
karen_soft_s1,3,146,0.21516,0.81442,0.00963,0.88139
karen_soft_s1,3,147,0.08469,0.77898,0.00973,0.90593
karen_soft_s1,3,148,0.06725,0.30325,0.01304,0.8931
karen_soft_s1,3,149,0.02637,0.47678,0.01375,0.87538
karen_soft_s1,3,150,0.04034,0.53201,0.0102,0.8817
karen_soft_s1,3,151,0.13004,0.87247,0.00822,0.86478
karen_soft_s1,3,152,0.03914,0.92711,0.00854,0.85336
karen_soft_s1,3,153,0.02028,0.17191,0.021,0.8748
karen_soft_s1,3,154,0.00581,0.01839,0.05913,0.89364
karen_soft_s1,3,155,0.05007,0.7757,0.00911,0.87624
karen_soft_s1,3,156,0.03832,0.29798,0.01691,0.84085
karen_soft_s1,3,157,0.05724,0.07709,0.03096,0.85391
karen_soft_s1,3,158,0.0,0.96014,0.0,0.88288
karen_soft_s1,3,159,0.11082,0.3853,0.01301,0.86985
karen_soft_s1,3,160,0.29546,0.76734,0.00878,0.90614
karen_soft_s1,3,161,0.04761,0.39868,0.01395,0.84912
karen_soft_s1,3,162,0.01424,0.38405,0.01577,0.88673
karen_soft_s1,3,163,0.0119,0.06021,0.02974,0.94529
karen_soft_s1,3,164,0.01617,0.15072,0.02285,0.85508
karen_soft_s1,3,165,0.04211,0.27358,0.0151,0.85541
karen_soft_s1,3,166,0.0,0.95925,0.0,0.83953
karen_soft_s1,3,167,0.125,0.86833,0.0083,0.86657
karen_soft_s1,3,168,0.11665,0.40908,0.0114,0.88275
karen_soft_s1,3,169,0.02797,0.26018,0.01726,0.84512
karen_soft_s1,3,170,0.08916,0.6239,0.01054,0.88609
karen_soft_s1,3,171,0.14787,0.23122,0.01485,0.88526
karen_soft_s1,3,172,0.08049,0.5524,0.00977,0.90489
karen_soft_s1,3,173,0.54057,0.8978,0.0088,0.86925
karen_soft_s1,3,174,0.42143,0.37685,0.01674,0.89149
karen_soft_s1,3,175,0.2984,0.90695,0.00858,0.88825
karen_soft_s1,3,176,0.01955,0.18179,0.02211,0.92033
karen_soft_s1,3,177,0.23785,0.49019,0.01149,0.87735
karen_soft_s1,3,178,0.22409,0.28986,0.01413,0.90232
karen_soft_s1,3,179,0.04594,0.14364,0.02621,0.86392
karen_soft_s1,3,180,0.03387,0.35187,0.01477,0.86814
karen_soft_s1,3,181,0.00287,0.40249,0.01222,0.89057
karen_soft_s1,3,182,0.22924,0.86725,0.00852,0.83882
karen_soft_s1,3,183,0.00229,0.95556,0.00691,0.8721
karen_soft_s1,3,184,0.03731,0.46161,0.0115,0.87659
karen_soft_s1,3,185,0.26278,0.7138,0.00938,0.86105
karen_soft_s1,3,186,0.09964,0.65004,0.01026,0.85703
karen_soft_s1,3,187,0.09594,0.34899,0.01442,0.90697
karen_soft_s1,3,188,0.14877,0.85354,0.00815,0.86599
karen_soft_s1,3,189,0.02452,0.40401,0.01275,0.8786
karen_soft_s1,3,190,0.01875,0.04367,0.06518,0.882
karen_soft_s1,3,191,0.04816,0.16589,0.02597,0.86259
karen_soft_s1,4,0,0.09677,0.50938,0.01302,
karen_soft_s1,4,1,0.16769,0.94548,0.00953,
karen_soft_s1,4,2,0.01555,0.16701,0.02183,
karen_soft_s1,4,3,0.12577,0.93474,0.00967,
karen_soft_s1,4,4,0.09917,0.35099,0.01593,
karen_soft_s1,4,5,0.38573,0.9082,0.01058,
karen_soft_s1,4,6,0.12474,0.77543,0.01113,
karen_soft_s1,4,7,0.08659,0.64473,0.0113,
karen_soft_s1,4,8,0.0431,0.23943,0.0204,
karen_soft_s1,4,9,0.06045,0.73755,0.01046,
karen_soft_s1,4,10,0.10974,0.74473,0.01137,
karen_soft_s1,4,11,0.15868,0.8967,0.01041,
karen_soft_s1,4,12,0.34924,0.82135,0.00993,
karen_soft_s1,4,13,0.05042,0.73423,0.01369,
karen_soft_s1,4,14,0.36075,0.93566,0.00983,
karen_soft_s1,4,15,0.32221,0.90166,0.01046,
karen_soft_s1,4,16,0.1491,0.81317,0.0105,
karen_soft_s1,4,17,0.09458,0.69695,0.01149,
karen_soft_s1,4,18,0.03915,0.62608,0.01167,
karen_soft_s1,4,19,0.03634,0.55297,0.01347,
karen_soft_s1,4,20,0.08673,0.44932,0.01589,
karen_soft_s1,4,21,0.10566,0.26074,0.01937,
karen_soft_s1,4,22,0.26928,0.92195,0.00995,
karen_soft_s1,4,23,0.03751,0.38825,0.01482,
karen_soft_s1,4,24,0.05648,0.57959,0.01264,
karen_soft_s1,4,25,0.15137,0.32674,0.01717,
karen_soft_s1,4,26,0.16647,0.60379,0.01255,
karen_soft_s1,4,27,0.04596,0.40102,0.01259,
karen_soft_s1,4,28,0.07817,0.18229,0.02445,
karen_soft_s1,4,29,0.09058,0.65595,0.01167,
karen_soft_s1,4,30,0.05505,0.3396,0.0165,
karen_soft_s1,4,31,0.07026,0.34749,0.01685,
karen_soft_s1,4,32,0.05979,0.49916,0.01404,
karen_soft_s1,4,33,0.01495,0.20585,0.01949,
karen_soft_s1,4,34,0.04555,0.43053,0.01402,
karen_soft_s1,4,35,0.07092,0.14164,0.02888,
karen_soft_s1,4,36,0.01654,0.73878,0.01116,
karen_soft_s1,4,37,0.05968,0.37844,0.01838,
karen_soft_s1,4,38,0.02449,0.636,0.01135,
karen_soft_s1,4,39,0.04122,0.68939,0.01112,
karen_soft_s1,4,40,0.15899,0.92939,0.0096,
karen_soft_s1,4,41,0.06123,0.75175,0.01012,
karen_soft_s1,4,42,0.02751,0.44513,0.014,
karen_soft_s1,4,43,0.09682,0.60718,0.01198,
karen_soft_s1,4,44,0.08383,0.63702,0.01188,
karen_soft_s1,4,45,0.07812,0.47932,0.01661,
karen_soft_s1,4,46,0.07267,0.81279,0.01131,
karen_soft_s1,4,47,0.24317,0.90843,0.00998,
karen_soft_s1,4,48,0.04504,0.80735,0.01031,
karen_soft_s1,4,49,0.04911,0.47449,0.012,
karen_soft_s1,4,50,0.11922,0.18573,0.02316,
karen_soft_s1,4,51,0.04588,0.66926,0.01091,
karen_soft_s1,4,52,0.15288,0.75114,0.01035,
karen_soft_s1,4,53,0.03787,0.65881,0.01152,
karen_soft_s1,4,54,0.03954,0.26628,0.01667,
karen_soft_s1,4,55,0.0779,0.63308,0.01191,
karen_soft_s1,4,56,0.08172,0.51834,0.01361,
karen_soft_s1,4,57,0.05602,0.57677,0.01321,
karen_soft_s1,4,58,0.08755,0.47526,0.0136,
karen_soft_s1,4,59,0.04733,0.36623,0.01532,
karen_soft_s1,4,60,0.20899,0.61656,0.01189,
karen_soft_s1,4,61,0.05592,0.28925,0.01922,
karen_soft_s1,4,62,0.09892,0.13596,0.0261,
karen_soft_s1,4,63,0.0466,0.5801,0.01209,
karen_soft_s1,4,64,0.10278,0.68109,0.01332,
karen_soft_s1,4,65,0.03863,0.62227,0.01089,
karen_soft_s1,4,66,0.03761,0.36648,0.01613,
karen_soft_s1,4,67,0.29843,0.78406,0.01109,
karen_soft_s1,4,68,0.09795,0.28496,0.01731,
karen_soft_s1,4,69,0.03924,0.25701,0.02382,
karen_soft_s1,4,70,0.13663,0.93342,0.00958,
karen_soft_s1,4,71,0.02409,0.73745,0.0119,
karen_soft_s1,4,72,0.02293,0.40749,0.01551,
karen_soft_s1,4,73,0.01801,0.04979,0.04401,
karen_soft_s1,4,74,0.12177,0.49359,0.01309,
karen_soft_s1,4,75,0.06139,0.24503,0.01674,
karen_soft_s1,4,76,0.03223,0.693,0.00996,
karen_soft_s1,4,77,0.0105,0.65564,0.01011,
karen_soft_s1,4,78,0.06728,0.67813,0.01175,
karen_soft_s1,4,79,0.14825,0.89726,0.00957,
karen_soft_s1,4,80,0.0247,0.5074,0.01206,
karen_soft_s1,4,81,0.05,0.25548,0.01798,
karen_soft_s1,4,82,0.21974,0.82355,0.00983,
karen_soft_s1,4,83,0.05692,0.57322,0.01284,
karen_soft_s1,4,84,0.17059,0.46457,0.01428,
karen_soft_s1,4,85,0.10336,0.72815,0.01111,
karen_soft_s1,4,86,0.04547,0.61787,0.01196,
karen_soft_s1,4,87,0.10936,0.84493,0.0103,
karen_soft_s1,4,88,0.13886,0.54618,0.01334,
karen_soft_s1,4,89,0.04568,0.86052,0.00962,
karen_soft_s1,4,90,0.05232,0.55028,0.01311,
karen_soft_s1,4,91,0.0871,0.72581,0.01087,
karen_soft_s1,4,92,0.071,0.24698,0.01958,
karen_soft_s1,4,93,0.07819,0.58387,0.01276,
karen_soft_s1,4,94,0.02567,0.10198,0.02238,
karen_soft_s1,4,95,0.03074,0.65376,0.01031,
karen_soft_s1,4,96,0.05308,0.28824,0.01987,
karen_soft_s1,4,97,0.13637,0.12362,0.03621,
karen_soft_s1,4,98,0.13592,0.91671,0.00973,
karen_soft_s1,4,99,0.09348,0.54378,0.01469,
karen_soft_s1,4,100,0.45877,0.88912,0.01049,
karen_soft_s1,4,101,0.09417,0.62388,0.01222,
karen_soft_s1,4,102,0.1156,0.78789,0.01039,
karen_soft_s1,4,103,0.12949,0.57833,0.01222,
karen_soft_s1,4,104,0.03159,0.55857,0.01386,
karen_soft_s1,4,105,0.0573,0.37636,0.01523,
karen_soft_s1,4,106,0.09485,0.88867,0.00981,
karen_soft_s1,4,107,0.09612,0.54802,0.01278,
karen_soft_s1,4,108,0.03485,0.19376,0.02433,
karen_soft_s1,4,109,0.01135,0.08118,0.03772,
karen_soft_s1,4,110,0.08923,0.48196,0.01422,
karen_soft_s1,4,111,0.07166,0.45256,0.01364,
karen_soft_s1,4,112,0.02653,0.40024,0.01498,
karen_soft_s1,4,113,0.07775,0.25111,0.02182,
karen_soft_s1,4,114,0.07915,0.67941,0.01153,
karen_soft_s1,4,115,0.14171,0.27622,0.01853,
karen_soft_s1,4,116,0.04655,0.80435,0.01049,
karen_soft_s1,4,117,0.04688,0.29598,0.01932,
karen_soft_s1,4,118,0.07181,0.60497,0.01216,
karen_soft_s1,4,119,0.05967,0.54271,0.01198,
karen_soft_s1,4,120,0.03999,0.55854,0.01137,
karen_soft_s1,4,121,0.15562,0.76756,0.0119,
karen_soft_s1,4,122,0.07753,0.73487,0.01144,
karen_soft_s1,4,123,0.10999,0.80396,0.01069,
karen_soft_s1,4,124,0.20778,0.92063,0.00986,
karen_soft_s1,4,125,0.104,0.53964,0.01255,
karen_soft_s1,4,126,0.05619,0.43111,0.01399,
karen_soft_s1,4,127,0.11572,0.78313,0.01017,
karen_soft_s1,4,128,0.04429,0.59249,0.01201,
karen_soft_s1,4,129,0.01947,0.09386,0.03174,
karen_soft_s1,4,130,0.07211,0.55462,0.01342,
karen_soft_s1,4,131,0.11562,0.8746,0.01008,
karen_soft_s1,4,132,0.09712,0.77296,0.00966,
karen_soft_s1,4,133,0.20554,0.90451,0.00984,
karen_soft_s1,4,134,0.02258,0.37652,0.0141,
karen_soft_s1,4,135,0.02532,0.58942,0.01153,
karen_soft_s1,4,136,0.0919,0.87142,0.00999,
karen_soft_s1,4,137,0.05655,0.73892,0.01085,
karen_soft_s1,4,138,0.02926,0.49417,0.01283,
karen_soft_s1,4,139,0.07021,0.56399,0.01191,
karen_soft_s1,4,140,0.05844,0.70138,0.01091,
karen_soft_s1,4,141,0.01852,0.50704,0.01272,
karen_soft_s1,4,142,0.05793,0.74765,0.01115,
karen_soft_s1,4,143,0.07439,0.15964,0.02214,
karen_soft_s1,4,144,0.07273,0.67825,0.01171,
karen_soft_s1,4,145,0.11996,0.83417,0.01009,
karen_soft_s1,4,146,0.1453,0.23784,0.02409,
karen_soft_s1,4,147,0.16766,0.45093,0.0148,
karen_soft_s1,4,148,0.04719,0.4254,0.01457,
karen_soft_s1,4,149,0.02945,0.27231,0.01715,
karen_soft_s1,4,150,0.04726,0.39868,0.01583,
karen_soft_s1,4,151,0.202,0.4941,0.01343,
karen_soft_s1,4,152,0.02824,0.76764,0.01019,
karen_soft_s1,4,153,0.06776,0.8678,0.0096,
karen_soft_s1,4,154,0.2073,0.43113,0.01379,
karen_soft_s1,4,155,0.04543,0.6303,0.01074,
karen_soft_s1,4,156,0.08391,0.56383,0.01312,
karen_soft_s1,4,157,0.13133,0.85523,0.01012,
karen_soft_s1,4,158,0.01763,0.40678,0.01364,
karen_soft_s1,4,159,0.15544,0.83274,0.01113,
karen_soft_s1,4,160,0.11778,0.25298,0.01861,
karen_soft_s1,4,161,0.03657,0.12757,0.02344,
karen_soft_s1,4,162,0.07432,0.18109,0.02417,
karen_soft_s1,4,163,0.17883,0.84553,0.01026,
karen_soft_s1,4,164,0.0274,0.4545,0.01535,
karen_soft_s1,4,165,0.15485,0.56645,0.01393,
karen_soft_s1,4,166,0.0447,0.39864,0.01675,
karen_soft_s1,4,167,0.02622,0.17713,0.02205,
karen_soft_s1,4,168,0.24281,0.74759,0.01107,
karen_soft_s1,4,169,0.06995,0.84863,0.00974,
karen_soft_s1,4,170,0.02579,0.65196,0.01067,
karen_soft_s1,4,171,0.06927,0.47863,0.01329,
karen_soft_s1,4,172,0.08349,0.6353,0.01135,
karen_soft_s1,4,173,0.03579,0.55226,0.01236,
karen_soft_s1,4,174,0.14123,0.80022,0.01082,
karen_soft_s1,4,175,0.01134,0.05086,0.04489,
karen_soft_s1,4,176,0.20714,0.90421,0.01027,
karen_soft_s1,4,177,0.02222,0.12593,0.02776,
karen_soft_s1,4,178,0.10203,0.56215,0.01219,
karen_soft_s1,4,179,0.08099,0.86821,0.00992,
karen_soft_s1,4,180,0.07706,0.64442,0.01137,
karen_soft_s1,4,181,0.05029,0.76576,0.01028,
karen_soft_s1,4,182,0.06371,0.66438,0.0119,
karen_soft_s1,4,183,0.10921,0.31557,0.01368,
karen_soft_s1,4,184,0.13687,0.67407,0.01214,
karen_soft_s1,4,185,0.27929,0.59967,0.01213,
karen_soft_s1,4,186,0.15556,0.92316,0.00926,
karen_soft_s1,4,187,0.05184,0.19165,0.01703,
karen_soft_s1,4,188,0.18937,0.88359,0.00989,
karen_soft_s1,4,189,0.17261,0.82578,0.0099,
karen_soft_s1,4,190,0.11662,0.90653,0.00992,
karen_soft_s1,4,191,0.03359,0.06505,0.02729,
karen_soft_s2,2,0,0.0,0.95007,0.0,0.86016
karen_soft_s2,2,1,0.04794,0.30651,0.01594,0.87652
karen_soft_s2,2,2,0.0555,0.09739,0.02344,0.86821
karen_soft_s2,2,3,0.45787,0.66056,0.0094,0.87118
karen_soft_s2,2,4,0.10647,0.91,0.0085,0.86761
karen_soft_s2,2,5,0.0135,0.07425,0.02641,0.9153
karen_soft_s2,2,6,0.05474,0.93819,0.00691,0.88915
karen_soft_s2,2,7,0.04807,0.26906,0.01607,0.88565
karen_soft_s2,2,8,0.03072,0.91925,0.0071,0.87156
karen_soft_s2,2,9,0.01826,0.09951,0.04554,0.8601
karen_soft_s2,2,10,0.02036,0.12406,0.02482,0.85592
karen_soft_s2,2,11,0.02099,0.51946,0.01191,0.86179
karen_soft_s2,2,12,0.09576,0.10573,0.03316,0.85604
karen_soft_s2,2,13,0.0,0.94493,0.0,0.87827
karen_soft_s2,2,14,0.19806,0.80199,0.00851,0.83979
karen_soft_s2,2,15,0.33968,0.83999,0.00844,0.88285
karen_soft_s2,2,16,0.01234,0.13583,0.0297,0.8306
karen_soft_s2,2,17,0.1536,0.26323,0.01574,0.85048
karen_soft_s2,2,18,0.08611,0.85737,0.00904,0.83313
karen_soft_s2,2,19,0.23103,0.63177,0.00905,0.85908
karen_soft_s2,2,20,0.1123,0.61905,0.0118,0.85744
karen_soft_s2,2,21,0.0802,0.6245,0.00915,0.86408
karen_soft_s2,2,22,0.04681,0.07088,0.04242,0.87272
karen_soft_s2,2,23,0.09495,0.17782,0.01939,0.8699
karen_soft_s2,2,24,0.18829,0.91231,0.00812,0.91224
karen_soft_s2,2,25,0.15047,0.50818,0.0109,0.86509
karen_soft_s2,2,26,0.08784,0.17429,0.0212,0.92022
karen_soft_s2,2,27,0.00856,0.45948,0.01108,0.8541
karen_soft_s2,2,28,0.07017,0.74853,0.00901,0.86502
karen_soft_s2,2,29,0.14349,0.91149,0.00752,0.86242
karen_soft_s2,2,30,0.03573,0.58069,0.01158,0.87773
karen_soft_s2,2,31,0.10247,0.93478,0.00754,0.88048
karen_soft_s2,2,32,0.05832,0.08931,0.02804,0.8983
karen_soft_s2,2,33,0.0108,0.0217,0.06373,0.85757
karen_soft_s2,2,34,0.01978,0.38213,0.01137,0.84398
karen_soft_s2,2,35,0.12424,0.49643,0.01065,0.90485
karen_soft_s2,2,36,0.01623,0.13837,0.02391,0.85268
karen_soft_s2,2,37,0.07922,0.6416,0.00879,0.82808
karen_soft_s2,2,38,0.00869,0.93236,0.00741,0.87687
karen_soft_s2,2,39,0.29295,0.90399,0.00794,0.85811
karen_soft_s2,2,40,0.01786,0.26289,0.01436,0.8926
karen_soft_s2,2,41,0.0,0.97438,0.0,0.87232
karen_soft_s2,2,42,0.03433,0.10693,0.02528,0.8567
karen_soft_s2,2,43,0.36329,0.47018,0.0125,0.87507
karen_soft_s2,2,44,0.02766,0.09538,0.03158,0.89826
karen_soft_s2,2,45,0.23884,0.53413,0.01043,0.8829
karen_soft_s2,2,46,0.0,0.95514,0.0,0.90566
karen_soft_s2,2,47,0.02911,0.34511,0.01389,0.87363
karen_soft_s2,2,48,0.13229,0.74634,0.0092,0.91893
karen_soft_s2,2,49,0.04231,0.05413,0.04395,0.85252
karen_soft_s2,2,50,0.03358,0.08849,0.0279,0.84281
karen_soft_s2,2,51,0.60299,0.9058,0.00821,0.85594
karen_soft_s2,2,52,0.0,0.97119,0.0,0.86769
karen_soft_s2,2,53,0.00931,0.00955,0.11124,0.85987
karen_soft_s2,2,54,0.02444,0.11244,0.02874,0.89964
karen_soft_s2,2,55,0.01286,0.05396,0.03717,0.82191
karen_soft_s2,2,56,0.16649,0.76298,0.00849,0.88261
karen_soft_s2,2,57,0.06995,0.69505,0.01254,0.8509
karen_soft_s2,2,58,0.20511,0.80982,0.00888,0.8976
karen_soft_s2,2,59,0.23573,0.20108,0.01834,0.83853
karen_soft_s2,2,60,0.02705,0.53502,0.01249,0.8867
karen_soft_s2,2,61,0.06192,0.82885,0.0092,0.85432
karen_soft_s2,2,62,0.00901,0.11394,0.03466,0.85104
karen_soft_s2,2,63,0.07625,0.64015,0.00906,0.84525
karen_soft_s2,2,64,0.04679,0.55937,0.00992,0.87249
karen_soft_s2,2,65,0.02265,0.34319,0.01494,0.87636
karen_soft_s2,2,66,0.18956,0.64078,0.0093,0.90332
karen_soft_s2,2,67,0.14984,0.5463,0.01002,0.84907
karen_soft_s2,2,68,0.02068,0.10111,0.02937,0.87486
karen_soft_s2,2,69,0.5782,0.77136,0.00854,0.91261
karen_soft_s2,2,70,0.0,0.95037,0.0,0.86449
karen_soft_s2,2,71,0.05413,0.56032,0.01247,0.86465
karen_soft_s2,2,72,0.04589,0.29068,0.01517,0.84115
karen_soft_s2,2,73,0.10063,0.48427,0.01165,0.87582
karen_soft_s2,2,74,0.01405,0.30124,0.0167,0.88314
karen_soft_s2,2,75,0.08025,0.79975,0.00848,0.87122
karen_soft_s2,2,76,0.16451,0.55811,0.00923,0.84921
karen_soft_s2,2,77,0.0,0.96938,0.0,0.8636
karen_soft_s2,2,78,0.04348,0.09909,0.0317,0.85709
karen_soft_s2,2,79,0.06698,0.67437,0.00914,0.86309
karen_soft_s2,2,80,0.0,0.95761,0.0,0.83342
karen_soft_s2,2,81,0.10617,0.85961,0.00793,0.87738
karen_soft_s2,2,82,0.03825,0.2479,0.0182,0.85948
karen_soft_s2,2,83,0.03799,0.62896,0.0107,0.88613
karen_soft_s2,2,84,0.10513,0.14434,0.02748,0.83422
karen_soft_s2,2,85,0.01477,0.42257,0.0118,0.84089
karen_soft_s2,2,86,0.04225,0.08719,0.03448,0.88704
karen_soft_s2,2,87,0.04288,0.2591,0.01606,0.85746
karen_soft_s2,2,88,0.27464,0.88637,0.00816,0.90596
karen_soft_s2,2,89,0.06416,0.63082,0.01122,0.90177
karen_soft_s2,2,90,0.01673,0.89168,0.00693,0.85547
karen_soft_s2,2,91,0.26117,0.74118,0.00811,0.86448
karen_soft_s2,2,92,0.41884,0.86343,0.00817,0.85365
karen_soft_s2,2,93,0.09721,0.80246,0.00985,0.86479
karen_soft_s2,2,94,0.0,0.95202,0.0,0.85777
karen_soft_s2,2,95,0.07147,0.41222,0.01414,0.85169
karen_soft_s2,2,96,0.0,0.96811,0.0,0.89748
karen_soft_s2,2,97,0.04195,0.32394,0.01771,0.85793
karen_soft_s2,2,98,0.02551,0.04204,0.04672,0.87311
karen_soft_s2,2,99,0.05809,0.14347,0.02114,0.86255
karen_soft_s2,2,100,0.5638,0.43139,0.01107,0.86215
karen_soft_s2,2,101,0.08591,0.14138,0.01994,0.90237
karen_soft_s2,2,102,0.02738,0.1154,0.02509,0.89184
karen_soft_s2,2,103,0.28904,0.88368,0.0086,0.8757
karen_soft_s2,2,104,0.0902,0.28555,0.01647,0.8689
karen_soft_s2,2,105,0.22169,0.88092,0.00796,0.89572
karen_soft_s2,2,106,0.27153,0.80782,0.00808,0.86322
karen_soft_s2,2,107,0.01141,0.56256,0.01065,0.87414
karen_soft_s2,2,108,0.02365,0.48917,0.01274,0.84495
karen_soft_s2,2,109,0.06696,0.17881,0.01917,0.88385
karen_soft_s2,2,110,0.13747,0.94445,0.00762,0.87734
karen_soft_s2,2,111,0.06358,0.06104,0.03966,0.88765
karen_soft_s2,2,112,0.0,0.97579,0.0,0.88317
karen_soft_s2,2,113,0.02377,0.10945,0.02845,0.89686
karen_soft_s2,2,114,0.02216,0.40315,0.01073,0.88878
karen_soft_s2,2,115,0.05887,0.70083,0.00945,0.8657
karen_soft_s2,2,116,0.17452,0.90097,0.00758,0.8954
karen_soft_s2,2,117,0.0033,0.00976,0.10226,0.85722
karen_soft_s2,2,118,0.00919,0.78862,0.00739,0.88555
karen_soft_s2,2,119,0.10561,0.06674,0.0439,0.8996
karen_soft_s2,2,120,0.0,0.95616,0.0,0.87214
karen_soft_s2,2,121,0.10441,0.70496,0.01065,0.80857
karen_soft_s2,2,122,0.00764,0.03013,0.05937,0.88299
karen_soft_s2,2,123,0.03374,0.0525,0.03687,0.88136
karen_soft_s2,2,124,0.04424,0.89539,0.00758,0.94747
karen_soft_s2,2,125,0.07967,0.54945,0.0112,0.9042
karen_soft_s2,2,126,0.07434,0.65269,0.00988,0.89514
karen_soft_s2,2,127,0.0185,0.07951,0.0323,0.89886
karen_soft_s2,2,128,0.0585,0.15225,0.02435,0.86299
karen_soft_s2,2,129,0.14095,0.24918,0.0161,0.85229
karen_soft_s2,2,130,0.01677,0.23834,0.01627,0.83967
karen_soft_s2,2,131,0.0046,0.9364,0.00753,0.84219
karen_soft_s2,2,132,0.04784,0.09978,0.02925,0.88728
karen_soft_s2,2,133,0.05591,0.22842,0.01822,0.8715
karen_soft_s2,2,134,0.0,0.95559,0.0,0.86702
karen_soft_s2,2,135,0.05711,0.08698,0.0387,0.86194
karen_soft_s2,2,136,0.07618,0.2834,0.01349,0.87225
karen_soft_s2,2,137,8e-05,0.94799,0.00626,0.82674
karen_soft_s2,2,138,0.01523,0.0996,0.03066,0.86364
karen_soft_s2,2,139,0.06751,0.86535,0.0108,0.88205
karen_soft_s2,2,140,0.03387,0.14407,0.02008,0.88605
karen_soft_s2,2,141,0.06208,0.71827,0.01023,0.83462
karen_soft_s2,2,142,0.01157,0.46823,0.01003,0.86778
karen_soft_s2,2,143,0.00716,0.93151,0.00644,0.85595
karen_soft_s2,2,144,0.2765,0.85668,0.0082,0.82815
karen_soft_s2,2,145,0.09136,0.1176,0.02901,0.86432
karen_soft_s2,2,146,0.11379,0.2152,0.01819,0.87362
karen_soft_s2,2,147,0.21821,0.91479,0.00773,0.88946
karen_soft_s2,2,148,0.0071,0.03206,0.05261,0.87718
karen_soft_s2,2,149,0.01482,0.9567,0.00755,0.88224
karen_soft_s2,2,150,0.01362,0.93885,0.00682,0.85288
karen_soft_s2,2,151,0.15925,0.90201,0.00797,0.8696
karen_soft_s2,2,152,0.01009,0.08104,0.04262,0.87853
karen_soft_s2,2,153,0.07823,0.76618,0.00797,0.87943
karen_soft_s2,2,154,0.08689,0.77341,0.00978,0.85884
karen_soft_s2,2,155,0.03738,0.07811,0.03344,0.89558
karen_soft_s2,2,156,0.13773,0.80589,0.00797,0.87688
karen_soft_s2,2,157,0.08904,0.14089,0.02457,0.86288
karen_soft_s2,2,158,0.14957,0.83209,0.00791,0.86597
karen_soft_s2,2,159,0.0452,0.42792,0.01301,0.88079
karen_soft_s2,2,160,0.00588,0.41598,0.01095,0.86974
karen_soft_s2,2,161,0.29265,0.64916,0.0088,0.85395
karen_soft_s2,2,162,0.06241,0.62662,0.01039,0.88128
karen_soft_s2,2,163,0.04218,0.62334,0.00986,0.8537
karen_soft_s2,2,164,0.28645,0.90418,0.00784,0.88111
karen_soft_s2,2,165,0.03658,0.24743,0.01951,0.84076
karen_soft_s2,2,166,0.32316,0.60894,0.00922,0.86963
karen_soft_s2,2,167,0.23634,0.85447,0.00776,0.86142
karen_soft_s2,2,168,0.0,0.96319,0.0,0.87852
karen_soft_s2,2,169,0.06563,0.50557,0.01229,0.87086
karen_soft_s2,2,170,0.04198,0.67643,0.00846,0.85626
karen_soft_s2,2,171,0.06704,0.356,0.01368,0.81301
karen_soft_s2,2,172,0.07897,0.10448,0.02734,0.89001
karen_soft_s2,2,173,0.0,0.95973,0.0,0.88593
karen_soft_s2,2,174,0.08882,0.83771,0.00759,0.86263
karen_soft_s2,2,175,0.0,0.95215,0.0,0.8843
karen_soft_s2,2,176,0.07541,0.19532,0.01986,0.87003
karen_soft_s2,2,177,0.74438,0.8594,0.00842,0.8723
karen_soft_s2,2,178,0.10695,0.13104,0.02958,0.86187
karen_soft_s2,2,179,0.14947,0.86305,0.00949,0.89235
karen_soft_s2,2,180,0.20179,0.32752,0.01337,0.88187
karen_soft_s2,2,181,0.08978,0.39447,0.0125,0.85095
karen_soft_s2,2,182,0.19212,0.8164,0.00788,0.87931
karen_soft_s2,2,183,0.03226,0.07292,0.03703,0.86366
karen_soft_s2,2,184,0.12115,0.77961,0.00862,0.86732
karen_soft_s2,2,185,0.03114,0.61601,0.00943,0.84177
karen_soft_s2,2,186,0.09341,0.91037,0.00747,0.88408
karen_soft_s2,2,187,0.12845,0.83378,0.0079,0.85187
karen_soft_s2,2,188,0.06187,0.89161,0.00793,0.85921
karen_soft_s2,2,189,0.07845,0.87638,0.00796,0.89507
karen_soft_s2,2,190,0.00532,0.9133,0.00672,0.86607
karen_soft_s2,2,191,0.02543,0.33285,0.016,0.83822
karen_soft_s2,3,0,0.00755,0.18343,0.01497,0.88379
karen_soft_s2,3,1,0.11408,0.26807,0.0179,0.86307
karen_soft_s2,3,2,0.03043,0.76142,0.00997,0.9186
karen_soft_s2,3,3,0.19728,0.90331,0.00939,0.88814
karen_soft_s2,3,4,0.03194,0.55213,0.01208,0.96163
karen_soft_s2,3,5,0.04003,0.50489,0.01371,0.86364
karen_soft_s2,3,6,0.0023,0.95988,0.00783,0.90845
karen_soft_s2,3,7,0.05736,0.75115,0.00966,0.88606
karen_soft_s2,3,8,0.01997,0.17294,0.02113,0.84336
karen_soft_s2,3,9,0.02831,0.17173,0.02228,0.83251
karen_soft_s2,3,10,0.02734,0.13295,0.02234,0.86187
karen_soft_s2,3,11,0.04067,0.69072,0.00964,0.86341
karen_soft_s2,3,12,0.06324,0.60508,0.01222,0.9279
karen_soft_s2,3,13,0.11981,0.95872,0.00856,0.88953
karen_soft_s2,3,14,0.02376,0.18773,0.02392,0.89615
karen_soft_s2,3,15,0.00866,0.02848,0.05422,0.86984
karen_soft_s2,3,16,0.02809,0.47144,0.01544,0.89156
karen_soft_s2,3,17,0.0475,0.47706,0.01652,0.89052
karen_soft_s2,3,18,0.05795,0.75132,0.011,0.86168
karen_soft_s2,3,19,0.06564,0.24417,0.01706,0.85433
karen_soft_s2,3,20,0.14973,0.73029,0.01011,0.89425
karen_soft_s2,3,21,0.07012,0.61491,0.01136,0.86569
karen_soft_s2,3,22,0.09576,0.51057,0.01232,0.87414
karen_soft_s2,3,23,0.03624,0.49363,0.01212,0.8727
karen_soft_s2,3,24,0.15526,0.9293,0.0087,0.8931
karen_soft_s2,3,25,0.01913,0.30606,0.01525,0.87528
karen_soft_s2,3,26,0.23187,0.93207,0.0089,0.85435
karen_soft_s2,3,27,0.05005,0.62466,0.0125,0.88912
karen_soft_s2,3,28,0.01682,0.14701,0.02546,0.90306
karen_soft_s2,3,29,0.03203,0.60315,0.01283,0.88623
karen_soft_s2,3,30,0.03008,0.37674,0.01594,0.87101
karen_soft_s2,3,31,0.02897,0.36369,0.01481,0.89716
karen_soft_s2,3,32,0.09944,0.47804,0.01248,0.82776
karen_soft_s2,3,33,0.1153,0.23415,0.02034,0.83506
karen_soft_s2,3,34,0.08089,0.67981,0.01073,0.87469
karen_soft_s2,3,35,0.51486,0.85688,0.00951,0.78332
karen_soft_s2,3,36,0.03442,0.44422,0.01318,0.91575
karen_soft_s2,3,37,0.04024,0.53277,0.01308,0.88888
karen_soft_s2,3,38,0.05254,0.65963,0.01082,0.87926
karen_soft_s2,3,39,0.24127,0.86671,0.0094,0.89556
karen_soft_s2,3,40,0.2188,0.89542,0.00901,0.85302
karen_soft_s2,3,41,0.06649,0.15839,0.02549,0.86162
karen_soft_s2,3,42,0.05843,0.61184,0.01129,0.8975
karen_soft_s2,3,43,0.02299,0.49114,0.01263,0.93242
karen_soft_s2,3,44,0.15742,0.36468,0.01332,0.85028
karen_soft_s2,3,45,0.18802,0.86535,0.00942,0.84348
karen_soft_s2,3,46,0.07788,0.91692,0.0086,0.88981
karen_soft_s2,3,47,0.088,0.26644,0.01886,0.85209
karen_soft_s2,3,48,0.0893,0.49532,0.01185,0.88032
karen_soft_s2,3,49,0.06187,0.4145,0.01481,0.83032
karen_soft_s2,3,50,0.16106,0.54787,0.01155,0.85739
karen_soft_s2,3,51,0.08659,0.65951,0.01033,0.84342
karen_soft_s2,3,52,0.08192,0.75208,0.00962,0.88261
karen_soft_s2,3,53,0.10825,0.84667,0.00914,0.86354
karen_soft_s2,3,54,0.09297,0.80871,0.00947,0.82197
karen_soft_s2,3,55,0.05765,0.67009,0.01151,0.82103
karen_soft_s2,3,56,0.03445,0.4586,0.01278,0.85851
karen_soft_s2,3,57,0.13391,0.84374,0.00983,0.84705
karen_soft_s2,3,58,0.25108,0.82557,0.0095,0.87727
karen_soft_s2,3,59,0.16787,0.44205,0.01279,0.88076
karen_soft_s2,3,60,0.0,0.97239,0.0,0.8867
karen_soft_s2,3,61,0.04503,0.25618,0.02028,0.90283
karen_soft_s2,3,62,0.08672,0.18349,0.02169,0.88643
karen_soft_s2,3,63,0.09853,0.70336,0.00974,0.88394
karen_soft_s2,3,64,0.23183,0.65602,0.01072,0.84772
karen_soft_s2,3,65,0.06352,0.16768,0.02229,0.90226
karen_soft_s2,3,66,0.01929,0.16402,0.01923,0.8737
karen_soft_s2,3,67,0.1117,0.80113,0.00873,0.89169
karen_soft_s2,3,68,0.15318,0.93926,0.00887,0.86111
karen_soft_s2,3,69,0.07594,0.17742,0.02273,0.84991
karen_soft_s2,3,70,0.03648,0.44287,0.01423,0.86342
karen_soft_s2,3,71,0.06292,0.83598,0.00868,0.85752
karen_soft_s2,3,72,0.01522,0.17886,0.02153,0.84434
karen_soft_s2,3,73,0.11588,0.60724,0.01165,0.86469
karen_soft_s2,3,74,0.21978,0.6846,0.0102,0.85949
karen_soft_s2,3,75,0.12322,0.76568,0.01133,0.78838
karen_soft_s2,3,76,0.06769,0.66289,0.01073,0.82941
karen_soft_s2,3,77,0.13979,0.9127,0.00817,0.88716
karen_soft_s2,3,78,0.10954,0.2803,0.01831,0.83653
karen_soft_s2,3,79,0.19347,0.52045,0.01241,0.84671
karen_soft_s2,3,80,0.02164,0.40493,0.0172,0.85081
karen_soft_s2,3,81,0.02743,0.64712,0.01096,0.87596
karen_soft_s2,3,82,0.08867,0.72894,0.01029,0.87704
karen_soft_s2,3,83,0.06831,0.7143,0.0111,0.84857
karen_soft_s2,3,84,0.06651,0.82624,0.01006,0.86549
karen_soft_s2,3,85,0.12756,0.66629,0.00967,0.85635
karen_soft_s2,3,86,0.05679,0.74825,0.01058,0.84573
karen_soft_s2,3,87,0.0339,0.69342,0.01089,0.82827
karen_soft_s2,3,88,0.38971,0.89753,0.00886,0.8896
karen_soft_s2,3,89,0.09142,0.11562,0.02992,0.88122
karen_soft_s2,3,90,0.05749,0.75221,0.01029,0.86398
karen_soft_s2,3,91,0.03254,0.59983,0.01115,0.88415
karen_soft_s2,3,92,0.0276,0.6082,0.01167,0.86132
karen_soft_s2,3,93,0.02077,0.41367,0.01313,0.87643
karen_soft_s2,3,94,0.04797,0.21173,0.0191,0.88941
karen_soft_s2,3,95,0.06005,0.60132,0.01216,0.83735
karen_soft_s2,3,96,0.20217,0.85871,0.00913,0.91417
karen_soft_s2,3,97,0.40456,0.89961,0.00899,0.89122
karen_soft_s2,3,98,0.14656,0.67705,0.00975,0.87691
karen_soft_s2,3,99,0.05368,0.65789,0.0099,0.84442
karen_soft_s2,3,100,0.11527,0.55483,0.01137,0.89736
karen_soft_s2,3,101,0.09142,0.19814,0.02365,0.86789
karen_soft_s2,3,102,0.13795,0.8598,0.00856,0.8601
karen_soft_s2,3,103,0.01599,0.36801,0.01571,0.88261
karen_soft_s2,3,104,0.11742,0.80593,0.00938,0.86049
karen_soft_s2,3,105,0.01872,0.1991,0.01937,0.85533
karen_soft_s2,3,106,0.04972,0.77288,0.01072,0.87502
karen_soft_s2,3,107,0.01331,0.2174,0.02135,0.86556
karen_soft_s2,3,108,0.04807,0.25638,0.02116,0.93221
karen_soft_s2,3,109,0.14002,0.96164,0.00856,0.84595
karen_soft_s2,3,110,0.19806,0.91162,0.00853,0.876
karen_soft_s2,3,111,0.09437,0.74377,0.01008,0.8582
karen_soft_s2,3,112,0.13377,0.22939,0.02088,0.85355
karen_soft_s2,3,113,0.03172,0.57309,0.01152,0.85576
karen_soft_s2,3,114,0.08308,0.86909,0.00918,0.93463
karen_soft_s2,3,115,0.12414,0.78512,0.01134,0.88031
karen_soft_s2,3,116,0.09805,0.19635,0.02092,0.8554
karen_soft_s2,3,117,0.01891,0.0609,0.02616,0.81823
karen_soft_s2,3,118,0.02949,0.09631,0.03029,0.89382
karen_soft_s2,3,119,0.12492,0.40492,0.01372,0.87944
karen_soft_s2,3,120,0.02819,0.07606,0.03193,0.84019
karen_soft_s2,3,121,0.3602,0.91928,0.00867,0.87764
karen_soft_s2,3,122,0.03024,0.68012,0.01038,0.89978
karen_soft_s2,3,123,0.1998,0.52892,0.01196,0.88551
karen_soft_s2,3,124,0.09106,0.93318,0.00906,0.88147
karen_soft_s2,3,125,0.25017,0.28904,0.01699,0.87412
karen_soft_s2,3,126,0.02551,0.78658,0.00972,0.90025
karen_soft_s2,3,127,0.15855,0.45575,0.01294,0.86441
karen_soft_s2,3,128,0.04678,0.72145,0.01033,0.88683
karen_soft_s2,3,129,0.07945,0.31785,0.01658,0.86443
karen_soft_s2,3,130,0.08167,0.751,0.01212,0.86099
karen_soft_s2,3,131,0.05949,0.4859,0.01239,0.89675
karen_soft_s2,3,132,0.55183,0.66601,0.01156,0.86865
karen_soft_s2,3,133,0.021,0.49659,0.0116,0.87377
karen_soft_s2,3,134,0.35457,0.7803,0.01068,0.85901
karen_soft_s2,3,135,0.04798,0.61192,0.01276,0.93318
karen_soft_s2,3,136,0.02505,0.09391,0.03315,0.89828
karen_soft_s2,3,137,0.04028,0.5973,0.01289,0.88053
karen_soft_s2,3,138,0.17088,0.56245,0.01162,0.87071
karen_soft_s2,3,139,0.13395,0.5321,0.01259,0.83519
karen_soft_s2,3,140,0.06262,0.84439,0.00955,0.87804
karen_soft_s2,3,141,0.0461,0.30729,0.01582,0.86738
karen_soft_s2,3,142,0.06313,0.53127,0.01328,0.88007
karen_soft_s2,3,143,0.05024,0.18219,0.02075,0.90649
karen_soft_s2,3,144,0.08582,0.1481,0.02288,0.88476
karen_soft_s2,3,145,0.04626,0.18698,0.01831,0.84273
karen_soft_s2,3,146,0.08074,0.70806,0.0096,0.87293
karen_soft_s2,3,147,0.035,0.50485,0.01253,0.8521
karen_soft_s2,3,148,0.04276,0.54634,0.01208,0.84635
karen_soft_s2,3,149,0.08701,0.79068,0.00979,0.87634
karen_soft_s2,3,150,0.08413,0.81175,0.00895,0.92293
karen_soft_s2,3,151,0.1465,0.47818,0.01312,0.90655
karen_soft_s2,3,152,0.04969,0.26152,0.01601,0.91193
karen_soft_s2,3,153,0.04702,0.17395,0.02221,0.88095
karen_soft_s2,3,154,0.03522,0.08363,0.03301,0.86848
karen_soft_s2,3,155,0.13383,0.81189,0.00903,0.84777
karen_soft_s2,3,156,0.07119,0.76083,0.01015,0.91421
karen_soft_s2,3,157,0.02171,0.13831,0.02565,0.87251
karen_soft_s2,3,158,0.02541,0.57145,0.01071,0.82916
karen_soft_s2,3,159,0.07607,0.82224,0.00888,0.83128
karen_soft_s2,3,160,0.06731,0.75569,0.01004,0.89737
karen_soft_s2,3,161,0.03247,0.17136,0.02356,0.87652
karen_soft_s2,3,162,0.05756,0.62134,0.01058,0.89943
karen_soft_s2,3,163,0.02074,0.30384,0.01672,0.85042
karen_soft_s2,3,164,0.05132,0.07946,0.03519,0.85138
karen_soft_s2,3,165,0.33987,0.92807,0.00872,0.91175
karen_soft_s2,3,166,0.08664,0.44253,0.01376,0.8778
karen_soft_s2,3,167,0.08546,0.75613,0.01085,0.89749
karen_soft_s2,3,168,0.01987,0.38439,0.01271,0.8774
karen_soft_s2,3,169,0.14992,0.26306,0.01679,0.8869
karen_soft_s2,3,170,0.21024,0.66594,0.01055,0.86929
karen_soft_s2,3,171,0.01469,0.18176,0.03561,0.90486
karen_soft_s2,3,172,0.53981,0.84483,0.00912,0.88043
karen_soft_s2,3,173,0.1272,0.84229,0.00959,0.87758
karen_soft_s2,3,174,0.09496,0.49539,0.012,0.89021
karen_soft_s2,3,175,0.05226,0.11494,0.03065,0.91195
karen_soft_s2,3,176,0.14241,0.72658,0.00943,0.8543
karen_soft_s2,3,177,0.15806,0.73743,0.00984,0.87937
karen_soft_s2,3,178,0.00684,0.01216,0.07465,0.85657
karen_soft_s2,3,179,0.02364,0.28984,0.01771,0.89517
karen_soft_s2,3,180,0.02078,0.27299,0.01967,0.85619
karen_soft_s2,3,181,0.01058,0.38295,0.01353,0.90343
karen_soft_s2,3,182,0.05183,0.45878,0.0134,0.89874
karen_soft_s2,3,183,0.03019,0.47962,0.0111,0.92304
karen_soft_s2,3,184,0.13231,0.89025,0.00898,0.83894
karen_soft_s2,3,185,0.0196,0.01727,0.08346,0.89776
karen_soft_s2,3,186,0.04893,0.94734,0.00849,0.90171
karen_soft_s2,3,187,0.03322,0.48498,0.01379,0.85495
karen_soft_s2,3,188,0.09168,0.61586,0.01071,0.86839
karen_soft_s2,3,189,0.05011,0.33717,0.01417,0.90121
karen_soft_s2,3,190,0.03197,0.80932,0.00942,0.82754
karen_soft_s2,3,191,0.15909,0.78837,0.00969,0.90282
karen_soft_s2,4,0,0.06273,0.63533,0.01233,
karen_soft_s2,4,1,0.16806,0.69838,0.01055,
karen_soft_s2,4,2,0.12008,0.40321,0.01478,
karen_soft_s2,4,3,0.05531,0.23132,0.02202,
karen_soft_s2,4,4,0.06432,0.93329,0.00967,
karen_soft_s2,4,5,0.05006,0.65875,0.01299,
karen_soft_s2,4,6,0.12772,0.71513,0.01139,
karen_soft_s2,4,7,0.10596,0.62282,0.01239,
karen_soft_s2,4,8,0.1171,0.75549,0.01033,
karen_soft_s2,4,9,0.04941,0.74555,0.0107,
karen_soft_s2,4,10,0.09583,0.42937,0.01346,
karen_soft_s2,4,11,0.07719,0.70459,0.01123,
karen_soft_s2,4,12,0.11414,0.18154,0.02423,
karen_soft_s2,4,13,0.07854,0.95284,0.00874,
karen_soft_s2,4,14,0.32194,0.94283,0.0097,
karen_soft_s2,4,15,0.08644,0.79822,0.00969,
karen_soft_s2,4,16,0.04234,0.64524,0.01231,
karen_soft_s2,4,17,0.10374,0.71492,0.011,
karen_soft_s2,4,18,0.03878,0.72465,0.01011,
karen_soft_s2,4,19,0.08835,0.39052,0.01424,
karen_soft_s2,4,20,0.16116,0.35543,0.01614,
karen_soft_s2,4,21,0.1058,0.60927,0.01284,
karen_soft_s2,4,22,0.04422,0.72186,0.01139,
karen_soft_s2,4,23,0.11395,0.70712,0.01217,
karen_soft_s2,4,24,0.03103,0.24478,0.01756,
karen_soft_s2,4,25,0.00916,0.07499,0.04019,
karen_soft_s2,4,26,0.03976,0.52062,0.01296,
karen_soft_s2,4,27,0.1012,0.77948,0.01084,
karen_soft_s2,4,28,0.13415,0.84409,0.01051,
karen_soft_s2,4,29,0.33964,0.91648,0.00948,
karen_soft_s2,4,30,0.14667,0.89844,0.00954,
karen_soft_s2,4,31,0.08936,0.76821,0.01041,
karen_soft_s2,4,32,0.09615,0.51284,0.01242,
karen_soft_s2,4,33,0.10001,0.69753,0.0121,
karen_soft_s2,4,34,0.05172,0.58883,0.01223,
karen_soft_s2,4,35,0.18697,0.2486,0.0195,
karen_soft_s2,4,36,0.11101,0.75191,0.01154,
karen_soft_s2,4,37,0.1144,0.77944,0.01011,
karen_soft_s2,4,38,0.02406,0.57979,0.0109,
karen_soft_s2,4,39,0.02014,0.13237,0.02209,
karen_soft_s2,4,40,0.03934,0.48211,0.01425,
karen_soft_s2,4,41,0.05344,0.58832,0.01292,
karen_soft_s2,4,42,0.18116,0.85782,0.00997,
karen_soft_s2,4,43,0.31416,0.8434,0.0104,
karen_soft_s2,4,44,0.04791,0.4139,0.01421,
karen_soft_s2,4,45,0.04536,0.59275,0.01259,
karen_soft_s2,4,46,0.18602,0.82255,0.01053,
karen_soft_s2,4,47,0.03432,0.25927,0.01751,
karen_soft_s2,4,48,0.11079,0.23706,0.01954,
karen_soft_s2,4,49,0.09235,0.22895,0.01832,
karen_soft_s2,4,50,0.06154,0.55769,0.01381,
karen_soft_s2,4,51,0.0778,0.66043,0.01038,
karen_soft_s2,4,52,0.22526,0.40843,0.01615,
karen_soft_s2,4,53,0.06472,0.73383,0.01077,
karen_soft_s2,4,54,0.09834,0.32344,0.0159,
karen_soft_s2,4,55,0.02959,0.2671,0.01791,
karen_soft_s2,4,56,0.02424,0.27601,0.02129,
karen_soft_s2,4,57,0.05888,0.40497,0.01414,
karen_soft_s2,4,58,0.0577,0.78314,0.01193,
karen_soft_s2,4,59,0.08209,0.52228,0.01346,
karen_soft_s2,4,60,0.12129,0.38249,0.01598,
karen_soft_s2,4,61,0.08926,0.76221,0.01063,
karen_soft_s2,4,62,0.02863,0.68616,0.0124,
karen_soft_s2,4,63,0.17442,0.46035,0.01185,
karen_soft_s2,4,64,0.0781,0.73152,0.01063,
karen_soft_s2,4,65,0.17436,0.44315,0.01323,
karen_soft_s2,4,66,0.02531,0.14911,0.02603,
karen_soft_s2,4,67,0.0499,0.70363,0.01042,
karen_soft_s2,4,68,0.05094,0.31605,0.01596,
karen_soft_s2,4,69,0.02054,0.59143,0.01144,
karen_soft_s2,4,70,0.05979,0.22539,0.01769,
karen_soft_s2,4,71,0.0849,0.56334,0.01501,
karen_soft_s2,4,72,0.02892,0.39826,0.01266,
karen_soft_s2,4,73,0.0502,0.65498,0.01118,
karen_soft_s2,4,74,0.11414,0.71067,0.0117,
karen_soft_s2,4,75,0.27152,0.86993,0.00994,
karen_soft_s2,4,76,0.09093,0.9647,0.00888,
karen_soft_s2,4,77,0.12918,0.36595,0.01565,
karen_soft_s2,4,78,0.05865,0.77324,0.00992,
karen_soft_s2,4,79,0.28963,0.84488,0.01029,
karen_soft_s2,4,80,0.10479,0.34417,0.01406,
karen_soft_s2,4,81,0.45399,0.80025,0.00989,
karen_soft_s2,4,82,0.02409,0.56339,0.01417,
karen_soft_s2,4,83,0.32372,0.83195,0.01079,
karen_soft_s2,4,84,0.04588,0.63548,0.01234,
karen_soft_s2,4,85,0.01534,0.08087,0.0291,
karen_soft_s2,4,86,0.04139,0.27317,0.02042,
karen_soft_s2,4,87,0.27179,0.73573,0.01129,
karen_soft_s2,4,88,0.02034,0.14394,0.0289,
karen_soft_s2,4,89,0.33068,0.84342,0.01057,
karen_soft_s2,4,90,0.03104,0.21692,0.02411,
karen_soft_s2,4,91,0.09171,0.82336,0.01045,
karen_soft_s2,4,92,0.03853,0.11458,0.0234,
karen_soft_s2,4,93,0.01197,0.0275,0.05322,
karen_soft_s2,4,94,0.27807,0.90899,0.00988,
karen_soft_s2,4,95,0.02322,0.1651,0.0253,
karen_soft_s2,4,96,0.04451,0.31543,0.01602,
karen_soft_s2,4,97,0.16929,0.80232,0.01031,
karen_soft_s2,4,98,0.15011,0.77077,0.01058,
karen_soft_s2,4,99,0.0653,0.78425,0.00988,
karen_soft_s2,4,100,0.05428,0.1365,0.02592,
karen_soft_s2,4,101,0.10445,0.21883,0.01969,
karen_soft_s2,4,102,0.15724,0.84947,0.01057,
karen_soft_s2,4,103,0.02735,0.26206,0.01708,
karen_soft_s2,4,104,0.06293,0.59227,0.01155,
karen_soft_s2,4,105,0.02363,0.61606,0.01319,
karen_soft_s2,4,106,0.03136,0.31191,0.0156,
karen_soft_s2,4,107,0.10193,0.57024,0.01495,
karen_soft_s2,4,108,0.08706,0.39383,0.01576,
karen_soft_s2,4,109,0.06741,0.55371,0.01438,
karen_soft_s2,4,110,0.02823,0.35954,0.01396,
karen_soft_s2,4,111,0.03661,0.68332,0.01044,
karen_soft_s2,4,112,0.40704,0.93879,0.00934,
karen_soft_s2,4,113,0.02317,0.72169,0.00997,
karen_soft_s2,4,114,0.06456,0.85583,0.00915,
karen_soft_s2,4,115,0.10653,0.25897,0.01945,
karen_soft_s2,4,116,0.01311,0.65192,0.01114,
karen_soft_s2,4,117,0.04657,0.36011,0.0187,
karen_soft_s2,4,118,0.0513,0.17216,0.0245,
karen_soft_s2,4,119,0.08195,0.65697,0.01103,
karen_soft_s2,4,120,0.02358,0.6522,0.01157,
karen_soft_s2,4,121,0.03687,0.62885,0.01268,
karen_soft_s2,4,122,0.0779,0.78183,0.01088,
karen_soft_s2,4,123,0.21577,0.74777,0.01049,
karen_soft_s2,4,124,0.03847,0.08079,0.03183,
karen_soft_s2,4,125,0.02501,0.66003,0.01049,
karen_soft_s2,4,126,0.11187,0.31724,0.01637,
karen_soft_s2,4,127,0.04735,0.57589,0.01257,
karen_soft_s2,4,128,0.10325,0.26257,0.0191,
karen_soft_s2,4,129,0.01903,0.24013,0.02955,
karen_soft_s2,4,130,0.07574,0.57536,0.01248,
karen_soft_s2,4,131,0.07086,0.82388,0.01011,
karen_soft_s2,4,132,0.07281,0.34596,0.01438,
karen_soft_s2,4,133,0.01788,0.15517,0.02693,
karen_soft_s2,4,134,0.1689,0.83588,0.0105,
karen_soft_s2,4,135,0.11249,0.8259,0.01123,
karen_soft_s2,4,136,0.1285,0.50509,0.01373,
karen_soft_s2,4,137,0.09464,0.79414,0.01055,
karen_soft_s2,4,138,0.14823,0.78099,0.01073,
karen_soft_s2,4,139,0.0195,0.18211,0.03289,
karen_soft_s2,4,140,0.05719,0.56182,0.01172,
karen_soft_s2,4,141,0.04626,0.46452,0.01315,
karen_soft_s2,4,142,0.03326,0.39508,0.01652,
karen_soft_s2,4,143,0.29325,0.88459,0.01017,
karen_soft_s2,4,144,0.07793,0.74542,0.00971,
karen_soft_s2,4,145,0.07161,0.6235,0.01083,
karen_soft_s2,4,146,0.058,0.53742,0.0124,
karen_soft_s2,4,147,0.07677,0.55719,0.01276,
karen_soft_s2,4,148,0.04063,0.52729,0.013,
karen_soft_s2,4,149,0.04018,0.16129,0.02475,
karen_soft_s2,4,150,0.17496,0.17632,0.02239,
karen_soft_s2,4,151,0.10504,0.7546,0.011,
karen_soft_s2,4,152,0.04246,0.65652,0.01116,
karen_soft_s2,4,153,0.04019,0.51599,0.01185,
karen_soft_s2,4,154,0.1004,0.55218,0.01419,
karen_soft_s2,4,155,0.04116,0.53892,0.01528,
karen_soft_s2,4,156,0.05228,0.42792,0.01394,
karen_soft_s2,4,157,0.10798,0.74819,0.01102,
karen_soft_s2,4,158,0.09241,0.64183,0.01154,
karen_soft_s2,4,159,0.10654,0.8008,0.0105,
karen_soft_s2,4,160,0.07184,0.62028,0.01289,
karen_soft_s2,4,161,0.24802,0.89584,0.00958,
karen_soft_s2,4,162,0.06982,0.6433,0.01267,
karen_soft_s2,4,163,0.02547,0.15661,0.02379,
karen_soft_s2,4,164,0.03307,0.53889,0.01258,
karen_soft_s2,4,165,0.04279,0.68646,0.01177,
karen_soft_s2,4,166,0.10414,0.14256,0.03409,
karen_soft_s2,4,167,0.04956,0.83719,0.00902,
karen_soft_s2,4,168,0.09282,0.20788,0.02191,
karen_soft_s2,4,169,0.19234,0.8455,0.01046,
karen_soft_s2,4,170,0.07123,0.54253,0.01411,
karen_soft_s2,4,171,0.0573,0.70065,0.01161,
karen_soft_s2,4,172,0.02204,0.73265,0.01047,
karen_soft_s2,4,173,0.10545,0.7458,0.00976,
karen_soft_s2,4,174,0.02578,0.28161,0.0151,
karen_soft_s2,4,175,0.07616,0.8716,0.0097,
karen_soft_s2,4,176,0.04634,0.65102,0.01354,
karen_soft_s2,4,177,0.18114,0.94177,0.0094,
karen_soft_s2,4,178,0.04289,0.81669,0.00955,
karen_soft_s2,4,179,0.04288,0.59906,0.01243,
karen_soft_s2,4,180,0.07835,0.1971,0.02114,
karen_soft_s2,4,181,0.02959,0.42974,0.01387,
karen_soft_s2,4,182,0.12898,0.78604,0.0107,
karen_soft_s2,4,183,0.10339,0.87931,0.01009,
karen_soft_s2,4,184,0.03661,0.30002,0.0192,
karen_soft_s2,4,185,0.21842,0.85373,0.0105,
karen_soft_s2,4,186,0.10872,0.72162,0.01141,
karen_soft_s2,4,187,0.04365,0.60843,0.01419,
karen_soft_s2,4,188,0.02389,0.12974,0.02654,
karen_soft_s2,4,189,0.05882,0.64068,0.0119,
karen_soft_s2,4,190,0.04441,0.15747,0.01919,
karen_soft_s2,4,191,0.28018,0.28952,0.01771,
LG1_momr_s2,2,0,0.06699,0.14284,0.01986,0.89225
LG1_momr_s2,2,1,0.06671,0.49422,0.00879,0.85897
LG1_momr_s2,2,2,0.08492,0.46435,0.00815,0.90227
LG1_momr_s2,2,3,0.07312,0.20198,0.01717,0.81729
LG1_momr_s2,2,4,0.09538,0.83148,0.00687,0.86404
LG1_momr_s2,2,5,0.0882,0.17614,0.01862,0.91115
LG1_momr_s2,2,6,0.0899,0.93856,0.00677,0.88218
LG1_momr_s2,2,7,0.0768,0.469,0.00929,0.89284
LG1_momr_s2,2,8,0.08423,0.33806,0.01113,0.84702
LG1_momr_s2,2,9,0.07529,0.25893,0.01357,0.85317
LG1_momr_s2,2,10,0.10095,0.65631,0.0081,0.87317
LG1_momr_s2,2,11,0.10864,0.9458,0.0069,0.85712
LG1_momr_s2,2,12,0.08767,0.55932,0.00817,0.86628
LG1_momr_s2,2,13,0.0975,0.3998,0.01072,0.87916
LG1_momr_s2,2,14,0.0535,0.9679,0.00761,0.86297
LG1_momr_s2,2,15,0.14198,0.72438,0.00604,0.84456
LG1_momr_s2,2,16,0.05846,0.09386,0.02209,0.91641
LG1_momr_s2,2,17,0.10049,0.77973,0.00675,0.88339
LG1_momr_s2,2,18,0.09827,0.62038,0.01037,0.87455
LG1_momr_s2,2,19,0.12402,0.79294,0.00617,0.89311
LG1_momr_s2,2,20,0.12996,0.92448,0.00626,0.85525
LG1_momr_s2,2,21,0.12761,0.86086,0.00631,0.90646
LG1_momr_s2,2,22,0.115,0.8536,0.00687,0.8779
LG1_momr_s2,2,23,0.05573,0.1382,0.02416,0.91154
LG1_momr_s2,2,24,0.09621,0.20445,0.01487,0.86364
LG1_momr_s2,2,25,0.10474,0.48957,0.00784,0.91779
LG1_momr_s2,2,26,0.05194,0.10254,0.03145,0.86424
LG1_momr_s2,2,27,0.12164,0.85245,0.00585,0.88705
LG1_momr_s2,2,28,0.07578,0.22239,0.01454,0.85038
LG1_momr_s2,2,29,0.08591,0.32876,0.0109,0.84447
LG1_momr_s2,2,30,0.05949,0.12948,0.02004,0.84919
LG1_momr_s2,2,31,0.11506,0.29404,0.01078,0.89354
LG1_momr_s2,2,32,0.10194,0.44652,0.00875,0.87662
LG1_momr_s2,2,33,0.0752,0.43943,0.01113,0.83886
LG1_momr_s2,2,34,0.08472,0.87668,0.00621,0.87754
LG1_momr_s2,2,35,0.08014,0.47228,0.00946,0.89153
LG1_momr_s2,2,36,0.09742,0.17657,0.01655,0.85592
LG1_momr_s2,2,37,0.09856,0.45411,0.01035,0.85297
LG1_momr_s2,2,38,0.10957,0.75165,0.0081,0.8893
LG1_momr_s2,2,39,0.06416,0.73174,0.00867,0.86502
LG1_momr_s2,2,40,0.11668,0.61487,0.00707,0.897
LG1_momr_s2,2,41,0.16678,0.92858,0.00666,0.84566
LG1_momr_s2,2,42,0.1081,0.93503,0.00664,0.88247
LG1_momr_s2,2,43,0.08982,0.93279,0.00644,0.85801
LG1_momr_s2,2,44,0.1048,0.2919,0.00949,0.90857
LG1_momr_s2,2,45,0.11929,0.45467,0.0101,0.87063
LG1_momr_s2,2,46,0.07513,0.8866,0.00667,0.87306
LG1_momr_s2,2,47,0.06361,0.31717,0.01049,0.86538
LG1_momr_s2,2,48,0.05766,0.28322,0.01446,0.91183
LG1_momr_s2,2,49,0.07826,0.122,0.02233,0.92491
LG1_momr_s2,2,50,0.09755,0.22049,0.0141,0.86628
LG1_momr_s2,2,51,0.12204,0.75957,0.00844,0.83985
LG1_momr_s2,2,52,0.07088,0.91084,0.00677,0.89103
LG1_momr_s2,2,53,0.1143,0.61002,0.0075,0.85808
LG1_momr_s2,2,54,0.11878,0.93581,0.00672,0.87995
LG1_momr_s2,2,55,0.15991,0.83178,0.00712,0.92222
LG1_momr_s2,2,56,0.11209,0.78126,0.00646,0.89626
LG1_momr_s2,2,57,0.10754,0.24891,0.01402,0.85897
LG1_momr_s2,2,58,0.09845,0.94887,0.00723,0.87736
LG1_momr_s2,2,59,0.09501,0.84542,0.00729,0.86527
LG1_momr_s2,2,60,0.0328,0.96142,0.00734,0.89826
LG1_momr_s2,2,61,0.05788,0.34619,0.01119,0.86433
LG1_momr_s2,2,62,0.08349,0.93731,0.00721,0.87577
LG1_momr_s2,2,63,0.07521,0.1526,0.01799,0.90689
LG1_momr_s2,2,64,0.08347,0.58398,0.00988,0.89302
LG1_momr_s2,2,65,0.14548,0.88564,0.00676,0.86479
LG1_momr_s2,2,66,0.08659,0.29624,0.01205,0.89143
LG1_momr_s2,2,67,0.11595,0.70819,0.00974,0.89027
LG1_momr_s2,2,68,0.11227,0.81363,0.00702,0.88529
LG1_momr_s2,2,69,0.12956,0.5258,0.00741,0.86772
LG1_momr_s2,2,70,0.05048,0.95744,0.007,0.86353
LG1_momr_s2,2,71,0.11192,0.7251,0.00705,0.8863
LG1_momr_s2,2,72,0.07576,0.95972,0.00738,0.88109
LG1_momr_s2,2,73,0.08229,0.83667,0.00622,0.91703
LG1_momr_s2,2,74,0.09295,0.12175,0.02246,0.90373
LG1_momr_s2,2,75,0.03801,0.95783,0.00754,0.8233
LG1_momr_s2,2,76,0.1769,0.87982,0.00635,0.87832
LG1_momr_s2,2,77,0.09108,0.8424,0.00774,0.84781
LG1_momr_s2,2,78,0.11598,0.80743,0.00659,0.862
LG1_momr_s2,2,79,0.09772,0.46147,0.0104,0.91389
LG1_momr_s2,2,80,0.06982,0.90412,0.00628,0.89882
LG1_momr_s2,2,81,0.09756,0.41138,0.00839,0.8793
LG1_momr_s2,2,82,0.10345,0.31592,0.01007,0.86734
LG1_momr_s2,2,83,0.10521,0.83701,0.0069,0.87623
LG1_momr_s2,2,84,0.06804,0.544,0.00981,0.85473
LG1_momr_s2,2,85,0.11469,0.94927,0.00689,0.8572
LG1_momr_s2,2,86,0.06508,0.1562,0.01794,0.86331
LG1_momr_s2,2,87,0.08807,0.58877,0.0081,0.85208
LG1_momr_s2,2,88,0.06948,0.34636,0.01301,0.87289
LG1_momr_s2,2,89,0.06599,0.93756,0.00682,0.86291
LG1_momr_s2,2,90,0.09911,0.13054,0.01702,0.83113
LG1_momr_s2,2,91,0.11449,0.79332,0.00636,0.85523
LG1_momr_s2,2,92,0.06763,0.36545,0.01178,0.82754
LG1_momr_s2,2,93,0.09142,0.55262,0.00823,0.84225
LG1_momr_s2,2,94,0.0871,0.93825,0.00686,0.91717
LG1_momr_s2,2,95,0.07564,0.95131,0.00741,0.84278
LG1_momr_s2,2,96,0.09035,0.96541,0.0076,0.89356
LG1_momr_s2,2,97,0.08935,0.48138,0.00985,0.90067
LG1_momr_s2,2,98,0.07048,0.91574,0.00698,0.87947
LG1_momr_s2,2,99,0.1179,0.441,0.00916,0.90674
LG1_momr_s2,2,100,0.10341,0.95128,0.00713,0.8649
LG1_momr_s2,2,101,0.0716,0.40177,0.01177,0.88086
LG1_momr_s2,2,102,0.06912,0.9647,0.00768,0.87272
LG1_momr_s2,2,103,0.11372,0.96019,0.00747,0.8479
LG1_momr_s2,2,104,0.10966,0.93967,0.0072,0.88501
LG1_momr_s2,2,105,0.07004,0.35246,0.01483,0.87512
LG1_momr_s2,2,106,0.14186,0.93263,0.00681,0.82992
LG1_momr_s2,2,107,0.11368,0.18455,0.01267,0.8848
LG1_momr_s2,2,108,0.08704,0.80518,0.00673,0.86665
LG1_momr_s2,2,109,0.07308,0.62448,0.00933,0.89162
LG1_momr_s2,2,110,0.10711,0.58347,0.00833,0.85821
LG1_momr_s2,2,111,0.12735,0.89197,0.00642,0.87557
LG1_momr_s2,2,112,0.08919,0.45143,0.00882,0.85044
LG1_momr_s2,2,113,0.09333,0.2641,0.0127,0.90069
LG1_momr_s2,2,114,0.11076,0.87368,0.00793,0.89574
LG1_momr_s2,2,115,0.10581,0.33028,0.00923,0.89461
LG1_momr_s2,2,116,0.07102,0.95326,0.00719,0.88907
LG1_momr_s2,2,117,0.07734,0.9551,0.00697,0.85738
LG1_momr_s2,2,118,0.03734,0.96474,0.00757,0.86808
LG1_momr_s2,2,119,0.09896,0.7135,0.00836,0.88968
LG1_momr_s2,2,120,0.09563,0.17089,0.01403,0.86844
LG1_momr_s2,2,121,0.10726,0.95524,0.00719,0.88197
LG1_momr_s2,2,122,0.10903,0.80149,0.00777,0.90336
LG1_momr_s2,2,123,0.08531,0.6769,0.00697,0.8781
LG1_momr_s2,2,124,0.08782,0.58774,0.0077,0.92649
LG1_momr_s2,2,125,0.10886,0.37566,0.00866,0.92038
LG1_momr_s2,2,126,0.07365,0.39312,0.01272,0.87439
LG1_momr_s2,2,127,0.06915,0.23118,0.01388,0.91028
LG1_momr_s2,2,128,0.1163,0.95199,0.00712,0.83838
LG1_momr_s2,2,129,0.07122,0.09708,0.01999,0.85319
LG1_momr_s2,2,130,0.07191,0.2061,0.01562,0.85327
LG1_momr_s2,2,131,0.08284,0.95503,0.00638,0.86622
LG1_momr_s2,2,132,0.07105,0.13752,0.02176,0.87871
LG1_momr_s2,2,133,0.02245,0.05921,0.04246,0.88904
LG1_momr_s2,2,134,0.02933,0.09759,0.03385,0.8596
LG1_momr_s2,2,135,0.08764,0.63795,0.00788,0.81377
LG1_momr_s2,2,136,0.09509,0.78446,0.0066,0.8403
LG1_momr_s2,2,137,0.1116,0.30857,0.01293,0.88678
LG1_momr_s2,2,138,0.13031,0.80885,0.00775,0.85875
LG1_momr_s2,2,139,0.07408,0.72594,0.007,0.85164
LG1_momr_s2,2,140,0.13167,0.74304,0.0079,0.88586
LG1_momr_s2,2,141,0.11137,0.76164,0.00658,0.8545
LG1_momr_s2,2,142,0.0771,0.91555,0.00653,0.89014
LG1_momr_s2,2,143,0.08095,0.86308,0.00612,0.88615
LG1_momr_s2,2,144,0.09802,0.78872,0.00871,0.84995
LG1_momr_s2,2,145,0.09431,0.55047,0.01027,0.83947
LG1_momr_s2,2,146,0.08417,0.16205,0.01614,0.84679
LG1_momr_s2,2,147,0.06766,0.91369,0.00669,0.84457
LG1_momr_s2,2,148,0.10452,0.43463,0.00898,0.87408
LG1_momr_s2,2,149,0.10104,0.13115,0.02012,0.87948
LG1_momr_s2,2,150,0.10815,0.50753,0.00813,0.88102
LG1_momr_s2,2,151,0.08665,0.17089,0.01671,0.85233
LG1_momr_s2,2,152,0.10226,0.2317,0.01435,0.86203
LG1_momr_s2,2,153,0.09176,0.46717,0.00846,0.85151
LG1_momr_s2,2,154,0.13586,0.88521,0.00612,0.86627
LG1_momr_s2,2,155,0.09428,0.42228,0.00959,0.88662
LG1_momr_s2,2,156,0.08894,0.11838,0.01687,0.89801
LG1_momr_s2,2,157,0.03043,0.21355,0.01665,0.84085
LG1_momr_s2,2,158,0.07119,0.26315,0.01351,0.88539
LG1_momr_s2,2,159,0.08075,0.20063,0.01699,0.87714
LG1_momr_s2,2,160,0.09728,0.83784,0.00645,0.89587
LG1_momr_s2,2,161,0.09915,0.84904,0.00829,0.84709
LG1_momr_s2,2,162,0.10045,0.72465,0.00869,0.89427
LG1_momr_s2,2,163,0.05542,0.95059,0.00705,0.90066
LG1_momr_s2,2,164,0.11156,0.84397,0.00667,0.86034
LG1_momr_s2,2,165,0.11644,0.71682,0.0049,0.87757
LG1_momr_s2,2,166,0.0294,0.03045,0.07714,0.8696
LG1_momr_s2,2,167,0.08105,0.18689,0.01693,0.83949
LG1_momr_s2,2,168,0.09766,0.70894,0.007,0.91818
LG1_momr_s2,2,169,0.13259,0.72365,0.0065,0.85208
LG1_momr_s2,2,170,0.10755,0.38117,0.0096,0.91149
LG1_momr_s2,2,171,0.11105,0.64823,0.00679,0.83732
LG1_momr_s2,2,172,0.13982,0.82221,0.00587,0.88375
LG1_momr_s2,2,173,0.07666,0.61791,0.00852,0.9122
LG1_momr_s2,2,174,0.08405,0.33123,0.01164,0.84952
LG1_momr_s2,2,175,0.10556,0.84341,0.00764,0.89149
LG1_momr_s2,2,176,0.10174,0.63109,0.0071,0.87244
LG1_momr_s2,2,177,0.06123,0.74858,0.00828,0.87854
LG1_momr_s2,2,178,0.08707,0.23988,0.016,0.87361
LG1_momr_s2,2,179,0.06374,0.12358,0.02271,0.87313
LG1_momr_s2,2,180,0.09413,0.95453,0.00744,0.86906
LG1_momr_s2,2,181,0.13401,0.80465,0.00857,0.92324
LG1_momr_s2,2,182,0.14278,0.9181,0.00576,0.85521
LG1_momr_s2,2,183,0.11584,0.86243,0.00765,0.86255
LG1_momr_s2,2,184,0.14323,0.91439,0.00677,0.83746
LG1_momr_s2,2,185,0.16873,0.86149,0.00613,0.89124
LG1_momr_s2,2,186,0.1301,0.77603,0.00687,0.90403
LG1_momr_s2,2,187,0.0836,0.28589,0.01277,0.88627
LG1_momr_s2,2,188,0.10283,0.18132,0.01437,0.89495
LG1_momr_s2,2,189,0.10366,0.71989,0.00754,0.87169
LG1_momr_s2,2,190,0.09031,0.21687,0.014,0.85236
LG1_momr_s2,2,191,0.11111,0.68949,0.00771,0.90407
LG1_momr_s2,3,0,0.09529,0.81747,0.00856,0.85638
LG1_momr_s2,3,1,0.12178,0.68986,0.00813,0.86472
LG1_momr_s2,3,2,0.12978,0.72231,0.00737,0.85929
LG1_momr_s2,3,3,0.0,0.96164,0.0,0.86292
LG1_momr_s2,3,4,0.11282,0.83583,0.00906,0.87284
LG1_momr_s2,3,5,0.08498,0.96004,0.00742,0.85091
LG1_momr_s2,3,6,0.1057,0.80986,0.00747,0.85075
LG1_momr_s2,3,7,0.07386,0.78056,0.00861,0.83264
LG1_momr_s2,3,8,0.0985,0.3966,0.01254,0.92991
LG1_momr_s2,3,9,0.05951,0.54694,0.01199,0.86712
LG1_momr_s2,3,10,0.07274,0.8404,0.00852,0.85151
LG1_momr_s2,3,11,0.09274,0.35351,0.01338,0.8834
LG1_momr_s2,3,12,0.09844,0.48587,0.01098,0.86948
LG1_momr_s2,3,13,0.08482,0.7473,0.00831,0.86686
LG1_momr_s2,3,14,0.11275,0.48078,0.01035,0.89604
LG1_momr_s2,3,15,0.0578,0.47617,0.01125,0.85061
LG1_momr_s2,3,16,0.13406,0.92619,0.00687,0.91968
LG1_momr_s2,3,17,0.06826,0.32354,0.01518,0.88145
LG1_momr_s2,3,18,0.10658,0.39262,0.01278,0.84526
LG1_momr_s2,3,19,0.14062,0.87906,0.00864,0.89346
LG1_momr_s2,3,20,0.10317,0.53532,0.00969,0.90577
LG1_momr_s2,3,21,0.1209,0.87307,0.00717,0.89374
LG1_momr_s2,3,22,0.06986,0.89897,0.0075,0.89595
LG1_momr_s2,3,23,0.12389,0.85916,0.00774,0.87668
LG1_momr_s2,3,24,0.06203,0.466,0.01155,0.9067
LG1_momr_s2,3,25,0.08921,0.95603,0.00718,0.86867
LG1_momr_s2,3,26,0.10236,0.89056,0.00726,0.88033
LG1_momr_s2,3,27,0.12154,0.8792,0.00786,0.86963
LG1_momr_s2,3,28,0.08061,0.5767,0.00959,0.85229
LG1_momr_s2,3,29,0.10979,0.58558,0.00933,0.87358
LG1_momr_s2,3,30,0.08485,0.6936,0.0096,0.86755
LG1_momr_s2,3,31,0.08121,0.69225,0.01006,0.89634
LG1_momr_s2,3,32,0.10579,0.41611,0.01289,0.89253
LG1_momr_s2,3,33,0.10177,0.58496,0.00958,0.86078
LG1_momr_s2,3,34,0.07798,0.52291,0.0097,0.84034
LG1_momr_s2,3,35,0.19212,0.89518,0.00777,0.8989
LG1_momr_s2,3,36,0.10426,0.54486,0.01076,0.82551
LG1_momr_s2,3,37,0.11607,0.71497,0.00803,0.86704
LG1_momr_s2,3,38,0.08939,0.82939,0.00811,0.89565
LG1_momr_s2,3,39,0.1395,0.81473,0.00773,0.84844
LG1_momr_s2,3,40,0.10976,0.31109,0.01374,0.90116
LG1_momr_s2,3,41,0.0697,0.20427,0.01784,0.8745
LG1_momr_s2,3,42,0.049,0.65971,0.00999,0.87186
LG1_momr_s2,3,43,0.06425,0.42677,0.01115,0.88397
LG1_momr_s2,3,44,0.09,0.75401,0.00856,0.84173
LG1_momr_s2,3,45,0.10478,0.30305,0.0123,0.85084
LG1_momr_s2,3,46,0.09723,0.63458,0.00834,0.90118
LG1_momr_s2,3,47,0.06742,0.27662,0.01715,0.8783
LG1_momr_s2,3,48,0.13881,0.91904,0.00721,0.88425
LG1_momr_s2,3,49,0.1052,0.94545,0.00713,0.86633
LG1_momr_s2,3,50,0.12072,0.84436,0.00773,0.93169
LG1_momr_s2,3,51,0.02904,0.13,0.02696,0.89071
LG1_momr_s2,3,52,0.12167,0.65094,0.00784,0.86505
LG1_momr_s2,3,53,0.11662,0.93294,0.00749,0.85856
LG1_momr_s2,3,54,0.08552,0.4492,0.0111,0.84943
LG1_momr_s2,3,55,0.13634,0.7843,0.00691,0.86029
LG1_momr_s2,3,56,0.09618,0.79629,0.00822,0.84756
LG1_momr_s2,3,57,0.0839,0.41929,0.01074,0.87875
LG1_momr_s2,3,58,0.08177,0.54371,0.01155,0.86046
LG1_momr_s2,3,59,0.08068,0.79763,0.00997,0.9058
LG1_momr_s2,3,60,0.09031,0.92384,0.00777,0.85611
LG1_momr_s2,3,61,0.09374,0.61793,0.00912,0.88092
LG1_momr_s2,3,62,0.10422,0.80122,0.00733,0.89656
LG1_momr_s2,3,63,0.11023,0.91333,0.00749,0.88106
LG1_momr_s2,3,64,0.07311,0.95342,0.00699,0.85792
LG1_momr_s2,3,65,0.05426,0.35253,0.01436,0.91811
LG1_momr_s2,3,66,0.08631,0.79178,0.00897,0.88658
LG1_momr_s2,3,67,0.08393,0.75971,0.0091,0.87086
LG1_momr_s2,3,68,0.15529,0.88074,0.00813,0.87978
LG1_momr_s2,3,69,0.11072,0.33914,0.01426,0.86989
LG1_momr_s2,3,70,0.09007,0.67358,0.00839,0.90645
LG1_momr_s2,3,71,0.12785,0.39174,0.01162,0.89971
LG1_momr_s2,3,72,0.08893,0.52296,0.01081,0.90938
LG1_momr_s2,3,73,0.13505,0.95213,0.00735,0.88173
LG1_momr_s2,3,74,0.0944,0.75237,0.00834,0.85882
LG1_momr_s2,3,75,0.03075,0.18794,0.02286,0.88449
LG1_momr_s2,3,76,0.12077,0.86209,0.00723,0.89997
LG1_momr_s2,3,77,0.10227,0.52229,0.00975,0.81367
LG1_momr_s2,3,78,0.11537,0.5449,0.00891,0.87046
LG1_momr_s2,3,79,0.12264,0.93152,0.00702,0.85767
LG1_momr_s2,3,80,0.10466,0.66349,0.0088,0.86962
LG1_momr_s2,3,81,0.06336,0.8224,0.00849,0.87227
LG1_momr_s2,3,82,0.05185,0.25005,0.01541,0.86146
LG1_momr_s2,3,83,0.09161,0.88402,0.00755,0.85054
LG1_momr_s2,3,84,0.04111,0.15268,0.02011,0.87838
LG1_momr_s2,3,85,0.10265,0.55703,0.01155,0.86048
LG1_momr_s2,3,86,0.08655,0.51985,0.00987,0.91068
LG1_momr_s2,3,87,0.09389,0.67181,0.00893,0.82013
LG1_momr_s2,3,88,0.08981,0.46414,0.01205,0.85671
LG1_momr_s2,3,89,0.10352,0.55091,0.00936,0.85304
LG1_momr_s2,3,90,0.04197,0.1457,0.02337,0.85159
LG1_momr_s2,3,91,0.08907,0.27224,0.01627,0.88826
LG1_momr_s2,3,92,0.05222,0.63295,0.0087,0.87539
LG1_momr_s2,3,93,0.07873,0.71009,0.00837,0.85731
LG1_momr_s2,3,94,0.09752,0.95991,0.00737,0.83062
LG1_momr_s2,3,95,0.03761,0.18579,0.01997,0.87192
LG1_momr_s2,3,96,0.12843,0.92922,0.00713,0.89313
LG1_momr_s2,3,97,0.1143,0.55692,0.00965,0.85339
LG1_momr_s2,3,98,0.12341,0.77266,0.00759,0.91878
LG1_momr_s2,3,99,0.09003,0.61797,0.01043,0.8685
LG1_momr_s2,3,100,0.0909,0.2708,0.0144,0.86034
LG1_momr_s2,3,101,0.10256,0.83662,0.00734,0.85487
LG1_momr_s2,3,102,0.11647,0.82256,0.00771,0.86175
LG1_momr_s2,3,103,0.08023,0.37032,0.01306,0.8568
LG1_momr_s2,3,104,0.11623,0.44435,0.0103,0.90846
LG1_momr_s2,3,105,0.05723,0.12864,0.02386,0.87298
LG1_momr_s2,3,106,0.04955,0.56746,0.01205,0.86464
LG1_momr_s2,3,107,0.07689,0.74558,0.01004,0.85744
LG1_momr_s2,3,108,0.08239,0.57426,0.01023,0.85396
LG1_momr_s2,3,109,0.11909,0.90967,0.00732,0.88212
LG1_momr_s2,3,110,0.09052,0.42669,0.01035,0.86201
LG1_momr_s2,3,111,0.07037,0.65866,0.00935,0.89817
LG1_momr_s2,3,112,0.10414,0.46128,0.01012,0.89816
LG1_momr_s2,3,113,0.08125,0.3204,0.01541,0.90199
LG1_momr_s2,3,114,0.12659,0.92493,0.00769,0.8864
LG1_momr_s2,3,115,0.11209,0.80979,0.0079,0.90695
LG1_momr_s2,3,116,0.09319,0.6766,0.00939,0.8838
LG1_momr_s2,3,117,0.08849,0.65884,0.01048,0.88375
LG1_momr_s2,3,118,0.07572,0.73613,0.00984,0.85976
LG1_momr_s2,3,119,0.07534,0.47203,0.01078,0.91054
LG1_momr_s2,3,120,0.09975,0.66909,0.01045,0.90046
LG1_momr_s2,3,121,0.10446,0.87035,0.0075,0.87693
LG1_momr_s2,3,122,0.1031,0.837,0.00713,0.88176
LG1_momr_s2,3,123,0.09875,0.60863,0.00849,0.85754
LG1_momr_s2,3,124,0.11579,0.90059,0.00725,0.88597
LG1_momr_s2,3,125,0.1201,0.75122,0.00942,0.86465
LG1_momr_s2,3,126,0.08147,0.74525,0.00862,0.93636
LG1_momr_s2,3,127,0.09992,0.83932,0.00805,0.83618
LG1_momr_s2,3,128,0.04325,0.52005,0.01173,0.87231
LG1_momr_s2,3,129,0.1021,0.7688,0.00854,0.89229
LG1_momr_s2,3,130,0.08843,0.7627,0.00892,0.86304
LG1_momr_s2,3,131,0.08566,0.33407,0.01428,0.89455
LG1_momr_s2,3,132,0.07058,0.77789,0.00818,0.8595
LG1_momr_s2,3,133,0.1064,0.53669,0.00937,0.88648
LG1_momr_s2,3,134,0.09736,0.7646,0.00919,0.95515
LG1_momr_s2,3,135,0.0961,0.41686,0.01144,0.85104
LG1_momr_s2,3,136,0.08986,0.54255,0.00938,0.8746
LG1_momr_s2,3,137,0.03,0.06647,0.03773,0.95767
LG1_momr_s2,3,138,0.1183,0.48925,0.01035,0.87326
LG1_momr_s2,3,139,0.08218,0.62071,0.01086,0.83425
LG1_momr_s2,3,140,0.10971,0.84574,0.00783,0.86672
LG1_momr_s2,3,141,0.11789,0.5496,0.00932,0.8797
LG1_momr_s2,3,142,0.07603,0.66814,0.00896,0.81439
LG1_momr_s2,3,143,0.1129,0.86716,0.00737,0.88782
LG1_momr_s2,3,144,0.09883,0.65733,0.01012,0.8735
LG1_momr_s2,3,145,0.05128,0.23285,0.0171,0.8851
LG1_momr_s2,3,146,0.08839,0.42023,0.01162,0.89978
LG1_momr_s2,3,147,0.04903,0.64687,0.00941,0.85561
LG1_momr_s2,3,148,0.12759,0.77834,0.00907,0.83357
LG1_momr_s2,3,149,0.13535,0.82026,0.00895,0.86353
LG1_momr_s2,3,150,0.11752,0.8589,0.00805,0.90255
LG1_momr_s2,3,151,0.09507,0.49217,0.01062,0.87258
LG1_momr_s2,3,152,0.06559,0.20252,0.01851,0.88039
LG1_momr_s2,3,153,0.0891,0.35171,0.01208,0.87142
LG1_momr_s2,3,154,0.12365,0.81785,0.0076,0.89355
LG1_momr_s2,3,155,0.09857,0.82492,0.00772,0.88758
LG1_momr_s2,3,156,0.11476,0.77862,0.0076,0.9038
LG1_momr_s2,3,157,0.09843,0.58307,0.00865,0.90876
LG1_momr_s2,3,158,0.13061,0.77143,0.00711,0.87986
LG1_momr_s2,3,159,0.08218,0.81583,0.00935,0.94569
LG1_momr_s2,3,160,0.113,0.82766,0.00736,0.85876
LG1_momr_s2,3,161,0.06303,0.45357,0.01134,0.87148
LG1_momr_s2,3,162,0.09464,0.80937,0.00865,0.88924
LG1_momr_s2,3,163,0.14045,0.9146,0.0083,0.88154
LG1_momr_s2,3,164,0.02135,0.0385,0.05943,0.87012
LG1_momr_s2,3,165,0.09497,0.36314,0.01365,0.85517
LG1_momr_s2,3,166,0.09165,0.12327,0.02429,0.87016
LG1_momr_s2,3,167,0.09521,0.39689,0.01153,0.85953
LG1_momr_s2,3,168,0.11664,0.95377,0.00743,0.89353
LG1_momr_s2,3,169,0.09578,0.52932,0.0094,0.90298
LG1_momr_s2,3,170,0.14004,0.90227,0.00713,0.87663
LG1_momr_s2,3,171,0.0667,0.53471,0.00974,0.89249
LG1_momr_s2,3,172,0.14143,0.97236,0.00755,0.88275
LG1_momr_s2,3,173,0.10909,0.93853,0.00746,0.85277
LG1_momr_s2,3,174,0.06056,0.20297,0.01814,0.90219
LG1_momr_s2,3,175,0.10465,0.83344,0.00752,0.86009
LG1_momr_s2,3,176,0.11611,0.89966,0.00758,0.91852
LG1_momr_s2,3,177,0.12521,0.91225,0.00714,0.91516
LG1_momr_s2,3,178,0.06347,0.44487,0.01233,0.81317
LG1_momr_s2,3,179,0.08386,0.76263,0.00745,0.89744
LG1_momr_s2,3,180,0.05656,0.63857,0.01165,0.86338
LG1_momr_s2,3,181,0.10331,0.69311,0.00859,0.90282
LG1_momr_s2,3,182,0.07766,0.63839,0.00987,0.93267
LG1_momr_s2,3,183,0.10435,0.80395,0.00729,0.85173
LG1_momr_s2,3,184,0.03783,0.18233,0.02208,0.87168
LG1_momr_s2,3,185,0.08845,0.69453,0.00845,0.86914
LG1_momr_s2,3,186,0.08247,0.75038,0.00898,0.87827
LG1_momr_s2,3,187,0.11668,0.65624,0.00849,0.91196
LG1_momr_s2,3,188,0.08534,0.74533,0.00806,0.87709
LG1_momr_s2,3,189,0.09026,0.27375,0.01511,0.86772
LG1_momr_s2,3,190,0.07216,0.71594,0.00937,0.89606
LG1_momr_s2,3,191,0.07339,0.89335,0.00696,0.89681
LG1_momr_s2,4,0,0.09613,0.63291,0.0115,
LG1_momr_s2,4,1,0.07859,0.698,0.01076,
LG1_momr_s2,4,2,0.0845,0.50516,0.01175,
LG1_momr_s2,4,3,0.09201,0.67779,0.01148,
LG1_momr_s2,4,4,0.08547,0.78933,0.0104,
LG1_momr_s2,4,5,0.06001,0.74887,0.01149,
LG1_momr_s2,4,6,0.0521,0.12615,0.02199,
LG1_momr_s2,4,7,0.10011,0.80706,0.01041,
LG1_momr_s2,4,8,0.12936,0.91325,0.00874,
LG1_momr_s2,4,9,0.11043,0.68575,0.0092,
LG1_momr_s2,4,10,0.06716,0.68898,0.01096,
LG1_momr_s2,4,11,0.09854,0.89988,0.00837,
LG1_momr_s2,4,12,0.10223,0.75975,0.00985,
LG1_momr_s2,4,13,0.09072,0.51759,0.01223,
LG1_momr_s2,4,14,0.10823,0.87294,0.00867,
LG1_momr_s2,4,15,0.09121,0.6686,0.01031,
LG1_momr_s2,4,16,0.10252,0.92652,0.00815,
LG1_momr_s2,4,17,0.05971,0.30845,0.01495,
LG1_momr_s2,4,18,0.05256,0.42126,0.01362,
LG1_momr_s2,4,19,0.15815,0.8799,0.00886,
LG1_momr_s2,4,20,0.1074,0.91276,0.00855,
LG1_momr_s2,4,21,0.11554,0.82847,0.0093,
LG1_momr_s2,4,22,0.09412,0.74318,0.00891,
LG1_momr_s2,4,23,0.16375,0.93601,0.00796,
LG1_momr_s2,4,24,0.10149,0.82829,0.00936,
LG1_momr_s2,4,25,0.05125,0.39163,0.01504,
LG1_momr_s2,4,26,0.07893,0.6888,0.01083,
LG1_momr_s2,4,27,0.10991,0.69933,0.01061,
LG1_momr_s2,4,28,0.11356,0.81175,0.01004,
LG1_momr_s2,4,29,0.10602,0.83456,0.0089,
LG1_momr_s2,4,30,0.09411,0.38215,0.0142,
LG1_momr_s2,4,31,0.15714,0.87581,0.00797,
LG1_momr_s2,4,32,0.07471,0.84087,0.00895,
LG1_momr_s2,4,33,0.04471,0.45632,0.01565,
LG1_momr_s2,4,34,0.08239,0.62716,0.01098,
LG1_momr_s2,4,35,0.1267,0.83734,0.0085,
LG1_momr_s2,4,36,0.07359,0.48144,0.01519,
LG1_momr_s2,4,37,0.0732,0.6718,0.01071,
LG1_momr_s2,4,38,0.11005,0.78983,0.00941,
LG1_momr_s2,4,39,0.02984,0.14947,0.01867,
LG1_momr_s2,4,40,0.12544,0.5967,0.01079,
LG1_momr_s2,4,41,0.11339,0.62341,0.01098,
LG1_momr_s2,4,42,0.1005,0.58813,0.01149,
LG1_momr_s2,4,43,0.11848,0.68453,0.01165,
LG1_momr_s2,4,44,0.074,0.13209,0.02156,
LG1_momr_s2,4,45,0.11694,0.69222,0.01064,
LG1_momr_s2,4,46,0.09135,0.85161,0.0086,
LG1_momr_s2,4,47,0.1142,0.82065,0.009,
LG1_momr_s2,4,48,0.12987,0.77135,0.00854,
LG1_momr_s2,4,49,0.089,0.39821,0.01363,
LG1_momr_s2,4,50,0.11101,0.64144,0.01188,
LG1_momr_s2,4,51,0.08988,0.29959,0.01665,
LG1_momr_s2,4,52,0.08167,0.82323,0.00851,
LG1_momr_s2,4,53,0.109,0.55734,0.01142,
LG1_momr_s2,4,54,0.07145,0.62239,0.01108,
LG1_momr_s2,4,55,0.09824,0.71471,0.00912,
LG1_momr_s2,4,56,0.10859,0.82845,0.01049,
LG1_momr_s2,4,57,0.08347,0.52903,0.01142,
LG1_momr_s2,4,58,0.05011,0.26057,0.01725,
LG1_momr_s2,4,59,0.13145,0.78444,0.00989,
LG1_momr_s2,4,60,0.09052,0.51626,0.01214,
LG1_momr_s2,4,61,0.09246,0.71283,0.00964,
LG1_momr_s2,4,62,0.10038,0.87486,0.00939,
LG1_momr_s2,4,63,0.13534,0.66972,0.00932,
LG1_momr_s2,4,64,0.06456,0.55998,0.01106,
LG1_momr_s2,4,65,0.13306,0.76979,0.00943,
LG1_momr_s2,4,66,0.07037,0.34808,0.01572,
LG1_momr_s2,4,67,0.07932,0.66525,0.01039,
LG1_momr_s2,4,68,0.09514,0.64366,0.00992,
LG1_momr_s2,4,69,0.0613,0.61159,0.01108,
LG1_momr_s2,4,70,0.11507,0.87078,0.01046,
LG1_momr_s2,4,71,0.12176,0.89565,0.00938,
LG1_momr_s2,4,72,0.13744,0.77889,0.00969,
LG1_momr_s2,4,73,0.02802,0.06748,0.04317,
LG1_momr_s2,4,74,0.10501,0.66761,0.00948,
LG1_momr_s2,4,75,0.11967,0.29966,0.01619,
LG1_momr_s2,4,76,0.12164,0.75346,0.01085,
LG1_momr_s2,4,77,0.08515,0.69141,0.01099,
LG1_momr_s2,4,78,0.09261,0.70358,0.01002,
LG1_momr_s2,4,79,0.09636,0.82319,0.00953,
LG1_momr_s2,4,80,0.10197,0.38214,0.01335,
LG1_momr_s2,4,81,0.09494,0.68902,0.01056,
LG1_momr_s2,4,82,0.09696,0.66062,0.01018,
LG1_momr_s2,4,83,0.04501,0.26286,0.01503,
LG1_momr_s2,4,84,0.09926,0.43639,0.01433,
LG1_momr_s2,4,85,0.09594,0.42813,0.01368,
LG1_momr_s2,4,86,0.09658,0.85328,0.01004,
LG1_momr_s2,4,87,0.11703,0.63826,0.01024,
LG1_momr_s2,4,88,0.03925,0.4476,0.01499,
LG1_momr_s2,4,89,0.08518,0.39956,0.01415,
LG1_momr_s2,4,90,0.09525,0.55075,0.01328,
LG1_momr_s2,4,91,0.12396,0.82366,0.00971,
LG1_momr_s2,4,92,0.06425,0.52656,0.01109,
LG1_momr_s2,4,93,0.0838,0.54885,0.01152,
LG1_momr_s2,4,94,0.08215,0.65113,0.01062,
LG1_momr_s2,4,95,0.15475,0.83819,0.00832,
LG1_momr_s2,4,96,0.07751,0.44972,0.01155,
LG1_momr_s2,4,97,0.07415,0.54536,0.01292,
LG1_momr_s2,4,98,0.10197,0.3655,0.01754,
LG1_momr_s2,4,99,0.13167,0.88524,0.00912,
LG1_momr_s2,4,100,0.10341,0.85617,0.00831,
LG1_momr_s2,4,101,0.10082,0.5543,0.01083,
LG1_momr_s2,4,102,0.094,0.58952,0.01112,
LG1_momr_s2,4,103,0.02589,0.26916,0.01559,
LG1_momr_s2,4,104,0.12717,0.95036,0.00816,
LG1_momr_s2,4,105,0.06683,0.57879,0.01309,
LG1_momr_s2,4,106,0.04767,0.30467,0.01601,
LG1_momr_s2,4,107,0.12215,0.72473,0.0094,
LG1_momr_s2,4,108,0.09206,0.64336,0.00999,
LG1_momr_s2,4,109,0.07867,0.43555,0.01609,
LG1_momr_s2,4,110,0.10805,0.71505,0.0113,
LG1_momr_s2,4,111,0.07787,0.72621,0.01061,
LG1_momr_s2,4,112,0.06411,0.43831,0.01328,
LG1_momr_s2,4,113,0.11106,0.85174,0.00842,
LG1_momr_s2,4,114,0.08723,0.79279,0.00888,
LG1_momr_s2,4,115,0.14998,0.93901,0.00848,
LG1_momr_s2,4,116,0.13164,0.87462,0.0083,
LG1_momr_s2,4,117,0.0859,0.47197,0.01401,
LG1_momr_s2,4,118,0.07724,0.59048,0.01168,
LG1_momr_s2,4,119,0.10841,0.8394,0.00908,
LG1_momr_s2,4,120,0.06713,0.86024,0.00916,
LG1_momr_s2,4,121,0.03881,0.14898,0.02201,
LG1_momr_s2,4,122,0.07825,0.79896,0.00982,
LG1_momr_s2,4,123,0.10369,0.81508,0.0099,
LG1_momr_s2,4,124,0.06441,0.52633,0.01194,
LG1_momr_s2,4,125,0.07092,0.1684,0.02011,
LG1_momr_s2,4,126,0.12901,0.84329,0.01004,
LG1_momr_s2,4,127,0.12314,0.87155,0.00867,
LG1_momr_s2,4,128,0.10798,0.5691,0.01082,
LG1_momr_s2,4,129,0.09485,0.83858,0.0098,
LG1_momr_s2,4,130,0.04107,0.16727,0.02274,
LG1_momr_s2,4,131,0.09313,0.85099,0.00886,
LG1_momr_s2,4,132,0.09727,0.74901,0.00902,
LG1_momr_s2,4,133,0.06101,0.33314,0.01492,
LG1_momr_s2,4,134,0.1366,0.81683,0.00801,
LG1_momr_s2,4,135,0.12173,0.89299,0.00905,
LG1_momr_s2,4,136,0.07218,0.36738,0.01366,
LG1_momr_s2,4,137,0.15553,0.93986,0.00789,
LG1_momr_s2,4,138,0.07804,0.34278,0.01613,
LG1_momr_s2,4,139,0.09256,0.71584,0.01029,
LG1_momr_s2,4,140,0.0865,0.58259,0.01147,
LG1_momr_s2,4,141,0.09679,0.72959,0.01018,
LG1_momr_s2,4,142,0.07247,0.70782,0.0099,
LG1_momr_s2,4,143,0.15036,0.84963,0.00839,
LG1_momr_s2,4,144,0.07317,0.55815,0.01262,
LG1_momr_s2,4,145,0.11376,0.49139,0.01213,
LG1_momr_s2,4,146,0.13217,0.55644,0.01053,
LG1_momr_s2,4,147,0.08544,0.77016,0.01082,
LG1_momr_s2,4,148,0.09155,0.84776,0.00882,
LG1_momr_s2,4,149,0.12199,0.77839,0.00907,
LG1_momr_s2,4,150,0.14265,0.91245,0.00901,
LG1_momr_s2,4,151,0.06554,0.58546,0.01243,
LG1_momr_s2,4,152,0.07185,0.55884,0.00996,
LG1_momr_s2,4,153,0.05078,0.42047,0.01307,
LG1_momr_s2,4,154,0.0665,0.68765,0.01168,
LG1_momr_s2,4,155,0.0838,0.82139,0.00941,
LG1_momr_s2,4,156,0.07684,0.76404,0.01044,
LG1_momr_s2,4,157,0.12272,0.81095,0.00875,
LG1_momr_s2,4,158,0.08518,0.75544,0.0094,
LG1_momr_s2,4,159,0.12843,0.96246,0.00861,
LG1_momr_s2,4,160,0.11317,0.84441,0.00794,
LG1_momr_s2,4,161,0.07755,0.61311,0.01107,
LG1_momr_s2,4,162,0.09442,0.66872,0.01019,
LG1_momr_s2,4,163,0.09977,0.4604,0.01346,
LG1_momr_s2,4,164,0.0801,0.73348,0.01019,
LG1_momr_s2,4,165,0.04915,0.77529,0.00941,
LG1_momr_s2,4,166,0.03312,0.16223,0.02499,
LG1_momr_s2,4,167,0.04096,0.22034,0.01692,
LG1_momr_s2,4,168,0.09621,0.60363,0.011,
LG1_momr_s2,4,169,0.10352,0.91001,0.00774,
LG1_momr_s2,4,170,0.07049,0.74522,0.00957,
LG1_momr_s2,4,171,0.09952,0.88843,0.00815,
LG1_momr_s2,4,172,0.10281,0.73973,0.01058,
LG1_momr_s2,4,173,0.0919,0.81024,0.00877,
LG1_momr_s2,4,174,0.06625,0.5304,0.01156,
LG1_momr_s2,4,175,0.05382,0.38222,0.01409,
LG1_momr_s2,4,176,0.10348,0.97381,0.00829,
LG1_momr_s2,4,177,0.14193,0.86693,0.00938,
LG1_momr_s2,4,178,0.07351,0.82871,0.00873,
LG1_momr_s2,4,179,0.14993,0.93719,0.00857,
LG1_momr_s2,4,180,0.09445,0.60498,0.01098,
LG1_momr_s2,4,181,0.07053,0.53655,0.01176,
LG1_momr_s2,4,182,0.11667,0.92213,0.00858,
LG1_momr_s2,4,183,0.06155,0.2176,0.0171,
LG1_momr_s2,4,184,0.09854,0.75363,0.01046,
LG1_momr_s2,4,185,0.04819,0.21717,0.01664,
LG1_momr_s2,4,186,0.10662,0.90288,0.00888,
LG1_momr_s2,4,187,0.11623,0.61681,0.01084,
LG1_momr_s2,4,188,0.11726,0.77392,0.00983,
LG1_momr_s2,4,189,0.09908,0.79707,0.00898,
LG1_momr_s2,4,190,0.09279,0.65382,0.01117,
LG1_momr_s2,4,191,0.08755,0.78345,0.00913,
