run,layer,expert,resident_frac,selected_frac
g1_temporal,1,0,0.091171,0.122604
g1_temporal,1,1,0.094528,0.080139
g1_temporal,1,2,0.083130,0.043854
g1_temporal,1,3,0.081772,0.091476
g1_temporal,1,4,0.095596,0.090942
g1_temporal,1,5,0.086960,0.082672
g1_temporal,1,6,0.095245,0.044693
g1_temporal,1,7,0.082047,0.086594
g1_temporal,1,8,0.059204,0.051071
g1_temporal,1,9,0.097839,0.075211
g1_temporal,1,10,0.122986,0.086288
g1_temporal,1,11,0.086441,0.103989
g1_temporal,1,12,0.080063,0.089081
g1_temporal,1,13,0.098679,0.078674
g1_temporal,1,14,0.071030,0.183670
g1_temporal,1,15,0.101624,0.067093
g1_temporal,1,16,0.089188,0.126022
g1_temporal,1,17,0.138199,0.146011
g1_temporal,1,18,0.090332,0.055801
g1_temporal,1,19,0.088760,0.120148
g1_temporal,1,20,0.074951,0.089905
g1_temporal,1,21,0.083817,0.077103
g1_temporal,1,22,0.123459,0.129028
g1_temporal,1,23,0.093918,0.108810
g1_temporal,1,24,0.095993,0.102814
g1_temporal,1,25,0.105469,0.091965
g1_temporal,1,26,0.091858,0.064316
g1_temporal,1,27,0.101730,0.113266
g1_temporal,1,28,0.103073,0.121902
g1_temporal,1,29,0.091370,0.139938
g1_temporal,1,30,0.107346,0.084351
g1_temporal,1,31,0.093109,0.085739
g1_temporal,1,32,0.106186,0.073151
g1_temporal,1,33,0.095108,0.126373
g1_temporal,1,34,0.089691,0.107437
g1_temporal,1,35,0.096252,0.106842
g1_temporal,1,36,0.101501,0.118896
g1_temporal,1,37,0.095367,0.103287
g1_temporal,1,38,0.079819,0.072601
g1_temporal,1,39,0.081085,0.055771
g1_temporal,1,40,0.086975,0.073898
g1_temporal,1,41,0.087982,0.093109
g1_temporal,1,42,0.093430,0.038712
g1_temporal,1,43,0.087112,0.104950
g1_temporal,1,44,0.082397,0.111145
g1_temporal,1,45,0.092819,0.130219
g1_temporal,1,46,0.093018,0.085876
g1_temporal,1,47,0.083374,0.103073
g1_temporal,1,48,0.098495,0.053268
g1_temporal,1,49,0.099915,0.098480
g1_temporal,1,50,0.095078,0.085602
g1_temporal,1,51,0.101456,0.084595
g1_temporal,1,52,0.084824,0.079437
g1_temporal,1,53,0.083405,0.082687
g1_temporal,1,54,0.127426,0.083054
g1_temporal,1,55,0.090378,0.138794
g1_temporal,1,56,0.103271,0.130554
g1_temporal,1,57,0.070648,0.103516
g1_temporal,1,58,0.094025,0.095871
g1_temporal,1,59,0.122147,0.106003
g1_temporal,1,60,0.082443,0.103088
g1_temporal,1,61,0.097580,0.069397
g1_temporal,1,62,0.103149,0.103867
g1_temporal,1,63,0.092758,0.041275
g1_temporal,2,0,0.067398,0.082840
g1_temporal,2,1,0.118057,0.077454
g1_temporal,2,2,0.122620,0.115341
g1_temporal,2,3,0.079147,0.071503
g1_temporal,2,4,0.113724,0.124039
g1_temporal,2,5,0.072861,0.080811
g1_temporal,2,6,0.083588,0.102783
g1_temporal,2,7,0.100540,0.096298
g1_temporal,2,8,0.084106,0.111038
g1_temporal,2,9,0.093140,0.045563
g1_temporal,2,10,0.083908,0.087982
g1_temporal,2,11,0.085144,0.081787
g1_temporal,2,12,0.088943,0.086517
g1_temporal,2,13,0.106430,0.099899
g1_temporal,2,14,0.080948,0.151321
g1_temporal,2,15,0.100067,0.108795
g1_temporal,2,16,0.090179,0.087830
g1_temporal,2,17,0.126587,0.065811
g1_temporal,2,18,0.091370,0.094696
g1_temporal,2,19,0.143280,0.130203
g1_temporal,2,20,0.079926,0.096680
g1_temporal,2,21,0.109879,0.104599
g1_temporal,2,22,0.093109,0.082352
g1_temporal,2,23,0.108673,0.069717
g1_temporal,2,24,0.076813,0.088882
g1_temporal,2,25,0.103943,0.092804
g1_temporal,2,26,0.085648,0.096390
g1_temporal,2,27,0.083389,0.097809
g1_temporal,2,28,0.121155,0.130219
g1_temporal,2,29,0.093933,0.094681
g1_temporal,2,30,0.104645,0.071854
g1_temporal,2,31,0.096222,0.106842
g1_temporal,2,32,0.122025,0.114670
g1_temporal,2,33,0.099289,0.097397
g1_temporal,2,34,0.109955,0.108917
g1_temporal,2,35,0.095703,0.098907
g1_temporal,2,36,0.104782,0.091644
g1_temporal,2,37,0.081497,0.079727
g1_temporal,2,38,0.091934,0.099640
g1_temporal,2,39,0.091049,0.071884
g1_temporal,2,40,0.112427,0.110275
g1_temporal,2,41,0.110565,0.076233
g1_temporal,2,42,0.073898,0.080276
g1_temporal,2,43,0.091263,0.109543
g1_temporal,2,44,0.086594,0.082993
g1_temporal,2,45,0.071289,0.070175
g1_temporal,2,46,0.092300,0.063843
g1_temporal,2,47,0.075882,0.101425
g1_temporal,2,48,0.082184,0.081940
g1_temporal,2,49,0.103333,0.094162
g1_temporal,2,50,0.042725,0.064285
g1_temporal,2,51,0.081055,0.091446
g1_temporal,2,52,0.108414,0.104721
g1_temporal,2,53,0.073578,0.086151
g1_temporal,2,54,0.108063,0.108597
g1_temporal,2,55,0.081650,0.091446
g1_temporal,2,56,0.085815,0.091644
g1_temporal,2,57,0.085953,0.070251
g1_temporal,2,58,0.071136,0.076309
g1_temporal,2,59,0.127457,0.143723
g1_temporal,2,60,0.087158,0.091736
g1_temporal,2,61,0.095108,0.081680
g1_temporal,2,62,0.090469,0.109009
g1_temporal,2,63,0.076080,0.120010
g1_temporal,3,0,0.094650,0.083740
g1_temporal,3,1,0.078842,0.084305
g1_temporal,3,2,0.123657,0.103989
g1_temporal,3,3,0.095795,0.079529
g1_temporal,3,4,0.083130,0.089310
g1_temporal,3,5,0.088547,0.056824
g1_temporal,3,6,0.069946,0.071350
g1_temporal,3,7,0.090973,0.091705
g1_temporal,3,8,0.083588,0.078781
g1_temporal,3,9,0.071213,0.081604
g1_temporal,3,10,0.098679,0.117676
g1_temporal,3,11,0.097366,0.102570
g1_temporal,3,12,0.084335,0.085098
g1_temporal,3,13,0.081284,0.075119
g1_temporal,3,14,0.090805,0.084427
g1_temporal,3,15,0.080719,0.087418
g1_temporal,3,16,0.077225,0.097656
g1_temporal,3,17,0.096329,0.078125
g1_temporal,3,18,0.114685,0.107513
g1_temporal,3,19,0.104645,0.091995
g1_temporal,3,20,0.097748,0.097824
g1_temporal,3,21,0.092133,0.101349
g1_temporal,3,22,0.105469,0.094208
g1_temporal,3,23,0.101349,0.122055
g1_temporal,3,24,0.090607,0.105560
g1_temporal,3,25,0.099762,0.093765
g1_temporal,3,26,0.093063,0.084549
g1_temporal,3,27,0.081680,0.089127
g1_temporal,3,28,0.091339,0.088882
g1_temporal,3,29,0.085648,0.077942
g1_temporal,3,30,0.104828,0.084961
g1_temporal,3,31,0.062592,0.061554
g1_temporal,3,32,0.080658,0.102875
g1_temporal,3,33,0.089767,0.096161
g1_temporal,3,34,0.087860,0.095917
g1_temporal,3,35,0.121262,0.080383
g1_temporal,3,36,0.102676,0.096481
g1_temporal,3,37,0.076538,0.073502
g1_temporal,3,38,0.099884,0.096298
g1_temporal,3,39,0.096878,0.084183
g1_temporal,3,40,0.076355,0.093811
g1_temporal,3,41,0.131760,0.129730
g1_temporal,3,42,0.093552,0.083420
g1_temporal,3,43,0.113281,0.104675
g1_temporal,3,44,0.088776,0.109406
g1_temporal,3,45,0.094788,0.089615
g1_temporal,3,46,0.095093,0.105865
g1_temporal,3,47,0.063324,0.085052
g1_temporal,3,48,0.099365,0.137665
g1_temporal,3,49,0.073624,0.080475
g1_temporal,3,50,0.109940,0.121735
g1_temporal,3,51,0.093430,0.085754
g1_temporal,3,52,0.117371,0.100754
g1_temporal,3,53,0.118591,0.109650
g1_temporal,3,54,0.091232,0.097900
g1_temporal,3,55,0.083496,0.084106
g1_temporal,3,56,0.095703,0.099014
g1_temporal,3,57,0.099640,0.095688
g1_temporal,3,58,0.121582,0.117554
g1_temporal,3,59,0.086777,0.099747
g1_temporal,3,60,0.099289,0.109268
g1_temporal,3,61,0.106369,0.102905
g1_temporal,3,62,0.082108,0.087799
g1_temporal,3,63,0.096405,0.092102
g1_temporal,4,0,0.066406,0.084732
g1_temporal,4,1,0.090927,0.074997
g1_temporal,4,2,0.104584,0.104218
g1_temporal,4,3,0.094864,0.101669
g1_temporal,4,4,0.145981,0.133911
g1_temporal,4,5,0.078476,0.092896
g1_temporal,4,6,0.101913,0.101608
g1_temporal,4,7,0.098145,0.111099
g1_temporal,4,8,0.090836,0.094818
g1_temporal,4,9,0.095505,0.065155
g1_temporal,4,10,0.106140,0.088425
g1_temporal,4,11,0.105133,0.106705
g1_temporal,4,12,0.086212,0.096008
g1_temporal,4,13,0.099258,0.095169
g1_temporal,4,14,0.095535,0.092789
g1_temporal,4,15,0.082275,0.078415
g1_temporal,4,16,0.113220,0.104431
g1_temporal,4,17,0.092392,0.090714
g1_temporal,4,18,0.095886,0.111694
g1_temporal,4,19,0.092499,0.089676
g1_temporal,4,20,0.082092,0.059631
g1_temporal,4,21,0.099380,0.094269
g1_temporal,4,22,0.082016,0.076355
g1_temporal,4,23,0.092010,0.096664
g1_temporal,4,24,0.093048,0.082260
g1_temporal,4,25,0.084824,0.103882
g1_temporal,4,26,0.117676,0.100357
g1_temporal,4,27,0.084000,0.099609
g1_temporal,4,28,0.076675,0.108200
g1_temporal,4,29,0.099472,0.119736
g1_temporal,4,30,0.084625,0.101440
g1_temporal,4,31,0.112671,0.079391
g1_temporal,4,32,0.100922,0.077255
g1_temporal,4,33,0.092010,0.099930
g1_temporal,4,34,0.082352,0.086197
g1_temporal,4,35,0.092361,0.078293
g1_temporal,4,36,0.111801,0.097656
g1_temporal,4,37,0.085266,0.093567
g1_temporal,4,38,0.152100,0.138367
g1_temporal,4,39,0.080002,0.088486
g1_temporal,4,40,0.114380,0.126190
g1_temporal,4,41,0.090546,0.101334
g1_temporal,4,42,0.088470,0.089890
g1_temporal,4,43,0.074142,0.084259
g1_temporal,4,44,0.073822,0.086929
g1_temporal,4,45,0.096451,0.108185
g1_temporal,4,46,0.094452,0.074783
g1_temporal,4,47,0.077209,0.079895
g1_temporal,4,48,0.101959,0.094879
g1_temporal,4,49,0.093689,0.091354
g1_temporal,4,50,0.093063,0.084412
g1_temporal,4,51,0.099335,0.093292
g1_temporal,4,52,0.092545,0.099289
g1_temporal,4,53,0.076553,0.087479
g1_temporal,4,54,0.060486,0.072800
g1_temporal,4,55,0.094055,0.077179
g1_temporal,4,56,0.088318,0.092056
g1_temporal,4,57,0.110504,0.117065
g1_temporal,4,58,0.092819,0.082687
g1_temporal,4,59,0.076767,0.086014
g1_temporal,4,60,0.107468,0.095917
g1_temporal,4,61,0.099747,0.093811
g1_temporal,4,62,0.069168,0.086334
g1_temporal,4,63,0.092560,0.093292
g1_temporal,5,0,0.105606,0.095291
g1_temporal,5,1,0.088028,0.092606
g1_temporal,5,2,0.092758,0.087402
g1_temporal,5,3,0.080826,0.089859
g1_temporal,5,4,0.078369,0.085953
g1_temporal,5,5,0.073654,0.097672
g1_temporal,5,6,0.099884,0.096680
g1_temporal,5,7,0.078125,0.088654
g1_temporal,5,8,0.084747,0.083633
g1_temporal,5,9,0.091705,0.105438
g1_temporal,5,10,0.094727,0.112427
g1_temporal,5,11,0.075363,0.083099
g1_temporal,5,12,0.104767,0.090897
g1_temporal,5,13,0.078857,0.080765
g1_temporal,5,14,0.097443,0.090271
g1_temporal,5,15,0.095154,0.105774
g1_temporal,5,16,0.127869,0.122910
g1_temporal,5,17,0.085464,0.089111
g1_temporal,5,18,0.103790,0.101501
g1_temporal,5,19,0.084702,0.098007
g1_temporal,5,20,0.120438,0.111618
g1_temporal,5,21,0.085251,0.086151
g1_temporal,5,22,0.112885,0.107986
g1_temporal,5,23,0.097717,0.105835
g1_temporal,5,24,0.092407,0.116577
g1_temporal,5,25,0.088089,0.085159
g1_temporal,5,26,0.104202,0.065231
g1_temporal,5,27,0.096664,0.109833
g1_temporal,5,28,0.077499,0.082809
g1_temporal,5,29,0.109955,0.096649
g1_temporal,5,30,0.078232,0.087341
g1_temporal,5,31,0.093201,0.096786
g1_temporal,5,32,0.083572,0.094162
g1_temporal,5,33,0.105469,0.122742
g1_temporal,5,34,0.098206,0.099289
g1_temporal,5,35,0.101837,0.075333
g1_temporal,5,36,0.092285,0.095779
g1_temporal,5,37,0.071838,0.088699
g1_temporal,5,38,0.076843,0.083328
g1_temporal,5,39,0.099686,0.104965
g1_temporal,5,40,0.094406,0.096344
g1_temporal,5,41,0.120697,0.094131
g1_temporal,5,42,0.073547,0.084457
g1_temporal,5,43,0.098480,0.092880
g1_temporal,5,44,0.096420,0.098068
g1_temporal,5,45,0.098251,0.073792
g1_temporal,5,46,0.126373,0.115295
g1_temporal,5,47,0.083527,0.087784
g1_temporal,5,48,0.075974,0.077377
g1_temporal,5,49,0.105682,0.092453
g1_temporal,5,50,0.068604,0.072571
g1_temporal,5,51,0.081635,0.088348
g1_temporal,5,52,0.082184,0.095520
g1_temporal,5,53,0.104477,0.087845
g1_temporal,5,54,0.121216,0.128754
g1_temporal,5,55,0.086594,0.087631
g1_temporal,5,56,0.073135,0.079880
g1_temporal,5,57,0.087204,0.092545
g1_temporal,5,58,0.105347,0.094269
g1_temporal,5,59,0.105087,0.094910
g1_temporal,5,60,0.115906,0.078003
g1_temporal,5,61,0.103287,0.104385
g1_temporal,5,62,0.094940,0.086121
g1_temporal,5,63,0.088913,0.082413
g1_temporal,6,0,0.100159,0.095688
g1_temporal,6,1,0.094498,0.093033
g1_temporal,6,2,0.073135,0.104721
g1_temporal,6,3,0.077133,0.087585
g1_temporal,6,4,0.122040,0.123459
g1_temporal,6,5,0.099197,0.080948
g1_temporal,6,6,0.095627,0.109207
g1_temporal,6,7,0.120636,0.116760
g1_temporal,6,8,0.081650,0.077072
g1_temporal,6,9,0.084229,0.090103
g1_temporal,6,10,0.111542,0.106857
g1_temporal,6,11,0.123642,0.106583
g1_temporal,6,12,0.084656,0.076645
g1_temporal,6,13,0.097794,0.103836
g1_temporal,6,14,0.090607,0.088043
g1_temporal,6,15,0.093216,0.079666
g1_temporal,6,16,0.124817,0.115936
g1_temporal,6,17,0.112961,0.072006
g1_temporal,6,18,0.073090,0.088043
g1_temporal,6,19,0.086975,0.082062
g1_temporal,6,20,0.086807,0.083435
g1_temporal,6,21,0.091278,0.079758
g1_temporal,6,22,0.091263,0.091904
g1_temporal,6,23,0.091278,0.098328
g1_temporal,6,24,0.115479,0.108688
g1_temporal,6,25,0.091721,0.078323
g1_temporal,6,26,0.090973,0.083740
g1_temporal,6,27,0.095398,0.105286
g1_temporal,6,28,0.113525,0.119324
g1_temporal,6,29,0.094467,0.094620
g1_temporal,6,30,0.099579,0.101837
g1_temporal,6,31,0.086029,0.092010
g1_temporal,6,32,0.088974,0.072220
g1_temporal,6,33,0.085724,0.068985
g1_temporal,6,34,0.090225,0.102615
g1_temporal,6,35,0.076965,0.079697
g1_temporal,6,36,0.089722,0.074203
g1_temporal,6,37,0.098923,0.128128
g1_temporal,6,38,0.083221,0.098572
g1_temporal,6,39,0.103928,0.103897
g1_temporal,6,40,0.082138,0.080948
g1_temporal,6,41,0.092850,0.086182
g1_temporal,6,42,0.091110,0.103882
g1_temporal,6,43,0.087646,0.118988
g1_temporal,6,44,0.078522,0.074020
g1_temporal,6,45,0.076996,0.086746
g1_temporal,6,46,0.088715,0.091492
g1_temporal,6,47,0.090103,0.095016
g1_temporal,6,48,0.093674,0.083527
g1_temporal,6,49,0.097916,0.087173
g1_temporal,6,50,0.113678,0.079239
g1_temporal,6,51,0.073502,0.084351
g1_temporal,6,52,0.098190,0.097412
g1_temporal,6,53,0.091446,0.095139
g1_temporal,6,54,0.085968,0.127609
g1_temporal,6,55,0.081329,0.092072
g1_temporal,6,56,0.124313,0.101425
g1_temporal,6,57,0.102951,0.090271
g1_temporal,6,58,0.083298,0.087250
g1_temporal,6,59,0.080566,0.130127
g1_temporal,6,60,0.079361,0.075180
g1_temporal,6,61,0.090012,0.090530
g1_temporal,6,62,0.123215,0.100113
g1_temporal,6,63,0.079422,0.077484
g1_temporal,7,0,0.073502,0.078369
g1_temporal,7,1,0.087204,0.087799
g1_temporal,7,2,0.085846,0.098114
g1_temporal,7,3,0.088089,0.089340
g1_temporal,7,4,0.110779,0.095367
g1_temporal,7,5,0.125183,0.065384
g1_temporal,7,6,0.079025,0.091278
g1_temporal,7,7,0.088531,0.083389
g1_temporal,7,8,0.129898,0.142532
g1_temporal,7,9,0.124817,0.121582
g1_temporal,7,10,0.075653,0.091736
g1_temporal,7,11,0.096848,0.100327
g1_temporal,7,12,0.120926,0.094772
g1_temporal,7,13,0.082718,0.099030
g1_temporal,7,14,0.073349,0.070190
g1_temporal,7,15,0.095322,0.089920
g1_temporal,7,16,0.100388,0.095322
g1_temporal,7,17,0.068771,0.085785
g1_temporal,7,18,0.106705,0.100983
g1_temporal,7,19,0.087646,0.082794
g1_temporal,7,20,0.100159,0.086456
g1_temporal,7,21,0.078842,0.084290
g1_temporal,7,22,0.104691,0.103180
g1_temporal,7,23,0.102722,0.080627
g1_temporal,7,24,0.100174,0.092377
g1_temporal,7,25,0.094254,0.098557
g1_temporal,7,26,0.102783,0.109741
g1_temporal,7,27,0.054459,0.060745
g1_temporal,7,28,0.084473,0.072830
g1_temporal,7,29,0.066559,0.110474
g1_temporal,7,30,0.128036,0.110443
g1_temporal,7,31,0.087708,0.090591
g1_temporal,7,32,0.102509,0.104630
g1_temporal,7,33,0.075485,0.079834
g1_temporal,7,34,0.080780,0.097076
g1_temporal,7,35,0.101562,0.102417
g1_temporal,7,36,0.115341,0.104019
g1_temporal,7,37,0.078171,0.081039
g1_temporal,7,38,0.098465,0.084396
g1_temporal,7,39,0.082031,0.078262
g1_temporal,7,40,0.078949,0.095779
g1_temporal,7,41,0.086609,0.084412
g1_temporal,7,42,0.101746,0.129517
g1_temporal,7,43,0.092972,0.091003
g1_temporal,7,44,0.089447,0.082611
g1_temporal,7,45,0.084335,0.092056
g1_temporal,7,46,0.085922,0.079422
g1_temporal,7,47,0.097900,0.102188
g1_temporal,7,48,0.068695,0.076569
g1_temporal,7,49,0.119675,0.115631
g1_temporal,7,50,0.100372,0.104950
g1_temporal,7,51,0.098633,0.100739
g1_temporal,7,52,0.092880,0.096069
g1_temporal,7,53,0.114822,0.108109
g1_temporal,7,54,0.092148,0.081497
g1_temporal,7,55,0.104782,0.104675
g1_temporal,7,56,0.087921,0.099274
g1_temporal,7,57,0.097534,0.102295
g1_temporal,7,58,0.088470,0.096741
g1_temporal,7,59,0.104706,0.096893
g1_temporal,7,60,0.082733,0.079468
g1_temporal,7,61,0.104828,0.096497
g1_temporal,7,62,0.094254,0.092850
g1_temporal,7,63,0.089264,0.094757
g1_temporal,8,0,0.089676,0.097458
g1_temporal,8,1,0.066833,0.095215
g1_temporal,8,2,0.102066,0.153061
g1_temporal,8,3,0.089218,0.091171
g1_temporal,8,4,0.100830,0.096130
g1_temporal,8,5,0.088852,0.083969
g1_temporal,8,6,0.110565,0.081528
g1_temporal,8,7,0.100647,0.087112
g1_temporal,8,8,0.127914,0.101395
g1_temporal,8,9,0.072479,0.075531
g1_temporal,8,10,0.087341,0.090988
g1_temporal,8,11,0.076828,0.089127
g1_temporal,8,12,0.120819,0.102539
g1_temporal,8,13,0.126999,0.126450
g1_temporal,8,14,0.105927,0.092422
g1_temporal,8,15,0.085953,0.079819
g1_temporal,8,16,0.129639,0.113632
g1_temporal,8,17,0.111374,0.109070
g1_temporal,8,18,0.120834,0.097549
g1_temporal,8,19,0.082230,0.089676
g1_temporal,8,20,0.059677,0.059235
g1_temporal,8,21,0.107376,0.105072
g1_temporal,8,22,0.064041,0.056778
g1_temporal,8,23,0.072449,0.072556
g1_temporal,8,24,0.093628,0.089767
g1_temporal,8,25,0.119003,0.112061
g1_temporal,8,26,0.090103,0.101410
g1_temporal,8,27,0.095612,0.092422
g1_temporal,8,28,0.074554,0.077194
g1_temporal,8,29,0.078781,0.083145
g1_temporal,8,30,0.095322,0.080734
g1_temporal,8,31,0.073288,0.100876
g1_temporal,8,32,0.121979,0.124313
g1_temporal,8,33,0.116852,0.100250
g1_temporal,8,34,0.104782,0.110779
g1_temporal,8,35,0.086121,0.104370
g1_temporal,8,36,0.096786,0.094971
g1_temporal,8,37,0.090424,0.098297
g1_temporal,8,38,0.082932,0.088898
g1_temporal,8,39,0.060120,0.057007
g1_temporal,8,40,0.055435,0.062546
g1_temporal,8,41,0.100327,0.122253
g1_temporal,8,42,0.125900,0.126038
g1_temporal,8,43,0.080444,0.092590
g1_temporal,8,44,0.110031,0.118179
g1_temporal,8,45,0.076462,0.092773
g1_temporal,8,46,0.115356,0.114792
g1_temporal,8,47,0.084030,0.099777
g1_temporal,8,48,0.110764,0.112457
g1_temporal,8,49,0.081848,0.082886
g1_temporal,8,50,0.114182,0.096710
g1_temporal,8,51,0.098068,0.088654
g1_temporal,8,52,0.080460,0.079910
g1_temporal,8,53,0.118820,0.106461
g1_temporal,8,54,0.079391,0.071625
g1_temporal,8,55,0.111115,0.102798
g1_temporal,8,56,0.086975,0.083405
g1_temporal,8,57,0.110428,0.110046
g1_temporal,8,58,0.072495,0.069107
g1_temporal,8,59,0.075470,0.074005
g1_temporal,8,60,0.101349,0.105698
g1_temporal,8,61,0.078568,0.091339
g1_temporal,8,62,0.048508,0.056030
g1_temporal,8,63,0.102722,0.075943
g3_temporal,1,0,0.103073,0.128372
g3_temporal,1,1,0.110519,0.096848
g3_temporal,1,2,0.059082,0.037109
g3_temporal,1,3,0.073227,0.103439
g3_temporal,1,4,0.116516,0.150940
g3_temporal,1,5,0.073105,0.086227
g3_temporal,1,6,0.124573,0.046066
g3_temporal,1,7,0.085358,0.121994
g3_temporal,1,8,0.096481,0.086563
g3_temporal,1,9,0.096222,0.087173
g3_temporal,1,10,0.118469,0.106583
g3_temporal,1,11,0.105240,0.039398
g3_temporal,1,12,0.083832,0.102875
g3_temporal,1,13,0.091309,0.070251
g3_temporal,1,14,0.101898,0.156326
g3_temporal,1,15,0.099426,0.106812
g3_temporal,1,16,0.058472,0.101013
g3_temporal,1,17,0.102173,0.082062
g3_temporal,1,18,0.103409,0.020111
g3_temporal,1,19,0.096619,0.110916
g3_temporal,1,20,0.088745,0.124817
g3_temporal,1,21,0.117676,0.174774
g3_temporal,1,22,0.132751,0.134918
g3_temporal,1,23,0.067566,0.066727
g3_temporal,1,24,0.087784,0.136627
g3_temporal,1,25,0.073212,0.028275
g3_temporal,1,26,0.084366,0.097534
g3_temporal,1,27,0.085938,0.086594
g3_temporal,1,28,0.136520,0.167770
g3_temporal,1,29,0.093430,0.134460
g3_temporal,1,30,0.094620,0.109085
g3_temporal,1,31,0.122925,0.142517
g3_temporal,1,32,0.102402,0.099640
g3_temporal,1,33,0.082718,0.110107
g3_temporal,1,34,0.106781,0.072342
g3_temporal,1,35,0.085846,0.093964
g3_temporal,1,36,0.093262,0.101196
g3_temporal,1,37,0.090302,0.130173
g3_temporal,1,38,0.076324,0.080612
g3_temporal,1,39,0.059555,0.071625
g3_temporal,1,40,0.106842,0.023956
g3_temporal,1,41,0.073044,0.046463
g3_temporal,1,42,0.100677,0.112076
g3_temporal,1,43,0.084351,0.141647
g3_temporal,1,44,0.079651,0.108383
g3_temporal,1,45,0.127487,0.130966
g3_temporal,1,46,0.096451,0.048111
g3_temporal,1,47,0.085938,0.024612
g3_temporal,1,48,0.100891,0.102310
g3_temporal,1,49,0.084549,0.107254
g3_temporal,1,50,0.092682,0.078186
g3_temporal,1,51,0.047745,0.065552
g3_temporal,1,52,0.080185,0.098648
g3_temporal,1,53,0.091049,0.094849
g3_temporal,1,54,0.091019,0.095520
g3_temporal,1,55,0.098587,0.085754
g3_temporal,1,56,0.098083,0.130661
g3_temporal,1,57,0.071579,0.115799
g3_temporal,1,58,0.076675,0.091217
g3_temporal,1,59,0.098877,0.015518
g3_temporal,1,60,0.110931,0.120056
g3_temporal,1,61,0.084076,0.101868
g3_temporal,1,62,0.094727,0.066315
g3_temporal,1,63,0.104919,0.124725
g3_temporal,1,64,0.091614,0.126526
g3_temporal,1,65,0.095993,0.123062
g3_temporal,1,66,0.104767,0.060532
g3_temporal,1,67,0.155777,0.102615
g3_temporal,1,68,0.059265,0.039917
g3_temporal,1,69,0.095123,0.125336
g3_temporal,1,70,0.082657,0.087585
g3_temporal,1,71,0.092575,0.054932
g3_temporal,1,72,0.097672,0.052444
g3_temporal,1,73,0.067932,0.039520
g3_temporal,1,74,0.098572,0.115128
g3_temporal,1,75,0.082367,0.096741
g3_temporal,1,76,0.112473,0.059219
g3_temporal,1,77,0.106842,0.060226
g3_temporal,1,78,0.090012,0.123367
g3_temporal,1,79,0.091660,0.167526
g3_temporal,1,80,0.109772,0.103592
g3_temporal,1,81,0.080704,0.127701
g3_temporal,1,82,0.133148,0.127960
g3_temporal,1,83,0.096985,0.094086
g3_temporal,1,84,0.092834,0.070419
g3_temporal,1,85,0.093842,0.120697
g3_temporal,1,86,0.073730,0.101257
g3_temporal,1,87,0.092987,0.076859
g3_temporal,1,88,0.086792,0.077240
g3_temporal,1,89,0.092285,0.144806
g3_temporal,1,90,0.092758,0.091125
g3_temporal,1,91,0.102448,0.104599
g3_temporal,1,92,0.148819,0.100128
g3_temporal,1,93,0.116150,0.139282
g3_temporal,1,94,0.081482,0.134949
g3_temporal,1,95,0.103790,0.103622
g3_temporal,1,96,0.136734,0.136429
g3_temporal,1,97,0.081299,0.083618
g3_temporal,1,98,0.123398,0.110382
g3_temporal,1,99,0.094376,0.041946
g3_temporal,1,100,0.130325,0.089859
g3_temporal,1,101,0.092545,0.037170
g3_temporal,1,102,0.103592,0.085083
g3_temporal,1,103,0.096649,0.096771
g3_temporal,1,104,0.073044,0.078156
g3_temporal,1,105,0.098557,0.050766
g3_temporal,1,106,0.091873,0.108719
g3_temporal,1,107,0.086899,0.071533
g3_temporal,1,108,0.070389,0.041306
g3_temporal,1,109,0.089127,0.100479
g3_temporal,1,110,0.148819,0.161057
g3_temporal,1,111,0.094360,0.130783
g3_temporal,1,112,0.103333,0.137817
g3_temporal,1,113,0.091705,0.106186
g3_temporal,1,114,0.077988,0.069702
g3_temporal,1,115,0.070374,0.072784
g3_temporal,1,116,0.067810,0.066483
g3_temporal,1,117,0.077667,0.105530
g3_temporal,1,118,0.097137,0.045456
g3_temporal,1,119,0.097061,0.132996
g3_temporal,1,120,0.096786,0.063095
g3_temporal,1,121,0.097336,0.067017
g3_temporal,1,122,0.101868,0.116547
g3_temporal,1,123,0.097382,0.118347
g3_temporal,1,124,0.070694,0.163376
g3_temporal,1,125,0.083511,0.119736
g3_temporal,1,126,0.067657,0.061218
g3_temporal,1,127,0.068344,0.185486
g3_temporal,1,128,0.093079,0.121994
g3_temporal,1,129,0.079880,0.070435
g3_temporal,1,130,0.075790,0.042984
g3_temporal,1,131,0.106476,0.088776
g3_temporal,1,132,0.082382,0.119949
g3_temporal,1,133,0.074280,0.048798
g3_temporal,1,134,0.100525,0.075394
g3_temporal,1,135,0.082932,0.096985
g3_temporal,1,136,0.097076,0.148544
g3_temporal,1,137,0.120468,0.069321
g3_temporal,1,138,0.066910,0.079910
g3_temporal,1,139,0.082413,0.094955
g3_temporal,1,140,0.088486,0.099533
g3_temporal,1,141,0.082581,0.063187
g3_temporal,1,142,0.106186,0.094574
g3_temporal,1,143,0.099945,0.063522
g3_temporal,1,144,0.113434,0.087601
g3_temporal,1,145,0.074066,0.063049
g3_temporal,1,146,0.091049,0.131393
g3_temporal,1,147,0.100586,0.053482
g3_temporal,1,148,0.083969,0.140686
g3_temporal,1,149,0.085602,0.107742
g3_temporal,1,150,0.093109,0.085678
g3_temporal,1,151,0.092041,0.078537
g3_temporal,1,152,0.081543,0.101624
g3_temporal,1,153,0.080292,0.106201
g3_temporal,1,154,0.078644,0.149338
g3_temporal,1,155,0.109879,0.053665
g3_temporal,1,156,0.069336,0.050385
g3_temporal,1,157,0.091339,0.098846
g3_temporal,1,158,0.061066,0.074875
g3_temporal,1,159,0.110916,0.092422
g3_temporal,1,160,0.083862,0.061981
g3_temporal,1,161,0.087921,0.084793
g3_temporal,1,162,0.084534,0.102142
g3_temporal,1,163,0.110535,0.097809
g3_temporal,1,164,0.094986,0.091141
g3_temporal,1,165,0.095688,0.080582
g3_temporal,1,166,0.083679,0.074097
g3_temporal,1,167,0.087601,0.113449
g3_temporal,1,168,0.099869,0.071182
g3_temporal,1,169,0.097900,0.099152
g3_temporal,1,170,0.102875,0.094574
g3_temporal,1,171,0.099579,0.050476
g3_temporal,1,172,0.098618,0.119736
g3_temporal,1,173,0.141388,0.111862
g3_temporal,1,174,0.088104,0.110138
g3_temporal,1,175,0.060074,0.058853
g3_temporal,1,176,0.089691,0.070648
g3_temporal,1,177,0.098495,0.043015
g3_temporal,1,178,0.086243,0.063049
g3_temporal,1,179,0.085297,0.091202
g3_temporal,1,180,0.099701,0.122223
g3_temporal,1,181,0.124100,0.095932
g3_temporal,1,182,0.107224,0.131485
g3_temporal,1,183,0.110809,0.116974
g3_temporal,1,184,0.067398,0.091293
g3_temporal,1,185,0.091324,0.088318
g3_temporal,1,186,0.094116,0.042786
g3_temporal,1,187,0.127426,0.075638
g3_temporal,1,188,0.083740,0.070908
g3_temporal,1,189,0.089722,0.121994
g3_temporal,1,190,0.113693,0.070984
g3_temporal,1,191,0.092331,0.083084
g3_temporal,2,0,0.087799,0.101074
g3_temporal,2,1,0.105133,0.148697
g3_temporal,2,2,0.100143,0.093246
g3_temporal,2,3,0.126678,0.143936
g3_temporal,2,4,0.074310,0.077011
g3_temporal,2,5,0.083862,0.082901
g3_temporal,2,6,0.086533,0.092453
g3_temporal,2,7,0.076569,0.078171
g3_temporal,2,8,0.096512,0.050110
g3_temporal,2,9,0.084518,0.095459
g3_temporal,2,10,0.102325,0.093674
g3_temporal,2,11,0.075394,0.065674
g3_temporal,2,12,0.169586,0.115814
g3_temporal,2,13,0.117752,0.099854
g3_temporal,2,14,0.103394,0.109390
g3_temporal,2,15,0.157928,0.079529
g3_temporal,2,16,0.085983,0.089920
g3_temporal,2,17,0.094543,0.089386
g3_temporal,2,18,0.080566,0.085739
g3_temporal,2,19,0.122864,0.124146
g3_temporal,2,20,0.103500,0.080658
g3_temporal,2,21,0.102814,0.066330
g3_temporal,2,22,0.094635,0.104019
g3_temporal,2,23,0.095337,0.066742
g3_temporal,2,24,0.062042,0.102997
g3_temporal,2,25,0.063736,0.126297
g3_temporal,2,26,0.096802,0.121475
g3_temporal,2,27,0.106216,0.097046
g3_temporal,2,28,0.065643,0.139694
g3_temporal,2,29,0.096954,0.115982
g3_temporal,2,30,0.101883,0.060028
g3_temporal,2,31,0.074234,0.116226
g3_temporal,2,32,0.093781,0.094223
g3_temporal,2,33,0.092850,0.114548
g3_temporal,2,34,0.090134,0.070648
g3_temporal,2,35,0.099655,0.040863
g3_temporal,2,36,0.093063,0.044968
g3_temporal,2,37,0.095215,0.109711
g3_temporal,2,38,0.063690,0.105164
g3_temporal,2,39,0.100220,0.064224
g3_temporal,2,40,0.091766,0.114380
g3_temporal,2,41,0.080917,0.113464
g3_temporal,2,42,0.098969,0.055557
g3_temporal,2,43,0.085663,0.106140
g3_temporal,2,44,0.085419,0.066101
g3_temporal,2,45,0.087921,0.117569
g3_temporal,2,46,0.076050,0.113174
g3_temporal,2,47,0.075134,0.086212
g3_temporal,2,48,0.116455,0.098785
g3_temporal,2,49,0.077423,0.067108
g3_temporal,2,50,0.091644,0.044861
g3_temporal,2,51,0.145630,0.113541
g3_temporal,2,52,0.103058,0.057358
g3_temporal,2,53,0.122070,0.043167
g3_temporal,2,54,0.097809,0.067764
g3_temporal,2,55,0.071136,0.088852
g3_temporal,2,56,0.069321,0.160568
g3_temporal,2,57,0.122833,0.064468
g3_temporal,2,58,0.085846,0.088699
g3_temporal,2,59,0.100525,0.064163
g3_temporal,2,60,0.092453,0.117355
g3_temporal,2,61,0.092438,0.128159
g3_temporal,2,62,0.125504,0.104294
g3_temporal,2,63,0.071503,0.105530
g3_temporal,2,64,0.108932,0.106461
g3_temporal,2,65,0.086609,0.046494
g3_temporal,2,66,0.108459,0.035706
g3_temporal,2,67,0.097031,0.102722
g3_temporal,2,68,0.135452,0.056931
g3_temporal,2,69,0.062759,0.104416
g3_temporal,2,70,0.092819,0.103928
g3_temporal,2,71,0.081070,0.089340
g3_temporal,2,72,0.079712,0.098648
g3_temporal,2,73,0.142975,0.115143
g3_temporal,2,74,0.112686,0.051651
g3_temporal,2,75,0.080841,0.102051
g3_temporal,2,76,0.102371,0.081772
g3_temporal,2,77,0.046219,0.132172
g3_temporal,2,78,0.082947,0.047379
g3_temporal,2,79,0.113495,0.059540
g3_temporal,2,80,0.129044,0.076340
g3_temporal,2,81,0.111603,0.116211
g3_temporal,2,82,0.107712,0.075378
g3_temporal,2,83,0.099014,0.094086
g3_temporal,2,84,0.081406,0.090546
g3_temporal,2,85,0.103897,0.091064
g3_temporal,2,86,0.089264,0.070526
g3_temporal,2,87,0.127304,0.130386
g3_temporal,2,88,0.080734,0.131989
g3_temporal,2,89,0.059174,0.053635
g3_temporal,2,90,0.116592,0.083221
g3_temporal,2,91,0.069885,0.089722
g3_temporal,2,92,0.070328,0.085419
g3_temporal,2,93,0.080612,0.081604
g3_temporal,2,94,0.057159,0.084885
g3_temporal,2,95,0.088394,0.107864
g3_temporal,2,96,0.083954,0.107056
g3_temporal,2,97,0.126266,0.077881
g3_temporal,2,98,0.073380,0.121948
g3_temporal,2,99,0.120499,0.061813
g3_temporal,2,100,0.098663,0.072830
g3_temporal,2,101,0.116394,0.142532
g3_temporal,2,102,0.078964,0.127686
g3_temporal,2,103,0.070572,0.134705
g3_temporal,2,104,0.086380,0.156815
g3_temporal,2,105,0.098099,0.113235
g3_temporal,2,106,0.084717,0.099197
g3_temporal,2,107,0.082962,0.109818
g3_temporal,2,108,0.064880,0.103271
g3_temporal,2,109,0.096008,0.112564
g3_temporal,2,110,0.058334,0.125870
g3_temporal,2,111,0.109207,0.064468
g3_temporal,2,112,0.050781,0.111923
g3_temporal,2,113,0.050613,0.086578
g3_temporal,2,114,0.068268,0.059113
g3_temporal,2,115,0.079620,0.131699
g3_temporal,2,116,0.079422,0.164581
g3_temporal,2,117,0.079422,0.064499
g3_temporal,2,118,0.101624,0.106796
g3_temporal,2,119,0.131256,0.053970
g3_temporal,2,120,0.107681,0.116196
g3_temporal,2,121,0.056992,0.075317
g3_temporal,2,122,0.109543,0.047668
g3_temporal,2,123,0.068710,0.082123
g3_temporal,2,124,0.090118,0.097305
g3_temporal,2,125,0.062698,0.097672
g3_temporal,2,126,0.097565,0.032700
g3_temporal,2,127,0.160965,0.131317
g3_temporal,2,128,0.097565,0.146179
g3_temporal,2,129,0.131821,0.088211
g3_temporal,2,130,0.081375,0.107544
g3_temporal,2,131,0.080917,0.105988
g3_temporal,2,132,0.085587,0.121628
g3_temporal,2,133,0.077469,0.083328
g3_temporal,2,134,0.086472,0.082565
g3_temporal,2,135,0.068634,0.101761
g3_temporal,2,136,0.095856,0.050735
g3_temporal,2,137,0.092285,0.083832
g3_temporal,2,138,0.067001,0.087555
g3_temporal,2,139,0.028641,0.095352
g3_temporal,2,140,0.091537,0.073776
g3_temporal,2,141,0.064499,0.089020
g3_temporal,2,142,0.166412,0.111252
g3_temporal,2,143,0.094849,0.069794
g3_temporal,2,144,0.108978,0.115295
g3_temporal,2,145,0.090836,0.075882
g3_temporal,2,146,0.057114,0.134476
g3_temporal,2,147,0.098434,0.096405
g3_temporal,2,148,0.144745,0.123947
g3_temporal,2,149,0.092087,0.082794
g3_temporal,2,150,0.108078,0.095413
g3_temporal,2,151,0.082123,0.108017
g3_temporal,2,152,0.083771,0.055557
g3_temporal,2,153,0.078903,0.082138
g3_temporal,2,154,0.085144,0.069672
g3_temporal,2,155,0.104019,0.088440
g3_temporal,2,156,0.129837,0.080658
g3_temporal,2,157,0.099243,0.102936
g3_temporal,2,158,0.109283,0.122421
g3_temporal,2,159,0.105408,0.065720
g3_temporal,2,160,0.075012,0.124130
g3_temporal,2,161,0.089493,0.119934
g3_temporal,2,162,0.111099,0.111176
g3_temporal,2,163,0.089676,0.107376
g3_temporal,2,164,0.091217,0.109344
g3_temporal,2,165,0.076950,0.109421
g3_temporal,2,166,0.094696,0.123108
g3_temporal,2,167,0.099548,0.096085
g3_temporal,2,168,0.135101,0.113281
g3_temporal,2,169,0.077774,0.111176
g3_temporal,2,170,0.094940,0.069733
g3_temporal,2,171,0.095871,0.075516
g3_temporal,2,172,0.094131,0.087006
g3_temporal,2,173,0.124634,0.110596
g3_temporal,2,174,0.116440,0.077515
g3_temporal,2,175,0.091904,0.101425
g3_temporal,2,176,0.070496,0.088135
g3_temporal,2,177,0.059921,0.107117
g3_temporal,2,178,0.135773,0.101730
g3_temporal,2,179,0.105377,0.061646
g3_temporal,2,180,0.092941,0.143417
g3_temporal,2,181,0.104675,0.075516
g3_temporal,2,182,0.078766,0.067703
g3_temporal,2,183,0.095428,0.122665
g3_temporal,2,184,0.102219,0.101883
g3_temporal,2,185,0.034317,0.091293
g3_temporal,2,186,0.115417,0.111511
g3_temporal,2,187,0.121536,0.029037
g3_temporal,2,188,0.068787,0.108994
g3_temporal,2,189,0.083267,0.080887
g3_temporal,2,190,0.105209,0.063141
g3_temporal,2,191,0.135117,0.066544
g3_temporal,3,0,0.076218,0.103760
g3_temporal,3,1,0.093475,0.103714
g3_temporal,3,2,0.082977,0.095810
g3_temporal,3,3,0.085175,0.109451
g3_temporal,3,4,0.076538,0.087936
g3_temporal,3,5,0.101501,0.091705
g3_temporal,3,6,0.099518,0.109680
g3_temporal,3,7,0.094498,0.099533
g3_temporal,3,8,0.087387,0.103088
g3_temporal,3,9,0.158707,0.062683
g3_temporal,3,10,0.103119,0.099197
g3_temporal,3,11,0.083984,0.096329
g3_temporal,3,12,0.098831,0.095016
g3_temporal,3,13,0.089203,0.114166
g3_temporal,3,14,0.112854,0.093658
g3_temporal,3,15,0.090271,0.094788
g3_temporal,3,16,0.134476,0.091995
g3_temporal,3,17,0.082169,0.077087
g3_temporal,3,18,0.131699,0.065659
g3_temporal,3,19,0.087738,0.093628
g3_temporal,3,20,0.103058,0.100616
g3_temporal,3,21,0.096100,0.093094
g3_temporal,3,22,0.103943,0.099091
g3_temporal,3,23,0.093002,0.100449
g3_temporal,3,24,0.105988,0.087845
g3_temporal,3,25,0.089966,0.099716
g3_temporal,3,26,0.053055,0.055710
g3_temporal,3,27,0.094925,0.112808
g3_temporal,3,28,0.081924,0.103912
g3_temporal,3,29,0.136261,0.129974
g3_temporal,3,30,0.107468,0.080688
g3_temporal,3,31,0.118927,0.089371
g3_temporal,3,32,0.103348,0.096237
g3_temporal,3,33,0.097839,0.096695
g3_temporal,3,34,0.089355,0.116348
g3_temporal,3,35,0.110260,0.075653
g3_temporal,3,36,0.060944,0.050186
g3_temporal,3,37,0.093933,0.065247
g3_temporal,3,38,0.085968,0.085968
g3_temporal,3,39,0.092529,0.085678
g3_temporal,3,40,0.094864,0.064331
g3_temporal,3,41,0.068863,0.089050
g3_temporal,3,42,0.091217,0.083359
g3_temporal,3,43,0.089890,0.110275
g3_temporal,3,44,0.056488,0.073181
g3_temporal,3,45,0.084427,0.083725
g3_temporal,3,46,0.110519,0.108597
g3_temporal,3,47,0.097076,0.093109
g3_temporal,3,48,0.150803,0.122543
g3_temporal,3,49,0.083603,0.122940
g3_temporal,3,50,0.095261,0.094376
g3_temporal,3,51,0.088882,0.087814
g3_temporal,3,52,0.077850,0.078094
g3_temporal,3,53,0.095123,0.078857
g3_temporal,3,54,0.061646,0.071930
g3_temporal,3,55,0.094528,0.069443
g3_temporal,3,56,0.083954,0.104858
g3_temporal,3,57,0.079224,0.062073
g3_temporal,3,58,0.087845,0.083603
g3_temporal,3,59,0.059250,0.071915
g3_temporal,3,60,0.095963,0.059921
g3_temporal,3,61,0.075836,0.089218
g3_temporal,3,62,0.091721,0.107849
g3_temporal,3,63,0.076996,0.074570
g3_temporal,3,64,0.104385,0.140015
g3_temporal,3,65,0.129761,0.140091
g3_temporal,3,66,0.139587,0.079880
g3_temporal,3,67,0.096313,0.094666
g3_temporal,3,68,0.102097,0.125717
g3_temporal,3,69,0.086182,0.086884
g3_temporal,3,70,0.083466,0.099060
g3_temporal,3,71,0.082352,0.128250
g3_temporal,3,72,0.079681,0.104507
g3_temporal,3,73,0.077454,0.085098
g3_temporal,3,74,0.062973,0.086365
g3_temporal,3,75,0.072433,0.107803
g3_temporal,3,76,0.058502,0.072708
g3_temporal,3,77,0.107162,0.128311
g3_temporal,3,78,0.110657,0.092087
g3_temporal,3,79,0.099380,0.097473
g3_temporal,3,80,0.125778,0.126328
g3_temporal,3,81,0.097961,0.075317
g3_temporal,3,82,0.075165,0.126480
g3_temporal,3,83,0.164719,0.150635
g3_temporal,3,84,0.111801,0.115768
g3_temporal,3,85,0.142868,0.150269
g3_temporal,3,86,0.042358,0.050262
g3_temporal,3,87,0.128448,0.078934
g3_temporal,3,88,0.091309,0.044144
g3_temporal,3,89,0.093674,0.079956
g3_temporal,3,90,0.097260,0.104828
g3_temporal,3,91,0.086273,0.099121
g3_temporal,3,92,0.098221,0.085922
g3_temporal,3,93,0.107315,0.084671
g3_temporal,3,94,0.098709,0.101669
g3_temporal,3,95,0.096222,0.112396
g3_temporal,3,96,0.085144,0.108154
g3_temporal,3,97,0.079300,0.093185
g3_temporal,3,98,0.098953,0.053940
g3_temporal,3,99,0.047775,0.072540
g3_temporal,3,100,0.073944,0.113037
g3_temporal,3,101,0.099899,0.043365
g3_temporal,3,102,0.083527,0.104416
g3_temporal,3,103,0.080124,0.049362
g3_temporal,3,104,0.085785,0.097992
g3_temporal,3,105,0.103607,0.050415
g3_temporal,3,106,0.073303,0.078415
g3_temporal,3,107,0.081512,0.114243
g3_temporal,3,108,0.104828,0.114105
g3_temporal,3,109,0.114441,0.116699
g3_temporal,3,110,0.101501,0.083435
g3_temporal,3,111,0.069122,0.088730
g3_temporal,3,112,0.096146,0.084610
g3_temporal,3,113,0.097397,0.091385
g3_temporal,3,114,0.101898,0.123260
g3_temporal,3,115,0.075821,0.092422
g3_temporal,3,116,0.117188,0.111649
g3_temporal,3,117,0.110413,0.054474
g3_temporal,3,118,0.096008,0.100098
g3_temporal,3,119,0.095734,0.100510
g3_temporal,3,120,0.086243,0.122177
g3_temporal,3,121,0.076477,0.084961
g3_temporal,3,122,0.092010,0.062256
g3_temporal,3,123,0.085587,0.091736
g3_temporal,3,124,0.085129,0.067459
g3_temporal,3,125,0.048111,0.103348
g3_temporal,3,126,0.094208,0.094849
g3_temporal,3,127,0.158600,0.092590
g3_temporal,3,128,0.082504,0.100098
g3_temporal,3,129,0.085037,0.093872
g3_temporal,3,130,0.077545,0.119019
g3_temporal,3,131,0.119797,0.096878
g3_temporal,3,132,0.066772,0.084015
g3_temporal,3,133,0.067139,0.101105
g3_temporal,3,134,0.084137,0.091675
g3_temporal,3,135,0.085815,0.065445
g3_temporal,3,136,0.075867,0.088959
g3_temporal,3,137,0.097275,0.088531
g3_temporal,3,138,0.067612,0.131668
g3_temporal,3,139,0.086426,0.098358
g3_temporal,3,140,0.096588,0.084442
g3_temporal,3,141,0.120773,0.109772
g3_temporal,3,142,0.087250,0.094345
g3_temporal,3,143,0.087967,0.100418
g3_temporal,3,144,0.087097,0.091537
g3_temporal,3,145,0.090637,0.082321
g3_temporal,3,146,0.118881,0.090988
g3_temporal,3,147,0.094269,0.107544
g3_temporal,3,148,0.102036,0.104141
g3_temporal,3,149,0.085815,0.121124
g3_temporal,3,150,0.083496,0.095825
g3_temporal,3,151,0.121597,0.104706
g3_temporal,3,152,0.079361,0.116669
g3_temporal,3,153,0.100937,0.102234
g3_temporal,3,154,0.087173,0.092117
g3_temporal,3,155,0.102737,0.114212
g3_temporal,3,156,0.092285,0.060745
g3_temporal,3,157,0.036407,0.064499
g3_temporal,3,158,0.121246,0.083221
g3_temporal,3,159,0.093262,0.054489
g3_temporal,3,160,0.102631,0.065994
g3_temporal,3,161,0.100647,0.091980
g3_temporal,3,162,0.098557,0.083176
g3_temporal,3,163,0.078186,0.068100
g3_temporal,3,164,0.082687,0.086090
g3_temporal,3,165,0.154633,0.055664
g3_temporal,3,166,0.089798,0.111557
g3_temporal,3,167,0.124741,0.107269
g3_temporal,3,168,0.097763,0.089142
g3_temporal,3,169,0.127167,0.111237
g3_temporal,3,170,0.090851,0.153625
g3_temporal,3,171,0.104279,0.141037
g3_temporal,3,172,0.075623,0.095856
g3_temporal,3,173,0.083969,0.111816
g3_temporal,3,174,0.117706,0.101700
g3_temporal,3,175,0.038712,0.047501
g3_temporal,3,176,0.077682,0.092453
g3_temporal,3,177,0.086594,0.110458
g3_temporal,3,178,0.079651,0.099289
g3_temporal,3,179,0.083893,0.073303
g3_temporal,3,180,0.137939,0.087997
g3_temporal,3,181,0.087860,0.102219
g3_temporal,3,182,0.147888,0.097549
g3_temporal,3,183,0.060196,0.062714
g3_temporal,3,184,0.085785,0.114746
g3_temporal,3,185,0.102676,0.138092
g3_temporal,3,186,0.108643,0.107010
g3_temporal,3,187,0.100403,0.052322
g3_temporal,3,188,0.074371,0.131897
g3_temporal,3,189,0.101776,0.094849
g3_temporal,3,190,0.098160,0.077209
g3_temporal,3,191,0.081635,0.085938
g3_temporal,4,0,0.088730,0.113861
g3_temporal,4,1,0.094666,0.096054
g3_temporal,4,2,0.079544,0.114136
g3_temporal,4,3,0.119995,0.083145
g3_temporal,4,4,0.079239,0.091415
g3_temporal,4,5,0.076263,0.050140
g3_temporal,4,6,0.076157,0.112915
g3_temporal,4,7,0.109650,0.072433
g3_temporal,4,8,0.114304,0.132233
g3_temporal,4,9,0.079834,0.091583
g3_temporal,4,10,0.085724,0.072968
g3_temporal,4,11,0.101852,0.073532
g3_temporal,4,12,0.100296,0.113434
g3_temporal,4,13,0.138077,0.142288
g3_temporal,4,14,0.077667,0.108673
g3_temporal,4,15,0.108871,0.105087
g3_temporal,4,16,0.091431,0.090729
g3_temporal,4,17,0.071121,0.091385
g3_temporal,4,18,0.151611,0.139542
g3_temporal,4,19,0.081772,0.075867
g3_temporal,4,20,0.049744,0.104797
g3_temporal,4,21,0.094101,0.120148
g3_temporal,4,22,0.089401,0.085968
g3_temporal,4,23,0.072495,0.072845
g3_temporal,4,24,0.085434,0.090927
g3_temporal,4,25,0.095901,0.096756
g3_temporal,4,26,0.078995,0.083862
g3_temporal,4,27,0.080353,0.111862
g3_temporal,4,28,0.149033,0.101974
g3_temporal,4,29,0.060547,0.077362
g3_temporal,4,30,0.100616,0.091370
g3_temporal,4,31,0.091904,0.099411
g3_temporal,4,32,0.086227,0.090637
g3_temporal,4,33,0.060944,0.080399
g3_temporal,4,34,0.113876,0.136749
g3_temporal,4,35,0.171204,0.151276
g3_temporal,4,36,0.107086,0.105865
g3_temporal,4,37,0.093826,0.096985
g3_temporal,4,38,0.074219,0.087143
g3_temporal,4,39,0.103760,0.094482
g3_temporal,4,40,0.093079,0.099014
g3_temporal,4,41,0.112518,0.072647
g3_temporal,4,42,0.095276,0.081223
g3_temporal,4,43,0.088379,0.099457
g3_temporal,4,44,0.060745,0.095978
g3_temporal,4,45,0.088913,0.078384
g3_temporal,4,46,0.090683,0.112671
g3_temporal,4,47,0.099121,0.102615
g3_temporal,4,48,0.117111,0.120956
g3_temporal,4,49,0.059814,0.091705
g3_temporal,4,50,0.091156,0.088562
g3_temporal,4,51,0.080551,0.065567
g3_temporal,4,52,0.115494,0.117706
g3_temporal,4,53,0.072525,0.091248
g3_temporal,4,54,0.093719,0.103653
g3_temporal,4,55,0.052811,0.065155
g3_temporal,4,56,0.124161,0.118500
g3_temporal,4,57,0.080856,0.079681
g3_temporal,4,58,0.093979,0.096405
g3_temporal,4,59,0.106461,0.060074
g3_temporal,4,60,0.092453,0.099564
g3_temporal,4,61,0.118103,0.121750
g3_temporal,4,62,0.081787,0.092133
g3_temporal,4,63,0.076660,0.108047
g3_temporal,4,64,0.073425,0.090210
g3_temporal,4,65,0.093369,0.103165
g3_temporal,4,66,0.098038,0.076981
g3_temporal,4,67,0.121185,0.072586
g3_temporal,4,68,0.096298,0.107101
g3_temporal,4,69,0.090363,0.112686
g3_temporal,4,70,0.098236,0.101364
g3_temporal,4,71,0.083176,0.107025
g3_temporal,4,72,0.096771,0.091949
g3_temporal,4,73,0.084167,0.111023
g3_temporal,4,74,0.135727,0.137253
g3_temporal,4,75,0.087112,0.070908
g3_temporal,4,76,0.100540,0.077896
g3_temporal,4,77,0.096878,0.073654
g3_temporal,4,78,0.088348,0.081619
g3_temporal,4,79,0.161545,0.124130
g3_temporal,4,80,0.081543,0.119797
g3_temporal,4,81,0.099640,0.121201
g3_temporal,4,82,0.077652,0.080002
g3_temporal,4,83,0.111038,0.098175
g3_temporal,4,84,0.091949,0.084335
g3_temporal,4,85,0.074539,0.072906
g3_temporal,4,86,0.093811,0.088226
g3_temporal,4,87,0.125992,0.134216
g3_temporal,4,88,0.103897,0.112350
g3_temporal,4,89,0.134155,0.118515
g3_temporal,4,90,0.110336,0.094040
g3_temporal,4,91,0.113068,0.075058
g3_temporal,4,92,0.054749,0.113724
g3_temporal,4,93,0.101288,0.111923
g3_temporal,4,94,0.077866,0.102539
g3_temporal,4,95,0.065994,0.086411
g3_temporal,4,96,0.085022,0.090836
g3_temporal,4,97,0.132401,0.120163
g3_temporal,4,98,0.108307,0.075302
g3_temporal,4,99,0.134476,0.092911
g3_temporal,4,100,0.106598,0.111282
g3_temporal,4,101,0.142319,0.148590
g3_temporal,4,102,0.135086,0.109253
g3_temporal,4,103,0.088058,0.116150
g3_temporal,4,104,0.139938,0.060013
g3_temporal,4,105,0.104706,0.129929
g3_temporal,4,106,0.099609,0.090775
g3_temporal,4,107,0.048676,0.086105
g3_temporal,4,108,0.080078,0.072723
g3_temporal,4,109,0.068848,0.094025
g3_temporal,4,110,0.107910,0.120346
g3_temporal,4,111,0.096375,0.077576
g3_temporal,4,112,0.082794,0.114578
g3_temporal,4,113,0.140244,0.088852
g3_temporal,4,114,0.102966,0.105255
g3_temporal,4,115,0.097198,0.096909
g3_temporal,4,116,0.136993,0.122116
g3_temporal,4,117,0.018555,0.131027
g3_temporal,4,118,0.054886,0.099442
g3_temporal,4,119,0.082504,0.110001
g3_temporal,4,120,0.110962,0.091110
g3_temporal,4,121,0.077805,0.121109
g3_temporal,4,122,0.089584,0.079193
g3_temporal,4,123,0.089111,0.079056
g3_temporal,4,124,0.090393,0.067245
g3_temporal,4,125,0.089111,0.040344
g3_temporal,4,126,0.091171,0.080597
g3_temporal,4,127,0.091156,0.112427
g3_temporal,4,128,0.090591,0.055283
g3_temporal,4,129,0.126328,0.110718
g3_temporal,4,130,0.086441,0.067886
g3_temporal,4,131,0.079788,0.095520
g3_temporal,4,132,0.083740,0.097641
g3_temporal,4,133,0.085052,0.093658
g3_temporal,4,134,0.053146,0.074966
g3_temporal,4,135,0.067017,0.096436
g3_temporal,4,136,0.081955,0.100067
g3_temporal,4,137,0.109116,0.119446
g3_temporal,4,138,0.080002,0.079636
g3_temporal,4,139,0.074905,0.125595
g3_temporal,4,140,0.122910,0.091156
g3_temporal,4,141,0.105225,0.101578
g3_temporal,4,142,0.090973,0.087082
g3_temporal,4,143,0.094727,0.082581
g3_temporal,4,144,0.092300,0.085876
g3_temporal,4,145,0.099915,0.102707
g3_temporal,4,146,0.083328,0.078079
g3_temporal,4,147,0.073059,0.082733
g3_temporal,4,148,0.072327,0.086166
g3_temporal,4,149,0.092606,0.105194
g3_temporal,4,150,0.100357,0.076920
g3_temporal,4,151,0.085739,0.041794
g3_temporal,4,152,0.076248,0.074600
g3_temporal,4,153,0.093369,0.102570
g3_temporal,4,154,0.108688,0.113342
g3_temporal,4,155,0.085480,0.089539
g3_temporal,4,156,0.098495,0.098938
g3_temporal,4,157,0.112335,0.114563
g3_temporal,4,158,0.104828,0.069077
g3_temporal,4,159,0.100861,0.055252
g3_temporal,4,160,0.107864,0.052490
g3_temporal,4,161,0.094101,0.074921
g3_temporal,4,162,0.080185,0.117157
g3_temporal,4,163,0.104889,0.054550
g3_temporal,4,164,0.090195,0.085587
g3_temporal,4,165,0.079071,0.092972
g3_temporal,4,166,0.119675,0.056976
g3_temporal,4,167,0.095001,0.108902
g3_temporal,4,168,0.111115,0.057800
g3_temporal,4,169,0.083649,0.123779
g3_temporal,4,170,0.094421,0.079788
g3_temporal,4,171,0.053802,0.061508
g3_temporal,4,172,0.077835,0.115082
g3_temporal,4,173,0.067444,0.065994
g3_temporal,4,174,0.031082,0.087219
g3_temporal,4,175,0.116974,0.057495
g3_temporal,4,176,0.079819,0.102097
g3_temporal,4,177,0.088455,0.136230
g3_temporal,4,178,0.046463,0.044800
g3_temporal,4,179,0.119659,0.095184
g3_temporal,4,180,0.092987,0.071625
g3_temporal,4,181,0.101562,0.077927
g3_temporal,4,182,0.076675,0.079025
g3_temporal,4,183,0.087219,0.094482
g3_temporal,4,184,0.090317,0.081894
g3_temporal,4,185,0.092743,0.070557
g3_temporal,4,186,0.121048,0.095444
g3_temporal,4,187,0.102829,0.047638
g3_temporal,4,188,0.102264,0.093582
g3_temporal,4,189,0.096085,0.095078
g3_temporal,4,190,0.080414,0.086334
g3_temporal,4,191,0.082947,0.076141
g3_temporal,5,0,0.117828,0.107422
g3_temporal,5,1,0.061020,0.068192
g3_temporal,5,2,0.110123,0.088364
g3_temporal,5,3,0.080994,0.088348
g3_temporal,5,4,0.063782,0.114197
g3_temporal,5,5,0.097672,0.081009
g3_temporal,5,6,0.071167,0.079132
g3_temporal,5,7,0.103470,0.091156
g3_temporal,5,8,0.053268,0.065979
g3_temporal,5,9,0.095764,0.098251
g3_temporal,5,10,0.079010,0.079315
g3_temporal,5,11,0.079681,0.082108
g3_temporal,5,12,0.108841,0.086304
g3_temporal,5,13,0.098618,0.078140
g3_temporal,5,14,0.092041,0.128983
g3_temporal,5,15,0.060608,0.103165
g3_temporal,5,16,0.082123,0.089294
g3_temporal,5,17,0.088028,0.089523
g3_temporal,5,18,0.083954,0.079224
g3_temporal,5,19,0.078949,0.090424
g3_temporal,5,20,0.081406,0.069534
g3_temporal,5,21,0.112823,0.095581
g3_temporal,5,22,0.098587,0.052383
g3_temporal,5,23,0.092560,0.092850
g3_temporal,5,24,0.092148,0.089813
g3_temporal,5,25,0.085052,0.088531
g3_temporal,5,26,0.105194,0.108200
g3_temporal,5,27,0.098618,0.055649
g3_temporal,5,28,0.088516,0.080063
g3_temporal,5,29,0.133575,0.121429
g3_temporal,5,30,0.129181,0.110825
g3_temporal,5,31,0.173767,0.118576
g3_temporal,5,32,0.088806,0.097198
g3_temporal,5,33,0.100418,0.090332
g3_temporal,5,34,0.079575,0.084122
g3_temporal,5,35,0.122879,0.088394
g3_temporal,5,36,0.102417,0.083527
g3_temporal,5,37,0.088806,0.067398
g3_temporal,5,38,0.079620,0.092880
g3_temporal,5,39,0.112045,0.102615
g3_temporal,5,40,0.131165,0.124390
g3_temporal,5,41,0.099197,0.068848
g3_temporal,5,42,0.077255,0.074707
g3_temporal,5,43,0.102127,0.102783
g3_temporal,5,44,0.082047,0.109039
g3_temporal,5,45,0.094711,0.093979
g3_temporal,5,46,0.063614,0.105576
g3_temporal,5,47,0.086716,0.101654
g3_temporal,5,48,0.100586,0.038757
g3_temporal,5,49,0.098480,0.111404
g3_temporal,5,50,0.133514,0.126923
g3_temporal,5,51,0.082428,0.111359
g3_temporal,5,52,0.091309,0.092163
g3_temporal,5,53,0.097824,0.096085
g3_temporal,5,54,0.100479,0.086197
g3_temporal,5,55,0.100677,0.057648
g3_temporal,5,56,0.075943,0.109802
g3_temporal,5,57,0.108902,0.105957
g3_temporal,5,58,0.116257,0.120438
g3_temporal,5,59,0.100983,0.108307
g3_temporal,5,60,0.132507,0.082535
g3_temporal,5,61,0.064850,0.069046
g3_temporal,5,62,0.082687,0.110031
g3_temporal,5,63,0.083054,0.094330
g3_temporal,5,64,0.099365,0.114365
g3_temporal,5,65,0.074173,0.103516
g3_temporal,5,66,0.063522,0.144775
g3_temporal,5,67,0.092468,0.081314
g3_temporal,5,68,0.113251,0.112579
g3_temporal,5,69,0.083237,0.084549
g3_temporal,5,70,0.102814,0.069855
g3_temporal,5,71,0.082932,0.090439
g3_temporal,5,72,0.148163,0.119965
g3_temporal,5,73,0.111023,0.102020
g3_temporal,5,74,0.108673,0.136398
g3_temporal,5,75,0.087463,0.093628
g3_temporal,5,76,0.076385,0.077408
g3_temporal,5,77,0.127289,0.112793
g3_temporal,5,78,0.100876,0.092255
g3_temporal,5,79,0.108246,0.107178
g3_temporal,5,80,0.097168,0.106537
g3_temporal,5,81,0.056152,0.110519
g3_temporal,5,82,0.093414,0.091721
g3_temporal,5,83,0.081680,0.095749
g3_temporal,5,84,0.079086,0.086456
g3_temporal,5,85,0.088821,0.113174
g3_temporal,5,86,0.112274,0.098206
g3_temporal,5,87,0.082245,0.103439
g3_temporal,5,88,0.070770,0.071899
g3_temporal,5,89,0.085175,0.095367
g3_temporal,5,90,0.078857,0.095398
g3_temporal,5,91,0.115509,0.111603
g3_temporal,5,92,0.109894,0.074783
g3_temporal,5,93,0.091980,0.038010
g3_temporal,5,94,0.084946,0.097076
g3_temporal,5,95,0.077362,0.080399
g3_temporal,5,96,0.095291,0.103928
g3_temporal,5,97,0.112381,0.075119
g3_temporal,5,98,0.065247,0.098358
g3_temporal,5,99,0.089279,0.072357
g3_temporal,5,100,0.144424,0.124298
g3_temporal,5,101,0.101410,0.077591
g3_temporal,5,102,0.120041,0.090790
g3_temporal,5,103,0.137299,0.125961
g3_temporal,5,104,0.057266,0.077484
g3_temporal,5,105,0.067734,0.106781
g3_temporal,5,106,0.097244,0.098557
g3_temporal,5,107,0.095078,0.102921
g3_temporal,5,108,0.113342,0.071625
g3_temporal,5,109,0.090302,0.087906
g3_temporal,5,110,0.096039,0.101059
g3_temporal,5,111,0.094513,0.097336
g3_temporal,5,112,0.060455,0.073624
g3_temporal,5,113,0.071808,0.076492
g3_temporal,5,114,0.105133,0.084656
g3_temporal,5,115,0.077393,0.074371
g3_temporal,5,116,0.082169,0.104538
g3_temporal,5,117,0.098831,0.096741
g3_temporal,5,118,0.074142,0.079727
g3_temporal,5,119,0.077820,0.083878
g3_temporal,5,120,0.099915,0.090012
g3_temporal,5,121,0.094299,0.099808
g3_temporal,5,122,0.116165,0.102585
g3_temporal,5,123,0.087036,0.079956
g3_temporal,5,124,0.045135,0.084778
g3_temporal,5,125,0.106171,0.113510
g3_temporal,5,126,0.080734,0.084015
g3_temporal,5,127,0.102509,0.077286
g3_temporal,5,128,0.071487,0.119095
g3_temporal,5,129,0.070618,0.076965
g3_temporal,5,130,0.089050,0.091095
g3_temporal,5,131,0.087952,0.080811
g3_temporal,5,132,0.113663,0.082962
g3_temporal,5,133,0.080063,0.071243
g3_temporal,5,134,0.093246,0.080933
g3_temporal,5,135,0.109528,0.102570
g3_temporal,5,136,0.123764,0.109375
g3_temporal,5,137,0.100769,0.088211
g3_temporal,5,138,0.085205,0.083084
g3_temporal,5,139,0.084244,0.087891
g3_temporal,5,140,0.106430,0.104568
g3_temporal,5,141,0.097458,0.100571
g3_temporal,5,142,0.091736,0.093445
g3_temporal,5,143,0.105881,0.110916
g3_temporal,5,144,0.096817,0.080826
g3_temporal,5,145,0.100204,0.101212
g3_temporal,5,146,0.086517,0.093964
g3_temporal,5,147,0.075241,0.059372
g3_temporal,5,148,0.097076,0.088791
g3_temporal,5,149,0.090134,0.105576
g3_temporal,5,150,0.083420,0.113525
g3_temporal,5,151,0.091446,0.068176
g3_temporal,5,152,0.080948,0.082047
g3_temporal,5,153,0.102386,0.100021
g3_temporal,5,154,0.076828,0.123169
g3_temporal,5,155,0.133942,0.138580
g3_temporal,5,156,0.115128,0.092133
g3_temporal,5,157,0.090256,0.119598
g3_temporal,5,158,0.100067,0.074402
g3_temporal,5,159,0.097626,0.097427
g3_temporal,5,160,0.091965,0.130249
g3_temporal,5,161,0.076035,0.090057
g3_temporal,5,162,0.064102,0.058823
g3_temporal,5,163,0.077240,0.072037
g3_temporal,5,164,0.083267,0.071136
g3_temporal,5,165,0.069351,0.097549
g3_temporal,5,166,0.091965,0.070358
g3_temporal,5,167,0.085678,0.076874
g3_temporal,5,168,0.094193,0.084610
g3_temporal,5,169,0.107010,0.075836
g3_temporal,5,170,0.100525,0.073730
g3_temporal,5,171,0.106552,0.101013
g3_temporal,5,172,0.126678,0.107224
g3_temporal,5,173,0.126999,0.136581
g3_temporal,5,174,0.094223,0.079254
g3_temporal,5,175,0.089828,0.094299
g3_temporal,5,176,0.075607,0.093857
g3_temporal,5,177,0.103165,0.097519
g3_temporal,5,178,0.099945,0.136597
g3_temporal,5,179,0.086792,0.078781
g3_temporal,5,180,0.094696,0.120514
g3_temporal,5,181,0.104279,0.113708
g3_temporal,5,182,0.098831,0.097534
g3_temporal,5,183,0.094238,0.072098
g3_temporal,5,184,0.102646,0.109146
g3_temporal,5,185,0.113403,0.127350
g3_temporal,5,186,0.059799,0.099304
g3_temporal,5,187,0.065125,0.080093
g3_temporal,5,188,0.087875,0.092072
g3_temporal,5,189,0.085342,0.102371
g3_temporal,5,190,0.100037,0.129318
g3_temporal,5,191,0.091415,0.095749
g3_temporal,6,0,0.081604,0.127228
g3_temporal,6,1,0.088654,0.087250
g3_temporal,6,2,0.096771,0.100677
g3_temporal,6,3,0.072678,0.084229
g3_temporal,6,4,0.081863,0.095169
g3_temporal,6,5,0.099716,0.096268
g3_temporal,6,6,0.092224,0.116089
g3_temporal,6,7,0.114243,0.072525
g3_temporal,6,8,0.109024,0.093292
g3_temporal,6,9,0.075394,0.072449
g3_temporal,6,10,0.091934,0.094360
g3_temporal,6,11,0.070328,0.108887
g3_temporal,6,12,0.096130,0.077209
g3_temporal,6,13,0.097977,0.130722
g3_temporal,6,14,0.097168,0.090286
g3_temporal,6,15,0.089172,0.080383
g3_temporal,6,16,0.101624,0.088135
g3_temporal,6,17,0.118103,0.123672
g3_temporal,6,18,0.081131,0.069855
g3_temporal,6,19,0.077866,0.053299
g3_temporal,6,20,0.063446,0.065857
g3_temporal,6,21,0.095322,0.085587
g3_temporal,6,22,0.057678,0.111008
g3_temporal,6,23,0.128494,0.108841
g3_temporal,6,24,0.105820,0.122360
g3_temporal,6,25,0.088440,0.090393
g3_temporal,6,26,0.067245,0.097290
g3_temporal,6,27,0.125076,0.097382
g3_temporal,6,28,0.072861,0.075180
g3_temporal,6,29,0.109268,0.097733
g3_temporal,6,30,0.114471,0.090454
g3_temporal,6,31,0.067215,0.072067
g3_temporal,6,32,0.094788,0.095657
g3_temporal,6,33,0.072113,0.075241
g3_temporal,6,34,0.110397,0.130356
g3_temporal,6,35,0.093109,0.085281
g3_temporal,6,36,0.089737,0.082214
g3_temporal,6,37,0.079483,0.072830
g3_temporal,6,38,0.089096,0.096893
g3_temporal,6,39,0.162231,0.142181
g3_temporal,6,40,0.081436,0.090973
g3_temporal,6,41,0.096176,0.082764
g3_temporal,6,42,0.102448,0.079712
g3_temporal,6,43,0.106567,0.104172
g3_temporal,6,44,0.070786,0.070847
g3_temporal,6,45,0.085251,0.083435
g3_temporal,6,46,0.081665,0.064346
g3_temporal,6,47,0.099228,0.103104
g3_temporal,6,48,0.100769,0.052307
g3_temporal,6,49,0.095444,0.095200
g3_temporal,6,50,0.068863,0.122147
g3_temporal,6,51,0.131317,0.096588
g3_temporal,6,52,0.147186,0.116501
g3_temporal,6,53,0.084000,0.092163
g3_temporal,6,54,0.105011,0.119171
g3_temporal,6,55,0.070831,0.066483
g3_temporal,6,56,0.088730,0.096329
g3_temporal,6,57,0.143814,0.125946
g3_temporal,6,58,0.121185,0.102448
g3_temporal,6,59,0.113632,0.099503
g3_temporal,6,60,0.092804,0.085648
g3_temporal,6,61,0.065750,0.056824
g3_temporal,6,62,0.053299,0.082275
g3_temporal,6,63,0.072174,0.091095
g3_temporal,6,64,0.087265,0.128479
g3_temporal,6,65,0.105850,0.120590
g3_temporal,6,66,0.083405,0.073456
g3_temporal,6,67,0.053787,0.083267
g3_temporal,6,68,0.079056,0.072861
g3_temporal,6,69,0.111984,0.100143
g3_temporal,6,70,0.094437,0.078217
g3_temporal,6,71,0.099060,0.065552
g3_temporal,6,72,0.091064,0.144073
g3_temporal,6,73,0.097961,0.066116
g3_temporal,6,74,0.077026,0.077225
g3_temporal,6,75,0.067001,0.057999
g3_temporal,6,76,0.091354,0.052673
g3_temporal,6,77,0.060028,0.071411
g3_temporal,6,78,0.081985,0.086121
g3_temporal,6,79,0.099701,0.070496
g3_temporal,6,80,0.071518,0.086288
g3_temporal,6,81,0.102921,0.113663
g3_temporal,6,82,0.096252,0.097839
g3_temporal,6,83,0.091095,0.102997
g3_temporal,6,84,0.108917,0.085632
g3_temporal,6,85,0.070465,0.082245
g3_temporal,6,86,0.121994,0.115280
g3_temporal,6,87,0.085800,0.078110
g3_temporal,6,88,0.112732,0.106140
g3_temporal,6,89,0.111542,0.123291
g3_temporal,6,90,0.115341,0.107697
g3_temporal,6,91,0.092377,0.088989
g3_temporal,6,92,0.096161,0.089508
g3_temporal,6,93,0.100693,0.109711
g3_temporal,6,94,0.096939,0.100372
g3_temporal,6,95,0.065536,0.112366
g3_temporal,6,96,0.082413,0.095490
g3_temporal,6,97,0.084793,0.087204
g3_temporal,6,98,0.095795,0.087418
g3_temporal,6,99,0.093140,0.097656
g3_temporal,6,100,0.091995,0.093307
g3_temporal,6,101,0.099335,0.094315
g3_temporal,6,102,0.118973,0.109787
g3_temporal,6,103,0.095993,0.092117
g3_temporal,6,104,0.095474,0.078629
g3_temporal,6,105,0.079285,0.090790
g3_temporal,6,106,0.107727,0.107239
g3_temporal,6,107,0.125031,0.100784
g3_temporal,6,108,0.130188,0.097275
g3_temporal,6,109,0.086685,0.129501
g3_temporal,6,110,0.123199,0.096359
g3_temporal,6,111,0.066940,0.085281
g3_temporal,6,112,0.086945,0.068130
g3_temporal,6,113,0.079193,0.056107
g3_temporal,6,114,0.081802,0.089691
g3_temporal,6,115,0.078445,0.078842
g3_temporal,6,116,0.084396,0.095795
g3_temporal,6,117,0.109558,0.129120
g3_temporal,6,118,0.130463,0.141190
g3_temporal,6,119,0.063995,0.097107
g3_temporal,6,120,0.088715,0.084564
g3_temporal,6,121,0.075745,0.065109
g3_temporal,6,122,0.101257,0.103271
g3_temporal,6,123,0.099243,0.089600
g3_temporal,6,124,0.096664,0.090607
g3_temporal,6,125,0.068985,0.076370
g3_temporal,6,126,0.091141,0.109619
g3_temporal,6,127,0.071365,0.069153
g3_temporal,6,128,0.092834,0.086182
g3_temporal,6,129,0.100647,0.105270
g3_temporal,6,130,0.050949,0.088409
g3_temporal,6,131,0.076508,0.097107
g3_temporal,6,132,0.091324,0.077255
g3_temporal,6,133,0.120697,0.133423
g3_temporal,6,134,0.117554,0.103973
g3_temporal,6,135,0.094513,0.127792
g3_temporal,6,136,0.109329,0.111771
g3_temporal,6,137,0.105469,0.088470
g3_temporal,6,138,0.091827,0.075500
g3_temporal,6,139,0.078247,0.085846
g3_temporal,6,140,0.095993,0.137451
g3_temporal,6,141,0.130127,0.129196
g3_temporal,6,142,0.094406,0.083603
g3_temporal,6,143,0.089737,0.080460
g3_temporal,6,144,0.100281,0.062286
g3_temporal,6,145,0.113708,0.095795
g3_temporal,6,146,0.099304,0.087189
g3_temporal,6,147,0.095337,0.084824
g3_temporal,6,148,0.077805,0.074356
g3_temporal,6,149,0.074661,0.094040
g3_temporal,6,150,0.120377,0.108444
g3_temporal,6,151,0.065399,0.069824
g3_temporal,6,152,0.096954,0.101852
g3_temporal,6,153,0.095963,0.112396
g3_temporal,6,154,0.088242,0.142365
g3_temporal,6,155,0.085724,0.081924
g3_temporal,6,156,0.087677,0.099365
g3_temporal,6,157,0.138565,0.133240
g3_temporal,6,158,0.116165,0.113556
g3_temporal,6,159,0.084641,0.071808
g3_temporal,6,160,0.095093,0.089294
g3_temporal,6,161,0.093964,0.054108
g3_temporal,6,162,0.077286,0.075531
g3_temporal,6,163,0.064774,0.085052
g3_temporal,6,164,0.107101,0.111481
g3_temporal,6,165,0.056549,0.102615
g3_temporal,6,166,0.104736,0.086853
g3_temporal,6,167,0.083328,0.088455
g3_temporal,6,168,0.097794,0.100952
g3_temporal,6,169,0.073822,0.095306
g3_temporal,6,170,0.104538,0.095505
g3_temporal,6,171,0.100433,0.087784
g3_temporal,6,172,0.092346,0.079666
g3_temporal,6,173,0.123383,0.105347
g3_temporal,6,174,0.106094,0.108673
g3_temporal,6,175,0.106949,0.054260
g3_temporal,6,176,0.084885,0.110291
g3_temporal,6,177,0.081421,0.096481
g3_temporal,6,178,0.077057,0.084595
g3_temporal,6,179,0.114105,0.095718
g3_temporal,6,180,0.092926,0.063889
g3_temporal,6,181,0.110596,0.093674
g3_temporal,6,182,0.086487,0.081802
g3_temporal,6,183,0.069901,0.121384
g3_temporal,6,184,0.110397,0.127029
g3_temporal,6,185,0.103027,0.100876
g3_temporal,6,186,0.076797,0.081482
g3_temporal,6,187,0.109894,0.101425
g3_temporal,6,188,0.121674,0.103333
g3_temporal,6,189,0.082077,0.089233
g3_temporal,6,190,0.112747,0.106644
g3_temporal,6,191,0.092468,0.103287
g3_temporal,7,0,0.081619,0.088699
g3_temporal,7,1,0.049332,0.078339
g3_temporal,7,2,0.109741,0.112411
g3_temporal,7,3,0.102432,0.097000
g3_temporal,7,4,0.071045,0.091583
g3_temporal,7,5,0.086685,0.096375
g3_temporal,7,6,0.162949,0.142319
g3_temporal,7,7,0.094055,0.110947
g3_temporal,7,8,0.075027,0.080902
g3_temporal,7,9,0.073608,0.079453
g3_temporal,7,10,0.094818,0.103851
g3_temporal,7,11,0.068970,0.095718
g3_temporal,7,12,0.087006,0.060852
g3_temporal,7,13,0.086288,0.086945
g3_temporal,7,14,0.104980,0.096802
g3_temporal,7,15,0.125519,0.104141
g3_temporal,7,16,0.090408,0.100693
g3_temporal,7,17,0.086868,0.078674
g3_temporal,7,18,0.124344,0.109909
g3_temporal,7,19,0.114517,0.067215
g3_temporal,7,20,0.088806,0.071014
g3_temporal,7,21,0.079117,0.092804
g3_temporal,7,22,0.136429,0.142899
g3_temporal,7,23,0.094574,0.111786
g3_temporal,7,24,0.083740,0.070129
g3_temporal,7,25,0.083725,0.077835
g3_temporal,7,26,0.052200,0.075470
g3_temporal,7,27,0.133057,0.132050
g3_temporal,7,28,0.092865,0.071442
g3_temporal,7,29,0.057968,0.077957
g3_temporal,7,30,0.094513,0.084839
g3_temporal,7,31,0.144897,0.125748
g3_temporal,7,32,0.099503,0.116669
g3_temporal,7,33,0.086029,0.105698
g3_temporal,7,34,0.124115,0.134735
g3_temporal,7,35,0.084274,0.098679
g3_temporal,7,36,0.132812,0.118866
g3_temporal,7,37,0.109879,0.090683
g3_temporal,7,38,0.125381,0.124283
g3_temporal,7,39,0.110916,0.114059
g3_temporal,7,40,0.109100,0.080795
g3_temporal,7,41,0.081604,0.083786
g3_temporal,7,42,0.123550,0.121933
g3_temporal,7,43,0.082947,0.070847
g3_temporal,7,44,0.077911,0.069153
g3_temporal,7,45,0.092041,0.096191
g3_temporal,7,46,0.085892,0.089447
g3_temporal,7,47,0.084702,0.086868
g3_temporal,7,48,0.074966,0.095688
g3_temporal,7,49,0.095779,0.104691
g3_temporal,7,50,0.091675,0.106583
g3_temporal,7,51,0.099609,0.104202
g3_temporal,7,52,0.095840,0.085754
g3_temporal,7,53,0.094543,0.073349
g3_temporal,7,54,0.103775,0.089417
g3_temporal,7,55,0.076355,0.091537
g3_temporal,7,56,0.102570,0.106400
g3_temporal,7,57,0.096054,0.074371
g3_temporal,7,58,0.114395,0.085312
g3_temporal,7,59,0.084961,0.088654
g3_temporal,7,60,0.074600,0.094635
g3_temporal,7,61,0.050354,0.073669
g3_temporal,7,62,0.086426,0.077560
g3_temporal,7,63,0.093842,0.117599
g3_temporal,7,64,0.088303,0.074081
g3_temporal,7,65,0.076691,0.089371
g3_temporal,7,66,0.090622,0.089783
g3_temporal,7,67,0.112961,0.081680
g3_temporal,7,68,0.080994,0.103302
g3_temporal,7,69,0.141220,0.115402
g3_temporal,7,70,0.143448,0.108551
g3_temporal,7,71,0.088516,0.086105
g3_temporal,7,72,0.083221,0.086563
g3_temporal,7,73,0.084930,0.115936
g3_temporal,7,74,0.116608,0.104584
g3_temporal,7,75,0.096512,0.092239
g3_temporal,7,76,0.085449,0.104782
g3_temporal,7,77,0.089005,0.104919
g3_temporal,7,78,0.089706,0.109512
g3_temporal,7,79,0.091766,0.076889
g3_temporal,7,80,0.053589,0.069061
g3_temporal,7,81,0.088043,0.054764
g3_temporal,7,82,0.100540,0.099899
g3_temporal,7,83,0.124664,0.107468
g3_temporal,7,84,0.098129,0.067642
g3_temporal,7,85,0.108871,0.127838
g3_temporal,7,86,0.097626,0.097015
g3_temporal,7,87,0.113678,0.103149
g3_temporal,7,88,0.091064,0.084427
g3_temporal,7,89,0.074203,0.070084
g3_temporal,7,90,0.109940,0.130951
g3_temporal,7,91,0.062958,0.055023
g3_temporal,7,92,0.070129,0.085648
g3_temporal,7,93,0.087158,0.089905
g3_temporal,7,94,0.110519,0.092667
g3_temporal,7,95,0.111938,0.080032
g3_temporal,7,96,0.114716,0.115875
g3_temporal,7,97,0.102341,0.073685
g3_temporal,7,98,0.138245,0.138580
g3_temporal,7,99,0.095505,0.085159
g3_temporal,7,100,0.099243,0.098206
g3_temporal,7,101,0.058350,0.058731
g3_temporal,7,102,0.087723,0.092743
g3_temporal,7,103,0.121933,0.101532
g3_temporal,7,104,0.135254,0.098022
g3_temporal,7,105,0.093781,0.091537
g3_temporal,7,106,0.092255,0.089508
g3_temporal,7,107,0.126465,0.118790
g3_temporal,7,108,0.109329,0.089233
g3_temporal,7,109,0.075607,0.085434
g3_temporal,7,110,0.088882,0.133469
g3_temporal,7,111,0.098465,0.075943
g3_temporal,7,112,0.090637,0.067581
g3_temporal,7,113,0.063477,0.074066
g3_temporal,7,114,0.097870,0.086868
g3_temporal,7,115,0.099838,0.124069
g3_temporal,7,116,0.081177,0.076126
g3_temporal,7,117,0.084213,0.081467
g3_temporal,7,118,0.106964,0.102859
g3_temporal,7,119,0.063858,0.093628
g3_temporal,7,120,0.118454,0.105850
g3_temporal,7,121,0.090332,0.084335
g3_temporal,7,122,0.097458,0.078506
g3_temporal,7,123,0.100937,0.101654
g3_temporal,7,124,0.094360,0.087296
g3_temporal,7,125,0.103897,0.127060
g3_temporal,7,126,0.085846,0.101303
g3_temporal,7,127,0.072159,0.103897
g3_temporal,7,128,0.064850,0.108932
g3_temporal,7,129,0.104431,0.086884
g3_temporal,7,130,0.035614,0.046951
g3_temporal,7,131,0.042862,0.068649
g3_temporal,7,132,0.144547,0.133667
g3_temporal,7,133,0.085159,0.079712
g3_temporal,7,134,0.103455,0.086288
g3_temporal,7,135,0.106873,0.106461
g3_temporal,7,136,0.123367,0.126755
g3_temporal,7,137,0.074539,0.067139
g3_temporal,7,138,0.087387,0.142227
g3_temporal,7,139,0.113754,0.094574
g3_temporal,7,140,0.096115,0.157013
g3_temporal,7,141,0.052002,0.081833
g3_temporal,7,142,0.116104,0.083618
g3_temporal,7,143,0.072342,0.096710
g3_temporal,7,144,0.129684,0.107803
g3_temporal,7,145,0.114990,0.101044
g3_temporal,7,146,0.099075,0.089035
g3_temporal,7,147,0.091217,0.099564
g3_temporal,7,148,0.076584,0.105225
g3_temporal,7,149,0.139893,0.136795
g3_temporal,7,150,0.092819,0.094437
g3_temporal,7,151,0.089615,0.067810
g3_temporal,7,152,0.096664,0.082443
g3_temporal,7,153,0.070404,0.085632
g3_temporal,7,154,0.086075,0.115479
g3_temporal,7,155,0.076324,0.092148
g3_temporal,7,156,0.100510,0.108673
g3_temporal,7,157,0.104630,0.104858
g3_temporal,7,158,0.064560,0.077560
g3_temporal,7,159,0.120895,0.121750
g3_temporal,7,160,0.090088,0.098358
g3_temporal,7,161,0.077499,0.102859
g3_temporal,7,162,0.065048,0.065567
g3_temporal,7,163,0.082169,0.073349
g3_temporal,7,164,0.090637,0.098526
g3_temporal,7,165,0.053497,0.076721
g3_temporal,7,166,0.124130,0.045456
g3_temporal,7,167,0.072464,0.071182
g3_temporal,7,168,0.100464,0.078705
g3_temporal,7,169,0.069595,0.089020
g3_temporal,7,170,0.118103,0.112106
g3_temporal,7,171,0.117844,0.070755
g3_temporal,7,172,0.106018,0.090881
g3_temporal,7,173,0.077850,0.078415
g3_temporal,7,174,0.074066,0.075180
g3_temporal,7,175,0.132172,0.112549
g3_temporal,7,176,0.079651,0.081741
g3_temporal,7,177,0.084717,0.081818
g3_temporal,7,178,0.091415,0.108673
g3_temporal,7,179,0.068405,0.085785
g3_temporal,7,180,0.090378,0.087921
g3_temporal,7,181,0.095459,0.079346
g3_temporal,7,182,0.098694,0.087891
g3_temporal,7,183,0.085052,0.077454
g3_temporal,7,184,0.088409,0.117783
g3_temporal,7,185,0.067673,0.070541
g3_temporal,7,186,0.093262,0.100922
g3_temporal,7,187,0.056000,0.074692
g3_temporal,7,188,0.119354,0.102890
g3_temporal,7,189,0.084778,0.123123
g3_temporal,7,190,0.051117,0.065002
g3_temporal,7,191,0.085571,0.065918
g3_temporal,8,0,0.075638,0.072281
g3_temporal,8,1,0.097443,0.104218
g3_temporal,8,2,0.047241,0.059631
g3_temporal,8,3,0.080643,0.089355
g3_temporal,8,4,0.098495,0.145538
g3_temporal,8,5,0.144394,0.122192
g3_temporal,8,6,0.074661,0.119110
g3_temporal,8,7,0.145950,0.101471
g3_temporal,8,8,0.150513,0.119019
g3_temporal,8,9,0.071243,0.080200
g3_temporal,8,10,0.091812,0.064026
g3_temporal,8,11,0.106873,0.082352
g3_temporal,8,12,0.070129,0.075058
g3_temporal,8,13,0.142288,0.150558
g3_temporal,8,14,0.103912,0.104126
g3_temporal,8,15,0.179077,0.140152
g3_temporal,8,16,0.098709,0.084747
g3_temporal,8,17,0.087814,0.147629
g3_temporal,8,18,0.078598,0.086731
g3_temporal,8,19,0.078171,0.098724
g3_temporal,8,20,0.096130,0.095688
g3_temporal,8,21,0.098206,0.107758
g3_temporal,8,22,0.108292,0.103973
g3_temporal,8,23,0.110458,0.093094
g3_temporal,8,24,0.094833,0.064529
g3_temporal,8,25,0.085129,0.108810
g3_temporal,8,26,0.083054,0.094513
g3_temporal,8,27,0.100220,0.091614
g3_temporal,8,28,0.081589,0.094498
g3_temporal,8,29,0.139038,0.136856
g3_temporal,8,30,0.093903,0.089157
g3_temporal,8,31,0.077301,0.063034
g3_temporal,8,32,0.081238,0.099350
g3_temporal,8,33,0.087341,0.094421
g3_temporal,8,34,0.097275,0.110397
g3_temporal,8,35,0.104706,0.105881
g3_temporal,8,36,0.086411,0.076248
g3_temporal,8,37,0.101379,0.106613
g3_temporal,8,38,0.079025,0.087311
g3_temporal,8,39,0.098160,0.099518
g3_temporal,8,40,0.103333,0.099228
g3_temporal,8,41,0.051346,0.061279
g3_temporal,8,42,0.072357,0.072281
g3_temporal,8,43,0.123306,0.115250
g3_temporal,8,44,0.077454,0.086533
g3_temporal,8,45,0.119598,0.113739
g3_temporal,8,46,0.103577,0.125580
g3_temporal,8,47,0.091110,0.093460
g3_temporal,8,48,0.094101,0.087769
g3_temporal,8,49,0.104477,0.102936
g3_temporal,8,50,0.140259,0.127014
g3_temporal,8,51,0.143173,0.124710
g3_temporal,8,52,0.104736,0.092026
g3_temporal,8,53,0.107422,0.092621
g3_temporal,8,54,0.133804,0.109100
g3_temporal,8,55,0.105408,0.089813
g3_temporal,8,56,0.069717,0.093384
g3_temporal,8,57,0.100449,0.074997
g3_temporal,8,58,0.027618,0.038010
g3_temporal,8,59,0.090973,0.083832
g3_temporal,8,60,0.080627,0.090286
g3_temporal,8,61,0.083633,0.095291
g3_temporal,8,62,0.090530,0.092148
g3_temporal,8,63,0.075943,0.080444
g3_temporal,8,64,0.092072,0.059021
g3_temporal,8,65,0.113907,0.105179
g3_temporal,8,66,0.076584,0.102692
g3_temporal,8,67,0.114868,0.107727
g3_temporal,8,68,0.059189,0.070236
g3_temporal,8,69,0.092819,0.104675
g3_temporal,8,70,0.068802,0.076935
g3_temporal,8,71,0.060852,0.062897
g3_temporal,8,72,0.067230,0.073639
g3_temporal,8,73,0.081055,0.098190
g3_temporal,8,74,0.092697,0.092758
g3_temporal,8,75,0.126907,0.141602
g3_temporal,8,76,0.065308,0.074371
g3_temporal,8,77,0.094757,0.108612
g3_temporal,8,78,0.109436,0.097977
g3_temporal,8,79,0.096176,0.115097
g3_temporal,8,80,0.108978,0.110382
g3_temporal,8,81,0.069626,0.106888
g3_temporal,8,82,0.085464,0.124664
g3_temporal,8,83,0.080002,0.058945
g3_temporal,8,84,0.087906,0.082733
g3_temporal,8,85,0.122101,0.121368
g3_temporal,8,86,0.076233,0.089020
g3_temporal,8,87,0.076981,0.092621
g3_temporal,8,88,0.075623,0.086075
g3_temporal,8,89,0.059677,0.069809
g3_temporal,8,90,0.086853,0.078003
g3_temporal,8,91,0.087769,0.084457
g3_temporal,8,92,0.106934,0.096130
g3_temporal,8,93,0.090027,0.099930
g3_temporal,8,94,0.067154,0.063843
g3_temporal,8,95,0.065887,0.074203
g3_temporal,8,96,0.091324,0.102463
g3_temporal,8,97,0.091431,0.083481
g3_temporal,8,98,0.083679,0.081650
g3_temporal,8,99,0.110031,0.093140
g3_temporal,8,100,0.096466,0.082199
g3_temporal,8,101,0.115067,0.076477
g3_temporal,8,102,0.083038,0.088776
g3_temporal,8,103,0.092682,0.090179
g3_temporal,8,104,0.072311,0.077881
g3_temporal,8,105,0.055862,0.086105
g3_temporal,8,106,0.097946,0.104080
g3_temporal,8,107,0.069916,0.063293
g3_temporal,8,108,0.092682,0.089539
g3_temporal,8,109,0.098114,0.116318
g3_temporal,8,110,0.103134,0.154724
g3_temporal,8,111,0.097900,0.095596
g3_temporal,8,112,0.109375,0.110962
g3_temporal,8,113,0.091537,0.088120
g3_temporal,8,114,0.055832,0.057297
g3_temporal,8,115,0.074127,0.076828
g3_temporal,8,116,0.112213,0.127838
g3_temporal,8,117,0.078903,0.097061
g3_temporal,8,118,0.106674,0.105438
g3_temporal,8,119,0.110428,0.090225
g3_temporal,8,120,0.091400,0.097488
g3_temporal,8,121,0.077591,0.084915
g3_temporal,8,122,0.078766,0.087631
g3_temporal,8,123,0.114136,0.083084
g3_temporal,8,124,0.139343,0.125244
g3_temporal,8,125,0.105301,0.102219
g3_temporal,8,126,0.095505,0.092773
g3_temporal,8,127,0.157089,0.140671
g3_temporal,8,128,0.144470,0.128418
g3_temporal,8,129,0.109879,0.102936
g3_temporal,8,130,0.106964,0.103134
g3_temporal,8,131,0.089691,0.102814
g3_temporal,8,132,0.076370,0.064285
g3_temporal,8,133,0.098495,0.087585
g3_temporal,8,134,0.064758,0.082382
g3_temporal,8,135,0.076141,0.080353
g3_temporal,8,136,0.093826,0.104980
g3_temporal,8,137,0.135300,0.116058
g3_temporal,8,138,0.124588,0.110001
g3_temporal,8,139,0.107742,0.087479
g3_temporal,8,140,0.097855,0.109238
g3_temporal,8,141,0.045013,0.066071
g3_temporal,8,142,0.104065,0.125458
g3_temporal,8,143,0.120102,0.102722
g3_temporal,8,144,0.054718,0.059875
g3_temporal,8,145,0.092010,0.091965
g3_temporal,8,146,0.060883,0.066483
g3_temporal,8,147,0.094604,0.091171
g3_temporal,8,148,0.130310,0.117264
g3_temporal,8,149,0.093033,0.086426
g3_temporal,8,150,0.093567,0.122543
g3_temporal,8,151,0.058929,0.065521
g3_temporal,8,152,0.049240,0.057816
g3_temporal,8,153,0.099091,0.078384
g3_temporal,8,154,0.126328,0.113907
g3_temporal,8,155,0.066895,0.068375
g3_temporal,8,156,0.083435,0.072449
g3_temporal,8,157,0.130203,0.114502
g3_temporal,8,158,0.083649,0.080917
g3_temporal,8,159,0.096649,0.107803
g3_temporal,8,160,0.099579,0.111221
g3_temporal,8,161,0.108734,0.083832
g3_temporal,8,162,0.140427,0.122681
g3_temporal,8,163,0.142380,0.058395
g3_temporal,8,164,0.107071,0.087952
g3_temporal,8,165,0.102325,0.083130
g3_temporal,8,166,0.096329,0.111450
g3_temporal,8,167,0.096405,0.087387
g3_temporal,8,168,0.058105,0.067093
g3_temporal,8,169,0.099762,0.119461
g3_temporal,8,170,0.123917,0.082001
g3_temporal,8,171,0.087067,0.088455
g3_temporal,8,172,0.067917,0.107376
g3_temporal,8,173,0.136612,0.110245
g3_temporal,8,174,0.086349,0.098953
g3_temporal,8,175,0.060486,0.056183
g3_temporal,8,176,0.084808,0.100540
g3_temporal,8,177,0.055725,0.057083
g3_temporal,8,178,0.063110,0.060120
g3_temporal,8,179,0.089066,0.073700
g3_temporal,8,180,0.096268,0.087982
g3_temporal,8,181,0.090210,0.101883
g3_temporal,8,182,0.066864,0.074371
g3_temporal,8,183,0.089066,0.082306
g3_temporal,8,184,0.104263,0.090530
g3_temporal,8,185,0.059341,0.060272
g3_temporal,8,186,0.105438,0.100525
g3_temporal,8,187,0.117264,0.115097
g3_temporal,8,188,0.083176,0.087021
g3_temporal,8,189,0.099716,0.097519
g3_temporal,8,190,0.054184,0.052094
g3_temporal,8,191,0.087311,0.117340
temporal_coarse_1e19,1,0,0.093384,0.082336
temporal_coarse_1e19,1,1,0.083557,0.073853
temporal_coarse_1e19,1,2,0.094421,0.094666
temporal_coarse_1e19,1,3,0.076660,0.096313
temporal_coarse_1e19,1,4,0.107239,0.127930
temporal_coarse_1e19,1,5,0.083496,0.119934
temporal_coarse_1e19,1,6,0.097839,0.082336
temporal_coarse_1e19,1,7,0.090576,0.092651
temporal_coarse_1e19,1,8,0.078491,0.104553
temporal_coarse_1e19,1,9,0.077393,0.085754
temporal_coarse_1e19,1,10,0.069946,0.061157
temporal_coarse_1e19,1,11,0.090515,0.094788
temporal_coarse_1e19,1,12,0.080261,0.079468
temporal_coarse_1e19,1,13,0.101257,0.114807
temporal_coarse_1e19,1,14,0.087402,0.085938
temporal_coarse_1e19,1,15,0.114868,0.116272
temporal_coarse_1e19,1,16,0.076782,0.095703
temporal_coarse_1e19,1,17,0.084961,0.116272
temporal_coarse_1e19,1,18,0.099487,0.130981
temporal_coarse_1e19,1,19,0.106934,0.091187
temporal_coarse_1e19,1,20,0.078979,0.115479
temporal_coarse_1e19,1,21,0.090698,0.110535
temporal_coarse_1e19,1,22,0.094849,0.108521
temporal_coarse_1e19,1,23,0.127380,0.130615
temporal_coarse_1e19,1,24,0.098206,0.078674
temporal_coarse_1e19,1,25,0.104858,0.098389
temporal_coarse_1e19,1,26,0.110107,0.083679
temporal_coarse_1e19,1,27,0.085815,0.074585
temporal_coarse_1e19,1,28,0.098694,0.108704
temporal_coarse_1e19,1,29,0.103638,0.107788
temporal_coarse_1e19,1,30,0.096191,0.091980
temporal_coarse_1e19,1,31,0.092712,0.087524
temporal_coarse_1e19,1,32,0.096558,0.100708
temporal_coarse_1e19,1,33,0.084167,0.092712
temporal_coarse_1e19,1,34,0.087708,0.095459
temporal_coarse_1e19,1,35,0.061646,0.074463
temporal_coarse_1e19,1,36,0.092590,0.061707
temporal_coarse_1e19,1,37,0.070618,0.079285
temporal_coarse_1e19,1,38,0.152100,0.113403
temporal_coarse_1e19,1,39,0.079651,0.070435
temporal_coarse_1e19,1,40,0.105103,0.097595
temporal_coarse_1e19,1,41,0.089661,0.084473
temporal_coarse_1e19,1,42,0.094482,0.090942
temporal_coarse_1e19,1,43,0.083496,0.093689
temporal_coarse_1e19,1,44,0.079773,0.080566
temporal_coarse_1e19,1,45,0.119446,0.109558
temporal_coarse_1e19,1,46,0.102966,0.088684
temporal_coarse_1e19,1,47,0.090332,0.088379
temporal_coarse_1e19,1,48,0.105896,0.097412
temporal_coarse_1e19,1,49,0.116333,0.093506
temporal_coarse_1e19,1,50,0.078247,0.071411
temporal_coarse_1e19,1,51,0.090942,0.076355
temporal_coarse_1e19,1,52,0.107422,0.074951
temporal_coarse_1e19,1,53,0.101074,0.096680
temporal_coarse_1e19,1,54,0.087952,0.084534
temporal_coarse_1e19,1,55,0.079773,0.110718
temporal_coarse_1e19,1,56,0.107910,0.100586
temporal_coarse_1e19,1,57,0.118164,0.077576
temporal_coarse_1e19,1,58,0.098145,0.105347
temporal_coarse_1e19,1,59,0.082581,0.097717
temporal_coarse_1e19,1,60,0.096924,0.103882
temporal_coarse_1e19,1,61,0.089600,0.088562
temporal_coarse_1e19,1,62,0.096252,0.088013
temporal_coarse_1e19,1,63,0.074890,0.067322
temporal_coarse_1e19,2,0,0.079895,0.073547
temporal_coarse_1e19,2,1,0.071106,0.107666
temporal_coarse_1e19,2,2,0.090393,0.089844
temporal_coarse_1e19,2,3,0.099854,0.088684
temporal_coarse_1e19,2,4,0.115601,0.142090
temporal_coarse_1e19,2,5,0.094788,0.085632
temporal_coarse_1e19,2,6,0.087585,0.103210
temporal_coarse_1e19,2,7,0.068970,0.070251
temporal_coarse_1e19,2,8,0.089905,0.094055
temporal_coarse_1e19,2,9,0.091614,0.088257
temporal_coarse_1e19,2,10,0.082825,0.067566
temporal_coarse_1e19,2,11,0.121887,0.129211
temporal_coarse_1e19,2,12,0.084900,0.084900
temporal_coarse_1e19,2,13,0.098206,0.093384
temporal_coarse_1e19,2,14,0.091797,0.070618
temporal_coarse_1e19,2,15,0.089355,0.094543
temporal_coarse_1e19,2,16,0.093323,0.087158
temporal_coarse_1e19,2,17,0.096924,0.089722
temporal_coarse_1e19,2,18,0.080994,0.098022
temporal_coarse_1e19,2,19,0.093567,0.092834
temporal_coarse_1e19,2,20,0.081421,0.159119
temporal_coarse_1e19,2,21,0.112915,0.121521
temporal_coarse_1e19,2,22,0.086487,0.110229
temporal_coarse_1e19,2,23,0.089172,0.119385
temporal_coarse_1e19,2,24,0.060852,0.065063
temporal_coarse_1e19,2,25,0.094910,0.087097
temporal_coarse_1e19,2,26,0.106384,0.097412
temporal_coarse_1e19,2,27,0.110840,0.081787
temporal_coarse_1e19,2,28,0.080017,0.089600
temporal_coarse_1e19,2,29,0.111450,0.133179
temporal_coarse_1e19,2,30,0.100769,0.081909
temporal_coarse_1e19,2,31,0.103882,0.129822
temporal_coarse_1e19,2,32,0.090210,0.078308
temporal_coarse_1e19,2,33,0.098083,0.095520
temporal_coarse_1e19,2,34,0.125671,0.095520
temporal_coarse_1e19,2,35,0.089417,0.084778
temporal_coarse_1e19,2,36,0.106812,0.112183
temporal_coarse_1e19,2,37,0.112732,0.098694
temporal_coarse_1e19,2,38,0.105896,0.076416
temporal_coarse_1e19,2,39,0.100281,0.084717
temporal_coarse_1e19,2,40,0.090698,0.120544
temporal_coarse_1e19,2,41,0.103210,0.099243
temporal_coarse_1e19,2,42,0.090698,0.072083
temporal_coarse_1e19,2,43,0.092468,0.084106
temporal_coarse_1e19,2,44,0.100891,0.079895
temporal_coarse_1e19,2,45,0.078369,0.078796
temporal_coarse_1e19,2,46,0.097046,0.073669
temporal_coarse_1e19,2,47,0.091125,0.081970
temporal_coarse_1e19,2,48,0.100464,0.100769
temporal_coarse_1e19,2,49,0.094421,0.087219
temporal_coarse_1e19,2,50,0.108459,0.081787
temporal_coarse_1e19,2,51,0.086243,0.074585
temporal_coarse_1e19,2,52,0.109192,0.081482
temporal_coarse_1e19,2,53,0.080200,0.069885
temporal_coarse_1e19,2,54,0.081482,0.090576
temporal_coarse_1e19,2,55,0.091125,0.089417
temporal_coarse_1e19,2,56,0.088379,0.126465
temporal_coarse_1e19,2,57,0.080383,0.084290
temporal_coarse_1e19,2,58,0.086914,0.112854
temporal_coarse_1e19,2,59,0.071594,0.098572
temporal_coarse_1e19,2,60,0.108582,0.074524
temporal_coarse_1e19,2,61,0.096558,0.078613
temporal_coarse_1e19,2,62,0.083801,0.090576
temporal_coarse_1e19,2,63,0.096008,0.114624
temporal_coarse_1e19,3,0,0.087830,0.089661
temporal_coarse_1e19,3,1,0.090942,0.088196
temporal_coarse_1e19,3,2,0.078308,0.101501
temporal_coarse_1e19,3,3,0.090515,0.070068
temporal_coarse_1e19,3,4,0.113220,0.093933
temporal_coarse_1e19,3,5,0.104126,0.080933
temporal_coarse_1e19,3,6,0.092712,0.102722
temporal_coarse_1e19,3,7,0.080811,0.090393
temporal_coarse_1e19,3,8,0.080933,0.086060
temporal_coarse_1e19,3,9,0.094482,0.106934
temporal_coarse_1e19,3,10,0.091064,0.112122
temporal_coarse_1e19,3,11,0.093994,0.090698
temporal_coarse_1e19,3,12,0.088928,0.070190
temporal_coarse_1e19,3,13,0.096619,0.119507
temporal_coarse_1e19,3,14,0.097595,0.115479
temporal_coarse_1e19,3,15,0.090881,0.122437
temporal_coarse_1e19,3,16,0.102783,0.091064
temporal_coarse_1e19,3,17,0.114136,0.083313
temporal_coarse_1e19,3,18,0.099854,0.104004
temporal_coarse_1e19,3,19,0.090576,0.101379
temporal_coarse_1e19,3,20,0.082336,0.104187
temporal_coarse_1e19,3,21,0.104431,0.100159
temporal_coarse_1e19,3,22,0.113342,0.093079
temporal_coarse_1e19,3,23,0.061646,0.078613
temporal_coarse_1e19,3,24,0.090393,0.108704
temporal_coarse_1e19,3,25,0.079834,0.089966
temporal_coarse_1e19,3,26,0.108337,0.090454
temporal_coarse_1e19,3,27,0.084229,0.100952
temporal_coarse_1e19,3,28,0.086121,0.092896
temporal_coarse_1e19,3,29,0.087585,0.082764
temporal_coarse_1e19,3,30,0.121704,0.094116
temporal_coarse_1e19,3,31,0.072205,0.097534
temporal_coarse_1e19,3,32,0.095154,0.073364
temporal_coarse_1e19,3,33,0.082458,0.095581
temporal_coarse_1e19,3,34,0.089050,0.083008
temporal_coarse_1e19,3,35,0.096069,0.094116
temporal_coarse_1e19,3,36,0.106445,0.111450
temporal_coarse_1e19,3,37,0.109802,0.100342
temporal_coarse_1e19,3,38,0.081909,0.085632
temporal_coarse_1e19,3,39,0.101074,0.091003
temporal_coarse_1e19,3,40,0.105286,0.102417
temporal_coarse_1e19,3,41,0.083801,0.092834
temporal_coarse_1e19,3,42,0.099915,0.133179
temporal_coarse_1e19,3,43,0.101318,0.092712
temporal_coarse_1e19,3,44,0.076416,0.084106
temporal_coarse_1e19,3,45,0.093445,0.113464
temporal_coarse_1e19,3,46,0.100098,0.094849
temporal_coarse_1e19,3,47,0.115845,0.096924
temporal_coarse_1e19,3,48,0.068604,0.069214
temporal_coarse_1e19,3,49,0.091003,0.068665
temporal_coarse_1e19,3,50,0.083618,0.071655
temporal_coarse_1e19,3,51,0.088379,0.094421
temporal_coarse_1e19,3,52,0.093811,0.083862
temporal_coarse_1e19,3,53,0.105408,0.085999
temporal_coarse_1e19,3,54,0.072998,0.074036
temporal_coarse_1e19,3,55,0.095276,0.088379
temporal_coarse_1e19,3,56,0.113220,0.088135
temporal_coarse_1e19,3,57,0.117859,0.074402
temporal_coarse_1e19,3,58,0.107605,0.127625
temporal_coarse_1e19,3,59,0.095276,0.116028
temporal_coarse_1e19,3,60,0.088745,0.094299
temporal_coarse_1e19,3,61,0.096985,0.103699
temporal_coarse_1e19,3,62,0.074951,0.077942
temporal_coarse_1e19,3,63,0.095703,0.082642
temporal_coarse_1e19,4,0,0.095215,0.090027
temporal_coarse_1e19,4,1,0.084717,0.078857
temporal_coarse_1e19,4,2,0.098999,0.090515
temporal_coarse_1e19,4,3,0.085693,0.079712
temporal_coarse_1e19,4,4,0.113953,0.094727
temporal_coarse_1e19,4,5,0.093201,0.089539
temporal_coarse_1e19,4,6,0.091614,0.083313
temporal_coarse_1e19,4,7,0.078674,0.094543
temporal_coarse_1e19,4,8,0.104187,0.095703
temporal_coarse_1e19,4,9,0.109009,0.098755
temporal_coarse_1e19,4,10,0.084656,0.077271
temporal_coarse_1e19,4,11,0.090271,0.092407
temporal_coarse_1e19,4,12,0.063721,0.089661
temporal_coarse_1e19,4,13,0.103455,0.086975
temporal_coarse_1e19,4,14,0.074707,0.101807
temporal_coarse_1e19,4,15,0.128418,0.127319
temporal_coarse_1e19,4,16,0.078369,0.067627
temporal_coarse_1e19,4,17,0.094238,0.100464
temporal_coarse_1e19,4,18,0.122742,0.146851
temporal_coarse_1e19,4,19,0.107056,0.103149
temporal_coarse_1e19,4,20,0.087524,0.117676
temporal_coarse_1e19,4,21,0.105591,0.106201
temporal_coarse_1e19,4,22,0.094543,0.109802
temporal_coarse_1e19,4,23,0.106018,0.104431
temporal_coarse_1e19,4,24,0.094299,0.079346
temporal_coarse_1e19,4,25,0.104126,0.090942
temporal_coarse_1e19,4,26,0.078674,0.084290
temporal_coarse_1e19,4,27,0.077271,0.089722
temporal_coarse_1e19,4,28,0.106384,0.109985
temporal_coarse_1e19,4,29,0.113770,0.109985
temporal_coarse_1e19,4,30,0.107544,0.083679
temporal_coarse_1e19,4,31,0.094788,0.102112
temporal_coarse_1e19,4,32,0.091980,0.082947
temporal_coarse_1e19,4,33,0.080444,0.107544
temporal_coarse_1e19,4,34,0.088135,0.090332
temporal_coarse_1e19,4,35,0.089111,0.112122
temporal_coarse_1e19,4,36,0.090942,0.085205
temporal_coarse_1e19,4,37,0.095032,0.075806
temporal_coarse_1e19,4,38,0.118713,0.101807
temporal_coarse_1e19,4,39,0.079773,0.079346
temporal_coarse_1e19,4,40,0.080994,0.081543
temporal_coarse_1e19,4,41,0.090149,0.083252
temporal_coarse_1e19,4,42,0.076660,0.113831
temporal_coarse_1e19,4,43,0.109070,0.094604
temporal_coarse_1e19,4,44,0.063599,0.086243
temporal_coarse_1e19,4,45,0.130920,0.125305
temporal_coarse_1e19,4,46,0.093384,0.092590
temporal_coarse_1e19,4,47,0.095825,0.115234
temporal_coarse_1e19,4,48,0.089294,0.088257
temporal_coarse_1e19,4,49,0.088074,0.075378
temporal_coarse_1e19,4,50,0.092407,0.083252
temporal_coarse_1e19,4,51,0.068604,0.065735
temporal_coarse_1e19,4,52,0.086487,0.068848
temporal_coarse_1e19,4,53,0.078125,0.090515
temporal_coarse_1e19,4,54,0.099365,0.084351
temporal_coarse_1e19,4,55,0.055603,0.082275
temporal_coarse_1e19,4,56,0.094421,0.083008
temporal_coarse_1e19,4,57,0.091125,0.107971
temporal_coarse_1e19,4,58,0.113281,0.089233
temporal_coarse_1e19,4,59,0.095825,0.149597
temporal_coarse_1e19,4,60,0.089355,0.071899
temporal_coarse_1e19,4,61,0.084290,0.076233
temporal_coarse_1e19,4,62,0.111816,0.091797
temporal_coarse_1e19,4,63,0.113770,0.086548
temporal_coarse_1e19,5,0,0.093811,0.098938
temporal_coarse_1e19,5,1,0.084167,0.093201
temporal_coarse_1e19,5,2,0.080750,0.086365
temporal_coarse_1e19,5,3,0.054016,0.074646
temporal_coarse_1e19,5,4,0.106750,0.104309
temporal_coarse_1e19,5,5,0.056213,0.053345
temporal_coarse_1e19,5,6,0.079834,0.092651
temporal_coarse_1e19,5,7,0.086365,0.093628
temporal_coarse_1e19,5,8,0.105591,0.108459
temporal_coarse_1e19,5,9,0.107544,0.089417
temporal_coarse_1e19,5,10,0.107971,0.082336
temporal_coarse_1e19,5,11,0.102112,0.092407
temporal_coarse_1e19,5,12,0.116211,0.108154
temporal_coarse_1e19,5,13,0.095581,0.076416
temporal_coarse_1e19,5,14,0.097778,0.079041
temporal_coarse_1e19,5,15,0.090942,0.104065
temporal_coarse_1e19,5,16,0.065735,0.084473
temporal_coarse_1e19,5,17,0.097717,0.103149
temporal_coarse_1e19,5,18,0.095337,0.104797
temporal_coarse_1e19,5,19,0.090271,0.081238
temporal_coarse_1e19,5,20,0.087158,0.088745
temporal_coarse_1e19,5,21,0.080444,0.077148
temporal_coarse_1e19,5,22,0.104736,0.074219
temporal_coarse_1e19,5,23,0.063293,0.077820
temporal_coarse_1e19,5,24,0.072632,0.075256
temporal_coarse_1e19,5,25,0.094299,0.103333
temporal_coarse_1e19,5,26,0.093384,0.083435
temporal_coarse_1e19,5,27,0.084167,0.085327
temporal_coarse_1e19,5,28,0.077026,0.065613
temporal_coarse_1e19,5,29,0.099670,0.083740
temporal_coarse_1e19,5,30,0.111145,0.096252
temporal_coarse_1e19,5,31,0.117432,0.088196
temporal_coarse_1e19,5,32,0.125000,0.088745
temporal_coarse_1e19,5,33,0.096375,0.108765
temporal_coarse_1e19,5,34,0.104004,0.115356
temporal_coarse_1e19,5,35,0.100830,0.126221
temporal_coarse_1e19,5,36,0.087891,0.076111
temporal_coarse_1e19,5,37,0.102112,0.092712
temporal_coarse_1e19,5,38,0.081299,0.080688
temporal_coarse_1e19,5,39,0.077087,0.079529
temporal_coarse_1e19,5,40,0.098633,0.113342
temporal_coarse_1e19,5,41,0.093994,0.127869
temporal_coarse_1e19,5,42,0.096130,0.088928
temporal_coarse_1e19,5,43,0.073669,0.111755
temporal_coarse_1e19,5,44,0.098755,0.105469
temporal_coarse_1e19,5,45,0.092773,0.081177
temporal_coarse_1e19,5,46,0.088745,0.106201
temporal_coarse_1e19,5,47,0.111450,0.101318
temporal_coarse_1e19,5,48,0.083801,0.094727
temporal_coarse_1e19,5,49,0.069702,0.077087
temporal_coarse_1e19,5,50,0.085327,0.108215
temporal_coarse_1e19,5,51,0.088135,0.076355
temporal_coarse_1e19,5,52,0.102844,0.107605
temporal_coarse_1e19,5,53,0.082520,0.083313
temporal_coarse_1e19,5,54,0.107422,0.142578
temporal_coarse_1e19,5,55,0.077637,0.070007
temporal_coarse_1e19,5,56,0.159058,0.150208
temporal_coarse_1e19,5,57,0.110718,0.095581
temporal_coarse_1e19,5,58,0.094910,0.082458
temporal_coarse_1e19,5,59,0.106934,0.085938
temporal_coarse_1e19,5,60,0.083069,0.074768
temporal_coarse_1e19,5,61,0.136230,0.111450
temporal_coarse_1e19,5,62,0.105713,0.090332
temporal_coarse_1e19,5,63,0.077148,0.135071
temporal_coarse_1e19,6,0,0.053711,0.075928
temporal_coarse_1e19,6,1,0.080200,0.083984
temporal_coarse_1e19,6,2,0.087097,0.087158
temporal_coarse_1e19,6,3,0.126709,0.109741
temporal_coarse_1e19,6,4,0.077576,0.117065
temporal_coarse_1e19,6,5,0.088501,0.083923
temporal_coarse_1e19,6,6,0.091003,0.078552
temporal_coarse_1e19,6,7,0.046082,0.040527
temporal_coarse_1e19,6,8,0.090515,0.098145
temporal_coarse_1e19,6,9,0.097595,0.084778
temporal_coarse_1e19,6,10,0.110107,0.095093
temporal_coarse_1e19,6,11,0.169128,0.132690
temporal_coarse_1e19,6,12,0.090759,0.102356
temporal_coarse_1e19,6,13,0.098267,0.093201
temporal_coarse_1e19,6,14,0.100403,0.103516
temporal_coarse_1e19,6,15,0.080200,0.083374
temporal_coarse_1e19,6,16,0.101868,0.096313
temporal_coarse_1e19,6,17,0.088379,0.087769
temporal_coarse_1e19,6,18,0.105957,0.108337
temporal_coarse_1e19,6,19,0.081360,0.079346
temporal_coarse_1e19,6,20,0.070679,0.079163
temporal_coarse_1e19,6,21,0.106628,0.082397
temporal_coarse_1e19,6,22,0.116028,0.102722
temporal_coarse_1e19,6,23,0.081543,0.080139
temporal_coarse_1e19,6,24,0.105774,0.100037
temporal_coarse_1e19,6,25,0.150757,0.128113
temporal_coarse_1e19,6,26,0.100403,0.070984
temporal_coarse_1e19,6,27,0.100586,0.083374
temporal_coarse_1e19,6,28,0.093079,0.070557
temporal_coarse_1e19,6,29,0.087219,0.070618
temporal_coarse_1e19,6,30,0.096436,0.107056
temporal_coarse_1e19,6,31,0.106812,0.140198
temporal_coarse_1e19,6,32,0.106018,0.083557
temporal_coarse_1e19,6,33,0.097961,0.085266
temporal_coarse_1e19,6,34,0.102722,0.099731
temporal_coarse_1e19,6,35,0.105530,0.097778
temporal_coarse_1e19,6,36,0.094666,0.094238
temporal_coarse_1e19,6,37,0.093445,0.091125
temporal_coarse_1e19,6,38,0.096497,0.092529
temporal_coarse_1e19,6,39,0.077332,0.097290
temporal_coarse_1e19,6,40,0.088806,0.102966
temporal_coarse_1e19,6,41,0.082031,0.110596
temporal_coarse_1e19,6,42,0.086548,0.082458
temporal_coarse_1e19,6,43,0.093079,0.122986
temporal_coarse_1e19,6,44,0.137329,0.116089
temporal_coarse_1e19,6,45,0.078064,0.115356
temporal_coarse_1e19,6,46,0.054932,0.052063
temporal_coarse_1e19,6,47,0.070190,0.100586
temporal_coarse_1e19,6,48,0.106873,0.098877
temporal_coarse_1e19,6,49,0.080505,0.123657
temporal_coarse_1e19,6,50,0.088806,0.100403
temporal_coarse_1e19,6,51,0.075928,0.088928
temporal_coarse_1e19,6,52,0.111755,0.110596
temporal_coarse_1e19,6,53,0.126526,0.121887
temporal_coarse_1e19,6,54,0.086609,0.071106
temporal_coarse_1e19,6,55,0.044006,0.041260
temporal_coarse_1e19,6,56,0.095215,0.112793
temporal_coarse_1e19,6,57,0.085449,0.083374
temporal_coarse_1e19,6,58,0.055054,0.069458
temporal_coarse_1e19,6,59,0.101746,0.087891
temporal_coarse_1e19,6,60,0.086304,0.084229
temporal_coarse_1e19,6,61,0.131348,0.115662
temporal_coarse_1e19,6,62,0.084045,0.097351
temporal_coarse_1e19,6,63,0.093323,0.090759
temporal_coarse_1e19,7,0,0.067383,0.069702
temporal_coarse_1e19,7,1,0.107422,0.094177
temporal_coarse_1e19,7,2,0.093750,0.085388
temporal_coarse_1e19,7,3,0.111023,0.113586
temporal_coarse_1e19,7,4,0.088440,0.074646
temporal_coarse_1e19,7,5,0.107056,0.084106
temporal_coarse_1e19,7,6,0.103394,0.105896
temporal_coarse_1e19,7,7,0.073608,0.103149
temporal_coarse_1e19,7,8,0.079163,0.088379
temporal_coarse_1e19,7,9,0.099243,0.077148
temporal_coarse_1e19,7,10,0.102905,0.088867
temporal_coarse_1e19,7,11,0.084656,0.089661
temporal_coarse_1e19,7,12,0.082642,0.090637
temporal_coarse_1e19,7,13,0.085205,0.087524
temporal_coarse_1e19,7,14,0.083130,0.094910
temporal_coarse_1e19,7,15,0.099060,0.094788
temporal_coarse_1e19,7,16,0.099060,0.110596
temporal_coarse_1e19,7,17,0.082214,0.107178
temporal_coarse_1e19,7,18,0.089294,0.084412
temporal_coarse_1e19,7,19,0.091125,0.102173
temporal_coarse_1e19,7,20,0.127869,0.115723
temporal_coarse_1e19,7,21,0.083557,0.086792
temporal_coarse_1e19,7,22,0.073853,0.078125
temporal_coarse_1e19,7,23,0.080017,0.087402
temporal_coarse_1e19,7,24,0.072876,0.083252
temporal_coarse_1e19,7,25,0.091187,0.104980
temporal_coarse_1e19,7,26,0.096375,0.098877
temporal_coarse_1e19,7,27,0.122925,0.128357
temporal_coarse_1e19,7,28,0.108582,0.101379
temporal_coarse_1e19,7,29,0.084290,0.098999
temporal_coarse_1e19,7,30,0.106506,0.094360
temporal_coarse_1e19,7,31,0.097412,0.098511
temporal_coarse_1e19,7,32,0.090881,0.106689
temporal_coarse_1e19,7,33,0.087769,0.076172
temporal_coarse_1e19,7,34,0.087463,0.093201
temporal_coarse_1e19,7,35,0.117004,0.102417
temporal_coarse_1e19,7,36,0.092957,0.107788
temporal_coarse_1e19,7,37,0.080322,0.081604
temporal_coarse_1e19,7,38,0.117676,0.129028
temporal_coarse_1e19,7,39,0.111511,0.099915
temporal_coarse_1e19,7,40,0.110596,0.110657
temporal_coarse_1e19,7,41,0.077026,0.084045
temporal_coarse_1e19,7,42,0.078796,0.076294
temporal_coarse_1e19,7,43,0.090759,0.094910
temporal_coarse_1e19,7,44,0.132080,0.110901
temporal_coarse_1e19,7,45,0.071289,0.095398
temporal_coarse_1e19,7,46,0.087097,0.093018
temporal_coarse_1e19,7,47,0.103088,0.079468
temporal_coarse_1e19,7,48,0.094727,0.078613
temporal_coarse_1e19,7,49,0.100464,0.092468
temporal_coarse_1e19,7,50,0.054932,0.060486
temporal_coarse_1e19,7,51,0.079041,0.078979
temporal_coarse_1e19,7,52,0.127930,0.113953
temporal_coarse_1e19,7,53,0.084717,0.095337
temporal_coarse_1e19,7,54,0.072937,0.102722
temporal_coarse_1e19,7,55,0.089294,0.093811
temporal_coarse_1e19,7,56,0.100281,0.088928
temporal_coarse_1e19,7,57,0.111938,0.103333
temporal_coarse_1e19,7,58,0.088318,0.080078
temporal_coarse_1e19,7,59,0.089661,0.088745
temporal_coarse_1e19,7,60,0.104980,0.084961
temporal_coarse_1e19,7,61,0.097778,0.072998
temporal_coarse_1e19,7,62,0.098206,0.098267
temporal_coarse_1e19,7,63,0.093262,0.101135
temporal_coarse_1e19,8,0,0.079163,0.063965
temporal_coarse_1e19,8,1,0.078064,0.075562
temporal_coarse_1e19,8,2,0.087524,0.085388
temporal_coarse_1e19,8,3,0.115967,0.114136
temporal_coarse_1e19,8,4,0.091003,0.099243
temporal_coarse_1e19,8,5,0.066223,0.071594
temporal_coarse_1e19,8,6,0.121338,0.102966
temporal_coarse_1e19,8,7,0.117737,0.094727
temporal_coarse_1e19,8,8,0.088379,0.099243
temporal_coarse_1e19,8,9,0.083008,0.078613
temporal_coarse_1e19,8,10,0.088013,0.091125
temporal_coarse_1e19,8,11,0.081604,0.078125
temporal_coarse_1e19,8,12,0.111877,0.105103
temporal_coarse_1e19,8,13,0.079407,0.056702
temporal_coarse_1e19,8,14,0.098938,0.095642
temporal_coarse_1e19,8,15,0.080322,0.089050
temporal_coarse_1e19,8,16,0.079773,0.099915
temporal_coarse_1e19,8,17,0.118896,0.125000
temporal_coarse_1e19,8,18,0.081360,0.085999
temporal_coarse_1e19,8,19,0.121216,0.126343
temporal_coarse_1e19,8,20,0.088928,0.118591
temporal_coarse_1e19,8,21,0.120911,0.113342
temporal_coarse_1e19,8,22,0.078796,0.085388
temporal_coarse_1e19,8,23,0.087036,0.082642
temporal_coarse_1e19,8,24,0.063110,0.092529
temporal_coarse_1e19,8,25,0.088013,0.093018
temporal_coarse_1e19,8,26,0.075562,0.073425
temporal_coarse_1e19,8,27,0.092285,0.095215
temporal_coarse_1e19,8,28,0.143738,0.121948
temporal_coarse_1e19,8,29,0.078979,0.077881
temporal_coarse_1e19,8,30,0.101318,0.092407
temporal_coarse_1e19,8,31,0.107239,0.093018
temporal_coarse_1e19,8,32,0.074280,0.112610
temporal_coarse_1e19,8,33,0.096497,0.102722
temporal_coarse_1e19,8,34,0.076965,0.075439
temporal_coarse_1e19,8,35,0.076721,0.095520
temporal_coarse_1e19,8,36,0.095520,0.093262
temporal_coarse_1e19,8,37,0.084290,0.097961
temporal_coarse_1e19,8,38,0.119324,0.108093
temporal_coarse_1e19,8,39,0.091309,0.073303
temporal_coarse_1e19,8,40,0.109680,0.104858
temporal_coarse_1e19,8,41,0.134705,0.119080
temporal_coarse_1e19,8,42,0.111755,0.102905
temporal_coarse_1e19,8,43,0.079285,0.066833
temporal_coarse_1e19,8,44,0.073547,0.100403
temporal_coarse_1e19,8,45,0.102844,0.096069
temporal_coarse_1e19,8,46,0.067627,0.075928
temporal_coarse_1e19,8,47,0.064148,0.074219
temporal_coarse_1e19,8,48,0.099365,0.092163
temporal_coarse_1e19,8,49,0.068848,0.081726
temporal_coarse_1e19,8,50,0.108704,0.117004
temporal_coarse_1e19,8,51,0.101257,0.096008
temporal_coarse_1e19,8,52,0.093201,0.102478
temporal_coarse_1e19,8,53,0.107239,0.095520
temporal_coarse_1e19,8,54,0.096985,0.089600
temporal_coarse_1e19,8,55,0.095764,0.106201
temporal_coarse_1e19,8,56,0.077454,0.077393
temporal_coarse_1e19,8,57,0.087219,0.075623
temporal_coarse_1e19,8,58,0.094055,0.085571
temporal_coarse_1e19,8,59,0.112244,0.105164
temporal_coarse_1e19,8,60,0.088562,0.081726
temporal_coarse_1e19,8,61,0.090942,0.101135
temporal_coarse_1e19,8,62,0.096313,0.091858
temporal_coarse_1e19,8,63,0.127625,0.123779
temporal_coarse_1e19,9,0,0.096619,0.085266
temporal_coarse_1e19,9,1,0.100159,0.086060
temporal_coarse_1e19,9,2,0.092224,0.096313
temporal_coarse_1e19,9,3,0.095032,0.102356
temporal_coarse_1e19,9,4,0.055176,0.059204
temporal_coarse_1e19,9,5,0.054199,0.059570
temporal_coarse_1e19,9,6,0.102783,0.097656
temporal_coarse_1e19,9,7,0.086304,0.090637
temporal_coarse_1e19,9,8,0.114258,0.110535
temporal_coarse_1e19,9,9,0.087585,0.099854
temporal_coarse_1e19,9,10,0.163940,0.151672
temporal_coarse_1e19,9,11,0.080444,0.104797
temporal_coarse_1e19,9,12,0.083679,0.079712
temporal_coarse_1e19,9,13,0.095703,0.094910
temporal_coarse_1e19,9,14,0.110474,0.104553
temporal_coarse_1e19,9,15,0.097290,0.097717
temporal_coarse_1e19,9,16,0.082886,0.089478
temporal_coarse_1e19,9,17,0.073975,0.091248
temporal_coarse_1e19,9,18,0.085388,0.080872
temporal_coarse_1e19,9,19,0.061462,0.067200
temporal_coarse_1e19,9,20,0.106567,0.113037
temporal_coarse_1e19,9,21,0.077881,0.081299
temporal_coarse_1e19,9,22,0.080139,0.088928
temporal_coarse_1e19,9,23,0.096558,0.090759
temporal_coarse_1e19,9,24,0.095154,0.085876
temporal_coarse_1e19,9,25,0.082153,0.088379
temporal_coarse_1e19,9,26,0.100525,0.088257
temporal_coarse_1e19,9,27,0.093750,0.096558
temporal_coarse_1e19,9,28,0.199524,0.183716
temporal_coarse_1e19,9,29,0.091125,0.080627
temporal_coarse_1e19,9,30,0.115295,0.103760
temporal_coarse_1e19,9,31,0.077148,0.081848
temporal_coarse_1e19,9,32,0.079590,0.079346
temporal_coarse_1e19,9,33,0.085266,0.090637
temporal_coarse_1e19,9,34,0.083435,0.093201
temporal_coarse_1e19,9,35,0.083313,0.099854
temporal_coarse_1e19,9,36,0.069214,0.067566
temporal_coarse_1e19,9,37,0.112976,0.102173
temporal_coarse_1e19,9,38,0.093506,0.085327
temporal_coarse_1e19,9,39,0.084717,0.103943
temporal_coarse_1e19,9,40,0.111328,0.112305
temporal_coarse_1e19,9,41,0.079041,0.092102
temporal_coarse_1e19,9,42,0.107056,0.105774
temporal_coarse_1e19,9,43,0.084412,0.081970
temporal_coarse_1e19,9,44,0.095032,0.096619
temporal_coarse_1e19,9,45,0.073425,0.080811
temporal_coarse_1e19,9,46,0.087708,0.079285
temporal_coarse_1e19,9,47,0.102234,0.109497
temporal_coarse_1e19,9,48,0.081421,0.075684
temporal_coarse_1e19,9,49,0.064026,0.078003
temporal_coarse_1e19,9,50,0.087219,0.095825
temporal_coarse_1e19,9,51,0.109070,0.108276
temporal_coarse_1e19,9,52,0.080933,0.084473
temporal_coarse_1e19,9,53,0.091125,0.082642
temporal_coarse_1e19,9,54,0.122009,0.108521
temporal_coarse_1e19,9,55,0.080444,0.067627
temporal_coarse_1e19,9,56,0.112061,0.117188
temporal_coarse_1e19,9,57,0.088806,0.079651
temporal_coarse_1e19,9,58,0.125305,0.118225
temporal_coarse_1e19,9,59,0.110840,0.104492
temporal_coarse_1e19,9,60,0.084717,0.084534
temporal_coarse_1e19,9,61,0.112854,0.102905
temporal_coarse_1e19,9,62,0.086975,0.088623
temporal_coarse_1e19,9,63,0.094543,0.090271
temporal_coarse_1e19,10,0,0.084839,0.086304
temporal_coarse_1e19,10,1,0.099976,0.096802
temporal_coarse_1e19,10,2,0.133850,0.125061
temporal_coarse_1e19,10,3,0.084106,0.079651
temporal_coarse_1e19,10,4,0.058655,0.062805
temporal_coarse_1e19,10,5,0.084229,0.089966
temporal_coarse_1e19,10,6,0.093811,0.067810
temporal_coarse_1e19,10,7,0.079529,0.102295
temporal_coarse_1e19,10,8,0.095459,0.084961
temporal_coarse_1e19,10,9,0.183838,0.159546
temporal_coarse_1e19,10,10,0.096497,0.096558
temporal_coarse_1e19,10,11,0.062988,0.074707
temporal_coarse_1e19,10,12,0.077148,0.078491
temporal_coarse_1e19,10,13,0.072876,0.075867
temporal_coarse_1e19,10,14,0.105835,0.106445
temporal_coarse_1e19,10,15,0.139221,0.137939
temporal_coarse_1e19,10,16,0.066040,0.071350
temporal_coarse_1e19,10,17,0.072815,0.073914
temporal_coarse_1e19,10,18,0.089111,0.086670
temporal_coarse_1e19,10,19,0.077820,0.098694
temporal_coarse_1e19,10,20,0.091431,0.092346
temporal_coarse_1e19,10,21,0.075928,0.084045
temporal_coarse_1e19,10,22,0.136902,0.136108
temporal_coarse_1e19,10,23,0.158508,0.142212
temporal_coarse_1e19,10,24,0.094666,0.094971
temporal_coarse_1e19,10,25,0.073181,0.075134
temporal_coarse_1e19,10,26,0.128784,0.123291
temporal_coarse_1e19,10,27,0.106323,0.090210
temporal_coarse_1e19,10,28,0.068359,0.076599
temporal_coarse_1e19,10,29,0.101013,0.097717
temporal_coarse_1e19,10,30,0.096130,0.091919
temporal_coarse_1e19,10,31,0.072693,0.080200
temporal_coarse_1e19,10,32,0.097290,0.106140
temporal_coarse_1e19,10,33,0.074707,0.072632
temporal_coarse_1e19,10,34,0.041260,0.046082
temporal_coarse_1e19,10,35,0.069214,0.083801
temporal_coarse_1e19,10,36,0.141663,0.142456
temporal_coarse_1e19,10,37,0.088440,0.084229
temporal_coarse_1e19,10,38,0.120728,0.122253
temporal_coarse_1e19,10,39,0.108032,0.111267
temporal_coarse_1e19,10,40,0.061768,0.079224
temporal_coarse_1e19,10,41,0.088867,0.085266
temporal_coarse_1e19,10,42,0.080200,0.080017
temporal_coarse_1e19,10,43,0.095703,0.101013
temporal_coarse_1e19,10,44,0.097351,0.098511
temporal_coarse_1e19,10,45,0.085632,0.078552
temporal_coarse_1e19,10,46,0.142822,0.128784
temporal_coarse_1e19,10,47,0.065186,0.063721
temporal_coarse_1e19,10,48,0.048523,0.051514
temporal_coarse_1e19,10,49,0.094177,0.095764
temporal_coarse_1e19,10,50,0.108337,0.091553
temporal_coarse_1e19,10,51,0.081543,0.079590
temporal_coarse_1e19,10,52,0.087830,0.078674
temporal_coarse_1e19,10,53,0.078674,0.089783
temporal_coarse_1e19,10,54,0.098877,0.114624
temporal_coarse_1e19,10,55,0.057861,0.064941
temporal_coarse_1e19,10,56,0.104797,0.093994
temporal_coarse_1e19,10,57,0.109680,0.114990
temporal_coarse_1e19,10,58,0.111938,0.082397
temporal_coarse_1e19,10,59,0.087402,0.092896
temporal_coarse_1e19,10,60,0.111389,0.113831
temporal_coarse_1e19,10,61,0.069580,0.087036
temporal_coarse_1e19,10,62,0.114685,0.106750
temporal_coarse_1e19,10,63,0.113281,0.117126
temporal_coarse_1e19,11,0,0.104797,0.099426
temporal_coarse_1e19,11,1,0.108032,0.101379
temporal_coarse_1e19,11,2,0.083252,0.077454
temporal_coarse_1e19,11,3,0.067749,0.072998
temporal_coarse_1e19,11,4,0.079468,0.091248
temporal_coarse_1e19,11,5,0.098572,0.089111
temporal_coarse_1e19,11,6,0.065735,0.062439
temporal_coarse_1e19,11,7,0.075134,0.079895
temporal_coarse_1e19,11,8,0.106384,0.104492
temporal_coarse_1e19,11,9,0.090881,0.087524
temporal_coarse_1e19,11,10,0.095703,0.090149
temporal_coarse_1e19,11,11,0.046204,0.051636
temporal_coarse_1e19,11,12,0.097229,0.096252
temporal_coarse_1e19,11,13,0.087280,0.091187
temporal_coarse_1e19,11,14,0.094116,0.088135
temporal_coarse_1e19,11,15,0.058594,0.065247
temporal_coarse_1e19,11,16,0.115295,0.117188
temporal_coarse_1e19,11,17,0.114746,0.110535
temporal_coarse_1e19,11,18,0.134644,0.136047
temporal_coarse_1e19,11,19,0.086304,0.096191
temporal_coarse_1e19,11,20,0.081909,0.092407
temporal_coarse_1e19,11,21,0.077881,0.086487
temporal_coarse_1e19,11,22,0.047180,0.048523
temporal_coarse_1e19,11,23,0.065369,0.071106
temporal_coarse_1e19,11,24,0.081421,0.101135
temporal_coarse_1e19,11,25,0.089294,0.088562
temporal_coarse_1e19,11,26,0.086487,0.101685
temporal_coarse_1e19,11,27,0.083801,0.082947
temporal_coarse_1e19,11,28,0.133789,0.115845
temporal_coarse_1e19,11,29,0.136780,0.135254
temporal_coarse_1e19,11,30,0.069153,0.072815
temporal_coarse_1e19,11,31,0.109253,0.105164
temporal_coarse_1e19,11,32,0.073975,0.071167
temporal_coarse_1e19,11,33,0.114014,0.109985
temporal_coarse_1e19,11,34,0.087097,0.086548
temporal_coarse_1e19,11,35,0.101196,0.102722
temporal_coarse_1e19,11,36,0.080383,0.089844
temporal_coarse_1e19,11,37,0.091064,0.104370
temporal_coarse_1e19,11,38,0.094543,0.095581
temporal_coarse_1e19,11,39,0.098938,0.097595
temporal_coarse_1e19,11,40,0.088745,0.086914
temporal_coarse_1e19,11,41,0.050781,0.058777
temporal_coarse_1e19,11,42,0.101440,0.108276
temporal_coarse_1e19,11,43,0.103516,0.095825
temporal_coarse_1e19,11,44,0.100037,0.099548
temporal_coarse_1e19,11,45,0.105042,0.103821
temporal_coarse_1e19,11,46,0.085266,0.081055
temporal_coarse_1e19,11,47,0.103638,0.087219
temporal_coarse_1e19,11,48,0.087280,0.092285
temporal_coarse_1e19,11,49,0.092651,0.079834
temporal_coarse_1e19,11,50,0.079895,0.082886
temporal_coarse_1e19,11,51,0.098083,0.080566
temporal_coarse_1e19,11,52,0.162537,0.143127
temporal_coarse_1e19,11,53,0.102173,0.088013
temporal_coarse_1e19,11,54,0.089294,0.082581
temporal_coarse_1e19,11,55,0.101013,0.096191
temporal_coarse_1e19,11,56,0.072449,0.071350
temporal_coarse_1e19,11,57,0.096375,0.102600
temporal_coarse_1e19,11,58,0.071411,0.092224
temporal_coarse_1e19,11,59,0.106689,0.109802
temporal_coarse_1e19,11,60,0.108459,0.096924
temporal_coarse_1e19,11,61,0.194946,0.188843
temporal_coarse_1e19,11,62,0.082703,0.118469
temporal_coarse_1e19,11,63,0.101929,0.084595
temporal_coarse_1e19,12,0,0.114502,0.111389
temporal_coarse_1e19,12,1,0.093262,0.087891
temporal_coarse_1e19,12,2,0.103394,0.100281
temporal_coarse_1e19,12,3,0.162292,0.147095
temporal_coarse_1e19,12,4,0.092712,0.082397
temporal_coarse_1e19,12,5,0.094482,0.097351
temporal_coarse_1e19,12,6,0.143616,0.130066
temporal_coarse_1e19,12,7,0.056641,0.061584
temporal_coarse_1e19,12,8,0.121521,0.116272
temporal_coarse_1e19,12,9,0.081421,0.083862
temporal_coarse_1e19,12,10,0.093872,0.093750
temporal_coarse_1e19,12,11,0.057007,0.058350
temporal_coarse_1e19,12,12,0.116821,0.123352
temporal_coarse_1e19,12,13,0.102600,0.104126
temporal_coarse_1e19,12,14,0.109863,0.106506
temporal_coarse_1e19,12,15,0.165283,0.152649
temporal_coarse_1e19,12,16,0.094543,0.098755
temporal_coarse_1e19,12,17,0.122803,0.106262
temporal_coarse_1e19,12,18,0.085876,0.084778
temporal_coarse_1e19,12,19,0.080872,0.080139
temporal_coarse_1e19,12,20,0.087769,0.107422
temporal_coarse_1e19,12,21,0.118835,0.119080
temporal_coarse_1e19,12,22,0.071899,0.084900
temporal_coarse_1e19,12,23,0.077087,0.085266
temporal_coarse_1e19,12,24,0.101440,0.105408
temporal_coarse_1e19,12,25,0.107300,0.120483
temporal_coarse_1e19,12,26,0.107117,0.104065
temporal_coarse_1e19,12,27,0.063477,0.066650
temporal_coarse_1e19,12,28,0.095825,0.087646
temporal_coarse_1e19,12,29,0.098694,0.073792
temporal_coarse_1e19,12,30,0.090820,0.078735
temporal_coarse_1e19,12,31,0.133057,0.131409
temporal_coarse_1e19,12,32,0.085083,0.085999
temporal_coarse_1e19,12,33,0.104126,0.101501
temporal_coarse_1e19,12,34,0.093384,0.085388
temporal_coarse_1e19,12,35,0.061340,0.066833
temporal_coarse_1e19,12,36,0.081848,0.093201
temporal_coarse_1e19,12,37,0.082031,0.095398
temporal_coarse_1e19,12,38,0.083374,0.100220
temporal_coarse_1e19,12,39,0.105225,0.093628
temporal_coarse_1e19,12,40,0.052002,0.054199
temporal_coarse_1e19,12,41,0.111450,0.090759
temporal_coarse_1e19,12,42,0.103699,0.107178
temporal_coarse_1e19,12,43,0.104187,0.103882
temporal_coarse_1e19,12,44,0.083313,0.093811
temporal_coarse_1e19,12,45,0.058777,0.073425
temporal_coarse_1e19,12,46,0.087585,0.083801
temporal_coarse_1e19,12,47,0.093689,0.101624
temporal_coarse_1e19,12,48,0.139587,0.126221
temporal_coarse_1e19,12,49,0.078125,0.085938
temporal_coarse_1e19,12,50,0.051270,0.054260
temporal_coarse_1e19,12,51,0.076538,0.101013
temporal_coarse_1e19,12,52,0.086670,0.094055
temporal_coarse_1e19,12,53,0.080933,0.079712
temporal_coarse_1e19,12,54,0.061768,0.061768
temporal_coarse_1e19,12,55,0.137817,0.132019
temporal_coarse_1e19,12,56,0.073975,0.075989
temporal_coarse_1e19,12,57,0.059265,0.073853
temporal_coarse_1e19,12,58,0.058533,0.067261
temporal_coarse_1e19,12,59,0.117554,0.130371
temporal_coarse_1e19,12,60,0.119507,0.107483
temporal_coarse_1e19,12,61,0.077026,0.066345
temporal_coarse_1e19,12,62,0.111450,0.083313
temporal_coarse_1e19,12,63,0.032166,0.037842
temporal_coarse_1e19,13,0,0.092041,0.100342
temporal_coarse_1e19,13,1,0.123474,0.117493
temporal_coarse_1e19,13,2,0.063965,0.062805
temporal_coarse_1e19,13,3,0.151184,0.157898
temporal_coarse_1e19,13,4,0.086487,0.086365
temporal_coarse_1e19,13,5,0.092468,0.099060
temporal_coarse_1e19,13,6,0.138123,0.103271
temporal_coarse_1e19,13,7,0.094055,0.084656
temporal_coarse_1e19,13,8,0.157715,0.155884
temporal_coarse_1e19,13,9,0.080750,0.090210
temporal_coarse_1e19,13,10,0.073608,0.075562
temporal_coarse_1e19,13,11,0.101257,0.085022
temporal_coarse_1e19,13,12,0.049622,0.055420
temporal_coarse_1e19,13,13,0.100098,0.101990
temporal_coarse_1e19,13,14,0.083679,0.088440
temporal_coarse_1e19,13,15,0.110107,0.115784
temporal_coarse_1e19,13,16,0.091919,0.083496
temporal_coarse_1e19,13,17,0.071289,0.078979
temporal_coarse_1e19,13,18,0.028748,0.038269
temporal_coarse_1e19,13,19,0.079468,0.082153
temporal_coarse_1e19,13,20,0.080322,0.084961
temporal_coarse_1e19,13,21,0.010376,0.016479
temporal_coarse_1e19,13,22,0.127991,0.125977
temporal_coarse_1e19,13,23,0.084106,0.074280
temporal_coarse_1e19,13,24,0.086609,0.081055
temporal_coarse_1e19,13,25,0.094910,0.092163
temporal_coarse_1e19,13,26,0.073547,0.088684
temporal_coarse_1e19,13,27,0.054749,0.058838
temporal_coarse_1e19,13,28,0.098694,0.107666
temporal_coarse_1e19,13,29,0.075745,0.083130
temporal_coarse_1e19,13,30,0.052551,0.053894
temporal_coarse_1e19,13,31,0.113647,0.103821
temporal_coarse_1e19,13,32,0.112061,0.113342
temporal_coarse_1e19,13,33,0.066162,0.070801
temporal_coarse_1e19,13,34,0.164368,0.151306
temporal_coarse_1e19,13,35,0.090942,0.091309
temporal_coarse_1e19,13,36,0.096008,0.085144
temporal_coarse_1e19,13,37,0.073547,0.070740
temporal_coarse_1e19,13,38,0.084656,0.078247
temporal_coarse_1e19,13,39,0.074036,0.075745
temporal_coarse_1e19,13,40,0.060608,0.062012
temporal_coarse_1e19,13,41,0.051758,0.053467
temporal_coarse_1e19,13,42,0.075562,0.091187
temporal_coarse_1e19,13,43,0.089539,0.087830
temporal_coarse_1e19,13,44,0.097046,0.082214
temporal_coarse_1e19,13,45,0.097473,0.101868
temporal_coarse_1e19,13,46,0.144409,0.129028
temporal_coarse_1e19,13,47,0.063599,0.076904
temporal_coarse_1e19,13,48,0.098083,0.092224
temporal_coarse_1e19,13,49,0.097290,0.091187
temporal_coarse_1e19,13,50,0.098877,0.113953
temporal_coarse_1e19,13,51,0.095825,0.093079
temporal_coarse_1e19,13,52,0.145020,0.145203
temporal_coarse_1e19,13,53,0.109436,0.100159
temporal_coarse_1e19,13,54,0.158142,0.165405
temporal_coarse_1e19,13,55,0.144531,0.134521
temporal_coarse_1e19,13,56,0.112183,0.123779
temporal_coarse_1e19,13,57,0.158325,0.141357
temporal_coarse_1e19,13,58,0.074646,0.078186
temporal_coarse_1e19,13,59,0.155212,0.139709
temporal_coarse_1e19,13,60,0.043457,0.059143
temporal_coarse_1e19,13,61,0.088562,0.097961
temporal_coarse_1e19,13,62,0.083496,0.084045
temporal_coarse_1e19,13,63,0.071838,0.084900
temporal_fine_1e19,1,0,0.077759,0.117065
temporal_fine_1e19,1,1,0.085083,0.117371
temporal_fine_1e19,1,2,0.134155,0.100281
temporal_fine_1e19,1,3,0.107788,0.132019
temporal_fine_1e19,1,4,0.127686,0.163818
temporal_fine_1e19,1,5,0.136841,0.130127
temporal_fine_1e19,1,6,0.069153,0.058411
temporal_fine_1e19,1,7,0.081360,0.114136
temporal_fine_1e19,1,8,0.119019,0.076050
temporal_fine_1e19,1,9,0.079102,0.072937
temporal_fine_1e19,1,10,0.106567,0.080017
temporal_fine_1e19,1,11,0.123413,0.119751
temporal_fine_1e19,1,12,0.108154,0.101501
temporal_fine_1e19,1,13,0.084961,0.085876
temporal_fine_1e19,1,14,0.092834,0.096313
temporal_fine_1e19,1,15,0.081055,0.122498
temporal_fine_1e19,1,16,0.104919,0.114990
temporal_fine_1e19,1,17,0.076477,0.111145
temporal_fine_1e19,1,18,0.107239,0.140381
temporal_fine_1e19,1,19,0.083374,0.085693
temporal_fine_1e19,1,20,0.102905,0.066589
temporal_fine_1e19,1,21,0.086731,0.095154
temporal_fine_1e19,1,22,0.071045,0.035645
temporal_fine_1e19,1,23,0.107605,0.075195
temporal_fine_1e19,1,24,0.105896,0.098816
temporal_fine_1e19,1,25,0.088745,0.102173
temporal_fine_1e19,1,26,0.105042,0.071777
temporal_fine_1e19,1,27,0.092590,0.079651
temporal_fine_1e19,1,28,0.085510,0.125671
temporal_fine_1e19,1,29,0.116882,0.152405
temporal_fine_1e19,1,30,0.101990,0.073853
temporal_fine_1e19,1,31,0.131409,0.158203
temporal_fine_1e19,1,32,0.115295,0.102051
temporal_fine_1e19,1,33,0.085083,0.104492
temporal_fine_1e19,1,34,0.112732,0.074036
temporal_fine_1e19,1,35,0.083557,0.128906
temporal_fine_1e19,1,36,0.075500,0.097168
temporal_fine_1e19,1,37,0.101990,0.088928
temporal_fine_1e19,1,38,0.085449,0.052795
temporal_fine_1e19,1,39,0.086304,0.068054
temporal_fine_1e19,1,40,0.087158,0.073853
temporal_fine_1e19,1,41,0.083557,0.119080
temporal_fine_1e19,1,42,0.059143,0.075684
temporal_fine_1e19,1,43,0.105042,0.076233
temporal_fine_1e19,1,44,0.113892,0.079590
temporal_fine_1e19,1,45,0.136780,0.091797
temporal_fine_1e19,1,46,0.129822,0.110046
temporal_fine_1e19,1,47,0.069519,0.072205
temporal_fine_1e19,1,48,0.079163,0.098389
temporal_fine_1e19,1,49,0.082764,0.112793
temporal_fine_1e19,1,50,0.095764,0.083313
temporal_fine_1e19,1,51,0.094177,0.072449
temporal_fine_1e19,1,52,0.099670,0.101135
temporal_fine_1e19,1,53,0.109253,0.113525
temporal_fine_1e19,1,54,0.083801,0.048340
temporal_fine_1e19,1,55,0.129822,0.104187
temporal_fine_1e19,1,56,0.066162,0.089478
temporal_fine_1e19,1,57,0.066223,0.080078
temporal_fine_1e19,1,58,0.108154,0.052551
temporal_fine_1e19,1,59,0.088135,0.105591
temporal_fine_1e19,1,60,0.080688,0.085083
temporal_fine_1e19,1,61,0.090454,0.105286
temporal_fine_1e19,1,62,0.073608,0.096069
temporal_fine_1e19,1,63,0.076721,0.107910
temporal_fine_1e19,1,64,0.081421,0.063354
temporal_fine_1e19,1,65,0.125427,0.069092
temporal_fine_1e19,1,66,0.098389,0.077148
temporal_fine_1e19,1,67,0.100098,0.079224
temporal_fine_1e19,1,68,0.091309,0.083191
temporal_fine_1e19,1,69,0.108398,0.145752
temporal_fine_1e19,1,70,0.102295,0.100952
temporal_fine_1e19,1,71,0.084167,0.059143
temporal_fine_1e19,1,72,0.070496,0.072693
temporal_fine_1e19,1,73,0.104187,0.097534
temporal_fine_1e19,1,74,0.107910,0.087463
temporal_fine_1e19,1,75,0.122620,0.056519
temporal_fine_1e19,1,76,0.127808,0.108948
temporal_fine_1e19,1,77,0.147827,0.106689
temporal_fine_1e19,1,78,0.122925,0.150208
temporal_fine_1e19,1,79,0.061523,0.090332
temporal_fine_1e19,1,80,0.053467,0.084961
temporal_fine_1e19,1,81,0.123474,0.072449
temporal_fine_1e19,1,82,0.084351,0.091797
temporal_fine_1e19,1,83,0.070129,0.064758
temporal_fine_1e19,1,84,0.099976,0.126282
temporal_fine_1e19,1,85,0.096191,0.097473
temporal_fine_1e19,1,86,0.086304,0.095093
temporal_fine_1e19,1,87,0.130493,0.100830
temporal_fine_1e19,1,88,0.057251,0.083740
temporal_fine_1e19,1,89,0.105164,0.065796
temporal_fine_1e19,1,90,0.080750,0.112305
temporal_fine_1e19,1,91,0.091003,0.084106
temporal_fine_1e19,1,92,0.110840,0.070618
temporal_fine_1e19,1,93,0.094360,0.082642
temporal_fine_1e19,1,94,0.064331,0.111328
temporal_fine_1e19,1,95,0.097168,0.065186
temporal_fine_1e19,1,96,0.064392,0.089905
temporal_fine_1e19,1,97,0.118530,0.118347
temporal_fine_1e19,1,98,0.110657,0.081116
temporal_fine_1e19,1,99,0.080688,0.097839
temporal_fine_1e19,1,100,0.087524,0.098083
temporal_fine_1e19,1,101,0.147156,0.094421
temporal_fine_1e19,1,102,0.093445,0.072083
temporal_fine_1e19,1,103,0.071228,0.121033
temporal_fine_1e19,1,104,0.069092,0.112549
temporal_fine_1e19,1,105,0.101929,0.100098
temporal_fine_1e19,1,106,0.131653,0.124878
temporal_fine_1e19,1,107,0.085632,0.084900
temporal_fine_1e19,1,108,0.083923,0.128418
temporal_fine_1e19,1,109,0.080200,0.093994
temporal_fine_1e19,1,110,0.084473,0.051147
temporal_fine_1e19,1,111,0.129395,0.104675
temporal_fine_1e19,1,112,0.080505,0.048889
temporal_fine_1e19,1,113,0.140564,0.108398
temporal_fine_1e19,1,114,0.076172,0.105164
temporal_fine_1e19,1,115,0.052979,0.097778
temporal_fine_1e19,1,116,0.075378,0.078613
temporal_fine_1e19,1,117,0.052185,0.090027
temporal_fine_1e19,1,118,0.111145,0.068726
temporal_fine_1e19,1,119,0.103455,0.120117
temporal_fine_1e19,1,120,0.107422,0.134644
temporal_fine_1e19,1,121,0.090759,0.081726
temporal_fine_1e19,1,122,0.068176,0.147095
temporal_fine_1e19,1,123,0.101929,0.068787
temporal_fine_1e19,1,124,0.098755,0.157471
temporal_fine_1e19,1,125,0.094360,0.094543
temporal_fine_1e19,1,126,0.098572,0.075745
temporal_fine_1e19,1,127,0.074951,0.081238
temporal_fine_1e19,1,128,0.081909,0.068604
temporal_fine_1e19,1,129,0.102356,0.064148
temporal_fine_1e19,1,130,0.144226,0.039917
temporal_fine_1e19,1,131,0.113770,0.144226
temporal_fine_1e19,1,132,0.089844,0.085510
temporal_fine_1e19,1,133,0.087219,0.113281
temporal_fine_1e19,1,134,0.056702,0.068604
temporal_fine_1e19,1,135,0.070007,0.047791
temporal_fine_1e19,1,136,0.099731,0.113098
temporal_fine_1e19,1,137,0.075684,0.094421
temporal_fine_1e19,1,138,0.084167,0.083069
temporal_fine_1e19,1,139,0.042969,0.064331
temporal_fine_1e19,1,140,0.084839,0.059570
temporal_fine_1e19,1,141,0.098328,0.078369
temporal_fine_1e19,1,142,0.119995,0.120850
temporal_fine_1e19,1,143,0.072388,0.109741
temporal_fine_1e19,1,144,0.103210,0.088257
temporal_fine_1e19,1,145,0.071838,0.081726
temporal_fine_1e19,1,146,0.072937,0.080688
temporal_fine_1e19,1,147,0.090271,0.062866
temporal_fine_1e19,1,148,0.101379,0.115173
temporal_fine_1e19,1,149,0.077576,0.109985
temporal_fine_1e19,1,150,0.105103,0.131470
temporal_fine_1e19,1,151,0.041687,0.070496
temporal_fine_1e19,1,152,0.100891,0.094971
temporal_fine_1e19,1,153,0.109436,0.075317
temporal_fine_1e19,1,154,0.099609,0.061584
temporal_fine_1e19,1,155,0.076538,0.127441
temporal_fine_1e19,1,156,0.095215,0.132507
temporal_fine_1e19,1,157,0.104858,0.043945
temporal_fine_1e19,1,158,0.102844,0.087341
temporal_fine_1e19,1,159,0.090820,0.138062
temporal_fine_1e19,1,160,0.077576,0.081360
temporal_fine_1e19,1,161,0.138550,0.122437
temporal_fine_1e19,1,162,0.104980,0.139099
temporal_fine_1e19,1,163,0.097778,0.052368
temporal_fine_1e19,1,164,0.118225,0.141052
temporal_fine_1e19,1,165,0.109009,0.092712
temporal_fine_1e19,1,166,0.071350,0.110168
temporal_fine_1e19,1,167,0.078308,0.068359
temporal_fine_1e19,1,168,0.089905,0.074585
temporal_fine_1e19,1,169,0.095520,0.108826
temporal_fine_1e19,1,170,0.084351,0.083557
temporal_fine_1e19,1,171,0.102478,0.067139
temporal_fine_1e19,1,172,0.084351,0.080688
temporal_fine_1e19,1,173,0.106995,0.104004
temporal_fine_1e19,1,174,0.043335,0.069031
temporal_fine_1e19,1,175,0.087646,0.104309
temporal_fine_1e19,1,176,0.098206,0.065735
temporal_fine_1e19,1,177,0.068359,0.114807
temporal_fine_1e19,1,178,0.067749,0.081543
temporal_fine_1e19,1,179,0.098022,0.086792
temporal_fine_1e19,1,180,0.106323,0.086060
temporal_fine_1e19,1,181,0.083618,0.082275
temporal_fine_1e19,1,182,0.090149,0.135193
temporal_fine_1e19,1,183,0.091003,0.063171
temporal_fine_1e19,1,184,0.095764,0.138550
temporal_fine_1e19,1,185,0.140381,0.063354
temporal_fine_1e19,1,186,0.079407,0.058594
temporal_fine_1e19,1,187,0.078430,0.109680
temporal_fine_1e19,1,188,0.097961,0.092957
temporal_fine_1e19,1,189,0.061951,0.041565
temporal_fine_1e19,1,190,0.093750,0.133484
temporal_fine_1e19,1,191,0.082275,0.152527
temporal_fine_1e19,2,0,0.104187,0.106873
temporal_fine_1e19,2,1,0.071960,0.100098
temporal_fine_1e19,2,2,0.049683,0.067993
temporal_fine_1e19,2,3,0.073730,0.093201
temporal_fine_1e19,2,4,0.078796,0.099731
temporal_fine_1e19,2,5,0.110413,0.146118
temporal_fine_1e19,2,6,0.066833,0.169006
temporal_fine_1e19,2,7,0.114380,0.121765
temporal_fine_1e19,2,8,0.052917,0.071350
temporal_fine_1e19,2,9,0.114258,0.114929
temporal_fine_1e19,2,10,0.113220,0.112671
temporal_fine_1e19,2,11,0.110474,0.108521
temporal_fine_1e19,2,12,0.091187,0.115540
temporal_fine_1e19,2,13,0.103394,0.089050
temporal_fine_1e19,2,14,0.089844,0.038940
temporal_fine_1e19,2,15,0.071899,0.105957
temporal_fine_1e19,2,16,0.120361,0.093750
temporal_fine_1e19,2,17,0.148499,0.153748
temporal_fine_1e19,2,18,0.101379,0.133850
temporal_fine_1e19,2,19,0.106628,0.116333
temporal_fine_1e19,2,20,0.108582,0.155518
temporal_fine_1e19,2,21,0.113647,0.050171
temporal_fine_1e19,2,22,0.076660,0.092407
temporal_fine_1e19,2,23,0.092346,0.161316
temporal_fine_1e19,2,24,0.078857,0.108276
temporal_fine_1e19,2,25,0.124756,0.113098
temporal_fine_1e19,2,26,0.083923,0.110413
temporal_fine_1e19,2,27,0.071045,0.120300
temporal_fine_1e19,2,28,0.088745,0.096497
temporal_fine_1e19,2,29,0.079346,0.123230
temporal_fine_1e19,2,30,0.105408,0.113159
temporal_fine_1e19,2,31,0.129211,0.105713
temporal_fine_1e19,2,32,0.086975,0.128113
temporal_fine_1e19,2,33,0.044067,0.046875
temporal_fine_1e19,2,34,0.069580,0.053711
temporal_fine_1e19,2,35,0.105408,0.128723
temporal_fine_1e19,2,36,0.141846,0.095886
temporal_fine_1e19,2,37,0.081360,0.131714
temporal_fine_1e19,2,38,0.129333,0.111023
temporal_fine_1e19,2,39,0.093079,0.091797
temporal_fine_1e19,2,40,0.072327,0.074463
temporal_fine_1e19,2,41,0.098450,0.073730
temporal_fine_1e19,2,42,0.082703,0.088867
temporal_fine_1e19,2,43,0.094360,0.070251
temporal_fine_1e19,2,44,0.085510,0.044373
temporal_fine_1e19,2,45,0.086975,0.131409
temporal_fine_1e19,2,46,0.070618,0.049927
temporal_fine_1e19,2,47,0.079224,0.071838
temporal_fine_1e19,2,48,0.054321,0.056152
temporal_fine_1e19,2,49,0.102173,0.065125
temporal_fine_1e19,2,50,0.059448,0.084717
temporal_fine_1e19,2,51,0.057800,0.075073
temporal_fine_1e19,2,52,0.077087,0.115417
temporal_fine_1e19,2,53,0.094543,0.105713
temporal_fine_1e19,2,54,0.140320,0.095764
temporal_fine_1e19,2,55,0.104126,0.088562
temporal_fine_1e19,2,56,0.074036,0.176147
temporal_fine_1e19,2,57,0.067871,0.082520
temporal_fine_1e19,2,58,0.077209,0.075623
temporal_fine_1e19,2,59,0.145325,0.109192
temporal_fine_1e19,2,60,0.100952,0.124573
temporal_fine_1e19,2,61,0.059631,0.063843
temporal_fine_1e19,2,62,0.072021,0.066650
temporal_fine_1e19,2,63,0.127808,0.159180
temporal_fine_1e19,2,64,0.095947,0.127563
temporal_fine_1e19,2,65,0.114746,0.083496
temporal_fine_1e19,2,66,0.103455,0.048279
temporal_fine_1e19,2,67,0.104858,0.115234
temporal_fine_1e19,2,68,0.095581,0.093323
temporal_fine_1e19,2,69,0.104919,0.089966
temporal_fine_1e19,2,70,0.105713,0.110352
temporal_fine_1e19,2,71,0.088013,0.066895
temporal_fine_1e19,2,72,0.130737,0.086365
temporal_fine_1e19,2,73,0.117493,0.063416
temporal_fine_1e19,2,74,0.069946,0.097229
temporal_fine_1e19,2,75,0.122009,0.086914
temporal_fine_1e19,2,76,0.092590,0.141602
temporal_fine_1e19,2,77,0.122131,0.080322
temporal_fine_1e19,2,78,0.103882,0.076233
temporal_fine_1e19,2,79,0.090820,0.068420
temporal_fine_1e19,2,80,0.094421,0.075256
temporal_fine_1e19,2,81,0.062195,0.100525
temporal_fine_1e19,2,82,0.089050,0.062866
temporal_fine_1e19,2,83,0.083618,0.182983
temporal_fine_1e19,2,84,0.114380,0.041138
temporal_fine_1e19,2,85,0.109375,0.066345
temporal_fine_1e19,2,86,0.098389,0.073364
temporal_fine_1e19,2,87,0.121521,0.093384
temporal_fine_1e19,2,88,0.096252,0.104980
temporal_fine_1e19,2,89,0.099609,0.099976
temporal_fine_1e19,2,90,0.091919,0.102478
temporal_fine_1e19,2,91,0.087646,0.073547
temporal_fine_1e19,2,92,0.093079,0.081421
temporal_fine_1e19,2,93,0.097656,0.092041
temporal_fine_1e19,2,94,0.107056,0.161987
temporal_fine_1e19,2,95,0.079163,0.090210
temporal_fine_1e19,2,96,0.099121,0.072754
temporal_fine_1e19,2,97,0.104431,0.161438
temporal_fine_1e19,2,98,0.127197,0.155945
temporal_fine_1e19,2,99,0.134033,0.080322
temporal_fine_1e19,2,100,0.091187,0.078552
temporal_fine_1e19,2,101,0.092163,0.084045
temporal_fine_1e19,2,102,0.092407,0.071594
temporal_fine_1e19,2,103,0.097717,0.079773
temporal_fine_1e19,2,104,0.062622,0.060913
temporal_fine_1e19,2,105,0.073914,0.100647
temporal_fine_1e19,2,106,0.090210,0.077698
temporal_fine_1e19,2,107,0.093384,0.103271
temporal_fine_1e19,2,108,0.089783,0.149963
temporal_fine_1e19,2,109,0.087280,0.074219
temporal_fine_1e19,2,110,0.082458,0.127319
temporal_fine_1e19,2,111,0.104370,0.080383
temporal_fine_1e19,2,112,0.059998,0.102051
temporal_fine_1e19,2,113,0.086914,0.090332
temporal_fine_1e19,2,114,0.082153,0.078857
temporal_fine_1e19,2,115,0.115417,0.066895
temporal_fine_1e19,2,116,0.125549,0.104797
temporal_fine_1e19,2,117,0.097229,0.108032
temporal_fine_1e19,2,118,0.087036,0.088501
temporal_fine_1e19,2,119,0.038818,0.099365
temporal_fine_1e19,2,120,0.118713,0.071106
temporal_fine_1e19,2,121,0.099548,0.083801
temporal_fine_1e19,2,122,0.106812,0.072449
temporal_fine_1e19,2,123,0.089844,0.101746
temporal_fine_1e19,2,124,0.099426,0.078430
temporal_fine_1e19,2,125,0.075134,0.076965
temporal_fine_1e19,2,126,0.103271,0.070679
temporal_fine_1e19,2,127,0.113159,0.109741
temporal_fine_1e19,2,128,0.071472,0.078125
temporal_fine_1e19,2,129,0.096375,0.101807
temporal_fine_1e19,2,130,0.083801,0.092529
temporal_fine_1e19,2,131,0.112732,0.140503
temporal_fine_1e19,2,132,0.094604,0.071045
temporal_fine_1e19,2,133,0.094421,0.097290
temporal_fine_1e19,2,134,0.114197,0.058594
temporal_fine_1e19,2,135,0.088562,0.079529
temporal_fine_1e19,2,136,0.072510,0.069336
temporal_fine_1e19,2,137,0.093872,0.063293
temporal_fine_1e19,2,138,0.101685,0.078247
temporal_fine_1e19,2,139,0.114441,0.062500
temporal_fine_1e19,2,140,0.103149,0.082886
temporal_fine_1e19,2,141,0.082642,0.078735
temporal_fine_1e19,2,142,0.086548,0.104004
temporal_fine_1e19,2,143,0.118408,0.064392
temporal_fine_1e19,2,144,0.074768,0.141113
temporal_fine_1e19,2,145,0.071045,0.054565
temporal_fine_1e19,2,146,0.084595,0.054016
temporal_fine_1e19,2,147,0.091492,0.072632
temporal_fine_1e19,2,148,0.099976,0.081299
temporal_fine_1e19,2,149,0.125793,0.076721
temporal_fine_1e19,2,150,0.080444,0.069092
temporal_fine_1e19,2,151,0.078125,0.079407
temporal_fine_1e19,2,152,0.077576,0.067322
temporal_fine_1e19,2,153,0.155273,0.060669
temporal_fine_1e19,2,154,0.124878,0.066406
temporal_fine_1e19,2,155,0.094666,0.085083
temporal_fine_1e19,2,156,0.113159,0.071777
temporal_fine_1e19,2,157,0.099548,0.059814
temporal_fine_1e19,2,158,0.117615,0.102661
temporal_fine_1e19,2,159,0.103821,0.120789
temporal_fine_1e19,2,160,0.102905,0.096680
temporal_fine_1e19,2,161,0.084900,0.078186
temporal_fine_1e19,2,162,0.089294,0.119751
temporal_fine_1e19,2,163,0.074646,0.067139
temporal_fine_1e19,2,164,0.073608,0.057129
temporal_fine_1e19,2,165,0.041931,0.057373
temporal_fine_1e19,2,166,0.098633,0.063965
temporal_fine_1e19,2,167,0.085327,0.105286
temporal_fine_1e19,2,168,0.036255,0.133850
temporal_fine_1e19,2,169,0.104553,0.125732
temporal_fine_1e19,2,170,0.123169,0.103699
temporal_fine_1e19,2,171,0.108276,0.078613
temporal_fine_1e19,2,172,0.076843,0.086975
temporal_fine_1e19,2,173,0.076050,0.066101
temporal_fine_1e19,2,174,0.077881,0.085632
temporal_fine_1e19,2,175,0.089172,0.108887
temporal_fine_1e19,2,176,0.062134,0.061951
temporal_fine_1e19,2,177,0.130798,0.083130
temporal_fine_1e19,2,178,0.095093,0.076721
temporal_fine_1e19,2,179,0.090149,0.098938
temporal_fine_1e19,2,180,0.100952,0.135803
temporal_fine_1e19,2,181,0.075317,0.090454
temporal_fine_1e19,2,182,0.088440,0.082520
temporal_fine_1e19,2,183,0.070801,0.079346
temporal_fine_1e19,2,184,0.094910,0.124634
temporal_fine_1e19,2,185,0.084656,0.163269
temporal_fine_1e19,2,186,0.078369,0.086060
temporal_fine_1e19,2,187,0.100464,0.079224
temporal_fine_1e19,2,188,0.087219,0.120911
temporal_fine_1e19,2,189,0.107300,0.170837
temporal_fine_1e19,2,190,0.093384,0.066345
temporal_fine_1e19,2,191,0.081848,0.111511
temporal_fine_1e19,3,0,0.096313,0.096313
temporal_fine_1e19,3,1,0.084045,0.077454
temporal_fine_1e19,3,2,0.095337,0.096558
temporal_fine_1e19,3,3,0.077454,0.070129
temporal_fine_1e19,3,4,0.094727,0.093750
temporal_fine_1e19,3,5,0.112549,0.115601
temporal_fine_1e19,3,6,0.050598,0.074585
temporal_fine_1e19,3,7,0.083374,0.120789
temporal_fine_1e19,3,8,0.079346,0.069824
temporal_fine_1e19,3,9,0.079834,0.084534
temporal_fine_1e19,3,10,0.134277,0.080994
temporal_fine_1e19,3,11,0.089905,0.088196
temporal_fine_1e19,3,12,0.085327,0.087646
temporal_fine_1e19,3,13,0.113281,0.087158
temporal_fine_1e19,3,14,0.111694,0.089355
temporal_fine_1e19,3,15,0.100952,0.137573
temporal_fine_1e19,3,16,0.078796,0.100403
temporal_fine_1e19,3,17,0.087891,0.088196
temporal_fine_1e19,3,18,0.050171,0.078430
temporal_fine_1e19,3,19,0.093872,0.125061
temporal_fine_1e19,3,20,0.117554,0.150574
temporal_fine_1e19,3,21,0.141907,0.099365
temporal_fine_1e19,3,22,0.103394,0.088562
temporal_fine_1e19,3,23,0.082275,0.068481
temporal_fine_1e19,3,24,0.066650,0.132385
temporal_fine_1e19,3,25,0.087646,0.060059
temporal_fine_1e19,3,26,0.061462,0.063782
temporal_fine_1e19,3,27,0.099121,0.079224
temporal_fine_1e19,3,28,0.073669,0.104126
temporal_fine_1e19,3,29,0.096313,0.161682
temporal_fine_1e19,3,30,0.087708,0.062927
temporal_fine_1e19,3,31,0.079041,0.068054
temporal_fine_1e19,3,32,0.088562,0.064575
temporal_fine_1e19,3,33,0.102783,0.095276
temporal_fine_1e19,3,34,0.083557,0.170959
temporal_fine_1e19,3,35,0.126831,0.131653
temporal_fine_1e19,3,36,0.086182,0.077087
temporal_fine_1e19,3,37,0.073303,0.090942
temporal_fine_1e19,3,38,0.105896,0.082397
temporal_fine_1e19,3,39,0.136597,0.097656
temporal_fine_1e19,3,40,0.100281,0.097168
temporal_fine_1e19,3,41,0.088135,0.070129
temporal_fine_1e19,3,42,0.023804,0.076050
temporal_fine_1e19,3,43,0.075073,0.067322
temporal_fine_1e19,3,44,0.086670,0.084656
temporal_fine_1e19,3,45,0.077393,0.063538
temporal_fine_1e19,3,46,0.089478,0.087036
temporal_fine_1e19,3,47,0.113892,0.076294
temporal_fine_1e19,3,48,0.100708,0.065369
temporal_fine_1e19,3,49,0.069580,0.076782
temporal_fine_1e19,3,50,0.123657,0.117920
temporal_fine_1e19,3,51,0.104187,0.087341
temporal_fine_1e19,3,52,0.111206,0.082031
temporal_fine_1e19,3,53,0.079224,0.091431
temporal_fine_1e19,3,54,0.083984,0.078674
temporal_fine_1e19,3,55,0.094910,0.144104
temporal_fine_1e19,3,56,0.085144,0.084106
temporal_fine_1e19,3,57,0.050720,0.074951
temporal_fine_1e19,3,58,0.115417,0.162170
temporal_fine_1e19,3,59,0.114197,0.092041
temporal_fine_1e19,3,60,0.078613,0.063904
temporal_fine_1e19,3,61,0.095215,0.045471
temporal_fine_1e19,3,62,0.102661,0.073120
temporal_fine_1e19,3,63,0.103394,0.114563
temporal_fine_1e19,3,64,0.076965,0.077454
temporal_fine_1e19,3,65,0.112122,0.108704
temporal_fine_1e19,3,66,0.093323,0.054443
temporal_fine_1e19,3,67,0.065369,0.069275
temporal_fine_1e19,3,68,0.106873,0.201721
temporal_fine_1e19,3,69,0.141907,0.090576
temporal_fine_1e19,3,70,0.098022,0.103149
temporal_fine_1e19,3,71,0.057190,0.083984
temporal_fine_1e19,3,72,0.102234,0.092102
temporal_fine_1e19,3,73,0.073547,0.075989
temporal_fine_1e19,3,74,0.098633,0.078552
temporal_fine_1e19,3,75,0.075439,0.078796
temporal_fine_1e19,3,76,0.042969,0.053162
temporal_fine_1e19,3,77,0.086731,0.072937
temporal_fine_1e19,3,78,0.105408,0.070251
temporal_fine_1e19,3,79,0.111755,0.158325
temporal_fine_1e19,3,80,0.060486,0.107666
temporal_fine_1e19,3,81,0.086914,0.168762
temporal_fine_1e19,3,82,0.097473,0.089478
temporal_fine_1e19,3,83,0.083740,0.054810
temporal_fine_1e19,3,84,0.091858,0.103333
temporal_fine_1e19,3,85,0.095947,0.044312
temporal_fine_1e19,3,86,0.104614,0.120239
temporal_fine_1e19,3,87,0.116577,0.096558
temporal_fine_1e19,3,88,0.099915,0.088379
temporal_fine_1e19,3,89,0.083557,0.062073
temporal_fine_1e19,3,90,0.084351,0.095154
temporal_fine_1e19,3,91,0.147583,0.067932
temporal_fine_1e19,3,92,0.118530,0.089722
temporal_fine_1e19,3,93,0.080994,0.079468
temporal_fine_1e19,3,94,0.079468,0.120728
temporal_fine_1e19,3,95,0.122986,0.066956
temporal_fine_1e19,3,96,0.094116,0.136719
temporal_fine_1e19,3,97,0.104797,0.115112
temporal_fine_1e19,3,98,0.075439,0.099854
temporal_fine_1e19,3,99,0.059143,0.101196
temporal_fine_1e19,3,100,0.111572,0.088806
temporal_fine_1e19,3,101,0.095215,0.091736
temporal_fine_1e19,3,102,0.120789,0.124573
temporal_fine_1e19,3,103,0.117371,0.067383
temporal_fine_1e19,3,104,0.090149,0.078674
temporal_fine_1e19,3,105,0.094055,0.059631
temporal_fine_1e19,3,106,0.061951,0.070679
temporal_fine_1e19,3,107,0.092957,0.068298
temporal_fine_1e19,3,108,0.133789,0.113342
temporal_fine_1e19,3,109,0.072205,0.156311
temporal_fine_1e19,3,110,0.105835,0.057495
temporal_fine_1e19,3,111,0.059143,0.072327
temporal_fine_1e19,3,112,0.107117,0.076050
temporal_fine_1e19,3,113,0.109192,0.085205
temporal_fine_1e19,3,114,0.064880,0.078735
temporal_fine_1e19,3,115,0.107361,0.108887
temporal_fine_1e19,3,116,0.065857,0.063599
temporal_fine_1e19,3,117,0.146240,0.115662
temporal_fine_1e19,3,118,0.100403,0.065369
temporal_fine_1e19,3,119,0.133545,0.159180
temporal_fine_1e19,3,120,0.082886,0.061279
temporal_fine_1e19,3,121,0.097107,0.128784
temporal_fine_1e19,3,122,0.108398,0.081482
temporal_fine_1e19,3,123,0.084900,0.117432
temporal_fine_1e19,3,124,0.091248,0.107422
temporal_fine_1e19,3,125,0.098206,0.113403
temporal_fine_1e19,3,126,0.073669,0.068481
temporal_fine_1e19,3,127,0.130249,0.070557
temporal_fine_1e19,3,128,0.089355,0.078674
temporal_fine_1e19,3,129,0.068726,0.152588
temporal_fine_1e19,3,130,0.073181,0.100525
temporal_fine_1e19,3,131,0.154236,0.156555
temporal_fine_1e19,3,132,0.129211,0.060486
temporal_fine_1e19,3,133,0.110229,0.081177
temporal_fine_1e19,3,134,0.095276,0.051880
temporal_fine_1e19,3,135,0.085083,0.130127
temporal_fine_1e19,3,136,0.063416,0.089722
temporal_fine_1e19,3,137,0.103210,0.102966
temporal_fine_1e19,3,138,0.100220,0.095032
temporal_fine_1e19,3,139,0.107178,0.054626
temporal_fine_1e19,3,140,0.149902,0.067139
temporal_fine_1e19,3,141,0.136475,0.063416
temporal_fine_1e19,3,142,0.091309,0.091187
temporal_fine_1e19,3,143,0.121094,0.093018
temporal_fine_1e19,3,144,0.085205,0.113647
temporal_fine_1e19,3,145,0.107849,0.081299
temporal_fine_1e19,3,146,0.087646,0.103699
temporal_fine_1e19,3,147,0.075195,0.100952
temporal_fine_1e19,3,148,0.087158,0.094666
temporal_fine_1e19,3,149,0.068115,0.090454
temporal_fine_1e19,3,150,0.093262,0.181763
temporal_fine_1e19,3,151,0.049255,0.069153
temporal_fine_1e19,3,152,0.130493,0.085327
temporal_fine_1e19,3,153,0.109192,0.128784
temporal_fine_1e19,3,154,0.114319,0.174072
temporal_fine_1e19,3,155,0.073975,0.176758
temporal_fine_1e19,3,156,0.076843,0.116516
temporal_fine_1e19,3,157,0.084229,0.104187
temporal_fine_1e19,3,158,0.087097,0.094055
temporal_fine_1e19,3,159,0.078857,0.083130
temporal_fine_1e19,3,160,0.055359,0.075562
temporal_fine_1e19,3,161,0.092529,0.089111
temporal_fine_1e19,3,162,0.129944,0.083130
temporal_fine_1e19,3,163,0.088745,0.054321
temporal_fine_1e19,3,164,0.064026,0.106018
temporal_fine_1e19,3,165,0.107544,0.073364
temporal_fine_1e19,3,166,0.058167,0.077393
temporal_fine_1e19,3,167,0.128540,0.065369
temporal_fine_1e19,3,168,0.114990,0.134338
temporal_fine_1e19,3,169,0.074463,0.093628
temporal_fine_1e19,3,170,0.104614,0.090332
temporal_fine_1e19,3,171,0.145813,0.124512
temporal_fine_1e19,3,172,0.091064,0.078552
temporal_fine_1e19,3,173,0.112122,0.075256
temporal_fine_1e19,3,174,0.094177,0.059509
temporal_fine_1e19,3,175,0.089050,0.116333
temporal_fine_1e19,3,176,0.085999,0.105164
temporal_fine_1e19,3,177,0.122498,0.064453
temporal_fine_1e19,3,178,0.095398,0.092896
temporal_fine_1e19,3,179,0.119080,0.120605
temporal_fine_1e19,3,180,0.079834,0.089844
temporal_fine_1e19,3,181,0.098450,0.074585
temporal_fine_1e19,3,182,0.086487,0.076599
temporal_fine_1e19,3,183,0.021973,0.043640
temporal_fine_1e19,3,184,0.058228,0.079163
temporal_fine_1e19,3,185,0.077087,0.172119
temporal_fine_1e19,3,186,0.095825,0.169922
temporal_fine_1e19,3,187,0.080994,0.063538
temporal_fine_1e19,3,188,0.094604,0.093628
temporal_fine_1e19,3,189,0.093933,0.076721
temporal_fine_1e19,3,190,0.085327,0.104126
temporal_fine_1e19,3,191,0.105347,0.091553
temporal_fine_1e19,4,0,0.097717,0.080994
temporal_fine_1e19,4,1,0.045959,0.069214
temporal_fine_1e19,4,2,0.142944,0.069824
temporal_fine_1e19,4,3,0.137024,0.114929
temporal_fine_1e19,4,4,0.062012,0.087891
temporal_fine_1e19,4,5,0.070862,0.082031
temporal_fine_1e19,4,6,0.109741,0.160339
temporal_fine_1e19,4,7,0.156433,0.111877
temporal_fine_1e19,4,8,0.085449,0.086914
temporal_fine_1e19,4,9,0.118713,0.131226
temporal_fine_1e19,4,10,0.140747,0.085693
temporal_fine_1e19,4,11,0.082458,0.079895
temporal_fine_1e19,4,12,0.121887,0.186340
temporal_fine_1e19,4,13,0.085815,0.060791
temporal_fine_1e19,4,14,0.099304,0.094055
temporal_fine_1e19,4,15,0.183594,0.098022
temporal_fine_1e19,4,16,0.084351,0.124756
temporal_fine_1e19,4,17,0.079773,0.059082
temporal_fine_1e19,4,18,0.106628,0.099243
temporal_fine_1e19,4,19,0.097656,0.077820
temporal_fine_1e19,4,20,0.089844,0.084778
temporal_fine_1e19,4,21,0.107239,0.083435
temporal_fine_1e19,4,22,0.118591,0.105774
temporal_fine_1e19,4,23,0.078064,0.050354
temporal_fine_1e19,4,24,0.080811,0.069519
temporal_fine_1e19,4,25,0.064941,0.077026
temporal_fine_1e19,4,26,0.085754,0.084595
temporal_fine_1e19,4,27,0.081360,0.060181
temporal_fine_1e19,4,28,0.089417,0.102173
temporal_fine_1e19,4,29,0.074280,0.062256
temporal_fine_1e19,4,30,0.128052,0.089722
temporal_fine_1e19,4,31,0.088745,0.121765
temporal_fine_1e19,4,32,0.100464,0.120056
temporal_fine_1e19,4,33,0.084106,0.068909
temporal_fine_1e19,4,34,0.156250,0.141113
temporal_fine_1e19,4,35,0.113892,0.086487
temporal_fine_1e19,4,36,0.113953,0.121338
temporal_fine_1e19,4,37,0.096313,0.115173
temporal_fine_1e19,4,38,0.158997,0.104187
temporal_fine_1e19,4,39,0.096497,0.094116
temporal_fine_1e19,4,40,0.095886,0.105957
temporal_fine_1e19,4,41,0.078125,0.095459
temporal_fine_1e19,4,42,0.096008,0.081665
temporal_fine_1e19,4,43,0.043213,0.118958
temporal_fine_1e19,4,44,0.131958,0.131287
temporal_fine_1e19,4,45,0.094543,0.068176
temporal_fine_1e19,4,46,0.102478,0.093262
temporal_fine_1e19,4,47,0.064636,0.068665
temporal_fine_1e19,4,48,0.079590,0.082336
temporal_fine_1e19,4,49,0.052612,0.123840
temporal_fine_1e19,4,50,0.091187,0.125671
temporal_fine_1e19,4,51,0.106201,0.126648
temporal_fine_1e19,4,52,0.092163,0.113403
temporal_fine_1e19,4,53,0.089844,0.166565
temporal_fine_1e19,4,54,0.074707,0.083313
temporal_fine_1e19,4,55,0.117859,0.082092
temporal_fine_1e19,4,56,0.108582,0.147400
temporal_fine_1e19,4,57,0.057190,0.070862
temporal_fine_1e19,4,58,0.080750,0.094238
temporal_fine_1e19,4,59,0.057068,0.059509
temporal_fine_1e19,4,60,0.088074,0.052612
temporal_fine_1e19,4,61,0.089783,0.088440
temporal_fine_1e19,4,62,0.104309,0.101074
temporal_fine_1e19,4,63,0.078430,0.079651
temporal_fine_1e19,4,64,0.092102,0.051331
temporal_fine_1e19,4,65,0.080627,0.111755
temporal_fine_1e19,4,66,0.050659,0.056702
temporal_fine_1e19,4,67,0.089050,0.116211
temporal_fine_1e19,4,68,0.105652,0.110229
temporal_fine_1e19,4,69,0.099243,0.095886
temporal_fine_1e19,4,70,0.091980,0.101807
temporal_fine_1e19,4,71,0.081360,0.058167
temporal_fine_1e19,4,72,0.079651,0.078247
temporal_fine_1e19,4,73,0.072266,0.066589
temporal_fine_1e19,4,74,0.116455,0.077698
temporal_fine_1e19,4,75,0.062988,0.061523
temporal_fine_1e19,4,76,0.069580,0.071594
temporal_fine_1e19,4,77,0.104370,0.111450
temporal_fine_1e19,4,78,0.076416,0.076050
temporal_fine_1e19,4,79,0.103394,0.094238
temporal_fine_1e19,4,80,0.050110,0.045105
temporal_fine_1e19,4,81,0.086121,0.130127
temporal_fine_1e19,4,82,0.103516,0.091675
temporal_fine_1e19,4,83,0.095154,0.085205
temporal_fine_1e19,4,84,0.091064,0.093506
temporal_fine_1e19,4,85,0.118469,0.180969
temporal_fine_1e19,4,86,0.044922,0.080872
temporal_fine_1e19,4,87,0.095459,0.054138
temporal_fine_1e19,4,88,0.121765,0.151550
temporal_fine_1e19,4,89,0.183899,0.145447
temporal_fine_1e19,4,90,0.063354,0.087891
temporal_fine_1e19,4,91,0.089478,0.186951
temporal_fine_1e19,4,92,0.080688,0.122192
temporal_fine_1e19,4,93,0.056702,0.081360
temporal_fine_1e19,4,94,0.113281,0.099609
temporal_fine_1e19,4,95,0.113831,0.125549
temporal_fine_1e19,4,96,0.110352,0.120728
temporal_fine_1e19,4,97,0.082031,0.124329
temporal_fine_1e19,4,98,0.089661,0.119995
temporal_fine_1e19,4,99,0.098694,0.077087
temporal_fine_1e19,4,100,0.106873,0.109558
temporal_fine_1e19,4,101,0.078796,0.056396
temporal_fine_1e19,4,102,0.086853,0.121521
temporal_fine_1e19,4,103,0.087402,0.095581
temporal_fine_1e19,4,104,0.085571,0.066284
temporal_fine_1e19,4,105,0.098633,0.077026
temporal_fine_1e19,4,106,0.065002,0.058716
temporal_fine_1e19,4,107,0.084229,0.117310
temporal_fine_1e19,4,108,0.108887,0.132324
temporal_fine_1e19,4,109,0.075806,0.111450
temporal_fine_1e19,4,110,0.075806,0.112732
temporal_fine_1e19,4,111,0.075195,0.110474
temporal_fine_1e19,4,112,0.094543,0.094177
temporal_fine_1e19,4,113,0.062683,0.056152
temporal_fine_1e19,4,114,0.099976,0.087280
temporal_fine_1e19,4,115,0.055542,0.078064
temporal_fine_1e19,4,116,0.078735,0.091431
temporal_fine_1e19,4,117,0.098511,0.082581
temporal_fine_1e19,4,118,0.094604,0.079529
temporal_fine_1e19,4,119,0.081299,0.102295
temporal_fine_1e19,4,120,0.096680,0.059082
temporal_fine_1e19,4,121,0.075928,0.110840
temporal_fine_1e19,4,122,0.087585,0.078369
temporal_fine_1e19,4,123,0.109192,0.094666
temporal_fine_1e19,4,124,0.086304,0.078674
temporal_fine_1e19,4,125,0.092773,0.078613
temporal_fine_1e19,4,126,0.112915,0.072205
temporal_fine_1e19,4,127,0.095886,0.098328
temporal_fine_1e19,4,128,0.107727,0.095581
temporal_fine_1e19,4,129,0.119141,0.085205
temporal_fine_1e19,4,130,0.093689,0.092773
temporal_fine_1e19,4,131,0.113708,0.098145
temporal_fine_1e19,4,132,0.056335,0.072266
temporal_fine_1e19,4,133,0.146912,0.127625
temporal_fine_1e19,4,134,0.093262,0.088440
temporal_fine_1e19,4,135,0.082458,0.103638
temporal_fine_1e19,4,136,0.092163,0.088257
temporal_fine_1e19,4,137,0.118713,0.104431
temporal_fine_1e19,4,138,0.098328,0.107178
temporal_fine_1e19,4,139,0.059265,0.069885
temporal_fine_1e19,4,140,0.114319,0.108459
temporal_fine_1e19,4,141,0.079895,0.093567
temporal_fine_1e19,4,142,0.112671,0.098389
temporal_fine_1e19,4,143,0.087952,0.094666
temporal_fine_1e19,4,144,0.107849,0.066162
temporal_fine_1e19,4,145,0.101257,0.100525
temporal_fine_1e19,4,146,0.126343,0.119568
temporal_fine_1e19,4,147,0.097473,0.085083
temporal_fine_1e19,4,148,0.117737,0.095764
temporal_fine_1e19,4,149,0.109314,0.122620
temporal_fine_1e19,4,150,0.063904,0.075439
temporal_fine_1e19,4,151,0.097900,0.087646
temporal_fine_1e19,4,152,0.071106,0.065918
temporal_fine_1e19,4,153,0.099548,0.064026
temporal_fine_1e19,4,154,0.077087,0.086487
temporal_fine_1e19,4,155,0.129333,0.087585
temporal_fine_1e19,4,156,0.109314,0.130188
temporal_fine_1e19,4,157,0.103882,0.062988
temporal_fine_1e19,4,158,0.097534,0.071777
temporal_fine_1e19,4,159,0.074219,0.077148
temporal_fine_1e19,4,160,0.089722,0.105225
temporal_fine_1e19,4,161,0.096069,0.085815
temporal_fine_1e19,4,162,0.077515,0.076965
temporal_fine_1e19,4,163,0.101746,0.069031
temporal_fine_1e19,4,164,0.106995,0.087097
temporal_fine_1e19,4,165,0.132568,0.092529
temporal_fine_1e19,4,166,0.109131,0.089233
temporal_fine_1e19,4,167,0.072205,0.097961
temporal_fine_1e19,4,168,0.072266,0.111572
temporal_fine_1e19,4,169,0.104248,0.139954
temporal_fine_1e19,4,170,0.124878,0.100525
temporal_fine_1e19,4,171,0.080444,0.063782
temporal_fine_1e19,4,172,0.065735,0.091675
temporal_fine_1e19,4,173,0.089783,0.136658
temporal_fine_1e19,4,174,0.095154,0.095947
temporal_fine_1e19,4,175,0.084961,0.052795
temporal_fine_1e19,4,176,0.103516,0.102966
temporal_fine_1e19,4,177,0.082397,0.082153
temporal_fine_1e19,4,178,0.073425,0.097229
temporal_fine_1e19,4,179,0.100098,0.084778
temporal_fine_1e19,4,180,0.121948,0.098267
temporal_fine_1e19,4,181,0.074585,0.042969
temporal_fine_1e19,4,182,0.093872,0.075623
temporal_fine_1e19,4,183,0.069824,0.068604
temporal_fine_1e19,4,184,0.148865,0.130249
temporal_fine_1e19,4,185,0.113098,0.096436
temporal_fine_1e19,4,186,0.094788,0.131531
temporal_fine_1e19,4,187,0.091003,0.069519
temporal_fine_1e19,4,188,0.068909,0.059998
temporal_fine_1e19,4,189,0.050354,0.054626
temporal_fine_1e19,4,190,0.085083,0.068054
temporal_fine_1e19,4,191,0.056091,0.092407
temporal_fine_1e19,5,0,0.117432,0.078369
temporal_fine_1e19,5,1,0.084167,0.093506
temporal_fine_1e19,5,2,0.095520,0.100098
temporal_fine_1e19,5,3,0.120667,0.071167
temporal_fine_1e19,5,4,0.103271,0.113159
temporal_fine_1e19,5,5,0.089539,0.072632
temporal_fine_1e19,5,6,0.083069,0.086121
temporal_fine_1e19,5,7,0.056030,0.077026
temporal_fine_1e19,5,8,0.070923,0.099731
temporal_fine_1e19,5,9,0.057068,0.086914
temporal_fine_1e19,5,10,0.091553,0.123352
temporal_fine_1e19,5,11,0.081299,0.096436
temporal_fine_1e19,5,12,0.144287,0.075623
temporal_fine_1e19,5,13,0.132935,0.126770
temporal_fine_1e19,5,14,0.103577,0.112915
temporal_fine_1e19,5,15,0.060608,0.055664
temporal_fine_1e19,5,16,0.150818,0.136414
temporal_fine_1e19,5,17,0.064758,0.085510
temporal_fine_1e19,5,18,0.113098,0.140747
temporal_fine_1e19,5,19,0.124512,0.097717
temporal_fine_1e19,5,20,0.086121,0.070679
temporal_fine_1e19,5,21,0.076355,0.070984
temporal_fine_1e19,5,22,0.036316,0.067688
temporal_fine_1e19,5,23,0.074097,0.080261
temporal_fine_1e19,5,24,0.071167,0.074829
temporal_fine_1e19,5,25,0.085754,0.123169
temporal_fine_1e19,5,26,0.083862,0.062500
temporal_fine_1e19,5,27,0.058777,0.109497
temporal_fine_1e19,5,28,0.093567,0.115356
temporal_fine_1e19,5,29,0.118835,0.133789
temporal_fine_1e19,5,30,0.031372,0.066223
temporal_fine_1e19,5,31,0.089600,0.121948
temporal_fine_1e19,5,32,0.106323,0.090149
temporal_fine_1e19,5,33,0.078735,0.070129
temporal_fine_1e19,5,34,0.058777,0.098083
temporal_fine_1e19,5,35,0.087952,0.088501
temporal_fine_1e19,5,36,0.096130,0.092834
temporal_fine_1e19,5,37,0.070190,0.061707
temporal_fine_1e19,5,38,0.070068,0.078735
temporal_fine_1e19,5,39,0.106384,0.187927
temporal_fine_1e19,5,40,0.119324,0.107910
temporal_fine_1e19,5,41,0.109985,0.081787
temporal_fine_1e19,5,42,0.098389,0.173401
temporal_fine_1e19,5,43,0.209167,0.165039
temporal_fine_1e19,5,44,0.063232,0.125854
temporal_fine_1e19,5,45,0.101257,0.132996
temporal_fine_1e19,5,46,0.071655,0.107056
temporal_fine_1e19,5,47,0.131226,0.129028
temporal_fine_1e19,5,48,0.091248,0.136536
temporal_fine_1e19,5,49,0.092834,0.067871
temporal_fine_1e19,5,50,0.098572,0.047485
temporal_fine_1e19,5,51,0.102051,0.095215
temporal_fine_1e19,5,52,0.098511,0.122986
temporal_fine_1e19,5,53,0.088684,0.084045
temporal_fine_1e19,5,54,0.096497,0.045227
temporal_fine_1e19,5,55,0.065613,0.067993
temporal_fine_1e19,5,56,0.077637,0.129333
temporal_fine_1e19,5,57,0.132202,0.125122
temporal_fine_1e19,5,58,0.095215,0.037903
temporal_fine_1e19,5,59,0.096313,0.073181
temporal_fine_1e19,5,60,0.089355,0.051880
temporal_fine_1e19,5,61,0.080139,0.081299
temporal_fine_1e19,5,62,0.133667,0.079224
temporal_fine_1e19,5,63,0.111938,0.117126
temporal_fine_1e19,5,64,0.090332,0.094421
temporal_fine_1e19,5,65,0.086243,0.069031
temporal_fine_1e19,5,66,0.088806,0.086792
temporal_fine_1e19,5,67,0.120178,0.060181
temporal_fine_1e19,5,68,0.071228,0.086182
temporal_fine_1e19,5,69,0.101257,0.126282
temporal_fine_1e19,5,70,0.096069,0.139526
temporal_fine_1e19,5,71,0.085571,0.083618
temporal_fine_1e19,5,72,0.137878,0.108643
temporal_fine_1e19,5,73,0.048157,0.083313
temporal_fine_1e19,5,74,0.106567,0.086975
temporal_fine_1e19,5,75,0.122314,0.128967
temporal_fine_1e19,5,76,0.101929,0.109863
temporal_fine_1e19,5,77,0.087585,0.066284
temporal_fine_1e19,5,78,0.068787,0.088318
temporal_fine_1e19,5,79,0.105347,0.110535
temporal_fine_1e19,5,80,0.110413,0.075928
temporal_fine_1e19,5,81,0.109131,0.083679
temporal_fine_1e19,5,82,0.140320,0.121582
temporal_fine_1e19,5,83,0.043213,0.063110
temporal_fine_1e19,5,84,0.104187,0.104553
temporal_fine_1e19,5,85,0.093811,0.121033
temporal_fine_1e19,5,86,0.103149,0.102478
temporal_fine_1e19,5,87,0.058838,0.065002
temporal_fine_1e19,5,88,0.112061,0.081299
temporal_fine_1e19,5,89,0.081055,0.085938
temporal_fine_1e19,5,90,0.097839,0.069031
temporal_fine_1e19,5,91,0.122131,0.142944
temporal_fine_1e19,5,92,0.070007,0.124634
temporal_fine_1e19,5,93,0.080566,0.057495
temporal_fine_1e19,5,94,0.068909,0.098816
temporal_fine_1e19,5,95,0.092590,0.081970
temporal_fine_1e19,5,96,0.132324,0.061829
temporal_fine_1e19,5,97,0.107971,0.104370
temporal_fine_1e19,5,98,0.078003,0.073608
temporal_fine_1e19,5,99,0.112976,0.070068
temporal_fine_1e19,5,100,0.121033,0.070190
temporal_fine_1e19,5,101,0.086121,0.094238
temporal_fine_1e19,5,102,0.131775,0.097473
temporal_fine_1e19,5,103,0.144897,0.101990
temporal_fine_1e19,5,104,0.098022,0.082275
temporal_fine_1e19,5,105,0.089539,0.064026
temporal_fine_1e19,5,106,0.085632,0.113892
temporal_fine_1e19,5,107,0.123291,0.100281
temporal_fine_1e19,5,108,0.081055,0.065613
temporal_fine_1e19,5,109,0.173889,0.108337
temporal_fine_1e19,5,110,0.075684,0.073181
temporal_fine_1e19,5,111,0.090454,0.046021
temporal_fine_1e19,5,112,0.047974,0.058716
temporal_fine_1e19,5,113,0.112610,0.075317
temporal_fine_1e19,5,114,0.088623,0.116699
temporal_fine_1e19,5,115,0.089050,0.121094
temporal_fine_1e19,5,116,0.098206,0.089783
temporal_fine_1e19,5,117,0.086243,0.100769
temporal_fine_1e19,5,118,0.078430,0.060669
temporal_fine_1e19,5,119,0.105469,0.051758
temporal_fine_1e19,5,120,0.049377,0.091797
temporal_fine_1e19,5,121,0.110718,0.119934
temporal_fine_1e19,5,122,0.086792,0.111633
temporal_fine_1e19,5,123,0.113220,0.096924
temporal_fine_1e19,5,124,0.129822,0.119812
temporal_fine_1e19,5,125,0.111023,0.071533
temporal_fine_1e19,5,126,0.074951,0.075562
temporal_fine_1e19,5,127,0.085327,0.078247
temporal_fine_1e19,5,128,0.081299,0.086975
temporal_fine_1e19,5,129,0.085693,0.081055
temporal_fine_1e19,5,130,0.099243,0.090698
temporal_fine_1e19,5,131,0.062988,0.106018
temporal_fine_1e19,5,132,0.101013,0.089417
temporal_fine_1e19,5,133,0.053894,0.050232
temporal_fine_1e19,5,134,0.087769,0.090881
temporal_fine_1e19,5,135,0.048340,0.099731
temporal_fine_1e19,5,136,0.077698,0.094971
temporal_fine_1e19,5,137,0.056702,0.057312
temporal_fine_1e19,5,138,0.144714,0.100098
temporal_fine_1e19,5,139,0.084717,0.106018
temporal_fine_1e19,5,140,0.103088,0.132996
temporal_fine_1e19,5,141,0.131226,0.096069
temporal_fine_1e19,5,142,0.087891,0.075745
temporal_fine_1e19,5,143,0.079529,0.074768
temporal_fine_1e19,5,144,0.187683,0.124268
temporal_fine_1e19,5,145,0.070862,0.079285
temporal_fine_1e19,5,146,0.123169,0.120850
temporal_fine_1e19,5,147,0.067566,0.110352
temporal_fine_1e19,5,148,0.055237,0.079651
temporal_fine_1e19,5,149,0.053101,0.078247
temporal_fine_1e19,5,150,0.106567,0.065063
temporal_fine_1e19,5,151,0.097290,0.103394
temporal_fine_1e19,5,152,0.087280,0.106995
temporal_fine_1e19,5,153,0.100037,0.141907
temporal_fine_1e19,5,154,0.051147,0.043762
temporal_fine_1e19,5,155,0.088562,0.120178
temporal_fine_1e19,5,156,0.097107,0.134277
temporal_fine_1e19,5,157,0.085510,0.067688
temporal_fine_1e19,5,158,0.099060,0.103577
temporal_fine_1e19,5,159,0.085083,0.161072
temporal_fine_1e19,5,160,0.071045,0.132019
temporal_fine_1e19,5,161,0.119568,0.073059
temporal_fine_1e19,5,162,0.100403,0.137207
temporal_fine_1e19,5,163,0.054993,0.069214
temporal_fine_1e19,5,164,0.091003,0.082703
temporal_fine_1e19,5,165,0.105103,0.131470
temporal_fine_1e19,5,166,0.075867,0.089539
temporal_fine_1e19,5,167,0.045898,0.054443
temporal_fine_1e19,5,168,0.081482,0.120300
temporal_fine_1e19,5,169,0.078552,0.105225
temporal_fine_1e19,5,170,0.100464,0.107117
temporal_fine_1e19,5,171,0.089966,0.056213
temporal_fine_1e19,5,172,0.077576,0.063782
temporal_fine_1e19,5,173,0.108521,0.079590
temporal_fine_1e19,5,174,0.077759,0.088318
temporal_fine_1e19,5,175,0.082642,0.079712
temporal_fine_1e19,5,176,0.086121,0.150269
temporal_fine_1e19,5,177,0.085083,0.100647
temporal_fine_1e19,5,178,0.106140,0.097839
temporal_fine_1e19,5,179,0.085449,0.064209
temporal_fine_1e19,5,180,0.103149,0.077576
temporal_fine_1e19,5,181,0.106689,0.085510
temporal_fine_1e19,5,182,0.132751,0.127808
temporal_fine_1e19,5,183,0.088867,0.100647
temporal_fine_1e19,5,184,0.098450,0.080261
temporal_fine_1e19,5,185,0.090637,0.052307
temporal_fine_1e19,5,186,0.137634,0.052490
temporal_fine_1e19,5,187,0.046143,0.089783
temporal_fine_1e19,5,188,0.072754,0.071777
temporal_fine_1e19,5,189,0.144165,0.104797
temporal_fine_1e19,5,190,0.124756,0.123779
temporal_fine_1e19,5,191,0.102112,0.120422
temporal_fine_1e19,6,0,0.087463,0.104248
temporal_fine_1e19,6,1,0.071716,0.116211
temporal_fine_1e19,6,2,0.100647,0.115356
temporal_fine_1e19,6,3,0.114685,0.084045
temporal_fine_1e19,6,4,0.124817,0.063660
temporal_fine_1e19,6,5,0.103210,0.121826
temporal_fine_1e19,6,6,0.104553,0.084412
temporal_fine_1e19,6,7,0.103394,0.112854
temporal_fine_1e19,6,8,0.087280,0.119202
temporal_fine_1e19,6,9,0.099365,0.068726
temporal_fine_1e19,6,10,0.070862,0.075256
temporal_fine_1e19,6,11,0.109863,0.104797
temporal_fine_1e19,6,12,0.055542,0.087097
temporal_fine_1e19,6,13,0.114319,0.093323
temporal_fine_1e19,6,14,0.068604,0.074890
temporal_fine_1e19,6,15,0.104797,0.102783
temporal_fine_1e19,6,16,0.078003,0.060608
temporal_fine_1e19,6,17,0.060303,0.066467
temporal_fine_1e19,6,18,0.094482,0.103638
temporal_fine_1e19,6,19,0.079468,0.109131
temporal_fine_1e19,6,20,0.085327,0.108704
temporal_fine_1e19,6,21,0.097107,0.043640
temporal_fine_1e19,6,22,0.088928,0.096680
temporal_fine_1e19,6,23,0.082581,0.087891
temporal_fine_1e19,6,24,0.102173,0.128540
temporal_fine_1e19,6,25,0.096741,0.075867
temporal_fine_1e19,6,26,0.047119,0.066711
temporal_fine_1e19,6,27,0.108948,0.106323
temporal_fine_1e19,6,28,0.072510,0.056580
temporal_fine_1e19,6,29,0.086426,0.081604
temporal_fine_1e19,6,30,0.065430,0.100220
temporal_fine_1e19,6,31,0.076355,0.083496
temporal_fine_1e19,6,32,0.083069,0.058716
temporal_fine_1e19,6,33,0.084717,0.059509
temporal_fine_1e19,6,34,0.123047,0.115723
temporal_fine_1e19,6,35,0.105896,0.108337
temporal_fine_1e19,6,36,0.101868,0.089478
temporal_fine_1e19,6,37,0.096191,0.088501
temporal_fine_1e19,6,38,0.084839,0.096741
temporal_fine_1e19,6,39,0.119873,0.092041
temporal_fine_1e19,6,40,0.065796,0.104492
temporal_fine_1e19,6,41,0.088745,0.093750
temporal_fine_1e19,6,42,0.129456,0.129639
temporal_fine_1e19,6,43,0.079224,0.074341
temporal_fine_1e19,6,44,0.098999,0.090698
temporal_fine_1e19,6,45,0.101929,0.121887
temporal_fine_1e19,6,46,0.104370,0.056091
temporal_fine_1e19,6,47,0.094055,0.091675
temporal_fine_1e19,6,48,0.084290,0.088867
temporal_fine_1e19,6,49,0.120361,0.130676
temporal_fine_1e19,6,50,0.078308,0.115234
temporal_fine_1e19,6,51,0.102722,0.081787
temporal_fine_1e19,6,52,0.066772,0.095032
temporal_fine_1e19,6,53,0.078552,0.085144
temporal_fine_1e19,6,54,0.083618,0.083008
temporal_fine_1e19,6,55,0.083496,0.083374
temporal_fine_1e19,6,56,0.084961,0.078125
temporal_fine_1e19,6,57,0.101501,0.042847
temporal_fine_1e19,6,58,0.074707,0.113831
temporal_fine_1e19,6,59,0.077209,0.097656
temporal_fine_1e19,6,60,0.126892,0.089539
temporal_fine_1e19,6,61,0.044128,0.105225
temporal_fine_1e19,6,62,0.083130,0.099548
temporal_fine_1e19,6,63,0.091064,0.134705
temporal_fine_1e19,6,64,0.084106,0.061951
temporal_fine_1e19,6,65,0.078735,0.082397
temporal_fine_1e19,6,66,0.114807,0.086304
temporal_fine_1e19,6,67,0.145020,0.098877
temporal_fine_1e19,6,68,0.084167,0.104797
temporal_fine_1e19,6,69,0.061584,0.071594
temporal_fine_1e19,6,70,0.107727,0.107117
temporal_fine_1e19,6,71,0.093201,0.099792
temporal_fine_1e19,6,72,0.127625,0.090210
temporal_fine_1e19,6,73,0.037354,0.047485
temporal_fine_1e19,6,74,0.077209,0.103516
temporal_fine_1e19,6,75,0.075256,0.080139
temporal_fine_1e19,6,76,0.128662,0.111145
temporal_fine_1e19,6,77,0.102661,0.157288
temporal_fine_1e19,6,78,0.074402,0.089783
temporal_fine_1e19,6,79,0.103882,0.135864
temporal_fine_1e19,6,80,0.104431,0.094666
temporal_fine_1e19,6,81,0.071899,0.088379
temporal_fine_1e19,6,82,0.125427,0.117859
temporal_fine_1e19,6,83,0.097961,0.091675
temporal_fine_1e19,6,84,0.105713,0.094177
temporal_fine_1e19,6,85,0.114136,0.116333
temporal_fine_1e19,6,86,0.126099,0.120239
temporal_fine_1e19,6,87,0.117615,0.092712
temporal_fine_1e19,6,88,0.078247,0.082214
temporal_fine_1e19,6,89,0.083801,0.071533
temporal_fine_1e19,6,90,0.086914,0.097473
temporal_fine_1e19,6,91,0.065125,0.082153
temporal_fine_1e19,6,92,0.099609,0.079773
temporal_fine_1e19,6,93,0.074402,0.068481
temporal_fine_1e19,6,94,0.068726,0.091797
temporal_fine_1e19,6,95,0.118835,0.091248
temporal_fine_1e19,6,96,0.103149,0.054443
temporal_fine_1e19,6,97,0.087646,0.097351
temporal_fine_1e19,6,98,0.172607,0.118958
temporal_fine_1e19,6,99,0.062866,0.069824
temporal_fine_1e19,6,100,0.195679,0.165039
temporal_fine_1e19,6,101,0.051819,0.073792
temporal_fine_1e19,6,102,0.088806,0.096985
temporal_fine_1e19,6,103,0.088196,0.082031
temporal_fine_1e19,6,104,0.147400,0.112366
temporal_fine_1e19,6,105,0.059021,0.054565
temporal_fine_1e19,6,106,0.112244,0.125488
temporal_fine_1e19,6,107,0.051819,0.080872
temporal_fine_1e19,6,108,0.067749,0.081482
temporal_fine_1e19,6,109,0.100647,0.129578
temporal_fine_1e19,6,110,0.095764,0.097595
temporal_fine_1e19,6,111,0.128601,0.103455
temporal_fine_1e19,6,112,0.110718,0.134277
temporal_fine_1e19,6,113,0.100403,0.123962
temporal_fine_1e19,6,114,0.086487,0.091064
temporal_fine_1e19,6,115,0.092773,0.073914
temporal_fine_1e19,6,116,0.124573,0.111877
temporal_fine_1e19,6,117,0.088379,0.106567
temporal_fine_1e19,6,118,0.113464,0.066467
temporal_fine_1e19,6,119,0.084290,0.076599
temporal_fine_1e19,6,120,0.079712,0.052856
temporal_fine_1e19,6,121,0.111938,0.069824
temporal_fine_1e19,6,122,0.134705,0.102295
temporal_fine_1e19,6,123,0.063049,0.082764
temporal_fine_1e19,6,124,0.098755,0.122986
temporal_fine_1e19,6,125,0.108215,0.118469
temporal_fine_1e19,6,126,0.082153,0.070557
temporal_fine_1e19,6,127,0.103333,0.064636
temporal_fine_1e19,6,128,0.079224,0.066956
temporal_fine_1e19,6,129,0.120361,0.130188
temporal_fine_1e19,6,130,0.085754,0.052002
temporal_fine_1e19,6,131,0.112549,0.100342
temporal_fine_1e19,6,132,0.084778,0.064941
temporal_fine_1e19,6,133,0.101868,0.068848
temporal_fine_1e19,6,134,0.085327,0.101807
temporal_fine_1e19,6,135,0.064819,0.076172
temporal_fine_1e19,6,136,0.100830,0.085632
temporal_fine_1e19,6,137,0.101624,0.111145
temporal_fine_1e19,6,138,0.091553,0.123779
temporal_fine_1e19,6,139,0.125122,0.093506
temporal_fine_1e19,6,140,0.077759,0.106689
temporal_fine_1e19,6,141,0.075745,0.101562
temporal_fine_1e19,6,142,0.111877,0.101868
temporal_fine_1e19,6,143,0.107178,0.084473
temporal_fine_1e19,6,144,0.130920,0.101135
temporal_fine_1e19,6,145,0.113647,0.071533
temporal_fine_1e19,6,146,0.096436,0.124634
temporal_fine_1e19,6,147,0.090759,0.092102
temporal_fine_1e19,6,148,0.079102,0.127686
temporal_fine_1e19,6,149,0.047119,0.042542
temporal_fine_1e19,6,150,0.139709,0.119019
temporal_fine_1e19,6,151,0.124512,0.118774
temporal_fine_1e19,6,152,0.073547,0.056274
temporal_fine_1e19,6,153,0.095215,0.070984
temporal_fine_1e19,6,154,0.073242,0.100342
temporal_fine_1e19,6,155,0.111633,0.108948
temporal_fine_1e19,6,156,0.069092,0.077332
temporal_fine_1e19,6,157,0.121948,0.110840
temporal_fine_1e19,6,158,0.097473,0.086426
temporal_fine_1e19,6,159,0.057922,0.107300
temporal_fine_1e19,6,160,0.070740,0.124939
temporal_fine_1e19,6,161,0.073608,0.084351
temporal_fine_1e19,6,162,0.069458,0.086365
temporal_fine_1e19,6,163,0.098877,0.068298
temporal_fine_1e19,6,164,0.110352,0.095947
temporal_fine_1e19,6,165,0.075439,0.079712
temporal_fine_1e19,6,166,0.098572,0.112366
temporal_fine_1e19,6,167,0.116333,0.111328
temporal_fine_1e19,6,168,0.114807,0.102112
temporal_fine_1e19,6,169,0.088257,0.126282
temporal_fine_1e19,6,170,0.078308,0.108398
temporal_fine_1e19,6,171,0.034363,0.055359
temporal_fine_1e19,6,172,0.090820,0.093262
temporal_fine_1e19,6,173,0.068359,0.063782
temporal_fine_1e19,6,174,0.065430,0.097473
temporal_fine_1e19,6,175,0.072327,0.071289
temporal_fine_1e19,6,176,0.103333,0.109253
temporal_fine_1e19,6,177,0.091736,0.113037
temporal_fine_1e19,6,178,0.097412,0.134949
temporal_fine_1e19,6,179,0.136780,0.099365
temporal_fine_1e19,6,180,0.127747,0.138245
temporal_fine_1e19,6,181,0.118530,0.120544
temporal_fine_1e19,6,182,0.103088,0.089722
temporal_fine_1e19,6,183,0.131104,0.105652
temporal_fine_1e19,6,184,0.089050,0.110413
temporal_fine_1e19,6,185,0.107117,0.108398
temporal_fine_1e19,6,186,0.068115,0.068176
temporal_fine_1e19,6,187,0.105774,0.063232
temporal_fine_1e19,6,188,0.130249,0.108398
temporal_fine_1e19,6,189,0.044739,0.057983
temporal_fine_1e19,6,190,0.068665,0.091614
temporal_fine_1e19,6,191,0.082764,0.091064
temporal_fine_1e19,7,0,0.152954,0.148621
temporal_fine_1e19,7,1,0.082397,0.082520
temporal_fine_1e19,7,2,0.086365,0.094116
temporal_fine_1e19,7,3,0.119019,0.100891
temporal_fine_1e19,7,4,0.066345,0.078491
temporal_fine_1e19,7,5,0.107666,0.108032
temporal_fine_1e19,7,6,0.091370,0.083618
temporal_fine_1e19,7,7,0.090576,0.094543
temporal_fine_1e19,7,8,0.055420,0.061829
temporal_fine_1e19,7,9,0.083313,0.102234
temporal_fine_1e19,7,10,0.142029,0.109863
temporal_fine_1e19,7,11,0.072937,0.104553
temporal_fine_1e19,7,12,0.084900,0.055908
temporal_fine_1e19,7,13,0.146851,0.119629
temporal_fine_1e19,7,14,0.129822,0.141296
temporal_fine_1e19,7,15,0.083130,0.067200
temporal_fine_1e19,7,16,0.084106,0.090820
temporal_fine_1e19,7,17,0.156982,0.107422
temporal_fine_1e19,7,18,0.081726,0.071289
temporal_fine_1e19,7,19,0.099731,0.099243
temporal_fine_1e19,7,20,0.076843,0.114258
temporal_fine_1e19,7,21,0.114624,0.110901
temporal_fine_1e19,7,22,0.057739,0.099670
temporal_fine_1e19,7,23,0.081848,0.056580
temporal_fine_1e19,7,24,0.115540,0.090698
temporal_fine_1e19,7,25,0.087646,0.098450
temporal_fine_1e19,7,26,0.096558,0.104980
temporal_fine_1e19,7,27,0.099182,0.055664
temporal_fine_1e19,7,28,0.077087,0.086548
temporal_fine_1e19,7,29,0.073120,0.118042
temporal_fine_1e19,7,30,0.075500,0.065674
temporal_fine_1e19,7,31,0.098267,0.133545
temporal_fine_1e19,7,32,0.031189,0.089233
temporal_fine_1e19,7,33,0.102966,0.127380
temporal_fine_1e19,7,34,0.099548,0.097473
temporal_fine_1e19,7,35,0.091187,0.084351
temporal_fine_1e19,7,36,0.085632,0.051880
temporal_fine_1e19,7,37,0.110229,0.105652
temporal_fine_1e19,7,38,0.092346,0.094666
temporal_fine_1e19,7,39,0.094849,0.099365
temporal_fine_1e19,7,40,0.100952,0.094971
temporal_fine_1e19,7,41,0.177490,0.146362
temporal_fine_1e19,7,42,0.072571,0.072998
temporal_fine_1e19,7,43,0.096802,0.092712
temporal_fine_1e19,7,44,0.099426,0.065369
temporal_fine_1e19,7,45,0.099426,0.084412
temporal_fine_1e19,7,46,0.145447,0.129883
temporal_fine_1e19,7,47,0.102783,0.131592
temporal_fine_1e19,7,48,0.146606,0.125427
temporal_fine_1e19,7,49,0.109924,0.104980
temporal_fine_1e19,7,50,0.107056,0.098999
temporal_fine_1e19,7,51,0.085083,0.095154
temporal_fine_1e19,7,52,0.114685,0.138184
temporal_fine_1e19,7,53,0.077271,0.090515
temporal_fine_1e19,7,54,0.108521,0.131287
temporal_fine_1e19,7,55,0.057739,0.105286
temporal_fine_1e19,7,56,0.121826,0.100830
temporal_fine_1e19,7,57,0.107849,0.123230
temporal_fine_1e19,7,58,0.117004,0.100159
temporal_fine_1e19,7,59,0.094849,0.143005
temporal_fine_1e19,7,60,0.095642,0.105103
temporal_fine_1e19,7,61,0.088196,0.116394
temporal_fine_1e19,7,62,0.110291,0.088806
temporal_fine_1e19,7,63,0.083679,0.093506
temporal_fine_1e19,7,64,0.080627,0.110962
temporal_fine_1e19,7,65,0.100464,0.094543
temporal_fine_1e19,7,66,0.086548,0.085510
temporal_fine_1e19,7,67,0.078369,0.063843
temporal_fine_1e19,7,68,0.125000,0.095642
temporal_fine_1e19,7,69,0.087158,0.104553
temporal_fine_1e19,7,70,0.087769,0.100403
temporal_fine_1e19,7,71,0.076233,0.099182
temporal_fine_1e19,7,72,0.121704,0.118042
temporal_fine_1e19,7,73,0.113770,0.111877
temporal_fine_1e19,7,74,0.063843,0.098022
temporal_fine_1e19,7,75,0.105042,0.075134
temporal_fine_1e19,7,76,0.059631,0.090698
temporal_fine_1e19,7,77,0.092041,0.073242
temporal_fine_1e19,7,78,0.093384,0.083496
temporal_fine_1e19,7,79,0.113647,0.100647
temporal_fine_1e19,7,80,0.084900,0.068604
temporal_fine_1e19,7,81,0.094910,0.083862
temporal_fine_1e19,7,82,0.113953,0.086182
temporal_fine_1e19,7,83,0.106567,0.105408
temporal_fine_1e19,7,84,0.088806,0.085938
temporal_fine_1e19,7,85,0.079041,0.085754
temporal_fine_1e19,7,86,0.080200,0.058105
temporal_fine_1e19,7,87,0.086182,0.093628
temporal_fine_1e19,7,88,0.091248,0.098022
temporal_fine_1e19,7,89,0.132507,0.093079
temporal_fine_1e19,7,90,0.088501,0.090515
temporal_fine_1e19,7,91,0.110901,0.109436
temporal_fine_1e19,7,92,0.060486,0.056030
temporal_fine_1e19,7,93,0.107971,0.102783
temporal_fine_1e19,7,94,0.085754,0.132141
temporal_fine_1e19,7,95,0.080017,0.126282
temporal_fine_1e19,7,96,0.087708,0.098267
temporal_fine_1e19,7,97,0.061157,0.050659
temporal_fine_1e19,7,98,0.067688,0.096680
temporal_fine_1e19,7,99,0.072083,0.085144
temporal_fine_1e19,7,100,0.103333,0.078247
temporal_fine_1e19,7,101,0.092407,0.086853
temporal_fine_1e19,7,102,0.096558,0.106934
temporal_fine_1e19,7,103,0.091309,0.085266
temporal_fine_1e19,7,104,0.086304,0.067383
temporal_fine_1e19,7,105,0.066162,0.107422
temporal_fine_1e19,7,106,0.102417,0.089661
temporal_fine_1e19,7,107,0.102295,0.068237
temporal_fine_1e19,7,108,0.070496,0.064270
temporal_fine_1e19,7,109,0.062866,0.071228
temporal_fine_1e19,7,110,0.118469,0.123840
temporal_fine_1e19,7,111,0.092590,0.077637
temporal_fine_1e19,7,112,0.101135,0.084167
temporal_fine_1e19,7,113,0.111084,0.048340
temporal_fine_1e19,7,114,0.117798,0.098511
temporal_fine_1e19,7,115,0.099060,0.090942
temporal_fine_1e19,7,116,0.109253,0.129578
temporal_fine_1e19,7,117,0.075012,0.070984
temporal_fine_1e19,7,118,0.050659,0.083008
temporal_fine_1e19,7,119,0.054932,0.075562
temporal_fine_1e19,7,120,0.104126,0.081299
temporal_fine_1e19,7,121,0.088379,0.103577
temporal_fine_1e19,7,122,0.040405,0.070190
temporal_fine_1e19,7,123,0.067932,0.081726
temporal_fine_1e19,7,124,0.088135,0.079956
temporal_fine_1e19,7,125,0.089539,0.102112
temporal_fine_1e19,7,126,0.093384,0.058655
temporal_fine_1e19,7,127,0.102661,0.072083
temporal_fine_1e19,7,128,0.114990,0.124268
temporal_fine_1e19,7,129,0.128967,0.104858
temporal_fine_1e19,7,130,0.077271,0.098083
temporal_fine_1e19,7,131,0.079346,0.080200
temporal_fine_1e19,7,132,0.097290,0.116699
temporal_fine_1e19,7,133,0.097168,0.101746
temporal_fine_1e19,7,134,0.172302,0.162476
temporal_fine_1e19,7,135,0.109741,0.110352
temporal_fine_1e19,7,136,0.101196,0.103882
temporal_fine_1e19,7,137,0.090454,0.081299
temporal_fine_1e19,7,138,0.088928,0.092468
temporal_fine_1e19,7,139,0.082581,0.079102
temporal_fine_1e19,7,140,0.125183,0.099915
temporal_fine_1e19,7,141,0.073669,0.092224
temporal_fine_1e19,7,142,0.066101,0.095032
temporal_fine_1e19,7,143,0.081970,0.109985
temporal_fine_1e19,7,144,0.091675,0.075562
temporal_fine_1e19,7,145,0.097717,0.094177
temporal_fine_1e19,7,146,0.084106,0.065125
temporal_fine_1e19,7,147,0.075134,0.077454
temporal_fine_1e19,7,148,0.125244,0.139954
temporal_fine_1e19,7,149,0.100403,0.099243
temporal_fine_1e19,7,150,0.093811,0.089966
temporal_fine_1e19,7,151,0.074341,0.076050
temporal_fine_1e19,7,152,0.066406,0.119934
temporal_fine_1e19,7,153,0.065002,0.064331
temporal_fine_1e19,7,154,0.110413,0.076538
temporal_fine_1e19,7,155,0.094421,0.074646
temporal_fine_1e19,7,156,0.077881,0.087036
temporal_fine_1e19,7,157,0.065613,0.069519
temporal_fine_1e19,7,158,0.076965,0.074768
temporal_fine_1e19,7,159,0.149475,0.112183
temporal_fine_1e19,7,160,0.079102,0.082703
temporal_fine_1e19,7,161,0.103821,0.052490
temporal_fine_1e19,7,162,0.082214,0.062622
temporal_fine_1e19,7,163,0.101318,0.097534
temporal_fine_1e19,7,164,0.086731,0.098694
temporal_fine_1e19,7,165,0.091553,0.098145
temporal_fine_1e19,7,166,0.085632,0.066223
temporal_fine_1e19,7,167,0.062622,0.077332
temporal_fine_1e19,7,168,0.084534,0.136353
temporal_fine_1e19,7,169,0.095215,0.099854
temporal_fine_1e19,7,170,0.106201,0.092957
temporal_fine_1e19,7,171,0.085815,0.072205
temporal_fine_1e19,7,172,0.100647,0.102844
temporal_fine_1e19,7,173,0.131653,0.102051
temporal_fine_1e19,7,174,0.062256,0.090820
temporal_fine_1e19,7,175,0.079773,0.073486
temporal_fine_1e19,7,176,0.095337,0.116333
temporal_fine_1e19,7,177,0.100769,0.111145
temporal_fine_1e19,7,178,0.083496,0.092407
temporal_fine_1e19,7,179,0.098328,0.093384
temporal_fine_1e19,7,180,0.108032,0.077698
temporal_fine_1e19,7,181,0.089355,0.108154
temporal_fine_1e19,7,182,0.091858,0.095032
temporal_fine_1e19,7,183,0.063293,0.071655
temporal_fine_1e19,7,184,0.091980,0.110107
temporal_fine_1e19,7,185,0.083252,0.094238
temporal_fine_1e19,7,186,0.094788,0.067993
temporal_fine_1e19,7,187,0.100220,0.098450
temporal_fine_1e19,7,188,0.108765,0.076721
temporal_fine_1e19,7,189,0.114807,0.105713
temporal_fine_1e19,7,190,0.082275,0.103027
temporal_fine_1e19,7,191,0.073425,0.066284
temporal_fine_1e19,8,0,0.068542,0.083008
temporal_fine_1e19,8,1,0.091431,0.102356
temporal_fine_1e19,8,2,0.041443,0.047058
temporal_fine_1e19,8,3,0.096558,0.111450
temporal_fine_1e19,8,4,0.072693,0.118103
temporal_fine_1e19,8,5,0.117188,0.108887
temporal_fine_1e19,8,6,0.076538,0.080383
temporal_fine_1e19,8,7,0.108398,0.105835
temporal_fine_1e19,8,8,0.098999,0.090881
temporal_fine_1e19,8,9,0.115723,0.120728
temporal_fine_1e19,8,10,0.107117,0.074036
temporal_fine_1e19,8,11,0.082886,0.098450
temporal_fine_1e19,8,12,0.044128,0.083679
temporal_fine_1e19,8,13,0.117615,0.112488
temporal_fine_1e19,8,14,0.114746,0.115723
temporal_fine_1e19,8,15,0.100525,0.075623
temporal_fine_1e19,8,16,0.085510,0.096741
temporal_fine_1e19,8,17,0.252502,0.156006
temporal_fine_1e19,8,18,0.094421,0.089722
temporal_fine_1e19,8,19,0.125366,0.083923
temporal_fine_1e19,8,20,0.074585,0.096375
temporal_fine_1e19,8,21,0.104492,0.104675
temporal_fine_1e19,8,22,0.109253,0.072876
temporal_fine_1e19,8,23,0.175049,0.099304
temporal_fine_1e19,8,24,0.082153,0.088074
temporal_fine_1e19,8,25,0.136536,0.136047
temporal_fine_1e19,8,26,0.139526,0.140686
temporal_fine_1e19,8,27,0.078247,0.064575
temporal_fine_1e19,8,28,0.085571,0.080994
temporal_fine_1e19,8,29,0.099060,0.081665
temporal_fine_1e19,8,30,0.083740,0.101135
temporal_fine_1e19,8,31,0.124939,0.115784
temporal_fine_1e19,8,32,0.089905,0.072083
temporal_fine_1e19,8,33,0.096741,0.050659
temporal_fine_1e19,8,34,0.097290,0.086914
temporal_fine_1e19,8,35,0.102112,0.112305
temporal_fine_1e19,8,36,0.070129,0.078308
temporal_fine_1e19,8,37,0.100464,0.092407
temporal_fine_1e19,8,38,0.084412,0.103455
temporal_fine_1e19,8,39,0.142456,0.129639
temporal_fine_1e19,8,40,0.083252,0.099548
temporal_fine_1e19,8,41,0.088623,0.126648
temporal_fine_1e19,8,42,0.127747,0.125244
temporal_fine_1e19,8,43,0.105652,0.085449
temporal_fine_1e19,8,44,0.087341,0.078796
temporal_fine_1e19,8,45,0.084473,0.081787
temporal_fine_1e19,8,46,0.079529,0.090149
temporal_fine_1e19,8,47,0.075928,0.086731
temporal_fine_1e19,8,48,0.104004,0.067688
temporal_fine_1e19,8,49,0.088806,0.063904
temporal_fine_1e19,8,50,0.116699,0.135803
temporal_fine_1e19,8,51,0.086670,0.089417
temporal_fine_1e19,8,52,0.092896,0.121460
temporal_fine_1e19,8,53,0.063171,0.060852
temporal_fine_1e19,8,54,0.083252,0.061157
temporal_fine_1e19,8,55,0.092773,0.102722
temporal_fine_1e19,8,56,0.098267,0.058350
temporal_fine_1e19,8,57,0.126953,0.129211
temporal_fine_1e19,8,58,0.134888,0.099060
temporal_fine_1e19,8,59,0.093994,0.110291
temporal_fine_1e19,8,60,0.108032,0.101013
temporal_fine_1e19,8,61,0.095154,0.080872
temporal_fine_1e19,8,62,0.107300,0.082764
temporal_fine_1e19,8,63,0.088745,0.071106
temporal_fine_1e19,8,64,0.077148,0.100647
temporal_fine_1e19,8,65,0.077087,0.079773
temporal_fine_1e19,8,66,0.109985,0.091187
temporal_fine_1e19,8,67,0.095703,0.068542
temporal_fine_1e19,8,68,0.091003,0.093567
temporal_fine_1e19,8,69,0.094421,0.083069
temporal_fine_1e19,8,70,0.069580,0.072205
temporal_fine_1e19,8,71,0.110291,0.074341
temporal_fine_1e19,8,72,0.111145,0.092224
temporal_fine_1e19,8,73,0.064148,0.090210
temporal_fine_1e19,8,74,0.096008,0.088501
temporal_fine_1e19,8,75,0.082336,0.059692
temporal_fine_1e19,8,76,0.077759,0.061462
temporal_fine_1e19,8,77,0.074890,0.114685
temporal_fine_1e19,8,78,0.068970,0.051575
temporal_fine_1e19,8,79,0.086060,0.069641
temporal_fine_1e19,8,80,0.095764,0.080139
temporal_fine_1e19,8,81,0.093750,0.104492
temporal_fine_1e19,8,82,0.018921,0.036316
temporal_fine_1e19,8,83,0.067810,0.069519
temporal_fine_1e19,8,84,0.101074,0.088989
temporal_fine_1e19,8,85,0.146973,0.087280
temporal_fine_1e19,8,86,0.056763,0.063049
temporal_fine_1e19,8,87,0.099487,0.095581
temporal_fine_1e19,8,88,0.061523,0.097778
temporal_fine_1e19,8,89,0.039978,0.059509
temporal_fine_1e19,8,90,0.079773,0.062988
temporal_fine_1e19,8,91,0.073059,0.079895
temporal_fine_1e19,8,92,0.110107,0.086243
temporal_fine_1e19,8,93,0.101868,0.138977
temporal_fine_1e19,8,94,0.101929,0.119873
temporal_fine_1e19,8,95,0.050598,0.060059
temporal_fine_1e19,8,96,0.103455,0.093811
temporal_fine_1e19,8,97,0.123718,0.104431
temporal_fine_1e19,8,98,0.099121,0.080994
temporal_fine_1e19,8,99,0.125854,0.092590
temporal_fine_1e19,8,100,0.071350,0.086670
temporal_fine_1e19,8,101,0.089844,0.110352
temporal_fine_1e19,8,102,0.071838,0.065796
temporal_fine_1e19,8,103,0.087585,0.075317
temporal_fine_1e19,8,104,0.116455,0.110413
temporal_fine_1e19,8,105,0.067627,0.102783
temporal_fine_1e19,8,106,0.084961,0.089050
temporal_fine_1e19,8,107,0.117981,0.114502
temporal_fine_1e19,8,108,0.074951,0.086914
temporal_fine_1e19,8,109,0.081116,0.073853
temporal_fine_1e19,8,110,0.043213,0.066467
temporal_fine_1e19,8,111,0.056458,0.046326
temporal_fine_1e19,8,112,0.125916,0.102905
temporal_fine_1e19,8,113,0.109741,0.106628
temporal_fine_1e19,8,114,0.080017,0.113098
temporal_fine_1e19,8,115,0.107117,0.104553
temporal_fine_1e19,8,116,0.056824,0.068970
temporal_fine_1e19,8,117,0.089600,0.144348
temporal_fine_1e19,8,118,0.131592,0.133423
temporal_fine_1e19,8,119,0.060913,0.170105
temporal_fine_1e19,8,120,0.064331,0.082031
temporal_fine_1e19,8,121,0.090698,0.105957
temporal_fine_1e19,8,122,0.073730,0.080688
temporal_fine_1e19,8,123,0.111572,0.095215
temporal_fine_1e19,8,124,0.093628,0.067017
temporal_fine_1e19,8,125,0.081909,0.097839
temporal_fine_1e19,8,126,0.100769,0.078369
temporal_fine_1e19,8,127,0.173828,0.145325
temporal_fine_1e19,8,128,0.136719,0.133423
temporal_fine_1e19,8,129,0.111877,0.098511
temporal_fine_1e19,8,130,0.088501,0.107788
temporal_fine_1e19,8,131,0.099609,0.113098
temporal_fine_1e19,8,132,0.051819,0.060852
temporal_fine_1e19,8,133,0.103577,0.098999
temporal_fine_1e19,8,134,0.109680,0.117432
temporal_fine_1e19,8,135,0.146851,0.125061
temporal_fine_1e19,8,136,0.076843,0.115845
temporal_fine_1e19,8,137,0.078796,0.109253
temporal_fine_1e19,8,138,0.109985,0.099243
temporal_fine_1e19,8,139,0.134644,0.097412
temporal_fine_1e19,8,140,0.106201,0.098877
temporal_fine_1e19,8,141,0.069336,0.063049
temporal_fine_1e19,8,142,0.091797,0.133667
temporal_fine_1e19,8,143,0.114990,0.122803
temporal_fine_1e19,8,144,0.092957,0.118225
temporal_fine_1e19,8,145,0.080566,0.103149
temporal_fine_1e19,8,146,0.080566,0.102051
temporal_fine_1e19,8,147,0.088074,0.150818
temporal_fine_1e19,8,148,0.088501,0.083435
temporal_fine_1e19,8,149,0.099548,0.091309
temporal_fine_1e19,8,150,0.060486,0.097107
temporal_fine_1e19,8,151,0.066101,0.131653
temporal_fine_1e19,8,152,0.054382,0.103943
temporal_fine_1e19,8,153,0.097961,0.143677
temporal_fine_1e19,8,154,0.112793,0.115356
temporal_fine_1e19,8,155,0.078735,0.068054
temporal_fine_1e19,8,156,0.110474,0.085693
temporal_fine_1e19,8,157,0.095398,0.093018
temporal_fine_1e19,8,158,0.110229,0.127380
temporal_fine_1e19,8,159,0.080872,0.087830
temporal_fine_1e19,8,160,0.079224,0.056519
temporal_fine_1e19,8,161,0.065125,0.090820
temporal_fine_1e19,8,162,0.111267,0.099060
temporal_fine_1e19,8,163,0.104309,0.115051
temporal_fine_1e19,8,164,0.060181,0.123840
temporal_fine_1e19,8,165,0.102661,0.107849
temporal_fine_1e19,8,166,0.089233,0.084961
temporal_fine_1e19,8,167,0.095947,0.078552
temporal_fine_1e19,8,168,0.118591,0.085815
temporal_fine_1e19,8,169,0.091553,0.061035
temporal_fine_1e19,8,170,0.112061,0.083923
temporal_fine_1e19,8,171,0.086060,0.096313
temporal_fine_1e19,8,172,0.119934,0.110657
temporal_fine_1e19,8,173,0.080200,0.114929
temporal_fine_1e19,8,174,0.107178,0.071045
temporal_fine_1e19,8,175,0.122131,0.070984
temporal_fine_1e19,8,176,0.091003,0.080505
temporal_fine_1e19,8,177,0.058960,0.078125
temporal_fine_1e19,8,178,0.061951,0.085266
temporal_fine_1e19,8,179,0.079041,0.151062
temporal_fine_1e19,8,180,0.051025,0.057678
temporal_fine_1e19,8,181,0.194702,0.134705
temporal_fine_1e19,8,182,0.090149,0.096252
temporal_fine_1e19,8,183,0.096130,0.058044
temporal_fine_1e19,8,184,0.096008,0.095703
temporal_fine_1e19,8,185,0.063599,0.074341
temporal_fine_1e19,8,186,0.070618,0.092468
temporal_fine_1e19,8,187,0.089294,0.097656
temporal_fine_1e19,8,188,0.069153,0.055664
temporal_fine_1e19,8,189,0.055359,0.060242
temporal_fine_1e19,8,190,0.090454,0.050720
temporal_fine_1e19,8,191,0.111267,0.090393
temporal_fine_1e19,9,0,0.067261,0.081909
temporal_fine_1e19,9,1,0.086121,0.106873
temporal_fine_1e19,9,2,0.089539,0.076782
temporal_fine_1e19,9,3,0.077759,0.107056
temporal_fine_1e19,9,4,0.240173,0.193054
temporal_fine_1e19,9,5,0.129578,0.112793
temporal_fine_1e19,9,6,0.095886,0.093750
temporal_fine_1e19,9,7,0.087708,0.069580
temporal_fine_1e19,9,8,0.050964,0.055969
temporal_fine_1e19,9,9,0.053040,0.069519
temporal_fine_1e19,9,10,0.149109,0.126892
temporal_fine_1e19,9,11,0.054626,0.057190
temporal_fine_1e19,9,12,0.094971,0.153992
temporal_fine_1e19,9,13,0.115356,0.146667
temporal_fine_1e19,9,14,0.081299,0.141235
temporal_fine_1e19,9,15,0.111389,0.100952
temporal_fine_1e19,9,16,0.091064,0.060547
temporal_fine_1e19,9,17,0.080322,0.053650
temporal_fine_1e19,9,18,0.044983,0.060059
temporal_fine_1e19,9,19,0.126038,0.090759
temporal_fine_1e19,9,20,0.109009,0.107422
temporal_fine_1e19,9,21,0.150757,0.123596
temporal_fine_1e19,9,22,0.168457,0.121338
temporal_fine_1e19,9,23,0.084717,0.075684
temporal_fine_1e19,9,24,0.108398,0.127258
temporal_fine_1e19,9,25,0.109131,0.116272
temporal_fine_1e19,9,26,0.085938,0.075439
temporal_fine_1e19,9,27,0.058777,0.108582
temporal_fine_1e19,9,28,0.097229,0.080261
temporal_fine_1e19,9,29,0.101746,0.098022
temporal_fine_1e19,9,30,0.118225,0.126953
temporal_fine_1e19,9,31,0.109741,0.095947
temporal_fine_1e19,9,32,0.086182,0.088684
temporal_fine_1e19,9,33,0.112305,0.110901
temporal_fine_1e19,9,34,0.088501,0.052002
temporal_fine_1e19,9,35,0.099976,0.093445
temporal_fine_1e19,9,36,0.112183,0.085083
temporal_fine_1e19,9,37,0.113525,0.086487
temporal_fine_1e19,9,38,0.108154,0.103088
temporal_fine_1e19,9,39,0.084656,0.097168
temporal_fine_1e19,9,40,0.077820,0.098694
temporal_fine_1e19,9,41,0.088135,0.115417
temporal_fine_1e19,9,42,0.092712,0.061829
temporal_fine_1e19,9,43,0.103882,0.067261
temporal_fine_1e19,9,44,0.136536,0.081970
temporal_fine_1e19,9,45,0.078003,0.087952
temporal_fine_1e19,9,46,0.062073,0.093262
temporal_fine_1e19,9,47,0.110291,0.086365
temporal_fine_1e19,9,48,0.132080,0.103149
temporal_fine_1e19,9,49,0.097778,0.094788
temporal_fine_1e19,9,50,0.075500,0.098633
temporal_fine_1e19,9,51,0.058228,0.109497
temporal_fine_1e19,9,52,0.102356,0.087402
temporal_fine_1e19,9,53,0.092224,0.084229
temporal_fine_1e19,9,54,0.091675,0.085632
temporal_fine_1e19,9,55,0.097778,0.100647
temporal_fine_1e19,9,56,0.065918,0.065796
temporal_fine_1e19,9,57,0.069275,0.076233
temporal_fine_1e19,9,58,0.085632,0.119751
temporal_fine_1e19,9,59,0.046326,0.055969
temporal_fine_1e19,9,60,0.086121,0.088928
temporal_fine_1e19,9,61,0.064819,0.059692
temporal_fine_1e19,9,62,0.068054,0.108398
temporal_fine_1e19,9,63,0.091797,0.100403
temporal_fine_1e19,9,64,0.120605,0.078796
temporal_fine_1e19,9,65,0.168030,0.107361
temporal_fine_1e19,9,66,0.038147,0.034119
temporal_fine_1e19,9,67,0.100098,0.085449
temporal_fine_1e19,9,68,0.091064,0.077209
temporal_fine_1e19,9,69,0.113708,0.109619
temporal_fine_1e19,9,70,0.134521,0.132568
temporal_fine_1e19,9,71,0.017029,0.048889
temporal_fine_1e19,9,72,0.078613,0.125183
temporal_fine_1e19,9,73,0.062744,0.079407
temporal_fine_1e19,9,74,0.124878,0.124878
temporal_fine_1e19,9,75,0.076050,0.136719
temporal_fine_1e19,9,76,0.065247,0.082581
temporal_fine_1e19,9,77,0.043823,0.070251
temporal_fine_1e19,9,78,0.062378,0.093201
temporal_fine_1e19,9,79,0.175049,0.159119
temporal_fine_1e19,9,80,0.077515,0.075073
temporal_fine_1e19,9,81,0.061829,0.051819
temporal_fine_1e19,9,82,0.146118,0.118713
temporal_fine_1e19,9,83,0.111145,0.120483
temporal_fine_1e19,9,84,0.079041,0.110718
temporal_fine_1e19,9,85,0.093262,0.068848
temporal_fine_1e19,9,86,0.107239,0.085388
temporal_fine_1e19,9,87,0.108154,0.096924
temporal_fine_1e19,9,88,0.106995,0.105225
temporal_fine_1e19,9,89,0.132629,0.133789
temporal_fine_1e19,9,90,0.080200,0.072205
temporal_fine_1e19,9,91,0.092651,0.077393
temporal_fine_1e19,9,92,0.064697,0.074951
temporal_fine_1e19,9,93,0.109619,0.125671
temporal_fine_1e19,9,94,0.073669,0.100586
temporal_fine_1e19,9,95,0.092468,0.082214
temporal_fine_1e19,9,96,0.124817,0.107178
temporal_fine_1e19,9,97,0.035156,0.060608
temporal_fine_1e19,9,98,0.084534,0.077332
temporal_fine_1e19,9,99,0.078186,0.111816
temporal_fine_1e19,9,100,0.066101,0.102417
temporal_fine_1e19,9,101,0.019348,0.060303
temporal_fine_1e19,9,102,0.084595,0.102173
temporal_fine_1e19,9,103,0.099854,0.113586
temporal_fine_1e19,9,104,0.109253,0.121033
temporal_fine_1e19,9,105,0.125366,0.114807
temporal_fine_1e19,9,106,0.042786,0.041138
temporal_fine_1e19,9,107,0.106995,0.113770
temporal_fine_1e19,9,108,0.083862,0.054077
temporal_fine_1e19,9,109,0.100281,0.112000
temporal_fine_1e19,9,110,0.073364,0.094421
temporal_fine_1e19,9,111,0.158569,0.131104
temporal_fine_1e19,9,112,0.121399,0.112000
temporal_fine_1e19,9,113,0.107849,0.117920
temporal_fine_1e19,9,114,0.053223,0.050964
temporal_fine_1e19,9,115,0.091187,0.038696
temporal_fine_1e19,9,116,0.081238,0.093201
temporal_fine_1e19,9,117,0.091675,0.100586
temporal_fine_1e19,9,118,0.131653,0.111145
temporal_fine_1e19,9,119,0.116455,0.137329
temporal_fine_1e19,9,120,0.124329,0.097412
temporal_fine_1e19,9,121,0.080322,0.092957
temporal_fine_1e19,9,122,0.103027,0.093689
temporal_fine_1e19,9,123,0.053650,0.054810
temporal_fine_1e19,9,124,0.110535,0.107178
temporal_fine_1e19,9,125,0.124451,0.111267
temporal_fine_1e19,9,126,0.093811,0.159058
temporal_fine_1e19,9,127,0.065857,0.126343
temporal_fine_1e19,9,128,0.131042,0.101868
temporal_fine_1e19,9,129,0.097900,0.111511
temporal_fine_1e19,9,130,0.059998,0.070435
temporal_fine_1e19,9,131,0.085632,0.088013
temporal_fine_1e19,9,132,0.088745,0.083252
temporal_fine_1e19,9,133,0.085022,0.085388
temporal_fine_1e19,9,134,0.106812,0.083923
temporal_fine_1e19,9,135,0.092224,0.081970
temporal_fine_1e19,9,136,0.104187,0.080627
temporal_fine_1e19,9,137,0.067627,0.087708
temporal_fine_1e19,9,138,0.070190,0.071960
temporal_fine_1e19,9,139,0.189880,0.129333
temporal_fine_1e19,9,140,0.072266,0.093872
temporal_fine_1e19,9,141,0.080566,0.110596
temporal_fine_1e19,9,142,0.084106,0.120667
temporal_fine_1e19,9,143,0.088989,0.068604
temporal_fine_1e19,9,144,0.078430,0.072815
temporal_fine_1e19,9,145,0.115356,0.076233
temporal_fine_1e19,9,146,0.085938,0.102173
temporal_fine_1e19,9,147,0.097900,0.095825
temporal_fine_1e19,9,148,0.078491,0.093140
temporal_fine_1e19,9,149,0.093323,0.070557
temporal_fine_1e19,9,150,0.025269,0.042053
temporal_fine_1e19,9,151,0.107910,0.100342
temporal_fine_1e19,9,152,0.150085,0.114014
temporal_fine_1e19,9,153,0.066406,0.096008
temporal_fine_1e19,9,154,0.106628,0.094849
temporal_fine_1e19,9,155,0.134644,0.116943
temporal_fine_1e19,9,156,0.078796,0.067749
temporal_fine_1e19,9,157,0.073914,0.082031
temporal_fine_1e19,9,158,0.059326,0.080688
temporal_fine_1e19,9,159,0.040955,0.058777
temporal_fine_1e19,9,160,0.090027,0.104675
temporal_fine_1e19,9,161,0.061646,0.050842
temporal_fine_1e19,9,162,0.063416,0.088318
temporal_fine_1e19,9,163,0.129883,0.118225
temporal_fine_1e19,9,164,0.150330,0.084473
temporal_fine_1e19,9,165,0.110962,0.097229
temporal_fine_1e19,9,166,0.075317,0.071228
temporal_fine_1e19,9,167,0.058594,0.088623
temporal_fine_1e19,9,168,0.078308,0.099365
temporal_fine_1e19,9,169,0.114258,0.098267
temporal_fine_1e19,9,170,0.097778,0.067627
temporal_fine_1e19,9,171,0.090149,0.091492
temporal_fine_1e19,9,172,0.105164,0.095276
temporal_fine_1e19,9,173,0.092346,0.110901
temporal_fine_1e19,9,174,0.065918,0.070251
temporal_fine_1e19,9,175,0.097778,0.125427
temporal_fine_1e19,9,176,0.099121,0.088196
temporal_fine_1e19,9,177,0.089783,0.077759
temporal_fine_1e19,9,178,0.097900,0.095764
temporal_fine_1e19,9,179,0.090027,0.102783
temporal_fine_1e19,9,180,0.076904,0.068970
temporal_fine_1e19,9,181,0.109314,0.084229
temporal_fine_1e19,9,182,0.105225,0.088745
temporal_fine_1e19,9,183,0.050049,0.060852
temporal_fine_1e19,9,184,0.096069,0.082886
temporal_fine_1e19,9,185,0.113037,0.149475
temporal_fine_1e19,9,186,0.119995,0.108032
temporal_fine_1e19,9,187,0.091431,0.073853
temporal_fine_1e19,9,188,0.135864,0.126526
temporal_fine_1e19,9,189,0.146667,0.098267
temporal_fine_1e19,9,190,0.087158,0.064941
temporal_fine_1e19,9,191,0.048279,0.100159
temporal_fine_1e19,10,0,0.052551,0.060852
temporal_fine_1e19,10,1,0.087463,0.127563
temporal_fine_1e19,10,2,0.092285,0.097595
temporal_fine_1e19,10,3,0.103394,0.114258
temporal_fine_1e19,10,4,0.093201,0.088867
temporal_fine_1e19,10,5,0.025879,0.034363
temporal_fine_1e19,10,6,0.100464,0.067627
temporal_fine_1e19,10,7,0.046021,0.038208
temporal_fine_1e19,10,8,0.079041,0.098938
temporal_fine_1e19,10,9,0.122986,0.109131
temporal_fine_1e19,10,10,0.109680,0.090820
temporal_fine_1e19,10,11,0.080811,0.070923
temporal_fine_1e19,10,12,0.059021,0.098267
temporal_fine_1e19,10,13,0.108582,0.115295
temporal_fine_1e19,10,14,0.092407,0.112183
temporal_fine_1e19,10,15,0.087158,0.098877
temporal_fine_1e19,10,16,0.074341,0.086060
temporal_fine_1e19,10,17,0.084778,0.103516
temporal_fine_1e19,10,18,0.161865,0.164673
temporal_fine_1e19,10,19,0.132874,0.140869
temporal_fine_1e19,10,20,0.091858,0.079407
temporal_fine_1e19,10,21,0.079102,0.062317
temporal_fine_1e19,10,22,0.072327,0.068787
temporal_fine_1e19,10,23,0.062744,0.088623
temporal_fine_1e19,10,24,0.101624,0.059021
temporal_fine_1e19,10,25,0.049133,0.061462
temporal_fine_1e19,10,26,0.071655,0.079102
temporal_fine_1e19,10,27,0.077637,0.088257
temporal_fine_1e19,10,28,0.071472,0.059937
temporal_fine_1e19,10,29,0.060425,0.057251
temporal_fine_1e19,10,30,0.102783,0.094360
temporal_fine_1e19,10,31,0.106018,0.083130
temporal_fine_1e19,10,32,0.099792,0.087097
temporal_fine_1e19,10,33,0.118225,0.101562
temporal_fine_1e19,10,34,0.102112,0.070129
temporal_fine_1e19,10,35,0.051392,0.066772
temporal_fine_1e19,10,36,0.103027,0.072510
temporal_fine_1e19,10,37,0.087280,0.074585
temporal_fine_1e19,10,38,0.072693,0.102478
temporal_fine_1e19,10,39,0.064148,0.090271
temporal_fine_1e19,10,40,0.082581,0.087036
temporal_fine_1e19,10,41,0.122437,0.115356
temporal_fine_1e19,10,42,0.133423,0.124146
temporal_fine_1e19,10,43,0.101868,0.144958
temporal_fine_1e19,10,44,0.102844,0.090149
temporal_fine_1e19,10,45,0.107605,0.087708
temporal_fine_1e19,10,46,0.085327,0.041931
temporal_fine_1e19,10,47,0.140320,0.120422
temporal_fine_1e19,10,48,0.085693,0.094788
temporal_fine_1e19,10,49,0.142273,0.113464
temporal_fine_1e19,10,50,0.089417,0.095337
temporal_fine_1e19,10,51,0.072266,0.076599
temporal_fine_1e19,10,52,0.085632,0.078430
temporal_fine_1e19,10,53,0.160156,0.151489
temporal_fine_1e19,10,54,0.057312,0.062561
temporal_fine_1e19,10,55,0.092407,0.077332
temporal_fine_1e19,10,56,0.086121,0.086670
temporal_fine_1e19,10,57,0.110718,0.108459
temporal_fine_1e19,10,58,0.018127,0.034729
temporal_fine_1e19,10,59,0.089905,0.099304
temporal_fine_1e19,10,60,0.083618,0.089783
temporal_fine_1e19,10,61,0.254456,0.239380
temporal_fine_1e19,10,62,0.103638,0.107910
temporal_fine_1e19,10,63,0.127808,0.127441
temporal_fine_1e19,10,64,0.115601,0.088928
temporal_fine_1e19,10,65,0.146240,0.106079
temporal_fine_1e19,10,66,0.096924,0.081482
temporal_fine_1e19,10,67,0.086304,0.060852
temporal_fine_1e19,10,68,0.011536,0.029236
temporal_fine_1e19,10,69,0.095398,0.086243
temporal_fine_1e19,10,70,0.052917,0.065552
temporal_fine_1e19,10,71,0.087952,0.085815
temporal_fine_1e19,10,72,0.143372,0.118469
temporal_fine_1e19,10,73,0.082397,0.094788
temporal_fine_1e19,10,74,0.088745,0.087463
temporal_fine_1e19,10,75,0.097534,0.088867
temporal_fine_1e19,10,76,0.133423,0.126648
temporal_fine_1e19,10,77,0.114075,0.100098
temporal_fine_1e19,10,78,0.086243,0.118530
temporal_fine_1e19,10,79,0.109558,0.118103
temporal_fine_1e19,10,80,0.101990,0.112000
temporal_fine_1e19,10,81,0.088928,0.093445
temporal_fine_1e19,10,82,0.087097,0.072449
temporal_fine_1e19,10,83,0.087952,0.069763
temporal_fine_1e19,10,84,0.118652,0.075623
temporal_fine_1e19,10,85,0.040833,0.047485
temporal_fine_1e19,10,86,0.108276,0.041687
temporal_fine_1e19,10,87,0.052490,0.108765
temporal_fine_1e19,10,88,0.071228,0.076050
temporal_fine_1e19,10,89,0.063904,0.101440
temporal_fine_1e19,10,90,0.049927,0.077209
temporal_fine_1e19,10,91,0.123291,0.114502
temporal_fine_1e19,10,92,0.100525,0.069885
temporal_fine_1e19,10,93,0.096680,0.132874
temporal_fine_1e19,10,94,0.057373,0.054443
temporal_fine_1e19,10,95,0.085938,0.090088
temporal_fine_1e19,10,96,0.119080,0.108215
temporal_fine_1e19,10,97,0.132996,0.133911
temporal_fine_1e19,10,98,0.053406,0.059265
temporal_fine_1e19,10,99,0.099182,0.086487
temporal_fine_1e19,10,100,0.103455,0.056335
temporal_fine_1e19,10,101,0.069397,0.135254
temporal_fine_1e19,10,102,0.155090,0.094971
temporal_fine_1e19,10,103,0.080994,0.084656
temporal_fine_1e19,10,104,0.108215,0.076416
temporal_fine_1e19,10,105,0.120789,0.144958
temporal_fine_1e19,10,106,0.111023,0.106628
temporal_fine_1e19,10,107,0.064819,0.075745
temporal_fine_1e19,10,108,0.103882,0.103943
temporal_fine_1e19,10,109,0.104919,0.129517
temporal_fine_1e19,10,110,0.201904,0.163513
temporal_fine_1e19,10,111,0.090759,0.072937
temporal_fine_1e19,10,112,0.060547,0.080994
temporal_fine_1e19,10,113,0.088196,0.085388
temporal_fine_1e19,10,114,0.114319,0.072937
temporal_fine_1e19,10,115,0.076721,0.070435
temporal_fine_1e19,10,116,0.033203,0.061279
temporal_fine_1e19,10,117,0.067932,0.073486
temporal_fine_1e19,10,118,0.088623,0.076172
temporal_fine_1e19,10,119,0.111328,0.091187
temporal_fine_1e19,10,120,0.115601,0.104248
temporal_fine_1e19,10,121,0.080139,0.096924
temporal_fine_1e19,10,122,0.074829,0.148682
temporal_fine_1e19,10,123,0.090332,0.074280
temporal_fine_1e19,10,124,0.127136,0.104309
temporal_fine_1e19,10,125,0.092285,0.074646
temporal_fine_1e19,10,126,0.113159,0.109192
temporal_fine_1e19,10,127,0.117310,0.090393
temporal_fine_1e19,10,128,0.154724,0.118347
temporal_fine_1e19,10,129,0.103394,0.070251
temporal_fine_1e19,10,130,0.108154,0.125427
temporal_fine_1e19,10,131,0.088379,0.112610
temporal_fine_1e19,10,132,0.137817,0.125488
temporal_fine_1e19,10,133,0.069580,0.089233
temporal_fine_1e19,10,134,0.157593,0.125366
temporal_fine_1e19,10,135,0.103760,0.077026
temporal_fine_1e19,10,136,0.127441,0.142029
temporal_fine_1e19,10,137,0.070129,0.078064
temporal_fine_1e19,10,138,0.077820,0.052612
temporal_fine_1e19,10,139,0.092957,0.094360
temporal_fine_1e19,10,140,0.074768,0.093018
temporal_fine_1e19,10,141,0.075989,0.127014
temporal_fine_1e19,10,142,0.100525,0.096680
temporal_fine_1e19,10,143,0.081543,0.119690
temporal_fine_1e19,10,144,0.097290,0.123047
temporal_fine_1e19,10,145,0.063782,0.068054
temporal_fine_1e19,10,146,0.093811,0.070740
temporal_fine_1e19,10,147,0.056458,0.114380
temporal_fine_1e19,10,148,0.104248,0.077087
temporal_fine_1e19,10,149,0.138123,0.125000
temporal_fine_1e19,10,150,0.087219,0.068237
temporal_fine_1e19,10,151,0.070251,0.088745
temporal_fine_1e19,10,152,0.049133,0.076965
temporal_fine_1e19,10,153,0.126160,0.113403
temporal_fine_1e19,10,154,0.083740,0.127014
temporal_fine_1e19,10,155,0.123901,0.151184
temporal_fine_1e19,10,156,0.080811,0.073486
temporal_fine_1e19,10,157,0.117615,0.138916
temporal_fine_1e19,10,158,0.095886,0.073730
temporal_fine_1e19,10,159,0.077026,0.067932
temporal_fine_1e19,10,160,0.130127,0.127380
temporal_fine_1e19,10,161,0.076111,0.084656
temporal_fine_1e19,10,162,0.084961,0.083740
temporal_fine_1e19,10,163,0.109558,0.113831
temporal_fine_1e19,10,164,0.090637,0.095581
temporal_fine_1e19,10,165,0.135254,0.141357
temporal_fine_1e19,10,166,0.046753,0.050720
temporal_fine_1e19,10,167,0.078552,0.081238
temporal_fine_1e19,10,168,0.105835,0.112671
temporal_fine_1e19,10,169,0.097778,0.115479
temporal_fine_1e19,10,170,0.093140,0.103210
temporal_fine_1e19,10,171,0.120483,0.087219
temporal_fine_1e19,10,172,0.113464,0.066895
temporal_fine_1e19,10,173,0.060852,0.095032
temporal_fine_1e19,10,174,0.117554,0.121399
temporal_fine_1e19,10,175,0.066345,0.071960
temporal_fine_1e19,10,176,0.090271,0.078369
temporal_fine_1e19,10,177,0.085144,0.082764
temporal_fine_1e19,10,178,0.039734,0.057922
temporal_fine_1e19,10,179,0.097717,0.072021
temporal_fine_1e19,10,180,0.127075,0.101013
temporal_fine_1e19,10,181,0.090942,0.116272
temporal_fine_1e19,10,182,0.123108,0.124084
temporal_fine_1e19,10,183,0.062500,0.062256
temporal_fine_1e19,10,184,0.104248,0.094727
temporal_fine_1e19,10,185,0.104675,0.111084
temporal_fine_1e19,10,186,0.078369,0.091370
temporal_fine_1e19,10,187,0.078918,0.103943
temporal_fine_1e19,10,188,0.063293,0.058533
temporal_fine_1e19,10,189,0.058228,0.075989
temporal_fine_1e19,10,190,0.073730,0.106995
temporal_fine_1e19,10,191,0.073547,0.141663
temporal_fine_1e19,11,0,0.082458,0.074585
temporal_fine_1e19,11,1,0.075500,0.097900
temporal_fine_1e19,11,2,0.073914,0.062317
temporal_fine_1e19,11,3,0.082886,0.119446
temporal_fine_1e19,11,4,0.127930,0.090149
temporal_fine_1e19,11,5,0.088135,0.075317
temporal_fine_1e19,11,6,0.101990,0.109131
temporal_fine_1e19,11,7,0.065674,0.064392
temporal_fine_1e19,11,8,0.095642,0.089844
temporal_fine_1e19,11,9,0.091431,0.097961
temporal_fine_1e19,11,10,0.102783,0.098145
temporal_fine_1e19,11,11,0.049683,0.061218
temporal_fine_1e19,11,12,0.129517,0.115234
temporal_fine_1e19,11,13,0.090088,0.138123
temporal_fine_1e19,11,14,0.054871,0.083008
temporal_fine_1e19,11,15,0.067017,0.066772
temporal_fine_1e19,11,16,0.058777,0.097229
temporal_fine_1e19,11,17,0.097778,0.099854
temporal_fine_1e19,11,18,0.118652,0.088745
temporal_fine_1e19,11,19,0.097778,0.112305
temporal_fine_1e19,11,20,0.046753,0.121704
temporal_fine_1e19,11,21,0.081604,0.099731
temporal_fine_1e19,11,22,0.138428,0.096069
temporal_fine_1e19,11,23,0.039246,0.070312
temporal_fine_1e19,11,24,0.091492,0.077271
temporal_fine_1e19,11,25,0.066956,0.078735
temporal_fine_1e19,11,26,0.115234,0.098267
temporal_fine_1e19,11,27,0.071777,0.094604
temporal_fine_1e19,11,28,0.143066,0.138672
temporal_fine_1e19,11,29,0.101257,0.098022
temporal_fine_1e19,11,30,0.141418,0.166870
temporal_fine_1e19,11,31,0.075134,0.051392
temporal_fine_1e19,11,32,0.066345,0.108582
temporal_fine_1e19,11,33,0.074890,0.077087
temporal_fine_1e19,11,34,0.084167,0.066956
temporal_fine_1e19,11,35,0.073303,0.101868
temporal_fine_1e19,11,36,0.037598,0.044983
temporal_fine_1e19,11,37,0.093018,0.098145
temporal_fine_1e19,11,38,0.140991,0.150635
temporal_fine_1e19,11,39,0.105469,0.097839
temporal_fine_1e19,11,40,0.121399,0.158142
temporal_fine_1e19,11,41,0.113525,0.085144
temporal_fine_1e19,11,42,0.084229,0.090210
temporal_fine_1e19,11,43,0.043091,0.051758
temporal_fine_1e19,11,44,0.017090,0.074524
temporal_fine_1e19,11,45,0.080444,0.062561
temporal_fine_1e19,11,46,0.106995,0.084534
temporal_fine_1e19,11,47,0.106995,0.143555
temporal_fine_1e19,11,48,0.087280,0.070251
temporal_fine_1e19,11,49,0.088135,0.078674
temporal_fine_1e19,11,50,0.104736,0.089111
temporal_fine_1e19,11,51,0.106628,0.081604
temporal_fine_1e19,11,52,0.118225,0.091492
temporal_fine_1e19,11,53,0.114624,0.113037
temporal_fine_1e19,11,54,0.071472,0.093262
temporal_fine_1e19,11,55,0.108093,0.079651
temporal_fine_1e19,11,56,0.112427,0.114685
temporal_fine_1e19,11,57,0.080750,0.089783
temporal_fine_1e19,11,58,0.164062,0.138306
temporal_fine_1e19,11,59,0.063354,0.090332
temporal_fine_1e19,11,60,0.221619,0.203918
temporal_fine_1e19,11,61,0.064087,0.110046
temporal_fine_1e19,11,62,0.084839,0.065918
temporal_fine_1e19,11,63,0.053223,0.069946
temporal_fine_1e19,11,64,0.102173,0.089172
temporal_fine_1e19,11,65,0.198975,0.183105
temporal_fine_1e19,11,66,0.140137,0.091064
temporal_fine_1e19,11,67,0.077332,0.077637
temporal_fine_1e19,11,68,0.125671,0.099548
temporal_fine_1e19,11,69,0.129761,0.086792
temporal_fine_1e19,11,70,0.080444,0.103943
temporal_fine_1e19,11,71,0.066895,0.076599
temporal_fine_1e19,11,72,0.091858,0.057983
temporal_fine_1e19,11,73,0.080994,0.101074
temporal_fine_1e19,11,74,0.127441,0.090271
temporal_fine_1e19,11,75,0.083008,0.066589
temporal_fine_1e19,11,76,0.121948,0.122437
temporal_fine_1e19,11,77,0.073914,0.103271
temporal_fine_1e19,11,78,0.050720,0.080444
temporal_fine_1e19,11,79,0.087036,0.136230
temporal_fine_1e19,11,80,0.091431,0.051514
temporal_fine_1e19,11,81,0.103943,0.063354
temporal_fine_1e19,11,82,0.054199,0.056396
temporal_fine_1e19,11,83,0.069458,0.068787
temporal_fine_1e19,11,84,0.081726,0.092957
temporal_fine_1e19,11,85,0.076538,0.075256
temporal_fine_1e19,11,86,0.072021,0.076416
temporal_fine_1e19,11,87,0.127197,0.115723
temporal_fine_1e19,11,88,0.104858,0.078247
temporal_fine_1e19,11,89,0.131409,0.093201
temporal_fine_1e19,11,90,0.043030,0.068054
temporal_fine_1e19,11,91,0.076233,0.076233
temporal_fine_1e19,11,92,0.082092,0.098938
temporal_fine_1e19,11,93,0.088928,0.098328
temporal_fine_1e19,11,94,0.128235,0.118103
temporal_fine_1e19,11,95,0.145935,0.115173
temporal_fine_1e19,11,96,0.155579,0.152527
temporal_fine_1e19,11,97,0.098877,0.093506
temporal_fine_1e19,11,98,0.092224,0.116821
temporal_fine_1e19,11,99,0.112793,0.130371
temporal_fine_1e19,11,100,0.133789,0.129517
temporal_fine_1e19,11,101,0.104675,0.124390
temporal_fine_1e19,11,102,0.089661,0.096924
temporal_fine_1e19,11,103,0.065613,0.078796
temporal_fine_1e19,11,104,0.074646,0.073425
temporal_fine_1e19,11,105,0.098755,0.095703
temporal_fine_1e19,11,106,0.101440,0.106812
temporal_fine_1e19,11,107,0.099976,0.109497
temporal_fine_1e19,11,108,0.090088,0.055908
temporal_fine_1e19,11,109,0.098328,0.107605
temporal_fine_1e19,11,110,0.196350,0.175842
temporal_fine_1e19,11,111,0.081543,0.078308
temporal_fine_1e19,11,112,0.050537,0.062500
temporal_fine_1e19,11,113,0.128235,0.084351
temporal_fine_1e19,11,114,0.070801,0.043213
temporal_fine_1e19,11,115,0.076355,0.084167
temporal_fine_1e19,11,116,0.094238,0.063782
temporal_fine_1e19,11,117,0.086182,0.094543
temporal_fine_1e19,11,118,0.137634,0.062622
temporal_fine_1e19,11,119,0.078369,0.082581
temporal_fine_1e19,11,120,0.044800,0.048523
temporal_fine_1e19,11,121,0.103271,0.088867
temporal_fine_1e19,11,122,0.104736,0.086121
temporal_fine_1e19,11,123,0.105164,0.100403
temporal_fine_1e19,11,124,0.098816,0.089172
temporal_fine_1e19,11,125,0.042603,0.053223
temporal_fine_1e19,11,126,0.096008,0.080994
temporal_fine_1e19,11,127,0.126282,0.065674
temporal_fine_1e19,11,128,0.062195,0.102051
temporal_fine_1e19,11,129,0.085632,0.086731
temporal_fine_1e19,11,130,0.086670,0.069519
temporal_fine_1e19,11,131,0.119873,0.112305
temporal_fine_1e19,11,132,0.191772,0.179932
temporal_fine_1e19,11,133,0.067017,0.068420
temporal_fine_1e19,11,134,0.016968,0.072083
temporal_fine_1e19,11,135,0.081543,0.093872
temporal_fine_1e19,11,136,0.128296,0.078186
temporal_fine_1e19,11,137,0.072571,0.097778
temporal_fine_1e19,11,138,0.129578,0.108337
temporal_fine_1e19,11,139,0.100342,0.074280
temporal_fine_1e19,11,140,0.058044,0.054504
temporal_fine_1e19,11,141,0.081726,0.091980
temporal_fine_1e19,11,142,0.119141,0.102844
temporal_fine_1e19,11,143,0.104309,0.119263
temporal_fine_1e19,11,144,0.101318,0.106689
temporal_fine_1e19,11,145,0.080811,0.083435
temporal_fine_1e19,11,146,0.112122,0.128357
temporal_fine_1e19,11,147,0.069458,0.116943
temporal_fine_1e19,11,148,0.071899,0.064819
temporal_fine_1e19,11,149,0.095215,0.105103
temporal_fine_1e19,11,150,0.101868,0.100037
temporal_fine_1e19,11,151,0.104492,0.090210
temporal_fine_1e19,11,152,0.100647,0.102173
temporal_fine_1e19,11,153,0.078613,0.103699
temporal_fine_1e19,11,154,0.060181,0.080688
temporal_fine_1e19,11,155,0.118164,0.101562
temporal_fine_1e19,11,156,0.151306,0.159973
temporal_fine_1e19,11,157,0.095337,0.105469
temporal_fine_1e19,11,158,0.117126,0.148315
temporal_fine_1e19,11,159,0.102417,0.129333
temporal_fine_1e19,11,160,0.128174,0.135986
temporal_fine_1e19,11,161,0.089783,0.080322
temporal_fine_1e19,11,162,0.081482,0.087036
temporal_fine_1e19,11,163,0.089905,0.075989
temporal_fine_1e19,11,164,0.119812,0.124878
temporal_fine_1e19,11,165,0.040527,0.051147
temporal_fine_1e19,11,166,0.095886,0.106750
temporal_fine_1e19,11,167,0.087097,0.066528
temporal_fine_1e19,11,168,0.073547,0.087402
temporal_fine_1e19,11,169,0.106079,0.090698
temporal_fine_1e19,11,170,0.081482,0.080017
temporal_fine_1e19,11,171,0.098938,0.083313
temporal_fine_1e19,11,172,0.081665,0.110718
temporal_fine_1e19,11,173,0.118713,0.092224
temporal_fine_1e19,11,174,0.012024,0.020508
temporal_fine_1e19,11,175,0.108154,0.115784
temporal_fine_1e19,11,176,0.069275,0.081055
temporal_fine_1e19,11,177,0.160278,0.143860
temporal_fine_1e19,11,178,0.105774,0.094482
temporal_fine_1e19,11,179,0.108093,0.095093
temporal_fine_1e19,11,180,0.070190,0.074158
temporal_fine_1e19,11,181,0.081726,0.091858
temporal_fine_1e19,11,182,0.028198,0.041077
temporal_fine_1e19,11,183,0.091797,0.074280
temporal_fine_1e19,11,184,0.125732,0.088379
temporal_fine_1e19,11,185,0.097107,0.101990
temporal_fine_1e19,11,186,0.116638,0.121277
temporal_fine_1e19,11,187,0.080688,0.094727
temporal_fine_1e19,11,188,0.017151,0.034790
temporal_fine_1e19,11,189,0.112488,0.114929
temporal_fine_1e19,11,190,0.046692,0.066772
temporal_fine_1e19,11,191,0.096375,0.093689
temporal_fine_1e19,12,0,0.018616,0.032593
temporal_fine_1e19,12,1,0.043030,0.051575
temporal_fine_1e19,12,2,0.120850,0.148499
temporal_fine_1e19,12,3,0.196594,0.161743
temporal_fine_1e19,12,4,0.118896,0.071716
temporal_fine_1e19,12,5,0.098206,0.077454
temporal_fine_1e19,12,6,0.127197,0.133301
temporal_fine_1e19,12,7,0.100891,0.101074
temporal_fine_1e19,12,8,0.086792,0.069763
temporal_fine_1e19,12,9,0.095032,0.113098
temporal_fine_1e19,12,10,0.100403,0.087769
temporal_fine_1e19,12,11,0.216431,0.131531
temporal_fine_1e19,12,12,0.072876,0.084534
temporal_fine_1e19,12,13,0.008728,0.015503
temporal_fine_1e19,12,14,0.039246,0.056274
temporal_fine_1e19,12,15,0.107117,0.147827
temporal_fine_1e19,12,16,0.073364,0.136169
temporal_fine_1e19,12,17,0.067749,0.081360
temporal_fine_1e19,12,18,0.094238,0.095276
temporal_fine_1e19,12,19,0.123657,0.081116
temporal_fine_1e19,12,20,0.094971,0.046509
temporal_fine_1e19,12,21,0.080017,0.067749
temporal_fine_1e19,12,22,0.104919,0.095093
temporal_fine_1e19,12,23,0.138245,0.135193
temporal_fine_1e19,12,24,0.044250,0.038940
temporal_fine_1e19,12,25,0.069458,0.080872
temporal_fine_1e19,12,26,0.065735,0.074829
temporal_fine_1e19,12,27,0.087708,0.085083
temporal_fine_1e19,12,28,0.068237,0.093506
temporal_fine_1e19,12,29,0.075806,0.115234
temporal_fine_1e19,12,30,0.100037,0.099854
temporal_fine_1e19,12,31,0.142090,0.097900
temporal_fine_1e19,12,32,0.130737,0.122131
temporal_fine_1e19,12,33,0.030334,0.050659
temporal_fine_1e19,12,34,0.038452,0.039062
temporal_fine_1e19,12,35,0.104492,0.093872
temporal_fine_1e19,12,36,0.053894,0.074768
temporal_fine_1e19,12,37,0.106018,0.090820
temporal_fine_1e19,12,38,0.091492,0.103271
temporal_fine_1e19,12,39,0.117310,0.105408
temporal_fine_1e19,12,40,0.099976,0.100708
temporal_fine_1e19,12,41,0.114380,0.090515
temporal_fine_1e19,12,42,0.041931,0.055176
temporal_fine_1e19,12,43,0.132690,0.145325
temporal_fine_1e19,12,44,0.096375,0.106567
temporal_fine_1e19,12,45,0.102295,0.117493
temporal_fine_1e19,12,46,0.099182,0.111328
temporal_fine_1e19,12,47,0.096436,0.102905
temporal_fine_1e19,12,48,0.049377,0.063843
temporal_fine_1e19,12,49,0.086060,0.097046
temporal_fine_1e19,12,50,0.132874,0.114624
temporal_fine_1e19,12,51,0.091553,0.128601
temporal_fine_1e19,12,52,0.059387,0.047913
temporal_fine_1e19,12,53,0.078064,0.094177
temporal_fine_1e19,12,54,0.093872,0.145386
temporal_fine_1e19,12,55,0.142639,0.124451
temporal_fine_1e19,12,56,0.057373,0.064819
temporal_fine_1e19,12,57,0.088074,0.096375
temporal_fine_1e19,12,58,0.099548,0.075806
temporal_fine_1e19,12,59,0.126160,0.076111
temporal_fine_1e19,12,60,0.119629,0.090637
temporal_fine_1e19,12,61,0.028503,0.046082
temporal_fine_1e19,12,62,0.131042,0.112488
temporal_fine_1e19,12,63,0.111938,0.106567
temporal_fine_1e19,12,64,0.143738,0.116028
temporal_fine_1e19,12,65,0.087830,0.113464
temporal_fine_1e19,12,66,0.087585,0.089294
temporal_fine_1e19,12,67,0.111633,0.105774
temporal_fine_1e19,12,68,0.108276,0.094421
temporal_fine_1e19,12,69,0.116699,0.128235
temporal_fine_1e19,12,70,0.072571,0.098816
temporal_fine_1e19,12,71,0.079041,0.075745
temporal_fine_1e19,12,72,0.081238,0.084290
temporal_fine_1e19,12,73,0.131104,0.136292
temporal_fine_1e19,12,74,0.104553,0.078796
temporal_fine_1e19,12,75,0.098694,0.082581
temporal_fine_1e19,12,76,0.122375,0.109375
temporal_fine_1e19,12,77,0.111755,0.105408
temporal_fine_1e19,12,78,0.091919,0.086670
temporal_fine_1e19,12,79,0.017029,0.042175
temporal_fine_1e19,12,80,0.109863,0.118103
temporal_fine_1e19,12,81,0.074890,0.096680
temporal_fine_1e19,12,82,0.113159,0.126648
temporal_fine_1e19,12,83,0.020996,0.020081
temporal_fine_1e19,12,84,0.087402,0.089783
temporal_fine_1e19,12,85,0.090698,0.089966
temporal_fine_1e19,12,86,0.051514,0.069519
temporal_fine_1e19,12,87,0.113647,0.128357
temporal_fine_1e19,12,88,0.120239,0.094788
temporal_fine_1e19,12,89,0.089600,0.087036
temporal_fine_1e19,12,90,0.094116,0.103088
temporal_fine_1e19,12,91,0.087952,0.081116
temporal_fine_1e19,12,92,0.029968,0.059692
temporal_fine_1e19,12,93,0.088501,0.096802
temporal_fine_1e19,12,94,0.113464,0.116760
temporal_fine_1e19,12,95,0.123352,0.094299
temporal_fine_1e19,12,96,0.133545,0.124268
temporal_fine_1e19,12,97,0.117371,0.100952
temporal_fine_1e19,12,98,0.085266,0.106140
temporal_fine_1e19,12,99,0.114075,0.072754
temporal_fine_1e19,12,100,0.102173,0.109558
temporal_fine_1e19,12,101,0.071594,0.079773
temporal_fine_1e19,12,102,0.115967,0.102783
temporal_fine_1e19,12,103,0.109619,0.108459
temporal_fine_1e19,12,104,0.046997,0.079163
temporal_fine_1e19,12,105,0.145874,0.087158
temporal_fine_1e19,12,106,0.086975,0.092224
temporal_fine_1e19,12,107,0.110962,0.110840
temporal_fine_1e19,12,108,0.085876,0.108032
temporal_fine_1e19,12,109,0.066162,0.082397
temporal_fine_1e19,12,110,0.119812,0.082397
temporal_fine_1e19,12,111,0.045471,0.100464
temporal_fine_1e19,12,112,0.089844,0.093323
temporal_fine_1e19,12,113,0.101685,0.088745
temporal_fine_1e19,12,114,0.057861,0.066895
temporal_fine_1e19,12,115,0.127380,0.093628
temporal_fine_1e19,12,116,0.101562,0.111633
temporal_fine_1e19,12,117,0.085266,0.056458
temporal_fine_1e19,12,118,0.099426,0.095642
temporal_fine_1e19,12,119,0.109375,0.083679
temporal_fine_1e19,12,120,0.113770,0.111816
temporal_fine_1e19,12,121,0.114868,0.146423
temporal_fine_1e19,12,122,0.094788,0.088013
temporal_fine_1e19,12,123,0.066650,0.073608
temporal_fine_1e19,12,124,0.065613,0.071106
temporal_fine_1e19,12,125,0.081055,0.147461
temporal_fine_1e19,12,126,0.103088,0.091064
temporal_fine_1e19,12,127,0.114624,0.105103
temporal_fine_1e19,12,128,0.073547,0.074402
temporal_fine_1e19,12,129,0.132568,0.112732
temporal_fine_1e19,12,130,0.137878,0.102600
temporal_fine_1e19,12,131,0.086304,0.077026
temporal_fine_1e19,12,132,0.059265,0.089783
temporal_fine_1e19,12,133,0.098633,0.116211
temporal_fine_1e19,12,134,0.121094,0.106873
temporal_fine_1e19,12,135,0.071167,0.099670
temporal_fine_1e19,12,136,0.074829,0.081665
temporal_fine_1e19,12,137,0.114075,0.085999
temporal_fine_1e19,12,138,0.117981,0.112854
temporal_fine_1e19,12,139,0.246765,0.233521
temporal_fine_1e19,12,140,0.088318,0.098206
temporal_fine_1e19,12,141,0.015137,0.029846
temporal_fine_1e19,12,142,0.069458,0.086304
temporal_fine_1e19,12,143,0.076721,0.084595
temporal_fine_1e19,12,144,0.138062,0.154236
temporal_fine_1e19,12,145,0.093445,0.089172
temporal_fine_1e19,12,146,0.154602,0.166565
temporal_fine_1e19,12,147,0.065186,0.087708
temporal_fine_1e19,12,148,0.145203,0.078857
temporal_fine_1e19,12,149,0.100281,0.100281
temporal_fine_1e19,12,150,0.145752,0.166992
temporal_fine_1e19,12,151,0.072998,0.081604
temporal_fine_1e19,12,152,0.051147,0.070312
temporal_fine_1e19,12,153,0.172119,0.164612
temporal_fine_1e19,12,154,0.031372,0.058167
temporal_fine_1e19,12,155,0.086487,0.118408
temporal_fine_1e19,12,156,0.140564,0.116394
temporal_fine_1e19,12,157,0.086121,0.086426
temporal_fine_1e19,12,158,0.091309,0.094727
temporal_fine_1e19,12,159,0.077637,0.073975
temporal_fine_1e19,12,160,0.081299,0.088196
temporal_fine_1e19,12,161,0.074097,0.080994
temporal_fine_1e19,12,162,0.088074,0.073181
temporal_fine_1e19,12,163,0.169861,0.164307
temporal_fine_1e19,12,164,0.036255,0.050476
temporal_fine_1e19,12,165,0.040649,0.064453
temporal_fine_1e19,12,166,0.089966,0.062866
temporal_fine_1e19,12,167,0.151306,0.145935
temporal_fine_1e19,12,168,0.112488,0.091614
temporal_fine_1e19,12,169,0.099182,0.110291
temporal_fine_1e19,12,170,0.130005,0.121094
temporal_fine_1e19,12,171,0.087952,0.089233
temporal_fine_1e19,12,172,0.057373,0.050293
temporal_fine_1e19,12,173,0.106689,0.087341
temporal_fine_1e19,12,174,0.069763,0.062622
temporal_fine_1e19,12,175,0.010986,0.024841
temporal_fine_1e19,12,176,0.085754,0.092468
temporal_fine_1e19,12,177,0.095703,0.083374
temporal_fine_1e19,12,178,0.021851,0.033508
temporal_fine_1e19,12,179,0.082947,0.095093
temporal_fine_1e19,12,180,0.086609,0.077332
temporal_fine_1e19,12,181,0.107117,0.105835
temporal_fine_1e19,12,182,0.096985,0.097900
temporal_fine_1e19,12,183,0.172913,0.177673
temporal_fine_1e19,12,184,0.073181,0.072876
temporal_fine_1e19,12,185,0.106506,0.096985
temporal_fine_1e19,12,186,0.088013,0.059204
temporal_fine_1e19,12,187,0.040222,0.048096
temporal_fine_1e19,12,188,0.100769,0.119690
temporal_fine_1e19,12,189,0.071777,0.058105
temporal_fine_1e19,12,190,0.026611,0.053528
temporal_fine_1e19,12,191,0.107605,0.063965
temporal_fine_1e19,13,0,0.105591,0.104919
temporal_fine_1e19,13,1,0.087708,0.114746
temporal_fine_1e19,13,2,0.054382,0.070190
temporal_fine_1e19,13,3,0.047729,0.071411
temporal_fine_1e19,13,4,0.104980,0.067078
temporal_fine_1e19,13,5,0.001404,0.016541
temporal_fine_1e19,13,6,0.035767,0.051941
temporal_fine_1e19,13,7,0.067261,0.077271
temporal_fine_1e19,13,8,0.101746,0.097534
temporal_fine_1e19,13,9,0.086914,0.090637
temporal_fine_1e19,13,10,0.107300,0.067139
temporal_fine_1e19,13,11,0.060303,0.066284
temporal_fine_1e19,13,12,0.092834,0.100952
temporal_fine_1e19,13,13,0.122009,0.102112
temporal_fine_1e19,13,14,0.056152,0.066406
temporal_fine_1e19,13,15,0.105957,0.159973
temporal_fine_1e19,13,16,0.114380,0.127441
temporal_fine_1e19,13,17,0.040833,0.037598
temporal_fine_1e19,13,18,0.149902,0.113770
temporal_fine_1e19,13,19,0.153076,0.152100
temporal_fine_1e19,13,20,0.127747,0.117859
temporal_fine_1e19,13,21,0.059692,0.057556
temporal_fine_1e19,13,22,0.079651,0.085754
temporal_fine_1e19,13,23,0.013428,0.039673
temporal_fine_1e19,13,24,0.119568,0.107971
temporal_fine_1e19,13,25,0.017822,0.043884
temporal_fine_1e19,13,26,0.182251,0.175476
temporal_fine_1e19,13,27,0.047791,0.051514
temporal_fine_1e19,13,28,0.165100,0.142517
temporal_fine_1e19,13,29,0.140747,0.123230
temporal_fine_1e19,13,30,0.065857,0.097412
temporal_fine_1e19,13,31,0.014771,0.062988
temporal_fine_1e19,13,32,0.108215,0.129028
temporal_fine_1e19,13,33,0.108398,0.114380
temporal_fine_1e19,13,34,0.134155,0.117859
temporal_fine_1e19,13,35,0.103699,0.096069
temporal_fine_1e19,13,36,0.107239,0.085693
temporal_fine_1e19,13,37,0.186218,0.181824
temporal_fine_1e19,13,38,0.173523,0.172974
temporal_fine_1e19,13,39,0.101257,0.111572
temporal_fine_1e19,13,40,0.097107,0.091309
temporal_fine_1e19,13,41,0.118958,0.097168
temporal_fine_1e19,13,42,0.056335,0.058289
temporal_fine_1e19,13,43,0.139282,0.132935
temporal_fine_1e19,13,44,0.040833,0.041016
temporal_fine_1e19,13,45,0.100586,0.124329
temporal_fine_1e19,13,46,0.092529,0.076233
temporal_fine_1e19,13,47,0.145874,0.152222
temporal_fine_1e19,13,48,0.109802,0.104187
temporal_fine_1e19,13,49,0.110291,0.095093
temporal_fine_1e19,13,50,0.076233,0.100464
temporal_fine_1e19,13,51,0.087830,0.106506
temporal_fine_1e19,13,52,0.189514,0.188049
temporal_fine_1e19,13,53,0.193237,0.151733
temporal_fine_1e19,13,54,0.068665,0.074463
temporal_fine_1e19,13,55,0.109863,0.117065
temporal_fine_1e19,13,56,0.101624,0.079895
temporal_fine_1e19,13,57,0.089600,0.099243
temporal_fine_1e19,13,58,0.092712,0.121643
temporal_fine_1e19,13,59,0.141357,0.115417
temporal_fine_1e19,13,60,0.101135,0.101746
temporal_fine_1e19,13,61,0.110962,0.095581
temporal_fine_1e19,13,62,0.101868,0.089111
temporal_fine_1e19,13,63,0.044983,0.047241
temporal_fine_1e19,13,64,0.044556,0.043701
temporal_fine_1e19,13,65,0.096924,0.099548
temporal_fine_1e19,13,66,0.116272,0.112549
temporal_fine_1e19,13,67,0.082336,0.094360
temporal_fine_1e19,13,68,0.115051,0.104858
temporal_fine_1e19,13,69,0.069824,0.068848
temporal_fine_1e19,13,70,0.104431,0.106323
temporal_fine_1e19,13,71,0.090759,0.081177
temporal_fine_1e19,13,72,0.103821,0.084229
temporal_fine_1e19,13,73,0.166626,0.138733
temporal_fine_1e19,13,74,0.040955,0.066589
temporal_fine_1e19,13,75,0.073059,0.090088
temporal_fine_1e19,13,76,0.118408,0.104919
temporal_fine_1e19,13,77,0.137024,0.140137
temporal_fine_1e19,13,78,0.109497,0.101501
temporal_fine_1e19,13,79,0.086060,0.097656
temporal_fine_1e19,13,80,0.178162,0.135620
temporal_fine_1e19,13,81,0.048767,0.092896
temporal_fine_1e19,13,82,0.064636,0.089783
temporal_fine_1e19,13,83,0.122620,0.102356
temporal_fine_1e19,13,84,0.130127,0.120483
temporal_fine_1e19,13,85,0.009216,0.022217
temporal_fine_1e19,13,86,0.103088,0.119507
temporal_fine_1e19,13,87,0.099243,0.093201
temporal_fine_1e19,13,88,0.122253,0.117004
temporal_fine_1e19,13,89,0.116455,0.135193
temporal_fine_1e19,13,90,0.226135,0.212158
temporal_fine_1e19,13,91,0.104187,0.119812
temporal_fine_1e19,13,92,0.216248,0.211426
temporal_fine_1e19,13,93,0.137207,0.125427
temporal_fine_1e19,13,94,0.096619,0.078735
temporal_fine_1e19,13,95,0.085938,0.090942
temporal_fine_1e19,13,96,0.076904,0.062500
temporal_fine_1e19,13,97,0.127075,0.131836
temporal_fine_1e19,13,98,0.014343,0.033691
temporal_fine_1e19,13,99,0.031738,0.047058
temporal_fine_1e19,13,100,0.082153,0.061523
temporal_fine_1e19,13,101,0.058960,0.084900
temporal_fine_1e19,13,102,0.066406,0.087524
temporal_fine_1e19,13,103,0.007019,0.027466
temporal_fine_1e19,13,104,0.119507,0.131348
temporal_fine_1e19,13,105,0.073242,0.071838
temporal_fine_1e19,13,106,0.109253,0.102905
temporal_fine_1e19,13,107,0.143127,0.125427
temporal_fine_1e19,13,108,0.113586,0.105957
temporal_fine_1e19,13,109,0.058655,0.072937
temporal_fine_1e19,13,110,0.001343,0.010986
temporal_fine_1e19,13,111,0.124146,0.115845
temporal_fine_1e19,13,112,0.074646,0.055542
temporal_fine_1e19,13,113,0.016785,0.036560
temporal_fine_1e19,13,114,0.109680,0.112122
temporal_fine_1e19,13,115,0.121765,0.086121
temporal_fine_1e19,13,116,0.048157,0.060181
temporal_fine_1e19,13,117,0.098022,0.076782
temporal_fine_1e19,13,118,0.195740,0.144775
temporal_fine_1e19,13,119,0.097351,0.074768
temporal_fine_1e19,13,120,0.009644,0.027283
temporal_fine_1e19,13,121,0.056152,0.102478
temporal_fine_1e19,13,122,0.067139,0.065857
temporal_fine_1e19,13,123,0.051208,0.077515
temporal_fine_1e19,13,124,0.011902,0.027832
temporal_fine_1e19,13,125,0.085938,0.121399
temporal_fine_1e19,13,126,0.095581,0.074951
temporal_fine_1e19,13,127,0.038757,0.090576
temporal_fine_1e19,13,128,0.103760,0.164673
temporal_fine_1e19,13,129,0.148865,0.093506
temporal_fine_1e19,13,130,0.021301,0.039307
temporal_fine_1e19,13,131,0.134827,0.120544
temporal_fine_1e19,13,132,0.080811,0.079529
temporal_fine_1e19,13,133,0.212463,0.153076
temporal_fine_1e19,13,134,0.012512,0.034851
temporal_fine_1e19,13,135,0.161072,0.158081
temporal_fine_1e19,13,136,0.161743,0.153992
temporal_fine_1e19,13,137,0.104004,0.157532
temporal_fine_1e19,13,138,0.114380,0.117920
temporal_fine_1e19,13,139,0.036987,0.033264
temporal_fine_1e19,13,140,0.026917,0.037048
temporal_fine_1e19,13,141,0.064331,0.079712
temporal_fine_1e19,13,142,0.104980,0.108337
temporal_fine_1e19,13,143,0.036194,0.043213
temporal_fine_1e19,13,144,0.121277,0.109375
temporal_fine_1e19,13,145,0.086548,0.092957
temporal_fine_1e19,13,146,0.161316,0.166687
temporal_fine_1e19,13,147,0.049316,0.052307
temporal_fine_1e19,13,148,0.021362,0.026123
temporal_fine_1e19,13,149,0.056091,0.088562
temporal_fine_1e19,13,150,0.142883,0.124512
temporal_fine_1e19,13,151,0.111938,0.059448
temporal_fine_1e19,13,152,0.053101,0.073730
temporal_fine_1e19,13,153,0.119324,0.107666
temporal_fine_1e19,13,154,0.107422,0.061646
temporal_fine_1e19,13,155,0.057739,0.064575
temporal_fine_1e19,13,156,0.057983,0.068054
temporal_fine_1e19,13,157,0.094727,0.101074
temporal_fine_1e19,13,158,0.099854,0.051819
temporal_fine_1e19,13,159,0.036560,0.056641
temporal_fine_1e19,13,160,0.112915,0.110474
temporal_fine_1e19,13,161,0.123291,0.121033
temporal_fine_1e19,13,162,0.060303,0.077271
temporal_fine_1e19,13,163,0.032410,0.050415
temporal_fine_1e19,13,164,0.112854,0.093750
temporal_fine_1e19,13,165,0.057983,0.088196
temporal_fine_1e19,13,166,0.100342,0.110046
temporal_fine_1e19,13,167,0.093079,0.096252
temporal_fine_1e19,13,168,0.109863,0.084412
temporal_fine_1e19,13,169,0.091431,0.069092
temporal_fine_1e19,13,170,0.067505,0.069641
temporal_fine_1e19,13,171,0.021301,0.026123
temporal_fine_1e19,13,172,0.122009,0.109314
temporal_fine_1e19,13,173,0.078308,0.073914
temporal_fine_1e19,13,174,0.118408,0.069153
temporal_fine_1e19,13,175,0.121643,0.077881
temporal_fine_1e19,13,176,0.100525,0.071533
temporal_fine_1e19,13,177,0.125427,0.103455
temporal_fine_1e19,13,178,0.130371,0.109924
temporal_fine_1e19,13,179,0.085266,0.086487
temporal_fine_1e19,13,180,0.028564,0.032104
temporal_fine_1e19,13,181,0.113281,0.098633
temporal_fine_1e19,13,182,0.117981,0.125061
temporal_fine_1e19,13,183,0.159058,0.138306
temporal_fine_1e19,13,184,0.093201,0.089233
temporal_fine_1e19,13,185,0.026978,0.046021
temporal_fine_1e19,13,186,0.111694,0.122742
temporal_fine_1e19,13,187,0.114319,0.126099
temporal_fine_1e19,13,188,0.061157,0.057678
temporal_fine_1e19,13,189,0.036743,0.058167
temporal_fine_1e19,13,190,0.106567,0.099915
temporal_fine_1e19,13,191,0.185669,0.185242
