run,layer,expert,out_l2_mean,sel_count,interm_max,interm_kurt,rlogit_mean,rlogit_std,rlogit_mean_res,rlogit_mean_nonres,gate_mean,gate_std
g1_moe,1,0,0.729454,8073,4.1875,0.985731,-4.58002,1.02426,,,0.15559,0.117501
g1_moe,1,1,0.786495,7482,4.34375,1.26869,-4.42148,0.955285,,,0.173282,0.0871447
g1_moe,1,2,0.782133,6759,4.0625,2.84342,-4.55152,0.926843,,,0.166059,0.0980335
g1_moe,1,3,0.568633,6029,3.85938,2.88524,-4.79239,1.04155,,,0.229198,0.109934
g1_moe,1,4,0.618343,5857,4.0625,1.68576,-4.63081,0.948871,,,0.207078,0.133382
g1_moe,1,5,0.842839,7478,4.84375,0.866189,-4.76408,1.17649,,,0.141388,0.0857845
g1_moe,1,6,0.769508,5526,4.53125,1.69608,-4.51485,0.862686,,,0.126014,0.105513
g1_moe,1,7,0.786111,5478,5.5,1.14301,-4.82601,1.04668,,,0.150424,0.107903
g1_moe,1,8,0.839819,6152,4.5625,1.02485,-4.98101,1.19688,,,0.197926,0.135897
g1_moe,1,9,0.636652,5943,4.09375,1.39552,-5.04209,1.10985,,,0.146407,0.0774451
g1_moe,1,10,0.748656,5222,5.0625,1.31093,-4.61806,1.06165,,,0.245737,0.20413
g1_moe,1,11,0.715802,5575,4,1.98764,-4.68082,0.944528,,,0.145131,0.0731297
g1_moe,1,12,0.732839,5830,5.0625,1.52427,-4.8539,1.04287,,,0.157415,0.0862773
g1_moe,1,13,0.871919,6303,5.03125,1.38604,-4.66016,1.03224,,,0.171065,0.113691
g1_moe,1,14,0.878814,7120,4.09375,0.825289,-4.36863,0.825239,,,0.131677,0.0762127
g1_moe,1,15,0.641523,5478,3.60938,1.01521,-4.45738,0.838069,,,0.147437,0.107064
g1_moe,1,16,0.936059,6136,4.28125,1.08981,-5.03106,1.17839,,,0.169512,0.104762
g1_moe,1,17,1.07273,5536,4.6875,1.02021,-4.76021,1.02948,,,0.191198,0.115961
g1_moe,1,18,0.702207,6071,4.15625,1.63357,-4.80985,1.02241,,,0.143459,0.0891744
g1_moe,1,19,0.834764,6760,4.21875,0.868441,-5.61652,1.69197,,,0.224126,0.150946
g1_moe,1,20,0.821685,5598,4.03125,0.858968,-5.28222,1.34389,,,0.170842,0.108205
g1_moe,1,21,0.855735,6886,4.53125,0.977234,-4.37906,0.899403,,,0.170151,0.130154
g1_moe,1,22,0.561288,6194,4.15625,3.32956,-5.19832,1.14248,,,0.18076,0.0989417
g1_moe,1,23,0.914456,6168,4.53125,1.05123,-4.95733,1.13356,,,0.173535,0.10015
g1_moe,1,24,0.882525,6156,4.15625,1.02831,-5.31109,1.3742,,,0.17893,0.108511
g1_moe,1,25,0.597747,6381,5.96875,2.22135,-4.67507,0.901941,,,0.158303,0.0796011
g1_moe,1,26,0.869664,5703,4.40625,1.51556,-4.52217,0.812415,,,0.174086,0.0997789
g1_moe,1,27,0.950458,5769,4.6875,0.998694,-4.9965,1.15471,,,0.182441,0.111187
g1_moe,1,28,0.815377,6066,3.8125,1.18148,-4.51242,0.907995,,,0.139273,0.0776297
g1_moe,1,29,0.982898,6336,4.15625,0.997386,-5.38106,1.44201,,,0.182639,0.112396
g1_moe,1,30,0.596918,5980,4.53125,2.59405,-4.80812,0.975219,,,0.137752,0.0846452
g1_moe,1,31,0.534916,6703,3.84375,2.59517,-4.25905,0.821464,,,0.186668,0.134148
g1_moe,1,32,0.748261,5619,3.89062,1.08839,-4.89816,1.05307,,,0.131329,0.0795915
g1_moe,1,33,0.784884,5630,4.28125,1.15468,-4.81866,1.04259,,,0.173814,0.120719
g1_moe,1,34,0.62418,5734,3.79688,1.12094,-4.50547,0.907934,,,0.152241,0.121307
g1_moe,1,35,0.646074,5889,3.98438,2.11355,-4.81572,1.10228,,,0.212862,0.145667
g1_moe,1,36,0.554632,6419,4.5625,3.51353,-5.20984,1.17168,,,0.197047,0.0999335
g1_moe,1,37,0.764896,6248,3.75,0.759137,-4.65698,1.00442,,,0.154948,0.0989543
g1_moe,1,38,0.696709,5764,4.28125,1.04603,-4.6655,0.939046,,,0.144902,0.0810795
g1_moe,1,39,0.525303,5215,3.5,1.26366,-4.53349,0.882742,,,0.214478,0.223242
g1_moe,1,40,0.963658,6228,4.21875,1.08061,-5.02621,1.16032,,,0.148309,0.0901709
g1_moe,1,41,0.647636,6494,4.53125,2.40412,-4.23812,0.664066,,,0.114373,0.0662351
g1_moe,1,42,0.62074,5148,4.09375,1.28834,-4.47023,0.966182,,,0.306065,0.257287
g1_moe,1,43,0.935626,6382,4.6875,0.950005,-5.24296,1.36258,,,0.156772,0.0844185
g1_moe,1,44,0.935764,6120,4.53125,0.959909,-4.93472,1.11815,,,0.175841,0.1144
g1_moe,1,45,0.890147,7380,4.25,1.13623,-4.41996,0.912545,,,0.176407,0.0964112
g1_moe,1,46,0.852477,5597,4.5625,1.23555,-5.12136,1.25648,,,0.178052,0.105457
g1_moe,1,47,0.788485,6834,3.92188,0.998486,-4.54545,0.926872,,,0.145008,0.0947858
g1_moe,1,48,0.876303,5705,4.78125,1.14832,-4.93926,1.01488,,,0.155938,0.103133
g1_moe,1,49,0.679699,5741,3.95312,0.895373,-4.85401,1.14023,,,0.155315,0.112139
g1_moe,1,50,0.85123,5752,4.125,0.984664,-4.98244,1.11785,,,0.149881,0.0813145
g1_moe,1,51,0.757309,5410,4.3125,1.5185,-4.45772,0.741094,,,0.114808,0.0759939
g1_moe,1,52,0.684983,5562,4.28125,1.14323,-4.77019,0.949632,,,0.171095,0.124812
g1_moe,1,53,0.899192,5997,3.92188,0.66046,-5.30594,1.46374,,,0.167218,0.0994083
g1_moe,1,54,0.75136,5687,4.15625,1.57443,-4.52886,0.825299,,,0.148376,0.0893397
g1_moe,1,55,0.717751,5495,4.8125,2.29595,-5.14452,1.10995,,,0.108041,0.0980961
g1_moe,1,56,0.867408,6384,4.28125,0.959389,-4.53977,0.969554,,,0.158355,0.0995732
g1_moe,1,57,0.754,6532,3.64062,1.11205,-4.67927,1.0414,,,0.144562,0.075003
g1_moe,1,58,0.765679,6795,4.15625,0.925389,-4.55518,0.975747,,,0.138689,0.093352
g1_moe,1,59,0.794076,8017,4.40625,1.09406,-4.84301,1.20952,,,0.178922,0.106319
g1_moe,1,60,0.85973,6117,3.84375,0.795865,-5.43986,1.51825,,,0.179769,0.111548
g1_moe,1,61,0.761579,6019,4.1875,0.958669,-4.70323,0.993866,,,0.1551,0.0988766
g1_moe,1,62,0.842094,5873,4.09375,0.996777,-5.25068,1.34676,,,0.166285,0.104416
g1_moe,1,63,0.583334,6681,4.09375,2.42125,-4.82634,1.01907,,,0.163857,0.0771595
g1_moe,2,0,0.811924,6281,3.92188,0.656334,-5.45852,1.44737,,,0.17643,0.119668
g1_moe,2,1,0.741279,6638,4.125,0.841634,-5.18816,1.1614,,,0.128397,0.0839823
g1_moe,2,2,0.831415,6865,4.59375,1.56048,-4.92127,1.07037,,,0.125886,0.079026
g1_moe,2,3,0.809737,5659,4.5625,1.07274,-4.91639,1.09658,,,0.168656,0.107645
g1_moe,2,4,0.864112,6160,4.21875,0.839545,-4.74364,0.957008,,,0.118672,0.0824995
g1_moe,2,5,0.918269,5257,4,0.500913,-5.0325,1.18071,,,0.159728,0.128788
g1_moe,2,6,0.679483,6301,3.85938,1.79347,-4.93084,1.15036,,,0.197181,0.12212
g1_moe,2,7,0.866244,5631,4.3125,0.853998,-5.08101,1.1566,,,0.175795,0.123941
g1_moe,2,8,0.893577,5907,4.53125,0.755488,-4.95639,1.09375,,,0.15925,0.11922
g1_moe,2,9,0.876378,6880,3.98438,0.625657,-4.96079,1.19918,,,0.161736,0.116483
g1_moe,2,10,0.970306,5837,4.9375,0.643798,-5.16167,1.16671,,,0.127158,0.0944313
g1_moe,2,11,0.79185,8945,3.71875,0.493477,-4.80692,1.22546,,,0.140007,0.107441
g1_moe,2,12,0.797946,5539,4,0.908919,-4.62349,1.01755,,,0.233792,0.14312
g1_moe,2,13,0.794623,5624,5.21875,1.28423,-4.84448,1.07254,,,0.25665,0.119114
g1_moe,2,14,0.800928,5590,4.65625,1.15448,-4.91749,1.05043,,,0.183782,0.121383
g1_moe,2,15,0.665896,6307,4.84375,1.93316,-4.71274,1.03731,,,0.199835,0.116709
g1_moe,2,16,0.802184,5555,4.3125,1.13579,-4.87753,1.04475,,,0.113061,0.0966808
g1_moe,2,17,1.03263,6558,5.25,0.846222,-5.1528,1.26033,,,0.186362,0.109573
g1_moe,2,18,0.943342,5473,4.625,1.06125,-5.23525,1.23935,,,0.133298,0.0958443
g1_moe,2,19,0.8061,5580,4.8125,1.45444,-5.20172,1.1729,,,0.166313,0.0922336
g1_moe,2,20,0.74913,6084,4.78125,1.5243,-4.91164,1.07681,,,0.112185,0.075546
g1_moe,2,21,0.640355,5975,3.875,1.22617,-4.75778,1.03176,,,0.204748,0.232535
g1_moe,2,22,0.858538,5807,4.3125,1.03785,-5.116,1.12132,,,0.136843,0.0917743
g1_moe,2,23,0.822428,5841,5.5,1.67494,-5.09996,1.13002,,,0.136935,0.0854076
g1_moe,2,24,0.875054,6238,4.4375,1.30383,-4.98955,1.23681,,,0.137862,0.0991272
g1_moe,2,25,0.710882,5991,4.6875,2.40149,-5.10569,1.14306,,,0.158497,0.101253
g1_moe,2,26,0.916336,5876,4.0625,0.850928,-5.20409,1.15868,,,0.136818,0.0934964
g1_moe,2,27,0.7634,5821,4.75,1.29664,-5.01159,1.15874,,,0.182632,0.109435
g1_moe,2,28,0.919152,6291,4.75,0.924193,-5.08014,1.23474,,,0.145114,0.0947174
g1_moe,2,29,0.815682,6596,4.4375,0.798353,-4.84199,1.08866,,,0.134794,0.0815396
g1_moe,2,30,0.904389,5546,4.40625,1.08532,-5.29253,1.26209,,,0.173771,0.117864
g1_moe,2,31,0.909428,5466,4.4375,0.723056,-5.19185,1.19018,,,0.149878,0.101209
g1_moe,2,32,0.878463,6443,4.28125,0.722654,-5.45722,1.44019,,,0.149576,0.0941038
g1_moe,2,33,0.673241,6212,4.6875,1.78089,-4.83694,0.970457,,,0.132575,0.0726098
g1_moe,2,34,0.954689,5448,4.96875,0.756752,-5.06228,1.21399,,,0.201988,0.13603
g1_moe,2,35,0.850782,6850,4.34375,0.690552,-5.05526,1.27659,,,0.141432,0.093736
g1_moe,2,36,0.882536,6122,4.375,1.02435,-4.91601,1.01525,,,0.117507,0.085523
g1_moe,2,37,0.858592,5932,4.6875,0.680285,-5.14772,1.27835,,,0.151135,0.107093
g1_moe,2,38,0.840649,5437,4.59375,0.926386,-4.74649,0.995629,,,0.176964,0.159486
g1_moe,2,39,0.872898,6353,4.1875,0.580273,-4.84505,1.15499,,,0.150048,0.102843
g1_moe,2,40,0.524037,6501,3.95312,1.79665,-5.04038,1.2515,,,0.320126,0.153597
g1_moe,2,41,0.832623,6525,4.4375,1.01058,-5.28835,1.3568,,,0.151359,0.102226
g1_moe,2,42,0.888468,5610,4.15625,0.721338,-5.13052,1.23462,,,0.175753,0.118702
g1_moe,2,43,0.793359,5683,4.5625,0.882607,-4.80701,1.01184,,,0.198665,0.144066
g1_moe,2,44,0.923216,5747,4.5625,0.768657,-5.14663,1.24723,,,0.195892,0.135402
g1_moe,2,45,0.881241,6658,4.03125,0.766384,-5.18629,1.2868,,,0.173283,0.096985
g1_moe,2,46,0.937587,7742,4.625,1.26027,-4.80358,1.08224,,,0.146492,0.0814841
g1_moe,2,47,0.854016,5737,4.375,1.03198,-5.10356,1.16486,,,0.198284,0.134437
g1_moe,2,48,0.852577,7768,4.53125,1.50866,-4.89781,1.2178,,,0.144943,0.1065
g1_moe,2,49,0.76031,5440,4.53125,1.31714,-4.86783,1.02054,,,0.165921,0.111211
g1_moe,2,50,0.91593,5617,4.1875,0.885819,-4.92161,1.09053,,,0.193255,0.136639
g1_moe,2,51,0.733027,6661,4.34375,1.01606,-4.8592,1.13608,,,0.181776,0.162963
g1_moe,2,52,0.671224,6979,4.28125,0.532705,-4.25203,0.909739,,,0.231884,0.212571
g1_moe,2,53,0.920411,6090,4.34375,0.885934,-5.7153,1.62,,,0.198742,0.132521
g1_moe,2,54,0.951237,6006,5.53125,1.17078,-5.162,1.26583,,,0.182915,0.127072
g1_moe,2,55,0.742343,6037,3.95312,0.811836,-4.69863,1.03017,,,0.218545,0.18462
g1_moe,2,56,0.756769,5867,5.84375,2.27386,-4.95318,1.07276,,,0.214438,0.124648
g1_moe,2,57,0.890033,5444,4.3125,1.12369,-5.10548,1.13909,,,0.175083,0.114518
g1_moe,2,58,0.731932,6392,4.1875,1.01222,-5.12894,1.16105,,,0.121611,0.0915486
g1_moe,2,59,0.588948,5412,4.03125,2.14987,-4.77719,0.945842,,,0.172393,0.143406
g1_moe,2,60,0.907275,5493,6.0625,0.778216,-4.97049,1.08458,,,0.155081,0.134539
g1_moe,2,61,0.824808,6955,4.15625,0.788502,-4.68003,1.08961,,,0.141838,0.0885998
g1_moe,2,62,0.732714,6850,3.92188,1.05495,-4.78134,1.07318,,,0.123437,0.0875284
g1_moe,2,63,0.927,7086,3.89062,0.706421,-5.63095,1.59033,,,0.184923,0.125973
g1_moe,3,0,0.855358,6092,4.46875,0.939571,-5.07407,1.23612,,,0.166366,0.100879
g1_moe,3,1,0.962953,5377,4.28125,0.766576,-4.75402,1.0468,,,0.151576,0.118139
g1_moe,3,2,0.807415,6930,4.9375,1.52828,-4.88061,1.10373,,,0.150524,0.0827882
g1_moe,3,3,0.790198,7151,5,1.03381,-4.74136,1.10029,,,0.168848,0.119595
g1_moe,3,4,0.911597,5409,5.0625,0.821979,-4.97992,1.1395,,,0.143073,0.096624
g1_moe,3,5,0.74263,5965,4.5625,0.957287,-5.14718,1.12842,,,0.133467,0.0831789
g1_moe,3,6,0.844872,5594,5.125,0.75945,-4.83352,1.11043,,,0.173014,0.115571
g1_moe,3,7,0.920162,5459,4.46875,0.984119,-5.03239,1.13732,,,0.155942,0.107067
g1_moe,3,8,0.81179,5660,5.4375,1.59806,-4.55038,0.949334,,,0.171286,0.129752
g1_moe,3,9,0.897482,6295,4.34375,0.777352,-5.01994,1.2014,,,0.152425,0.108865
g1_moe,3,10,0.851495,6986,4.03125,0.564867,-5.08809,1.3317,,,0.165206,0.0991011
g1_moe,3,11,1.0042,7268,4.15625,0.636877,-5.15096,1.31806,,,0.151982,0.0882599
g1_moe,3,12,0.653479,6635,5.15625,2.33682,-4.95451,1.27247,,,0.330863,0.159318
g1_moe,3,13,0.93591,5833,4.6875,0.665019,-5.23755,1.33434,,,0.16392,0.109575
g1_moe,3,14,0.91953,5560,4.6875,1.02923,-5.12531,1.24316,,,0.18062,0.112091
g1_moe,3,15,1.15092,7172,5,0.853299,-5.50675,1.50907,,,0.181087,0.0959303
g1_moe,3,16,0.897717,5949,3.85938,0.830175,-5.13977,1.35392,,,0.147019,0.0961846
g1_moe,3,17,1.01747,5376,4.28125,0.600957,-4.72717,0.996808,,,0.139416,0.0952353
g1_moe,3,18,0.938091,9450,4.25,0.95147,-4.82977,1.25302,,,0.173606,0.0982993
g1_moe,3,19,1.02166,6483,4.84375,1.22363,-5.47072,1.42637,,,0.19194,0.125427
g1_moe,3,20,0.942026,5676,4.0625,0.695914,-4.95317,1.16653,,,0.178888,0.148254
g1_moe,3,21,1.02586,5637,5.5625,0.938955,-5.00952,1.20828,,,0.139253,0.0975634
g1_moe,3,22,0.956503,7417,4.96875,1.01379,-4.76287,1.17921,,,0.183569,0.120952
g1_moe,3,23,0.868155,6005,5.0625,0.995912,-4.90707,1.03555,,,0.15826,0.0970269
g1_moe,3,24,0.948411,6954,4.375,0.914829,-4.7331,1.10605,,,0.140316,0.0942204
g1_moe,3,25,0.941923,6453,3.85938,0.704934,-5.62479,1.64907,,,0.170858,0.0962719
g1_moe,3,26,0.895619,5964,4.4375,1.08178,-5.1889,1.28375,,,0.16384,0.0942108
g1_moe,3,27,0.929341,5612,4.5,0.723661,-5.03413,1.16326,,,0.149758,0.11088
g1_moe,3,28,0.873361,5425,4.8125,1.1278,-4.72966,1.05455,,,0.288489,0.164431
g1_moe,3,29,0.943949,6223,5.4375,0.998027,-4.89082,1.09891,,,0.131462,0.0965983
g1_moe,3,30,0.638324,5612,3.9375,0.731846,-4.8359,1.1042,,,0.298951,0.183424
g1_moe,3,31,0.962463,7955,4.65625,2.0256,-5.2905,1.38027,,,0.192813,0.0843136
g1_moe,3,32,0.891609,5781,5.53125,1.35123,-5.48134,1.49043,,,0.15812,0.0940627
g1_moe,3,33,1.00164,5555,5.59375,1.36858,-4.86118,1.04691,,,0.163157,0.108754
g1_moe,3,34,0.850811,5795,4.125,0.808634,-4.86491,1.14028,,,0.140189,0.0933944
g1_moe,3,35,0.984935,5604,4.78125,1.07542,-4.81096,1.01731,,,0.172222,0.126468
g1_moe,3,36,0.935036,5720,4.75,0.823575,-5.11204,1.28219,,,0.178622,0.138018
g1_moe,3,37,0.944832,5490,4.84375,1.17415,-4.63827,0.880142,,,0.144429,0.0950493
g1_moe,3,38,0.772014,6297,3.82812,1.09417,-5.04586,1.20207,,,0.141939,0.0977592
g1_moe,3,39,0.977141,5655,4.53125,0.663957,-4.91186,1.14044,,,0.17344,0.126731
g1_moe,3,40,1.02683,6033,5.0625,1.05147,-5.15024,1.257,,,0.213654,0.136623
g1_moe,3,41,0.908102,6799,4.3125,0.641921,-4.98978,1.22559,,,0.133024,0.0834001
g1_moe,3,42,0.846655,6288,4.34375,0.726187,-4.75941,1.0287,,,0.137787,0.0917353
g1_moe,3,43,0.960911,5618,5.40625,1.23454,-4.87027,1.11093,,,0.212957,0.140634
g1_moe,3,44,0.922135,5520,4.375,0.689183,-5.09855,1.22192,,,0.159601,0.0967209
g1_moe,3,45,0.836949,6444,4.4375,0.762624,-4.75376,1.09109,,,0.134376,0.0912816
g1_moe,3,46,0.901562,6063,4.28125,0.77017,-5.10063,1.25188,,,0.144936,0.0937319
g1_moe,3,47,0.9723,5441,5.03125,0.994002,-5.02167,1.12388,,,0.15382,0.100227
g1_moe,3,48,1.09606,5246,4.84375,0.82063,-5.31441,1.29894,,,0.201369,0.138734
g1_moe,3,49,1.06763,5570,4.9375,0.948426,-4.94552,1.08754,,,0.187721,0.115369
g1_moe,3,50,0.858615,6332,4.4375,1.28593,-5.07793,1.14839,,,0.129284,0.0791191
g1_moe,3,51,0.857359,5549,4.90625,1.16561,-4.94093,1.12638,,,0.141778,0.0978435
g1_moe,3,52,0.949336,6272,4.6875,0.75996,-5.19518,1.32717,,,0.156504,0.10293
g1_moe,3,53,1.06888,5173,4.71875,0.882343,-5.30683,1.27269,,,0.167372,0.12608
g1_moe,3,54,1.13745,7102,4.84375,0.97029,-5.4174,1.43027,,,0.170769,0.0946997
g1_moe,3,55,1.01109,5387,5.53125,1.05946,-5.0048,1.11564,,,0.171871,0.118073
g1_moe,3,56,0.957715,7206,4.875,0.692494,-5.14091,1.35395,,,0.177654,0.115984
g1_moe,3,57,0.918157,6735,5.9375,1.32442,-5.00572,1.11868,,,0.126617,0.080184
g1_moe,3,58,0.986416,5619,5.1875,0.742497,-4.86685,1.09021,,,0.132255,0.0903924
g1_moe,3,59,0.810419,6104,5.1875,1.03113,-5.08343,1.23589,,,0.124786,0.0758888
g1_moe,3,60,0.960144,5622,5.3125,1.06853,-5.09626,1.23385,,,0.141118,0.099477
g1_moe,3,61,0.825892,8011,4.6875,1.55953,-4.9877,1.29701,,,0.166911,0.091371
g1_moe,3,62,0.975814,5809,4.46875,0.705886,-4.76965,1.04032,,,0.143883,0.0968746
g1_moe,3,63,0.972623,5799,4.53125,0.761888,-5.07093,1.23951,,,0.174218,0.131836
g1_moe,4,0,0.989282,4805,5.0625,0.910481,-4.62811,0.918046,,,0.196521,0.181113
g1_moe,4,1,1.19154,5726,4.96875,0.625161,-4.98732,1.12746,,,0.151069,0.108806
g1_moe,4,2,0.95123,5709,4.375,0.818425,-5.24752,1.4002,,,0.17047,0.13918
g1_moe,4,3,1.00536,6442,4.5,0.95452,-4.85462,1.11614,,,0.14641,0.0741578
g1_moe,4,4,0.972388,8160,4.59375,1.14254,-4.88334,1.19142,,,0.160956,0.085167
g1_moe,4,5,1.05881,5935,4.84375,0.858786,-5.61081,1.46193,,,0.178467,0.100213
g1_moe,4,6,1.0209,6031,4.46875,0.866791,-5.36175,1.39422,,,0.145028,0.0819433
g1_moe,4,7,1.1593,5775,7.65625,1.58885,-5.04487,1.08075,,,0.191485,0.110762
g1_moe,4,8,1.11259,5716,5.09375,1.04074,-5.03357,1.10235,,,0.126369,0.089161
g1_moe,4,9,1.00826,5341,5.375,0.90406,-4.77071,0.97086,,,0.195431,0.160141
g1_moe,4,10,1.00931,6622,4.5,0.784201,-4.88584,1.15591,,,0.168362,0.140708
g1_moe,4,11,1.07108,8566,4.3125,0.787934,-4.84697,1.21645,,,0.151028,0.0954088
g1_moe,4,12,1.1125,6037,4.53125,0.833496,-5.13041,1.19112,,,0.190861,0.119628
g1_moe,4,13,1.25326,5940,5.375,1.19975,-5.05831,1.22184,,,0.190535,0.104631
g1_moe,4,14,1.07417,6542,5.59375,0.998419,-4.76286,1.03846,,,0.138852,0.100914
g1_moe,4,15,0.990423,5890,5.09375,1.07104,-5.13057,1.23792,,,0.159235,0.0938863
g1_moe,4,16,1.00229,6069,4.78125,0.839387,-5.35183,1.32501,,,0.13271,0.0805123
g1_moe,4,17,1.00582,6446,4.6875,0.891173,-5.13263,1.31507,,,0.190908,0.111754
g1_moe,4,18,1.13946,5584,5.5,1.18758,-5.05538,1.19413,,,0.170421,0.112088
g1_moe,4,19,1.24409,5683,5.125,1.08075,-4.99156,1.10271,,,0.178485,0.109971
g1_moe,4,20,1.10858,6118,4.875,1.09316,-5.28594,1.32722,,,0.134481,0.0930307
g1_moe,4,21,0.885574,6172,4.3125,0.828732,-4.64454,0.997332,,,0.176174,0.107987
g1_moe,4,22,0.971164,5774,4.5,1.00377,-4.892,1.01582,,,0.165755,0.113818
g1_moe,4,23,1.10886,6355,4.9375,0.786041,-4.88111,1.22123,,,0.169213,0.109897
g1_moe,4,24,0.892478,6861,4.375,0.824991,-5.04126,1.17847,,,0.161631,0.0978886
g1_moe,4,25,1.08631,5811,4.5625,0.953637,-5.14775,1.27248,,,0.162581,0.108086
g1_moe,4,26,1.17996,6678,5.09375,0.93533,-4.99663,1.19234,,,0.133624,0.0917315
g1_moe,4,27,1.16731,5562,4.84375,0.764992,-4.80367,1.06419,,,0.135956,0.0876301
g1_moe,4,28,1.00203,5290,4.40625,0.904715,-4.85995,1.08115,,,0.217166,0.190031
g1_moe,4,29,1.06424,8175,4.90625,1.11289,-4.98311,1.33415,,,0.181576,0.0999815
g1_moe,4,30,0.861347,5662,3.875,0.870174,-5.08793,1.15065,,,0.224006,0.112439
g1_moe,4,31,1.04216,6611,4.9375,0.897242,-4.76528,1.04906,,,0.14013,0.0937197
g1_moe,4,32,1.07663,5589,5.0625,0.939477,-5.10421,1.21606,,,0.166127,0.120585
g1_moe,4,33,0.928111,6733,5.25,1.28763,-4.99013,1.18098,,,0.159896,0.0864504
g1_moe,4,34,0.952174,6111,4.75,0.886322,-5.11557,1.2548,,,0.152656,0.097526
g1_moe,4,35,1.18592,5929,4.75,0.837922,-5.1677,1.23847,,,0.167756,0.100974
g1_moe,4,36,0.950624,5982,4.3125,0.94816,-4.85127,1.12807,,,0.182833,0.110829
g1_moe,4,37,0.915247,5799,4.21875,0.632259,-5.14085,1.28651,,,0.145379,0.0960642
g1_moe,4,38,1.05136,6672,4.96875,0.900361,-5.04469,1.15777,,,0.171277,0.0941129
g1_moe,4,39,1.18543,5449,5,0.776507,-4.80603,1.0482,,,0.195075,0.129634
g1_moe,4,40,1.00342,5498,5.5625,1.17433,-5.50949,1.46026,,,0.165222,0.100848
g1_moe,4,41,0.991514,5605,5.40625,1.15476,-5.06008,1.13209,,,0.14903,0.10512
g1_moe,4,42,0.889871,6648,4.34375,0.865089,-4.84657,1.09842,,,0.146866,0.101015
g1_moe,4,43,0.907284,5419,4.625,1.11409,-5.02039,1.09152,,,0.169536,0.11446
g1_moe,4,44,0.958905,5882,5,1.03489,-5.2502,1.24141,,,0.155128,0.108315
g1_moe,4,45,0.911933,6626,5.0625,0.962024,-5.23018,1.36149,,,0.154301,0.0999506
g1_moe,4,46,1.06015,5958,4.875,1.14246,-5.07553,1.19268,,,0.150968,0.112893
g1_moe,4,47,1.06199,5751,4.96875,0.960683,-4.89414,1.03978,,,0.159377,0.105763
g1_moe,4,48,0.872343,7039,4.8125,0.779036,-4.42991,0.986978,,,0.201697,0.158068
g1_moe,4,49,1.00744,6727,4.125,0.730751,-4.82953,1.03193,,,0.153482,0.105697
g1_moe,4,50,0.889986,5901,5.3125,1.21967,-4.64296,0.967254,,,0.169126,0.125672
g1_moe,4,51,1.03722,5441,4.40625,0.800883,-4.66344,0.893957,,,0.162409,0.126742
g1_moe,4,52,1.15926,6308,4.84375,0.781608,-5.3243,1.33814,,,0.165069,0.0958232
g1_moe,4,53,0.911122,7460,4.25,0.703918,-4.82267,1.09871,,,0.141213,0.0912571
g1_moe,4,54,1.09946,5362,4.90625,0.817549,-4.99591,1.11295,,,0.152493,0.120051
g1_moe,4,55,1.07387,5609,4.65625,0.892749,-4.69371,0.945814,,,0.161956,0.12264
g1_moe,4,56,1.02368,6495,4.34375,0.74972,-5.01018,1.2471,,,0.159717,0.102137
g1_moe,4,57,1.036,7351,5.375,0.830745,-4.95037,1.29644,,,0.191523,0.119496
g1_moe,4,58,0.993074,5495,5.90625,1.14583,-5.29581,1.33958,,,0.177929,0.113403
g1_moe,4,59,1.04914,5663,5.40625,0.980393,-5.14763,1.19343,,,0.150094,0.113455
g1_moe,4,60,0.851586,6904,4.96875,1.82638,-5.14855,1.39884,,,0.244651,0.169936
g1_moe,4,61,0.939523,6394,4.4375,0.641448,-4.9372,1.18246,,,0.18027,0.111507
g1_moe,4,62,0.934178,5934,5.1875,1.2213,-5.09146,1.20952,,,0.1787,0.125118
g1_moe,4,63,0.956872,5394,5.75,0.71177,-4.892,1.01762,,,0.16372,0.133731
g1_moe,5,0,1.28229,5973,5.6875,0.848118,-4.88873,1.03836,,,0.12463,0.0779223
g1_moe,5,1,1.28328,7630,4.5625,0.832061,-4.91942,1.16312,,,0.146159,0.108599
g1_moe,5,2,1.3484,5817,5.5,0.844283,-5.0945,1.17574,,,0.167618,0.114649
g1_moe,5,3,1.26691,5525,5.3125,0.988519,-5.07742,1.14368,,,0.184325,0.121041
g1_moe,5,4,1.43512,5756,5.46875,0.942213,-5.16468,1.12169,,,0.170554,0.125894
g1_moe,5,5,1.23342,5557,4.78125,0.917782,-5.13263,1.16124,,,0.195913,0.134319
g1_moe,5,6,1.18068,5440,5.28125,0.782481,-5.01267,1.04532,,,0.136222,0.0933189
g1_moe,5,7,1.18215,5793,5.15625,0.78236,-5.22147,1.31071,,,0.189082,0.134298
g1_moe,5,8,1.48517,6078,5.34375,1.21291,-4.90016,1.03206,,,0.184595,0.112712
g1_moe,5,9,1.00378,5870,4.125,0.991828,-4.83715,1.04481,,,0.198467,0.159083
g1_moe,5,10,1.22683,6030,5.125,0.790389,-5.23234,1.25374,,,0.173443,0.106917
g1_moe,5,11,1.24919,6158,4.53125,0.898921,-5.20556,1.17826,,,0.163401,0.109597
g1_moe,5,12,1.36848,6865,5.5625,1.16,-5.06625,1.14847,,,0.173709,0.101539
g1_moe,5,13,1.18468,5314,5.25,1.12203,-4.74224,0.903976,,,0.134939,0.0973204
g1_moe,5,14,1.17952,5705,4.46875,0.543032,-4.76509,0.977355,,,0.162805,0.12107
g1_moe,5,15,1.27024,5853,5.15625,0.731382,-4.96262,1.10136,,,0.147647,0.108091
g1_moe,5,16,1.23532,7785,4.71875,0.723765,-4.57071,1.0333,,,0.165447,0.130598
g1_moe,5,17,1.09554,5621,4.90625,1.12933,-5.26859,1.28818,,,0.192954,0.109058
g1_moe,5,18,1.1095,6277,4.90625,1.05003,-5.24908,1.25844,,,0.166576,0.0950841
g1_moe,5,19,1.16814,5807,6.15625,0.982888,-4.84392,1.03866,,,0.148358,0.0996363
g1_moe,5,20,1.18481,6018,4.96875,0.794944,-4.7132,0.929321,,,0.125576,0.0850857
g1_moe,5,21,1.31727,5576,5.0625,0.886349,-4.99147,1.11762,,,0.172312,0.132019
g1_moe,5,22,1.09504,7004,4.59375,0.758073,-4.54683,0.896064,,,0.146682,0.0827953
g1_moe,5,23,1.07131,7969,5,1.02437,-4.71202,1.12849,,,0.167246,0.114266
g1_moe,5,24,1.00077,5626,6.0625,1.20709,-4.54067,0.902981,,,0.233287,0.180403
g1_moe,5,25,1.23065,5938,5.25,1.00817,-4.91226,1.02224,,,0.150946,0.115783
g1_moe,5,26,1.20627,5978,5.15625,1.01411,-4.68989,0.880563,,,0.127009,0.0828185
g1_moe,5,27,1.19695,5561,5.28125,0.875819,-4.82642,0.981918,,,0.167086,0.144344
g1_moe,5,28,1.2845,5617,5.03125,0.798421,-4.88543,1.04472,,,0.166752,0.127686
g1_moe,5,29,1.08034,6215,5.0625,1.43401,-4.83703,1.01738,,,0.178961,0.0916915
g1_moe,5,30,1.2507,5586,5.5,1.18418,-4.77879,0.951091,,,0.178403,0.134736
g1_moe,5,31,1.31245,5559,5.1875,1.4555,-5.04081,1.08824,,,0.175684,0.126368
g1_moe,5,32,1.27826,6830,5.15625,1.07379,-5.35908,1.28909,,,0.179701,0.0890052
g1_moe,5,33,1.28372,6464,6.5,0.626974,-4.52875,0.883665,,,0.131133,0.097572
g1_moe,5,34,1.41562,5833,5.3125,0.955779,-4.94247,1.04762,,,0.172811,0.112537
g1_moe,5,35,1.30081,6016,5.78125,1.12523,-5.03875,1.14598,,,0.17396,0.126943
g1_moe,5,36,1.31837,6047,4.9375,1.05375,-5.18312,1.18527,,,0.152195,0.105365
g1_moe,5,37,1.11201,6069,4.625,1.01797,-4.70954,0.954141,,,0.137493,0.0915805
g1_moe,5,38,1.42076,6302,4.875,0.81087,-4.87164,1.05301,,,0.175817,0.128086
g1_moe,5,39,0.95545,5533,4.3125,1.05451,-4.63315,0.959571,,,0.260357,0.191991
g1_moe,5,40,1.10504,7779,4.21875,0.781698,-4.5784,0.943403,,,0.132434,0.0788869
g1_moe,5,41,1.30323,7063,4.28125,0.457331,-4.867,1.05878,,,0.15902,0.0789205
g1_moe,5,42,1.14543,7076,4.3125,0.67448,-4.94819,1.13804,,,0.132442,0.0695627
g1_moe,5,43,1.30177,6231,5.71875,1.39687,-5.00433,1.13699,,,0.17585,0.111723
g1_moe,5,44,1.20677,5607,5.28125,0.976479,-4.75454,0.932454,,,0.168909,0.126925
g1_moe,5,45,1.40055,5864,5.21875,1.03195,-5.13355,1.13241,,,0.180404,0.113608
g1_moe,5,46,1.31909,6071,6.1875,0.955065,-4.78647,0.946163,,,0.129101,0.0681347
g1_moe,5,47,1.2726,6329,5.03125,0.919675,-4.82195,1.01451,,,0.146547,0.10108
g1_moe,5,48,1.14974,5671,4.5625,0.935867,-4.95802,1.04694,,,0.162726,0.0844415
g1_moe,5,49,1.12451,8238,5.0625,1.1803,-4.47569,0.904096,,,0.126316,0.0738839
g1_moe,5,50,1.16052,6597,4.59375,0.977544,-5.41256,1.32667,,,0.166986,0.0778821
g1_moe,5,51,1.08062,5573,4.8125,0.852062,-5.15801,1.19145,,,0.15167,0.0957401
g1_moe,5,52,1.13258,8389,5.6875,0.984138,-4.7646,1.26307,,,0.231798,0.143343
g1_moe,5,53,1.21485,5705,4.65625,0.708259,-4.89764,1.03663,,,0.155759,0.10293
g1_moe,5,54,1.09414,5912,4.71875,0.816989,-4.98085,1.11069,,,0.155796,0.109546
g1_moe,5,55,1.12197,5964,4.90625,1.13287,-4.55231,0.933215,,,0.1576,0.115174
g1_moe,5,56,1.2284,5619,6,0.887927,-5.02624,1.07889,,,0.17303,0.110337
g1_moe,5,57,1.35676,5733,5.125,1.25788,-5.09821,1.10899,,,0.151877,0.109024
g1_moe,5,58,1.20615,5997,5.96875,0.918283,-4.58459,0.9037,,,0.155778,0.107824
g1_moe,5,59,0.876861,5630,5.53125,1.15095,-4.95377,1.10567,,,0.207844,0.135828
g1_moe,5,60,1.31266,6123,5.03125,0.902205,-5.05999,1.15247,,,0.198794,0.145038
g1_moe,5,61,0.983844,6076,3.98438,0.402286,-4.81685,1.12513,,,0.194685,0.122821
g1_moe,5,62,1.15803,6410,4.6875,0.921249,-5.11999,1.2319,,,0.175655,0.0971437
g1_moe,5,63,1.18962,4964,5.03125,1.26241,-4.67751,0.921732,,,0.210658,0.159246
g1_moe,6,0,1.973,6801,7.03125,1.43328,-5.03152,1.18501,,,0.178723,0.107655
g1_moe,6,1,1.61172,5814,6.21875,0.983812,-4.99968,1.1117,,,0.165213,0.114811
g1_moe,6,2,1.43481,5898,5,0.705596,-4.73951,1.04396,,,0.182168,0.124059
g1_moe,6,3,1.56023,5639,5.21875,0.859833,-5.12793,1.25187,,,0.153217,0.0890441
g1_moe,6,4,1.62442,6304,6.25,1.81132,-4.85708,1.02395,,,0.136064,0.0981883
g1_moe,6,5,1.7058,6693,5.21875,0.973589,-4.66045,0.951271,,,0.115518,0.0689767
g1_moe,6,6,1.24661,5422,5.15625,0.831209,-4.68476,0.952274,,,0.169514,0.142495
g1_moe,6,7,1.70676,6399,5.28125,0.861679,-5.03307,1.18806,,,0.173558,0.106187
g1_moe,6,8,1.9953,5940,6.09375,0.711739,-4.61389,0.94938,,,0.165277,0.104285
g1_moe,6,9,1.30855,6058,5.6875,1.72194,-4.84613,1.1646,,,0.311757,0.220331
g1_moe,6,10,1.59067,5857,5.65625,1.18412,-5.03487,1.16066,,,0.188077,0.125648
g1_moe,6,11,1.59363,6422,6.375,1.10296,-4.66078,0.975286,,,0.156894,0.105623
g1_moe,6,12,1.43879,4965,5.28125,0.96832,-5.01131,1.08708,,,0.148816,0.0840938
g1_moe,6,13,1.53072,7363,4.625,0.760787,-4.48571,0.98428,,,0.195791,0.146642
g1_moe,6,14,1.44824,5900,5.125,0.925914,-4.76847,1.0329,,,0.130877,0.0945359
g1_moe,6,15,1.54003,5927,5.71875,1.0775,-5.21205,1.21898,,,0.178253,0.106467
g1_moe,6,16,1.52071,6231,5.75,0.997999,-4.96747,1.1436,,,0.18626,0.127488
g1_moe,6,17,1.46914,5483,5.0625,1.16706,-4.68393,0.92005,,,0.17478,0.111569
g1_moe,6,18,1.46967,5978,5.5,0.738311,-5.00662,1.21254,,,0.150394,0.0992008
g1_moe,6,19,1.63394,5595,5.3125,0.894055,-4.99125,1.13878,,,0.175563,0.121065
g1_moe,6,20,2.3223,6263,7.09375,0.796452,-5.38937,1.32694,,,0.164203,0.0841595
g1_moe,6,21,1.53039,6919,5.5625,0.736926,-4.68943,0.964419,,,0.130384,0.0828552
g1_moe,6,22,1.8477,6954,5.71875,0.80913,-5.30622,1.42636,,,0.180133,0.110608
g1_moe,6,23,1.46058,5990,4.6875,0.700441,-4.64402,1.0139,,,0.17643,0.141979
g1_moe,6,24,1.55382,6501,4.90625,0.610731,-5.0058,1.1833,,,0.169144,0.100687
g1_moe,6,25,1.34697,5175,5.34375,0.941689,-5.22432,1.31536,,,0.154457,0.0935716
g1_moe,6,26,1.44465,6025,5.8125,1.69579,-4.63066,0.891799,,,0.13394,0.0816452
g1_moe,6,27,1.56944,5196,5.84375,0.864316,-5.0212,1.07442,,,0.148967,0.102992
g1_moe,6,28,1.44689,7254,5.84375,1.01014,-4.94022,1.15951,,,0.13068,0.0912398
g1_moe,6,29,1.59269,6091,5.8125,0.856682,-5.07594,1.1474,,,0.159483,0.0984788
g1_moe,6,30,1.47558,6306,5.28125,0.948875,-5.39493,1.31351,,,0.189039,0.108856
g1_moe,6,31,1.5321,5584,5.96875,1.07329,-5.02616,1.08596,,,0.174619,0.11146
g1_moe,6,32,1.52206,6658,4.875,0.807483,-4.83894,1.11374,,,0.155394,0.0935623
g1_moe,6,33,1.53574,5520,5.5,0.906347,-4.7143,0.986366,,,0.138883,0.11899
g1_moe,6,34,1.57945,5801,5.375,1.14363,-5.08921,1.28593,,,0.158364,0.107701
g1_moe,6,35,2.01919,6858,5.84375,0.860098,-4.68923,1.06866,,,0.154061,0.0877106
g1_moe,6,36,1.71363,6145,5.0625,0.86037,-4.86115,1.14513,,,0.172601,0.108002
g1_moe,6,37,1.54941,6486,6.40625,0.8115,-4.73581,1.02805,,,0.155156,0.11243
g1_moe,6,38,1.26961,5907,5.0625,1.42649,-4.80876,1.21347,,,0.284067,0.197845
g1_moe,6,39,1.50648,6200,5.78125,1.27804,-5.12833,1.1767,,,0.181321,0.118131
g1_moe,6,40,1.9417,6717,5.625,0.722266,-4.49543,0.882396,,,0.134155,0.0816807
g1_moe,6,41,1.52587,5555,5.75,1.04512,-5.00948,1.1615,,,0.18739,0.128613
g1_moe,6,42,1.43926,5689,5.15625,1.17392,-5.01478,1.12157,,,0.175288,0.125214
g1_moe,6,43,1.62583,7333,4.90625,0.658499,-4.54538,0.996801,,,0.191016,0.152594
g1_moe,6,44,1.15807,5914,4.65625,0.927687,-4.54965,0.930863,,,0.165459,0.129156
g1_moe,6,45,1.50601,5454,5.65625,0.801505,-5.08363,1.13605,,,0.161395,0.109392
g1_moe,6,46,1.61008,5769,5.34375,0.763899,-5.00281,1.12337,,,0.14345,0.0908827
g1_moe,6,47,1.5096,5564,4.75,0.568582,-4.86148,1.0543,,,0.18952,0.158556
g1_moe,6,48,1.7315,5784,5.90625,1.04371,-4.70779,1.02213,,,0.169419,0.100939
g1_moe,6,49,1.50682,6135,5.9375,0.958918,-4.87986,1.12833,,,0.147186,0.100246
g1_moe,6,50,1.45556,6766,5.09375,0.827492,-4.72726,0.991585,,,0.147091,0.113611
g1_moe,6,51,1.69395,6347,5.3125,0.699086,-5.11941,1.25234,,,0.156593,0.0880517
g1_moe,6,52,1.61304,7810,5.78125,1.09534,-4.88283,1.15769,,,0.140741,0.0935391
g1_moe,6,53,1.65099,7319,5.53125,0.795726,-4.89093,1.21255,,,0.170508,0.111749
g1_moe,6,54,1.35697,6142,4.75,0.78234,-4.85246,1.03305,,,0.183712,0.147263
g1_moe,6,55,1.46938,6299,5,0.671519,-4.51222,0.90189,,,0.173241,0.123023
g1_moe,6,56,1.57399,6238,5.09375,0.797918,-5.08263,1.31117,,,0.154616,0.0905781
g1_moe,6,57,1.38319,5862,5.40625,0.820545,-5.17078,1.26125,,,0.191136,0.126646
g1_moe,6,58,1.82281,5802,5.75,1.03686,-5.13671,1.25348,,,0.151695,0.0852519
g1_moe,6,59,1.53145,5903,6.46875,1.22425,-5.14436,1.1259,,,0.134461,0.0912575
g1_moe,6,60,1.64924,5593,5.3125,1.01744,-4.95665,1.12062,,,0.156312,0.0843782
g1_moe,6,61,1.4942,5527,6.03125,1.0204,-5.14826,1.13009,,,0.173372,0.107121
g1_moe,6,62,1.60391,6817,5.75,0.658672,-4.76979,1.08964,,,0.17289,0.117588
g1_moe,6,63,1.6578,6355,5.46875,1.20434,-5.03778,1.18306,,,0.162156,0.0836215
g1_moe,7,0,1.93917,6530,6.78125,1.50301,-4.55876,0.901681,,,0.11961,0.0726359
g1_moe,7,1,2.98099,6623,9.0625,1.6916,-4.71409,1.07312,,,0.145967,0.105432
g1_moe,7,2,1.52035,5806,5.84375,1.18004,-4.68239,1.02741,,,0.156458,0.0965217
g1_moe,7,3,1.7259,6459,6.03125,1.09571,-5.12027,1.21581,,,0.183832,0.0966462
g1_moe,7,4,1.63116,5234,5.25,0.940192,-4.72009,0.947075,,,0.187153,0.120816
g1_moe,7,5,1.64371,6194,5.84375,1.25661,-5.26643,1.31844,,,0.17231,0.0963771
g1_moe,7,6,1.73201,5527,5.65625,0.725388,-4.66576,1.01928,,,0.154501,0.0942667
g1_moe,7,7,1.66539,5177,5.53125,1.04957,-4.69411,0.974618,,,0.169892,0.125823
g1_moe,7,8,2.59513,7184,6.53125,1.19752,-4.43645,0.999998,,,0.15802,0.113444
g1_moe,7,9,1.88926,6089,6.96875,1.14428,-4.95939,1.09632,,,0.169811,0.0982279
g1_moe,7,10,1.9428,5727,5.71875,0.807711,-4.66554,1.02007,,,0.17597,0.115524
g1_moe,7,11,2.08973,6212,5.34375,1.07585,-5.15182,1.14287,,,0.166229,0.0905464
g1_moe,7,12,2.30972,6753,6.53125,1.04336,-5.04622,1.20193,,,0.176171,0.0976131
g1_moe,7,13,2.00692,5664,5.46875,0.834109,-4.884,1.02173,,,0.150883,0.102893
g1_moe,7,14,2.00405,6052,6.6875,1.39164,-5.08498,1.09547,,,0.175772,0.0896523
g1_moe,7,15,1.73332,5123,6.34375,1.21151,-4.51181,0.937737,,,0.26742,0.187172
g1_moe,7,16,1.93759,8380,5.75,1.02701,-4.67925,1.10865,,,0.136936,0.075143
g1_moe,7,17,1.97702,4997,5.84375,1.11733,-4.46364,0.808927,,,0.18379,0.105153
g1_moe,7,18,1.82273,5804,5.65625,0.988358,-4.88284,1.03209,,,0.175779,0.0928239
g1_moe,7,19,2.17594,6253,5.8125,0.896464,-4.91572,1.05984,,,0.150793,0.076423
g1_moe,7,20,1.77975,7275,5.96875,1.40886,-4.13843,0.726128,,,0.117616,0.0533139
g1_moe,7,21,1.80317,5290,6.40625,1.03777,-4.82636,1.12324,,,0.154815,0.0961628
g1_moe,7,22,1.39955,6239,4.65625,0.770415,-4.8561,1.07624,,,0.159675,0.0979643
g1_moe,7,23,2.11062,6534,6.3125,0.84731,-4.76016,1.02471,,,0.153817,0.0962304
g1_moe,7,24,1.75564,6094,5.25,0.898324,-5.25063,1.24425,,,0.149511,0.0777515
g1_moe,7,25,2.01936,5632,6.8125,1.17096,-4.75684,0.998515,,,0.184175,0.108349
g1_moe,7,26,2.20985,5384,6.53125,1.07876,-4.72345,0.953915,,,0.179097,0.143186
g1_moe,7,27,1.75283,5960,5.65625,1.57976,-4.72962,1.09773,,,0.183609,0.100201
g1_moe,7,28,2.04546,5539,7.3125,1.07279,-4.61798,0.889572,,,0.156966,0.102051
g1_moe,7,29,1.54552,5518,5.125,0.865982,-4.87561,1.15378,,,0.165241,0.101181
g1_moe,7,30,1.42667,6522,5.4375,1.10535,-4.41743,0.90086,,,0.220652,0.167277
g1_moe,7,31,1.57573,5958,6.875,1.07205,-4.90882,1.06772,,,0.175908,0.107661
g1_moe,7,32,2.12103,5830,6.0625,1.22526,-4.56523,0.866448,,,0.179724,0.116469
g1_moe,7,33,1.93983,5542,6.40625,1.04014,-4.60244,0.900912,,,0.142388,0.106482
g1_moe,7,34,1.77365,5742,6.78125,1.43006,-4.722,0.933847,,,0.121567,0.0729076
g1_moe,7,35,1.63656,5966,5.71875,0.84792,-4.657,0.965757,,,0.141861,0.0906318
g1_moe,7,36,1.85419,6105,6.0625,1.08124,-5.1063,1.25271,,,0.183857,0.115298
g1_moe,7,37,1.9759,6258,5.84375,1.07763,-4.84544,1.00691,,,0.153261,0.0786123
g1_moe,7,38,1.90278,5557,5.90625,0.7066,-4.48567,0.868435,,,0.152779,0.141072
g1_moe,7,39,1.77264,5064,5.625,0.787484,-4.61333,0.889002,,,0.203318,0.125557
g1_moe,7,40,1.533,6046,6.5,1.02385,-4.97255,1.09901,,,0.16824,0.0932465
g1_moe,7,41,1.9139,6095,5.875,0.986309,-5.04099,1.10533,,,0.17558,0.099603
g1_moe,7,42,1.75173,5723,5.21875,1.12554,-5.03049,1.2054,,,0.156027,0.0838592
g1_moe,7,43,1.61389,7677,5.875,1.13996,-4.34701,0.889104,,,0.184071,0.131074
g1_moe,7,44,1.64319,5502,5.59375,1.121,-4.92457,1.15465,,,0.206946,0.124502
g1_moe,7,45,2.17659,7838,5.84375,0.531262,-4.24147,0.8486,,,0.136693,0.0923627
g1_moe,7,46,2.09228,6562,6.25,0.941022,-4.75121,1.07473,,,0.190606,0.127054
g1_moe,7,47,1.83,6057,6.125,1.01743,-4.94156,1.08871,,,0.171272,0.100678
g1_moe,7,48,1.71375,5535,7.375,1.18181,-4.77732,1.02338,,,0.176809,0.113089
g1_moe,7,49,1.6801,6170,5.25,0.99401,-4.7014,1.05887,,,0.167609,0.106245
g1_moe,7,50,1.83609,7951,5.84375,1.11607,-4.45491,0.995397,,,0.182582,0.102418
g1_moe,7,51,1.87966,6758,5.875,1.21545,-4.9175,1.1142,,,0.170249,0.0929893
g1_moe,7,52,1.98606,6739,5.34375,0.983733,-4.64275,1.01722,,,0.166288,0.120263
g1_moe,7,53,1.88217,6102,6.3125,1.10834,-4.72462,1.07768,,,0.170057,0.110697
g1_moe,7,54,1.83567,5842,6.03125,0.977959,-4.78774,0.997506,,,0.148258,0.093142
g1_moe,7,55,1.95731,5123,6.59375,1.33256,-4.74464,0.919984,,,0.115367,0.0677656
g1_moe,7,56,1.91043,5836,5.78125,1.96814,-4.62031,0.985951,,,0.231683,0.140172
g1_moe,7,57,1.78857,6112,6.40625,0.921741,-4.8467,1.08462,,,0.193739,0.11615
g1_moe,7,58,2.05132,6479,6.75,1.64111,-5.19713,1.2471,,,0.210361,0.12531
g1_moe,7,59,1.99448,6090,6.53125,1.48177,-5.04336,1.07764,,,0.156423,0.089246
g1_moe,7,60,2.05038,6631,5.53125,0.882975,-4.7065,1.06232,,,0.149269,0.101321
g1_moe,7,61,2.06987,6042,7.5625,1.69226,-5.12108,1.16629,,,0.154725,0.0731683
g1_moe,7,62,1.9952,8062,5.28125,0.814961,-4.34754,0.876577,,,0.143758,0.0736607
g1_moe,7,63,1.50839,6447,6.1875,1.29855,-4.21999,0.699009,,,0.131118,0.082548
g1_moe,8,0,2.30166,5511,6.65625,1.16373,-4.48481,0.769649,,,0.18172,0.102134
g1_moe,8,1,2.37346,7805,7.0625,1.62646,-4.2363,0.818641,,,0.13033,0.0806851
g1_moe,8,2,2.21754,5888,6.28125,2.35013,-4.1263,0.733729,,,0.283083,0.199039
g1_moe,8,3,2.37806,6350,5.90625,1.81505,-4.10209,0.663757,,,0.184611,0.118825
g1_moe,8,4,1.70352,5675,5.84375,1.2549,-4.1093,0.535577,,,0.158947,0.0780028
g1_moe,8,5,2.37349,6205,6.9375,1.39962,-4.61084,0.884616,,,0.184617,0.101695
g1_moe,8,6,2.33846,5939,6.34375,1.76061,-4.30038,0.720241,,,0.137842,0.0887487
g1_moe,8,7,2.79807,5753,7.8125,1.9051,-4.63238,0.78142,,,0.157803,0.0630644
g1_moe,8,8,2.1615,6878,5.8125,1.05693,-4.6888,1.1537,,,0.162286,0.107664
g1_moe,8,9,2.15734,6431,6.25,1.04982,-4.44005,0.827932,,,0.154526,0.0882448
g1_moe,8,10,2.9867,5224,8.0625,1.75505,-4.43416,0.695311,,,0.148274,0.0686595
g1_moe,8,11,1.92198,6211,5.75,1.02355,-4.7626,1.05449,,,0.147856,0.0811761
g1_moe,8,12,3.03676,6726,7.6875,1.57226,-4.23609,0.674635,,,0.146105,0.0858654
g1_moe,8,13,2.29311,5882,6.28125,0.985572,-4.66061,0.856986,,,0.172633,0.081231
g1_moe,8,14,2.02767,6063,5.96875,1.19999,-4.4767,0.767667,,,0.140156,0.0639188
g1_moe,8,15,2.23528,6808,6.53125,1.1918,-4.3415,0.835043,,,0.17178,0.103288
g1_moe,8,16,2.53997,6390,7.84375,1.96955,-4.66184,0.864877,,,0.183425,0.0933196
g1_moe,8,17,2.76928,5191,6.8125,1.25272,-4.27532,0.707343,,,0.130233,0.081153
g1_moe,8,18,2.05029,6571,6.625,1.39105,-4.34436,0.741829,,,0.120476,0.0570777
g1_moe,8,19,2.65093,5230,6.6875,1.24578,-4.34563,0.776658,,,0.197713,0.159568
g1_moe,8,20,2.24841,6146,6.28125,1.26313,-4.80044,1.01815,,,0.183646,0.104725
g1_moe,8,21,3.57187,7905,7.1875,1.0933,-4.42019,0.891048,,,0.183483,0.107566
g1_moe,8,22,2.85498,4713,7.5,1.6072,-4.68922,0.85668,,,0.149474,0.0655815
g1_moe,8,23,2.53023,6233,7.21875,2.01696,-4.66428,0.888112,,,0.174048,0.0798277
g1_moe,8,24,2.38245,5295,7.03125,1.31463,-4.67278,0.865266,,,0.15771,0.0828526
g1_moe,8,25,3.23639,8421,7.1875,1.89163,-4.21446,0.953387,,,0.207504,0.19045
g1_moe,8,26,2.38005,7168,9.0625,1.30373,-4.29813,0.816174,,,0.131452,0.101031
g1_moe,8,27,2.54196,5147,6.59375,1.51476,-4.62961,0.805562,,,0.154327,0.0689932
g1_moe,8,28,2.12086,6517,5.84375,1.15918,-4.4886,1.0615,,,0.187558,0.112442
g1_moe,8,29,3.22922,6210,6.21875,1.24758,-4.74264,0.953189,,,0.168615,0.0957527
g1_moe,8,30,2.30037,5771,6.375,1.60488,-4.47399,0.804393,,,0.157234,0.0758804
g1_moe,8,31,2.46788,5670,6.75,0.71706,-4.56179,0.786924,,,0.157886,0.0707598
g1_moe,8,32,2.11809,7047,6.4375,1.2858,-4.39902,0.886614,,,0.169373,0.112657
g1_moe,8,33,3.4174,6741,7.59375,0.971301,-4.17862,0.787547,,,0.139812,0.0754357
g1_moe,8,34,2.64653,6182,8.4375,2.21789,-4.49654,0.77333,,,0.163444,0.0824906
g1_moe,8,35,2.37767,5255,7.75,1.83921,-4.32999,0.713314,,,0.16757,0.0942124
g1_moe,8,36,2.27458,6092,6.125,1.7664,-4.55592,0.873707,,,0.183046,0.103471
g1_moe,8,37,2.30688,5856,6.59375,1.28857,-4.53674,0.844705,,,0.206057,0.104819
g1_moe,8,38,2.176,5719,6.65625,1.34585,-4.49382,0.771835,,,0.171389,0.106499
g1_moe,8,39,2.17547,4090,6.65625,2.15843,-4.51353,0.699303,,,0.115719,0.0501588
g1_moe,8,40,1.86562,5557,6.375,1.64075,-4.51886,0.796003,,,0.133957,0.0598609
g1_moe,8,41,2.64329,6834,5.90625,1.29935,-4.26242,0.88228,,,0.200391,0.115328
g1_moe,8,42,2.67241,6178,6.5,1.46374,-4.55238,0.865332,,,0.173233,0.0960345
g1_moe,8,43,1.94664,5470,5.59375,0.927573,-4.3908,0.835976,,,0.137744,0.089984
g1_moe,8,44,2.13272,7101,7.84375,1.03709,-4.58303,1.02722,,,0.15801,0.093146
g1_moe,8,45,2.08856,6790,6.34375,1.14907,-4.67186,1.11103,,,0.192904,0.0991349
g1_moe,8,46,1.95425,7295,5.625,1.43475,-4.54093,0.896738,,,0.151086,0.0688768
g1_moe,8,47,2.01271,5913,7.53125,1.33841,-4.51502,0.934163,,,0.154828,0.0928777
g1_moe,8,48,2.19615,6411,6.8125,1.15286,-4.60781,0.926855,,,0.177135,0.0942099
g1_moe,8,49,2.1231,5681,7.53125,2.35901,-4.7991,0.875705,,,0.182595,0.0778572
g1_moe,8,50,2.62546,6367,8.3125,1.87758,-4.76688,0.877145,,,0.177513,0.0732114
g1_moe,8,51,2.17183,6097,6.6875,1.64353,-4.58262,0.816762,,,0.154126,0.0735601
g1_moe,8,52,2.41855,6521,7.34375,1.87466,-4.78036,0.940078,,,0.158134,0.0675038
g1_moe,8,53,2.27951,6087,7.625,2.63387,-4.55292,0.848888,,,0.195517,0.0970184
g1_moe,8,54,2.54446,5645,7.1875,1.12596,-4.65484,0.885328,,,0.165266,0.100456
g1_moe,8,55,2.13855,6061,5.53125,1.15184,-4.53286,0.818445,,,0.147421,0.0702709
g1_moe,8,56,2.44473,5828,7.78125,1.63076,-4.77551,0.934845,,,0.171608,0.0820505
g1_moe,8,57,2.50187,7603,7.15625,1.52141,-4.35761,0.928076,,,0.166082,0.10628
g1_moe,8,58,1.78386,5929,6.1875,1.38599,-4.79978,1.04423,,,0.157644,0.0834748
g1_moe,8,59,2.9998,6449,7,1.63885,-4.3194,0.850621,,,0.15305,0.13068
g1_moe,8,60,2.68223,5801,6.375,0.987665,-4.7329,0.95982,,,0.180298,0.0851252
g1_moe,8,61,2.60147,5445,5.78125,0.970975,-4.51723,0.865491,,,0.222098,0.139369
g1_moe,8,62,2.27368,5334,7,1.32305,-4.83641,0.91091,,,0.152126,0.0673559
g1_moe,8,63,2.22061,5910,6.90625,1.21165,-4.60456,0.814272,,,0.15557,0.0758599
g1_temporal,1,0,0.178421,5975,2.32812,0.198214,-2.49673,0.531475,-2.04988,-2.54156,0.163851,0.142244
g1_temporal,1,1,0.146417,6195,2.21875,0.335749,-2.49431,0.568995,-2.11182,-2.53424,0.157549,0.139949
g1_temporal,1,2,0.190129,5448,2.40625,0.600396,-2.66077,0.483369,-2.15583,-2.70655,0.154394,0.126206
g1_temporal,1,3,0.202374,5359,2.17188,0.225365,-2.65563,0.662394,-1.87794,-2.72489,0.208801,0.194481
g1_temporal,1,4,0.153712,6265,2.32812,0.342107,-2.4055,0.400191,-2.16629,-2.43078,0.135806,0.113627
g1_temporal,1,5,0.17091,5699,2.26562,0.396407,-2.50771,0.519045,-2.08415,-2.54805,0.162246,0.147854
g1_temporal,1,6,0.168271,6242,2.09375,0.391205,-2.49436,0.378313,-2.219,-2.52334,0.133738,0.111
g1_temporal,1,7,0.162001,5377,2.42188,0.311213,-2.48366,0.494087,-2.12736,-2.51551,0.154462,0.128248
g1_temporal,1,8,0.161734,3880,1.85156,0.370753,-2.55823,0.386805,-2.14766,-2.58407,0.122929,0.0579234
g1_temporal,1,9,0.187586,6412,2.42188,0.304192,-2.57801,0.479691,-2.08134,-2.63187,0.14375,0.099609
g1_temporal,1,10,0.215481,8060,2.21875,0.581403,-2.61704,0.527705,-2.13974,-2.68397,0.149392,0.10186
g1_temporal,1,11,0.156859,5665,2.125,0.439122,-2.4906,0.524712,-2.10518,-2.52707,0.161368,0.144239
g1_temporal,1,12,0.157661,5247,2.09375,0.337739,-2.46978,0.520989,-2.08987,-2.50285,0.156768,0.143147
g1_temporal,1,13,0.181648,6467,2.34375,0.478085,-2.58396,0.485035,-2.163,-2.63005,0.139303,0.0925911
g1_temporal,1,14,0.197232,4655,2.34375,0.39446,-2.71515,0.827225,-1.60298,-2.80019,0.253785,0.213338
g1_temporal,1,15,0.169486,6660,1.98438,0.282124,-2.51828,0.47867,-2.15513,-2.55936,0.153926,0.142943
g1_temporal,1,16,0.14994,5845,2.1875,0.29736,-2.43778,0.494252,-2.10875,-2.47,0.149563,0.125376
g1_temporal,1,17,0.225644,9057,2.29688,0.126878,-2.47947,0.607345,-1.90176,-2.57211,0.184296,0.150622
g1_temporal,1,18,0.168565,5920,2.78125,0.762155,-2.5027,0.434866,-2.17928,-2.53482,0.14842,0.143403
g1_temporal,1,19,0.167847,5817,2.53125,0.285819,-2.45515,0.504025,-2.07423,-2.49226,0.159674,0.135904
g1_temporal,1,20,0.247343,4912,2.20312,0.127283,-2.80496,0.776499,-1.75031,-2.89041,0.215226,0.191606
g1_temporal,1,21,0.187091,5493,2.09375,0.618429,-2.80327,0.740858,-1.8507,-2.89042,0.213826,0.177766
g1_temporal,1,22,0.216963,8091,2.15625,0.0912926,-2.67302,0.641238,-1.69125,-2.8113,0.197923,0.103105
g1_temporal,1,23,0.213878,6155,2.51562,0.110968,-2.76988,0.722542,-1.75781,-2.87478,0.264367,0.223184
g1_temporal,1,24,0.171224,6291,2.53125,0.353747,-2.51417,0.529318,-2.09998,-2.55816,0.155207,0.130702
g1_temporal,1,25,0.178573,6912,2.07812,0.354917,-2.49794,0.430083,-2.16538,-2.53715,0.126258,0.0658394
g1_temporal,1,26,0.164599,6020,2,0.253986,-2.51664,0.422714,-2.23387,-2.54524,0.134768,0.11537
g1_temporal,1,27,0.173218,6667,2.09375,0.218486,-2.49981,0.569509,-2.04765,-2.55102,0.16228,0.139063
g1_temporal,1,28,0.18356,6755,2.39062,0.177767,-2.5009,0.521713,-2.079,-2.54939,0.141411,0.0998663
g1_temporal,1,29,0.220196,5988,2.0625,0.108338,-2.7227,0.767003,-1.7447,-2.82105,0.24816,0.209186
g1_temporal,1,30,0.150805,7035,2.35938,0.425971,-2.51719,0.568843,-2.06524,-2.57154,0.160641,0.127991
g1_temporal,1,31,0.235855,6102,3.26562,0.529005,-2.73908,0.6184,-1.92803,-2.82235,0.187248,0.143672
g1_temporal,1,32,0.150471,6959,2.125,0.286319,-2.42917,0.459289,-2.15798,-2.46139,0.141969,0.120245
g1_temporal,1,33,0.21763,6233,2.17188,0.604242,-2.47037,0.546879,-2.00757,-2.51901,0.175423,0.148976
g1_temporal,1,34,0.159892,5878,2.29688,0.261309,-2.5254,0.545146,-2.08048,-2.56924,0.16196,0.139476
g1_temporal,1,35,0.145359,6308,2.5,0.514382,-2.40884,0.468021,-2.17438,-2.43381,0.137899,0.110351
g1_temporal,1,36,0.108273,6652,2.53125,0.372154,-2.31626,0.389061,-2.20291,-2.32906,0.118391,0.0643124
g1_temporal,1,37,0.170826,6250,2.84375,0.205626,-2.46219,0.496305,-2.11076,-2.49924,0.15104,0.128372
g1_temporal,1,38,0.16174,5231,2.21875,0.326426,-2.46589,0.481556,-2.12417,-2.49553,0.147359,0.122417
g1_temporal,1,39,0.228739,5314,2.21875,0.341152,-2.55803,0.424393,-2.01972,-2.60553,0.164922,0.130381
g1_temporal,1,40,0.165344,5700,2.375,0.233043,-2.49064,0.493696,-2.10703,-2.52718,0.155396,0.138077
g1_temporal,1,41,0.161515,5766,2.125,0.363392,-2.66181,0.652302,-2.03661,-2.72212,0.176873,0.151275
g1_temporal,1,42,0.147491,6123,2.26562,0.522959,-2.4666,0.385739,-2.21897,-2.49213,0.132583,0.116137
g1_temporal,1,43,0.195458,5709,2.15625,0.243056,-2.55141,0.549287,-1.98142,-2.6058,0.168594,0.143207
g1_temporal,1,44,0.146365,5400,2.39062,0.256824,-2.48636,0.546948,-2.11186,-2.51998,0.152946,0.131811
g1_temporal,1,45,0.193543,6083,2.70312,0.21404,-2.5089,0.534976,-2.11792,-2.5489,0.150307,0.121453
g1_temporal,1,46,0.139698,6096,2.34375,0.193538,-2.43901,0.474628,-2.14489,-2.46918,0.142287,0.111863
g1_temporal,1,47,0.152408,5464,1.9375,0.244587,-2.51649,0.554301,-2.06874,-2.55722,0.163592,0.143299
g1_temporal,1,48,0.139729,6455,2.07812,0.302566,-2.5323,0.39522,-2.28139,-2.55972,0.117409,0.0725565
g1_temporal,1,49,0.119773,6548,2.09375,0.241703,-2.34611,0.393793,-2.16955,-2.36571,0.126899,0.0809209
g1_temporal,1,50,0.183666,6231,2.32812,0.765217,-2.87088,0.713544,-1.95241,-2.96738,0.189673,0.148108
g1_temporal,1,51,0.219943,6649,2.25,0.29206,-2.63769,0.674138,-1.78689,-2.73375,0.205775,0.168652
g1_temporal,1,52,0.20339,5559,2.375,0.336915,-2.641,0.582346,-2.02377,-2.69821,0.18254,0.174726
g1_temporal,1,53,0.130233,5466,2.45312,0.508046,-2.47129,0.423254,-2.25429,-2.49103,0.127891,0.0975246
g1_temporal,1,54,0.167644,8351,2.14062,0.283768,-2.50063,0.422022,-2.15395,-2.55125,0.128518,0.0688385
g1_temporal,1,55,0.211447,5923,2,0.065482,-2.74991,0.765421,-1.62843,-2.86133,0.279191,0.218578
g1_temporal,1,56,0.20117,6768,2.29688,0.266039,-2.60859,0.691328,-1.90175,-2.68999,0.183128,0.136576
g1_temporal,1,57,0.230023,4630,2.23438,0.13537,-2.79622,0.773876,-1.77309,-2.87399,0.222868,0.198302
g1_temporal,1,58,0.166433,6162,2.28125,0.390023,-2.54783,0.55237,-2.05622,-2.59885,0.175545,0.164071
g1_temporal,1,59,0.215066,8005,2.26562,0.607958,-2.81232,0.851664,-1.69504,-2.96778,0.229575,0.19035
g1_temporal,1,60,0.235321,5403,2.125,0.288563,-3.16794,0.971984,-1.49521,-3.31824,0.277224,0.211927
g1_temporal,1,61,0.201663,6395,2.46875,0.617244,-2.72462,0.546225,-2.09027,-2.79321,0.155365,0.109159
g1_temporal,1,62,0.151265,6760,1.96875,0.361338,-2.5085,0.494404,-2.19186,-2.54492,0.138808,0.113067
g1_temporal,1,63,0.157442,6079,2.29688,0.30633,-2.55624,0.411468,-2.19687,-2.59298,0.131989,0.0982234
g1_temporal,2,0,0.357874,4417,2.48438,0.128364,-3.80929,1.10956,-1.74864,-3.95822,0.287026,0.255307
g1_temporal,2,1,0.252018,7737,2.71875,0.409209,-3.06172,0.639325,-2.52818,-3.13314,0.100665,0.0849078
g1_temporal,2,2,0.305932,8036,2.51562,0.240408,-3.09494,0.730232,-2.47973,-3.18092,0.103858,0.0884215
g1_temporal,2,3,0.363247,5187,2.71875,0.223141,-3.26215,0.742901,-2.22608,-3.3512,0.204083,0.247308
g1_temporal,2,4,0.303943,7453,2.51562,0.344825,-3.39746,1.0698,-1.87274,-3.59311,0.213088,0.202269
g1_temporal,2,5,0.332747,4775,3.17188,0.225625,-3.24519,0.776031,-2.29589,-3.31979,0.158986,0.181967
g1_temporal,2,6,0.315682,5478,2.75,0.192595,-3.26458,0.774962,-2.35496,-3.34754,0.166852,0.197328
g1_temporal,2,7,0.256627,6589,2.64062,0.105606,-3.20899,0.788565,-2.50273,-3.28793,0.136793,0.154229
g1_temporal,2,8,0.266824,5512,2.67188,0.377716,-3.27938,0.879411,-2.29021,-3.37022,0.171491,0.20562
g1_temporal,2,9,0.329431,6104,2.4375,0.0988314,-3.19668,0.627279,-2.452,-3.27317,0.176355,0.230977
g1_temporal,2,10,0.337578,5499,2.5625,0.143193,-3.47652,0.901599,-2.23863,-3.5899,0.191712,0.198643
g1_temporal,2,11,0.314263,5580,2.53125,0.143133,-3.36746,0.864143,-2.26762,-3.46982,0.188581,0.218572
g1_temporal,2,12,0.337754,5829,3,0.239909,-3.17919,0.753974,-2.3469,-3.26044,0.151468,0.193799
g1_temporal,2,13,0.35364,6975,2.78125,0.303331,-3.1263,0.756004,-2.1309,-3.24485,0.177671,0.189512
g1_temporal,2,14,0.234503,5305,3,0.317996,-3.05764,0.779966,-2.39673,-3.11585,0.139035,0.14551
g1_temporal,2,15,0.314098,6558,2.65625,0.107406,-3.71689,1.11694,-2.12453,-3.89395,0.211396,0.205519
g1_temporal,2,16,0.396696,5910,2.90625,0.262134,-3.23911,0.737716,-2.21099,-3.34101,0.189383,0.212181
g1_temporal,2,17,0.310324,8296,2.60938,0.307962,-3.16203,0.656263,-2.46511,-3.26303,0.178177,0.228566
g1_temporal,2,18,0.318083,5988,2.67188,0.135093,-3.46492,0.932826,-2.14529,-3.59762,0.22775,0.246492
g1_temporal,2,19,0.368983,9390,2.65625,0.205905,-3.25604,0.834355,-1.98763,-3.46817,0.158267,0.121246
g1_temporal,2,20,0.342187,5238,2.60938,0.202214,-3.31979,0.853075,-1.9548,-3.43837,0.256341,0.276478
g1_temporal,2,21,0.328893,7201,2.73438,0.167182,-3.22729,0.805818,-2.29557,-3.3423,0.145192,0.142101
g1_temporal,2,22,0.334322,6102,2.71875,0.113921,-3.3271,0.786061,-2.29661,-3.4329,0.192514,0.217413
g1_temporal,2,23,0.349846,7122,3,0.215793,-3.24903,0.703799,-2.35961,-3.35748,0.164124,0.188077
g1_temporal,2,24,0.253487,5034,2.65625,0.157332,-3.06059,0.703629,-2.49726,-3.10746,0.128818,0.142116
g1_temporal,2,25,0.329484,6812,2.59375,0.194566,-3.60925,1.01124,-2.23028,-3.76921,0.191924,0.205125
g1_temporal,2,26,0.259981,5613,2.4375,0.133562,-3.03346,0.649332,-2.49351,-3.08403,0.134059,0.165885
g1_temporal,2,27,0.289535,5465,2.29688,0.33162,-3.31974,0.897302,-2.32169,-3.41054,0.163963,0.191202
g1_temporal,2,28,0.36657,7940,2.32812,0.181696,-3.37245,1.00215,-2.0525,-3.55441,0.186585,0.174627
g1_temporal,2,29,0.323238,6156,2.4375,0.0983802,-3.62607,0.946839,-2.28058,-3.76555,0.167672,0.156236
g1_temporal,2,30,0.303261,6858,2.67188,0.23499,-2.98674,0.630073,-2.44241,-3.05036,0.143166,0.188116
g1_temporal,2,31,0.274161,6306,2.40625,0.119871,-3.15375,0.787134,-2.44321,-3.2294,0.119929,0.105432
g1_temporal,2,32,0.385793,7997,2.75,0.213138,-3.57406,1.1036,-1.88397,-3.80896,0.211402,0.168688
g1_temporal,2,33,0.300626,6507,2.35938,0.196927,-3.33151,0.840891,-2.27245,-3.44825,0.186153,0.185012
g1_temporal,2,34,0.328241,7206,2.8125,0.130159,-3.64957,1.13373,-2.14531,-3.8354,0.182661,0.166187
g1_temporal,2,35,0.2906,6272,2.53125,0.185184,-3.048,0.687051,-2.42,-3.11446,0.140583,0.16582
g1_temporal,2,36,0.15249,6867,2,0.0325227,-2.73351,0.384584,-2.62532,-2.74617,0.0827519,0.0463762
g1_temporal,2,37,0.330427,5341,3.1875,0.231565,-3.35232,0.811891,-2.29346,-3.44627,0.190696,0.227957
g1_temporal,2,38,0.295077,6025,2.39062,0.164447,-3.10733,0.732691,-2.36084,-3.18291,0.164337,0.204785
g1_temporal,2,39,0.348239,5967,2.57812,0.213839,-3.14084,0.690208,-2.39961,-3.21508,0.145901,0.169274
g1_temporal,2,40,0.153227,7368,2.10938,0.0820428,-2.75649,0.431605,-2.63416,-2.77199,0.0870479,0.0675632
g1_temporal,2,41,0.214195,7246,2.40625,0.450427,-3.01863,0.605957,-2.63331,-3.06653,0.105886,0.107795
g1_temporal,2,42,0.289382,4843,2.75,0.240778,-3.11638,0.674546,-2.40825,-3.17288,0.150132,0.173494
g1_temporal,2,43,0.29382,5981,3.375,0.380964,-3.01107,0.611975,-2.42825,-3.06961,0.163196,0.223239
g1_temporal,2,44,0.32343,5675,2.57812,0.207939,-3.41259,0.89571,-2.19087,-3.52842,0.213585,0.242617
g1_temporal,2,45,0.371383,4672,2.46875,0.20917,-3.79158,1.01187,-1.93392,-3.93417,0.23354,0.23444
g1_temporal,2,46,0.37722,6049,2.90625,0.238192,-3.25389,0.677948,-2.26571,-3.35437,0.207373,0.259541
g1_temporal,2,47,0.324244,4973,3.14062,0.430354,-3.14291,0.747775,-2.27905,-3.21385,0.171077,0.199026
g1_temporal,2,48,0.295913,5386,2.78125,0.17989,-3.34355,0.779806,-2.32637,-3.43463,0.176054,0.207075
g1_temporal,2,49,0.305601,6772,2.67188,0.192983,-3.07382,0.680786,-2.42304,-3.14882,0.141485,0.168691
g1_temporal,2,50,0.381729,2800,2.59375,0.113393,-4.09705,1.13201,-1.68608,-4.20466,0.280397,0.269866
g1_temporal,2,51,0.324253,5312,2.64062,0.172619,-3.36945,0.853461,-2.24974,-3.46822,0.183703,0.190823
g1_temporal,2,52,0.388524,7105,3.40625,0.165711,-3.20232,0.844363,-1.95816,-3.3536,0.201684,0.206936
g1_temporal,2,53,0.309648,4822,2.40625,0.150196,-3.5911,1.00646,-2.211,-3.70071,0.187345,0.196984
g1_temporal,2,54,0.267736,7082,2.8125,0.176042,-3.07887,0.744894,-2.49783,-3.14927,0.130915,0.153781
g1_temporal,2,55,0.252171,5351,2.51562,0.111821,-3.12491,0.700047,-2.49986,-3.18048,0.118628,0.122922
g1_temporal,2,56,0.2884,5624,2.60938,0.111075,-3.2033,0.743562,-2.43166,-3.27573,0.153172,0.194176
g1_temporal,2,57,0.262345,5633,2.5625,0.159179,-2.97708,0.52663,-2.59591,-3.01292,0.124883,0.182467
g1_temporal,2,58,0.339108,4662,2.98438,0.122665,-3.58505,0.963618,-2.15846,-3.69431,0.190147,0.211677
g1_temporal,2,59,0.324193,8353,2.45312,0.277597,-3.08085,0.772441,-2.2122,-3.20774,0.150814,0.147917
g1_temporal,2,60,0.331198,5712,2.71875,0.151473,-3.35168,0.873133,-2.24874,-3.45699,0.182775,0.205802
g1_temporal,2,61,0.297978,6233,2.5625,0.15303,-3.3572,0.759223,-2.48102,-3.44929,0.12862,0.124919
g1_temporal,2,62,0.290927,5929,2.51562,0.0986258,-3.42506,1.0257,-2.19383,-3.54753,0.184187,0.194043
g1_temporal,2,63,0.292899,4986,2.57812,0.212549,-3.14066,0.782199,-2.36463,-3.20457,0.148806,0.169735
g1_temporal,3,0,0.410969,6203,3.125,0.140613,-3.18552,0.736722,-2.21909,-3.28655,0.168793,0.164165
g1_temporal,3,1,0.373681,5167,2.89062,0.205636,-3.19831,0.752223,-2.20338,-3.28347,0.171777,0.189463
g1_temporal,3,2,0.3807,8104,2.75,0.151761,-3.33859,0.935031,-2.0489,-3.52058,0.14711,0.114136
g1_temporal,3,3,0.394636,6278,2.96875,0.102892,-3.10084,0.69211,-2.17697,-3.19872,0.172409,0.159281
g1_temporal,3,4,0.35408,5448,3.25,0.177583,-3.115,0.720016,-2.20293,-3.1977,0.169342,0.180221
g1_temporal,3,5,0.425675,5803,2.95312,0.221008,-3.08661,0.609639,-2.18282,-3.17442,0.185088,0.187051
g1_temporal,3,6,0.368586,4584,2.76562,0.14519,-3.35273,0.857234,-1.90085,-3.46192,0.229465,0.221539
g1_temporal,3,7,0.388903,5962,3.42188,0.318657,-3.20336,0.800548,-2.05075,-3.31871,0.188918,0.182116
g1_temporal,3,8,0.354439,5478,3.125,0.200976,-3.06672,0.625012,-2.32399,-3.13446,0.143858,0.147802
g1_temporal,3,9,0.359382,4667,3.14062,0.284336,-3.29198,0.809363,-2.09758,-3.38356,0.138245,0.0961736
g1_temporal,3,10,0.338197,6467,2.65625,0.167374,-3.15799,0.842327,-2.14087,-3.26935,0.171488,0.156731
g1_temporal,3,11,0.326076,6381,2.375,0.0406296,-3.04926,0.656379,-2.1795,-3.14309,0.130372,0.093298
g1_temporal,3,12,0.386332,5527,2.96875,0.131095,-3.00017,0.651928,-2.11796,-3.08142,0.190356,0.201521
g1_temporal,3,13,0.39588,5327,3.0625,0.142785,-3.09234,0.651002,-2.20272,-3.17105,0.166576,0.16954
g1_temporal,3,14,0.388629,5951,2.82812,0.148561,-3.21686,0.749997,-2.23484,-3.31493,0.168942,0.169862
g1_temporal,3,15,0.362172,5290,3.125,0.129679,-3.27076,0.843561,-2.14821,-3.36932,0.179684,0.178662
g1_temporal,3,16,0.371011,5061,2.82812,0.182392,-3.1629,0.785321,-2.1741,-3.24565,0.17311,0.1832
g1_temporal,3,17,0.398876,6313,3.5,0.207624,-3.05816,0.603358,-2.30247,-3.13872,0.163353,0.172691
g1_temporal,3,18,0.366187,7516,2.82812,0.131732,-3.05902,0.715999,-1.94039,-3.20393,0.177441,0.132925
g1_temporal,3,19,0.369945,6858,2.70312,0.11312,-3.19371,0.724828,-2.30886,-3.29713,0.15216,0.13383
g1_temporal,3,20,0.385176,6406,3.125,0.19598,-3.1743,0.781824,-2.13902,-3.28646,0.176572,0.168686
g1_temporal,3,21,0.322334,6038,2.60938,0.150108,-3.29563,0.927151,-2.17043,-3.40982,0.16721,0.152522
g1_temporal,3,22,0.364228,6912,2.67188,0.149645,-3.11715,0.737656,-2.23533,-3.22112,0.164821,0.172829
g1_temporal,3,23,0.33813,6642,2.5625,0.188397,-2.96974,0.687563,-2.2517,-3.05071,0.155195,0.149944
g1_temporal,3,24,0.397363,5938,2.75,0.189203,-3.14692,0.759893,-2.08619,-3.2526,0.184581,0.171085
g1_temporal,3,25,0.301779,6538,2.46875,0.0977792,-2.98328,0.615769,-2.38752,-3.0493,0.125143,0.103915
g1_temporal,3,26,0.379534,6099,3.04688,0.131037,-2.98479,0.59042,-2.24191,-3.06102,0.167844,0.177374
g1_temporal,3,27,0.350191,5353,2.95312,0.357037,-3.23912,0.817579,-2.16342,-3.3348,0.187319,0.193836
g1_temporal,3,28,0.344738,5986,2.8125,0.321631,-3.22497,0.832134,-1.97433,-3.35069,0.199862,0.19057
g1_temporal,3,29,0.325126,5613,2.65625,0.142957,-2.94268,0.551412,-2.39836,-2.99367,0.113533,0.073104
g1_temporal,3,30,0.417681,6870,3.53125,0.261295,-3.261,0.795624,-2.07161,-3.40028,0.186203,0.155407
g1_temporal,3,31,0.373835,4102,2.54688,0.0831091,-3.42077,0.803069,-2.13059,-3.50692,0.159668,0.125247
g1_temporal,3,32,0.348059,5286,2.84375,0.217842,-2.96757,0.69211,-2.23787,-3.03159,0.14769,0.155514
g1_temporal,3,33,0.397243,5883,2.95312,0.248208,-3.1752,0.780835,-2.16455,-3.27487,0.202704,0.207854
g1_temporal,3,34,0.330847,5758,2.875,0.580345,-3.19161,0.841269,-2.09525,-3.29722,0.202337,0.210952
g1_temporal,3,35,0.350477,7947,2.8125,0.248526,-3.07107,0.655559,-2.29427,-3.17827,0.12944,0.0975328
g1_temporal,3,36,0.346772,6729,2.79688,0.153306,-3.17447,0.741442,-2.22472,-3.28314,0.159239,0.147976
g1_temporal,3,37,0.348247,5016,2.65625,0.105058,-3.14628,0.695435,-2.16271,-3.2278,0.176287,0.179634
g1_temporal,3,38,0.369153,6546,2.85938,0.164593,-3.20725,0.77836,-2.0694,-3.33352,0.193471,0.177716
g1_temporal,3,39,0.374924,6349,2.79688,0.148967,-3.248,0.768105,-2.18604,-3.36191,0.177616,0.178596
g1_temporal,3,40,0.395988,5004,2.78125,0.14302,-3.05022,0.695267,-2.01073,-3.13615,0.170435,0.170149
g1_temporal,3,41,0.347648,8635,2.46875,0.0695556,-3.05689,0.752654,-2.05463,-3.20898,0.134651,0.076699
g1_temporal,3,42,0.405686,6131,2.92188,0.140241,-3.1186,0.714929,-2.0817,-3.22562,0.194661,0.172683
g1_temporal,3,43,0.197452,7424,2.1875,0.0645858,-2.65439,0.395989,-2.45023,-2.68047,0.105686,0.0567157
g1_temporal,3,44,0.311779,5818,3.28125,0.201408,-2.97014,0.684471,-2.28933,-3.03647,0.142099,0.148453
g1_temporal,3,45,0.372428,6212,2.53125,0.0896555,-3.7099,1.14784,-1.95398,-3.89377,0.181969,0.147792
g1_temporal,3,46,0.345104,6232,3.0625,0.181249,-3.33895,0.939922,-2.0927,-3.46992,0.19294,0.186597
g1_temporal,3,47,0.352856,4150,2.60938,0.140683,-3.18015,0.778364,-2.06539,-3.25551,0.170527,0.158461
g1_temporal,3,48,0.321862,6512,2.48438,0.160404,-3.0724,0.793433,-2.17813,-3.17106,0.16893,0.152497
g1_temporal,3,49,0.357508,4825,3.0625,0.209326,-3.67216,1.01319,-1.55261,-3.84061,0.273143,0.212503
g1_temporal,3,50,0.300749,7205,3.0625,0.233345,-2.97688,0.733734,-2.27749,-3.06327,0.146901,0.143916
g1_temporal,3,51,0.366807,6123,2.6875,0.112272,-3.31546,0.826392,-2.23034,-3.42729,0.144341,0.120775
g1_temporal,3,52,0.347046,7692,2.6875,0.0828292,-3.26863,0.825798,-2.18092,-3.41327,0.155811,0.12914
g1_temporal,3,53,0.246262,7772,2.53125,0.231692,-2.67741,0.433852,-2.37766,-2.71774,0.1106,0.0944035
g1_temporal,3,54,0.364121,5979,2.70312,0.123397,-3.02623,0.681909,-2.19174,-3.11,0.168472,0.17216
g1_temporal,3,55,0.407286,5472,2.84375,0.0883916,-3.18663,0.726276,-2.1617,-3.28,0.183901,0.191671
g1_temporal,3,56,0.353358,6272,2.57812,0.120311,-3.14523,0.704903,-2.355,-3.22886,0.140567,0.140425
g1_temporal,3,57,0.201736,6530,2.57812,0.0434313,-2.71447,0.415613,-2.52962,-2.73492,0.0947362,0.0594474
g1_temporal,3,58,0.261098,7968,2.5,0.11914,-2.79307,0.527598,-2.35502,-2.8537,0.114208,0.0655193
g1_temporal,3,59,0.33904,5687,2.60938,0.175425,-3.03188,0.655872,-2.18666,-3.11219,0.175984,0.175051
g1_temporal,3,60,0.683493,6507,3.53125,0.677197,-3.3958,1.10433,-1.40264,-3.61551,0.309541,0.233226
g1_temporal,3,61,0.346849,6971,2.70312,0.0904424,-3.15774,0.795846,-2.08429,-3.28552,0.165217,0.133653
g1_temporal,3,62,0.323425,5381,2.95312,0.0877955,-3.02658,0.638267,-2.14845,-3.10513,0.166142,0.152925
g1_temporal,3,63,0.381478,6318,3.10938,0.176055,-3.37751,0.863502,-1.87215,-3.53812,0.205469,0.163824
g1_temporal,4,0,0.317233,4352,2.51562,0.0525249,-2.77547,0.451177,-2.33167,-2.80704,0.10619,0.050033
g1_temporal,4,1,0.423961,5959,3.0625,0.182341,-3.01872,0.631854,-2.06656,-3.11395,0.17467,0.151456
g1_temporal,4,2,0.442718,6854,3.10938,0.0582964,-3.35284,0.91438,-1.86289,-3.52686,0.185194,0.156046
g1_temporal,4,3,0.490532,6217,3,0.568948,-3.08333,0.77697,-1.77598,-3.22035,0.215216,0.198326
g1_temporal,4,4,0.321838,9567,2.40625,0.0858672,-2.87889,0.649141,-2.07528,-3.01625,0.155899,0.12813
g1_temporal,4,5,0.341654,5143,2.60938,0.087247,-3.15965,0.829868,-2.02202,-3.25653,0.185891,0.167896
g1_temporal,4,6,0.281159,6679,2.64062,0.117176,-2.89883,0.583581,-2.32845,-2.96355,0.132175,0.10427
g1_temporal,4,7,0.343035,6432,2.59375,0.114995,-3.04906,0.733715,-1.95809,-3.16779,0.183659,0.146353
g1_temporal,4,8,0.349612,5953,2.59375,0.204592,-2.97205,0.626796,-2.22485,-3.0467,0.148252,0.124267
g1_temporal,4,9,0.498133,6259,2.95312,0.209584,-3.15805,0.685211,-2.06186,-3.27379,0.190594,0.169745
g1_temporal,4,10,0.295521,6956,2.48438,0.339781,-2.89488,0.571311,-2.30013,-2.9655,0.130345,0.109089
g1_temporal,4,11,0.244438,6890,2.21875,0.0515692,-2.65104,0.381979,-2.36976,-2.68409,0.108779,0.0508114
g1_temporal,4,12,0.414221,5650,3.20312,0.0859251,-3.11735,0.727297,-1.99808,-3.22295,0.194768,0.169928
g1_temporal,4,13,0.421055,6505,2.78125,0.179533,-3.29211,0.816565,-2.07578,-3.42615,0.173342,0.142918
g1_temporal,4,14,0.422839,6261,2.53125,0.157677,-3.17391,0.793656,-1.96322,-3.3018,0.183662,0.157053
g1_temporal,4,15,0.426264,5392,2.75,0.209155,-3.51367,0.926824,-1.78707,-3.66846,0.211504,0.163942
g1_temporal,4,16,0.386752,7420,2.90625,0.108384,-2.87831,0.558484,-2.10458,-2.9771,0.144606,0.0896002
g1_temporal,4,17,0.328693,6055,2.78125,0.258902,-3.05541,0.683066,-1.95193,-3.16774,0.189542,0.158064
g1_temporal,4,18,0.430827,6284,2.59375,0.123878,-3.01844,0.740801,-2.01723,-3.12462,0.181432,0.150388
g1_temporal,4,19,0.443869,6062,3.23438,0.159548,-3.04736,0.680531,-2.03021,-3.15104,0.180404,0.160516
g1_temporal,4,20,0.451548,5380,2.98438,0.327859,-3.04051,0.614003,-2.08919,-3.12559,0.188901,0.19088
g1_temporal,4,21,0.36057,6513,2.65625,0.140251,-2.84932,0.548313,-2.23844,-2.91673,0.151897,0.147795
g1_temporal,4,22,0.456079,5375,4.40625,0.613893,-3.16755,0.718992,-1.97327,-3.27425,0.213489,0.201499
g1_temporal,4,23,0.426721,6030,3.51562,0.150322,-3.19338,0.805511,-2.01964,-3.31232,0.190213,0.170673
g1_temporal,4,24,0.468895,6098,3.04688,0.193904,-3.05062,0.663229,-2.07757,-3.15044,0.173761,0.172827
g1_temporal,4,25,0.308998,5559,2.625,0.149551,-3.09605,0.716747,-2.17988,-3.18097,0.152289,0.115748
g1_temporal,4,26,0.324144,7712,2.85938,0.149536,-2.93781,0.623839,-2.29284,-3.02383,0.133197,0.114908
g1_temporal,4,27,0.375367,5505,2.82812,0.241412,-3.02531,0.689878,-2.16567,-3.10414,0.157433,0.148821
g1_temporal,4,28,0.410153,5025,2.71875,0.152228,-3.08607,0.783839,-1.89279,-3.18516,0.216522,0.210815
g1_temporal,4,29,0.320582,6519,2.57812,0.190146,-3.01603,0.735202,-2.07709,-3.11974,0.173015,0.144267
g1_temporal,4,30,0.299207,5546,2.79688,0.167619,-2.86444,0.560118,-2.31494,-2.91524,0.133717,0.116593
g1_temporal,4,31,0.342366,7384,2.42188,0.223675,-2.92118,0.57388,-2.25788,-3.0054,0.128899,0.101368
g1_temporal,4,32,0.363345,6614,2.85938,0.191975,-3.11837,0.663966,-2.28323,-3.21211,0.140681,0.115134
g1_temporal,4,33,0.365574,6030,3.01562,0.159943,-2.95187,0.649516,-2.10657,-3.03753,0.174435,0.16054
g1_temporal,4,34,0.428321,5397,2.89062,0.142507,-3.17509,0.725202,-2.05781,-3.27536,0.175111,0.169118
g1_temporal,4,35,0.329318,6053,2.73438,0.212615,-2.80481,0.538532,-2.21333,-2.865,0.161188,0.169807
g1_temporal,4,36,0.335417,7327,2.6875,0.0932663,-2.88664,0.595411,-2.22497,-2.96993,0.151663,0.12213
g1_temporal,4,37,0.368133,5588,2.71875,0.145154,-3.24943,0.871254,-2.02107,-3.36393,0.172127,0.140048
g1_temporal,4,38,0.350427,9968,3.35938,0.188772,-2.94998,0.701962,-1.95977,-3.1276,0.155051,0.0838648
g1_temporal,4,39,0.409641,5243,3.125,0.188919,-3.1697,0.773235,-2.04523,-3.26748,0.18951,0.173371
g1_temporal,4,40,0.35248,7496,3.04688,0.181859,-2.95793,0.666524,-2.06368,-3.07343,0.150908,0.0962221
g1_temporal,4,41,0.408919,5934,2.71875,0.0924576,-3.07701,0.730318,-1.98781,-3.18545,0.16488,0.113336
g1_temporal,4,42,0.367138,5798,2.64062,0.170358,-3.13505,0.714742,-2.09743,-3.23576,0.174526,0.151625
g1_temporal,4,43,0.41178,4859,3.04688,0.177996,-3.10355,0.672244,-2.14889,-3.18,0.155386,0.137995
g1_temporal,4,44,0.405442,4838,3,0.222012,-2.87353,0.548689,-2.26381,-2.92213,0.141714,0.146444
g1_temporal,4,45,0.35243,6321,2.64062,0.124548,-3.25362,0.865942,-2.03503,-3.38371,0.169159,0.133981
g1_temporal,4,46,0.355651,6190,2.54688,0.120028,-2.951,0.558483,-2.31667,-3.01716,0.138961,0.129701
g1_temporal,4,47,0.421186,5060,2.95312,0.132716,-3.26013,0.79579,-1.95358,-3.36945,0.205811,0.184189
g1_temporal,4,48,0.354552,6682,3.01562,0.325699,-3.1134,0.709587,-2.14001,-3.22391,0.169676,0.147061
g1_temporal,4,49,0.37543,6140,2.5625,0.129877,-3.1348,0.695801,-2.14467,-3.23715,0.164204,0.1301
g1_temporal,4,50,0.3038,6099,2.9375,0.100586,-2.91463,0.540437,-2.35091,-2.97247,0.123124,0.0845766
g1_temporal,4,51,0.336728,6510,2.79688,0.152035,-3.01152,0.614351,-2.28041,-3.09215,0.145181,0.123534
g1_temporal,4,52,0.459438,6065,2.59375,0.117838,-3.13018,0.759857,-1.81291,-3.26452,0.200412,0.139652
g1_temporal,4,53,0.402102,5017,3.14062,0.346388,-2.92422,0.598081,-2.1421,-2.98906,0.160473,0.164537
g1_temporal,4,54,0.405442,3964,2.6875,0.157176,-3.08027,0.652862,-2.13098,-3.14138,0.150877,0.120903
g1_temporal,4,55,0.369312,6164,2.90625,0.506465,-2.87475,0.569451,-2.07067,-2.95823,0.179494,0.170871
g1_temporal,4,56,0.336328,5788,2.65625,0.147755,-3.14251,0.724513,-2.10513,-3.24301,0.169815,0.133574
g1_temporal,4,57,0.371545,7242,2.71875,0.115413,-2.94252,0.663001,-1.89179,-3.07306,0.188031,0.128177
g1_temporal,4,58,0.422811,6083,2.89062,0.23458,-3.06308,0.634717,-2.20466,-3.15091,0.15526,0.136226
g1_temporal,4,59,0.455235,5031,3.60938,0.280584,-3.31466,0.872075,-1.87514,-3.43435,0.214907,0.18869
g1_temporal,4,60,0.358721,7043,2.48438,0.0988317,-3.19039,0.756767,-2.04706,-3.32806,0.167937,0.112937
g1_temporal,4,61,0.359356,6537,2.8125,0.12112,-3.24167,0.816513,-1.96604,-3.38301,0.190396,0.153949
g1_temporal,4,62,0.370704,4533,2.875,0.203136,-3.36279,0.891289,-1.82176,-3.4773,0.223907,0.190068
g1_temporal,4,63,0.326238,6066,2.5625,0.139435,-2.87119,0.53778,-2.30503,-2.92894,0.127965,0.0959666
g1_temporal,5,0,0.486696,6921,3.0625,0.317512,-2.81751,0.59155,-2.11042,-2.90101,0.139972,0.0810613
g1_temporal,5,1,0.572752,5769,4.28125,0.414858,-2.71607,0.529254,-2.03857,-2.78147,0.166251,0.134998
g1_temporal,5,2,0.565909,6079,3.75,0.262685,-2.97137,0.713911,-1.82597,-3.08848,0.231413,0.202568
g1_temporal,5,3,0.422046,5297,2.75,0.0984063,-2.81893,0.594721,-2.13219,-2.87932,0.154471,0.135128
g1_temporal,5,4,0.453677,5136,2.82812,0.168353,-2.96119,0.662015,-2.06284,-3.03758,0.153776,0.097269
g1_temporal,5,5,0.478995,4827,2.59375,0.106506,-3.21058,0.903531,-1.58822,-3.33958,0.267537,0.203396
g1_temporal,5,6,0.385302,6546,3.15625,0.0389169,-2.65516,0.455955,-2.20994,-2.70457,0.136969,0.0970002
g1_temporal,5,7,0.471142,5120,2.875,0.105437,-3.06542,0.7574,-1.97579,-3.15776,0.178482,0.158152
g1_temporal,5,8,0.501607,5554,3.5,0.25887,-2.9557,0.685621,-1.90727,-3.05278,0.190948,0.152265
g1_temporal,5,9,0.434892,6010,3.21875,0.208226,-2.78267,0.599164,-2.08894,-2.85271,0.155192,0.12105
g1_temporal,5,10,0.427982,6208,2.8125,0.169457,-2.74946,0.598713,-2.05354,-2.82228,0.166716,0.152968
g1_temporal,5,11,0.437654,4939,3.42188,0.145265,-2.95427,0.67938,-2.00142,-3.03193,0.16896,0.122288
g1_temporal,5,12,0.386728,6866,2.76562,0.193836,-2.80204,0.574451,-2.11032,-2.88299,0.169263,0.140471
g1_temporal,5,13,0.476226,5168,3.48438,0.141522,-2.90208,0.640739,-1.96942,-2.98192,0.172554,0.145257
g1_temporal,5,14,0.44623,6386,2.98438,0.150873,-2.96908,0.666856,-1.99641,-3.0741,0.174605,0.118493
g1_temporal,5,15,0.520334,6236,3.03125,0.172019,-3.13952,0.853994,-1.81635,-3.27866,0.221458,0.18215
g1_temporal,5,16,0.458616,8380,2.6875,0.150975,-2.68173,0.544513,-2.03286,-2.77686,0.150368,0.101965
g1_temporal,5,17,0.398795,5601,3,0.060087,-2.80306,0.548769,-2.20591,-2.85887,0.130357,0.0729629
g1_temporal,5,18,0.403357,6802,2.78125,0.160113,-2.79916,0.567781,-2.17959,-2.87091,0.145856,0.11558
g1_temporal,5,19,0.287032,5551,3.04688,0.151369,-2.55512,0.40629,-2.30995,-2.57781,0.114294,0.0630852
g1_temporal,5,20,0.334447,7893,2.89062,0.170017,-2.57258,0.430553,-2.27188,-2.61376,0.116014,0.0543904
g1_temporal,5,21,0.509827,5587,3.1875,0.195953,-3.16422,0.803102,-1.75913,-3.29517,0.228962,0.168241
g1_temporal,5,22,0.431031,7398,2.96875,0.302077,-2.85305,0.656116,-2.0663,-2.95316,0.147591,0.109802
g1_temporal,5,23,0.489883,6404,3.0625,0.165822,-2.89136,0.702955,-1.7846,-3.01122,0.187731,0.131975
g1_temporal,5,24,0.420143,6056,2.73438,0.117649,-2.99428,0.783888,-1.93005,-3.10264,0.198733,0.156012
g1_temporal,5,25,0.49493,5773,2.95312,0.170265,-2.9849,0.683176,-2.02211,-3.07791,0.16702,0.120596
g1_temporal,5,26,0.386838,6829,3.3125,0.708912,-2.73541,0.463515,-2.32521,-2.78312,0.121092,0.0837559
g1_temporal,5,27,0.345536,6335,2.75,0.177817,-2.63579,0.465089,-2.19798,-2.68264,0.131703,0.0913129
g1_temporal,5,28,0.50298,5079,4.34375,0.539334,-3.02918,0.684533,-1.9447,-3.12029,0.191144,0.156709
g1_temporal,5,29,0.360127,7206,2.85938,0.106255,-2.78084,0.545764,-2.24392,-2.84717,0.138056,0.101147
g1_temporal,5,30,0.490714,5127,3.01562,0.176058,-2.95432,0.681966,-1.9499,-3.03956,0.193942,0.175541
g1_temporal,5,31,0.471557,6108,3.17188,0.183721,-3.01284,0.754571,-1.9268,-3.12447,0.189492,0.1431
g1_temporal,5,32,0.415232,5477,3.42188,0.274281,-2.75072,0.530951,-2.12944,-2.80738,0.152347,0.11453
g1_temporal,5,33,0.407837,6912,2.85938,0.0979337,-2.72322,0.557568,-2.16251,-2.78933,0.143892,0.101073
g1_temporal,5,34,0.481382,6436,3.125,0.159244,-2.99409,0.685439,-1.91066,-3.11208,0.197728,0.144034
g1_temporal,5,35,0.499488,6674,3.14062,0.130694,-2.81157,0.564835,-2.01412,-2.90199,0.181509,0.150339
g1_temporal,5,36,0.390756,6048,3.23438,0.120862,-2.65139,0.468758,-2.1519,-2.70218,0.126727,0.0652783
g1_temporal,5,37,0.532199,4708,2.92188,0.173435,-3.07135,0.738777,-1.82859,-3.16754,0.173698,0.106379
g1_temporal,5,38,0.497391,5036,3.29688,0.196855,-3.14825,0.814092,-1.75124,-3.26453,0.221313,0.174282
g1_temporal,5,39,0.520823,6533,3.35938,0.163821,-3.05475,0.804553,-1.75335,-3.19885,0.200831,0.137329
g1_temporal,5,40,0.549628,6187,3.09375,0.183933,-2.78304,0.589885,-1.83462,-2.88191,0.176217,0.117373
g1_temporal,5,41,0.347897,7910,2.79688,0.187708,-2.74979,0.49975,-2.28295,-2.81387,0.124296,0.0726046
g1_temporal,5,42,0.438,4820,2.9375,0.101891,-2.86438,0.564257,-2.13408,-2.92235,0.143383,0.0857831
g1_temporal,5,43,0.458756,6454,3.04688,0.0970599,-3.08192,0.786039,-1.98327,-3.20194,0.174919,0.13138
g1_temporal,5,44,0.453247,6319,2.95312,0.144477,-2.98847,0.695917,-2.02835,-3.09092,0.152498,0.0961838
g1_temporal,5,45,0.493972,6439,3.53125,0.259294,-2.96206,0.636211,-2.10292,-3.05567,0.171843,0.153382
g1_temporal,5,46,0.475322,8282,2.73438,0.112507,-2.6886,0.533708,-2.03901,-2.78257,0.149862,0.088167
g1_temporal,5,47,0.45347,5474,2.79688,0.105265,-3.19476,0.84689,-1.91644,-3.31126,0.17943,0.122369
g1_temporal,5,48,0.523046,4979,2.875,0.155629,-3.3149,0.833572,-1.75596,-3.44308,0.202686,0.145605
g1_temporal,5,49,0.560434,6926,2.85938,0.17695,-3.1,0.781528,-1.71277,-3.26393,0.200953,0.133481
g1_temporal,5,50,0.431531,4496,2.73438,0.105876,-2.9067,0.571403,-2.21276,-2.95781,0.13413,0.0781315
g1_temporal,5,51,0.431534,5350,3,0.211718,-2.97503,0.654271,-2.13598,-3.04962,0.145778,0.104103
g1_temporal,5,52,0.443833,5386,3.07812,0.126657,-2.85853,0.610696,-2.07777,-2.92845,0.154159,0.11539
g1_temporal,5,53,0.432842,6847,3.07812,0.134725,-2.82012,0.596909,-2.08818,-2.90551,0.171079,0.159484
g1_temporal,5,54,0.396402,7944,3.14062,0.127528,-2.62271,0.497733,-2.20997,-2.67965,0.124564,0.0714989
g1_temporal,5,55,0.426721,5675,2.76562,0.0903981,-2.73062,0.459268,-2.21941,-2.77909,0.129868,0.0765933
g1_temporal,5,56,0.510792,4793,2.8125,0.205165,-3.41563,0.934485,-1.52406,-3.56489,0.264392,0.18785
g1_temporal,5,57,0.414856,5715,3,0.164295,-2.80862,0.578311,-2.16322,-2.87028,0.145897,0.104398
g1_temporal,5,58,0.442583,6904,3.23438,0.125802,-2.77152,0.547905,-2.21335,-2.83725,0.140668,0.100888
g1_temporal,5,59,0.47766,6887,3.625,0.379947,-2.85193,0.636183,-1.95913,-2.95677,0.16902,0.125071
g1_temporal,5,60,0.462627,7596,3,0.370852,-2.69292,0.593848,-1.8415,-2.80454,0.227079,0.201225
g1_temporal,5,61,0.424276,6769,2.82812,0.178372,-2.83455,0.659174,-1.96495,-2.93472,0.192209,0.155801
g1_temporal,5,62,0.470105,6222,2.76562,0.168526,-2.91477,0.628921,-2.11905,-2.99824,0.144213,0.0869372
g1_temporal,5,63,0.421327,5827,3.3125,0.163548,-2.7444,0.480545,-2.20882,-2.79667,0.144906,0.1142
g1_temporal,6,0,0.59355,6564,3.6875,0.442014,-3.05772,0.774971,-1.88776,-3.18795,0.213181,0.172211
g1_temporal,6,1,0.559519,6193,3.125,0.152904,-2.90935,0.641146,-2.08441,-2.99544,0.14683,0.104076
g1_temporal,6,2,0.42322,4793,3.04688,0.145078,-2.72092,0.508395,-2.2064,-2.76152,0.137188,0.106048
g1_temporal,6,3,0.509921,5055,3.64062,0.323512,-3.10521,0.723979,-1.95641,-3.20122,0.191291,0.141547
g1_temporal,6,4,0.444815,7998,2.98438,0.255866,-2.52429,0.402584,-2.18124,-2.57197,0.118983,0.0526868
g1_temporal,6,5,0.524944,6501,3,0.243644,-2.85988,0.584709,-2.21445,-2.93095,0.142894,0.125076
g1_temporal,6,6,0.541629,6267,3.17188,0.148681,-2.84235,0.65351,-1.85924,-2.94631,0.196136,0.176699
g1_temporal,6,7,0.366825,7906,3.65625,0.219285,-2.58404,0.457139,-2.24264,-2.63088,0.120705,0.0697237
g1_temporal,6,8,0.531806,5351,3.20312,0.161723,-2.89854,0.635223,-1.99227,-2.97911,0.179714,0.151301
g1_temporal,6,9,0.401335,5520,3.3125,0.190049,-2.76555,0.53285,-2.24297,-2.81361,0.129584,0.0855151
g1_temporal,6,10,0.355955,7310,2.75,0.128861,-2.54137,0.398582,-2.25188,-2.57771,0.106556,0.0457028
g1_temporal,6,11,0.509916,8103,3.14062,0.198106,-2.60945,0.442596,-2.17237,-2.67112,0.11268,0.0525992
g1_temporal,6,12,0.51186,5548,2.98438,0.219822,-2.84486,0.562042,-2.0321,-2.92003,0.184975,0.161174
g1_temporal,6,13,0.599439,6409,3.20312,0.213066,-2.79912,0.635918,-1.83968,-2.90312,0.185355,0.155247
g1_temporal,6,14,0.597686,5938,3.48438,0.13593,-2.98876,0.686391,-1.88266,-3.09896,0.194098,0.145809
g1_temporal,6,15,0.462232,6109,2.98438,0.267327,-2.88438,0.592533,-2.15632,-2.95922,0.151208,0.127699
g1_temporal,6,16,0.547184,8180,3.09375,0.191598,-2.87713,0.647678,-2.00265,-3.00185,0.153565,0.0931449
g1_temporal,6,17,0.55701,7403,3.17188,0.635382,-2.79038,0.587485,-1.94545,-2.89798,0.195721,0.180275
g1_temporal,6,18,0.566037,4790,3.125,0.235791,-3.26827,0.871902,-1.47411,-3.40975,0.303483,0.236507
g1_temporal,6,19,0.437875,5700,3.3125,0.177744,-2.77199,0.514462,-2.25567,-2.82118,0.129272,0.0926942
g1_temporal,6,20,0.374729,5689,2.85938,0.149874,-2.6157,0.416876,-2.29917,-2.64579,0.118724,0.0885129
g1_temporal,6,21,0.457148,5982,2.98438,0.0928821,-2.7159,0.468514,-2.26599,-2.76109,0.11727,0.0608691
g1_temporal,6,22,0.579104,5981,3.3125,0.212227,-3.15147,0.799443,-1.9006,-3.27709,0.193957,0.157623
g1_temporal,6,23,0.480472,5982,3.625,0.149929,-2.86671,0.639069,-2.05277,-2.94847,0.161902,0.13398
g1_temporal,6,24,0.549697,7568,3.0625,0.136153,-2.68956,0.496327,-2.10305,-2.76613,0.133162,0.0646926
g1_temporal,6,25,0.604474,6011,3.39062,0.302263,-2.9604,0.659405,-1.89136,-3.06836,0.222778,0.203458
g1_temporal,6,26,0.528005,5962,3.40625,0.144989,-2.78241,0.557909,-2.14105,-2.8466,0.140892,0.104629
g1_temporal,6,27,0.641165,6252,3.78125,0.177933,-3.32506,0.954899,-1.6349,-3.5033,0.224586,0.1996
g1_temporal,6,28,0.625334,7440,2.90625,0.149036,-2.96124,0.754245,-1.57536,-3.13872,0.204415,0.122599
g1_temporal,6,29,0.561055,6191,3.125,0.18604,-2.8959,0.628481,-2.06311,-2.98277,0.177558,0.144747
g1_temporal,6,30,0.459661,6526,2.95312,0.142397,-3.01573,0.728194,-2.06359,-3.12103,0.164839,0.121098
g1_temporal,6,31,0.541398,5638,3.53125,0.159484,-2.72122,0.544211,-2.06946,-2.78257,0.156834,0.132055
g1_temporal,6,32,0.585665,5831,3.40625,0.286402,-2.88422,0.587812,-2.03778,-2.96688,0.174239,0.154407
g1_temporal,6,33,0.561824,5618,3.10938,0.170535,-2.83734,0.560488,-2.04477,-2.91165,0.171873,0.167136
g1_temporal,6,34,0.531895,5913,3.6875,0.356302,-3.06824,0.762083,-1.9303,-3.18109,0.202786,0.163815
g1_temporal,6,35,0.578044,5044,3.0625,0.192132,-3.25839,0.789541,-1.80663,-3.37944,0.206411,0.169399
g1_temporal,6,36,0.411869,5880,3.14062,0.0593733,-2.73583,0.473246,-2.22623,-2.78606,0.138322,0.108786
g1_temporal,6,37,0.579039,6483,3.375,0.460971,-2.75557,0.633957,-1.85185,-2.85478,0.18868,0.170867
g1_temporal,6,38,0.330156,5454,3.03125,0.181773,-2.54176,0.400097,-2.29264,-2.56438,0.117367,0.0735374
g1_temporal,6,39,0.520691,6811,3.20312,0.166473,-2.8922,0.666884,-2.00398,-2.99521,0.164503,0.135478
g1_temporal,6,40,0.578364,5383,3.1875,0.135131,-2.88145,0.623648,-1.88176,-2.97091,0.15902,0.118609
g1_temporal,6,41,0.548382,6085,3.17188,0.20853,-2.93324,0.622671,-2.11561,-3.01693,0.159989,0.119235
g1_temporal,6,42,0.483993,5971,3.23438,0.301821,-2.72558,0.536467,-2.12324,-2.78596,0.135948,0.111039
g1_temporal,6,43,0.623565,5744,3,0.160818,-2.7053,0.650264,-1.43607,-2.82723,0.284519,0.185106
g1_temporal,6,44,0.550981,5146,3.04688,0.174841,-3.01153,0.663988,-1.95831,-3.10127,0.185905,0.155809
g1_temporal,6,45,0.534454,5046,3.46875,0.133822,-3.10845,0.74544,-1.97951,-3.20263,0.179846,0.141266
g1_temporal,6,46,0.53272,5814,3.5,0.181606,-2.90952,0.632724,-2.11171,-2.98719,0.155614,0.125764
g1_temporal,6,47,0.539216,5905,3.42188,0.143734,-3.01238,0.738718,-1.87421,-3.12509,0.201671,0.169471
g1_temporal,6,48,0.537917,6139,3.14062,0.261566,-2.8423,0.544179,-2.17349,-2.91142,0.150332,0.121497
g1_temporal,6,49,0.51937,6417,3.15625,0.115177,-2.77101,0.532021,-2.11613,-2.84209,0.135088,0.0748387
g1_temporal,6,50,0.512413,7450,3.21875,0.636898,-2.86349,0.586645,-2.1378,-2.95657,0.153958,0.140858
g1_temporal,6,51,0.546993,4817,2.875,0.0933906,-3.0416,0.69075,-2.02571,-3.12219,0.172232,0.134367
g1_temporal,6,52,0.550018,6435,3.6875,0.215817,-2.79984,0.56602,-2.00668,-2.8862,0.150949,0.086029
g1_temporal,6,53,0.495922,5993,3.42188,0.13431,-2.91862,0.661826,-2.07531,-3.0035,0.160153,0.123071
g1_temporal,6,54,0.537044,5634,3.25,0.17295,-2.86991,0.711206,-1.89758,-2.96136,0.185827,0.160053
g1_temporal,6,55,0.495874,5330,3.3125,0.194682,-2.85931,0.580888,-2.13372,-2.92354,0.131898,0.0845853
g1_temporal,6,56,0.868001,8147,3.5625,0.615058,-3.04406,0.772016,-1.91512,-3.20432,0.188157,0.137189
g1_temporal,6,57,0.544245,6747,3.1875,0.207862,-3.00938,0.721613,-1.9908,-3.12628,0.188012,0.152084
g1_temporal,6,58,0.422445,5459,3.07812,0.10774,-2.7416,0.497191,-2.21765,-2.78921,0.133474,0.0976232
g1_temporal,6,59,0.428231,5280,3.3125,0.327848,-2.62254,0.501641,-2.16331,-2.66278,0.139392,0.126615
g1_temporal,6,60,0.565286,5201,3.07812,0.169194,-2.98435,0.622845,-2.02977,-3.06663,0.175054,0.143225
g1_temporal,6,61,0.554354,5899,3.04688,0.299312,-3.0965,0.803345,-1.84259,-3.22054,0.228384,0.197553
g1_temporal,6,62,0.406297,8075,2.89062,0.102196,-2.6819,0.506174,-2.22315,-2.74637,0.132274,0.101584
g1_temporal,6,63,0.599091,5205,3.76562,0.298625,-3.06191,0.700045,-1.90171,-3.16201,0.194745,0.165793
g1_temporal,7,0,0.667979,4817,3.84375,0.244781,-3.03381,0.682017,-1.9079,-3.12314,0.174683,0.13192
g1_temporal,7,1,0.610255,5715,3.59375,0.287231,-2.8141,0.600475,-2.09831,-2.88249,0.149305,0.114591
g1_temporal,7,2,0.615307,5626,3.375,0.296718,-3.07135,0.795285,-1.77189,-3.19338,0.229999,0.174738
g1_temporal,7,3,0.652261,5773,3.60938,0.337259,-2.89373,0.613947,-2.03599,-2.97659,0.166263,0.127499
g1_temporal,7,4,0.703253,7260,3.59375,0.171204,-2.88354,0.62076,-1.98853,-2.99504,0.159638,0.100851
g1_temporal,7,5,0.654982,8204,3.73438,1.05357,-2.81398,0.532143,-2.21903,-2.89912,0.145274,0.117521
g1_temporal,7,6,0.564955,5179,3.51562,0.186006,-2.77908,0.57639,-1.98926,-2.84686,0.187712,0.173362
g1_temporal,7,7,0.57537,5802,3.78125,0.335243,-2.80796,0.536384,-2.10813,-2.87593,0.145207,0.0924193
g1_temporal,7,8,0.922055,8513,4.65625,0.537337,-2.96214,0.868117,-1.5469,-3.17342,0.217155,0.163685
g1_temporal,7,9,0.865666,8180,3.6875,0.212388,-2.98622,0.900738,-1.41914,-3.20972,0.24514,0.164576
g1_temporal,7,10,0.595084,4958,3.60938,0.362241,-3.16314,0.86169,-1.82607,-3.27257,0.21339,0.169546
g1_temporal,7,11,0.35315,6347,3.01562,0.139126,-2.52252,0.374081,-2.2506,-2.55168,0.117356,0.0582237
g1_temporal,7,12,0.708446,7925,3.40625,0.317668,-2.84505,0.606904,-2.06312,-2.95261,0.155871,0.123909
g1_temporal,7,13,0.67201,5421,4.5,0.409391,-2.73162,0.532827,-1.98494,-2.79895,0.143047,0.107057
g1_temporal,7,14,0.648568,4807,3.29688,0.188521,-2.80611,0.514328,-2.05456,-2.8656,0.137387,0.0723281
g1_temporal,7,15,0.689089,6247,3.70312,0.367854,-2.84277,0.604507,-2.01795,-2.92967,0.170487,0.145499
g1_temporal,7,16,0.628946,6579,3.48438,0.270571,-2.64962,0.512032,-2.02928,-2.71885,0.151276,0.119412
g1_temporal,7,17,0.60762,4507,3.54688,0.331444,-2.88581,0.63957,-1.90314,-2.95838,0.201956,0.180724
g1_temporal,7,18,0.658213,6993,3.375,0.150353,-2.72275,0.505888,-2.05329,-2.80272,0.139565,0.073515
g1_temporal,7,19,0.559035,5744,3.42188,0.167142,-2.6474,0.471168,-2.12504,-2.69758,0.129815,0.0686048
g1_temporal,7,20,0.636624,6564,4.28125,0.555816,-2.55474,0.429944,-2.09926,-2.60544,0.132625,0.0910274
g1_temporal,7,21,0.738703,5167,3.54688,0.222041,-3.15822,0.787356,-1.78624,-3.27565,0.165277,0.110465
g1_temporal,7,22,0.610022,6861,3.76562,0.250433,-2.79218,0.61824,-1.99136,-2.88582,0.178437,0.148045
g1_temporal,7,23,0.731046,6732,3.6875,0.316989,-2.86548,0.60264,-2.07169,-2.95635,0.157256,0.117376
g1_temporal,7,24,0.641794,6565,3.1875,0.151315,-2.82698,0.551546,-2.09989,-2.90793,0.144148,0.0859746
g1_temporal,7,25,0.609138,6177,4.71875,1.03163,-2.84827,0.618905,-1.94756,-2.942,0.176614,0.134241
g1_temporal,7,26,0.463101,6736,3.40625,0.216247,-2.52486,0.395217,-2.23367,-2.55822,0.11705,0.0495424
g1_temporal,7,27,0.620293,3569,3.82812,0.197951,-2.91788,0.552046,-2.13597,-2.96291,0.133,0.0739095
g1_temporal,7,28,0.72315,5536,3.46875,0.431566,-2.90278,0.642899,-1.85595,-2.99936,0.219126,0.191662
g1_temporal,7,29,0.321458,4362,4.0625,0.562127,-2.43971,0.335287,-2.27931,-2.45114,0.108677,0.0490312
g1_temporal,7,30,0.650695,8391,3.15625,0.237289,-2.61875,0.466331,-2.0554,-2.70147,0.135121,0.0678666
g1_temporal,7,31,0.794053,5748,4.0625,0.248616,-2.86103,0.595498,-1.85033,-2.9582,0.165159,0.0975727
g1_temporal,7,32,0.635878,6718,3.82812,0.424493,-2.83295,0.630594,-1.99467,-2.9287,0.190777,0.181769
g1_temporal,7,33,0.757446,4947,3.5625,0.383612,-2.86691,0.617007,-1.885,-2.94708,0.197377,0.177435
g1_temporal,7,34,0.689559,5294,3.57812,0.415531,-2.94663,0.70774,-1.82907,-3.04484,0.220485,0.198341
g1_temporal,7,35,0.679294,6656,4.8125,0.243506,-2.77633,0.589955,-1.93051,-2.87194,0.152673,0.0851587
g1_temporal,7,36,0.618705,7559,3.25,0.162509,-2.84042,0.644232,-1.94445,-2.95723,0.148485,0.0982713
g1_temporal,7,37,0.715517,5123,3.96875,0.228071,-2.87403,0.657622,-1.82952,-2.96261,0.206662,0.167756
g1_temporal,7,38,0.681538,6453,3.73438,0.388746,-2.82677,0.562921,-2.03998,-2.9127,0.179465,0.157704
g1_temporal,7,39,0.686907,5376,3.48438,0.303048,-3.15982,0.756395,-1.9206,-3.27056,0.179071,0.131154
g1_temporal,7,40,0.525851,5174,3.48438,0.216297,-2.86849,0.642992,-2.02589,-2.94072,0.163973,0.124216
g1_temporal,7,41,0.67826,5676,4.03125,0.304607,-3.09157,0.732488,-1.88728,-3.20577,0.184146,0.126616
g1_temporal,7,42,0.50273,6668,3.25,0.254482,-2.69581,0.58417,-2.10228,-2.76305,0.149161,0.120332
g1_temporal,7,43,0.725204,6093,3.73438,0.23017,-2.82949,0.655421,-1.76422,-2.93869,0.183935,0.146636
g1_temporal,7,44,0.677745,5862,3.82812,0.215233,-2.85576,0.541891,-2.04174,-2.93572,0.151454,0.0824673
g1_temporal,7,45,0.583332,5527,3.3125,0.267616,-2.72847,0.528153,-2.08351,-2.78787,0.158832,0.146675
g1_temporal,7,46,0.650302,5631,3.07812,0.125299,-2.95654,0.627559,-1.99138,-3.04726,0.137596,0.0916995
g1_temporal,7,47,0.608508,6416,3.10938,0.221121,-2.75589,0.554804,-2.12401,-2.82446,0.136554,0.0858982
g1_temporal,7,48,0.531613,4502,3.15625,0.125822,-2.74874,0.505453,-2.08758,-2.79751,0.137326,0.0816007
g1_temporal,7,49,0.739703,7843,3.8125,0.289533,-2.9827,0.785326,-1.7444,-3.15104,0.176102,0.121992
g1_temporal,7,50,0.816529,6578,3.95312,0.658378,-3.0759,0.854821,-1.51319,-3.25025,0.266545,0.207857
g1_temporal,7,51,0.637336,6464,3.375,0.18754,-2.81587,0.604932,-1.95822,-2.90972,0.154123,0.088998
g1_temporal,7,52,0.688244,6087,3.42188,0.253631,-2.75086,0.575509,-2.00191,-2.82755,0.145022,0.104612
g1_temporal,7,53,0.812343,7525,3.60938,0.426146,-2.91549,0.788096,-1.43169,-3.10797,0.266378,0.16826
g1_temporal,7,54,0.692904,6039,4.09375,0.510075,-2.80781,0.62001,-1.9261,-2.8973,0.21527,0.201846
g1_temporal,7,55,0.483825,6867,3.75,0.209793,-2.52921,0.379833,-2.25302,-2.56153,0.11459,0.0558092
g1_temporal,7,56,0.378312,5762,3.48438,0.134847,-2.52742,0.384232,-2.16458,-2.5624,0.118066,0.0492011
g1_temporal,7,57,0.650587,6392,3.57812,0.284044,-2.89988,0.661686,-1.97523,-2.99981,0.174915,0.136409
g1_temporal,7,58,0.795607,5798,3.375,0.203896,-2.97659,0.725156,-1.74894,-3.09575,0.17081,0.123649
g1_temporal,7,59,0.629624,6862,3.53125,0.201922,-2.89468,0.662523,-1.98039,-3.00161,0.193776,0.158725
g1_temporal,7,60,0.676122,5422,3.21875,0.12603,-2.91558,0.6168,-2.0278,-2.99565,0.139693,0.0848379
g1_temporal,7,61,0.445648,6870,3,0.258172,-2.5437,0.408926,-2.16761,-2.58774,0.117247,0.0502901
g1_temporal,7,62,0.518857,6177,3.28125,0.154682,-2.64229,0.452759,-2.17735,-2.69068,0.115401,0.0552586
g1_temporal,7,63,0.695266,5850,4.15625,0.379658,-2.76872,0.577542,-1.99638,-2.84441,0.177376,0.157556
g1_temporal,8,0,0.88991,5877,4.625,1.60242,-2.84278,0.659711,-1.8345,-2.94211,0.187569,0.147185
g1_temporal,8,1,1.00694,4380,6.09375,0.505731,-2.73013,0.577335,-1.88719,-2.7905,0.13839,0.0794892
g1_temporal,8,2,0.538145,6689,4.4375,0.490858,-2.39952,0.388509,-2.15476,-2.42734,0.123438,0.0648382
g1_temporal,8,3,0.745568,5847,4.21875,1.05202,-2.68797,0.516589,-2.07071,-2.74843,0.146624,0.0903481
g1_temporal,8,4,0.737261,6608,5.15625,0.782187,-2.72998,0.545017,-2.05987,-2.80512,0.159636,0.113161
g1_temporal,8,5,0.814058,5823,3.79688,0.37239,-2.8675,0.575599,-2.08994,-2.94332,0.135733,0.0767041
g1_temporal,8,6,0.700613,7246,4.53125,1.80105,-2.5765,0.466165,-2.1589,-2.62841,0.135102,0.121264
g1_temporal,8,7,0.963754,6596,4,0.422505,-2.74312,0.540393,-2.05864,-2.81972,0.137465,0.0727111
g1_temporal,8,8,0.831432,8383,3.75,0.341659,-2.84257,0.640509,-1.98027,-2.96905,0.165907,0.124389
g1_temporal,8,9,0.975519,4750,4.15625,0.359921,-3.15404,0.794705,-1.72769,-3.2655,0.190447,0.145103
g1_temporal,8,10,0.830728,5724,4.9375,1.48388,-2.6068,0.520563,-2.03532,-2.66149,0.156745,0.129459
g1_temporal,8,11,0.889455,5035,4.78125,0.965418,-3.06507,0.849936,-1.3752,-3.2057,0.268339,0.195045
g1_temporal,8,12,1.07245,7918,4,0.42188,-2.95021,0.717261,-1.79769,-3.1086,0.15933,0.106708
g1_temporal,8,13,0.91222,8323,5.125,0.495717,-2.69364,0.629005,-1.88886,-2.81072,0.149587,0.100985
g1_temporal,8,14,1.14848,6942,4.3125,0.346064,-2.87466,0.664614,-1.80258,-3.00168,0.175484,0.0995493
g1_temporal,8,15,0.830581,5633,3.85938,0.267269,-2.72332,0.531639,-1.97764,-2.79344,0.16057,0.118524
g1_temporal,8,16,0.792896,8496,4.5,0.661168,-2.80977,0.67355,-1.91461,-2.9431,0.183031,0.134016
g1_temporal,8,17,1.01971,7299,4.53125,0.229215,-2.6907,0.582166,-1.87389,-2.79307,0.169113,0.0957636
g1_temporal,8,18,0.659112,7919,3.54688,0.248588,-2.53553,0.437556,-2.1205,-2.59257,0.116433,0.0533393
g1_temporal,8,19,0.986261,5389,4.59375,0.976316,-2.82573,0.684902,-1.73627,-2.92335,0.223986,0.196948
g1_temporal,8,20,0.862933,3911,3.45312,0.346506,-2.80347,0.52082,-2.0716,-2.84992,0.130289,0.0743873
g1_temporal,8,21,1.25786,7037,4.03125,0.335816,-2.78803,0.657692,-1.69306,-2.91975,0.183471,0.103033
g1_temporal,8,22,0.957647,4197,4,0.430393,-2.96105,0.619398,-1.9214,-3.03219,0.169286,0.117201
g1_temporal,8,23,1.20642,4748,3.89062,0.281929,-2.88724,0.592902,-1.91132,-2.96347,0.130024,0.0642781
g1_temporal,8,24,0.627622,6136,5,0.475172,-2.52005,0.377836,-2.20497,-2.5526,0.113898,0.0468665
g1_temporal,8,25,1.42491,7799,4.3125,0.866326,-2.72487,0.675479,-1.7082,-2.86221,0.186817,0.16601
g1_temporal,8,26,0.751983,5905,4.09375,0.966425,-2.78463,0.621376,-1.94126,-2.86815,0.184068,0.144662
g1_temporal,8,27,0.720365,6266,4.84375,2.35619,-2.70858,0.51211,-2.13776,-2.76892,0.137897,0.0876062
g1_temporal,8,28,1.00907,4886,4.4375,0.751533,-2.95673,0.732792,-1.5454,-3.07043,0.245045,0.213671
g1_temporal,8,29,0.980613,5163,3.82812,0.428635,-3.08762,0.778729,-1.83725,-3.19454,0.16015,0.117078
g1_temporal,8,30,0.843845,6247,3.875,0.444224,-2.9118,0.644859,-1.93508,-3.01471,0.165073,0.110099
g1_temporal,8,31,0.816905,4803,4.59375,0.554238,-2.62152,0.521441,-1.96996,-2.67305,0.156288,0.126833
g1_temporal,8,32,0.875546,7994,5,1.51244,-2.93573,0.771802,-1.81492,-3.09144,0.176294,0.127969
g1_temporal,8,33,0.961745,7658,4.25,0.494731,-2.72997,0.60141,-1.98976,-2.8279,0.153581,0.116067
g1_temporal,8,34,0.947679,6867,4.34375,0.687922,-2.71093,0.566694,-1.99092,-2.7952,0.170125,0.130547
g1_temporal,8,35,0.713484,5644,3.70312,0.412852,-2.7276,0.577039,-2.01698,-2.79457,0.163033,0.131089
g1_temporal,8,36,0.888734,6343,3.89062,0.534369,-2.7631,0.614595,-1.80502,-2.86576,0.194875,0.12784
g1_temporal,8,37,0.855202,5926,4.40625,0.954382,-2.91962,0.6977,-1.8373,-3.02721,0.18817,0.138099
g1_temporal,8,38,0.816426,5435,3.98438,0.444306,-2.85082,0.640434,-2.0093,-2.92692,0.154005,0.098292
g1_temporal,8,39,0.752861,3940,4.28125,0.46386,-2.71206,0.463629,-2.1296,-2.74932,0.131398,0.0699135
g1_temporal,8,40,0.926008,3633,4.40625,0.414417,-3.30554,0.842052,-1.63417,-3.40364,0.207326,0.155631
g1_temporal,8,41,0.722409,6575,6.65625,1.04534,-2.51414,0.457199,-2.16273,-2.55333,0.126446,0.0863265
g1_temporal,8,42,1.07351,8251,4.875,0.686881,-2.73831,0.618956,-1.80479,-2.87277,0.172587,0.0901206
g1_temporal,8,43,0.542338,5272,3.29688,0.315663,-2.51154,0.389284,-2.23253,-2.53595,0.118478,0.0572039
g1_temporal,8,44,1.1339,7211,4.4375,1.12307,-2.81825,0.71991,-1.73942,-2.95163,0.187832,0.15891
g1_temporal,8,45,1.58794,5011,4.1875,0.187334,-2.69663,0.681012,-1.05726,-2.83236,0.346495,0.176438
g1_temporal,8,46,0.522038,7560,3.04688,0.0754791,-2.45759,0.348229,-2.21867,-2.48875,0.109763,0.0402212
g1_temporal,8,47,0.740249,5507,4.875,1.5156,-2.60248,0.476,-2.09922,-2.64864,0.136759,0.0998025
g1_temporal,8,48,1.03319,7259,4.09375,0.283336,-2.81987,0.649309,-1.8501,-2.94066,0.163337,0.0778414
g1_temporal,8,49,0.926885,5364,5.03125,0.503369,-3.05651,0.714939,-1.85012,-3.16406,0.176883,0.0906427
g1_temporal,8,50,0.814588,7483,3.875,0.384016,-2.65708,0.465319,-2.23151,-2.71193,0.127835,0.0762457
g1_temporal,8,51,0.83938,6427,3.625,0.321619,-2.64025,0.473267,-2.10631,-2.69831,0.12592,0.0621253
g1_temporal,8,52,0.804656,5273,3.90625,0.119354,-2.75038,0.501776,-2.10484,-2.80686,0.131434,0.0806337
g1_temporal,8,53,0.832914,7787,4.125,0.893124,-2.76061,0.626132,-1.98117,-2.86571,0.15404,0.101944
g1_temporal,8,54,0.941031,5203,4.3125,0.684805,-2.91412,0.601777,-2.0393,-2.98956,0.137211,0.0700616
g1_temporal,8,55,0.944382,7282,3.71875,0.435952,-3.13527,0.847913,-1.77172,-3.30572,0.189685,0.144426
g1_temporal,8,56,0.824605,5700,4.09375,0.405915,-2.81126,0.57564,-1.97075,-2.89133,0.14933,0.0731709
g1_temporal,8,57,1.20236,7237,4.53125,0.542879,-3.18343,1.01041,-1.2532,-3.42304,0.267748,0.199108
g1_temporal,8,58,1.19129,4751,4.0625,0.479071,-3.22339,0.778019,-1.60406,-3.34996,0.188696,0.115834
g1_temporal,8,59,0.983131,4946,4.71875,0.766147,-2.62465,0.496022,-1.9487,-2.67983,0.15602,0.128973
g1_temporal,8,60,0.864019,6642,3.42188,0.219395,-2.9091,0.655597,-1.95191,-3.01705,0.165764,0.110936
g1_temporal,8,61,0.882276,5149,4.03125,0.549318,-2.73051,0.584298,-1.92181,-2.79947,0.171764,0.128557
g1_temporal,8,62,0.938284,3179,3.875,0.364602,-2.97713,0.599595,-1.87875,-3.03313,0.141969,0.0690026
g1_temporal,8,63,1.18764,6732,4.75,1.21271,-2.97104,0.748989,-1.68638,-3.11811,0.269197,0.222976
g3_moe,1,0,1.47123,7350,7.5,2.04265,-5.65314,0.939586,,,0.057298,0.0276398
g3_moe,1,1,1.67464,8259,8.0625,0.904099,-5.8407,1.12577,,,0.058716,0.0366553
g3_moe,1,2,1.78254,5384,7.6875,0.351054,-5.65222,0.927802,,,0.0464864,0.0259689
g3_moe,1,3,1.70484,6251,7.75,2.2152,-5.54751,0.780188,,,0.0473885,0.018912
g3_moe,1,4,1.27085,5996,6.90625,1.65519,-5.52647,0.805972,,,0.0564128,0.0455753
g3_moe,1,5,1.75695,5962,6.84375,1.18812,-5.59697,0.914903,,,0.0493151,0.0317398
g3_moe,1,6,1.54154,7272,6.3125,1.02533,-5.57016,0.91331,,,0.0415655,0.0237039
g3_moe,1,7,1.61475,5750,7.125,0.883138,-5.93459,1.03732,,,0.0426338,0.0213138
g3_moe,1,8,1.26475,8140,7.1875,1.7804,-5.58632,1.04332,,,0.0534681,0.0276564
g3_moe,1,9,1.53161,5584,7.84375,0.888206,-5.80177,0.973224,,,0.0547107,0.0403115
g3_moe,1,10,1.33687,6449,6.28125,0.823278,-5.6732,1.01792,,,0.0621161,0.0531968
g3_moe,1,11,1.45512,5557,6.59375,1.57803,-5.67128,0.855795,,,0.0429467,0.020731
g3_moe,1,12,1.63186,5845,7.3125,0.584936,-5.95627,1.0254,,,0.0489961,0.0311604
g3_moe,1,13,1.70139,6574,8.125,1.21911,-5.75132,1.04927,,,0.0618772,0.0378178
g3_moe,1,14,1.79617,6666,7.375,1.07034,-5.91608,1.1078,,,0.0463657,0.0225712
g3_moe,1,15,1.25076,5808,6.875,1.34433,-5.70949,0.921914,,,0.0490807,0.0336203
g3_moe,1,16,1.69232,5813,7.84375,1.30244,-6.02765,1.11334,,,0.0577687,0.0374019
g3_moe,1,17,1.59688,6423,8.8125,2.24613,-5.71003,0.996175,,,0.0513238,0.0300495
g3_moe,1,18,1.23327,5797,8.625,2.61314,-5.77667,0.854454,,,0.0494971,0.0323179
g3_moe,1,19,1.57461,8647,6.75,0.431599,-5.66122,1.12696,,,0.0548217,0.0363378
g3_moe,1,20,1.68923,5606,6.5625,0.720011,-6.09457,1.12798,,,0.0529649,0.0348551
g3_moe,1,21,1.93944,7498,8.375,1.65718,-6.0107,1.19859,,,0.0549092,0.030343
g3_moe,1,22,1.27485,6612,7.28125,2.23925,-5.85406,0.964563,,,0.0446781,0.0184056
g3_moe,1,23,1.46851,6238,7.09375,1.08058,-5.58652,0.892783,,,0.05105,0.0319515
g3_moe,1,24,1.61376,5565,8.25,1.04516,-5.83357,0.982532,,,0.0642736,0.0451712
g3_moe,1,25,1.66673,6347,5.6875,0.229776,-5.59446,0.900069,,,0.0523613,0.0250686
g3_moe,1,26,1.68957,5454,7.875,2.85382,-5.55214,0.786099,,,0.0534989,0.027717
g3_moe,1,27,1.35206,5711,7.40625,1.36284,-5.6055,0.875312,,,0.0515975,0.0314521
g3_moe,1,28,1.36101,6655,8.0625,1.63913,-5.42387,0.760715,,,0.0417737,0.0164564
g3_moe,1,29,1.38327,6395,8.4375,2.77495,-5.82924,1.04075,,,0.0668691,0.0487531
g3_moe,1,30,1.33779,6171,6.875,1.98739,-5.87544,0.912031,,,0.0450939,0.017574
g3_moe,1,31,1.4852,5891,8.6875,1.39319,-6.06984,1.0955,,,0.0527638,0.0286323
g3_moe,1,32,1.33467,5499,6.8125,1.18392,-5.49999,0.799358,,,0.0522215,0.0476422
g3_moe,1,33,1.38175,5643,6.90625,0.744881,-5.50381,0.814866,,,0.0637942,0.0532948
g3_moe,1,34,1.61159,5444,7,1.36596,-5.32459,0.664958,,,0.0360875,0.0128304
g3_moe,1,35,1.27904,5735,7.90625,1.72077,-5.7415,1.00667,,,0.09218,0.0451508
g3_moe,1,36,1.48847,6342,7.15625,1.5192,-5.50806,0.815937,,,0.0456031,0.0288534
g3_moe,1,37,1.57077,5276,7.15625,1.14105,-5.87803,1.00065,,,0.0452778,0.0267089
g3_moe,1,38,1.48621,5630,6.53125,1.27136,-5.62794,0.851733,,,0.0435624,0.0251096
g3_moe,1,39,1.40117,5742,8.0625,2.33638,-5.32386,0.734212,,,0.0542787,0.0349868
g3_moe,1,40,1.4586,5604,7.625,1.28975,-5.64741,0.890232,,,0.0503689,0.0298101
g3_moe,1,41,1.39288,5813,7.6875,0.984757,-5.35941,0.748724,,,0.0386707,0.0199916
g3_moe,1,42,1.42097,5705,7.3125,1.36606,-5.988,1.06669,,,0.0456235,0.0311659
g3_moe,1,43,1.48611,7725,6.34375,0.959332,-5.70781,1.004,,,0.0473082,0.0227903
g3_moe,1,44,1.5817,6387,7.375,1.98556,-5.64831,0.888221,,,0.0466669,0.0231765
g3_moe,1,45,1.27516,7837,6.375,1.25081,-5.62527,1.15233,,,0.0765953,0.0584416
g3_moe,1,46,1.57844,5551,7.0625,1.06959,-6.1118,1.18101,,,0.0620954,0.0414337
g3_moe,1,47,1.20519,6131,5.625,1.84863,-5.48802,0.763378,,,0.0333208,0.0114885
g3_moe,1,48,1.65973,5859,7.96875,1.21022,-5.99327,1.03381,,,0.0542531,0.0323633
g3_moe,1,49,1.38945,6002,7.5,1.80295,-5.74739,0.934509,,,0.0567065,0.0405168
g3_moe,1,50,1.69424,5423,7.03125,1.13624,-5.78113,0.982335,,,0.0599734,0.03919
g3_moe,1,51,1.4485,5155,6.34375,2.29368,-5.28626,0.592632,,,0.0431698,0.0277881
g3_moe,1,52,1.26837,5752,7.6875,1.47669,-5.82309,0.950833,,,0.0503511,0.0280584
g3_moe,1,53,1.52133,6737,7.03125,0.705875,-5.73282,1.02654,,,0.0564109,0.0358096
g3_moe,1,54,1.33386,6072,7.78125,3.25374,-5.68891,0.832857,,,0.0429187,0.0207076
g3_moe,1,55,1.42012,5306,6.3125,1.22999,-5.89118,0.958097,,,0.0418352,0.0215809
g3_moe,1,56,1.61801,6882,6.96875,1.0834,-5.96553,1.13064,,,0.0514768,0.0247745
g3_moe,1,57,1.36817,6657,7.5625,3.57737,-5.64541,0.950838,,,0.0517884,0.0234147
g3_moe,1,58,1.28886,6862,6.1875,1.21653,-5.53197,0.8357,,,0.0493801,0.0279494
g3_moe,1,59,1.43663,7092,7.625,1.12571,-5.90755,1.09697,,,0.0603122,0.0386595
g3_moe,1,60,1.52872,5585,7.40625,1.01773,-6.04107,1.21366,,,0.0652275,0.051407
g3_moe,1,61,1.72182,5663,8.1875,0.962547,-6.17579,1.17596,,,0.0541042,0.0323395
g3_moe,1,62,1.68838,7153,6.71875,0.376093,-5.62967,0.959927,,,0.062936,0.0427208
g3_moe,1,63,1.15545,6152,7.65625,2.42949,-5.79226,1.0667,,,0.114335,0.076941
g3_moe,1,64,1.49219,6630,7.3125,0.454027,-5.992,1.16417,,,0.0728911,0.0501041
g3_moe,1,65,1.22125,5943,8.1875,2.53268,-5.97442,1.07033,,,0.0583005,0.0359773
g3_moe,1,66,1.62274,5241,6.5,0.851978,-5.52207,0.770606,,,0.041496,0.0205881
g3_moe,1,67,1.37833,5447,7.3125,2.13703,-5.43922,0.839133,,,0.0849582,0.0670182
g3_moe,1,68,1.15663,5533,5.75,1.65521,-5.90835,0.969174,,,0.0448759,0.0246116
g3_moe,1,69,1.42317,6145,6.6875,1.03046,-5.6423,0.876331,,,0.0514039,0.032078
g3_moe,1,70,1.21956,5897,8.0625,2.33772,-5.81822,1.06687,,,0.0899817,0.0602152
g3_moe,1,71,1.20227,6372,6.9375,2.56705,-5.43766,0.862382,,,0.0766621,0.0480478
g3_moe,1,72,1.6265,5493,5.9375,0.301931,-5.67074,0.901811,,,0.0431421,0.0234472
g3_moe,1,73,1.43869,5270,6.9375,0.546329,-5.66581,0.857991,,,0.0586542,0.0412559
g3_moe,1,74,1.07827,5648,7.40625,5.05478,-5.85704,1.06024,,,0.0879777,0.0610109
g3_moe,1,75,1.51582,5573,8.1875,0.758744,-5.65294,0.859808,,,0.0459764,0.0284506
g3_moe,1,76,1.43979,5599,6.53125,0.62324,-5.81932,0.964964,,,0.0459119,0.0313149
g3_moe,1,77,1.10587,6519,6.9375,1.56879,-6.10107,1.09101,,,0.0613277,0.043256
g3_moe,1,78,1.39992,5788,6.71875,1.08995,-5.76875,0.917713,,,0.0548754,0.0390667
g3_moe,1,79,1.52348,5852,7.8125,1.81578,-5.59432,0.828808,,,0.0445564,0.0241906
g3_moe,1,80,1.56037,5489,7.03125,1.22278,-5.55325,0.817981,,,0.0559387,0.0475684
g3_moe,1,81,1.97024,5695,8.9375,1.27802,-5.80929,1.00197,,,0.0666933,0.0408773
g3_moe,1,82,1.49978,5625,8.1875,1.25039,-5.93592,1.03629,,,0.0496932,0.0393904
g3_moe,1,83,1.37588,5494,7.40625,2.28804,-5.66287,0.888111,,,0.0743649,0.057529
g3_moe,1,84,1.31482,5906,10.1875,4.53392,-5.46851,0.817044,,,0.0594053,0.0382042
g3_moe,1,85,1.38943,7469,6.21875,1.20474,-5.77331,1.0048,,,0.0427442,0.0235672
g3_moe,1,86,1.152,5868,6.25,2.42806,-5.80545,0.927387,,,0.0537058,0.0368749
g3_moe,1,87,1.57105,5719,6.53125,1.15965,-5.60581,0.911374,,,0.0465123,0.0295709
g3_moe,1,88,1.54166,5925,8.0625,0.657237,-6.01226,1.12016,,,0.0533714,0.0309362
g3_moe,1,89,1.38091,5766,7.75,3.0658,-5.55033,0.797339,,,0.0489613,0.0183515
g3_moe,1,90,1.53069,5321,7.28125,1.29252,-5.75223,0.879253,,,0.051015,0.0366806
g3_moe,1,91,1.37351,6106,7.03125,1.38006,-5.68994,0.95084,,,0.0480287,0.024388
g3_moe,1,92,1.64805,5643,7.28125,0.732972,-5.78314,0.939965,,,0.0531437,0.0374814
g3_moe,1,93,1.41804,7624,7.21875,1.58471,-5.64426,1.1027,,,0.0683324,0.065025
g3_moe,1,94,1.52726,5391,6.09375,0.364169,-5.95573,1.04464,,,0.0568156,0.0454203
g3_moe,1,95,1.37494,6006,6.59375,1.40368,-6.13425,1.22666,,,0.0628983,0.048166
g3_moe,1,96,1.5777,6466,8.1875,1.44843,-6.23384,1.26163,,,0.0542269,0.0282609
g3_moe,1,97,1.09406,5404,9.25,5.67452,-5.62554,0.888654,,,0.0693856,0.0342169
g3_moe,1,98,1.03468,5432,7.1875,1.9897,-5.74798,0.950752,,,0.0748476,0.0722412
g3_moe,1,99,1.44931,7194,6.8125,1.54738,-5.44017,0.807433,,,0.0493249,0.0321078
g3_moe,1,100,1.54815,6773,7.0625,2.32306,-5.57812,0.86133,,,0.0444909,0.0298765
g3_moe,1,101,1.6915,5654,7.125,1.51166,-6.00492,1.03818,,,0.0569173,0.0406347
g3_moe,1,102,1.3164,5185,8.5,3.4039,-5.29425,0.659697,,,0.0500838,0.035515
g3_moe,1,103,1.44949,6885,6.875,0.799299,-5.9564,1.18914,,,0.0541216,0.0373386
g3_moe,1,104,1.69094,5201,8.5625,1.57878,-5.71545,0.859572,,,0.0430795,0.0239791
g3_moe,1,105,1.5984,6923,8.375,1.11285,-6.4638,1.44006,,,0.0579447,0.0323579
g3_moe,1,106,1.55663,5836,7.25,0.977795,-5.55452,0.874032,,,0.043295,0.0246228
g3_moe,1,107,1.48979,5449,11.5,2.91081,-5.61564,0.845018,,,0.0726726,0.0655524
g3_moe,1,108,1.6618,6612,7.125,1.06537,-5.93477,1.12414,,,0.0502857,0.0296526
g3_moe,1,109,1.63504,7115,7.09375,0.479764,-5.7106,0.946448,,,0.0521491,0.0261213
g3_moe,1,110,1.64706,8457,7.03125,1.81107,-5.48322,0.888653,,,0.0442869,0.0238578
g3_moe,1,111,1.40901,5664,7.875,2.0619,-5.96443,1.05008,,,0.0616734,0.0370295
g3_moe,1,112,1.60208,6772,7.375,1.37351,-5.7709,1.00537,,,0.0456662,0.025031
g3_moe,1,113,1.13309,5487,7.15625,3.70552,-6.10539,1.17215,,,0.0842827,0.0617197
g3_moe,1,114,1.40169,5259,7.40625,1.07628,-5.77832,0.937534,,,0.0409995,0.020166
g3_moe,1,115,1.59948,5690,9.5,1.31415,-5.93959,1.08149,,,0.0536342,0.029037
g3_moe,1,116,1.38782,7128,5.78125,0.438631,-5.32953,0.902742,,,0.0725494,0.0514104
g3_moe,1,117,1.50924,5710,7.5,0.709199,-6.214,1.24857,,,0.0575239,0.0445836
g3_moe,1,118,1.41292,6017,7.0625,1.1295,-5.92094,1.013,,,0.0472346,0.0287922
g3_moe,1,119,1.11003,6374,6.78125,3.23954,-5.48332,0.807807,,,0.0571531,0.0418275
g3_moe,1,120,1.36497,5511,8.3125,3.36786,-5.50706,0.8243,,,0.0470035,0.0223595
g3_moe,1,121,1.2921,5572,7.6875,1.76883,-5.59142,0.885085,,,0.0677422,0.0415584
g3_moe,1,122,1.5896,5428,7.625,1.27445,-5.78315,0.933303,,,0.0478679,0.0433041
g3_moe,1,123,1.2174,6041,6.46875,1.04336,-5.42162,0.677737,,,0.0321963,0.00802903
g3_moe,1,124,1.65429,6735,6.09375,0.755574,-5.50474,0.858472,,,0.046512,0.0303068
g3_moe,1,125,1.42526,5791,6.53125,0.927006,-5.57787,0.910512,,,0.0508932,0.0248237
g3_moe,1,126,1.42793,6497,6.4375,1.2472,-5.74982,1.03419,,,0.0723948,0.052444
g3_moe,1,127,1.31516,6027,8.4375,1.86659,-6.02752,1.12475,,,0.0523974,0.0347868
g3_moe,1,128,1.46452,5969,9,1.36889,-5.57958,0.841372,,,0.0617803,0.051882
g3_moe,1,129,1.55436,5312,7.34375,1.93914,-5.94205,0.995165,,,0.0484677,0.0282693
g3_moe,1,130,1.82137,9844,6.6875,0.921185,-5.49335,1.01496,,,0.0607504,0.0321068
g3_moe,1,131,1.21386,6412,6.6875,2.21214,-5.34845,0.859496,,,0.065209,0.0409113
g3_moe,1,132,1.49228,6456,7.375,1.20946,-5.52172,0.782756,,,0.0427866,0.0258282
g3_moe,1,133,1.41363,5497,6.71875,1.46898,-5.7207,0.970134,,,0.0687794,0.0461022
g3_moe,1,134,1.27473,5984,6.46875,1.64893,-5.57487,0.851731,,,0.053122,0.0296945
g3_moe,1,135,1.30761,5966,6.28125,1.31085,-5.82974,1.00092,,,0.05154,0.0336589
g3_moe,1,136,1.25732,7501,7.9375,2.91701,-5.69075,0.974017,,,0.0527789,0.0271287
g3_moe,1,137,1.62343,7640,6.65625,0.613129,-5.80267,1.1226,,,0.054723,0.0329071
g3_moe,1,138,1.17502,6522,8.1875,3.77686,-5.86041,1.03729,,,0.0818402,0.0584882
g3_moe,1,139,1.64778,6131,7.15625,0.995242,-6.05515,1.20424,,,0.0588782,0.032765
g3_moe,1,140,1.51126,5824,6.625,1.85801,-5.54047,0.83871,,,0.0434815,0.0273365
g3_moe,1,141,1.53156,5902,7.21875,1.41404,-5.28866,0.659388,,,0.0384812,0.0159186
g3_moe,1,142,1.29594,5841,7.96875,3.8851,-5.45201,0.887264,,,0.0880119,0.0537198
g3_moe,1,143,1.68419,6289,7.8125,0.841485,-6.4783,1.4026,,,0.0536489,0.0287982
g3_moe,1,144,1.35348,5925,8.0625,2.68012,-5.95579,1.05329,,,0.0434352,0.0209403
g3_moe,1,145,1.27476,5589,7.5625,1.88886,-5.86405,0.972066,,,0.0474894,0.0320347
g3_moe,1,146,1.43797,7059,7.34375,1.996,-5.26394,0.836554,,,0.0637716,0.0352332
g3_moe,1,147,1.77927,6427,8.6875,1.07484,-6.23003,1.24672,,,0.0650111,0.0435624
g3_moe,1,148,1.56094,5362,7.9375,1.65234,-5.75271,0.88849,,,0.0461481,0.0282184
g3_moe,1,149,1.48455,5899,7.6875,1.46113,-5.67761,0.892658,,,0.0492747,0.0255294
g3_moe,1,150,1.33627,8435,6.875,1.5843,-5.6819,1.1802,,,0.0726693,0.0534644
g3_moe,1,151,1.13032,6048,6.46875,1.83823,-5.61018,0.821653,,,0.0560379,0.045694
g3_moe,1,152,1.54305,5603,7.125,0.878795,-5.92415,1.05866,,,0.0578628,0.0430617
g3_moe,1,153,1.52182,6579,7.46875,0.583439,-6.51641,1.51847,,,0.0654742,0.0431007
g3_moe,1,154,1.48986,5840,8.125,1.39779,-5.56518,0.871688,,,0.0533757,0.0328015
g3_moe,1,155,1.67037,5590,8.4375,0.780359,-6.16496,1.18199,,,0.0542293,0.0368191
g3_moe,1,156,1.19809,5896,6.1875,1.20064,-5.44864,0.938857,,,0.111138,0.0926496
g3_moe,1,157,1.67591,7094,7.3125,0.971027,-5.96174,1.19286,,,0.062754,0.0376659
g3_moe,1,158,1.23378,5977,6.25,1.28085,-5.56388,0.864701,,,0.0682616,0.047812
g3_moe,1,159,1.24299,5652,9.25,3.37862,-5.75111,1.02655,,,0.0791889,0.0559428
g3_moe,1,160,1.39281,5700,7,0.631439,-5.98943,1.14666,,,0.0490559,0.0289111
g3_moe,1,161,1.55051,5636,6.25,1.10822,-5.69174,0.931048,,,0.0560561,0.0434839
g3_moe,1,162,1.06563,6473,6.59375,2.68582,-5.82615,0.948023,,,0.0406214,0.0240777
g3_moe,1,163,1.82224,5346,8.125,1.33558,-5.76318,1.00356,,,0.0633862,0.050252
g3_moe,1,164,1.73518,5428,10.4375,2.84746,-5.79979,0.995182,,,0.0619701,0.0358751
g3_moe,1,165,1.41396,5618,8.6875,2.99532,-5.71505,0.859511,,,0.0452036,0.0213637
g3_moe,1,166,1.46838,5543,7.125,1.37088,-5.76035,0.912034,,,0.0538044,0.0365214
g3_moe,1,167,1.51961,5840,7.09375,1.52949,-5.43043,0.741795,,,0.0464284,0.0251582
g3_moe,1,168,1.76723,6243,8.4375,0.97823,-5.9407,1.0842,,,0.0667685,0.0445358
g3_moe,1,169,1.3206,7112,6.375,1.80772,-5.87933,1.13891,,,0.0458354,0.0205344
g3_moe,1,170,1.44641,5765,6.625,0.966013,-5.8894,1.02813,,,0.0496185,0.033388
g3_moe,1,171,1.55235,5831,7.78125,1.43068,-5.84656,1.02147,,,0.0612611,0.04257
g3_moe,1,172,1.54565,6251,7,0.582315,-6.18605,1.25564,,,0.0500854,0.0250153
g3_moe,1,173,1.44756,7642,7.59375,1.21778,-5.57228,0.930269,,,0.0524784,0.0241996
g3_moe,1,174,1.34604,6051,6.53125,1.19025,-5.64997,0.905318,,,0.0521755,0.0441557
g3_moe,1,175,1.59927,5702,6.65625,1.18088,-5.85505,0.94742,,,0.050477,0.028401
g3_moe,1,176,1.52138,5745,7.9375,1.52475,-5.69418,0.913525,,,0.0461337,0.0247811
g3_moe,1,177,1.38118,5510,8.0625,2.13725,-5.56882,0.78599,,,0.0448728,0.0210581
g3_moe,1,178,1.24421,5471,7.25,2.51751,-5.48943,0.788123,,,0.051955,0.0259045
g3_moe,1,179,1.52384,5849,7.5,1.19635,-5.60843,0.836972,,,0.0493342,0.0253581
g3_moe,1,180,1.47227,7463,6.90625,1.08819,-6.29402,1.34552,,,0.064794,0.042769
g3_moe,1,181,1.68809,5622,8.4375,1.83191,-5.99825,1.10387,,,0.0552911,0.0362089
g3_moe,1,182,1.61049,6539,8.125,2.07203,-5.95831,1.09876,,,0.0549858,0.0307072
g3_moe,1,183,1.88481,5087,8.125,1.52946,-5.66529,0.841679,,,0.0462292,0.0307851
g3_moe,1,184,1.80874,6755,9.5,1.56383,-6.28075,1.33597,,,0.0615458,0.0364337
g3_moe,1,185,1.37192,6128,6.84375,2.23019,-5.60408,0.815449,,,0.0505326,0.028937
g3_moe,1,186,1.68393,6983,8.125,1.53533,-5.9852,1.09209,,,0.0621516,0.0404031
g3_moe,1,187,1.20434,6714,6.96875,2.84949,-5.66631,0.882615,,,0.0559323,0.0384442
g3_moe,1,188,1.73306,5190,8.1875,1.19859,-6.07923,1.1246,,,0.0605424,0.0456503
g3_moe,1,189,1.16038,6504,7.0625,1.23389,-5.90255,1.08753,,,0.0396615,0.0208227
g3_moe,1,190,1.4791,6951,7.3125,1.50175,-5.50497,0.836495,,,0.0485067,0.0239469
g3_moe,1,191,1.67842,6519,8.75,1.7223,-5.67209,1.01222,,,0.0682555,0.0440555
g3_moe,2,0,1.58064,5488,6.875,1.41044,-5.49577,0.812787,,,0.0464683,0.0293313
g3_moe,2,1,1.79237,5094,7.0625,0.837865,-6.01344,1.07679,,,0.0455715,0.0318911
g3_moe,2,2,1.83641,5320,7.3125,0.544308,-5.89766,1.05195,,,0.0518065,0.0441591
g3_moe,2,3,1.6021,7062,7.28125,0.863914,-6.09013,1.25763,,,0.0446143,0.0244958
g3_moe,2,4,1.46281,7034,7.21875,1.26054,-6.05078,1.16197,,,0.0440191,0.0282144
g3_moe,2,5,1.58238,5539,7.65625,0.561388,-6.28428,1.28563,,,0.0546758,0.0364332
g3_moe,2,6,1.5061,5981,6.40625,0.11895,-6.08248,1.19456,,,0.0534701,0.0366336
g3_moe,2,7,1.44242,5839,8.4375,1.57289,-5.6373,0.985429,,,0.0692536,0.0481158
g3_moe,2,8,1.63843,5534,6.90625,1.01125,-6.23123,1.18843,,,0.0537293,0.0403734
g3_moe,2,9,1.56863,5705,8.75,1.74815,-6.18337,1.23117,,,0.052125,0.0436398
g3_moe,2,10,1.52124,7086,7.59375,0.880679,-5.93575,1.17203,,,0.0526509,0.0441132
g3_moe,2,11,1.73178,8641,7.46875,1.46204,-5.82545,1.16888,,,0.0552445,0.0383553
g3_moe,2,12,1.53173,5780,7.625,1.63227,-5.87497,0.992831,,,0.0627121,0.0378811
g3_moe,2,13,1.55933,5725,7.3125,0.888769,-6.06196,1.12575,,,0.0634052,0.0389686
g3_moe,2,14,1.97991,7119,7.5625,1.18001,-5.6637,0.986382,,,0.0524536,0.0297499
g3_moe,2,15,1.43374,8275,6.78125,1.71752,-5.50864,0.923684,,,0.0537496,0.0394134
g3_moe,2,16,1.66124,6077,8.0625,1.61512,-6.06101,1.08272,,,0.0691537,0.0390974
g3_moe,2,17,2.1937,6103,6.8125,0.793588,-6.151,1.17024,,,0.0474654,0.0215597
g3_moe,2,18,1.69045,5355,8.125,0.678334,-5.8826,1.02924,,,0.0465534,0.0282258
g3_moe,2,19,1.68537,5482,8.375,1.24695,-5.9955,1.09879,,,0.061415,0.0454306
g3_moe,2,20,1.53526,5394,5.9375,0.775814,-6.15832,1.18687,,,0.0481849,0.0337704
g3_moe,2,21,1.31903,6772,6.375,2.00624,-5.79537,1.07076,,,0.0854953,0.0628105
g3_moe,2,22,1.29045,5743,7.5,1.69101,-5.79407,0.918948,,,0.0676637,0.0822389
g3_moe,2,23,1.58573,5529,7.125,1.1065,-5.9373,0.982498,,,0.0426839,0.0280359
g3_moe,2,24,1.54149,5707,5.9375,0.789916,-5.84751,0.985975,,,0.044286,0.0346498
g3_moe,2,25,1.43321,6205,6.34375,0.646996,-6.04024,1.1114,,,0.0604617,0.0461066
g3_moe,2,26,1.59829,5571,7.03125,0.606931,-5.78333,0.96624,,,0.0522966,0.0437169
g3_moe,2,27,1.75029,6926,7.78125,0.701881,-5.96803,1.20273,,,0.0498167,0.0323142
g3_moe,2,28,1.65681,5346,6.96875,1.09049,-5.88796,0.955495,,,0.0523302,0.0367996
g3_moe,2,29,1.58022,8045,7.90625,0.48518,-5.5358,0.972165,,,0.0494115,0.0350769
g3_moe,2,30,1.35304,5690,7.75,1.07699,-6.10582,1.17272,,,0.0931797,0.0595235
g3_moe,2,31,1.68131,5211,6.15625,0.518476,-6.0226,1.05984,,,0.0446288,0.0371901
g3_moe,2,32,1.69855,5967,7.53125,1.18334,-6.40195,1.30555,,,0.060274,0.0378594
g3_moe,2,33,1.87608,6203,9.5,0.960687,-5.75402,0.965767,,,0.0552902,0.0312567
g3_moe,2,34,1.55575,5831,7.96875,1.39609,-5.9108,1.07085,,,0.0529453,0.0354215
g3_moe,2,35,1.80102,5486,6.625,0.601092,-6.07741,1.17778,,,0.044173,0.027808
g3_moe,2,36,1.57453,6418,6.90625,0.952321,-5.82815,1.08899,,,0.0736227,0.0533488
g3_moe,2,37,1.32817,5991,6.59375,0.815729,-5.99105,1.13278,,,0.0491707,0.0297313
g3_moe,2,38,2.08863,7830,6.8125,0.757976,-6.17244,1.36523,,,0.0496837,0.023716
g3_moe,2,39,1.97505,5235,7.875,0.556299,-5.68342,0.918512,,,0.0607744,0.0502647
g3_moe,2,40,1.47626,5685,6,0.62759,-6.41219,1.3679,,,0.0618102,0.0447434
g3_moe,2,41,1.37641,5506,8.375,2.0665,-6.00152,1.10484,,,0.0924655,0.066892
g3_moe,2,42,1.63142,6950,7.53125,1.14846,-6.07784,1.20004,,,0.0567656,0.0352418
g3_moe,2,43,1.60459,5511,7.03125,0.838548,-5.7937,0.939714,,,0.0449399,0.0374892
g3_moe,2,44,1.95117,5381,8.4375,0.802454,-6.17016,1.15141,,,0.0601158,0.0463684
g3_moe,2,45,1.69824,6093,6.9375,0.947197,-6.01374,1.11986,,,0.0480032,0.0307155
g3_moe,2,46,1.40149,5554,7.15625,0.943056,-5.82093,0.930421,,,0.0422308,0.0347815
g3_moe,2,47,1.90708,5408,8.3125,1.33817,-6.0168,1.04995,,,0.0522604,0.0359794
g3_moe,2,48,1.69835,5875,7.625,1.02499,-6.08349,1.14188,,,0.0494165,0.0311123
g3_moe,2,49,1.65664,6137,7.09375,0.874639,-6.25131,1.25479,,,0.0667439,0.0489857
g3_moe,2,50,1.39973,6104,8.3125,2.23648,-6.00946,1.17125,,,0.0518668,0.0361557
g3_moe,2,51,1.18811,5643,6.46875,1.71857,-5.64008,0.959667,,,0.0794404,0.0627852
g3_moe,2,52,1.48601,5006,7.78125,1.4971,-5.9659,1.07127,,,0.0674168,0.0631505
g3_moe,2,53,2.04667,5801,8.1875,1.44572,-5.70688,0.904822,,,0.0498737,0.0356214
g3_moe,2,54,2.00834,5140,8.125,0.888315,-6.17423,1.25833,,,0.0445224,0.0304882
g3_moe,2,55,1.42345,5647,7.40625,0.629139,-5.64274,0.871817,,,0.0543811,0.0453404
g3_moe,2,56,1.41001,6385,6.34375,0.889577,-6.01082,1.06376,,,0.0499331,0.0295149
g3_moe,2,57,1.3803,7009,5.59375,0.759861,-5.6685,1.01848,,,0.0580108,0.0495189
g3_moe,2,58,1.75756,5112,7.34375,0.713967,-6.42342,1.37333,,,0.0543318,0.0397811
g3_moe,2,59,1.51474,5224,7.03125,0.995447,-5.95125,1.05038,,,0.0480545,0.0348227
g3_moe,2,60,1.75131,5928,6.78125,0.527607,-6.20285,1.24142,,,0.0465352,0.0276462
g3_moe,2,61,1.65171,7413,7.3125,0.872468,-5.94592,1.18446,,,0.0490881,0.0249248
g3_moe,2,62,1.19873,5736,6.9375,1.13255,-6.17938,1.22012,,,0.0635522,0.059279
g3_moe,2,63,1.29916,5804,6.375,0.607881,-5.8484,1.04989,,,0.0691539,0.059574
g3_moe,2,64,1.63253,6867,7.71875,1.45071,-5.98461,1.10456,,,0.0563599,0.0354556
g3_moe,2,65,1.5868,5962,6.5625,0.784647,-6.06373,1.15561,,,0.0458527,0.0258643
g3_moe,2,66,1.74829,5484,6.28125,0.699485,-6.01172,1.10999,,,0.0615367,0.0450789
g3_moe,2,67,1.46622,5333,6.625,1.23095,-5.64117,0.936997,,,0.0726993,0.0677799
g3_moe,2,68,1.52925,5649,6.53125,0.897109,-5.82726,1.03777,,,0.0803879,0.0611927
g3_moe,2,69,1.69108,8468,7.84375,1.53671,-5.92026,1.1144,,,0.0601858,0.0391744
g3_moe,2,70,1.4637,5689,7.65625,1.34428,-5.88838,0.976932,,,0.0395628,0.0251496
g3_moe,2,71,1.46873,5501,6.90625,0.941891,-6.00428,1.12606,,,0.0746457,0.0919874
g3_moe,2,72,1.39625,6083,5.9375,0.479991,-5.87997,1.04044,,,0.0472996,0.0331356
g3_moe,2,73,1.3723,5879,8.75,2.41568,-5.70858,0.903563,,,0.0628983,0.0271324
g3_moe,2,74,1.59436,5754,6.21875,0.470021,-6.16049,1.1982,,,0.0503943,0.037704
g3_moe,2,75,1.66754,5034,8.3125,0.820699,-5.58779,0.823419,,,0.0585518,0.0368538
g3_moe,2,76,1.38371,6099,8,2.14888,-5.82673,1.00594,,,0.0571477,0.038803
g3_moe,2,77,1.54678,5556,7.625,1.13627,-5.81297,0.950037,,,0.0437226,0.0280007
g3_moe,2,78,1.75834,6554,7.9375,1.15498,-6.53013,1.39637,,,0.0610695,0.0341704
g3_moe,2,79,1.66163,5475,7.375,0.712951,-6.11181,1.18056,,,0.0539446,0.0471291
g3_moe,2,80,1.52321,7418,6.6875,0.93155,-5.83872,1.16823,,,0.0505171,0.0284838
g3_moe,2,81,1.63798,6328,7.15625,1.14398,-6.18063,1.28664,,,0.0567499,0.0290371
g3_moe,2,82,1.5648,5814,7.15625,0.897499,-6.26805,1.298,,,0.0544574,0.043181
g3_moe,2,83,1.26086,6037,7.9375,2.04639,-6.11192,1.15357,,,0.0644313,0.0442312
g3_moe,2,84,1.49124,6307,7.09375,1.97404,-5.59425,0.859234,,,0.0456056,0.0247257
g3_moe,2,85,1.73209,5693,7.625,1.01464,-5.93641,1.01135,,,0.0531853,0.0428559
g3_moe,2,86,1.51865,6781,7.625,1.51986,-5.87141,1.04476,,,0.0547616,0.0304106
g3_moe,2,87,1.36337,7725,6.25,1.0063,-5.57516,1.01434,,,0.0621085,0.0390934
g3_moe,2,88,1.39495,5581,6.65625,1.40655,-5.50932,0.840266,,,0.0642192,0.0503035
g3_moe,2,89,1.48896,5735,5.96875,0.76735,-5.95164,1.0306,,,0.0466156,0.0340402
g3_moe,2,90,1.45546,6379,8.8125,1.64382,-5.92018,1.06014,,,0.056271,0.0363119
g3_moe,2,91,1.83747,5272,7.25,0.875629,-6.03922,1.09165,,,0.0456781,0.0325615
g3_moe,2,92,1.74178,6516,6.5,0.534274,-5.80207,1.05529,,,0.0517099,0.0401029
g3_moe,2,93,1.67832,5611,7.3125,1.3477,-5.58617,0.858498,,,0.0557531,0.0304746
g3_moe,2,94,1.61033,5218,7.0625,1.2835,-5.87627,1.02077,,,0.0474592,0.0349594
g3_moe,2,95,1.42926,5332,8,2.13798,-5.52102,0.875301,,,0.0781375,0.043196
g3_moe,2,96,1.53111,5526,7.46875,2.00335,-5.93414,0.989411,,,0.0520454,0.0312522
g3_moe,2,97,1.63358,5775,7.53125,1.35012,-5.69541,0.921319,,,0.0391679,0.0240483
g3_moe,2,98,1.73991,6435,7.5,0.910832,-5.87588,1.07688,,,0.0548533,0.042279
g3_moe,2,99,1.69606,5740,7.71875,0.862017,-5.61943,0.880404,,,0.0559202,0.0466462
g3_moe,2,100,1.54397,6107,8,1.47959,-6.08138,1.19042,,,0.0806963,0.0570051
g3_moe,2,101,1.6249,6392,6.15625,0.64888,-5.5315,0.858909,,,0.0411689,0.0279214
g3_moe,2,102,1.9173,5560,6.84375,0.36709,-6.16466,1.14367,,,0.0584386,0.0410766
g3_moe,2,103,1.4985,5626,7.28125,1.31938,-5.84142,0.976182,,,0.0654151,0.0520481
g3_moe,2,104,1.4136,6991,6.375,0.780607,-5.47966,0.916524,,,0.0633825,0.0363882
g3_moe,2,105,1.55097,6400,7.78125,1.32969,-6.01028,1.08401,,,0.0491806,0.0279207
g3_moe,2,106,1.62748,7495,7.25,0.460039,-5.88914,1.13657,,,0.0541841,0.0298601
g3_moe,2,107,1.66993,5546,6.40625,1.47116,-5.97384,1.11307,,,0.0486607,0.0404251
g3_moe,2,108,1.48644,5725,6.46875,0.974421,-6.12088,1.15394,,,0.069742,0.0458447
g3_moe,2,109,1.64849,5539,7.5625,1.43994,-6.12488,1.10922,,,0.0596782,0.0423715
g3_moe,2,110,1.4704,9297,6.40625,1.61671,-5.79149,1.20587,,,0.0660864,0.0446022
g3_moe,2,111,1.50591,5838,6.34375,0.432203,-5.6633,0.912648,,,0.0619457,0.0880863
g3_moe,2,112,1.45097,6328,6.125,0.248795,-6.26905,1.29876,,,0.0548172,0.0332318
g3_moe,2,113,1.35505,8123,6.28125,1.26865,-5.60836,1.07596,,,0.0694077,0.0449207
g3_moe,2,114,1.74147,6880,7.8125,0.874856,-6.59155,1.43082,,,0.0617539,0.0343892
g3_moe,2,115,1.81696,5913,7.90625,1.60171,-5.91828,1.03296,,,0.0555004,0.0342473
g3_moe,2,116,1.72093,8249,6.96875,2.12789,-5.73716,1.07961,,,0.0546647,0.0355125
g3_moe,2,117,1.71501,5636,7.3125,0.757395,-5.79646,0.938393,,,0.0510715,0.0424891
g3_moe,2,118,1.49432,5419,6.375,0.993948,-5.59672,0.854288,,,0.0634492,0.0462213
g3_moe,2,119,1.69563,5786,6.0625,1.10303,-5.90189,1.00479,,,0.0462632,0.0236986
g3_moe,2,120,1.78107,5274,8.0625,1.26459,-5.99481,1.06972,,,0.0548055,0.0439156
g3_moe,2,121,1.74221,5696,7.09375,1.60445,-5.88138,0.980161,,,0.0383945,0.0193898
g3_moe,2,122,1.48791,6858,6.9375,0.854469,-5.56719,0.891936,,,0.0414425,0.02366
g3_moe,2,123,1.46664,6384,7.03125,1.126,-6.06711,1.1906,,,0.0622424,0.0406125
g3_moe,2,124,1.66941,5448,5.875,0.366202,-5.95224,1.05787,,,0.0457784,0.0274232
g3_moe,2,125,1.55253,6166,7.03125,0.801391,-6.12225,1.20723,,,0.0600863,0.0405833
g3_moe,2,126,1.6765,6992,7.8125,1.06061,-5.89687,1.13182,,,0.0528837,0.0276235
g3_moe,2,127,1.78197,5498,7.5,0.846917,-5.97508,1.04221,,,0.0434971,0.0274933
g3_moe,2,128,1.75619,5536,7.125,0.684766,-5.95621,1.08252,,,0.053582,0.0470901
g3_moe,2,129,1.75697,5831,7.6875,0.763488,-5.97167,1.12593,,,0.0433714,0.028913
g3_moe,2,130,1.65341,5153,7.25,1.448,-5.88162,0.997845,,,0.0461876,0.0279324
g3_moe,2,131,1.23547,6429,6.6875,0.85183,-6.29565,1.33778,,,0.0632377,0.04512
g3_moe,2,132,1.71142,6506,8.5625,2.00326,-5.67868,0.927177,,,0.0502215,0.0278145
g3_moe,2,133,1.43762,6631,6.9375,1.41927,-5.86957,1.07907,,,0.0494487,0.0317879
g3_moe,2,134,1.37682,5547,6,1.16042,-5.77636,0.925229,,,0.046703,0.0507794
g3_moe,2,135,1.7018,5674,7.15625,0.778874,-5.86687,0.991281,,,0.0570096,0.0384112
g3_moe,2,136,1.99665,5969,8.375,0.991353,-6.2239,1.28197,,,0.0684066,0.0341311
g3_moe,2,137,1.4863,6030,6.09375,0.413516,-5.5417,0.862509,,,0.0552844,0.0509017
g3_moe,2,138,1.62464,6616,7.1875,0.689173,-5.87476,1.11327,,,0.0462545,0.0304957
g3_moe,2,139,1.50534,6406,6.59375,1.01793,-5.99214,1.09658,,,0.0521493,0.0299594
g3_moe,2,140,1.21296,5536,6.75,1.26349,-5.62633,0.99595,,,0.0895112,0.0621763
g3_moe,2,141,1.42798,7203,6.78125,1.36662,-5.48877,0.878514,,,0.052911,0.0342409
g3_moe,2,142,1.45131,7092,6.1875,0.85356,-5.50934,0.921095,,,0.0446292,0.0248116
g3_moe,2,143,1.56266,6020,8.4375,1.91383,-6.27756,1.18651,,,0.0550673,0.0342898
g3_moe,2,144,1.64884,5620,7.28125,0.979813,-6.1368,1.15311,,,0.0448176,0.037687
g3_moe,2,145,1.56361,5775,7.21875,0.754607,-5.92734,1.06401,,,0.0498408,0.035105
g3_moe,2,146,1.37864,6204,6.90625,1.35209,-6.17228,1.25944,,,0.064275,0.0514427
g3_moe,2,147,1.842,5326,7.8125,0.136861,-5.85343,0.985959,,,0.052772,0.0404604
g3_moe,2,148,1.75693,6914,8.9375,1.15848,-6.25039,1.25075,,,0.0569334,0.029628
g3_moe,2,149,1.43602,8726,6.1875,0.44382,-5.69688,1.11935,,,0.0472327,0.0233302
g3_moe,2,150,1.99628,9183,7.9375,0.867974,-5.60142,1.07072,,,0.0537662,0.0341995
g3_moe,2,151,1.86575,7477,6.84375,0.720154,-5.75058,1.06011,,,0.0627495,0.039559
g3_moe,2,152,1.36873,6509,6.8125,0.741113,-5.77236,1.0245,,,0.0612053,0.054936
g3_moe,2,153,1.17638,5365,5.96875,1.01281,-5.54372,0.921782,,,0.0890577,0.0798443
g3_moe,2,154,1.43884,6644,7.90625,1.50789,-5.84745,1.06017,,,0.0468542,0.0240794
g3_moe,2,155,1.55832,5987,6.84375,0.773144,-5.88556,1.0862,,,0.043633,0.0283505
g3_moe,2,156,1.99134,7362,5.6875,0.0355403,-5.90206,1.17013,,,0.0479945,0.0239479
g3_moe,2,157,1.54584,5864,7.09375,0.67557,-6.01459,1.10604,,,0.0508793,0.0336028
g3_moe,2,158,1.62513,6114,7.65625,1.27732,-5.87014,1.00854,,,0.0598503,0.049126
g3_moe,2,159,1.58428,5508,7.34375,1.66483,-5.78929,1.01313,,,0.0586436,0.0437547
g3_moe,2,160,1.433,6113,6.28125,0.844595,-5.79515,1.02857,,,0.0493171,0.0289331
g3_moe,2,161,1.47703,5722,6.625,0.904457,-6.19474,1.1984,,,0.057304,0.0423133
g3_moe,2,162,1.71882,6173,6.6875,0.57815,-6.21866,1.2612,,,0.0541199,0.0347531
g3_moe,2,163,1.7325,5206,6.15625,0.441583,-5.79592,0.970534,,,0.0536727,0.0420831
g3_moe,2,164,1.46092,6190,7.28125,1.49118,-6.04425,1.13809,,,0.0529199,0.0393878
g3_moe,2,165,1.47202,5636,6.09375,0.715215,-5.99162,1.10895,,,0.0504833,0.0359873
g3_moe,2,166,1.49195,6135,8,2.03271,-5.74811,0.9842,,,0.0583793,0.034406
g3_moe,2,167,1.69083,6226,6.5,0.610634,-5.94324,1.11216,,,0.0507057,0.039395
g3_moe,2,168,1.40142,7485,6.25,0.511744,-5.62264,0.964048,,,0.0422512,0.0225333
g3_moe,2,169,1.87129,5435,8.375,0.970246,-6.18483,1.21688,,,0.0554115,0.0411178
g3_moe,2,170,1.62899,5491,7.4375,1.07048,-6.28914,1.26299,,,0.0566041,0.0428818
g3_moe,2,171,1.43933,6020,8.3125,2.20012,-5.95429,1.06015,,,0.0532343,0.0310933
g3_moe,2,172,1.36937,5485,6.0625,1.15354,-5.71449,0.957076,,,0.0617619,0.0600821
g3_moe,2,173,1.57986,5433,7.71875,1.05624,-5.81752,0.946521,,,0.05733,0.0463572
g3_moe,2,174,1.46538,8190,5.78125,1.19364,-5.91626,1.21071,,,0.0677662,0.0615783
g3_moe,2,175,1.54134,5874,6.5,0.39469,-5.56376,0.90117,,,0.0638214,0.0626802
g3_moe,2,176,1.86857,6650,7,1.15196,-6.00348,1.14811,,,0.0516458,0.0240332
g3_moe,2,177,1.71213,8342,7.28125,1.488,-5.74667,1.13968,,,0.0589159,0.0402346
g3_moe,2,178,1.63909,6663,7.375,1.52669,-5.49887,0.870328,,,0.0550519,0.0374646
g3_moe,2,179,1.74286,5708,7.9375,1.21519,-6.48818,1.29434,,,0.0498959,0.0326364
g3_moe,2,180,1.64088,5628,7.28125,0.495305,-6.24399,1.293,,,0.0601948,0.0551736
g3_moe,2,181,1.65593,6243,7.34375,0.593205,-6.07333,1.21361,,,0.0547111,0.0352997
g3_moe,2,182,1.72292,6000,8.125,0.837566,-5.61686,0.869177,,,0.0403764,0.0224796
g3_moe,2,183,1.56543,6147,6.75,1.10858,-5.72611,0.955496,,,0.0490199,0.0385635
g3_moe,2,184,2.04593,7450,7.75,1.08514,-5.96262,1.14373,,,0.0476384,0.0233126
g3_moe,2,185,1.83178,5356,6.90625,0.892608,-5.97823,1.04529,,,0.0434303,0.0332578
g3_moe,2,186,1.58343,6381,7.84375,1.30842,-6.06816,1.23125,,,0.0510649,0.0304286
g3_moe,2,187,1.9002,5922,7.6875,0.931766,-6.05053,1.14586,,,0.0536525,0.0305298
g3_moe,2,188,1.58115,6548,7.5625,0.455272,-6.26143,1.35159,,,0.0617319,0.0398878
g3_moe,2,189,1.50009,5842,8.5625,3.31151,-6.07617,1.11064,,,0.0807854,0.0571894
g3_moe,2,190,1.67217,5982,6.59375,0.730813,-5.66774,0.876989,,,0.0426085,0.0301835
g3_moe,2,191,1.55163,6048,7.53125,2.06116,-5.81732,1.021,,,0.0543891,0.0348498
g3_moe,3,0,1.48685,5748,9.0625,2.65228,-5.97492,1.04985,,,0.0562682,0.0307618
g3_moe,3,1,1.66342,5817,7.34375,0.639641,-5.77095,1.04085,,,0.0550467,0.0469051
g3_moe,3,2,1.81821,5767,7,0.606762,-5.87464,1.07151,,,0.0483478,0.0362805
g3_moe,3,3,1.62254,5946,6.6875,0.490632,-6.03786,1.12111,,,0.0550404,0.0392659
g3_moe,3,4,1.7216,5222,6.84375,0.442308,-5.77586,0.951325,,,0.0497183,0.0333979
g3_moe,3,5,1.67693,5754,7.46875,1.65033,-6.07912,1.15884,,,0.0591143,0.0382068
g3_moe,3,6,1.64511,5905,8.3125,1.45154,-6.0387,1.11753,,,0.051267,0.0328828
g3_moe,3,7,1.86272,5711,6.90625,0.715889,-6.08576,1.23742,,,0.0517548,0.033987
g3_moe,3,8,1.65089,5485,8.375,0.852158,-5.7637,0.995697,,,0.0535395,0.0411929
g3_moe,3,9,1.65763,8501,7.3125,0.594011,-5.7271,1.16841,,,0.0645123,0.0493312
g3_moe,3,10,1.8284,5684,7.8125,1.00912,-5.85317,1.05616,,,0.0450959,0.0304413
g3_moe,3,11,1.9774,5874,7.21875,0.525591,-5.9496,1.05056,,,0.0627718,0.0437735
g3_moe,3,12,1.80452,6409,7.28125,0.831923,-5.931,1.17408,,,0.0528458,0.0391988
g3_moe,3,13,1.50398,5696,6.9375,1.5922,-5.85587,0.98111,,,0.0474384,0.0305486
g3_moe,3,14,1.65868,6638,7.375,0.877257,-6.04284,1.19708,,,0.055208,0.0386296
g3_moe,3,15,1.64465,5587,6.6875,0.903379,-5.77684,0.97309,,,0.0461519,0.0273271
g3_moe,3,16,1.59763,7016,5.71875,0.304038,-5.60351,0.950916,,,0.0417227,0.022917
g3_moe,3,17,1.92843,5617,7.78125,1.12856,-5.87573,1.0486,,,0.0527505,0.032504
g3_moe,3,18,1.70254,5855,7.78125,1.41283,-5.83826,0.98831,,,0.0566724,0.0365245
g3_moe,3,19,2.13613,6604,8.125,1.03517,-6.15483,1.2382,,,0.0558604,0.0356498
g3_moe,3,20,1.76536,7574,6.59375,0.443883,-5.37766,0.82677,,,0.0468216,0.0326732
g3_moe,3,21,2.01991,6594,7.8125,0.892854,-5.99632,1.21392,,,0.0509767,0.0327862
g3_moe,3,22,1.2268,5774,7.28125,1.34118,-5.68,0.935229,,,0.055624,0.0399353
g3_moe,3,23,1.76361,6246,7.625,1.84007,-5.77025,0.993641,,,0.0516915,0.0313842
g3_moe,3,24,1.5574,5655,7.28125,1.06442,-5.93174,1.05293,,,0.0631423,0.0451413
g3_moe,3,25,1.59485,5701,7.75,0.914521,-5.81747,0.993039,,,0.0706349,0.0524623
g3_moe,3,26,1.78744,5492,7.28125,0.664589,-5.84259,1.01669,,,0.0617032,0.0475622
g3_moe,3,27,1.73314,6184,6.3125,0.28505,-5.8096,1.09085,,,0.0475472,0.0277155
g3_moe,3,28,1.65169,5015,7.125,0.554291,-5.7506,0.954539,,,0.0598249,0.0395693
g3_moe,3,29,1.7129,5988,6.46875,0.558525,-5.9395,1.14417,,,0.0478443,0.0364654
g3_moe,3,30,1.66023,6709,9,0.976008,-6.10055,1.1166,,,0.0538307,0.0301229
g3_moe,3,31,1.57447,5991,5.8125,0.324014,-5.80897,1.03701,,,0.0454786,0.0281109
g3_moe,3,32,1.8901,6469,7.8125,0.675163,-5.9375,1.12228,,,0.0558464,0.039327
g3_moe,3,33,1.84655,5471,8.0625,1.53336,-5.99083,1.09174,,,0.0504213,0.0356156
g3_moe,3,34,1.65404,5666,7.3125,1.07501,-5.98018,1.1034,,,0.0754378,0.0566527
g3_moe,3,35,1.9259,5260,8.1875,0.193053,-5.83916,1.01968,,,0.0487477,0.0346589
g3_moe,3,36,1.77488,6527,7.375,0.880282,-5.84619,1.03771,,,0.0423596,0.0238321
g3_moe,3,37,1.44778,5945,7.34375,1.01014,-5.76628,0.989349,,,0.066117,0.0473719
g3_moe,3,38,2.04964,5738,7.96875,0.528315,-5.84751,0.980324,,,0.0484997,0.0294922
g3_moe,3,39,1.43448,5277,7.9375,1.53979,-5.66803,1.00329,,,0.0980059,0.0675418
g3_moe,3,40,1.93439,6096,7.78125,0.968367,-6.03317,1.08694,,,0.0398388,0.0202562
g3_moe,3,41,1.67274,6889,7.59375,0.836493,-5.62406,1.01513,,,0.0602357,0.0466528
g3_moe,3,42,1.78847,5936,7.3125,0.686491,-6.13949,1.27593,,,0.0796094,0.064338
g3_moe,3,43,1.68202,5733,7.0625,0.861045,-5.93153,1.08326,,,0.0535506,0.0432675
g3_moe,3,44,1.52302,5821,7.28125,1.25666,-5.87874,1.12184,,,0.0701867,0.051005
g3_moe,3,45,1.86072,5560,7.84375,0.941743,-5.89753,1.07218,,,0.0433026,0.0239535
g3_moe,3,46,1.73272,6502,8.0625,1.05355,-6.39802,1.38242,,,0.0631823,0.0485089
g3_moe,3,47,1.61144,5928,7.28125,1.33885,-5.92167,1.07209,,,0.0699625,0.0408976
g3_moe,3,48,1.66728,4986,9.5625,1.14626,-5.53811,0.773818,,,0.0423427,0.0250589
g3_moe,3,49,1.90262,7014,6.90625,0.721419,-6.13313,1.34024,,,0.0604127,0.0404054
g3_moe,3,50,1.85505,6218,7.625,0.619515,-5.93424,1.13667,,,0.0475539,0.0306356
g3_moe,3,51,1.90226,6544,8.25,0.853013,-6.32131,1.35784,,,0.0571905,0.0382052
g3_moe,3,52,1.78047,6567,6.3125,0.616243,-5.88976,1.10545,,,0.058374,0.0397434
g3_moe,3,53,2.04931,6397,9.0625,0.88194,-5.95746,1.16319,,,0.0600454,0.0476968
g3_moe,3,54,1.90595,5715,7,0.597312,-5.77303,0.981448,,,0.0466318,0.0269921
g3_moe,3,55,1.98183,6546,7.09375,0.640523,-6.06314,1.16734,,,0.0469263,0.0309809
g3_moe,3,56,1.80301,5749,8.1875,0.852028,-5.73876,0.944201,,,0.0460185,0.0294081
g3_moe,3,57,1.87118,5415,7.09375,0.504177,-5.8495,0.97364,,,0.0480654,0.0285402
g3_moe,3,58,1.73313,6085,7.3125,0.389971,-6.0392,1.16313,,,0.0694701,0.0600614
g3_moe,3,59,1.55028,6037,9.375,2.71382,-5.97563,1.02726,,,0.0563249,0.035244
g3_moe,3,60,2.07605,7456,7.4375,0.244054,-5.85981,1.10798,,,0.0494768,0.030513
g3_moe,3,61,2.00947,6775,8.625,0.432062,-6.16566,1.27105,,,0.0616788,0.0497048
g3_moe,3,62,1.67891,7365,8.3125,0.814366,-5.57834,1.04085,,,0.0689154,0.0567622
g3_moe,3,63,1.75493,6010,7.875,0.877784,-5.66543,0.969014,,,0.0575596,0.0453973
g3_moe,3,64,1.79524,5432,6.59375,0.409429,-5.79682,0.943371,,,0.0486206,0.0297656
g3_moe,3,65,1.61397,8573,7.09375,1.26974,-5.46743,0.980912,,,0.0660486,0.0552843
g3_moe,3,66,1.51209,6102,9.0625,1.48307,-5.97257,1.13758,,,0.0642091,0.0484652
g3_moe,3,67,2.05644,6295,9,0.973995,-5.80998,1.04334,,,0.0544633,0.0392702
g3_moe,3,68,1.5752,5672,7.25,1.66802,-5.91498,1.05861,,,0.0498123,0.0286248
g3_moe,3,69,1.82614,5812,8.25,1.05914,-6.00192,1.09257,,,0.0555185,0.0377555
g3_moe,3,70,1.76278,5924,6.28125,0.528106,-5.94795,1.06967,,,0.0430004,0.0238921
g3_moe,3,71,1.86316,6043,7.65625,0.697144,-5.80468,1.0071,,,0.050648,0.0398669
g3_moe,3,72,1.47093,5662,6.78125,0.479609,-6.44736,1.42383,,,0.0569536,0.0424007
g3_moe,3,73,1.72059,5822,8.1875,0.766841,-5.9118,1.10986,,,0.0598359,0.039992
g3_moe,3,74,2.22521,6114,8.5,1.09064,-5.72171,0.995504,,,0.0736836,0.0513601
g3_moe,3,75,1.76695,5989,6.875,0.630023,-6.05393,1.23542,,,0.0506937,0.0332094
g3_moe,3,76,1.89729,6517,7.625,0.530973,-5.74848,1.0405,,,0.0489995,0.0302804
g3_moe,3,77,1.66024,6801,6.03125,0.255199,-5.74107,1.01857,,,0.0463207,0.0299925
g3_moe,3,78,1.98843,6752,7.78125,0.743749,-5.94609,1.13061,,,0.0552145,0.0380049
g3_moe,3,79,2.59922,6643,9.625,1.26739,-6.07437,1.24079,,,0.0546565,0.0317007
g3_moe,3,80,1.80252,5615,7.03125,0.371616,-5.87627,1.10059,,,0.0532469,0.0408636
g3_moe,3,81,1.95972,5952,8.3125,1.33549,-5.72829,0.939704,,,0.0484382,0.0303698
g3_moe,3,82,1.68775,5519,7.125,0.979169,-6.02973,1.14797,,,0.0510682,0.0356003
g3_moe,3,83,1.75705,5690,7.96875,1.28634,-5.83604,0.974345,,,0.0586176,0.0397754
g3_moe,3,84,2.3717,5725,9.5,1.0769,-6.39425,1.31371,,,0.0578176,0.0325402
g3_moe,3,85,1.71701,5908,7.125,0.578132,-5.95799,1.06516,,,0.0595767,0.0468002
g3_moe,3,86,1.75017,4881,8.125,1.01471,-5.6825,0.867351,,,0.0416153,0.02084
g3_moe,3,87,1.89236,6046,7.0625,0.726373,-5.68311,0.943411,,,0.0468867,0.0313895
g3_moe,3,88,2.15896,6360,8.125,0.851296,-5.83308,1.08799,,,0.0705591,0.0482345
g3_moe,3,89,1.7332,6952,6,0.665028,-5.74588,1.07835,,,0.0541968,0.0485007
g3_moe,3,90,1.65901,5828,7.21875,0.697966,-5.88295,1.03463,,,0.0505781,0.0356706
g3_moe,3,91,1.90457,6069,7.25,0.820175,-5.76736,1.01312,,,0.0568394,0.0485334
g3_moe,3,92,1.88138,5957,7.5625,0.653733,-6.04692,1.16801,,,0.0477125,0.0303819
g3_moe,3,93,1.78074,5736,7.375,0.762672,-5.82776,0.998819,,,0.0523125,0.0396163
g3_moe,3,94,1.78378,5883,6.96875,0.508555,-6.0259,1.16715,,,0.0562851,0.0421169
g3_moe,3,95,1.90508,5773,7.65625,0.717742,-5.78142,1.02723,,,0.0547175,0.0381442
g3_moe,3,96,1.68038,5798,7.1875,1.58415,-5.80604,1.03741,,,0.0503411,0.0348611
g3_moe,3,97,1.66321,6357,7.90625,1.59969,-5.5432,0.839278,,,0.0385434,0.0262088
g3_moe,3,98,1.59443,6121,6.28125,0.640427,-5.92755,1.1283,,,0.0532529,0.0419316
g3_moe,3,99,1.62425,5560,7.625,0.8512,-5.78795,1.03108,,,0.0574601,0.038089
g3_moe,3,100,1.5253,5549,7.65625,1.20243,-6.06274,1.15197,,,0.0457874,0.0342698
g3_moe,3,101,1.87992,5793,8.5,1.688,-6.00929,1.09062,,,0.0775334,0.0427613
g3_moe,3,102,1.77101,5597,7.15625,0.5271,-6.01654,1.12533,,,0.0594797,0.0444818
g3_moe,3,103,1.85058,5846,8.0625,0.889975,-5.47386,0.790597,,,0.0473196,0.0415647
g3_moe,3,104,1.97192,6618,7.65625,0.671043,-5.53978,0.861098,,,0.0411368,0.0208798
g3_moe,3,105,1.5817,6362,8.75,1.75232,-6.08809,1.13011,,,0.0607945,0.0361434
g3_moe,3,106,1.89773,5892,7.34375,1.28428,-6.07688,1.15855,,,0.057859,0.0412468
g3_moe,3,107,1.96402,6480,7.40625,0.905016,-5.69384,1.0167,,,0.0550844,0.0351844
g3_moe,3,108,1.74722,7636,7.59375,0.503185,-5.90517,1.28929,,,0.0726594,0.0576077
g3_moe,3,109,1.96262,6596,8.75,0.954099,-6.09002,1.25797,,,0.0546471,0.0352486
g3_moe,3,110,1.97772,6215,7.9375,1.13233,-5.8711,1.05806,,,0.0516195,0.0408152
g3_moe,3,111,1.71804,6470,7.5625,0.400601,-5.96222,1.18715,,,0.0586151,0.0467461
g3_moe,3,112,1.93567,6488,8.125,1.00572,-5.93203,1.13194,,,0.055796,0.0389144
g3_moe,3,113,1.60986,5806,7.53125,1.20866,-5.95524,1.06393,,,0.0466782,0.0258596
g3_moe,3,114,2.00697,6132,7.53125,1.13336,-5.91853,1.10423,,,0.0534572,0.0371425
g3_moe,3,115,1.69016,6086,7,1.03184,-5.77576,0.982992,,,0.0497284,0.0345057
g3_moe,3,116,1.61429,6202,7.65625,1.09971,-6.10601,1.14157,,,0.0528475,0.0341044
g3_moe,3,117,1.83711,5827,7.59375,1.09325,-5.58582,0.853041,,,0.0551247,0.0363278
g3_moe,3,118,1.77683,5729,7.71875,0.727832,-6.29549,1.30279,,,0.0493147,0.0360617
g3_moe,3,119,1.72482,5776,7.625,0.981381,-5.65679,0.908948,,,0.0473476,0.0289522
g3_moe,3,120,1.67022,5790,7.71875,1.25546,-5.90318,1.05431,,,0.0514492,0.0458163
g3_moe,3,121,1.65254,6296,7.28125,0.348719,-5.77093,1.07439,,,0.0519731,0.0394803
g3_moe,3,122,1.88893,5564,7.21875,0.417058,-6.40672,1.42346,,,0.0698844,0.0562141
g3_moe,3,123,1.72685,6437,6.25,0.686373,-5.62571,0.933861,,,0.0615009,0.0504299
g3_moe,3,124,1.75639,5225,7.96875,1.2601,-5.94362,1.06489,,,0.0566122,0.0402372
g3_moe,3,125,1.65363,5452,6.46875,0.593342,-5.72724,0.945776,,,0.0654778,0.0469158
g3_moe,3,126,1.63214,5842,6.5,0.374565,-5.9966,1.05832,,,0.0603375,0.0404591
g3_moe,3,127,2.05615,6972,8.0625,0.338126,-5.86048,1.16195,,,0.067817,0.0488552
g3_moe,3,128,1.61917,8865,7.125,0.684458,-5.76874,1.13638,,,0.0520305,0.0279776
g3_moe,3,129,1.75241,5939,7.28125,0.466299,-6.14348,1.21317,,,0.051386,0.033087
g3_moe,3,130,1.96811,7946,7.25,0.847202,-5.92957,1.21993,,,0.0567008,0.0390676
g3_moe,3,131,2.3244,7341,8.625,0.800143,-6.08208,1.26967,,,0.0495929,0.0278129
g3_moe,3,132,1.58433,5931,6.53125,0.612964,-6.04115,1.15257,,,0.0614334,0.0500328
g3_moe,3,133,1.96758,5530,7.90625,1.17754,-6.06908,1.1462,,,0.0553057,0.0446747
g3_moe,3,134,1.7119,5707,7.28125,0.834642,-5.70824,0.921558,,,0.0614208,0.0413998
g3_moe,3,135,1.99968,6136,8,0.955242,-5.81153,1.02841,,,0.0515647,0.0382939
g3_moe,3,136,1.96462,6132,8.375,0.490921,-6.33524,1.33349,,,0.057241,0.0395881
g3_moe,3,137,1.81041,6277,6.46875,0.383253,-5.657,0.953855,,,0.0484722,0.0330571
g3_moe,3,138,1.70172,6807,8,2.12897,-5.87383,1.06432,,,0.0748531,0.03396
g3_moe,3,139,1.49071,5871,8,1.97431,-5.80463,1.06456,,,0.0870049,0.0563665
g3_moe,3,140,1.77886,6126,7.59375,1.50667,-6.02879,1.13153,,,0.0495958,0.0343564
g3_moe,3,141,1.49992,6927,6.96875,0.722717,-6.08786,1.23741,,,0.0434717,0.023914
g3_moe,3,142,1.51252,5935,6.9375,1.23003,-5.64756,0.897723,,,0.0465671,0.0290778
g3_moe,3,143,2.02094,5637,7.40625,0.812984,-5.86473,1.01554,,,0.0423224,0.0281128
g3_moe,3,144,1.73954,6122,7.15625,0.846216,-5.82163,0.992368,,,0.0534868,0.0420227
g3_moe,3,145,1.72753,5762,7.15625,0.591062,-5.92446,1.07119,,,0.0601826,0.0502017
g3_moe,3,146,1.86404,8236,6.84375,0.49658,-5.71682,1.12446,,,0.0539275,0.033116
g3_moe,3,147,1.84971,6562,6.5625,0.37845,-6.14484,1.30684,,,0.0606726,0.0464198
g3_moe,3,148,1.95899,6789,8.625,1.03625,-5.84843,1.13845,,,0.0601977,0.0515824
g3_moe,3,149,1.66655,6036,8.25,1.42733,-5.4805,0.980842,,,0.103088,0.0801885
g3_moe,3,150,1.75278,6469,7.3125,1.34578,-5.69564,0.942697,,,0.0422868,0.0225342
g3_moe,3,151,1.96608,5885,6.875,0.454344,-6.05292,1.22507,,,0.0509165,0.0412991
g3_moe,3,152,1.98068,5959,7,0.49546,-5.67607,0.961078,,,0.053751,0.0389787
g3_moe,3,153,1.93957,4980,7.59375,0.794182,-5.79689,0.914586,,,0.0492037,0.0351642
g3_moe,3,154,1.68678,7192,6.75,0.343422,-5.81687,1.08017,,,0.0457217,0.0295865
g3_moe,3,155,1.92579,6021,8.5625,1.36659,-6.00427,1.10666,,,0.0555455,0.0388595
g3_moe,3,156,1.63224,5541,8.1875,1.04188,-5.79255,1.01198,,,0.0604302,0.0473316
g3_moe,3,157,2.00972,5687,7.8125,0.649301,-5.95593,1.06453,,,0.053453,0.0369909
g3_moe,3,158,1.69214,5955,7.28125,0.354869,-5.89082,1.09829,,,0.0572048,0.0432764
g3_moe,3,159,1.61649,5594,7.03125,0.92487,-5.79812,1.00689,,,0.0721652,0.0470976
g3_moe,3,160,1.87854,7510,7.375,0.768963,-5.69376,1.01556,,,0.0681978,0.0621347
g3_moe,3,161,2.068,8617,7.4375,0.318069,-5.79338,1.18633,,,0.0514921,0.0308027
g3_moe,3,162,1.8256,5996,7.375,0.972405,-6.16432,1.27342,,,0.0589537,0.04072
g3_moe,3,163,1.91487,6636,8,0.496499,-5.7636,1.05253,,,0.0500109,0.0362113
g3_moe,3,164,1.77936,6382,7.65625,1.02816,-5.90149,1.07748,,,0.0474909,0.0268793
g3_moe,3,165,1.7531,7124,8.3125,0.928564,-5.72437,1.03474,,,0.0513287,0.0350068
g3_moe,3,166,1.88291,5763,6.96875,0.478387,-5.96187,1.1184,,,0.0460073,0.0280277
g3_moe,3,167,1.85051,5704,8.6875,1.11901,-5.71398,0.931404,,,0.0485351,0.0248266
g3_moe,3,168,1.57296,6011,9.875,1.10846,-5.83558,1.03316,,,0.0438156,0.0267588
g3_moe,3,169,1.97739,5862,7.1875,0.139585,-5.9504,1.16169,,,0.0510777,0.0413008
g3_moe,3,170,1.42264,5896,8.8125,2.2405,-6.11689,1.13197,,,0.0669086,0.035431
g3_moe,3,171,1.81621,8268,9.4375,0.910054,-5.85338,1.20418,,,0.0486763,0.0291607
g3_moe,3,172,1.94396,5547,8.1875,1.14233,-5.96383,1.03186,,,0.0681557,0.0487562
g3_moe,3,173,1.74918,6039,6.96875,1.05457,-6.16506,1.26212,,,0.0548257,0.0360332
g3_moe,3,174,1.75702,5345,7.625,1.24051,-5.78715,0.954017,,,0.0466645,0.0282781
g3_moe,3,175,1.85002,5966,7.78125,1.44596,-5.69744,0.927951,,,0.0639701,0.0483034
g3_moe,3,176,1.84405,5914,7.4375,0.767244,-6.18053,1.29214,,,0.0571592,0.0418815
g3_moe,3,177,1.73369,5891,7.3125,0.663677,-6.12185,1.25024,,,0.0620865,0.0484101
g3_moe,3,178,2.14352,5874,7.125,0.453417,-5.88973,1.07218,,,0.0502986,0.0383447
g3_moe,3,179,1.74866,6125,7.15625,0.998051,-5.71443,0.987196,,,0.0532109,0.0407407
g3_moe,3,180,1.71553,6105,6.78125,0.88115,-6.00466,1.07446,,,0.0507615,0.0314412
g3_moe,3,181,1.80587,5723,7.3125,0.571384,-6.05787,1.1879,,,0.0563174,0.0398942
g3_moe,3,182,1.65809,6037,8.25,0.74971,-6.18945,1.30641,,,0.0489805,0.0326126
g3_moe,3,183,1.58005,5506,7.375,1.84728,-6.00424,1.08348,,,0.0582786,0.0382744
g3_moe,3,184,1.73014,6731,7.75,0.75356,-6.26759,1.36065,,,0.055508,0.0339332
g3_moe,3,185,1.76892,6344,8.1875,2.02246,-5.92849,1.04525,,,0.0467742,0.036594
g3_moe,3,186,1.59746,5862,7.15625,0.779662,-6.14592,1.22163,,,0.0574705,0.0386312
g3_moe,3,187,1.75051,5881,8.6875,1.64579,-6.01531,1.18197,,,0.0823504,0.0531329
g3_moe,3,188,1.63749,6398,7.875,0.383202,-5.6013,0.926457,,,0.053689,0.0372108
g3_moe,3,189,1.89467,6522,7.625,1.06138,-6.15179,1.28027,,,0.0516375,0.0324443
g3_moe,3,190,2.08173,5729,8.3125,0.561789,-6.06753,1.20075,,,0.0581548,0.0432729
g3_moe,3,191,1.57347,6426,7.75,1.91423,-6.11042,1.17905,,,0.0595799,0.0352384
g3_moe,4,0,2.15868,6322,8.625,0.866421,-5.99329,1.11404,,,0.0618593,0.0446206
g3_moe,4,1,1.92879,5614,7.28125,0.905957,-5.8421,1.04018,,,0.0660012,0.0443463
g3_moe,4,2,1.7164,6341,6.6875,0.536647,-5.50795,0.842263,,,0.0463337,0.0314609
g3_moe,4,3,2.15744,6174,6.90625,0.280221,-5.74091,1.02135,,,0.0475696,0.0304833
g3_moe,4,4,1.45447,5718,6.28125,1.01707,-5.83551,1.02515,,,0.0480629,0.0283265
g3_moe,4,5,1.64935,5488,8.375,1.76511,-5.96767,1.01743,,,0.052584,0.0288906
g3_moe,4,6,1.87881,5118,7.46875,1.02827,-5.72163,0.901067,,,0.0627925,0.0485787
g3_moe,4,7,1.80493,5310,9.125,1.67943,-5.71198,0.882758,,,0.058607,0.0289054
g3_moe,4,8,1.65635,5254,7.0625,1.29416,-5.6507,0.853042,,,0.0466728,0.0272702
g3_moe,4,9,1.90519,5384,8.125,0.779671,-6.09574,1.15047,,,0.0519105,0.0354763
g3_moe,4,10,2.20722,6560,9.0625,0.990749,-5.92365,1.11611,,,0.0599077,0.0458006
g3_moe,4,11,1.92489,5531,7.4375,0.897379,-5.69405,0.944012,,,0.0460153,0.033572
g3_moe,4,12,1.77922,5559,7.84375,0.562266,-5.728,0.985767,,,0.0557885,0.0487075
g3_moe,4,13,1.84297,7513,8.4375,1.31165,-6.0337,1.13075,,,0.0441451,0.0198575
g3_moe,4,14,1.91099,6394,7.9375,0.70078,-5.44866,0.838425,,,0.0402379,0.0273297
g3_moe,4,15,1.55636,5419,7.6875,1.81446,-5.66739,0.922171,,,0.050749,0.033029
g3_moe,4,16,1.43302,5538,7.15625,0.6718,-5.87204,1.02432,,,0.0672226,0.0501553
g3_moe,4,17,1.84828,7191,6.59375,0.44325,-6.0709,1.30569,,,0.0554192,0.0402823
g3_moe,4,18,2.1147,8648,8.0625,1.08416,-5.66852,1.12489,,,0.0612628,0.0373899
g3_moe,4,19,1.93387,6180,7.53125,0.806205,-6.16544,1.23396,,,0.0590453,0.0398537
g3_moe,4,20,1.93425,5512,8.25,1.32605,-5.745,0.923577,,,0.0463894,0.0300876
g3_moe,4,21,1.56129,5824,8.25,1.46225,-5.80675,0.998375,,,0.0541518,0.0358161
g3_moe,4,22,1.85568,5615,7.59375,1.13365,-5.74751,0.953355,,,0.0488408,0.0343778
g3_moe,4,23,1.92909,6633,6.71875,0.605256,-5.77081,1.10288,,,0.0474572,0.0348724
g3_moe,4,24,2.14632,5983,9.3125,1.2548,-6.0212,1.11717,,,0.0597977,0.0480506
g3_moe,4,25,2.07501,5829,7.6875,0.655836,-5.73626,0.976677,,,0.0443581,0.0254128
g3_moe,4,26,1.91405,6704,7.625,0.680234,-6.28954,1.32685,,,0.0577733,0.0384194
g3_moe,4,27,1.89164,8521,6.34375,0.716169,-5.59841,1.0216,,,0.0586015,0.0396372
g3_moe,4,28,1.91906,5571,8.0625,1.67,-5.92152,1.05437,,,0.0526352,0.042742
g3_moe,4,29,2.01929,7015,7.8125,0.647879,-5.69004,0.990777,,,0.0457279,0.0254748
g3_moe,4,30,1.8817,5708,7.1875,0.909192,-5.96427,1.03021,,,0.0478231,0.0271775
g3_moe,4,31,2.06661,6486,6.8125,0.942366,-5.56845,0.927629,,,0.0494183,0.0344652
g3_moe,4,32,1.84586,6758,7.03125,0.839668,-5.85398,1.11613,,,0.0532563,0.0361795
g3_moe,4,33,2.05185,6602,7.3125,0.580985,-5.77499,1.06972,,,0.0464697,0.0303739
g3_moe,4,34,2.17691,7847,7.9375,0.494678,-5.71819,1.14856,,,0.0550243,0.0393974
g3_moe,4,35,1.70924,7028,8.25,1.97604,-6.17852,1.21741,,,0.0673957,0.0376029
g3_moe,4,36,1.98016,5965,6.40625,0.739639,-5.65842,0.914472,,,0.0479198,0.0276929
g3_moe,4,37,2.03645,6602,8.625,0.983204,-5.83179,1.16108,,,0.0569752,0.0534478
g3_moe,4,38,1.79746,6973,7.3125,1.2052,-5.89532,1.00173,,,0.0490795,0.0285468
g3_moe,4,39,1.97083,6693,7.59375,0.674707,-6.00753,1.20962,,,0.0465805,0.0286479
g3_moe,4,40,1.68291,6266,7.46875,1.3271,-6.13175,1.21816,,,0.0615926,0.0486116
g3_moe,4,41,1.99255,6002,7.1875,0.680337,-5.77334,0.987528,,,0.0605164,0.040284
g3_moe,4,42,1.9895,5672,7.5625,0.377579,-5.70925,0.946547,,,0.0460228,0.035773
g3_moe,4,43,1.73954,5808,7.84375,1.01643,-5.76233,1.02942,,,0.050185,0.0349886
g3_moe,4,44,1.46483,6109,6.84375,1.05148,-6.1019,1.16197,,,0.0608226,0.0428106
g3_moe,4,45,2.35577,5259,7.21875,0.752743,-5.79843,0.986765,,,0.052734,0.0470104
g3_moe,4,46,1.91076,5562,7,1.09736,-6.06951,1.11895,,,0.051064,0.0346645
g3_moe,4,47,1.63275,7942,7.53125,1.70991,-5.81849,1.08596,,,0.0462463,0.0247338
g3_moe,4,48,2.13594,5918,7.59375,1.14502,-5.66973,0.939777,,,0.0601182,0.0427661
g3_moe,4,49,1.80526,5677,8.5,1.4191,-5.83362,0.999993,,,0.0615197,0.0381012
g3_moe,4,50,1.74045,7390,7.75,1.43706,-5.93361,1.1946,,,0.0713523,0.0480884
g3_moe,4,51,1.53316,7353,7.78125,1.78578,-6.07663,1.2684,,,0.0590385,0.0512942
g3_moe,4,52,2.01837,7452,8.5625,0.646581,-5.86323,1.24331,,,0.0618145,0.043876
g3_moe,4,53,1.82951,5400,7.34375,0.91854,-6.33516,1.31956,,,0.0535361,0.0367812
g3_moe,4,54,1.6582,6482,7.75,0.877578,-6.09314,1.19391,,,0.0621346,0.0409355
g3_moe,4,55,1.88718,5704,7.75,0.553426,-5.59569,0.869806,,,0.049536,0.0362568
g3_moe,4,56,1.58054,6996,6.5,0.436397,-5.97471,1.26641,,,0.0662479,0.0576738
g3_moe,4,57,1.61726,5823,8.3125,1.29336,-6.29193,1.34135,,,0.0504312,0.0324335
g3_moe,4,58,2.11038,5712,7.28125,0.394151,-5.8327,1.04409,,,0.0540745,0.0415619
g3_moe,4,59,1.61326,6145,7.0625,1.16806,-5.74324,1.04619,,,0.0688819,0.0556152
g3_moe,4,60,1.81839,6450,6.96875,0.662642,-6.16034,1.24111,,,0.0498351,0.0263718
g3_moe,4,61,1.88506,6491,8.25,1.00762,-6.37747,1.36391,,,0.0512847,0.0287984
g3_moe,4,62,1.58454,6025,6.84375,1.11422,-6.29928,1.24814,,,0.0722067,0.0414695
g3_moe,4,63,1.992,5670,8.0625,0.695788,-6.02286,1.13594,,,0.0532183,0.0367658
g3_moe,4,64,2.02857,6132,7.96875,0.686575,-5.78309,1.04851,,,0.0455468,0.0290271
g3_moe,4,65,1.88303,5491,8.75,1.26587,-5.88521,1.01324,,,0.0589077,0.039383
g3_moe,4,66,1.92662,5452,7.5,1.10568,-5.75276,0.95727,,,0.0418145,0.0225762
g3_moe,4,67,1.70841,5404,7.625,1.00304,-5.59783,0.936172,,,0.063602,0.0483993
g3_moe,4,68,2.1602,5042,7.875,0.733528,-5.811,0.992669,,,0.0639804,0.061827
g3_moe,4,69,2.00844,6248,8.9375,1.41153,-6.3752,1.31532,,,0.0702182,0.0473827
g3_moe,4,70,2.04532,5315,8.4375,0.455115,-5.99622,1.12282,,,0.0471938,0.0329504
g3_moe,4,71,1.73446,5840,7.625,0.845213,-5.791,1.03739,,,0.0526926,0.041716
g3_moe,4,72,1.74012,6641,6.875,0.558541,-5.25803,0.826489,,,0.0701775,0.0597009
g3_moe,4,73,1.62647,4978,7.6875,0.978877,-5.505,0.849927,,,0.0678762,0.064613
g3_moe,4,74,2.13688,6940,9.5,0.596766,-5.7659,1.06079,,,0.0470912,0.0241036
g3_moe,4,75,1.93003,5369,7.0625,0.617679,-5.98877,1.12452,,,0.0495592,0.0333956
g3_moe,4,76,1.98427,5944,7.6875,1.4734,-5.85167,1.05951,,,0.0500961,0.0333324
g3_moe,4,77,1.73809,6835,8,1.14975,-5.51474,0.973658,,,0.058498,0.0510642
g3_moe,4,78,1.78024,6405,7.625,0.647486,-6.08938,1.17664,,,0.0498635,0.0302197
g3_moe,4,79,1.69907,6160,6.15625,0.619208,-5.60874,0.880283,,,0.0593499,0.048688
g3_moe,4,80,2.15202,5659,9,1.26817,-5.98874,1.04242,,,0.0515275,0.0362258
g3_moe,4,81,2.212,5984,8.5625,0.689646,-5.62522,0.898056,,,0.0443878,0.0284321
g3_moe,4,82,1.71935,5423,7.03125,1.2754,-5.71536,0.953603,,,0.0397501,0.0214196
g3_moe,4,83,2.25654,6008,8.75,0.791435,-5.63323,0.948908,,,0.0509379,0.0345125
g3_moe,4,84,2.04255,5683,8.9375,0.618605,-5.74218,0.952848,,,0.0460424,0.0277759
g3_moe,4,85,1.72475,5930,6.5625,0.376224,-5.87924,1.03805,,,0.052839,0.0359789
g3_moe,4,86,1.56364,5778,7.21875,1.38055,-6.04444,1.15488,,,0.0629875,0.0504055
g3_moe,4,87,1.67736,5869,6.875,1.40878,-5.8175,0.991153,,,0.0607501,0.0430914
g3_moe,4,88,1.8567,6128,7.46875,0.547472,-5.87058,1.07426,,,0.0620861,0.0441723
g3_moe,4,89,1.73099,5499,7.34375,0.93889,-5.79683,0.911456,,,0.0457839,0.0237168
g3_moe,4,90,1.89915,7270,7.90625,0.325253,-5.794,1.11311,,,0.0489871,0.0338291
g3_moe,4,91,1.64203,6590,7.28125,0.758317,-6.1724,1.30527,,,0.0580093,0.0371681
g3_moe,4,92,1.84358,5455,7.0625,0.712476,-5.76276,1.01542,,,0.0553574,0.0497503
g3_moe,4,93,1.62841,7185,7.28125,1.91231,-5.80386,1.08332,,,0.05024,0.0279502
g3_moe,4,94,1.96105,6065,7.28125,0.606603,-5.67011,0.953676,,,0.0494458,0.0385713
g3_moe,4,95,1.84318,5846,7.03125,0.301363,-6.0922,1.20987,,,0.0535678,0.0381288
g3_moe,4,96,1.69718,5907,7.34375,0.466325,-6.18428,1.27749,,,0.0560729,0.0368017
g3_moe,4,97,1.82817,5667,6.375,0.571754,-5.88566,1.05859,,,0.0514767,0.035386
g3_moe,4,98,1.90896,5880,8.125,0.985525,-5.80478,1.00777,,,0.0532127,0.0378961
g3_moe,4,99,1.788,5121,8.8125,0.838247,-5.68237,0.96181,,,0.0810298,0.059862
g3_moe,4,100,1.89161,7258,8.3125,1.37959,-6.10547,1.24178,,,0.0548692,0.033062
g3_moe,4,101,1.77265,6960,6.1875,0.653254,-6.12797,1.32824,,,0.0526428,0.0322251
g3_moe,4,102,1.60775,5252,8.375,1.49418,-5.59316,0.924227,,,0.059892,0.05673
g3_moe,4,103,2.12022,5531,8.25,0.505884,-5.8917,1.11846,,,0.0564342,0.0434109
g3_moe,4,104,1.56576,6091,7,0.586724,-5.99024,1.12972,,,0.0783985,0.0594229
g3_moe,4,105,2.15676,6678,8.0625,0.423841,-5.70071,0.986963,,,0.0468192,0.0309098
g3_moe,4,106,2.08172,5913,8.0625,0.947162,-6.08133,1.16398,,,0.0668431,0.0442322
g3_moe,4,107,1.94292,6019,7.78125,1.29861,-6.22863,1.27584,,,0.0628156,0.0475616
g3_moe,4,108,2.05908,6715,8.6875,0.847007,-5.95753,1.18895,,,0.0798853,0.0630611
g3_moe,4,109,2.00251,5962,8.375,1.0097,-5.80286,0.997068,,,0.0601729,0.0449388
g3_moe,4,110,1.9774,5740,8.4375,0.411223,-5.99586,1.16887,,,0.0615453,0.0593525
g3_moe,4,111,1.98707,5962,7.96875,0.948252,-5.95187,1.15087,,,0.0487901,0.0301558
g3_moe,4,112,1.8011,7132,7.125,1.2545,-6.00004,1.18148,,,0.0540607,0.0346145
g3_moe,4,113,2.11903,6134,8.3125,0.847607,-5.79309,0.991595,,,0.0462186,0.0266228
g3_moe,4,114,1.82297,6048,7.65625,0.723379,-5.74418,0.990134,,,0.0590718,0.0445015
g3_moe,4,115,2.08422,5871,7.3125,0.710784,-5.90474,1.13316,,,0.05353,0.0378717
g3_moe,4,116,2.39195,5755,8.3125,0.752118,-5.63076,0.941352,,,0.0481247,0.0312427
g3_moe,4,117,1.90504,5459,8.1875,1.34284,-5.64723,0.923827,,,0.0552761,0.0466472
g3_moe,4,118,1.41457,5568,6.90625,1.53707,-5.77212,0.984738,,,0.0512632,0.0350491
g3_moe,4,119,2.01245,5507,8.25,0.598704,-5.96424,1.11412,,,0.0604878,0.0616439
g3_moe,4,120,2.29777,5915,7.625,0.919031,-5.6985,0.900131,,,0.0444427,0.0266568
g3_moe,4,121,1.55886,5895,7.96875,0.759014,-5.60071,0.916728,,,0.0659678,0.0552705
g3_moe,4,122,1.9872,6057,6.96875,0.600198,-5.75809,0.996125,,,0.0518152,0.034207
g3_moe,4,123,1.97226,5819,8,1.65886,-5.62474,0.865101,,,0.0438117,0.0223328
g3_moe,4,124,1.60742,5957,8.1875,1.05868,-5.66347,0.898477,,,0.0561187,0.0448987
g3_moe,4,125,1.82144,6586,8.6875,1.70527,-6.13765,1.23505,,,0.058662,0.0421563
g3_moe,4,126,2.2472,5242,9.0625,0.973514,-5.65646,0.93566,,,0.0822068,0.0676829
g3_moe,4,127,2.15588,5695,7.78125,0.818612,-6.04087,1.12369,,,0.0559076,0.0386359
g3_moe,4,128,1.96562,5693,8.625,0.815485,-6.46915,1.35713,,,0.0635186,0.0479625
g3_moe,4,129,1.79187,6851,7.5625,1.0204,-5.77535,1.01368,,,0.0505994,0.0346668
g3_moe,4,130,1.9658,7428,8.5,1.25029,-5.64712,1.01947,,,0.0468463,0.0287642
g3_moe,4,131,2.06429,4943,7.40625,0.49227,-5.78392,1.0078,,,0.0466243,0.0332775
g3_moe,4,132,1.84271,4913,7.25,0.428178,-5.63632,0.909413,,,0.070727,0.0716257
g3_moe,4,133,1.86745,6456,8.4375,0.843902,-6.24997,1.31025,,,0.0507921,0.0330834
g3_moe,4,134,1.86992,6093,7.59375,1.28359,-5.97556,1.13832,,,0.0529822,0.0372928
g3_moe,4,135,1.52417,7217,7.65625,1.70615,-5.91804,1.18496,,,0.0716703,0.0472495
g3_moe,4,136,1.8705,5445,7.25,1.34004,-5.77256,0.96066,,,0.0435459,0.0274621
g3_moe,4,137,1.68694,6231,8.0625,0.766738,-5.99654,1.14809,,,0.0598624,0.0445027
g3_moe,4,138,2.22621,5562,9.4375,0.884405,-6.02961,1.12259,,,0.0579398,0.0422734
g3_moe,4,139,1.82404,7058,7.84375,0.727995,-5.935,1.1445,,,0.0519007,0.0326759
g3_moe,4,140,2.31681,7100,9.3125,1.32312,-5.82258,1.06962,,,0.0568926,0.0384501
g3_moe,4,141,1.80372,6399,7.78125,1.17898,-6.14343,1.27053,,,0.0617398,0.0447061
g3_moe,4,142,1.55897,6697,6.75,1.23548,-5.99722,1.18493,,,0.0585757,0.0476829
g3_moe,4,143,1.70808,6592,7.46875,1.0832,-5.68547,0.958141,,,0.0538893,0.0328277
g3_moe,4,144,1.88821,6703,7.875,0.771061,-5.80559,1.09627,,,0.0520922,0.0348973
g3_moe,4,145,2.24028,5497,8.1875,0.653018,-5.80356,0.97588,,,0.055567,0.0345152
g3_moe,4,146,1.63667,6229,9.6875,1.108,-5.85464,1.01437,,,0.0636475,0.0427123
g3_moe,4,147,2.07161,5645,6.5,1.06785,-5.9534,1.04727,,,0.049927,0.0319413
g3_moe,4,148,1.75037,5948,7.03125,1.14194,-6.16767,1.29778,,,0.0672055,0.0469785
g3_moe,4,149,1.73611,6193,7.96875,1.44274,-6.37968,1.41732,,,0.0573899,0.0419646
g3_moe,4,150,1.82177,6247,8.875,1.76488,-5.79401,1.02862,,,0.048871,0.0294972
g3_moe,4,151,1.85861,5855,8.0625,0.663744,-5.81411,1.01446,,,0.0464605,0.0293002
g3_moe,4,152,1.83561,5416,7.71875,0.742723,-5.95446,1.09549,,,0.0615245,0.0427294
g3_moe,4,153,2.05518,5613,7.6875,1.05571,-5.8501,1.05706,,,0.0475223,0.0300387
g3_moe,4,154,1.94178,5556,8.1875,1.03835,-5.86364,1.03274,,,0.0693817,0.0524017
g3_moe,4,155,1.6696,8174,6.5,1.13199,-5.58369,1.02814,,,0.060668,0.0497078
g3_moe,4,156,2.00455,6640,7.34375,0.871181,-5.79653,1.04552,,,0.0513182,0.0354534
g3_moe,4,157,1.23518,6378,7.09375,3.06486,-5.81436,0.991142,,,0.0650783,0.0271327
g3_moe,4,158,1.68363,5798,7.5,1.63095,-6.14718,1.08611,,,0.0543343,0.0248795
g3_moe,4,159,1.81689,5708,6.875,0.734167,-5.63005,0.891963,,,0.0447377,0.0293172
g3_moe,4,160,1.96937,5672,9.125,1.17946,-5.85143,1.00562,,,0.0517203,0.0325792
g3_moe,4,161,2.30748,6407,9.4375,1.39673,-6.0786,1.09964,,,0.0566075,0.0350553
g3_moe,4,162,2.22687,6659,9.5625,1.15487,-6.21394,1.26325,,,0.0648859,0.0464539
g3_moe,4,163,1.94283,5668,6.71875,1.0596,-6.04501,1.09319,,,0.0511548,0.0304281
g3_moe,4,164,1.91801,6262,7.90625,1.08108,-6.08507,1.15635,,,0.0531059,0.0373133
g3_moe,4,165,2.21462,5402,8.375,1.09588,-5.77586,1.00117,,,0.0496432,0.0364796
g3_moe,4,166,1.74638,7056,7.59375,0.874891,-6.43452,1.49663,,,0.0616549,0.0419103
g3_moe,4,167,1.96685,5512,8,1.07249,-6.11731,1.08306,,,0.049589,0.0352669
g3_moe,4,168,1.74485,5751,7.3125,1.34231,-6.04398,1.13664,,,0.0539808,0.0340295
g3_moe,4,169,1.86633,5565,7.96875,1.03098,-6.07719,1.13847,,,0.0810985,0.0489708
g3_moe,4,170,1.62241,5551,7.15625,1.07596,-5.80222,0.944507,,,0.0428389,0.023727
g3_moe,4,171,2.1829,5270,7.65625,0.193275,-6.25189,1.30076,,,0.0543426,0.041047
g3_moe,4,172,1.78494,5457,7.53125,0.676741,-5.89077,1.02836,,,0.0492108,0.0315921
g3_moe,4,173,1.66297,5331,6.78125,0.602046,-6.04871,1.10618,,,0.0592089,0.0439499
g3_moe,4,174,1.82662,6754,7.40625,1.23668,-6.03559,1.17579,,,0.0672573,0.0491247
g3_moe,4,175,1.89453,7855,6.84375,0.715857,-5.71761,1.10483,,,0.0546211,0.035836
g3_moe,4,176,2.02095,6783,7.34375,0.466794,-5.83164,1.12051,,,0.0524815,0.0311858
g3_moe,4,177,1.8189,8077,7.5625,0.474463,-5.66407,1.10959,,,0.0625109,0.0531051
g3_moe,4,178,1.76518,5933,7.625,2.01182,-5.83168,0.9661,,,0.0531765,0.0363663
g3_moe,4,179,1.61879,5399,7.28125,0.831866,-5.70258,0.947756,,,0.062242,0.0548644
g3_moe,4,180,1.85431,5687,7.46875,0.581808,-6.07554,1.16505,,,0.0570791,0.0388716
g3_moe,4,181,2.04447,8728,8.375,1.10478,-5.88637,1.29752,,,0.0519012,0.0315194
g3_moe,4,182,1.72722,6552,8.375,2.01565,-6.06606,1.19608,,,0.0623508,0.0390621
g3_moe,4,183,1.80139,5789,7.25,2.07392,-6.06148,1.13021,,,0.0605767,0.0371954
g3_moe,4,184,1.89324,7884,7.8125,1.09769,-5.71571,1.10951,,,0.0606372,0.0571234
g3_moe,4,185,1.88192,7080,7.25,0.946881,-6.2028,1.31749,,,0.0565942,0.0371069
g3_moe,4,186,2.0336,5431,8.875,2.3067,-5.77781,0.894104,,,0.0432993,0.026659
g3_moe,4,187,1.94659,5815,7.90625,0.720988,-5.83554,1.00127,,,0.0478707,0.0293645
g3_moe,4,188,1.92945,6084,7.4375,1.12893,-5.79463,0.999538,,,0.0552948,0.0344213
g3_moe,4,189,2.09683,5329,9.3125,0.957491,-6.03922,1.11338,,,0.0587184,0.0476216
g3_moe,4,190,1.95898,6028,8,0.54419,-5.89815,1.05434,,,0.0529926,0.0316867
g3_moe,4,191,1.88054,6302,8.5625,0.592386,-5.52169,0.874563,,,0.0472035,0.0302778
g3_moe,5,0,2.50119,6536,8.25,0.52327,-5.98363,1.20532,,,0.0575424,0.0421534
g3_moe,5,1,1.94512,6273,8.625,2.13017,-6.11507,1.1093,,,0.0525603,0.0267262
g3_moe,5,2,2.21532,5741,8.5,1.15307,-5.82541,1.06117,,,0.0428203,0.02056
g3_moe,5,3,1.95691,6250,8.25,1.79424,-6.09298,1.25047,,,0.0639184,0.0499445
g3_moe,5,4,2.43969,7838,7.9375,0.832464,-6.13231,1.35258,,,0.0550949,0.0337234
g3_moe,5,5,1.9509,6088,7.96875,2.53067,-5.97988,1.14531,,,0.0513439,0.029412
g3_moe,5,6,2.03899,5255,7.96875,0.491257,-6.02116,1.16306,,,0.0532844,0.0362957
g3_moe,5,7,2.53374,7444,8.3125,0.745636,-5.58341,1.01207,,,0.0607497,0.0571633
g3_moe,5,8,2.35125,5604,8.1875,0.624717,-6.03921,1.13149,,,0.0497469,0.0292016
g3_moe,5,9,1.92985,5228,8.4375,1.50908,-5.67955,0.946499,,,0.0671235,0.058552
g3_moe,5,10,2.475,6663,9.8125,0.708393,-6.31037,1.3529,,,0.0604386,0.0377352
g3_moe,5,11,2.08108,7184,8.1875,0.97414,-5.63478,1.03424,,,0.0517431,0.0354256
g3_moe,5,12,2.88295,7256,8.375,0.46182,-5.69365,1.00016,,,0.0482298,0.0267023
g3_moe,5,13,2.60159,6351,8.5625,1.25303,-5.88268,1.08921,,,0.0458169,0.0266321
g3_moe,5,14,2.45647,7373,9.9375,0.874631,-5.57091,0.944964,,,0.0445685,0.0263102
g3_moe,5,15,2.20347,5525,7.5,0.479658,-5.71345,0.968729,,,0.0590788,0.0511072
g3_moe,5,16,1.91789,5356,7.78125,1.18268,-5.48986,0.797847,,,0.0463484,0.0248479
g3_moe,5,17,1.86122,5880,9.125,2.03794,-6.06071,1.14018,,,0.0572964,0.0325825
g3_moe,5,18,1.91595,5931,7.375,1.04461,-6.08113,1.10473,,,0.048205,0.0293074
g3_moe,5,19,2.34895,5340,8.75,1.42826,-5.8975,1.07481,,,0.0671634,0.0463919
g3_moe,5,20,2.07935,5424,7.8125,1.25096,-5.7195,0.95876,,,0.0659755,0.0503138
g3_moe,5,21,1.91972,5364,7.09375,1.06628,-5.67496,0.912038,,,0.0394119,0.0183938
g3_moe,5,22,1.77113,6216,9.25,1.67843,-5.7852,1.02627,,,0.0630955,0.0463611
g3_moe,5,23,2.08428,5250,7.4375,1.3071,-5.61036,0.837719,,,0.0423806,0.0222018
g3_moe,5,24,2.30298,6783,7.78125,0.69072,-5.54523,0.915264,,,0.0529192,0.0351875
g3_moe,5,25,2.16799,6236,7.9375,0.848821,-5.84568,1.10541,,,0.0527808,0.0382358
g3_moe,5,26,2.21649,5561,9.8125,0.998388,-5.90133,1.01442,,,0.0461914,0.0283217
g3_moe,5,27,1.77943,5386,7.59375,1.129,-5.78051,0.952956,,,0.0490232,0.0311273
g3_moe,5,28,2.61982,5625,9.25,0.937166,-5.77109,0.977479,,,0.0471266,0.0269194
g3_moe,5,29,2.17551,7098,8.1875,0.887047,-5.88763,1.09247,,,0.0572912,0.0374277
g3_moe,5,30,2.19909,5971,8.0625,0.764083,-5.81239,1.02576,,,0.0501991,0.036918
g3_moe,5,31,1.97242,9173,7,1.80471,-5.37888,0.888554,,,0.0508454,0.0216239
g3_moe,5,32,2.17492,6254,8.0625,0.749842,-6.0056,1.15861,,,0.0497382,0.0289783
g3_moe,5,33,2.17291,6778,8.0625,0.928506,-5.7705,1.07716,,,0.0615416,0.0476222
g3_moe,5,34,1.94679,6069,7.5625,0.815644,-6.33976,1.28041,,,0.0558,0.0419859
g3_moe,5,35,2.00783,6350,7.625,1.14491,-5.93321,1.11339,,,0.0635875,0.042305
g3_moe,5,36,2.19183,5219,8.3125,0.881416,-5.84032,0.994439,,,0.0545424,0.038267
g3_moe,5,37,2.17168,6259,8.375,1.25488,-5.73897,1.02636,,,0.0502289,0.0352501
g3_moe,5,38,1.8354,5989,8.75,1.40256,-5.8881,1.01792,,,0.0522178,0.0302617
g3_moe,5,39,2.12404,5824,8.25,1.32457,-5.74772,0.96373,,,0.0487184,0.0320617
g3_moe,5,40,2.33465,5685,8.75,0.905362,-5.51402,0.847111,,,0.0461659,0.0283871
g3_moe,5,41,1.83208,5890,7.28125,1.40432,-5.72904,1.00074,,,0.0493651,0.0303275
g3_moe,5,42,2.12496,4882,7.375,0.797357,-5.64867,0.840756,,,0.045786,0.0290593
g3_moe,5,43,2.36345,5271,9.25,0.865228,-5.75225,0.948729,,,0.0452297,0.0244637
g3_moe,5,44,2.30712,5760,7.5,1.16895,-5.80113,1.00669,,,0.0478209,0.029754
g3_moe,5,45,2.08154,5798,10.5,0.896674,-5.91282,1.07044,,,0.0722084,0.0499185
g3_moe,5,46,2.15484,5250,8.125,0.46639,-5.9046,1.02697,,,0.0467787,0.0304128
g3_moe,5,47,2.38363,5399,7.78125,0.884712,-5.4894,0.770688,,,0.0400706,0.0164682
g3_moe,5,48,1.97195,5947,8.375,1.72416,-5.80946,0.985118,,,0.0619131,0.0431807
g3_moe,5,49,1.80032,9195,6.21875,0.905484,-5.71408,1.17222,,,0.0584265,0.040115
g3_moe,5,50,2.26906,5655,8.6875,1.8578,-5.98066,1.11778,,,0.0627757,0.0451027
g3_moe,5,51,2.13839,6189,8.625,0.964136,-5.90845,1.11122,,,0.0540086,0.0425122
g3_moe,5,52,1.79816,5635,7.28125,0.518678,-5.74495,0.930084,,,0.0482347,0.0262852
g3_moe,5,53,1.71101,6122,7.1875,1.10821,-6.10559,1.17764,,,0.0579479,0.0411175
g3_moe,5,54,2.43497,5984,8.8125,1.39344,-5.89632,1.04326,,,0.0513206,0.0304691
g3_moe,5,55,2.46969,5615,11.875,1.9337,-5.96396,1.09064,,,0.049745,0.0299228
g3_moe,5,56,2.01523,8437,7.6875,0.806204,-5.62566,1.0761,,,0.0557735,0.0365657
g3_moe,5,57,1.91771,6990,7.9375,1.38722,-6.2776,1.42451,,,0.0586174,0.0377079
g3_moe,5,58,1.74993,6759,7.71875,0.95279,-5.42704,0.941917,,,0.0817279,0.0724341
g3_moe,5,59,2.28309,6557,8.4375,0.552354,-5.64573,0.994373,,,0.0475043,0.0280495
g3_moe,5,60,2.34438,5700,10.0625,1.44105,-5.99044,1.11962,,,0.0582879,0.0417916
g3_moe,5,61,1.74548,5837,8,1.51766,-6.088,1.20089,,,0.0627784,0.0483414
g3_moe,5,62,2.0635,5679,8.75,1.42997,-5.77317,1.06318,,,0.0821394,0.0670675
g3_moe,5,63,2.0409,5984,8.625,0.713757,-6.18916,1.27553,,,0.064633,0.0502445
g3_moe,5,64,2.13362,8622,7.65625,0.858437,-5.83972,1.10771,,,0.0493061,0.0210811
g3_moe,5,65,1.84074,5515,7.375,1.17687,-5.83728,1.05049,,,0.0526536,0.0352406
g3_moe,5,66,2.33325,6667,7.75,1.43578,-5.59497,0.94473,,,0.0413596,0.0197004
g3_moe,5,67,1.78697,6300,8.0625,0.664027,-5.81248,1.0392,,,0.045001,0.0253028
g3_moe,5,68,1.99278,5918,7.3125,0.968358,-5.95317,1.11033,,,0.0737241,0.0565937
g3_moe,5,69,2.04042,6927,8.625,0.9033,-6.41378,1.42508,,,0.0594453,0.0340944
g3_moe,5,70,2.22455,5476,8.1875,0.815308,-5.49615,0.805885,,,0.0447896,0.0277302
g3_moe,5,71,2.3527,5598,7.75,0.307672,-5.93977,1.09277,,,0.0517003,0.0346025
g3_moe,5,72,1.82486,4749,7.1875,1.16319,-5.84285,0.949932,,,0.0432441,0.0243624
g3_moe,5,73,2.20938,6514,8.0625,0.683595,-5.77542,1.03436,,,0.0532268,0.0372655
g3_moe,5,74,2.17354,5725,10.4375,2.64166,-6.12243,1.17425,,,0.0557739,0.0346257
g3_moe,5,75,1.6518,6011,8.5625,2.28655,-6.16972,1.21103,,,0.0524659,0.0308611
g3_moe,5,76,2.14779,6289,7.78125,0.666162,-5.9135,1.12528,,,0.0459784,0.0263987
g3_moe,5,77,2.27774,6572,7.875,0.683069,-5.85429,1.18651,,,0.0529392,0.0426226
g3_moe,5,78,2.43865,8106,7.625,0.415443,-5.4893,0.930427,,,0.0545829,0.0308149
g3_moe,5,79,1.70021,7332,7.4375,1.61761,-5.44812,0.911295,,,0.0511085,0.0320965
g3_moe,5,80,2.46364,6015,8.625,0.61776,-5.75891,1.02413,,,0.0672906,0.0482323
g3_moe,5,81,1.55234,6125,10,4.24893,-5.90681,1.11721,,,0.0998949,0.0667865
g3_moe,5,82,2.22524,6337,8.6875,1.00648,-5.91282,1.04921,,,0.0547501,0.0361763
g3_moe,5,83,1.72228,6065,6.78125,0.627536,-5.91026,1.16943,,,0.0557834,0.0410103
g3_moe,5,84,2.23236,5281,7.9375,0.801205,-6.11523,1.1461,,,0.0544151,0.0363043
g3_moe,5,85,2.40177,6526,9.25,1.16426,-5.89281,1.11262,,,0.0577154,0.0441819
g3_moe,5,86,2.34338,5362,9.5625,1.04147,-6.02007,1.11482,,,0.0623959,0.0455916
g3_moe,5,87,2.16296,5503,6.59375,0.778099,-5.87047,1.03664,,,0.0532324,0.0395771
g3_moe,5,88,2.4228,5638,8.25,0.477012,-5.83107,1.01866,,,0.0555811,0.0426577
g3_moe,5,89,2.02663,5820,7.3125,0.367384,-5.49481,0.824576,,,0.0546368,0.0452209
g3_moe,5,90,2.13979,6025,7.09375,0.591652,-5.87993,1.07488,,,0.0472103,0.0279339
g3_moe,5,91,1.85382,6657,7.9375,1.67886,-5.9433,1.16976,,,0.0558793,0.0360107
g3_moe,5,92,2.07655,5518,8.6875,1.3983,-5.6209,0.932024,,,0.0728147,0.0662447
g3_moe,5,93,2.00382,6023,7.78125,1.26005,-5.69853,0.964373,,,0.0487509,0.0312266
g3_moe,5,94,2.12216,8840,7.875,0.812521,-5.68625,1.12824,,,0.0624171,0.0362377
g3_moe,5,95,1.99689,5365,7.28125,1.07497,-5.77016,0.975914,,,0.046281,0.0320924
g3_moe,5,96,2.09116,5766,8.625,1.26574,-6.0712,1.13726,,,0.0539496,0.0377389
g3_moe,5,97,2.15779,6949,7.65625,1.43095,-5.62887,0.94874,,,0.0555716,0.0321541
g3_moe,5,98,1.91167,5453,8.5,1.60895,-5.58002,0.862278,,,0.0558129,0.0357935
g3_moe,5,99,1.83695,5908,9.75,1.27245,-5.98411,1.08185,,,0.076258,0.0449663
g3_moe,5,100,2.32363,6062,9.9375,0.958968,-5.7007,0.945982,,,0.0532703,0.038645
g3_moe,5,101,2.07947,6418,7.125,0.489928,-5.89116,1.13962,,,0.046991,0.0271116
g3_moe,5,102,1.7968,6950,6.34375,1.30833,-5.9359,1.22217,,,0.0503421,0.0351204
g3_moe,5,103,1.97231,7175,7.84375,0.697216,-5.88409,1.16926,,,0.053836,0.0368871
g3_moe,5,104,2.11074,5452,8.5,1.62066,-6.0133,1.09209,,,0.0511791,0.0319237
g3_moe,5,105,2.21869,5710,7.90625,0.955236,-5.96988,1.08303,,,0.0556338,0.0363119
g3_moe,5,106,2.15728,6289,9.1875,0.838028,-6.29916,1.2889,,,0.0617976,0.0370879
g3_moe,5,107,2.39304,5396,8.1875,0.769661,-5.82627,1.01925,,,0.0517628,0.0377194
g3_moe,5,108,2.50085,5497,8.6875,0.698088,-5.56081,0.874904,,,0.0552838,0.0411831
g3_moe,5,109,2.5917,5122,8.1875,0.537466,-5.83628,0.98085,,,0.0447358,0.0284448
g3_moe,5,110,1.88856,5577,8.125,1.33184,-5.9471,1.0998,,,0.086385,0.0544714
g3_moe,5,111,2.07748,8191,9.1875,1.20572,-5.99989,1.31837,,,0.0624132,0.0499475
g3_moe,5,112,2.25809,5975,8.4375,2.1683,-5.56924,0.865322,,,0.0467683,0.0272985
g3_moe,5,113,1.97992,5562,8.125,1.24437,-5.97098,1.13493,,,0.0818896,0.0705357
g3_moe,5,114,1.85154,5930,8,1.30835,-6.12524,1.12614,,,0.0604548,0.0325826
g3_moe,5,115,2.22207,5728,7.0625,0.765762,-5.74352,1.01113,,,0.0462217,0.0331135
g3_moe,5,116,2.17934,5239,7.96875,1.13359,-5.87504,1.08606,,,0.0531707,0.0491025
g3_moe,5,117,2.30965,6600,8.5625,0.413035,-5.72152,1.03452,,,0.0474205,0.0282348
g3_moe,5,118,1.81976,6921,8.25,1.60135,-6.0883,1.30854,,,0.0611988,0.0400591
g3_moe,5,119,2.22122,5201,8.4375,0.720643,-5.84036,0.992799,,,0.0557457,0.040498
g3_moe,5,120,1.98724,6038,7.5,0.92367,-5.91582,1.10311,,,0.0555871,0.039316
g3_moe,5,121,2.06256,6490,8.5,1.03433,-6.25687,1.33237,,,0.0632759,0.0428347
g3_moe,5,122,1.9121,8269,8.5625,0.731688,-5.76288,1.09463,,,0.0559931,0.0371304
g3_moe,5,123,2.65025,5713,9,0.538609,-5.77351,1.02704,,,0.0559753,0.0441401
g3_moe,5,124,2.47244,6094,8.0625,0.569413,-5.83334,1.10347,,,0.0523196,0.0366424
g3_moe,5,125,1.91578,7231,7.375,0.987566,-5.93545,1.23363,,,0.0566977,0.0409269
g3_moe,5,126,2.1021,5913,6.6875,0.355337,-5.73628,1.04703,,,0.0510135,0.0375839
g3_moe,5,127,2.09204,8559,8.375,1.45409,-5.64173,1.00007,,,0.0552839,0.0391188
g3_moe,5,128,1.69113,8220,6.4375,1.68923,-5.50497,0.929403,,,0.0571382,0.0319097
g3_moe,5,129,2.08716,5224,8.9375,1.80807,-5.65593,0.927125,,,0.0543848,0.0400127
g3_moe,5,130,2.22598,7302,7.34375,0.447801,-5.61957,1.03559,,,0.0541156,0.0339283
g3_moe,5,131,2.16914,6310,7.34375,0.347859,-5.83265,1.1275,,,0.0507904,0.0362733
g3_moe,5,132,1.53769,6694,8.4375,1.88872,-5.51763,0.963584,,,0.0700678,0.0510414
g3_moe,5,133,2.70215,5533,9.375,0.512257,-5.92225,1.10676,,,0.0569273,0.044372
g3_moe,5,134,2.2106,5642,7,0.933816,-5.8191,1.03686,,,0.0473668,0.0306686
g3_moe,5,135,2.0273,5534,7.28125,0.675755,-5.7029,0.94385,,,0.0539779,0.0385838
g3_moe,5,136,2.21864,6712,8.5625,1.27711,-5.84498,1.10106,,,0.0538798,0.0338887
g3_moe,5,137,2.2765,5778,7.96875,1.33817,-5.85457,1.09556,,,0.0660159,0.0516353
g3_moe,5,138,1.95314,5862,6.4375,0.734415,-5.8046,1.02772,,,0.052316,0.0359899
g3_moe,5,139,2.16499,5373,6.875,0.980998,-5.69232,0.895862,,,0.0459433,0.0276864
g3_moe,5,140,1.66019,6035,7.4375,0.885895,-5.96396,1.07176,,,0.0588721,0.0368622
g3_moe,5,141,1.76512,6227,7.59375,2.17102,-5.56878,0.878611,,,0.0411186,0.02051
g3_moe,5,142,1.79818,6117,8.25,0.831144,-6.25336,1.28602,,,0.0587798,0.0389757
g3_moe,5,143,2.17102,6967,8.5625,0.593272,-5.99033,1.2319,,,0.0522942,0.0337358
g3_moe,5,144,1.85818,6109,7.96875,1.09975,-5.86046,1.08756,,,0.0606058,0.0450306
g3_moe,5,145,1.80968,6371,6.75,1.12138,-6.14272,1.3294,,,0.0615257,0.0408757
g3_moe,5,146,2.1804,5855,7.40625,0.762079,-5.90914,1.08581,,,0.0652901,0.0453403
g3_moe,5,147,2.00467,5231,6.8125,0.796448,-5.55468,0.862949,,,0.0588373,0.0443155
g3_moe,5,148,2.52268,8092,8.5625,0.658425,-5.79236,1.22811,,,0.0643603,0.0538155
g3_moe,5,149,2.18655,5473,7.46875,0.505699,-5.81285,0.997652,,,0.0531284,0.0361783
g3_moe,5,150,1.68191,5948,7.09375,2.23235,-5.87667,1.06914,,,0.0604838,0.0396805
g3_moe,5,151,2.16118,6097,8.5625,1.18462,-5.8118,1.0327,,,0.0584843,0.0405749
g3_moe,5,152,2.63944,5691,8.875,1.00908,-5.75842,0.991395,,,0.0591061,0.0397105
g3_moe,5,153,1.95184,5856,8.1875,0.934186,-6.17862,1.21279,,,0.0517796,0.0352045
g3_moe,5,154,2.25168,5760,8,0.938324,-5.78227,1.01034,,,0.0479725,0.0274943
g3_moe,5,155,1.82739,6079,7.5,0.571203,-5.83959,1.1186,,,0.0530126,0.0410206
g3_moe,5,156,1.88944,6229,8,1.09757,-6.12843,1.25228,,,0.062417,0.0433945
g3_moe,5,157,2.11931,6873,7.1875,0.867559,-5.65707,1.09019,,,0.0895413,0.100392
g3_moe,5,158,2.29816,5153,9.75,1.1574,-5.98554,1.02922,,,0.0433302,0.0249978
g3_moe,5,159,2.26929,6248,8.375,0.432662,-5.73056,1.02971,,,0.0508921,0.0352832
g3_moe,5,160,1.94933,7573,7.5625,1.73452,-6.22343,1.47809,,,0.0576149,0.0382362
g3_moe,5,161,2.05028,6911,8.5,0.951055,-5.79305,1.10959,,,0.0557511,0.0346229
g3_moe,5,162,2.07907,5378,7.28125,1.51692,-5.83399,0.994514,,,0.0483026,0.0330233
g3_moe,5,163,2.2121,5212,9.0625,0.678106,-5.85891,0.978086,,,0.0510594,0.0309496
g3_moe,5,164,2.34955,5458,8.125,1.46644,-5.85846,1.03094,,,0.0506802,0.0381906
g3_moe,5,165,1.69325,5571,7.28125,1.09331,-5.62778,0.947918,,,0.071675,0.0508371
g3_moe,5,166,2.02229,5564,7.53125,0.729413,-5.63149,0.912441,,,0.0478287,0.0264721
g3_moe,5,167,2.00222,5374,6.6875,0.857773,-5.89096,1.05164,,,0.0436503,0.0295243
g3_moe,5,168,2.2707,5924,8.625,0.973829,-5.78361,1.01628,,,0.0561638,0.0407572
g3_moe,5,169,2.06832,6497,7.875,1.32252,-5.63799,0.919464,,,0.0460421,0.0257657
g3_moe,5,170,2.37129,5528,9.3125,1.48371,-5.82512,0.888658,,,0.045089,0.0204859
g3_moe,5,171,2.30811,6449,8.0625,1.00409,-5.94482,1.09942,,,0.0587259,0.0350657
g3_moe,5,172,2.05427,5723,7.71875,0.857672,-5.73816,0.996832,,,0.0695461,0.0467668
g3_moe,5,173,2.02609,6212,6.375,0.404363,-5.80679,1.08509,,,0.0554471,0.0427885
g3_moe,5,174,2.27473,5539,9.5,1.21448,-6.10487,1.1482,,,0.0548744,0.0342136
g3_moe,5,175,2.47807,5610,9.5,0.605821,-5.87511,1.06626,,,0.0549427,0.0357701
g3_moe,5,176,2.29988,6133,8.3125,1.40656,-5.69782,1.01059,,,0.0490816,0.0280053
g3_moe,5,177,2.20331,5299,8.3125,0.846004,-5.71227,0.930775,,,0.0553787,0.0382541
g3_moe,5,178,2.0826,6389,8.75,1.27541,-6.08373,1.17927,,,0.0717404,0.0517654
g3_moe,5,179,1.98354,5207,8.625,1.15239,-5.56905,0.830525,,,0.0541747,0.0430452
g3_moe,5,180,2.03268,5216,7.09375,0.738351,-5.39924,0.769374,,,0.0552097,0.0628144
g3_moe,5,181,2.23516,5867,9.6875,1.5841,-5.98504,1.10158,,,0.0567167,0.0360615
g3_moe,5,182,1.95302,5958,7.84375,1.22416,-5.74734,0.971196,,,0.0464423,0.0307819
g3_moe,5,183,2.33333,5638,9.25,1.2493,-5.94349,1.16395,,,0.057277,0.0442753
g3_moe,5,184,2.0157,6522,7.875,1.12606,-6.36617,1.43062,,,0.0555775,0.0381864
g3_moe,5,185,1.94986,6637,8,1.00245,-5.72511,1.03902,,,0.0538738,0.0370765
g3_moe,5,186,2.61584,5169,8.375,0.485638,-5.814,1.01138,,,0.049599,0.0306105
g3_moe,5,187,2.07194,5922,9.1875,1.52128,-6.25323,1.28218,,,0.0643053,0.0461526
g3_moe,5,188,2.68889,6731,9.5625,1.24062,-6.08688,1.17978,,,0.0660015,0.0388956
g3_moe,5,189,2.13343,5351,8.375,1.52383,-5.86059,1.02083,,,0.0421793,0.0224517
g3_moe,5,190,2.13373,7323,8.3125,1.15019,-5.93931,1.17622,,,0.0469475,0.029092
g3_moe,5,191,1.98582,6204,9.625,1.1962,-6.41792,1.45364,,,0.0567465,0.0384405
g3_moe,6,0,2.38342,5285,9.5625,0.957503,-5.73935,0.925736,,,0.0573382,0.0432033
g3_moe,6,1,2.45326,5949,8.9375,0.362243,-6.04212,1.17893,,,0.0562923,0.035487
g3_moe,6,2,2.50725,5806,8.6875,1.54613,-5.76912,0.921272,,,0.0534553,0.0370019
g3_moe,6,3,2.30439,6385,7.65625,0.6111,-5.96457,1.18672,,,0.0688933,0.0552654
g3_moe,6,4,2.03431,6024,8.125,2.11436,-6.10724,1.16947,,,0.050925,0.0254551
g3_moe,6,5,2.16062,6216,10.1875,2.46736,-5.66294,0.955381,,,0.0655143,0.0335591
g3_moe,6,6,2.42421,6259,7.75,1.09842,-5.59654,0.874785,,,0.0539062,0.0349959
g3_moe,6,7,2.51384,5994,9.3125,1.90806,-5.6174,0.930059,,,0.0511251,0.0337971
g3_moe,6,8,2.38245,6832,9.125,0.917972,-5.34666,0.765409,,,0.0445704,0.020177
g3_moe,6,9,1.80077,5579,6.03125,0.906651,-5.78835,0.980068,,,0.05488,0.0360911
g3_moe,6,10,2.25833,6421,8.75,0.676697,-5.8241,1.07103,,,0.0750703,0.0649883
g3_moe,6,11,2.96152,5143,9.1875,0.499758,-5.795,0.99068,,,0.0446043,0.028133
g3_moe,6,12,2.33994,6834,8.5625,1.24432,-5.64803,0.972628,,,0.0540774,0.0361391
g3_moe,6,13,2.62608,5433,9.3125,0.953944,-5.73234,0.94356,,,0.0603433,0.0363804
g3_moe,6,14,2.78861,6417,8.75,0.942762,-5.83921,1.09752,,,0.0418807,0.0244353
g3_moe,6,15,2.26917,6169,8.8125,1.26876,-5.93558,1.06894,,,0.0641031,0.0354145
g3_moe,6,16,2.57725,5764,8.0625,0.387307,-5.83903,1.05525,,,0.0553749,0.039681
g3_moe,6,17,2.23242,6641,8.875,0.956873,-5.86252,1.15342,,,0.0613627,0.0453153
g3_moe,6,18,2.08694,6026,7.375,1.66259,-5.92731,1.1233,,,0.0497192,0.0262313
g3_moe,6,19,2.3547,6948,7.59375,0.84058,-5.42659,0.861779,,,0.0605951,0.0557027
g3_moe,6,20,3.03109,6424,11.25,1.79453,-6.1601,1.17381,,,0.0547054,0.0286841
g3_moe,6,21,2.09031,6157,7.59375,1.10414,-5.46125,0.805606,,,0.0498084,0.0282158
g3_moe,6,22,2.7637,5115,9.75,0.78621,-5.57502,0.836294,,,0.0464762,0.0284592
g3_moe,6,23,2.44778,8085,7.5,0.437065,-5.53079,0.972453,,,0.0529536,0.0353853
g3_moe,6,24,2.03976,8239,7.96875,1.39444,-5.81637,1.24931,,,0.0614631,0.0409079
g3_moe,6,25,2.45134,5872,7.65625,0.588172,-5.73052,0.895681,,,0.0472512,0.0231266
g3_moe,6,26,2.65321,5932,8.125,0.989373,-5.72384,0.961367,,,0.0593278,0.0382873
g3_moe,6,27,2.63852,5748,9.3125,0.80236,-6.02888,1.15006,,,0.0613128,0.0433692
g3_moe,6,28,2.18701,5948,8.875,1.00329,-6.14418,1.2396,,,0.051931,0.0291444
g3_moe,6,29,2.64207,6078,9.25,1.29441,-6.05078,1.12437,,,0.0555996,0.0314943
g3_moe,6,30,2.54982,6110,8.25,1.25135,-5.56488,0.86276,,,0.049483,0.031894
g3_moe,6,31,2.01439,6124,8.25,1.56391,-6.27632,1.22364,,,0.0529415,0.0285947
g3_moe,6,32,1.93707,6670,8.1875,1.13843,-5.71735,1.10816,,,0.0743198,0.0598672
g3_moe,6,33,2.42227,6045,7.40625,0.637806,-5.89979,1.04482,,,0.0492985,0.0295623
g3_moe,6,34,2.85153,5593,9.625,0.693583,-5.79122,0.991276,,,0.0521506,0.0265386
g3_moe,6,35,2.71654,5922,9.5,0.794293,-6.09664,1.18475,,,0.0626111,0.0421004
g3_moe,6,36,2.94824,5587,9.5,1.22187,-6.12413,1.12277,,,0.0566148,0.03817
g3_moe,6,37,2.14473,5493,7.59375,1.15168,-5.89135,1.00449,,,0.0449874,0.0243626
g3_moe,6,38,2.38361,5975,7.71875,0.434431,-5.84423,1.01623,,,0.0588419,0.0481171
g3_moe,6,39,2.59719,7057,9,1.27256,-5.40995,0.828089,,,0.0542971,0.0454856
g3_moe,6,40,2.58299,5703,9.9375,0.982323,-5.69095,0.931172,,,0.0516557,0.0370567
g3_moe,6,41,2.96989,5835,8.625,0.667066,-5.98657,1.03994,,,0.055881,0.0302484
g3_moe,6,42,1.9457,5287,7.90625,1.2053,-5.99374,1.12579,,,0.0830899,0.058871
g3_moe,6,43,2.26692,5637,6.8125,0.817091,-5.70625,0.925591,,,0.0550507,0.0342045
g3_moe,6,44,3.26951,5380,9.1875,0.785978,-5.52901,0.782533,,,0.0495236,0.0287691
g3_moe,6,45,2.23556,5681,7.9375,0.990919,-5.72761,0.956563,,,0.0682423,0.0605338
g3_moe,6,46,2.54401,5867,7.96875,0.608846,-5.7448,0.954952,,,0.0620784,0.0497036
g3_moe,6,47,2.90179,5267,8.875,0.713004,-5.63363,0.859389,,,0.0497349,0.0301207
g3_moe,6,48,1.95507,5454,7.15625,0.926855,-5.65547,0.934858,,,0.0655068,0.0481651
g3_moe,6,49,2.24108,6003,8.9375,1.68192,-5.96163,1.06584,,,0.0554168,0.0355762
g3_moe,6,50,2.3548,6576,8.3125,0.954808,-5.65004,0.965566,,,0.0491785,0.0258049
g3_moe,6,51,2.27314,6394,6.78125,0.272833,-6.01782,1.18458,,,0.0512569,0.0372637
g3_moe,6,52,2.85438,5385,8.5,0.461228,-5.86962,1.04027,,,0.0574191,0.0457253
g3_moe,6,53,2.9703,8887,9,0.734325,-5.53977,1.05415,,,0.0531365,0.0365229
g3_moe,6,54,2.39925,5885,7.25,1.04156,-5.77963,0.942466,,,0.0550356,0.0307802
g3_moe,6,55,2.0723,4990,8.75,1.47145,-5.8966,1.01047,,,0.056051,0.0448681
g3_moe,6,56,2.52154,5452,7.84375,0.46698,-5.58089,0.86098,,,0.0532825,0.0374383
g3_moe,6,57,2.22617,7702,8.5,2.18806,-5.53588,0.984093,,,0.0493444,0.0314832
g3_moe,6,58,2.93723,5027,9.375,0.557817,-5.41158,0.734838,,,0.042757,0.0287503
g3_moe,6,59,2.3638,5271,9.1875,0.758287,-5.9321,0.999191,,,0.0511748,0.0296362
g3_moe,6,60,2.00291,5778,7.8125,0.803763,-5.87918,1.12036,,,0.0508121,0.0296551
g3_moe,6,61,2.00443,6461,7.125,0.76552,-6.37424,1.40855,,,0.0604643,0.0410783
g3_moe,6,62,3.03032,5275,9.25,0.840922,-5.56692,0.813482,,,0.0509407,0.0310241
g3_moe,6,63,2.41277,5915,8.0625,1.35981,-5.67242,0.89338,,,0.0555641,0.0348504
g3_moe,6,64,2.18804,6038,7.71875,0.8179,-6.13825,1.28743,,,0.0641375,0.0505529
g3_moe,6,65,2.40282,5495,8.625,1.78709,-5.47,0.777997,,,0.0630065,0.0460379
g3_moe,6,66,2.25008,5335,6.3125,0.816666,-5.53338,0.81254,,,0.0536175,0.031478
g3_moe,6,67,2.37503,5229,9.125,0.573484,-5.75341,0.97674,,,0.0445853,0.0280506
g3_moe,6,68,2.65946,6038,7.3125,0.589323,-5.73501,0.942865,,,0.0476932,0.0278017
g3_moe,6,69,2.05046,5402,8.375,2.01505,-5.78167,0.902799,,,0.0478108,0.0253417
g3_moe,6,70,2.89757,5881,9.8125,1.0134,-6.02209,1.12632,,,0.0564164,0.0376929
g3_moe,6,71,2.79765,5597,8.8125,0.811872,-5.67967,0.902929,,,0.0518435,0.0328615
g3_moe,6,72,2.23346,5957,7.625,1.46175,-5.86229,1.01105,,,0.0523054,0.0309673
g3_moe,6,73,2.391,5767,8.8125,0.979746,-5.80484,0.921071,,,0.0547441,0.0327752
g3_moe,6,74,1.99074,6589,7.75,1.5105,-5.42674,0.779444,,,0.0400089,0.0203123
g3_moe,6,75,2.07816,5919,9.375,2.00987,-5.66321,0.925959,,,0.0644245,0.0506006
g3_moe,6,76,2.01169,6530,9.25,2.11987,-5.87716,1.1008,,,0.0530592,0.0354421
g3_moe,6,77,2.47319,6076,9.3125,0.576519,-5.99557,1.2127,,,0.0550121,0.0375432
g3_moe,6,78,2.15306,5741,8.6875,1.72332,-5.68652,0.933689,,,0.0547865,0.0319523
g3_moe,6,79,2.84003,6794,10.5,0.692842,-6.29112,1.28848,,,0.0657917,0.0380415
g3_moe,6,80,2.38221,5321,7.15625,0.342989,-5.87391,1.02165,,,0.0564538,0.0397528
g3_moe,6,81,2.41954,7355,9.0625,0.651861,-5.81026,1.10581,,,0.0460319,0.0302447
g3_moe,6,82,2.505,5293,9.125,1.02469,-5.77216,0.966911,,,0.0530629,0.0429112
g3_moe,6,83,2.85787,5959,10.375,0.435741,-5.61101,0.892776,,,0.0457194,0.0270432
g3_moe,6,84,2.17649,5284,7.25,1.66094,-5.62717,0.845105,,,0.0446432,0.0260511
g3_moe,6,85,2.29459,6472,7.84375,0.928623,-5.62825,0.927383,,,0.0582575,0.0406648
g3_moe,6,86,2.56121,5723,9.25,1.59151,-5.67006,0.902588,,,0.0586671,0.0378135
g3_moe,6,87,2.31545,5365,11.0625,3.07659,-5.49739,0.779132,,,0.0515776,0.026647
g3_moe,6,88,2.21689,8319,7.53125,0.701513,-5.75157,1.22731,,,0.0774656,0.053842
g3_moe,6,89,2.18631,8288,7.75,0.377652,-5.73488,1.15545,,,0.0642761,0.0502676
g3_moe,6,90,2.18234,6305,8.4375,0.887254,-5.94019,1.16172,,,0.0734799,0.0489912
g3_moe,6,91,2.36674,6616,7.6875,0.436283,-5.73041,1.1035,,,0.0831612,0.0733369
g3_moe,6,92,2.34997,5411,6.625,0.339926,-5.95583,1.12158,,,0.0478527,0.0282707
g3_moe,6,93,2.04958,6747,7.40625,1.17183,-5.57611,0.919085,,,0.0398464,0.022212
g3_moe,6,94,2.3851,5420,9.8125,1.93689,-5.7368,0.910255,,,0.0537204,0.0306407
g3_moe,6,95,2.74116,6679,10.1875,0.775233,-5.63541,0.970289,,,0.0486417,0.0320637
g3_moe,6,96,2.18676,6395,8.25,0.446109,-5.7878,1.07264,,,0.0515582,0.0386276
g3_moe,6,97,2.56136,5879,9.25,0.914728,-5.97038,1.02209,,,0.0538009,0.02739
g3_moe,6,98,2.94112,6373,10.25,1.48543,-5.62607,0.918866,,,0.056779,0.038536
g3_moe,6,99,2.76798,5406,9.75,1.15644,-5.91474,1.01011,,,0.0618421,0.0420848
g3_moe,6,100,2.8796,5742,9.8125,0.967242,-5.84263,1.02908,,,0.0541548,0.0378472
g3_moe,6,101,2.43888,5962,7.4375,0.572734,-5.71591,0.976181,,,0.0469953,0.029965
g3_moe,6,102,2.40851,8218,8.3125,0.64183,-5.91686,1.3311,,,0.0757138,0.0503757
g3_moe,6,103,2.34825,5729,9.375,2.08631,-6.03088,1.0546,,,0.0535173,0.0295264
g3_moe,6,104,2.9892,6572,9.5625,0.769804,-6.45389,1.39676,,,0.0701857,0.0463432
g3_moe,6,105,2.62637,6749,8.5,0.677895,-5.79631,1.06431,,,0.0494709,0.0319766
g3_moe,6,106,1.63632,5948,9.1875,4.04168,-5.61805,0.914452,,,0.0710941,0.0375762
g3_moe,6,107,2.6658,6045,11.4375,0.717978,-5.93513,1.09356,,,0.0483471,0.0313341
g3_moe,6,108,2.64713,6096,7.625,0.996328,-5.82357,1.02782,,,0.0567098,0.0385508
g3_moe,6,109,2.53581,6040,7.4375,1.11561,-5.79576,0.994666,,,0.0532541,0.0311028
g3_moe,6,110,2.43204,6306,8.25,0.608791,-5.75168,0.998825,,,0.0530088,0.0343349
g3_moe,6,111,2.0376,5777,6.875,0.518523,-5.67446,0.91913,,,0.0504023,0.0316994
g3_moe,6,112,2.2842,5679,7.9375,0.824569,-5.98647,1.09803,,,0.0490328,0.032117
g3_moe,6,113,2.27915,5143,8.25,1.22862,-6.09335,1.07716,,,0.053099,0.0277354
g3_moe,6,114,2.68989,5507,9.8125,0.932466,-5.74256,0.930061,,,0.0503964,0.0372522
g3_moe,6,115,2.12777,5194,7.3125,1.05035,-5.76303,0.934607,,,0.055515,0.0423385
g3_moe,6,116,2.5904,5485,9.75,2.18069,-5.47129,0.799405,,,0.0421443,0.0282351
g3_moe,6,117,2.12122,6050,8.0625,1.70432,-5.48396,0.776758,,,0.0402735,0.0194822
g3_moe,6,118,2.27598,8285,7.875,0.432673,-5.61667,1.14342,,,0.0893254,0.0866667
g3_moe,6,119,2.79631,6488,9.0625,0.657733,-5.69184,0.990532,,,0.0486375,0.0287813
g3_moe,6,120,2.5187,6011,9.3125,1.83397,-5.76362,0.993163,,,0.0497872,0.0286181
g3_moe,6,121,2.9886,5709,8.25,0.455602,-5.36371,0.752702,,,0.0567412,0.0406941
g3_moe,6,122,3.14582,6551,9.125,0.597525,-6.2582,1.24679,,,0.0546644,0.0282307
g3_moe,6,123,2.84655,6189,8.5,0.786326,-5.70312,0.900678,,,0.058518,0.0338002
g3_moe,6,124,2.31642,5361,8.5,1.47841,-5.45144,0.802287,,,0.0626391,0.0494904
g3_moe,6,125,2.5743,5231,8.875,0.764073,-5.80302,0.977156,,,0.0554996,0.0421913
g3_moe,6,126,2.22412,6348,7.84375,1.1897,-5.722,1.01427,,,0.0486976,0.0324532
g3_moe,6,127,2.18111,6741,8.3125,1.48735,-5.75915,1.03168,,,0.0539713,0.0327159
g3_moe,6,128,2.02252,6341,7.75,1.3247,-5.45536,0.787896,,,0.0400627,0.0192665
g3_moe,6,129,2.47057,6074,9.8125,0.725591,-6.06306,1.17277,,,0.0580022,0.0412385
g3_moe,6,130,2.08789,6326,6.46875,0.48563,-5.51624,0.848957,,,0.0409515,0.0236683
g3_moe,6,131,2.43099,5353,7.8125,0.859806,-5.69838,0.934992,,,0.0707558,0.062507
g3_moe,6,132,2.26283,5861,7.90625,0.836011,-5.77353,0.964462,,,0.0530854,0.0446707
g3_moe,6,133,3.21956,7489,10.6875,0.436297,-5.49009,0.882938,,,0.049027,0.0266896
g3_moe,6,134,2.52523,6513,9.0625,1.56897,-5.69027,0.980893,,,0.0518876,0.033256
g3_moe,6,135,2.61528,6685,8.875,2.67835,-5.77635,1.01032,,,0.0536369,0.037041
g3_moe,6,136,2.77719,6669,10.5,0.479621,-5.63189,0.925795,,,0.0502413,0.0284989
g3_moe,6,137,2.57111,5813,8.5625,1.64171,-5.79759,0.969084,,,0.0632245,0.0460497
g3_moe,6,138,2.78928,5485,9.875,1.54654,-5.51602,0.821324,,,0.0541737,0.0331722
g3_moe,6,139,3.01168,6689,9.9375,0.545701,-5.77752,1.04615,,,0.053283,0.0352713
g3_moe,6,140,2.35738,8580,8.75,1.27218,-5.55665,1.04137,,,0.0607587,0.0426758
g3_moe,6,141,2.54713,7004,7.1875,0.868145,-5.68959,1.06345,,,0.0510572,0.0364617
g3_moe,6,142,2.20416,6424,7.90625,0.513153,-6.31578,1.34663,,,0.0673119,0.0496127
g3_moe,6,143,2.02543,6738,7,1.09345,-5.76629,1.04982,,,0.0508994,0.0315952
g3_moe,6,144,2.53897,6314,8.375,1.30857,-5.54358,0.835486,,,0.0391621,0.0193167
g3_moe,6,145,2.49163,5809,9.6875,1.51647,-5.70259,0.913136,,,0.0581472,0.0346325
g3_moe,6,146,2.75178,6039,9.125,0.466043,-5.7862,1.01336,,,0.0507053,0.0284523
g3_moe,6,147,2.28293,5680,8.9375,1.7479,-5.63707,0.903766,,,0.0617144,0.0478362
g3_moe,6,148,2.58375,5975,8.6875,1.50825,-5.68738,0.888009,,,0.0530473,0.0299277
g3_moe,6,149,2.53626,5503,7.875,0.205202,-5.94828,1.04831,,,0.0658477,0.0556281
g3_moe,6,150,2.57483,5368,8.4375,0.802916,-5.74994,0.908123,,,0.0458259,0.0234378
g3_moe,6,151,2.34649,6426,6.9375,0.628361,-5.52967,0.898812,,,0.0570694,0.0398342
g3_moe,6,152,2.44767,5708,8.8125,1.56466,-5.60023,0.829625,,,0.0394483,0.0184726
g3_moe,6,153,2.84456,5633,8.25,1.07818,-6.02406,1.08106,,,0.052737,0.0275871
g3_moe,6,154,1.55473,6166,6.75,1.44104,-5.41432,0.980072,,,0.115231,0.0920245
g3_moe,6,155,2.00575,5051,8.25,0.712883,-5.70932,0.848292,,,0.0486436,0.0277551
g3_moe,6,156,2.52003,6569,8.375,1.24284,-5.29201,0.724443,,,0.0399798,0.0216451
g3_moe,6,157,2.36543,7222,8.125,1.16874,-5.87349,1.13838,,,0.0568249,0.0309783
g3_moe,6,158,1.91363,7802,6.53125,1.57094,-5.40465,0.788152,,,0.0349682,0.0141449
g3_moe,6,159,2.08152,5861,7.9375,1.04902,-5.69214,0.97941,,,0.0637917,0.0411063
g3_moe,6,160,2.37271,5907,9.125,1.8421,-5.74877,0.966458,,,0.0622657,0.0394063
g3_moe,6,161,2.53742,5000,10.375,1.17368,-5.93207,0.976855,,,0.0471716,0.0299317
g3_moe,6,162,2.89223,6767,8.75,0.760901,-6.04801,1.18358,,,0.0582898,0.0334816
g3_moe,6,163,2.13615,6314,7.4375,0.816426,-5.94471,1.1155,,,0.0567666,0.0344677
g3_moe,6,164,2.49587,8080,9,1.03886,-5.91945,1.23357,,,0.0481263,0.0373011
g3_moe,6,165,2.70401,5074,10.25,0.988214,-5.80479,0.94264,,,0.0477734,0.0256242
g3_moe,6,166,2.17365,5935,9.625,1.35928,-5.99471,1.08774,,,0.0694914,0.0465796
g3_moe,6,167,1.58272,5985,7.8125,2.54112,-5.80264,1.07222,,,0.0889034,0.0661641
g3_moe,6,168,2.2526,5875,9.1875,2.35835,-5.52195,0.801156,,,0.0490554,0.0282589
g3_moe,6,169,2.33731,6854,8.125,0.57932,-6.04695,1.25708,,,0.0630618,0.0515365
g3_moe,6,170,1.91389,5896,8,1.37532,-5.7361,0.95247,,,0.0510363,0.0354778
g3_moe,6,171,2.67825,5874,9.375,0.581792,-5.83676,0.986361,,,0.052285,0.0335334
g3_moe,6,172,2.74083,6696,8.5,1.02702,-5.81579,1.1,,,0.0536281,0.0381774
g3_moe,6,173,3.04207,4041,8.1875,1.01451,-5.62297,0.807497,,,0.0459289,0.0263516
g3_moe,6,174,2.42482,5743,8.75,1.89211,-6.07212,1.11117,,,0.0587361,0.0383497
g3_moe,6,175,2.0199,5930,8.1875,1.37105,-5.96895,1.10632,,,0.0609372,0.0453571
g3_moe,6,176,2.26125,5786,8.5,1.39921,-5.79151,0.976498,,,0.0556958,0.0390974
g3_moe,6,177,2.76551,6278,8.6875,0.923165,-5.70712,0.961862,,,0.057779,0.0404076
g3_moe,6,178,2.2295,5347,8.25,0.685332,-5.68046,0.903828,,,0.0517037,0.036161
g3_moe,6,179,2.74708,6587,10.25,1.07738,-5.9127,1.11717,,,0.0542778,0.0312159
g3_moe,6,180,2.30643,9178,8.625,1.49403,-5.49659,0.973445,,,0.0465319,0.0201156
g3_moe,6,181,2.54269,7935,8.125,0.547547,-6.00566,1.35082,,,0.0520089,0.0321753
g3_moe,6,182,2.80556,8055,9.875,0.999348,-5.42368,0.933687,,,0.0541803,0.0411927
g3_moe,6,183,2.32026,6286,9.375,1.00286,-5.91593,1.15634,,,0.0591137,0.0334794
g3_moe,6,184,2.75344,5714,7.84375,0.843221,-5.78401,0.951344,,,0.0621917,0.0449077
g3_moe,6,185,2.27027,6013,10.1875,1.541,-6.04544,1.10573,,,0.0560239,0.032198
g3_moe,6,186,2.24389,5814,7.09375,0.677266,-5.93554,1.06841,,,0.0499595,0.0299494
g3_moe,6,187,2.48336,5658,8.0625,1.01002,-5.5149,0.79363,,,0.0460507,0.0303428
g3_moe,6,188,2.68864,6157,8.375,0.556038,-6.08,1.13512,,,0.0623149,0.0389015
g3_moe,6,189,2.78294,6080,8.125,0.755515,-5.82211,1.0666,,,0.057345,0.0391325
g3_moe,6,190,2.79095,7950,8.5,0.513408,-5.84171,1.16047,,,0.0515007,0.028706
g3_moe,6,191,2.47359,6104,8.4375,0.995695,-5.61567,0.880925,,,0.0565444,0.0349652
g3_moe,7,0,2.6513,5874,7.90625,0.643565,-5.49823,0.804978,,,0.0603214,0.0467692
g3_moe,7,1,3.10987,6779,9.1875,0.436061,-5.41954,0.785517,,,0.0446669,0.0226299
g3_moe,7,2,2.52954,6816,9.5625,2.56761,-5.5286,0.874705,,,0.0524219,0.0279984
g3_moe,7,3,2.25604,6810,9.0625,0.975185,-5.9629,1.16016,,,0.0614187,0.0413457
g3_moe,7,4,2.92642,5642,8.375,0.997046,-5.91747,1.02985,,,0.0534613,0.0332613
g3_moe,7,5,3.49002,6974,9.125,0.97689,-5.55057,0.934243,,,0.0586508,0.0473303
g3_moe,7,6,3.13691,7348,10.3125,0.666961,-5.67375,1.06184,,,0.0565116,0.0394172
g3_moe,7,7,2.38634,7071,9.1875,2.50833,-5.30826,0.722095,,,0.0368316,0.0140054
g3_moe,7,8,2.86012,5532,8.5625,1.36152,-5.41732,0.748676,,,0.0420314,0.0169016
g3_moe,7,9,2.7371,5672,10.6875,1.5643,-5.85754,1.01585,,,0.0668293,0.0429015
g3_moe,7,10,3.01121,5179,9.25,2.04409,-5.75144,0.900027,,,0.0515642,0.0315999
g3_moe,7,11,2.90965,6171,8.6875,0.580025,-5.91702,1.21241,,,0.0535336,0.0407748
g3_moe,7,12,3.06285,5598,8.6875,0.84306,-5.72757,0.929583,,,0.0491093,0.0271325
g3_moe,7,13,3.26886,4873,10.125,0.682218,-5.83055,0.939512,,,0.0513501,0.0262231
g3_moe,7,14,2.85085,7437,7.15625,0.584142,-5.2361,0.695082,,,0.0497111,0.0363739
g3_moe,7,15,3.57769,6042,9.875,1.09948,-5.73633,0.900605,,,0.050991,0.0243448
g3_moe,7,16,2.20167,6344,7.78125,2.57341,-5.69611,0.917323,,,0.0545159,0.0251179
g3_moe,7,17,3.12814,5363,10.125,1.05145,-5.96168,1.02327,,,0.0582863,0.0366397
g3_moe,7,18,3.21856,5829,9.5625,0.871323,-5.57471,0.84003,,,0.0497986,0.031509
g3_moe,7,19,2.96498,6039,9.6875,1.1684,-5.74757,0.911624,,,0.0520963,0.0250596
g3_moe,7,20,2.85956,5574,9.9375,0.968979,-6.00055,1.00279,,,0.0541367,0.0252679
g3_moe,7,21,2.50371,5257,8.5625,0.269564,-5.54757,0.763439,,,0.0458512,0.0205988
g3_moe,7,22,2.42562,7436,8.5625,1.79639,-5.79388,1.065,,,0.0519678,0.0408523
g3_moe,7,23,2.75627,7457,8.25,1.94944,-5.48249,0.794905,,,0.0355229,0.0105613
g3_moe,7,24,2.80088,5423,7.4375,0.735483,-5.75561,0.913432,,,0.0455233,0.0238048
g3_moe,7,25,3.11253,5288,8.625,1.08258,-5.8931,0.932952,,,0.0471972,0.0222144
g3_moe,7,26,2.3964,4924,8.875,1.43905,-5.97937,1.05236,,,0.0475373,0.0263954
g3_moe,7,27,2.9077,5972,11.1875,2.14861,-5.68208,0.91832,,,0.0530009,0.0249834
g3_moe,7,28,2.44351,6231,9.9375,1.91019,-5.68029,0.926847,,,0.0491019,0.024809
g3_moe,7,29,3.01587,6263,8.375,0.48489,-5.47039,0.90692,,,0.0691912,0.0760084
g3_moe,7,30,2.39284,7123,6.9375,0.905263,-5.42113,0.820435,,,0.0531325,0.0346253
g3_moe,7,31,3.02034,6857,10.875,0.911203,-5.5374,0.930676,,,0.0608414,0.0452361
g3_moe,7,32,2.94513,6581,9.75,1.27669,-5.82204,1.03662,,,0.0589375,0.0375184
g3_moe,7,33,2.47089,6677,9.125,1.0676,-5.63534,1.0042,,,0.0610202,0.0428777
g3_moe,7,34,3.36761,6200,9,0.628785,-5.87736,1.01859,,,0.0536286,0.032676
g3_moe,7,35,2.82487,6555,7.78125,1.07877,-5.22858,0.657366,,,0.0384622,0.0177933
g3_moe,7,36,2.38973,5984,7.8125,1.23561,-5.82991,0.984403,,,0.0649271,0.043125
g3_moe,7,37,2.36676,6035,8.875,1.9048,-5.62779,0.909883,,,0.0615325,0.0349617
g3_moe,7,38,2.56647,7760,8.375,1.25392,-5.64051,1.03692,,,0.0562724,0.0381859
g3_moe,7,39,3.02855,6956,10.125,0.56883,-5.69674,0.974281,,,0.0557712,0.0326776
g3_moe,7,40,2.93518,5738,8.9375,0.52316,-5.67406,0.971453,,,0.067871,0.060722
g3_moe,7,41,2.88629,5416,12.4375,1.15685,-5.66277,0.838617,,,0.0527126,0.0271764
g3_moe,7,42,3.22696,5739,8.875,0.689945,-5.59136,0.868531,,,0.0498448,0.0321941
g3_moe,7,43,3.53192,5979,8.8125,0.516302,-5.89789,0.983806,,,0.0559601,0.0337767
g3_moe,7,44,3.0224,5983,7.25,0.432875,-5.65216,0.964685,,,0.0529814,0.0403879
g3_moe,7,45,2.88501,6459,8.875,0.668892,-5.74787,1.03469,,,0.0524096,0.0407724
g3_moe,7,46,3.12138,5991,9.5,1.01399,-5.82551,1.00187,,,0.0614453,0.0431679
g3_moe,7,47,3.4988,5455,9.125,1.36261,-5.45263,0.766594,,,0.0520285,0.0256621
g3_moe,7,48,3.18386,5155,10.1875,1.35881,-5.99309,0.977919,,,0.0491043,0.0286543
g3_moe,7,49,3.22698,5631,8.4375,0.676296,-5.62755,0.881539,,,0.0540886,0.0342068
g3_moe,7,50,2.5654,6959,10.75,1.80008,-5.43274,0.837617,,,0.0565916,0.0320077
g3_moe,7,51,2.81517,6261,7.9375,0.734173,-5.71208,0.99312,,,0.0482742,0.0235634
g3_moe,7,52,3.22978,5580,8.8125,1.16101,-5.6624,0.895383,,,0.0489582,0.0283186
g3_moe,7,53,1.86591,5945,7.09375,1.80702,-5.64782,1.00142,,,0.0739427,0.0466981
g3_moe,7,54,3.33829,5591,9.25,0.637961,-5.69845,0.900334,,,0.0560472,0.0349167
g3_moe,7,55,3.09912,5117,10.125,1.10153,-5.60092,0.868788,,,0.0458363,0.0231945
g3_moe,7,56,3.1921,5638,9.1875,1.18045,-5.64508,0.897337,,,0.0496041,0.0327876
g3_moe,7,57,2.78823,5498,8.75,0.428566,-5.80295,1.01689,,,0.0890266,0.0738816
g3_moe,7,58,3.02948,5894,7.84375,1.41535,-5.90087,1.01283,,,0.0583015,0.0319358
g3_moe,7,59,2.92455,5519,10.625,0.618,-5.35079,0.808969,,,0.0771597,0.0662814
g3_moe,7,60,2.55444,6277,9.1875,1.65127,-5.78591,0.920069,,,0.0526172,0.0230872
g3_moe,7,61,2.92517,5167,8.4375,1.28237,-5.65469,0.909608,,,0.0726929,0.0463299
g3_moe,7,62,3.05439,5699,9.6875,1.68327,-5.70475,0.891346,,,0.0494142,0.0222536
g3_moe,7,63,2.89476,5758,8.875,1.01417,-5.70305,0.890418,,,0.0619721,0.0384843
g3_moe,7,64,3.5692,5705,10,2.1432,-6.07633,1.04091,,,0.0545077,0.0221987
g3_moe,7,65,2.58383,5178,8.4375,0.915146,-5.77989,0.952388,,,0.0514645,0.0256
g3_moe,7,66,2.89012,5576,8.375,1.11553,-5.59908,0.845016,,,0.0538179,0.0347711
g3_moe,7,67,2.45678,5766,8.25,1.12129,-6.03018,1.07817,,,0.0589234,0.0330742
g3_moe,7,68,3.12698,5151,9.25,0.825257,-5.71177,0.91525,,,0.0677979,0.0456321
g3_moe,7,69,2.5435,8783,6.8125,1.8783,-5.58524,1.0106,,,0.0531163,0.0262418
g3_moe,7,70,3.23737,6255,10.5,1.80835,-6.0158,1.0519,,,0.0582766,0.0275669
g3_moe,7,71,2.97425,6484,10.4375,0.892325,-5.57385,0.937055,,,0.0469208,0.0287126
g3_moe,7,72,2.82404,5507,11.5,1.48938,-5.83036,1.00118,,,0.0689535,0.0513028
g3_moe,7,73,2.88297,8766,7.96875,0.758474,-5.88091,1.21316,,,0.0678491,0.0427665
g3_moe,7,74,3.00405,6554,9.0625,1.11346,-5.47402,0.81145,,,0.0504323,0.0322282
g3_moe,7,75,3.1938,6442,10.25,0.655642,-6.05812,1.14066,,,0.0780469,0.0457424
g3_moe,7,76,2.34913,5825,8.1875,1.94317,-5.44475,0.933062,,,0.0843752,0.0581137
g3_moe,7,77,2.48333,6233,8.5,1.12404,-5.78694,0.971758,,,0.0598354,0.0437837
g3_moe,7,78,2.98777,5896,7.96875,0.735221,-5.95863,1.08648,,,0.056004,0.0311392
g3_moe,7,79,2.88936,6027,9.5625,1.59354,-5.99403,1.07411,,,0.0589105,0.0363643
g3_moe,7,80,3.0599,5118,9.8125,1.4015,-5.44834,0.737337,,,0.0631291,0.0441215
g3_moe,7,81,2.01906,6660,9,2.32268,-5.52507,0.977568,,,0.0673861,0.0435136
g3_moe,7,82,3.02086,5649,7.03125,0.673677,-5.56859,0.851769,,,0.0600245,0.0432457
g3_moe,7,83,2.70369,6431,9.3125,0.957932,-5.89743,1.07021,,,0.0528931,0.0292435
g3_moe,7,84,2.21783,6271,8.3125,1.39749,-6.02161,1.20395,,,0.0596312,0.0357293
g3_moe,7,85,2.63879,8228,7.34375,0.669525,-5.45866,0.907399,,,0.0505112,0.0322715
g3_moe,7,86,2.39964,6197,7.78125,0.662832,-5.80139,1.00733,,,0.0551588,0.0324432
g3_moe,7,87,2.96983,6275,8.125,0.852951,-5.58363,0.867557,,,0.060413,0.039642
g3_moe,7,88,3.16089,5675,10.25,0.788877,-5.68586,0.94092,,,0.0526507,0.0347823
g3_moe,7,89,2.87831,6335,9.0625,0.463443,-5.87697,1.04982,,,0.0546151,0.030301
g3_moe,7,90,2.63956,8721,8.3125,1.83514,-5.80448,1.18109,,,0.0592874,0.0415469
g3_moe,7,91,3.75296,5942,11.3125,1.15909,-6.20736,1.16275,,,0.0597085,0.0299953
g3_moe,7,92,3.39391,5264,8.375,0.163765,-5.93235,1.03984,,,0.0550478,0.0330452
g3_moe,7,93,3.4325,3917,9.125,0.950882,-5.83778,0.87405,,,0.0455546,0.0223842
g3_moe,7,94,3.46171,6259,8.875,0.857166,-5.12475,0.615264,,,0.0500243,0.033582
g3_moe,7,95,2.75801,5815,8.6875,1.01981,-5.34681,0.681686,,,0.046878,0.0276021
g3_moe,7,96,3.12862,6630,10.1875,1.4386,-5.94146,1.10834,,,0.06012,0.0354626
g3_moe,7,97,2.89104,6376,9,1.30011,-5.59715,0.881184,,,0.0595197,0.0377898
g3_moe,7,98,2.50793,6748,7.8125,0.481694,-5.66322,0.959583,,,0.0571642,0.043191
g3_moe,7,99,2.91155,5525,9.0625,1.1365,-5.54028,0.827315,,,0.0561798,0.0404052
g3_moe,7,100,2.50277,6602,9.125,2.29914,-5.72236,0.978326,,,0.0461245,0.0198069
g3_moe,7,101,3.08234,5476,8,0.453999,-5.81903,0.947931,,,0.0517223,0.0296851
g3_moe,7,102,3.06411,6071,10.5,1.38946,-6.11312,1.18001,,,0.0599582,0.0370439
g3_moe,7,103,2.90978,5988,8.625,0.467745,-5.72055,1.02192,,,0.0556034,0.0428661
g3_moe,7,104,2.60129,7015,8.8125,1.22236,-5.99874,1.23611,,,0.0571639,0.0348563
g3_moe,7,105,2.97656,5924,8.8125,2.08591,-5.49958,0.804634,,,0.0508202,0.0252868
g3_moe,7,106,2.4621,6550,8.75,1.41476,-5.73109,0.967247,,,0.060014,0.0370542
g3_moe,7,107,3.67537,6424,9.125,0.491212,-5.83752,1.09178,,,0.0539347,0.0330722
g3_moe,7,108,2.54758,9453,7.5625,1.30445,-5.56325,1.19619,,,0.0937362,0.0821363
g3_moe,7,109,2.80949,5525,7.5625,0.904529,-5.6894,0.877262,,,0.0596843,0.0414103
g3_moe,7,110,2.95471,6682,8.5,1.01484,-5.80905,1.02832,,,0.0616038,0.039168
g3_moe,7,111,2.61621,6091,9.75,1.89912,-5.51595,0.828229,,,0.0537771,0.0381302
g3_moe,7,112,3.4938,6780,8.9375,1.03998,-5.7684,1.00882,,,0.0495644,0.028184
g3_moe,7,113,2.73083,6086,9.25,1.41236,-5.89038,0.999839,,,0.060011,0.0373011
g3_moe,7,114,2.77106,6393,9.25,1.17547,-5.48909,0.813511,,,0.0530623,0.032603
g3_moe,7,115,2.33407,5756,9.875,2.53433,-5.51421,0.704081,,,0.0409329,0.0139709
g3_moe,7,116,3.29197,5762,8.6875,0.549986,-5.25575,0.66751,,,0.0488807,0.0301793
g3_moe,7,117,2.82983,5931,10.375,1.70458,-5.87442,0.979449,,,0.0650135,0.0406328
g3_moe,7,118,3.09839,7449,8.375,1.06582,-5.47251,0.905541,,,0.0555573,0.0384016
g3_moe,7,119,3.01721,7872,8.25,1.10501,-5.60554,1.06626,,,0.0618787,0.0496745
g3_moe,7,120,2.07455,5844,7.375,0.542518,-5.46438,0.836398,,,0.0488331,0.0273424
g3_moe,7,121,2.88538,5692,9,1.44718,-5.72905,0.903408,,,0.0510194,0.0275099
g3_moe,7,122,4.33352,4966,10.4375,1.3633,-5.56257,0.733257,,,0.0505141,0.0300879
g3_moe,7,123,2.68549,6557,7.21875,0.939963,-5.64551,0.888819,,,0.0482349,0.0256449
g3_moe,7,124,3.64484,5830,9.25,1.1133,-5.91652,1.02546,,,0.0506892,0.0290304
g3_moe,7,125,2.42104,6002,7.15625,0.870585,-5.58654,0.818935,,,0.0585439,0.0354974
g3_moe,7,126,2.98156,4678,9.25,0.616137,-5.65105,0.86268,,,0.0650071,0.0520827
g3_moe,7,127,3.12926,5197,12.625,1.52323,-5.74038,0.885425,,,0.0563389,0.0317438
g3_moe,7,128,2.57919,6122,7.78125,0.92361,-5.85884,1.09219,,,0.0478069,0.0259219
g3_moe,7,129,2.57156,6375,7.625,1.06814,-5.95159,1.10777,,,0.0635608,0.0379944
g3_moe,7,130,2.05227,6096,7.71875,1.84984,-6.15209,1.26528,,,0.0501155,0.0261578
g3_moe,7,131,3.04106,5572,10.1875,1.01627,-5.64901,0.862811,,,0.0668896,0.0412033
g3_moe,7,132,3.79725,6831,10.0625,0.74204,-5.64178,0.932939,,,0.0511808,0.0257074
g3_moe,7,133,2.70875,7154,7.71875,1.05599,-5.68051,0.973193,,,0.0484868,0.0285554
g3_moe,7,134,2.38905,5879,12.0625,1.76617,-5.59659,0.927208,,,0.0683533,0.0456968
g3_moe,7,135,2.55861,7313,9.625,2.96776,-5.80327,1.09232,,,0.0546982,0.029284
g3_moe,7,136,3.129,5631,8.875,1.47155,-5.4299,0.766954,,,0.0421035,0.0171264
g3_moe,7,137,3.30265,6318,9.5625,0.538576,-6.01925,1.12375,,,0.0644868,0.0423907
g3_moe,7,138,2.88006,5782,10.8125,1.02456,-5.92968,1.01345,,,0.0598675,0.0329402
g3_moe,7,139,2.37827,5774,8.5,2.12434,-5.67448,0.847153,,,0.048744,0.0260115
g3_moe,7,140,2.68222,7204,9.9375,0.786225,-5.52463,0.952296,,,0.0610386,0.0587598
g3_moe,7,141,2.9484,5934,7.90625,1.06364,-5.61662,0.8725,,,0.0442654,0.0204255
g3_moe,7,142,2.63811,6130,9.25,0.933285,-5.62303,0.930441,,,0.0715354,0.0552836
g3_moe,7,143,2.80675,6651,9.375,0.572874,-6.05538,1.14714,,,0.0560354,0.0386502
g3_moe,7,144,3.16705,5714,8.5625,1.25029,-5.90249,1.03165,,,0.0494918,0.0291455
g3_moe,7,145,2.5684,7766,7.34375,1.66104,-5.38549,0.867416,,,0.0547304,0.0325797
g3_moe,7,146,2.54561,6095,6.96875,0.258331,-6.12307,1.21437,,,0.0545744,0.0345434
g3_moe,7,147,1.90777,5375,8.375,0.46821,-5.37368,0.713008,,,0.0409791,0.0210259
g3_moe,7,148,3.13042,5071,8.8125,0.510436,-5.23313,0.60203,,,0.0425674,0.0223115
g3_moe,7,149,2.93379,8039,7.46875,0.636302,-5.69517,1.08278,,,0.0587036,0.0358504
g3_moe,7,150,3.23871,5513,10.3125,0.928546,-5.70205,0.874868,,,0.0509895,0.0288964
g3_moe,7,151,2.9655,5798,8.4375,0.248006,-6.09426,1.13723,,,0.0604366,0.0411762
g3_moe,7,152,2.4298,5942,10,2.8886,-5.45748,0.797343,,,0.0419035,0.0189478
g3_moe,7,153,3.67497,5714,9.9375,0.495234,-5.65532,0.915146,,,0.062657,0.0455932
g3_moe,7,154,2.50984,6302,8.875,1.44716,-5.74168,0.9762,,,0.0446986,0.0212595
g3_moe,7,155,3.11899,6528,7.1875,0.579977,-5.56371,0.891234,,,0.0535422,0.0328144
g3_moe,7,156,3.6798,7035,10.25,0.977893,-6.22647,1.28101,,,0.0629569,0.0355402
g3_moe,7,157,2.13872,5909,8.6875,2.27878,-5.78074,0.973026,,,0.0427673,0.0176358
g3_moe,7,158,2.60846,5222,8.1875,0.421692,-5.67113,0.927364,,,0.0476828,0.0295368
g3_moe,7,159,2.28385,6126,8.25,2.83291,-5.41385,0.881043,,,0.0707205,0.0466108
g3_moe,7,160,2.79347,5713,8.5625,1.46132,-5.83263,0.956249,,,0.0501999,0.0250077
g3_moe,7,161,2.67736,6210,9.375,0.941778,-5.46806,0.846166,,,0.0519386,0.0338662
g3_moe,7,162,2.40586,5860,9.3125,1.21083,-5.71945,0.922137,,,0.0522506,0.0275862
g3_moe,7,163,2.93748,5618,10.25,1.51298,-5.41556,0.795084,,,0.0573346,0.0373475
g3_moe,7,164,3.09208,6046,11,1.33636,-5.58552,0.837439,,,0.0563393,0.0323167
g3_moe,7,165,2.18249,7048,5.5625,1.02587,-5.31558,0.725839,,,0.0397664,0.011612
g3_moe,7,166,3.10969,7181,8.625,0.642298,-5.7583,1.00862,,,0.0577906,0.035244
g3_moe,7,167,3.14718,4640,11.0625,0.630439,-5.53817,0.756575,,,0.0407662,0.0155572
g3_moe,7,168,3.6975,5948,10.5,0.882586,-5.74852,0.93234,,,0.0546146,0.0318238
g3_moe,7,169,2.29361,5513,7.5625,1.3521,-5.74781,0.862346,,,0.0556289,0.0263379
g3_moe,7,170,2.54728,6714,8.6875,0.980109,-5.94116,1.18995,,,0.0638105,0.0457919
g3_moe,7,171,2.9112,6639,9.5,1.4284,-5.72807,0.972847,,,0.0558194,0.0356474
g3_moe,7,172,2.70038,6143,7.5,0.572527,-5.87965,1.06629,,,0.0519403,0.0305196
g3_moe,7,173,2.97227,5478,9.1875,0.903948,-5.55846,0.878651,,,0.0545204,0.0419681
g3_moe,7,174,2.46072,6408,8.5,0.79735,-6.13253,1.26949,,,0.0611988,0.0412763
g3_moe,7,175,2.96122,4945,8.25,1.13536,-5.48554,0.723008,,,0.0532026,0.0258296
g3_moe,7,176,2.64766,5794,9.5625,1.04208,-5.80144,1.01281,,,0.0583182,0.0362144
g3_moe,7,177,2.66774,5865,7.15625,0.812422,-5.63111,0.887001,,,0.0563677,0.0478078
g3_moe,7,178,2.94424,5713,10.375,1.81628,-5.70967,0.859444,,,0.0500583,0.0273722
g3_moe,7,179,3.17801,7486,8.6875,0.354595,-5.52512,0.977339,,,0.0615163,0.0451984
g3_moe,7,180,3.41008,7262,8.75,0.629569,-5.39443,0.783406,,,0.0464034,0.0197444
g3_moe,7,181,2.42134,5797,8.8125,0.728157,-5.91775,1.00649,,,0.060309,0.0407291
g3_moe,7,182,3.08822,5451,9.5625,1.28867,-5.95165,1.02604,,,0.0596059,0.0372195
g3_moe,7,183,2.45509,5728,8.25,1.37847,-5.53922,0.875242,,,0.0623149,0.0404439
g3_moe,7,184,2.34883,6417,9.375,1.17044,-5.56344,0.85884,,,0.0447238,0.0187849
g3_moe,7,185,3.10475,6657,10.0625,0.882404,-5.95148,1.10847,,,0.05813,0.0354526
g3_moe,7,186,2.82103,6412,9.6875,1.1349,-5.59802,0.922042,,,0.0492958,0.0295612
g3_moe,7,187,3.4877,5611,10.1875,0.959842,-5.89628,1.00576,,,0.0553301,0.0325308
g3_moe,7,188,2.33729,7162,7.15625,1.07517,-5.45973,0.854256,,,0.0507547,0.0322585
g3_moe,7,189,2.89014,5233,8.5625,0.836144,-5.59022,0.863946,,,0.0607396,0.0411084
g3_moe,7,190,2.75101,5360,7.8125,1.08199,-5.99821,1.03263,,,0.0560369,0.0374885
g3_moe,7,191,2.69324,5506,7.46875,0.928059,-5.52065,0.765651,,,0.0426243,0.0181484
g3_moe,8,0,3.89871,5352,11.8125,1.47505,-5.46571,0.63094,,,0.0531157,0.0219801
g3_moe,8,1,3.65392,6489,9.4375,0.892086,-5.44687,0.819049,,,0.0637546,0.0474983
g3_moe,8,2,3.76542,5140,10.25,1.35573,-5.48978,0.65154,,,0.0583994,0.0298122
g3_moe,8,3,4.00451,5973,11.4375,1.78451,-5.65965,0.852691,,,0.0610809,0.0303983
g3_moe,8,4,3.51876,7031,9.125,1.60971,-5.356,0.760946,,,0.047667,0.0200124
g3_moe,8,5,3.28474,6605,9.8125,1.3315,-5.64283,0.979596,,,0.0564819,0.0372244
g3_moe,8,6,4.02903,6676,10.4375,1.75391,-5.38316,0.766915,,,0.0550071,0.033723
g3_moe,8,7,2.34766,6208,9.375,2.52599,-5.53842,0.882955,,,0.0589144,0.0281787
g3_moe,8,8,2.89429,6719,10.6875,2.34113,-5.3917,0.830456,,,0.0550338,0.0248749
g3_moe,8,9,3.07385,6429,10.5625,1.80387,-5.50917,0.959545,,,0.0741065,0.0509956
g3_moe,8,10,5.82473,6866,12.0625,1.8434,-5.4409,0.746948,,,0.0576878,0.0310782
g3_moe,8,11,3.2129,6072,8.75,0.548263,-5.43829,0.789245,,,0.0609586,0.0477922
g3_moe,8,12,2.86471,6159,12.75,6.13524,-5.17351,0.623298,,,0.0646809,0.0336677
g3_moe,8,13,2.67026,8019,8.875,1.75324,-5.10774,0.60945,,,0.038154,0.0101202
g3_moe,8,14,3.25125,5368,8.0625,0.414352,-5.23301,0.596758,,,0.0539251,0.0211287
g3_moe,8,15,3.30805,6879,9.5,1.80922,-5.38879,0.746445,,,0.0556051,0.0297434
g3_moe,8,16,3.46607,5579,9.3125,1.73295,-5.32791,0.595304,,,0.0505464,0.0190144
g3_moe,8,17,3.33839,6816,10.6875,3.21005,-5.13141,0.633717,,,0.0577333,0.0398607
g3_moe,8,18,2.58591,6475,9.4375,2.53706,-5.18321,0.611888,,,0.0444115,0.0161401
g3_moe,8,19,3.25141,6107,9.625,1.01647,-5.12897,0.521222,,,0.0497874,0.0202878
g3_moe,8,20,3.47629,6243,11.0625,1.17814,-5.44401,0.711594,,,0.060846,0.0351332
g3_moe,8,21,3.81353,7161,8.9375,0.829793,-5.31864,0.654039,,,0.0560249,0.0297263
g3_moe,8,22,3.98552,5546,8.625,0.816717,-5.33401,0.661713,,,0.0543469,0.0208867
g3_moe,8,23,3.00483,5892,9.5625,2.32604,-5.45701,0.878698,,,0.0599331,0.0276718
g3_moe,8,24,3.17893,5531,9.0625,1.38424,-5.2746,0.649444,,,0.0684339,0.050305
g3_moe,8,25,3.78527,4936,9.375,0.606311,-5.20434,0.566902,,,0.0541963,0.033951
g3_moe,8,26,4.44296,5841,8.75,0.547856,-5.42285,0.713022,,,0.0554594,0.0232388
g3_moe,8,27,3.26409,6286,8.75,0.972803,-5.61108,0.79251,,,0.0568761,0.0259955
g3_moe,8,28,3.51249,5731,8.75,1.38467,-5.46557,0.644626,,,0.0564541,0.0229068
g3_moe,8,29,3.47355,5787,8.1875,0.653863,-5.03117,0.467912,,,0.0456221,0.0205162
g3_moe,8,30,2.87772,6046,9.8125,2.83417,-5.46422,0.827233,,,0.0545243,0.0246602
g3_moe,8,31,3.72496,5658,9.375,1.06663,-5.51383,0.695468,,,0.0615727,0.0298139
g3_moe,8,32,3.39635,5174,7.28125,0.835819,-5.32611,0.661639,,,0.0460322,0.018642
g3_moe,8,33,3.88397,5344,7.75,0.489148,-5.40714,0.665249,,,0.0501806,0.0181077
g3_moe,8,34,2.85269,6123,9.25,1.69441,-5.37429,0.724893,,,0.0604094,0.0322908
g3_moe,8,35,3.50129,5785,8.625,0.943546,-5.22595,0.684052,,,0.0571096,0.0442457
g3_moe,8,36,3.9722,5139,10.375,1.50202,-5.37376,0.65844,,,0.0509729,0.0205587
g3_moe,8,37,3.36686,6109,9.3125,1.54039,-5.31908,0.752399,,,0.0783386,0.0429235
g3_moe,8,38,3.53918,5792,9.75,2.6212,-5.41385,0.727701,,,0.0576166,0.0351841
g3_moe,8,39,2.75642,5966,7.1875,1.38298,-5.32294,0.653627,,,0.0454387,0.0135615
g3_moe,8,40,3.35257,6022,8.5,1.65144,-5.494,0.783436,,,0.061683,0.0376635
g3_moe,8,41,2.95401,4762,7.28125,0.580294,-5.41614,0.582827,,,0.0501976,0.0184883
g3_moe,8,42,3.29925,5985,11.75,2.79243,-5.7191,0.802644,,,0.0594514,0.0237037
g3_moe,8,43,3.4837,7657,8.75,1.14317,-5.30456,0.773068,,,0.0597489,0.0419362
g3_moe,8,44,3.47615,6060,10.8125,0.623439,-5.41611,0.728513,,,0.059452,0.037368
g3_moe,8,45,3.50643,6541,7.90625,0.221117,-5.44974,0.724382,,,0.0519563,0.0207463
g3_moe,8,46,3.27997,5459,10.0625,1.5653,-5.33588,0.61107,,,0.0516262,0.0253488
g3_moe,8,47,4.23721,5783,10.5625,1.67408,-5.63377,0.779309,,,0.0567439,0.0270883
g3_moe,8,48,3.42257,6056,9.1875,1.7302,-5.29963,0.688184,,,0.061118,0.0441419
g3_moe,8,49,3.03188,7803,8.8125,2.10656,-5.11635,0.647217,,,0.0545575,0.035805
g3_moe,8,50,2.92803,6947,8.4375,1.24512,-5.23634,0.639667,,,0.0484337,0.0160919
g3_moe,8,51,4.88463,7381,10.8125,1.53301,-5.33955,0.727566,,,0.0651963,0.040957
g3_moe,8,52,2.691,6282,10.8125,2.44345,-5.35314,0.702439,,,0.0543957,0.0228123
g3_moe,8,53,3.45908,5734,11.3125,0.6771,-5.28107,0.628934,,,0.058105,0.0341376
g3_moe,8,54,2.8916,6555,7.71875,0.967535,-5.45893,0.712175,,,0.0495697,0.01934
g3_moe,8,55,3.57831,5668,8,1.29317,-5.5281,0.776942,,,0.0583862,0.0290261
g3_moe,8,56,3.58496,7116,10.25,2.22694,-5.28524,0.693304,,,0.050571,0.0344935
g3_moe,8,57,2.7257,5489,9.3125,4.00579,-5.22776,0.504749,,,0.0420335,0.0109571
g3_moe,8,58,3.92258,4515,9.625,2.50807,-5.60216,0.75612,,,0.0493973,0.0202424
g3_moe,8,59,1.91491,6530,7.125,0.900905,-5.11393,0.511816,,,0.0398513,0.00877788
g3_moe,8,60,3.25553,5881,6.4375,0.503505,-5.22215,0.583427,,,0.0452127,0.0161776
g3_moe,8,61,3.35371,4960,7.5,0.583648,-5.35191,0.689016,,,0.0666745,0.0470767
g3_moe,8,62,2.55641,8039,7.375,0.642199,-5.25045,0.76503,,,0.0621628,0.0324907
g3_moe,8,63,3.07706,5649,8.0625,1.06511,-5.58293,0.780504,,,0.0496262,0.0206458
g3_moe,8,64,3.46196,5584,7.8125,1.09509,-5.27312,0.614953,,,0.0573516,0.0235306
g3_moe,8,65,4.19661,5850,10,0.807604,-5.42462,0.734518,,,0.074407,0.0474638
g3_moe,8,66,3.92572,5017,7.875,1.64187,-5.41814,0.627842,,,0.0469095,0.0185901
g3_moe,8,67,3.24746,6258,8.9375,1.15843,-5.21439,0.583169,,,0.0451953,0.01671
g3_moe,8,68,3.40367,5667,11.6875,1.24734,-5.26001,0.625867,,,0.0522455,0.0306957
g3_moe,8,69,3.54203,6030,11,1.6241,-5.31298,0.658752,,,0.0564539,0.033473
g3_moe,8,70,2.85327,6055,8.375,0.811245,-5.47014,0.819135,,,0.054332,0.0304409
g3_moe,8,71,2.128,6094,8.4375,2.73251,-5.28454,0.753554,,,0.0562342,0.0334008
g3_moe,8,72,3.67788,5716,9.8125,1.28209,-5.60568,0.818347,,,0.0584982,0.0343012
g3_moe,8,73,4.10292,6189,11.75,1.75034,-5.7905,0.856639,,,0.0680272,0.0349308
g3_moe,8,74,3.18909,5676,8.5625,2.7031,-5.31646,0.643947,,,0.0546533,0.0276127
g3_moe,8,75,4.04948,8502,9.4375,1.84573,-5.36091,0.871751,,,0.0602318,0.0349446
g3_moe,8,76,4.02396,5204,11,1.21907,-5.43454,0.651381,,,0.0450226,0.021066
g3_moe,8,77,4.12492,5608,11.25,1.92832,-5.41721,0.724205,,,0.0599451,0.0382624
g3_moe,8,78,3.79443,6386,10.5625,1.01846,-5.43074,0.670065,,,0.0547277,0.0226863
g3_moe,8,79,3.71425,7404,9.25,2.6427,-5.25181,0.743479,,,0.0521346,0.0279216
g3_moe,8,80,2.80498,7115,10.6875,2.41426,-5.49868,0.912101,,,0.0576219,0.0301009
g3_moe,8,81,3.38349,6369,9.375,0.952,-5.59834,0.896325,,,0.0538871,0.0310076
g3_moe,8,82,3.27017,6203,8.3125,1.0311,-5.67404,0.875793,,,0.0513114,0.0206249
g3_moe,8,83,3.9447,5350,9.0625,0.96623,-5.5245,0.760338,,,0.0555649,0.0305886
g3_moe,8,84,3.43194,6127,10.6875,1.78219,-5.39376,0.692262,,,0.0657707,0.0443606
g3_moe,8,85,2.94427,6060,8.8125,1.04617,-5.55691,0.764282,,,0.0596019,0.0257376
g3_moe,8,86,2.96582,5531,8.0625,1.37857,-5.67398,0.834213,,,0.0537574,0.0249519
g3_moe,8,87,3.65918,4752,10.1875,2.29078,-5.31035,0.617673,,,0.0424379,0.0165749
g3_moe,8,88,3.28503,5746,9.375,3.1529,-5.39897,0.712358,,,0.0510073,0.0196443
g3_moe,8,89,5.68361,7110,9.5,1.7322,-5.29835,0.818376,,,0.0836953,0.0587273
g3_moe,8,90,3.21188,5711,11.125,0.821337,-5.41124,0.612299,,,0.051346,0.0177081
g3_moe,8,91,4.08406,5298,8.6875,0.921004,-5.53155,0.715269,,,0.0531646,0.0249656
g3_moe,8,92,3.94754,6541,10.9375,1.58036,-5.44568,0.779357,,,0.0523278,0.0262119
g3_moe,8,93,3.41296,5938,7.71875,1.18063,-5.62717,0.786492,,,0.0586923,0.0291438
g3_moe,8,94,2.73634,5958,8.75,1.7635,-5.63748,0.839516,,,0.0621706,0.0334609
g3_moe,8,95,2.79353,5283,10.125,3.31304,-5.26999,0.603778,,,0.0477607,0.0155044
g3_moe,8,96,2.47768,6030,8.875,2.2416,-5.30278,0.645456,,,0.0553058,0.0258585
g3_moe,8,97,3.06039,6463,11.9375,3.46721,-5.55821,0.755097,,,0.0595607,0.0270312
g3_moe,8,98,4.93702,6004,11.125,1.83873,-5.62939,0.795979,,,0.0519891,0.0223755
g3_moe,8,99,3.2144,5643,8.25,1.36506,-5.67729,0.819189,,,0.0566151,0.028152
g3_moe,8,100,2.96843,5976,8.6875,1.75257,-5.54695,0.752216,,,0.0553266,0.0200806
g3_moe,8,101,3.33005,6425,9.875,1.7514,-5.53979,0.822171,,,0.0556205,0.025571
g3_moe,8,102,3.65432,5800,9.6875,0.940434,-5.62359,0.816311,,,0.0524092,0.0270563
g3_moe,8,103,2.7377,5811,7.59375,1.39402,-5.2882,0.67947,,,0.0457384,0.0168825
g3_moe,8,104,4.01716,5729,9.625,1.7466,-5.60261,0.702902,,,0.0573818,0.0213615
g3_moe,8,105,4.21644,5419,10.0625,1.50127,-5.37091,0.633883,,,0.0471624,0.0150427
g3_moe,8,106,3.99377,5893,10.75,2.4996,-5.18556,0.652879,,,0.0537119,0.0228265
g3_moe,8,107,3.57149,6109,9.4375,1.23334,-5.32596,0.743287,,,0.0534753,0.0421319
g3_moe,8,108,4.39978,6393,11.375,2.13472,-5.59191,0.826973,,,0.0587114,0.0296725
g3_moe,8,109,3.2797,6122,14.4375,1.77535,-5.54376,0.79412,,,0.0568374,0.0321148
g3_moe,8,110,3.51928,8412,12.875,2.73452,-5.4267,0.927932,,,0.0557201,0.0346965
g3_moe,8,111,3.5329,5634,10.1875,1.82236,-5.6217,0.816503,,,0.0576019,0.0222648
g3_moe,8,112,3.40685,5532,8.6875,1.08008,-5.2725,0.578002,,,0.0500209,0.0193596
g3_moe,8,113,3.46718,5633,8.75,1.85107,-5.21407,0.552445,,,0.0451746,0.0194805
g3_moe,8,114,3.73397,6601,7.3125,0.991235,-5.39789,0.778884,,,0.0500469,0.0206284
g3_moe,8,115,3.16527,5966,8.4375,0.971148,-5.2283,0.54688,,,0.0463293,0.0157707
g3_moe,8,116,3.1817,6766,7.4375,0.999638,-5.47505,0.823715,,,0.0563829,0.0322109
g3_moe,8,117,3.11422,6887,12.375,1.94164,-5.37286,0.857537,,,0.0651131,0.0425898
g3_moe,8,118,2.99945,7596,11.8125,2.32868,-5.51623,0.844517,,,0.0591425,0.0283804
g3_moe,8,119,2.89951,6201,10.5,2.01101,-5.32989,0.689194,,,0.04992,0.0235019
g3_moe,8,120,3.01756,7324,8.1875,1.56452,-5.40081,0.800057,,,0.0574618,0.0330658
g3_moe,8,121,3.53116,5495,9,1.36602,-5.52666,0.706899,,,0.0523062,0.0215993
g3_moe,8,122,3.78302,6347,9.6875,1.76783,-5.41045,0.719075,,,0.0533908,0.0244625
g3_moe,8,123,2.84764,6723,7.65625,2.26455,-5.12275,0.558136,,,0.0496408,0.0173309
g3_moe,8,124,3.91673,7669,10.0625,0.890716,-5.3642,0.839121,,,0.0573246,0.0362568
g3_moe,8,125,3.50596,5822,10.4375,1.49507,-5.48178,0.737025,,,0.0632244,0.033456
g3_moe,8,126,3.92117,5651,7.78125,1.24247,-5.41921,0.707516,,,0.0663121,0.0338151
g3_moe,8,127,3.58774,9499,7.875,1.11638,-5.39158,0.935441,,,0.0648697,0.0442086
g3_moe,8,128,3.39845,7447,8.1875,1.04259,-5.33817,0.738969,,,0.0529058,0.0250835
g3_moe,8,129,3.34925,6397,10.125,2.33847,-5.65209,0.832214,,,0.0566278,0.0216736
g3_moe,8,130,4.02345,6329,9.375,1.79441,-5.62899,0.839866,,,0.0528715,0.0218796
g3_moe,8,131,3.34843,5403,6.78125,0.608132,-5.40201,0.662772,,,0.0475285,0.0180888
g3_moe,8,132,3.04563,6250,9.125,1.30781,-5.47925,0.804743,,,0.0489729,0.022248
g3_moe,8,133,3.47828,5817,7.03125,0.703709,-5.46258,0.730575,,,0.051772,0.0256595
g3_moe,8,134,3.36007,5783,12,2.84679,-5.47672,0.681502,,,0.0544616,0.0240696
g3_moe,8,135,3.93199,6215,10.3125,1.15095,-5.50315,0.791836,,,0.0608063,0.0352791
g3_moe,8,136,3.268,6319,9.5625,1.86642,-5.51523,0.753021,,,0.0558486,0.0244742
g3_moe,8,137,3.68429,6081,9.5,0.867329,-5.66998,0.777421,,,0.0609171,0.0259104
g3_moe,8,138,3.46015,5775,8.5,0.897528,-5.45076,0.719085,,,0.060383,0.0303703
g3_moe,8,139,2.4413,7632,7.96875,2.56363,-5.04169,0.566796,,,0.0400723,0.0113235
g3_moe,8,140,2.13568,5693,7.03125,1.01871,-5.24141,0.651685,,,0.0474226,0.0183447
g3_moe,8,141,3.15863,6982,6.6875,0.729551,-5.26588,0.751861,,,0.0565103,0.0362351
g3_moe,8,142,2.41091,5814,7,1.00787,-5.52218,0.743141,,,0.0522222,0.0216033
g3_moe,8,143,4.53236,5565,9.3125,1.00669,-5.56121,0.767788,,,0.0559269,0.026777
g3_moe,8,144,3.66511,5944,10.125,1.65432,-5.40883,0.692211,,,0.0583337,0.0276509
g3_moe,8,145,3.79607,5239,9.8125,2.03582,-5.62054,0.722704,,,0.0534949,0.0211235
g3_moe,8,146,3.58697,6680,12.625,3.10866,-5.34546,0.772427,,,0.061239,0.0350253
g3_moe,8,147,3.63309,5644,9,2.48353,-5.41968,0.680128,,,0.0600321,0.0279259
g3_moe,8,148,3.55975,5593,9,1.13095,-5.55191,0.72707,,,0.0576566,0.0266016
g3_moe,8,149,2.66847,5784,8.1875,1.42654,-5.50905,0.793004,,,0.0608787,0.0354413
g3_moe,8,150,4.03405,4784,10.1875,0.119045,-5.57866,0.700403,,,0.0613828,0.0314067
g3_moe,8,151,3.72545,5511,7.75,0.731756,-5.18055,0.583584,,,0.0525271,0.0202078
g3_moe,8,152,3.59175,5557,9.5625,2.15943,-5.57609,0.777019,,,0.0625668,0.0307815
g3_moe,8,153,3.24156,5573,9.1875,1.57577,-5.72777,0.860675,,,0.0690786,0.0314859
g3_moe,8,154,3.74065,7056,9.625,1.09863,-5.65884,0.868685,,,0.0633835,0.0306293
g3_moe,8,155,3.83884,5822,10.8125,1.12545,-5.52577,0.745073,,,0.0612033,0.0306806
g3_moe,8,156,2.86278,5491,9.4375,2.44776,-5.38844,0.636736,,,0.0435258,0.0133747
g3_moe,8,157,3.12766,5824,8.4375,1.77891,-5.19919,0.63456,,,0.0633324,0.0335928
g3_moe,8,158,3.94926,5943,8.4375,0.928111,-5.5448,0.823031,,,0.0520772,0.0279755
g3_moe,8,159,3.32131,7862,9,1.64745,-5.22111,0.67914,,,0.0494502,0.0199521
g3_moe,8,160,3.16892,6450,8.375,1.4311,-5.24623,0.754309,,,0.0545429,0.0381161
g3_moe,8,161,2.86087,8944,10.25,1.99149,-5.28105,0.798627,,,0.058635,0.0364503
g3_moe,8,162,2.60887,5845,8.4375,2.78523,-5.3382,0.679483,,,0.0510657,0.0194295
g3_moe,8,163,4.15608,6530,12.1875,2.00873,-5.24629,0.732548,,,0.0717694,0.0709133
g3_moe,8,164,4.93341,6462,11.75,1.32283,-5.35881,0.717818,,,0.0600861,0.032648
g3_moe,8,165,3.81374,5879,10.25,2.69677,-5.57347,0.734859,,,0.0552902,0.0188521
g3_moe,8,166,4.18881,7976,9.25,1.43664,-5.27081,0.765326,,,0.0551485,0.0399674
g3_moe,8,167,3.75872,5998,9.4375,0.973556,-5.40414,0.692957,,,0.0513424,0.0254236
g3_moe,8,168,3.46051,4819,8.625,1.61219,-5.47643,0.698394,,,0.0568385,0.0267739
g3_moe,8,169,3.83741,5925,9.25,0.995259,-5.48333,0.725873,,,0.0584666,0.0273896
g3_moe,8,170,3.53743,6074,10.625,3.50139,-5.50796,0.755286,,,0.053368,0.0208785
g3_moe,8,171,2.82087,6058,9.3125,2.63445,-5.36433,0.65206,,,0.0519572,0.0196675
g3_moe,8,172,3.60403,7252,9.4375,1.29059,-5.24751,0.702028,,,0.0618734,0.0325602
g3_moe,8,173,3.64702,6841,9.75,2.82712,-5.42469,0.737427,,,0.0557687,0.029695
g3_moe,8,174,2.65854,6110,9.4375,1.66904,-5.33592,0.775776,,,0.059537,0.0395345
g3_moe,8,175,3.42555,5724,8.125,1.66606,-5.33643,0.605319,,,0.0469545,0.0228681
g3_moe,8,176,2.95981,4843,9.625,1.52961,-5.35504,0.644284,,,0.0474656,0.0173424
g3_moe,8,177,3.99197,5021,11.5625,1.05087,-5.25934,0.603843,,,0.049413,0.021375
g3_moe,8,178,3.5383,5827,8.3125,1.29398,-5.61301,0.760386,,,0.0547316,0.0221321
g3_moe,8,179,3.60668,6522,8.875,0.805312,-5.40344,0.658684,,,0.0543036,0.0208722
g3_moe,8,180,3.4636,5805,8.5625,1.12248,-5.42429,0.681126,,,0.0540604,0.0249252
g3_moe,8,181,3.79348,8735,7.78125,0.509185,-5.3078,0.798034,,,0.048594,0.0196085
g3_moe,8,182,2.98932,5572,10.4375,1.44375,-5.35234,0.724157,,,0.0556351,0.0352087
g3_moe,8,183,3.37926,5900,8.375,2.24814,-5.24147,0.675266,,,0.0591524,0.0360351
g3_moe,8,184,3.29674,6578,11.8125,1.51933,-5.39931,0.735832,,,0.0593731,0.0346373
g3_moe,8,185,3.05223,5419,6.75,0.954587,-5.3762,0.611658,,,0.0521186,0.0203095
g3_moe,8,186,3.39949,7782,9.75,2.00186,-5.38894,0.831638,,,0.0517613,0.0230709
g3_moe,8,187,3.7494,5686,10.0625,1.82993,-5.41867,0.703507,,,0.0644545,0.0401997
g3_moe,8,188,3.90262,6113,12.6875,1.61252,-5.1388,0.574758,,,0.0474224,0.033941
g3_moe,8,189,3.3508,6237,9.625,2.10297,-5.37969,0.653662,,,0.0502209,0.0198068
g3_moe,8,190,3.83476,4480,10.25,2.80483,-5.52871,0.691821,,,0.0513441,0.0214656
g3_moe,8,191,2.57266,4599,9,1.54897,-5.175,0.480322,,,0.0444306,0.0124989
g3_temporal,1,0,0.321926,6755,3.125,0.147684,-3.52193,0.651076,-2.84851,-3.59931,0.0595082,0.0419943
g3_temporal,1,1,0.150097,7243,3.32812,0.642821,-3.22925,0.400163,-3.09916,-3.24541,0.0541931,0.0521867
g3_temporal,1,2,0.20552,3872,2.29688,0.241898,-3.3389,0.35557,-3.14416,-3.35113,0.046547,0.0208654
g3_temporal,1,3,0.101209,4799,2.42188,0.112614,-3.13356,0.293712,-3.07044,-3.13855,0.0491031,0.0171753
g3_temporal,1,4,0.198893,7636,2.8125,0.368965,-3.22555,0.430273,-3.0015,-3.25509,0.0528799,0.0321486
g3_temporal,1,5,0.140841,4791,2.4375,0.249495,-3.21706,0.369637,-3.09322,-3.22683,0.0507,0.029454
g3_temporal,1,6,0.121086,8164,2.01562,0.16793,-3.27533,0.316171,-3.23313,-3.28133,0.0433279,0.0160694
g3_temporal,1,7,0.128238,5594,2.45312,0.184068,-3.15868,0.336969,-3.10124,-3.16404,0.0493634,0.0258632
g3_temporal,1,8,0.207643,6323,2.90625,0.422154,-3.25479,0.40327,-2.99429,-3.28261,0.0580736,0.0429464
g3_temporal,1,9,0.255267,6306,2.98438,0.368815,-3.37252,0.481405,-2.91949,-3.42075,0.0605707,0.0352699
g3_temporal,1,10,0.325719,7764,2.65625,0.186118,-3.45148,0.534614,-2.93546,-3.52083,0.0563628,0.0476464
g3_temporal,1,11,0.17908,6897,2.5,0.111192,-3.26127,0.284689,-3.14653,-3.27476,0.0464496,0.0159592
g3_temporal,1,12,0.196359,5494,2.82812,0.45274,-3.31577,0.487132,-2.9875,-3.34581,0.0598022,0.0471787
g3_temporal,1,13,0.16925,5984,2.8125,0.820552,-3.18545,0.341695,-3.03481,-3.20059,0.05172,0.0236259
g3_temporal,1,14,0.261148,6678,2.42188,0.0730317,-3.34292,0.570747,-2.82604,-3.40157,0.0683029,0.0490691
g3_temporal,1,15,0.180092,6516,2.89062,0.268381,-3.30926,0.489322,-3.01613,-3.34162,0.058936,0.0430278
g3_temporal,1,16,0.242103,3832,2.54688,0.252391,-3.5708,0.598446,-2.91019,-3.61183,0.0643578,0.0423325
g3_temporal,1,17,0.153242,6696,2.21875,0.420689,-3.21392,0.339658,-3.12226,-3.22435,0.0503097,0.0310151
g3_temporal,1,18,0.224196,6777,2.5625,0.413971,-3.39875,0.341741,-3.20238,-3.4214,0.045802,0.0247876
g3_temporal,1,19,0.114802,6332,2.6875,0.432616,-3.12153,0.301739,-3.05355,-3.1288,0.0500426,0.0177124
g3_temporal,1,20,0.166298,5816,2.59375,0.262286,-3.20628,0.382025,-3.05694,-3.22082,0.0509656,0.0340595
g3_temporal,1,21,0.339703,7712,3.20312,1.27217,-3.1312,0.390483,-2.87782,-3.16499,0.0532463,0.0318072
g3_temporal,1,22,0.324529,8700,2.71875,0.0923164,-3.3706,0.508859,-2.78597,-3.46009,0.0584579,0.0306743
g3_temporal,1,23,0.203501,4428,2.64062,0.242019,-3.2596,0.3683,-3.07871,-3.27271,0.0504409,0.0285903
g3_temporal,1,24,0.249444,5753,3.48438,1.1448,-3.24263,0.47144,-3.01901,-3.26415,0.0571762,0.040338
g3_temporal,1,25,0.12206,4798,2.0625,0.00080821,-3.25341,0.268426,-3.17032,-3.25997,0.044347,0.0161149
g3_temporal,1,26,0.152121,5529,3.04688,0.336384,-3.22968,0.371093,-3.09218,-3.24235,0.0513991,0.0343012
g3_temporal,1,27,0.197514,5632,2.78125,0.453831,-3.27663,0.39849,-3.11766,-3.29158,0.0515774,0.0351592
g3_temporal,1,28,0.350368,8947,2.75,0.235218,-3.34362,0.619629,-2.67678,-3.44904,0.0697044,0.0581616
g3_temporal,1,29,0.266168,6123,3.04688,0.179162,-3.50712,0.673914,-2.69887,-3.59042,0.0924729,0.0784381
g3_temporal,1,30,0.168396,6201,2.34375,0.286411,-3.26111,0.435232,-3.05837,-3.2823,0.0527138,0.0291925
g3_temporal,1,31,0.217177,8056,2.8125,0.610218,-3.24187,0.451347,-3.00319,-3.27532,0.0586468,0.0550299
g3_temporal,1,32,0.146679,6711,3.45312,0.838996,-3.23863,0.409033,-3.06445,-3.2585,0.0559538,0.0491178
g3_temporal,1,33,0.163507,5421,3.5625,0.479629,-3.24995,0.425209,-3.04951,-3.26803,0.0557946,0.049367
g3_temporal,1,34,0.252324,6998,2.71875,0.286188,-3.3492,0.387178,-3.14569,-3.37352,0.0492265,0.0290956
g3_temporal,1,35,0.145223,5626,2.98438,0.176179,-3.2121,0.367412,-3.09859,-3.22276,0.0512394,0.0290653
g3_temporal,1,36,0.227074,6112,3.125,0.971763,-3.3742,0.477592,-3.06742,-3.40576,0.0564044,0.0448866
g3_temporal,1,37,0.152493,5918,3.17188,0.209409,-3.20546,0.398552,-3.06064,-3.21984,0.0530147,0.0300122
g3_temporal,1,38,0.127546,5002,2.35938,0.151584,-3.22771,0.328627,-3.14097,-3.23488,0.0486154,0.0300587
g3_temporal,1,39,0.177786,3903,2.54688,0.146908,-3.2709,0.342589,-3.08167,-3.28288,0.0482749,0.0193302
g3_temporal,1,40,0.18672,7002,2.51562,0.565804,-3.40208,0.334033,-3.24069,-3.42138,0.0459138,0.0317093
g3_temporal,1,41,0.135866,4787,2.54688,0.456068,-3.19873,0.296716,-3.1542,-3.20224,0.046643,0.0179827
g3_temporal,1,42,0.234247,6598,2.8125,0.265428,-3.41602,0.519648,-2.97092,-3.46585,0.056946,0.0329496
g3_temporal,1,43,0.176896,5528,3.35938,0.291657,-3.21579,0.422662,-2.97348,-3.23811,0.0508605,0.0359558
g3_temporal,1,44,0.161725,5220,3.04688,0.383036,-3.2147,0.41263,-3.04984,-3.22897,0.0536252,0.0352879
g3_temporal,1,45,0.218712,8355,2.84375,0.165607,-3.27082,0.474785,-3.00182,-3.31013,0.0523596,0.0327312
g3_temporal,1,46,0.117169,6321,2.1875,0.104185,-3.21327,0.280139,-3.11859,-3.22337,0.047359,0.0151431
g3_temporal,1,47,0.129217,5632,3.125,2.16102,-3.34848,0.334565,-3.23018,-3.3596,0.0455274,0.025479
g3_temporal,1,48,0.123395,6612,2.78125,0.240737,-3.23029,0.368938,-3.10368,-3.2445,0.0498508,0.0278608
g3_temporal,1,49,0.221798,5541,3.0625,0.400975,-3.35549,0.49731,-2.96861,-3.39122,0.0607217,0.0435509
g3_temporal,1,50,0.242243,6074,3.39062,1.04005,-3.32427,0.440597,-3.06523,-3.35073,0.0600281,0.0572377
g3_temporal,1,51,0.100042,3129,2.45312,0.919222,-3.12057,0.26375,-3.04295,-3.12446,0.0495396,0.0134122
g3_temporal,1,52,0.252984,5255,3.09375,0.501183,-3.33924,0.488756,-2.89543,-3.37792,0.0680944,0.0557361
g3_temporal,1,53,0.235534,5967,3.39062,0.771765,-3.32001,0.434849,-3.04019,-3.34804,0.057957,0.0443275
g3_temporal,1,54,0.145713,5965,2.9375,0.220562,-3.20177,0.344369,-3.07563,-3.2144,0.0498178,0.0249387
g3_temporal,1,55,0.284407,6461,3.39062,0.662853,-3.61558,0.576843,-2.85674,-3.69857,0.0689091,0.0449911
g3_temporal,1,56,0.247771,6428,3.04688,0.0884549,-3.3671,0.529949,-2.89858,-3.41806,0.0677513,0.0558011
g3_temporal,1,57,0.175651,4691,2.48438,0.102002,-3.29077,0.463148,-3.07002,-3.30779,0.05423,0.0348836
g3_temporal,1,58,0.137822,5025,2.5625,0.17742,-3.21017,0.351053,-3.09555,-3.21969,0.0517106,0.0336113
g3_temporal,1,59,0.153809,6480,2.375,0.0937068,-3.31954,0.29632,-3.19918,-3.33274,0.0435404,0.0156123
g3_temporal,1,60,0.318137,7270,2.75,0.743464,-3.21883,0.43928,-2.94094,-3.2535,0.0531906,0.0384811
g3_temporal,1,61,0.20679,5510,2.57812,0.310411,-3.30265,0.421806,-3.03696,-3.32703,0.0544193,0.0291783
g3_temporal,1,62,0.156402,6208,3.32812,1.77947,-3.25173,0.308211,-3.18762,-3.25843,0.0464301,0.0267596
g3_temporal,1,63,0.227057,6876,3.03125,0.385117,-3.55012,0.677714,-2.79829,-3.63825,0.0700229,0.0430256
g3_temporal,1,64,0.233698,6004,2.71875,0.184851,-3.37255,0.538118,-2.92518,-3.41767,0.063266,0.0465936
g3_temporal,1,65,0.233355,6291,2.51562,0.0281067,-3.41017,0.581884,-2.86024,-3.46856,0.0792277,0.0778436
g3_temporal,1,66,0.106628,6866,2.23438,0.0243973,-3.16802,0.267012,-3.10199,-3.17574,0.0469985,0.0131022
g3_temporal,1,67,0.360013,10209,3.26562,0.32672,-3.37742,0.563219,-2.79736,-3.48446,0.0701014,0.0716831
g3_temporal,1,68,0.158833,3884,2.42188,0.196695,-3.24717,0.314284,-3.09786,-3.25658,0.0498496,0.0281692
g3_temporal,1,69,0.156854,6234,2.78125,0.274573,-3.1706,0.366224,-3.06711,-3.18148,0.0525655,0.0353584
g3_temporal,1,70,0.158647,5417,2.45312,0.102067,-3.17811,0.289196,-3.07883,-3.18705,0.0486636,0.0181685
g3_temporal,1,71,0.195834,6067,2.65625,0.327325,-3.31801,0.349228,-3.17683,-3.33242,0.0470521,0.026724
g3_temporal,1,72,0.148072,6401,2.39062,0.344787,-3.22224,0.292594,-3.12404,-3.23287,0.0453751,0.0156785
g3_temporal,1,73,0.170823,4452,2.96875,0.477975,-3.27109,0.332488,-3.12633,-3.28164,0.0490442,0.0301597
g3_temporal,1,74,0.157042,6460,3.0625,0.306693,-3.226,0.401984,-3.025,-3.24798,0.0540026,0.0296561
g3_temporal,1,75,0.143973,5398,2.90625,0.368347,-3.16887,0.344092,-3.07383,-3.1774,0.0513435,0.0280597
g3_temporal,1,76,0.217576,7371,3.28125,0.893482,-3.31043,0.374247,-3.11991,-3.33458,0.0534529,0.0501404
g3_temporal,1,77,0.135515,7002,3.4375,0.513333,-3.17536,0.314319,-3.0746,-3.18741,0.0491038,0.0261231
g3_temporal,1,78,0.162302,5899,2.64062,0.211493,-3.23881,0.423698,-3.0484,-3.25765,0.0574094,0.0499534
g3_temporal,1,79,0.19683,6007,3.0625,0.353824,-3.18967,0.479025,-2.9299,-3.21588,0.063688,0.0525722
g3_temporal,1,80,0.146859,7194,2.60938,0.262875,-3.19563,0.358638,-3.03038,-3.21601,0.0516919,0.0207998
g3_temporal,1,81,0.198273,5289,2.73438,0.0975817,-3.31429,0.467275,-2.99796,-3.34207,0.0610009,0.0457431
g3_temporal,1,82,0.224835,8726,3.35938,0.425102,-3.30565,0.519809,-2.9853,-3.35486,0.059539,0.0584195
g3_temporal,1,83,0.220434,6356,2.625,0.220606,-3.34421,0.428127,-2.98578,-3.38271,0.054865,0.0251699
g3_temporal,1,84,0.233856,6084,2.59375,-0.0502217,-3.46007,0.492743,-3.09363,-3.49757,0.0495719,0.0266761
g3_temporal,1,85,0.163016,6150,2.42188,0.140795,-3.22328,0.418253,-3.03709,-3.24256,0.0560941,0.0439855
g3_temporal,1,86,0.158296,4832,2.78125,0.360936,-3.15884,0.322856,-3.0624,-3.16652,0.0507378,0.0270684
g3_temporal,1,87,0.170347,6094,2.71875,0.126155,-3.27195,0.375856,-3.11298,-3.28824,0.0491981,0.0255625
g3_temporal,1,88,0.17966,5688,3.09375,0.322042,-3.29744,0.348087,-3.13791,-3.3126,0.0483737,0.0266815
g3_temporal,1,89,0.183224,6048,3.28125,0.638755,-3.26381,0.507604,-2.9571,-3.295,0.065284,0.0550463
g3_temporal,1,90,0.172292,6079,2.54688,0.419813,-3.22323,0.340804,-3.05372,-3.24057,0.0517564,0.0234569
g3_temporal,1,91,0.161246,6714,2.51562,0.190854,-3.16375,0.332525,-2.93814,-3.1895,0.057278,0.0220815
g3_temporal,1,92,0.211156,9753,3.125,0.477199,-3.2254,0.378704,-3.03518,-3.25865,0.0457252,0.0242023
g3_temporal,1,93,0.321345,7612,2.65625,0.237524,-3.74096,0.847539,-2.5072,-3.9031,0.0934085,0.0778679
g3_temporal,1,94,0.156448,5340,2.67188,0.143801,-3.28482,0.43617,-3.12082,-3.29937,0.0525657,0.0383429
g3_temporal,1,95,0.149016,6802,2.21875,0.274733,-3.16565,0.312796,-3.03573,-3.18069,0.0514865,0.025498
g3_temporal,1,96,0.276381,8961,2.70312,0.218532,-3.47307,0.606302,-2.83551,-3.57406,0.0593202,0.0430064
g3_temporal,1,97,0.112753,5328,2.32812,0.200028,-3.0717,0.254911,-2.99857,-3.07818,0.0514454,0.0131558
g3_temporal,1,98,0.476355,8087,3.23438,1.08446,-3.36256,0.605067,-2.60665,-3.46897,0.0833381,0.0682217
g3_temporal,1,99,0.157274,6185,2.25,0.276755,-3.26227,0.357014,-3.12838,-3.27623,0.0488557,0.0263674
g3_temporal,1,100,0.260686,8541,3.0625,0.686896,-3.3839,0.467967,-3.09419,-3.42732,0.0522165,0.033933
g3_temporal,1,101,0.110593,6065,3.01562,1.15415,-3.2965,0.329156,-3.19724,-3.30662,0.0443618,0.0176836
g3_temporal,1,102,0.119914,6789,2.21875,0.10108,-3.12316,0.26584,-3.03103,-3.13381,0.0506066,0.0153148
g3_temporal,1,103,0.128488,6334,2.40625,0.447924,-3.12633,0.274169,-3.06852,-3.13252,0.0470886,0.0144271
g3_temporal,1,104,0.232665,4787,2.39062,0.039792,-3.30046,0.409562,-2.99299,-3.32469,0.0561675,0.027559
g3_temporal,1,105,0.157965,6459,2.54688,0.399802,-3.20255,0.299128,-3.12314,-3.21123,0.0498052,0.0301888
g3_temporal,1,106,0.150357,6021,2.73438,0.35359,-3.22166,0.376029,-3.05897,-3.23812,0.0532926,0.043818
g3_temporal,1,107,0.203498,5695,2.84375,0.384065,-3.25963,0.362547,-3.11548,-3.27335,0.0497115,0.0305047
g3_temporal,1,108,0.154262,4613,3.29688,0.525654,-3.24492,0.319964,-3.13763,-3.25304,0.049915,0.0411415
g3_temporal,1,109,0.29532,5841,2.84375,0.360956,-3.51451,0.577152,-2.88385,-3.57622,0.0692258,0.0717358
g3_temporal,1,110,0.352488,9753,2.70312,0.160337,-3.37283,0.649813,-2.46185,-3.53211,0.0872198,0.0669993
g3_temporal,1,111,0.243441,6184,3.125,0.808319,-3.42632,0.607547,-2.82638,-3.48883,0.0762918,0.0694493
g3_temporal,1,112,0.3172,6772,2.48438,-0.00494449,-3.48759,0.673659,-2.67582,-3.58114,0.0892337,0.0954003
g3_temporal,1,113,0.185384,6010,2.67188,0.173873,-3.28669,0.396226,-3.05127,-3.31046,0.0510226,0.0225003
g3_temporal,1,114,0.183467,5111,2.98438,0.172774,-3.29145,0.375472,-3.11627,-3.30627,0.0476197,0.0281269
g3_temporal,1,115,0.159887,4612,2.84375,0.334423,-3.23621,0.336403,-3.10805,-3.24592,0.0523403,0.0453478
g3_temporal,1,116,0.117605,4444,2.1875,0.210421,-3.12807,0.279681,-3.07864,-3.13166,0.050021,0.0237434
g3_temporal,1,117,0.243033,5090,2.79688,0.433827,-3.40728,0.504523,-2.98215,-3.44308,0.0621728,0.0484463
g3_temporal,1,118,0.145491,6366,2.75,0.157271,-3.28312,0.311444,-3.21304,-3.29066,0.0445621,0.0201861
g3_temporal,1,119,0.127339,6361,2.9375,0.248882,-3.17617,0.381879,-3.04614,-3.19015,0.0532344,0.0339197
g3_temporal,1,120,0.164523,6343,4.71875,0.202016,-3.24409,0.320495,-3.10669,-3.25881,0.0481958,0.0207851
g3_temporal,1,121,0.199935,6379,2.3125,0.386018,-3.27039,0.369028,-3.10976,-3.28771,0.0521349,0.0388417
g3_temporal,1,122,0.211477,6676,3.0625,0.198347,-3.23874,0.391811,-3.05567,-3.2595,0.0536079,0.0418379
g3_temporal,1,123,0.138984,6382,2.09375,0.0965203,-3.0772,0.258737,-3.0089,-3.08456,0.0516551,0.0154752
g3_temporal,1,124,0.145704,4633,2.90625,0.198494,-3.18087,0.381789,-3.0997,-3.18705,0.0492267,0.0245903
g3_temporal,1,125,0.209165,5473,3.375,0.386725,-3.30776,0.469325,-2.97866,-3.33775,0.062933,0.0549293
g3_temporal,1,126,0.15038,4434,2.8125,0.161055,-3.28833,0.378445,-3.14074,-3.29904,0.0486569,0.0282345
g3_temporal,1,127,0.1045,4479,2.375,0.15179,-3.07089,0.307469,-3.0172,-3.07483,0.0516989,0.0166651
g3_temporal,1,128,0.287616,6100,3.21875,0.260811,-3.734,0.824791,-2.5786,-3.85258,0.100061,0.082471
g3_temporal,1,129,0.17126,5235,3.28125,0.943933,-3.30197,0.374151,-3.13417,-3.31654,0.0500546,0.0435119
g3_temporal,1,130,0.170878,4967,2.85938,0.27793,-3.30737,0.330488,-3.16288,-3.31922,0.0453353,0.01859
g3_temporal,1,131,0.142152,6978,2.45312,0.232436,-3.21715,0.358479,-3.11543,-3.22927,0.0499355,0.0323416
g3_temporal,1,132,0.20358,5399,2.6875,0.219464,-3.37942,0.529819,-3.04138,-3.40977,0.057802,0.040838
g3_temporal,1,133,0.14555,4868,3.0625,0.4175,-3.22271,0.303704,-3.09955,-3.23259,0.0484707,0.02329
g3_temporal,1,134,0.199905,6588,2.57812,0.541002,-3.28281,0.405099,-3.02752,-3.31135,0.057684,0.0508155
g3_temporal,1,135,0.169952,5435,3.04688,0.497791,-3.28384,0.38557,-3.10044,-3.30043,0.0525055,0.0361043
g3_temporal,1,136,0.197636,6362,2.46875,0.136285,-3.21034,0.422002,-3.00654,-3.23225,0.0576169,0.0414596
g3_temporal,1,137,0.25793,7895,2.60938,0.256593,-3.55223,0.503015,-3.12366,-3.61093,0.0518599,0.0361231
g3_temporal,1,138,0.155444,4385,2.10938,0.267463,-3.19271,0.314353,-3.13051,-3.19717,0.0469493,0.0164879
g3_temporal,1,139,0.30012,5401,3.01562,0.374798,-3.71304,0.668139,-2.63866,-3.80954,0.0924182,0.0919347
g3_temporal,1,140,0.129451,5799,3.09375,0.277222,-3.26255,0.378568,-3.15983,-3.27252,0.0481122,0.0240462
g3_temporal,1,141,0.196971,5412,3.25,0.357885,-3.3008,0.358647,-3.13947,-3.31532,0.0488157,0.0288136
g3_temporal,1,142,0.192243,6959,2.29688,0.295193,-3.34614,0.434039,-3.11306,-3.37383,0.0508244,0.0257883
g3_temporal,1,143,0.142539,6550,3.59375,0.285866,-3.26938,0.357197,-3.11706,-3.2863,0.0511922,0.0349042
g3_temporal,1,144,0.186789,7434,3.60938,0.379634,-3.29929,0.398255,-3.10446,-3.32422,0.0444793,0.0290156
g3_temporal,1,145,0.142387,4854,2.8125,0.256381,-3.22845,0.333002,-3.1063,-3.23822,0.0493582,0.0234653
g3_temporal,1,146,0.206118,5967,2.75,0.335824,-3.31257,0.50103,-2.98587,-3.3453,0.0619937,0.0535298
g3_temporal,1,147,0.136587,6592,2.21875,0.230861,-3.20808,0.300529,-3.14096,-3.21559,0.0471349,0.0208564
g3_temporal,1,148,0.128266,5503,3.20312,1.79632,-3.12836,0.348859,-3.03631,-3.1368,0.0532876,0.035449
g3_temporal,1,149,0.148506,5610,2.79688,0.182407,-3.22072,0.402144,-3.08902,-3.23305,0.0513782,0.0378125
g3_temporal,1,150,0.172802,6102,2.71875,0.272378,-3.27018,0.370873,-3.11351,-3.28626,0.0498658,0.0283791
g3_temporal,1,151,0.135175,6032,2.23438,0.236288,-3.15592,0.294894,-3.08334,-3.16328,0.0490029,0.0228154
g3_temporal,1,152,0.175699,5344,3.5,1.57204,-3.25674,0.411882,-3.04961,-3.27513,0.0558807,0.0411093
g3_temporal,1,153,0.223981,5262,3.01562,0.41022,-3.42458,0.517595,-2.93152,-3.46763,0.0654447,0.0568719
g3_temporal,1,154,0.228679,5154,3.1875,0.424467,-3.27463,0.4755,-2.94626,-3.30266,0.0649618,0.0537376
g3_temporal,1,155,0.21484,7201,2.67188,-0.00152857,-3.38656,0.409428,-3.11412,-3.4202,0.048795,0.0208052
g3_temporal,1,156,0.21866,4544,2.26562,0.108797,-3.36644,0.3799,-3.18244,-3.38014,0.0477177,0.0247952
g3_temporal,1,157,0.145499,5986,3.28125,0.163616,-3.18455,0.331276,-3.06282,-3.19679,0.0487922,0.0170111
g3_temporal,1,158,0.13374,4002,3.5625,0.720072,-3.19694,0.349745,-3.072,-3.20506,0.0516223,0.0321253
g3_temporal,1,159,0.283687,7269,2.96875,0.213727,-3.31469,0.400373,-2.92052,-3.36386,0.0488592,0.0186393
g3_temporal,1,160,0.153015,5496,2.57812,0.074114,-3.15953,0.275928,-3.10418,-3.16459,0.0430832,0.0128765
g3_temporal,1,161,0.135119,5762,3.1875,0.658602,-3.18719,0.351136,-3.06534,-3.19893,0.0510483,0.0236581
g3_temporal,1,162,0.182727,5540,3.25,0.455624,-3.32881,0.450405,-3.04916,-3.35463,0.0563673,0.0474143
g3_temporal,1,163,0.213416,7244,3.70312,2.74201,-3.29177,0.390498,-3.05815,-3.3208,0.0456313,0.0201988
g3_temporal,1,164,0.166321,6225,2.875,0.296522,-3.24247,0.372455,-3.13405,-3.25385,0.0503967,0.0323276
g3_temporal,1,165,0.132005,6271,3.01562,0.339281,-3.23952,0.343617,-3.13325,-3.25076,0.049233,0.0323611
g3_temporal,1,166,0.221599,5484,3.1875,0.601966,-3.29737,0.388201,-3.04892,-3.32006,0.0550561,0.0453761
g3_temporal,1,167,0.181302,5741,3.04688,0.486706,-3.28607,0.445497,-3.01642,-3.31196,0.0600547,0.0516693
g3_temporal,1,168,0.186518,6545,2.79688,0.231485,-3.26981,0.383918,-3.09526,-3.28917,0.0546695,0.0486729
g3_temporal,1,169,0.104767,6416,2.67188,0.256329,-3.16039,0.317197,-3.0985,-3.1671,0.0485122,0.0206824
g3_temporal,1,170,0.204592,6742,2.67188,0.343729,-3.37796,0.482096,-3.02377,-3.41858,0.0551723,0.033752
g3_temporal,1,171,0.154448,6526,2.85938,0.0664822,-3.28371,0.324144,-3.17087,-3.29619,0.0472914,0.0250991
g3_temporal,1,172,0.229951,6463,2.75,0.207192,-3.45809,0.581003,-2.93653,-3.51516,0.0655163,0.0538202
g3_temporal,1,173,0.317994,9266,2.90625,0.153242,-3.3269,0.429218,-2.82785,-3.40907,0.0518751,0.0186599
g3_temporal,1,174,0.225982,5774,3.79688,0.48172,-3.35178,0.529729,-2.92335,-3.39317,0.0706145,0.062373
g3_temporal,1,175,0.336998,3937,3.03125,0.451822,-3.40473,0.416401,-2.97682,-3.43208,0.0585755,0.0309588
g3_temporal,1,176,0.092524,5878,3.10938,0.191316,-3.1139,0.265392,-3.0746,-3.11777,0.0477471,0.0142459
g3_temporal,1,177,0.145883,6455,2.3125,0.153124,-3.28665,0.32569,-3.17387,-3.29898,0.0458765,0.0217728
g3_temporal,1,178,0.183638,5652,2.85938,0.518168,-3.38039,0.414735,-3.18589,-3.39874,0.0490717,0.0356857
g3_temporal,1,179,0.216233,5590,2.5,0.074784,-3.27813,0.367358,-3.06232,-3.29825,0.0508921,0.0262139
g3_temporal,1,180,0.193895,6534,2.5,0.52164,-3.20181,0.413103,-3.06336,-3.21714,0.0525947,0.0303908
g3_temporal,1,181,0.166229,8133,2.67188,0.179573,-3.15238,0.30148,-2.93713,-3.18288,0.0551125,0.0156302
g3_temporal,1,182,0.205767,7027,2.57812,0.126592,-3.31449,0.469451,-2.9526,-3.35796,0.0601344,0.0384724
g3_temporal,1,183,0.382174,7262,2.89062,0.105808,-3.59511,0.738167,-2.55266,-3.72502,0.108585,0.0993833
g3_temporal,1,184,0.128526,4417,2.78125,0.36199,-3.12868,0.280114,-3.07006,-3.13292,0.049085,0.0172654
g3_temporal,1,185,0.22933,5985,2.4375,0.13989,-3.42888,0.514331,-2.93583,-3.47843,0.062607,0.0465006
g3_temporal,1,186,0.166424,6168,2.54688,0.238878,-3.31908,0.321807,-3.16853,-3.33472,0.0456669,0.0212808
g3_temporal,1,187,0.421558,8351,3.46875,1.89576,-3.48382,0.51356,-2.91175,-3.56737,0.0704383,0.0616452
g3_temporal,1,188,0.202354,5488,2.39062,0.166914,-3.29629,0.391833,-3.09871,-3.31434,0.0529638,0.0377707
g3_temporal,1,189,0.13877,5880,3.35938,0.340871,-3.23585,0.370284,-3.14932,-3.24438,0.0472078,0.0275526
g3_temporal,1,190,0.313846,7451,3,0.597122,-3.35829,0.434304,-2.93931,-3.41203,0.0555678,0.0596608
g3_temporal,1,191,0.205215,6051,2.875,0.56744,-3.43196,0.449681,-3.09975,-3.46575,0.0500659,0.0389441
g3_temporal,2,0,0.400639,5754,3.26562,0.48337,-4.03257,0.697009,-3.49812,-4.08401,0.075408,0.142796
g3_temporal,2,1,0.287709,6890,3.34375,0.220111,-3.92909,0.854026,-3.40044,-3.9912,0.0579753,0.0873427
g3_temporal,2,2,0.436283,6563,2.92188,0.156247,-4.21163,0.821576,-3.39713,-4.30228,0.0741488,0.119951
g3_temporal,2,3,0.450768,8302,4.0625,0.835202,-3.88102,0.852448,-2.96927,-4.01327,0.0623967,0.0569102
g3_temporal,2,4,0.374995,4870,3.35938,0.134427,-4.10993,0.76053,-3.45228,-4.16272,0.064151,0.105787
g3_temporal,2,5,0.306711,5496,3.20312,0.250462,-4.14649,0.853322,-3.45814,-4.2095,0.0482165,0.0535762
g3_temporal,2,6,0.293607,5671,3.51562,0.210281,-4.17331,0.846426,-3.49119,-4.23793,0.0666444,0.114551
g3_temporal,2,7,0.391198,5018,3.35938,0.273616,-4.08023,0.746795,-3.47967,-4.13003,0.0722804,0.136669
g3_temporal,2,8,0.340557,6325,3.28125,0.437612,-3.78648,0.505741,-3.55709,-3.81099,0.0348131,0.0236937
g3_temporal,2,9,0.243921,5539,2.90625,0.113281,-3.65389,0.511982,-3.47282,-3.67061,0.0371435,0.0349804
g3_temporal,2,10,0.37894,6706,3.4375,0.284086,-4.03927,0.786528,-3.46685,-4.10453,0.0679073,0.116291
g3_temporal,2,11,0.363759,4941,4.6875,0.72802,-4.06059,0.689471,-3.51819,-4.10482,0.0587284,0.100257
g3_temporal,2,12,0.417327,11114,3.34375,0.102147,-3.72243,0.565444,-3.1731,-3.83461,0.0423942,0.0210958
g3_temporal,2,13,0.412945,7717,3.5,0.401428,-4.00948,0.745201,-3.25189,-4.1106,0.0574619,0.0611738
g3_temporal,2,14,0.427752,6776,3.23438,0.0608831,-3.89423,0.707229,-3.2804,-3.96502,0.0541755,0.0615453
g3_temporal,2,15,0.35617,10350,3.32812,0.365943,-3.9493,0.677144,-3.45799,-4.04144,0.0520952,0.094781
g3_temporal,2,16,0.375937,5635,3.67188,0.513295,-4.00682,0.670884,-3.4683,-4.05748,0.0623809,0.115547
g3_temporal,2,17,0.258383,6196,3.21875,0.416032,-3.98286,0.739986,-3.60415,-4.0224,0.044283,0.0604754
g3_temporal,2,18,0.328132,5280,3.64062,0.464052,-3.97157,0.683616,-3.53566,-4.00977,0.057247,0.109245
g3_temporal,2,19,0.391778,8052,3.45312,0.196145,-4.09684,0.871492,-3.20873,-4.22124,0.0709899,0.122097
g3_temporal,2,20,0.250438,6783,3.29688,0.453184,-3.77882,0.529726,-3.60114,-3.79934,0.0384809,0.0537309
g3_temporal,2,21,0.344228,6738,3.34375,0.385689,-3.73704,0.543533,-3.41447,-3.77401,0.0490111,0.0784815
g3_temporal,2,22,0.352633,6202,3.53125,0.304988,-3.98164,0.765688,-3.38928,-4.04356,0.0643028,0.0970296
g3_temporal,2,23,0.235854,6248,2.67188,0.193196,-3.76723,0.465847,-3.67603,-3.77684,0.0334177,0.0369349
g3_temporal,2,24,0.36012,4066,3.28125,0.353212,-3.91063,0.674582,-3.31858,-3.94979,0.0696836,0.121062
g3_temporal,2,25,0.332034,4177,3.01562,0.213922,-4.03048,0.860168,-3.25978,-4.08294,0.0772958,0.134853
g3_temporal,2,26,0.307302,6344,3.67188,0.470324,-3.94946,0.751088,-3.47866,-3.99992,0.0579143,0.105513
g3_temporal,2,27,0.388365,6961,3.46875,0.388568,-4.20452,0.922029,-3.08968,-4.33701,0.06947,0.0751046
g3_temporal,2,28,0.210395,4302,2.40625,0.146258,-3.47282,0.448739,-3.31066,-3.48421,0.039819,0.0208006
g3_temporal,2,29,0.274714,6354,3.10938,0.336827,-3.86194,0.722512,-3.47125,-3.90389,0.0481893,0.0641814
g3_temporal,2,30,0.278906,6677,3.45312,0.76637,-3.83365,0.492773,-3.62867,-3.8569,0.046028,0.100425
g3_temporal,2,31,0.365824,4865,3.23438,0.166673,-4.02395,0.765814,-3.37854,-4.0757,0.0837686,0.165642
g3_temporal,2,32,0.334339,6146,3.35938,0.14046,-4.17763,0.827338,-3.52484,-4.24519,0.0577474,0.0870928
g3_temporal,2,33,0.268153,6085,3.57812,0.428431,-4.08275,0.88439,-3.42152,-4.15043,0.0577819,0.0812556
g3_temporal,2,34,0.409608,5907,4.125,0.453822,-4.01599,0.773748,-3.01294,-4.11536,0.102671,0.171554
g3_temporal,2,35,0.467246,6531,5.375,0.68304,-3.8859,0.523508,-3.59728,-3.91784,0.0403573,0.0460184
g3_temporal,2,36,0.398762,6099,4.0625,0.771182,-3.9081,0.5643,-3.53922,-3.94595,0.0412272,0.0533791
g3_temporal,2,37,0.275854,6240,3.34375,0.0793607,-3.8577,0.685556,-3.47665,-3.8978,0.0415161,0.0379849
g3_temporal,2,38,0.339357,4174,2.9375,0.190731,-4.0432,0.796586,-3.18954,-4.10127,0.106128,0.184596
g3_temporal,2,39,0.436841,6568,3.71875,0.525296,-4.09078,0.6729,-3.51631,-4.15477,0.0652865,0.123191
g3_temporal,2,40,0.356067,6014,3.26562,0.215799,-4.13707,0.906537,-3.20177,-4.23157,0.0638507,0.0727037
g3_temporal,2,41,0.314744,5303,3.42188,0.215511,-3.92602,0.752212,-3.43018,-3.96967,0.0669363,0.134213
g3_temporal,2,42,0.47854,6486,3.375,0.221991,-4.20626,0.72717,-3.51392,-4.28231,0.084512,0.162102
g3_temporal,2,43,0.280025,5614,2.85938,-0.00742881,-3.5301,0.485146,-3.2704,-3.55443,0.0426488,0.0241322
g3_temporal,2,44,0.282445,5598,2.875,0.131522,-3.81103,0.538083,-3.5656,-3.83395,0.0368899,0.0360907
g3_temporal,2,45,0.372712,5762,3.1875,0.108751,-4.15971,0.93235,-3.18148,-4.25401,0.0771801,0.117756
g3_temporal,2,46,0.29876,4984,3.17188,0.37009,-4.17621,0.948977,-3.37468,-4.24218,0.0713929,0.114862
g3_temporal,2,47,0.294605,4924,2.78125,0.149502,-4.09273,0.742993,-3.51997,-4.13926,0.0490202,0.0644291
g3_temporal,2,48,0.457155,7632,3.8125,0.601143,-3.89024,0.701313,-3.10328,-3.99397,0.0471056,0.0322619
g3_temporal,2,49,0.250892,5074,2.79688,0.184617,-3.8611,0.59027,-3.63754,-3.87986,0.0403181,0.0655247
g3_temporal,2,50,0.329295,6006,3.65625,0.251502,-3.91692,0.58093,-3.75579,-3.93317,0.0338645,0.0315065
g3_temporal,2,51,0.369947,9544,4.4375,0.383769,-3.72989,0.584104,-3.20048,-3.82013,0.0414777,0.0236671
g3_temporal,2,52,0.484698,6754,3.70312,0.561865,-4.23294,0.782042,-3.39674,-4.32902,0.0939567,0.165282
g3_temporal,2,53,0.572717,8000,4.8125,0.521346,-4.22221,0.70877,-3.62374,-4.30543,0.0392814,0.0470335
g3_temporal,2,54,0.231283,6410,2.57812,0.0245297,-3.78638,0.528944,-3.57684,-3.8091,0.0357923,0.0306726
g3_temporal,2,55,0.382798,4662,3.29688,0.254612,-4.01513,0.739404,-3.35915,-4.06537,0.0480739,0.0412598
g3_temporal,2,56,0.352004,4543,4.46875,0.398907,-4.12289,0.960338,-3.08097,-4.20049,0.106693,0.16332
g3_temporal,2,57,0.347633,8050,3.95312,0.47481,-3.87617,0.555479,-3.68375,-3.90311,0.0348123,0.043739
g3_temporal,2,58,0.309748,5626,2.95312,0.198672,-4.13734,0.810725,-3.48979,-4.19815,0.0545365,0.0819679
g3_temporal,2,59,0.185587,6588,2.54688,0.0157215,-3.61337,0.471254,-3.49181,-3.62696,0.0370574,0.0219674
g3_temporal,2,60,0.401597,6059,3.01562,0.317168,-4.21534,0.950931,-3.31783,-4.30677,0.0789934,0.11373
g3_temporal,2,61,0.340203,6058,3.17188,0.281295,-4.13199,0.9218,-3.29018,-4.21773,0.0708577,0.0907455
g3_temporal,2,62,0.234125,8225,2.78125,0.0740156,-3.66182,0.583034,-3.49976,-3.68508,0.0375775,0.0289225
g3_temporal,2,63,0.186344,4686,2.54688,0.130459,-3.42296,0.383297,-3.40044,-3.42469,0.03692,0.0171044
g3_temporal,2,64,0.229313,7139,2.78125,0.157914,-3.69324,0.549434,-3.49537,-3.71743,0.0398781,0.0451295
g3_temporal,2,65,0.597197,5676,4.125,0.399996,-4.36453,0.820818,-3.20565,-4.47441,0.0665146,0.0923525
g3_temporal,2,66,0.364836,7108,3.78125,0.771252,-3.94122,0.546489,-3.75834,-3.96347,0.029405,0.0263611
g3_temporal,2,67,0.348058,6359,3.96875,0.432222,-4.09619,0.822503,-3.45226,-4.16539,0.0713249,0.11752
g3_temporal,2,68,0.398161,8877,3.3125,0.294609,-3.92816,0.548391,-3.63865,-3.97351,0.0377029,0.0582244
g3_temporal,2,69,0.362033,4113,3.57812,0.544971,-4.30984,1.01937,-2.99244,-4.39805,0.106545,0.155012
g3_temporal,2,70,0.334931,6083,3.10938,0.250033,-4.08234,0.836744,-3.31374,-4.16098,0.0586614,0.0758701
g3_temporal,2,71,0.309278,5313,3.45312,0.283497,-4.09925,0.816725,-3.49355,-4.15269,0.0598537,0.0968048
g3_temporal,2,72,0.322433,5224,3.875,0.472154,-4.04274,0.863563,-3.30169,-4.10692,0.0766742,0.119378
g3_temporal,2,73,0.404369,9370,3.26562,0.464042,-3.95715,0.75344,-3.31457,-4.06435,0.0526492,0.0512189
g3_temporal,2,74,0.343656,7385,3.125,0.318519,-4.023,0.596858,-3.68269,-4.06621,0.0527735,0.108153
g3_temporal,2,75,0.321547,5298,3.09375,0.237033,-3.86445,0.684851,-3.44653,-3.90121,0.0665622,0.125327
g3_temporal,2,76,0.370095,6709,3.40625,0.319738,-4.14212,0.786507,-3.51419,-4.21373,0.06961,0.110773
g3_temporal,2,77,0.316121,3029,3.875,0.453841,-4.25939,1.09262,-3.02857,-4.31903,0.0921,0.128822
g3_temporal,2,78,0.433549,5436,3.5625,0.758831,-4.15915,0.702822,-3.5397,-4.21518,0.0677736,0.120328
g3_temporal,2,79,0.34767,7438,3.78125,0.336692,-4.01067,0.624165,-3.59857,-4.06343,0.0655464,0.143454
g3_temporal,2,80,0.358403,8457,2.95312,0.389095,-3.8824,0.660256,-3.54678,-3.93212,0.0387143,0.0406219
g3_temporal,2,81,0.37569,7314,3.21875,0.107434,-4.03047,0.828713,-3.20451,-4.13423,0.0434581,0.0286548
g3_temporal,2,82,0.303225,7059,3.01562,0.343266,-3.92532,0.594903,-3.65911,-3.95746,0.0433714,0.0648661
g3_temporal,2,83,0.425632,6489,3.35938,0.220583,-3.77141,0.613933,-3.23202,-3.83069,0.0462687,0.0303131
g3_temporal,2,84,0.425603,5335,3.60938,0.358629,-4.22302,0.876227,-3.18493,-4.31502,0.0948872,0.160001
g3_temporal,2,85,0.397041,6809,3.8125,0.404576,-4.10551,0.781054,-3.47573,-4.17852,0.0622674,0.0916691
g3_temporal,2,86,0.256605,5850,3.09375,0.0898143,-3.76171,0.520152,-3.58358,-3.77917,0.0355134,0.0466662
g3_temporal,2,87,0.46294,8343,3.26562,0.20677,-3.99235,0.874809,-2.74243,-4.17468,0.0865159,0.0936434
g3_temporal,2,88,0.280045,5291,3.1875,0.270211,-4.12332,0.944769,-3.38573,-4.18809,0.0698011,0.105609
g3_temporal,2,89,0.189521,3878,2.85938,0.37647,-3.57337,0.421998,-3.56354,-3.57399,0.033812,0.0177729
g3_temporal,2,90,0.178186,7641,2.39062,0.0643184,-3.62227,0.514507,-3.46483,-3.64305,0.037314,0.0227096
g3_temporal,2,91,0.271916,4580,3.35938,0.238593,-3.76149,0.57763,-3.5806,-3.77508,0.0427492,0.0698892
g3_temporal,2,92,0.359934,4609,4.15625,0.756262,-3.95286,0.61395,-3.48715,-3.98809,0.0630251,0.121265
g3_temporal,2,93,0.39318,5283,3.51562,0.654758,-4.10402,0.777108,-3.49095,-4.15777,0.0571308,0.081061
g3_temporal,2,94,0.124874,3746,2.45312,0.0574432,-3.53484,0.415258,-3.52234,-3.5356,0.0358662,0.0199536
g3_temporal,2,95,0.338104,5793,3.17188,0.181549,-4.09636,0.885879,-3.33486,-4.1702,0.0779854,0.135645
g3_temporal,2,96,0.344822,5502,4.65625,0.521562,-4.05927,0.842202,-3.42519,-4.11738,0.0562665,0.0698583
g3_temporal,2,97,0.329711,8275,2.84375,0.252292,-3.54548,0.441474,-3.31372,-3.57898,0.0378501,0.0178944
g3_temporal,2,98,0.236405,4809,3.125,0.100725,-3.84309,0.70071,-3.52519,-3.86827,0.0457703,0.0614632
g3_temporal,2,99,0.30511,7897,3.28125,0.0883101,-3.7096,0.479704,-3.49954,-3.73838,0.0354533,0.0213693
g3_temporal,2,100,0.322222,6466,3,0.236794,-3.82916,0.594018,-3.36487,-3.87998,0.0413924,0.0282086
g3_temporal,2,101,0.450015,7628,3.34375,0.186542,-3.93977,0.941254,-2.54832,-4.12306,0.0963929,0.0870373
g3_temporal,2,102,0.377837,5175,3.46875,0.363286,-3.98871,0.844491,-3.29876,-4.04786,0.0746063,0.116975
g3_temporal,2,103,0.335414,4625,3.46875,0.647202,-3.99454,0.803526,-3.40459,-4.03934,0.0723496,0.129408
g3_temporal,2,104,0.275322,5661,3.4375,0.280531,-3.8882,0.817069,-3.38531,-3.93575,0.0489807,0.0596536
g3_temporal,2,105,0.414356,6429,3.54688,0.159367,-4.13115,0.906751,-3.27414,-4.22437,0.0807346,0.129634
g3_temporal,2,106,0.35254,5552,3.21875,0.321266,-4.09727,0.798688,-3.38945,-4.16279,0.0729927,0.116907
g3_temporal,2,107,0.321469,5437,2.84375,0.108053,-3.99333,0.762638,-3.45914,-4.04166,0.0629988,0.109336
g3_temporal,2,108,0.220104,4252,2.6875,0.561779,-3.4699,0.418892,-3.33832,-3.47902,0.0384888,0.0186949
g3_temporal,2,109,0.311021,6292,3.35938,0.212489,-3.88096,0.656017,-3.4527,-3.92645,0.0561615,0.0969989
g3_temporal,2,110,0.29873,3823,3.1875,0.318096,-3.88224,0.73675,-3.43106,-3.91019,0.0594763,0.119119
g3_temporal,2,111,0.455165,7157,3.125,0.238933,-4.28919,0.829925,-3.45222,-4.3918,0.100382,0.183315
g3_temporal,2,112,0.314683,3328,2.8125,0.196078,-4.64486,1.24882,-2.96841,-4.73455,0.117116,0.172428
g3_temporal,2,113,0.226427,3317,3.35938,1.25958,-3.57848,0.419746,-3.39114,-3.58847,0.0356148,0.0154218
g3_temporal,2,114,0.38289,4474,3.9375,0.584024,-3.80724,0.541777,-3.47704,-3.83144,0.0371973,0.0210675
g3_temporal,2,115,0.32635,5218,3.10938,0.222525,-3.92085,0.755806,-3.40204,-3.96574,0.0710565,0.139969
g3_temporal,2,116,0.27593,5205,3.20312,0.325837,-3.67321,0.591615,-3.34467,-3.70156,0.0446402,0.0646352
g3_temporal,2,117,0.400755,5205,2.95312,0.147452,-3.99095,0.680823,-3.49224,-4.03398,0.0402684,0.0328751
g3_temporal,2,118,0.429706,6660,3.5,0.290934,-4.01488,0.73652,-3.43494,-4.08048,0.0708959,0.117639
g3_temporal,2,119,0.328659,8602,3.17188,0.0526035,-3.8306,0.571471,-3.56317,-3.871,0.0351023,0.0269312
g3_temporal,2,120,0.261219,7057,3.42188,0.379739,-3.93204,0.734447,-3.53716,-3.97969,0.0422826,0.0432273
g3_temporal,2,121,0.211501,3735,3.39062,0.19453,-3.6826,0.487803,-3.56185,-3.6899,0.0359956,0.0401048
g3_temporal,2,122,0.483961,7179,3.95312,0.35141,-3.9886,0.665494,-3.54849,-4.04274,0.0497379,0.0790262
g3_temporal,2,123,0.313318,4503,3.07812,0.263251,-4.79314,1.28747,-2.49411,-4.96275,0.198504,0.233456
g3_temporal,2,124,0.329075,5906,3.625,0.276944,-4.18727,0.864115,-3.43259,-4.26201,0.0667957,0.109008
g3_temporal,2,125,0.27347,4109,2.625,0.0486595,-3.58244,0.490736,-3.31257,-3.60049,0.0419581,0.0231687
g3_temporal,2,126,0.427414,6394,3.25,0.336332,-4.07252,0.514367,-3.81976,-4.09985,0.0355281,0.0458274
g3_temporal,2,127,0.165574,10549,2.17188,-0.0103687,-3.40891,0.402748,-3.35332,-3.41958,0.0383721,0.0173411
g3_temporal,2,128,0.271568,6394,3.5,0.535207,-3.78153,0.670842,-3.4438,-3.81805,0.0518729,0.0967315
g3_temporal,2,129,0.325661,8639,3.14062,0.162696,-3.92102,0.661848,-3.50213,-3.98463,0.0400893,0.0377168
g3_temporal,2,130,0.344839,5333,3.79688,0.265295,-3.87039,0.71568,-3.35948,-3.91565,0.0610302,0.108643
g3_temporal,2,131,0.397923,5303,3.40625,0.296888,-4.31248,0.923225,-3.40144,-4.39269,0.0671045,0.0939327
g3_temporal,2,132,0.122949,5609,2.09375,0.168772,-3.49025,0.413007,-3.42854,-3.49603,0.0357283,0.016465
g3_temporal,2,133,0.341256,5077,3.35938,0.237576,-4.10668,0.748047,-3.45766,-4.16119,0.0615125,0.107506
g3_temporal,2,134,0.354334,5667,3.17188,0.294534,-4.04364,0.714709,-3.60916,-4.08477,0.0562489,0.0932232
g3_temporal,2,135,0.34433,4498,3.46875,0.277282,-3.85299,0.685672,-3.37545,-3.88819,0.0553495,0.0777076
g3_temporal,2,136,0.29375,6282,2.98438,0.252592,-3.7736,0.513008,-3.63499,-3.7883,0.0335406,0.0291478
g3_temporal,2,137,0.331766,6048,3.53125,0.314463,-3.90979,0.637335,-3.49911,-3.95154,0.0409814,0.0337754
g3_temporal,2,138,0.16251,4391,2.53125,0.0877022,-3.47221,0.409535,-3.37916,-3.4789,0.0382341,0.0182812
g3_temporal,2,139,0.114455,1877,2.17188,0.0144567,-3.44426,0.397157,-3.43902,-3.44441,0.0349559,0.0167393
g3_temporal,2,140,0.163924,5999,2.20312,-0.0273756,-3.51201,0.418951,-3.44687,-3.51857,0.0361002,0.0175393
g3_temporal,2,141,0.106468,4227,2.79688,0.640168,-3.52998,0.398672,-3.49576,-3.53234,0.0338569,0.01722
g3_temporal,2,142,0.303584,10906,2.8125,0.196772,-3.74061,0.62762,-3.38603,-3.81139,0.0397071,0.0325819
g3_temporal,2,143,0.445354,6216,3.34375,0.238434,-4.26528,0.840466,-3.41839,-4.35402,0.0785413,0.11998
g3_temporal,2,144,0.346584,7142,3.78125,0.192276,-3.99949,0.763806,-3.31402,-4.08333,0.0532482,0.082684
g3_temporal,2,145,0.33963,5953,4.09375,0.626099,-4.05152,0.681833,-3.63189,-4.09345,0.0564458,0.102818
g3_temporal,2,146,0.147851,3743,4.625,5.05306,-3.40242,0.419085,-3.33321,-3.40661,0.0374376,0.0174364
g3_temporal,2,147,0.33219,6451,3.51562,0.402173,-3.85658,0.702571,-3.51579,-3.89379,0.0464593,0.0571027
g3_temporal,2,148,0.498056,9486,3.53125,0.387121,-3.71133,0.608966,-3.10401,-3.81411,0.0466471,0.0271681
g3_temporal,2,149,0.384129,6035,3.42188,0.355139,-4.39716,0.972511,-3.31304,-4.50711,0.0644006,0.0817515
g3_temporal,2,150,0.32763,7083,3.21875,0.10716,-3.94942,0.757047,-3.38208,-4.01816,0.049545,0.0561989
g3_temporal,2,151,0.368744,5382,3.64062,0.193228,-4.10318,0.883622,-3.07713,-4.19498,0.0824599,0.110816
g3_temporal,2,152,0.281341,5490,2.79688,0.104579,-3.8272,0.552888,-3.61028,-3.84703,0.0350337,0.0250769
g3_temporal,2,153,0.362979,5171,2.90625,0.206959,-4.17254,0.814927,-3.25098,-4.25148,0.0548886,0.055438
g3_temporal,2,154,0.336508,5580,3.09375,0.00230192,-3.79057,0.588514,-3.56906,-3.81118,0.033431,0.0238059
g3_temporal,2,155,0.343336,6817,3.17188,0.117518,-4.2452,0.912104,-3.44459,-4.33815,0.0627878,0.091024
g3_temporal,2,156,0.514078,8509,3.5,0.389699,-3.86471,0.604286,-3.33328,-3.94401,0.0419313,0.029423
g3_temporal,2,157,0.306697,6504,3.32812,0.135122,-3.82439,0.635167,-3.53546,-3.85622,0.0439346,0.0649993
g3_temporal,2,158,0.324754,7162,3.45312,0.285455,-3.73863,0.60093,-3.38729,-3.78174,0.0426741,0.0432174
g3_temporal,2,159,0.452361,6908,3.46875,0.29649,-3.97314,0.589312,-3.45893,-4.03373,0.0417058,0.0363745
g3_temporal,2,160,0.352922,4916,3.625,0.389429,-4.167,0.965125,-3.27933,-4.23898,0.0873709,0.137106
g3_temporal,2,161,0.329709,5865,3.03125,0.106958,-4.23673,1.00897,-3.10167,-4.34829,0.114878,0.17852
g3_temporal,2,162,0.420088,7281,3.54688,0.153328,-4.06927,0.856335,-3.298,-4.16567,0.0609302,0.0716392
g3_temporal,2,163,0.360362,5877,3.125,0.128485,-4.30709,1.01486,-2.98878,-4.43696,0.0942862,0.121925
g3_temporal,2,164,0.375472,5978,3.1875,0.138531,-4.33453,1.00374,-3.23525,-4.44486,0.0744654,0.0883676
g3_temporal,2,165,0.348347,5043,3.125,0.139814,-3.94315,0.747953,-3.35293,-3.99235,0.0753958,0.139925
g3_temporal,2,166,0.366127,6206,3.3125,0.132961,-3.92616,0.808498,-3.40313,-3.98087,0.0609799,0.0946183
g3_temporal,2,167,0.298128,6524,3.5,0.284701,-3.95556,0.668611,-3.57211,-3.99796,0.053907,0.0925338
g3_temporal,2,168,0.424892,8854,3.40625,0.0756323,-4.02708,0.830023,-3.03189,-4.18253,0.0536678,0.0400941
g3_temporal,2,169,0.316637,5097,3.3125,0.420999,-4.06961,0.842075,-3.33344,-4.13169,0.0792255,0.138072
g3_temporal,2,170,0.179507,6222,2.3125,-0.0335859,-3.49824,0.416311,-3.38304,-3.51033,0.037682,0.0182667
g3_temporal,2,171,0.391863,6283,3.375,0.407687,-3.82096,0.613006,-3.31263,-3.87486,0.0433603,0.0293558
g3_temporal,2,172,0.373445,6169,2.85938,0.16972,-4.08311,0.777704,-3.35922,-4.15834,0.0549045,0.0668609
g3_temporal,2,173,0.319063,8168,3.15625,0.270343,-3.70373,0.604949,-3.45725,-3.73883,0.0404749,0.0340394
g3_temporal,2,174,0.401935,7631,3.26562,0.232886,-3.93961,0.667109,-3.34402,-4.0181,0.0417047,0.0294208
g3_temporal,2,175,0.388537,6023,3.21875,0.328203,-4.04686,0.749788,-3.36616,-4.11575,0.0775843,0.126627
g3_temporal,2,176,0.231084,4620,2.95312,0.181648,-3.81028,0.60571,-3.56224,-3.82909,0.037634,0.0309835
g3_temporal,2,177,0.342737,3927,3.29688,0.222044,-4.29267,1.03994,-3.0342,-4.37289,0.0891564,0.119729
g3_temporal,2,178,0.13759,8898,2.42188,0.10715,-3.44932,0.422888,-3.41235,-3.45513,0.0381903,0.0194499
g3_temporal,2,179,0.510738,6906,4.125,0.916887,-4.31889,0.813345,-3.54769,-4.40973,0.0549435,0.0722354
g3_temporal,2,180,0.246165,6091,2.48438,0.032167,-3.68559,0.604218,-3.50779,-3.70381,0.0416559,0.0562463
g3_temporal,2,181,0.281031,6860,4.40625,0.624419,-3.82196,0.580729,-3.5678,-3.85167,0.0349073,0.0268992
g3_temporal,2,182,0.141518,5162,2.17188,0.0176678,-3.50336,0.38389,-3.44816,-3.50808,0.0359314,0.0162947
g3_temporal,2,183,0.28931,6254,3.01562,0.141874,-4.07282,0.90498,-3.29341,-4.15505,0.062311,0.080537
g3_temporal,2,184,0.371266,6699,3.17188,0.367866,-3.91231,0.676778,-3.56223,-3.95217,0.0504235,0.0764884
g3_temporal,2,185,0.192716,2249,2.40625,0.06209,-3.51366,0.459908,-3.37376,-3.51863,0.0408106,0.0227442
g3_temporal,2,186,0.382293,7564,3.375,0.318019,-3.86423,0.704273,-3.43183,-3.92064,0.0508492,0.0895374
g3_temporal,2,187,0.289831,7965,3.39062,0.366339,-3.66791,0.443086,-3.62737,-3.67352,0.031461,0.0175781
g3_temporal,2,188,0.317191,4508,3.20312,0.459057,-3.94571,0.701395,-3.39165,-3.98664,0.0755537,0.156141
g3_temporal,2,189,0.348072,5457,3.5,0.38973,-4.1046,0.788045,-3.47238,-4.16203,0.0673578,0.118759
g3_temporal,2,190,0.589923,6895,3.90625,0.727934,-4.24519,0.770199,-3.39692,-4.34493,0.0510133,0.0562774
g3_temporal,2,191,0.25689,8855,4.0625,0.141895,-3.74383,0.52488,-3.64537,-3.75922,0.0338277,0.0274322
g3_temporal,3,0,0.392978,4995,4.15625,0.39313,-3.92233,0.811816,-3.16161,-3.98509,0.0668902,0.0952992
g3_temporal,3,1,0.403275,6126,3.64062,0.24482,-3.85993,0.710434,-3.3091,-3.91672,0.0560554,0.0685338
g3_temporal,3,2,0.426731,5438,3.875,0.350227,-4.0552,0.803096,-3.25704,-4.12743,0.0573201,0.0651067
g3_temporal,3,3,0.409796,5582,4.46875,0.524425,-3.95048,0.796604,-3.08372,-4.03118,0.0871282,0.132299
g3_temporal,3,4,0.424529,5016,3.64062,0.366132,-4.08654,0.830689,-3.1804,-4.16164,0.0657047,0.0807106
g3_temporal,3,5,0.390527,6652,4.09375,0.282449,-3.81205,0.699895,-3.26978,-3.87331,0.0524879,0.0663543
g3_temporal,3,6,0.348689,6522,3.98438,0.286092,-3.7926,0.693845,-3.29295,-3.84782,0.0513108,0.0631492
g3_temporal,3,7,0.432666,6193,3.32812,0.323877,-3.91454,0.794414,-3.03439,-4.00639,0.0638978,0.0707134
g3_temporal,3,8,0.420696,5727,4.53125,0.461691,-4.05122,0.850534,-3.11427,-4.14094,0.0871479,0.12455
g3_temporal,3,9,0.361179,10401,3.76562,0.365394,-3.64991,0.528275,-3.40391,-3.69632,0.0407864,0.0483248
g3_temporal,3,10,0.431044,6758,4.6875,0.703399,-3.81365,0.694031,-3.19957,-3.88426,0.0564464,0.0637169
g3_temporal,3,11,0.36719,5504,3.64062,0.410665,-3.9056,0.753988,-3.31786,-3.95949,0.057794,0.0824251
g3_temporal,3,12,0.418351,6477,3.54688,0.319415,-3.82634,0.675973,-3.33505,-3.88022,0.0491967,0.0509054
g3_temporal,3,13,0.361503,5846,4.125,0.279622,-3.87166,0.788595,-3.22503,-3.93499,0.0568629,0.0787661
g3_temporal,3,14,0.172411,7396,2.39062,0.0506158,-3.39557,0.390349,-3.33415,-3.40339,0.0360586,0.014708
g3_temporal,3,15,0.299749,5916,3.04688,0.132916,-3.54035,0.507094,-3.31231,-3.56298,0.0411039,0.0223521
g3_temporal,3,16,0.165619,8813,2.76562,0.17055,-3.40161,0.390921,-3.34543,-3.41033,0.0371534,0.0162914
g3_temporal,3,17,0.416901,5385,4.15625,0.163321,-3.71536,0.563034,-3.41996,-3.7418,0.0520202,0.100426
g3_temporal,3,18,0.214783,8631,2.96875,0.252879,-3.49802,0.437994,-3.44127,-3.50663,0.0359287,0.0217121
g3_temporal,3,19,0.443712,5750,4.6875,0.461985,-3.79896,0.68519,-3.25537,-3.85124,0.06568,0.0984831
g3_temporal,3,20,0.481862,6754,3.76562,0.383397,-3.87668,0.758794,-3.15641,-3.95944,0.0635825,0.0786112
g3_temporal,3,21,0.483863,6298,3.70312,0.371827,-4.16844,0.961552,-2.9433,-4.29869,0.0609745,0.0482272
g3_temporal,3,22,0.366183,6812,3.42188,0.135042,-3.83539,0.685474,-3.24444,-3.90394,0.0565476,0.0819411
g3_temporal,3,23,0.438297,6095,3.26562,0.364946,-3.84802,0.679928,-3.24659,-3.90969,0.0676197,0.106233
g3_temporal,3,24,0.474058,6946,3.48438,0.212853,-3.63034,0.547597,-3.14823,-3.6875,0.0480775,0.0277188
g3_temporal,3,25,0.374323,5896,3.28125,0.139725,-3.79406,0.671213,-3.35058,-3.8379,0.058485,0.0995111
g3_temporal,3,26,0.261638,3477,2.96875,0.19227,-3.55275,0.438407,-3.48034,-3.55681,0.0348953,0.0217248
g3_temporal,3,27,0.294586,6221,3.45312,0.219749,-3.84169,0.714675,-3.38889,-3.88918,0.0521529,0.0778956
g3_temporal,3,28,0.269212,5369,3.65625,0.365927,-3.69361,0.582625,-3.43533,-3.71665,0.039855,0.0399616
g3_temporal,3,29,0.21762,8930,3.01562,0.191225,-3.38657,0.424712,-3.25117,-3.40793,0.043459,0.0219724
g3_temporal,3,30,0.610963,7043,3.90625,0.566419,-3.79682,0.605362,-3.01641,-3.89079,0.0546807,0.0391106
g3_temporal,3,31,0.523858,7794,3.76562,0.161305,-4.01008,0.765288,-3.02465,-4.14309,0.0528624,0.0384442
g3_temporal,3,32,0.504846,6773,3.8125,0.525531,-3.97408,0.784659,-3.07573,-4.07762,0.0613491,0.0578498
g3_temporal,3,33,0.392492,6412,3.32812,0.313999,-4.16211,0.888836,-3.16297,-4.27047,0.0687527,0.0847013
g3_temporal,3,34,0.478827,5856,3.45312,0.322768,-3.96708,0.781977,-3.27692,-4.0348,0.0579153,0.0634385
g3_temporal,3,35,0.445894,7226,3.6875,0.385901,-3.70968,0.57621,-3.31539,-3.75854,0.0402439,0.0259895
g3_temporal,3,36,0.221457,3994,3.4375,0.250945,-3.57089,0.414872,-3.47031,-3.57742,0.0341987,0.0189364
g3_temporal,3,37,0.425439,6156,4.03125,0.542534,-3.9088,0.667501,-3.33784,-3.968,0.0556585,0.0750143
g3_temporal,3,38,0.241934,5634,3.09375,0.30217,-3.43484,0.408141,-3.32745,-3.44494,0.0375176,0.0176664
g3_temporal,3,39,0.473432,6064,3.1875,0.150623,-4.08516,0.819107,-3.18945,-4.17649,0.0693851,0.0863751
g3_temporal,3,40,0.280453,6217,3.53125,0.255101,-3.5336,0.454483,-3.37078,-3.55066,0.0367038,0.0204928
g3_temporal,3,41,0.435319,4513,4.375,0.485927,-3.809,0.669771,-3.18325,-3.85528,0.0644163,0.0843146
g3_temporal,3,42,0.510463,5978,3.67188,0.474665,-4.16654,0.918719,-2.89867,-4.2938,0.0816228,0.100561
g3_temporal,3,43,0.367054,5891,3.875,0.261316,-3.85458,0.78749,-3.2147,-3.91778,0.0514539,0.055881
g3_temporal,3,44,0.429713,3702,3.25,0.202669,-3.78318,0.615663,-3.26435,-3.81424,0.0457001,0.0344428
g3_temporal,3,45,0.393608,5533,3.65625,0.230121,-3.95969,0.750754,-3.25151,-4.02499,0.0686632,0.109713
g3_temporal,3,46,0.252807,7243,2.78125,0.0454677,-3.39376,0.403897,-3.21422,-3.41607,0.0412239,0.0184034
g3_temporal,3,47,0.500604,6362,3.53125,0.214835,-4.06923,0.817623,-3.15632,-4.16738,0.0741971,0.0904538
g3_temporal,3,48,0.258705,9883,3.32812,0.227643,-3.42445,0.447659,-3.25213,-3.45505,0.0407486,0.0182527
g3_temporal,3,49,0.358946,5479,3.48438,0.179979,-3.90233,0.8405,-3.18946,-3.96737,0.063385,0.0805353
g3_temporal,3,50,0.459053,6243,4.4375,0.313725,-4.06661,0.834406,-3.15447,-4.16265,0.0735472,0.0994661
g3_temporal,3,51,0.410411,5825,3.875,0.41005,-3.91434,0.724347,-3.3132,-3.97299,0.0586718,0.0761661
g3_temporal,3,52,0.167391,5102,3.4375,1.07942,-3.42274,0.388334,-3.3605,-3.42799,0.0363028,0.0164054
g3_temporal,3,53,0.407174,6234,3.79688,0.4064,-3.79889,0.596868,-3.39945,-3.84088,0.0429739,0.0409382
g3_temporal,3,54,0.285871,4040,3.5625,0.289472,-3.56638,0.456883,-3.38443,-3.57833,0.0379103,0.0227611
g3_temporal,3,55,0.353271,6195,4.5,1.06487,-4.0341,0.757857,-3.43864,-4.09627,0.0490978,0.0624306
g3_temporal,3,56,0.500841,5502,4.03125,0.435753,-3.92277,0.765046,-3.12355,-3.99602,0.0736979,0.0996038
g3_temporal,3,57,0.306791,5192,3.25,0.448035,-3.6379,0.524331,-3.44624,-3.65439,0.0354959,0.0236236
g3_temporal,3,58,0.496279,5757,3.96875,0.419322,-3.93307,0.736639,-3.12623,-4.01078,0.0549583,0.0539927
g3_temporal,3,59,0.458437,3883,3.78125,0.401002,-3.87516,0.672487,-3.25868,-3.91399,0.0692391,0.130542
g3_temporal,3,60,0.40462,6289,3.67188,0.719201,-4.01801,0.718608,-3.44215,-4.07914,0.0447581,0.0513003
g3_temporal,3,61,0.436131,4970,4.09375,0.50929,-3.76691,0.586308,-3.34469,-3.80155,0.0516085,0.0658107
g3_temporal,3,62,0.446132,6011,4.90625,0.408992,-3.8193,0.717586,-3.20643,-3.88118,0.0829461,0.145009
g3_temporal,3,63,0.42464,5046,3.48438,0.284397,-3.6375,0.483575,-3.17596,-3.676,0.0449026,0.0270006
g3_temporal,3,64,0.12311,6841,2.15625,-0.0587477,-3.35619,0.415634,-3.30495,-3.36217,0.0368375,0.0168787
g3_temporal,3,65,0.480139,8504,3.375,0.255906,-3.82046,0.812526,-2.8095,-3.9712,0.0794535,0.081562
g3_temporal,3,66,0.245284,9148,2.67188,0.0369156,-3.41087,0.402301,-3.35774,-3.41949,0.0374581,0.0157356
g3_temporal,3,67,0.423173,6312,3.40625,0.359752,-3.90599,0.718157,-3.31744,-3.96872,0.0620752,0.0961113
g3_temporal,3,68,0.314584,6691,4.125,0.387434,-3.76962,0.68965,-3.36392,-3.81575,0.0465126,0.0537156
g3_temporal,3,69,0.513197,5648,3.84375,0.63474,-3.99932,0.781099,-3.21596,-4.07319,0.0559528,0.0612152
g3_temporal,3,70,0.432207,5470,4.0625,0.692916,-4.0535,0.858735,-2.99282,-4.1501,0.0954912,0.131259
g3_temporal,3,71,0.300027,5397,3.54688,0.172151,-3.76523,0.723476,-3.36361,-3.80127,0.0525405,0.075003
g3_temporal,3,72,0.422528,5222,3.29688,0.261654,-3.95433,0.84702,-3.12428,-4.0262,0.0821586,0.122529
g3_temporal,3,73,0.413838,5076,3.71875,0.510161,-3.76174,0.629637,-3.33953,-3.79719,0.0554193,0.0857783
g3_temporal,3,74,0.228887,4127,3,0.291133,-3.45294,0.433989,-3.33046,-3.46117,0.0382954,0.0172995
g3_temporal,3,75,0.409683,4747,3.89062,0.2899,-4.42444,1.1544,-2.82605,-4.54926,0.0988904,0.116957
g3_temporal,3,76,0.234657,3834,2.64062,0.139581,-3.44559,0.398412,-3.22936,-3.45903,0.0427082,0.019282
g3_temporal,3,77,0.446975,7023,3.85938,0.264393,-3.72523,0.700697,-3.04278,-3.80714,0.0572177,0.0529297
g3_temporal,3,78,0.461812,7252,3.85938,0.309282,-3.75157,0.610928,-3.17548,-3.82325,0.047793,0.0321976
g3_temporal,3,79,0.208421,6513,2.71875,0.204327,-3.39992,0.408451,-3.29656,-3.41133,0.0393297,0.0173065
g3_temporal,3,80,0.535039,8243,3.5625,0.315807,-3.86794,0.873766,-2.74853,-4.029,0.0779639,0.0754261
g3_temporal,3,81,0.456973,6420,3.67188,0.482314,-4.03441,0.738594,-3.26333,-4.11815,0.0746034,0.110962
g3_temporal,3,82,0.338694,4926,3.46875,0.320461,-3.75562,0.688356,-3.2297,-3.79836,0.0566625,0.0751655
g3_temporal,3,83,0.219751,10795,3.15625,0.168292,-3.37237,0.422251,-3.29279,-3.38807,0.040332,0.0185895
g3_temporal,3,84,0.421308,7327,3.67188,0.306637,-3.88307,0.769899,-3.23808,-3.96426,0.0551204,0.0684088
g3_temporal,3,85,0.487258,9363,3.57812,0.577921,-3.64671,0.695789,-2.89518,-3.77198,0.0646352,0.0484923
g3_temporal,3,86,0.555427,2776,3.85938,0.516406,-4.09852,0.70716,-3.24386,-4.13632,0.0430886,0.0291681
g3_temporal,3,87,0.380118,8418,3.40625,0.298419,-3.73422,0.570082,-3.36465,-3.78868,0.0413937,0.0367739
g3_temporal,3,88,0.535503,5984,3.89062,0.803081,-4.01362,0.62949,-3.46963,-4.06828,0.0487472,0.0649532
g3_temporal,3,89,0.531919,6139,3.48438,0.338858,-4.00599,0.731711,-3.21365,-4.08789,0.0650199,0.0763765
g3_temporal,3,90,0.373201,6374,4,0.335942,-3.82411,0.703909,-3.19729,-3.89165,0.0784593,0.122843
g3_temporal,3,91,0.459628,5654,4.375,0.891915,-4.05544,0.864064,-3.16252,-4.13975,0.0746401,0.108203
g3_temporal,3,92,0.42599,6437,3.59375,0.425054,-3.94368,0.70845,-3.33316,-4.01018,0.0547022,0.0713341
g3_temporal,3,93,0.456158,7033,3.92188,0.708659,-4.05064,0.78399,-3.10834,-4.16392,0.0583823,0.0561601
g3_temporal,3,94,0.324935,6469,3.39062,0.242629,-3.83765,0.68438,-3.38171,-3.88759,0.0467662,0.0529562
g3_temporal,3,95,0.32837,6306,3.64062,0.283036,-3.63735,0.579547,-3.28703,-3.67465,0.0567468,0.0776867
g3_temporal,3,96,0.403544,5580,3.8125,0.355679,-3.8918,0.765738,-3.22983,-3.95341,0.0512783,0.0495917
g3_temporal,3,97,0.297656,5197,2.95312,0.361113,-3.49274,0.446628,-3.31816,-3.50777,0.0368745,0.017704
g3_temporal,3,98,0.272135,6485,2.9375,0.130022,-3.53507,0.418466,-3.44467,-3.545,0.0354905,0.0189289
g3_temporal,3,99,0.46757,3131,3.40625,0.310893,-4.69266,1.20912,-2.38406,-4.80849,0.169978,0.205512
g3_temporal,3,100,0.361251,4846,3.15625,0.271235,-4.03034,0.934473,-3.10008,-4.10462,0.0737373,0.0953304
g3_temporal,3,101,0.578072,6547,3.9375,0.491896,-3.76485,0.48159,-3.48138,-3.79631,0.0402157,0.0553226
g3_temporal,3,102,0.465398,5474,3.89062,0.413113,-3.99106,0.815031,-3.21063,-4.06219,0.0671674,0.0815474
g3_temporal,3,103,0.338341,5251,3.65625,0.55341,-3.66059,0.495004,-3.49349,-3.67514,0.035827,0.0250066
g3_temporal,3,104,0.281803,5622,3.71875,0.339295,-3.6863,0.587871,-3.40154,-3.71302,0.0423548,0.0421011
g3_temporal,3,105,0.580744,6790,4.8125,1.52311,-4.03681,0.648244,-3.34134,-4.11719,0.0511815,0.0635696
g3_temporal,3,106,0.408036,4804,3.5,0.452966,-3.80453,0.630511,-3.33255,-3.84187,0.0614539,0.101889
g3_temporal,3,107,0.383792,5342,3.17188,0.314861,-4.23985,1.06812,-2.74699,-4.37234,0.109755,0.131999
g3_temporal,3,108,0.565468,6870,3.57812,0.346189,-4.01298,0.883715,-2.75139,-4.16072,0.0690605,0.0508053
g3_temporal,3,109,0.483553,7500,3.79688,0.461885,-3.67129,0.622899,-3.14737,-3.739,0.0495785,0.0306501
g3_temporal,3,110,0.525955,6652,4.09375,0.30651,-3.90342,0.741467,-3.19726,-3.98319,0.0769726,0.118168
g3_temporal,3,111,0.413942,4530,4.3125,0.929889,-3.96112,0.79629,-3.24216,-4.0145,0.0561386,0.0647169
g3_temporal,3,112,0.280376,6301,3.4375,0.299506,-3.54194,0.457086,-3.32736,-3.56476,0.0403154,0.0222023
g3_temporal,3,113,0.391941,6383,5.375,0.449463,-3.94294,0.723536,-3.37336,-4.0044,0.0574395,0.0772092
g3_temporal,3,114,0.279716,6678,3.34375,0.194175,-3.5757,0.56863,-3.40742,-3.59479,0.0416109,0.0394192
g3_temporal,3,115,0.410949,4969,3.53125,0.314375,-4.03892,0.793463,-3.19798,-4.10792,0.0683872,0.0927098
g3_temporal,3,116,0.510458,7680,4.15625,0.642807,-3.74716,0.682552,-3.05758,-3.8387,0.058372,0.0494028
g3_temporal,3,117,0.490997,7236,3.64062,0.30432,-3.80016,0.543785,-3.50256,-3.83709,0.0385126,0.0367073
g3_temporal,3,118,0.452974,6292,3.84375,0.316115,-3.72908,0.667805,-3.08605,-3.79737,0.0585714,0.0484468
g3_temporal,3,119,0.386632,6274,3.5,0.125706,-3.79934,0.725048,-3.21302,-3.86141,0.0609904,0.0770855
g3_temporal,3,120,0.378136,5652,3.21875,0.268707,-4.02809,0.879909,-3.06066,-4.1194,0.0736368,0.094175
g3_temporal,3,121,0.536706,5012,4.25,0.380372,-3.82752,0.669972,-3.04238,-3.89254,0.053556,0.0331428
g3_temporal,3,122,0.468928,6030,3.28125,0.257757,-3.88044,0.624123,-3.36007,-3.93317,0.045815,0.0454683
g3_temporal,3,123,0.318386,5609,3.46875,0.381876,-3.77774,0.647183,-3.41067,-3.8121,0.0490769,0.074444
g3_temporal,3,124,0.504682,5579,3.375,0.293118,-4.25137,0.863272,-3.23512,-4.34593,0.0774822,0.10968
g3_temporal,3,125,0.181792,3153,2.48438,0.037156,-3.38535,0.421561,-3.30986,-3.38917,0.0403086,0.0187111
g3_temporal,3,126,0.49108,6174,4.03125,0.567535,-4.16675,0.94262,-3.05984,-4.28188,0.0956927,0.123489
g3_temporal,3,127,0.394651,10394,3.92188,0.523954,-3.62002,0.559195,-3.31293,-3.6779,0.0410129,0.0320699
g3_temporal,3,128,0.383835,5407,3.34375,0.308327,-3.81841,0.665927,-3.35087,-3.86045,0.0705318,0.130007
g3_temporal,3,129,0.420079,5573,4.125,0.493981,-3.96565,0.750045,-3.2095,-4.03593,0.0525671,0.0513642
g3_temporal,3,130,0.358812,5082,3.48438,0.367644,-3.73783,0.678356,-3.22954,-3.78056,0.065469,0.115929
g3_temporal,3,131,0.568999,7851,3.98438,0.436866,-3.89192,0.763472,-2.94751,-4.02045,0.0661971,0.0624109
g3_temporal,3,132,0.386016,4376,3.35938,0.204996,-4.50936,1.16646,-2.59444,-4.64637,0.151293,0.187149
g3_temporal,3,133,0.395,4400,3.71875,0.483803,-4.05804,0.863524,-3.19253,-4.12033,0.0731655,0.106586
g3_temporal,3,134,0.246111,5514,2.92188,0.0162437,-3.44142,0.40352,-3.31559,-3.45298,0.0396914,0.0178756
g3_temporal,3,135,0.354191,5624,3.76562,0.599146,-3.70955,0.531411,-3.43569,-3.73526,0.0390567,0.0320012
g3_temporal,3,136,0.49619,4972,3.60938,0.427915,-4.04745,0.804953,-3.14406,-4.12161,0.0719956,0.104497
g3_temporal,3,137,0.481847,6375,3.54688,0.26649,-4.2032,0.958607,-3.06457,-4.3259,0.0692246,0.0789124
g3_temporal,3,138,0.143943,4431,2.125,0.185093,-3.37899,0.428494,-3.31708,-3.38348,0.0356602,0.0153861
g3_temporal,3,139,0.359749,5664,4.25,0.41794,-3.75103,0.633914,-3.33634,-3.79026,0.0519303,0.061747
g3_temporal,3,140,0.55738,6330,4,0.407276,-3.83168,0.645753,-2.99023,-3.92165,0.0545791,0.0321313
g3_temporal,3,141,0.475808,7915,3.60938,0.366915,-3.94822,0.808519,-3.07541,-4.06811,0.0611502,0.0561002
g3_temporal,3,142,0.303528,5718,3.75,0.12394,-3.52026,0.452909,-3.28003,-3.54322,0.0385658,0.0188441
g3_temporal,3,143,0.388386,5765,3.625,0.341399,-4.00036,0.822669,-3.21351,-4.07625,0.0620804,0.0740903
g3_temporal,3,144,0.510864,5708,3.67188,0.282662,-3.91982,0.710702,-3.22061,-3.98653,0.0711299,0.103589
g3_temporal,3,145,0.455697,5940,3.51562,0.270187,-4.04803,0.808639,-3.25991,-4.12659,0.0499695,0.0488075
g3_temporal,3,146,0.371393,7791,3.67188,0.502126,-3.56784,0.545675,-3.15501,-3.62354,0.0506224,0.0454586
g3_temporal,3,147,0.441587,6178,3.48438,0.356029,-4.05061,0.892475,-3.14356,-4.14502,0.0799335,0.10919
g3_temporal,3,148,0.239621,6687,2.78125,0.130377,-3.41212,0.387082,-3.31437,-3.42322,0.0375551,0.0159764
g3_temporal,3,149,0.354537,5624,3.23438,0.198596,-3.7539,0.664524,-3.27792,-3.79858,0.053959,0.0700949
g3_temporal,3,150,0.256381,5472,3.14062,0.313433,-3.44764,0.410869,-3.25162,-3.46549,0.0361529,0.0156301
g3_temporal,3,151,0.461792,7969,4.53125,0.754159,-3.81221,0.725224,-3.21665,-3.89466,0.0466932,0.039335
g3_temporal,3,152,0.403995,5201,3.60938,0.374245,-3.95074,0.819887,-3.15132,-4.01965,0.0692427,0.0884988
g3_temporal,3,153,0.430897,6615,3.28125,0.242297,-3.81059,0.679792,-3.17187,-3.8823,0.0502957,0.0382188
g3_temporal,3,154,0.202534,5713,2.54688,0.135844,-3.47133,0.46281,-3.40004,-3.47814,0.0375363,0.0213612
g3_temporal,3,155,0.420592,6733,3.95312,0.35158,-3.75176,0.661126,-3.28743,-3.80493,0.0472964,0.0424086
g3_temporal,3,156,0.408695,6048,3.60938,0.318485,-3.81241,0.62388,-3.38059,-3.85631,0.0427263,0.0457814
g3_temporal,3,157,0.15332,2386,2.1875,0.138256,-3.3921,0.353274,-3.35564,-3.39348,0.0370061,0.0153767
g3_temporal,3,158,0.333778,7946,3.39062,0.263631,-3.76648,0.606533,-3.40452,-3.81642,0.0424456,0.041603
g3_temporal,3,159,0.432922,6112,3.78125,0.127817,-4.06362,0.706125,-3.39281,-4.13262,0.0698281,0.12067
g3_temporal,3,160,0.542107,6726,3.6875,0.584227,-4.05291,0.733692,-3.41479,-4.12588,0.0549589,0.0763477
g3_temporal,3,161,0.456722,6596,3.79688,0.602779,-4.10044,0.886106,-3.06823,-4.21596,0.0563226,0.0452929
g3_temporal,3,162,0.431281,6459,4.34375,0.323232,-3.76789,0.606075,-3.23488,-3.82617,0.0469904,0.0330625
g3_temporal,3,163,0.273843,5124,3.1875,0.0416325,-3.57582,0.454029,-3.4676,-3.585,0.036362,0.0270146
g3_temporal,3,164,0.473969,5419,5.21875,0.60985,-3.61492,0.547769,-3.00891,-3.66954,0.0559765,0.0349019
g3_temporal,3,165,0.315157,10134,3.46875,0.409681,-3.62716,0.488989,-3.4665,-3.65655,0.0347501,0.0257978
g3_temporal,3,166,0.425676,5885,3.42188,0.28056,-3.99111,0.869703,-3.16011,-4.07309,0.0650277,0.0769088
g3_temporal,3,167,0.394999,8175,3.39062,0.169573,-3.57936,0.540761,-3.20401,-3.63285,0.0424149,0.0230577
g3_temporal,3,168,0.360088,6407,4.3125,0.240656,-3.77377,0.58242,-3.41939,-3.81217,0.0474237,0.067554
g3_temporal,3,169,0.389666,8334,3.35938,0.309275,-3.61858,0.552521,-3.07251,-3.69814,0.0485767,0.0252902
g3_temporal,3,170,0.334876,5954,3.78125,0.207881,-3.68558,0.68828,-3.30522,-3.72359,0.0549443,0.0757794
g3_temporal,3,171,0.412637,6834,3.0625,0.406401,-3.48949,0.520188,-3.10872,-3.53382,0.0480805,0.0221273
g3_temporal,3,172,0.421084,4956,4.1875,0.380315,-3.58506,0.538787,-3.27537,-3.6104,0.0439048,0.0288558
g3_temporal,3,173,0.275158,5503,3.34375,0.383906,-3.54727,0.538241,-3.37956,-3.56264,0.0382555,0.0299142
g3_temporal,3,174,0.439231,7714,3.17188,0.14966,-3.55468,0.499165,-3.06437,-3.62009,0.0494365,0.0236948
g3_temporal,3,175,0.523617,2537,3.40625,0.374862,-3.97299,0.634629,-3.11375,-4.00759,0.050174,0.0307168
g3_temporal,3,176,0.436045,5091,3.82812,0.464129,-4.16294,0.862371,-3.15292,-4.24801,0.0714232,0.0821617
g3_temporal,3,177,0.387974,5675,3.51562,0.356842,-3.80038,0.647555,-3.33291,-3.84469,0.0597097,0.0911989
g3_temporal,3,178,0.414263,5220,3.67188,0.432437,-3.92432,0.711686,-3.36695,-3.97255,0.0587213,0.0823659
g3_temporal,3,179,0.445536,5498,3.40625,0.543147,-3.74715,0.574997,-3.25224,-3.79248,0.0428437,0.026228
g3_temporal,3,180,0.46662,9040,3.95312,0.435166,-3.93632,0.746317,-3.26311,-4.04405,0.0470935,0.046143
g3_temporal,3,181,0.418372,5758,3.21875,0.176308,-4.30833,1.07946,-2.97294,-4.43696,0.0822714,0.102722
g3_temporal,3,182,0.248587,9692,2.8125,0.0824466,-3.40692,0.409889,-3.30476,-3.42465,0.0377749,0.0158602
g3_temporal,3,183,0.44914,3945,3.76562,0.511664,-4.04552,0.746973,-3.20146,-4.09958,0.0491128,0.0439403
g3_temporal,3,184,0.434083,5622,4.34375,0.539952,-4.02664,0.855533,-3.18362,-4.10575,0.0696771,0.0925995
g3_temporal,3,185,0.391502,6729,3.625,0.109403,-4.07995,1.0255,-2.90681,-4.21419,0.0678342,0.0700586
g3_temporal,3,186,0.554791,7120,3.82812,0.560514,-3.93023,0.810374,-2.84234,-4.06283,0.0713849,0.0578058
g3_temporal,3,187,0.38618,6580,3.3125,0.353652,-3.87896,0.609365,-3.46003,-3.92572,0.0404155,0.039147
g3_temporal,3,188,0.354645,4874,3.35938,0.246287,-3.94072,0.834202,-3.13659,-4.00533,0.0805541,0.120014
g3_temporal,3,189,0.456606,6670,3.70312,0.692171,-4.03095,0.828888,-2.97658,-4.15042,0.0624655,0.0507308
g3_temporal,3,190,0.306696,6433,3.67188,0.448553,-3.544,0.478193,-3.29037,-3.57161,0.0412779,0.0236354
g3_temporal,3,191,0.571554,5350,3.92188,0.631964,-4.02619,0.81029,-2.96516,-4.12051,0.0665099,0.0601464
g3_temporal,4,0,0.406052,5815,3.40625,0.184427,-3.84662,0.742029,-3.0863,-3.92065,0.0690847,0.0809194
g3_temporal,4,1,0.502534,6204,3.59375,0.333708,-3.88402,0.718801,-3.16635,-3.95906,0.0680659,0.0863812
g3_temporal,4,2,0.398382,5213,3.78125,0.285546,-3.74882,0.684662,-3.15305,-3.8003,0.0621381,0.0825916
g3_temporal,4,3,0.24412,7864,3.07812,0.328519,-3.4175,0.385656,-3.34505,-3.42738,0.0379265,0.0179297
g3_temporal,4,4,0.372954,5193,4.09375,0.295183,-3.55795,0.492514,-3.28382,-3.58154,0.0447674,0.0338047
g3_temporal,4,5,0.535535,4998,4.28125,0.769928,-3.96242,0.636591,-3.243,-4.02181,0.0625421,0.0838592
g3_temporal,4,6,0.207441,4991,2.8125,0.00923185,-3.43138,0.443254,-3.28293,-3.44362,0.0424129,0.0208705
g3_temporal,4,7,0.440131,7186,3.89062,0.549862,-3.74488,0.577945,-3.42183,-3.78466,0.040957,0.0337109
g3_temporal,4,8,0.391035,7491,3.3125,0.381562,-3.4435,0.488096,-3.06538,-3.4923,0.0536865,0.0316211
g3_temporal,4,9,0.349303,5232,3.26562,0.303832,-3.73461,0.627565,-3.32909,-3.76979,0.0490876,0.0563889
g3_temporal,4,10,0.525725,5618,4.09375,0.414517,-3.99463,0.700684,-3.18131,-4.07089,0.0620285,0.0688602
g3_temporal,4,11,0.361308,6675,2.98438,0.103646,-3.46932,0.383198,-3.29162,-3.48947,0.0393893,0.0166014
g3_temporal,4,12,0.499671,6573,4.21875,0.384692,-3.72451,0.681938,-2.97643,-3.8079,0.0668152,0.0752056
g3_temporal,4,13,0.483614,9049,4.03125,0.348509,-3.68601,0.75945,-2.66492,-3.84958,0.0759819,0.0608999
g3_temporal,4,14,0.400284,5090,3.5,0.384662,-3.46903,0.472196,-3.19343,-3.49224,0.0449753,0.0273104
g3_temporal,4,15,0.42445,7135,4.375,0.442013,-3.58646,0.581665,-3.18959,-3.63495,0.0479078,0.0576264
g3_temporal,4,16,0.32468,5992,3.60938,0.450403,-3.59647,0.540214,-3.3276,-3.62353,0.0487002,0.0665989
g3_temporal,4,17,0.496146,4661,3.98438,0.56165,-4.05108,0.869347,-2.97236,-4.13367,0.0963715,0.132254
g3_temporal,4,18,0.470795,9936,4.25,0.313166,-3.38585,0.439116,-3.01038,-3.45294,0.0491006,0.0209526
g3_temporal,4,19,0.455962,5359,3.45312,0.236252,-3.78885,0.605867,-3.29631,-3.83271,0.050207,0.0611713
g3_temporal,4,20,0.18457,3260,2.70312,0.115325,-3.29689,0.3304,-3.28717,-3.2974,0.0422354,0.0159056
g3_temporal,4,21,0.448369,6167,3.42188,0.242128,-3.85322,0.814268,-3.04538,-3.93713,0.0745945,0.0975191
g3_temporal,4,22,0.399931,5859,3.48438,0.301301,-3.7114,0.606635,-3.22037,-3.75961,0.0511732,0.0511486
g3_temporal,4,23,0.415907,4751,3.59375,0.273766,-3.64312,0.527519,-3.20341,-3.67749,0.0459105,0.0383595
g3_temporal,4,24,0.520635,5599,3.71875,0.321117,-3.99532,0.80126,-3.13499,-4.07569,0.0662879,0.0740038
g3_temporal,4,25,0.538201,6285,4.03125,0.587325,-3.94204,0.788989,-2.94308,-4.048,0.0705155,0.0686019
g3_temporal,4,26,0.334748,5177,3.35938,0.196101,-3.92801,0.748507,-3.31475,-3.9806,0.0502416,0.052185
g3_temporal,4,27,0.40578,5266,4.1875,0.541303,-3.81882,0.761407,-3.03807,-3.88703,0.0724699,0.11039
g3_temporal,4,28,0.395521,9767,3.53125,0.381557,-3.5669,0.507719,-3.10093,-3.6485,0.044746,0.0219302
g3_temporal,4,29,0.244783,3968,2.89062,0.134642,-3.52123,0.42694,-3.38784,-3.52982,0.0361618,0.0206008
g3_temporal,4,30,0.445687,6594,3.84375,0.677144,-3.73508,0.633774,-3.1192,-3.80398,0.0607228,0.0712665
g3_temporal,4,31,0.518441,6023,3.71875,0.319891,-3.89174,0.726063,-3.03407,-3.97854,0.0752818,0.0903508
g3_temporal,4,32,0.490308,5651,3.75,0.394664,-3.89628,0.737818,-3.08884,-3.97247,0.0556224,0.0485309
g3_temporal,4,33,0.45146,3994,3.65625,0.290594,-3.73595,0.581567,-3.20093,-3.77068,0.0461483,0.0300982
g3_temporal,4,34,0.463738,7463,3.8125,0.383173,-3.68035,0.708659,-2.86013,-3.78576,0.0589242,0.0492887
g3_temporal,4,35,0.183345,11220,3.5,0.339539,-3.33008,0.406374,-3.23349,-3.35003,0.0424941,0.0200373
g3_temporal,4,36,0.213481,7018,3.07812,0.124177,-3.33834,0.380107,-3.20024,-3.35491,0.0420647,0.0163611
g3_temporal,4,37,0.44895,6149,3.625,0.333208,-3.93769,0.783647,-3.17285,-4.01689,0.0650057,0.0804948
g3_temporal,4,38,0.171375,4864,2.51562,0.11526,-3.33775,0.337429,-3.27097,-3.3431,0.0394112,0.0144477
g3_temporal,4,39,0.498272,6800,4.4375,0.504466,-3.97499,0.804856,-2.95009,-4.09364,0.064161,0.0545081
g3_temporal,4,40,0.420532,6100,3.73438,0.274921,-3.86928,0.741281,-3.17953,-3.94007,0.0664274,0.0811375
g3_temporal,4,41,0.351698,7374,3.70312,0.221757,-3.59657,0.507149,-3.3394,-3.62917,0.0425361,0.0404079
g3_temporal,4,42,0.429961,6244,3.64062,0.414951,-3.70669,0.557442,-3.33214,-3.74614,0.0487497,0.0572894
g3_temporal,4,43,0.463492,5792,4.15625,0.486863,-3.84663,0.735462,-3.07246,-3.92169,0.0739038,0.094462
g3_temporal,4,44,0.45811,3981,3.40625,0.312871,-3.87825,0.735207,-3.06298,-3.93098,0.0494169,0.0493216
g3_temporal,4,45,0.50683,5827,3.67188,0.207976,-3.92225,0.718067,-3.20829,-3.99193,0.0590259,0.0687971
g3_temporal,4,46,0.527934,5943,3.90625,0.337446,-3.97035,0.851003,-2.99366,-4.06775,0.0806589,0.0989732
g3_temporal,4,47,0.16473,6496,2.51562,0.0505343,-3.33323,0.351111,-3.28526,-3.33851,0.0395432,0.016195
g3_temporal,4,48,0.399618,7675,4.1875,0.488719,-3.85767,0.775013,-3.09024,-3.95946,0.0644192,0.0729911
g3_temporal,4,49,0.247546,3920,3.04688,0.328683,-3.53301,0.475919,-3.33062,-3.54589,0.0422253,0.0293142
g3_temporal,4,50,0.375271,5974,3.34375,0.267197,-3.56726,0.493025,-3.22466,-3.60162,0.04597,0.0393427
g3_temporal,4,51,0.427711,5279,3.5,0.293923,-3.80634,0.575836,-3.25176,-3.85492,0.0430577,0.0313201
g3_temporal,4,52,0.298871,7569,3.14062,0.31662,-3.3843,0.39978,-3.26503,-3.39988,0.0398268,0.017867
g3_temporal,4,53,0.465315,4753,3.29688,0.182649,-4.33782,1.07205,-2.49073,-4.48225,0.139394,0.156918
g3_temporal,4,54,0.51383,6142,3.82812,0.241324,-3.81013,0.705751,-3.12301,-3.88119,0.0712169,0.09711
g3_temporal,4,55,0.558115,3461,4.3125,0.662232,-3.93879,0.648132,-3.04471,-3.98863,0.059978,0.0539185
g3_temporal,4,56,0.418597,8137,3.82812,0.202607,-3.59695,0.571424,-3.11744,-3.66492,0.0474841,0.0295637
g3_temporal,4,57,0.52786,5299,4.1875,0.307714,-3.87321,0.648262,-3.13737,-3.93794,0.0537002,0.0446211
g3_temporal,4,58,0.419533,6159,3.39062,0.393572,-3.59567,0.530921,-3.30884,-3.62542,0.0439498,0.0369349
g3_temporal,4,59,0.633305,6977,4.40625,0.55594,-3.96839,0.667212,-3.22062,-4.05748,0.0650707,0.0832414
g3_temporal,4,60,0.327723,6059,3.04688,0.277679,-3.40527,0.405049,-3.14179,-3.43211,0.0469417,0.0191677
g3_temporal,4,61,0.408749,7740,3.46875,0.356215,-3.88698,0.838279,-2.96922,-4.00988,0.0734144,0.0962231
g3_temporal,4,62,0.356732,5360,3.54688,0.376582,-3.5947,0.525934,-3.25082,-3.62533,0.0474942,0.0386065
g3_temporal,4,63,0.226545,5024,2.90625,0.0292472,-3.39299,0.40462,-3.2526,-3.40465,0.0413661,0.0208714
g3_temporal,4,64,0.413776,4812,3.46875,0.484603,-3.63377,0.541849,-3.05817,-3.67939,0.0538195,0.0377585
g3_temporal,4,65,0.33985,6119,3.23438,0.3351,-3.62329,0.56455,-3.20237,-3.66664,0.0472535,0.0384861
g3_temporal,4,66,0.474741,6425,4.03125,0.579781,-3.91787,0.698654,-3.24011,-3.99154,0.0592861,0.0838125
g3_temporal,4,67,0.436369,7942,3.4375,0.321617,-3.90242,0.657347,-3.32422,-3.98215,0.0509422,0.0587009
g3_temporal,4,68,0.42333,6311,3.60938,0.208055,-3.75069,0.711537,-3.12345,-3.81752,0.0645213,0.0791391
g3_temporal,4,69,0.363279,5922,3.40625,0.249616,-3.67696,0.604186,-3.1706,-3.72726,0.0525704,0.0502347
g3_temporal,4,70,0.406677,6438,3.89062,0.318472,-3.77369,0.664935,-3.20383,-3.83577,0.0554278,0.0644738
g3_temporal,4,71,0.569869,5451,3.84375,0.627437,-3.84926,0.76695,-2.90808,-3.93464,0.0624623,0.0479889
g3_temporal,4,72,0.330195,6342,3.125,0.224978,-3.42682,0.40459,-3.21439,-3.44957,0.0433018,0.019357
g3_temporal,4,73,0.381433,5516,3.67188,0.219676,-3.72624,0.632979,-3.23594,-3.7713,0.0502513,0.0410998
g3_temporal,4,74,0.561346,8895,3.84375,0.6051,-3.77903,0.752854,-2.7663,-3.93807,0.0645002,0.0434117
g3_temporal,4,75,0.392773,5709,3.59375,0.555202,-3.80988,0.622334,-3.31973,-3.85665,0.0521313,0.0629459
g3_temporal,4,76,0.201533,6589,3.14062,0.200858,-3.39741,0.377316,-3.34352,-3.40343,0.0384207,0.0197107
g3_temporal,4,77,0.621034,6349,4.0625,0.491483,-3.86304,0.709563,-3.05089,-3.95016,0.0867102,0.122169
g3_temporal,4,78,0.420398,5790,3.60938,0.336748,-3.71217,0.564436,-3.07801,-3.77363,0.0538258,0.0384217
g3_temporal,4,79,0.472601,10587,4.3125,0.344185,-3.56227,0.555037,-3.12489,-3.64654,0.0445867,0.0249125
g3_temporal,4,80,0.489011,5344,4.0625,0.372443,-3.77892,0.730562,-2.96062,-3.85157,0.0847315,0.103813
g3_temporal,4,81,0.211372,6530,2.67188,0.100343,-3.27946,0.328514,-3.1782,-3.29067,0.0405511,0.0136833
g3_temporal,4,82,0.224126,5089,3.20312,0.635685,-3.55384,0.494656,-3.35998,-3.57016,0.0396943,0.026739
g3_temporal,4,83,0.444547,7277,3.21875,0.155303,-3.46754,0.453686,-3.07861,-3.51612,0.0489616,0.0230798
g3_temporal,4,84,0.30593,6026,3.3125,0.30231,-3.49004,0.433373,-3.25313,-3.51403,0.0411465,0.0195967
g3_temporal,4,85,0.55841,4885,4.03125,0.700483,-3.83419,0.616715,-3.21303,-3.88422,0.0619923,0.0740056
g3_temporal,4,86,0.452866,6148,3.53125,0.355109,-4.00466,0.792035,-3.12603,-4.09562,0.0674933,0.0805041
g3_temporal,4,87,0.425205,8257,3.5625,0.358526,-3.51942,0.553113,-3.00399,-3.59373,0.06133,0.0466845
g3_temporal,4,88,0.282297,6809,2.70312,0.155534,-3.31909,0.361957,-3.13205,-3.34077,0.045046,0.0174361
g3_temporal,4,89,0.429099,8792,4.28125,0.510764,-3.47585,0.469902,-3.08077,-3.53706,0.0486537,0.0275957
g3_temporal,4,90,0.395845,7231,3.42188,0.133716,-3.72369,0.629246,-3.09187,-3.80205,0.0531667,0.0430589
g3_temporal,4,91,0.502445,7410,5.09375,0.736455,-3.78606,0.637907,-3.20941,-3.85958,0.0542929,0.0649662
g3_temporal,4,92,0.171441,3588,2.95312,0.384578,-3.3744,0.389064,-3.31214,-3.37801,0.0385737,0.0183286
g3_temporal,4,93,0.379818,6638,3.53125,0.53571,-3.47962,0.484617,-3.1555,-3.51614,0.0426213,0.0264895
g3_temporal,4,94,0.45555,5103,4.375,0.431805,-3.72465,0.664387,-3.14275,-3.77378,0.0682512,0.0974677
g3_temporal,4,95,0.440072,4325,3.29688,0.257895,-4.26463,0.981245,-2.9598,-4.35682,0.0863748,0.109884
g3_temporal,4,96,0.54423,5572,4.3125,0.455936,-4.13025,0.857466,-3.02825,-4.23265,0.0843842,0.102351
g3_temporal,4,97,0.371418,8677,4.40625,0.507061,-3.44088,0.460659,-3.05416,-3.49989,0.050418,0.0249631
g3_temporal,4,98,0.534293,7098,4.46875,0.389607,-3.91584,0.670309,-3.21092,-4.00146,0.0570671,0.0707675
g3_temporal,4,99,0.544895,8813,3.51562,0.169974,-3.72582,0.599094,-3.09017,-3.82458,0.0515565,0.0374811
g3_temporal,4,100,0.431795,6986,3.34375,0.233556,-3.52209,0.501392,-3.13628,-3.56813,0.0434395,0.024229
g3_temporal,4,101,0.173716,9327,2.3125,0.109196,-3.31799,0.397163,-3.25248,-3.32886,0.0406172,0.0172421
g3_temporal,4,102,0.3111,8853,3.42188,0.240542,-3.54143,0.537573,-3.2825,-3.58187,0.0440291,0.0382824
g3_temporal,4,103,0.206432,5771,3.92188,0.0978538,-3.38655,0.412925,-3.3171,-3.39326,0.0407482,0.0207781
g3_temporal,4,104,0.355371,9171,3.0625,0.158442,-3.54261,0.446314,-3.37055,-3.5706,0.0391021,0.0244322
g3_temporal,4,105,0.143691,6862,2.28125,0.0176947,-3.36419,0.412697,-3.28462,-3.3735,0.0395717,0.0168647
g3_temporal,4,106,0.462514,6528,4.03125,0.418362,-3.87632,0.717795,-3.25722,-3.94481,0.0636961,0.0917095
g3_temporal,4,107,0.433399,3190,3.6875,0.4403,-3.78022,0.643863,-3.13268,-3.81335,0.045847,0.027761
g3_temporal,4,108,0.368721,5248,3.34375,0.247026,-3.7224,0.554602,-3.28025,-3.76089,0.0459864,0.0383513
g3_temporal,4,109,0.478213,4512,3.5625,0.34449,-4.12843,0.93105,-2.89151,-4.21989,0.0876291,0.105292
g3_temporal,4,110,0.509328,7072,4.46875,0.262099,-3.78449,0.802981,-2.60637,-3.927,0.0867332,0.0852157
g3_temporal,4,111,0.522878,6316,4.75,0.237687,-3.88136,0.653192,-3.27248,-3.9463,0.057232,0.066587
g3_temporal,4,112,0.435533,5426,4.03125,0.40995,-3.88069,0.773974,-3.075,-3.95342,0.0625704,0.0753607
g3_temporal,4,113,0.296906,9191,3.03125,0.120377,-3.40914,0.382561,-3.24455,-3.43599,0.0414875,0.0185686
g3_temporal,4,114,0.488639,6748,3.71875,0.351529,-3.94105,0.827096,-2.84158,-4.06725,0.0680537,0.0523888
g3_temporal,4,115,0.424925,6370,3.40625,0.281179,-3.79991,0.69634,-3.21355,-3.86304,0.0617928,0.081972
g3_temporal,4,116,0.440751,8978,4.03125,0.424608,-3.54589,0.555021,-3.08935,-3.61837,0.0492937,0.0265719
g3_temporal,4,117,0.170864,1216,2.07812,0.14897,-3.25791,0.295644,-3.214,-3.25874,0.0451358,0.0161374
g3_temporal,4,118,0.203845,3597,2.59375,0.139368,-3.36124,0.376518,-3.19849,-3.3707,0.0434892,0.0183406
g3_temporal,4,119,0.36278,5407,4.625,0.353476,-3.71253,0.606635,-3.32921,-3.747,0.0490047,0.0498137
g3_temporal,4,120,0.379747,7272,3.9375,0.400247,-3.53856,0.46042,-3.16649,-3.585,0.0462468,0.0238609
g3_temporal,4,121,0.397886,5099,3.28125,0.229512,-3.85557,0.816409,-3.02927,-3.92528,0.0751515,0.092842
g3_temporal,4,122,0.495503,5871,4.375,0.624423,-3.80598,0.650168,-3.18928,-3.86666,0.0525869,0.0495867
g3_temporal,4,123,0.511053,5840,4.25,0.124115,-3.4639,0.407291,-3.28204,-3.48169,0.040054,0.0246707
g3_temporal,4,124,0.386654,5924,3.48438,0.505223,-3.78589,0.61959,-3.33328,-3.83087,0.0590183,0.0894475
g3_temporal,4,125,0.241234,5840,3.17188,0.149289,-3.50282,0.368623,-3.41222,-3.51168,0.036545,0.0196364
g3_temporal,4,126,0.357872,5975,3.39062,0.289342,-3.74903,0.594695,-3.39195,-3.78485,0.048103,0.0584345
g3_temporal,4,127,0.447873,5974,3.78125,0.538024,-3.86316,0.760294,-3.09982,-3.93972,0.069992,0.0824631
g3_temporal,4,128,0.431443,5937,4.25,0.395434,-3.72175,0.507082,-3.28043,-3.76571,0.0435748,0.0288623
g3_temporal,4,129,0.542615,8279,4.09375,0.302047,-3.93294,0.844018,-2.93208,-4.07766,0.0629261,0.063802
g3_temporal,4,130,0.506767,5665,3.84375,0.418326,-3.89078,0.65845,-3.17197,-3.95879,0.0740347,0.10029
g3_temporal,4,131,0.514285,5229,3.59375,0.28037,-3.84488,0.730549,-3.06435,-3.91256,0.0595616,0.0584798
g3_temporal,4,132,0.364976,5488,3.5625,0.285269,-3.73131,0.617154,-3.29642,-3.77106,0.0502534,0.0541635
g3_temporal,4,133,0.506623,5574,4,0.186392,-3.73987,0.658486,-3.13134,-3.79644,0.0648647,0.0852214
g3_temporal,4,134,0.412047,3483,3.625,0.305182,-3.82877,0.62491,-3.24619,-3.86147,0.0479896,0.0386559
g3_temporal,4,135,0.253929,4392,3.04688,0.130412,-3.62273,0.564185,-3.33971,-3.64306,0.0457828,0.0465698
g3_temporal,4,136,0.343246,5371,3.23438,0.270227,-3.5832,0.540822,-3.29481,-3.60895,0.0466123,0.048194
g3_temporal,4,137,0.508004,7151,4.09375,0.143158,-3.67833,0.696667,-3.06047,-3.75401,0.0644695,0.0735532
g3_temporal,4,138,0.3398,5243,3.39062,0.4802,-3.67637,0.541318,-3.33535,-3.70602,0.0443647,0.0402757
g3_temporal,4,139,0.367314,4909,3.29688,0.401232,-3.99384,0.97847,-2.85368,-4.08616,0.101364,0.136735
g3_temporal,4,140,0.62465,8055,3.92188,0.398074,-3.92745,0.752104,-3.11263,-4.04163,0.0714696,0.0832722
g3_temporal,4,141,0.506333,6896,3.85938,0.439122,-3.83314,0.702486,-3.06042,-3.92401,0.0567837,0.0429306
g3_temporal,4,142,0.311636,5962,3.20312,0.069676,-3.58556,0.487884,-3.28387,-3.61575,0.0409643,0.0226773
g3_temporal,4,143,0.376842,6208,4.4375,0.855178,-3.64446,0.50408,-3.27377,-3.68325,0.0438242,0.026817
g3_temporal,4,144,0.515125,6049,3.40625,0.440135,-3.89837,0.729957,-3.15463,-3.974,0.057232,0.0547178
g3_temporal,4,145,0.49458,6548,3.70312,0.405568,-3.66866,0.583982,-3.05666,-3.73659,0.0503912,0.0252884
g3_temporal,4,146,0.42492,5461,3.875,0.160006,-3.79765,0.650363,-3.26487,-3.84608,0.0598985,0.0830817
g3_temporal,4,147,0.375713,4788,3.625,0.289756,-3.79122,0.629583,-3.28558,-3.83107,0.0507699,0.0636202
g3_temporal,4,148,0.500032,4740,3.71875,0.300084,-4.34936,1.07756,-2.63717,-4.48285,0.12445,0.15004
g3_temporal,4,149,0.482444,6069,3.54688,0.468765,-4.07511,0.907828,-3.0313,-4.18164,0.0750681,0.0757098
g3_temporal,4,150,0.634919,6577,4.6875,0.739821,-3.83103,0.615207,-3.29429,-3.89091,0.0580685,0.075305
g3_temporal,4,151,0.262435,5619,3.15625,0.099811,-3.48364,0.349791,-3.39311,-3.49213,0.0360487,0.0141807
g3_temporal,4,152,0.510669,4997,4.09375,0.458524,-3.84907,0.646131,-3.14633,-3.90708,0.0511608,0.0416869
g3_temporal,4,153,0.409454,6119,4.09375,0.524836,-3.73308,0.671067,-3.13619,-3.79455,0.0650767,0.088553
g3_temporal,4,154,0.393795,7123,3.8125,0.528063,-3.51831,0.502452,-3.07972,-3.57179,0.0536,0.0397457
g3_temporal,4,155,0.309545,5602,3.20312,0.186487,-3.47159,0.432185,-3.24585,-3.49269,0.0425231,0.0211966
g3_temporal,4,156,0.449854,6455,3.60938,0.439537,-3.45095,0.434745,-3.03583,-3.4963,0.0531464,0.0260724
g3_temporal,4,157,0.408814,7362,3.32812,0.33294,-3.49632,0.494376,-2.9747,-3.56233,0.0595764,0.0368696
g3_temporal,4,158,0.463134,6870,3.48438,0.568172,-3.7946,0.570295,-3.23892,-3.85967,0.0460849,0.0356887
g3_temporal,4,159,0.568978,6610,4.5625,0.889543,-3.89399,0.62337,-3.36106,-3.95377,0.0548771,0.0674051
g3_temporal,4,160,0.497411,7069,4.375,0.605616,-3.9696,0.634009,-3.30878,-4.0495,0.0482927,0.0503874
g3_temporal,4,161,0.513709,6167,3.8125,0.439713,-3.63436,0.505376,-3.10377,-3.68947,0.0498361,0.0304006
g3_temporal,4,162,0.206862,5255,3.0625,0.15746,-3.35609,0.402104,-3.23501,-3.36665,0.0410984,0.0184547
g3_temporal,4,163,0.339968,6874,3.92188,1.23404,-3.6927,0.503655,-3.44522,-3.7217,0.0388684,0.0401151
g3_temporal,4,164,0.409806,5911,4.15625,0.272067,-3.59603,0.498568,-3.14797,-3.64045,0.0481244,0.0251496
g3_temporal,4,165,0.546155,5182,4.59375,0.683895,-4.08606,0.874515,-2.97877,-4.18113,0.0911825,0.117299
g3_temporal,4,166,0.375538,7843,4.9375,0.861165,-3.64422,0.478189,-3.44067,-3.67189,0.0389789,0.0292582
g3_temporal,4,167,0.322244,6226,3.28125,0.233026,-3.55972,0.531161,-3.21018,-3.59641,0.0458995,0.0298494
g3_temporal,4,168,0.45027,7282,4.09375,1.43099,-3.76544,0.586627,-3.21358,-3.83442,0.0658332,0.0842364
g3_temporal,4,169,0.42367,5482,3.64062,0.276568,-3.77251,0.797165,-2.97042,-3.84573,0.0891522,0.129778
g3_temporal,4,170,0.61755,6188,3.9375,0.646299,-4.0773,0.802039,-3.02584,-4.18693,0.0830914,0.10143
g3_temporal,4,171,0.326405,3526,3.35938,0.31565,-3.62708,0.468086,-3.37331,-3.64151,0.0403077,0.0259171
g3_temporal,4,172,0.431481,5101,3.28125,0.112412,-3.71609,0.711236,-2.97362,-3.77876,0.075675,0.10605
g3_temporal,4,173,0.400628,4420,3.20312,0.226334,-3.63675,0.475387,-3.24589,-3.66502,0.0435106,0.0238509
g3_temporal,4,174,0.202629,2037,2.59375,0.0446463,-3.35978,0.360347,-3.26133,-3.36293,0.0410143,0.0175654
g3_temporal,4,175,0.356587,7666,3.04688,0.171067,-3.63573,0.46749,-3.43957,-3.66171,0.0380865,0.0277791
g3_temporal,4,176,0.37766,5231,3.85938,0.273033,-3.68771,0.592443,-3.26468,-3.7244,0.0534544,0.062575
g3_temporal,4,177,0.423977,5797,3.60938,0.400191,-3.79802,0.79148,-3.00956,-3.87453,0.0764403,0.0960887
g3_temporal,4,178,0.290315,3045,2.85938,0.134039,-3.47222,0.361509,-3.32095,-3.47959,0.0380779,0.0175899
g3_temporal,4,179,0.421768,7842,4.5,0.711204,-3.77792,0.636358,-3.17152,-3.86035,0.0509932,0.0410907
g3_temporal,4,180,0.470796,6094,4.03125,0.613137,-3.76033,0.588622,-3.29801,-3.80772,0.0537694,0.0638968
g3_temporal,4,181,0.207707,6656,2.96875,0.131782,-3.49932,0.434068,-3.4147,-3.50888,0.0358735,0.0230311
g3_temporal,4,182,0.446794,5025,4,0.33846,-3.90185,0.713956,-3.10323,-3.96817,0.0642902,0.0766509
g3_temporal,4,183,0.487567,5716,3.92188,0.464275,-3.91162,0.712858,-3.16988,-3.9825,0.0621207,0.0745052
g3_temporal,4,184,0.575908,5919,4.5625,0.484464,-3.89781,0.72672,-2.8463,-4.00221,0.0742193,0.0803729
g3_temporal,4,185,0.475711,6078,3.64062,0.385294,-3.88104,0.643495,-3.26701,-3.94381,0.0702846,0.102987
g3_temporal,4,186,0.467287,7933,3.75,0.381164,-3.73788,0.639197,-3.25941,-3.80377,0.0529567,0.0740059
g3_temporal,4,187,0.428498,6739,3.53125,0.3114,-3.85566,0.56159,-3.41862,-3.90576,0.0471261,0.0623769
g3_temporal,4,188,0.546871,6702,3.95312,0.267032,-3.95914,0.791202,-3.10922,-4.05596,0.0653468,0.0742034
g3_temporal,4,189,0.508279,6297,4.21875,0.394162,-3.81749,0.693049,-3.25296,-3.8775,0.0585384,0.0765511
g3_temporal,4,190,0.419979,5270,3.67188,0.307515,-3.92813,0.720456,-3.14197,-3.99688,0.0614735,0.0687023
g3_temporal,4,191,0.275469,5436,3.67188,0.459613,-3.49568,0.43372,-3.30959,-3.51251,0.0397988,0.0211592
g3_temporal,5,0,0.616137,7722,5.5,0.785186,-3.57734,0.558941,-3.17877,-3.63057,0.0491195,0.0437861
g3_temporal,5,1,0.538785,3999,3.75,0.165546,-3.78266,0.596451,-3.14247,-3.82426,0.0526477,0.0408903
g3_temporal,5,2,0.615542,7217,4.21875,0.621047,-3.73754,0.641426,-3.13979,-3.81151,0.0508426,0.0407499
g3_temporal,5,3,0.599509,5308,4.15625,0.746233,-3.9333,0.765216,-2.92314,-4.02233,0.076031,0.0793504
g3_temporal,5,4,0.254559,4180,3.17188,0.228693,-3.39302,0.401942,-3.27269,-3.40122,0.0391806,0.0176919
g3_temporal,5,5,0.416376,6401,4.15625,0.342496,-3.83989,0.674753,-3.30275,-3.89803,0.0471765,0.0415655
g3_temporal,5,6,0.578236,4664,4.3125,0.652329,-3.96434,0.745765,-2.90913,-4.04519,0.0704319,0.0653603
g3_temporal,5,7,0.314586,6781,4.25,0.373125,-3.64636,0.589746,-3.34828,-3.68076,0.0462529,0.045396
g3_temporal,5,8,0.449631,3491,4.59375,0.331019,-3.58238,0.489397,-3.25276,-3.60093,0.0443207,0.024896
g3_temporal,5,9,0.407585,6276,3.84375,0.212131,-3.5661,0.545681,-3.17441,-3.60758,0.0469712,0.0275448
g3_temporal,5,10,0.514985,5178,3.26562,0.0610169,-3.80898,0.634816,-3.04239,-3.87474,0.0582221,0.0428577
g3_temporal,5,11,0.583976,5222,4.625,0.51182,-3.72285,0.602971,-3.1478,-3.77264,0.0570223,0.059187
g3_temporal,5,12,0.45736,7133,3.84375,0.385558,-3.58828,0.539477,-3.21452,-3.63393,0.0506823,0.0472284
g3_temporal,5,13,0.575627,6463,4.84375,0.458803,-3.87645,0.657617,-3.22247,-3.948,0.0565292,0.0581157
g3_temporal,5,14,0.519118,6032,4.4375,0.379074,-3.63347,0.680495,-3.04591,-3.69304,0.0621905,0.0727475
g3_temporal,5,15,0.531383,3972,3.90625,0.244036,-3.60845,0.585375,-3.17203,-3.63661,0.0474539,0.0313335
g3_temporal,5,16,0.524901,5382,4.34375,0.361894,-3.74216,0.659751,-3.19229,-3.79135,0.0644427,0.095673
g3_temporal,5,17,0.593119,5769,4.4375,0.426732,-3.72515,0.612724,-3.17645,-3.77811,0.0567883,0.0555475
g3_temporal,5,18,0.278472,5502,3.09375,0.282863,-3.40933,0.406868,-3.29859,-3.41948,0.0406216,0.018985
g3_temporal,5,19,0.647275,5174,5.59375,0.448274,-3.80865,0.732697,-2.9004,-3.8865,0.0839242,0.0948662
g3_temporal,5,20,0.336891,5335,3.09375,0.282864,-3.47172,0.426349,-3.33206,-3.4841,0.039129,0.0228019
g3_temporal,5,21,0.44816,7394,3.71875,0.258492,-3.44889,0.453797,-3.14761,-3.4872,0.0467411,0.0218167
g3_temporal,5,22,0.654355,6461,4.125,0.657982,-3.82826,0.604207,-3.25586,-3.89086,0.0478617,0.0488366
g3_temporal,5,23,0.780531,6066,4.1875,0.365287,-4.00859,0.851891,-2.87534,-4.12418,0.0875779,0.0946869
g3_temporal,5,24,0.499151,6039,3.53125,0.318712,-3.70879,0.635333,-3.19165,-3.76128,0.0525696,0.0552979
g3_temporal,5,25,0.685828,5574,5.09375,0.619137,-3.91422,0.768195,-2.84341,-4.01377,0.0762291,0.0734068
g3_temporal,5,26,0.423767,6894,3.95312,0.367899,-3.5286,0.537518,-3.21659,-3.56529,0.0496774,0.0460035
g3_temporal,5,27,0.702389,6463,5.1875,0.984797,-3.82335,0.601479,-3.06476,-3.90634,0.0590155,0.0602953
g3_temporal,5,28,0.451744,5801,3.64062,0.280047,-3.4568,0.45263,-3.16289,-3.48534,0.0455723,0.0221359
g3_temporal,5,29,0.268949,8754,2.78125,0.0488191,-3.28118,0.364199,-3.16034,-3.29981,0.0441806,0.0151893
g3_temporal,5,30,0.517462,8466,4.03125,0.316274,-3.57361,0.542346,-3.0045,-3.65803,0.0516938,0.0313391
g3_temporal,5,31,0.555223,11388,3.54688,0.236168,-3.58326,0.575635,-3.02708,-3.70022,0.0498951,0.0268702
g3_temporal,5,32,0.520076,5820,4.40625,0.40869,-3.8541,0.781873,-3.14093,-3.92361,0.0595218,0.0583255
g3_temporal,5,33,0.486103,6581,4.375,0.315662,-3.7888,0.694944,-3.18734,-3.85594,0.055034,0.056688
g3_temporal,5,34,0.578879,5215,4.65625,0.493543,-3.79429,0.675577,-3.13031,-3.85169,0.0626211,0.0720052
g3_temporal,5,35,0.338469,8053,3.4375,0.436638,-3.39563,0.389789,-3.2338,-3.41831,0.041974,0.018132
g3_temporal,5,36,0.681797,6712,5.125,0.427444,-3.88267,0.693328,-3.10978,-3.97086,0.072041,0.0926214
g3_temporal,5,37,0.279051,5820,3.10938,0.0659072,-3.47162,0.435935,-3.32925,-3.4855,0.0414552,0.0218778
g3_temporal,5,38,0.410753,5218,3.28125,0.45311,-3.91419,0.756816,-3.06719,-3.98746,0.0651647,0.0688168
g3_temporal,5,39,0.224217,7343,2.59375,-0.0221298,-3.29622,0.340669,-3.17215,-3.31188,0.0439865,0.0157604
g3_temporal,5,40,0.415238,8596,3.73438,0.509143,-3.32315,0.408703,-3.05103,-3.36423,0.0446321,0.016103
g3_temporal,5,41,0.444347,6501,3.98438,0.460124,-3.6158,0.510586,-3.28791,-3.65191,0.0471775,0.0415899
g3_temporal,5,42,0.581449,5063,4.375,0.439987,-3.93508,0.716323,-3.08972,-4.00585,0.0605719,0.0620319
g3_temporal,5,43,0.360412,6693,3.92188,0.219297,-3.4687,0.466164,-3.28665,-3.4894,0.0433684,0.0311594
g3_temporal,5,44,0.407297,5377,3.48438,0.136403,-3.61274,0.620377,-3.17106,-3.65222,0.0571947,0.0688188
g3_temporal,5,45,0.537926,6207,4.0625,0.342048,-3.85759,0.7495,-3.08504,-3.93842,0.0641788,0.0718501
g3_temporal,5,46,0.289904,4169,2.95312,0.169291,-3.31945,0.386527,-3.18635,-3.3285,0.0447127,0.0187393
g3_temporal,5,47,0.383653,5683,3.57812,0.401198,-3.34812,0.393256,-3.15066,-3.36687,0.0426749,0.0161424
g3_temporal,5,48,0.993851,6592,4.53125,0.608559,-3.96459,0.606242,-3.28259,-4.04086,0.0661844,0.0818915
g3_temporal,5,49,0.566418,6454,3.40625,0.238569,-3.87911,0.774409,-2.75797,-4.00158,0.0660936,0.0440871
g3_temporal,5,50,0.538416,8750,4.59375,0.629042,-3.5445,0.572516,-3.02093,-3.62518,0.0518099,0.0299106
g3_temporal,5,51,0.382521,5402,4.28125,0.2945,-3.71693,0.697365,-3.1288,-3.76977,0.0628153,0.0814149
g3_temporal,5,52,0.568898,5984,4.625,0.682898,-3.83847,0.684831,-3.13382,-3.90928,0.0594303,0.056357
g3_temporal,5,53,0.638007,6411,4.03125,0.583279,-3.81359,0.73243,-3.08041,-3.89309,0.0678506,0.0822328
g3_temporal,5,54,0.328152,6585,3.23438,0.46975,-3.37897,0.38007,-3.25058,-3.39331,0.0415824,0.0176642
g3_temporal,5,55,0.499141,6598,4.1875,0.600072,-3.64433,0.494692,-3.33086,-3.67942,0.0433056,0.0359274
g3_temporal,5,56,0.489425,4977,3.96875,0.53282,-3.90473,0.832414,-2.92097,-3.98558,0.0854967,0.115753
g3_temporal,5,57,0.398767,7137,4.125,0.230178,-3.5168,0.501652,-3.14296,-3.56249,0.0474822,0.0230526
g3_temporal,5,58,0.659556,7619,4.25,0.275691,-3.86983,0.831286,-2.62356,-4.03377,0.0817686,0.0668215
g3_temporal,5,59,0.559511,6618,4.78125,0.521375,-3.52202,0.542586,-3.16314,-3.56233,0.0497216,0.0403378
g3_temporal,5,60,0.419626,8684,3.60938,-0.0332906,-3.50978,0.450094,-3.27237,-3.54604,0.0413991,0.0253303
g3_temporal,5,61,0.597701,4250,3.79688,0.366024,-3.94562,0.717466,-2.99839,-4.01131,0.0663085,0.0697049
g3_temporal,5,62,0.576598,5419,3.78125,0.340666,-3.72628,0.650137,-3.12702,-3.7803,0.0537205,0.0403013
g3_temporal,5,63,0.587952,5443,4.5,0.633254,-3.76485,0.711622,-2.99987,-3.83414,0.0834971,0.111433
g3_temporal,5,64,0.49665,6512,3.40625,0.263223,-3.45574,0.466333,-3.09457,-3.49558,0.0456035,0.0207327
g3_temporal,5,65,0.424758,4861,3.65625,0.254046,-3.53046,0.500206,-3.21112,-3.55604,0.0436065,0.0236082
g3_temporal,5,66,0.208502,4163,2.5625,0.134022,-3.2189,0.359475,-3.11242,-3.22612,0.0443477,0.0173637
g3_temporal,5,67,0.537577,6060,3.54688,0.204029,-3.67629,0.540761,-3.19461,-3.72536,0.0453038,0.0221932
g3_temporal,5,68,0.282126,7422,2.96875,0.161758,-3.32495,0.397355,-3.13459,-3.34927,0.0459584,0.0188201
g3_temporal,5,69,0.670622,5455,4.6875,0.66665,-4.05233,0.793727,-3.02265,-4.14582,0.0640539,0.0579637
g3_temporal,5,70,0.641154,6738,4.46875,0.574189,-3.84005,0.661523,-3.15962,-3.91803,0.0638269,0.0795234
g3_temporal,5,71,0.589899,5435,4.0625,0.63257,-3.59813,0.550345,-3.05617,-3.64714,0.0501556,0.0281481
g3_temporal,5,72,0.556607,9710,3.82812,0.286854,-3.63245,0.63723,-2.97209,-3.74731,0.0595779,0.038432
g3_temporal,5,73,0.594224,7276,3.98438,0.320683,-3.87672,0.769958,-2.83761,-4.00649,0.068881,0.0507194
g3_temporal,5,74,0.27146,7122,3.51562,0.187241,-3.33909,0.425671,-3.1454,-3.3627,0.0446487,0.0201543
g3_temporal,5,75,0.513667,5732,3.60938,0.241688,-3.97884,0.813673,-2.9035,-4.08191,0.0739454,0.0690183
g3_temporal,5,76,0.385466,5006,3.48438,0.184892,-3.60319,0.540562,-3.29884,-3.62836,0.0463434,0.0439346
g3_temporal,5,77,0.632439,8342,4.96875,0.441058,-3.86493,0.837268,-2.65256,-4.04176,0.0903982,0.086556
g3_temporal,5,78,0.562198,6611,4.375,0.532346,-3.55449,0.529213,-3.12585,-3.60258,0.0493229,0.0294598
g3_temporal,5,79,0.353413,7094,4.25,0.660365,-3.49523,0.476135,-3.22682,-3.52781,0.0445466,0.0364445
g3_temporal,5,80,0.674578,6368,4.3125,0.440373,-3.78003,0.745918,-3.00237,-3.86373,0.0694685,0.0779568
g3_temporal,5,81,0.231733,3680,2.65625,0.0114032,-3.31835,0.391323,-3.29436,-3.31978,0.0423014,0.0188213
g3_temporal,5,82,0.427721,6122,3.85938,0.497393,-3.51198,0.49384,-3.08933,-3.55553,0.0487772,0.0300402
g3_temporal,5,83,0.29491,5353,2.92188,0.0773182,-3.36203,0.412135,-3.22371,-3.37433,0.0441932,0.0210297
g3_temporal,5,84,0.508377,5183,3.14062,0.232459,-4.11492,0.926228,-2.66636,-4.23932,0.122328,0.149683
g3_temporal,5,85,0.485262,5821,3.5625,0.238087,-3.5591,0.561862,-3.20637,-3.59348,0.0508973,0.0456832
g3_temporal,5,86,0.460785,7358,4.15625,0.447407,-3.63443,0.592225,-3.23937,-3.6844,0.0498191,0.0494103
g3_temporal,5,87,0.523337,5390,4.9375,0.944169,-3.9364,0.810965,-2.98,-4.02211,0.074753,0.0840571
g3_temporal,5,88,0.291249,4638,3.15625,0.24706,-3.39444,0.396218,-3.2603,-3.40465,0.0421182,0.0183535
g3_temporal,5,89,0.54039,5582,3.71875,0.306801,-3.76124,0.679148,-3.15035,-3.81811,0.0693304,0.100562
g3_temporal,5,90,0.528053,5168,3.84375,0.407265,-3.69631,0.600316,-3.05464,-3.75124,0.0532286,0.0321891
g3_temporal,5,91,0.615827,7570,3.70312,0.180763,-3.71705,0.720623,-2.85609,-3.82949,0.0741772,0.0974067
g3_temporal,5,92,0.343847,7202,3.35938,0.274076,-3.39571,0.384998,-3.2599,-3.41248,0.0415557,0.0190926
g3_temporal,5,93,0.746798,6028,4.9375,0.598911,-3.88401,0.589476,-3.29816,-3.94336,0.0531778,0.0654185
g3_temporal,5,94,0.539975,5567,3.875,0.248154,-3.5735,0.533133,-2.98983,-3.62768,0.0503824,0.0282783
g3_temporal,5,95,0.596778,5070,4.4375,0.47063,-3.89096,0.71949,-3.06532,-3.96019,0.0535311,0.0487989
g3_temporal,5,96,0.565732,6245,4.59375,0.349655,-3.92981,0.845183,-3.05987,-4.02144,0.0710522,0.082725
g3_temporal,5,97,0.497902,7365,3.82812,0.150493,-3.62555,0.544973,-3.26356,-3.67138,0.0432062,0.0338086
g3_temporal,5,98,0.488248,4276,3.625,0.482356,-3.63825,0.606416,-3.11868,-3.67452,0.0508359,0.0380402
g3_temporal,5,99,0.273061,5851,3.1875,-0.01177,-3.35863,0.365063,-3.25575,-3.36872,0.0418192,0.0193876
g3_temporal,5,100,0.517449,9465,3.90625,0.24851,-3.61054,0.655579,-2.93165,-3.72513,0.0566389,0.0424597
g3_temporal,5,101,0.451891,6646,3.46875,0.264706,-3.82084,0.67417,-3.23014,-3.8875,0.0570617,0.0609992
g3_temporal,5,102,0.45407,7867,3.89062,0.306125,-3.7922,0.667176,-3.19864,-3.87317,0.0539145,0.0493343
g3_temporal,5,103,0.417421,8998,3.23438,0.219104,-3.47234,0.512346,-3.03218,-3.54239,0.0537863,0.0283498
g3_temporal,5,104,0.411219,3753,3.375,0.182089,-3.52268,0.497863,-3.29964,-3.53623,0.0430248,0.0262923
g3_temporal,5,105,0.138504,4439,2.48438,0.230747,-3.348,0.379707,-3.2851,-3.35257,0.0384528,0.0149233
g3_temporal,5,106,0.523472,6373,4.34375,0.372852,-3.76127,0.688831,-3.17543,-3.82438,0.0535358,0.0511177
g3_temporal,5,107,0.63883,6231,4.1875,0.335974,-3.92817,0.849311,-2.70404,-4.05678,0.0805957,0.0785006
g3_temporal,5,108,0.307395,7428,4.96875,0.340659,-3.42833,0.423577,-3.3024,-3.44443,0.0408042,0.0250176
g3_temporal,5,109,0.583429,5918,4.125,0.250431,-3.64745,0.572751,-2.94495,-3.71719,0.0591015,0.0340593
g3_temporal,5,110,0.575199,6294,4.78125,0.422202,-3.76402,0.66792,-3.09831,-3.83475,0.0640697,0.070743
g3_temporal,5,111,0.464071,6194,3.79688,0.413718,-3.71895,0.645956,-3.16778,-3.77648,0.058851,0.0656551
g3_temporal,5,112,0.369322,3962,3.64062,0.256954,-3.37413,0.379181,-3.20423,-3.38506,0.0414586,0.0177778
g3_temporal,5,113,0.288613,4706,2.75,0.10485,-3.35147,0.361139,-3.25487,-3.35894,0.0398634,0.0163268
g3_temporal,5,114,0.469641,6890,3.42188,0.323621,-3.63055,0.562375,-3.29976,-3.66941,0.0467385,0.036867
g3_temporal,5,115,0.429915,5072,3.25,0.202881,-3.519,0.4584,-3.32981,-3.53486,0.0427672,0.042667
g3_temporal,5,116,0.501532,5385,3.96875,0.346651,-3.74024,0.712811,-3.09266,-3.79822,0.0654721,0.0775731
g3_temporal,5,117,0.533243,6477,3.84375,0.503275,-3.73547,0.657792,-2.91128,-3.82586,0.0625454,0.0428222
g3_temporal,5,118,0.465934,4859,4.5,0.444192,-3.9611,0.757534,-3.05403,-4.03373,0.0673909,0.0697068
g3_temporal,5,119,0.345973,5100,3.35938,0.340045,-3.41466,0.442907,-3.11291,-3.44012,0.0464354,0.0213248
g3_temporal,5,120,0.534074,6548,4.34375,0.367276,-3.90773,0.730737,-3.11669,-3.99555,0.0601997,0.0567661
g3_temporal,5,121,0.599618,6180,4.34375,0.291039,-3.55295,0.552177,-3.01206,-3.60926,0.0529336,0.0302044
g3_temporal,5,122,0.246502,7613,3.39062,0.158429,-3.32008,0.377959,-3.23101,-3.33179,0.0417774,0.0183386
g3_temporal,5,123,0.404565,5704,3.28125,0.19008,-3.48716,0.440226,-3.25239,-3.50954,0.0423502,0.0211327
g3_temporal,5,124,0.741562,2958,3.67188,0.219333,-3.63799,0.559459,-3.25596,-3.65605,0.0454205,0.0304255
g3_temporal,5,125,0.523274,6958,4.28125,0.35439,-3.74925,0.716873,-2.92846,-3.84674,0.0671886,0.0736021
g3_temporal,5,126,0.363732,5291,3.76562,0.432581,-3.67126,0.565206,-3.21828,-3.71105,0.0479412,0.0402186
g3_temporal,5,127,0.37513,6718,3.73438,0.333551,-3.44816,0.406872,-3.25168,-3.4706,0.0409185,0.0167127
g3_temporal,5,128,0.288456,4685,2.98438,0.243503,-3.2848,0.360424,-3.1059,-3.29857,0.0431309,0.0144415
g3_temporal,5,129,0.630811,4628,3.96875,0.538902,-3.84095,0.636215,-3.07481,-3.89916,0.0584822,0.0440565
g3_temporal,5,130,0.288548,5836,3.09375,0.27669,-3.38483,0.42462,-3.18687,-3.40419,0.0442625,0.0188982
g3_temporal,5,131,0.567788,5764,3.60938,0.221135,-3.77535,0.620401,-3.21042,-3.82982,0.0542954,0.0614057
g3_temporal,5,132,0.51054,7449,3.5,0.351668,-3.53073,0.533559,-3.17667,-3.57614,0.0489238,0.0419111
g3_temporal,5,133,0.625284,5247,5.28125,0.524977,-3.60372,0.518684,-3.23162,-3.6361,0.0494592,0.0565382
g3_temporal,5,134,0.626207,6111,4,0.468763,-3.90366,0.709174,-3.02731,-3.99379,0.0639023,0.0693887
g3_temporal,5,135,0.181974,7178,3.07812,0.163287,-3.29242,0.353473,-3.19363,-3.30457,0.0428647,0.0160194
g3_temporal,5,136,0.569697,8111,4.4375,0.454106,-3.82629,0.743392,-3.11024,-3.92743,0.0651269,0.0737463
g3_temporal,5,137,0.363228,6604,3.59375,0.273545,-3.53199,0.505813,-3.26338,-3.56209,0.0437021,0.0260448
g3_temporal,5,138,0.553865,5584,3.82812,0.444643,-3.7136,0.588574,-3.18406,-3.76293,0.056389,0.0546098
g3_temporal,5,139,0.684772,5521,4.90625,0.66969,-3.80008,0.66499,-3.13652,-3.86112,0.0656899,0.0851871
g3_temporal,5,140,0.33867,6975,3.1875,0.122087,-3.4151,0.448451,-3.19903,-3.44083,0.044061,0.0208885
g3_temporal,5,141,0.566841,6387,4.5,0.345616,-3.63601,0.597047,-3.16785,-3.68656,0.052842,0.0465429
g3_temporal,5,142,0.625732,6012,4.71875,0.718477,-4.01147,0.859577,-2.89496,-4.12424,0.0849755,0.0990475
g3_temporal,5,143,0.410543,6939,3.46875,0.113274,-3.53157,0.541561,-3.08462,-3.5845,0.0547972,0.0423138
g3_temporal,5,144,0.506062,6345,4.40625,0.557359,-3.76615,0.631107,-3.15259,-3.83192,0.0538695,0.0468892
g3_temporal,5,145,0.604958,6567,4.375,0.413489,-4.04555,0.873177,-2.77655,-4.18687,0.0780976,0.0736377
g3_temporal,5,146,0.50652,5670,4.40625,0.733455,-3.81289,0.709332,-3.17823,-3.873,0.0583586,0.067741
g3_temporal,5,147,0.727294,4931,4.46875,0.621998,-3.98422,0.671043,-3.09431,-4.05662,0.0662367,0.0721879
g3_temporal,5,148,0.280727,6362,2.79688,0.304712,-3.38977,0.387039,-3.25593,-3.40416,0.0420385,0.0204972
g3_temporal,5,149,0.417561,5907,5.375,0.535869,-3.65478,0.626734,-3.18749,-3.70108,0.0591703,0.0770438
g3_temporal,5,150,0.332901,5467,3.59375,0.351428,-3.56268,0.566209,-3.23484,-3.59252,0.047212,0.0384969
g3_temporal,5,151,0.645921,5993,4.25,0.688374,-3.6308,0.511574,-3.26108,-3.66801,0.0477047,0.0470625
g3_temporal,5,152,0.536855,5305,3.5625,0.42349,-3.64284,0.529076,-3.0138,-3.69824,0.0534724,0.0292452
g3_temporal,5,153,0.210422,6710,2.53125,0.0362854,-3.27932,0.343859,-3.18678,-3.28988,0.0435985,0.0161857
g3_temporal,5,154,0.313202,5035,3.20312,0.157083,-3.36825,0.453297,-3.16061,-3.38553,0.0444518,0.020857
g3_temporal,5,155,0.395803,8778,3.71875,0.369768,-3.61448,0.726649,-3.144,-3.68724,0.0572311,0.0646377
g3_temporal,5,156,0.521904,7545,4.15625,0.297795,-3.58922,0.508565,-3.20929,-3.63865,0.0466055,0.0344627
g3_temporal,5,157,0.50663,5915,3.57812,0.359955,-3.81121,0.750011,-3.04904,-3.88682,0.0708887,0.0873422
g3_temporal,5,158,0.539768,6558,4.03125,0.316543,-3.68235,0.542527,-3.28604,-3.72642,0.0489263,0.0533391
g3_temporal,5,159,0.585301,6398,4.34375,0.20185,-3.66082,0.586337,-3.08277,-3.72337,0.0529399,0.0344069
g3_temporal,5,160,0.520021,6027,3.92188,0.281608,-3.75863,0.729643,-2.92338,-3.84323,0.0723418,0.0792478
g3_temporal,5,161,0.460057,4983,3.65625,0.222896,-3.58066,0.547612,-3.18472,-3.61324,0.051076,0.0522382
g3_temporal,5,162,0.537078,4201,4.1875,0.740648,-3.72048,0.541554,-3.2273,-3.75426,0.0464551,0.0347189
g3_temporal,5,163,0.360744,5062,3.09375,0.298617,-3.45141,0.416802,-3.2471,-3.46852,0.0415172,0.0201834
g3_temporal,5,164,0.429501,5457,4.15625,0.492569,-3.70606,0.566586,-3.14224,-3.75727,0.0467441,0.0268191
g3_temporal,5,165,0.541158,4545,4.4375,0.544664,-3.81428,0.749028,-2.93028,-3.88016,0.0909818,0.132732
g3_temporal,5,166,0.398519,6027,3.28125,0.230939,-3.66217,0.520843,-3.31554,-3.69727,0.0458217,0.0402879
g3_temporal,5,167,0.702326,5615,5.1875,0.781652,-3.8304,0.703958,-3.03665,-3.90478,0.0748543,0.0918568
g3_temporal,5,168,0.525717,6173,4.125,0.566488,-3.77201,0.66201,-3.18222,-3.83334,0.0513523,0.0503877
g3_temporal,5,169,0.483584,7013,3.625,0.289203,-3.77476,0.635601,-3.2211,-3.84111,0.0507494,0.044093
g3_temporal,5,170,0.418294,6588,3.45312,0.298328,-3.68919,0.595143,-3.20587,-3.7432,0.0508969,0.0511631
g3_temporal,5,171,0.517058,6983,4.28125,0.32674,-3.70128,0.651974,-3.09675,-3.77337,0.0635952,0.0692664
g3_temporal,5,172,0.535716,8302,4.375,0.463052,-3.87355,0.7822,-2.91841,-4.01209,0.0673076,0.0737955
g3_temporal,5,173,0.438752,8323,3.8125,0.459276,-3.4673,0.525205,-3.15592,-3.51259,0.0450774,0.0245686
g3_temporal,5,174,0.594587,6175,4,0.47866,-3.8133,0.687498,-3.03526,-3.89424,0.0788889,0.101153
g3_temporal,5,175,0.51102,5887,3.65625,0.309705,-3.75249,0.630831,-3.18092,-3.8089,0.0602201,0.073764
g3_temporal,5,176,0.547811,4955,3.89062,0.296167,-3.84446,0.711083,-3.015,-3.9123,0.0641125,0.059707
g3_temporal,5,177,0.416695,6761,3.28125,0.358111,-3.49617,0.467654,-3.1975,-3.53052,0.0454822,0.0328511
g3_temporal,5,178,0.529287,6550,4.1875,0.396261,-3.76048,0.756645,-3.02467,-3.84219,0.0683764,0.0738863
g3_temporal,5,179,0.648497,5688,4.4375,0.606236,-3.86224,0.699716,-3.16908,-3.92811,0.0652955,0.0756673
g3_temporal,5,180,0.524686,6206,3.48438,0.21641,-3.76055,0.725892,-3.11761,-3.8278,0.059702,0.0591968
g3_temporal,5,181,0.544169,6834,4.09375,0.271245,-3.73251,0.672407,-3.15165,-3.80013,0.059935,0.0688816
g3_temporal,5,182,0.458528,6477,4.09375,0.575952,-3.69496,0.623321,-3.13994,-3.75583,0.0562416,0.0541713
g3_temporal,5,183,0.725673,6176,4.40625,0.621505,-3.75538,0.602033,-3.15026,-3.81834,0.0634625,0.0753085
g3_temporal,5,184,0.542723,6727,4.59375,0.465504,-3.90286,0.828438,-2.97734,-4.00872,0.0659131,0.0620397
g3_temporal,5,185,0.474749,7432,3.75,0.192365,-3.45219,0.508058,-3.05556,-3.50292,0.0535988,0.0318243
g3_temporal,5,186,0.280095,3919,3.34375,0.286098,-3.36228,0.433738,-3.1838,-3.37364,0.0423379,0.0171977
g3_temporal,5,187,0.574684,4268,3.98438,0.400518,-3.8619,0.689235,-3.08174,-3.91624,0.059095,0.0613822
g3_temporal,5,188,0.62521,5759,5.25,0.585524,-3.83305,0.669594,-3.16475,-3.89744,0.0570323,0.0536962
g3_temporal,5,189,0.51922,5593,4.09375,0.473519,-3.67538,0.634001,-3.12216,-3.727,0.0664459,0.0864972
g3_temporal,5,190,0.219111,6556,2.875,0.140142,-3.37828,0.453497,-3.15133,-3.40351,0.0409069,0.0184819
g3_temporal,5,191,0.52401,5991,3.9375,0.411283,-3.90887,0.782873,-3.0872,-3.99154,0.0640072,0.0639351
g3_temporal,6,0,0.26994,5348,3.39062,0.224749,-3.29307,0.37681,-3.09589,-3.31059,0.0442109,0.0167669
g3_temporal,6,1,0.580551,5810,3.8125,0.199446,-3.74525,0.640548,-3.07818,-3.81014,0.0569838,0.0544528
g3_temporal,6,2,0.816926,6342,5.09375,0.797911,-3.99584,0.889735,-2.46577,-4.15977,0.0987471,0.0857087
g3_temporal,6,3,0.576296,4763,5.5625,0.630371,-3.90318,0.72188,-2.92324,-3.97998,0.0681142,0.0603845
g3_temporal,6,4,0.60327,5365,5.53125,0.479976,-3.66894,0.613174,-3.14479,-3.71568,0.0535604,0.0594062
g3_temporal,6,5,0.468181,6535,4.46875,0.750564,-3.69047,0.652959,-3.07124,-3.75905,0.068431,0.084038
g3_temporal,6,6,0.556495,6044,4.3125,0.355986,-3.81901,0.772005,-2.95964,-3.90632,0.0707489,0.0766163
g3_temporal,6,7,0.413215,7487,4.90625,0.588336,-3.45204,0.405404,-3.18893,-3.48598,0.0405716,0.0196338
g3_temporal,6,8,0.386901,7145,3.375,0.289007,-3.35444,0.365695,-3.20327,-3.37294,0.0404788,0.0152165
g3_temporal,6,9,0.666794,4941,3.875,0.201388,-4.07872,0.773188,-2.88991,-4.17566,0.0664813,0.054678
g3_temporal,6,10,0.651078,6025,4.5625,0.697274,-3.95698,0.783629,-2.97951,-4.05594,0.0729587,0.0774268
g3_temporal,6,11,0.398744,4609,3.71875,0.414063,-3.38501,0.423305,-3.15544,-3.40238,0.0438392,0.0176356
g3_temporal,6,12,0.44066,6300,3.39062,0.163879,-3.4256,0.40682,-3.16632,-3.45317,0.0466385,0.0365946
g3_temporal,6,13,1.02256,6421,4.21875,0.310365,-3.47363,0.577519,-2.5686,-3.57193,0.0947549,0.0677001
g3_temporal,6,14,0.737878,6368,4.75,0.663741,-3.6971,0.609665,-3.16405,-3.75447,0.0569554,0.0675058
g3_temporal,6,15,0.668282,5844,4.34375,0.475207,-4.00247,0.77605,-2.96491,-4.10405,0.0706715,0.0697007
g3_temporal,6,16,0.725763,6660,4.59375,0.252353,-3.85269,0.728381,-3.01571,-3.94737,0.059834,0.0566629
g3_temporal,6,17,0.626415,7740,4.09375,0.519352,-3.45649,0.531236,-2.81978,-3.54176,0.0606313,0.0358544
g3_temporal,6,18,0.73369,5317,4.15625,0.611245,-3.90882,0.669841,-3.03934,-3.98559,0.0566989,0.0455161
g3_temporal,6,19,0.514646,5103,4.21875,0.804392,-3.65153,0.482994,-3.36511,-3.67572,0.0410591,0.029926
g3_temporal,6,20,0.660746,4158,4.125,0.635486,-3.79,0.586254,-3.02485,-3.84183,0.051663,0.0316222
g3_temporal,6,21,0.434538,6247,3.89062,0.371018,-3.48698,0.466081,-3.21696,-3.51543,0.0449781,0.0356225
g3_temporal,6,22,0.393655,3780,3.14062,0.111662,-3.37219,0.423255,-3.17802,-3.38408,0.0441174,0.0185424
g3_temporal,6,23,1.01538,8421,5.9375,0.839432,-3.69847,0.656612,-2.95694,-3.8078,0.0581854,0.049389
g3_temporal,6,24,0.267124,6935,3.26562,0.143707,-3.29573,0.363327,-3.17353,-3.31019,0.0417855,0.0158554
g3_temporal,6,25,0.399768,5796,3.17188,0.130569,-3.4153,0.415726,-3.21572,-3.43467,0.0437534,0.0205363
g3_temporal,6,26,0.369038,4407,3,0.0370439,-3.34757,0.373486,-3.16324,-3.36086,0.0407456,0.0150389
g3_temporal,6,27,0.432047,8197,3.9375,0.509886,-3.43031,0.440626,-3.13818,-3.47207,0.0456626,0.0215352
g3_temporal,6,28,0.557064,4775,4.28125,0.493146,-3.76231,0.592347,-3.16257,-3.80945,0.050782,0.0433313
g3_temporal,6,29,0.608812,7161,3.98438,0.463734,-3.67845,0.694112,-2.91341,-3.7723,0.0824824,0.118527
g3_temporal,6,30,0.699065,7502,4.25,0.591889,-3.75347,0.641586,-2.95127,-3.85717,0.0541803,0.0388398
g3_temporal,6,31,0.628093,4405,4.34375,0.546497,-4.02662,0.723374,-3.01268,-4.09968,0.0635168,0.0572449
g3_temporal,6,32,0.40644,6212,3.70312,0.13568,-3.54243,0.508226,-3.26551,-3.57143,0.0465634,0.0327992
g3_temporal,6,33,0.747087,4726,5.25,0.932492,-4.055,0.786363,-2.85927,-4.14793,0.0749051,0.0785337
g3_temporal,6,34,0.452214,7235,4.875,0.544346,-3.52056,0.57644,-3.17677,-3.56323,0.052076,0.0641796
g3_temporal,6,35,0.838822,6102,4.625,0.300834,-4.04821,0.775037,-2.68531,-4.18814,0.0680909,0.0396494
g3_temporal,6,36,0.625199,5881,4.46875,0.574354,-3.86099,0.670778,-3.11613,-3.93442,0.0566628,0.0527724
g3_temporal,6,37,0.504371,5209,3.67188,0.591262,-3.6473,0.543025,-3.22142,-3.68407,0.0471615,0.0389802
g3_temporal,6,38,0.444484,5839,3.85938,0.288262,-3.64119,0.661118,-2.95693,-3.70812,0.0818114,0.110076
g3_temporal,6,39,0.84684,10632,5.15625,0.616926,-3.60109,0.654409,-2.92518,-3.73198,0.0532055,0.0298901
g3_temporal,6,40,0.361758,5337,3.53125,0.227774,-3.35591,0.394489,-3.16149,-3.37315,0.0427047,0.0168736
g3_temporal,6,41,0.488978,6303,4.125,0.423764,-3.60244,0.536971,-3.21524,-3.64364,0.0449974,0.0309429
g3_temporal,6,42,0.694862,6714,4.34375,0.299918,-3.8507,0.676674,-3.03108,-3.94426,0.0643302,0.0583094
g3_temporal,6,43,0.599895,6984,4.375,0.403755,-3.81498,0.717672,-3.0515,-3.90605,0.058196,0.0584779
g3_temporal,6,44,0.574872,4639,4.1875,0.127827,-3.3909,0.377629,-3.20283,-3.40522,0.0412835,0.0182368
g3_temporal,6,45,0.703318,5587,4.65625,0.773034,-4.01322,0.819659,-3.00869,-4.10684,0.0720534,0.0832974
g3_temporal,6,46,0.49563,5352,3.28125,0.000894347,-3.65821,0.51485,-3.30317,-3.68978,0.0428528,0.0307671
g3_temporal,6,47,0.529707,6503,4.125,0.40646,-3.4921,0.504402,-3.19877,-3.52441,0.0462427,0.0411599
g3_temporal,6,48,0.415377,6604,4.03125,0.821732,-3.64045,0.508354,-3.33661,-3.6745,0.0424499,0.0364961
g3_temporal,6,49,0.436542,6255,3.71875,0.662817,-3.47406,0.466702,-3.13369,-3.50998,0.0465198,0.021124
g3_temporal,6,50,0.3761,4513,3.5625,0.280889,-3.3502,0.41182,-3.16159,-3.36415,0.0440157,0.0171296
g3_temporal,6,51,0.700596,8606,4.15625,0.280703,-3.66359,0.590063,-2.91024,-3.77748,0.0560903,0.0302589
g3_temporal,6,52,0.631346,9646,3.71875,0.400829,-4.09187,0.992243,-2.90379,-4.29692,0.0638228,0.0555367
g3_temporal,6,53,0.710524,5505,4.59375,0.780458,-3.71753,0.643959,-3.049,-3.77883,0.0666111,0.0783785
g3_temporal,6,54,0.330796,6882,3.21875,0.0570947,-3.32009,0.386999,-3.10087,-3.34581,0.045362,0.0171256
g3_temporal,6,55,0.723643,4642,4.53125,0.662933,-3.86552,0.670884,-3.05958,-3.92696,0.0673514,0.0786188
g3_temporal,6,56,0.655879,5815,4.15625,0.482469,-3.68079,0.608259,-3.12539,-3.73487,0.0539467,0.0415031
g3_temporal,6,57,0.411305,9425,3.65625,0.297607,-3.39245,0.432298,-3.14075,-3.43473,0.0441124,0.0179199
g3_temporal,6,58,0.594412,7942,4.125,0.492474,-3.53392,0.504576,-2.99349,-3.60845,0.051181,0.0229964
g3_temporal,6,59,0.640547,7447,4.5625,0.503334,-3.72363,0.660904,-3.15377,-3.79668,0.0563085,0.0586085
g3_temporal,6,60,0.555021,6082,4.0625,0.448419,-3.6672,0.588725,-3.21148,-3.71382,0.0571776,0.0691666
g3_temporal,6,61,0.441283,4309,3.76562,0.605593,-3.47004,0.399185,-3.19676,-3.48927,0.0429043,0.0160097
g3_temporal,6,62,0.579434,3493,4.3125,0.666728,-3.8185,0.640566,-3.08543,-3.85977,0.0527091,0.0374802
g3_temporal,6,63,0.58787,4730,4.21875,0.265902,-3.83894,0.683683,-2.85049,-3.91583,0.0654727,0.0548824
g3_temporal,6,64,0.66109,5719,4.40625,0.379918,-3.95351,0.94514,-2.73719,-4.0698,0.0954223,0.114109
g3_temporal,6,65,0.256765,6937,3.65625,0.48878,-3.30896,0.376293,-3.19584,-3.32235,0.0438701,0.017114
g3_temporal,6,66,0.562119,5466,3.92188,0.323498,-3.81687,0.618436,-3.10657,-3.88151,0.0502686,0.0357407
g3_temporal,6,67,0.513883,3525,3.51562,0.297247,-3.44344,0.449507,-3.12243,-3.46169,0.044374,0.0212593
g3_temporal,6,68,0.839752,5181,5.34375,1.00927,-3.80039,0.632858,-3.08823,-3.86153,0.0650039,0.0693371
g3_temporal,6,69,0.677678,7339,4.03125,0.650557,-3.83289,0.740423,-3.00602,-3.93716,0.0540611,0.0367813
g3_temporal,6,70,0.801317,6189,5.59375,1.1133,-3.7495,0.668375,-3.07301,-3.82005,0.0677694,0.0789112
g3_temporal,6,71,0.546055,6492,4.1875,0.706919,-3.7429,0.610864,-3.20028,-3.80256,0.0543817,0.059791
g3_temporal,6,72,0.427909,5968,4.625,0.411257,-3.48373,0.572218,-3.15634,-3.51653,0.0504225,0.0448618
g3_temporal,6,73,0.321487,6420,3.65625,0.249711,-3.52205,0.444669,-3.2879,-3.54748,0.0420179,0.0294892
g3_temporal,6,74,0.618165,5048,4.21875,0.293462,-3.79268,0.622748,-3.08547,-3.8517,0.0544832,0.0434626
g3_temporal,6,75,0.44656,4391,3.84375,0.336969,-3.62984,0.466824,-3.29814,-3.65366,0.0420863,0.0272835
g3_temporal,6,76,0.88235,5987,5,0.623542,-3.73353,0.551755,-3.1456,-3.79264,0.0570773,0.0711307
g3_temporal,6,77,0.569968,3934,4.09375,0.335542,-3.63319,0.512586,-3.16742,-3.66293,0.0451615,0.0270097
g3_temporal,6,78,0.703879,5373,4.4375,0.637845,-3.7491,0.625925,-3.08339,-3.80855,0.0598472,0.0596685
g3_temporal,6,79,0.457442,6534,3.28125,0.213579,-3.45186,0.397298,-3.23473,-3.47591,0.0408477,0.0178017
g3_temporal,6,80,0.516255,4687,3.51562,0.421546,-3.54819,0.465479,-3.09371,-3.5832,0.0431081,0.0198454
g3_temporal,6,81,0.736332,6745,4.15625,0.840547,-3.70653,0.697603,-2.66101,-3.82649,0.0851337,0.0683154
g3_temporal,6,82,0.677214,6308,4.71875,0.511148,-3.74744,0.682367,-2.94026,-3.83341,0.0668567,0.0648583
g3_temporal,6,83,0.348974,5970,3.21875,0.288527,-3.39186,0.448339,-3.1754,-3.41355,0.0427489,0.01732
g3_temporal,6,84,0.328006,7138,3.07812,0.103754,-3.31705,0.347798,-3.22492,-3.32832,0.0410648,0.0144757
g3_temporal,6,85,0.538225,4618,5.65625,0.349927,-3.58562,0.521902,-3.10044,-3.6224,0.0486893,0.0257277
g3_temporal,6,86,0.483364,7995,3.60938,0.104997,-3.40467,0.415023,-3.08184,-3.44952,0.0488314,0.0195933
g3_temporal,6,87,0.525026,5623,5,0.443789,-3.64765,0.54902,-3.18626,-3.69095,0.0517171,0.0506675
g3_temporal,6,88,0.717867,7388,4.40625,0.416428,-4.17994,0.97493,-2.64282,-4.37524,0.0799118,0.0853644
g3_temporal,6,89,0.697772,7310,5.375,0.623634,-3.96518,0.871817,-2.61228,-4.13503,0.0791387,0.0742593
g3_temporal,6,90,0.377304,7559,4.75,0.401695,-3.40818,0.448484,-3.17045,-3.43917,0.0444458,0.0202153
g3_temporal,6,91,0.494361,6054,3.70312,0.214603,-3.4319,0.437448,-3.15969,-3.4596,0.0438922,0.0186107
g3_temporal,6,92,0.442281,6302,4.5625,0.699593,-3.47727,0.485609,-3.24413,-3.50207,0.0460541,0.0463667
g3_temporal,6,93,0.547076,6599,4,0.202111,-3.72919,0.684006,-2.98681,-3.81231,0.0619688,0.0732211
g3_temporal,6,94,0.317279,6353,2.92188,0.126714,-3.30341,0.362362,-3.12026,-3.32307,0.0424746,0.014218
g3_temporal,6,95,0.294333,4295,2.78125,0.0829627,-3.28097,0.348059,-3.18021,-3.28804,0.0417787,0.0154712
g3_temporal,6,96,0.649049,5401,4.0625,0.297696,-4.0382,0.86959,-2.61675,-4.16587,0.103501,0.105783
g3_temporal,6,97,0.475758,5557,3.59375,0.187407,-3.4636,0.440378,-3.086,-3.49858,0.0457526,0.0187877
g3_temporal,6,98,0.65442,6278,4.1875,0.265007,-3.72029,0.581637,-3.12288,-3.78358,0.0443086,0.0238452
g3_temporal,6,99,0.661593,6104,4.78125,0.559849,-3.87073,0.769036,-2.95948,-3.96432,0.0760384,0.083992
g3_temporal,6,100,0.789732,6029,4.9375,0.601565,-3.92221,0.78968,-2.94137,-4.02159,0.0748519,0.0827836
g3_temporal,6,101,0.741968,6510,5,0.506482,-3.7329,0.65242,-2.99563,-3.81422,0.0597664,0.0585461
g3_temporal,6,102,0.584612,7797,3.625,0.144737,-3.47262,0.486826,-3.04691,-3.53011,0.0461352,0.0218058
g3_temporal,6,103,0.622147,6291,4.625,0.685163,-3.83276,0.703561,-3.0156,-3.91953,0.0697695,0.0776359
g3_temporal,6,104,0.542805,6257,4.375,0.376069,-3.90072,0.766038,-2.90154,-4.00618,0.0948248,0.11704
g3_temporal,6,105,0.624279,5196,4.40625,0.242349,-3.80772,0.718023,-2.96063,-3.88066,0.0757616,0.0957833
g3_temporal,6,106,0.170601,7060,2.65625,0.130675,-3.37891,0.422378,-3.28158,-3.39066,0.0385465,0.0186553
g3_temporal,6,107,0.645815,8194,4.96875,0.8581,-3.59808,0.554652,-2.99246,-3.68463,0.0505945,0.0277551
g3_temporal,6,108,0.616064,8532,4.1875,0.311691,-3.53582,0.461334,-3.10955,-3.59963,0.0448755,0.019658
g3_temporal,6,109,0.51639,5681,4.8125,0.199625,-3.76173,0.78922,-2.93874,-3.83984,0.0745058,0.0967494
g3_temporal,6,110,0.394227,8074,3.5625,0.144141,-3.33475,0.392261,-3.07851,-3.37076,0.0442279,0.0165661
g3_temporal,6,111,0.573885,4387,4.5,0.507699,-3.75977,0.648466,-2.9953,-3.81462,0.0557315,0.0392948
g3_temporal,6,112,0.835479,5698,4.53125,0.620715,-4.01399,0.75572,-2.82599,-4.12712,0.0829038,0.10926
g3_temporal,6,113,0.430045,5190,4.0625,0.241775,-3.6515,0.461644,-3.29435,-3.68221,0.0397536,0.0249708
g3_temporal,6,114,0.480841,5361,4,0.545543,-3.55165,0.556049,-3.18947,-3.58392,0.0491842,0.0447425
g3_temporal,6,115,0.692256,5141,4.8125,0.384086,-4.15077,0.871926,-2.874,-4.25946,0.0743736,0.0735471
g3_temporal,6,116,0.409689,5531,3.40625,0.07058,-3.3906,0.399078,-3.1443,-3.4133,0.0445882,0.0178271
g3_temporal,6,117,0.406223,7180,3.98438,0.204928,-3.3784,0.48674,-3.10294,-3.4123,0.0476046,0.0259481
g3_temporal,6,118,0.629882,8550,4.28125,0.250298,-3.59361,0.674712,-2.86516,-3.70291,0.0652313,0.0576992
g3_temporal,6,119,0.256772,4194,2.53125,0.0113482,-3.30554,0.350419,-3.16576,-3.31509,0.0427625,0.0154363
g3_temporal,6,120,0.674469,5814,4.15625,0.364312,-3.74445,0.606972,-2.94259,-3.82252,0.0575376,0.0354877
g3_temporal,6,121,0.497259,4964,3.60938,0.172339,-3.53403,0.421553,-3.22383,-3.55945,0.0418768,0.0189689
g3_temporal,6,122,0.73848,6636,4.28125,0.18612,-3.89476,0.75693,-2.87967,-4.00913,0.0655647,0.0490841
g3_temporal,6,123,0.561694,6504,4.28125,0.595561,-3.42559,0.398501,-3.13345,-3.45777,0.0473339,0.0192296
g3_temporal,6,124,0.576844,6335,3.9375,0.348469,-4.04057,0.824217,-2.82042,-4.17114,0.0772857,0.0856453
g3_temporal,6,125,0.59547,4521,4.125,0.545291,-3.57841,0.483649,-3.05163,-3.61744,0.048157,0.0230839
g3_temporal,6,126,0.732896,5973,5.5,0.523067,-3.71515,0.691559,-3.00861,-3.78601,0.0722287,0.0876782
g3_temporal,6,127,0.630858,4677,4.21875,0.315897,-4.0173,0.72411,-2.88684,-4.10417,0.0599973,0.0449784
g3_temporal,6,128,0.372099,6084,3.78125,0.380314,-3.49921,0.46262,-3.27726,-3.52192,0.0419653,0.0218261
g3_temporal,6,129,0.634356,6596,4.25,0.359702,-3.92941,0.798343,-2.8631,-4.04874,0.0645104,0.0453903
g3_temporal,6,130,0.666686,3339,4.34375,0.513842,-3.61023,0.539118,-3.05086,-3.64025,0.0502631,0.0298854
g3_temporal,6,131,0.59915,5014,4,0.425376,-3.77344,0.650341,-3.09235,-3.82987,0.060387,0.0622463
g3_temporal,6,132,0.498861,5985,4.09375,0.353367,-3.68486,0.578219,-3.2324,-3.73034,0.0551637,0.0652702
g3_temporal,6,133,0.713578,7910,3.96875,0.334482,-3.52444,0.610805,-2.80396,-3.62334,0.0635869,0.0411168
g3_temporal,6,134,0.433815,7704,3.64062,0.208653,-3.3893,0.409161,-3.09043,-3.42911,0.0478385,0.018257
g3_temporal,6,135,0.556779,6194,5.21875,0.944434,-3.7733,0.716425,-3.01232,-3.85273,0.0603537,0.0554663
g3_temporal,6,136,0.516799,7165,4.25,0.380472,-3.50057,0.519379,-3.09297,-3.5506,0.0473489,0.0237342
g3_temporal,6,137,0.580501,6912,4.21875,0.463838,-3.76426,0.633989,-3.1113,-3.84125,0.061424,0.0640225
g3_temporal,6,138,0.801409,6018,4.25,0.521481,-3.72529,0.595526,-3.07015,-3.79153,0.0583311,0.0488829
g3_temporal,6,139,0.486004,5128,3.57812,0.485259,-3.47736,0.443135,-3.11986,-3.50771,0.0451733,0.0199113
g3_temporal,6,140,0.225771,6291,3.59375,0.468821,-3.29892,0.393477,-3.18744,-3.31075,0.0403089,0.014967
g3_temporal,6,141,0.232536,8528,3.90625,0.86121,-3.3608,0.414999,-3.22394,-3.38128,0.0397558,0.0168648
g3_temporal,6,142,0.727511,6187,4.78125,0.266888,-3.66114,0.561093,-3.05269,-3.72457,0.0603029,0.0502355
g3_temporal,6,143,0.399732,5881,3.23438,0.227396,-3.49582,0.441975,-3.24958,-3.52009,0.0416533,0.0221064
g3_temporal,6,144,0.747506,6572,4.15625,0.805949,-3.90747,0.649666,-3.20023,-3.9863,0.0542117,0.0532009
g3_temporal,6,145,0.661849,7452,4.25,0.269268,-3.82184,0.705671,-3.02826,-3.92366,0.0577588,0.0457745
g3_temporal,6,146,0.663504,6508,4.625,0.529798,-3.65903,0.574412,-3.03014,-3.72837,0.052651,0.0293441
g3_temporal,6,147,0.563054,6248,4.15625,0.73918,-3.7406,0.620073,-3.13806,-3.8041,0.0540129,0.0478514
g3_temporal,6,148,0.531639,5099,3.70312,0.6048,-3.59174,0.476889,-3.20423,-3.62443,0.0463928,0.0264546
g3_temporal,6,149,0.634291,4893,4.6875,0.637964,-3.77335,0.726508,-2.91944,-3.84225,0.076001,0.085496
g3_temporal,6,150,0.454983,7889,3.51562,0.357594,-3.3957,0.423837,-3.09774,-3.43648,0.0470944,0.0182559
g3_temporal,6,151,0.630025,4286,5.625,0.523633,-3.62124,0.491006,-3.04701,-3.66142,0.0519991,0.0269496
g3_temporal,6,152,0.681119,6354,4.21875,0.413977,-3.67375,0.602751,-3.05274,-3.74042,0.0521247,0.0275998
g3_temporal,6,153,0.517304,6289,4.53125,0.589396,-3.64047,0.68364,-2.93711,-3.71513,0.0630718,0.0754951
g3_temporal,6,154,0.20847,5783,2.29688,-0.100921,-3.28732,0.385053,-3.20936,-3.29486,0.0433631,0.0163266
g3_temporal,6,155,0.507564,5618,4.5,0.476244,-3.61838,0.54683,-3.23151,-3.65465,0.0492929,0.050574
g3_temporal,6,156,0.577579,5746,3.78125,0.472748,-3.48247,0.482462,-3.01267,-3.52762,0.0497395,0.0228748
g3_temporal,6,157,0.526685,9081,3.14062,0.561098,-3.33512,0.44861,-3.02513,-3.38498,0.0473435,0.0255081
g3_temporal,6,158,0.541993,7613,3.92188,0.245162,-3.40391,0.456051,-2.93683,-3.4653,0.052942,0.0251944
g3_temporal,6,159,0.543759,5547,4.21875,0.546771,-3.72218,0.532221,-3.26637,-3.76432,0.045053,0.029664
g3_temporal,6,160,0.73031,6232,5.3125,0.783031,-3.83197,0.698503,-3.04077,-3.91511,0.0678587,0.0711824
g3_temporal,6,161,0.600251,6158,5.25,1.40612,-3.78757,0.562706,-3.33637,-3.83437,0.0475826,0.0475099
g3_temporal,6,162,0.673129,5065,3.95312,0.480113,-3.87708,0.66374,-2.94851,-3.95486,0.061905,0.0504276
g3_temporal,6,163,0.498654,4245,3.84375,0.50819,-3.83912,0.678708,-3.08134,-3.8916,0.0514001,0.0363852
g3_temporal,6,164,0.622,7019,4,0.348635,-3.54761,0.554032,-2.94578,-3.6198,0.0517399,0.027071
g3_temporal,6,165,0.57104,3706,3.82812,0.617687,-3.46374,0.47397,-3.10831,-3.48505,0.0481235,0.0281984
g3_temporal,6,166,0.779176,6864,4.84375,0.487472,-3.89165,0.720973,-3.07929,-3.98668,0.0666501,0.0691582
g3_temporal,6,167,0.566556,5461,4.5,0.445427,-3.70226,0.634016,-3.10148,-3.75688,0.0608584,0.0730002
g3_temporal,6,168,0.660653,6409,5,0.588534,-3.81069,0.722244,-3.01593,-3.89683,0.0661519,0.0690388
g3_temporal,6,169,0.527101,4838,3.89062,0.214099,-3.49514,0.471434,-3.12467,-3.52467,0.0463848,0.0210603
g3_temporal,6,170,0.457498,6851,3.67188,0.244288,-3.44139,0.445064,-3.19887,-3.46971,0.042,0.0197494
g3_temporal,6,171,0.644294,6582,5.25,1.40267,-3.76916,0.651681,-3.08929,-3.84506,0.0600228,0.0614401
g3_temporal,6,172,0.769866,6052,4.4375,0.597666,-3.68187,0.600857,-3.03959,-3.74722,0.062873,0.0572989
g3_temporal,6,173,0.756687,8086,4.5,0.569199,-3.87299,0.774577,-2.79405,-4.02485,0.0695469,0.0595719
g3_temporal,6,174,0.53169,6953,5.5,0.551125,-3.65414,0.642156,-3.07987,-3.7223,0.0526141,0.0446289
g3_temporal,6,175,0.777573,7009,4.5,0.636811,-3.87073,0.64673,-3.18353,-3.95302,0.0590045,0.0768517
g3_temporal,6,176,0.599703,5563,4.28125,0.429584,-3.69195,0.672857,-3.07202,-3.74945,0.065658,0.0739813
g3_temporal,6,177,0.549141,5336,4.5625,0.575334,-3.67529,0.578577,-3.20891,-3.71663,0.0503163,0.0435054
g3_temporal,6,178,0.543902,5050,3.85938,0.572191,-3.87028,0.737092,-2.99737,-3.94316,0.0652438,0.0831923
g3_temporal,6,179,0.436294,7478,4.34375,0.663726,-3.5003,0.486127,-3.21923,-3.53651,0.043917,0.0236904
g3_temporal,6,180,0.382319,6090,3.875,0.271435,-3.48281,0.420155,-3.27467,-3.50414,0.0398151,0.0204118
g3_temporal,6,181,0.58561,7248,3.75,0.297545,-3.59599,0.529224,-3.17725,-3.64806,0.0431459,0.0242753
g3_temporal,6,182,0.455815,5668,3.73438,0.368003,-3.57072,0.514276,-3.21809,-3.60411,0.0448075,0.0345312
g3_temporal,6,183,0.485192,4581,3.85938,0.389629,-3.7512,0.741205,-3.04788,-3.80406,0.0637277,0.0653144
g3_temporal,6,184,0.463699,7235,3.5625,0.339186,-3.49268,0.496295,-3.1069,-3.54056,0.0499002,0.0256066
g3_temporal,6,185,0.449031,6752,3.35938,0.255389,-3.56677,0.570877,-3.15749,-3.61378,0.0501228,0.0393724
g3_temporal,6,186,0.580857,5033,3.82812,0.317996,-3.62109,0.534837,-2.98061,-3.67437,0.0456978,0.0210475
g3_temporal,6,187,0.520772,7202,4.5,0.47254,-3.62643,0.638167,-3.14912,-3.68535,0.0571451,0.0605105
g3_temporal,6,188,0.698608,7974,4.28125,0.384306,-3.59451,0.562361,-2.98072,-3.67953,0.0548345,0.0307496
g3_temporal,6,189,0.629655,5379,4.59375,0.361167,-3.82257,0.696491,-3.03612,-3.89289,0.0536517,0.0411792
g3_temporal,6,190,0.662692,7389,6.34375,1.01398,-3.63031,0.608627,-3.00056,-3.71034,0.0537844,0.0447378
g3_temporal,6,191,0.476192,6060,4.15625,0.267421,-3.56092,0.558318,-3.09795,-3.60809,0.0491658,0.0303526
g3_temporal,7,0,0.40833,5349,3.92188,1.4136,-3.34455,0.385387,-3.13935,-3.36279,0.0444101,0.0176426
g3_temporal,7,1,0.484478,3233,4.09375,0.540819,-3.39542,0.41203,-3.12377,-3.40951,0.0472768,0.0186087
g3_temporal,7,2,0.486947,7192,3.95312,0.443194,-3.38889,0.455315,-3.03703,-3.43226,0.048481,0.0217538
g3_temporal,7,3,0.689175,6713,5,0.632834,-3.57989,0.57936,-2.92875,-3.6542,0.0525629,0.0314661
g3_temporal,7,4,0.551283,4656,4.0625,0.511647,-3.3272,0.374255,-3.06429,-3.34731,0.0471503,0.0162984
g3_temporal,7,5,0.556253,5681,4.0625,0.228282,-3.36236,0.404931,-2.93882,-3.40256,0.0493772,0.0177789
g3_temporal,7,6,0.704231,10679,4.71875,0.653359,-3.46155,0.580159,-2.78584,-3.59309,0.062987,0.0349116
g3_temporal,7,7,0.722062,6164,4.3125,0.359773,-3.53399,0.572208,-2.78538,-3.61171,0.0623377,0.0440731
g3_temporal,7,8,0.62556,4917,3.95312,0.33713,-3.51871,0.483883,-3.07901,-3.55438,0.048246,0.0291785
g3_temporal,7,9,0.724585,4824,5.0625,0.628995,-3.74539,0.61122,-3.00419,-3.80429,0.0593688,0.0558958
g3_temporal,7,10,0.635501,6214,4.84375,0.57123,-3.3743,0.441463,-2.89258,-3.42476,0.0509334,0.022065
g3_temporal,7,11,0.318817,4520,3.15625,0.475292,-3.29634,0.359628,-3.17454,-3.30536,0.0421983,0.0155248
g3_temporal,7,12,0.642495,5702,4.28125,0.687891,-3.46313,0.404249,-3.08681,-3.49899,0.0445731,0.0174192
g3_temporal,7,13,0.74049,5655,4.3125,0.596602,-3.66424,0.570719,-2.97073,-3.72973,0.057776,0.036213
g3_temporal,7,14,0.551636,6880,4.3125,0.553326,-3.50234,0.498341,-3.08028,-3.55184,0.046928,0.0222322
g3_temporal,7,15,0.443036,8226,3.59375,0.31514,-3.30241,0.39319,-3.07344,-3.33528,0.0452813,0.016972
g3_temporal,7,16,0.735992,5925,4.78125,0.747911,-3.81698,0.772189,-2.88045,-3.91007,0.0824632,0.0972288
g3_temporal,7,17,0.585672,5693,4.625,0.687407,-3.55479,0.519855,-3.08507,-3.59948,0.05677,0.0542048
g3_temporal,7,18,0.575132,8149,4.65625,0.426754,-3.30096,0.392595,-3.01989,-3.34087,0.0485691,0.0185707
g3_temporal,7,19,0.455568,7505,4.5625,0.242378,-3.39849,0.404531,-3.24084,-3.41888,0.0422925,0.0258264
g3_temporal,7,20,0.593078,5820,4.28125,0.394136,-3.47694,0.442119,-3.11901,-3.51182,0.0453403,0.0235733
g3_temporal,7,21,0.373406,5185,3.14062,0.221226,-3.31722,0.381997,-3.10291,-3.33564,0.0447662,0.0160508
g3_temporal,7,22,0.616519,8941,4.84375,0.734656,-3.54958,0.710599,-2.79197,-3.66927,0.0740442,0.0823302
g3_temporal,7,23,0.515275,6198,4.375,0.71811,-3.3918,0.456276,-3.05664,-3.42681,0.044349,0.019215
g3_temporal,7,24,0.550219,5488,4.3125,0.299254,-3.64575,0.527629,-3.17515,-3.68876,0.0482144,0.0360036
g3_temporal,7,25,0.600246,5487,4.5625,0.420771,-3.57356,0.506477,-3.15979,-3.61137,0.0494075,0.0350022
g3_temporal,7,26,0.497789,3421,3.73438,0.232349,-3.4583,0.424016,-3.09256,-3.47844,0.0464273,0.0193859
g3_temporal,7,27,0.688873,8720,4.65625,0.719578,-3.37826,0.483424,-2.91446,-3.44944,0.0557542,0.0242499
g3_temporal,7,28,0.649548,6086,5.09375,0.457546,-3.54487,0.511544,-3.17362,-3.58288,0.048088,0.0382505
g3_temporal,7,29,0.595385,3799,3.625,0.448772,-3.39401,0.392669,-3.04403,-3.41555,0.0488319,0.0200852
g3_temporal,7,30,0.726162,6194,4.71875,0.377755,-3.63483,0.547958,-2.9636,-3.7049,0.0560614,0.0333599
g3_temporal,7,31,0.694824,9496,4.6875,0.561351,-3.49913,0.569706,-2.92428,-3.59654,0.0519826,0.028357
g3_temporal,7,32,0.639018,6521,4.96875,1.19613,-3.62582,0.690648,-2.90536,-3.70543,0.0714753,0.0822451
g3_temporal,7,33,0.657371,5638,5.0625,0.913024,-3.67653,0.707069,-2.88067,-3.75144,0.0812,0.0968239
g3_temporal,7,34,0.630215,8134,4.96875,0.562339,-3.54716,0.644989,-2.95662,-3.63085,0.0649009,0.0808826
g3_temporal,7,35,0.353115,5523,2.9375,0.280892,-3.26024,0.351322,-3.13255,-3.27199,0.0421227,0.0151344
g3_temporal,7,36,0.66456,8704,4.5,0.376761,-3.49083,0.527826,-2.98781,-3.56787,0.0562006,0.0298482
g3_temporal,7,37,0.754544,7201,4.46875,0.61374,-3.48623,0.491041,-2.90853,-3.55754,0.0534727,0.0257133
g3_temporal,7,38,0.52445,8217,4.71875,0.725026,-3.60124,0.648498,-2.99098,-3.68872,0.0527271,0.0489695
g3_temporal,7,39,0.697522,7269,4.21875,0.583108,-3.66017,0.618179,-2.93605,-3.7505,0.0523069,0.0380104
g3_temporal,7,40,0.435757,7150,3.51562,0.436224,-3.37977,0.391357,-3.18843,-3.40321,0.0437616,0.0183548
g3_temporal,7,41,0.583171,5348,3.98438,0.288084,-3.50454,0.491443,-3.02552,-3.54711,0.0484269,0.0240377
g3_temporal,7,42,0.61836,8097,4.875,0.431233,-3.41415,0.510147,-3.07164,-3.46243,0.0490215,0.0431817
g3_temporal,7,43,0.592303,5436,4.21875,0.481764,-3.62021,0.555086,-3.16097,-3.66175,0.0526922,0.0533682
g3_temporal,7,44,0.580937,5106,4.5,0.726288,-3.69944,0.593507,-3.07888,-3.75188,0.0538605,0.0492255
g3_temporal,7,45,0.874298,6032,5.40625,0.841336,-3.83241,0.784806,-2.65549,-3.95172,0.0959921,0.103684
g3_temporal,7,46,0.777502,5629,4.78125,0.676869,-3.77816,0.670077,-2.96572,-3.8545,0.0672077,0.0635087
g3_temporal,7,47,0.645247,5551,5.03125,0.982687,-3.63918,0.616174,-3.01052,-3.69736,0.066691,0.075343
g3_temporal,7,48,0.423811,4913,3.46875,0.251105,-3.31066,0.381305,-3.095,-3.32814,0.0462881,0.0163661
g3_temporal,7,49,0.634594,6277,6,0.762826,-3.61005,0.615985,-3.10514,-3.66354,0.057519,0.055989
g3_temporal,7,50,0.515881,6008,3.78125,0.296658,-3.39847,0.456504,-3.04428,-3.43422,0.0494363,0.0219307
g3_temporal,7,51,0.606087,6528,5.53125,0.779548,-3.50494,0.557888,-3.07403,-3.55261,0.0584134,0.0709701
g3_temporal,7,52,0.577246,6281,4.0625,0.546238,-3.52482,0.513161,-3.14646,-3.56492,0.0497087,0.0416257
g3_temporal,7,53,0.525403,6196,4.15625,0.36154,-3.54229,0.496845,-3.18894,-3.57918,0.0481345,0.0367141
g3_temporal,7,54,0.516847,6801,4.375,0.502796,-3.50547,0.520687,-3.16928,-3.54439,0.0519343,0.0534764
g3_temporal,7,55,0.480945,5004,4.03125,0.49653,-3.43136,0.462737,-3.11747,-3.4573,0.0442053,0.0213627
g3_temporal,7,56,0.484662,6722,4.0625,0.232599,-3.29675,0.386699,-3.065,-3.32323,0.0431021,0.0156591
g3_temporal,7,57,0.704113,6295,5.84375,0.849881,-3.79943,0.653974,-3.0331,-3.88087,0.0569706,0.0514954
g3_temporal,7,58,0.630176,7497,4.40625,0.544426,-3.59244,0.530148,-3.18238,-3.64541,0.0501163,0.044061
g3_temporal,7,59,1.0881,5568,4.96875,0.283963,-3.61326,0.570466,-2.68996,-3.69899,0.0620029,0.0368928
g3_temporal,7,60,0.593466,4889,4.40625,0.406419,-3.61325,0.576786,-3.11426,-3.65348,0.0533686,0.0560251
g3_temporal,7,61,0.484071,3300,3.48438,0.463885,-3.35812,0.370511,-3.12654,-3.3704,0.0449793,0.0182529
g3_temporal,7,62,0.632376,5664,3.95312,0.296071,-3.7139,0.598928,-3.1234,-3.76976,0.0530653,0.041824
g3_temporal,7,63,0.495154,6150,4.5,0.386518,-3.56612,0.619009,-3.10489,-3.61389,0.0561013,0.0536692
g3_temporal,7,64,0.601401,5787,4.03125,0.498122,-3.69427,0.561469,-3.08569,-3.75322,0.052378,0.0330603
g3_temporal,7,65,0.682578,5026,4.96875,0.419011,-3.67325,0.626293,-2.9648,-3.7321,0.0561137,0.0387177
g3_temporal,7,66,0.662972,5939,5.09375,0.418857,-3.54599,0.514286,-2.96374,-3.60402,0.0514196,0.0250114
g3_temporal,7,67,0.857033,7403,4.40625,0.582528,-3.94225,0.79436,-2.94079,-4.06978,0.079042,0.10017
g3_temporal,7,68,0.615775,5308,4.71875,0.650743,-3.68275,0.648714,-3.00298,-3.74266,0.0597879,0.0484307
g3_temporal,7,69,0.612083,9255,6.03125,0.396661,-3.56407,0.589389,-3.05301,-3.64811,0.0515938,0.0442031
g3_temporal,7,70,0.834248,9401,4.9375,0.283045,-3.55351,0.553865,-2.9255,-3.65868,0.0566201,0.0286348
g3_temporal,7,71,0.526413,5801,4.90625,0.982317,-3.34434,0.38803,-3.07756,-3.37024,0.0424163,0.017435
g3_temporal,7,72,0.573418,5454,3.65625,0.464519,-3.54855,0.522293,-3.0686,-3.59212,0.0501064,0.0250319
g3_temporal,7,73,0.449181,5566,3.51562,0.270352,-3.25239,0.342055,-3.02808,-3.27321,0.0466666,0.0165258
g3_temporal,7,74,0.841671,7642,4.34375,0.359378,-3.86389,0.809974,-2.7328,-4.0132,0.0702514,0.0676208
g3_temporal,7,75,0.842149,6325,4.8125,0.827506,-3.83431,0.748116,-2.80198,-3.94459,0.0816799,0.0780124
g3_temporal,7,76,0.272617,5600,3.85938,1.8179,-3.33085,0.39326,-3.19993,-3.34308,0.039267,0.0144482
g3_temporal,7,77,0.391564,5833,3.95312,0.756069,-3.27916,0.369493,-3.12018,-3.29469,0.045414,0.01679
g3_temporal,7,78,0.573397,5879,4.03125,0.281023,-3.68092,0.745476,-2.81597,-3.76616,0.0839845,0.111095
g3_temporal,7,79,0.46812,6014,3.95312,0.496863,-3.38953,0.410006,-3.0652,-3.4223,0.0440527,0.0163956
g3_temporal,7,80,0.390712,3512,3.48438,0.342366,-3.34225,0.365975,-3.19552,-3.35055,0.0422451,0.0155261
g3_temporal,7,81,0.630748,5770,4.71875,0.940391,-3.60401,0.529454,-3.18592,-3.64438,0.0521673,0.0557416
g3_temporal,7,82,0.637202,6589,4.40625,0.728845,-3.73216,0.693456,-2.94056,-3.82064,0.0705103,0.0818885
g3_temporal,7,83,0.502354,8170,4.03125,0.401314,-3.37938,0.442223,-3.09639,-3.41968,0.045941,0.020971
g3_temporal,7,84,0.6961,6431,4.40625,0.542764,-3.68598,0.574208,-3.10956,-3.7487,0.0538208,0.0489415
g3_temporal,7,85,0.247362,7135,3.14062,0.291896,-3.27026,0.393283,-3.09174,-3.29207,0.0425708,0.0148379
g3_temporal,7,86,0.753761,6398,4.6875,0.34366,-3.75113,0.69901,-2.81329,-3.85259,0.0732831,0.0627939
g3_temporal,7,87,0.56953,7450,3.82812,0.373873,-3.35384,0.408317,-3.01744,-3.39699,0.0454964,0.0167226
g3_temporal,7,88,0.821246,5968,5.3125,0.426031,-3.54571,0.536646,-2.99044,-3.60134,0.0597312,0.0539424
g3_temporal,7,89,0.89365,4863,4.65625,0.248605,-3.79656,0.650074,-2.82161,-3.8747,0.069107,0.0648257
g3_temporal,7,90,0.252743,7205,3.39062,0.859675,-3.24608,0.362658,-3.04741,-3.27062,0.0433014,0.0132752
g3_temporal,7,91,0.482054,4126,4.4375,0.55733,-3.50731,0.415841,-3.2392,-3.52533,0.0416042,0.021555
g3_temporal,7,92,0.463091,4596,3.64062,0.393574,-3.33527,0.381996,-3.00681,-3.36004,0.0446458,0.0151281
g3_temporal,7,93,0.887551,5712,4.21875,0.459484,-3.71167,0.645325,-2.72442,-3.80593,0.0702069,0.0364914
g3_temporal,7,94,0.584783,7243,4.5625,0.242292,-3.41934,0.430916,-3.11337,-3.45735,0.0453675,0.0199235
g3_temporal,7,95,0.567842,7336,4.09375,0.605995,-3.481,0.461989,-3.0343,-3.5373,0.0487393,0.0236217
g3_temporal,7,96,0.822869,7518,4.0625,0.51682,-3.65811,0.693573,-2.75616,-3.77498,0.0670774,0.0406913
g3_temporal,7,97,0.696128,6707,4.46875,0.200511,-3.63468,0.560327,-3.10147,-3.69547,0.0499041,0.0341341
g3_temporal,7,98,0.736426,9060,4.34375,0.723229,-3.33818,0.512464,-2.90082,-3.40834,0.0566829,0.0416301
g3_temporal,7,99,0.780769,6259,5.59375,1.30153,-3.64548,0.637155,-2.9838,-3.71535,0.0790275,0.0903458
g3_temporal,7,100,0.450474,6504,3.75,1.01882,-3.33354,0.388583,-3.14681,-3.35412,0.0421695,0.0170447
g3_temporal,7,101,0.799998,3824,4.15625,0.47297,-3.73052,0.53117,-3.06856,-3.77154,0.0518772,0.032713
g3_temporal,7,102,0.582507,5749,4.625,0.841819,-3.54629,0.516749,-3.19706,-3.57987,0.0467384,0.0321501
g3_temporal,7,103,0.561892,7991,3.95312,0.262494,-3.40782,0.450774,-3.05118,-3.45734,0.0484667,0.0203032
g3_temporal,7,104,0.551191,8864,3.75,0.310047,-3.37158,0.431302,-3.08025,-3.41715,0.0476228,0.0199461
g3_temporal,7,105,0.639367,6146,4.90625,0.272044,-3.67244,0.636449,-3.07195,-3.73458,0.0592585,0.0607204
g3_temporal,7,106,0.546433,6046,4.78125,0.650747,-3.6596,0.603451,-3.0492,-3.72164,0.0630026,0.0657989
g3_temporal,7,107,0.4171,8288,3.53125,0.332177,-3.34796,0.430186,-3.00415,-3.39773,0.0514343,0.0213268
g3_temporal,7,108,0.771267,7165,5.53125,0.257924,-3.35326,0.404391,-3.04657,-3.3909,0.0453715,0.0230376
g3_temporal,7,109,0.68576,4955,4.3125,0.774824,-3.69788,0.619971,-2.97926,-3.75665,0.0634199,0.0559831
g3_temporal,7,110,0.453982,5825,3.23438,0.173319,-3.2381,0.385711,-2.98602,-3.2627,0.0448034,0.0156293
g3_temporal,7,111,0.906499,6453,4.65625,0.813882,-3.67625,0.594243,-3.05538,-3.74407,0.0569307,0.0502352
g3_temporal,7,112,0.547355,5940,3.92188,0.340487,-3.45693,0.426384,-3.16728,-3.4858,0.0438423,0.0211371
g3_temporal,7,113,0.709298,4160,4.34375,0.41703,-3.67858,0.553007,-2.99803,-3.7247,0.0516485,0.0314515
g3_temporal,7,114,0.497103,6414,3.67188,0.299836,-3.42919,0.447456,-3.1175,-3.46301,0.0491796,0.0251983
g3_temporal,7,115,0.259834,6543,2.90625,-0.00259978,-3.29799,0.397262,-3.18268,-3.31078,0.0419795,0.0161916
g3_temporal,7,116,0.648399,5320,4.40625,0.68729,-3.81913,0.684903,-2.91147,-3.89932,0.0593891,0.0384405
g3_temporal,7,117,0.457825,5519,3.96875,0.711129,-3.34227,0.35303,-3.12451,-3.3623,0.0437939,0.0164356
g3_temporal,7,118,0.784196,7010,3.65625,0.236126,-3.51362,0.585926,-2.62809,-3.61969,0.0785782,0.0571006
g3_temporal,7,119,0.47504,4185,4.40625,0.640815,-3.49469,0.500894,-3.0365,-3.52594,0.0437719,0.0220492
g3_temporal,7,120,0.696938,7763,4.0625,0.416323,-3.63388,0.67077,-2.83597,-3.74109,0.072784,0.0916197
g3_temporal,7,121,0.702451,5920,4.4375,0.52348,-3.47551,0.466578,-3.0494,-3.51783,0.0505354,0.0240253
g3_temporal,7,122,0.680015,6387,5.71875,0.866823,-3.54534,0.499483,-3.12594,-3.59062,0.0470032,0.0284854
g3_temporal,7,123,0.701733,6615,5.0625,0.71691,-3.6688,0.640019,-3.01411,-3.74231,0.057737,0.0496819
g3_temporal,7,124,0.818059,6184,5,0.690771,-3.754,0.690548,-2.90935,-3.84201,0.0760664,0.0835933
g3_temporal,7,125,0.562882,6809,4.96875,0.606766,-3.63011,0.682574,-2.93588,-3.71061,0.067021,0.0586679
g3_temporal,7,126,0.574896,5626,4.3125,0.631274,-3.52979,0.58316,-3.04265,-3.57554,0.0553138,0.0616115
g3_temporal,7,127,0.406781,4729,3.4375,0.28327,-3.28203,0.379995,-3.05682,-3.29955,0.0470625,0.015078
g3_temporal,7,128,0.372584,4250,4.625,0.236304,-3.2421,0.354995,-3.14843,-3.24859,0.0434986,0.0156013
g3_temporal,7,129,0.792412,6844,5.34375,0.667547,-3.91313,0.773093,-2.88239,-4.03332,0.0711123,0.0698719
g3_temporal,7,130,0.72594,2334,4.59375,0.807074,-3.67452,0.5167,-3.05804,-3.69729,0.0476141,0.0248236
g3_temporal,7,131,0.80131,2809,4.40625,0.427993,-3.57632,0.493337,-3.04373,-3.60017,0.0510938,0.0243797
g3_temporal,7,132,0.491214,9473,3.875,0.457397,-3.32631,0.415706,-3.04072,-3.37457,0.0480656,0.0196177
g3_temporal,7,133,0.78437,5581,4.84375,0.442426,-3.62755,0.573692,-2.9912,-3.68678,0.0609451,0.0632205
g3_temporal,7,134,0.63133,6780,5.0625,1.03637,-3.59782,0.599261,-3.04988,-3.66105,0.0623994,0.0686551
g3_temporal,7,135,0.739627,7004,3.98438,0.22674,-3.67552,0.649423,-2.98051,-3.75869,0.059322,0.0597237
g3_temporal,7,136,0.640979,8085,5.21875,1.5681,-3.52081,0.637325,-2.80879,-3.62101,0.0623166,0.0492156
g3_temporal,7,137,0.540255,4885,4.46875,0.461662,-3.5156,0.472498,-3.21689,-3.53966,0.0468852,0.0434383
g3_temporal,7,138,0.993771,5727,4.9375,0.728243,-3.28944,0.484961,-2.52184,-3.36294,0.0754449,0.0352527
g3_temporal,7,139,0.688377,7455,5.125,0.625801,-3.57653,0.558307,-3.04755,-3.64443,0.0520284,0.0384702
g3_temporal,7,140,0.233594,6299,3.78125,2.06531,-3.21932,0.363364,-3.11006,-3.23093,0.0434667,0.0165768
g3_temporal,7,141,0.315415,3408,3.82812,1.29301,-3.26171,0.326121,-3.14775,-3.26796,0.0434507,0.0147525
g3_temporal,7,142,0.71693,7609,4.28125,0.547841,-3.71896,0.678393,-3.01302,-3.81169,0.0678391,0.0859093
g3_temporal,7,143,0.552011,4741,3.59375,0.232071,-3.93199,0.894956,-2.54504,-4.04015,0.120279,0.150093
g3_temporal,7,144,0.472837,8499,3.65625,0.427739,-3.41634,0.452639,-3.12113,-3.46033,0.0462973,0.0213094
g3_temporal,7,145,0.455501,7536,3.17188,0.134511,-3.33752,0.393875,-3.1044,-3.36781,0.0454217,0.0180296
g3_temporal,7,146,0.540851,6493,4.71875,0.410901,-3.51401,0.514534,-3.1123,-3.55818,0.0499476,0.0358641
g3_temporal,7,147,0.388079,5978,3.39062,0.783978,-3.33455,0.401075,-3.10963,-3.35713,0.0457485,0.0235577
g3_temporal,7,148,0.660882,5019,4.71875,0.685219,-3.57176,0.59319,-3.05982,-3.61422,0.0565346,0.0556124
g3_temporal,7,149,0.73168,9168,4.875,0.639679,-3.76283,0.802032,-2.67612,-3.93957,0.0715094,0.0530214
g3_temporal,7,150,0.814819,6083,4.96875,0.655835,-3.74937,0.671766,-2.91753,-3.83448,0.0641826,0.0529177
g3_temporal,7,151,0.521616,5873,4.0625,0.136658,-3.53679,0.473815,-3.04196,-3.5855,0.048508,0.0209338
g3_temporal,7,152,0.620011,6335,5.09375,0.465695,-3.51518,0.500224,-3.02366,-3.56778,0.048629,0.0235239
g3_temporal,7,153,0.365725,4614,3.5,0.314818,-3.35541,0.386179,-3.1786,-3.3688,0.0401132,0.0157827
g3_temporal,7,154,0.430919,5641,3.46875,0.215524,-3.24322,0.365157,-3.0383,-3.26252,0.0458752,0.0153391
g3_temporal,7,155,0.57112,5002,4.4375,0.437109,-3.66866,0.639193,-2.99235,-3.72455,0.0667074,0.0715297
g3_temporal,7,156,0.727621,6587,4.5625,0.762937,-3.78008,0.707446,-2.972,-3.87038,0.0569829,0.0387528
g3_temporal,7,157,0.772777,6857,5.25,0.699204,-3.93512,0.874279,-2.68822,-4.08082,0.0833596,0.0899477
g3_temporal,7,158,0.472382,4231,4,0.425887,-3.38446,0.412482,-3.07491,-3.40582,0.0455709,0.0169014
g3_temporal,7,159,0.669361,7923,4.125,0.520313,-3.53981,0.573791,-2.89935,-3.62789,0.0564944,0.0301335
g3_temporal,7,160,0.447638,5904,3.65625,0.385611,-3.34143,0.408228,-3.05248,-3.37004,0.0490956,0.0196738
g3_temporal,7,161,0.379649,5079,4.28125,0.340929,-3.32716,0.411639,-3.10469,-3.34585,0.0447278,0.0181252
g3_temporal,7,162,0.796385,4263,4.8125,0.832202,-3.60613,0.518083,-2.79453,-3.6626,0.0592985,0.0328207
g3_temporal,7,163,0.801199,5385,5.5,1.00815,-3.71288,0.609862,-2.99374,-3.77726,0.0662208,0.0672683
g3_temporal,7,164,0.75914,5940,5.125,0.664523,-3.8088,0.74385,-2.90256,-3.89913,0.0739302,0.0770122
g3_temporal,7,165,0.764743,3506,3.98438,0.223621,-3.48222,0.465678,-2.97369,-3.51096,0.0476962,0.0179061
g3_temporal,7,166,0.803392,8135,6.03125,2.24223,-3.90888,0.605244,-3.24064,-4.00358,0.0580218,0.0640408
g3_temporal,7,167,0.53439,4749,4.125,0.517662,-3.39309,0.399187,-3.13245,-3.41346,0.0446536,0.0172603
g3_temporal,7,168,0.476508,6584,4.65625,1.02265,-3.51791,0.511692,-3.21238,-3.55204,0.0469754,0.0369708
g3_temporal,7,169,0.610005,4561,4.0625,0.702309,-3.42878,0.44268,-2.9228,-3.46663,0.0561021,0.0258029
g3_temporal,7,170,0.877274,7740,4.8125,0.305477,-3.91656,0.865568,-2.67333,-4.08305,0.0794983,0.0788223
g3_temporal,7,171,0.966008,7723,3.85938,0.224368,-3.37687,0.38975,-3.01621,-3.42505,0.0499392,0.0277028
g3_temporal,7,172,0.813513,6948,4.65625,1.08941,-3.53585,0.55282,-2.83658,-3.61878,0.0627817,0.0465799
g3_temporal,7,173,0.759528,5102,4.90625,0.811352,-3.99056,0.799203,-2.84637,-4.08716,0.0761734,0.0843727
g3_temporal,7,174,0.699423,4854,4.625,0.579006,-3.66851,0.579211,-2.94498,-3.72639,0.0564533,0.0428625
g3_temporal,7,175,0.505216,8662,3.96875,0.228582,-3.38219,0.44346,-2.98525,-3.44264,0.0471592,0.0230905
g3_temporal,7,176,0.620788,5220,4.125,0.932475,-3.40289,0.417374,-3.02082,-3.43595,0.0470405,0.0179864
g3_temporal,7,177,0.33519,5552,3.76562,0.358659,-3.30628,0.357709,-3.17497,-3.31843,0.0444573,0.0169412
g3_temporal,7,178,0.632865,5991,4.625,0.452797,-3.79532,0.734917,-2.79765,-3.8957,0.0670338,0.0570929
g3_temporal,7,179,0.923968,4483,4.9375,0.632004,-3.80658,0.717537,-2.55736,-3.89831,0.0798848,0.0507905
g3_temporal,7,180,0.845669,5923,4.8125,0.719139,-3.64926,0.620525,-3.00946,-3.71283,0.0630902,0.0584453
g3_temporal,7,181,0.5419,6256,3.5,0.341105,-3.3822,0.389815,-3.02738,-3.41965,0.0458678,0.0167075
g3_temporal,7,182,0.675748,6468,4.53125,0.662338,-3.66979,0.581605,-2.94048,-3.74965,0.0559563,0.0337656
g3_temporal,7,183,0.66347,5574,5.09375,0.6559,-3.6736,0.567318,-2.98129,-3.73795,0.0554664,0.0393863
g3_temporal,7,184,0.404814,5794,3.48438,0.381317,-3.22848,0.356452,-3.09152,-3.24176,0.0423575,0.0136137
g3_temporal,7,185,0.616811,4435,4.40625,0.487806,-3.62383,0.543091,-3.10414,-3.66155,0.0508323,0.0324396
g3_temporal,7,186,0.51122,6112,3.9375,0.546896,-3.50046,0.512838,-3.11505,-3.5401,0.0495819,0.03676
g3_temporal,7,187,0.588417,3670,4.09375,0.641065,-3.52603,0.488643,-3.06431,-3.55342,0.0461799,0.0214686
g3_temporal,7,188,0.577183,7822,4.875,0.655269,-3.4662,0.479699,-3.09718,-3.51621,0.0449177,0.0210005
g3_temporal,7,189,0.548011,5556,4.9375,0.980528,-3.96101,0.999134,-2.38811,-4.10671,0.122405,0.129633
g3_temporal,7,190,0.75562,3350,4.8125,0.701551,-3.81946,0.636617,-2.93884,-3.8669,0.057986,0.0399752
g3_temporal,7,191,0.625061,5608,4.53125,0.587511,-3.39527,0.39801,-3.18583,-3.41487,0.0419836,0.0267768
g3_temporal,8,0,0.85692,4957,4.5,0.646922,-3.57627,0.519606,-3.05698,-3.61876,0.0451931,0.0194234
g3_temporal,8,1,1.11061,6386,6.125,0.857309,-3.57795,0.614306,-2.95289,-3.64543,0.0674559,0.0731867
g3_temporal,8,2,0.89684,3096,5,0.523301,-3.50144,0.441285,-3.14496,-3.51912,0.0436108,0.0167594
g3_temporal,8,3,0.59793,5285,3.98438,0.740258,-3.32742,0.361986,-3.14339,-3.34356,0.0423549,0.0140051
g3_temporal,8,4,0.527511,6455,4.4375,1.12366,-3.32027,0.409214,-3.08216,-3.34628,0.0425551,0.0142863
g3_temporal,8,5,0.937898,9463,4.9375,0.204414,-3.73273,0.772679,-2.74553,-3.89934,0.0715127,0.073517
g3_temporal,8,6,0.573367,4893,3.375,-0.0201233,-3.30114,0.35789,-3.19211,-3.30994,0.0432905,0.0165068
g3_temporal,8,7,0.800468,9565,5.34375,0.577315,-3.39427,0.412427,-3.0966,-3.44513,0.0456038,0.016716
g3_temporal,8,8,0.798811,9864,4.90625,0.266965,-3.36592,0.424402,-3.01357,-3.42834,0.0420474,0.015254
g3_temporal,8,9,1.2685,4669,4.59375,0.321388,-3.78,0.625049,-2.7962,-3.85547,0.0617226,0.0370485
g3_temporal,8,10,0.813607,6017,4.4375,0.393572,-3.56534,0.455932,-3.12261,-3.6101,0.0437251,0.0201016
g3_temporal,8,11,1.13272,7004,4.96875,0.603775,-3.94218,0.760062,-2.90681,-4.06608,0.0682055,0.0659145
g3_temporal,8,12,1.20781,4596,5.4375,1.21712,-3.91633,0.730296,-2.85307,-3.99652,0.0594195,0.0417362
g3_temporal,8,13,1.77608,9325,6.1875,1.19466,-3.71411,0.979449,-2.22034,-3.96192,0.139004,0.155912
g3_temporal,8,14,0.903096,6810,4.71875,0.13173,-3.42962,0.49885,-2.90616,-3.49032,0.049839,0.0209458
g3_temporal,8,15,0.866312,11736,4.65625,0.723925,-3.344,0.42707,-3.05003,-3.40813,0.0417518,0.0168553
g3_temporal,8,16,0.940154,6469,5.3125,0.820124,-3.51042,0.480116,-2.94566,-3.57227,0.0489747,0.0184591
g3_temporal,8,17,0.361475,5755,3.35938,0.636171,-3.26438,0.381603,-3.13155,-3.27716,0.0411961,0.0142226
g3_temporal,8,18,1.36892,5151,5.84375,0.43695,-3.57952,0.582126,-2.87166,-3.63991,0.0495353,0.024718
g3_temporal,8,19,0.736771,5123,5.375,0.373484,-3.3506,0.397989,-3.05011,-3.37609,0.0457125,0.0171811
g3_temporal,8,20,0.942147,6300,5.6875,1.09305,-3.72689,0.608778,-3.10143,-3.79341,0.0597013,0.0569924
g3_temporal,8,21,0.972523,6436,6.125,0.905584,-3.62849,0.581975,-3.03291,-3.69335,0.0499538,0.039164
g3_temporal,8,22,1.10351,7097,5.84375,0.354379,-3.62444,0.636756,-2.99908,-3.70038,0.0592887,0.0571269
g3_temporal,8,23,0.97793,7239,6.15625,0.491287,-4.03075,0.892263,-2.84532,-4.17795,0.0693888,0.0766964
g3_temporal,8,24,1.1066,6215,5.65625,1.17369,-3.7356,0.610742,-3.03899,-3.80858,0.0670807,0.0838704
g3_temporal,8,25,0.818751,5579,6.71875,1.18432,-3.62891,0.57294,-3.03216,-3.68444,0.0520583,0.0362178
g3_temporal,8,26,0.571471,5443,4.15625,1.18907,-3.31062,0.341269,-3.14066,-3.32602,0.0430797,0.0152877
g3_temporal,8,27,0.901739,6568,5.84375,0.647157,-3.45392,0.423661,-3.1009,-3.49324,0.0482471,0.0233374
g3_temporal,8,28,0.88608,5347,5.78125,0.563993,-3.56722,0.52596,-3.08802,-3.60979,0.050629,0.0407652
g3_temporal,8,29,0.548178,9112,4.125,0.539488,-3.28744,0.4087,-3.09149,-3.31908,0.0439326,0.0179434
g3_temporal,8,30,0.751175,6154,5.28125,0.518049,-3.55008,0.490554,-3.13787,-3.5928,0.0485417,0.0313073
g3_temporal,8,31,0.630057,5066,4.9375,0.851375,-3.4215,0.36626,-3.22417,-3.43803,0.042529,0.0164547
g3_temporal,8,32,0.985862,5324,4.84375,0.509182,-3.66047,0.632934,-2.95817,-3.72257,0.0612507,0.053165
g3_temporal,8,33,0.975225,5724,5,0.53266,-3.44448,0.455841,-2.98675,-3.48829,0.0458281,0.0231533
g3_temporal,8,34,0.878741,6375,6.5,1.49022,-3.60131,0.639849,-2.92895,-3.67376,0.079435,0.0966142
g3_temporal,8,35,0.953962,6862,4.84375,0.490881,-3.86647,0.792336,-2.82639,-3.98811,0.0708563,0.0615375
g3_temporal,8,36,0.589052,5663,5.6875,0.392942,-3.37593,0.392065,-3.15831,-3.39651,0.0392851,0.0145253
g3_temporal,8,37,0.467979,6644,4,0.269677,-3.33423,0.398185,-3.19035,-3.35047,0.041201,0.0213789
g3_temporal,8,38,0.807942,5179,5.03125,0.423485,-3.4704,0.469724,-3.05984,-3.50563,0.0446209,0.0179419
g3_temporal,8,39,1.16648,6433,5.9375,0.736474,-3.83301,0.72239,-2.84784,-3.94024,0.0751022,0.0673404
g3_temporal,8,40,0.946701,6772,6.09375,1.29164,-3.7114,0.703874,-2.79769,-3.8167,0.0754174,0.084711
g3_temporal,8,41,1.14324,3365,5.46875,0.387647,-3.74814,0.534663,-3.03963,-3.78648,0.0530053,0.0250304
g3_temporal,8,42,0.982341,4742,6.1875,1.03515,-3.54958,0.437248,-3.14095,-3.58146,0.0447446,0.0226727
g3_temporal,8,43,0.720861,8081,4.625,0.590396,-3.49581,0.5185,-3.14021,-3.54582,0.0437529,0.0338727
g3_temporal,8,44,0.747366,5076,4.75,0.554578,-3.4501,0.397786,-3.10959,-3.47869,0.0465605,0.0178308
g3_temporal,8,45,0.957831,7838,5.4375,1.19338,-3.57024,0.54367,-2.984,-3.64988,0.0506215,0.023251
g3_temporal,8,46,0.598238,6788,4.3125,0.399566,-3.292,0.376292,-3.08697,-3.31568,0.0453771,0.0159829
g3_temporal,8,47,0.830921,5971,4.6875,0.633618,-3.41259,0.41566,-3.01871,-3.45208,0.0471344,0.0162774
g3_temporal,8,48,0.815101,6167,5.75,1.39974,-3.56577,0.516786,-3.10762,-3.61336,0.0518545,0.0462518
g3_temporal,8,49,1.23565,6847,5.3125,0.383988,-3.67678,0.648238,-2.85593,-3.77254,0.0606165,0.0488182
g3_temporal,8,50,0.998879,9192,5.40625,0.989452,-3.71293,0.780123,-2.76491,-3.86759,0.0641933,0.0612809
g3_temporal,8,51,1.65146,9383,5.53125,1.69059,-3.56323,0.619424,-2.67974,-3.71086,0.06377,0.0414728
g3_temporal,8,52,1.11169,6864,5.8125,0.736544,-3.79022,0.705473,-2.85419,-3.89972,0.0590211,0.0398112
g3_temporal,8,53,0.765116,7040,5.3125,1.21301,-3.49811,0.493529,-3.16013,-3.53879,0.0487237,0.053748
g3_temporal,8,54,0.828723,8769,5.28125,1.03998,-3.50291,0.534242,-3.0444,-3.57374,0.0464881,0.028385
g3_temporal,8,55,0.78672,6908,4.65625,0.645422,-3.57867,0.563883,-3.04245,-3.64185,0.0467403,0.026531
g3_temporal,8,56,0.974143,4569,4.59375,0.608853,-3.79222,0.803135,-2.55833,-3.88469,0.12035,0.154777
g3_temporal,8,57,0.806133,6583,4.59375,0.563558,-3.68646,0.581967,-3.11675,-3.75008,0.050239,0.044992
g3_temporal,8,58,1.37968,1810,5.65625,0.541881,-3.93794,0.661164,-2.8666,-3.96837,0.050466,0.0255109
g3_temporal,8,59,0.878823,5962,5.5,0.532218,-3.69274,0.570438,-3.12087,-3.74998,0.0449456,0.0301171
g3_temporal,8,60,1.03412,5284,5.28125,0.551431,-3.98279,0.857592,-2.67836,-4.09718,0.0791921,0.0730553
g3_temporal,8,61,0.793647,5481,4.03125,0.475034,-3.40651,0.394499,-3.03221,-3.44067,0.0442436,0.015594
g3_temporal,8,62,1.84813,5933,5.21875,0.382359,-3.82643,0.697611,-2.52315,-3.95616,0.0737253,0.0512725
g3_temporal,8,63,1.0995,4977,5.375,0.937948,-3.46657,0.458182,-3.01514,-3.50367,0.0487026,0.0223742
g3_temporal,8,64,0.823064,6034,4.78125,0.779649,-3.79524,0.599911,-3.20701,-3.85489,0.0443233,0.0307291
g3_temporal,8,65,1.04184,7465,6.3125,1.06064,-3.60018,0.590957,-3.05038,-3.67086,0.0582172,0.054791
g3_temporal,8,66,0.897673,5019,3.92188,0.184139,-3.71368,0.720512,-2.67122,-3.80013,0.0845476,0.104104
g3_temporal,8,67,0.976232,7528,5.21875,0.990778,-3.40716,0.481329,-2.92774,-3.46937,0.0540149,0.0356017
g3_temporal,8,68,1.00884,3879,5.09375,0.935099,-3.53082,0.469809,-3.00713,-3.56377,0.0458419,0.0167319
g3_temporal,8,69,0.838457,6083,4.375,0.889995,-3.62828,0.613858,-3.03296,-3.68919,0.062711,0.0641954
g3_temporal,8,70,0.714142,4509,4.4375,0.365871,-3.72794,0.629597,-3.01359,-3.78072,0.0452708,0.0247427
g3_temporal,8,71,1.1218,3988,5.28125,0.775955,-3.77816,0.615213,-2.92902,-3.83318,0.0499061,0.0266738
g3_temporal,8,72,1.05544,4406,5.125,0.60705,-3.54874,0.485367,-2.97341,-3.59021,0.0525903,0.0255895
g3_temporal,8,73,0.637497,5312,4.96875,0.596962,-3.70708,0.705511,-2.86943,-3.78096,0.0764906,0.0895647
g3_temporal,8,74,1.31436,6075,5.71875,0.864571,-3.92912,0.811462,-2.74337,-4.05027,0.0653964,0.0400176
g3_temporal,8,75,0.791853,8317,4.5625,0.575879,-3.46249,0.613138,-2.87673,-3.54763,0.0536052,0.0548227
g3_temporal,8,76,0.906169,4280,5.03125,1.07992,-3.60685,0.506122,-3.04524,-3.64609,0.0488966,0.0220728
g3_temporal,8,77,0.712225,6210,3.875,0.568771,-3.30882,0.375367,-3.07607,-3.33319,0.0431965,0.0139933
g3_temporal,8,78,1.13155,7172,5.25,0.370533,-3.55913,0.465287,-3.11766,-3.61338,0.0480561,0.025975
g3_temporal,8,79,1.03841,6303,5.8125,0.719927,-3.61185,0.639322,-2.96889,-3.68027,0.0689028,0.0857854
g3_temporal,8,80,1.5092,7142,6.1875,0.750176,-3.66226,0.68395,-2.60982,-3.79098,0.0725079,0.0444542
g3_temporal,8,81,0.972942,4563,4.65625,0.368918,-3.82668,0.773097,-2.7731,-3.90552,0.0731963,0.0668986
g3_temporal,8,82,0.518827,5601,5,0.806627,-3.49023,0.507573,-3.19092,-3.51821,0.0473339,0.0314348
g3_temporal,8,83,1.14737,5243,6.15625,0.840507,-3.77233,0.610165,-3.04487,-3.83558,0.0581867,0.0574071
g3_temporal,8,84,0.944082,5761,4.59375,0.456801,-3.47868,0.462258,-2.96606,-3.52809,0.0494137,0.0268706
g3_temporal,8,85,0.884557,8002,4.21875,0.264179,-3.34753,0.397733,-3.00166,-3.39563,0.0422654,0.0141834
g3_temporal,8,86,0.888388,4996,6.34375,1.03421,-3.63773,0.577435,-2.90804,-3.69794,0.0535651,0.0452507
g3_temporal,8,87,2.38686,5045,5.46875,0.447521,-3.62697,0.768473,-1.72129,-3.78591,0.180098,0.104508
g3_temporal,8,88,0.731501,4956,5.40625,0.412196,-3.60347,0.576862,-3.09735,-3.64488,0.0492498,0.042568
g3_temporal,8,89,0.736846,3911,4.5,0.278671,-3.51951,0.435939,-3.09363,-3.54654,0.0445197,0.0197418
g3_temporal,8,90,1.35501,5692,5.90625,0.732815,-3.63616,0.584075,-2.89467,-3.70668,0.0544661,0.0260395
g3_temporal,8,91,1.06332,5752,5.1875,0.357461,-3.64619,0.551468,-3.00852,-3.70755,0.059384,0.0589812
g3_temporal,8,92,1.00178,7008,6.5,1.06836,-3.73785,0.692801,-2.91377,-3.83652,0.0644419,0.0599084
g3_temporal,8,93,1.22949,5900,5.28125,0.905781,-3.60909,0.628567,-2.67956,-3.70105,0.0657183,0.0494261
g3_temporal,8,94,1.07727,4401,5.84375,0.891788,-3.88727,0.660243,-2.96116,-3.95394,0.0588628,0.0469183
g3_temporal,8,95,0.736754,4318,4.0625,0.399432,-3.44094,0.456528,-2.98133,-3.47336,0.0424722,0.016199
g3_temporal,8,96,1.43133,5985,5.25,0.525788,-3.50353,0.511876,-2.86356,-3.56784,0.0570937,0.0249689
g3_temporal,8,97,1.15149,5992,5.3125,0.753118,-3.40281,0.393073,-3.12432,-3.43083,0.0451476,0.0191931
g3_temporal,8,98,1.28467,5484,5.71875,0.333393,-3.6425,0.549445,-2.92043,-3.70844,0.060894,0.0336798
g3_temporal,8,99,0.849942,7211,4.46875,0.378885,-3.45162,0.454988,-2.96629,-3.51162,0.0496579,0.0205733
g3_temporal,8,100,0.970117,6322,4.9375,0.787127,-3.60685,0.527519,-3.04729,-3.6666,0.0490343,0.024574
g3_temporal,8,101,0.80488,7541,5.3125,1.11972,-3.53244,0.481281,-3.24541,-3.56976,0.0452119,0.0366297
g3_temporal,8,102,0.802041,5442,4.75,0.700046,-3.43408,0.449044,-2.98572,-3.47468,0.0462826,0.0177464
g3_temporal,8,103,1.33459,6074,4.90625,0.329514,-3.53576,0.493042,-2.98564,-3.59195,0.0485814,0.0286996
g3_temporal,8,104,0.639766,4739,3.95312,0.373084,-3.42228,0.402912,-3.17686,-3.44141,0.0423958,0.0193329
g3_temporal,8,105,0.647512,3661,4.5625,0.517548,-3.42785,0.421489,-3.14617,-3.44452,0.0469206,0.0225128
g3_temporal,8,106,1.23735,6419,6.21875,1.34226,-3.75968,0.766167,-2.73249,-3.87122,0.0866207,0.106823
g3_temporal,8,107,0.919661,4582,6.09375,1.59465,-3.49571,0.420295,-3.1716,-3.52007,0.0452131,0.032932
g3_temporal,8,108,1.7115,6074,5.8125,1.21783,-3.63043,0.609873,-2.73251,-3.72216,0.0584197,0.0298102
g3_temporal,8,109,1.27993,6430,6.71875,0.475909,-3.41932,0.518258,-2.54942,-3.51396,0.078088,0.0433215
g3_temporal,8,110,0.50153,6759,4.375,0.266139,-3.29005,0.433754,-3.06966,-3.31539,0.0424378,0.0170898
g3_temporal,8,111,1.35822,6416,6.21875,1.35199,-3.72721,0.714393,-2.91676,-3.81517,0.0788236,0.0862285
g3_temporal,8,112,1.54274,7168,6.53125,1.18556,-3.71717,0.724114,-2.51016,-3.8654,0.0826136,0.0504382
g3_temporal,8,113,1.31241,5999,5.5625,0.734967,-3.62893,0.625667,-2.73441,-3.71906,0.061634,0.0338372
g3_temporal,8,114,1.2922,3659,5.125,0.511264,-3.62393,0.485513,-2.8736,-3.6683,0.0441495,0.0180793
g3_temporal,8,115,1.50272,4858,5.96875,0.829886,-3.75718,0.658196,-2.72452,-3.83986,0.0643791,0.0381135
g3_temporal,8,116,0.567646,7354,4.40625,0.673392,-3.30141,0.388964,-3.10461,-3.32629,0.0425092,0.015306
g3_temporal,8,117,1.05261,5171,5.125,1.03632,-3.7638,0.759895,-2.65651,-3.85866,0.0909728,0.116692
g3_temporal,8,118,1.19573,6991,5.25,0.653982,-3.60343,0.605228,-2.77019,-3.70293,0.0597078,0.0390577
g3_temporal,8,119,0.88135,7237,5.03125,0.368272,-3.48395,0.520017,-2.94797,-3.55049,0.0511509,0.0316506
g3_temporal,8,120,1.20232,5990,4.90625,0.561495,-3.70092,0.638994,-2.80495,-3.79105,0.0636489,0.0436294
g3_temporal,8,121,0.658176,5085,4.84375,0.430317,-3.50275,0.490911,-3.15479,-3.53202,0.0470988,0.046823
g3_temporal,8,122,1.00981,5162,5.15625,0.835269,-3.42704,0.446204,-3.00164,-3.46341,0.0447854,0.0160118
g3_temporal,8,123,0.661581,7480,3.98438,0.588133,-3.38987,0.387781,-3.19097,-3.41549,0.0418094,0.0173428
g3_temporal,8,124,0.814988,9132,4.75,0.570417,-3.50671,0.585014,-2.964,-3.59457,0.0447686,0.0228639
g3_temporal,8,125,0.931432,6901,6,0.624669,-3.61093,0.610986,-3.02854,-3.67947,0.065075,0.0762405
g3_temporal,8,126,0.930404,6259,5.4375,0.372936,-3.6372,0.562912,-3.07974,-3.69606,0.0526742,0.0345211
g3_temporal,8,127,0.943153,10295,6.59375,0.306544,-3.47811,0.591617,-2.81559,-3.60158,0.0532207,0.0319935
g3_temporal,8,128,1.11166,9468,4.875,0.495118,-3.86146,0.843704,-2.65996,-4.06436,0.0644898,0.0434754
g3_temporal,8,129,1.11071,7201,5.09375,0.426718,-3.55015,0.519326,-2.98222,-3.62026,0.0536352,0.027015
g3_temporal,8,130,1.68577,7010,5.625,0.661183,-3.57981,0.588075,-2.69133,-3.68622,0.0671282,0.035337
g3_temporal,8,131,0.61319,5878,4.5,0.911836,-3.46554,0.435067,-3.17074,-3.49458,0.0460034,0.0213482
g3_temporal,8,132,0.701715,5005,5.3125,0.544937,-3.45456,0.419143,-3.17933,-3.47731,0.0399684,0.0202382
g3_temporal,8,133,0.754861,6455,4.75,0.412203,-3.46198,0.448491,-3.19845,-3.49077,0.0450746,0.0264241
g3_temporal,8,134,0.995317,4244,5.25,1.54454,-3.40226,0.4061,-2.90402,-3.43676,0.0519536,0.0194924
g3_temporal,8,135,1.05244,4990,5.46875,0.988835,-3.83082,0.685029,-2.94078,-3.90417,0.0599563,0.0566792
g3_temporal,8,136,0.883394,6149,5.84375,0.720819,-3.45962,0.465934,-3.01654,-3.5055,0.0457221,0.01792
g3_temporal,8,137,1.14821,8867,5.40625,1.0263,-3.46876,0.547465,-2.8511,-3.56541,0.0531066,0.0227654
g3_temporal,8,138,0.540231,8165,4.40625,0.746871,-3.40152,0.426703,-3.21061,-3.4287,0.0415748,0.0266505
g3_temporal,8,139,0.638543,7061,5.875,0.572583,-3.44471,0.445062,-3.16641,-3.47831,0.0450746,0.0259367
g3_temporal,8,140,1.00256,6413,6.1875,0.661804,-3.60741,0.574978,-3.0963,-3.66285,0.0540787,0.0474258
g3_temporal,8,141,1.0067,2950,4.1875,0.527578,-3.46421,0.388363,-3.13853,-3.47956,0.0393566,0.0182061
g3_temporal,8,142,0.671705,6820,4.8125,1.37922,-3.7002,0.680381,-2.98565,-3.7832,0.0745249,0.0729636
g3_temporal,8,143,1.26331,7871,4.875,0.758025,-3.71599,0.64517,-2.92372,-3.82414,0.0473991,0.0247244
g3_temporal,8,144,1.03099,3586,4.96875,0.757067,-3.58767,0.485447,-3.08159,-3.61697,0.0470572,0.0218525
g3_temporal,8,145,1.07718,6030,5.78125,0.768237,-3.83284,0.747244,-2.86356,-3.93107,0.0606187,0.0668162
g3_temporal,8,146,1.18055,3990,5.53125,0.987938,-3.93662,0.756629,-2.7906,-4.01091,0.0637694,0.0511857
g3_temporal,8,147,1.03857,6200,5.59375,0.455785,-3.68789,0.652878,-2.96134,-3.7638,0.0556481,0.0495953
g3_temporal,8,148,0.744785,8540,5.09375,0.241454,-3.57212,0.566069,-3.13324,-3.63788,0.0466647,0.0421235
g3_temporal,8,149,1.3123,6097,5.125,0.836777,-3.56042,0.552575,-2.87714,-3.6305,0.0551945,0.0315055
g3_temporal,8,150,0.704311,6132,4.0625,0.190866,-3.29956,0.391304,-3.10316,-3.31984,0.0433091,0.016039
g3_temporal,8,151,1.39207,3862,5.75,0.564649,-3.93343,0.701534,-2.79448,-4.00475,0.0591607,0.038049
g3_temporal,8,152,1.24561,3227,5.78125,1.3278,-4.13654,0.803057,-2.82788,-4.20432,0.0534308,0.0358899
g3_temporal,8,153,1.0679,6494,5,0.572981,-4.0295,0.797537,-2.86952,-4.15709,0.0657607,0.0539492
g3_temporal,8,154,1.08786,8279,4.84375,0.416121,-3.51429,0.499593,-2.91635,-3.60075,0.047455,0.0167259
g3_temporal,8,155,1.60311,4384,8,1.23613,-3.67054,0.543605,-2.75419,-3.73623,0.0563071,0.0274431
g3_temporal,8,156,1.40711,5468,6.125,0.534264,-3.5923,0.509839,-2.77944,-3.6663,0.0548332,0.0233144
g3_temporal,8,157,1.37184,8533,5.71875,0.710056,-3.70148,0.699713,-2.78268,-3.83902,0.0630916,0.0423347
g3_temporal,8,158,1.17319,5482,6.375,0.790763,-3.82074,0.698748,-2.85865,-3.90857,0.058495,0.0389354
g3_temporal,8,159,0.897357,6334,6.4375,0.98526,-3.62399,0.600247,-3.10137,-3.6799,0.0564487,0.0514095
g3_temporal,8,160,0.734203,6526,4.5625,0.455177,-3.37729,0.432786,-3.12873,-3.40478,0.0433288,0.0226575
g3_temporal,8,161,0.937158,7126,4.6875,0.772263,-3.68672,0.5548,-3.05376,-3.76394,0.0480236,0.0296511
g3_temporal,8,162,0.920786,9203,5.53125,0.518634,-3.57894,0.647226,-2.89093,-3.69134,0.0543407,0.0390468
g3_temporal,8,163,0.749031,9331,4.5625,0.583167,-3.50843,0.47752,-3.22572,-3.55537,0.0468077,0.0467358
g3_temporal,8,164,0.778882,7017,6.0625,2.7402,-3.3201,0.382122,-3.20155,-3.33431,0.0415324,0.0336825
g3_temporal,8,165,0.893708,6706,5.375,0.569569,-3.55797,0.510021,-3.12698,-3.60709,0.0461425,0.0257129
g3_temporal,8,166,0.635834,6313,5.65625,0.324193,-3.35936,0.413802,-3.11825,-3.38506,0.0421214,0.0182134
g3_temporal,8,167,0.885829,6318,6.25,0.851574,-3.48782,0.510025,-3.04684,-3.53487,0.0505877,0.0375948
g3_temporal,8,168,1.2191,3808,4.90625,0.771527,-3.52121,0.426191,-3.07482,-3.54875,0.0517825,0.024958
g3_temporal,8,169,0.91747,6538,6.21875,1.1023,-3.56753,0.561419,-3.11025,-3.6182,0.0551245,0.051672
g3_temporal,8,170,0.728756,8121,7.3125,0.890763,-3.49412,0.50447,-3.16353,-3.54088,0.0468403,0.0495566
g3_temporal,8,171,1.39269,5706,6.34375,0.740578,-3.69711,0.604417,-2.78514,-3.78409,0.0566932,0.0227905
g3_temporal,8,172,0.526348,4451,4.15625,0.344495,-3.29274,0.362188,-3.133,-3.30438,0.0416582,0.0141562
g3_temporal,8,173,0.884623,8953,5.21875,0.874194,-3.43331,0.465576,-3.05071,-3.49385,0.0456987,0.016891
g3_temporal,8,174,0.727508,5659,4.5625,0.225679,-3.80491,0.755776,-2.87611,-3.89269,0.0612824,0.0661153
g3_temporal,8,175,1.19034,3964,6.03125,0.93368,-3.76354,0.55984,-2.9607,-3.81522,0.0550761,0.0357093
g3_temporal,8,176,0.395379,5558,3.35938,0.182516,-3.26223,0.340769,-3.11889,-3.27552,0.0421831,0.0136698
g3_temporal,8,177,0.808639,3652,5.5,0.686982,-3.4,0.367126,-3.15081,-3.4147,0.0433852,0.0185933
g3_temporal,8,178,1.12656,4136,4.78125,0.476071,-3.55554,0.461342,-2.9876,-3.59379,0.0438394,0.0188416
g3_temporal,8,179,0.860327,5837,4.53125,0.228633,-3.45743,0.411286,-3.04413,-3.49784,0.0462529,0.0166866
g3_temporal,8,180,1.15881,6309,6,1.09335,-3.76112,0.656435,-2.88984,-3.85393,0.0576207,0.0411483
g3_temporal,8,181,1.02798,5912,5,0.36632,-3.5839,0.646742,-2.94864,-3.64689,0.0750337,0.0900341
g3_temporal,8,182,0.930735,4382,5.71875,1.37669,-3.90379,0.760385,-2.77281,-3.98483,0.0728181,0.0763083
g3_temporal,8,183,1.30683,5837,6.9375,1.95728,-3.92974,0.711262,-2.77875,-4.04228,0.0648891,0.0442783
g3_temporal,8,184,1.00972,6833,4.34375,0.477483,-3.67529,0.610578,-2.94054,-3.76082,0.0545787,0.0324511
g3_temporal,8,185,0.819562,3889,5.40625,1.12448,-3.65824,0.512242,-3.16784,-3.68918,0.0455632,0.0252404
g3_temporal,8,186,0.921507,6910,5.5,0.760657,-3.5328,0.535495,-2.87125,-3.61078,0.0482288,0.0212778
g3_temporal,8,187,1.37171,7685,4.84375,0.307083,-3.6372,0.643507,-2.62397,-3.7718,0.0728037,0.0377097
g3_temporal,8,188,0.567506,5451,4.59375,0.735408,-3.3965,0.427245,-3.18924,-3.41531,0.040656,0.033106
g3_temporal,8,189,1.21783,6535,5.1875,1.21392,-3.61084,0.548633,-2.93546,-3.68564,0.0554636,0.0255915
g3_temporal,8,190,1.22197,3551,5.6875,1.20022,-3.86938,0.602133,-2.96442,-3.92122,0.0513321,0.030867
g3_temporal,8,191,0.788365,5722,5.9375,0.739701,-3.56669,0.613357,-2.94079,-3.62657,0.0650261,0.0703702
moe_coarse_1e19,1,0,3.87495,1554,8.9375,1.19129,-4.16928,0.287616,,,0.163673,0.0311938
moe_coarse_1e19,1,1,7.1635,1513,8.8125,0.975571,-4.18797,0.372405,,,0.180561,0.0596577
moe_coarse_1e19,1,2,4.92679,1824,6.9375,0.498842,-4.30652,0.470491,,,0.182664,0.06096
moe_coarse_1e19,1,3,6.3232,1571,7.5,0.656619,-4.34778,0.501933,,,0.176861,0.0588721
moe_coarse_1e19,1,4,4.96624,1562,8.75,1.4128,-4.20946,0.327725,,,0.16861,0.036688
moe_coarse_1e19,1,5,2.77707,1654,8.25,0.707123,-4.14229,0.277713,,,0.163024,0.0348204
moe_coarse_1e19,1,6,2.47064,1519,7.125,0.677367,-4.16586,0.28428,,,0.158856,0.0195808
moe_coarse_1e19,1,7,6.24385,1492,7.90625,0.612753,-4.36772,0.493055,,,0.172959,0.0528259
moe_coarse_1e19,1,8,2.64398,1627,7.0625,2.24258,-4.17206,0.278443,,,0.158233,0.0211278
moe_coarse_1e19,1,9,4.06142,1526,12,3.25567,-4.2306,0.33531,,,0.163183,0.0338584
moe_coarse_1e19,1,10,3.261,1696,8.3125,1.04101,-4.14169,0.266758,,,0.161291,0.0252341
moe_coarse_1e19,1,11,4.86871,1512,6.71875,3.00882,-4.26312,0.450404,,,0.212712,0.108642
moe_coarse_1e19,1,12,5.33849,1604,9.3125,1.11761,-4.21721,0.360916,,,0.166897,0.036766
moe_coarse_1e19,1,13,4.50621,1481,8.25,0.860511,-4.20441,0.351202,,,0.164115,0.0385214
moe_coarse_1e19,1,14,2.39659,1346,8.3125,1.24214,-4.1485,0.269337,,,0.158252,0.0197478
moe_coarse_1e19,1,15,6.0293,1331,8.1875,0.707182,-4.32425,0.483676,,,0.178501,0.0712599
moe_coarse_1e19,1,16,3.77164,1640,7.46875,0.588154,-4.18427,0.314849,,,0.163109,0.0335142
moe_coarse_1e19,1,17,2.23128,1672,9.9375,3.00277,-4.17354,0.289467,,,0.160008,0.0145827
moe_coarse_1e19,1,18,4.40684,1430,8.5,0.65365,-4.34874,0.435752,,,0.166956,0.0401245
moe_coarse_1e19,1,19,3.97569,1537,8.8125,0.937494,-4.153,0.288371,,,0.158782,0.0353069
moe_coarse_1e19,1,20,5.20116,1667,12.25,3.24732,-4.17091,0.338072,,,0.171744,0.0458634
moe_coarse_1e19,1,21,5.10873,1420,8.25,1.05792,-4.19361,0.311405,,,0.169289,0.0384587
moe_coarse_1e19,1,22,4.71863,1377,8.6875,0.90581,-4.2231,0.349215,,,0.163902,0.0348425
moe_coarse_1e19,1,23,2.73635,1545,9.375,2.70325,-4.15971,0.280993,,,0.160401,0.0236976
moe_coarse_1e19,1,24,4.46657,1403,12.0625,2.71167,-4.17673,0.313681,,,0.169892,0.0754734
moe_coarse_1e19,1,25,6.08021,1738,8.0625,0.63164,-4.27558,0.439107,,,0.178383,0.0549556
moe_coarse_1e19,1,26,4.04875,1352,8,1.42907,-4.20259,0.294686,,,0.161743,0.0269122
moe_coarse_1e19,1,27,2.84247,1449,7.25,0.864752,-4.14174,0.263566,,,0.160023,0.023911
moe_coarse_1e19,1,28,4.60744,1589,9.5,0.559279,-4.1553,0.319949,,,0.167954,0.0420393
moe_coarse_1e19,1,29,2.75589,1447,10.875,1.20298,-4.17255,0.289791,,,0.159855,0.0230644
moe_coarse_1e19,1,30,2.4622,1855,10.0625,1.17507,-4.15411,0.292488,,,0.160445,0.0189461
moe_coarse_1e19,1,31,2.83026,1461,9.5625,1.3041,-4.14457,0.268349,,,0.1549,0.0224519
moe_coarse_1e19,1,32,1.75579,1441,6.125,1.82117,-4.15998,0.291626,,,0.156814,0.0200607
moe_coarse_1e19,1,33,5.55954,1704,8.75,0.892363,-4.16757,0.340357,,,0.171172,0.0515456
moe_coarse_1e19,1,34,5.2737,1392,7.875,0.541361,-4.23473,0.368278,,,0.176077,0.0535989
moe_coarse_1e19,1,35,3.61929,1686,9,1.01276,-4.25473,0.388473,,,0.166539,0.0411487
moe_coarse_1e19,1,36,3.137,1641,7.5625,0.80708,-4.13879,0.284027,,,0.161959,0.0278313
moe_coarse_1e19,1,37,3.98221,1378,8.4375,0.853287,-4.23743,0.352707,,,0.163443,0.0369888
moe_coarse_1e19,1,38,6.31114,1548,8.875,0.849177,-4.32699,0.453239,,,0.172577,0.0508274
moe_coarse_1e19,1,39,3.23968,1688,7.78125,0.789694,-4.14003,0.283312,,,0.159006,0.0247998
moe_coarse_1e19,1,40,3.65072,1407,10,3.50363,-4.14449,0.270669,,,0.161848,0.0233516
moe_coarse_1e19,1,41,4.00288,1436,12.1875,1.46593,-4.14827,0.280223,,,0.161921,0.0308115
moe_coarse_1e19,1,42,4.73341,1523,8.75,0.652517,-4.18679,0.337489,,,0.165029,0.0417527
moe_coarse_1e19,1,43,2.38716,1313,9.25,2.86843,-4.17249,0.286994,,,0.159722,0.0223214
moe_coarse_1e19,1,44,2.97564,1872,13.375,22.2448,-4.18234,0.298393,,,0.166801,0.0313775
moe_coarse_1e19,1,45,3.34467,1384,8,0.869208,-4.16807,0.296554,,,0.160166,0.0228668
moe_coarse_1e19,1,46,1.69814,1428,6.625,0.768035,-4.16037,0.278371,,,0.157205,0.0180573
moe_coarse_1e19,1,47,3.9448,1327,8.4375,1.43976,-4.21416,0.322633,,,0.158584,0.0310753
moe_coarse_1e19,1,48,4.86221,1331,9,0.801552,-4.2465,0.372484,,,0.16389,0.0441625
moe_coarse_1e19,1,49,4.76568,1161,8.375,0.746345,-4.16117,0.292429,,,0.162434,0.0316185
moe_coarse_1e19,1,50,3.71806,1535,8.125,0.699792,-4.17239,0.304055,,,0.164011,0.0268691
moe_coarse_1e19,1,51,2.57944,1491,7.96875,1.30994,-4.15723,0.281639,,,0.165506,0.0451929
moe_coarse_1e19,1,52,3.92664,1655,8.9375,1.21319,-4.1807,0.325503,,,0.165408,0.0298495
moe_coarse_1e19,1,53,3.39021,1581,8.4375,0.946336,-4.16999,0.293743,,,0.162656,0.0266633
moe_coarse_1e19,1,54,6.25704,1613,8.5625,0.743421,-4.2103,0.36755,,,0.173709,0.0449102
moe_coarse_1e19,1,55,4.47702,1412,8.5625,0.506108,-4.22813,0.369276,,,0.162166,0.0382151
moe_coarse_1e19,1,56,3.54674,1532,9.125,0.931528,-4.188,0.355175,,,0.169258,0.0684178
moe_coarse_1e19,1,57,5.28283,1300,6.9375,0.366082,-4.29153,0.410625,,,0.191525,0.0803212
moe_coarse_1e19,1,58,5.49079,1850,8.25,0.828951,-4.16116,0.348022,,,0.175891,0.0537927
moe_coarse_1e19,1,59,5.56293,1479,8.5,0.671337,-4.2534,0.422299,,,0.178966,0.059069
moe_coarse_1e19,1,60,3.44859,1910,8.625,0.674718,-4.22422,0.357701,,,0.159818,0.0254449
moe_coarse_1e19,1,61,2.1751,1471,7.90625,0.962689,-4.15117,0.269219,,,0.159362,0.0152987
moe_coarse_1e19,1,62,3.01953,1913,7.03125,0.770838,-4.14418,0.292358,,,0.161826,0.0302888
moe_coarse_1e19,1,63,2.88649,1508,6.6875,1.61027,-4.21212,0.330893,,,0.170968,0.0426529
moe_coarse_1e19,2,0,4.02987,1535,9.25,1.6047,-4.31651,0.486306,,,0.163848,0.0322229
moe_coarse_1e19,2,1,5.22925,1380,6.34375,0.340924,-4.36228,0.602959,,,0.178009,0.0856517
moe_coarse_1e19,2,2,5.1036,1416,7.09375,0.349059,-4.3141,0.511612,,,0.172549,0.0598186
moe_coarse_1e19,2,3,4.8602,1737,6.71875,0.327039,-4.2199,0.489535,,,0.164216,0.0624473
moe_coarse_1e19,2,4,3.30911,1709,13.5,13.7443,-4.27197,0.47382,,,0.161598,0.0238737
moe_coarse_1e19,2,5,3.76743,1312,5.875,0.324918,-4.40707,0.530827,,,0.162551,0.0327842
moe_coarse_1e19,2,6,4.38004,1647,6.90625,0.238572,-4.26085,0.508936,,,0.164659,0.0470103
moe_coarse_1e19,2,7,4.35775,1712,6,0.460233,-4.25967,0.488034,,,0.173323,0.051332
moe_coarse_1e19,2,8,3.73246,1537,6.75,0.672092,-4.24275,0.459729,,,0.160334,0.0393222
moe_coarse_1e19,2,9,4.88008,1602,6.15625,0.327833,-4.21241,0.499599,,,0.166505,0.0602455
moe_coarse_1e19,2,10,3.21179,1431,7.40625,0.517089,-4.26756,0.435799,,,0.157841,0.027083
moe_coarse_1e19,2,11,4.4366,1435,7.40625,0.34388,-4.38886,0.595292,,,0.177378,0.0811564
moe_coarse_1e19,2,12,3.544,1619,7.5,0.349057,-4.27967,0.482331,,,0.16215,0.0347117
moe_coarse_1e19,2,13,4.88449,1551,6.25,0.24744,-4.35612,0.599581,,,0.177968,0.0743602
moe_coarse_1e19,2,14,5.21764,1883,5.84375,0.202192,-4.35257,0.62252,,,0.168693,0.049338
moe_coarse_1e19,2,15,4.71032,1683,7.375,0.417039,-4.40258,0.590184,,,0.171971,0.0542515
moe_coarse_1e19,2,16,2.71385,1669,6.71875,0.749598,-4.23166,0.423282,,,0.156972,0.0226938
moe_coarse_1e19,2,17,5.95357,1495,7.8125,0.451932,-4.27128,0.532329,,,0.174421,0.0729122
moe_coarse_1e19,2,18,2.37971,1559,7.625,0.690935,-4.22609,0.443406,,,0.156034,0.0203185
moe_coarse_1e19,2,19,5.4374,1769,6.8125,0.916121,-4.18984,0.430478,,,0.170138,0.0462391
moe_coarse_1e19,2,20,3.38468,1516,6.75,0.442254,-4.21975,0.448621,,,0.155215,0.0288483
moe_coarse_1e19,2,21,5.3084,1549,6.625,0.246969,-4.33509,0.565063,,,0.170953,0.0586086
moe_coarse_1e19,2,22,4.20547,1551,8.75,0.512278,-4.27698,0.513602,,,0.161208,0.0460996
moe_coarse_1e19,2,23,4.79125,1625,6.71875,0.338104,-4.2631,0.524158,,,0.168198,0.0618472
moe_coarse_1e19,2,24,3.84066,1710,6.78125,0.907588,-4.2598,0.5181,,,0.164884,0.0452679
moe_coarse_1e19,2,25,3.6099,1542,10.3125,2.44101,-4.2742,0.462101,,,0.16217,0.0279561
moe_coarse_1e19,2,26,4.80841,1645,7.1875,1.80503,-4.40538,0.586178,,,0.175952,0.0513476
moe_coarse_1e19,2,27,4.69356,1104,6.28125,0.376833,-4.37016,0.491118,,,0.153127,0.0436145
moe_coarse_1e19,2,28,3.45367,1546,10.5,0.702289,-4.22091,0.438747,,,0.157684,0.0287829
moe_coarse_1e19,2,29,5.55441,1738,5.84375,0.302646,-4.26147,0.556477,,,0.170211,0.0628205
moe_coarse_1e19,2,30,5.24783,1365,8.875,1.26487,-4.38898,0.580253,,,0.17039,0.0617687
moe_coarse_1e19,2,31,4.91876,1189,6.375,0.31798,-4.26674,0.498225,,,0.167325,0.0619627
moe_coarse_1e19,2,32,5.51089,1286,9.8125,0.716439,-4.30561,0.489717,,,0.166069,0.046396
moe_coarse_1e19,2,33,4.91076,1615,9.5,1.28208,-4.25633,0.549743,,,0.173875,0.0707203
moe_coarse_1e19,2,34,5.19097,1639,6.875,0.303293,-4.4429,0.647951,,,0.176391,0.0673114
moe_coarse_1e19,2,35,4.42907,1609,8.625,0.67378,-4.22556,0.464345,,,0.163331,0.0416656
moe_coarse_1e19,2,36,4.93285,1585,8.875,0.265507,-4.41232,0.601961,,,0.172557,0.0581176
moe_coarse_1e19,2,37,4.50461,1820,6.75,0.377146,-4.29455,0.555741,,,0.1629,0.0479654
moe_coarse_1e19,2,38,5.38713,1515,10.8125,1.86103,-4.32575,0.491146,,,0.164882,0.0367699
moe_coarse_1e19,2,39,5.05828,1372,9.375,1.00931,-4.37258,0.507544,,,0.165867,0.0386374
moe_coarse_1e19,2,40,3.43877,1558,8,1.78834,-4.25843,0.459784,,,0.166263,0.0332212
moe_coarse_1e19,2,41,4.86152,1308,9.1875,1.2589,-4.2774,0.472106,,,0.170838,0.0525918
moe_coarse_1e19,2,42,4.56014,1535,7.21875,0.419371,-4.19038,0.443404,,,0.161055,0.0466725
moe_coarse_1e19,2,43,5.59691,1705,6.9375,0.308673,-4.17146,0.506108,,,0.169972,0.0693939
moe_coarse_1e19,2,44,4.43644,1543,7.375,0.315202,-4.23339,0.484914,,,0.159961,0.0491162
moe_coarse_1e19,2,45,4.9545,1578,6.84375,0.28766,-4.40065,0.571778,,,0.173781,0.0562
moe_coarse_1e19,2,46,5.65373,1618,7.125,0.510264,-4.15758,0.453403,,,0.164171,0.0522591
moe_coarse_1e19,2,47,4.73558,1411,5.9375,0.410634,-4.31246,0.510915,,,0.161436,0.049936
moe_coarse_1e19,2,48,4.82727,1340,7.1875,0.412645,-4.35945,0.570324,,,0.179701,0.0802499
moe_coarse_1e19,2,49,4.97291,1614,7.90625,1.14762,-4.24007,0.513237,,,0.165198,0.0484508
moe_coarse_1e19,2,50,4.73489,1586,8.6875,1.10447,-4.25502,0.489287,,,0.168036,0.0523484
moe_coarse_1e19,2,51,4.2004,1645,7.5625,0.592917,-4.1668,0.413536,,,0.157668,0.0325994
moe_coarse_1e19,2,52,4.93104,1454,7.71875,0.56929,-4.22114,0.469342,,,0.170102,0.0544768
moe_coarse_1e19,2,53,4.27952,1514,7.09375,0.711233,-4.35712,0.569333,,,0.162823,0.0399444
moe_coarse_1e19,2,54,4.73332,1530,9.5,0.426962,-4.24268,0.50117,,,0.161883,0.0509504
moe_coarse_1e19,2,55,4.34382,1459,6.6875,0.411298,-4.25744,0.499748,,,0.163822,0.0501186
moe_coarse_1e19,2,56,4.42015,1504,7.78125,0.764631,-4.22309,0.475581,,,0.160954,0.046587
moe_coarse_1e19,2,57,5.81435,1526,6.125,0.284699,-4.28809,0.543432,,,0.171291,0.0680844
moe_coarse_1e19,2,58,3.01144,1483,10.75,0.788465,-4.24043,0.443151,,,0.158583,0.0285392
moe_coarse_1e19,2,59,5.42698,1580,6.53125,0.369226,-4.41943,0.593902,,,0.174612,0.0527884
moe_coarse_1e19,2,60,4.19765,1459,7.09375,0.900945,-4.22647,0.412903,,,0.159295,0.0348385
moe_coarse_1e19,2,61,4.65727,1333,9.0625,0.698005,-4.30113,0.473221,,,0.172126,0.0506537
moe_coarse_1e19,2,62,4.78815,1430,6.21875,0.418689,-4.27651,0.518961,,,0.169832,0.0536274
moe_coarse_1e19,2,63,5.96174,1389,7.59375,0.665268,-4.23751,0.496927,,,0.17849,0.0705026
moe_coarse_1e19,3,0,5.59106,1675,5.5625,0.210785,-4.53468,0.815044,,,0.173648,0.0582636
moe_coarse_1e19,3,1,4.71253,1454,8.5,1.18429,-4.59306,0.753936,,,0.175965,0.0537545
moe_coarse_1e19,3,2,4.8694,1704,11.5,0.438236,-4.41344,0.738339,,,0.16601,0.0632402
moe_coarse_1e19,3,3,5.31895,1774,5.875,0.233343,-4.275,0.669619,,,0.168932,0.0648877
moe_coarse_1e19,3,4,4.90068,1634,6.03125,0.390655,-4.23812,0.596674,,,0.166177,0.0661061
moe_coarse_1e19,3,5,5.24877,1493,5.34375,0.239838,-4.52411,0.771461,,,0.168966,0.0597925
moe_coarse_1e19,3,6,5.41516,1715,8.8125,0.450897,-4.22912,0.6627,,,0.168634,0.0754114
moe_coarse_1e19,3,7,6.00011,1489,5.71875,0.252967,-4.23089,0.631894,,,0.170547,0.0790091
moe_coarse_1e19,3,8,4.92382,1472,6.03125,0.391182,-4.34172,0.650733,,,0.173354,0.0696375
moe_coarse_1e19,3,9,6.04381,1746,7.15625,0.194333,-4.42585,0.777041,,,0.178682,0.0819316
moe_coarse_1e19,3,10,5.54799,1372,5.96875,0.200199,-4.45223,0.703498,,,0.175743,0.0735088
moe_coarse_1e19,3,11,4.38967,1495,5.78125,0.50601,-4.48821,0.744326,,,0.169111,0.0476197
moe_coarse_1e19,3,12,5.71031,1715,10.625,2.47315,-4.39797,0.710116,,,0.169588,0.0517866
moe_coarse_1e19,3,13,4.16326,1566,5.3125,0.276906,-4.43707,0.704651,,,0.164293,0.040206
moe_coarse_1e19,3,14,5.08285,1515,7.0625,0.317434,-4.31245,0.640427,,,0.158855,0.0593303
moe_coarse_1e19,3,15,4.95846,1579,8.4375,0.843687,-4.1976,0.521605,,,0.15212,0.0486419
moe_coarse_1e19,3,16,4.03023,1542,5.4375,0.534027,-4.43325,0.74385,,,0.161657,0.0434851
moe_coarse_1e19,3,17,5.33702,1408,5.71875,0.173214,-4.39263,0.713942,,,0.162672,0.0621394
moe_coarse_1e19,3,18,4.84129,1714,5.40625,0.285861,-4.32715,0.690566,,,0.161696,0.058189
moe_coarse_1e19,3,19,4.88605,1338,5.3125,0.17743,-4.39335,0.661523,,,0.158016,0.0536122
moe_coarse_1e19,3,20,4.97962,1507,6.96875,0.190062,-4.45809,0.727868,,,0.167279,0.0573148
moe_coarse_1e19,3,21,4.77873,1640,6.4375,0.469308,-4.43007,0.739105,,,0.162877,0.052181
moe_coarse_1e19,3,22,5.69464,1527,6.8125,0.24788,-4.46013,0.732846,,,0.163625,0.0594293
moe_coarse_1e19,3,23,4.62207,1483,10.1875,1.19833,-4.54506,0.740429,,,0.176625,0.0481198
moe_coarse_1e19,3,24,3.59421,1501,8.25,1.20364,-4.42072,0.679815,,,0.167677,0.0383176
moe_coarse_1e19,3,25,4.68033,1514,7.40625,0.732719,-4.47669,0.74033,,,0.164636,0.0408609
moe_coarse_1e19,3,26,5.20923,1774,7.3125,0.21875,-4.36308,0.719804,,,0.163494,0.0545339
moe_coarse_1e19,3,27,4.83652,1506,5.125,0.22207,-4.33734,0.673985,,,0.158726,0.04722
moe_coarse_1e19,3,28,4.93888,1342,5.71875,0.384398,-4.49477,0.73439,,,0.162727,0.0577352
moe_coarse_1e19,3,29,5.46132,1710,8.6875,0.644637,-4.31165,0.698923,,,0.170611,0.0754353
moe_coarse_1e19,3,30,4.92673,1696,5.6875,0.153072,-4.34453,0.698991,,,0.158724,0.0463105
moe_coarse_1e19,3,31,4.29802,1393,7.875,0.535033,-4.48756,0.751536,,,0.163523,0.044055
moe_coarse_1e19,3,32,4.67213,1435,6,0.420579,-4.45529,0.715619,,,0.167957,0.0468662
moe_coarse_1e19,3,33,5.50428,1348,5.96875,0.213651,-4.36604,0.669969,,,0.171229,0.0751219
moe_coarse_1e19,3,34,4.89233,1620,6.21875,0.233936,-4.34375,0.669447,,,0.160999,0.0499141
moe_coarse_1e19,3,35,5.12228,1376,8,0.259048,-4.2627,0.608011,,,0.17902,0.0800227
moe_coarse_1e19,3,36,4.464,1539,6.125,0.197692,-4.34843,0.678629,,,0.160794,0.05249
moe_coarse_1e19,3,37,5.26977,1503,5.46875,0.232538,-4.33063,0.646259,,,0.165662,0.056706
moe_coarse_1e19,3,38,4.72402,1468,7.71875,0.639951,-4.3805,0.670851,,,0.180694,0.0607136
moe_coarse_1e19,3,39,4.64259,1484,5.4375,0.182224,-4.38682,0.686949,,,0.162025,0.0529063
moe_coarse_1e19,3,40,4.77796,1590,6.28125,0.458726,-4.454,0.720349,,,0.176296,0.0761202
moe_coarse_1e19,3,41,5.82915,1455,5.59375,0.243497,-4.36939,0.661538,,,0.164825,0.0655238
moe_coarse_1e19,3,42,5.65723,1413,8.1875,0.198938,-4.2729,0.616002,,,0.17004,0.0808944
moe_coarse_1e19,3,43,4.44619,1534,7.625,0.335846,-4.54665,0.793602,,,0.169636,0.0415295
moe_coarse_1e19,3,44,4.24716,1621,7.53125,0.356998,-4.45195,0.768688,,,0.163551,0.0471458
moe_coarse_1e19,3,45,6.09633,1230,8.25,1.01396,-4.31129,0.613665,,,0.167765,0.0744305
moe_coarse_1e19,3,46,4.76601,1491,8.9375,0.38736,-4.23523,0.585396,,,0.163089,0.0609916
moe_coarse_1e19,3,47,5.56746,1646,6.03125,0.22001,-4.46678,0.757476,,,0.168981,0.0606465
moe_coarse_1e19,3,48,4.59563,1612,8,0.326956,-4.45443,0.740974,,,0.162549,0.0457847
moe_coarse_1e19,3,49,4.31124,1332,10.5625,0.905131,-4.49553,0.733949,,,0.162598,0.0436346
moe_coarse_1e19,3,50,5.19186,1456,6.46875,0.122194,-4.4909,0.762648,,,0.163827,0.0524069
moe_coarse_1e19,3,51,4.9358,1708,8.5,0.704184,-4.57894,0.844153,,,0.178025,0.052934
moe_coarse_1e19,3,52,5.06901,1537,5.9375,0.271012,-4.28775,0.617344,,,0.160791,0.0535072
moe_coarse_1e19,3,53,5.6298,1532,6.03125,0.138932,-4.37433,0.717074,,,0.160249,0.0710717
moe_coarse_1e19,3,54,4.66706,1374,6.71875,0.946534,-4.53665,0.766284,,,0.172253,0.049274
moe_coarse_1e19,3,55,5.27212,1342,6.46875,1.46815,-4.45547,0.734429,,,0.165425,0.0658235
moe_coarse_1e19,3,56,5.3025,1683,7,0.224087,-4.31684,0.69519,,,0.160997,0.0527456
moe_coarse_1e19,3,57,5.39826,1476,7.5,0.203509,-4.43201,0.7196,,,0.18715,0.0868494
moe_coarse_1e19,3,58,5.29839,1665,7.21875,0.395067,-4.27943,0.662543,,,0.156311,0.0582234
moe_coarse_1e19,3,59,6.00862,1519,6.09375,0.271299,-4.29739,0.64096,,,0.15769,0.0616297
moe_coarse_1e19,3,60,4.94339,1861,7.21875,0.303209,-4.34042,0.695632,,,0.166434,0.042646
moe_coarse_1e19,3,61,5.62518,1610,6.375,0.191862,-4.29915,0.661288,,,0.171105,0.0707293
moe_coarse_1e19,3,62,4.42882,1518,10.5,0.693696,-4.52237,0.785307,,,0.168368,0.0422859
moe_coarse_1e19,3,63,4.96084,1333,5.34375,0.23728,-4.3793,0.655688,,,0.155913,0.0509225
moe_coarse_1e19,4,0,5.82441,1631,7.75,0.620771,-4.53206,0.85198,,,0.172591,0.0779094
moe_coarse_1e19,4,1,7.00831,1354,7.03125,0.435301,-4.87775,0.987118,,,0.192445,0.0962114
moe_coarse_1e19,4,2,6.12497,1605,6.78125,0.186745,-4.7272,0.987921,,,0.164616,0.0800649
moe_coarse_1e19,4,3,5.09177,1502,6.875,0.701308,-4.65174,0.896941,,,0.167779,0.0531151
moe_coarse_1e19,4,4,5.26663,1467,6.84375,0.505277,-4.6845,0.926887,,,0.167917,0.0601002
moe_coarse_1e19,4,5,6.38545,1410,7.5625,0.433093,-4.60975,0.861009,,,0.163693,0.0697917
moe_coarse_1e19,4,6,5.71201,1108,5.65625,0.207089,-4.61912,0.813254,,,0.156199,0.0582206
moe_coarse_1e19,4,7,6.83688,1992,5.84375,0.187808,-4.41028,0.858194,,,0.173688,0.0891056
moe_coarse_1e19,4,8,5.47133,1392,5.875,0.282037,-4.45526,0.774629,,,0.153792,0.0658156
moe_coarse_1e19,4,9,6.72431,1732,7.25,0.483446,-4.64426,0.924207,,,0.170765,0.0914388
moe_coarse_1e19,4,10,5.24356,1549,7,0.264741,-4.66932,0.941173,,,0.159437,0.0575932
moe_coarse_1e19,4,11,6.52073,1789,6.28125,0.186468,-4.33373,0.788051,,,0.170523,0.084812
moe_coarse_1e19,4,12,5.3589,1553,7.15625,0.502191,-4.6999,0.935171,,,0.170863,0.0596974
moe_coarse_1e19,4,13,6.36421,1858,6.15625,0.152855,-4.40778,0.843622,,,0.159365,0.0844077
moe_coarse_1e19,4,14,6.37503,1466,9.1875,0.241601,-4.84302,0.99276,,,0.165006,0.0843255
moe_coarse_1e19,4,15,6.65587,1593,6.78125,0.229332,-4.33938,0.719789,,,0.16853,0.0793513
moe_coarse_1e19,4,16,5.46891,1619,7.5,0.263845,-4.69081,0.934387,,,0.159218,0.0695018
moe_coarse_1e19,4,17,5.66375,1865,7.84375,0.459998,-4.0936,0.675989,,,0.189422,0.128551
moe_coarse_1e19,4,18,4.91893,1502,8.875,2.45634,-4.66968,0.909033,,,0.18171,0.0621509
moe_coarse_1e19,4,19,6.56151,1793,6.65625,0.179907,-4.37907,0.806432,,,0.180445,0.101677
moe_coarse_1e19,4,20,5.20556,1621,6.84375,0.477134,-4.75189,1.00138,,,0.16286,0.0501568
moe_coarse_1e19,4,21,5.99894,1446,6.28125,0.166526,-4.50022,0.803329,,,0.156213,0.0628872
moe_coarse_1e19,4,22,5.18539,1566,6.875,0.415397,-4.52049,0.863712,,,0.159781,0.0736666
moe_coarse_1e19,4,23,6.27897,1769,6.625,0.192985,-4.38265,0.771884,,,0.160345,0.075372
moe_coarse_1e19,4,24,5.27019,1335,6.90625,0.297206,-4.60271,0.822106,,,0.167232,0.0731321
moe_coarse_1e19,4,25,5.6776,1551,6.75,0.248774,-4.50344,0.860583,,,0.16275,0.0878092
moe_coarse_1e19,4,26,6.36607,1620,6.875,0.218217,-4.75609,0.985528,,,0.171673,0.0714789
moe_coarse_1e19,4,27,5.87757,1456,7.125,0.430565,-4.50631,0.760012,,,0.163892,0.0819507
moe_coarse_1e19,4,28,5.80457,1466,5.84375,0.171938,-4.40351,0.772774,,,0.160343,0.0754221
moe_coarse_1e19,4,29,6.34358,1941,6.9375,0.248152,-4.49954,0.910638,,,0.169945,0.0849735
moe_coarse_1e19,4,30,4.90667,1493,7,0.481845,-4.1971,0.640208,,,0.168122,0.105547
moe_coarse_1e19,4,31,5.65442,1783,7.8125,0.396598,-4.45859,0.86407,,,0.180925,0.0803045
moe_coarse_1e19,4,32,5.8433,1436,5.78125,0.216175,-4.46984,0.83478,,,0.156728,0.079253
moe_coarse_1e19,4,33,6.00492,1562,13.25,0.528026,-4.34665,0.737703,,,0.149586,0.0791362
moe_coarse_1e19,4,34,6.4263,1515,8.375,0.45745,-4.49792,0.81557,,,0.180759,0.0852929
moe_coarse_1e19,4,35,5.56203,1613,6.78125,0.303809,-4.78751,0.992819,,,0.171086,0.07066
moe_coarse_1e19,4,36,6.10193,1299,9.375,0.470499,-4.71193,0.927259,,,0.178205,0.0817642
moe_coarse_1e19,4,37,5.05849,1365,6.90625,0.509785,-4.64914,0.851784,,,0.160045,0.0540719
moe_coarse_1e19,4,38,5.9398,1366,8.9375,0.477727,-4.47234,0.764707,,,0.168607,0.0855137
moe_coarse_1e19,4,39,5.9482,1395,7.9375,0.415324,-4.56425,0.843535,,,0.168067,0.0863964
moe_coarse_1e19,4,40,5.49024,1536,6.15625,0.361216,-4.21961,0.638126,,,0.153065,0.0792528
moe_coarse_1e19,4,41,5.98053,1387,7.53125,0.324,-4.63193,0.862484,,,0.169369,0.0759927
moe_coarse_1e19,4,42,5.38159,1617,6.9375,0.514534,-4.5093,0.873311,,,0.159722,0.0625574
moe_coarse_1e19,4,43,5.64528,1639,8.3125,0.450525,-4.56869,0.872065,,,0.171591,0.0719763
moe_coarse_1e19,4,44,5.73829,1315,7.875,0.227379,-4.59899,0.860642,,,0.160778,0.0635277
moe_coarse_1e19,4,45,5.98377,1652,7.84375,0.425388,-4.50965,0.837752,,,0.16957,0.0689058
moe_coarse_1e19,4,46,5.40684,1489,5.90625,0.452421,-4.52252,0.815589,,,0.156868,0.0553279
moe_coarse_1e19,4,47,6.14084,1447,5.8125,0.140094,-4.66877,0.891766,,,0.180048,0.104094
moe_coarse_1e19,4,48,5.28362,1405,6.8125,0.442958,-4.37191,0.739412,,,0.159951,0.0691088
moe_coarse_1e19,4,49,6.38972,1365,5.65625,0.142561,-4.76053,0.920199,,,0.154756,0.0768484
moe_coarse_1e19,4,50,6.10649,1475,6.96875,0.22354,-4.48341,0.854369,,,0.154543,0.0656892
moe_coarse_1e19,4,51,5.84884,1294,6,0.248285,-4.4685,0.802019,,,0.176479,0.0978234
moe_coarse_1e19,4,52,6.81262,1421,7.09375,0.499316,-4.79988,0.960918,,,0.169661,0.0652711
moe_coarse_1e19,4,53,6.48534,1490,6.84375,0.178205,-4.5152,0.823062,,,0.158453,0.072126
moe_coarse_1e19,4,54,6.1555,1384,7.1875,0.601748,-4.66015,0.876077,,,0.166582,0.0754016
moe_coarse_1e19,4,55,5.80741,1619,8.4375,0.506358,-4.64246,0.926377,,,0.167693,0.0629491
moe_coarse_1e19,4,56,5.2261,1931,7.90625,0.55364,-4.44783,0.834843,,,0.161941,0.055506
moe_coarse_1e19,4,57,6.25362,1344,5.78125,0.201591,-4.50311,0.842021,,,0.164229,0.0773583
moe_coarse_1e19,4,58,5.30006,1450,6.40625,0.295005,-4.18742,0.65205,,,0.17961,0.10805
moe_coarse_1e19,4,59,6.00013,1654,6.15625,0.270352,-4.58582,0.878748,,,0.158753,0.0781655
moe_coarse_1e19,4,60,5.79359,1806,8.6875,0.513816,-4.7241,0.98506,,,0.181005,0.0710522
moe_coarse_1e19,4,61,5.28636,1369,6.90625,0.437909,-4.45175,0.764326,,,0.167109,0.0914059
moe_coarse_1e19,4,62,5.51215,1340,7.6875,0.600267,-4.67209,0.828527,,,0.164556,0.0709476
moe_coarse_1e19,4,63,5.48715,1497,7.8125,0.518751,-4.36885,0.72826,,,0.14099,0.0803148
moe_coarse_1e19,5,0,7.25738,1602,6.09375,0.119234,-4.5531,0.894221,,,0.151925,0.0745313
moe_coarse_1e19,5,1,6.14474,1319,6.125,0.249626,-4.60049,0.852868,,,0.149605,0.0710105
moe_coarse_1e19,5,2,7.11772,1736,10.875,1.65202,-4.67403,0.980601,,,0.19241,0.0919175
moe_coarse_1e19,5,3,7.12661,1516,7.21875,0.159008,-4.5261,0.841977,,,0.154277,0.0784511
moe_coarse_1e19,5,4,6.90894,1323,6.90625,0.213399,-4.77215,0.933368,,,0.156481,0.0826534
moe_coarse_1e19,5,5,6.30697,1318,5.90625,0.198379,-4.68489,0.909211,,,0.162191,0.0708957
moe_coarse_1e19,5,6,6.85831,1569,7.875,0.269131,-4.4787,0.844535,,,0.152233,0.082379
moe_coarse_1e19,5,7,7.65764,1369,9.3125,0.298973,-4.84646,0.999172,,,0.197762,0.116097
moe_coarse_1e19,5,8,7.30481,1869,8.1875,0.190977,-4.64796,0.982349,,,0.174034,0.0885154
moe_coarse_1e19,5,9,6.09574,1708,6.90625,0.279039,-4.52338,0.885422,,,0.15911,0.0862522
moe_coarse_1e19,5,10,6.8917,1413,6.9375,0.410469,-4.68718,0.935641,,,0.218643,0.106548
moe_coarse_1e19,5,11,6.64294,1514,6.65625,0.222229,-4.57134,0.902356,,,0.161616,0.0874962
moe_coarse_1e19,5,12,7.55429,2255,6.53125,0.208336,-4.27973,0.862779,,,0.150318,0.0935191
moe_coarse_1e19,5,13,6.83916,1680,6.8125,0.167133,-4.72901,1.00973,,,0.169161,0.0923539
moe_coarse_1e19,5,14,5.91016,1702,9.4375,0.573479,-4.9768,1.08784,,,0.150059,0.0716784
moe_coarse_1e19,5,15,6.29589,1452,7.4375,0.262207,-4.53464,0.90641,,,0.160636,0.0923434
moe_coarse_1e19,5,16,6.39029,1285,12.125,0.641191,-4.75661,0.933854,,,0.181718,0.0968719
moe_coarse_1e19,5,17,6.62553,1329,6.65625,0.264363,-4.60887,0.836022,,,0.159031,0.0861348
moe_coarse_1e19,5,18,6.8515,1445,6.375,0.152434,-4.60625,0.884704,,,0.156739,0.0888118
moe_coarse_1e19,5,19,6.73476,1391,7.375,0.360102,-4.81959,0.995765,,,0.167104,0.0927086
moe_coarse_1e19,5,20,6.74427,1400,6.5625,0.248485,-5.02853,1.17113,,,0.166756,0.0772265
moe_coarse_1e19,5,21,7.18884,1483,7.25,0.290207,-4.89062,1.0617,,,0.191781,0.0866769
moe_coarse_1e19,5,22,7.30353,1816,7.15625,0.19813,-4.49322,0.933452,,,0.189464,0.117344
moe_coarse_1e19,5,23,6.97663,2084,7.125,0.31482,-4.32336,0.858414,,,0.179161,0.100639
moe_coarse_1e19,5,24,7.65608,1577,6.75,0.17316,-4.43684,0.809151,,,0.167051,0.0914356
moe_coarse_1e19,5,25,6.54336,1373,9.375,1.00643,-5.07267,1.0814,,,0.187892,0.0821258
moe_coarse_1e19,5,26,6.44124,1842,7.3125,0.289581,-4.54228,0.932913,,,0.164537,0.0798275
moe_coarse_1e19,5,27,6.96409,1321,7.3125,0.189796,-4.50247,0.795632,,,0.144554,0.0790568
moe_coarse_1e19,5,28,5.84875,1325,6.03125,0.273062,-4.27323,0.699969,,,0.139745,0.081222
moe_coarse_1e19,5,29,6.53539,1772,6.5,0.192074,-4.54496,0.908571,,,0.155112,0.0695063
moe_coarse_1e19,5,30,6.2938,1592,8.4375,0.859692,-5.09951,1.13622,,,0.183518,0.0890565
moe_coarse_1e19,5,31,6.79158,1594,5.84375,0.108619,-4.48225,0.885032,,,0.154219,0.0794425
moe_coarse_1e19,5,32,7.61393,1596,7.84375,0.356771,-4.78204,0.94853,,,0.17423,0.085818
moe_coarse_1e19,5,33,6.60111,1527,6.46875,0.125119,-4.66641,0.936293,,,0.16026,0.0752797
moe_coarse_1e19,5,34,6.59216,1592,9.0625,0.323338,-4.42429,0.825861,,,0.140844,0.0789921
moe_coarse_1e19,5,35,7.36028,1314,6.5625,0.260833,-4.5774,0.832035,,,0.150238,0.0774562
moe_coarse_1e19,5,36,7.40832,1409,6.75,0.179728,-4.68508,0.91606,,,0.164499,0.098614
moe_coarse_1e19,5,37,7.3337,1702,6.53125,0.230656,-4.45946,0.862687,,,0.166509,0.0989735
moe_coarse_1e19,5,38,7.46229,1639,6.71875,0.210152,-4.67068,0.950469,,,0.176064,0.0903356
moe_coarse_1e19,5,39,6.59708,1471,10.375,0.250592,-4.77463,1.00567,,,0.156623,0.0729577
moe_coarse_1e19,5,40,6.84289,1544,11.125,0.251658,-4.57717,0.904126,,,0.153794,0.0783592
moe_coarse_1e19,5,41,6.27442,1250,5.625,0.301404,-4.38502,0.742787,,,0.154256,0.097171
moe_coarse_1e19,5,42,6.37285,1601,6.9375,0.624909,-5.16612,1.14463,,,0.215704,0.10956
moe_coarse_1e19,5,43,7.67302,1332,10.0625,0.342122,-4.61806,0.872308,,,0.179118,0.102565
moe_coarse_1e19,5,44,6.79149,1177,6.40625,0.17969,-4.52404,0.786318,,,0.150742,0.0808972
moe_coarse_1e19,5,45,7.70786,1639,6.25,0.222593,-4.55247,0.88479,,,0.177983,0.106517
moe_coarse_1e19,5,46,6.36763,1499,7.40625,0.207276,-4.65081,0.913149,,,0.153972,0.0734477
moe_coarse_1e19,5,47,7.0318,1261,6.625,0.19532,-4.58797,0.826643,,,0.143158,0.0711898
moe_coarse_1e19,5,48,7.42798,1663,9.3125,0.537931,-4.62476,0.968304,,,0.169012,0.0991316
moe_coarse_1e19,5,49,6.77163,1675,8.875,0.417274,-4.45909,0.881399,,,0.160663,0.0848186
moe_coarse_1e19,5,50,7.32106,1491,6.34375,0.198225,-4.61339,0.904538,,,0.185759,0.10425
moe_coarse_1e19,5,51,5.63226,1432,6.75,0.279158,-4.64135,0.914339,,,0.151559,0.0731696
moe_coarse_1e19,5,52,6.87926,1660,6.625,0.272286,-4.40594,0.801745,,,0.15165,0.0850317
moe_coarse_1e19,5,53,6.19481,1599,6.34375,0.173189,-4.32559,0.800612,,,0.14429,0.0816799
moe_coarse_1e19,5,54,6.00523,1521,9.1875,0.2854,-4.58201,0.908598,,,0.160393,0.0783514
moe_coarse_1e19,5,55,6.92416,1286,7.5625,0.193375,-4.68093,0.914916,,,0.150026,0.0698843
moe_coarse_1e19,5,56,6.83145,1795,7.71875,0.48314,-4.71401,0.985135,,,0.180089,0.0949261
moe_coarse_1e19,5,57,7.35371,1428,6.40625,0.24109,-4.57193,0.855864,,,0.145908,0.0815638
moe_coarse_1e19,5,58,6.00543,1600,8.125,0.801234,-5.26453,1.16134,,,0.251185,0.128627
moe_coarse_1e19,5,59,6.83804,1217,7.0625,0.234411,-4.65098,0.884558,,,0.162376,0.0844828
moe_coarse_1e19,5,60,7.22041,1715,7.53125,0.498993,-5.07592,1.06386,,,0.198352,0.086909
moe_coarse_1e19,5,61,6.85252,1837,6.21875,0.132236,-4.52435,0.923841,,,0.164037,0.0812552
moe_coarse_1e19,5,62,6.34567,1362,5.6875,0.172705,-4.75852,0.948936,,,0.146671,0.079225
moe_coarse_1e19,5,63,5.94026,1496,6.0625,0.244395,-4.44129,0.804541,,,0.147612,0.0913498
moe_coarse_1e19,6,0,8.01482,1532,6.96875,0.242789,-4.86961,1.01689,,,0.176366,0.100667
moe_coarse_1e19,6,1,8.17643,1741,6.5,0.1803,-4.50053,0.890723,,,0.186964,0.118048
moe_coarse_1e19,6,2,8.00248,1134,7.9375,0.334639,-4.94279,0.979344,,,0.148759,0.0883832
moe_coarse_1e19,6,3,8.16526,2126,7,0.259464,-4.7607,1.10165,,,0.177755,0.10995
moe_coarse_1e19,6,4,7.65867,1582,7.25,0.245797,-4.7399,0.937996,,,0.173341,0.0850719
moe_coarse_1e19,6,5,7.96842,1472,9.25,0.20964,-4.53099,0.859177,,,0.152236,0.0854424
moe_coarse_1e19,6,6,7.70297,1677,8.0625,0.2508,-5.02106,1.15829,,,0.170938,0.0926319
moe_coarse_1e19,6,7,7.23335,1494,7.15625,0.193167,-4.62076,0.911253,,,0.163287,0.11103
moe_coarse_1e19,6,8,8.53919,1742,12.375,0.263351,-4.67349,0.969691,,,0.182074,0.0987439
moe_coarse_1e19,6,9,7.52506,1437,7.9375,0.446298,-4.97243,1.10915,,,0.179366,0.0954608
moe_coarse_1e19,6,10,8.08114,1500,7.65625,0.177308,-4.89652,1.00975,,,0.145959,0.0764694
moe_coarse_1e19,6,11,8.55211,1488,7.46875,0.28042,-4.9597,1.08914,,,0.152136,0.0797461
moe_coarse_1e19,6,12,7.24785,1608,6.84375,0.188636,-4.68428,0.98121,,,0.156377,0.0816603
moe_coarse_1e19,6,13,7.39001,1451,9.625,0.556405,-5.30859,1.2026,,,0.203181,0.09886
moe_coarse_1e19,6,14,6.3913,1465,6.4375,0.463902,-4.84883,1.08194,,,0.260928,0.166769
moe_coarse_1e19,6,15,7.15523,1191,9.9375,0.302299,-4.53651,0.782443,,,0.143658,0.10043
moe_coarse_1e19,6,16,7.46796,1488,6.21875,0.162875,-4.60814,0.900708,,,0.17677,0.102318
moe_coarse_1e19,6,17,7.95822,1585,7.9375,0.392078,-4.93158,1.1072,,,0.183328,0.105456
moe_coarse_1e19,6,18,7.00684,1418,9.0625,0.216044,-4.79643,0.964093,,,0.161308,0.0843558
moe_coarse_1e19,6,19,8.04989,1843,6.875,0.182257,-4.5054,0.897719,,,0.155979,0.0878468
moe_coarse_1e19,6,20,7.35346,1436,10.9375,1.25333,-5.35168,1.17527,,,0.19771,0.1163
moe_coarse_1e19,6,21,7.34135,1722,7.65625,0.406422,-4.92223,1.133,,,0.170764,0.0809186
moe_coarse_1e19,6,22,8.26535,1560,7.15625,0.417559,-5.09331,1.13336,,,0.205482,0.0935769
moe_coarse_1e19,6,23,7.23573,1123,6.65625,0.222334,-5.042,1.0722,,,0.154834,0.0722753
moe_coarse_1e19,6,24,7.63359,1995,6.75,0.246675,-4.72716,1.07325,,,0.178473,0.0911601
moe_coarse_1e19,6,25,6.94895,1389,6.15625,0.208048,-4.53742,0.859581,,,0.141092,0.0844185
moe_coarse_1e19,6,26,7.52749,1568,6.5,0.173558,-4.56991,0.874409,,,0.147768,0.0803047
moe_coarse_1e19,6,27,7.72953,1493,9.4375,0.537228,-4.73881,0.935952,,,0.169418,0.0923095
moe_coarse_1e19,6,28,8.829,2091,7.53125,0.343288,-5.04758,1.27488,,,0.202985,0.126143
moe_coarse_1e19,6,29,8.28182,1499,7.28125,0.187808,-4.54857,0.846771,,,0.167999,0.0985706
moe_coarse_1e19,6,30,7.78024,1600,10.375,0.535708,-4.77548,1.00681,,,0.159067,0.0888986
moe_coarse_1e19,6,31,7.22281,1631,9.125,0.219465,-4.72478,1.00404,,,0.149731,0.0877469
moe_coarse_1e19,6,32,7.54898,1274,7.15625,0.289737,-4.80229,0.913586,,,0.174871,0.0966051
moe_coarse_1e19,6,33,7.31889,1464,6.5,0.128897,-4.61466,0.886185,,,0.154061,0.0876526
moe_coarse_1e19,6,34,8.18756,1233,5.75,0.197897,-4.4765,0.757148,,,0.149927,0.0955085
moe_coarse_1e19,6,35,7.35244,1333,7,0.220675,-4.5956,0.859932,,,0.161486,0.094562
moe_coarse_1e19,6,36,7.74511,1223,8.3125,0.205376,-5.03946,1.06668,,,0.155091,0.0899678
moe_coarse_1e19,6,37,7.5739,1538,7.4375,0.231915,-4.58573,0.894437,,,0.158335,0.0866712
moe_coarse_1e19,6,38,7.56387,1580,7.4375,0.373275,-5.06207,1.12761,,,0.174938,0.0957067
moe_coarse_1e19,6,39,7.63638,1496,5.875,0.177895,-4.56363,0.884529,,,0.168778,0.105539
moe_coarse_1e19,6,40,8.28587,1571,8.8125,0.436936,-4.5368,0.879294,,,0.153033,0.0871111
moe_coarse_1e19,6,41,6.55104,1399,7.90625,0.257619,-4.53908,0.863999,,,0.148309,0.0843158
moe_coarse_1e19,6,42,6.87608,1291,8.6875,0.218175,-4.72767,0.887758,,,0.150737,0.0714878
moe_coarse_1e19,6,43,6.48561,1388,6.75,0.203669,-4.52191,0.837357,,,0.148544,0.0921159
moe_coarse_1e19,6,44,7.5114,1315,5.96875,0.176309,-4.51782,0.824244,,,0.153035,0.0956542
moe_coarse_1e19,6,45,6.82695,1665,7.4375,0.18149,-4.69162,1.02521,,,0.140666,0.078476
moe_coarse_1e19,6,46,9.46367,2813,7.375,0.223101,-4.22265,0.933078,,,0.17909,0.113187
moe_coarse_1e19,6,47,7.15734,1349,7.71875,0.146671,-4.69779,0.916216,,,0.149312,0.0821031
moe_coarse_1e19,6,48,7.3358,1442,6.90625,0.300415,-4.82482,1.02148,,,0.16094,0.0981616
moe_coarse_1e19,6,49,8.02418,1817,6.84375,0.191002,-4.55287,0.93402,,,0.157093,0.102628
moe_coarse_1e19,6,50,6.75143,1264,7.34375,0.376687,-4.55109,0.805015,,,0.14255,0.0858309
moe_coarse_1e19,6,51,7.38857,1423,6.21875,0.212968,-4.72583,0.942762,,,0.166575,0.101533
moe_coarse_1e19,6,52,8.23068,1603,6.21875,0.214571,-4.7639,1.00841,,,0.151274,0.0931617
moe_coarse_1e19,6,53,8.51558,1679,7.5,0.456278,-4.54422,0.851565,,,0.160754,0.110542
moe_coarse_1e19,6,54,7.3446,1437,6.15625,0.255054,-4.64728,0.867258,,,0.144356,0.075796
moe_coarse_1e19,6,55,7.53806,1723,8.1875,0.431394,-4.70272,0.945594,,,0.155627,0.0846123
moe_coarse_1e19,6,56,7.57793,1494,6.8125,0.22706,-4.79002,1.00072,,,0.15709,0.0920149
moe_coarse_1e19,6,57,7.39633,1541,6.34375,0.205855,-4.46046,0.842469,,,0.174368,0.106042
moe_coarse_1e19,6,58,7.0549,1333,7.40625,0.603296,-5.01899,1.0185,,,0.184733,0.0942171
moe_coarse_1e19,6,59,7.89982,1398,6.875,0.247669,-4.52685,0.844131,,,0.156836,0.0999182
moe_coarse_1e19,6,60,7.38605,1594,7.1875,0.37713,-4.51038,0.877685,,,0.181851,0.104209
moe_coarse_1e19,6,61,7.21112,1816,6.46875,0.419092,-4.7516,1.01434,,,0.176569,0.115362
moe_coarse_1e19,6,62,7.10513,1242,8.5,0.507805,-4.82546,1.01087,,,0.179022,0.0935544
moe_coarse_1e19,6,63,7.77128,1485,5.6875,0.161802,-4.42813,0.778577,,,0.144568,0.0841492
moe_coarse_1e19,7,0,7.21726,1315,6.21875,0.238197,-4.75393,1.00944,,,0.159726,0.100537
moe_coarse_1e19,7,1,9.12732,1436,6.625,0.306846,-4.94102,1.05028,,,0.168942,0.107761
moe_coarse_1e19,7,2,8.28641,1375,7.8125,0.208579,-4.69388,0.921092,,,0.15395,0.0867349
moe_coarse_1e19,7,3,8.84643,1429,8.1875,0.412664,-4.77451,0.978241,,,0.160356,0.0868078
moe_coarse_1e19,7,4,8.00862,1375,9.875,0.575947,-5.10358,1.09129,,,0.160102,0.0834185
moe_coarse_1e19,7,5,8.67984,1698,6.84375,0.265229,-5.02917,1.15891,,,0.181618,0.104398
moe_coarse_1e19,7,6,8.65111,1749,9.0625,0.592742,-4.57907,0.939505,,,0.157547,0.0897402
moe_coarse_1e19,7,7,9.25816,1651,16.875,0.569791,-4.4809,0.914322,,,0.167557,0.109312
moe_coarse_1e19,7,8,9.09472,1524,8.25,0.445843,-5.24621,1.24264,,,0.147707,0.0780782
moe_coarse_1e19,7,9,9.09347,2104,7.71875,0.268764,-4.76443,1.13351,,,0.169613,0.101639
moe_coarse_1e19,7,10,8.35366,2079,6.75,0.283031,-4.73117,1.11041,,,0.170225,0.0961377
moe_coarse_1e19,7,11,8.06817,1435,9.4375,0.257009,-4.97312,1.0951,,,0.161631,0.0876934
moe_coarse_1e19,7,12,8.10888,1375,7.75,0.429087,-5.33071,1.271,,,0.162754,0.0879141
moe_coarse_1e19,7,13,8.9227,1324,10.875,0.576725,-5.04335,1.08275,,,0.215142,0.138816
moe_coarse_1e19,7,14,9.17644,1640,7.71875,0.264745,-4.91468,1.13288,,,0.175602,0.109801
moe_coarse_1e19,7,15,8.05111,1540,7.9375,0.443408,-5.10663,1.23869,,,0.162889,0.0879112
moe_coarse_1e19,7,16,7.51385,1518,7.125,0.264274,-5.08352,1.21752,,,0.17182,0.0939284
moe_coarse_1e19,7,17,9.33019,1619,7.125,0.244334,-4.68229,0.944572,,,0.164109,0.10219
moe_coarse_1e19,7,18,7.69608,1408,6.21875,0.228733,-5.05469,1.20793,,,0.173439,0.0903023
moe_coarse_1e19,7,19,8.86784,1593,8,0.393211,-4.68719,0.979989,,,0.162883,0.101573
moe_coarse_1e19,7,20,7.38909,1437,8.25,0.377307,-4.69592,0.977609,,,0.160342,0.0862027
moe_coarse_1e19,7,21,8.52553,1398,8.5,0.192417,-4.80164,0.988771,,,0.184051,0.131857
moe_coarse_1e19,7,22,8.51609,1660,9.1875,0.576229,-5.31733,1.29351,,,0.182502,0.102496
moe_coarse_1e19,7,23,9.46882,1538,8.0625,0.594233,-4.85718,1.02108,,,0.196867,0.107767
moe_coarse_1e19,7,24,7.37076,1222,5.9375,0.180217,-4.83986,1.00786,,,0.1511,0.0902081
moe_coarse_1e19,7,25,8.37663,1698,9.4375,0.33748,-4.67189,0.998478,,,0.155801,0.0889577
moe_coarse_1e19,7,26,7.87507,1360,8.5,0.285872,-4.87952,1.07931,,,0.160929,0.100917
moe_coarse_1e19,7,27,8.75903,1733,6.375,0.26841,-4.85229,1.07403,,,0.173865,0.0973608
moe_coarse_1e19,7,28,8.38266,1646,6.625,0.311247,-4.55244,0.903776,,,0.15113,0.0922732
moe_coarse_1e19,7,29,8.33409,1275,6.03125,0.238372,-4.61148,0.852193,,,0.135878,0.0763864
moe_coarse_1e19,7,30,8.79108,1527,6.65625,0.298915,-5.2357,1.22026,,,0.183972,0.100937
moe_coarse_1e19,7,31,7.39908,1274,7.125,0.264211,-4.91821,1.0255,,,0.14144,0.0760018
moe_coarse_1e19,7,32,8.4235,1581,7.375,0.254241,-4.8494,1.15489,,,0.179134,0.128351
moe_coarse_1e19,7,33,11.1136,2088,8.75,0.734191,-4.37487,0.918119,,,0.202964,0.109276
moe_coarse_1e19,7,34,7.50199,1218,6.0625,0.208491,-4.78904,0.928268,,,0.16122,0.0897318
moe_coarse_1e19,7,35,9.41984,1482,7.96875,0.591415,-5.00356,1.14242,,,0.18404,0.097962
moe_coarse_1e19,7,36,7.00222,1490,6.59375,0.193763,-4.73708,1.01932,,,0.143044,0.0814262
moe_coarse_1e19,7,37,8.44607,1649,7.90625,0.450811,-4.89364,1.11636,,,0.169117,0.091961
moe_coarse_1e19,7,38,7.47737,1749,11,0.888111,-4.41403,0.834688,,,0.147971,0.0850997
moe_coarse_1e19,7,39,8.16394,1189,8.9375,0.447757,-4.80421,0.926814,,,0.146066,0.0881609
moe_coarse_1e19,7,40,8.25738,1510,8.4375,0.345959,-4.88476,1.05188,,,0.172442,0.0924663
moe_coarse_1e19,7,41,8.61202,1267,8.5625,0.305102,-4.77219,0.96067,,,0.163654,0.0918661
moe_coarse_1e19,7,42,8.01822,1635,7.1875,0.278637,-4.5455,0.87985,,,0.162196,0.0998642
moe_coarse_1e19,7,43,8.38557,1624,6.53125,0.341505,-4.74168,0.992622,,,0.175421,0.0997093
moe_coarse_1e19,7,44,8.24183,1926,7.8125,0.327137,-5.22794,1.45006,,,0.194366,0.111716
moe_coarse_1e19,7,45,7.87627,1493,6.78125,0.143473,-4.98999,1.1889,,,0.156459,0.0956661
moe_coarse_1e19,7,46,7.10276,1279,9.375,0.547498,-5.02116,1.10113,,,0.14225,0.0721069
moe_coarse_1e19,7,47,8.23494,1597,7.21875,0.202494,-4.61713,0.937572,,,0.147232,0.0887206
moe_coarse_1e19,7,48,8.86588,1391,7.9375,0.24286,-4.85867,0.993924,,,0.177473,0.10827
moe_coarse_1e19,7,49,8.71854,1312,9.4375,0.314231,-4.43942,0.775066,,,0.149779,0.0859716
moe_coarse_1e19,7,50,8.07983,1540,6.8125,0.264398,-4.94753,1.13979,,,0.155615,0.0838852
moe_coarse_1e19,7,51,8.12073,1564,7.90625,0.244134,-4.70856,0.993944,,,0.144724,0.0846
moe_coarse_1e19,7,52,8.02185,1568,7.21875,0.456808,-5.20916,1.18168,,,0.196293,0.103795
moe_coarse_1e19,7,53,8.04621,1448,7.96875,0.754941,-5.33711,1.26932,,,0.179827,0.0928155
moe_coarse_1e19,7,54,7.32809,1523,9.75,0.550177,-4.86708,1.07625,,,0.171706,0.0895376
moe_coarse_1e19,7,55,8.97157,1596,6.28125,0.234555,-4.64426,0.929664,,,0.175811,0.114475
moe_coarse_1e19,7,56,8.13599,1856,7.9375,0.323565,-4.55136,1.0007,,,0.173479,0.107854
moe_coarse_1e19,7,57,7.34602,1735,8.5625,0.305146,-4.69552,1.05106,,,0.144049,0.0775421
moe_coarse_1e19,7,58,8.69249,1374,6.125,0.21794,-4.54557,0.837692,,,0.178187,0.112972
moe_coarse_1e19,7,59,8.60274,1404,8.0625,0.704395,-5.16449,1.15217,,,0.155595,0.081329
moe_coarse_1e19,7,60,7.56864,1538,7.1875,0.301676,-4.56273,0.938906,,,0.142009,0.0787676
moe_coarse_1e19,7,61,7.33526,1699,6.5625,0.231466,-4.44727,0.891625,,,0.146237,0.0865259
moe_coarse_1e19,7,62,6.8699,1605,6.34375,0.324989,-4.3221,0.789817,,,0.153646,0.0985651
moe_coarse_1e19,7,63,8.63229,1419,7.28125,0.407121,-4.74445,0.930901,,,0.216132,0.125704
moe_coarse_1e19,8,0,8.53222,1465,8.25,0.732391,-5.4874,1.27816,,,0.252015,0.114642
moe_coarse_1e19,8,1,7.73078,1440,7.875,0.369,-5.16063,1.17111,,,0.18676,0.100972
moe_coarse_1e19,8,2,8.97573,1509,6.96875,0.31689,-4.55033,0.935042,,,0.179809,0.1434
moe_coarse_1e19,8,3,7.81229,1450,6.78125,0.36311,-4.71348,0.967758,,,0.13849,0.0804383
moe_coarse_1e19,8,4,9.35585,1494,7.25,0.286073,-4.82288,1.01656,,,0.165568,0.109444
moe_coarse_1e19,8,5,8.24681,1456,6.78125,0.308242,-4.97869,1.11362,,,0.169576,0.115688
moe_coarse_1e19,8,6,9.90873,1762,11.6875,0.604564,-4.36829,0.793489,,,0.14958,0.10076
moe_coarse_1e19,8,7,9.56288,1761,8.4375,0.343539,-4.97973,1.18145,,,0.164606,0.112827
moe_coarse_1e19,8,8,7.47292,1316,6.5625,0.360833,-5.45741,1.35027,,,0.163938,0.0959519
moe_coarse_1e19,8,9,8.34817,1278,7.28125,0.341961,-4.74779,0.933967,,,0.167144,0.111518
moe_coarse_1e19,8,10,10.0503,1362,11.8125,0.42161,-4.93827,1.07152,,,0.148859,0.0934294
moe_coarse_1e19,8,11,9.03238,1337,8.6875,0.31223,-4.91788,0.995374,,,0.17258,0.104963
moe_coarse_1e19,8,12,9.3785,1546,7.53125,0.30266,-4.83243,1.0531,,,0.164968,0.0985409
moe_coarse_1e19,8,13,9.88242,1310,7.90625,0.444453,-5.11491,1.12054,,,0.158374,0.107565
moe_coarse_1e19,8,14,7.89839,1393,7.5,0.457586,-4.78942,1.06322,,,0.161954,0.125329
moe_coarse_1e19,8,15,8.19364,1540,7.78125,0.416635,-4.79725,0.993591,,,0.155898,0.108279
moe_coarse_1e19,8,16,10.5422,1281,7.15625,0.384983,-4.97165,1.03185,,,0.159246,0.094448
moe_coarse_1e19,8,17,9.8769,1747,7.0625,0.540532,-5.13601,1.2917,,,0.157837,0.0832675
moe_coarse_1e19,8,18,9.02406,1709,6.96875,0.337892,-4.78423,1.02605,,,0.179435,0.109316
moe_coarse_1e19,8,19,9.38864,1911,7.28125,0.480569,-5.0786,1.3317,,,0.163032,0.0890981
moe_coarse_1e19,8,20,8.83552,1434,8.4375,0.297466,-4.77321,0.997704,,,0.154092,0.0969709
moe_coarse_1e19,8,21,7.98512,1736,11.5,1.75676,-4.21482,0.814579,,,0.19643,0.129929
moe_coarse_1e19,8,22,8.81208,1597,9,0.453585,-4.97597,1.13467,,,0.161565,0.110814
moe_coarse_1e19,8,23,8.56807,1585,7.78125,0.454796,-4.64975,0.968978,,,0.167477,0.104691
moe_coarse_1e19,8,24,9.09803,1490,8.875,0.554138,-5.0555,1.15018,,,0.147675,0.0795213
moe_coarse_1e19,8,25,8.208,1488,7.21875,0.37241,-5.19804,1.259,,,0.162821,0.0975898
moe_coarse_1e19,8,26,9.60742,1342,7.75,0.340831,-5.08923,1.09095,,,0.181335,0.11939
moe_coarse_1e19,8,27,9.32911,1452,7.25,0.325907,-4.79761,1.01728,,,0.187868,0.119306
moe_coarse_1e19,8,28,8.55012,1715,7.5625,0.480057,-4.82197,1.13037,,,0.163096,0.0982012
moe_coarse_1e19,8,29,8.30751,1369,8.3125,0.308218,-4.83266,1.06424,,,0.152338,0.107574
moe_coarse_1e19,8,30,10.0249,1698,6.8125,0.537593,-5.09268,1.20446,,,0.212184,0.116417
moe_coarse_1e19,8,31,7.6129,1429,8.8125,0.434777,-4.76543,1.06477,,,0.144732,0.085105
moe_coarse_1e19,8,32,6.83927,1539,7.75,0.464711,-4.45881,0.863795,,,0.157671,0.121047
moe_coarse_1e19,8,33,8.13389,1571,10.875,0.402135,-4.81989,1.03813,,,0.207241,0.111566
moe_coarse_1e19,8,34,7.1059,1336,6.75,0.265803,-4.69818,0.977194,,,0.142416,0.0907613
moe_coarse_1e19,8,35,8.02799,1432,8.9375,0.284729,-4.87876,1.07069,,,0.135465,0.0836888
moe_coarse_1e19,8,36,8.85645,1599,8,0.757589,-5.89329,1.42286,,,0.236013,0.124964
moe_coarse_1e19,8,37,8.20187,1383,8.3125,0.358093,-4.76215,1.0368,,,0.158848,0.112071
moe_coarse_1e19,8,38,9.80023,1341,7.21875,0.353179,-4.98122,1.05498,,,0.14826,0.0988307
moe_coarse_1e19,8,39,8.60183,1558,7.34375,0.346585,-5.19057,1.24323,,,0.184337,0.105049
moe_coarse_1e19,8,40,9.78926,1920,8.5,0.554737,-5.34795,1.45289,,,0.16411,0.0967602
moe_coarse_1e19,8,41,8.22618,1524,7.53125,0.323818,-4.724,0.986979,,,0.162964,0.0999444
moe_coarse_1e19,8,42,9.28341,1720,9.25,0.394642,-4.9196,1.13412,,,0.167515,0.0951725
moe_coarse_1e19,8,43,8.60209,1590,7.875,0.404884,-4.76238,1.04313,,,0.175799,0.104301
moe_coarse_1e19,8,44,8.4267,1395,7.59375,0.307833,-4.55912,0.872013,,,0.155281,0.101639
moe_coarse_1e19,8,45,9.43951,2092,9.875,0.380409,-4.38382,0.894898,,,0.145581,0.0888204
moe_coarse_1e19,8,46,7.37311,1456,7.0625,0.328645,-4.62148,0.908075,,,0.150406,0.110032
moe_coarse_1e19,8,47,9.76675,1788,7.15625,0.396942,-5.28476,1.37664,,,0.172343,0.0909124
moe_coarse_1e19,8,48,7.6147,1647,7.28125,0.32927,-4.57453,0.958424,,,0.147349,0.0830114
moe_coarse_1e19,8,49,9.12982,1498,10.75,0.630932,-4.84913,1.07894,,,0.148496,0.0879389
moe_coarse_1e19,8,50,8.2993,1452,10.875,0.46509,-4.812,1.06554,,,0.168827,0.103248
moe_coarse_1e19,8,51,8.3065,1481,8.6875,0.367825,-4.62455,0.929994,,,0.163008,0.11775
moe_coarse_1e19,8,52,9.21881,1513,9.5,0.98714,-5.31369,1.31594,,,0.256292,0.165986
moe_coarse_1e19,8,53,9.49053,1679,9.3125,0.847237,-4.31322,0.769872,,,0.149857,0.0942922
moe_coarse_1e19,8,54,9.86567,1287,10.25,0.952775,-5.58316,1.20512,,,0.130805,0.0786332
moe_coarse_1e19,8,55,9.49887,1732,7.25,0.372244,-4.79611,1.08179,,,0.144359,0.095547
moe_coarse_1e19,8,56,9.32352,1547,6.9375,0.363896,-4.86304,1.09349,,,0.157882,0.1075
moe_coarse_1e19,8,57,8.90445,1534,8.75,0.408923,-4.95455,1.14304,,,0.166145,0.105297
moe_coarse_1e19,8,58,8.33264,1785,7.25,0.380569,-4.63724,1.03016,,,0.165491,0.110193
moe_coarse_1e19,8,59,9.10337,1508,8.8125,0.364643,-5.00513,1.13122,,,0.160127,0.116228
moe_coarse_1e19,8,60,9.50979,1357,7.78125,0.424861,-5.10712,1.11426,,,0.176844,0.105936
moe_coarse_1e19,8,61,7.40545,1399,6.71875,0.250965,-4.86697,1.0658,,,0.133327,0.0825284
moe_coarse_1e19,8,62,8.31897,1553,7.46875,0.336986,-4.63718,0.924591,,,0.162041,0.111976
moe_coarse_1e19,8,63,9.7765,1686,9.625,0.699602,-4.31521,0.791983,,,0.165623,0.107331
moe_coarse_1e19,9,0,10.6442,1533,7.90625,0.383838,-4.71518,0.956883,,,0.15454,0.0979445
moe_coarse_1e19,9,1,11.3239,1530,7.84375,0.433172,-5.15491,1.14565,,,0.171093,0.105776
moe_coarse_1e19,9,2,11.5634,1729,8.75,0.556614,-4.75208,1.02454,,,0.168115,0.0878492
moe_coarse_1e19,9,3,9.13291,1440,9.1875,0.400322,-4.90123,1.08403,,,0.152855,0.0958587
moe_coarse_1e19,9,4,10.0251,1536,8.0625,0.454917,-4.83414,1.04353,,,0.177611,0.116442
moe_coarse_1e19,9,5,9.51952,1477,8.5625,0.526942,-4.77795,1.04908,,,0.207572,0.16813
moe_coarse_1e19,9,6,8.85473,1883,7.625,0.372228,-4.37325,0.883342,,,0.139527,0.105576
moe_coarse_1e19,9,7,8.83449,1561,7.0625,0.283251,-4.76727,1.0476,,,0.143382,0.0868199
moe_coarse_1e19,9,8,10.6817,1636,8.3125,0.578931,-5.2375,1.29162,,,0.144499,0.0880856
moe_coarse_1e19,9,9,9.66321,1463,7.40625,0.322157,-4.75096,0.980636,,,0.144924,0.102039
moe_coarse_1e19,9,10,9.74368,1522,6.53125,0.337785,-4.71102,1.01841,,,0.193929,0.135116
moe_coarse_1e19,9,11,9.30757,1495,6.90625,0.399502,-4.89569,1.08469,,,0.138748,0.0867683
moe_coarse_1e19,9,12,12.6641,1752,10.375,0.724141,-5.59504,1.37289,,,0.174405,0.0898503
moe_coarse_1e19,9,13,11.2163,1509,9.75,0.370051,-4.95894,1.13128,,,0.159851,0.10375
moe_coarse_1e19,9,14,9.99495,1546,9.25,0.478305,-5.08834,1.08572,,,0.174652,0.0952391
moe_coarse_1e19,9,15,9.56331,1464,7.8125,0.283651,-4.96495,1.06492,,,0.173308,0.123204
moe_coarse_1e19,9,16,9.57557,1308,6.78125,0.288357,-5.01839,1.14628,,,0.172407,0.124498
moe_coarse_1e19,9,17,10.1956,1499,7.8125,0.28504,-4.55108,0.867114,,,0.161632,0.115832
moe_coarse_1e19,9,18,10.7496,958,8.1875,0.392861,-4.96143,0.949439,,,0.133285,0.0840625
moe_coarse_1e19,9,19,9.4626,1288,9,0.316056,-5.03155,1.07305,,,0.146377,0.0837658
moe_coarse_1e19,9,20,10.7812,1543,7.71875,0.452009,-4.85824,1.0831,,,0.178466,0.120247
moe_coarse_1e19,9,21,10.1539,1360,9.8125,0.696015,-4.79707,0.999179,,,0.168594,0.0934068
moe_coarse_1e19,9,22,9.37119,1490,7.65625,0.341072,-4.95057,1.12042,,,0.15891,0.0991228
moe_coarse_1e19,9,23,11.1424,1833,10.125,0.432917,-4.62353,1.02381,,,0.165745,0.0994986
moe_coarse_1e19,9,24,10.3468,1527,10.1875,0.42009,-4.9121,1.09232,,,0.185877,0.121937
moe_coarse_1e19,9,25,8.84927,1668,13.875,0.629389,-4.56738,0.975333,,,0.158724,0.144841
moe_coarse_1e19,9,26,10.7597,1839,6.96875,0.386865,-5.52838,1.53121,,,0.17667,0.10039
moe_coarse_1e19,9,27,10.7693,1365,8.625,0.7789,-5.66068,1.3953,,,0.194629,0.102469
moe_coarse_1e19,9,28,10.7288,1650,7.875,0.310663,-4.73645,1.00689,,,0.147238,0.0847398
moe_coarse_1e19,9,29,10.9286,1326,7.4375,0.41284,-5.20032,1.2398,,,0.168062,0.107865
moe_coarse_1e19,9,30,10.0276,1507,7.5625,0.402141,-5.06281,1.23495,,,0.168638,0.128693
moe_coarse_1e19,9,31,9.71347,1495,10.5,0.427542,-4.73222,1.00198,,,0.155817,0.10997
moe_coarse_1e19,9,32,11.664,1429,8.1875,0.556502,-5.62515,1.51238,,,0.176608,0.108054
moe_coarse_1e19,9,33,8.76816,1420,7.25,0.475155,-4.8783,1.09792,,,0.154471,0.108664
moe_coarse_1e19,9,34,10.3063,1588,9.1875,0.860398,-5.42895,1.28946,,,0.184149,0.0965155
moe_coarse_1e19,9,35,10.9332,1838,7.96875,0.467661,-4.98047,1.25717,,,0.178875,0.117667
moe_coarse_1e19,9,36,10.557,1868,8.3125,0.679965,-5.44717,1.51195,,,0.166122,0.0951465
moe_coarse_1e19,9,37,8.81876,1375,8,0.329376,-4.5063,0.839094,,,0.168617,0.135452
moe_coarse_1e19,9,38,10.9788,1500,8.5625,0.882794,-5.75777,1.36998,,,0.185258,0.0902771
moe_coarse_1e19,9,39,9.05489,1501,8.1875,0.416647,-5.08017,1.19454,,,0.152373,0.0981184
moe_coarse_1e19,9,40,12.0377,1787,10.5,0.671012,-5.80779,1.64732,,,0.178096,0.0900551
moe_coarse_1e19,9,41,9.86823,1315,7.53125,0.381501,-4.86281,1.00897,,,0.157262,0.0998543
moe_coarse_1e19,9,42,10.9188,1526,7.875,0.470909,-5.17764,1.23018,,,0.182708,0.114783
moe_coarse_1e19,9,43,10.5269,1774,8.625,0.400865,-5.11733,1.29385,,,0.204444,0.131315
moe_coarse_1e19,9,44,9.77896,1483,9.6875,0.487509,-5.06397,1.19253,,,0.185484,0.12767
moe_coarse_1e19,9,45,8.82632,1240,7.46875,0.315118,-4.5601,0.838562,,,0.136897,0.0963408
moe_coarse_1e19,9,46,10.135,1535,6.875,0.317039,-4.83395,1.01571,,,0.167484,0.099455
moe_coarse_1e19,9,47,10.5737,1516,9.25,0.485059,-4.91526,1.14544,,,0.16046,0.0899343
moe_coarse_1e19,9,48,10.4447,1744,7.40625,0.620462,-5.27456,1.4311,,,0.193386,0.121826
moe_coarse_1e19,9,49,10.9362,1487,7.78125,0.3957,-5.12356,1.24905,,,0.172199,0.113579
moe_coarse_1e19,9,50,9.80256,1486,7.625,0.437889,-4.85084,1.01953,,,0.157175,0.10264
moe_coarse_1e19,9,51,10.2404,2023,8.9375,0.428155,-4.62411,1.08778,,,0.166274,0.117057
moe_coarse_1e19,9,52,10.0886,1435,7.78125,0.581245,-5.41364,1.44062,,,0.156086,0.0902277
moe_coarse_1e19,9,53,10.9938,1680,8.3125,0.371726,-4.43015,0.822501,,,0.135799,0.0722863
moe_coarse_1e19,9,54,11.2013,1415,9.8125,0.47805,-5.31273,1.26311,,,0.162042,0.0915196
moe_coarse_1e19,9,55,10.9358,1761,10.25,0.380514,-4.48888,0.885993,,,0.155749,0.116483
moe_coarse_1e19,9,56,10.1373,1641,10.125,0.473952,-5.12533,1.22324,,,0.156795,0.095247
moe_coarse_1e19,9,57,10.06,1585,7,0.305428,-4.53285,0.921298,,,0.175343,0.0997588
moe_coarse_1e19,9,58,10.1322,1432,8.9375,0.738675,-5.3968,1.19494,,,0.173971,0.104127
moe_coarse_1e19,9,59,9.72806,1436,7.1875,0.398813,-4.96169,1.15535,,,0.174624,0.114941
moe_coarse_1e19,9,60,10.3906,1396,8.6875,0.514897,-4.97814,1.1225,,,0.155059,0.104256
moe_coarse_1e19,9,61,10.8898,1429,7.53125,0.40735,-4.84511,1.05372,,,0.151729,0.0977373
moe_coarse_1e19,9,62,11.2891,1469,8.3125,0.73781,-5.45542,1.33763,,,0.172789,0.113641
moe_coarse_1e19,9,63,9.76951,1458,8.375,0.40404,-5.09435,1.18183,,,0.186017,0.123235
moe_coarse_1e19,10,0,11.2904,1525,10.875,0.759668,-5.16902,1.24482,,,0.149153,0.1134
moe_coarse_1e19,10,1,14.526,1791,7.875,0.464793,-5.65482,1.57327,,,0.176246,0.100677
moe_coarse_1e19,10,2,12.4351,1496,9.125,0.471373,-5.06434,1.13077,,,0.145227,0.0857288
moe_coarse_1e19,10,3,13.7991,1451,8.6875,0.610704,-5.41253,1.24668,,,0.226916,0.128167
moe_coarse_1e19,10,4,14.7243,1535,9.4375,0.64107,-5.47982,1.42072,,,0.16373,0.105632
moe_coarse_1e19,10,5,13.6122,1769,10,0.546318,-4.79161,1.12553,,,0.207771,0.153904
moe_coarse_1e19,10,6,12.8813,1647,10.0625,0.526588,-4.89316,1.11573,,,0.163065,0.110224
moe_coarse_1e19,10,7,14.2529,1805,10.9375,0.476444,-4.92739,1.14747,,,0.152132,0.0905002
moe_coarse_1e19,10,8,15.4956,1489,8.75,0.673299,-5.7907,1.56466,,,0.146314,0.071758
moe_coarse_1e19,10,9,12.0307,1522,8.75,0.567042,-5.26626,1.28327,,,0.186205,0.116462
moe_coarse_1e19,10,10,12.5687,1610,8.125,0.349211,-4.8828,1.14005,,,0.159772,0.128324
moe_coarse_1e19,10,11,13.4051,1412,10.75,0.426908,-4.92522,1.09688,,,0.185149,0.136158
moe_coarse_1e19,10,12,12.3453,1563,9.4375,0.586615,-5.20627,1.20495,,,0.183533,0.106286
moe_coarse_1e19,10,13,11.6576,1338,8.3125,0.643815,-4.71479,0.989225,,,0.177941,0.145514
moe_coarse_1e19,10,14,13.378,1650,8.5,0.321004,-5.28637,1.30794,,,0.165467,0.0996572
moe_coarse_1e19,10,15,12.0207,1438,10.375,0.616659,-4.96336,1.12403,,,0.156645,0.120663
moe_coarse_1e19,10,16,11.5761,1385,8.875,0.457731,-4.81332,1.02066,,,0.150773,0.116847
moe_coarse_1e19,10,17,12.41,1218,8.25,0.429355,-4.98471,1.05996,,,0.155865,0.114366
moe_coarse_1e19,10,18,12.4427,1330,8.3125,0.326789,-4.94248,1.04506,,,0.18674,0.143873
moe_coarse_1e19,10,19,16.0767,1493,10.25,1.26531,-6.02233,1.51024,,,0.19607,0.114711
moe_coarse_1e19,10,20,13.6709,1662,11.0625,0.438978,-4.86658,1.14134,,,0.13837,0.0985579
moe_coarse_1e19,10,21,15.7092,1276,12,0.515726,-5.15085,1.16784,,,0.141975,0.0936228
moe_coarse_1e19,10,22,11.4763,1469,7.78125,0.243415,-4.42396,0.850655,,,0.175881,0.153472
moe_coarse_1e19,10,23,11.933,1361,8.875,0.577001,-5.14318,1.1995,,,0.211139,0.167883
moe_coarse_1e19,10,24,12.3172,1948,11.375,0.610417,-4.88087,1.19013,,,0.135608,0.0872692
moe_coarse_1e19,10,25,13.2266,1431,7.53125,0.353397,-5.14898,1.17849,,,0.166475,0.107068
moe_coarse_1e19,10,26,14.6566,1706,10.125,0.581147,-5.3405,1.38576,,,0.18791,0.108468
moe_coarse_1e19,10,27,13.7597,1701,8.1875,0.491946,-5.66252,1.55065,,,0.148853,0.0761714
moe_coarse_1e19,10,28,12.8687,1516,10.4375,0.390562,-4.91889,1.06865,,,0.16031,0.109136
moe_coarse_1e19,10,29,12.5042,1512,10.125,0.37997,-4.98298,1.13159,,,0.160214,0.11821
moe_coarse_1e19,10,30,13.8902,1477,9.25,0.627862,-4.86521,1.07114,,,0.174815,0.105246
moe_coarse_1e19,10,31,11.6054,1365,7.5,0.332595,-4.77021,0.969068,,,0.182254,0.135251
moe_coarse_1e19,10,32,12.5902,1396,9,0.441638,-4.83414,1.03588,,,0.176918,0.131773
moe_coarse_1e19,10,33,12.8253,1229,9.5,0.396472,-4.90851,1.03481,,,0.145647,0.113046
moe_coarse_1e19,10,34,11.0847,1434,9.4375,0.483747,-4.6841,1.00418,,,0.190123,0.153381
moe_coarse_1e19,10,35,13.7585,1430,10.875,0.488636,-4.8037,1.03931,,,0.181444,0.152893
moe_coarse_1e19,10,36,12.8793,1382,7.40625,0.448108,-5.05044,1.1128,,,0.143144,0.0984302
moe_coarse_1e19,10,37,14.2154,1562,10.4375,0.540277,-5.08634,1.20396,,,0.151689,0.0958742
moe_coarse_1e19,10,38,14.2142,1870,19,0.827035,-5.21612,1.36168,,,0.198361,0.130693
moe_coarse_1e19,10,39,11.6291,1618,11.9375,0.490225,-4.94862,1.10826,,,0.170278,0.1308
moe_coarse_1e19,10,40,13.3391,1590,9.4375,0.437746,-5.13043,1.28572,,,0.149731,0.0930714
moe_coarse_1e19,10,41,13.7456,1598,9.75,0.750801,-5.29215,1.30058,,,0.191999,0.111082
moe_coarse_1e19,10,42,13.6788,1381,9.9375,0.490167,-5.02279,1.09752,,,0.134405,0.0863165
moe_coarse_1e19,10,43,11.2042,1799,8.4375,0.448625,-4.61015,1.06137,,,0.162854,0.122562
moe_coarse_1e19,10,44,12.9169,1612,8.4375,0.422396,-4.81362,1.066,,,0.166064,0.120062
moe_coarse_1e19,10,45,14.0866,1443,10.5,0.507636,-5.22194,1.21424,,,0.178709,0.117473
moe_coarse_1e19,10,46,13.4542,1752,13.1875,0.986471,-5.5069,1.4706,,,0.162959,0.0900303
moe_coarse_1e19,10,47,17.2639,1597,10.6875,0.712675,-4.56244,0.829201,,,0.134385,0.0811324
moe_coarse_1e19,10,48,11.54,1439,10.875,0.381384,-5.04038,1.13894,,,0.165395,0.113779
moe_coarse_1e19,10,49,15.2403,1863,7.6875,0.611145,-5.61557,1.58605,,,0.183489,0.101743
moe_coarse_1e19,10,50,12.1761,1550,10.3125,0.600804,-5.29344,1.24777,,,0.181208,0.0930425
moe_coarse_1e19,10,51,13.6382,1720,9.8125,0.531942,-4.83694,1.13032,,,0.144976,0.0955783
moe_coarse_1e19,10,52,13.8983,1699,7.875,0.565487,-5.54864,1.47876,,,0.197351,0.119593
moe_coarse_1e19,10,53,11.7551,1430,7.6875,0.368543,-5.1657,1.18871,,,0.161231,0.130984
moe_coarse_1e19,10,54,13.5014,1251,7.9375,0.356486,-5.00895,1.06397,,,0.144095,0.112177
moe_coarse_1e19,10,55,13.6731,1501,11.0625,0.531079,-5.33796,1.30709,,,0.132114,0.0804422
moe_coarse_1e19,10,56,12.4783,1685,8.5,0.469727,-5.09622,1.18684,,,0.181043,0.103174
moe_coarse_1e19,10,57,10.3249,1297,9.875,0.414643,-5.00524,1.09398,,,0.14525,0.121229
moe_coarse_1e19,10,58,12.0316,1423,13.3125,0.433824,-4.70334,1.00574,,,0.157277,0.118059
moe_coarse_1e19,10,59,13.6369,1535,8.5,0.417084,-4.85923,1.05208,,,0.145446,0.0919461
moe_coarse_1e19,10,60,13.3948,1884,8.4375,0.42424,-5.05161,1.22778,,,0.144226,0.086913
moe_coarse_1e19,10,61,10.4901,1296,8.125,0.287403,-5.02306,1.12354,,,0.163771,0.143528
moe_coarse_1e19,10,62,13.7845,1961,10.125,0.61535,-5.43221,1.48521,,,0.175193,0.102049
moe_coarse_1e19,10,63,10.52,1186,7.03125,0.316803,-4.68396,0.964465,,,0.179733,0.156996
moe_coarse_1e19,11,0,18.189,1544,10.125,0.518179,-4.8943,1.08737,,,0.16643,0.121281
moe_coarse_1e19,11,1,14.6453,1845,10.5625,0.331101,-4.35672,0.901077,,,0.157614,0.119796
moe_coarse_1e19,11,2,14.6876,1318,8.25,0.442071,-4.73208,0.956422,,,0.134536,0.0956495
moe_coarse_1e19,11,3,16.5157,1433,10.8125,0.445768,-5.46503,1.32794,,,0.158929,0.127179
moe_coarse_1e19,11,4,14.609,1614,10.6875,0.710774,-5.11483,1.21731,,,0.152311,0.108361
moe_coarse_1e19,11,5,14.417,1344,8.25,0.430817,-4.72073,0.97529,,,0.155396,0.117153
moe_coarse_1e19,11,6,21.8587,1591,11.3125,0.569736,-5.06237,1.2251,,,0.148101,0.0901711
moe_coarse_1e19,11,7,17.1113,1602,14.625,0.62839,-4.8743,1.16385,,,0.166487,0.102987
moe_coarse_1e19,11,8,15.1916,1430,9.8125,0.402786,-4.76078,1.00116,,,0.183535,0.13541
moe_coarse_1e19,11,9,18.5641,1481,12.1875,1.15567,-5.81409,1.31939,,,0.186195,0.125464
moe_coarse_1e19,11,10,15.8258,1538,9.0625,0.486225,-5.03054,1.1845,,,0.201499,0.15959
moe_coarse_1e19,11,11,17.5775,2146,10.875,0.476022,-4.54501,1.06114,,,0.160707,0.0988566
moe_coarse_1e19,11,12,15.2887,1359,8.3125,0.433146,-5.16445,1.2343,,,0.169683,0.128231
moe_coarse_1e19,11,13,17.2208,2016,10.5,0.514991,-4.5571,1.01179,,,0.138035,0.0914113
moe_coarse_1e19,11,14,17.4571,1480,9.8125,0.505307,-4.98575,1.14401,,,0.195851,0.147154
moe_coarse_1e19,11,15,16.4035,1471,9.0625,0.492932,-5.23679,1.28587,,,0.199327,0.148924
moe_coarse_1e19,11,16,17.3155,1625,9.375,0.405857,-4.72139,0.993832,,,0.139209,0.103237
moe_coarse_1e19,11,17,16.0856,1598,9.9375,0.41992,-4.80629,1.04194,,,0.155998,0.10058
moe_coarse_1e19,11,18,19.2266,1309,11.125,1.04209,-4.75418,0.917974,,,0.145667,0.0868976
moe_coarse_1e19,11,19,14.7782,1247,8.0625,0.530727,-4.56749,0.869621,,,0.140881,0.114777
moe_coarse_1e19,11,20,16.7813,1717,9.875,0.764128,-5.82112,1.56873,,,0.177246,0.103173
moe_coarse_1e19,11,21,12.7127,1200,8.125,0.463254,-4.7001,0.927977,,,0.158192,0.133295
moe_coarse_1e19,11,22,13.5352,1311,8.5625,0.391116,-5.01182,1.04423,,,0.17685,0.11223
moe_coarse_1e19,11,23,15.4422,1438,11.125,0.60303,-5.4445,1.35462,,,0.196122,0.124574
moe_coarse_1e19,11,24,17.8642,1271,10.375,0.471988,-5.21555,1.15259,,,0.137423,0.105413
moe_coarse_1e19,11,25,19.7887,2169,13.3125,0.979152,-5.58392,1.68543,,,0.187012,0.101124
moe_coarse_1e19,11,26,16.2139,1340,13.1875,0.949725,-4.88418,1.05589,,,0.151923,0.123261
moe_coarse_1e19,11,27,19.7271,1479,10.375,0.618455,-5.42917,1.24217,,,0.170105,0.0917357
moe_coarse_1e19,11,28,16.8807,1415,10.8125,0.598235,-5.31412,1.26908,,,0.167629,0.105998
moe_coarse_1e19,11,29,19.3285,1594,10.9375,0.759911,-5.64605,1.3849,,,0.159181,0.101872
moe_coarse_1e19,11,30,20.057,1539,14.5,0.862762,-5.14538,1.24155,,,0.158155,0.10144
moe_coarse_1e19,11,31,18.1794,2326,13.0625,0.661285,-5.21516,1.55072,,,0.179098,0.104676
moe_coarse_1e19,11,32,16.0173,1488,8.1875,0.466307,-5.19057,1.2463,,,0.2337,0.159074
moe_coarse_1e19,11,33,21.5202,1291,11.5625,0.841231,-4.86298,0.999355,,,0.127582,0.0919478
moe_coarse_1e19,11,34,18.193,1423,10.6875,0.498723,-4.96977,1.08345,,,0.158079,0.110779
moe_coarse_1e19,11,35,15.4927,1946,8.6875,0.505381,-4.51265,0.998325,,,0.158463,0.121903
moe_coarse_1e19,11,36,14.6247,1263,9.1875,0.398456,-4.67478,0.919753,,,0.151853,0.109782
moe_coarse_1e19,11,37,15.2097,1389,9.625,0.430297,-4.7887,1.05347,,,0.14189,0.126124
moe_coarse_1e19,11,38,17.5682,1607,9.25,0.681724,-5.15697,1.24241,,,0.205465,0.136117
moe_coarse_1e19,11,39,15.4676,1645,9.25,0.404678,-4.78613,1.08042,,,0.16165,0.120536
moe_coarse_1e19,11,40,15.1959,1385,9.5,0.336263,-4.64177,0.934607,,,0.155431,0.131466
moe_coarse_1e19,11,41,17.659,1302,11.5,0.509715,-5.10014,1.08593,,,0.152754,0.11448
moe_coarse_1e19,11,42,17.4712,1446,8.625,0.450763,-5.0024,1.13413,,,0.187979,0.146213
moe_coarse_1e19,11,43,13.958,1566,8.75,0.30997,-5.2734,1.27903,,,0.160414,0.106571
moe_coarse_1e19,11,44,19.1947,1778,10.75,0.699559,-5.53129,1.37463,,,0.178416,0.0921579
moe_coarse_1e19,11,45,12.5009,1394,8.4375,0.78073,-5.36526,1.30045,,,0.215189,0.120127
moe_coarse_1e19,11,46,18.3622,1536,10.875,0.564825,-5.19728,1.248,,,0.163264,0.0991233
moe_coarse_1e19,11,47,21.3418,1516,16,1.12938,-5.38263,1.39785,,,0.162129,0.111758
moe_coarse_1e19,11,48,13.9011,1412,9.9375,0.380142,-5.18865,1.30827,,,0.160261,0.140861
moe_coarse_1e19,11,49,14.1606,1394,8.9375,0.64069,-5.73476,1.49449,,,0.188603,0.126295
moe_coarse_1e19,11,50,15.0406,1587,10.9375,0.446232,-4.77601,1.05103,,,0.154058,0.129139
moe_coarse_1e19,11,51,16.8927,1443,11.1875,0.612562,-4.96913,1.15623,,,0.162347,0.109082
moe_coarse_1e19,11,52,19.5349,1562,11.3125,0.528889,-4.87837,1.12009,,,0.142332,0.0948943
moe_coarse_1e19,11,53,22.4749,1691,11.6875,0.777875,-5.60096,1.54804,,,0.173962,0.111363
moe_coarse_1e19,11,54,21.7354,1584,10.1875,0.650659,-5.68535,1.56147,,,0.209179,0.119175
moe_coarse_1e19,11,55,17.1817,1581,10.0625,0.543443,-5.14165,1.28728,,,0.171699,0.118549
moe_coarse_1e19,11,56,21.8292,1924,11.875,0.625434,-5.12348,1.30937,,,0.155938,0.0835197
moe_coarse_1e19,11,57,13.2459,1543,10,0.484316,-5.05423,1.25134,,,0.183455,0.143056
moe_coarse_1e19,11,58,14.6707,1369,12.875,0.968669,-5.62344,1.3617,,,0.177494,0.106616
moe_coarse_1e19,11,59,15.2923,1467,9.25,0.789256,-6.00488,1.4794,,,0.15474,0.116292
moe_coarse_1e19,11,60,12.9116,1384,7.65625,0.306431,-4.97323,1.11682,,,0.174005,0.155186
moe_coarse_1e19,11,61,17.9399,1851,10.0625,0.708195,-5.36872,1.49297,,,0.163526,0.0919882
moe_coarse_1e19,11,62,17.6091,1397,10.6875,0.456911,-4.35353,0.693891,,,0.105993,0.0728397
moe_coarse_1e19,11,63,18.4248,1350,12.8125,0.892191,-4.69661,0.996151,,,0.177298,0.144935
moe_coarse_1e19,12,0,22.1977,1338,10.4375,0.523724,-5.39665,1.28831,,,0.160205,0.0910182
moe_coarse_1e19,12,1,22.9926,1452,13,0.662953,-4.77802,1.0282,,,0.146732,0.091052
moe_coarse_1e19,12,2,29.621,1845,12.5,0.988177,-5.70998,1.61128,,,0.183176,0.0941309
moe_coarse_1e19,12,3,22.6283,1801,12.375,0.525201,-4.88137,1.17663,,,0.149724,0.108531
moe_coarse_1e19,12,4,19.1467,1272,10.0625,0.4678,-5.01763,1.12149,,,0.134074,0.115982
moe_coarse_1e19,12,5,25.5017,1425,12.6875,0.905715,-5.18095,1.23264,,,0.128843,0.0685946
moe_coarse_1e19,12,6,20.2091,1578,14,1.47682,-5.24398,1.25386,,,0.201874,0.0985807
moe_coarse_1e19,12,7,17.7303,1302,8.3125,0.649555,-4.92961,1.05295,,,0.177263,0.123275
moe_coarse_1e19,12,8,21.9801,1599,10.25,0.823197,-5.39646,1.29873,,,0.162374,0.0854197
moe_coarse_1e19,12,9,22.1252,1407,10.375,0.728424,-4.89451,1.04531,,,0.191001,0.131
moe_coarse_1e19,12,10,22.7005,1660,9.8125,0.603247,-5.31202,1.32967,,,0.165673,0.0951931
moe_coarse_1e19,12,11,26.5838,1641,13.375,1.02979,-5.15265,1.27923,,,0.177882,0.0974527
moe_coarse_1e19,12,12,16.4037,1479,9.875,0.639478,-5.06541,1.25409,,,0.135291,0.124996
moe_coarse_1e19,12,13,21.5225,1352,12.375,0.670543,-4.8276,1.01998,,,0.152466,0.121843
moe_coarse_1e19,12,14,21.7739,1549,13.75,0.907061,-5.10068,1.2411,,,0.171217,0.109458
moe_coarse_1e19,12,15,21.4453,1512,9.625,0.560342,-5.16426,1.24315,,,0.15818,0.104772
moe_coarse_1e19,12,16,18.6717,2068,10.5625,0.639987,-4.53506,1.05566,,,0.157467,0.135543
moe_coarse_1e19,12,17,18.2559,1330,9.8125,0.624565,-4.64855,0.964183,,,0.173672,0.157502
moe_coarse_1e19,12,18,22.9366,1547,15.75,0.898238,-4.89248,1.14332,,,0.147355,0.100009
moe_coarse_1e19,12,19,20.0926,1647,9.25,0.55059,-5.53528,1.41918,,,0.188224,0.112007
moe_coarse_1e19,12,20,18.8698,1571,11.0625,0.574973,-4.71152,0.986469,,,0.131874,0.0963972
moe_coarse_1e19,12,21,18.0093,1356,13.625,0.510681,-4.90025,1.04228,,,0.146083,0.126352
moe_coarse_1e19,12,22,20.7545,1766,12.3125,0.631302,-4.80091,1.11646,,,0.147663,0.142558
moe_coarse_1e19,12,23,19.241,1366,16.125,0.739118,-5.93569,1.43354,,,0.158307,0.136034
moe_coarse_1e19,12,24,20.1165,1549,10.6875,0.729231,-4.73214,1.03406,,,0.175164,0.14006
moe_coarse_1e19,12,25,16.498,1325,8.6875,0.535906,-4.77984,1.08315,,,0.235273,0.227317
moe_coarse_1e19,12,26,17.839,1449,12.75,1.05656,-5.65134,1.42277,,,0.236568,0.129117
moe_coarse_1e19,12,27,18.6514,1537,9.25,0.56094,-4.78926,1.01813,,,0.169826,0.133246
moe_coarse_1e19,12,28,23.2679,1455,10.625,0.533292,-5.14878,1.22786,,,0.149294,0.111637
moe_coarse_1e19,12,29,24.8308,1797,11.8125,0.605867,-5.69606,1.5188,,,0.166533,0.0875992
moe_coarse_1e19,12,30,28.177,1487,13.5625,0.805725,-5.02173,1.16024,,,0.148943,0.0994962
moe_coarse_1e19,12,31,18.9092,1635,10.875,0.430764,-4.73514,1.02798,,,0.170664,0.130916
moe_coarse_1e19,12,32,17.4042,1334,18.875,1.71168,-4.94179,1.02467,,,0.138632,0.125184
moe_coarse_1e19,12,33,27.4292,1792,12.0625,0.877013,-5.26665,1.37667,,,0.179839,0.106895
moe_coarse_1e19,12,34,18.7869,1388,9.3125,0.487586,-5.09768,1.1834,,,0.166705,0.125277
moe_coarse_1e19,12,35,25.9516,1860,16.625,0.990862,-5.0482,1.30987,,,0.160645,0.101854
moe_coarse_1e19,12,36,18.1235,1405,10.125,0.629715,-5.19504,1.13212,,,0.140673,0.109429
moe_coarse_1e19,12,37,25.3069,1687,12.5,0.653409,-4.93155,1.17516,,,0.146429,0.100227
moe_coarse_1e19,12,38,25.1416,1732,11.9375,0.656254,-5.06686,1.28356,,,0.193437,0.125195
moe_coarse_1e19,12,39,19.195,1367,9.625,0.521529,-4.83457,1.02867,,,0.175471,0.132072
moe_coarse_1e19,12,40,22.8898,1500,11.75,0.758075,-5.19629,1.25939,,,0.161967,0.101491
moe_coarse_1e19,12,41,17.6555,1529,12.0625,0.577806,-4.46165,0.948956,,,0.206462,0.132302
moe_coarse_1e19,12,42,18.9374,1429,15.9375,1.54374,-5.22736,1.26832,,,0.191813,0.107618
moe_coarse_1e19,12,43,20.6593,1546,12.1875,0.618831,-5.35131,1.35694,,,0.164726,0.113383
moe_coarse_1e19,12,44,21.222,1242,11.25,0.601816,-4.74891,0.970695,,,0.159043,0.151353
moe_coarse_1e19,12,45,14.4393,1397,9.75,0.438473,-4.79246,0.980116,,,0.128896,0.13805
moe_coarse_1e19,12,46,23.9741,1505,12.75,0.798221,-5.57615,1.47459,,,0.174351,0.119663
moe_coarse_1e19,12,47,23.3139,1279,10.625,0.532931,-5.32075,1.21756,,,0.158347,0.115183
moe_coarse_1e19,12,48,33.5866,1828,13.0625,0.855563,-4.51731,0.901144,,,0.138039,0.100663
moe_coarse_1e19,12,49,26.024,1448,12.375,0.579731,-5.03566,1.159,,,0.160937,0.0926283
moe_coarse_1e19,12,50,19.4881,1838,12.25,0.838313,-5.27525,1.41049,,,0.196972,0.121445
moe_coarse_1e19,12,51,19.6765,1472,9.5625,0.584509,-4.55644,0.912647,,,0.153804,0.110844
moe_coarse_1e19,12,52,23.8704,1861,10.1875,0.654064,-4.84018,1.15565,,,0.16608,0.112502
moe_coarse_1e19,12,53,16.9633,1516,11.125,0.469885,-4.47266,0.890809,,,0.171192,0.157066
moe_coarse_1e19,12,54,22.4033,1305,11.875,0.612934,-5.02432,1.09442,,,0.148871,0.095605
moe_coarse_1e19,12,55,17.7196,1645,9.375,0.451446,-4.77498,1.14365,,,0.197817,0.149259
moe_coarse_1e19,12,56,20.0342,2152,12.3125,0.509912,-4.61861,1.11917,,,0.160027,0.123582
moe_coarse_1e19,12,57,21.3469,1495,10.9375,0.802782,-5.5689,1.39168,,,0.199055,0.113154
moe_coarse_1e19,12,58,24.2335,1858,9.8125,0.602787,-5.5217,1.50875,,,0.170731,0.0914703
moe_coarse_1e19,12,59,22.8556,1556,11.6875,0.573454,-5.06339,1.19116,,,0.176515,0.124672
moe_coarse_1e19,12,60,22.3007,1594,10.125,0.456987,-5.02537,1.22728,,,0.182914,0.126875
moe_coarse_1e19,12,61,18.3413,1365,13,0.597128,-5.08871,1.13485,,,0.171105,0.125211
moe_coarse_1e19,12,62,24.6235,1200,14.1875,0.838661,-5.15563,1.17385,,,0.178797,0.109534
moe_coarse_1e19,12,63,24.0618,1082,11.5,0.657446,-5.00325,1.07128,,,0.125993,0.0843811
moe_coarse_1e19,13,0,32.8446,2137,17,1.54757,-4.9817,1.28146,,,0.162148,0.116981
moe_coarse_1e19,13,1,19.8314,1604,14.625,1.35564,-5.15228,1.29214,,,0.142191,0.09814
moe_coarse_1e19,13,2,36.7586,988,14.0625,0.921079,-5.01579,1.02754,,,0.119474,0.073023
moe_coarse_1e19,13,3,25.0538,1231,9.9375,0.707773,-5.10324,1.07705,,,0.168993,0.121946
moe_coarse_1e19,13,4,32.8153,1650,12.875,0.960655,-4.62616,0.969505,,,0.144937,0.0807255
moe_coarse_1e19,13,5,24.3344,1389,16,0.624233,-5.41255,1.27827,,,0.181144,0.112842
moe_coarse_1e19,13,6,21.0355,1220,10.0625,0.695641,-4.7371,0.90511,,,0.14461,0.142308
moe_coarse_1e19,13,7,29.3942,1564,11.6875,1.14147,-6.05716,1.63948,,,0.17988,0.0813274
moe_coarse_1e19,13,8,20.6274,1812,11.625,0.76567,-4.6038,1.03554,,,0.156008,0.115205
moe_coarse_1e19,13,9,41.183,1553,15.4375,1.26444,-5.50719,1.36238,,,0.180858,0.123255
moe_coarse_1e19,13,10,27.4467,1375,15.6875,1.0163,-4.87219,1.07156,,,0.163923,0.140395
moe_coarse_1e19,13,11,36.4065,1382,12.6875,0.708277,-5.18995,1.21065,,,0.176486,0.131052
moe_coarse_1e19,13,12,34.6387,1653,14.3125,0.757021,-5.57204,1.43972,,,0.176901,0.088253
moe_coarse_1e19,13,13,25.4688,1649,9.8125,0.469996,-5.28896,1.3254,,,0.190831,0.107741
moe_coarse_1e19,13,14,23.92,1346,10.625,0.856349,-4.81472,1.02812,,,0.154707,0.146301
moe_coarse_1e19,13,15,23.7487,1658,10.9375,1.01835,-5.47651,1.42428,,,0.165482,0.110964
moe_coarse_1e19,13,16,40.7396,1259,14.1875,1.02061,-4.49422,0.812104,,,0.176127,0.133535
moe_coarse_1e19,13,17,37.7525,1950,15.5,0.909591,-4.89601,1.22823,,,0.152841,0.0832099
moe_coarse_1e19,13,18,40.5581,1675,14.5,0.978125,-4.69734,1.03915,,,0.133348,0.0690363
moe_coarse_1e19,13,19,21.559,1370,13,0.729977,-4.84658,1.05483,,,0.174492,0.114636
moe_coarse_1e19,13,20,25.8393,1373,12.8125,0.558301,-4.70808,1.01404,,,0.233435,0.164351
moe_coarse_1e19,13,21,24.1164,1284,14.4375,1.1187,-5.27044,1.24865,,,0.150702,0.0969365
moe_coarse_1e19,13,22,23.7087,1746,13.5625,1.11532,-4.89449,1.1748,,,0.172897,0.0954496
moe_coarse_1e19,13,23,18.8496,1313,11.5625,0.862628,-5.1284,1.24321,,,0.169233,0.119443
moe_coarse_1e19,13,24,23.6998,1327,12.5625,0.927154,-5.51029,1.39719,,,0.15996,0.0855736
moe_coarse_1e19,13,25,19.536,1370,9.625,0.487468,-4.67331,0.948716,,,0.151611,0.127727
moe_coarse_1e19,13,26,24.6348,1604,12.3125,0.875262,-4.84697,1.04223,,,0.133268,0.121524
moe_coarse_1e19,13,27,34.0425,1121,10.8125,0.572261,-5.12702,1.06737,,,0.172064,0.0960385
moe_coarse_1e19,13,28,23.976,1396,11.6875,0.747399,-4.93952,1.0946,,,0.174876,0.132708
moe_coarse_1e19,13,29,36.9437,1265,13.5,0.718908,-5.12685,1.15629,,,0.168012,0.110845
moe_coarse_1e19,13,30,45.7749,980,15.625,1.19923,-5.04831,1.08119,,,0.140271,0.0900007
moe_coarse_1e19,13,31,29.4063,1697,14.875,0.672947,-5.15561,1.2442,,,0.173846,0.0960958
moe_coarse_1e19,13,32,24.299,1293,10.75,0.686233,-4.65207,0.887603,,,0.130416,0.100773
moe_coarse_1e19,13,33,47.494,2135,16.625,0.881856,-5.04576,1.37903,,,0.143712,0.0751563
moe_coarse_1e19,13,34,32.2604,1558,15,0.992104,-5.42402,1.39219,,,0.158091,0.0831861
moe_coarse_1e19,13,35,32.673,1359,10.375,0.759871,-5.14231,1.1825,,,0.171184,0.119418
moe_coarse_1e19,13,36,21.1911,1418,15.875,1.89239,-4.97695,1.1444,,,0.183616,0.10853
moe_coarse_1e19,13,37,25.0482,1635,12.5,0.886442,-5.82311,1.47572,,,0.174155,0.0861747
moe_coarse_1e19,13,38,37.718,1479,14.75,1.08609,-5.48692,1.3505,,,0.170862,0.102525
moe_coarse_1e19,13,39,36.1587,1505,12.1875,0.982717,-5.24221,1.22169,,,0.184071,0.123907
moe_coarse_1e19,13,40,23.2276,1208,13.5625,0.73541,-4.99514,1.05441,,,0.14237,0.119263
moe_coarse_1e19,13,41,33.0776,1316,11.3125,0.768373,-5.10013,1.17806,,,0.153192,0.0942145
moe_coarse_1e19,13,42,20.7806,1498,10.8125,0.576414,-4.66188,1.02398,,,0.197427,0.17897
moe_coarse_1e19,13,43,23.8746,1779,16.75,0.683558,-4.69579,1.0767,,,0.154323,0.12145
moe_coarse_1e19,13,44,42.0173,531,16.25,1.45691,-5.18185,0.970941,,,0.114774,0.0628383
moe_coarse_1e19,13,45,26.4679,1221,16.375,3.79921,-4.83849,0.983682,,,0.121869,0.0605812
moe_coarse_1e19,13,46,26.8768,1825,11,0.987095,-5.01807,1.29087,,,0.181396,0.107102
moe_coarse_1e19,13,47,35.2872,1375,17.75,1.11569,-4.77485,1.1056,,,0.283196,0.230533
moe_coarse_1e19,13,48,24.0862,1485,14.625,0.777056,-5.06297,1.18571,,,0.180073,0.121581
moe_coarse_1e19,13,49,26.4421,1122,11.875,0.739752,-5.09789,1.11844,,,0.152648,0.10209
moe_coarse_1e19,13,50,24.6918,1650,12.3125,1.03204,-5.54418,1.50277,,,0.170519,0.103262
moe_coarse_1e19,13,51,65.5327,3106,17.25,0.714855,-4.43309,1.21448,,,0.201028,0.109545
moe_coarse_1e19,13,52,41.2377,3289,14.25,1.43263,-4.27648,1.01996,,,0.159834,0.10712
moe_coarse_1e19,13,53,28.3308,1506,14.3125,1.39618,-5.93711,1.55746,,,0.175173,0.0770399
moe_coarse_1e19,13,54,21.5282,1196,14.125,1.95578,-4.74358,0.848517,,,0.0946166,0.0951435
moe_coarse_1e19,13,55,23.5868,1405,13.25,0.682459,-4.97219,1.16298,,,0.160134,0.0856957
moe_coarse_1e19,13,56,30.0108,1972,13.875,1.02752,-4.80498,1.1621,,,0.16152,0.0751709
moe_coarse_1e19,13,57,29.6739,1613,11.5,0.766885,-5.43539,1.3819,,,0.187062,0.103707
moe_coarse_1e19,13,58,26.6706,1723,12.5625,0.781485,-5.61626,1.46829,,,0.180574,0.107942
moe_coarse_1e19,13,59,30.7039,2313,12.75,0.845259,-4.26199,0.85086,,,0.124235,0.0895429
moe_coarse_1e19,13,60,23.0309,1433,9.125,0.713181,-5.01158,1.30701,,,0.249387,0.179377
moe_coarse_1e19,13,61,22.5673,1543,12.8125,0.986001,-4.73758,1.05577,,,0.208029,0.190639
moe_coarse_1e19,13,62,30.4569,1394,13.1875,1.31019,-4.75032,1.04208,,,0.164108,0.136486
moe_coarse_1e19,13,63,25.8407,1478,14.4375,1.97231,-4.71177,0.942344,,,0.118395,0.116052
temporal_coarse_1e19,1,0,1.17226,1530,4.8125,0.922629,-2.16544,0.370155,-1.89112,-2.1937,0.171021,0.106585
temporal_coarse_1e19,1,1,1.24583,1369,4.28125,0.792403,-2.14929,0.355389,-1.87034,-2.17473,0.178458,0.117495
temporal_coarse_1e19,1,2,1.01035,1547,5.46875,0.636986,-2.12173,0.334166,-1.93424,-2.14128,0.160877,0.0912567
temporal_coarse_1e19,1,3,1.30336,1256,5.1875,1.2924,-2.21246,0.414571,-1.8464,-2.24286,0.18718,0.126527
temporal_coarse_1e19,1,4,1.10436,1757,5.09375,0.999998,-2.18482,0.425378,-1.86276,-2.2235,0.17659,0.115866
temporal_coarse_1e19,1,5,1.03993,1368,5.0625,1.47673,-2.15581,0.370389,-1.90171,-2.17896,0.170661,0.10724
temporal_coarse_1e19,1,6,1.22999,1603,4.25,1.76376,-2.18144,0.390321,-1.82038,-2.22059,0.192529,0.130725
temporal_coarse_1e19,1,7,1.17156,1484,4.75,0.734551,-2.1444,0.360742,-1.90667,-2.16808,0.167042,0.102429
temporal_coarse_1e19,1,8,1.22495,1286,4.875,0.767821,-2.1201,0.318284,-1.9129,-2.13775,0.165492,0.096276
temporal_coarse_1e19,1,9,0.9256,1268,5.40625,1.72185,-2.15291,0.350179,-1.87713,-2.17604,0.180562,0.119693
temporal_coarse_1e19,1,10,0.969792,1146,4.71875,0.879229,-2.11725,0.308975,-1.94898,-2.1299,0.156517,0.091995
temporal_coarse_1e19,1,11,1.15888,1483,4.6875,0.97093,-2.13898,0.339452,-1.89832,-2.16293,0.173737,0.119249
temporal_coarse_1e19,1,12,1.10146,1315,4.125,2.20135,-2.14559,0.33967,-1.88135,-2.16865,0.181496,0.129915
temporal_coarse_1e19,1,13,1.19155,1659,4.5625,0.855973,-2.1254,0.353782,-1.9084,-2.14984,0.168531,0.113434
temporal_coarse_1e19,1,14,1.07833,1432,5,1.17285,-2.11494,0.330792,-1.89823,-2.1357,0.171352,0.113138
temporal_coarse_1e19,1,15,1.05093,1882,5,0.793504,-2.14774,0.376759,-1.92118,-2.17714,0.162725,0.0950183
temporal_coarse_1e19,1,16,0.969578,1258,4.9375,0.809904,-2.12913,0.318641,-1.9572,-2.14342,0.158943,0.0938798
temporal_coarse_1e19,1,17,0.946994,1392,4.3125,0.888067,-2.15429,0.36669,-1.9055,-2.17739,0.167363,0.0982205
temporal_coarse_1e19,1,18,1.12571,1630,4.34375,0.645627,-2.15845,0.370378,-1.86848,-2.19048,0.17251,0.103168
temporal_coarse_1e19,1,19,0.947934,1752,5,0.841871,-2.08672,0.305406,-1.93454,-2.10495,0.158203,0.0875155
temporal_coarse_1e19,1,20,1.12992,1294,4.78125,0.940404,-2.12794,0.359237,-1.87799,-2.14937,0.172723,0.112402
temporal_coarse_1e19,1,21,1.25479,1486,4.71875,0.906959,-2.14755,0.352298,-1.90676,-2.17156,0.169437,0.113526
temporal_coarse_1e19,1,22,1.13999,1554,4.75,1.00761,-2.15425,0.373776,-1.90811,-2.18005,0.169468,0.110714
temporal_coarse_1e19,1,23,1.01617,2087,4.28125,1.06977,-2.11003,0.347734,-1.9313,-2.13612,0.157469,0.0802595
temporal_coarse_1e19,1,24,0.966619,1609,4.40625,0.775627,-2.12632,0.339743,-1.93389,-2.14727,0.159553,0.0912122
temporal_coarse_1e19,1,25,1.05805,1718,4.75,1.09173,-2.15339,0.355384,-1.94284,-2.17806,0.158849,0.0918422
temporal_coarse_1e19,1,26,1.06125,1804,4.84375,0.861861,-2.11671,0.304515,-1.96239,-2.1358,0.154361,0.0809846
temporal_coarse_1e19,1,27,1.07172,1406,4.59375,0.998735,-2.1132,0.330766,-1.90971,-2.1323,0.166873,0.100035
temporal_coarse_1e19,1,28,1.11279,1617,5.0625,1.29079,-2.18109,0.41043,-1.84827,-2.21754,0.186343,0.132509
temporal_coarse_1e19,1,29,1.31163,1698,5.1875,0.657909,-2.16594,0.37952,-1.83646,-2.20403,0.184648,0.121369
temporal_coarse_1e19,1,30,1.16958,1576,4.34375,0.862115,-2.13858,0.346698,-1.92075,-2.16176,0.160689,0.0859718
temporal_coarse_1e19,1,31,1.21102,1519,4.34375,1.3688,-2.21658,0.393941,-1.83566,-2.25551,0.1815,0.102713
temporal_coarse_1e19,1,32,1.09004,1582,3.85938,0.765223,-2.12032,0.337782,-1.92184,-2.14153,0.162066,0.0932546
temporal_coarse_1e19,1,33,0.998477,1379,4.71875,0.942692,-2.117,0.325405,-1.93396,-2.13382,0.159321,0.0894895
temporal_coarse_1e19,1,34,1.11357,1437,4.53125,0.579477,-2.14178,0.354831,-1.88759,-2.16622,0.170069,0.0971076
temporal_coarse_1e19,1,35,1.28232,1010,5.03125,0.775325,-2.19981,0.392748,-1.81884,-2.22484,0.192305,0.137606
temporal_coarse_1e19,1,36,0.973902,1517,4.78125,1.18625,-2.20815,0.356774,-1.9787,-2.23157,0.153612,0.0843945
temporal_coarse_1e19,1,37,1.09223,1157,3.98438,0.75274,-2.13491,0.318229,-1.90241,-2.15258,0.164607,0.0835775
temporal_coarse_1e19,1,38,1.04654,2492,4.5,0.800864,-2.11101,0.333297,-1.95674,-2.13868,0.155036,0.0919105
temporal_coarse_1e19,1,39,0.85275,1305,4.25,1.08272,-2.11998,0.306045,-1.96222,-2.13364,0.155832,0.0902416
temporal_coarse_1e19,1,40,1.03078,1722,4.46875,0.694283,-2.1453,0.36565,-1.90862,-2.1731,0.164667,0.0926386
temporal_coarse_1e19,1,41,0.998321,1469,4.40625,0.82881,-2.12891,0.331873,-1.92811,-2.14868,0.161561,0.0906304
temporal_coarse_1e19,1,42,2.80796,1548,12.1875,9.24084,-2.11097,0.324283,-1.9167,-2.13124,0.168306,0.116152
temporal_coarse_1e19,1,43,0.953719,1368,4.0625,0.768812,-2.14655,0.344913,-1.92474,-2.16675,0.160778,0.0860975
temporal_coarse_1e19,1,44,1.10555,1307,4.9375,1.79978,-2.11688,0.339197,-1.86244,-2.13894,0.181077,0.125721
temporal_coarse_1e19,1,45,1.15172,1957,5.625,1.09251,-2.14537,0.382647,-1.87148,-2.18252,0.175638,0.109304
temporal_coarse_1e19,1,46,0.935054,1687,4.8125,0.836651,-2.10723,0.315545,-1.97745,-2.12213,0.150975,0.0780438
temporal_coarse_1e19,1,47,1.08102,1480,5.3125,0.857492,-2.12244,0.328211,-1.94694,-2.13986,0.158868,0.0916317
temporal_coarse_1e19,1,48,0.98276,1735,4.84375,0.92178,-2.13879,0.344103,-1.94988,-2.16116,0.158864,0.0884393
temporal_coarse_1e19,1,49,1.03331,1906,4.9375,0.942535,-2.11151,0.320956,-1.95572,-2.13202,0.15603,0.0908071
temporal_coarse_1e19,1,50,1.08426,1282,5.5625,0.843347,-2.17498,0.352324,-1.93703,-2.19518,0.163474,0.102577
temporal_coarse_1e19,1,51,0.866874,1490,4.1875,0.947887,-2.10571,0.311371,-1.94957,-2.12133,0.155272,0.0861781
temporal_coarse_1e19,1,52,1.22618,1760,4.75,1.11399,-2.147,0.353605,-1.91384,-2.17507,0.162419,0.0851159
temporal_coarse_1e19,1,53,1.19674,1656,4.84375,1.70839,-2.22086,0.387353,-1.85409,-2.2621,0.178522,0.0996869
temporal_coarse_1e19,1,54,1.10214,1441,4.625,0.748061,-2.12536,0.324437,-1.94382,-2.14287,0.159496,0.0900047
temporal_coarse_1e19,1,55,1.039,1307,4.0625,0.863078,-2.21379,0.442397,-1.83284,-2.24682,0.182147,0.11521
temporal_coarse_1e19,1,56,1.08705,1768,4.21875,0.780101,-2.15496,0.372201,-1.88971,-2.18705,0.171291,0.105959
temporal_coarse_1e19,1,57,1.09334,1936,5.125,0.782918,-2.13004,0.345859,-1.97418,-2.15093,0.152379,0.0876732
temporal_coarse_1e19,1,58,1.05281,1608,4.9375,0.76349,-2.14357,0.362791,-1.91418,-2.16853,0.165221,0.0979989
temporal_coarse_1e19,1,59,1.20485,1353,4.125,0.902308,-2.13824,0.360378,-1.90912,-2.15886,0.168713,0.113683
temporal_coarse_1e19,1,60,1.03373,1588,4.46875,0.898489,-2.1678,0.37246,-1.9137,-2.19508,0.164731,0.100998
temporal_coarse_1e19,1,61,1.02808,1468,4.84375,0.815793,-2.13984,0.336921,-1.91433,-2.16204,0.168604,0.106825
temporal_coarse_1e19,1,62,0.901189,1577,4.4375,0.924097,-2.10883,0.323064,-1.95863,-2.12483,0.156809,0.0913895
temporal_coarse_1e19,1,63,0.963647,1227,4.40625,0.777759,-2.12782,0.306941,-1.96996,-2.1406,0.154081,0.0774967
temporal_coarse_1e19,2,0,1.3623,1309,5.34375,0.739935,-2.31616,0.432826,-2.01919,-2.34194,0.155104,0.0977503
temporal_coarse_1e19,2,1,1.24298,1165,4.21875,0.689504,-2.29068,0.476305,-2.05511,-2.30871,0.150511,0.102631
temporal_coarse_1e19,2,2,1.21312,1481,5.75,0.613033,-2.26512,0.434016,-2.05712,-2.28579,0.149367,0.0981436
temporal_coarse_1e19,2,3,1.21732,1636,4.625,0.692391,-2.23891,0.381667,-2.05786,-2.259,0.146025,0.0938762
temporal_coarse_1e19,2,4,1.34674,1894,5.4375,0.673462,-2.35415,0.619056,-1.99958,-2.40049,0.159185,0.109048
temporal_coarse_1e19,2,5,1.40232,1553,3.89062,0.544504,-2.32675,0.470975,-2.01027,-2.35988,0.159937,0.112308
temporal_coarse_1e19,2,6,1.43719,1435,4.5,0.7741,-2.4236,0.62962,-1.93098,-2.47089,0.179147,0.134013
temporal_coarse_1e19,2,7,1.36756,1130,4.4375,0.398267,-2.38204,0.558106,-2.00948,-2.40964,0.161997,0.113231
temporal_coarse_1e19,2,8,1.68759,1473,4.1875,0.65381,-2.50375,0.663239,-1.76472,-2.57676,0.22567,0.179489
temporal_coarse_1e19,2,9,1.56062,1501,4.28125,0.5133,-2.3356,0.475042,-1.92992,-2.37652,0.183726,0.136623
temporal_coarse_1e19,2,10,1.04135,1357,5.1875,0.940649,-2.22267,0.34673,-2.1064,-2.23317,0.136028,0.0745417
temporal_coarse_1e19,2,11,1.40995,1997,4.28125,0.557602,-2.37689,0.605027,-1.96317,-2.43432,0.169062,0.128406
temporal_coarse_1e19,2,12,1.33238,1391,4.84375,0.812731,-2.35513,0.518488,-2.0117,-2.38699,0.161915,0.120603
temporal_coarse_1e19,2,13,1.15218,1609,4.28125,0.578482,-2.28152,0.441075,-2.06863,-2.3047,0.145114,0.0886218
temporal_coarse_1e19,2,14,1.30722,1504,4.65625,0.998623,-2.37424,0.466652,-2.04306,-2.40771,0.15228,0.104638
temporal_coarse_1e19,2,15,1.35291,1464,5.125,0.732405,-2.29126,0.456425,-2.02775,-2.31712,0.15568,0.112369
temporal_coarse_1e19,2,16,1.22178,1529,5.03125,0.634544,-2.29723,0.411525,-2.07254,-2.32036,0.148343,0.0938855
temporal_coarse_1e19,2,17,1.46628,1588,4.5,1.40041,-2.5534,0.701852,-1.79539,-2.63476,0.208576,0.153817
temporal_coarse_1e19,2,18,1.25523,1327,4.125,0.594025,-2.28768,0.43552,-1.99674,-2.31332,0.153615,0.090265
temporal_coarse_1e19,2,19,1.33228,1533,4.0625,0.532869,-2.30826,0.49933,-1.98204,-2.34193,0.164054,0.109623
temporal_coarse_1e19,2,20,1.2398,1334,4.8125,0.619484,-2.35815,0.669656,-2.01687,-2.3884,0.155472,0.104676
temporal_coarse_1e19,2,21,1.66158,1850,4.125,0.383202,-2.29173,0.463224,-1.87818,-2.34438,0.182579,0.11783
temporal_coarse_1e19,2,22,1.72098,1417,4.28125,0.709468,-2.48825,0.750801,-1.72596,-2.56042,0.236352,0.216199
temporal_coarse_1e19,2,23,1.37812,1461,4.1875,0.582402,-2.30775,0.514947,-1.97008,-2.34081,0.16967,0.129285
temporal_coarse_1e19,2,24,1.30832,997,4.15625,0.740498,-2.29069,0.396664,-2.06327,-2.30543,0.152105,0.111352
temporal_coarse_1e19,2,25,1.58295,1555,4.25,0.78985,-2.38691,0.509834,-1.97962,-2.42962,0.168715,0.127893
temporal_coarse_1e19,2,26,1.45236,1743,5.28125,0.645617,-2.26323,0.420457,-1.97608,-2.29741,0.162367,0.110661
temporal_coarse_1e19,2,27,1.23403,1816,4.9375,0.660179,-2.29412,0.43696,-2.06092,-2.32319,0.148691,0.0909614
temporal_coarse_1e19,2,28,1.19311,1311,4.53125,0.564458,-2.26659,0.421467,-2.08314,-2.28255,0.143352,0.0901358
temporal_coarse_1e19,2,29,1.70081,1826,4.8125,0.671569,-2.47011,0.747097,-1.82608,-2.55089,0.209529,0.170272
temporal_coarse_1e19,2,30,1.43607,1651,4.71875,0.725241,-2.29584,0.409095,-2.05625,-2.32269,0.150768,0.0973939
temporal_coarse_1e19,2,31,1.44515,1702,5.21875,0.730434,-2.36748,0.624115,-1.94603,-2.41634,0.168869,0.117608
temporal_coarse_1e19,2,32,1.42341,1478,4.375,0.855568,-2.29311,0.443782,-2.04002,-2.3182,0.157082,0.113335
temporal_coarse_1e19,2,33,1.37463,1607,4.125,0.770708,-2.30399,0.45451,-1.9938,-2.33772,0.167412,0.118624
temporal_coarse_1e19,2,34,1.30319,2059,4.78125,0.681302,-2.28209,0.434298,-2.06616,-2.31313,0.147871,0.0945866
temporal_coarse_1e19,2,35,1.1018,1465,4.21875,0.512144,-2.24828,0.354646,-2.02088,-2.27061,0.151778,0.0836744
temporal_coarse_1e19,2,36,1.39778,1750,4.90625,0.745438,-2.3727,0.522908,-2.02772,-2.41395,0.162607,0.122098
temporal_coarse_1e19,2,37,1.08918,1847,4.375,0.537358,-2.23185,0.392207,-2.01529,-2.25937,0.155015,0.102087
temporal_coarse_1e19,2,38,1.4454,1735,4.1875,1.08513,-2.42422,0.598345,-1.93766,-2.48185,0.174096,0.114236
temporal_coarse_1e19,2,39,1.40994,1643,4.5625,0.587136,-2.32522,0.463316,-2.01201,-2.36012,0.159585,0.10853
temporal_coarse_1e19,2,40,1.28302,1486,4.375,0.585222,-2.28545,0.481471,-2.00658,-2.31327,0.156941,0.103539
temporal_coarse_1e19,2,41,1.27579,1691,6.125,1.033,-2.27453,0.404764,-2.05033,-2.30034,0.143808,0.0800726
temporal_coarse_1e19,2,42,1.55599,1486,4.15625,0.58079,-2.35199,0.538893,-1.92293,-2.39479,0.180357,0.137313
temporal_coarse_1e19,2,43,1.466,1515,4.8125,0.675444,-2.3433,0.502856,-2.00173,-2.37811,0.167375,0.132593
temporal_coarse_1e19,2,44,1.07787,1653,4.84375,0.869568,-2.2225,0.362394,-2.06623,-2.24004,0.144894,0.0862469
temporal_coarse_1e19,2,45,1.578,1284,4.65625,0.400259,-2.41514,0.583592,-1.95522,-2.45425,0.17407,0.125857
temporal_coarse_1e19,2,46,1.52063,1590,4.46875,1.31448,-2.54692,0.529634,-1.98711,-2.60709,0.164851,0.10164
temporal_coarse_1e19,2,47,1.07421,1493,4.25,0.593244,-2.24116,0.361888,-2.10439,-2.25488,0.139444,0.0858782
temporal_coarse_1e19,2,48,1.14323,1646,4.65625,0.57671,-2.26132,0.404594,-2.03114,-2.28702,0.150348,0.090481
temporal_coarse_1e19,2,49,1.45416,1547,4.21875,0.548146,-2.3267,0.502441,-1.95554,-2.36539,0.174001,0.129409
temporal_coarse_1e19,2,50,1.4642,1777,4.21875,0.917462,-2.49913,0.547583,-1.93054,-2.5683,0.180704,0.120801
temporal_coarse_1e19,2,51,1.29245,1413,4.09375,0.667932,-2.32058,0.458197,-2.00703,-2.35018,0.160398,0.10878
temporal_coarse_1e19,2,52,1.77661,1789,4.65625,0.922801,-2.53097,0.602314,-1.84714,-2.6148,0.206583,0.162096
temporal_coarse_1e19,2,53,1.53081,1314,4.125,1.26354,-2.4803,0.531144,-1.92565,-2.52866,0.185943,0.137928
temporal_coarse_1e19,2,54,1.53907,1335,4.15625,0.605706,-2.37073,0.518274,-1.97093,-2.40619,0.170303,0.11944
temporal_coarse_1e19,2,55,1.4324,1493,5.1875,1.1955,-2.68426,0.76921,-1.81883,-2.77103,0.202097,0.137665
temporal_coarse_1e19,2,56,1.2772,1448,4.59375,0.672143,-2.36001,0.510165,-2.02051,-2.39293,0.159463,0.11414
temporal_coarse_1e19,2,57,1.28612,1317,4.71875,0.592039,-2.33341,0.481647,-2.01701,-2.36107,0.156255,0.098908
temporal_coarse_1e19,2,58,1.48857,1424,4.5,0.812255,-2.48044,0.740345,-1.81847,-2.54346,0.212638,0.176089
temporal_coarse_1e19,2,59,1.14069,1173,5.40625,0.891797,-2.23469,0.411941,-2.06979,-2.24741,0.142621,0.086267
temporal_coarse_1e19,2,60,1.50549,1779,4.75,0.661722,-2.30424,0.443443,-1.98828,-2.34273,0.167955,0.127853
temporal_coarse_1e19,2,61,1.24158,1582,4.90625,0.731349,-2.26882,0.412192,-2.06615,-2.29048,0.147629,0.0981938
temporal_coarse_1e19,2,62,1.4415,1373,4.4375,0.643745,-2.54709,0.759797,-1.91429,-2.60497,0.180614,0.135495
temporal_coarse_1e19,2,63,1.42357,1573,4.34375,0.6886,-2.40457,0.600052,-1.86742,-2.46162,0.194066,0.142974
temporal_coarse_1e19,3,0,1.24896,1439,4.46875,0.649841,-2.2951,0.425994,-1.9813,-2.32531,0.160465,0.0973785
temporal_coarse_1e19,3,1,1.2094,1490,3.51562,0.356312,-2.23872,0.365808,-1.96668,-2.26594,0.156251,0.0791423
temporal_coarse_1e19,3,2,1.40426,1283,3.90625,0.467825,-2.29678,0.451276,-1.96142,-2.32528,0.161867,0.102301
temporal_coarse_1e19,3,3,1.48211,1483,3.89062,0.453101,-2.28922,0.434023,-1.9501,-2.32297,0.159843,0.0929549
temporal_coarse_1e19,3,4,1.26184,1855,4.9375,0.700688,-2.18053,0.348997,-1.99676,-2.204,0.151866,0.0901488
temporal_coarse_1e19,3,5,1.53887,1706,3.76562,0.78248,-2.47398,0.546996,-1.84523,-2.54706,0.188319,0.119743
temporal_coarse_1e19,3,6,1.33765,1519,4.0625,0.557487,-2.3748,0.568474,-1.94213,-2.41902,0.171507,0.115531
temporal_coarse_1e19,3,7,1.1436,1324,4.0625,0.700275,-2.22395,0.405894,-2.04495,-2.23969,0.14461,0.0764697
temporal_coarse_1e19,3,8,1.45478,1326,4.53125,0.517444,-2.30492,0.443322,-1.95838,-2.33544,0.159236,0.0867668
temporal_coarse_1e19,3,9,1.36591,1548,5.4375,0.82153,-2.39824,0.558202,-1.93399,-2.44668,0.167863,0.103347
temporal_coarse_1e19,3,10,1.45795,1492,4.21875,0.7443,-2.50844,0.700929,-1.81713,-2.5777,0.193536,0.122703
temporal_coarse_1e19,3,11,1.24568,1540,4.0625,0.43744,-2.25763,0.393258,-2.00688,-2.28364,0.152716,0.0876214
temporal_coarse_1e19,3,12,1.47812,1457,4.6875,0.677338,-2.39475,0.49624,-1.88568,-2.44444,0.177008,0.11107
temporal_coarse_1e19,3,13,1.15821,1583,4.9375,0.776952,-2.21546,0.422196,-2.01741,-2.23665,0.149009,0.0852009
temporal_coarse_1e19,3,14,1.47106,1599,5.21875,0.663924,-2.36376,0.517225,-1.95461,-2.40801,0.166127,0.110363
temporal_coarse_1e19,3,15,1.20597,1489,4.34375,0.243225,-2.22802,0.44977,-1.9162,-2.2592,0.166625,0.091566
temporal_coarse_1e19,3,16,1.43278,1684,4.75,0.485304,-2.2718,0.426861,-1.97945,-2.30529,0.158153,0.0928813
temporal_coarse_1e19,3,17,1.29785,1870,5.375,0.570718,-2.24935,0.424617,-1.9931,-2.28236,0.154083,0.0919828
temporal_coarse_1e19,3,18,1.39472,1636,4.40625,0.353493,-2.29744,0.485799,-1.93337,-2.33783,0.166301,0.112104
temporal_coarse_1e19,3,19,1.34665,1484,4.46875,0.399066,-2.35183,0.557593,-1.92143,-2.39469,0.170103,0.108403
temporal_coarse_1e19,3,20,1.50924,1349,4.3125,1.03726,-2.51723,0.70049,-1.70119,-2.59045,0.231677,0.168907
temporal_coarse_1e19,3,21,1.35813,1711,4.53125,0.748554,-2.37264,0.579129,-1.94185,-2.42288,0.165215,0.102815
temporal_coarse_1e19,3,22,1.56962,1857,4.3125,0.658211,-2.4076,0.556777,-1.87949,-2.47511,0.178,0.116769
temporal_coarse_1e19,3,23,1.57589,1010,3.64062,0.382603,-2.29903,0.449821,-1.90446,-2.32495,0.172378,0.111054
temporal_coarse_1e19,3,24,1.4336,1481,3.96875,0.538032,-2.43958,0.595499,-1.90661,-2.49255,0.175409,0.114154
temporal_coarse_1e19,3,25,1.25936,1308,4,0.422242,-2.2566,0.416733,-1.99058,-2.27968,0.155619,0.0902755
temporal_coarse_1e19,3,26,1.61188,1775,4.5625,0.605976,-2.30566,0.501527,-1.95379,-2.34842,0.168862,0.123538
temporal_coarse_1e19,3,27,1.35646,1380,4.90625,0.63717,-2.25877,0.448276,-1.92435,-2.28952,0.168412,0.107789
temporal_coarse_1e19,3,28,1.39258,1411,4.59375,0.408852,-2.30104,0.475546,-1.93294,-2.33573,0.166174,0.0966781
temporal_coarse_1e19,3,29,1.32746,1435,4.34375,1.18541,-2.4217,0.484805,-1.95617,-2.46639,0.161105,0.089416
temporal_coarse_1e19,3,30,1.28314,1994,4.59375,0.530166,-2.24207,0.427809,-2.00772,-2.27454,0.152019,0.0923458
temporal_coarse_1e19,3,31,1.27786,1183,3.84375,0.533316,-2.29185,0.480999,-1.98494,-2.31573,0.155344,0.0969034
temporal_coarse_1e19,3,32,1.3949,1559,4.59375,0.778996,-2.33929,0.463965,-1.95216,-2.38,0.167777,0.112581
temporal_coarse_1e19,3,33,1.27827,1351,5.09375,0.470168,-2.25129,0.422516,-2.01904,-2.27216,0.147576,0.0929573
temporal_coarse_1e19,3,34,1.36096,1459,4.59375,0.498314,-2.24668,0.376133,-1.98106,-2.27265,0.154115,0.0850598
temporal_coarse_1e19,3,35,1.49337,1574,4.84375,0.681036,-2.36047,0.556859,-1.88474,-2.41103,0.18267,0.124993
temporal_coarse_1e19,3,36,1.43888,1744,4.4375,0.677961,-2.43712,0.632388,-1.92422,-2.49822,0.179481,0.142583
temporal_coarse_1e19,3,37,1.51965,1799,4.5625,0.601507,-2.28678,0.470728,-1.966,-2.32635,0.164605,0.117521
temporal_coarse_1e19,3,38,1.30222,1342,3.92188,0.601773,-2.3291,0.494537,-1.96779,-2.36134,0.159069,0.0995112
temporal_coarse_1e19,3,39,1.52777,1656,4.375,0.703889,-2.36777,0.525494,-1.96111,-2.41349,0.167079,0.114559
temporal_coarse_1e19,3,40,1.10658,1725,4.5625,0.583133,-2.19151,0.377297,-2.04857,-2.20833,0.142825,0.0771936
temporal_coarse_1e19,3,41,1.66318,1373,4.6875,0.806095,-2.49893,0.618778,-1.81504,-2.56148,0.20179,0.147988
temporal_coarse_1e19,3,42,1.45662,1637,5.28125,0.608357,-2.31896,0.541768,-1.93166,-2.36196,0.169287,0.110299
temporal_coarse_1e19,3,43,1.44286,1660,4.28125,0.422453,-2.3496,0.491338,-1.92772,-2.39716,0.177705,0.120955
temporal_coarse_1e19,3,44,1.33466,1252,4.34375,0.391529,-2.26725,0.422603,-1.92731,-2.29538,0.167522,0.108788
temporal_coarse_1e19,3,45,1.76929,1531,4.5,0.677332,-2.45555,0.639051,-1.81518,-2.52155,0.197669,0.143247
temporal_coarse_1e19,3,46,1.18532,1640,4.21875,0.476101,-2.23169,0.398809,-1.96907,-2.26091,0.155467,0.0885123
temporal_coarse_1e19,3,47,1.2685,1898,5.34375,0.553959,-2.21933,0.388104,-1.9593,-2.2534,0.156514,0.086225
temporal_coarse_1e19,3,48,1.22562,1124,4.15625,0.457049,-2.28087,0.423423,-2.02418,-2.29978,0.149445,0.0878886
temporal_coarse_1e19,3,49,1.28015,1491,4.625,0.507017,-2.3001,0.419871,-2.01929,-2.32821,0.152513,0.0921709
temporal_coarse_1e19,3,50,1.39301,1370,4.15625,0.503182,-2.25113,0.384537,-1.98691,-2.27524,0.157418,0.103761
temporal_coarse_1e19,3,51,1.62054,1448,5.03125,0.50717,-2.37123,0.521479,-1.91793,-2.41518,0.17723,0.121772
temporal_coarse_1e19,3,52,1.24187,1537,3.95312,2.23714,-2.63081,0.724496,-1.67299,-2.72996,0.225081,0.144506
temporal_coarse_1e19,3,53,1.52424,1727,5.34375,0.782631,-2.25473,0.397789,-1.94311,-2.29145,0.163814,0.0994795
temporal_coarse_1e19,3,54,1.07716,1196,3.82812,0.470768,-2.22064,0.367732,-2.0343,-2.23531,0.145903,0.0761899
temporal_coarse_1e19,3,55,1.28477,1561,4.96875,0.552308,-2.27528,0.440657,-1.99261,-2.30505,0.157577,0.101289
temporal_coarse_1e19,3,56,1.30927,1855,5.21875,0.461485,-2.26123,0.431326,-1.97988,-2.29715,0.157826,0.0921843
temporal_coarse_1e19,3,57,1.37526,1931,3.75,0.431367,-2.28759,0.449161,-1.99032,-2.3273,0.158178,0.0976735
temporal_coarse_1e19,3,58,1.3719,1763,4.25,0.449354,-2.33005,0.515052,-1.90727,-2.38102,0.168287,0.0960536
temporal_coarse_1e19,3,59,1.59209,1561,4.53125,0.590971,-2.3554,0.57407,-1.89211,-2.40419,0.180578,0.127992
temporal_coarse_1e19,3,60,1.28984,1454,4.75,0.442935,-2.36514,0.508866,-1.98335,-2.40233,0.156525,0.0979526
temporal_coarse_1e19,3,61,1.13517,1589,3.96875,0.422697,-2.22893,0.412146,-2.00017,-2.2535,0.1463,0.0693149
temporal_coarse_1e19,3,62,1.16213,1228,4.4375,0.465788,-2.20641,0.349804,-2.00053,-2.22309,0.15346,0.0927533
temporal_coarse_1e19,3,63,1.62061,1568,5,1.04793,-2.50711,0.564852,-1.83095,-2.57867,0.201806,0.140936
temporal_coarse_1e19,4,0,1.26948,1560,5.0625,0.420507,-2.26351,0.353434,-1.98748,-2.29256,0.151261,0.0771021
temporal_coarse_1e19,4,1,1.79259,1388,4.34375,0.389205,-2.39317,0.475567,-1.92923,-2.43611,0.171026,0.124431
temporal_coarse_1e19,4,2,1.53106,1622,4.65625,0.771681,-2.46831,0.55422,-1.83978,-2.53737,0.195917,0.138563
temporal_coarse_1e19,4,3,1.33568,1404,4.09375,0.534458,-2.31617,0.387766,-2.01637,-2.34427,0.15299,0.0864078
temporal_coarse_1e19,4,4,1.8913,1867,4.28125,0.626173,-2.47266,0.559038,-1.83525,-2.55464,0.188711,0.124992
temporal_coarse_1e19,4,5,1.22323,1527,3.85938,0.322292,-2.23518,0.348226,-2.05681,-2.25352,0.141812,0.0743459
temporal_coarse_1e19,4,6,1.13175,1501,6.65625,0.360144,-2.25145,0.339557,-2.07373,-2.26937,0.137984,0.0672774
temporal_coarse_1e19,4,7,1.46847,1289,4.59375,0.33784,-2.40083,0.517985,-1.98949,-2.43595,0.159771,0.103494
temporal_coarse_1e19,4,8,1.38499,1707,4.875,0.297524,-2.28441,0.405812,-1.98667,-2.31904,0.155105,0.0926216
temporal_coarse_1e19,4,9,1.58003,1786,4,0.935931,-2.56784,0.629684,-1.79884,-2.66192,0.210793,0.148308
temporal_coarse_1e19,4,10,1.63999,1387,4.46875,0.4572,-2.38322,0.461905,-1.87628,-2.43011,0.178434,0.105861
temporal_coarse_1e19,4,11,1.61962,1479,4.34375,0.519201,-2.44046,0.543661,-1.92884,-2.49122,0.178709,0.133582
temporal_coarse_1e19,4,12,1.35079,1044,3.67188,0.329133,-2.36487,0.435852,-2.02755,-2.38783,0.151326,0.0972419
temporal_coarse_1e19,4,13,1.52815,1695,4.96875,0.401868,-2.334,0.445423,-2.023,-2.36989,0.151759,0.097088
temporal_coarse_1e19,4,14,1.63254,1224,5.53125,0.28387,-2.34733,0.433634,-1.91766,-2.38202,0.166541,0.0937991
temporal_coarse_1e19,4,15,1.93412,2104,4.8125,0.526784,-2.29993,0.46148,-1.92945,-2.35451,0.165219,0.109285
temporal_coarse_1e19,4,16,1.2926,1284,4.25,0.547282,-2.27587,0.34589,-2.00087,-2.29925,0.152751,0.0943235
temporal_coarse_1e19,4,17,2.14725,1544,4.5625,0.753448,-2.73488,0.734834,-1.67003,-2.84567,0.218723,0.136869
temporal_coarse_1e19,4,18,1.31131,2011,4.90625,0.389421,-2.28328,0.470473,-1.97582,-2.3263,0.153694,0.0895614
temporal_coarse_1e19,4,19,1.4153,1754,4.375,0.447307,-2.28045,0.421999,-2.02167,-2.31148,0.149631,0.0956274
temporal_coarse_1e19,4,20,1.3612,1434,4.40625,0.633669,-2.42719,0.543176,-1.94281,-2.47365,0.163471,0.0993736
temporal_coarse_1e19,4,21,1.26591,1730,4.40625,0.307793,-2.28014,0.416334,-2.01283,-2.31169,0.148289,0.0801824
temporal_coarse_1e19,4,22,1.44696,1549,4.5625,0.962541,-2.45557,0.580383,-1.8813,-2.51553,0.186546,0.13058
temporal_coarse_1e19,4,23,1.69521,1737,3.90625,0.349919,-2.36277,0.460734,-1.85783,-2.42265,0.183453,0.11455
temporal_coarse_1e19,4,24,1.26573,1545,4.625,0.333894,-2.29347,0.35752,-1.97105,-2.32704,0.159219,0.0879598
temporal_coarse_1e19,4,25,1.54913,1706,4.5625,0.543115,-2.36776,0.487318,-1.97686,-2.41319,0.159176,0.100283
temporal_coarse_1e19,4,26,1.46662,1289,5,0.335927,-2.29119,0.403251,-1.9634,-2.31918,0.163883,0.110408
temporal_coarse_1e19,4,27,1.49603,1266,4.125,0.448367,-2.4044,0.487271,-2.00864,-2.43754,0.157635,0.101423
temporal_coarse_1e19,4,28,1.70774,1743,4.25,0.664703,-2.46596,0.621505,-1.81999,-2.54287,0.200654,0.149623
temporal_coarse_1e19,4,29,1.53126,1864,3.89062,0.744925,-2.43619,0.542932,-1.95616,-2.49782,0.163308,0.109218
temporal_coarse_1e19,4,30,1.39273,1762,5.4375,0.493333,-2.27885,0.385885,-2.02478,-2.30947,0.149621,0.095861
temporal_coarse_1e19,4,31,1.61578,1553,3.9375,0.25318,-2.36513,0.484219,-1.87947,-2.41599,0.176405,0.10406
temporal_coarse_1e19,4,32,1.6101,1507,4.25,1.09981,-2.64059,0.655863,-1.73046,-2.73278,0.225817,0.157966
temporal_coarse_1e19,4,33,1.42258,1318,3.5625,0.298155,-2.37258,0.501182,-1.92754,-2.41152,0.168745,0.107502
temporal_coarse_1e19,4,34,1.47007,1444,4.90625,0.380133,-2.32594,0.409097,-1.94,-2.36325,0.160289,0.0859876
temporal_coarse_1e19,4,35,1.71029,1460,4.65625,0.518232,-2.46508,0.575698,-1.86361,-2.52392,0.185352,0.126891
temporal_coarse_1e19,4,36,1.28126,1490,3.8125,0.347399,-2.35704,0.441208,-2.00031,-2.39273,0.1545,0.0916893
temporal_coarse_1e19,4,37,1.50525,1557,5.03125,1.24643,-2.52461,0.55064,-1.8794,-2.59237,0.191233,0.130446
temporal_coarse_1e19,4,38,1.24405,1945,3.82812,0.454237,-2.25344,0.38034,-2.05076,-2.28074,0.139964,0.0741064
temporal_coarse_1e19,4,39,1.25781,1307,5.375,0.545104,-2.26145,0.36858,-2.00347,-2.28381,0.15134,0.0939718
temporal_coarse_1e19,4,40,1.75318,1327,3.95312,0.78533,-2.60717,0.655993,-1.72575,-2.68485,0.233806,0.17657
temporal_coarse_1e19,4,41,1.41926,1477,5.6875,0.367287,-2.31647,0.411731,-1.98817,-2.349,0.156709,0.098309
temporal_coarse_1e19,4,42,1.54597,1256,3.92188,0.366614,-2.42218,0.565081,-1.88517,-2.46677,0.178617,0.11921
temporal_coarse_1e19,4,43,1.2181,1787,4.6875,0.28349,-2.27846,0.376042,-2.00326,-2.31215,0.14836,0.074917
temporal_coarse_1e19,4,44,1.33505,1042,5.0625,0.405267,-2.27064,0.351809,-2.00781,-2.28849,0.149242,0.0829988
temporal_coarse_1e19,4,45,1.59823,2145,6.3125,0.472243,-2.33853,0.524068,-1.92262,-2.40119,0.176579,0.126069
temporal_coarse_1e19,4,46,1.46604,1530,4.34375,0.453959,-2.29251,0.394594,-1.91191,-2.33171,0.165831,0.0963656
temporal_coarse_1e19,4,47,1.3929,1570,4.1875,0.496623,-2.32644,0.45571,-1.98554,-2.36257,0.157055,0.0954735
temporal_coarse_1e19,4,48,1.53436,1463,4.5625,0.307904,-2.31811,0.395699,-1.91747,-2.35739,0.168806,0.0994961
temporal_coarse_1e19,4,49,1.40694,1443,4.46875,1.25665,-2.40966,0.447128,-1.93807,-2.45521,0.166921,0.102081
temporal_coarse_1e19,4,50,1.66311,1514,4.40625,0.31982,-2.34107,0.450094,-1.92433,-2.3835,0.166543,0.111598
temporal_coarse_1e19,4,51,1.4477,1124,3.96875,0.351578,-2.36931,0.417759,-2.00912,-2.39584,0.153686,0.0982247
temporal_coarse_1e19,4,52,1.49857,1417,4.125,0.393837,-2.3256,0.380514,-2.00577,-2.35587,0.155595,0.101403
temporal_coarse_1e19,4,53,1.45839,1280,4.09375,0.29994,-2.4178,0.503808,-1.94081,-2.45823,0.171947,0.112155
temporal_coarse_1e19,4,54,1.93827,1628,5.3125,0.414023,-2.41073,0.508965,-1.90599,-2.46641,0.184063,0.141674
temporal_coarse_1e19,4,55,1.3705,911,4.09375,0.270996,-2.32929,0.399506,-1.95749,-2.35118,0.163011,0.0957605
temporal_coarse_1e19,4,56,1.37056,1547,5.875,0.533574,-2.30039,0.396654,-2.05872,-2.32559,0.140889,0.0780882
temporal_coarse_1e19,4,57,1.45965,1493,4.78125,0.514882,-2.33309,0.480619,-1.92924,-2.37358,0.167189,0.112533
temporal_coarse_1e19,4,58,1.29475,1856,4.53125,0.428113,-2.2714,0.377122,-1.96574,-2.31045,0.154351,0.0839773
temporal_coarse_1e19,4,59,1.57606,1570,4.09375,0.4048,-2.41367,0.617246,-1.84473,-2.47397,0.184034,0.126613
temporal_coarse_1e19,4,60,1.67488,1464,8.3125,0.772769,-2.5646,0.498358,-1.91195,-2.62864,0.158888,0.0722047
temporal_coarse_1e19,4,61,1.4844,1381,6.25,0.394262,-2.45607,0.501471,-1.97041,-2.50078,0.159663,0.0979045
temporal_coarse_1e19,4,62,1.08229,1832,3.75,0.300311,-2.21463,0.31949,-2.03069,-2.23779,0.143162,0.0675621
temporal_coarse_1e19,4,63,1.27351,1864,3.875,0.332947,-2.2646,0.348331,-2.04188,-2.29319,0.141664,0.0694857
temporal_coarse_1e19,5,0,2.01655,1537,4.625,0.298419,-2.65705,0.619807,-2.05694,-2.71917,0.159608,0.129446
temporal_coarse_1e19,5,1,1.71657,1379,5.40625,1.70763,-3.53859,1.14843,-1.55949,-3.72047,0.293244,0.19587
temporal_coarse_1e19,5,2,1.40755,1323,4.09375,0.209802,-2.43334,0.404922,-2.21411,-2.4526,0.125847,0.0672744
temporal_coarse_1e19,5,3,1.97341,885,3.875,0.250798,-2.84457,0.629068,-2.06229,-2.88924,0.167748,0.128619
temporal_coarse_1e19,5,4,1.88903,1749,4.34375,0.201919,-2.52008,0.488195,-2.09162,-2.57129,0.143241,0.0785345
temporal_coarse_1e19,5,5,2.12812,921,8.0625,0.328895,-2.61049,0.44414,-2.18218,-2.636,0.135758,0.0851497
temporal_coarse_1e19,5,6,2.05471,1308,4.875,0.287082,-2.92547,0.78536,-1.94611,-3.01044,0.187069,0.140228
temporal_coarse_1e19,5,7,1.63516,1415,6.28125,0.249637,-2.52861,0.466962,-2.16205,-2.56327,0.137126,0.0884252
temporal_coarse_1e19,5,8,1.70872,1730,4.5,0.24758,-2.54736,0.509354,-2.14977,-2.59429,0.143606,0.100491
temporal_coarse_1e19,5,9,1.22715,1762,4.21875,0.322783,-2.37776,0.362273,-2.23362,-2.39513,0.119607,0.0584021
temporal_coarse_1e19,5,10,2.35984,1769,4.78125,0.187479,-2.86984,0.667653,-1.91836,-2.98501,0.20696,0.164444
temporal_coarse_1e19,5,11,1.65885,1673,6.21875,0.5472,-2.49014,0.444476,-2.17432,-2.52605,0.137628,0.0966312
temporal_coarse_1e19,5,12,1.84934,1904,4.28125,0.307436,-2.55559,0.503185,-2.1161,-2.61338,0.152965,0.112518
temporal_coarse_1e19,5,13,1.87952,1566,4.5625,0.421435,-2.59797,0.492228,-2.13181,-2.64723,0.147605,0.104818
temporal_coarse_1e19,5,14,1.79221,1602,4.46875,0.17591,-2.58649,0.463748,-2.14248,-2.63461,0.144363,0.0923125
temporal_coarse_1e19,5,15,2.12089,1490,4.75,0.216055,-2.49261,0.472597,-2.00708,-2.54119,0.173537,0.140365
temporal_coarse_1e19,5,16,1.99873,1077,4.5625,0.20745,-2.82851,0.682035,-2.03736,-2.88418,0.170416,0.128297
temporal_coarse_1e19,5,17,1.77614,1601,5,0.371666,-2.53021,0.524456,-2.12362,-2.57425,0.14377,0.0994047
temporal_coarse_1e19,5,18,2.77191,1562,5.28125,0.387215,-2.90422,0.757074,-1.87942,-3.01222,0.212492,0.171974
temporal_coarse_1e19,5,19,1.66276,1479,4.53125,0.237295,-2.53557,0.451014,-2.14832,-2.574,0.140198,0.0858237
temporal_coarse_1e19,5,20,1.50913,1428,4.59375,0.212531,-2.48429,0.431383,-2.18255,-2.5131,0.131719,0.07556
temporal_coarse_1e19,5,21,2.60291,1318,6.9375,0.359323,-2.65411,0.553395,-1.97927,-2.71315,0.178736,0.145688
temporal_coarse_1e19,5,22,1.59954,1716,5.15625,0.354578,-2.51753,0.440471,-2.19287,-2.55551,0.133646,0.0859298
temporal_coarse_1e19,5,23,2.44465,1037,4.90625,0.208721,-2.69688,0.554628,-2.03668,-2.74149,0.163219,0.121029
temporal_coarse_1e19,5,24,2.59299,1190,6.03125,0.304763,-3.18986,0.807747,-1.87616,-3.29275,0.186552,0.12349
temporal_coarse_1e19,5,25,1.45318,1545,6.03125,0.434489,-2.44829,0.43713,-2.16822,-2.47745,0.135518,0.0871495
temporal_coarse_1e19,5,26,1.81713,1530,4.125,0.242163,-2.57096,0.500332,-2.21356,-2.60777,0.136342,0.100165
temporal_coarse_1e19,5,27,1.90616,1379,5.34375,0.415974,-2.58738,0.529902,-2.06695,-2.63521,0.15908,0.120159
temporal_coarse_1e19,5,28,2.02647,1262,5.96875,0.276514,-2.59865,0.475948,-2.07905,-2.64201,0.154599,0.109307
temporal_coarse_1e19,5,29,1.65321,1633,3.95312,0.203561,-2.54326,0.451717,-2.16452,-2.58519,0.137431,0.0858512
temporal_coarse_1e19,5,30,1.48229,1821,4.5,0.233644,-2.44361,0.41592,-2.18432,-2.47604,0.129496,0.0755928
temporal_coarse_1e19,5,31,1.81379,1924,5.09375,0.328625,-2.57417,0.537722,-2.17797,-2.62689,0.140035,0.108685
temporal_coarse_1e19,5,32,1.34547,2048,4.6875,0.23291,-2.42481,0.395175,-2.23949,-2.45129,0.123716,0.0734796
temporal_coarse_1e19,5,33,1.69657,1579,5.0625,1.40418,-3.22953,1.02589,-1.64815,-3.39819,0.261463,0.190495
temporal_coarse_1e19,5,34,1.82845,1704,5.65625,1.34832,-3.1199,0.984571,-1.64041,-3.29164,0.287373,0.220931
temporal_coarse_1e19,5,35,2.06149,1652,5,0.6998,-2.69054,0.707845,-2.04517,-2.76291,0.162328,0.120873
temporal_coarse_1e19,5,36,1.6499,1440,4.78125,0.258057,-2.56649,0.463711,-2.24434,-2.59754,0.129487,0.0869577
temporal_coarse_1e19,5,37,1.835,1673,5.09375,0.313078,-2.60619,0.537469,-2.16672,-2.65617,0.145948,0.110865
temporal_coarse_1e19,5,38,1.38103,1332,3.9375,0.188008,-2.45695,0.400428,-2.24512,-2.4757,0.125559,0.0730911
temporal_coarse_1e19,5,39,1.58887,1263,4.28125,0.181411,-2.46501,0.389214,-2.15992,-2.49049,0.136091,0.0817247
temporal_coarse_1e19,5,40,1.78844,1616,4.8125,0.288631,-2.55328,0.509517,-2.05988,-2.60728,0.153911,0.100912
temporal_coarse_1e19,5,41,2.04028,1540,5.40625,0.542314,-2.79919,0.774886,-1.98963,-2.88318,0.184457,0.154169
temporal_coarse_1e19,5,42,1.67378,1575,4.375,0.277464,-2.59061,0.490887,-2.1639,-2.63599,0.133671,0.0815524
temporal_coarse_1e19,5,43,2.15472,1207,4.78125,0.264883,-2.93977,0.869157,-1.94787,-3.01865,0.192244,0.14897
temporal_coarse_1e19,5,44,1.88724,1618,5.125,0.219353,-2.61158,0.542186,-2.101,-2.66752,0.156782,0.117071
temporal_coarse_1e19,5,45,2.35497,1520,4.125,0.188179,-2.62932,0.553986,-1.96698,-2.69705,0.194913,0.171666
temporal_coarse_1e19,5,46,2.0549,1454,6.34375,0.691886,-3.17495,0.971075,-1.64728,-3.32372,0.271248,0.208434
temporal_coarse_1e19,5,47,2.41395,1826,5.34375,0.739254,-2.89369,0.816755,-1.78192,-3.03314,0.27222,0.23988
temporal_coarse_1e19,5,48,2.41705,1373,4.75,0.349806,-2.96927,0.813349,-1.90806,-3.06633,0.196644,0.154002
temporal_coarse_1e19,5,49,1.92575,1142,5.3125,0.567904,-2.87494,0.728518,-1.92487,-2.94612,0.196813,0.14972
temporal_coarse_1e19,5,50,2.06252,1398,4.96875,0.195343,-2.72981,0.658546,-2.00852,-2.79709,0.169179,0.125399
temporal_coarse_1e19,5,51,1.56548,1444,4.6875,0.44187,-2.52264,0.445804,-2.24053,-2.54991,0.129762,0.0920706
temporal_coarse_1e19,5,52,1.4849,1685,5,0.348199,-2.44296,0.435817,-2.21741,-2.46882,0.127186,0.0799497
temporal_coarse_1e19,5,53,2.21825,1352,5.53125,0.246169,-2.61185,0.532045,-2.05935,-2.66154,0.158861,0.114102
temporal_coarse_1e19,5,54,2.11772,1760,4.75,0.326205,-2.57206,0.56003,-2.0387,-2.63625,0.159078,0.112894
temporal_coarse_1e19,5,55,1.79509,1272,5.3125,0.188148,-2.66869,0.531119,-2.12042,-2.71484,0.147638,0.0979303
temporal_coarse_1e19,5,56,2.63618,2606,5.65625,0.336147,-2.63906,0.732888,-1.86314,-2.78582,0.19739,0.145452
temporal_coarse_1e19,5,57,1.76808,1814,5.4375,0.310198,-2.55335,0.517413,-2.17031,-2.60103,0.14124,0.10538
temporal_coarse_1e19,5,58,1.93717,1555,5.21875,0.187461,-2.56287,0.481768,-2.10085,-2.61132,0.150634,0.104207
temporal_coarse_1e19,5,59,2.81884,1752,4.59375,0.179259,-2.82786,0.641421,-1.77394,-2.95406,0.231676,0.168807
temporal_coarse_1e19,5,60,2.09364,1361,4.71875,0.405556,-2.91079,0.663627,-1.94812,-2.998,0.183219,0.128313
temporal_coarse_1e19,5,61,2.35221,2232,6.875,0.303818,-2.63148,0.601076,-2.00328,-2.73056,0.171039,0.131735
temporal_coarse_1e19,5,62,1.65101,1732,5.03125,0.273129,-2.52144,0.481293,-2.11141,-2.56991,0.150724,0.110341
temporal_coarse_1e19,5,63,2.18032,1264,6.75,1.69752,-2.82822,0.769143,-1.95874,-2.90091,0.196926,0.172064
temporal_coarse_1e19,6,0,2.53122,880,5.28125,0.171914,-2.74202,0.575386,-2.10767,-2.77803,0.14948,0.110612
temporal_coarse_1e19,6,1,2.9168,1314,6.5,0.114774,-2.77915,0.630393,-2.04956,-2.84277,0.158417,0.126454
temporal_coarse_1e19,6,2,2.25406,1427,4.96875,0.173422,-2.67917,0.558171,-2.1928,-2.72557,0.141151,0.107438
temporal_coarse_1e19,6,3,2.60681,2076,5.5,0.329295,-2.72341,0.657792,-1.9893,-2.82993,0.169231,0.131601
temporal_coarse_1e19,6,4,2.15374,1271,5.0625,0.21214,-2.61779,0.556042,-2.16255,-2.65608,0.140396,0.103811
temporal_coarse_1e19,6,5,2.38453,1450,5.71875,0.170796,-2.63625,0.513644,-2.1504,-2.68342,0.147155,0.106343
temporal_coarse_1e19,6,6,2.49652,1491,9.8125,0.841614,-2.60528,0.473102,-2.19363,-2.64649,0.134623,0.0919684
temporal_coarse_1e19,6,7,3.91298,755,4.40625,0.174494,-3.35834,0.754342,-1.91185,-3.42821,0.210118,0.166592
temporal_coarse_1e19,6,8,2.58245,1483,4.59375,0.172095,-2.70965,0.620632,-2.05035,-2.77527,0.170148,0.141092
temporal_coarse_1e19,6,9,2.04988,1599,4.875,0.156129,-2.54493,0.432318,-2.22504,-2.57952,0.129319,0.0884912
temporal_coarse_1e19,6,10,2.47709,1804,5.21875,0.133449,-2.60697,0.519468,-2.09152,-2.67075,0.15291,0.110512
temporal_coarse_1e19,6,11,2.85627,2771,5.0625,0.159382,-2.60682,0.559767,-2.06996,-2.7161,0.14787,0.100032
temporal_coarse_1e19,6,12,2.34273,1487,5.28125,0.165592,-2.63913,0.543375,-2.06632,-2.69631,0.155585,0.106183
temporal_coarse_1e19,6,13,2.57348,1610,6.21875,0.260376,-2.78391,0.600522,-2.05056,-2.86382,0.166105,0.115691
temporal_coarse_1e19,6,14,2.13698,1645,5.21875,0.161191,-2.54532,0.447397,-2.17541,-2.5866,0.134642,0.0903101
temporal_coarse_1e19,6,15,2.71863,1314,5.0625,0.282863,-3.03083,0.774504,-1.92102,-3.1276,0.194623,0.152766
temporal_coarse_1e19,6,16,2.31218,1669,5.21875,0.235741,-2.64653,0.580163,-2.14604,-2.7033,0.148714,0.123175
temporal_coarse_1e19,6,17,2.71639,1448,4.53125,0.158848,-2.73093,0.550591,-2.11343,-2.79079,0.150643,0.110552
temporal_coarse_1e19,6,18,1.97409,1736,4.65625,1.15399,-3.14553,0.939347,-1.63847,-3.32414,0.26114,0.19208
temporal_coarse_1e19,6,19,3.03052,1333,4.78125,0.1913,-2.89581,0.686764,-1.99362,-2.97571,0.177237,0.143113
temporal_coarse_1e19,6,20,2.25762,1158,4.875,0.150923,-2.80213,0.576947,-2.1026,-2.85533,0.152963,0.0998882
temporal_coarse_1e19,6,21,2.83459,1747,5.75,0.290764,-2.6311,0.498148,-2.05968,-2.6993,0.162976,0.125693
temporal_coarse_1e19,6,22,2.3191,1901,5.40625,0.226254,-2.59872,0.547392,-2.12975,-2.66028,0.147709,0.115265
temporal_coarse_1e19,6,23,2.21002,1336,4.53125,0.154783,-2.67898,0.482983,-2.21944,-2.71978,0.126956,0.0721444
temporal_coarse_1e19,6,24,3.44209,1733,5.21875,0.325664,-3.13671,0.918217,-1.82093,-3.29234,0.220529,0.184768
temporal_coarse_1e19,6,25,3.69142,2470,5.3125,0.22756,-2.71853,0.686391,-1.82382,-2.87736,0.196386,0.139699
temporal_coarse_1e19,6,26,2.75928,1645,5.53125,0.473268,-3.00105,0.677961,-1.97697,-3.11534,0.171,0.122383
temporal_coarse_1e19,6,27,2.51267,1648,4.8125,0.202591,-2.68041,0.577979,-2.10383,-2.7449,0.156602,0.127718
temporal_coarse_1e19,6,28,2.94396,1525,5.09375,0.192034,-2.88684,0.597396,-2.14748,-2.96272,0.150418,0.107783
temporal_coarse_1e19,6,29,2.3102,1429,5.1875,0.257873,-2.56726,0.427639,-2.17492,-2.60474,0.144491,0.114561
temporal_coarse_1e19,6,30,1.96266,1580,5.5625,0.149285,-2.53416,0.451582,-2.2109,-2.56866,0.132312,0.0870261
temporal_coarse_1e19,6,31,2.03495,1750,5.46875,0.238252,-2.57197,0.562441,-2.14901,-2.62255,0.14286,0.105993
temporal_coarse_1e19,6,32,2.6523,1737,4.84375,0.15731,-2.72296,0.551274,-2.143,-2.79174,0.149722,0.115548
temporal_coarse_1e19,6,33,2.29794,1605,5.03125,0.162369,-2.62531,0.484927,-2.1876,-2.67284,0.146031,0.111914
temporal_coarse_1e19,6,34,2.21175,1683,5.40625,0.617209,-3.02408,0.861903,-1.80047,-3.16416,0.237138,0.183773
temporal_coarse_1e19,6,35,2.52034,1729,6.15625,0.138538,-2.79044,0.648481,-2.09168,-2.87288,0.157123,0.108551
temporal_coarse_1e19,6,36,2.60107,1551,5.4375,0.176754,-2.79354,0.664839,-1.99051,-2.8775,0.182874,0.152556
temporal_coarse_1e19,6,37,2.4319,1531,5.25,0.202656,-2.64934,0.551358,-2.1191,-2.704,0.158325,0.132071
temporal_coarse_1e19,6,38,2.6007,1581,5.03125,0.211996,-2.70634,0.586074,-2.08229,-2.77299,0.157558,0.124758
temporal_coarse_1e19,6,39,2.39613,1267,5.1875,0.262647,-2.84185,0.719108,-1.95554,-2.91613,0.191007,0.158032
temporal_coarse_1e19,6,40,2.744,1455,5.625,0.180681,-2.81599,0.690943,-1.92489,-2.90284,0.191595,0.156259
temporal_coarse_1e19,6,41,2.08803,1344,5.40625,0.382613,-2.78624,0.713996,-1.97827,-2.85844,0.185842,0.159215
temporal_coarse_1e19,6,42,2.34565,1418,6.3125,0.162714,-2.68784,0.538366,-2.20276,-2.7338,0.134439,0.0812374
temporal_coarse_1e19,6,43,2.45886,1525,5.5625,0.225356,-2.68193,0.641981,-2.01554,-2.75032,0.170998,0.139238
temporal_coarse_1e19,6,44,2.36775,2250,5.4375,0.159275,-2.64471,0.557598,-2.09129,-2.73281,0.14887,0.0983729
temporal_coarse_1e19,6,45,2.27286,1279,4.90625,0.332747,-3.06335,0.933441,-1.75202,-3.17438,0.234892,0.182574
temporal_coarse_1e19,6,46,3.52178,900,4.6875,0.175112,-3.10726,0.692606,-1.98795,-3.17232,0.176639,0.128613
temporal_coarse_1e19,6,47,2.5684,1150,6.46875,0.305389,-2.7716,0.638417,-2.08969,-2.82307,0.157637,0.122861
temporal_coarse_1e19,6,48,2.0632,1751,5.46875,0.210772,-2.60231,0.526725,-2.20868,-2.64941,0.137766,0.101333
temporal_coarse_1e19,6,49,2.53775,1319,5.625,0.685909,-2.88304,0.814549,-1.91143,-2.96811,0.193578,0.151685
temporal_coarse_1e19,6,50,2.6171,1455,4.40625,0.129197,-2.83865,0.711567,-1.94661,-2.92559,0.17971,0.145874
temporal_coarse_1e19,6,51,2.16142,1244,4.53125,0.184424,-2.78332,0.665854,-2.10329,-2.83919,0.163898,0.141283
temporal_coarse_1e19,6,52,3.15743,1831,5.21875,0.110794,-2.87766,0.727211,-1.9109,-2.99929,0.192349,0.148572
temporal_coarse_1e19,6,53,3.26975,2073,5.21875,0.218867,-2.79917,0.723255,-1.88406,-2.93173,0.181685,0.123534
temporal_coarse_1e19,6,54,3.43438,1419,5.4375,0.162871,-2.86313,0.602769,-2.04052,-2.94113,0.164253,0.123854
temporal_coarse_1e19,6,55,3.27821,721,5.40625,0.183369,-3.06554,0.624533,-2.07902,-3.11095,0.165154,0.125241
temporal_coarse_1e19,6,56,3.08039,1560,4.96875,0.269131,-2.88816,0.787074,-1.75398,-3.00751,0.242494,0.195328
temporal_coarse_1e19,6,57,2.75282,1400,4.9375,0.243114,-2.92271,0.736298,-1.98349,-3.01047,0.184964,0.147693
temporal_coarse_1e19,6,58,2.23836,902,5.40625,0.234171,-2.67224,0.514862,-2.16227,-2.70195,0.146796,0.113126
temporal_coarse_1e19,6,59,3.82534,1667,4.75,0.109983,-2.94066,0.713948,-1.97462,-3.05008,0.178835,0.126354
temporal_coarse_1e19,6,60,2.58524,1414,5.21875,0.150588,-2.73586,0.574881,-2.13069,-2.79302,0.156431,0.118414
temporal_coarse_1e19,6,61,1.92988,2152,4.1875,0.230106,-2.51474,0.458645,-2.22239,-2.55894,0.130849,0.0821656
temporal_coarse_1e19,6,62,2.40664,1377,6.78125,0.179365,-2.67462,0.55187,-2.10001,-2.72735,0.155314,0.116017
temporal_coarse_1e19,6,63,3.0323,1529,6.1875,0.126757,-2.77223,0.623096,-1.97234,-2.85456,0.186173,0.154252
temporal_coarse_1e19,7,0,3.70254,1104,4.96875,0.241046,-2.84807,0.589037,-1.95826,-2.91236,0.205443,0.179758
temporal_coarse_1e19,7,1,3.23658,1760,4.96875,0.153501,-2.82637,0.674662,-2.01963,-2.92346,0.17797,0.145258
temporal_coarse_1e19,7,2,2.78975,1536,5.9375,0.166346,-2.85495,0.63111,-2.16083,-2.92676,0.143544,0.096158
temporal_coarse_1e19,7,3,3.18966,1819,4.96875,0.116689,-2.8076,0.660196,-2.04416,-2.90294,0.158805,0.102295
temporal_coarse_1e19,7,4,3.84318,1449,6.28125,0.215236,-2.75205,0.523369,-2.06435,-2.81877,0.164062,0.120475
temporal_coarse_1e19,7,5,3.62556,1754,4.3125,0.142195,-3.06774,0.751103,-2.05143,-3.18959,0.160113,0.114383
temporal_coarse_1e19,7,6,2.66364,1694,6.5,0.139264,-2.64893,0.526053,-2.13658,-2.70801,0.148564,0.104463
temporal_coarse_1e19,7,7,2.36727,1206,5,0.193879,-2.6848,0.561084,-2.19613,-2.72363,0.143456,0.115173
temporal_coarse_1e19,7,8,3.50238,1297,8.5,0.189947,-2.70774,0.528202,-2.11418,-2.75877,0.141927,0.0876913
temporal_coarse_1e19,7,9,3.49457,1626,6.1875,0.280248,-2.94457,0.648488,-2.00174,-3.04845,0.173102,0.138118
temporal_coarse_1e19,7,10,2.98162,1686,5.4375,0.149207,-2.76463,0.576588,-2.1461,-2.83558,0.1464,0.0986805
temporal_coarse_1e19,7,11,3.39722,1387,5.84375,0.140212,-2.86649,0.6307,-2.0404,-2.94289,0.172573,0.147817
temporal_coarse_1e19,7,12,3.17065,1354,6.40625,0.0917602,-2.84452,0.628598,-2.01345,-2.91939,0.182332,0.149361
temporal_coarse_1e19,7,13,2.90444,1396,6.28125,0.237308,-2.692,0.533121,-2.14232,-2.7432,0.153793,0.127402
temporal_coarse_1e19,7,14,2.74416,1362,5.375,0.346387,-3.10239,0.806585,-1.86328,-3.21474,0.230873,0.207555
temporal_coarse_1e19,7,15,3.14001,1623,5.15625,0.187099,-2.81153,0.600089,-2.09341,-2.89049,0.158265,0.113304
temporal_coarse_1e19,7,16,3.31431,1623,5.625,0.24454,-2.81817,0.714645,-1.89879,-2.91926,0.208912,0.178896
temporal_coarse_1e19,7,17,3.09778,1347,5.625,0.259102,-2.75298,0.63305,-2.02565,-2.81813,0.177781,0.156456
temporal_coarse_1e19,7,18,2.89131,1463,5.5625,0.222233,-2.63484,0.484485,-2.14623,-2.68275,0.154914,0.125825
temporal_coarse_1e19,7,19,2.58142,1493,6.0625,0.195502,-2.82006,0.693095,-2.11753,-2.8905,0.155471,0.121415
temporal_coarse_1e19,7,20,3.07744,2095,7,0.211627,-2.77708,0.655502,-2.04946,-2.88376,0.165505,0.123476
temporal_coarse_1e19,7,21,3.0844,1369,5.5625,0.122401,-2.80509,0.537559,-2.15571,-2.8643,0.144913,0.0927565
temporal_coarse_1e19,7,22,2.94812,1210,5.96875,0.178305,-2.81925,0.561471,-2.17354,-2.87074,0.150321,0.116816
temporal_coarse_1e19,7,23,3.12895,1311,4.96875,0.0938992,-2.88564,0.616849,-2.07541,-2.95612,0.165078,0.122462
temporal_coarse_1e19,7,24,2.91004,1194,4.5625,0.131703,-2.83641,0.613869,-2.11605,-2.89303,0.161921,0.134975
temporal_coarse_1e19,7,25,2.83238,1494,4.78125,0.137651,-2.82514,0.670388,-2.08065,-2.89984,0.162419,0.128787
temporal_coarse_1e19,7,26,2.83902,1579,5.59375,0.145217,-2.76487,0.605982,-2.14353,-2.83113,0.149488,0.114054
temporal_coarse_1e19,7,27,2.69431,2014,5.46875,0.178437,-2.67644,0.535759,-2.15747,-2.74917,0.140979,0.0804236
temporal_coarse_1e19,7,28,3.76615,1779,5.1875,0.152077,-3.0638,0.838608,-1.96989,-3.19705,0.177172,0.136404
temporal_coarse_1e19,7,29,3.44887,1381,6.78125,0.369572,-2.91251,0.655823,-1.96192,-3.00002,0.189494,0.158911
temporal_coarse_1e19,7,30,3.10321,1745,5.53125,0.106076,-2.8654,0.637964,-2.09375,-2.95739,0.164534,0.123825
temporal_coarse_1e19,7,31,3.27372,1596,5.4375,0.115487,-2.8634,0.603976,-2.09254,-2.94659,0.166929,0.139331
temporal_coarse_1e19,7,32,2.41406,1489,4.71875,0.122984,-2.66486,0.499809,-2.19396,-2.71193,0.136092,0.0807919
temporal_coarse_1e19,7,33,3.00436,1438,4.84375,0.129491,-2.71349,0.509001,-2.10265,-2.77226,0.154428,0.112666
temporal_coarse_1e19,7,34,3.25837,1433,5.875,0.170049,-2.74527,0.587174,-2.03552,-2.81329,0.169799,0.134006
temporal_coarse_1e19,7,35,3.00202,1917,5.59375,0.270951,-2.85893,0.707003,-2.05343,-2.96566,0.164328,0.120346
temporal_coarse_1e19,7,36,2.79548,1523,6.1875,0.171939,-2.8654,0.740325,-2.01813,-2.95224,0.17213,0.136686
temporal_coarse_1e19,7,37,2.877,1316,5.375,0.138496,-2.8354,0.577193,-2.18948,-2.89182,0.142803,0.105881
temporal_coarse_1e19,7,38,2.40502,1928,5.375,0.186873,-2.68559,0.646953,-2.06973,-2.76772,0.16724,0.136917
temporal_coarse_1e19,7,39,2.75023,1827,7.4375,0.313602,-2.74274,0.628947,-2.01486,-2.83409,0.183317,0.16
temporal_coarse_1e19,7,40,2.8776,1812,5.4375,0.142663,-2.74967,0.618361,-2.1212,-2.82782,0.153762,0.117321
temporal_coarse_1e19,7,41,3.1118,1262,5.625,0.234313,-3.01292,0.73062,-1.98275,-3.09889,0.187327,0.141631
temporal_coarse_1e19,7,42,3.54088,1291,6.28125,0.665951,-2.94311,0.624229,-2.05958,-3.01868,0.182132,0.150323
temporal_coarse_1e19,7,43,2.91651,1487,4.34375,0.0794584,-2.81678,0.619022,-2.07592,-2.89073,0.160615,0.118457
temporal_coarse_1e19,7,44,2.84335,2164,5.625,0.182732,-2.82323,0.655106,-2.16806,-2.92294,0.151684,0.112048
temporal_coarse_1e19,7,45,2.96431,1168,5.1875,0.138674,-2.72526,0.5798,-2.03595,-2.77818,0.179158,0.153673
temporal_coarse_1e19,7,46,3.17053,1427,7.71875,0.171515,-2.861,0.633228,-2.09021,-2.93454,0.158251,0.123199
temporal_coarse_1e19,7,47,2.81135,1689,5.15625,0.425225,-3.04679,0.72176,-1.97486,-3.16999,0.185959,0.150488
temporal_coarse_1e19,7,48,3.326,1552,6.9375,0.115623,-2.7893,0.54056,-2.13529,-2.85774,0.153618,0.125526
temporal_coarse_1e19,7,49,2.9914,1646,5.125,0.144528,-2.84183,0.643753,-2.05234,-2.93,0.174808,0.151844
temporal_coarse_1e19,7,50,2.99468,900,6.1875,0.150853,-2.90072,0.578993,-2.20595,-2.9411,0.140199,0.102179
temporal_coarse_1e19,7,51,3.32079,1295,5.9375,0.153593,-2.90206,0.637044,-2.07105,-2.97338,0.17406,0.146984
temporal_coarse_1e19,7,52,3.26963,2096,4.90625,0.173033,-2.85462,0.688947,-2.03453,-2.97493,0.166035,0.117076
temporal_coarse_1e19,7,53,3.52146,1388,6.875,0.325,-2.84425,0.674685,-1.84424,-2.93681,0.225867,0.194532
temporal_coarse_1e19,7,54,2.64202,1195,4.78125,0.237459,-2.98,0.792097,-2.02615,-3.05505,0.186659,0.158629
temporal_coarse_1e19,7,55,3.1521,1463,5.21875,0.129366,-2.94878,0.697465,-2.02896,-3.03897,0.173554,0.128972
temporal_coarse_1e19,7,56,3.11331,1643,4.9375,0.137769,-2.91158,0.640754,-2.0103,-3.01203,0.17673,0.129593
temporal_coarse_1e19,7,57,2.70496,1834,5.4375,0.182792,-2.62334,0.500084,-2.14687,-2.6834,0.145466,0.103103
temporal_coarse_1e19,7,58,3.50011,1447,6.125,0.696468,-2.95692,0.652797,-1.95558,-3.05392,0.190549,0.154735
temporal_coarse_1e19,7,59,3.164,1469,5.53125,0.236864,-2.85811,0.622104,-2.08169,-2.93459,0.173093,0.141997
temporal_coarse_1e19,7,60,3.68818,1720,4.65625,0.16168,-2.94971,0.637114,-2.04214,-3.05616,0.177225,0.133709
temporal_coarse_1e19,7,61,3.05497,1602,5.75,0.226489,-2.7808,0.548485,-2.1402,-2.85022,0.160973,0.142155
temporal_coarse_1e19,7,62,3.08362,1609,5.3125,0.181181,-2.98036,0.778598,-2.0002,-3.0871,0.178112,0.14804
temporal_coarse_1e19,7,63,2.86479,1528,5.78125,0.184276,-2.76232,0.574831,-2.15825,-2.82445,0.150612,0.126143
temporal_coarse_1e19,8,0,4.8002,1297,7.78125,0.579353,-3.04546,0.614054,-2.0059,-3.13483,0.180891,0.133707
temporal_coarse_1e19,8,1,4.19654,1279,6.25,0.154904,-3.03459,0.648745,-2.13728,-3.11057,0.154095,0.121328
temporal_coarse_1e19,8,2,3.452,1434,5.1875,0.108116,-2.84811,0.594132,-2.19289,-2.91096,0.135193,0.102771
temporal_coarse_1e19,8,3,2.83275,1900,9.9375,0.265138,-2.68266,0.516464,-2.25753,-2.73842,0.124157,0.0760544
temporal_coarse_1e19,8,4,3.24545,1491,6.125,0.139252,-2.79418,0.610068,-2.16889,-2.85678,0.143803,0.117677
temporal_coarse_1e19,8,5,4.28836,1085,5.5,0.154125,-3.20809,0.747397,-1.94208,-3.29788,0.202158,0.172245
temporal_coarse_1e19,8,6,4.78535,1988,6.15625,0.231113,-3.0235,0.752273,-1.98234,-3.16727,0.183374,0.158417
temporal_coarse_1e19,8,7,3.91547,1929,5.65625,0.16311,-2.81538,0.608709,-2.07089,-2.91473,0.173655,0.154164
temporal_coarse_1e19,8,8,3.93055,1448,5.90625,0.163144,-2.76879,0.575031,-2.03293,-2.84013,0.172444,0.14479
temporal_coarse_1e19,8,9,3.76265,1360,5.15625,0.166022,-2.87014,0.572357,-2.05312,-2.9441,0.17374,0.142397
temporal_coarse_1e19,8,10,3.70107,1442,5.0625,0.123585,-2.76731,0.550946,-2.13482,-2.82835,0.149667,0.118316
temporal_coarse_1e19,8,11,3.79178,1337,5.9375,0.134959,-2.88761,0.590224,-2.0984,-2.95774,0.160111,0.131323
temporal_coarse_1e19,8,12,3.59494,1833,5.75,0.14751,-2.77996,0.587652,-2.18529,-2.85487,0.139696,0.10147
temporal_coarse_1e19,8,13,5.3893,1301,7.15625,0.300901,-3.09461,0.617086,-1.92264,-3.1957,0.214933,0.187783
temporal_coarse_1e19,8,14,4.00606,1621,6.125,0.185959,-2.94638,0.633703,-2.03811,-3.04611,0.161945,0.117393
temporal_coarse_1e19,8,15,4.32151,1316,5.875,0.18027,-3.06855,0.699462,-1.85912,-3.17418,0.220031,0.179091
temporal_coarse_1e19,8,16,2.99858,1307,5.84375,0.241475,-2.72493,0.540428,-2.23942,-2.76702,0.137706,0.117052
temporal_coarse_1e19,8,17,4.48589,1948,6.28125,0.192781,-3.15279,0.87659,-1.84246,-3.32961,0.206519,0.149415
temporal_coarse_1e19,8,18,4.31643,1333,7.0625,0.254526,-2.91117,0.634595,-1.92879,-2.99818,0.195887,0.163492
temporal_coarse_1e19,8,19,3.267,1986,6.0625,0.185629,-2.73022,0.598755,-2.17198,-2.80722,0.150671,0.136927
temporal_coarse_1e19,8,20,3.60346,1457,5.40625,0.187315,-2.93292,0.731049,-2.02874,-3.02118,0.180684,0.155114
temporal_coarse_1e19,8,21,3.63053,1981,5.59375,0.21457,-2.89422,0.679198,-2.05529,-3.00961,0.163821,0.125445
temporal_coarse_1e19,8,22,3.95363,1291,6.9375,0.11307,-2.90206,0.610614,-2.13012,-2.96809,0.15687,0.13117
temporal_coarse_1e19,8,23,3.47137,1426,6.15625,0.182535,-2.9217,0.633661,-2.18289,-2.99213,0.149948,0.126663
temporal_coarse_1e19,8,24,3.38596,1034,6.03125,0.185964,-2.79395,0.551568,-2.24341,-2.83103,0.128531,0.0964169
temporal_coarse_1e19,8,25,3.77053,1442,5.28125,0.122517,-2.89747,0.638987,-2.07884,-2.97648,0.163552,0.12998
temporal_coarse_1e19,8,26,4.63278,1238,6.84375,0.23389,-2.95219,0.653442,-1.96396,-3.03297,0.190338,0.166164
temporal_coarse_1e19,8,27,3.98976,1512,7.25,0.167554,-3.12395,0.738377,-2.08385,-3.2297,0.168925,0.138139
temporal_coarse_1e19,8,28,3.8013,2355,5.0625,0.121614,-2.80723,0.646665,-2.18856,-2.91108,0.137869,0.101199
temporal_coarse_1e19,8,29,3.87243,1294,5,0.116622,-2.77346,0.524864,-2.09524,-2.83162,0.163182,0.137363
temporal_coarse_1e19,8,30,3.97845,1660,6.46875,0.244343,-2.90101,0.623368,-2.06535,-2.99522,0.161254,0.125693
temporal_coarse_1e19,8,31,3.11849,1757,6.3125,0.188865,-2.75728,0.532497,-2.30118,-2.81207,0.124318,0.103925
temporal_coarse_1e19,8,32,3.86685,1217,5.25,0.170423,-2.89418,0.660342,-2.03188,-2.96337,0.187898,0.187871
temporal_coarse_1e19,8,33,4.36825,1581,6.0625,0.227312,-3.02786,0.745273,-1.91589,-3.14663,0.201381,0.165365
temporal_coarse_1e19,8,34,4.44644,1261,5.3125,0.173458,-3.23244,0.757243,-1.91012,-3.3427,0.202686,0.173749
temporal_coarse_1e19,8,35,3.30834,1257,6.84375,0.171276,-2.88465,0.615012,-2.17187,-2.94388,0.150737,0.122352
temporal_coarse_1e19,8,36,3.75796,1565,6.90625,0.234516,-2.73473,0.514593,-2.20741,-2.79042,0.133294,0.0945438
temporal_coarse_1e19,8,37,3.36639,1381,4.9375,0.282307,-2.94514,0.67533,-1.98561,-3.03346,0.190787,0.160449
temporal_coarse_1e19,8,38,4.11029,1955,8.75,0.203538,-2.83467,0.646575,-2.04162,-2.94212,0.171587,0.145883
temporal_coarse_1e19,8,39,3.93073,1496,6.375,0.1878,-2.93953,0.621733,-2.15824,-3.01804,0.149771,0.134832
temporal_coarse_1e19,8,40,4.86282,1797,6.625,0.191999,-3.01316,0.769315,-1.87849,-3.15294,0.199486,0.150821
temporal_coarse_1e19,8,41,3.95357,2207,5.03125,0.103979,-2.87964,0.686109,-2.14478,-2.99404,0.151096,0.117742
temporal_coarse_1e19,8,42,3.51435,1831,6.46875,0.119524,-2.72519,0.550826,-2.17704,-2.79416,0.148941,0.136457
temporal_coarse_1e19,8,43,5.02621,1299,5.625,0.149959,-3.00234,0.605573,-1.99223,-3.08933,0.186196,0.160119
temporal_coarse_1e19,8,44,3.35743,1205,5,0.107918,-2.85462,0.617124,-2.16252,-2.90957,0.155212,0.135181
temporal_coarse_1e19,8,45,4.63041,1685,6,0.349906,-3.02492,0.754711,-1.88731,-3.15533,0.222274,0.210444
temporal_coarse_1e19,8,46,4.31044,1108,11.3125,1.51872,-3.0807,0.713631,-1.97475,-3.16092,0.193615,0.175733
temporal_coarse_1e19,8,47,4.71501,1051,5.53125,0.136129,-2.84516,0.549695,-2.16252,-2.89195,0.138324,0.0937342
temporal_coarse_1e19,8,48,4.4883,1628,5.78125,0.226458,-2.8675,0.612708,-2.00194,-2.96299,0.178361,0.14183
temporal_coarse_1e19,8,49,3.61292,1128,5.8125,0.12578,-2.83472,0.565894,-2.17344,-2.88362,0.143122,0.105759
temporal_coarse_1e19,8,50,3.24885,1781,6.71875,0.208462,-2.68669,0.543062,-2.24785,-2.74022,0.130537,0.098948
temporal_coarse_1e19,8,51,3.60785,1659,6.3125,0.313174,-3.00154,0.712109,-1.95631,-3.11931,0.196761,0.169271
temporal_coarse_1e19,8,52,2.77345,1527,4.5,0.111877,-2.74319,0.529622,-2.28464,-2.79032,0.125519,0.0845238
temporal_coarse_1e19,8,53,3.6512,1757,6.96875,0.331886,-2.74492,0.572893,-2.01643,-2.83242,0.187765,0.176024
temporal_coarse_1e19,8,54,3.78416,1589,7.75,0.276498,-2.81004,0.568029,-2.10977,-2.88526,0.161081,0.14436
temporal_coarse_1e19,8,55,4.7867,1569,6.6875,0.0934759,-3.00999,0.755767,-1.93484,-3.12386,0.184121,0.147435
temporal_coarse_1e19,8,56,4.12892,1269,4.78125,0.161188,-2.98321,0.642586,-2.04119,-3.06229,0.172075,0.143264
temporal_coarse_1e19,8,57,4.24404,1429,6.65625,0.161163,-2.89727,0.583575,-2.03448,-2.97972,0.178582,0.146945
temporal_coarse_1e19,8,58,4.89393,1541,6.6875,0.170352,-2.98376,0.664242,-1.98084,-3.08788,0.178067,0.135533
temporal_coarse_1e19,8,59,3.45876,1839,7.1875,0.175811,-2.74273,0.579474,-2.15899,-2.81654,0.144314,0.11466
temporal_coarse_1e19,8,60,3.55182,1451,5.90625,0.110537,-2.91237,0.611981,-2.21171,-2.98045,0.14107,0.103765
temporal_coarse_1e19,8,61,3.85809,1490,6.40625,0.123056,-2.92211,0.66345,-2.09099,-3.00525,0.157841,0.125303
temporal_coarse_1e19,8,62,3.97431,1578,6.1875,0.173947,-2.80265,0.559709,-2.19123,-2.86781,0.137375,0.105781
temporal_coarse_1e19,8,63,4.44318,2091,5.125,0.14267,-2.90839,0.751244,-1.84435,-3.06405,0.219159,0.19202
temporal_coarse_1e19,9,0,5.26816,1583,6.8125,0.203479,-2.95986,0.609152,-1.98422,-3.0642,0.178608,0.130922
temporal_coarse_1e19,9,1,5.0042,1641,6.46875,0.224431,-3.17353,0.727305,-2.00792,-3.30327,0.18057,0.147884
temporal_coarse_1e19,9,2,3.40293,1511,6.09375,0.164259,-2.75248,0.524305,-2.19051,-2.80957,0.133722,0.0917502
temporal_coarse_1e19,9,3,3.42224,1557,7.28125,0.545095,-2.79088,0.555963,-2.09435,-2.86403,0.147212,0.105997
temporal_coarse_1e19,9,4,4.90765,904,6.1875,0.179212,-2.96963,0.564113,-2.04136,-3.02384,0.155191,0.112726
temporal_coarse_1e19,9,5,5.18857,888,6.5625,0.126073,-3.12226,0.611535,-1.99739,-3.18672,0.166608,0.113687
temporal_coarse_1e19,9,6,5.0227,1684,6.15625,0.191391,-3.02617,0.681253,-1.94517,-3.15001,0.179099,0.133258
temporal_coarse_1e19,9,7,4.04295,1414,5.96875,0.203507,-2.90137,0.591741,-2.1453,-2.97279,0.142275,0.105586
temporal_coarse_1e19,9,8,4.46681,1872,6.65625,0.152273,-2.824,0.600849,-2.06523,-2.92188,0.155893,0.104846
temporal_coarse_1e19,9,9,4.07085,1435,5.96875,0.13904,-2.81422,0.56602,-2.10434,-2.88236,0.155748,0.125511
temporal_coarse_1e19,9,10,5.18457,2686,7.34375,0.4932,-2.76837,0.674932,-1.80588,-2.9571,0.188521,0.109585
temporal_coarse_1e19,9,11,3.91526,1318,5.40625,0.133843,-2.7607,0.523757,-2.1037,-2.81818,0.144277,0.11366
temporal_coarse_1e19,9,12,5.67968,1371,6.03125,0.1444,-2.97386,0.586394,-2.04928,-3.05829,0.165945,0.131186
temporal_coarse_1e19,9,13,4.32666,1568,5.53125,0.141288,-2.76645,0.540146,-2.05628,-2.8416,0.155243,0.124805
temporal_coarse_1e19,9,14,4.89015,1810,5.78125,0.221714,-2.77504,0.577117,-2.06819,-2.86282,0.158851,0.137921
temporal_coarse_1e19,9,15,4.97719,1594,7.46875,0.25072,-2.89401,0.629958,-1.92564,-2.99838,0.182478,0.133629
temporal_coarse_1e19,9,16,4.05221,1358,6.71875,0.16244,-2.9016,0.5859,-2.054,-2.9782,0.165412,0.131118
temporal_coarse_1e19,9,17,4.34659,1212,5.875,0.205153,-2.91092,0.58863,-2.02174,-2.98195,0.167688,0.136069
temporal_coarse_1e19,9,18,5.63279,1399,5.875,0.203554,-2.94451,0.607191,-1.96882,-3.0356,0.186584,0.153858
temporal_coarse_1e19,9,19,4.75315,1007,6.3125,0.247348,-3.1662,0.679144,-1.99643,-3.24281,0.171494,0.120521
temporal_coarse_1e19,9,20,5.01622,1746,6.3125,0.116513,-2.87996,0.655865,-2.00421,-2.98442,0.163784,0.108901
temporal_coarse_1e19,9,21,4.20584,1276,6.03125,0.263449,-2.7113,0.46929,-2.15932,-2.75792,0.136835,0.108128
temporal_coarse_1e19,9,22,4.53876,1313,6.84375,0.2282,-3.15719,0.7224,-1.88909,-3.26767,0.197821,0.157437
temporal_coarse_1e19,9,23,6.29186,1582,8.875,0.289545,-2.95892,0.636174,-1.82522,-3.08009,0.192276,0.13388
temporal_coarse_1e19,9,24,5.06966,1559,6.84375,0.234546,-3.01444,0.653046,-1.96086,-3.12523,0.168096,0.122698
temporal_coarse_1e19,9,25,4.68578,1346,5.5625,0.158239,-2.97065,0.633813,-2.01053,-3.05658,0.174455,0.14932
temporal_coarse_1e19,9,26,5.25446,1647,7.78125,0.333293,-2.94892,0.620936,-1.9901,-3.05607,0.168306,0.110639
temporal_coarse_1e19,9,27,4.42081,1536,5.03125,0.0788617,-2.80584,0.550157,-2.13334,-2.87541,0.136788,0.083772
temporal_coarse_1e19,9,28,8.76561,3269,7.65625,0.196013,-2.76442,0.857802,-1.45904,-3.08979,0.265462,0.1576
temporal_coarse_1e19,9,29,5.12727,1493,6.5,0.225873,-2.99025,0.645935,-1.99046,-3.09049,0.177798,0.142032
temporal_coarse_1e19,9,30,5.6198,1889,6.6875,0.171024,-2.94123,0.63388,-2.03349,-3.05953,0.16741,0.124824
temporal_coarse_1e19,9,31,5.35026,1264,6.625,0.266514,-2.8525,0.536289,-2.04397,-2.9201,0.156949,0.109383
temporal_coarse_1e19,9,32,5.40273,1304,6.71875,0.210587,-2.80098,0.524797,-1.98678,-2.87139,0.177188,0.150771
temporal_coarse_1e19,9,33,3.73213,1397,6.28125,0.181439,-2.75456,0.519165,-2.15554,-2.8104,0.140885,0.10906
temporal_coarse_1e19,9,34,3.87826,1367,6.53125,0.339767,-2.65713,0.434404,-2.2706,-2.69232,0.109592,0.0551465
temporal_coarse_1e19,9,35,4.23304,1365,7.40625,0.162441,-2.88052,0.59713,-2.13897,-2.94792,0.140074,0.0949377
temporal_coarse_1e19,9,36,4.85094,1134,5.78125,0.161783,-3.1275,0.672472,-2.1379,-3.20108,0.148396,0.107284
temporal_coarse_1e19,9,37,4.51263,1851,6.625,0.121369,-2.79041,0.566724,-2.10863,-2.87724,0.14789,0.104623
temporal_coarse_1e19,9,38,5.38746,1532,7.59375,0.210536,-2.88763,0.594959,-1.95644,-2.98369,0.189137,0.156672
temporal_coarse_1e19,9,39,3.88633,1388,6.03125,0.124365,-2.69679,0.497283,-2.17634,-2.74496,0.128095,0.0762415
temporal_coarse_1e19,9,40,4.86194,1824,6.21875,0.22502,-2.8826,0.633799,-2.10705,-2.97976,0.144374,0.0942931
temporal_coarse_1e19,9,41,4.65952,1295,5.875,0.352521,-3.03244,0.687927,-1.83077,-3.13558,0.213221,0.175543
temporal_coarse_1e19,9,42,5.33417,1754,6.5,0.153037,-2.93302,0.66069,-1.96299,-3.04932,0.16955,0.124394
temporal_coarse_1e19,9,43,5.6159,1383,6.25,0.186472,-3.07458,0.663708,-1.99673,-3.17396,0.174457,0.134931
temporal_coarse_1e19,9,44,4.22878,1557,6.84375,0.188934,-2.75926,0.519291,-2.14873,-2.82338,0.136689,0.0912979
temporal_coarse_1e19,9,45,4.40525,1203,6.09375,0.16894,-2.85945,0.541976,-2.14353,-2.91618,0.145288,0.110529
temporal_coarse_1e19,9,46,5.07047,1437,7.28125,0.182493,-2.87168,0.54085,-2.08566,-2.94725,0.152986,0.110424
temporal_coarse_1e19,9,47,4.49662,1675,8.6875,0.228053,-2.90722,0.666445,-2.01257,-3.0091,0.165095,0.124024
temporal_coarse_1e19,9,48,5.77738,1334,6.125,0.21124,-3.07726,0.652441,-1.99166,-3.17348,0.174776,0.140067
temporal_coarse_1e19,9,49,4.67594,1049,7.125,0.206536,-2.97029,0.619688,-2.10835,-3.02925,0.155469,0.122864
temporal_coarse_1e19,9,50,4.44016,1429,6.375,0.248954,-2.76611,0.541928,-2.03367,-2.8361,0.16487,0.13727
temporal_coarse_1e19,9,51,5.05661,1787,6.40625,0.288395,-2.89494,0.59844,-2.04775,-2.99866,0.141126,0.0804499
temporal_coarse_1e19,9,52,3.53956,1326,5.40625,0.338994,-3.12652,0.717678,-1.86556,-3.23756,0.208864,0.172854
temporal_coarse_1e19,9,53,4.64301,1493,5.8125,0.174761,-2.85212,0.568634,-1.91706,-2.94587,0.200882,0.165491
temporal_coarse_1e19,9,54,4.41329,1999,5.125,0.0949785,-2.85366,0.639747,-2.085,-2.96047,0.148453,0.096998
temporal_coarse_1e19,9,55,5.49877,1318,6.34375,0.199808,-2.91606,0.53459,-2.03778,-2.99289,0.166338,0.123222
temporal_coarse_1e19,9,56,4.36759,1836,7.1875,0.270913,-2.74019,0.54157,-2.08906,-2.82237,0.142833,0.0901994
temporal_coarse_1e19,9,57,4.32969,1455,6.875,0.283931,-2.81451,0.517175,-2.13363,-2.88087,0.149163,0.122719
temporal_coarse_1e19,9,58,6.78359,2053,6.59375,0.178904,-3.04187,0.775966,-1.81477,-3.21766,0.193799,0.148102
temporal_coarse_1e19,9,59,4.10365,1816,5.96875,0.116954,-2.81197,0.580245,-2.10181,-2.90049,0.151254,0.110105
temporal_coarse_1e19,9,60,5.41526,1388,6.8125,0.20773,-2.97915,0.633226,-1.91542,-3.07761,0.194178,0.151263
temporal_coarse_1e19,9,61,5.60664,1849,6.9375,0.195976,-2.91508,0.653459,-2.06582,-3.02311,0.151856,0.101547
temporal_coarse_1e19,9,62,4.33634,1425,7.625,0.2781,-2.80988,0.533997,-2.15811,-2.87197,0.150724,0.123574
temporal_coarse_1e19,9,63,4.71042,1549,6.125,0.193171,-2.82723,0.57342,-1.99737,-2.91388,0.173658,0.141613
temporal_coarse_1e19,10,0,5.67641,1390,7.28125,0.148854,-2.81119,0.516418,-2.14289,-2.87315,0.148272,0.112161
temporal_coarse_1e19,10,1,6.7821,1638,9.3125,0.438074,-2.90826,0.654451,-1.98817,-3.01047,0.185072,0.17615
temporal_coarse_1e19,10,2,7.50025,2193,6.34375,0.189178,-2.96898,0.736532,-1.93013,-3.12952,0.163356,0.091065
temporal_coarse_1e19,10,3,8.27872,1378,6.84375,0.238109,-3.07866,0.639443,-1.86739,-3.18989,0.194019,0.131006
temporal_coarse_1e19,10,4,6.71634,961,5.8125,0.145621,-3.05604,0.620423,-2.14598,-3.11275,0.141832,0.0960797
temporal_coarse_1e19,10,5,8.37899,1380,6.78125,0.194607,-3.06339,0.687866,-1.95462,-3.16537,0.174617,0.122106
temporal_coarse_1e19,10,6,8.12625,1537,9.375,0.709958,-3.12582,0.659137,-1.91355,-3.25132,0.219712,0.192401
temporal_coarse_1e19,10,7,6.49499,1303,8.875,0.255778,-2.75658,0.524484,-1.96971,-2.82456,0.186516,0.158461
temporal_coarse_1e19,10,8,6.86949,1564,6.90625,0.158456,-2.83332,0.524272,-2.14131,-2.90635,0.136948,0.0829632
temporal_coarse_1e19,10,9,6.02523,3012,6.6875,0.130571,-2.7701,0.683098,-2.03756,-2.9351,0.152227,0.0952239
temporal_coarse_1e19,10,10,7.9448,1581,7.71875,0.114129,-3.02672,0.649542,-1.86805,-3.15047,0.181673,0.121118
temporal_coarse_1e19,10,11,6.73074,1032,8,0.315355,-2.84118,0.472309,-2.11939,-2.8897,0.137072,0.0985745
temporal_coarse_1e19,10,12,6.43737,1264,8.125,0.312626,-2.89216,0.537336,-2.07309,-2.96063,0.15562,0.110805
temporal_coarse_1e19,10,13,5.95667,1194,6.40625,0.149787,-2.9219,0.573667,-2.13286,-2.98392,0.148279,0.112633
temporal_coarse_1e19,10,14,6.36523,1734,6.875,0.133058,-2.90807,0.650853,-1.98929,-3.01681,0.169944,0.119728
temporal_coarse_1e19,10,15,5.91876,2281,9.625,0.546409,-2.67687,0.592011,-1.96426,-2.79213,0.173517,0.147685
temporal_coarse_1e19,10,16,6.32033,1082,6.375,0.117168,-3.12933,0.691347,-2.00701,-3.20869,0.161786,0.106445
temporal_coarse_1e19,10,17,8.72647,1193,9.25,0.51325,-2.78415,0.473576,-1.98545,-2.84687,0.170544,0.127467
temporal_coarse_1e19,10,18,6.71297,1460,7.125,0.222847,-3.15076,0.729621,-1.99982,-3.26336,0.172078,0.122609
temporal_coarse_1e19,10,19,5.40867,1275,7.59375,0.183385,-2.82559,0.543496,-2.12562,-2.88466,0.144534,0.101663
temporal_coarse_1e19,10,20,5.98053,1498,6.78125,0.141086,-2.79074,0.538128,-2.11606,-2.85864,0.152903,0.118995
temporal_coarse_1e19,10,21,5.90216,1244,8.5625,0.18037,-2.76715,0.472968,-2.20358,-2.81346,0.136092,0.102521
temporal_coarse_1e19,10,22,6.32182,2243,7.84375,0.323123,-3.01383,0.778259,-1.97714,-3.17827,0.181575,0.149031
temporal_coarse_1e19,10,23,5.39864,2597,6.0625,0.123837,-2.78602,0.590479,-2.1329,-2.90905,0.129736,0.0623402
temporal_coarse_1e19,10,24,6.68579,1551,8.5,0.20602,-2.94861,0.603856,-2.08124,-3.03931,0.156527,0.106103
temporal_coarse_1e19,10,25,6.88268,1199,6.875,0.136242,-2.92648,0.558978,-2.08646,-2.99281,0.149637,0.0965058
temporal_coarse_1e19,10,26,5.8561,2110,6.34375,0.131481,-2.70901,0.573533,-2.04666,-2.80692,0.148882,0.0993912
temporal_coarse_1e19,10,27,6.49837,1742,9.125,0.274966,-2.92637,0.633197,-2.09219,-3.02562,0.145198,0.0983405
temporal_coarse_1e19,10,28,5.80539,1120,7.28125,0.224322,-2.91979,0.54072,-2.20754,-2.97205,0.137252,0.107049
temporal_coarse_1e19,10,29,5.83688,1655,6.28125,0.156483,-2.81895,0.566477,-2.11792,-2.89772,0.14134,0.0955402
temporal_coarse_1e19,10,30,7.40537,1575,10.1875,0.27258,-2.76829,0.546259,-1.88484,-2.86225,0.205318,0.171026
temporal_coarse_1e19,10,31,6.05367,1191,8.5,0.346944,-2.91143,0.607697,-2.0338,-2.98023,0.172147,0.138524
temporal_coarse_1e19,10,32,7.28708,1594,6.3125,0.229961,-2.99801,0.726006,-1.78068,-3.12921,0.222867,0.167311
temporal_coarse_1e19,10,33,7.54285,1224,7.4375,0.225,-2.90588,0.527033,-2.07049,-2.97332,0.1509,0.0956551
temporal_coarse_1e19,10,34,9.37323,676,7.84375,0.277415,-3.34388,0.671107,-1.94755,-3.40397,0.1934,0.16517
temporal_coarse_1e19,10,35,5.52387,1134,5.90625,0.189026,-2.8709,0.534869,-2.14119,-2.92516,0.149169,0.117393
temporal_coarse_1e19,10,36,9.56872,2321,7.53125,0.202603,-3.04257,0.874382,-1.51114,-3.29532,0.238925,0.130947
temporal_coarse_1e19,10,37,6.72581,1449,6.625,0.243123,-2.76762,0.524177,-1.97284,-2.84473,0.186009,0.151796
temporal_coarse_1e19,10,38,4.84332,1978,7,0.224653,-2.78043,0.633177,-2.05959,-2.87941,0.164014,0.134249
temporal_coarse_1e19,10,39,5.92248,1770,6,0.218248,-2.81906,0.59237,-2.06498,-2.91039,0.159575,0.117203
temporal_coarse_1e19,10,40,7.97921,1012,8.375,0.161539,-3.05956,0.593244,-2.13037,-3.12073,0.147645,0.12105
temporal_coarse_1e19,10,41,6.43047,1456,6.78125,0.16668,-2.86937,0.567799,-2.0873,-2.94565,0.15108,0.106091
temporal_coarse_1e19,10,42,5.96563,1314,6.78125,0.235501,-2.92195,0.584539,-1.98618,-3.00354,0.179647,0.142895
temporal_coarse_1e19,10,43,5.76163,1568,6.34375,0.140836,-2.78864,0.550861,-2.12097,-2.8593,0.14554,0.0982965
temporal_coarse_1e19,10,44,5.79547,1595,6.3125,0.15567,-2.93168,0.630827,-2.07838,-3.02371,0.155449,0.118158
temporal_coarse_1e19,10,45,7.44999,1403,6.75,0.167991,-2.87038,0.55459,-1.98643,-2.95317,0.172614,0.128443
temporal_coarse_1e19,10,46,6.09718,2340,7.21875,0.152899,-2.84933,0.676689,-2.01748,-2.98793,0.159181,0.102176
temporal_coarse_1e19,10,47,6.8865,1068,8,0.260116,-3.24374,0.706227,-1.962,-3.33312,0.170913,0.111629
temporal_coarse_1e19,10,48,7.91305,795,7.5,0.171651,-3.37706,0.719477,-1.95161,-3.44975,0.172713,0.10352
temporal_coarse_1e19,10,49,6.88103,1543,7,0.242939,-3.09216,0.717522,-1.95829,-3.21005,0.171343,0.111392
temporal_coarse_1e19,10,50,8.39006,1775,7.21875,0.334941,-3.18735,0.744823,-1.94468,-3.33833,0.182059,0.137864
temporal_coarse_1e19,10,51,6.62828,1336,6.78125,0.258498,-3.10162,0.678547,-1.91248,-3.2072,0.197715,0.148253
temporal_coarse_1e19,10,52,6.71776,1439,7.28125,0.282178,-2.76549,0.514005,-2.02516,-2.83677,0.171344,0.14025
temporal_coarse_1e19,10,53,5.30846,1289,6.8125,0.214,-2.98091,0.65691,-1.9349,-3.07023,0.207748,0.194475
temporal_coarse_1e19,10,54,5.39604,1620,6.53125,0.164041,-2.7804,0.570346,-2.04889,-2.86066,0.165602,0.133713
temporal_coarse_1e19,10,55,9.32236,948,13.6875,0.424978,-3.57869,0.832723,-1.5471,-3.70346,0.278148,0.235025
temporal_coarse_1e19,10,56,5.56739,1717,5.96875,0.113388,-2.83245,0.574943,-2.11004,-2.91702,0.154397,0.111181
temporal_coarse_1e19,10,57,5.58779,1797,7.46875,0.292117,-2.66723,0.521479,-2.03634,-2.74495,0.171309,0.153984
temporal_coarse_1e19,10,58,7.14763,1834,6.96875,0.255724,-2.84947,0.560081,-1.95534,-2.96217,0.181365,0.126303
temporal_coarse_1e19,10,59,5.31862,1432,8.25,0.229192,-2.79897,0.543578,-2.15712,-2.86045,0.141751,0.0979819
temporal_coarse_1e19,10,60,6.14695,1825,6.96875,0.158407,-2.82906,0.610193,-2.02942,-2.92929,0.158727,0.111536
temporal_coarse_1e19,10,61,5.36868,1140,6.4375,0.10176,-2.82074,0.558719,-2.15393,-2.8706,0.135,0.092669
temporal_coarse_1e19,10,62,6.65803,1879,7.71875,0.270341,-2.88052,0.613363,-2.04506,-2.98874,0.157673,0.104425
temporal_coarse_1e19,10,63,6.46197,1856,7.65625,0.259544,-2.71542,0.493446,-2.2203,-2.77867,0.124141,0.0785435
temporal_coarse_1e19,11,0,7.84598,1717,7.59375,0.252013,-2.94,0.643846,-2.06007,-3.04301,0.171578,0.137178
temporal_coarse_1e19,11,1,8.35138,1770,6.46875,0.208718,-2.94401,0.651885,-1.9978,-3.05861,0.170613,0.122561
temporal_coarse_1e19,11,2,7.25345,1364,7.625,0.183319,-2.84152,0.503797,-2.16869,-2.90262,0.144862,0.11737
temporal_coarse_1e19,11,3,8.57977,1110,7.34375,0.269918,-3.03224,0.611151,-1.96615,-3.10972,0.184958,0.142943
temporal_coarse_1e19,11,4,5.66908,1302,7.3125,0.26487,-2.72531,0.498168,-2.26574,-2.76498,0.12817,0.103388
temporal_coarse_1e19,11,5,8.24627,1615,7,0.224058,-2.92283,0.610721,-2.04621,-3.01869,0.166323,0.129167
temporal_coarse_1e19,11,6,7.35897,1077,8.5625,0.402728,-3.09573,0.614855,-2.14306,-3.16276,0.142723,0.0970298
temporal_coarse_1e19,11,7,7.90732,1231,8.4375,0.150606,-2.8177,0.488357,-2.1936,-2.8684,0.133447,0.0711306
temporal_coarse_1e19,11,8,7.74006,1743,6.96875,0.150292,-2.78522,0.560829,-2.13519,-2.86261,0.14199,0.100046
temporal_coarse_1e19,11,9,8.62943,1489,6.71875,0.143348,-2.87934,0.558857,-2.10717,-2.95653,0.153339,0.118432
temporal_coarse_1e19,11,10,8.52581,1568,9.875,0.285188,-2.89028,0.590147,-1.99487,-2.98504,0.174229,0.131282
temporal_coarse_1e19,11,11,9.43379,757,7.84375,0.28548,-3.13954,0.599789,-2.10823,-3.1895,0.14115,0.0925133
temporal_coarse_1e19,11,12,8.39986,1593,8.875,0.214912,-2.88014,0.579736,-2.07912,-2.96641,0.149504,0.0948741
temporal_coarse_1e19,11,13,7.91358,1430,9.3125,0.149974,-2.87612,0.572586,-2.05824,-2.95433,0.170326,0.154381
temporal_coarse_1e19,11,14,10.5198,1542,6.6875,0.195414,-3.20763,0.705125,-2.01464,-3.33158,0.159546,0.100891
temporal_coarse_1e19,11,15,8.07774,960,6.65625,0.20943,-2.95283,0.536723,-2.11617,-3.0049,0.151587,0.112314
temporal_coarse_1e19,11,16,7.75838,1889,7.375,0.0853125,-2.96822,0.685836,-1.96284,-3.09925,0.162932,0.110427
temporal_coarse_1e19,11,17,7.93217,1880,8.0625,0.163536,-2.89272,0.639577,-1.97209,-3.01205,0.169535,0.1182
temporal_coarse_1e19,11,18,6.06447,2206,7.0625,0.198387,-2.71202,0.571659,-2.11679,-2.80463,0.141061,0.0970104
temporal_coarse_1e19,11,19,8.51511,1414,7.34375,0.27177,-3.03205,0.644563,-2.03803,-3.12594,0.173286,0.146531
temporal_coarse_1e19,11,20,6.7556,1342,7.28125,0.147227,-2.97893,0.644476,-2.00887,-3.06548,0.173129,0.143988
temporal_coarse_1e19,11,21,6.73447,1276,7.25,0.160461,-2.93494,0.613303,-2.10942,-3.00466,0.149515,0.117364
temporal_coarse_1e19,11,22,8.21778,773,7.25,0.180026,-3.07053,0.559262,-2.20455,-3.11341,0.130901,0.0817933
temporal_coarse_1e19,11,23,9.14572,1071,8.0625,0.308531,-3.06938,0.637796,-1.88998,-3.15187,0.212667,0.180772
temporal_coarse_1e19,11,24,5.89066,1334,9.375,0.113864,-2.81094,0.568092,-2.15249,-2.8693,0.143505,0.121492
temporal_coarse_1e19,11,25,6.57256,1463,7.53125,0.260369,-2.9263,0.618378,-2.08307,-3.00898,0.150301,0.111819
temporal_coarse_1e19,11,26,6.3591,1417,8.0625,0.251984,-2.75024,0.491609,-2.19347,-2.80295,0.139012,0.119904
temporal_coarse_1e19,11,27,8.50651,1373,6.90625,0.211271,-3.08914,0.638187,-2.04534,-3.18461,0.16487,0.118466
temporal_coarse_1e19,11,28,8.27542,2192,7.625,0.173906,-2.94843,0.694444,-2.0696,-3.08417,0.151491,0.103778
temporal_coarse_1e19,11,29,9.69544,2241,8.8125,0.232075,-2.90181,0.714768,-1.85923,-3.06701,0.191511,0.127296
temporal_coarse_1e19,11,30,6.72731,1133,6.84375,0.208733,-2.90496,0.564704,-2.21474,-2.95623,0.130589,0.0891288
temporal_coarse_1e19,11,31,8.05275,1790,7.375,0.129966,-2.93043,0.638651,-2.06357,-3.03675,0.157512,0.117453
temporal_coarse_1e19,11,32,8.16438,1212,6.65625,0.383121,-3.11612,0.639016,-1.93684,-3.21032,0.202147,0.180344
temporal_coarse_1e19,11,33,7.62886,1868,7.65625,0.288447,-2.84992,0.614114,-1.99059,-2.96051,0.167303,0.117842
temporal_coarse_1e19,11,34,9.43478,1427,8.0625,0.309857,-2.95703,0.599197,-2.03909,-3.04461,0.161682,0.12269
temporal_coarse_1e19,11,35,7.12643,1658,6.71875,0.133855,-2.82172,0.55722,-2.08897,-2.90422,0.166904,0.147461
temporal_coarse_1e19,11,36,7.20681,1317,7.96875,0.269421,-2.89295,0.562791,-2.13003,-2.95964,0.153341,0.139207
temporal_coarse_1e19,11,37,6.54396,1492,8.3125,0.196609,-2.79687,0.566539,-2.12281,-2.8644,0.150681,0.121261
temporal_coarse_1e19,11,38,8.0083,1549,8.875,0.24152,-2.95244,0.651003,-2.01189,-3.05065,0.178158,0.155813
temporal_coarse_1e19,11,39,6.27053,1621,8.75,0.316637,-2.76009,0.524706,-2.17783,-2.82402,0.137493,0.109178
temporal_coarse_1e19,11,40,8.16673,1454,7.4375,0.451197,-2.94995,0.652285,-1.93486,-3.0488,0.214538,0.204
temporal_coarse_1e19,11,41,7.30332,832,6.40625,0.18876,-2.91497,0.520348,-2.06544,-2.96042,0.169957,0.143987
temporal_coarse_1e19,11,42,7.19438,1662,7.53125,0.189879,-2.80868,0.584604,-2.06382,-2.89277,0.162614,0.127672
temporal_coarse_1e19,11,43,7.97342,1696,14.125,0.516685,-3.06419,0.70588,-2.14337,-3.17052,0.155669,0.125227
temporal_coarse_1e19,11,44,8.36543,1639,6.75,0.171116,-2.89537,0.604682,-1.99961,-2.99494,0.1637,0.108363
temporal_coarse_1e19,11,45,6.17445,1721,6.28125,0.0797086,-2.85205,0.619257,-2.05538,-2.94556,0.154616,0.103947
temporal_coarse_1e19,11,46,7.57813,1397,8.1875,0.245328,-2.89309,0.56925,-2.05645,-2.97107,0.146822,0.103685
temporal_coarse_1e19,11,47,8.12511,1698,7.75,0.324479,-3.21444,0.797805,-1.92679,-3.36332,0.203243,0.184077
temporal_coarse_1e19,11,48,8.6841,1430,7.84375,0.279253,-2.93848,0.633089,-1.8835,-3.03936,0.217127,0.182554
temporal_coarse_1e19,11,49,8.19496,1518,8.0625,0.339767,-3.11181,0.638088,-2.08443,-3.21672,0.159198,0.124951
temporal_coarse_1e19,11,50,7.40472,1309,7.53125,0.273212,-3.23898,0.757157,-1.86758,-3.35806,0.209223,0.172844
temporal_coarse_1e19,11,51,9.0402,1607,7.0625,0.352018,-2.94602,0.626523,-2.00183,-3.0487,0.177604,0.140235
temporal_coarse_1e19,11,52,9.15271,2663,7.46875,0.156282,-2.87622,0.703918,-1.93782,-3.05835,0.162248,0.0812892
temporal_coarse_1e19,11,53,8.53667,1674,8.75,0.374018,-2.90862,0.546349,-2.22218,-2.98674,0.132813,0.0979443
temporal_coarse_1e19,11,54,7.21922,1463,6.625,0.120122,-2.92359,0.56576,-2.13987,-3.00044,0.150394,0.120163
temporal_coarse_1e19,11,55,8.32179,1655,8,0.307931,-2.89865,0.613094,-1.99666,-3.00001,0.170301,0.12605
temporal_coarse_1e19,11,56,6.84641,1187,5.875,0.138163,-2.94585,0.59119,-2.1172,-3.01058,0.136289,0.0825459
temporal_coarse_1e19,11,57,7.369,1579,6.78125,0.190574,-2.84482,0.596818,-2.1104,-2.92314,0.149907,0.127662
temporal_coarse_1e19,11,58,7.62899,1170,8.3125,0.183225,-2.9433,0.596179,-1.98794,-3.01677,0.187804,0.166228
temporal_coarse_1e19,11,59,10.5156,1748,11.625,0.86275,-2.90662,0.643653,-1.93169,-3.02306,0.183075,0.139195
temporal_coarse_1e19,11,60,7.03922,1777,7.34375,0.439374,-2.84432,0.586673,-1.99003,-2.94825,0.177642,0.136705
temporal_coarse_1e19,11,61,11.7242,3194,8.375,0.286518,-2.66086,0.792872,-1.52888,-2.93498,0.265785,0.161906
temporal_coarse_1e19,11,62,6.94327,1355,6.375,0.206894,-2.83665,0.598529,-2.06483,-2.90624,0.169428,0.162198
temporal_coarse_1e19,11,63,8.36914,1670,8.375,0.213167,-2.84184,0.5503,-2.04584,-2.93218,0.166709,0.130246
temporal_coarse_1e19,12,0,10.1176,1876,8.625,0.296333,-2.91666,0.656489,-2.01861,-3.03279,0.170339,0.115676
temporal_coarse_1e19,12,1,8.75097,1528,8.6875,0.349497,-2.88725,0.588266,-2.16465,-2.96158,0.144373,0.117786
temporal_coarse_1e19,12,2,11.958,1694,7.90625,0.176606,-2.94974,0.659836,-2.04154,-3.05447,0.153626,0.0885086
temporal_coarse_1e19,12,3,13.804,2659,9,0.202249,-2.83316,0.650347,-1.98456,-2.99756,0.158704,0.0898354
temporal_coarse_1e19,12,4,8.96175,1519,8.8125,0.365027,-2.85846,0.584793,-2.00646,-2.94553,0.1747,0.127074
temporal_coarse_1e19,12,5,7.73025,1548,8.75,0.395931,-2.72369,0.477718,-2.31601,-2.76623,0.125395,0.113828
temporal_coarse_1e19,12,6,7.73508,2353,7.0625,0.213868,-2.76734,0.618687,-2.0763,-2.88322,0.164104,0.118863
temporal_coarse_1e19,12,7,9.21404,928,6.8125,0.241689,-3.18123,0.642041,-1.94027,-3.25574,0.220813,0.208661
temporal_coarse_1e19,12,8,8.89271,1991,8.4375,0.274933,-2.84806,0.622007,-2.1485,-2.94483,0.147123,0.0985165
temporal_coarse_1e19,12,9,11.4119,1334,10.375,0.256947,-2.9504,0.610363,-1.99559,-3.03504,0.181611,0.141583
temporal_coarse_1e19,12,10,8.83343,1538,6.65625,0.169521,-2.89424,0.629216,-2.08951,-2.97761,0.153374,0.101873
temporal_coarse_1e19,12,11,12.2551,934,8.3125,0.324285,-3.01571,0.543402,-2.09962,-3.07109,0.154403,0.100714
temporal_coarse_1e19,12,12,7.3486,1914,6.875,0.211236,-2.83096,0.633386,-2.09306,-2.92857,0.172509,0.160929
temporal_coarse_1e19,12,13,8.03207,1681,8.9375,0.205426,-2.87652,0.622979,-2.16445,-2.95793,0.15762,0.127427
temporal_coarse_1e19,12,14,7.75594,1800,8.3125,0.304598,-2.90521,0.674955,-2.1235,-3.00169,0.160422,0.124725
temporal_coarse_1e19,12,15,14.1933,2708,9,0.223606,-2.84961,0.674891,-1.90816,-3.03603,0.206422,0.137027
temporal_coarse_1e19,12,16,12.0796,1549,10.25,0.732191,-3.0999,0.760236,-1.57874,-3.25874,0.284951,0.224616
temporal_coarse_1e19,12,17,8.0563,2012,8.25,0.264458,-2.77074,0.588764,-2.11936,-2.86192,0.158104,0.126498
temporal_coarse_1e19,12,18,14.3131,1407,10.1875,0.3098,-3.20339,0.715363,-1.94922,-3.32121,0.174415,0.118146
temporal_coarse_1e19,12,19,9.08538,1325,9.4375,0.3101,-2.86201,0.54528,-2.14458,-2.92513,0.149155,0.103397
temporal_coarse_1e19,12,20,8.32702,1438,8.4375,0.191075,-2.85182,0.563961,-2.22608,-2.91202,0.135616,0.0948632
temporal_coarse_1e19,12,21,10.0412,1947,8.5625,0.229091,-2.88583,0.663254,-2.04915,-2.99866,0.157461,0.107778
temporal_coarse_1e19,12,22,10.158,1178,10.375,0.394336,-3.07278,0.643843,-2.06479,-3.15087,0.176765,0.1694
temporal_coarse_1e19,12,23,9.87613,1263,9.5,0.441249,-2.86853,0.559902,-2.10537,-2.93227,0.153822,0.118415
temporal_coarse_1e19,12,24,7.45901,1662,7.1875,0.132488,-2.79908,0.592804,-2.1626,-2.87093,0.149755,0.126288
temporal_coarse_1e19,12,25,7.4764,1758,9.5625,0.244136,-2.70492,0.558969,-2.17066,-2.76913,0.134389,0.0792502
temporal_coarse_1e19,12,26,8.83945,1755,7.34375,0.186175,-2.84171,0.608623,-2.15097,-2.92458,0.141529,0.0945175
temporal_coarse_1e19,12,27,9.64456,1040,9.25,0.162294,-2.95127,0.527676,-2.22342,-3.0006,0.132131,0.088323
temporal_coarse_1e19,12,28,10.1672,1570,8.625,0.306122,-2.91576,0.61984,-2.03528,-3.00907,0.174617,0.148023
temporal_coarse_1e19,12,29,10.8278,1617,10.375,0.481386,-2.85437,0.591618,-1.99705,-2.94825,0.193727,0.167886
temporal_coarse_1e19,12,30,11.0982,1488,10.625,0.333113,-3.04071,0.60992,-2.14343,-3.13034,0.147028,0.100025
temporal_coarse_1e19,12,31,11.6934,2180,8.875,0.141053,-2.90664,0.687939,-1.85061,-3.06872,0.195523,0.117447
temporal_coarse_1e19,12,32,8.90618,1394,8.625,0.378363,-2.89003,0.561554,-2.17861,-2.95619,0.14612,0.111895
temporal_coarse_1e19,12,33,7.2012,1706,7.8125,0.282191,-2.81062,0.597886,-2.12843,-2.8899,0.153323,0.128601
temporal_coarse_1e19,12,34,10.5856,1530,8.1875,0.300486,-2.87093,0.595287,-2.05715,-2.95475,0.167062,0.131362
temporal_coarse_1e19,12,35,11.7122,1005,8.25,0.316875,-3.06769,0.601648,-2.14415,-3.12804,0.162761,0.120632
temporal_coarse_1e19,12,36,8.4612,1341,9.1875,0.271518,-2.86001,0.596158,-2.10713,-2.92713,0.164209,0.139717
temporal_coarse_1e19,12,37,8.1621,1344,7.1875,0.186402,-2.91769,0.657233,-2.02779,-2.99721,0.171912,0.14409
temporal_coarse_1e19,12,38,8.9944,1366,9.25,0.481685,-2.91844,0.659585,-1.92629,-3.00869,0.201664,0.16589
temporal_coarse_1e19,12,39,9.47487,1724,8.9375,0.330125,-2.99957,0.688341,-2.08865,-3.10669,0.16511,0.134611
temporal_coarse_1e19,12,40,12.2023,852,8.625,0.271704,-3.07092,0.547272,-2.10365,-3.12398,0.157998,0.107799
temporal_coarse_1e19,12,41,9.05719,1826,8.625,0.345773,-2.92845,0.636465,-1.98956,-3.04621,0.181632,0.134767
temporal_coarse_1e19,12,42,13.2011,1699,12.5,0.428652,-3.08653,0.73052,-1.93394,-3.21988,0.173027,0.127951
temporal_coarse_1e19,12,43,7.5149,1707,7.46875,0.205026,-2.7776,0.572105,-2.17596,-2.84757,0.144543,0.121652
temporal_coarse_1e19,12,44,9.76925,1365,11,0.202708,-2.95838,0.635268,-2.06117,-3.03993,0.170729,0.131347
temporal_coarse_1e19,12,45,7.62564,963,15.6875,0.477862,-2.88856,0.542239,-2.23871,-2.92914,0.140576,0.0966972
temporal_coarse_1e19,12,46,9.0605,1435,8.375,0.251335,-2.87717,0.573665,-2.18509,-2.9436,0.140615,0.0981435
temporal_coarse_1e19,12,47,10.5566,1535,8.25,0.281935,-2.89989,0.62737,-2.023,-2.99054,0.162663,0.135012
temporal_coarse_1e19,12,48,11.8365,2287,9.9375,0.26401,-2.83246,0.613333,-2.09041,-2.95284,0.150758,0.0942649
temporal_coarse_1e19,12,49,8.59869,1280,7.6875,0.335627,-2.80327,0.544489,-2.14818,-2.85879,0.137175,0.0882795
temporal_coarse_1e19,12,50,10.0187,840,8.75,0.195779,-2.99948,0.585673,-2.09582,-3.04832,0.160449,0.138526
temporal_coarse_1e19,12,51,6.4782,1254,7.625,0.159227,-2.86257,0.632066,-2.08472,-2.92704,0.164928,0.155538
temporal_coarse_1e19,12,52,11.9127,1420,10.0625,0.294455,-3.22903,0.764869,-1.97757,-3.34779,0.182259,0.147042
temporal_coarse_1e19,12,53,9.66178,1326,8.1875,0.292482,-2.97354,0.630443,-1.93313,-3.06516,0.215264,0.201488
temporal_coarse_1e19,12,54,9.9689,1012,10.625,0.373295,-3.06128,0.571988,-2.12453,-3.12295,0.159009,0.124569
temporal_coarse_1e19,12,55,8.64106,2258,8.25,0.175673,-2.6944,0.581995,-2.02908,-2.80075,0.177619,0.140127
temporal_coarse_1e19,12,56,7.39438,1212,6.0625,0.229207,-3.05571,0.675772,-1.89922,-3.14809,0.227626,0.210608
temporal_coarse_1e19,12,57,10.2046,971,10.25,0.307625,-3.08872,0.666524,-1.88297,-3.16468,0.215973,0.185163
temporal_coarse_1e19,12,58,10.7749,959,9.5,0.182299,-2.97301,0.559692,-2.19655,-3.02128,0.136319,0.0838
temporal_coarse_1e19,12,59,6.8868,1926,9.125,0.341688,-2.78919,0.612194,-2.15483,-2.87369,0.153936,0.116349
temporal_coarse_1e19,12,60,11.0255,1958,11.25,0.397875,-2.86654,0.625995,-2.04157,-2.97851,0.166263,0.123942
temporal_coarse_1e19,12,61,11.3583,1262,9.6875,0.428095,-2.84664,0.507809,-2.00358,-2.91699,0.198613,0.178122
temporal_coarse_1e19,12,62,8.94451,1826,7.40625,0.177782,-2.90821,0.614459,-2.0938,-3.01036,0.158591,0.114386
temporal_coarse_1e19,12,63,14.6295,527,13.3125,0.452375,-3.29897,0.593391,-2.19059,-3.3358,0.139329,0.0957646
temporal_coarse_1e19,13,0,14.638,1508,11.8125,0.583726,-3.18137,0.801046,-1.82263,-3.31911,0.23164,0.190072
temporal_coarse_1e19,13,1,6.88826,2023,7.71875,0.656078,-2.72851,0.524626,-2.24769,-2.79624,0.131891,0.0944606
temporal_coarse_1e19,13,2,16.7736,1048,9.3125,0.537428,-3.30859,0.702935,-2.13123,-3.38905,0.150327,0.103935
temporal_coarse_1e19,13,3,32.2676,2477,9.75,0.673866,-3.07412,0.776767,-1.76332,-3.30759,0.221986,0.125505
temporal_coarse_1e19,13,4,13.0102,1417,9.3125,0.420881,-2.9957,0.621192,-2.11971,-3.07863,0.156693,0.123305
temporal_coarse_1e19,13,5,10.3747,1515,8.875,0.527937,-2.96182,0.64369,-2.10746,-3.04888,0.167913,0.137438
temporal_coarse_1e19,13,6,12.0484,2263,8.6875,0.376218,-2.88133,0.593721,-2.12996,-3.00175,0.1525,0.102812
temporal_coarse_1e19,13,7,10.2341,1541,8.8125,0.376219,-2.89638,0.576849,-2.28034,-2.96034,0.131259,0.096578
temporal_coarse_1e19,13,8,26.9862,2584,10.1875,0.427885,-2.90446,0.730103,-1.79084,-3.11298,0.199103,0.126648
temporal_coarse_1e19,13,9,12.8388,1323,9.75,0.440854,-2.91302,0.559924,-2.10183,-2.98427,0.15828,0.123025
temporal_coarse_1e19,13,10,13.1525,1206,18.125,0.87021,-2.81817,0.488756,-2.17689,-2.86912,0.161152,0.157593
temporal_coarse_1e19,13,11,8.31523,1659,7.625,0.384716,-2.91016,0.607191,-2.24366,-2.98526,0.147464,0.126606
temporal_coarse_1e19,13,12,20.9967,813,9.5625,0.474324,-3.32944,0.669542,-1.92398,-3.40283,0.177463,0.118955
temporal_coarse_1e19,13,13,11.8757,1640,9.375,0.607733,-2.8892,0.600533,-2.05898,-2.98155,0.173934,0.149759
temporal_coarse_1e19,13,14,10.2775,1371,7.34375,0.481611,-3.0031,0.691274,-1.89893,-3.10393,0.226104,0.203363
temporal_coarse_1e19,13,15,18.6093,1804,10.3125,0.319678,-2.87652,0.581121,-2.14923,-2.96651,0.13565,0.0688728
temporal_coarse_1e19,13,16,16.4313,1506,9.4375,0.814533,-3.05745,0.668235,-1.8743,-3.17721,0.237433,0.210451
temporal_coarse_1e19,13,17,21.4833,1168,40.75,6.34867,-3.08988,0.619661,-2.09199,-3.16647,0.191661,0.180415
temporal_coarse_1e19,13,18,11.9441,471,7.90625,0.40549,-3.2757,0.53394,-2.14018,-3.30931,0.195411,0.239997
temporal_coarse_1e19,13,19,14.4838,1302,8.125,0.353542,-2.99335,0.599819,-1.97518,-3.08124,0.197057,0.167664
temporal_coarse_1e19,13,20,12.948,1316,9.375,0.72222,-3.02679,0.643544,-1.97751,-3.11843,0.18385,0.137225
temporal_coarse_1e19,13,21,13.7541,170,6.8125,0.503505,-3.44232,0.588465,-2.15181,-3.45585,0.149325,0.0777644
temporal_coarse_1e19,13,22,16.9806,2097,14.9375,0.532356,-2.85219,0.59572,-2.08872,-2.96425,0.139528,0.0848537
temporal_coarse_1e19,13,23,14.3287,1378,8.875,0.366804,-2.90167,0.532282,-2.11097,-2.97428,0.166825,0.147219
temporal_coarse_1e19,13,24,14.0376,1419,9.75,0.430861,-3.02506,0.607649,-2.12712,-3.1102,0.145645,0.0891592
temporal_coarse_1e19,13,25,22.9697,1555,10.75,0.503936,-3.17701,0.702597,-2.10958,-3.28895,0.139779,0.0849352
temporal_coarse_1e19,13,26,10.1763,1205,8.3125,0.480431,-2.8414,0.540243,-2.14956,-2.89632,0.163001,0.15683
temporal_coarse_1e19,13,27,15.3024,897,9.4375,0.516924,-3.19836,0.656136,-2.08582,-3.26279,0.154906,0.104568
temporal_coarse_1e19,13,28,9.07973,1617,10.0625,0.503852,-2.77836,0.554306,-2.17261,-2.84469,0.1609,0.156989
temporal_coarse_1e19,13,29,11.75,1241,7.6875,0.386984,-2.85386,0.545483,-2.09343,-2.91618,0.159984,0.129097
temporal_coarse_1e19,13,30,25.909,861,11.0625,0.580946,-3.42751,0.672037,-1.85941,-3.51449,0.22091,0.19196
temporal_coarse_1e19,13,31,11.4477,1862,10.875,0.456813,-2.81833,0.573491,-2.12261,-2.90753,0.159505,0.129814
temporal_coarse_1e19,13,32,13.4378,1836,8.625,0.778729,-2.88555,0.627348,-2.02765,-2.99381,0.180277,0.151105
temporal_coarse_1e19,13,33,24.4029,1084,10.3125,0.547288,-3.25171,0.667377,-2.04452,-3.33724,0.157895,0.0868429
temporal_coarse_1e19,13,34,19.6775,2693,10.6875,0.32154,-2.91863,0.663602,-2.07917,-3.08375,0.139596,0.0646066
temporal_coarse_1e19,13,35,14.8022,1490,13.4375,0.612974,-3.15874,0.711834,-2.06739,-3.26792,0.155141,0.130693
temporal_coarse_1e19,13,36,18.7335,1573,11.6875,0.488181,-3.03815,0.624259,-2.15695,-3.13174,0.145327,0.0959326
temporal_coarse_1e19,13,37,13.2311,1205,9.3125,0.632597,-3.02817,0.597955,-2.16217,-3.09692,0.145501,0.103483
temporal_coarse_1e19,13,38,12.914,1387,8.5625,0.499101,-2.95032,0.57101,-2.09959,-3.029,0.166531,0.14125
temporal_coarse_1e19,13,39,13.9552,1213,11,0.748464,-3.06553,0.625617,-2.01139,-3.14982,0.192062,0.178817
temporal_coarse_1e19,13,40,11.0267,993,11.625,0.59352,-2.87334,0.505973,-2.25237,-2.9134,0.131721,0.099313
temporal_coarse_1e19,13,41,18.8463,848,9.25,0.391824,-3.28337,0.656853,-2.14942,-3.34527,0.144652,0.0927602
temporal_coarse_1e19,13,42,8.72941,1238,9.5,0.300106,-2.91921,0.592891,-2.21989,-2.97637,0.139956,0.105243
temporal_coarse_1e19,13,43,15.7579,1467,13.125,0.726632,-3.37475,0.744186,-2.02116,-3.50787,0.171992,0.142529
temporal_coarse_1e19,13,44,18.8728,1590,9.8125,0.362452,-2.95307,0.565209,-2.0611,-3.04893,0.150119,0.087726
temporal_coarse_1e19,13,45,11.4629,1597,14.5625,0.599842,-2.91077,0.567557,-2.24978,-2.98216,0.124447,0.0868181
temporal_coarse_1e19,13,46,17.9841,2366,9.5,0.677032,-3.00593,0.72899,-1.91295,-3.19041,0.179214,0.104285
temporal_coarse_1e19,13,47,9.54307,1042,8.25,0.305204,-2.93381,0.557451,-2.27665,-2.97844,0.116511,0.0583097
temporal_coarse_1e19,13,48,12.1811,1607,8.9375,0.730082,-2.84412,0.536747,-2.1951,-2.9147,0.146435,0.114245
temporal_coarse_1e19,13,49,14.48,1594,8.875,0.462027,-3.05642,0.638463,-2.14684,-3.15445,0.149334,0.0995294
temporal_coarse_1e19,13,50,6.05728,1620,7.96875,0.309571,-2.80738,0.587672,-2.24656,-2.86892,0.137576,0.112214
temporal_coarse_1e19,13,51,10.8498,1570,7.375,0.430534,-2.91124,0.6123,-2.20144,-2.98646,0.138555,0.0939832
temporal_coarse_1e19,13,52,16.5828,2376,11.25,0.443515,-2.8697,0.629544,-2.14813,-2.99209,0.145753,0.0871383
temporal_coarse_1e19,13,53,9.35038,1793,9.0625,0.280098,-2.89421,0.63476,-2.15518,-2.98502,0.145827,0.104816
temporal_coarse_1e19,13,54,28.6731,2591,9.75,0.582727,-2.9771,0.898614,-1.35125,-3.28251,0.291694,0.152796
temporal_coarse_1e19,13,55,16.0174,2368,8.875,0.428258,-2.92727,0.642229,-2.00056,-3.08384,0.153456,0.0968127
temporal_coarse_1e19,13,56,18.6665,1838,13.1875,0.992694,-3.01295,0.722109,-1.85997,-3.15864,0.219605,0.157947
temporal_coarse_1e19,13,57,16.5548,2594,12.25,0.97915,-2.84018,0.673071,-2.01731,-2.99497,0.169976,0.131397
temporal_coarse_1e19,13,58,13.0683,1223,8.4375,0.494222,-2.95806,0.590257,-2.14125,-3.02396,0.145909,0.0974744
temporal_coarse_1e19,13,59,13.1401,2543,9.3125,0.574646,-2.81955,0.578409,-2.21269,-2.93104,0.135004,0.0753097
temporal_coarse_1e19,13,60,10.3682,712,12.6875,0.436658,-2.92748,0.507941,-2.40836,-2.95107,0.11099,0.0558384
temporal_coarse_1e19,13,61,15.5851,1451,11.3125,0.896387,-3.106,0.671793,-1.92314,-3.22093,0.198336,0.18032
temporal_coarse_1e19,13,62,13.5964,1368,9.8125,0.594512,-2.85883,0.563315,-2.03912,-2.93351,0.177793,0.14983
temporal_coarse_1e19,13,63,15.8885,1177,9.875,0.511157,-3.09024,0.668556,-1.99226,-3.17522,0.177018,0.145798
temporal_fine_1e19,1,0,1.01335,1274,5.5,0.644139,-3.17135,0.408175,-3.02345,-3.18382,0.0574788,0.0569242
temporal_fine_1e19,1,1,1.01471,1394,5,0.581052,-3.14751,0.38036,-3.02372,-3.15903,0.0567704,0.0502355
temporal_fine_1e19,1,2,0.972159,2198,5.75,1.02133,-3.15157,0.379948,-3.03499,-3.16963,0.0558139,0.0478475
temporal_fine_1e19,1,3,0.993042,1766,5.90625,0.572556,-3.11796,0.395314,-2.97108,-3.1357,0.0600795,0.0523606
temporal_fine_1e19,1,4,1.03457,2092,4.90625,0.533343,-3.14482,0.43579,-2.97103,-3.17026,0.0591261,0.0457023
temporal_fine_1e19,1,5,0.950121,2242,5.03125,0.683285,-3.11722,0.385975,-2.99569,-3.13649,0.0549741,0.0321758
temporal_fine_1e19,1,6,0.889302,1133,5.53125,1.2473,-3.13638,0.319302,-3.05094,-3.14272,0.0541122,0.0445182
temporal_fine_1e19,1,7,1.14774,1333,5.65625,0.538466,-3.22694,0.451175,-2.9714,-3.24957,0.0621113,0.0554494
temporal_fine_1e19,1,8,0.911855,1950,4.71875,0.987478,-3.13222,0.349331,-2.98166,-3.15256,0.0612352,0.0580731
temporal_fine_1e19,1,9,0.881611,1296,4.6875,1.00503,-3.15222,0.354564,-3.03783,-3.16205,0.053637,0.0412206
temporal_fine_1e19,1,10,0.79884,1746,5.5625,0.633916,-3.13879,0.337661,-3.07886,-3.14593,0.050549,0.0333233
temporal_fine_1e19,1,11,1.06154,2022,5.09375,0.579571,-3.13382,0.406683,-2.99552,-3.15329,0.0586408,0.0544688
temporal_fine_1e19,1,12,1.26082,1772,4.25,0.679855,-3.26031,0.538268,-2.83962,-3.31133,0.0753205,0.0656229
temporal_fine_1e19,1,13,1.00912,1392,5.375,0.528053,-3.13284,0.363553,-3.00922,-3.14432,0.0532583,0.0276274
temporal_fine_1e19,1,14,1.00017,1521,4.78125,0.692833,-3.11199,0.342693,-3.02039,-3.12137,0.0542677,0.035034
temporal_fine_1e19,1,15,1.04868,1328,5.34375,0.51139,-3.14743,0.388743,-3.01849,-3.15881,0.0554274,0.0407196
temporal_fine_1e19,1,16,1.18323,1719,5.875,1.10211,-3.22827,0.431459,-2.97374,-3.2581,0.0594026,0.0446305
temporal_fine_1e19,1,17,0.972024,1253,5.4375,0.683144,-3.13475,0.361541,-3.01594,-3.14459,0.0563284,0.0412677
temporal_fine_1e19,1,18,0.890289,1757,5.25,0.917208,-3.1319,0.38431,-3.03907,-3.14305,0.0546105,0.0420811
temporal_fine_1e19,1,19,0.901761,1366,4.34375,0.966767,-3.0983,0.312073,-2.97228,-3.10976,0.0606828,0.0625029
temporal_fine_1e19,1,20,0.793057,1686,4.40625,0.736779,-3.1226,0.310024,-3.06065,-3.12971,0.051098,0.0374123
temporal_fine_1e19,1,21,1.02085,1421,5.8125,0.665817,-3.15981,0.387094,-3.01446,-3.17362,0.0586871,0.0552269
temporal_fine_1e19,1,22,0.840689,1164,4.9375,0.678326,-3.17885,0.303222,-3.09792,-3.18504,0.0497272,0.0295943
temporal_fine_1e19,1,23,1.35074,1763,4.5,0.35616,-3.1567,0.31443,-3.04172,-3.17056,0.0513325,0.0241108
temporal_fine_1e19,1,24,0.870137,1735,4.3125,0.530358,-3.14028,0.372128,-3.02063,-3.15446,0.0547013,0.0385775
temporal_fine_1e19,1,25,1.0499,1454,5.875,0.598969,-3.15706,0.378563,-3.0389,-3.16857,0.0531302,0.0370125
temporal_fine_1e19,1,26,0.81339,1721,4.8125,0.443806,-3.1218,0.317177,-3.0827,-3.12639,0.0501077,0.0271007
temporal_fine_1e19,1,27,0.994581,1517,5.59375,0.719931,-3.18284,0.372179,-3.03234,-3.19819,0.0557323,0.0482208
temporal_fine_1e19,1,28,1.01516,1401,5.15625,0.492973,-3.15392,0.396763,-3.00372,-3.16797,0.0562503,0.0472475
temporal_fine_1e19,1,29,1.03938,1915,5.0625,0.57123,-3.19003,0.454689,-2.97439,-3.21858,0.0588988,0.0455777
temporal_fine_1e19,1,30,1.27986,1671,4.53125,0.751937,-3.13546,0.329502,-3.02777,-3.1477,0.0548496,0.0402215
temporal_fine_1e19,1,31,1.13922,2153,5.0625,0.403503,-3.16924,0.44646,-2.97357,-3.19885,0.0568909,0.0346453
temporal_fine_1e19,1,32,0.915684,1889,5.4375,0.750841,-3.09825,0.328085,-3.02878,-3.1073,0.0532918,0.0345432
temporal_fine_1e19,1,33,0.796977,1394,5.03125,0.847537,-3.11964,0.338592,-3.07604,-3.1237,0.0488667,0.0211649
temporal_fine_1e19,1,34,0.848494,1847,5.3125,0.561425,-3.14163,0.340092,-3.05543,-3.15259,0.0512506,0.0304978
temporal_fine_1e19,1,35,1.06344,1369,5.21875,0.741361,-3.15626,0.425122,-2.96091,-3.17407,0.0640564,0.0710864
temporal_fine_1e19,1,36,0.987256,1237,4.875,0.434885,-3.11631,0.336833,-3.03717,-3.12278,0.052871,0.0343975
temporal_fine_1e19,1,37,0.984038,1671,5.28125,0.451488,-3.18014,0.416999,-2.99848,-3.20077,0.057873,0.0440679
temporal_fine_1e19,1,38,1.18626,1400,5.28125,0.796091,-3.21159,0.337854,-3.08666,-3.22326,0.051089,0.0301477
temporal_fine_1e19,1,39,0.894749,1414,4.875,0.592584,-3.19083,0.348646,-3.10475,-3.19896,0.049304,0.0284083
temporal_fine_1e19,1,40,0.923039,1428,5.46875,0.912489,-3.1252,0.306465,-3.06094,-3.13133,0.0525745,0.0433561
temporal_fine_1e19,1,41,0.894679,1369,4.59375,0.705018,-3.13638,0.392687,-3.04537,-3.14467,0.0533186,0.0364591
temporal_fine_1e19,1,42,0.971358,969,4.78125,0.835852,-3.12673,0.343102,-3.0336,-3.13258,0.0533603,0.0370413
temporal_fine_1e19,1,43,0.83394,1721,5.03125,0.711403,-3.12238,0.343523,-3.04737,-3.13118,0.0532491,0.0383275
temporal_fine_1e19,1,44,1.00034,1866,5.21875,1.25766,-3.17199,0.370065,-3.00793,-3.19308,0.0620704,0.0652234
temporal_fine_1e19,1,45,0.9552,2241,5.84375,0.624043,-3.13411,0.334351,-3.06423,-3.14518,0.0501263,0.0247732
temporal_fine_1e19,1,46,0.837725,2127,5.53125,0.79221,-3.10647,0.357146,-3.0376,-3.11674,0.0524533,0.0318524
temporal_fine_1e19,1,47,0.924167,1139,5.125,0.778644,-3.13664,0.318951,-3.04402,-3.14356,0.0537965,0.0425644
temporal_fine_1e19,1,48,0.886685,1297,6.03125,0.986433,-3.10088,0.331935,-3.03748,-3.10634,0.0526888,0.0383364
temporal_fine_1e19,1,49,1.00949,1356,5.09375,0.628206,-3.11799,0.375296,-2.98672,-3.12983,0.0582421,0.0440991
temporal_fine_1e19,1,50,0.870124,1569,5.40625,0.781127,-3.15664,0.370563,-3.03086,-3.16996,0.0558405,0.0503744
temporal_fine_1e19,1,51,0.965897,1543,5.375,1.24394,-3.14645,0.361589,-3.00178,-3.16149,0.0605447,0.0674943
temporal_fine_1e19,1,52,0.917009,1633,5,0.649523,-3.11135,0.346751,-3.01797,-3.12169,0.0538448,0.0340954
temporal_fine_1e19,1,53,0.969598,1790,5.4375,0.634742,-3.13545,0.367424,-3.03261,-3.14807,0.0538765,0.041239
temporal_fine_1e19,1,54,0.984004,1373,5.3125,1.05133,-3.14621,0.315906,-3.05514,-3.15454,0.0510348,0.0356361
temporal_fine_1e19,1,55,1.15916,2127,5.75,0.926212,-3.14629,0.409401,-3.00357,-3.16758,0.0595128,0.062194
temporal_fine_1e19,1,56,0.890306,1084,5.34375,0.67079,-3.12377,0.307207,-3.05637,-3.12855,0.0508438,0.0274606
temporal_fine_1e19,1,57,0.983304,1085,5.375,0.654282,-3.14448,0.33902,-3.02819,-3.15273,0.0563135,0.0492251
temporal_fine_1e19,1,58,0.891316,1772,4.28125,0.590433,-3.14015,0.297649,-3.07785,-3.14771,0.0520451,0.0414126
temporal_fine_1e19,1,59,1.19363,1444,5.21875,0.510493,-3.18021,0.398246,-3.04239,-3.19353,0.0550441,0.0503776
temporal_fine_1e19,1,60,0.920598,1322,4.25,0.749894,-3.15073,0.353457,-3.03523,-3.16086,0.0549775,0.0422659
temporal_fine_1e19,1,61,0.8607,1482,5.09375,0.921136,-3.0998,0.328515,-3.05328,-3.10443,0.0517804,0.0331386
temporal_fine_1e19,1,62,0.740705,1206,4.125,0.58006,-3.09877,0.331236,-3.03881,-3.10353,0.0521915,0.0295263
temporal_fine_1e19,1,63,1.10114,1257,5.53125,1.0639,-3.133,0.363433,-2.98411,-3.14537,0.0626584,0.0621958
temporal_fine_1e19,1,64,0.868118,1334,5.40625,0.735883,-3.13911,0.323453,-3.06872,-3.14535,0.0537079,0.0484438
temporal_fine_1e19,1,65,0.822828,2055,5.1875,0.795663,-3.12212,0.319592,-3.05779,-3.13134,0.0525732,0.038829
temporal_fine_1e19,1,66,0.970523,1612,5.34375,0.666399,-3.14618,0.322862,-3.04859,-3.15683,0.0524311,0.0357276
temporal_fine_1e19,1,67,0.870518,1640,4.65625,0.651802,-3.13261,0.34447,-3.04817,-3.142,0.0528971,0.0381736
temporal_fine_1e19,1,68,0.864273,1496,5.4375,0.962979,-3.10129,0.308682,-3.07667,-3.10377,0.0502032,0.0270324
temporal_fine_1e19,1,69,1.09397,1776,5.4375,0.906148,-3.11394,0.370106,-2.98037,-3.13018,0.058639,0.042236
temporal_fine_1e19,1,70,1.15972,1676,5.0625,0.47798,-3.22459,0.444885,-2.95874,-3.25488,0.0629461,0.0543436
temporal_fine_1e19,1,71,0.794848,1379,4.46875,0.628327,-3.13871,0.308894,-3.06929,-3.14509,0.0508291,0.0333792
temporal_fine_1e19,1,72,1.05373,1155,4.8125,0.839233,-3.15724,0.35094,-3.05616,-3.1649,0.0535531,0.0419578
temporal_fine_1e19,1,73,0.99583,1707,5.125,0.539018,-3.12852,0.359969,-3.04013,-3.1388,0.0545711,0.0402529
temporal_fine_1e19,1,74,0.941687,1768,4.53125,1.04541,-3.12681,0.318588,-3.02673,-3.13892,0.0558468,0.0463412
temporal_fine_1e19,1,75,0.978863,2009,6,0.660681,-3.15478,0.331946,-3.07258,-3.16627,0.0517103,0.0352407
temporal_fine_1e19,1,76,0.836005,2094,6.59375,0.75382,-3.09795,0.365251,-3.02021,-3.10935,0.0531602,0.0330384
temporal_fine_1e19,1,77,0.97804,2422,5.25,0.929565,-3.13862,0.387922,-2.99835,-3.16295,0.0561093,0.0425804
temporal_fine_1e19,1,78,1.0725,2014,5.09375,0.594173,-3.15718,0.407182,-3.04093,-3.17347,0.0527623,0.0381487
temporal_fine_1e19,1,79,1.04261,1008,6.53125,0.94597,-3.15126,0.36546,-3.04636,-3.15814,0.0546504,0.0453118
temporal_fine_1e19,1,80,0.778894,876,3.89062,0.579957,-3.10854,0.333281,-3.05448,-3.11159,0.0511012,0.0330898
temporal_fine_1e19,1,81,1.01813,2023,5.5625,1.02461,-3.1901,0.37691,-3.0438,-3.21071,0.0539376,0.0484408
temporal_fine_1e19,1,82,0.972182,1382,5.125,0.694,-3.09479,0.323463,-3.00212,-3.10332,0.057627,0.0480732
temporal_fine_1e19,1,83,1.20175,1149,4.96875,0.930679,-3.19552,0.364963,-2.98823,-3.21115,0.065422,0.071269
temporal_fine_1e19,1,84,0.925744,1638,5.6875,1.36098,-3.09187,0.345536,-3.00938,-3.10104,0.0542113,0.0405786
temporal_fine_1e19,1,85,1.05793,1576,6.53125,1.01161,-3.13555,0.373835,-3.0253,-3.14728,0.0562394,0.0431027
temporal_fine_1e19,1,86,1.08616,1414,5.78125,0.522346,-3.12472,0.355892,-2.99872,-3.13662,0.0566751,0.0451218
temporal_fine_1e19,1,87,1.12191,2138,5.53125,1.14055,-3.1379,0.357757,-3.03804,-3.15288,0.0555914,0.0510712
temporal_fine_1e19,1,88,1.49155,938,4.1875,0.45789,-3.20721,0.368734,-3.00598,-3.21943,0.0570636,0.03922
temporal_fine_1e19,1,89,1.35946,1723,6.03125,0.9678,-3.17848,0.344912,-3.06051,-3.19234,0.0553145,0.0455367
temporal_fine_1e19,1,90,1.20746,1323,5.09375,0.64825,-3.17836,0.40171,-2.99354,-3.19459,0.0599244,0.0571835
temporal_fine_1e19,1,91,0.918482,1491,4.84375,0.745099,-3.14035,0.313105,-3.06168,-3.14823,0.0514657,0.0348474
temporal_fine_1e19,1,92,0.978314,1816,4.46875,0.723546,-3.12214,0.347993,-3.04683,-3.13153,0.0533711,0.0386183
temporal_fine_1e19,1,93,0.938291,1546,4.96875,0.70751,-3.11716,0.327284,-3.04771,-3.1244,0.0537093,0.0425787
temporal_fine_1e19,1,94,0.899622,1054,4.625,0.729746,-3.0981,0.330765,-2.99581,-3.10513,0.0529592,0.029441
temporal_fine_1e19,1,95,0.822347,1592,5.15625,0.808993,-3.12636,0.305378,-3.06893,-3.13254,0.0491447,0.0249058
temporal_fine_1e19,1,96,1.01309,1055,4.8125,0.78437,-3.14374,0.373656,-3.03362,-3.15132,0.0545272,0.0453007
temporal_fine_1e19,1,97,1.01183,1942,5.28125,0.805567,-3.11505,0.357448,-2.9983,-3.13074,0.0559456,0.04475
temporal_fine_1e19,1,98,0.830371,1813,7.09375,4.76011,-3.13111,0.345833,-3.04752,-3.14151,0.0509071,0.0323929
temporal_fine_1e19,1,99,0.925518,1322,4.46875,0.532623,-3.13417,0.334646,-3.03175,-3.14316,0.052838,0.0331793
temporal_fine_1e19,1,100,0.921646,1434,4.09375,0.48092,-3.1297,0.345541,-3.00278,-3.14187,0.0550816,0.0398222
temporal_fine_1e19,1,101,0.878785,2411,5.28125,0.898836,-3.0908,0.309108,-3.03535,-3.10037,0.0522117,0.0315302
temporal_fine_1e19,1,102,1.16064,1531,4.96875,0.360695,-3.26844,0.415678,-3.0575,-3.29018,0.0524974,0.0323504
temporal_fine_1e19,1,103,1.14662,1167,5.09375,0.348022,-3.19145,0.448771,-2.96013,-3.20919,0.0628447,0.0573917
temporal_fine_1e19,1,104,0.999299,1132,5.40625,0.60759,-3.14375,0.390453,-2.99779,-3.15458,0.0586067,0.0567492
temporal_fine_1e19,1,105,0.832651,1670,4.8125,0.959391,-3.11267,0.321286,-3.07857,-3.11654,0.050411,0.0280559
temporal_fine_1e19,1,106,1.08065,2157,5.5,0.749905,-3.10243,0.373438,-2.94193,-3.12676,0.0592194,0.0415906
temporal_fine_1e19,1,107,1.22021,1403,4.53125,0.747936,-3.12773,0.339714,-2.98063,-3.1415,0.0556957,0.0425753
temporal_fine_1e19,1,108,0.987992,1375,6.15625,0.984511,-3.11679,0.357055,-2.97463,-3.12982,0.0616994,0.0660646
temporal_fine_1e19,1,109,0.935675,1314,5.0625,0.661652,-3.12116,0.335107,-3.02804,-3.12927,0.0567687,0.0502211
temporal_fine_1e19,1,110,0.855797,1384,6.09375,1.2794,-3.13633,0.307299,-3.07829,-3.14169,0.0515206,0.0400822
temporal_fine_1e19,1,111,0.865871,2120,6.4375,0.897645,-3.09479,0.324963,-3.04832,-3.1017,0.05199,0.0318976
temporal_fine_1e19,1,112,1.00757,1319,5.65625,0.536365,-3.16044,0.303781,-3.04137,-3.17086,0.0526139,0.0309055
temporal_fine_1e19,1,113,0.820525,2303,5,1.04005,-3.1519,0.357371,-3.04746,-3.16898,0.0518057,0.0340276
temporal_fine_1e19,1,114,1.08118,1248,5.71875,1.10636,-3.09595,0.329842,-2.9515,-3.10786,0.0642372,0.0646746
temporal_fine_1e19,1,115,0.832861,868,4.5,0.479491,-3.11205,0.358651,-3.0331,-3.11647,0.0541202,0.0397099
temporal_fine_1e19,1,116,1.00663,1235,5.09375,0.715916,-3.15726,0.341076,-3.00338,-3.16981,0.05868,0.0508131
temporal_fine_1e19,1,117,1.22787,855,5.21875,0.530003,-3.20273,0.413065,-2.95526,-3.21636,0.0624635,0.0545305
temporal_fine_1e19,1,118,1.24427,1821,5.28125,0.445879,-3.18472,0.36796,-3.04169,-3.20261,0.0563651,0.0488288
temporal_fine_1e19,1,119,1.08163,1695,7.09375,1.03305,-3.17634,0.392283,-3.00761,-3.19581,0.0555183,0.040734
temporal_fine_1e19,1,120,0.990099,1760,4.9375,0.921034,-3.13784,0.391165,-2.95519,-3.15982,0.0583198,0.0406535
temporal_fine_1e19,1,121,1.09298,1487,4.9375,0.515755,-3.27753,0.444561,-3.04586,-3.30065,0.0534629,0.0338221
temporal_fine_1e19,1,122,1.0921,1117,5.625,0.509406,-3.09577,0.357024,-2.99921,-3.10283,0.0543838,0.0360802
temporal_fine_1e19,1,123,0.985996,1670,4.90625,0.679807,-3.1832,0.349982,-3.02783,-3.20084,0.0576836,0.0567737
temporal_fine_1e19,1,124,1.36247,1618,4.9375,0.331869,-3.3005,0.611467,-2.73274,-3.36271,0.0853587,0.0782163
temporal_fine_1e19,1,125,0.896577,1546,5.40625,1.1395,-3.12064,0.349613,-3.05411,-3.12757,0.0516694,0.0310715
temporal_fine_1e19,1,126,0.875566,1615,5.6875,0.863448,-3.12213,0.363647,-3.01469,-3.13388,0.059408,0.059373
temporal_fine_1e19,1,127,1.08829,1228,4.75,0.996856,-3.19562,0.374453,-2.98389,-3.21277,0.0623728,0.0579768
temporal_fine_1e19,1,128,1.05887,1342,5.34375,0.644237,-3.13783,0.335004,-3.03671,-3.14685,0.0550757,0.0459834
temporal_fine_1e19,1,129,0.963637,1677,4.90625,0.392724,-3.17122,0.371211,-3.04939,-3.18511,0.0575633,0.0560929
temporal_fine_1e19,1,130,0.780034,2363,4.96875,0.587996,-3.12857,0.287097,-3.06769,-3.13883,0.0488312,0.0234474
temporal_fine_1e19,1,131,0.944708,1864,4.6875,0.695516,-3.12272,0.384576,-2.99224,-3.13947,0.0581675,0.0488458
temporal_fine_1e19,1,132,1.22685,1472,5.0625,0.512292,-3.18696,0.370347,-2.97544,-3.20784,0.0591521,0.053465
temporal_fine_1e19,1,133,0.965336,1429,5.59375,0.622926,-3.12607,0.362799,-3.00798,-3.13736,0.0560256,0.0401798
temporal_fine_1e19,1,134,0.750243,929,5.09375,0.845952,-3.13106,0.320659,-3.06491,-3.13504,0.0547278,0.0514113
temporal_fine_1e19,1,135,0.830909,1147,5.5,1.07187,-3.12111,0.283638,-3.07565,-3.12453,0.0505037,0.0329526
temporal_fine_1e19,1,136,0.98512,1634,4.5625,0.48054,-3.14841,0.402298,-3.00654,-3.16412,0.0578908,0.0483243
temporal_fine_1e19,1,137,1.01402,1240,6.25,0.76118,-3.12013,0.348509,-3.02446,-3.12797,0.0536684,0.0327485
temporal_fine_1e19,1,138,0.812982,1379,4.5625,0.655583,-3.135,0.337165,-3.04232,-3.14351,0.0529498,0.0429564
temporal_fine_1e19,1,139,0.591929,704,4.34375,0.971232,-3.12302,0.311608,-3.06381,-3.12568,0.0498387,0.0224411
temporal_fine_1e19,1,140,1.01769,1390,5.5625,1.87138,-3.20833,0.372504,-3.0542,-3.22262,0.0577464,0.056131
temporal_fine_1e19,1,141,1.11841,1611,5.65625,0.992392,-3.12672,0.330712,-3.04979,-3.13511,0.0537956,0.0419252
temporal_fine_1e19,1,142,0.904714,1966,5.1875,0.707807,-3.15602,0.385585,-3.06032,-3.16907,0.0516674,0.0325699
temporal_fine_1e19,1,143,0.818172,1186,4.03125,0.373993,-3.12889,0.388803,-3.02075,-3.13733,0.0549365,0.0340961
temporal_fine_1e19,1,144,1.1526,1691,6.28125,0.630756,-3.14091,0.334493,-2.99501,-3.1577,0.055464,0.0383388
temporal_fine_1e19,1,145,0.730613,1177,5.5,0.801339,-3.12699,0.315064,-3.03336,-3.13423,0.0510397,0.0308154
temporal_fine_1e19,1,146,0.918047,1195,4.84375,1.31836,-3.12731,0.337651,-3.0242,-3.13542,0.055037,0.0415202
temporal_fine_1e19,1,147,0.928732,1479,5.21875,1.00408,-3.15813,0.356775,-3.04191,-3.16966,0.0545779,0.0430649
temporal_fine_1e19,1,148,1.11509,1661,4.5625,0.435593,-3.18111,0.421354,-2.96467,-3.20552,0.0610901,0.0512505
temporal_fine_1e19,1,149,0.883355,1271,5.8125,0.58812,-3.14281,0.392823,-3.02999,-3.1523,0.0550368,0.0424583
temporal_fine_1e19,1,150,1.1531,1722,5.6875,1.39259,-3.19981,0.45052,-3.00745,-3.2224,0.0594231,0.0525841
temporal_fine_1e19,1,151,0.913204,683,5.46875,1.21732,-3.11597,0.31896,-3.04113,-3.11923,0.0515221,0.0230401
temporal_fine_1e19,1,152,0.919705,1653,4.90625,0.46743,-3.15935,0.37133,-3.01928,-3.17507,0.0538677,0.0381046
temporal_fine_1e19,1,153,0.932983,1793,5.6875,1.06621,-3.1391,0.337655,-3.08102,-3.14624,0.0497749,0.0284777
temporal_fine_1e19,1,154,1.04723,1632,5.78125,1.35645,-3.13064,0.297441,-3.07246,-3.13708,0.0519855,0.0364669
temporal_fine_1e19,1,155,1.00207,1254,4.65625,0.413732,-3.14958,0.377153,-2.99964,-3.16201,0.0577956,0.0397057
temporal_fine_1e19,1,156,1.04239,1560,7.15625,5.11645,-3.13825,0.40832,-2.96842,-3.15612,0.062438,0.0582933
temporal_fine_1e19,1,157,0.939578,1718,4.84375,0.957677,-3.15663,0.316875,-3.07291,-3.16643,0.0513883,0.0372284
temporal_fine_1e19,1,158,2.27619,1685,9.75,3.11589,-3.1942,0.394086,-2.97627,-3.21918,0.0599703,0.0629343
temporal_fine_1e19,1,159,1.12669,1488,5.875,0.957733,-3.08886,0.344581,-2.95322,-3.10241,0.059332,0.0453173
temporal_fine_1e19,1,160,1.00719,1271,5.0625,0.600707,-3.19598,0.387495,-2.95918,-3.2159,0.0649656,0.0612229
temporal_fine_1e19,1,161,0.874174,2270,5.25,0.547196,-3.11775,0.3717,-3.03511,-3.13105,0.0526628,0.0329801
temporal_fine_1e19,1,162,0.803185,1720,4.9375,0.918954,-3.08693,0.343458,-2.98042,-3.09943,0.0562396,0.0354329
temporal_fine_1e19,1,163,1.43868,1602,7.71875,1.06296,-3.27931,0.355836,-2.98456,-3.31125,0.0603543,0.0432969
temporal_fine_1e19,1,164,1.02766,1937,6.25,0.72404,-3.17343,0.429955,-3.04099,-3.19119,0.0532916,0.035263
temporal_fine_1e19,1,165,1.09123,1786,4.71875,0.633672,-3.17667,0.38608,-3.043,-3.19303,0.0567751,0.0503558
temporal_fine_1e19,1,166,0.864604,1169,5.34375,0.843358,-3.15013,0.363169,-3.04749,-3.15802,0.051613,0.0302426
temporal_fine_1e19,1,167,0.789763,1283,5.3125,1.0006,-3.12916,0.310909,-3.06515,-3.1346,0.0499288,0.032398
temporal_fine_1e19,1,168,1.05569,1473,4.625,0.858885,-3.19103,0.394005,-2.98979,-3.2109,0.0583489,0.0450226
temporal_fine_1e19,1,169,1.02884,1565,6.34375,0.541644,-3.13071,0.354844,-3.01798,-3.14261,0.0550932,0.0395874
temporal_fine_1e19,1,170,0.857606,1382,5.65625,0.975071,-3.12426,0.32081,-3.06503,-3.12971,0.0513392,0.0390149
temporal_fine_1e19,1,171,1.41749,1679,4.40625,0.48719,-3.24654,0.358165,-2.95984,-3.27927,0.0563898,0.0266701
temporal_fine_1e19,1,172,0.881273,1382,4.78125,0.797801,-3.14408,0.347323,-3.02501,-3.15505,0.0554574,0.0485347
temporal_fine_1e19,1,173,0.847982,1753,5.3125,0.825296,-3.11293,0.345151,-3.03311,-3.12249,0.0540067,0.0398717
temporal_fine_1e19,1,174,0.74627,710,5.125,0.5841,-3.08527,0.294767,-3.05272,-3.08674,0.0506458,0.0237308
temporal_fine_1e19,1,175,1.1362,1436,5.09375,1.05588,-3.18391,0.435669,-2.91456,-3.20979,0.0730701,0.0811215
temporal_fine_1e19,1,176,0.687422,1609,4.6875,0.669942,-3.12111,0.313652,-3.06583,-3.12713,0.05064,0.0286786
temporal_fine_1e19,1,177,0.984507,1120,5.96875,0.444655,-3.11813,0.349434,-3.05179,-3.123,0.0519431,0.0330053
temporal_fine_1e19,1,178,0.854814,1110,6.09375,0.782794,-3.13905,0.326864,-3.02979,-3.14699,0.0558482,0.0482634
temporal_fine_1e19,1,179,0.88224,1606,4.40625,0.551821,-3.1152,0.316162,-3.05361,-3.12189,0.0528893,0.0391209
temporal_fine_1e19,1,180,0.940481,1742,5.8125,0.418522,-3.20544,0.365568,-3.07004,-3.22155,0.0521205,0.0362406
temporal_fine_1e19,1,181,1.00917,1370,5.8125,0.865304,-3.13619,0.355199,-3.04112,-3.14487,0.0566741,0.0555212
temporal_fine_1e19,1,182,1.042,1477,5.59375,0.704471,-3.12017,0.380181,-2.97295,-3.13476,0.0611709,0.0593386
temporal_fine_1e19,1,183,1.04216,1491,4.625,1.03492,-3.17874,0.349661,-3.04145,-3.19249,0.0587143,0.0529201
temporal_fine_1e19,1,184,1.08401,1569,4.59375,0.411234,-3.13902,0.418863,-2.95357,-3.15866,0.0641029,0.0558563
temporal_fine_1e19,1,185,0.744565,2300,4.59375,0.640861,-3.12537,0.318255,-3.07705,-3.13326,0.0490577,0.0250248
temporal_fine_1e19,1,186,1.06924,1301,5.6875,0.82724,-3.14822,0.319368,-3.08568,-3.15361,0.0515559,0.0355898
temporal_fine_1e19,1,187,1.04183,1285,6.0625,0.977324,-3.14047,0.369298,-3.02119,-3.15062,0.0548019,0.0398679
temporal_fine_1e19,1,188,0.942243,1605,5.25,0.702929,-3.12355,0.361046,-3.00233,-3.13671,0.0567719,0.0514133
temporal_fine_1e19,1,189,1.14651,1015,5.75,0.719774,-3.30805,0.389358,-3.07582,-3.32338,0.0538968,0.0431485
temporal_fine_1e19,1,190,0.993361,1536,5.71875,0.668047,-3.14616,0.385054,-3.05943,-3.15513,0.0535342,0.0374507
temporal_fine_1e19,1,191,1.08653,1348,4.28125,0.618952,-3.12338,0.405095,-2.92494,-3.14117,0.0674841,0.0670279
temporal_fine_1e19,2,0,1.27652,1707,6.09375,0.391173,-3.35801,0.531203,-3.23841,-3.37192,0.0465053,0.0398584
temporal_fine_1e19,2,1,1.49251,1179,4.90625,0.325877,-3.45416,0.603663,-3.14619,-3.47804,0.0580811,0.0659308
temporal_fine_1e19,2,2,1.52114,814,5.5,0.501018,-3.50809,0.547511,-3.21587,-3.52337,0.0628558,0.09594
temporal_fine_1e19,2,3,1.58465,1208,5.34375,0.36205,-3.48252,0.617642,-3.16743,-3.5076,0.0617173,0.0842142
temporal_fine_1e19,2,4,1.20245,1291,8.0625,0.375993,-3.35047,0.486307,-3.28096,-3.35642,0.0465645,0.0472772
temporal_fine_1e19,2,5,1.3003,1809,5.3125,0.260572,-3.34864,0.576074,-3.23771,-3.36241,0.0487508,0.0468654
temporal_fine_1e19,2,6,1.61301,1095,4.78125,0.325252,-3.59253,0.86557,-3.0242,-3.63323,0.0788187,0.108008
temporal_fine_1e19,2,7,1.43687,1874,6,0.27064,-3.41468,0.611404,-3.22326,-3.4394,0.0553677,0.080665
temporal_fine_1e19,2,8,1.99096,867,4.5,0.175966,-3.67724,0.663341,-3.01138,-3.71444,0.0847823,0.11405
temporal_fine_1e19,2,9,1.93339,1872,6.125,0.449185,-3.64408,0.829261,-3.00172,-3.72695,0.0777725,0.098606
temporal_fine_1e19,2,10,1.52448,1855,6.84375,0.316991,-3.48392,0.669357,-3.18901,-3.52158,0.0586938,0.0733161
temporal_fine_1e19,2,11,1.70598,1810,5.21875,0.255516,-3.50378,0.679877,-3.14956,-3.54777,0.0730974,0.111954
temporal_fine_1e19,2,12,1.53651,1494,4.625,0.236196,-3.50096,0.659335,-3.19723,-3.53144,0.057884,0.0689529
temporal_fine_1e19,2,13,1.40627,1694,5.90625,0.451404,-3.37177,0.50767,-3.23399,-3.38766,0.0501015,0.0586194
temporal_fine_1e19,2,14,1.57786,1472,5.59375,0.247336,-3.55842,0.480006,-3.35962,-3.57804,0.043204,0.0444342
temporal_fine_1e19,2,15,1.51762,1178,5.71875,0.354262,-3.37817,0.528612,-3.25218,-3.38794,0.0504508,0.0670111
temporal_fine_1e19,2,16,1.35924,1972,5.78125,0.509777,-3.38519,0.505134,-3.25866,-3.4025,0.0478246,0.0515949
temporal_fine_1e19,2,17,2.11823,2433,5.625,0.156048,-3.44544,0.730473,-2.99894,-3.52331,0.07011,0.0795853
temporal_fine_1e19,2,18,1.47381,1661,5.1875,0.295133,-3.40958,0.620699,-3.21777,-3.43122,0.0568239,0.0788872
temporal_fine_1e19,2,19,1.47565,1747,5.1875,0.311936,-3.61741,0.786285,-3.13943,-3.67446,0.0620375,0.0710718
temporal_fine_1e19,2,20,1.58849,1779,4.90625,0.261153,-3.48402,0.722724,-3.10916,-3.52968,0.0683622,0.0924441
temporal_fine_1e19,2,21,1.43331,1862,8.3125,0.441326,-3.43653,0.425693,-3.36166,-3.44613,0.0420947,0.0480959
temporal_fine_1e19,2,22,1.53627,1256,5.875,0.26318,-3.43266,0.634194,-3.23962,-3.44869,0.0595624,0.100583
temporal_fine_1e19,2,23,1.54775,1513,5.5,0.249566,-3.4624,0.713298,-3.09843,-3.49943,0.0675505,0.0905302
temporal_fine_1e19,2,24,1.38075,1292,5.5625,0.327818,-3.3873,0.547654,-3.26351,-3.3979,0.0490408,0.0582562
temporal_fine_1e19,2,25,1.33832,2044,5.375,0.320888,-3.3914,0.603737,-3.2368,-3.41343,0.0505914,0.0602347
temporal_fine_1e19,2,26,1.74652,1375,6.4375,0.467152,-3.52166,0.671732,-3.14833,-3.55586,0.0604686,0.0672362
temporal_fine_1e19,2,27,1.50242,1164,4.875,0.231774,-3.37074,0.553635,-3.02151,-3.39745,0.0657757,0.0680931
temporal_fine_1e19,2,28,1.25395,1454,5.3125,0.3899,-3.34378,0.491246,-3.25119,-3.3528,0.0471834,0.0502649
temporal_fine_1e19,2,29,1.47304,1300,5.4375,0.366058,-3.38903,0.566744,-3.19453,-3.40579,0.0542769,0.0641582
temporal_fine_1e19,2,30,1.44716,1727,5.6875,0.318956,-3.39604,0.585201,-3.26865,-3.41105,0.0524618,0.075122
temporal_fine_1e19,2,31,1.81082,2117,4.96875,0.426072,-3.59718,0.74903,-3.05768,-3.67723,0.0738519,0.0903028
temporal_fine_1e19,2,32,1.56235,1425,5.25,0.231116,-3.36951,0.631013,-3.16766,-3.38873,0.0540082,0.0543729
temporal_fine_1e19,2,33,1.76425,722,6.4375,0.417568,-3.53948,0.539132,-3.27215,-3.5518,0.0503212,0.0637788
temporal_fine_1e19,2,34,1.32721,1140,5.125,0.262135,-3.45072,0.456574,-3.34823,-3.45839,0.0453093,0.0643975
temporal_fine_1e19,2,35,1.08689,1727,4.28125,0.225766,-3.2428,0.417804,-3.11966,-3.25731,0.0495581,0.0290386
temporal_fine_1e19,2,36,1.32326,2324,9.0625,0.533741,-3.34768,0.515736,-3.25068,-3.36371,0.0505627,0.072203
temporal_fine_1e19,2,37,1.65076,1333,4.75,0.337143,-3.56633,0.808561,-2.98636,-3.61769,0.0863749,0.122048
temporal_fine_1e19,2,38,1.58769,2119,5.28125,0.301429,-3.39366,0.552565,-3.16655,-3.4274,0.0576748,0.0761324
temporal_fine_1e19,2,39,1.63606,1525,4.875,0.46115,-3.49988,0.649652,-3.12454,-3.5384,0.0621832,0.0705756
temporal_fine_1e19,2,40,1.18359,1185,5.15625,0.508742,-3.37394,0.448519,-3.27614,-3.38157,0.0456904,0.0542891
temporal_fine_1e19,2,41,1.33881,1613,6.40625,0.228883,-3.34187,0.398794,-3.25769,-3.35106,0.0456225,0.0493038
temporal_fine_1e19,2,42,1.59438,1355,4.5625,0.349234,-3.7962,0.86528,-3.06201,-3.8624,0.0771759,0.101567
temporal_fine_1e19,2,43,1.44784,1546,4.875,0.263686,-3.4885,0.510604,-3.31266,-3.50683,0.045722,0.0397196
temporal_fine_1e19,2,44,1.42437,1401,5.6875,0.352882,-3.5496,0.476244,-3.40339,-3.56327,0.0415594,0.0442558
temporal_fine_1e19,2,45,1.60974,1425,5.71875,0.194317,-3.48243,0.63892,-3.10818,-3.51808,0.0634099,0.0692715
temporal_fine_1e19,2,46,1.26763,1157,5.0625,0.240943,-3.42958,0.500896,-3.32722,-3.43736,0.0476902,0.0700405
temporal_fine_1e19,2,47,1.82879,1298,4.40625,0.2577,-3.55294,0.623024,-3.16957,-3.58593,0.0670568,0.10521
temporal_fine_1e19,2,48,1.46181,890,4.40625,0.193021,-3.49451,0.504118,-3.30216,-3.50556,0.0479054,0.0605371
temporal_fine_1e19,2,49,1.43494,1674,5.28125,0.230413,-3.44559,0.481752,-3.29642,-3.46257,0.0481109,0.0606382
temporal_fine_1e19,2,50,1.51428,974,4.71875,0.204588,-3.41947,0.522103,-3.21455,-3.43242,0.0584916,0.0924977
temporal_fine_1e19,2,51,1.50944,947,5.15625,0.250709,-3.40916,0.465506,-3.28309,-3.41689,0.049735,0.0587827
temporal_fine_1e19,2,52,1.7292,1263,4.625,0.294283,-3.6626,0.82604,-3.0987,-3.7097,0.0712588,0.0901358
temporal_fine_1e19,2,53,1.68181,1549,7.4375,0.472052,-3.48225,0.638695,-3.14769,-3.51718,0.0664157,0.0956949
temporal_fine_1e19,2,54,1.62927,2299,5.375,0.227735,-3.43292,0.606809,-3.22845,-3.46629,0.0554139,0.0770597
temporal_fine_1e19,2,55,1.20485,1706,5.53125,0.180654,-3.34384,0.425884,-3.26911,-3.35253,0.0426683,0.0316312
temporal_fine_1e19,2,56,1.51531,1213,4.9375,0.356567,-3.43245,0.699893,-3.11667,-3.4577,0.0653883,0.0894234
temporal_fine_1e19,2,57,0.911964,1112,4.78125,0.52701,-3.34013,0.409994,-3.30999,-3.34233,0.0408699,0.0269601
temporal_fine_1e19,2,58,1.72418,1265,4.3125,0.194829,-3.47824,0.557647,-3.27735,-3.49505,0.0523373,0.0696762
temporal_fine_1e19,2,59,1.57982,2381,5.8125,0.309855,-3.48474,0.667524,-3.13709,-3.54385,0.0729622,0.113533
temporal_fine_1e19,2,60,1.61941,1654,5.09375,0.251982,-3.50007,0.715371,-3.18455,-3.5355,0.0586545,0.0734227
temporal_fine_1e19,2,61,1.48461,977,7.90625,0.816943,-3.48289,0.496288,-3.28321,-3.49556,0.0465024,0.0449211
temporal_fine_1e19,2,62,1.69136,1180,8.75,0.377854,-3.47701,0.512317,-3.22617,-3.49648,0.0542049,0.0684565
temporal_fine_1e19,2,63,1.52356,2094,6.5,0.416072,-3.4177,0.676025,-3.17642,-3.45306,0.0568613,0.0701288
temporal_fine_1e19,2,64,1.70391,1572,4.5625,0.192982,-3.52008,0.688334,-3.15686,-3.55863,0.0691941,0.0976869
temporal_fine_1e19,2,65,1.66429,1880,6.75,0.766173,-3.52584,0.591916,-3.24192,-3.56264,0.0504986,0.0482715
temporal_fine_1e19,2,66,1.97152,1695,7.53125,0.477666,-3.6271,0.530793,-3.34355,-3.65982,0.0474608,0.0561961
temporal_fine_1e19,2,67,1.31591,1718,4.9375,0.237493,-3.36352,0.567637,-3.27455,-3.37394,0.0457573,0.0422404
temporal_fine_1e19,2,68,1.28111,1566,5.8125,0.460118,-3.35477,0.476899,-3.23321,-3.36762,0.0490429,0.0591439
temporal_fine_1e19,2,69,1.09819,1719,6.78125,0.498419,-3.37722,0.482089,-3.28747,-3.38774,0.0449764,0.0521525
temporal_fine_1e19,2,70,1.53967,1732,5.125,0.276681,-3.39798,0.571753,-3.18924,-3.42265,0.0562918,0.066854
temporal_fine_1e19,2,71,1.32831,1442,5.46875,0.404467,-3.37384,0.4552,-3.29771,-3.38119,0.0451474,0.0529928
temporal_fine_1e19,2,72,1.45756,2142,5.125,0.282154,-3.41482,0.541905,-3.19311,-3.44816,0.0535283,0.0610343
temporal_fine_1e19,2,73,1.75931,1925,5.09375,0.334155,-3.54448,0.523306,-3.19563,-3.59092,0.0525433,0.0540963
temporal_fine_1e19,2,74,1.67983,1146,5.71875,0.365192,-3.41912,0.569389,-3.12274,-3.44141,0.0680786,0.0944485
temporal_fine_1e19,2,75,1.11939,1999,5.59375,0.479447,-3.35288,0.492501,-3.28299,-3.36259,0.0466803,0.0583427
temporal_fine_1e19,2,76,1.42085,1517,5.28125,0.264104,-3.42411,0.6432,-3.16757,-3.45029,0.0625997,0.0882087
temporal_fine_1e19,2,77,1.1138,2001,4.96875,0.342333,-3.34099,0.418407,-3.26695,-3.3513,0.0450034,0.0420397
temporal_fine_1e19,2,78,1.54152,1702,4.5,0.157547,-3.48418,0.585308,-3.26082,-3.51007,0.0557212,0.0774747
temporal_fine_1e19,2,79,1.39228,1488,5.28125,0.249292,-3.38502,0.461671,-3.28402,-3.39511,0.0466649,0.0570378
temporal_fine_1e19,2,80,1.45613,1547,5.3125,0.421713,-3.49501,0.58789,-3.26033,-3.51948,0.0572266,0.0881955
temporal_fine_1e19,2,81,1.30029,1019,4.8125,0.159112,-3.40738,0.59124,-3.29649,-3.41474,0.044645,0.0427041
temporal_fine_1e19,2,82,2.28713,1459,5,0.556032,-3.83535,0.765737,-3.14342,-3.90299,0.0709996,0.0920736
temporal_fine_1e19,2,83,1.46734,1370,5.25,0.349227,-3.45911,0.76408,-3.16836,-3.48564,0.0648227,0.097875
temporal_fine_1e19,2,84,1.8634,1874,4.625,0.313334,-3.74908,0.655257,-3.26732,-3.8113,0.0565226,0.0627929
temporal_fine_1e19,2,85,1.47796,1792,4.84375,0.187379,-3.41494,0.474074,-3.26466,-3.4334,0.052627,0.0821208
temporal_fine_1e19,2,86,1.72333,1612,6.40625,0.394237,-3.5068,0.595874,-3.25826,-3.53393,0.0554094,0.0801464
temporal_fine_1e19,2,87,1.68746,1991,5.1875,0.253487,-3.4826,0.55068,-3.21384,-3.51977,0.0537921,0.0613253
temporal_fine_1e19,2,88,1.52968,1577,5.84375,0.312936,-3.43898,0.607186,-3.21357,-3.46299,0.0566262,0.0866872
temporal_fine_1e19,2,89,1.2893,1632,5.625,0.282111,-3.40673,0.575958,-3.27074,-3.42177,0.0464883,0.0413178
temporal_fine_1e19,2,90,1.56357,1506,6.375,0.421714,-3.48905,0.621234,-3.22417,-3.51586,0.0550279,0.0695999
temporal_fine_1e19,2,91,1.4792,1436,5.0625,0.247385,-3.50931,0.595547,-3.29296,-3.5301,0.0530149,0.0682018
temporal_fine_1e19,2,92,1.90616,1525,5.0625,0.199987,-3.42253,0.512515,-3.17105,-3.44835,0.0577334,0.0732128
temporal_fine_1e19,2,93,1.61507,1600,5.1875,0.211811,-3.4237,0.545317,-3.15201,-3.4531,0.0556551,0.0560695
temporal_fine_1e19,2,94,1.49322,1754,4.8125,0.173499,-3.45814,0.73353,-3.16896,-3.49281,0.0571675,0.0685356
temporal_fine_1e19,2,95,1.36989,1297,4.28125,0.177384,-3.28383,0.377896,-3.17868,-3.29287,0.0460788,0.0245454
temporal_fine_1e19,2,96,1.50642,1624,5.46875,0.266554,-3.39199,0.472498,-3.2816,-3.40413,0.0475721,0.0579788
temporal_fine_1e19,2,97,1.37286,1711,4.96875,0.291291,-3.40968,0.696225,-3.1988,-3.43427,0.0575126,0.0782989
temporal_fine_1e19,2,98,1.52663,2084,4.84375,0.285073,-3.67235,0.951109,-2.92393,-3.78142,0.0923658,0.118819
temporal_fine_1e19,2,99,1.35506,2196,6.71875,0.279323,-3.46717,0.532247,-3.31484,-3.49075,0.0432066,0.0400335
temporal_fine_1e19,2,100,1.41241,1494,5.53125,0.274596,-3.45655,0.519852,-3.30216,-3.47204,0.0478054,0.0559083
temporal_fine_1e19,2,101,1.34649,1510,5.125,0.237101,-3.42212,0.550985,-3.24595,-3.44001,0.0524273,0.0720315
temporal_fine_1e19,2,102,1.36044,1514,5.03125,0.268859,-3.55173,0.624757,-3.20226,-3.58731,0.057067,0.071417
temporal_fine_1e19,2,103,1.48296,1601,5.34375,0.391723,-3.39609,0.501575,-3.22677,-3.41443,0.0499156,0.0603376
temporal_fine_1e19,2,104,1.59097,1026,5.4375,0.609509,-3.43376,0.442887,-3.24784,-3.44618,0.0485174,0.0557368
temporal_fine_1e19,2,105,1.45471,1211,5.3125,0.200893,-3.54836,0.671929,-3.16915,-3.57862,0.0685761,0.0931792
temporal_fine_1e19,2,106,1.52277,1478,4.9375,0.233455,-3.48273,0.605975,-3.27675,-3.50316,0.0532976,0.0749402
temporal_fine_1e19,2,107,1.30328,1530,5.21875,0.355969,-3.39036,0.527641,-3.21471,-3.40845,0.0505279,0.0618947
temporal_fine_1e19,2,108,1.63476,1471,5.53125,0.319041,-3.63696,0.859982,-3.01597,-3.69822,0.0778551,0.103443
temporal_fine_1e19,2,109,1.78046,1430,5.84375,0.289827,-3.4897,0.597723,-3.20701,-3.51673,0.0611563,0.0892254
temporal_fine_1e19,2,110,1.42293,1351,4.46875,0.236579,-3.49775,0.726248,-3.19819,-3.52467,0.0589055,0.0765482
temporal_fine_1e19,2,111,1.87858,1710,5.59375,0.378051,-3.47028,0.544497,-3.24036,-3.49708,0.0508977,0.0502748
temporal_fine_1e19,2,112,1.68788,983,7.4375,0.427212,-3.56946,0.717791,-3.19314,-3.59348,0.0644519,0.0817525
temporal_fine_1e19,2,113,1.62903,1424,5.40625,0.382924,-3.64795,0.745402,-3.0869,-3.70136,0.0681964,0.0799292
temporal_fine_1e19,2,114,2.32271,1346,6.3125,0.512624,-3.52571,0.565034,-3.04091,-3.5691,0.056669,0.0486161
temporal_fine_1e19,2,115,1.5069,1891,4.5625,0.183303,-3.52374,0.583773,-3.26248,-3.55783,0.0549548,0.0679349
temporal_fine_1e19,2,116,1.47498,2057,6.875,0.401111,-3.40217,0.589049,-3.26042,-3.42252,0.0509039,0.068272
temporal_fine_1e19,2,117,1.4715,1593,6.84375,0.196259,-3.45907,0.647316,-3.24977,-3.48161,0.0536756,0.0649589
temporal_fine_1e19,2,118,1.61659,1426,4.65625,0.404215,-3.80966,0.832452,-3.06088,-3.88105,0.0751589,0.0962774
temporal_fine_1e19,2,119,1.4837,636,5.78125,0.48188,-3.39984,0.525527,-3.17829,-3.40878,0.0564778,0.0757403
temporal_fine_1e19,2,120,1.45358,1945,5.125,0.289583,-3.4627,0.551278,-3.3192,-3.48203,0.0483901,0.0666934
temporal_fine_1e19,2,121,1.61846,1631,5.78125,0.161314,-3.48886,0.54603,-3.21932,-3.51865,0.0627239,0.10237
temporal_fine_1e19,2,122,1.34437,1750,5.5625,0.290675,-3.30941,0.387856,-3.23845,-3.3179,0.0446983,0.0381488
temporal_fine_1e19,2,123,1.52623,1472,4.6875,0.232684,-3.48469,0.649994,-3.13993,-3.51873,0.0690771,0.103056
temporal_fine_1e19,2,124,1.57629,1629,5.1875,0.28461,-3.50037,0.542434,-3.28285,-3.52438,0.0485355,0.0571005
temporal_fine_1e19,2,125,1.29851,1231,5.625,0.333816,-3.38529,0.456592,-3.22838,-3.39804,0.0484988,0.0435759
temporal_fine_1e19,2,126,1.26733,1692,5.0625,0.189291,-3.44659,0.513634,-3.3308,-3.45992,0.0454013,0.0521444
temporal_fine_1e19,2,127,1.61844,1854,6.71875,0.895898,-3.64857,0.772629,-3.09373,-3.71937,0.0796048,0.121846
temporal_fine_1e19,2,128,1.97886,1171,4.90625,0.223622,-3.43283,0.541381,-3.01251,-3.46518,0.0787074,0.109967
temporal_fine_1e19,2,129,1.58809,1579,6.15625,0.444267,-3.389,0.553288,-3.24138,-3.40474,0.0508396,0.0651551
temporal_fine_1e19,2,130,1.24008,1373,7.03125,0.795477,-3.40668,0.509678,-3.22213,-3.42356,0.053935,0.0676559
temporal_fine_1e19,2,131,1.51316,1847,5.34375,0.188451,-3.53278,0.806691,-3.09302,-3.58866,0.0724568,0.100672
temporal_fine_1e19,2,132,1.37689,1550,5.65625,0.475054,-3.41331,0.436536,-3.23604,-3.43184,0.0509518,0.0685745
temporal_fine_1e19,2,133,1.52626,1547,5.15625,0.385185,-3.76624,0.91072,-3.1133,-3.83432,0.0732947,0.0937996
temporal_fine_1e19,2,134,1.42757,1871,7.5,0.544697,-3.42481,0.441238,-3.31061,-3.43954,0.0442989,0.0472514
temporal_fine_1e19,2,135,1.5217,1451,5.875,0.32199,-3.41453,0.528712,-3.28885,-3.42674,0.0479303,0.0538465
temporal_fine_1e19,2,136,1.38476,1188,5.96875,0.318308,-3.40631,0.518798,-3.31495,-3.41345,0.0466891,0.0608533
temporal_fine_1e19,2,137,1.35841,1538,5.3125,0.197596,-3.46245,0.476344,-3.33155,-3.47601,0.0432167,0.0409554
temporal_fine_1e19,2,138,1.57812,1666,5.15625,0.334641,-3.48678,0.582124,-3.21951,-3.51704,0.059665,0.0802019
temporal_fine_1e19,2,139,1.68016,1875,5.75,0.296172,-3.53316,0.503683,-3.38195,-3.55271,0.0438928,0.0533987
temporal_fine_1e19,2,140,1.93019,1690,6.375,0.423321,-3.60091,0.673877,-3.14686,-3.65313,0.0690013,0.090679
temporal_fine_1e19,2,141,1.3728,1354,5.625,0.450213,-3.4325,0.477671,-3.25165,-3.44879,0.050331,0.0597582
temporal_fine_1e19,2,142,1.53433,1418,5.28125,0.357772,-3.51457,0.650545,-3.18605,-3.5457,0.0624304,0.0951012
temporal_fine_1e19,2,143,1.27886,1940,5.21875,0.233624,-3.39067,0.475159,-3.32282,-3.39979,0.0437218,0.0476412
temporal_fine_1e19,2,144,1.40266,1225,5.6875,0.268393,-3.41637,0.651722,-3.22109,-3.43215,0.0521091,0.0665364
temporal_fine_1e19,2,145,1.68365,1164,4.6875,0.212394,-3.43281,0.475472,-3.28514,-3.4441,0.0474134,0.0509539
temporal_fine_1e19,2,146,1.54903,1386,4.875,0.312261,-3.48026,0.524501,-3.28094,-3.49868,0.0581743,0.10256
temporal_fine_1e19,2,147,1.42286,1499,5.71875,0.33532,-3.42292,0.482761,-3.30936,-3.43435,0.0448036,0.0448937
temporal_fine_1e19,2,148,1.46693,1638,5.25,0.18368,-3.45983,0.558906,-3.22578,-3.48583,0.0503229,0.0503008
temporal_fine_1e19,2,149,1.57701,2061,5.78125,0.295711,-3.44694,0.620011,-3.2305,-3.47809,0.0535835,0.062803
temporal_fine_1e19,2,150,1.12989,1318,5.3125,0.163269,-3.37969,0.480345,-3.25465,-3.39062,0.0443956,0.0300192
temporal_fine_1e19,2,151,1.19662,1280,5.84375,0.581412,-3.3665,0.487431,-3.33225,-3.3694,0.044068,0.045007
temporal_fine_1e19,2,152,1.46879,1271,6.1875,0.379417,-3.47118,0.494114,-3.25499,-3.48937,0.047152,0.0446577
temporal_fine_1e19,2,153,1.21346,2544,5.0625,0.444958,-3.39585,0.420234,-3.31481,-3.41075,0.0424592,0.0437393
temporal_fine_1e19,2,154,1.134,2046,5.90625,0.607824,-3.36946,0.411918,-3.32438,-3.37589,0.0403224,0.0264895
temporal_fine_1e19,2,155,1.80453,1551,4.75,0.227589,-3.4907,0.646763,-3.11978,-3.52948,0.0693696,0.103483
temporal_fine_1e19,2,156,1.67172,1854,5.625,0.384025,-3.4146,0.515557,-3.23707,-3.43725,0.0525413,0.0726381
temporal_fine_1e19,2,157,2.65946,1631,7.21875,0.968795,-3.50972,0.488404,-3.19599,-3.54441,0.0572749,0.0650727
temporal_fine_1e19,2,158,0.872746,1927,5.40625,0.456656,-3.22627,0.3543,-3.20636,-3.22892,0.043826,0.01766
temporal_fine_1e19,2,159,1.54736,1701,4.84375,0.182944,-3.48899,0.697724,-3.20812,-3.52152,0.0558825,0.0600813
temporal_fine_1e19,2,160,1.49755,1686,5.875,0.237994,-3.39236,0.599901,-3.21833,-3.41232,0.052996,0.0565619
temporal_fine_1e19,2,161,1.87785,1391,5.5,0.313378,-3.44546,0.498255,-3.18722,-3.46942,0.0546328,0.0562991
temporal_fine_1e19,2,162,1.50677,1463,6.90625,0.264867,-3.48806,0.710793,-3.16698,-3.51954,0.0608038,0.0786884
temporal_fine_1e19,2,163,1.77561,1223,4.9375,0.254746,-3.50955,0.54121,-3.21945,-3.53295,0.0552938,0.0688807
temporal_fine_1e19,2,164,1.52749,1206,5.375,0.268369,-3.48348,0.527433,-3.31225,-3.49709,0.050521,0.0695159
temporal_fine_1e19,2,165,1.28806,687,5.8125,0.400688,-3.36019,0.410966,-3.301,-3.36278,0.0414623,0.034526
temporal_fine_1e19,2,166,1.54954,1616,7.21875,0.481812,-3.48553,0.471913,-3.27104,-3.509,0.0466036,0.041223
temporal_fine_1e19,2,167,1.39556,1398,6.6875,0.204897,-3.41418,0.599741,-3.2031,-3.43387,0.0544231,0.0662997
temporal_fine_1e19,2,168,1.42947,594,5.8125,0.355412,-3.3465,0.606313,-3.23087,-3.35085,0.0521797,0.0642963
temporal_fine_1e19,2,169,1.38916,1713,5.5625,0.22663,-3.42371,0.608077,-3.22431,-3.44699,0.0510335,0.0592532
temporal_fine_1e19,2,170,1.38189,2018,5.3125,0.363234,-3.3652,0.533166,-3.22601,-3.38475,0.0513679,0.0669657
temporal_fine_1e19,2,171,1.43853,1774,5.0625,0.188466,-3.39154,0.514805,-3.27997,-3.40509,0.0479361,0.0615428
temporal_fine_1e19,2,172,1.47616,1259,5.53125,0.520841,-3.42592,0.553358,-3.24339,-3.44112,0.0534184,0.0753664
temporal_fine_1e19,2,173,1.46355,1246,6.09375,0.273746,-3.43889,0.470487,-3.27038,-3.45276,0.0484403,0.0557542
temporal_fine_1e19,2,174,1.37502,1276,5.6875,0.472358,-3.3818,0.479416,-3.25254,-3.39272,0.0473846,0.0484722
temporal_fine_1e19,2,175,1.41839,1461,5.59375,0.333976,-3.37709,0.562075,-3.21748,-3.39272,0.0528264,0.0678819
temporal_fine_1e19,2,176,1.56922,1018,5.375,0.28183,-3.44018,0.456171,-3.24991,-3.45278,0.0519439,0.0678612
temporal_fine_1e19,2,177,1.52241,2143,5,0.318081,-3.47407,0.602678,-3.18592,-3.51743,0.0670735,0.108606
temporal_fine_1e19,2,178,1.11308,1558,5.15625,0.279295,-3.35405,0.46997,-3.30193,-3.35952,0.0421906,0.0277614
temporal_fine_1e19,2,179,1.3804,1477,5.59375,0.344063,-3.44611,0.593044,-3.21108,-3.46939,0.0524466,0.0564324
temporal_fine_1e19,2,180,1.54662,1654,5.125,0.305091,-3.50077,0.729988,-3.10869,-3.54479,0.0733564,0.109612
temporal_fine_1e19,2,181,1.54474,1234,4.3125,0.19795,-3.37863,0.498388,-3.15515,-3.39683,0.0526379,0.0410097
temporal_fine_1e19,2,182,3.17273,1449,5.3125,0.18418,-3.52471,0.527845,-3.01879,-3.5738,0.060648,0.0537535
temporal_fine_1e19,2,183,1.25207,1160,4.84375,0.206946,-3.35833,0.434731,-3.27789,-3.36446,0.0434194,0.0373899
temporal_fine_1e19,2,184,1.52773,1555,7.5625,0.868508,-3.39635,0.580761,-3.13961,-3.42327,0.0536743,0.0518569
temporal_fine_1e19,2,185,1.47362,1387,4.6875,0.20698,-3.39973,0.687686,-3.2186,-3.41648,0.0559499,0.075327
temporal_fine_1e19,2,186,1.81973,1284,5.3125,0.190673,-3.51642,0.614134,-3.22129,-3.54151,0.0527829,0.0516211
temporal_fine_1e19,2,187,1.84469,1646,5.59375,0.297617,-3.49553,0.586084,-3.21668,-3.52668,0.0600432,0.0821612
temporal_fine_1e19,2,188,1.36295,1429,5,0.216842,-3.57987,0.75906,-3.2065,-3.61555,0.0570563,0.0637358
temporal_fine_1e19,2,189,1.6658,1758,5.15625,0.241078,-3.45543,0.730393,-3.09922,-3.49824,0.0704929,0.0966161
temporal_fine_1e19,2,190,1.74332,1530,7.59375,0.356501,-3.43689,0.493893,-3.19132,-3.46219,0.0582164,0.0685432
temporal_fine_1e19,2,191,1.92953,1341,5.1875,0.260023,-3.55124,0.695031,-3.01248,-3.59927,0.0693427,0.0715676
temporal_fine_1e19,3,0,1.65606,1578,5.03125,0.252703,-3.45482,0.558955,-3.17972,-3.48414,0.0528563,0.050208
temporal_fine_1e19,3,1,1.487,1377,6.71875,0.267528,-3.45695,0.522249,-3.27599,-3.47356,0.0529393,0.0720899
temporal_fine_1e19,3,2,1.49968,1562,5,0.251661,-3.47282,0.577157,-3.1433,-3.50755,0.0548681,0.0507235
temporal_fine_1e19,3,3,1.55672,1269,5.4375,0.338737,-3.44208,0.456905,-3.2696,-3.45656,0.0471063,0.0477515
temporal_fine_1e19,3,4,1.83016,1552,7.21875,0.283149,-3.50857,0.607019,-3.1692,-3.54408,0.0604798,0.0663461
temporal_fine_1e19,3,5,1.66152,1844,5.9375,0.279403,-3.43652,0.56878,-3.15827,-3.47181,0.0542228,0.0542585
temporal_fine_1e19,3,6,1.19343,829,4.21875,0.187194,-3.36022,0.402666,-3.24224,-3.3665,0.0447384,0.0271884
temporal_fine_1e19,3,7,1.88673,1366,4.9375,0.262679,-3.64978,0.776507,-2.94883,-3.71354,0.0897393,0.116526
temporal_fine_1e19,3,8,0.838924,1300,4.09375,0.272602,-3.321,0.37297,-3.2986,-3.32293,0.0402103,0.0196857
temporal_fine_1e19,3,9,1.47957,1308,5.28125,0.171708,-3.4077,0.474427,-3.26315,-3.42025,0.0485514,0.0521476
temporal_fine_1e19,3,10,2.50143,2200,7.34375,0.765964,-3.62256,0.704934,-3.02182,-3.71574,0.0822214,0.106564
temporal_fine_1e19,3,11,1.52084,1473,6.28125,0.288344,-3.48951,0.531654,-3.17962,-3.52013,0.0549177,0.0533151
temporal_fine_1e19,3,12,2.09317,1398,5.53125,0.142283,-3.5926,0.651406,-3.05605,-3.64265,0.0771832,0.106731
temporal_fine_1e19,3,13,1.89327,1856,5.90625,0.334233,-3.5918,0.626515,-3.16979,-3.64571,0.0564139,0.0544034
temporal_fine_1e19,3,14,1.79729,1830,5.3125,0.304979,-3.50673,0.587951,-3.15604,-3.55082,0.0588855,0.0640915
temporal_fine_1e19,3,15,1.5886,1654,4.78125,0.140674,-3.59208,0.811793,-3.06492,-3.65127,0.0687698,0.0784711
temporal_fine_1e19,3,16,1.70715,1291,5.3125,0.220204,-3.57404,0.664456,-3.11471,-3.61333,0.0625772,0.0683562
temporal_fine_1e19,3,17,1.75547,1440,5.53125,0.237234,-3.51593,0.627092,-3.10784,-3.55525,0.0613194,0.0634214
temporal_fine_1e19,3,18,2.06088,822,5.09375,0.172235,-3.55068,0.539259,-3.18405,-3.57005,0.0534609,0.0522442
temporal_fine_1e19,3,19,1.78702,1538,4.96875,0.30333,-3.5846,0.732895,-3.07733,-3.63715,0.0730139,0.0920288
temporal_fine_1e19,3,20,1.94761,1926,5.03125,0.250049,-3.57154,0.797322,-3.04721,-3.64139,0.067507,0.0711925
temporal_fine_1e19,3,21,3.32881,2325,9,0.788714,-3.79658,0.767163,-3.06643,-3.91733,0.0657123,0.0622235
temporal_fine_1e19,3,22,1.23573,1694,4.5625,0.186939,-3.38938,0.477028,-3.2862,-3.40128,0.0449711,0.0341411
temporal_fine_1e19,3,23,1.30251,1348,4.1875,0.0766277,-3.3952,0.406898,-3.28274,-3.40528,0.0425763,0.0247687
temporal_fine_1e19,3,24,1.70878,1092,4.53125,0.2212,-3.58387,0.721744,-3.12895,-3.61636,0.0613702,0.0681762
temporal_fine_1e19,3,25,2.06246,1436,5.125,0.222758,-3.51695,0.510446,-3.1899,-3.54837,0.0585823,0.0715656
temporal_fine_1e19,3,26,1.68283,1007,6.40625,0.106658,-3.55001,0.516716,-3.23176,-3.57085,0.0516883,0.0486132
temporal_fine_1e19,3,27,0.954266,1624,4.09375,0.181034,-3.31337,0.387847,-3.26856,-3.3183,0.0419972,0.0225222
temporal_fine_1e19,3,28,0.874308,1207,4.4375,0.427981,-3.27771,0.381025,-3.26816,-3.27847,0.0421575,0.0192083
temporal_fine_1e19,3,29,1.65404,1578,4.625,0.162672,-3.55709,0.781653,-2.98915,-3.61762,0.0846933,0.10462
temporal_fine_1e19,3,30,2.08072,1437,4.78125,0.116163,-3.62204,0.582645,-3.17327,-3.66518,0.062414,0.0776912
temporal_fine_1e19,3,31,1.65057,1295,4.875,0.125397,-3.45276,0.496811,-3.24544,-3.47055,0.0521323,0.0660515
temporal_fine_1e19,3,32,1.12386,1451,4.21875,0.188716,-3.40789,0.408261,-3.32652,-3.4158,0.0417981,0.0289965
temporal_fine_1e19,3,33,1.52171,1684,5.28125,0.16373,-3.48475,0.562669,-3.20668,-3.51661,0.0515824,0.0432075
temporal_fine_1e19,3,34,1.52856,1369,5.375,0.227226,-3.59935,0.862168,-2.99503,-3.65445,0.0759992,0.089861
temporal_fine_1e19,3,35,1.30512,2078,4.71875,0.144512,-3.39684,0.590759,-3.2236,-3.422,0.049393,0.0442848
temporal_fine_1e19,3,36,1.6622,1412,6.0625,0.199816,-3.49249,0.525002,-3.27413,-3.51308,0.0482382,0.0470186
temporal_fine_1e19,3,37,1.47788,1201,4.375,0.171937,-3.40366,0.473154,-3.18588,-3.42088,0.0507008,0.0416249
temporal_fine_1e19,3,38,2.12613,1735,4.875,0.1421,-3.6894,0.702253,-3.08477,-3.76101,0.0703855,0.0811792
temporal_fine_1e19,3,39,1.27959,2238,4.875,0.154747,-3.36212,0.460886,-3.25129,-3.37966,0.0443571,0.0294187
temporal_fine_1e19,3,40,1.40802,1643,4.5625,0.260085,-3.43724,0.540117,-3.24534,-3.45863,0.0482032,0.0436862
temporal_fine_1e19,3,41,1.22886,1444,5.34375,0.222076,-3.34997,0.415451,-3.26825,-3.35787,0.0427608,0.0287327
temporal_fine_1e19,3,42,0.847109,390,3.4375,0.113114,-3.30623,0.358517,-3.23917,-3.30787,0.043033,0.0196874
temporal_fine_1e19,3,43,1.2281,1230,4.3125,0.204912,-3.43163,0.457948,-3.27784,-3.44412,0.044729,0.043748
temporal_fine_1e19,3,44,1.51934,1420,6,0.187808,-3.42953,0.513608,-3.19861,-3.45145,0.0530641,0.0519825
temporal_fine_1e19,3,45,1.86578,1268,4.6875,0.123773,-3.53942,0.507707,-3.24552,-3.56407,0.0520479,0.0619307
temporal_fine_1e19,3,46,1.25779,1466,5.71875,0.231522,-3.43274,0.488072,-3.23007,-3.45266,0.0480067,0.0422751
temporal_fine_1e19,3,47,1.85257,1866,4.59375,0.113104,-3.64415,0.652045,-3.14798,-3.70792,0.0642755,0.0689168
temporal_fine_1e19,3,48,0.971709,1650,6.21875,0.329866,-3.36804,0.382942,-3.29579,-3.37613,0.041854,0.0281177
temporal_fine_1e19,3,49,1.36873,1140,5.03125,0.290718,-3.44679,0.51619,-3.31282,-3.45681,0.0448457,0.0395748
temporal_fine_1e19,3,50,1.39432,2026,5.6875,0.201403,-3.3736,0.540873,-3.23819,-3.39271,0.0477064,0.0480163
temporal_fine_1e19,3,51,1.67379,1707,5.25,0.185902,-3.61712,0.632578,-3.23318,-3.66177,0.0535096,0.0510617
temporal_fine_1e19,3,52,1.69234,1822,6.8125,0.173786,-3.49843,0.542464,-3.20929,-3.53461,0.0521296,0.0508802
temporal_fine_1e19,3,53,1.79096,1298,5.90625,0.31185,-3.54381,0.643274,-3.20693,-3.5728,0.0587239,0.0743185
temporal_fine_1e19,3,54,1.39445,1376,4.65625,0.142966,-3.36089,0.406837,-3.19485,-3.37612,0.0457342,0.0257156
temporal_fine_1e19,3,55,1.42638,1555,7.75,0.442073,-3.58481,0.748898,-3.16007,-3.62935,0.0591169,0.0618123
temporal_fine_1e19,3,56,1.95517,1395,4.46875,0.189296,-3.63054,0.623647,-3.17119,-3.67329,0.0613001,0.0709313
temporal_fine_1e19,3,57,1.80517,831,5.09375,0.158524,-3.48374,0.486907,-3.20492,-3.49863,0.05132,0.0488527
temporal_fine_1e19,3,58,1.5616,1891,5.09375,0.284746,-3.54813,0.792617,-3.04713,-3.6135,0.0721152,0.0939752
temporal_fine_1e19,3,59,1.39613,1871,6.03125,0.249668,-3.3632,0.479068,-3.25495,-3.37715,0.0481108,0.0572952
temporal_fine_1e19,3,60,1.18487,1288,5.21875,0.459824,-3.51328,0.510662,-3.33498,-3.52849,0.0441705,0.0398156
temporal_fine_1e19,3,61,1.34138,1560,5.375,0.194786,-3.45453,0.412123,-3.34071,-3.4665,0.0432979,0.0522691
temporal_fine_1e19,3,62,1.44239,1682,4.90625,0.409155,-3.42912,0.448927,-3.27673,-3.44656,0.0451975,0.0330294
temporal_fine_1e19,3,63,1.94717,1694,5.15625,0.206352,-3.63292,0.779487,-3.0593,-3.69907,0.0739407,0.0931161
temporal_fine_1e19,3,64,1.6415,1261,4.6875,0.111362,-3.45844,0.525539,-3.1696,-3.48252,0.0600872,0.0753001
temporal_fine_1e19,3,65,1.72734,1837,5.03125,0.142142,-3.48855,0.606219,-3.11319,-3.53595,0.0599195,0.0658785
temporal_fine_1e19,3,66,1.06522,1529,5.59375,0.272208,-3.33931,0.373235,-3.2539,-3.3481,0.0446705,0.0340522
temporal_fine_1e19,3,67,0.941502,1071,3.85938,0.353229,-3.34723,0.36875,-3.23177,-3.35531,0.0438661,0.0323033
temporal_fine_1e19,3,68,1.735,1751,5.46875,0.126815,-3.33991,0.652422,-3.04757,-3.37489,0.0693303,0.0943928
temporal_fine_1e19,3,69,0.930244,2325,4.15625,0.158971,-3.29917,0.391106,-3.24758,-3.3077,0.0421839,0.0209925
temporal_fine_1e19,3,70,1.18767,1606,4.21875,0.161217,-3.3754,0.471899,-3.24099,-3.39001,0.0468104,0.0348485
temporal_fine_1e19,3,71,2.2361,937,4.625,0.124325,-3.44705,0.489914,-3.17575,-3.46351,0.0480682,0.0370922
temporal_fine_1e19,3,72,1.40935,1675,4.21875,0.245586,-3.38244,0.47449,-3.17929,-3.40558,0.0498547,0.0423197
temporal_fine_1e19,3,73,2.15002,1205,4.65625,0.177923,-3.50245,0.544869,-3.16422,-3.5293,0.0641929,0.08643
temporal_fine_1e19,3,74,1.65587,1616,5.5,0.384451,-3.47954,0.525603,-3.21061,-3.50897,0.0526309,0.0519794
temporal_fine_1e19,3,75,1.65258,1236,5.4375,0.250662,-3.55411,0.585077,-3.18791,-3.58399,0.0628679,0.0932259
temporal_fine_1e19,3,76,1.02926,704,4.40625,0.201613,-3.37148,0.39043,-3.27438,-3.37584,0.042905,0.0262977
temporal_fine_1e19,3,77,1.36693,1421,5.875,0.23708,-3.43066,0.506032,-3.30272,-3.44282,0.0445952,0.0413553
temporal_fine_1e19,3,78,2.08219,1727,5.375,0.330111,-3.45876,0.456206,-3.15492,-3.49456,0.0519052,0.038518
temporal_fine_1e19,3,79,1.33092,1831,5.21875,0.272943,-3.30448,0.491659,-3.03872,-3.33791,0.0572044,0.042072
temporal_fine_1e19,3,80,1.62709,991,5.3125,0.278596,-3.54982,0.669567,-3.18748,-3.57315,0.0637582,0.0895988
temporal_fine_1e19,3,81,1.70456,1424,4.6875,0.249149,-3.69122,0.903567,-2.9571,-3.7611,0.0800453,0.0915681
temporal_fine_1e19,3,82,2.38814,1597,5.0625,0.174717,-3.42882,0.470897,-3.15865,-3.458,0.0488854,0.0309856
temporal_fine_1e19,3,83,1.47714,1372,4.78125,0.306451,-3.47144,0.470222,-3.29955,-3.48714,0.0469695,0.0521893
temporal_fine_1e19,3,84,1.507,1505,5.71875,0.243932,-3.4871,0.580692,-3.22277,-3.51383,0.0526811,0.0510313
temporal_fine_1e19,3,85,1.5903,1572,4.40625,0.118592,-3.5271,0.444676,-3.27366,-3.55399,0.0501015,0.0544876
temporal_fine_1e19,3,86,1.59902,1714,5.8125,0.176978,-3.46058,0.637225,-3.1389,-3.49816,0.0589369,0.0663077
temporal_fine_1e19,3,87,1.51167,1910,5.25,0.17817,-3.35125,0.500498,-3.24037,-3.36588,0.0468257,0.0433933
temporal_fine_1e19,3,88,1.05851,1637,4.875,0.286622,-3.3207,0.417887,-3.24349,-3.32927,0.0455408,0.030893
temporal_fine_1e19,3,89,1.17451,1369,4.40625,0.118931,-3.37151,0.38099,-3.28621,-3.37929,0.0410172,0.0237743
temporal_fine_1e19,3,90,1.03176,1382,4.53125,0.169589,-3.33702,0.436913,-3.2521,-3.34484,0.0443682,0.0300009
temporal_fine_1e19,3,91,1.48283,2418,5.21875,0.18604,-3.51148,0.515493,-3.34995,-3.53944,0.0435177,0.0378209
temporal_fine_1e19,3,92,1.75713,1942,5.9375,0.300488,-3.50992,0.547999,-3.14922,-3.55842,0.0582801,0.0601713
temporal_fine_1e19,3,93,1.67857,1327,4.53125,0.0229489,-3.45463,0.515771,-3.21474,-3.47577,0.0542129,0.0557715
temporal_fine_1e19,3,94,1.68424,1302,4.8125,0.153029,-3.53164,0.637869,-3.18457,-3.5616,0.0579806,0.0644092
temporal_fine_1e19,3,95,1.66478,2015,4.1875,0.161829,-3.47637,0.464528,-3.27132,-3.50513,0.0442231,0.0263959
temporal_fine_1e19,3,96,1.43864,1542,4.71875,0.110654,-3.5139,0.699441,-3.09484,-3.55743,0.068969,0.0956688
temporal_fine_1e19,3,97,2.32631,1717,4.875,0.246244,-3.66161,0.723525,-3.09057,-3.72846,0.0754598,0.0968475
temporal_fine_1e19,3,98,1.72195,1236,5,0.218648,-3.47667,0.571754,-3.25692,-3.4946,0.0481802,0.0480843
temporal_fine_1e19,3,99,1.46551,969,5.375,0.216453,-3.36137,0.45509,-3.19774,-3.37166,0.046319,0.0244383
temporal_fine_1e19,3,100,1.3772,1828,5.03125,0.0739956,-3.41562,0.463045,-3.25476,-3.43582,0.0469607,0.0375856
temporal_fine_1e19,3,101,1.26623,1560,4.8125,0.210553,-3.41743,0.524108,-3.28166,-3.43171,0.0462043,0.0498912
temporal_fine_1e19,3,102,1.75927,1979,5.46875,0.187542,-3.51503,0.6922,-3.13388,-3.56739,0.0606125,0.0661018
temporal_fine_1e19,3,103,1.41701,1923,5.59375,0.37146,-3.42532,0.466749,-3.28574,-3.44388,0.0445434,0.038357
temporal_fine_1e19,3,104,3.08094,1477,6.3125,0.476426,-3.89544,0.765244,-3.01908,-3.98227,0.0779351,0.0854974
temporal_fine_1e19,3,105,1.23854,1541,5.1875,0.554296,-3.42455,0.43631,-3.33187,-3.43417,0.0431871,0.0424177
temporal_fine_1e19,3,106,1.84671,1015,5.375,0.209242,-3.54162,0.537307,-3.23608,-3.5618,0.0492636,0.0456332
temporal_fine_1e19,3,107,1.90849,1523,5.5,0.246527,-3.6415,0.636411,-3.22141,-3.68455,0.0638377,0.0921518
temporal_fine_1e19,3,108,1.17365,2192,4.75,0.204344,-3.31137,0.470974,-3.23507,-3.32316,0.0459484,0.0388482
temporal_fine_1e19,3,109,1.39017,1183,4.75,0.218486,-3.43743,0.65234,-3.26651,-3.45073,0.0484952,0.0480683
temporal_fine_1e19,3,110,1.59339,1734,5.09375,0.134635,-3.48832,0.463679,-3.33132,-3.5069,0.0438579,0.0363097
temporal_fine_1e19,3,111,0.965178,969,5.15625,0.536032,-3.35955,0.41676,-3.34459,-3.36049,0.0396175,0.0184737
temporal_fine_1e19,3,112,2.16052,1755,5.625,0.235812,-3.63598,0.698244,-3.16977,-3.69191,0.0671543,0.0886302
temporal_fine_1e19,3,113,1.24189,1789,4.6875,0.219834,-3.41119,0.483166,-3.25178,-3.43073,0.046318,0.0415569
temporal_fine_1e19,3,114,1.86883,1063,7.0625,0.332339,-3.48306,0.534951,-3.21269,-3.50181,0.056014,0.0631274
temporal_fine_1e19,3,115,1.52277,1759,4.8125,0.213052,-3.64634,0.766871,-3.13569,-3.70775,0.0649447,0.0813783
temporal_fine_1e19,3,116,1.46924,1079,5.6875,0.287655,-3.45944,0.465744,-3.26008,-3.4735,0.0464282,0.0347523
temporal_fine_1e19,3,117,2.73982,2396,6.9375,0.454079,-3.39254,0.518766,-3.10395,-3.44197,0.0551737,0.0477711
temporal_fine_1e19,3,118,1.36694,1645,6.53125,0.265285,-3.43889,0.460518,-3.30094,-3.45429,0.0469078,0.0497533
temporal_fine_1e19,3,119,1.98343,2188,4.9375,0.216899,-3.59262,0.848132,-2.94915,-3.6918,0.0729839,0.077881
temporal_fine_1e19,3,120,1.65939,1358,5.21875,0.178404,-3.56218,0.498206,-3.31197,-3.58479,0.0483479,0.0538985
temporal_fine_1e19,3,121,1.35867,1591,4.6875,0.190879,-3.45887,0.628246,-3.28375,-3.4777,0.0481361,0.0461104
temporal_fine_1e19,3,122,2.05635,1776,4.625,0.101913,-3.54005,0.59377,-3.18025,-3.58379,0.0536157,0.0493672
temporal_fine_1e19,3,123,1.60575,1391,4.5,0.176024,-3.46503,0.61748,-3.16352,-3.493,0.05505,0.0497515
temporal_fine_1e19,3,124,2.08385,1495,6.53125,0.312127,-3.66829,0.770761,-3.06686,-3.72868,0.0834617,0.121233
temporal_fine_1e19,3,125,2.19371,1609,5.15625,0.377681,-3.72055,0.864888,-2.71567,-3.82998,0.116362,0.138817
temporal_fine_1e19,3,126,1.49931,1207,4.96875,0.239254,-3.4503,0.487633,-3.22841,-3.46795,0.0508241,0.0555699
temporal_fine_1e19,3,127,1.15418,2134,4.375,0.223408,-3.38169,0.413818,-3.28273,-3.39651,0.0432653,0.0312771
temporal_fine_1e19,3,128,1.51732,1464,5.78125,0.308947,-3.40142,0.441224,-3.25566,-3.41572,0.0462302,0.0401357
temporal_fine_1e19,3,129,1.38501,1126,4.46875,0.150843,-3.42644,0.63985,-3.15833,-3.44622,0.0578116,0.0671321
temporal_fine_1e19,3,130,1.39298,1199,4.9375,0.249493,-3.65682,0.702364,-3.12916,-3.69848,0.0655633,0.0797866
temporal_fine_1e19,3,131,1.28281,2527,4.34375,0.355697,-3.27554,0.480213,-3.11791,-3.30428,0.0514061,0.0370557
temporal_fine_1e19,3,132,1.84892,2117,6.1875,0.302228,-3.50474,0.549174,-3.16666,-3.55491,0.060511,0.075511
temporal_fine_1e19,3,133,1.40266,1806,5.90625,0.221409,-3.41129,0.478951,-3.28681,-3.42671,0.0446775,0.0402133
temporal_fine_1e19,3,134,1.50923,1561,5.40625,0.282978,-3.66236,0.601066,-3.31553,-3.69888,0.0547877,0.0639482
temporal_fine_1e19,3,135,1.6187,1394,5.0625,0.213756,-3.51594,0.68265,-3.18874,-3.54637,0.0554628,0.0625194
temporal_fine_1e19,3,136,1.40956,1039,5.75,0.505629,-3.38196,0.460438,-3.27697,-3.38907,0.0458292,0.0441953
temporal_fine_1e19,3,137,1.47441,1691,5.15625,0.139061,-3.40781,0.549838,-3.22012,-3.42942,0.0495214,0.0518865
temporal_fine_1e19,3,138,1.69855,1642,6.34375,0.540179,-3.44237,0.518875,-3.21412,-3.46779,0.0500749,0.0441952
temporal_fine_1e19,3,139,1.22911,1756,5.1875,0.324184,-3.37469,0.390123,-3.28356,-3.38562,0.0417224,0.0196691
temporal_fine_1e19,3,140,1.12801,2456,4.875,0.292724,-3.36037,0.408484,-3.26728,-3.37678,0.0444335,0.0445323
temporal_fine_1e19,3,141,1.72054,2236,6.125,0.313223,-3.4411,0.454656,-3.21079,-3.4775,0.0527153,0.0577
temporal_fine_1e19,3,142,1.46922,1496,5.4375,0.27404,-3.41376,0.542058,-3.24801,-3.43041,0.0513181,0.0643018
temporal_fine_1e19,3,143,1.1621,1984,4.75,0.261057,-3.34457,0.469173,-3.25739,-3.35658,0.0441224,0.0321267
temporal_fine_1e19,3,144,1.80968,1396,5.59375,0.294145,-3.62502,0.753445,-3.05708,-3.67792,0.0748502,0.0945798
temporal_fine_1e19,3,145,1.4946,1767,5.71875,0.184813,-3.45711,0.493308,-3.295,-3.47671,0.0450568,0.0393713
temporal_fine_1e19,3,146,1.42502,1436,4.78125,0.198439,-3.43142,0.548612,-3.22517,-3.45123,0.0490046,0.0495144
temporal_fine_1e19,3,147,1.65034,1232,5.25,0.385061,-3.83605,0.834832,-3.01674,-3.90267,0.0765614,0.0917016
temporal_fine_1e19,3,148,1.74745,1428,5,0.114085,-3.59795,0.656636,-3.19258,-3.63665,0.0589323,0.0664772
temporal_fine_1e19,3,149,1.43617,1116,5.0625,0.163482,-3.40992,0.508196,-3.26946,-3.42019,0.0496814,0.0556617
temporal_fine_1e19,3,150,1.73697,1528,4.78125,0.210937,-3.54348,0.82346,-2.95068,-3.60446,0.0798752,0.0887822
temporal_fine_1e19,3,151,1.29951,807,4.15625,0.0833954,-3.3316,0.403066,-3.27192,-3.33469,0.0416343,0.0203878
temporal_fine_1e19,3,152,2.64087,2138,5.875,0.28566,-3.75449,0.759694,-3.06161,-3.85848,0.0800485,0.113412
temporal_fine_1e19,3,153,1.93929,1789,4.90625,0.193669,-3.60262,0.793171,-2.93003,-3.68507,0.0860095,0.103726
temporal_fine_1e19,3,154,1.54385,1873,5.25,0.246389,-3.43584,0.710487,-3.1122,-3.47762,0.0619589,0.0716039
temporal_fine_1e19,3,155,1.54491,1212,6.09375,0.162265,-3.43183,0.71032,-3.12385,-3.45643,0.0577383,0.0590948
temporal_fine_1e19,3,156,1.57563,1259,5.59375,0.167898,-3.37084,0.543527,-3.14177,-3.38991,0.0555639,0.0544869
temporal_fine_1e19,3,157,1.55637,1380,4.59375,0.0694132,-3.46996,0.566121,-3.12724,-3.50149,0.0608156,0.0692972
temporal_fine_1e19,3,158,1.84416,1427,4.71875,0.250602,-3.46832,0.541434,-3.20037,-3.49389,0.0509641,0.0371164
temporal_fine_1e19,3,159,1.6812,1292,5.625,0.251268,-3.42535,0.491688,-3.23356,-3.44177,0.0469351,0.0475202
temporal_fine_1e19,3,160,1.28043,907,5.09375,0.219253,-3.37775,0.44324,-3.26865,-3.38414,0.0440941,0.0301216
temporal_fine_1e19,3,161,1.43738,1516,5.875,0.380812,-3.41542,0.500375,-3.28522,-3.42869,0.0468805,0.0480596
temporal_fine_1e19,3,162,1.28405,2129,4.5625,0.416799,-3.35307,0.388805,-3.28034,-3.36394,0.0418324,0.023708
temporal_fine_1e19,3,163,1.73608,1454,5.3125,0.0933681,-3.52871,0.45344,-3.24986,-3.55587,0.0478089,0.0400717
temporal_fine_1e19,3,164,1.37389,1049,5.65625,0.243316,-3.45149,0.566463,-3.24192,-3.46582,0.0502928,0.0536745
temporal_fine_1e19,3,165,1.27325,1762,5.34375,0.483557,-3.40161,0.451582,-3.28149,-3.41609,0.0451731,0.04206
temporal_fine_1e19,3,166,2.09896,953,4.875,0.40514,-3.86276,0.691272,-3.1052,-3.90954,0.0641274,0.0603268
temporal_fine_1e19,3,167,1.17458,2106,4.34375,0.0956812,-3.40892,0.418733,-3.2916,-3.42623,0.0433244,0.0315216
temporal_fine_1e19,3,168,3.23786,1884,5.5,0.260325,-3.5303,0.693642,-2.90179,-3.61196,0.0704284,0.0646998
temporal_fine_1e19,3,169,1.44514,1220,5.1875,0.138938,-3.4286,0.547761,-3.20493,-3.44659,0.0497648,0.0510729
temporal_fine_1e19,3,170,1.92476,1714,4.9375,0.316471,-3.51158,0.628924,-3.22464,-3.5451,0.0545352,0.0640251
temporal_fine_1e19,3,171,3.51098,2389,4.78125,0.193656,-3.6638,0.781333,-2.84614,-3.80337,0.084116,0.0921107
temporal_fine_1e19,3,172,1.30361,1492,5.53125,0.41652,-3.3681,0.418745,-3.27946,-3.37698,0.0432455,0.0315678
temporal_fine_1e19,3,173,1.3968,1837,4.96875,0.20058,-3.46932,0.494017,-3.31539,-3.48876,0.0468283,0.0514773
temporal_fine_1e19,3,174,1.14689,1543,5.5,0.636078,-3.38531,0.399758,-3.32296,-3.39179,0.0413239,0.0291176
temporal_fine_1e19,3,175,1.73691,1459,4.8125,0.323162,-3.54959,0.72666,-3.06983,-3.59649,0.0778681,0.111347
temporal_fine_1e19,3,176,1.55999,1409,4.96875,0.645531,-3.89452,0.931081,-2.81669,-3.99593,0.0967561,0.105222
temporal_fine_1e19,3,177,1.13103,2007,3.79688,0.131637,-3.3284,0.385639,-3.20077,-3.34621,0.0453817,0.0219232
temporal_fine_1e19,3,178,1.67647,1563,5.875,0.233722,-3.50736,0.650925,-3.11744,-3.54848,0.061612,0.0629865
temporal_fine_1e19,3,179,1.77252,1951,4.6875,0.225031,-3.52428,0.711614,-3.10101,-3.5815,0.0634484,0.0705291
temporal_fine_1e19,3,180,1.6629,1308,5.25,0.412767,-3.66779,0.719144,-3.02843,-3.72326,0.0740279,0.0820307
temporal_fine_1e19,3,181,2.06326,1613,4.71875,0.1162,-3.64541,0.598614,-3.14119,-3.70047,0.0579916,0.0540359
temporal_fine_1e19,3,182,1.25792,1417,6.71875,0.362156,-3.39366,0.441749,-3.29681,-3.40283,0.0434846,0.0307499
temporal_fine_1e19,3,183,2.34795,360,5.1875,0.132732,-3.70438,0.576834,-3.24368,-3.71473,0.0469465,0.0370394
temporal_fine_1e19,3,184,1.6024,954,5,0.233276,-3.42053,0.495855,-3.1875,-3.43494,0.0530825,0.0568511
temporal_fine_1e19,3,185,1.54001,1263,5.09375,0.191491,-3.49773,0.76082,-3.08494,-3.53221,0.0646259,0.0758025
temporal_fine_1e19,3,186,1.89297,1570,5.6875,0.189324,-3.52127,0.753173,-3.11793,-3.56401,0.0633799,0.0732141
temporal_fine_1e19,3,187,1.81049,1327,5.3125,0.11294,-3.52135,0.51971,-3.34597,-3.53681,0.0443792,0.0413581
temporal_fine_1e19,3,188,3.53438,1550,5.65625,0.233343,-3.58798,0.601585,-2.96635,-3.65293,0.0662026,0.0633019
temporal_fine_1e19,3,189,1.56106,1539,4.78125,0.18595,-3.49886,0.496836,-3.25723,-3.52391,0.0517289,0.0595576
temporal_fine_1e19,3,190,1.20136,1398,4.875,0.141154,-3.35336,0.493578,-3.21592,-3.36618,0.0459989,0.0293184
temporal_fine_1e19,3,191,1.62554,1726,4.96875,0.255793,-3.57213,0.618838,-3.20928,-3.61486,0.0552903,0.0620365
temporal_fine_1e19,4,0,2.39077,1601,4.75,0.121991,-3.67698,0.654386,-3.09607,-3.73989,0.0722841,0.0951656
temporal_fine_1e19,4,1,1.27597,753,5.4375,0.163255,-3.40087,0.415306,-3.31307,-3.4051,0.0417819,0.0364316
temporal_fine_1e19,4,2,1.93466,2342,8.0625,0.16897,-3.42119,0.438905,-3.27688,-3.44526,0.0440688,0.0280104
temporal_fine_1e19,4,3,1.98351,2245,5.21875,0.0971885,-3.47678,0.562631,-3.19493,-3.52153,0.0509427,0.0418443
temporal_fine_1e19,4,4,1.95719,1016,5.0625,0.144175,-3.56841,0.559864,-3.24004,-3.59012,0.0537096,0.0606139
temporal_fine_1e19,4,5,1.36413,1161,6.03125,0.284651,-3.4291,0.438979,-3.28678,-3.43995,0.0450723,0.0363583
temporal_fine_1e19,4,6,1.76645,1798,5.8125,0.14951,-3.48261,0.680294,-3.20285,-3.51709,0.0564846,0.0680684
temporal_fine_1e19,4,7,2.00512,2563,6.0625,0.317186,-3.47408,0.582892,-3.25738,-3.51427,0.0481621,0.0401571
temporal_fine_1e19,4,8,1.53774,1400,5.34375,0.315241,-3.4655,0.508001,-3.2901,-3.48189,0.043972,0.0337675
temporal_fine_1e19,4,9,2.56561,1945,5.65625,0.280236,-3.79467,0.845012,-2.97274,-3.90539,0.0733253,0.0722199
temporal_fine_1e19,4,10,1.95326,2306,4.78125,0.0716926,-3.53437,0.552464,-3.27918,-3.57618,0.0513266,0.0537545
temporal_fine_1e19,4,11,2.92139,1351,5.9375,0.278152,-3.68938,0.629345,-3.07836,-3.7443,0.0646855,0.0663104
temporal_fine_1e19,4,12,1.52973,1997,5.4375,0.186874,-3.45415,0.665069,-3.2151,-3.48733,0.0490101,0.0387161
temporal_fine_1e19,4,13,1.27028,1406,7.8125,0.439767,-3.41619,0.410104,-3.32055,-3.42517,0.0411944,0.0360048
temporal_fine_1e19,4,14,2.23982,1627,5.4375,0.161781,-3.6619,0.65413,-3.13378,-3.72012,0.0601485,0.0558583
temporal_fine_1e19,4,15,2.17177,3008,6.0625,0.151166,-3.45347,0.523295,-3.2282,-3.50413,0.048409,0.0404402
temporal_fine_1e19,4,16,1.46172,1382,4.625,0.157091,-3.44746,0.564688,-3.31375,-3.45978,0.045699,0.0469173
temporal_fine_1e19,4,17,2.38355,1307,5.21875,0.127945,-3.57871,0.518527,-3.14782,-3.61606,0.06038,0.0633186
temporal_fine_1e19,4,18,1.81868,1747,6.59375,0.130943,-3.48579,0.558179,-3.23582,-3.51563,0.0536,0.071283
temporal_fine_1e19,4,19,2.80032,1600,6.9375,0.20398,-3.84073,0.692744,-3.02924,-3.92856,0.067532,0.0693784
temporal_fine_1e19,4,20,2.33586,1472,6.53125,0.141505,-3.52309,0.517991,-3.32383,-3.54276,0.0436353,0.0335589
temporal_fine_1e19,4,21,1.70496,1757,6.4375,0.211007,-3.52597,0.536842,-3.30864,-3.55208,0.0490527,0.0569534
temporal_fine_1e19,4,22,1.99471,1943,5,0.117221,-3.56953,0.598344,-3.24017,-3.61384,0.05585,0.0672804
temporal_fine_1e19,4,23,3.03413,1279,5.59375,0.160587,-3.87706,0.659426,-2.95024,-3.95554,0.068962,0.0692063
temporal_fine_1e19,4,24,2.37503,1324,6.21875,1.1063,-3.57231,0.543147,-3.2349,-3.60198,0.0511288,0.0528477
temporal_fine_1e19,4,25,1.34685,1064,4.9375,0.22359,-3.36498,0.403438,-3.28924,-3.37024,0.0411313,0.0182243
temporal_fine_1e19,4,26,1.66169,1405,5.84375,0.118947,-3.44738,0.479966,-3.2608,-3.46488,0.0465207,0.0354778
temporal_fine_1e19,4,27,3.06097,1333,6.9375,0.439235,-3.74574,0.580194,-3.1372,-3.79963,0.0577834,0.0507316
temporal_fine_1e19,4,28,2.16483,1465,6.1875,0.32814,-3.53014,0.621591,-3.10251,-3.57213,0.0662565,0.0808165
temporal_fine_1e19,4,29,2.89914,1217,5.375,0.226599,-3.75552,0.586094,-3.2836,-3.79339,0.0524145,0.0546332
temporal_fine_1e19,4,30,1.84585,2098,8.125,0.293848,-3.48961,0.520798,-3.29641,-3.51798,0.0478762,0.0494265
temporal_fine_1e19,4,31,1.51484,1454,5.3125,0.0422835,-3.48198,0.609959,-3.25815,-3.50378,0.0508177,0.0556391
temporal_fine_1e19,4,32,1.73416,1646,5.3125,0.0988672,-3.54544,0.626154,-3.24165,-3.57937,0.0553924,0.0585746
temporal_fine_1e19,4,33,1.80054,1378,5.78125,0.172845,-3.50345,0.476221,-3.28164,-3.52382,0.0488394,0.0664039
temporal_fine_1e19,4,34,1.61629,2560,5.03125,0.180928,-3.43815,0.560099,-3.22729,-3.4772,0.0518619,0.0518663
temporal_fine_1e19,4,35,1.71489,1866,5.625,0.0802164,-3.54399,0.546999,-3.23316,-3.58394,0.0505728,0.0465495
temporal_fine_1e19,4,36,2.14256,1867,5,0.107176,-3.5189,0.610332,-3.21171,-3.5584,0.0582707,0.0722269
temporal_fine_1e19,4,37,1.51145,1578,4.78125,0.15174,-3.44362,0.54838,-3.31362,-3.45747,0.0439229,0.0384849
temporal_fine_1e19,4,38,3.9129,2605,6.96875,0.388517,-3.69787,0.731823,-2.97518,-3.8345,0.0736322,0.0815836
temporal_fine_1e19,4,39,1.91427,1581,5.25,0.158735,-3.61629,0.665085,-3.07357,-3.67426,0.072641,0.0861223
temporal_fine_1e19,4,40,1.90448,1571,6.8125,0.200334,-3.55125,0.622817,-3.08614,-3.60058,0.0652734,0.0675395
temporal_fine_1e19,4,41,2.87963,1280,6.40625,0.476058,-3.71506,0.68326,-2.99845,-3.77579,0.06619,0.0620578
temporal_fine_1e19,4,42,2.15311,1573,6.9375,0.280741,-3.62001,0.595473,-3.20377,-3.66422,0.0573363,0.0663099
temporal_fine_1e19,4,43,1.60931,708,5.875,0.313368,-3.46866,0.576738,-3.25129,-3.47848,0.0497875,0.0526721
temporal_fine_1e19,4,44,1.67151,2162,4.625,0.0314634,-3.49847,0.626784,-3.20873,-3.54251,0.0519495,0.0470686
temporal_fine_1e19,4,45,1.84467,1549,6.6875,0.217041,-3.55688,0.512176,-3.34377,-3.57914,0.0426943,0.0369211
temporal_fine_1e19,4,46,2.24919,1679,7.125,0.271205,-3.57069,0.609576,-3.18605,-3.61461,0.0566629,0.0595912
temporal_fine_1e19,4,47,2.49331,1059,4.65625,0.107948,-3.8841,0.690233,-3.20461,-3.93105,0.0597006,0.0632134
temporal_fine_1e19,4,48,1.46386,1304,5.875,0.153142,-3.4433,0.435475,-3.3625,-3.45029,0.0412794,0.0272516
temporal_fine_1e19,4,49,1.13262,862,4.40625,0.368301,-3.34137,0.426202,-3.23766,-3.34713,0.0454129,0.0284922
temporal_fine_1e19,4,50,1.28249,1494,4.9375,0.10691,-3.37967,0.508068,-3.27662,-3.39002,0.0452513,0.0301842
temporal_fine_1e19,4,51,2.15004,1740,5.46875,0.19429,-3.61659,0.73202,-3.08536,-3.67971,0.072258,0.0943122
temporal_fine_1e19,4,52,1.8709,1510,5.65625,0.23574,-3.63962,0.731674,-3.15438,-3.68888,0.0620791,0.0738401
temporal_fine_1e19,4,53,1.7116,1472,4.84375,0.122748,-3.5813,0.807583,-3.0124,-3.63746,0.079816,0.104775
temporal_fine_1e19,4,54,2.05131,1224,5.96875,0.121208,-3.52032,0.511952,-3.21305,-3.54513,0.0556651,0.0620294
temporal_fine_1e19,4,55,2.67613,1931,6.75,0.306116,-3.67366,0.643375,-3.17789,-3.7399,0.0651376,0.0800251
temporal_fine_1e19,4,56,1.63877,1779,4.625,0.0854569,-3.50628,0.704668,-3.19285,-3.54445,0.0606822,0.0814178
temporal_fine_1e19,4,57,1.34879,937,5.0625,0.18297,-3.39704,0.417889,-3.34368,-3.40028,0.0436199,0.0447321
temporal_fine_1e19,4,58,0.87602,1323,4.5,0.200943,-3.3665,0.40651,-3.27199,-3.37481,0.0418735,0.0229522
temporal_fine_1e19,4,59,2.71511,935,4.5,0.142449,-3.84007,0.675778,-3.19213,-3.87929,0.060323,0.0720839
temporal_fine_1e19,4,60,1.87449,1443,4.8125,0.04555,-3.51587,0.437725,-3.35198,-3.5317,0.0423459,0.0322578
temporal_fine_1e19,4,61,2.68906,1471,5.59375,0.128876,-3.74369,0.667578,-3.18657,-3.79864,0.0630529,0.0739951
temporal_fine_1e19,4,62,2.73157,1709,5.625,0.154224,-3.67914,0.697698,-3.14123,-3.74178,0.0582733,0.059132
temporal_fine_1e19,4,63,3.5228,1285,5.25,0.228879,-3.68221,0.5917,-3.10622,-3.73124,0.057228,0.0536757
temporal_fine_1e19,4,64,2.53075,1509,5.5625,0.112346,-3.63585,0.49846,-3.23946,-3.67606,0.0552696,0.05961
temporal_fine_1e19,4,65,1.5681,1321,4.9375,0.112002,-3.42791,0.525557,-3.24212,-3.4442,0.0477124,0.0366546
temporal_fine_1e19,4,66,2.53247,830,4.875,0.11398,-3.75275,0.586202,-3.18502,-3.78304,0.0478777,0.0299393
temporal_fine_1e19,4,67,1.67819,1459,4.75,0.131824,-3.56765,0.629925,-3.26078,-3.59765,0.0521863,0.0513252
temporal_fine_1e19,4,68,2.21864,1731,5.375,0.0919117,-3.75115,0.766979,-3.07353,-3.8312,0.0709875,0.0812536
temporal_fine_1e19,4,69,1.84337,1626,5,0.139424,-3.65794,0.661999,-3.26248,-3.70151,0.0531911,0.0570712
temporal_fine_1e19,4,70,1.84875,1507,4.84375,0.217549,-3.6644,0.665517,-3.2416,-3.70723,0.0567974,0.0759865
temporal_fine_1e19,4,71,1.87195,1333,5.5625,0.250645,-3.51217,0.463152,-3.29864,-3.53108,0.0509408,0.066977
temporal_fine_1e19,4,72,2.42006,1305,4.6875,0.153527,-3.66523,0.62773,-3.19366,-3.70604,0.0628759,0.0808632
temporal_fine_1e19,4,73,2.40848,1184,5.21875,0.156811,-3.73143,0.577764,-3.20545,-3.7724,0.048488,0.0342963
temporal_fine_1e19,4,74,3.13179,1908,6.3125,0.247368,-3.77462,0.689563,-3.14903,-3.85707,0.0653301,0.0797422
temporal_fine_1e19,4,75,2.40625,1032,4.78125,0.237794,-3.75235,0.624958,-3.2373,-3.78698,0.0591903,0.0745043
temporal_fine_1e19,4,76,1.42701,1140,6.375,0.655511,-3.44515,0.428681,-3.28821,-3.45689,0.0431735,0.0315663
temporal_fine_1e19,4,77,2.86768,1710,5.53125,0.203018,-3.72544,0.765917,-2.97912,-3.81241,0.0771345,0.0749624
temporal_fine_1e19,4,78,1.0885,1252,4.28125,0.388902,-3.39086,0.41088,-3.32105,-3.39663,0.0405145,0.0208947
temporal_fine_1e19,4,79,1.83472,1694,4.625,0.139339,-3.59269,0.628777,-3.21507,-3.63624,0.0563796,0.0663763
temporal_fine_1e19,4,80,3.39006,821,6.53125,0.39108,-3.73448,0.536977,-3.10979,-3.76743,0.0675533,0.0717823
temporal_fine_1e19,4,81,1.59776,1411,4.75,0.184972,-3.70496,0.774312,-3.18775,-3.7537,0.066828,0.0913413
temporal_fine_1e19,4,82,1.67311,1696,6.5625,0.382054,-3.42808,0.446606,-3.30569,-3.44221,0.046295,0.0422632
temporal_fine_1e19,4,83,2.44284,1559,7.15625,0.301797,-3.68295,0.612538,-3.15849,-3.73811,0.0594345,0.0556543
temporal_fine_1e19,4,84,1.76775,1492,5.0625,0.166797,-3.50712,0.549496,-3.23985,-3.53389,0.0543891,0.0634925
temporal_fine_1e19,4,85,1.54789,1941,5.21875,0.269857,-3.63285,0.843578,-3.12463,-3.70115,0.0673374,0.0771846
temporal_fine_1e19,4,86,1.34953,736,6.125,0.167112,-3.40589,0.427992,-3.29968,-3.41089,0.0444174,0.0482836
temporal_fine_1e19,4,87,1.15949,1564,5.5625,0.192454,-3.42942,0.399892,-3.37308,-3.43537,0.0395031,0.0230522
temporal_fine_1e19,4,88,1.94536,1995,6.34375,0.103038,-3.5562,0.7583,-3.0485,-3.62659,0.0667121,0.0737337
temporal_fine_1e19,4,89,1.86288,3013,5.28125,0.207594,-3.40363,0.598249,-3.19179,-3.45136,0.0523567,0.0549844
temporal_fine_1e19,4,90,1.89869,1038,5.15625,0.147679,-3.55687,0.580758,-3.24157,-3.5782,0.0504604,0.0433901
temporal_fine_1e19,4,91,1.5597,1466,5,0.247831,-3.49389,0.721071,-3.22396,-3.52042,0.058574,0.0842693
temporal_fine_1e19,4,92,1.84397,1322,4.53125,0.17889,-3.67261,0.784771,-3.18755,-3.71518,0.0654989,0.0869555
temporal_fine_1e19,4,93,2.15579,929,5.34375,0.116592,-3.58842,0.567176,-3.23792,-3.60948,0.0528145,0.0534254
temporal_fine_1e19,4,94,1.04173,1856,4.53125,0.208844,-3.35844,0.413999,-3.25724,-3.37137,0.0438526,0.0297
temporal_fine_1e19,4,95,1.78018,1865,5.15625,0.306634,-3.7344,0.797526,-3.09906,-3.81601,0.0656552,0.0745072
temporal_fine_1e19,4,96,1.9203,1808,5.75,0.145813,-3.49469,0.56232,-3.20804,-3.53025,0.0504967,0.0415512
temporal_fine_1e19,4,97,1.70939,1344,5.84375,0.227965,-3.46846,0.586616,-3.22178,-3.4905,0.0540546,0.0591906
temporal_fine_1e19,4,98,1.54607,1469,4.84375,0.0721934,-3.48688,0.612502,-3.18458,-3.51665,0.0545358,0.0515334
temporal_fine_1e19,4,99,2.09457,1617,7.15625,0.353604,-3.56575,0.558545,-3.24398,-3.60098,0.0522152,0.0655907
temporal_fine_1e19,4,100,1.29057,1751,5.53125,0.158169,-3.41767,0.507825,-3.29632,-3.43219,0.043597,0.0323013
temporal_fine_1e19,4,101,3.19327,1291,5.53125,0.164509,-3.87248,0.637559,-3.22301,-3.92803,0.0660376,0.0813547
temporal_fine_1e19,4,102,1.63402,1423,5.21875,0.211149,-3.5661,0.672702,-3.21687,-3.59932,0.0618371,0.0908024
temporal_fine_1e19,4,103,1.58725,1432,5.21875,0.139056,-3.45689,0.510602,-3.30277,-3.47164,0.0478447,0.0541429
temporal_fine_1e19,4,104,2.35891,1402,5.25,0.216872,-3.70827,0.572097,-3.25558,-3.75063,0.0509465,0.0461921
temporal_fine_1e19,4,105,1.87012,1616,5,0.104872,-3.5129,0.524594,-3.21545,-3.54545,0.057718,0.0826376
temporal_fine_1e19,4,106,1.08977,1065,4.8125,0.0773637,-3.40635,0.389399,-3.33936,-3.41101,0.0417936,0.0319195
temporal_fine_1e19,4,107,1.83382,1380,6.125,0.219222,-3.57896,0.65914,-3.24731,-3.60947,0.0515346,0.0460744
temporal_fine_1e19,4,108,2.17353,1784,5.9375,0.205813,-3.56071,0.672687,-3.14547,-3.61145,0.0622395,0.0717971
temporal_fine_1e19,4,109,2.22277,1242,4.84375,0.069601,-3.61287,0.687402,-3.10992,-3.65412,0.0647956,0.0702448
temporal_fine_1e19,4,110,1.96459,1242,4.875,0.188583,-3.74361,0.790458,-3.09085,-3.79716,0.0703922,0.0797152
temporal_fine_1e19,4,111,2.1286,1232,5.3125,0.185599,-3.52594,0.608664,-3.15093,-3.55643,0.0581644,0.0595195
temporal_fine_1e19,4,112,2.19484,1549,5.3125,0.227548,-3.71993,0.758724,-3.06949,-3.78784,0.0794782,0.106454
temporal_fine_1e19,4,113,2.88307,1027,6.71875,0.128876,-3.773,0.602162,-3.20838,-3.81076,0.0531086,0.051038
temporal_fine_1e19,4,114,1.19872,1638,5.125,0.350245,-3.41049,0.45595,-3.29236,-3.42361,0.041999,0.025445
temporal_fine_1e19,4,115,2.19696,910,5.71875,0.241491,-3.48926,0.446872,-3.24719,-3.50349,0.0463916,0.0318212
temporal_fine_1e19,4,116,1.98583,1290,5.4375,0.156381,-3.46293,0.513065,-3.27363,-3.47911,0.0470419,0.0436957
temporal_fine_1e19,4,117,2.63257,1614,6.34375,0.162921,-3.51651,0.529766,-3.24473,-3.54621,0.0499492,0.045793
temporal_fine_1e19,4,118,2.33796,1550,5.1875,0.183069,-3.7203,0.697914,-3.24638,-3.76982,0.0564957,0.0682791
temporal_fine_1e19,4,119,1.4647,1332,4.6875,0.0666991,-3.44208,0.488305,-3.25712,-3.45845,0.0479535,0.0464039
temporal_fine_1e19,4,120,1.55704,1584,4.53125,0.131541,-3.47908,0.428723,-3.36405,-3.49139,0.0407636,0.0363885
temporal_fine_1e19,4,121,1.77542,1244,5.8125,0.222214,-3.6285,0.710162,-3.107,-3.67135,0.0644016,0.074443
temporal_fine_1e19,4,122,2.06467,1435,5.34375,0.191866,-3.64893,0.606777,-3.22308,-3.6898,0.0606805,0.0791816
temporal_fine_1e19,4,123,0.934574,1789,3.95312,0.121637,-3.35206,0.398842,-3.30584,-3.35772,0.0400024,0.0195559
temporal_fine_1e19,4,124,2.44649,1414,7.0625,0.127718,-3.6977,0.631906,-3.14344,-3.75005,0.0620568,0.0623539
temporal_fine_1e19,4,125,1.32851,1520,4.96875,0.182749,-3.46872,0.493764,-3.32758,-3.48315,0.0454456,0.0458875
temporal_fine_1e19,4,126,1.9054,1850,5.0625,0.116204,-3.46983,0.459359,-3.24772,-3.4981,0.0456165,0.0321789
temporal_fine_1e19,4,127,1.92419,1571,6.5625,0.179149,-3.55725,0.576947,-3.2333,-3.59161,0.0520215,0.0521644
temporal_fine_1e19,4,128,2.31821,1765,6.375,0.305091,-3.61765,0.620342,-3.20017,-3.66805,0.0576649,0.0654727
temporal_fine_1e19,4,129,2.32756,1952,9.75,0.547874,-3.50635,0.545568,-3.21234,-3.54612,0.0602202,0.0817583
temporal_fine_1e19,4,130,1.34185,1535,5,0.153025,-3.36334,0.417299,-3.28414,-3.37152,0.0423618,0.0308757
temporal_fine_1e19,4,131,1.86431,1863,5.84375,0.0938677,-3.52294,0.601738,-3.26847,-3.55559,0.0516532,0.0597266
temporal_fine_1e19,4,132,1.60645,923,4.90625,0.120392,-3.49862,0.516477,-3.31069,-3.50984,0.0454591,0.0477898
temporal_fine_1e19,4,133,2.44413,2407,5.96875,0.235315,-3.5542,0.716027,-3.08753,-3.63456,0.0620321,0.0703755
temporal_fine_1e19,4,134,1.33662,1528,4.71875,0.164509,-3.43011,0.429439,-3.31689,-3.44176,0.0434528,0.0376244
temporal_fine_1e19,4,135,2.00554,1351,5.3125,0.151587,-3.79318,0.791803,-3.03653,-3.86118,0.077062,0.0945093
temporal_fine_1e19,4,136,1.27291,1510,6.59375,0.140005,-3.43002,0.466438,-3.29862,-3.44336,0.0432833,0.0294186
temporal_fine_1e19,4,137,2.75447,1945,6,0.282761,-3.80736,0.819073,-2.94653,-3.92332,0.0891088,0.112495
temporal_fine_1e19,4,138,1.91678,1611,4.71875,0.110226,-3.51965,0.603459,-3.22152,-3.55217,0.0524304,0.0524136
temporal_fine_1e19,4,139,1.95183,971,6.40625,0.1798,-3.55162,0.499761,-3.29436,-3.56783,0.0468996,0.0422625
temporal_fine_1e19,4,140,2.70571,1873,5.5625,0.149099,-3.86708,0.909064,-2.91108,-3.99048,0.085572,0.10448
temporal_fine_1e19,4,141,2.44205,1309,4.875,0.176687,-3.72736,0.73177,-3.10212,-3.78165,0.0714822,0.0952385
temporal_fine_1e19,4,142,2.13578,1846,5.75,0.117713,-3.49514,0.564919,-3.18969,-3.53392,0.0550984,0.0610374
temporal_fine_1e19,4,143,1.39117,1441,6.78125,0.252255,-3.43899,0.485101,-3.28845,-3.4535,0.0422662,0.0267822
temporal_fine_1e19,4,144,1.27192,1767,5.15625,0.39012,-3.43256,0.408118,-3.31984,-3.44618,0.0408161,0.0245201
temporal_fine_1e19,4,145,1.27135,1659,5.375,0.438997,-3.43246,0.473818,-3.28207,-3.4494,0.0455874,0.0369008
temporal_fine_1e19,4,146,1.80453,2070,5.4375,0.218862,-3.44907,0.581272,-3.22431,-3.48158,0.0559583,0.083356
temporal_fine_1e19,4,147,2.32259,1597,5.96875,0.0824482,-3.57372,0.554502,-3.18597,-3.61559,0.0582365,0.0643595
temporal_fine_1e19,4,148,1.93899,1929,4.78125,0.206612,-3.53049,0.614313,-3.19199,-3.57566,0.0608907,0.0748265
temporal_fine_1e19,4,149,1.70112,1791,5.3125,0.118499,-3.50233,0.600875,-3.23996,-3.53453,0.0516401,0.0485556
temporal_fine_1e19,4,150,1.84409,1047,7.84375,0.260901,-3.48092,0.491953,-3.34846,-3.48997,0.0449926,0.0504747
temporal_fine_1e19,4,151,1.59756,1604,5.375,0.127277,-3.53645,0.511404,-3.32887,-3.55898,0.0456507,0.0407607
temporal_fine_1e19,4,152,1.95626,1165,4.96875,0.134871,-3.58411,0.541363,-3.28448,-3.60704,0.05046,0.0532863
temporal_fine_1e19,4,153,2.00023,1631,5,0.122922,-3.7811,0.646423,-3.27522,-3.83703,0.0529182,0.0565099
temporal_fine_1e19,4,154,1.04428,1263,5.09375,0.171164,-3.37532,0.416301,-3.31431,-3.38042,0.0407393,0.0232388
temporal_fine_1e19,4,155,2.00554,2119,5.375,0.114397,-3.52493,0.569622,-3.15878,-3.57932,0.065653,0.0854914
temporal_fine_1e19,4,156,2.02265,1791,5.28125,0.23807,-3.75853,0.916311,-2.90082,-3.86379,0.0957631,0.12585
temporal_fine_1e19,4,157,3.13698,1702,8.625,0.252343,-3.73334,0.622599,-3.10363,-3.80634,0.0732787,0.0872969
temporal_fine_1e19,4,158,1.30648,1598,4.40625,0.0617912,-3.44508,0.435062,-3.31572,-3.45906,0.0398998,0.0199335
temporal_fine_1e19,4,159,2.8121,1216,6.34375,0.187075,-3.64761,0.586301,-3.20009,-3.68349,0.0573632,0.0681328
temporal_fine_1e19,4,160,1.80926,1470,4.5,0.112112,-3.45977,0.543634,-3.2746,-3.47802,0.0497443,0.0633302
temporal_fine_1e19,4,161,2.17701,1574,5.71875,0.151036,-3.59074,0.608548,-3.17022,-3.63544,0.0646068,0.0830239
temporal_fine_1e19,4,162,1.33037,1270,5.59375,0.423907,-3.46522,0.458254,-3.3274,-3.4768,0.0450512,0.0498375
temporal_fine_1e19,4,163,1.82109,1667,7.5625,0.274254,-3.54259,0.57019,-3.22663,-3.57838,0.0590048,0.0806738
temporal_fine_1e19,4,164,2.05095,1753,5,0.133252,-3.52029,0.516529,-3.1909,-3.55976,0.0533188,0.0481012
temporal_fine_1e19,4,165,1.51129,2172,4.46875,0.151706,-3.38539,0.446644,-3.28081,-3.40138,0.0426124,0.0260942
temporal_fine_1e19,4,166,1.98619,1788,6.375,0.272957,-3.57151,0.620498,-3.23588,-3.61262,0.0545551,0.064104
temporal_fine_1e19,4,167,1.82785,1183,4.6875,0.102783,-3.55583,0.584495,-3.1911,-3.58421,0.0547392,0.0538095
temporal_fine_1e19,4,168,2.22508,1184,5,0.0815869,-3.71181,0.724435,-3.05804,-3.76273,0.0729796,0.0851272
temporal_fine_1e19,4,169,1.91953,1708,5.40625,0.20854,-3.58875,0.739191,-3.08163,-3.64777,0.0703757,0.0900322
temporal_fine_1e19,4,170,1.75987,2046,4.53125,0.133858,-3.53319,0.558862,-3.23319,-3.576,0.0502386,0.0404338
temporal_fine_1e19,4,171,1.61156,1318,4.3125,0.0704915,-3.52417,0.491143,-3.2789,-3.54562,0.0445127,0.0332854
temporal_fine_1e19,4,172,2.80148,1077,5.65625,0.163673,-3.68834,0.662429,-3.0949,-3.7301,0.066695,0.0733889
temporal_fine_1e19,4,173,1.89374,1471,5.34375,0.188732,-3.57244,0.710916,-3.13172,-3.61591,0.0622977,0.0754635
temporal_fine_1e19,4,174,1.84714,1559,4.53125,0.0990009,-3.5026,0.572897,-3.21558,-3.53278,0.0511223,0.0477523
temporal_fine_1e19,4,175,3.04436,1392,7.9375,0.742504,-3.85635,0.641464,-3.16874,-3.92019,0.0586168,0.0650398
temporal_fine_1e19,4,176,2.30751,1696,6.875,0.206561,-3.62221,0.635912,-3.07527,-3.68537,0.0638179,0.0585526
temporal_fine_1e19,4,177,1.78925,1350,5.875,0.341166,-3.57941,0.552691,-3.27309,-3.60692,0.0491385,0.0500992
temporal_fine_1e19,4,178,2.41793,1203,5.71875,0.174817,-3.55219,0.61277,-3.20784,-3.57948,0.0576235,0.070882
temporal_fine_1e19,4,179,1.77057,1640,5.03125,0.0772963,-3.59198,0.582893,-3.2769,-3.62703,0.0507606,0.0556649
temporal_fine_1e19,4,180,1.19694,1998,4.5,0.20685,-3.36552,0.460498,-3.27604,-3.37795,0.0450011,0.0415437
temporal_fine_1e19,4,181,2.78337,1222,7.96875,0.895525,-3.6496,0.509027,-3.25358,-3.68151,0.0631326,0.103295
temporal_fine_1e19,4,182,2.22886,1538,6.28125,0.23212,-3.58369,0.544617,-3.25335,-3.61792,0.0578248,0.0746335
temporal_fine_1e19,4,183,1.65019,1144,4.90625,0.30193,-3.51548,0.464784,-3.31492,-3.53054,0.04922,0.0543305
temporal_fine_1e19,4,184,1.83681,2439,4.90625,0.231282,-3.55286,0.697794,-3.17856,-3.61832,0.0598125,0.0687154
temporal_fine_1e19,4,185,2.55337,1853,5.21875,0.365313,-3.60518,0.667837,-3.14492,-3.66387,0.0677226,0.0927175
temporal_fine_1e19,4,186,1.95558,1553,5.59375,0.308832,-3.64475,0.737519,-3.14915,-3.69664,0.0635478,0.0716697
temporal_fine_1e19,4,187,1.45534,1491,4.625,0.0850288,-3.51745,0.481827,-3.31413,-3.5378,0.0429007,0.0313555
temporal_fine_1e19,4,188,1.19811,1129,4.65625,0.260498,-3.41135,0.397719,-3.35328,-3.41565,0.0396898,0.0292407
temporal_fine_1e19,4,189,2.15632,825,4.8125,0.189707,-3.74291,0.612555,-3.30763,-3.76599,0.0539729,0.0658429
temporal_fine_1e19,4,190,2.13759,1394,5.1875,0.190713,-3.54555,0.521189,-3.19361,-3.57828,0.0554736,0.0605632
temporal_fine_1e19,4,191,2.06538,919,5.28125,0.0859834,-3.64702,0.650898,-3.19335,-3.67398,0.0533721,0.0457065
temporal_fine_1e19,5,0,3.0566,1924,7.46875,0.349417,-3.61991,0.579704,-3.24625,-3.66963,0.0524557,0.0584872
temporal_fine_1e19,5,1,1.13627,1379,3.75,0.265105,-3.4121,0.435394,-3.29463,-3.4229,0.0419746,0.023124
temporal_fine_1e19,5,2,2.99619,1565,5.75,0.359751,-3.65804,0.623183,-3.08799,-3.71825,0.0632723,0.0677461
temporal_fine_1e19,5,3,2.33039,1977,5.8125,0.132644,-3.56763,0.514628,-3.32106,-3.60147,0.0475449,0.0530773
temporal_fine_1e19,5,4,2.38451,1692,5.125,0.140394,-3.67786,0.726703,-3.11406,-3.74279,0.0651176,0.0820417
temporal_fine_1e19,5,5,2.04101,1467,5.40625,0.137298,-3.66959,0.57814,-3.27452,-3.70845,0.0529711,0.0585387
temporal_fine_1e19,5,6,1.55694,1361,5.03125,0.116836,-3.43847,0.44484,-3.28536,-3.45234,0.0420342,0.0276704
temporal_fine_1e19,5,7,2.26036,918,6.40625,0.119384,-3.68287,0.590087,-3.22621,-3.70998,0.0579018,0.0672522
temporal_fine_1e19,5,8,2.64977,1162,5.5625,0.426658,-3.81157,0.770041,-3.00635,-3.87304,0.0761616,0.0868945
temporal_fine_1e19,5,9,2.0715,935,6.875,0.16749,-3.53345,0.541614,-3.22502,-3.55212,0.0556776,0.0657333
temporal_fine_1e19,5,10,1.84018,1500,6.375,0.142931,-3.55393,0.62687,-3.19356,-3.59024,0.0586415,0.0718586
temporal_fine_1e19,5,11,1.30742,1332,5.625,0.326991,-3.44877,0.487491,-3.34046,-3.45835,0.0413753,0.0310993
temporal_fine_1e19,5,12,2.06409,2364,5.3125,0.253468,-3.5298,0.519642,-3.23751,-3.57908,0.0580015,0.0779599
temporal_fine_1e19,5,13,1.99264,2178,5.5625,0.231469,-3.48943,0.588804,-3.22767,-3.52956,0.0536768,0.0620962
temporal_fine_1e19,5,14,2.03397,1697,5.3125,0.110029,-3.56506,0.627051,-3.21536,-3.60547,0.0521818,0.0527661
temporal_fine_1e19,5,15,3.28496,993,4.625,0.128985,-3.81565,0.601078,-2.86568,-3.87694,0.0744853,0.0693436
temporal_fine_1e19,5,16,3.76854,2471,5.75,0.254839,-3.70643,0.837,-2.81855,-3.86412,0.0848886,0.0908583
temporal_fine_1e19,5,17,2.10268,1061,6.1875,0.269183,-3.64056,0.588533,-3.27764,-3.66569,0.0519974,0.0595052
temporal_fine_1e19,5,18,2.13592,1853,7.125,0.133278,-3.63195,0.737114,-3.1109,-3.6984,0.061484,0.0618582
temporal_fine_1e19,5,19,1.64764,2040,4.9375,0.151959,-3.49104,0.541077,-3.31134,-3.5166,0.0441369,0.0336325
temporal_fine_1e19,5,20,1.45342,1411,5.15625,0.116863,-3.51242,0.456466,-3.39518,-3.52347,0.040884,0.0307877
temporal_fine_1e19,5,21,1.75905,1251,5.9375,0.168738,-3.54217,0.481248,-3.37808,-3.55573,0.0422062,0.0405157
temporal_fine_1e19,5,22,2.29473,595,6.8125,0.137627,-3.50092,0.45364,-3.25202,-3.5103,0.0457093,0.0332127
temporal_fine_1e19,5,23,1.80181,1214,4.84375,-0.000984187,-3.461,0.472247,-3.3164,-3.47257,0.0406428,0.0246178
temporal_fine_1e19,5,24,2.36049,1166,4.9375,0.139905,-3.57342,0.502434,-3.17273,-3.60412,0.0525668,0.0476076
temporal_fine_1e19,5,25,2.05818,1405,4.5625,0.0786004,-3.62172,0.703293,-3.08077,-3.67246,0.0708012,0.0944568
temporal_fine_1e19,5,26,3.26095,1374,5.625,0.258944,-3.71139,0.572916,-3.1859,-3.75949,0.0587812,0.0700058
temporal_fine_1e19,5,27,1.79777,963,4.9375,0.0467851,-3.60291,0.666787,-3.14715,-3.63137,0.0582053,0.0611869
temporal_fine_1e19,5,28,2.1789,1533,5.8125,0.118492,-3.69152,0.69892,-3.14158,-3.74828,0.0630439,0.0719172
temporal_fine_1e19,5,29,2.25303,1947,5,0.288528,-3.67721,0.792363,-3.0557,-3.76102,0.0705658,0.0834203
temporal_fine_1e19,5,30,1.92801,514,4.6875,0.0878364,-3.53803,0.470017,-3.36566,-3.54362,0.0398295,0.0334785
temporal_fine_1e19,5,31,2.38201,1468,4.71875,0.102379,-3.59114,0.658655,-3.17274,-3.63231,0.0524438,0.0444421
temporal_fine_1e19,5,32,1.41764,1742,6.03125,0.256276,-3.46255,0.48267,-3.33569,-3.47765,0.0426188,0.0305341
temporal_fine_1e19,5,33,1.8481,1290,8.375,0.227933,-3.51655,0.480448,-3.32424,-3.53299,0.0449197,0.0478573
temporal_fine_1e19,5,34,1.30521,963,6.96875,0.299802,-3.39623,0.429477,-3.27565,-3.40376,0.0450891,0.0459727
temporal_fine_1e19,5,35,2.03074,1441,5.5,0.162186,-3.52374,0.534084,-3.23633,-3.55146,0.0505212,0.048105
temporal_fine_1e19,5,36,1.82662,1575,4.5625,0.124604,-3.56033,0.567122,-3.29672,-3.58837,0.0460022,0.0393867
temporal_fine_1e19,5,37,1.50323,1150,4.1875,0.0392452,-3.49774,0.430277,-3.35951,-3.50817,0.0423018,0.0364477
temporal_fine_1e19,5,38,2.57568,1148,6.40625,0.244276,-3.67573,0.612833,-3.19147,-3.71222,0.0602043,0.0779067
temporal_fine_1e19,5,39,1.68221,1743,4.9375,0.124765,-3.51832,0.717954,-3.19901,-3.55634,0.0559173,0.0656451
temporal_fine_1e19,5,40,2.29247,1955,5.65625,0.18269,-3.56962,0.594144,-3.14687,-3.62689,0.0517284,0.0467975
temporal_fine_1e19,5,41,2.0324,1802,5.71875,0.0487367,-3.518,0.524475,-3.28769,-3.54646,0.0442673,0.0371917
temporal_fine_1e19,5,42,1.93244,1612,5.125,0.182356,-3.54418,0.731502,-3.189,-3.58294,0.0578631,0.0669242
temporal_fine_1e19,5,43,5.45214,3427,6.28125,0.340886,-3.58342,0.744876,-2.70557,-3.8156,0.0794018,0.0596517
temporal_fine_1e19,5,44,1.61071,1036,4.875,0.0936454,-3.49957,0.600237,-3.22167,-3.51833,0.0516887,0.0516767
temporal_fine_1e19,5,45,2.01337,1659,4.625,0.0764362,-3.56768,0.622552,-3.23218,-3.60548,0.049458,0.0419643
temporal_fine_1e19,5,46,1.80511,1174,6.90625,0.272856,-3.56673,0.605244,-3.3083,-3.58668,0.0482129,0.0504072
temporal_fine_1e19,5,47,1.83865,2150,4.46875,0.108648,-3.4097,0.511171,-3.21092,-3.43972,0.047715,0.0413349
temporal_fine_1e19,5,48,1.9802,1495,5.21875,0.07234,-3.47857,0.602322,-3.19321,-3.50722,0.0535198,0.0495025
temporal_fine_1e19,5,49,1.42466,1521,7.03125,0.117266,-3.44353,0.431537,-3.34624,-3.45348,0.0405029,0.0265334
temporal_fine_1e19,5,50,2.20309,1615,6.0625,0.174775,-3.62028,0.492634,-3.33887,-3.65105,0.0614894,0.112723
temporal_fine_1e19,5,51,2.33977,1672,5.40625,0.144141,-3.64721,0.635247,-3.16477,-3.70203,0.0605602,0.0707984
temporal_fine_1e19,5,52,1.86432,1614,4.78125,0.0990327,-3.56751,0.663029,-3.2039,-3.60724,0.0573099,0.0691027
temporal_fine_1e19,5,53,2.08446,1453,5.375,0.102187,-3.5616,0.542403,-3.2144,-3.59538,0.0523117,0.0483731
temporal_fine_1e19,5,54,2.5143,1581,5.0625,0.115485,-3.60599,0.467052,-3.34639,-3.63371,0.0495096,0.0710565
temporal_fine_1e19,5,55,2.87016,1075,6.875,0.373681,-3.62324,0.592672,-3.06869,-3.66218,0.0685855,0.0818909
temporal_fine_1e19,5,56,1.56063,1272,5.46875,0.177195,-3.46529,0.581537,-3.29112,-3.47995,0.0489346,0.06723
temporal_fine_1e19,5,57,1.55566,2166,4.28125,0.0472313,-3.32391,0.438186,-3.24338,-3.33618,0.0429574,0.0208381
temporal_fine_1e19,5,58,3.80754,1560,7.46875,0.442123,-3.82212,0.554883,-3.19368,-3.88826,0.0705502,0.0931799
temporal_fine_1e19,5,59,1.39663,1578,4.90625,0.0706746,-3.46326,0.436625,-3.36136,-3.47412,0.0402388,0.0301761
temporal_fine_1e19,5,60,1.74187,1464,5.71875,0.150309,-3.48267,0.417953,-3.35048,-3.49564,0.0394298,0.0225011
temporal_fine_1e19,5,61,2.76824,1313,5.21875,0.137096,-3.75602,0.692527,-3.13256,-3.81034,0.0596222,0.0710584
temporal_fine_1e19,5,62,1.94938,2190,7,0.0879776,-3.43444,0.456894,-3.295,-3.45596,0.0433791,0.0299971
temporal_fine_1e19,5,63,2.163,1834,5.71875,0.183164,-3.5626,0.613595,-3.10846,-3.61985,0.0632435,0.0695142
temporal_fine_1e19,5,64,2.03349,1480,5.5625,0.139098,-3.55945,0.564087,-3.20972,-3.59418,0.0543761,0.0520165
temporal_fine_1e19,5,65,2.73333,1413,9.25,0.707542,-3.67337,0.558325,-3.35164,-3.70373,0.0439385,0.0388854
temporal_fine_1e19,5,66,3.16767,1455,6.96875,0.424527,-3.89056,0.781778,-2.97209,-3.98007,0.0819764,0.102873
temporal_fine_1e19,5,67,2.5464,1969,7.75,0.241096,-3.57466,0.487987,-3.32415,-3.60888,0.0476274,0.0542003
temporal_fine_1e19,5,68,2.54229,1167,5.625,0.124924,-3.70098,0.629793,-3.18736,-3.74037,0.0580481,0.062266
temporal_fine_1e19,5,69,1.88988,1659,5.375,0.142356,-3.56656,0.678271,-3.18411,-3.60965,0.0626233,0.0891865
temporal_fine_1e19,5,70,1.97295,1574,4.9375,0.11681,-3.65008,0.7588,-3.0849,-3.71015,0.0685338,0.0837115
temporal_fine_1e19,5,71,2.62422,1402,8.5,0.23709,-3.67291,0.632421,-3.05025,-3.73118,0.0694277,0.0712441
temporal_fine_1e19,5,72,3.57599,2259,7.84375,0.243056,-3.60837,0.602494,-3.11719,-3.68692,0.0508591,0.0355492
temporal_fine_1e19,5,73,1.2554,789,3.92188,0.0224686,-3.39059,0.419466,-3.37796,-3.39123,0.0391374,0.024534
temporal_fine_1e19,5,74,2.24159,1746,4.75,0.14653,-3.62652,0.602395,-3.13932,-3.68464,0.0570292,0.0571119
temporal_fine_1e19,5,75,2.54726,2004,5.59375,0.199905,-3.77506,0.816343,-3.08576,-3.87112,0.0716365,0.0854713
temporal_fine_1e19,5,76,1.88701,1670,5.5625,0.102911,-3.51692,0.556982,-3.26198,-3.54585,0.0513062,0.0569549
temporal_fine_1e19,5,77,1.76478,1435,4.34375,0.190239,-3.53147,0.460302,-3.33559,-3.55027,0.0441108,0.0380491
temporal_fine_1e19,5,78,1.61436,1127,4.25,0.130432,-3.48081,0.490896,-3.34697,-3.4907,0.0433997,0.0359419
temporal_fine_1e19,5,79,1.74391,1726,4.875,0.0292743,-3.53839,0.571128,-3.21817,-3.5761,0.0518543,0.0464464
temporal_fine_1e19,5,80,2.72034,1809,5.21875,0.223882,-3.77169,0.651989,-3.25782,-3.83547,0.0569397,0.073591
temporal_fine_1e19,5,81,2.59827,1788,5.6875,0.322884,-3.87712,0.728373,-3.17611,-3.963,0.0662273,0.0752313
temporal_fine_1e19,5,82,2.65263,2299,6.75,0.605694,-3.56128,0.673805,-3.066,-3.64212,0.0760974,0.100834
temporal_fine_1e19,5,83,2.8072,708,5.34375,0.216902,-3.83858,0.634482,-3.17363,-3.86862,0.0596739,0.0611333
temporal_fine_1e19,5,84,2.30813,1707,4.84375,0.0791017,-3.55676,0.604324,-3.1341,-3.60591,0.0571234,0.0534631
temporal_fine_1e19,5,85,2.38804,1537,5.84375,0.165774,-3.61361,0.676627,-3.1093,-3.66581,0.0702452,0.0899101
temporal_fine_1e19,5,86,2.442,1690,7.25,0.173198,-3.67802,0.642516,-3.15136,-3.7386,0.0664876,0.0814629
temporal_fine_1e19,5,87,2.54715,964,5.6875,0.075978,-3.60517,0.498793,-3.28213,-3.62536,0.0443231,0.0282921
temporal_fine_1e19,5,88,2.32474,1836,5.4375,0.180461,-3.53083,0.522974,-3.24018,-3.56751,0.0486766,0.056343
temporal_fine_1e19,5,89,2.61904,1328,6.71875,0.301902,-3.60183,0.581345,-3.22534,-3.63503,0.0526136,0.0523385
temporal_fine_1e19,5,90,3.3183,1603,6.03125,0.196309,-3.75877,0.621365,-3.27945,-3.81075,0.0553848,0.063502
temporal_fine_1e19,5,91,1.80303,2001,5.8125,0.295318,-3.51976,0.61783,-3.19886,-3.5644,0.0537171,0.0515539
temporal_fine_1e19,5,92,1.86597,1147,5.03125,0.111605,-3.49235,0.595422,-3.21247,-3.51342,0.0583926,0.0877887
temporal_fine_1e19,5,93,2.85229,1320,5.875,0.246599,-3.72536,0.590243,-3.16856,-3.77415,0.0732156,0.107973
temporal_fine_1e19,5,94,2.16294,1129,4.6875,0.0693995,-3.678,0.652117,-3.22288,-3.71169,0.0572715,0.0684301
temporal_fine_1e19,5,95,2.88124,1517,10.3125,0.416273,-3.76357,0.663267,-3.19496,-3.82159,0.0610962,0.0660208
temporal_fine_1e19,5,96,2.78901,2168,6.59375,0.20941,-3.71265,0.580456,-3.28927,-3.77722,0.0570007,0.0754822
temporal_fine_1e19,5,97,2.11644,1769,6.5625,0.377225,-3.64877,0.619779,-3.2184,-3.70086,0.0514824,0.0448591
temporal_fine_1e19,5,98,2.2138,1278,5.3125,0.135534,-3.71282,0.619237,-3.26567,-3.75065,0.0561097,0.0662319
temporal_fine_1e19,5,99,2.35941,1851,6.0625,0.145036,-3.59448,0.532628,-3.2291,-3.64102,0.0520949,0.0535955
temporal_fine_1e19,5,100,2.72043,1983,5.1875,0.14977,-3.69167,0.604491,-3.23193,-3.75498,0.0635764,0.0851797
temporal_fine_1e19,5,101,2.22442,1411,6.53125,0.113882,-3.56623,0.54731,-3.26289,-3.59482,0.0502686,0.0486592
temporal_fine_1e19,5,102,1.30945,2159,4.46875,0.101862,-3.36475,0.433528,-3.28816,-3.37637,0.0427868,0.0277926
temporal_fine_1e19,5,103,2.98913,2374,6.40625,0.458409,-3.69049,0.717458,-3.11214,-3.78849,0.0719986,0.0946556
temporal_fine_1e19,5,104,2.75957,1606,6.8125,0.210344,-3.55822,0.55779,-3.16167,-3.60132,0.0632325,0.0826637
temporal_fine_1e19,5,105,2.36573,1467,4.78125,0.0689087,-3.58637,0.504278,-3.36806,-3.60784,0.0427354,0.0453521
temporal_fine_1e19,5,106,1.90036,1403,6.53125,0.171895,-3.54593,0.616829,-3.20018,-3.5783,0.0567287,0.0665284
temporal_fine_1e19,5,107,1.41456,2020,5.25,0.0968012,-3.43705,0.484595,-3.31168,-3.45468,0.0423115,0.0363064
temporal_fine_1e19,5,108,2.33492,1328,6.40625,0.259279,-3.76343,0.611609,-3.31666,-3.80284,0.0491185,0.0465661
temporal_fine_1e19,5,109,2.33474,2849,4.96875,0.0679326,-3.56915,0.632888,-3.17457,-3.65221,0.0560302,0.0624884
temporal_fine_1e19,5,110,1.59642,1240,5.09375,0.160464,-3.47387,0.447087,-3.35105,-3.48393,0.0408557,0.0317134
temporal_fine_1e19,5,111,4.92007,1482,8.6875,0.455834,-3.95985,0.619641,-3.14264,-4.04112,0.068839,0.0813153
temporal_fine_1e19,5,112,2.34318,786,6.78125,0.243528,-3.79298,0.647782,-3.19655,-3.82303,0.0556092,0.0602432
temporal_fine_1e19,5,113,2.23757,1845,6.25,0.136279,-3.53879,0.492984,-3.2585,-3.57436,0.04476,0.0286207
temporal_fine_1e19,5,114,1.78681,1452,5.65625,0.276086,-3.83678,0.814249,-3.13482,-3.90504,0.063074,0.0656498
temporal_fine_1e19,5,115,2.03635,1459,5.5625,0.140282,-3.60486,0.668392,-3.1058,-3.65365,0.062545,0.0666363
temporal_fine_1e19,5,116,1.62219,1609,5.03125,0.0426587,-3.44802,0.474185,-3.34049,-3.45973,0.0413364,0.029098
temporal_fine_1e19,5,117,1.5687,1413,4.40625,0.0928593,-3.39319,0.435951,-3.30846,-3.40119,0.0415552,0.0313653
temporal_fine_1e19,5,118,3.60351,1285,6.625,0.239338,-3.56759,0.514355,-3.06155,-3.61066,0.054887,0.0414569
temporal_fine_1e19,5,119,3.59174,1728,5.40625,0.381577,-3.80892,0.612674,-3.12126,-3.89,0.0772076,0.108082
temporal_fine_1e19,5,120,1.74278,809,6.375,0.151197,-3.50136,0.501285,-3.31432,-3.51107,0.043658,0.0387949
temporal_fine_1e19,5,121,1.95767,1814,4.6875,0.101026,-3.552,0.631575,-3.2348,-3.59149,0.0578733,0.0820138
temporal_fine_1e19,5,122,1.76144,1422,5.03125,0.264183,-3.69568,0.746159,-3.08857,-3.75338,0.0693404,0.0941073
temporal_fine_1e19,5,123,2.1411,1855,5.71875,0.122944,-3.61526,0.639338,-3.22352,-3.66527,0.057139,0.0705177
temporal_fine_1e19,5,124,1.77696,2127,5.15625,0.145005,-3.47877,0.542449,-3.26788,-3.51024,0.0468681,0.0435432
temporal_fine_1e19,5,125,1.61814,1819,5.1875,0.103958,-3.47842,0.463468,-3.31687,-3.49859,0.0424105,0.030871
temporal_fine_1e19,5,126,1.33073,1228,5.03125,0.308839,-3.44108,0.441305,-3.35942,-3.44769,0.039866,0.0229643
temporal_fine_1e19,5,127,3.18325,1398,7.09375,0.468845,-3.88166,0.747961,-3.07886,-3.95655,0.0793009,0.101224
temporal_fine_1e19,5,128,2.03545,1332,6.6875,0.179905,-3.54846,0.55245,-3.20665,-3.57871,0.0572246,0.0658681
temporal_fine_1e19,5,129,3.36321,1404,6.5,0.244176,-3.77807,0.658528,-3.116,-3.84012,0.0621509,0.0608093
temporal_fine_1e19,5,130,1.56953,1626,4.65625,0.167427,-3.49611,0.472286,-3.35259,-3.51193,0.0416777,0.0337681
temporal_fine_1e19,5,131,1.33564,1032,4.90625,0.227515,-3.47146,0.503774,-3.30159,-3.48287,0.0431342,0.0282234
temporal_fine_1e19,5,132,2.61503,1655,5.5625,0.183931,-3.65295,0.615288,-3.09485,-3.71566,0.0698602,0.0878611
temporal_fine_1e19,5,133,3.78266,883,5.9375,0.167426,-3.90846,0.647405,-3.21771,-3.9478,0.0508341,0.0430005
temporal_fine_1e19,5,134,2.56144,1438,5.5,0.228951,-3.60415,0.594326,-3.24321,-3.63888,0.0521994,0.0479817
temporal_fine_1e19,5,135,1.33344,792,5.25,0.119378,-3.39768,0.44605,-3.32557,-3.40134,0.0405497,0.0231462
temporal_fine_1e19,5,136,1.90008,1273,5.46875,0.174511,-3.89732,0.819713,-3.03943,-3.9696,0.0766392,0.0947015
temporal_fine_1e19,5,137,2.67038,929,6.8125,0.344096,-3.71938,0.579971,-3.24436,-3.74794,0.0668814,0.119238
temporal_fine_1e19,5,138,1.65418,2371,4.46875,0.137737,-3.42802,0.464318,-3.30853,-3.44823,0.0429813,0.0296886
temporal_fine_1e19,5,139,2.13969,1388,7.375,0.101247,-3.62429,0.649959,-3.16937,-3.66639,0.0569054,0.0602922
temporal_fine_1e19,5,140,1.8398,1689,6.125,0.210841,-3.51135,0.612909,-3.28569,-3.53728,0.0542999,0.0811939
temporal_fine_1e19,5,141,2.68805,2150,5.0625,0.151815,-3.69804,0.67705,-3.20827,-3.77202,0.060118,0.07362
temporal_fine_1e19,5,142,2.43658,1440,5.40625,0.107667,-3.78413,0.636186,-3.30255,-3.83054,0.0530217,0.0616785
temporal_fine_1e19,5,143,1.99887,1303,6.15625,0.209697,-3.60764,0.558251,-3.25474,-3.63813,0.0497618,0.0470266
temporal_fine_1e19,5,144,1.95215,3075,4.625,0.156004,-3.41792,0.545475,-3.23999,-3.45903,0.0467115,0.0375115
temporal_fine_1e19,5,145,1.78594,1161,5.5625,0.216406,-3.51898,0.483775,-3.28989,-3.53645,0.0455494,0.0388703
temporal_fine_1e19,5,146,2.49221,2018,5.4375,0.146911,-3.70755,0.769359,-3.10874,-3.79167,0.0692331,0.0940239
temporal_fine_1e19,5,147,1.46007,1107,4.28125,0.0995733,-3.43487,0.504159,-3.23481,-3.44936,0.0468155,0.0340495
temporal_fine_1e19,5,148,2.12513,905,5.34375,0.122519,-3.57716,0.535054,-3.28322,-3.59435,0.0504098,0.0489883
temporal_fine_1e19,5,149,2.50147,870,7.5625,0.191497,-3.60621,0.547189,-3.20237,-3.62886,0.0568427,0.0677509
temporal_fine_1e19,5,150,2.53225,1746,5.4375,0.205246,-3.65209,0.595285,-3.12288,-3.71522,0.0730071,0.0960241
temporal_fine_1e19,5,151,1.98765,1594,6.71875,0.170619,-3.44625,0.476866,-3.28724,-3.46339,0.0452633,0.0324479
temporal_fine_1e19,5,152,2.22782,1430,5.3125,0.163528,-3.54906,0.600949,-3.15053,-3.58717,0.0582775,0.0700653
temporal_fine_1e19,5,153,1.70572,1639,5.8125,0.179617,-3.48495,0.634368,-3.23117,-3.51316,0.0619146,0.103781
temporal_fine_1e19,5,154,2.04767,838,5.5,0.15775,-3.65746,0.493715,-3.37934,-3.67245,0.0455883,0.0489376
temporal_fine_1e19,5,155,2.06173,1451,5.4375,0.0936156,-3.57479,0.632822,-3.13783,-3.61725,0.0622769,0.0767686
temporal_fine_1e19,5,156,1.72045,1591,6.75,0.180738,-3.69551,0.775092,-3.16542,-3.75252,0.062532,0.0679455
temporal_fine_1e19,5,157,1.64772,1401,4.75,0.0862661,-3.49733,0.458005,-3.35142,-3.51097,0.0411438,0.030303
temporal_fine_1e19,5,158,2.24685,1623,6.96875,0.246619,-3.47528,0.510387,-3.27942,-3.49681,0.0469574,0.0422622
temporal_fine_1e19,5,159,1.69256,1394,4.90625,0.0491398,-3.55064,0.697228,-3.1993,-3.58332,0.0578617,0.0703695
temporal_fine_1e19,5,160,1.9195,1164,5.21875,0.112287,-3.54401,0.630619,-3.12434,-3.5761,0.0630876,0.0748072
temporal_fine_1e19,5,161,2.62207,1959,4.90625,0.120719,-3.73495,0.612881,-3.23433,-3.80294,0.0482797,0.0369228
temporal_fine_1e19,5,162,2.18926,1645,5.75,0.187602,-3.71953,0.803098,-3.05733,-3.79344,0.0697149,0.0819474
temporal_fine_1e19,5,163,1.26489,901,6.71875,0.426567,-3.44592,0.4149,-3.32389,-3.45302,0.044553,0.0532046
temporal_fine_1e19,5,164,2.70271,1491,4.78125,0.0724919,-3.65982,0.586687,-3.21079,-3.70477,0.0535803,0.0489066
temporal_fine_1e19,5,165,2.51765,1722,5.65625,0.197415,-3.70932,0.777809,-3.08001,-3.78323,0.0604528,0.061023
temporal_fine_1e19,5,166,2.34261,1243,5.21875,0.0981831,-3.6327,0.613899,-3.15733,-3.67173,0.0677686,0.09461
temporal_fine_1e19,5,167,3.55191,752,5.25,0.215173,-3.65631,0.502472,-3.15773,-3.6803,0.0508545,0.0304479
temporal_fine_1e19,5,168,2.21622,1335,5.21875,0.23545,-3.54052,0.638178,-3.12093,-3.57775,0.0611325,0.0735893
temporal_fine_1e19,5,169,2.65213,1287,8.75,0.116016,-3.79709,0.778829,-3.04389,-3.86129,0.0709553,0.0789009
temporal_fine_1e19,5,170,2.24398,1646,5.59375,0.14615,-3.69535,0.755345,-3.1258,-3.75896,0.06333,0.0734033
temporal_fine_1e19,5,171,2.69453,1474,5.25,0.0511564,-3.64052,0.547274,-3.26576,-3.67757,0.0541782,0.0650676
temporal_fine_1e19,5,172,3.29969,1271,6.5625,0.630801,-3.91333,0.67391,-3.11223,-3.9807,0.0728832,0.0804877
temporal_fine_1e19,5,173,1.85161,1778,4.6875,0.18928,-3.77467,0.700368,-3.19349,-3.84542,0.0714091,0.107775
temporal_fine_1e19,5,174,2.67382,1274,5.75,0.238572,-3.77642,0.741072,-3.07071,-3.83592,0.0771018,0.107675
temporal_fine_1e19,5,175,3.37687,1354,5.25,0.168677,-3.87254,0.724642,-3.07469,-3.94442,0.0654612,0.0685748
temporal_fine_1e19,5,176,1.91966,1411,5.03125,0.342517,-3.65407,0.778454,-3.10017,-3.70627,0.0720211,0.0971368
temporal_fine_1e19,5,177,1.94811,1394,6.5625,0.346977,-3.46401,0.498895,-3.30227,-3.47905,0.0460839,0.0454586
temporal_fine_1e19,5,178,2.05426,1739,5.65625,0.155321,-3.60231,0.610861,-3.25439,-3.64362,0.052921,0.0590577
temporal_fine_1e19,5,179,2.33255,1400,5.65625,0.148388,-3.59131,0.534331,-3.27114,-3.62123,0.0479284,0.0456903
temporal_fine_1e19,5,180,1.29992,1690,8.125,0.516426,-3.50611,0.477002,-3.36246,-3.52264,0.0421046,0.0346554
temporal_fine_1e19,5,181,1.75569,1748,4.5625,0.129735,-3.55264,0.540533,-3.30146,-3.58264,0.0487896,0.0479729
temporal_fine_1e19,5,182,2.04336,2175,6.25,0.170387,-3.53009,0.608506,-3.22202,-3.57724,0.0530948,0.056143
temporal_fine_1e19,5,183,2.4897,1456,5.40625,0.106916,-3.67649,0.700036,-3.19138,-3.72381,0.0581068,0.0645088
temporal_fine_1e19,5,184,2.50352,1613,4.71875,0.111606,-3.59573,0.54591,-3.24264,-3.63429,0.0502921,0.0445832
temporal_fine_1e19,5,185,2.11288,1485,4.78125,0.0775154,-3.63575,0.517876,-3.29148,-3.67006,0.0544737,0.073325
temporal_fine_1e19,5,186,2.42111,2255,5.375,0.105298,-3.70602,0.536948,-3.35197,-3.76253,0.045673,0.0463295
temporal_fine_1e19,5,187,2.06436,756,4.6875,0.0212012,-3.44295,0.455665,-3.28727,-3.45048,0.0431686,0.0247086
temporal_fine_1e19,5,188,2.32659,1192,5.1875,0.065795,-3.6969,0.618507,-3.22003,-3.73431,0.0519084,0.0506591
temporal_fine_1e19,5,189,1.19569,2362,6.65625,0.748356,-3.41802,0.455412,-3.33402,-3.43217,0.040935,0.0271397
temporal_fine_1e19,5,190,1.68744,2044,4.78125,0.109384,-3.62397,0.673312,-3.27468,-3.67376,0.0500911,0.0508837
temporal_fine_1e19,5,191,1.98901,1673,4.90625,0.123072,-3.56903,0.622129,-3.21917,-3.60881,0.0535695,0.056883
temporal_fine_1e19,6,0,2.28657,1433,5.34375,0.145681,-4.12888,0.967799,-3.01563,-4.23558,0.0846931,0.0996074
temporal_fine_1e19,6,1,3.20757,1175,7.40625,0.291141,-3.72066,0.693409,-3.0644,-3.77136,0.0669403,0.0777723
temporal_fine_1e19,6,2,2.43284,1649,5.375,0.0879375,-3.58941,0.614087,-3.27752,-3.62432,0.0594365,0.0879546
temporal_fine_1e19,6,3,2.92606,1879,6.03125,0.0970473,-3.62737,0.542883,-3.27543,-3.67296,0.0494424,0.0513774
temporal_fine_1e19,6,4,3.05186,2045,6.0625,0.120277,-3.60585,0.520016,-3.34439,-3.64314,0.042041,0.0346725
temporal_fine_1e19,6,5,2.31187,1691,5.65625,0.121571,-3.58765,0.634863,-3.25971,-3.62539,0.0557945,0.0708396
temporal_fine_1e19,6,6,3.61264,1713,5.65625,0.245981,-3.88606,0.734608,-3.16724,-3.96999,0.0701643,0.0959029
temporal_fine_1e19,6,7,2.74885,1694,6.21875,0.283148,-3.59988,0.607792,-3.23318,-3.64217,0.0578635,0.0739739
temporal_fine_1e19,6,8,2.09523,1430,6.21875,0.0976736,-3.50258,0.517951,-3.34327,-3.51782,0.0432915,0.0404047
temporal_fine_1e19,6,9,2.97315,1628,10.5,0.3593,-3.66433,0.548909,-3.26766,-3.70809,0.0557502,0.0712563
temporal_fine_1e19,6,10,1.49287,1161,5.09375,0.213559,-3.57129,0.494088,-3.4004,-3.58432,0.0407678,0.0339073
temporal_fine_1e19,6,11,2.11049,1800,5.3125,0.294391,-3.9815,0.916248,-2.97677,-4.10551,0.0948113,0.113247
temporal_fine_1e19,6,12,2.57895,910,6.125,0.031653,-3.62536,0.540244,-3.33246,-3.64258,0.0482851,0.0510453
temporal_fine_1e19,6,13,3.4004,1873,5.46875,0.164013,-3.7792,0.660774,-3.18787,-3.85553,0.0593179,0.059967
temporal_fine_1e19,6,14,2.62044,1124,4.875,0.133283,-3.65194,0.535061,-3.34763,-3.67436,0.0411477,0.0265483
temporal_fine_1e19,6,15,2.56009,1717,7.96875,0.196262,-3.64064,0.628047,-3.23186,-3.68849,0.0522302,0.0518668
temporal_fine_1e19,6,16,3.00208,1278,7.9375,0.181283,-3.76,0.544741,-3.34555,-3.79506,0.0489732,0.0604505
temporal_fine_1e19,6,17,3.98887,988,6.125,0.258153,-3.89614,0.697992,-3.06348,-3.94958,0.0696656,0.0850249
temporal_fine_1e19,6,18,3.19779,1548,5.8125,0.222705,-4.02348,0.881531,-3.05441,-4.1246,0.0798886,0.0936939
temporal_fine_1e19,6,19,1.95278,1302,4.9375,0.169239,-3.50398,0.519314,-3.26808,-3.52434,0.0441983,0.0303233
temporal_fine_1e19,6,20,2.2337,1398,6.53125,0.170417,-3.59503,0.589273,-3.25788,-3.62648,0.0527987,0.0624893
temporal_fine_1e19,6,21,2.31847,1591,6.25,0.102195,-3.74337,0.56215,-3.35645,-3.78499,0.0559798,0.0857808
temporal_fine_1e19,6,22,1.52532,1457,6.75,0.158504,-3.51137,0.497068,-3.39203,-3.52302,0.0403595,0.0315518
temporal_fine_1e19,6,23,2.52069,1353,6.03125,0.0433117,-3.73438,0.65089,-3.1905,-3.78333,0.0623303,0.0762063
temporal_fine_1e19,6,24,2.02473,1674,5.09375,0.107359,-3.73587,0.776373,-3.17885,-3.79926,0.0652907,0.0850179
temporal_fine_1e19,6,25,2.82394,1585,5.90625,0.070245,-3.67832,0.558403,-3.36764,-3.7116,0.0415646,0.0341963
temporal_fine_1e19,6,26,4.45151,772,6.1875,0.273195,-3.72817,0.570089,-3.12316,-3.75809,0.0561084,0.0379238
temporal_fine_1e19,6,27,1.64759,1785,5.28125,0.329539,-3.50236,0.508077,-3.402,-3.51464,0.0411324,0.0400218
temporal_fine_1e19,6,28,3.30553,1188,5.46875,0.11623,-3.85131,0.611523,-3.3288,-3.89216,0.049938,0.0557857
temporal_fine_1e19,6,29,3.61932,1416,6.25,0.12892,-3.63953,0.542953,-3.27364,-3.67415,0.0493258,0.0471629
temporal_fine_1e19,6,30,3.44776,1072,5.90625,0.1641,-3.8744,0.738362,-3.05326,-3.93189,0.0741515,0.0856927
temporal_fine_1e19,6,31,2.85363,1251,6.40625,0.215331,-3.75563,0.617471,-3.29621,-3.79361,0.048802,0.0482413
temporal_fine_1e19,6,32,3.79701,1361,6.59375,0.163166,-4.03688,0.699758,-3.22371,-4.11055,0.0544904,0.0521016
temporal_fine_1e19,6,33,3.29001,1388,6.84375,0.16113,-3.73666,0.542915,-3.23947,-3.78268,0.060894,0.076766
temporal_fine_1e19,6,34,1.66399,2016,5.375,0.165198,-3.4298,0.479738,-3.26774,-3.45254,0.0423469,0.0224453
temporal_fine_1e19,6,35,2.41588,1735,6.46875,0.18305,-3.50805,0.516267,-3.27067,-3.53616,0.0533539,0.0726608
temporal_fine_1e19,6,36,2.60295,1669,6.5,0.292912,-3.67085,0.593935,-3.25126,-3.71844,0.06413,0.101999
temporal_fine_1e19,6,37,1.5997,1576,8.875,0.453754,-3.52578,0.479047,-3.38399,-3.54087,0.0412697,0.0317457
temporal_fine_1e19,6,38,2.43351,1390,5.03125,0.196975,-3.73647,0.66007,-3.36558,-3.77085,0.0472196,0.0471112
temporal_fine_1e19,6,39,1.87718,1964,5.6875,0.140224,-3.57823,0.536921,-3.34978,-3.60934,0.0458745,0.0458698
temporal_fine_1e19,6,40,1.90851,1078,4.53125,0.0229085,-3.50582,0.513834,-3.37499,-3.51503,0.0414089,0.028565
temporal_fine_1e19,6,41,2.18952,1454,5.28125,0.151053,-3.63048,0.576351,-3.30687,-3.66199,0.051928,0.0703968
temporal_fine_1e19,6,42,2.97483,2121,5.59375,0.350427,-3.8204,0.866621,-3.04005,-3.93645,0.0756139,0.0852725
temporal_fine_1e19,6,43,2.84979,1298,5.625,0.121787,-3.69338,0.562344,-3.3283,-3.72479,0.0500936,0.0637501
temporal_fine_1e19,6,44,2.679,1622,6.15625,0.166711,-3.76718,0.649747,-3.22586,-3.82666,0.0631256,0.0847611
temporal_fine_1e19,6,45,1.94564,1670,5.90625,0.062468,-3.5711,0.612675,-3.29135,-3.60285,0.0479999,0.0499341
temporal_fine_1e19,6,46,3.88944,1710,6.4375,0.342633,-3.72265,0.559706,-3.33075,-3.76832,0.0537984,0.0762599
temporal_fine_1e19,6,47,3.21181,1541,5.625,0.125884,-3.77296,0.655542,-3.16986,-3.83557,0.0614301,0.0728793
temporal_fine_1e19,6,48,1.76618,1381,5.1875,0.102105,-3.50847,0.489942,-3.36747,-3.52145,0.0410054,0.0324941
temporal_fine_1e19,6,49,1.48373,1972,5.09375,0.168343,-3.47508,0.545855,-3.33429,-3.49434,0.0435617,0.0340168
temporal_fine_1e19,6,50,2.2574,1283,7.6875,0.16635,-3.62004,0.598587,-3.29167,-3.64794,0.052279,0.0646226
temporal_fine_1e19,6,51,2.77915,1683,5.03125,0.0419763,-3.60725,0.554353,-3.31876,-3.64028,0.0518326,0.071728
temporal_fine_1e19,6,52,2.45244,1094,7.21875,0.0968807,-3.78668,0.707071,-3.22809,-3.82665,0.0584075,0.0708087
temporal_fine_1e19,6,53,2.65846,1287,5.1875,0.101808,-3.73397,0.589469,-3.30008,-3.77096,0.0530075,0.0609852
temporal_fine_1e19,6,54,3.81099,1370,12.6875,0.683349,-3.67518,0.610074,-3.16334,-3.72188,0.0574244,0.0795026
temporal_fine_1e19,6,55,2.15387,1368,4.5,0.0542879,-3.49286,0.463958,-3.30869,-3.50964,0.0403267,0.0222322
temporal_fine_1e19,6,56,2.50955,1392,5.34375,0.0501792,-3.68511,0.572471,-3.31345,-3.71962,0.0497406,0.0577242
temporal_fine_1e19,6,57,6.04584,1663,8.1875,0.79307,-4.01422,0.609105,-3.23127,-4.10266,0.0699796,0.0892698
temporal_fine_1e19,6,58,1.76717,1224,4.96875,0.115682,-3.46343,0.50474,-3.38176,-3.47003,0.0400528,0.0259639
temporal_fine_1e19,6,59,2.35284,1265,6.28125,0.179324,-3.64171,0.596445,-3.29774,-3.67049,0.0524374,0.0677516
temporal_fine_1e19,6,60,3.39025,2079,5.1875,0.0527509,-3.62854,0.593038,-3.24632,-3.68409,0.0598677,0.0838928
temporal_fine_1e19,6,61,2.63083,723,6.375,0.147968,-3.7334,0.670296,-3.16896,-3.75946,0.0567544,0.0638536
temporal_fine_1e19,6,62,2.96808,1362,6.53125,0.0615475,-3.74035,0.659922,-3.17009,-3.79205,0.0574932,0.0601575
temporal_fine_1e19,6,63,2.23816,1492,5.0625,0.0686546,-3.69601,0.730234,-3.18223,-3.74748,0.0627077,0.0829404
temporal_fine_1e19,6,64,4.07276,1378,8.3125,0.334361,-3.89671,0.629174,-3.24216,-3.95682,0.063243,0.0764138
temporal_fine_1e19,6,65,3.15361,1290,6.34375,0.203359,-3.77317,0.623486,-3.2923,-3.81426,0.0542312,0.0661064
temporal_fine_1e19,6,66,3.28161,1881,7.03125,0.12921,-3.78895,0.684809,-3.25564,-3.85812,0.0591643,0.0703023
temporal_fine_1e19,6,67,2.56575,2376,5.71875,0.0897694,-3.66351,0.642968,-3.28277,-3.72809,0.0530318,0.0678162
temporal_fine_1e19,6,68,2.51687,1379,6.375,0.128262,-3.71673,0.654711,-3.28145,-3.75673,0.053322,0.058935
temporal_fine_1e19,6,69,2.45164,1009,5.34375,0.0852647,-3.5873,0.481447,-3.39603,-3.59985,0.0437202,0.0531057
temporal_fine_1e19,6,70,2.3736,1765,5.125,0.130049,-3.61287,0.588751,-3.24587,-3.65718,0.0503215,0.0511218
temporal_fine_1e19,6,71,3.07127,1527,5.6875,0.264284,-3.85551,0.738745,-3.15132,-3.92788,0.0643416,0.0762478
temporal_fine_1e19,6,72,2.37702,2091,5.375,0.0911508,-3.71025,0.631669,-3.34322,-3.76395,0.050091,0.0593432
temporal_fine_1e19,6,73,3.65913,612,6.09375,0.197766,-3.98681,0.652283,-3.16543,-4.01868,0.0600684,0.0584654
temporal_fine_1e19,6,74,2.45811,1265,5.625,0.227026,-3.87038,0.807108,-3.07693,-3.93677,0.0937257,0.163081
temporal_fine_1e19,6,75,2.87751,1233,5.75,0.123945,-3.66456,0.552514,-3.27234,-3.69648,0.0515334,0.0560273
temporal_fine_1e19,6,76,2.70535,2108,6.09375,0.0535595,-3.56949,0.567432,-3.23119,-3.61945,0.0484836,0.0307219
temporal_fine_1e19,6,77,1.93736,1682,5.25,0.126984,-3.77024,0.873286,-3.13929,-3.84243,0.0676461,0.0832206
temporal_fine_1e19,6,78,2.48087,1219,5.625,0.0667206,-3.6394,0.579259,-3.22748,-3.67251,0.0585118,0.0737769
temporal_fine_1e19,6,79,1.78115,1702,4.8125,0.0701073,-3.56846,0.622868,-3.29457,-3.60021,0.0479949,0.0459194
temporal_fine_1e19,6,80,3.11563,1711,5.8125,0.102217,-3.74333,0.649323,-3.20134,-3.80654,0.0599477,0.0724166
temporal_fine_1e19,6,81,2.56919,1178,5.9375,0.267747,-3.68048,0.604233,-3.20035,-3.71767,0.0644476,0.0912975
temporal_fine_1e19,6,82,1.86707,2055,5.625,0.15141,-3.55641,0.576883,-3.37283,-3.58274,0.0443557,0.0422392
temporal_fine_1e19,6,83,3.45092,1605,5.78125,0.0698754,-3.85875,0.702444,-3.24244,-3.92568,0.0521901,0.0483395
temporal_fine_1e19,6,84,2.34751,1732,5.40625,0.143684,-3.71695,0.680971,-3.14041,-3.7851,0.0710405,0.0992456
temporal_fine_1e19,6,85,2.39069,1870,6.03125,0.188826,-3.67507,0.654157,-3.31056,-3.72204,0.052347,0.0635018
temporal_fine_1e19,6,86,1.91112,2066,5.84375,0.0460359,-3.50425,0.533601,-3.29333,-3.53469,0.0444519,0.0379855
temporal_fine_1e19,6,87,2.57905,1927,5.9375,0.0844595,-3.6487,0.596609,-3.28523,-3.69715,0.0492172,0.0442006
temporal_fine_1e19,6,88,1.97736,1282,5.40625,0.212597,-3.57049,0.507852,-3.34987,-3.58922,0.0483773,0.0668565
temporal_fine_1e19,6,89,2.19169,1373,5.59375,0.185111,-3.6039,0.483078,-3.42196,-3.62054,0.042348,0.0447584
temporal_fine_1e19,6,90,2.40321,1424,5.375,0.0681144,-3.66932,0.632607,-3.20898,-3.71314,0.0640971,0.0830173
temporal_fine_1e19,6,91,1.7724,1067,5,0.235414,-3.55769,0.508969,-3.4054,-3.5683,0.0420963,0.0435969
temporal_fine_1e19,6,92,2.342,1632,6.625,0.184037,-3.59393,0.533815,-3.30786,-3.62557,0.0500784,0.0646401
temporal_fine_1e19,6,93,2.72089,1219,5.5,0.0291149,-3.66472,0.537618,-3.28639,-3.69513,0.0522655,0.0597115
temporal_fine_1e19,6,94,2.62576,1126,5.09375,0.0244293,-3.80725,0.691234,-3.22808,-3.84999,0.0551817,0.0586757
temporal_fine_1e19,6,95,2.49924,1947,7.53125,0.413231,-3.62438,0.551042,-3.39115,-3.65584,0.0469544,0.0492806
temporal_fine_1e19,6,96,3.78517,1690,6.25,0.238523,-3.85969,0.622899,-3.19021,-3.93669,0.0737084,0.103225
temporal_fine_1e19,6,97,2.03044,1436,6.6875,0.120938,-3.61458,0.579354,-3.31541,-3.64333,0.0517995,0.0665114
temporal_fine_1e19,6,98,4.52362,2828,5.875,0.171978,-3.64399,0.666668,-3.07572,-3.76255,0.0561171,0.0407719
temporal_fine_1e19,6,99,2.28617,1030,7.21875,0.13844,-3.60707,0.496736,-3.38446,-3.62201,0.0432294,0.0393666
temporal_fine_1e19,6,100,4.61046,3206,6.3125,0.251282,-3.77365,0.930092,-2.74606,-4.02364,0.0910095,0.0960217
temporal_fine_1e19,6,101,3.18714,849,6.40625,0.14991,-3.91224,0.724423,-3.1162,-3.95574,0.0702092,0.0817883
temporal_fine_1e19,6,102,3.00963,1455,5.46875,0.134116,-3.64789,0.621741,-3.14812,-3.6966,0.0602643,0.0728947
temporal_fine_1e19,6,103,2.4876,1445,4.9375,0.0458602,-3.57762,0.497917,-3.32888,-3.60168,0.0420195,0.0284085
temporal_fine_1e19,6,104,1.81818,2415,6.5,0.165644,-3.52357,0.532067,-3.32101,-3.55859,0.0453825,0.0376508
temporal_fine_1e19,6,105,4.64957,967,8.5,0.575855,-3.72947,0.54434,-3.20984,-3.76206,0.0670001,0.091661
temporal_fine_1e19,6,106,1.88833,1839,5.65625,0.0667966,-3.6986,0.724905,-3.30369,-3.74853,0.0547462,0.0717767
temporal_fine_1e19,6,107,2.33548,849,5.5,0.0972738,-3.64195,0.53807,-3.3638,-3.65716,0.0464391,0.0420463
temporal_fine_1e19,6,108,2.96635,1110,6.71875,0.121374,-3.82893,0.708737,-3.21204,-3.87376,0.0625442,0.0859686
temporal_fine_1e19,6,109,2.36289,1649,5.53125,0.100955,-3.64671,0.674998,-3.21137,-3.69543,0.0607511,0.0798539
temporal_fine_1e19,6,110,2.47918,1569,5.40625,0.0998036,-3.64376,0.577585,-3.30651,-3.67948,0.0492053,0.0485912
temporal_fine_1e19,6,111,2.27624,2107,5.71875,0.104434,-3.60316,0.558304,-3.37175,-3.63731,0.0455519,0.048968
temporal_fine_1e19,6,112,2.59433,1814,6.46875,0.185498,-3.70416,0.767162,-3.08364,-3.78141,0.072542,0.0969059
temporal_fine_1e19,6,113,2.25543,1645,5.59375,0.167516,-3.56732,0.613165,-3.21686,-3.60643,0.0574181,0.078379
temporal_fine_1e19,6,114,2.81829,1417,5.3125,0.080169,-3.71647,0.648306,-3.16032,-3.76912,0.0713063,0.103108
temporal_fine_1e19,6,115,4.09649,1520,5.9375,0.275989,-3.96036,0.72541,-2.90771,-4.06801,0.0778311,0.0891129
temporal_fine_1e19,6,116,2.55132,2041,6.09375,0.247316,-3.64793,0.617154,-3.33079,-3.69306,0.048272,0.0494367
temporal_fine_1e19,6,117,2.3511,1448,8.0625,0.188251,-3.62697,0.578749,-3.27697,-3.6609,0.0511553,0.053842
temporal_fine_1e19,6,118,3.42442,1859,6.8125,0.173334,-3.76566,0.617556,-3.20049,-3.83799,0.0614132,0.0710037
temporal_fine_1e19,6,119,2.26969,1381,6.5,0.139633,-3.69964,0.577861,-3.28469,-3.73783,0.0500146,0.0527891
temporal_fine_1e19,6,120,3.19988,1306,8,0.390294,-3.79471,0.580554,-3.30383,-3.83723,0.0582015,0.0809695
temporal_fine_1e19,6,121,2.75904,1834,5.375,0.228676,-3.692,0.557075,-3.32977,-3.73766,0.0580266,0.0935569
temporal_fine_1e19,6,122,3.06627,2207,8.5625,0.522113,-3.61271,0.669333,-3.03047,-3.70335,0.0861494,0.116816
temporal_fine_1e19,6,123,2.35769,1033,5.96875,0.137027,-3.57794,0.502933,-3.42195,-3.58844,0.0416322,0.0478459
temporal_fine_1e19,6,124,3.02778,1618,5.3125,0.104913,-3.83791,0.81247,-3.14075,-3.9143,0.0669984,0.0847508
temporal_fine_1e19,6,125,2.76363,1773,5.5,0.0654509,-3.76101,0.729667,-3.16125,-3.83379,0.0634863,0.0684598
temporal_fine_1e19,6,126,3.0075,1346,6.59375,0.0862651,-3.65237,0.536194,-3.31441,-3.68262,0.0490013,0.0571061
temporal_fine_1e19,6,127,3.63758,1693,6.5,0.233374,-3.76835,0.61796,-3.19385,-3.83455,0.0708494,0.0961766
temporal_fine_1e19,6,128,3.14458,1298,7.78125,0.487303,-3.73007,0.552125,-3.23276,-3.77286,0.0600885,0.0783523
temporal_fine_1e19,6,129,2.5474,1972,5.15625,0.0236773,-3.55175,0.621373,-3.21745,-3.5975,0.0535085,0.0604434
temporal_fine_1e19,6,130,4.41905,1405,6.9375,0.25567,-4.01038,0.659928,-3.2372,-4.0829,0.0623061,0.0726334
temporal_fine_1e19,6,131,2.9126,1844,5.4375,0.0821922,-3.86231,0.786375,-3.15902,-3.9515,0.0698494,0.0956989
temporal_fine_1e19,6,132,2.89499,1389,6.0625,0.29996,-3.87361,0.645153,-3.20309,-3.93573,0.07422,0.106925
temporal_fine_1e19,6,133,1.95737,1669,5.4375,0.144818,-3.5918,0.480013,-3.41101,-3.6123,0.0415292,0.0524746
temporal_fine_1e19,6,134,2.56965,1398,5.625,0.118277,-3.63458,0.620791,-3.25756,-3.66975,0.0519331,0.0563092
temporal_fine_1e19,6,135,2.50678,1062,6.4375,0.281686,-3.63207,0.547074,-3.34887,-3.6517,0.0430046,0.0397289
temporal_fine_1e19,6,136,2.44459,1652,5.5,0.0794166,-3.59777,0.538176,-3.29573,-3.63164,0.0526528,0.062067
temporal_fine_1e19,6,137,2.4104,1665,6.1875,0.0851714,-3.63894,0.607735,-3.24151,-3.6839,0.0539606,0.0532469
temporal_fine_1e19,6,138,2.58913,1500,6.5,0.18446,-3.8758,0.831298,-2.97349,-3.96674,0.090701,0.116681
temporal_fine_1e19,6,139,3.84399,2050,6.375,0.149397,-3.82323,0.681134,-3.11256,-3.92487,0.0601843,0.0560961
temporal_fine_1e19,6,140,1.68626,1274,5.1875,0.150627,-3.48257,0.482459,-3.31801,-3.49645,0.0432296,0.0292447
temporal_fine_1e19,6,141,1.34446,1241,4.6875,0.0573868,-3.4258,0.447414,-3.33582,-3.43318,0.0405833,0.0223139
temporal_fine_1e19,6,142,2.83434,1833,6.125,0.104134,-3.81796,0.771546,-3.1747,-3.89899,0.0644197,0.083316
temporal_fine_1e19,6,143,3.24952,1756,4.90625,0.0488071,-3.87306,0.708047,-3.21154,-3.95247,0.0606288,0.0658892
temporal_fine_1e19,6,144,2.82796,2145,5.6875,0.139684,-3.65119,0.615157,-3.30508,-3.70332,0.0483933,0.0528645
temporal_fine_1e19,6,145,3.95726,1862,6.96875,0.275026,-3.87269,0.66098,-3.26885,-3.95011,0.0612701,0.0793427
temporal_fine_1e19,6,146,2.43686,1580,5.3125,0.0959399,-3.78344,0.782425,-3.15006,-3.85104,0.0676899,0.0849449
temporal_fine_1e19,6,147,2.77466,1487,5.53125,0.101044,-3.71438,0.635064,-3.26974,-3.75877,0.0539797,0.0648395
temporal_fine_1e19,6,148,2.55829,1296,7.09375,0.162476,-3.70836,0.716599,-3.06276,-3.76382,0.0840494,0.12135
temporal_fine_1e19,6,149,3.89092,772,5.75,0.249413,-4.09723,0.688366,-3.25425,-4.13891,0.0592546,0.0737794
temporal_fine_1e19,6,150,1.57124,2289,4.65625,0.0647928,-3.41462,0.437182,-3.31045,-3.43154,0.0419091,0.0201062
temporal_fine_1e19,6,151,1.60671,2040,6.5,0.175379,-3.44968,0.484137,-3.35577,-3.46304,0.040758,0.0283283
temporal_fine_1e19,6,152,2.44287,1205,5.78125,0.227358,-3.69798,0.527285,-3.28971,-3.7304,0.063331,0.102476
temporal_fine_1e19,6,153,2.98033,1560,6.46875,0.0623849,-3.66896,0.569526,-3.17789,-3.72063,0.0649403,0.0939571
temporal_fine_1e19,6,154,2.97393,1200,6.40625,0.243967,-3.88284,0.780077,-3.13328,-3.94208,0.0685068,0.084159
temporal_fine_1e19,6,155,1.98198,1829,5.03125,0.101868,-3.56208,0.592689,-3.26685,-3.59918,0.0508604,0.0636631
temporal_fine_1e19,6,156,2.64495,1132,6.59375,0.0738793,-3.6382,0.53469,-3.38547,-3.65696,0.0449286,0.0454649
temporal_fine_1e19,6,157,1.9273,1998,8.875,0.148919,-3.56924,0.581218,-3.34935,-3.59977,0.0460118,0.055496
temporal_fine_1e19,6,158,2.34238,1597,5.15625,0.0675927,-3.54602,0.498365,-3.33716,-3.56858,0.0417859,0.0307762
temporal_fine_1e19,6,159,1.76492,949,5.75,0.138298,-3.48994,0.465291,-3.33257,-3.49962,0.0441786,0.0426886
temporal_fine_1e19,6,160,2.12943,1159,5,0.0124353,-3.63555,0.654686,-3.25364,-3.66462,0.0564708,0.0743795
temporal_fine_1e19,6,161,2.39057,1206,5.59375,0.11277,-3.80982,0.682973,-3.3291,-3.84801,0.0528299,0.0656421
temporal_fine_1e19,6,162,1.69247,1138,6.125,0.132997,-3.47411,0.454847,-3.32689,-3.4851,0.0407152,0.0207646
temporal_fine_1e19,6,163,2.66871,1620,5.5625,0.0917848,-3.65331,0.550119,-3.29145,-3.69301,0.0567161,0.0805139
temporal_fine_1e19,6,164,3.256,1808,8.75,0.58214,-3.96638,0.872274,-3.03315,-4.08214,0.0895469,0.117109
temporal_fine_1e19,6,165,2.71179,1236,7.03125,0.105985,-3.64482,0.572626,-3.25464,-3.67665,0.0527405,0.063011
temporal_fine_1e19,6,166,2.32174,1615,5.09375,0.132793,-3.60798,0.598351,-3.2485,-3.64729,0.0553366,0.0716646
temporal_fine_1e19,6,167,3.46629,1906,6.03125,0.141204,-3.89298,0.81303,-3.02677,-4.00701,0.0665134,0.0607564
temporal_fine_1e19,6,168,3.16776,1881,5.46875,0.0673951,-3.68152,0.63586,-3.24958,-3.73755,0.0495221,0.0480455
temporal_fine_1e19,6,169,2.43343,1446,5.125,0.0608805,-3.60677,0.627759,-3.28184,-3.63823,0.051651,0.0614613
temporal_fine_1e19,6,170,2.36358,1283,5.6875,0.117446,-3.5846,0.587042,-3.30155,-3.60865,0.0478315,0.0469085
temporal_fine_1e19,6,171,2.76474,563,4.625,0.111807,-3.749,0.558868,-3.35496,-3.76302,0.0418691,0.0314178
temporal_fine_1e19,6,172,1.8908,1488,5.5625,0.0917301,-3.56367,0.550226,-3.32996,-3.58702,0.0468927,0.0529779
temporal_fine_1e19,6,173,2.64085,1120,6.09375,0.231713,-3.71586,0.541938,-3.3905,-3.73973,0.0415746,0.0322544
temporal_fine_1e19,6,174,2.25457,1072,5.375,0.0486024,-3.53725,0.545402,-3.32185,-3.55233,0.0474956,0.061215
temporal_fine_1e19,6,175,2.19059,1185,5.75,0.20689,-3.57943,0.491305,-3.29508,-3.6016,0.0493383,0.0577979
temporal_fine_1e19,6,176,1.36504,1693,4.34375,0.281717,-3.46008,0.465313,-3.34154,-3.47374,0.0410777,0.0234456
temporal_fine_1e19,6,177,3.10334,1503,5.53125,0.160047,-3.84872,0.805317,-3.06775,-3.9276,0.0662447,0.0708786
temporal_fine_1e19,6,178,1.8367,1596,7.0625,0.20337,-3.43768,0.505352,-3.32526,-3.44981,0.0417695,0.022889
temporal_fine_1e19,6,179,1.69274,2241,5.0625,0.109271,-3.44427,0.464653,-3.31999,-3.46397,0.0414366,0.0244892
temporal_fine_1e19,6,180,1.38921,2093,5.5,0.281288,-3.38169,0.454572,-3.24351,-3.40193,0.0439093,0.0238831
temporal_fine_1e19,6,181,1.58191,1942,6.03125,0.0804652,-3.50049,0.526094,-3.35682,-3.51981,0.0406728,0.0314456
temporal_fine_1e19,6,182,2.01299,1689,4.9375,0.0547138,-3.58978,0.542325,-3.32452,-3.62026,0.0463146,0.0488689
temporal_fine_1e19,6,183,2.79523,2148,6,0.184966,-3.6743,0.658224,-3.31784,-3.72809,0.047545,0.0427553
temporal_fine_1e19,6,184,1.90391,1459,5.4375,0.151009,-3.54205,0.562066,-3.33901,-3.5619,0.0444879,0.0434567
temporal_fine_1e19,6,185,2.58125,1755,5.78125,0.0984819,-3.66812,0.641493,-3.27502,-3.71528,0.0539985,0.071496
temporal_fine_1e19,6,186,2.95483,1116,5.375,0.0550941,-3.73568,0.591601,-3.29385,-3.76798,0.0479958,0.0464836
temporal_fine_1e19,6,187,2.20628,1733,5.5625,0.0838392,-3.65328,0.551669,-3.37945,-3.68567,0.0510793,0.0726497
temporal_fine_1e19,6,188,2.71649,2134,6.15625,0.0664462,-3.71512,0.696582,-3.2286,-3.78798,0.0554746,0.0675893
temporal_fine_1e19,6,189,3.59168,733,5.59375,0.115711,-3.80933,0.566662,-3.21704,-3.83707,0.0484506,0.0319823
temporal_fine_1e19,6,190,2.62209,1125,5.53125,0.204599,-3.73451,0.645491,-3.29638,-3.76682,0.04943,0.0491621
temporal_fine_1e19,6,191,3.08272,1356,5.75,0.270148,-4.02724,0.836011,-3.08078,-4.11264,0.0746043,0.08761
temporal_fine_1e19,7,0,2.58065,2506,6.40625,0.139897,-3.45932,0.521843,-3.27484,-3.49263,0.044718,0.0289695
temporal_fine_1e19,7,1,3.08775,1350,6.21875,0.205478,-3.79925,0.644989,-3.29695,-3.84436,0.0515736,0.0591293
temporal_fine_1e19,7,2,1.69241,1415,4.65625,0.12428,-3.48998,0.437983,-3.4021,-3.49829,0.0369117,0.0180913
temporal_fine_1e19,7,3,2.75859,1950,5.1875,0.00987232,-3.61778,0.590815,-3.36818,-3.6515,0.0425337,0.0369188
temporal_fine_1e19,7,4,3.22998,1087,8.1875,0.21593,-3.78565,0.59201,-3.23944,-3.82446,0.0617933,0.0860741
temporal_fine_1e19,7,5,3.03005,1764,5.59375,0.161588,-3.65084,0.588049,-3.34309,-3.68798,0.0444497,0.0359883
temporal_fine_1e19,7,6,2.97094,1497,4.90625,0.0564376,-3.65823,0.571099,-3.31884,-3.69236,0.0442565,0.0389135
temporal_fine_1e19,7,7,2.75964,1484,6.03125,0.181735,-3.77546,0.696085,-3.14329,-3.83842,0.0711133,0.0937037
temporal_fine_1e19,7,8,3.82586,908,5.71875,0.186793,-3.98772,0.692458,-3.30201,-4.02795,0.0540747,0.0633138
temporal_fine_1e19,7,9,2.6238,1365,5.0625,0.213861,-3.97635,0.860524,-3.1166,-4.05449,0.0759985,0.101263
temporal_fine_1e19,7,10,4.19838,2327,6.25,0.355514,-3.97403,0.841578,-3.08554,-4.12111,0.0704475,0.0809761
temporal_fine_1e19,7,11,2.54437,1195,6.59375,0.219506,-3.59129,0.564521,-3.19145,-3.62274,0.0659634,0.0937492
temporal_fine_1e19,7,12,6.38074,1391,7.28125,0.407478,-3.91548,0.617118,-3.20105,-3.98177,0.0536853,0.0548072
temporal_fine_1e19,7,13,2.76039,2406,5.15625,0.0149913,-3.50303,0.53368,-3.23509,-3.54914,0.0446937,0.0242699
temporal_fine_1e19,7,14,1.88235,2127,6.03125,0.0786947,-3.55348,0.605172,-3.36183,-3.58207,0.0443059,0.0454687
temporal_fine_1e19,7,15,3.77934,1362,7.25,0.261241,-3.74437,0.595727,-3.13012,-3.80007,0.0702873,0.0780621
temporal_fine_1e19,7,16,2.03311,1378,4.4375,0.0107585,-3.55853,0.51261,-3.33244,-3.57929,0.0429395,0.0294187
temporal_fine_1e19,7,17,3.19159,2572,7.375,0.264543,-3.62222,0.610347,-3.26261,-3.68918,0.0510956,0.0527004
temporal_fine_1e19,7,18,3.54579,1339,7.09375,0.330658,-3.87405,0.633255,-3.16959,-3.93675,0.0662549,0.0866156
temporal_fine_1e19,7,19,3.00201,1634,7.96875,0.379325,-3.73549,0.662239,-3.2617,-3.78797,0.0572982,0.0715046
temporal_fine_1e19,7,20,2.30114,1259,5.46875,0.09678,-3.80813,0.787328,-3.07164,-3.86944,0.0866491,0.138518
temporal_fine_1e19,7,21,2.90937,1878,5.5,0.059586,-3.72909,0.661358,-3.26456,-3.78923,0.0519311,0.0483725
temporal_fine_1e19,7,22,1.85461,946,4.40625,0.0211947,-3.50096,0.487662,-3.34532,-3.5105,0.0389984,0.0210974
temporal_fine_1e19,7,23,3.08739,1341,5.5,0.22637,-3.7357,0.517657,-3.31323,-3.77337,0.0581405,0.08577
temporal_fine_1e19,7,24,2.51618,1893,5.8125,0.12329,-3.64411,0.540351,-3.37281,-3.67955,0.0444499,0.0465249
temporal_fine_1e19,7,25,2.23513,1436,5.25,0.047897,-3.56257,0.543011,-3.31578,-3.58628,0.0447017,0.0377615
temporal_fine_1e19,7,26,2.03713,1582,6.53125,0.320484,-3.51598,0.468897,-3.39746,-3.52865,0.0382478,0.0249815
temporal_fine_1e19,7,27,3.93272,1625,7.90625,0.246855,-3.75952,0.53898,-3.3337,-3.8064,0.0503337,0.0590799
temporal_fine_1e19,7,28,3.28964,1263,5.71875,0.0878696,-3.6623,0.571472,-3.2658,-3.69542,0.0495342,0.0473518
temporal_fine_1e19,7,29,2.5762,1198,7.09375,0.176018,-3.6498,0.624265,-3.21854,-3.68382,0.0584474,0.0771749
temporal_fine_1e19,7,30,3.2017,1237,6.65625,0.166173,-3.76746,0.548911,-3.42267,-3.79561,0.0438521,0.0486186
temporal_fine_1e19,7,31,2.58239,1610,5.25,0.0679298,-3.55667,0.576136,-3.37964,-3.57596,0.041585,0.0302699
temporal_fine_1e19,7,32,2.71724,511,6.71875,0.13587,-3.54974,0.512124,-3.29613,-3.55791,0.042088,0.0228513
temporal_fine_1e19,7,33,2.2277,1687,5.75,0.142489,-3.68731,0.696068,-3.25163,-3.73732,0.0535172,0.0599089
temporal_fine_1e19,7,34,3.41154,1631,6,0.134294,-3.77125,0.656474,-3.24318,-3.82963,0.0592291,0.0753155
temporal_fine_1e19,7,35,3.36047,1494,6.8125,0.170649,-3.67446,0.561295,-3.22217,-3.71984,0.0667782,0.0996253
temporal_fine_1e19,7,36,4.57657,1403,6,0.227158,-3.82233,0.583568,-3.20051,-3.88056,0.0665271,0.0941463
temporal_fine_1e19,7,37,3.77688,1806,7.6875,0.345285,-3.93963,0.817039,-3.12754,-4.04024,0.0703701,0.0821324
temporal_fine_1e19,7,38,4.39815,1513,5.78125,0.125901,-4.1979,0.970063,-2.73927,-4.34631,0.101941,0.112685
temporal_fine_1e19,7,39,2.17193,1554,6.5,0.0483383,-3.52123,0.505886,-3.37465,-3.53659,0.0391911,0.0249365
temporal_fine_1e19,7,40,3.54182,1654,5.71875,0.00238175,-3.71725,0.622401,-3.30238,-3.76383,0.0470983,0.0371431
temporal_fine_1e19,7,41,6.25531,2908,7.59375,0.289009,-3.46025,0.531439,-2.97324,-3.56534,0.0608429,0.0321739
temporal_fine_1e19,7,42,3.08178,1189,5.46875,0.0795399,-3.69914,0.530155,-3.32529,-3.72839,0.0545019,0.0788957
temporal_fine_1e19,7,43,3.07678,1586,6.125,0.0927491,-3.59671,0.530775,-3.30152,-3.62834,0.048074,0.0510422
temporal_fine_1e19,7,44,4.07899,1629,7.96875,0.32633,-3.79324,0.583929,-3.33564,-3.84376,0.058778,0.092277
temporal_fine_1e19,7,45,2.67075,1629,5.875,0.134988,-3.69444,0.581286,-3.35718,-3.73167,0.0513809,0.0698933
temporal_fine_1e19,7,46,1.81908,2383,6,0.145773,-3.48654,0.530662,-3.35577,-3.5088,0.0406529,0.0281546
temporal_fine_1e19,7,47,3.05695,1684,5.6875,0.132594,-3.69125,0.76207,-2.97711,-3.77306,0.0926045,0.129963
temporal_fine_1e19,7,48,3.17226,2402,5.4375,0.0875479,-3.64872,0.63509,-3.239,-3.7191,0.0540555,0.0600018
temporal_fine_1e19,7,49,2.8309,1801,4.8125,0.0409373,-3.63964,0.607883,-3.24067,-3.68891,0.0485943,0.0346343
temporal_fine_1e19,7,50,3.64504,1754,6.625,0.291771,-3.83653,0.684108,-3.18313,-3.91487,0.062425,0.0722931
temporal_fine_1e19,7,51,3.70592,1394,6.28125,0.213214,-3.90181,0.75702,-3.16092,-3.97071,0.0604263,0.0603861
temporal_fine_1e19,7,52,1.91582,1879,5.8125,0.0891268,-3.58404,0.64258,-3.30998,-3.61954,0.047663,0.0498053
temporal_fine_1e19,7,53,4.08313,1266,7.03125,0.190445,-3.84272,0.73163,-3.00177,-3.91314,0.0797215,0.0945803
temporal_fine_1e19,7,54,2.66359,1778,5.875,0.0684659,-3.62578,0.605187,-3.26419,-3.6698,0.0494579,0.0465824
temporal_fine_1e19,7,55,1.33227,946,4.71875,0.122676,-3.45755,0.449404,-3.385,-3.462,0.0379874,0.0219785
temporal_fine_1e19,7,56,3.44384,1996,6.40625,0.209706,-3.68318,0.606464,-3.34382,-3.73026,0.0484707,0.0539739
temporal_fine_1e19,7,57,2.21323,1767,5.90625,0.0883938,-3.6989,0.667486,-3.35129,-3.74092,0.0471297,0.0552886
temporal_fine_1e19,7,58,3.81108,1917,6.625,0.224159,-3.71444,0.661812,-3.21134,-3.78111,0.0593484,0.0747602
temporal_fine_1e19,7,59,2.00918,1554,5.0625,0.0478847,-3.52268,0.578932,-3.29316,-3.54673,0.0509007,0.0685572
temporal_fine_1e19,7,60,2.04113,1567,5,0.109845,-3.44338,0.470459,-3.30595,-3.45791,0.0416504,0.0211424
temporal_fine_1e19,7,61,3.06293,1445,5.28125,0.13916,-3.72203,0.682317,-3.13243,-3.77906,0.0685735,0.0905232
temporal_fine_1e19,7,62,3.36467,1807,6.0625,0.191144,-3.63801,0.575514,-3.28239,-3.68209,0.0525175,0.0640028
temporal_fine_1e19,7,63,3.02828,1371,6.0625,0.114353,-3.75949,0.649169,-3.24803,-3.8062,0.0553352,0.0698116
temporal_fine_1e19,7,64,2.31814,1321,7.40625,0.163546,-3.5732,0.550569,-3.32357,-3.59509,0.0442164,0.0434163
temporal_fine_1e19,7,65,3.8728,1646,6.5,0.302048,-3.91038,0.765542,-3.09359,-4.0016,0.0755352,0.0949786
temporal_fine_1e19,7,66,2.3882,1418,5.90625,0.0935566,-3.5694,0.516438,-3.34898,-3.59028,0.041657,0.0287703
temporal_fine_1e19,7,67,2.76547,1284,5.375,0.0263016,-3.6477,0.504974,-3.39972,-3.66878,0.0400953,0.0273238
temporal_fine_1e19,7,68,2.40105,2048,5.40625,0.056316,-3.5906,0.546567,-3.36386,-3.62299,0.043314,0.0402473
temporal_fine_1e19,7,69,2.16185,1428,5.4375,0.16698,-3.79658,0.734077,-3.19013,-3.85448,0.0637468,0.071641
temporal_fine_1e19,7,70,3.50657,1438,8.0625,0.312229,-3.76826,0.691204,-3.15382,-3.82737,0.0596482,0.0708573
temporal_fine_1e19,7,71,2.54537,1249,5.8125,0.0907038,-3.71934,0.643419,-3.32757,-3.75167,0.0519961,0.0681873
temporal_fine_1e19,7,72,3.73892,1994,6.4375,0.143417,-3.72286,0.687462,-3.08327,-3.81149,0.0585798,0.0541535
temporal_fine_1e19,7,73,2.3706,1864,5.8125,0.105592,-3.67954,0.630454,-3.31122,-3.72682,0.0521085,0.0642508
temporal_fine_1e19,7,74,2.32452,1046,5.65625,0.156851,-3.59376,0.568856,-3.36532,-3.60934,0.0409931,0.0305979
temporal_fine_1e19,7,75,3.71679,1721,5.5625,0.0758356,-3.68869,0.569911,-3.32417,-3.73147,0.0466657,0.0437648
temporal_fine_1e19,7,76,2.06342,977,5.25,0.0895776,-3.55135,0.488732,-3.45148,-3.55769,0.0383973,0.0282607
temporal_fine_1e19,7,77,3.64889,1508,6.1875,0.134737,-3.83712,0.648488,-3.3717,-3.8843,0.0448598,0.0445306
temporal_fine_1e19,7,78,3.13219,1530,5.75,0.305691,-3.68519,0.588829,-3.22098,-3.73301,0.0684807,0.103185
temporal_fine_1e19,7,79,1.85507,1862,5,0.0341023,-3.53071,0.491455,-3.37946,-3.5501,0.0395094,0.0255289
temporal_fine_1e19,7,80,3.12333,1391,5.3125,0.085759,-3.59617,0.493149,-3.39003,-3.61529,0.0379996,0.0225873
temporal_fine_1e19,7,81,3.91133,1555,8.75,0.399327,-3.84439,0.661877,-3.21184,-3.91072,0.0667077,0.0901461
temporal_fine_1e19,7,82,3.28914,1867,6.125,0.21911,-3.65166,0.542585,-3.33683,-3.69216,0.0553612,0.0893336
temporal_fine_1e19,7,83,2.83148,1746,5.5625,0.043278,-3.62977,0.61548,-3.31455,-3.66737,0.0445237,0.0334247
temporal_fine_1e19,7,84,2.7977,1455,7.09375,0.154054,-3.69926,0.595165,-3.34123,-3.73416,0.0485772,0.0553953
temporal_fine_1e19,7,85,4.71038,1295,6.8125,0.188524,-3.96934,0.762162,-3.04979,-4.04826,0.0667505,0.0782497
temporal_fine_1e19,7,86,3.94854,1314,5.78125,0.159189,-3.7468,0.529879,-3.42966,-3.77445,0.038182,0.0281273
temporal_fine_1e19,7,87,4.49767,1412,8.6875,0.246553,-3.78537,0.648995,-3.20483,-3.84013,0.0538286,0.0533525
temporal_fine_1e19,7,88,4.996,1495,8.5625,0.329822,-3.86768,0.727765,-2.9784,-3.95697,0.077405,0.080554
temporal_fine_1e19,7,89,3.57356,2171,8,0.333519,-3.70982,0.618505,-3.26163,-3.77828,0.0561725,0.0725576
temporal_fine_1e19,7,90,4.5265,1450,6.46875,0.302873,-3.94205,0.785352,-3.2293,-4.01125,0.0529444,0.0502753
temporal_fine_1e19,7,91,4.00327,1817,7.0625,0.25194,-3.80073,0.725707,-3.08069,-3.89055,0.0660824,0.0710628
temporal_fine_1e19,7,92,4.72115,991,6.90625,0.498327,-3.91625,0.645988,-3.0631,-3.97117,0.061868,0.0617955
temporal_fine_1e19,7,93,3.7561,1769,6.0625,0.113585,-3.74829,0.673286,-3.20491,-3.81407,0.0533001,0.0523644
temporal_fine_1e19,7,94,1.23182,1405,4.84375,0.15319,-3.41871,0.486575,-3.3064,-3.42925,0.0411434,0.0245777
temporal_fine_1e19,7,95,2.11282,1311,5.4375,0.0555533,-3.64417,0.639194,-3.34496,-3.67019,0.0466698,0.0479231
temporal_fine_1e19,7,96,1.88648,1437,5.59375,0.0512828,-3.53609,0.514003,-3.3889,-3.55024,0.0398054,0.0283177
temporal_fine_1e19,7,97,2.99713,1002,5.125,0.113466,-3.69775,0.504698,-3.34687,-3.7206,0.0470254,0.0566913
temporal_fine_1e19,7,98,2.7593,1109,6.09375,0.0846786,-3.70781,0.629141,-3.27748,-3.73905,0.049729,0.0582299
temporal_fine_1e19,7,99,3.21544,1181,5.34375,0.106581,-3.90255,0.776499,-3.20813,-3.95649,0.0614697,0.0754161
temporal_fine_1e19,7,100,3.5846,1693,6.65625,0.216629,-3.74508,0.571516,-3.30258,-3.79607,0.0542678,0.0682425
temporal_fine_1e19,7,101,3.35053,1514,7.84375,0.264063,-3.70449,0.586095,-3.21454,-3.75437,0.0623231,0.0826455
temporal_fine_1e19,7,102,3.8914,1582,6.71875,0.246099,-3.74104,0.656263,-3.14583,-3.80465,0.0552939,0.0476313
temporal_fine_1e19,7,103,3.86837,1496,6.46875,0.134728,-3.7772,0.623776,-3.27821,-3.82734,0.054141,0.067085
temporal_fine_1e19,7,104,3.28989,1414,7.34375,0.176059,-3.71166,0.562289,-3.21519,-3.75855,0.0677498,0.100646
temporal_fine_1e19,7,105,2.88949,1084,5.8125,0.0930963,-3.76786,0.698418,-3.27177,-3.803,0.0542387,0.0682128
temporal_fine_1e19,7,106,2.72923,1678,6.65625,0.145028,-3.70515,0.579936,-3.38756,-3.74139,0.0438352,0.0388492
temporal_fine_1e19,7,107,2.81327,1676,8.9375,0.151869,-3.68536,0.516309,-3.42193,-3.71538,0.0399618,0.0355019
temporal_fine_1e19,7,108,5.29316,1155,8,0.325279,-3.84056,0.590653,-3.14824,-3.89307,0.0537541,0.0500879
temporal_fine_1e19,7,109,3.15753,1030,5.84375,0.185308,-3.6496,0.533471,-3.32406,-3.67144,0.047301,0.0482577
temporal_fine_1e19,7,110,2.89036,1941,5.5,0.0898102,-3.60305,0.613996,-3.16385,-3.66207,0.060929,0.074082
temporal_fine_1e19,7,111,2.96224,1517,5.46875,0.0653548,-3.6447,0.53829,-3.34651,-3.67512,0.0495313,0.0702746
temporal_fine_1e19,7,112,4.5751,1657,8.1875,0.161239,-4.00617,0.727744,-3.10352,-4.10773,0.0675839,0.0744434
temporal_fine_1e19,7,113,3.44002,1820,6.15625,0.236509,-3.75296,0.529701,-3.35223,-3.80303,0.0583675,0.0887222
temporal_fine_1e19,7,114,4.67159,1930,7.90625,0.240653,-3.82836,0.731869,-2.9511,-3.9455,0.0767579,0.0822345
temporal_fine_1e19,7,115,3.80433,1623,6.1875,0.161177,-3.88496,0.762684,-3.02254,-3.97978,0.0837711,0.113251
temporal_fine_1e19,7,116,2.76338,1790,8.1875,0.0947049,-3.58729,0.605805,-3.27962,-3.62503,0.0512971,0.0638789
temporal_fine_1e19,7,117,4.01157,1229,5.90625,0.0962142,-3.79341,0.583928,-3.24907,-3.83755,0.053287,0.0531246
temporal_fine_1e19,7,118,2.81826,830,5.25,0.00156594,-3.61241,0.546248,-3.39114,-3.62422,0.0408404,0.0304838
temporal_fine_1e19,7,119,2.26674,900,6.53125,0.11991,-3.65852,0.527527,-3.37054,-3.67526,0.0428206,0.0383624
temporal_fine_1e19,7,120,3.96044,1706,6.34375,0.316363,-3.90484,0.717681,-3.05585,-4.00352,0.079943,0.0953758
temporal_fine_1e19,7,121,3.48701,1448,7.78125,0.237114,-3.79032,0.653617,-3.11015,-3.85626,0.0651255,0.0720066
temporal_fine_1e19,7,122,3.34877,662,5.1875,0.135702,-3.86632,0.688407,-3.22985,-3.89312,0.0596022,0.0762507
temporal_fine_1e19,7,123,3.79065,1113,5.96875,0.193129,-4.00491,0.756337,-3.0439,-4.07495,0.0739735,0.0901386
temporal_fine_1e19,7,124,3.42842,1444,6.21875,0.154206,-3.6986,0.599126,-3.25011,-3.74194,0.0590574,0.083613
temporal_fine_1e19,7,125,2.8751,1467,6.125,0.11744,-3.6927,0.616544,-3.27964,-3.73332,0.0566428,0.0795727
temporal_fine_1e19,7,126,5.61272,1530,8.9375,0.723554,-4.05047,0.68605,-3.26706,-4.13116,0.0600243,0.0663517
temporal_fine_1e19,7,127,2.88177,1682,6.34375,0.228112,-3.74607,0.591601,-3.36319,-3.78987,0.0484409,0.0597714
temporal_fine_1e19,7,128,2.69051,1884,5.90625,0.174844,-3.63743,0.656738,-3.2355,-3.68966,0.0566698,0.0685396
temporal_fine_1e19,7,129,3.46616,2113,5.46875,0.20443,-3.80707,0.777467,-3.14665,-3.90485,0.0728434,0.101365
temporal_fine_1e19,7,130,2.29547,1266,5.25,0.108622,-3.66334,0.58728,-3.34501,-3.69,0.050655,0.0683911
temporal_fine_1e19,7,131,3.90114,1300,5.375,0.0836019,-3.80278,0.605801,-3.30561,-3.84563,0.0484508,0.0460834
temporal_fine_1e19,7,132,2.85675,1594,5.78125,0.0705208,-3.63197,0.627995,-3.31497,-3.66614,0.0474205,0.0443294
temporal_fine_1e19,7,133,1.91038,1592,6.1875,0.113025,-3.58833,0.53578,-3.38742,-3.60995,0.0423528,0.0373008
temporal_fine_1e19,7,134,4.0843,2823,6.125,0.0982265,-3.49499,0.590821,-3.02078,-3.59371,0.0562592,0.0324383
temporal_fine_1e19,7,135,2.9268,1798,5.71875,0.252751,-3.75159,0.699705,-3.27375,-3.81049,0.0552626,0.0642207
temporal_fine_1e19,7,136,3.65562,1658,6.125,0.22708,-3.78346,0.702366,-3.16468,-3.85313,0.0586917,0.0640794
temporal_fine_1e19,7,137,3.80593,1482,6.59375,0.259586,-3.9079,0.68523,-3.16472,-3.98181,0.0553531,0.0525196
temporal_fine_1e19,7,138,2.26869,1457,5.875,0.167251,-3.56773,0.52366,-3.34346,-3.58962,0.0436532,0.0457232
temporal_fine_1e19,7,139,4.63497,1353,6.125,0.0727196,-3.71287,0.586502,-3.14956,-3.76357,0.0529406,0.0446345
temporal_fine_1e19,7,140,4.6917,2051,8.375,0.543346,-3.88132,0.746003,-3.0706,-3.99733,0.0698236,0.0693529
temporal_fine_1e19,7,141,4.07521,1207,9.1875,0.398363,-3.74532,0.672528,-3.07967,-3.79825,0.0745284,0.100567
temporal_fine_1e19,7,142,2.7942,1083,6.53125,0.165608,-3.65872,0.564424,-3.31795,-3.68284,0.0437396,0.0315426
temporal_fine_1e19,7,143,2.50418,1343,7.3125,0.18575,-3.54034,0.535692,-3.29251,-3.56247,0.0453067,0.0351899
temporal_fine_1e19,7,144,3.95439,1502,7.125,0.337555,-3.85185,0.623284,-3.10544,-3.92718,0.0778171,0.0993796
temporal_fine_1e19,7,145,3.44858,1601,5.59375,0.0901608,-3.60687,0.556934,-3.31596,-3.63837,0.0427658,0.0302859
temporal_fine_1e19,7,146,4.58109,1378,11.75,0.808883,-3.88606,0.636226,-3.06391,-3.96156,0.0741228,0.0860109
temporal_fine_1e19,7,147,3.57564,1231,6.625,0.151058,-3.89288,0.657343,-3.3493,-3.93704,0.0500918,0.0546
temporal_fine_1e19,7,148,2.95827,2052,5.59375,0.332415,-3.52725,0.553695,-3.28713,-3.56163,0.0436772,0.0290227
temporal_fine_1e19,7,149,3.19276,1645,5.8125,0.236994,-3.71805,0.647965,-3.30172,-3.76452,0.0538708,0.0756293
temporal_fine_1e19,7,150,4.01295,1537,7.9375,0.480163,-3.94407,0.776703,-3.06129,-4.03545,0.0770482,0.093829
temporal_fine_1e19,7,151,2.73361,1218,6.46875,0.123963,-3.70885,0.567425,-3.3724,-3.73587,0.0442832,0.0429206
temporal_fine_1e19,7,152,2.34699,1088,5.65625,0.122264,-3.74587,0.727491,-3.15242,-3.78808,0.0720756,0.106122
temporal_fine_1e19,7,153,5.05768,1065,8.1875,0.458706,-3.9379,0.64473,-3.22075,-3.98775,0.0683331,0.100437
temporal_fine_1e19,7,154,4.60454,1809,6.25,0.266256,-3.83508,0.634884,-3.25256,-3.90738,0.049829,0.0452428
temporal_fine_1e19,7,155,3.48964,1547,5.34375,0.251609,-3.87172,0.668867,-3.27764,-3.93366,0.0614761,0.0854276
temporal_fine_1e19,7,156,2.95715,1276,5.71875,0.0655876,-3.75262,0.634792,-3.2705,-3.79334,0.0543046,0.0588032
temporal_fine_1e19,7,157,3.57062,1075,8.125,0.252653,-3.8074,0.59626,-3.25688,-3.84605,0.0619906,0.0926308
temporal_fine_1e19,7,158,2.56844,1261,5.5,0.0693849,-3.64026,0.554976,-3.33708,-3.66554,0.0447639,0.0412639
temporal_fine_1e19,7,159,1.85522,2449,4.8125,0.212132,-3.50884,0.530211,-3.35122,-3.53654,0.0428429,0.0361679
temporal_fine_1e19,7,160,3.73564,1296,5.75,0.288083,-3.89302,0.712777,-3.11168,-3.96013,0.0709375,0.0854002
temporal_fine_1e19,7,161,4.34015,1701,6.71875,0.385051,-3.94177,0.639417,-3.15986,-4.03235,0.0788903,0.112519
temporal_fine_1e19,7,162,4.20818,1347,6.46875,0.217425,-4.05633,0.736481,-3.25531,-4.12809,0.0580565,0.0674158
temporal_fine_1e19,7,163,2.62404,1660,5.6875,0.0718216,-3.64692,0.559874,-3.31422,-3.68443,0.0460385,0.0418573
temporal_fine_1e19,7,164,3.23951,1421,5.71875,0.135042,-3.69004,0.610587,-3.24104,-3.73268,0.0602854,0.0800646
temporal_fine_1e19,7,165,2.81814,1500,5.78125,0.188289,-3.64979,0.605288,-3.1982,-3.6953,0.0674014,0.107113
temporal_fine_1e19,7,166,3.68368,1403,6.65625,0.400819,-3.75054,0.596854,-3.16293,-3.80557,0.0899047,0.155766
temporal_fine_1e19,7,167,3.83811,1026,7.3125,0.293442,-3.81283,0.628479,-3.36525,-3.84273,0.0474516,0.046734
temporal_fine_1e19,7,168,2.32589,1385,6.46875,0.176831,-3.6488,0.665346,-3.2378,-3.68675,0.0554836,0.0677809
temporal_fine_1e19,7,169,1.55109,1560,6.03125,0.0967301,-3.49789,0.494696,-3.36177,-3.51222,0.0411529,0.0304228
temporal_fine_1e19,7,170,3.54884,1740,10.9375,0.24468,-3.80603,0.640747,-3.26205,-3.87066,0.0549177,0.0620522
temporal_fine_1e19,7,171,4.16582,1406,7.09375,0.323529,-3.86208,0.636815,-3.22326,-3.92205,0.0679018,0.0904814
temporal_fine_1e19,7,172,3.18353,1649,6.59375,0.498484,-3.86232,0.757742,-3.13047,-3.94423,0.0752324,0.108482
temporal_fine_1e19,7,173,3.97338,2157,8.75,0.268718,-3.81246,0.7326,-3.06286,-3.92611,0.0751277,0.0975326
temporal_fine_1e19,7,174,2.90617,1020,7.0625,0.150023,-3.76459,0.669247,-3.26521,-3.79774,0.0544598,0.0603614
temporal_fine_1e19,7,175,4.5669,1307,7.21875,0.201082,-3.83095,0.607088,-3.09502,-3.89474,0.0650028,0.0773582
temporal_fine_1e19,7,176,3.16556,1562,5.90625,0.125278,-3.78815,0.725724,-3.13763,-3.85671,0.0609729,0.0670195
temporal_fine_1e19,7,177,2.05228,1651,5.5625,0.0987137,-3.48056,0.496018,-3.31864,-3.49871,0.0425923,0.0313164
temporal_fine_1e19,7,178,2.66903,1368,5.46875,0.0948115,-3.63739,0.54961,-3.35839,-3.6628,0.0427353,0.0329242
temporal_fine_1e19,7,179,3.48987,1611,5.125,0.0708829,-3.68959,0.584961,-3.2634,-3.73607,0.0446704,0.0293014
temporal_fine_1e19,7,180,4.50469,1770,7.28125,0.476574,-3.85116,0.636966,-3.2116,-3.92862,0.0674682,0.09383
temporal_fine_1e19,7,181,2.5635,1464,6.625,0.182888,-3.59141,0.562294,-3.29055,-3.62093,0.0472798,0.0434016
temporal_fine_1e19,7,182,3.47566,1505,6.09375,0.139883,-3.74691,0.646861,-3.26103,-3.79606,0.051257,0.0511739
temporal_fine_1e19,7,183,4.2645,1037,6.28125,0.215842,-3.81002,0.599883,-3.21592,-3.85016,0.0547796,0.0544599
temporal_fine_1e19,7,184,2.38755,1507,5.4375,0.146523,-3.69927,0.625362,-3.25862,-3.7439,0.0505593,0.0500611
temporal_fine_1e19,7,185,2.13841,1364,4.9375,0.0595048,-3.52736,0.471912,-3.37,-3.54165,0.0416188,0.0391069
temporal_fine_1e19,7,186,4.28394,1553,5.9375,0.324311,-3.96337,0.725226,-3.06446,-4.0575,0.0903834,0.132707
temporal_fine_1e19,7,187,2.17524,1642,6.4375,0.102683,-3.59371,0.551371,-3.34825,-3.62105,0.0445942,0.043139
temporal_fine_1e19,7,188,4.03621,1782,10.75,0.266547,-3.74397,0.596719,-3.25641,-3.80347,0.0599574,0.079627
temporal_fine_1e19,7,189,2.51978,1881,6.6875,0.0861957,-3.61533,0.59443,-3.38869,-3.64472,0.0434282,0.0451636
temporal_fine_1e19,7,190,3.02191,1348,5.71875,0.100138,-3.5958,0.545605,-3.28217,-3.62392,0.0522479,0.0661254
temporal_fine_1e19,7,191,2.55162,1203,5.625,0.0496292,-3.58959,0.503961,-3.40792,-3.60398,0.0394774,0.0294443
temporal_fine_1e19,8,0,4.1491,1123,7.1875,0.28496,-3.746,0.556662,-3.36522,-3.77402,0.0520306,0.0758122
temporal_fine_1e19,8,1,3.16774,1498,7.28125,0.114673,-3.64269,0.532397,-3.41262,-3.66584,0.0401581,0.0296217
temporal_fine_1e19,8,2,4.74001,679,5.9375,0.210629,-3.97216,0.597278,-3.26751,-4.00262,0.0495204,0.0351264
temporal_fine_1e19,8,3,2.81635,1582,5.53125,0.0521181,-3.72431,0.646126,-3.2573,-3.77422,0.0526972,0.0556053
temporal_fine_1e19,8,4,2.95647,1191,6.21875,0.10685,-3.77828,0.6655,-3.3045,-3.81542,0.0527105,0.0578736
temporal_fine_1e19,8,5,3.08745,1920,7.84375,0.075314,-3.65923,0.579316,-3.31811,-3.70451,0.0459118,0.0367784
temporal_fine_1e19,8,6,2.84457,1254,5.5,0.0580211,-3.76329,0.570799,-3.46597,-3.78793,0.0409424,0.0402735
temporal_fine_1e19,8,7,3.06386,1776,6.625,0.120501,-3.66507,0.589296,-3.38683,-3.6989,0.0441749,0.045134
temporal_fine_1e19,8,8,3.5564,1622,6.125,0.192239,-3.79204,0.616485,-3.29998,-3.84611,0.0559944,0.0764882
temporal_fine_1e19,8,9,3.21599,1896,6.5,0.149441,-3.65363,0.579924,-3.36247,-3.69174,0.0436868,0.0449444
temporal_fine_1e19,8,10,4.67598,1755,6.9375,0.134032,-3.84859,0.59247,-3.34319,-3.90922,0.0518974,0.0611778
temporal_fine_1e19,8,11,2.90228,1358,7.0625,0.261968,-3.62789,0.527399,-3.37952,-3.65034,0.0542369,0.0908502
temporal_fine_1e19,8,12,3.65846,723,6.625,0.276878,-3.80081,0.574664,-3.30151,-3.82386,0.0512713,0.0540862
temporal_fine_1e19,8,13,2.90348,1927,8.25,0.214519,-3.66618,0.589624,-3.33926,-3.70975,0.0495068,0.0568323
temporal_fine_1e19,8,14,3.55039,1880,5.84375,0.148051,-3.77143,0.718823,-3.22217,-3.84262,0.0718784,0.106544
temporal_fine_1e19,8,15,3.19204,1647,5.09375,0.063511,-3.69259,0.519336,-3.43134,-3.72179,0.0468233,0.0606869
temporal_fine_1e19,8,16,6.08986,1401,7.28125,0.371053,-3.94151,0.723471,-3.12291,-4.01805,0.0585996,0.0540636
temporal_fine_1e19,8,17,4.25717,4137,8,0.186034,-3.5266,0.564418,-3.25591,-3.61805,0.0488996,0.0338714
temporal_fine_1e19,8,18,5.02185,1547,6.8125,0.440008,-3.92047,0.680628,-3.22096,-3.99341,0.0523376,0.0414223
temporal_fine_1e19,8,19,4.68987,2054,6.96875,0.328097,-3.85035,0.651937,-3.28528,-3.93135,0.0628466,0.0857906
temporal_fine_1e19,8,20,3.00899,1222,5.5625,0.122495,-3.68517,0.553093,-3.3681,-3.71072,0.0467371,0.0477745
temporal_fine_1e19,8,21,4.13476,1712,8.3125,0.188204,-3.78376,0.655307,-3.24913,-3.84615,0.0529149,0.0521928
temporal_fine_1e19,8,22,4.01059,1790,6.4375,0.0549967,-3.84841,0.614188,-3.39755,-3.90371,0.0448913,0.0493601
temporal_fine_1e19,8,23,4.03459,2868,6.34375,0.0921169,-3.73135,0.588769,-3.39127,-3.80352,0.0432253,0.0373857
temporal_fine_1e19,8,24,2.74653,1346,6.46875,0.0578176,-3.77534,0.617193,-3.41094,-3.80795,0.0464734,0.0596406
temporal_fine_1e19,8,25,7.9458,2237,8.625,0.682988,-3.88345,0.829126,-2.54585,-4.09495,0.0969249,0.0616263
temporal_fine_1e19,8,26,6.26215,2286,7.375,0.463949,-3.82182,0.770405,-2.80395,-3.98687,0.0758003,0.0530718
temporal_fine_1e19,8,27,5.99261,1282,7.75,0.447258,-4.0341,0.668561,-3.13739,-4.11022,0.060789,0.0705392
temporal_fine_1e19,8,28,3.58902,1402,6.75,0.173374,-3.67909,0.522846,-3.39687,-3.7055,0.0467253,0.0570752
temporal_fine_1e19,8,29,5.29789,1623,10.25,0.526796,-3.83883,0.583028,-3.31425,-3.89651,0.0542899,0.06178
temporal_fine_1e19,8,30,2.31105,1372,11.5625,0.103862,-3.65005,0.541588,-3.4522,-3.66814,0.0402476,0.0383307
temporal_fine_1e19,8,31,4.01895,2047,6.71875,0.357752,-3.88195,0.752665,-3.19894,-3.97947,0.0652219,0.0786504
temporal_fine_1e19,8,32,4.49187,1473,8.1875,0.271209,-4.10875,0.757763,-3.2685,-4.19175,0.0604215,0.0742883
temporal_fine_1e19,8,33,5.04511,1585,8.625,0.461678,-3.97021,0.587492,-3.32584,-4.03922,0.0676676,0.100718
temporal_fine_1e19,8,34,5.96431,1594,6.59375,0.304509,-3.87198,0.640187,-3.18263,-3.94627,0.0523781,0.0435547
temporal_fine_1e19,8,35,2.45883,1673,8.1875,0.386033,-3.65924,0.540777,-3.41908,-3.68655,0.0420559,0.0385209
temporal_fine_1e19,8,36,2.29462,1149,5.84375,0.116251,-3.66088,0.501031,-3.44531,-3.67714,0.0413076,0.0358468
temporal_fine_1e19,8,37,3.76934,1646,6.5625,0.17736,-3.6678,0.562248,-3.32534,-3.70605,0.0540784,0.0750404
temporal_fine_1e19,8,38,2.25618,1383,5.28125,0.183699,-3.55614,0.468293,-3.34955,-3.57519,0.0397118,0.0215792
temporal_fine_1e19,8,39,5.53662,2334,6.875,0.352048,-3.77115,0.695275,-3.1139,-3.88034,0.0582973,0.0543887
temporal_fine_1e19,8,40,3.28039,1364,5.84375,0.12855,-3.74135,0.639592,-3.34347,-3.77748,0.0495389,0.0623697
temporal_fine_1e19,8,41,4.27941,1452,6.40625,0.19175,-3.91513,0.827634,-2.99333,-4.00476,0.0776288,0.0950298
temporal_fine_1e19,8,42,4.06319,2093,7.15625,0.142657,-3.7144,0.67486,-3.20125,-3.78955,0.058998,0.0702412
temporal_fine_1e19,8,43,4.88644,1731,6.8125,0.424581,-3.81065,0.634769,-3.09673,-3.89499,0.0816725,0.11656
temporal_fine_1e19,8,44,3.68189,1431,6.34375,0.275133,-3.8308,0.644779,-3.28382,-3.88314,0.0666289,0.103217
temporal_fine_1e19,8,45,3.64323,1384,6.65625,0.203019,-3.87111,0.607262,-3.40024,-3.91455,0.047269,0.0544049
temporal_fine_1e19,8,46,3.35468,1303,6.5,0.139319,-3.81898,0.608761,-3.29166,-3.86454,0.0495733,0.0434469
temporal_fine_1e19,8,47,5.04167,1244,6.75,0.18911,-3.94161,0.671072,-3.1238,-4.0088,0.0616055,0.0618697
temporal_fine_1e19,8,48,5.39441,1704,8.3125,0.441323,-3.79452,0.54916,-3.24053,-3.85883,0.056271,0.0623781
temporal_fine_1e19,8,49,4.36081,1455,6.28125,0.365874,-3.92277,0.625431,-3.20963,-3.99228,0.0745044,0.108697
temporal_fine_1e19,8,50,2.5567,1912,6.15625,0.0784085,-3.68175,0.619754,-3.32933,-3.72831,0.0470059,0.0494666
temporal_fine_1e19,8,51,4.37076,1420,6.625,0.25807,-3.7627,0.58575,-3.34976,-3.80189,0.0481778,0.0556858
temporal_fine_1e19,8,52,3.47821,1522,6.40625,0.199473,-3.65931,0.581433,-3.31615,-3.69445,0.052542,0.0697494
temporal_fine_1e19,8,53,4.48026,1035,5.84375,0.178534,-3.8979,0.577135,-3.3765,-3.93305,0.0520683,0.060795
temporal_fine_1e19,8,54,5.73904,1364,8.8125,0.538668,-3.99788,0.620928,-3.23716,-4.06697,0.0658546,0.0844768
temporal_fine_1e19,8,55,4.13639,1520,6.375,0.162293,-3.74371,0.630723,-3.34834,-3.78414,0.0441267,0.0323789
temporal_fine_1e19,8,56,4.25006,1610,7.0625,0.215049,-3.81265,0.577175,-3.23123,-3.87601,0.0714761,0.100606
temporal_fine_1e19,8,57,3.28627,2080,8.1875,0.048345,-3.65448,0.590624,-3.31546,-3.70378,0.0459046,0.0387336
temporal_fine_1e19,8,58,3.01418,2210,5.96875,0.154565,-3.64659,0.559504,-3.39641,-3.6856,0.0470684,0.0570266
temporal_fine_1e19,8,59,2.36002,1540,5.625,0.138693,-3.77657,0.666063,-3.35839,-3.81996,0.0527417,0.0687666
temporal_fine_1e19,8,60,4.41777,1770,6.6875,0.30341,-3.91366,0.7578,-3.10861,-4.01116,0.0743658,0.0954035
temporal_fine_1e19,8,61,3.53737,1559,10.0625,0.203984,-3.79715,0.624384,-3.37558,-3.84149,0.0491137,0.0577728
temporal_fine_1e19,8,62,5.31504,1758,6.25,0.192314,-3.83767,0.627245,-3.18669,-3.91591,0.0564307,0.0567485
temporal_fine_1e19,8,63,3.90176,1454,9.25,0.327661,-3.73494,0.519783,-3.42231,-3.76538,0.0453131,0.0496255
temporal_fine_1e19,8,64,2.91378,1264,7.28125,0.132096,-3.74596,0.572922,-3.39679,-3.77515,0.0479424,0.0626119
temporal_fine_1e19,8,65,3.70093,1263,6.15625,0.308284,-4.00788,0.74495,-3.06488,-4.08664,0.0950095,0.135699
temporal_fine_1e19,8,66,2.82173,1802,5.71875,0.187991,-3.66605,0.553133,-3.42626,-3.69568,0.0446436,0.0560903
temporal_fine_1e19,8,67,4.74542,1568,7.84375,0.42628,-3.92038,0.620077,-3.15418,-4.00147,0.0788112,0.103853
temporal_fine_1e19,8,68,4.39667,1491,6.5625,0.196955,-3.84664,0.625164,-3.27377,-3.90399,0.0535109,0.0523607
temporal_fine_1e19,8,69,3.69593,1547,7.09375,0.140758,-3.73229,0.56276,-3.37703,-3.76933,0.0437818,0.036837
temporal_fine_1e19,8,70,4.55499,1140,7,0.484991,-4.00828,0.702316,-3.18764,-4.06964,0.0656903,0.0739695
temporal_fine_1e19,8,71,4.9478,1807,7,0.23776,-3.9271,0.623434,-3.27007,-4.00854,0.0571917,0.0600651
temporal_fine_1e19,8,72,3.42891,1821,10.25,0.344988,-3.68135,0.541215,-3.33311,-3.72489,0.0549548,0.0816485
temporal_fine_1e19,8,73,4.19637,1051,7.96875,0.187773,-4.0311,0.746012,-3.26508,-4.0836,0.0533636,0.0534163
temporal_fine_1e19,8,74,4.79263,1573,7.5,0.285579,-3.8898,0.655261,-3.25174,-3.95756,0.0585846,0.0655398
temporal_fine_1e19,8,75,5.14786,1349,6.34375,0.29024,-3.99878,0.627525,-3.39828,-4.05266,0.0542253,0.0719962
temporal_fine_1e19,8,76,4.08688,1274,6.65625,0.1927,-3.75807,0.530769,-3.28232,-3.79819,0.0595867,0.0810168
temporal_fine_1e19,8,77,3.23771,1227,7.71875,0.246824,-3.65735,0.57676,-3.27695,-3.68814,0.0575516,0.0761585
temporal_fine_1e19,8,78,6.4947,1130,9.1875,0.719987,-4.10904,0.712684,-2.99339,-4.19169,0.0768945,0.106598
temporal_fine_1e19,8,79,4.30327,1410,7.6875,0.279034,-3.73692,0.560222,-3.3498,-3.77337,0.0495357,0.0603568
temporal_fine_1e19,8,80,3.96302,1569,8.75,0.266424,-3.80272,0.602647,-3.29638,-3.85634,0.0586114,0.0879269
temporal_fine_1e19,8,81,3.50692,1536,9.0625,0.321619,-3.66231,0.565801,-3.25191,-3.70476,0.052752,0.0581308
temporal_fine_1e19,8,82,6.01879,310,6.84375,0.350603,-4.12149,0.612949,-3.31457,-4.13706,0.0519806,0.0522558
temporal_fine_1e19,8,83,4.045,1111,6.125,0.246695,-4.21598,0.800883,-3.07537,-4.29895,0.0865043,0.112543
temporal_fine_1e19,8,84,3.34535,1656,5.6875,0.218076,-3.77475,0.609793,-3.3404,-3.82359,0.0540373,0.0684237
temporal_fine_1e19,8,85,3.57739,2408,7.21875,0.303718,-3.69422,0.586434,-3.28348,-3.76499,0.0697615,0.118475
temporal_fine_1e19,8,86,4.30053,930,7.34375,0.210928,-4.01061,0.660934,-3.34026,-4.05095,0.0517868,0.0592691
temporal_fine_1e19,8,87,4.74056,1630,7.0625,0.237001,-3.81528,0.611557,-3.15555,-3.88816,0.0526363,0.0404716
temporal_fine_1e19,8,88,3.46552,1008,5.21875,0.146808,-3.59782,0.514693,-3.31961,-3.61606,0.0421801,0.0230499
temporal_fine_1e19,8,89,3.32876,655,5.96875,0.104479,-3.9382,0.639211,-3.50599,-3.9562,0.0405178,0.0392999
temporal_fine_1e19,8,90,5.55049,1307,7.34375,0.201297,-4.02073,0.670415,-3.32432,-4.0811,0.0457472,0.0372906
temporal_fine_1e19,8,91,3.50267,1197,6.4375,0.179577,-3.72288,0.548963,-3.38063,-3.74985,0.0501758,0.0626905
temporal_fine_1e19,8,92,2.90494,1804,6.5625,0.0737646,-3.65339,0.494685,-3.4286,-3.68121,0.0429436,0.0443566
temporal_fine_1e19,8,93,3.18399,1669,7.34375,0.235821,-3.83267,0.791416,-3.19948,-3.90448,0.0647207,0.0800688
temporal_fine_1e19,8,94,2.73231,1670,5.78125,0.240512,-3.95924,0.842174,-3.18829,-4.04674,0.0722185,0.095547
temporal_fine_1e19,8,95,5.08094,829,6.125,0.315337,-4.06955,0.683008,-3.27839,-4.11172,0.0529271,0.0497089
temporal_fine_1e19,8,96,4.23956,1695,7.53125,0.229782,-3.82944,0.660565,-3.21862,-3.89992,0.0628528,0.0817901
temporal_fine_1e19,8,97,4.01907,2027,6.9375,0.327292,-3.99108,0.828436,-3.18285,-4.10519,0.0683333,0.0856439
temporal_fine_1e19,8,98,3.8736,1624,11.0625,0.366951,-3.815,0.58343,-3.38234,-3.86261,0.0522338,0.0678523
temporal_fine_1e19,8,99,4.09705,2062,10.25,0.232735,-3.77229,0.615475,-3.33408,-3.83538,0.049319,0.0543675
temporal_fine_1e19,8,100,3.23385,1169,7.03125,0.207635,-3.68151,0.551544,-3.36647,-3.70572,0.0470435,0.0538708
temporal_fine_1e19,8,101,2.90298,1472,5.90625,0.378523,-3.87433,0.753344,-3.22777,-3.93815,0.064456,0.0823882
temporal_fine_1e19,8,102,4.80748,1177,6.09375,0.197446,-3.87885,0.573968,-3.20426,-3.93106,0.0666269,0.0825634
temporal_fine_1e19,8,103,3.53424,1435,5.46875,0.120669,-3.71991,0.542888,-3.33664,-3.7567,0.0470905,0.0464416
temporal_fine_1e19,8,104,4.48269,1908,6.375,0.296389,-3.89219,0.74335,-3.17892,-3.9862,0.0631567,0.0748966
temporal_fine_1e19,8,105,3.39787,1108,8.875,0.207424,-3.74022,0.604906,-3.30001,-3.77215,0.0523515,0.0604949
temporal_fine_1e19,8,106,2.42877,1392,7.53125,0.626136,-3.79733,0.607842,-3.40371,-3.83388,0.0461057,0.048086
temporal_fine_1e19,8,107,4.4064,1933,6.25,0.12186,-3.80412,0.678159,-3.37029,-3.86215,0.0447254,0.0373708
temporal_fine_1e19,8,108,4.80339,1228,7.40625,0.238354,-3.89464,0.675242,-3.11183,-3.95806,0.0682623,0.0811102
temporal_fine_1e19,8,109,4.70475,1329,7.4375,0.36596,-3.95439,0.696827,-3.24617,-4.01691,0.0577936,0.0678288
temporal_fine_1e19,8,110,3.23714,708,5.875,0.117502,-3.73161,0.520222,-3.45972,-3.74389,0.0411449,0.0475391
temporal_fine_1e19,8,111,3.70349,925,6.34375,0.106934,-3.91723,0.572517,-3.4583,-3.94469,0.0444923,0.0478745
temporal_fine_1e19,8,112,3.68836,2063,7.25,0.270761,-3.67825,0.562939,-3.31344,-3.7308,0.0478876,0.0468723
temporal_fine_1e19,8,113,2.62326,1798,5.46875,0.11214,-3.59409,0.507671,-3.33371,-3.62619,0.0416438,0.027471
temporal_fine_1e19,8,114,2.99474,1311,7,0.234748,-3.61948,0.536176,-3.34337,-3.64349,0.0473576,0.0617145
temporal_fine_1e19,8,115,3.37662,1755,6.0625,0.250191,-3.82628,0.66747,-3.31808,-3.88725,0.0569423,0.0734762
temporal_fine_1e19,8,116,4.89269,931,6.5,0.192293,-3.90611,0.603874,-3.40254,-3.93645,0.0461929,0.0445642
temporal_fine_1e19,8,117,2.30818,1468,5.5625,0.118515,-3.62148,0.599127,-3.38114,-3.64514,0.046515,0.0562246
temporal_fine_1e19,8,118,4.31267,2156,8.125,0.336467,-3.67555,0.63347,-3.20508,-3.74684,0.0548288,0.0617353
temporal_fine_1e19,8,119,1.97884,998,5.65625,0.109116,-3.53601,0.569302,-3.35183,-3.54796,0.04445,0.0410479
temporal_fine_1e19,8,120,4.91953,1054,8.75,0.515725,-4.04178,0.720267,-3.0995,-4.10656,0.0729757,0.0839355
temporal_fine_1e19,8,121,3.26082,1486,7.34375,0.236635,-3.85043,0.69665,-3.15735,-3.91957,0.0699896,0.0931532
temporal_fine_1e19,8,122,3.86956,1208,7.90625,0.264874,-3.93597,0.66358,-3.31252,-3.9856,0.0577799,0.0681205
temporal_fine_1e19,8,123,3.2668,1828,5.96875,0.0953834,-3.68729,0.544383,-3.41701,-3.72123,0.0467411,0.0685759
temporal_fine_1e19,8,124,4.64905,1534,6.375,0.340197,-3.90819,0.647895,-3.13823,-3.98773,0.0760132,0.0964212
temporal_fine_1e19,8,125,3.70255,1342,7.09375,0.242349,-3.92372,0.738141,-3.17159,-3.99083,0.0685614,0.0873481
temporal_fine_1e19,8,126,3.93464,1651,5.9375,0.188557,-3.90369,0.650347,-3.26166,-3.97564,0.0630205,0.0818705
temporal_fine_1e19,8,127,3.62523,2848,6.21875,0.112944,-3.65105,0.637617,-3.27756,-3.72964,0.0499603,0.0426798
temporal_fine_1e19,8,128,3.5749,2240,6.84375,0.111918,-3.71309,0.659711,-3.25365,-3.78585,0.0501128,0.044321
temporal_fine_1e19,8,129,2.63421,1833,6.15625,0.205424,-3.68597,0.57156,-3.37548,-3.72508,0.0421245,0.0330931
temporal_fine_1e19,8,130,3.00739,1450,6.59375,0.159591,-3.67443,0.602079,-3.39267,-3.70179,0.0546861,0.0932822
temporal_fine_1e19,8,131,4.095,1632,6.0625,0.261898,-3.8936,0.820627,-2.99643,-3.99286,0.0916163,0.134536
temporal_fine_1e19,8,132,4.48206,849,6,0.195924,-3.91427,0.610422,-3.32298,-3.94659,0.0537993,0.0666598
temporal_fine_1e19,8,133,4.18099,1697,7,0.300822,-3.76866,0.618163,-3.25154,-3.82841,0.0640535,0.0933351
temporal_fine_1e19,8,134,3.23369,1797,6.21875,0.135169,-3.70717,0.632386,-3.3338,-3.75317,0.0493799,0.0587983
temporal_fine_1e19,8,135,4.07539,2406,6.65625,0.163593,-3.8085,0.696628,-3.25256,-3.90419,0.0499904,0.0452156
temporal_fine_1e19,8,136,2.71897,1259,6.03125,0.149383,-3.85958,0.754322,-3.10327,-3.92254,0.0859274,0.132805
temporal_fine_1e19,8,137,2.33338,1291,6.15625,0.187484,-4.12392,0.918166,-3.08008,-4.2132,0.0829671,0.104687
temporal_fine_1e19,8,138,4.38728,1802,8.625,0.322848,-3.76865,0.598447,-3.24569,-3.83328,0.0627844,0.0826711
temporal_fine_1e19,8,139,2.67215,2206,6.5625,0.218618,-3.63495,0.512658,-3.40133,-3.6713,0.0413434,0.0372007
temporal_fine_1e19,8,140,3.85869,1740,7.53125,0.213918,-3.81774,0.631963,-3.31673,-3.87727,0.0529792,0.0629902
temporal_fine_1e19,8,141,4.60346,1136,7.21875,0.226102,-3.91287,0.613946,-3.3398,-3.95557,0.0565187,0.078366
temporal_fine_1e19,8,142,3.21618,1504,6.0625,0.0816856,-3.67485,0.633106,-3.30638,-3.7121,0.0540433,0.0767089
temporal_fine_1e19,8,143,3.25308,1884,7,0.251961,-3.80108,0.738827,-3.03789,-3.90024,0.0862467,0.120609
temporal_fine_1e19,8,144,3.93565,1523,7.21875,0.193503,-3.70573,0.591719,-3.28285,-3.74907,0.0480965,0.036087
temporal_fine_1e19,8,145,2.76023,1320,6,0.228967,-3.67035,0.583325,-3.20274,-3.71133,0.0635059,0.0852502
temporal_fine_1e19,8,146,4.16495,1320,6.75,0.20127,-3.89384,0.730408,-3.24426,-3.95076,0.0572384,0.0608064
temporal_fine_1e19,8,147,2.98659,1443,6.59375,0.141767,-3.68449,0.66554,-3.25449,-3.72602,0.0604393,0.0924366
temporal_fine_1e19,8,148,3.25706,1450,5.25,0.0481264,-3.69583,0.548193,-3.4215,-3.72246,0.0424061,0.037383
temporal_fine_1e19,8,149,3.36339,1631,5.9375,0.212263,-3.84504,0.627333,-3.31407,-3.90375,0.0580656,0.0800381
temporal_fine_1e19,8,150,1.86501,991,6.5625,0.273242,-3.59221,0.505653,-3.46958,-3.6001,0.0368516,0.0258126
temporal_fine_1e19,8,151,2.72909,1083,5.78125,0.150919,-3.58264,0.540943,-3.38901,-3.59634,0.0441496,0.0477741
temporal_fine_1e19,8,152,3.31826,891,5.46875,0.145075,-3.78404,0.646476,-3.32971,-3.81017,0.053235,0.0645913
temporal_fine_1e19,8,153,2.39369,1605,5.59375,0.10459,-3.84003,0.831287,-3.13298,-3.91682,0.0777305,0.110606
temporal_fine_1e19,8,154,2.77861,1848,5.8125,0.169705,-3.65245,0.569459,-3.3735,-3.68792,0.0424669,0.0327058
temporal_fine_1e19,8,155,4.41078,1290,7.09375,0.184643,-3.87019,0.61006,-3.39945,-3.91042,0.0523249,0.0682311
temporal_fine_1e19,8,156,3.14498,1810,5.34375,0.0512548,-3.71875,0.559759,-3.36763,-3.76236,0.0429239,0.0339129
temporal_fine_1e19,8,157,4.95553,1563,6.40625,-0.0452775,-3.77967,0.57273,-3.03766,-3.85793,0.0535951,0.0274242
temporal_fine_1e19,8,158,2.60654,1806,7.1875,0.252219,-3.60009,0.501165,-3.36086,-3.62973,0.0416971,0.0315762
temporal_fine_1e19,8,159,2.79443,1325,5.59375,0.113443,-3.79243,0.618412,-3.35374,-3.83103,0.0521977,0.0687468
temporal_fine_1e19,8,160,4.9073,1298,8.625,0.356798,-3.90567,0.578214,-3.40102,-3.94909,0.0470979,0.0550433
temporal_fine_1e19,8,161,3.48316,1067,6.1875,0.158208,-3.83485,0.652856,-3.17484,-3.88083,0.0641562,0.0830132
temporal_fine_1e19,8,162,4.478,1823,6.75,0.236234,-3.85593,0.661834,-3.28987,-3.9268,0.0553093,0.0584957
temporal_fine_1e19,8,163,3.10003,1709,6.25,0.315305,-3.71452,0.647595,-3.20714,-3.77361,0.0735088,0.115069
temporal_fine_1e19,8,164,1.52599,986,4.34375,0.261347,-3.55635,0.494285,-3.4374,-3.56397,0.0366812,0.0211155
temporal_fine_1e19,8,165,3.58929,1682,5.46875,0.0629764,-3.68215,0.556733,-3.26628,-3.72973,0.0465862,0.0369624
temporal_fine_1e19,8,166,3.734,1462,7.96875,0.139913,-3.79021,0.608662,-3.36744,-3.83163,0.0473686,0.0505649
temporal_fine_1e19,8,167,4.08207,1572,8.4375,0.361436,-3.73543,0.549099,-3.3337,-3.77806,0.0484981,0.05398
temporal_fine_1e19,8,168,3.84281,1943,7.28125,0.273397,-3.76625,0.585965,-3.33377,-3.82443,0.0518734,0.063078
temporal_fine_1e19,8,169,4.58228,1500,7.21875,0.171701,-3.77708,0.530559,-3.37774,-3.81732,0.040143,0.0310716
temporal_fine_1e19,8,170,3.91749,1836,6.90625,0.171635,-3.81051,0.59331,-3.37892,-3.86498,0.0462368,0.0444486
temporal_fine_1e19,8,171,3.51705,1410,6.15625,0.206265,-3.72826,0.589833,-3.19995,-3.778,0.0684481,0.100773
temporal_fine_1e19,8,172,3.02147,1965,5.84375,0.143418,-3.6404,0.574971,-3.30307,-3.68637,0.0503763,0.0549768
temporal_fine_1e19,8,173,2.49414,1314,6.375,0.196487,-3.91632,0.772674,-3.13326,-3.9846,0.0809815,0.110615
temporal_fine_1e19,8,174,3.99382,1756,6.75,0.214706,-3.95089,0.642241,-3.29493,-4.02963,0.0636561,0.0846582
temporal_fine_1e19,8,175,5.27831,2001,7.03125,0.353309,-3.82116,0.586741,-3.34776,-3.88702,0.0486689,0.0536964
temporal_fine_1e19,8,176,4.44377,1491,9.0625,0.524983,-3.81199,0.627981,-3.24857,-3.8684,0.0676927,0.100024
temporal_fine_1e19,8,177,4.26025,966,7.125,0.311515,-3.73244,0.539028,-3.41248,-3.75248,0.0439641,0.0573483
temporal_fine_1e19,8,178,4.24625,1015,6.375,0.146896,-3.72665,0.555551,-3.32096,-3.75344,0.0517912,0.0663087
temporal_fine_1e19,8,179,2.34316,1295,5.71875,0.111061,-3.78166,0.751139,-3.28318,-3.82444,0.0592659,0.0758446
temporal_fine_1e19,8,180,4.52742,836,6.59375,0.205939,-3.86626,0.557283,-3.3365,-3.89475,0.0483777,0.0562947
temporal_fine_1e19,8,181,2.76238,3190,5.0625,0.0499993,-3.44811,0.438999,-3.2038,-3.50717,0.0452669,0.0192581
temporal_fine_1e19,8,182,5.51296,1477,6.90625,0.37654,-3.7764,0.623009,-3.09622,-3.8438,0.0558982,0.0409046
temporal_fine_1e19,8,183,3.52173,1575,6.3125,0.299248,-3.80556,0.52802,-3.42379,-3.84617,0.0485882,0.0618208
temporal_fine_1e19,8,184,3.32249,1573,7.59375,0.26279,-3.8148,0.664396,-3.28242,-3.87134,0.059442,0.0824029
temporal_fine_1e19,8,185,5.38122,1042,7,0.346378,-3.98115,0.691477,-3.30436,-4.02712,0.0464288,0.0361981
temporal_fine_1e19,8,186,3.91006,1157,6.875,0.281457,-3.74392,0.589245,-3.2594,-3.78073,0.0608772,0.088578
temporal_fine_1e19,8,187,3.4102,1463,5.5625,0.116125,-3.71372,0.599106,-3.33319,-3.75103,0.0505662,0.0617873
temporal_fine_1e19,8,188,4.04385,1133,6.59375,0.236442,-3.81964,0.536546,-3.37249,-3.85286,0.0541935,0.0749967
temporal_fine_1e19,8,189,3.87774,907,5.6875,0.222187,-3.8395,0.549126,-3.46404,-3.86151,0.0408123,0.0421912
temporal_fine_1e19,8,190,4.66379,1482,6.75,0.405801,-3.84952,0.515109,-3.32345,-3.90183,0.0595495,0.0758402
temporal_fine_1e19,8,191,3.6496,1823,6.84375,0.356563,-3.81093,0.676643,-3.25843,-3.8801,0.0716925,0.104909
temporal_fine_1e19,9,0,4.1633,1102,7.21875,0.236232,-3.77449,0.533534,-3.30738,-3.80817,0.056486,0.0719526
temporal_fine_1e19,9,1,3.15422,1411,6.03125,0.137471,-3.6633,0.534054,-3.29061,-3.69842,0.0483758,0.0474264
temporal_fine_1e19,9,2,4.78063,1467,6.34375,0.234584,-3.89583,0.609808,-3.27899,-3.95649,0.0596341,0.083772
temporal_fine_1e19,9,3,4.4398,1274,7.125,0.383426,-3.85198,0.714963,-2.88552,-3.93347,0.104851,0.133667
temporal_fine_1e19,9,4,9.41152,3935,9.1875,0.486699,-3.68528,0.761222,-2.81658,-3.95987,0.0791784,0.0566589
temporal_fine_1e19,9,5,3.96968,2123,6.3125,0.175559,-3.69757,0.596713,-3.33272,-3.75188,0.0518428,0.0700918
temporal_fine_1e19,9,6,3.93148,1571,5.75,0.161624,-3.72857,0.589198,-3.30509,-3.77348,0.042981,0.0280264
temporal_fine_1e19,9,7,7.44777,1437,9.75,0.751838,-3.99979,0.643261,-3.0345,-4.0926,0.0853021,0.107645
temporal_fine_1e19,9,8,4.83926,835,6.0625,0.130396,-3.85167,0.508414,-3.4706,-3.87214,0.0372307,0.0252763
temporal_fine_1e19,9,9,5.72788,869,6.15625,0.225378,-3.9449,0.647801,-3.13469,-3.99028,0.0562929,0.0490069
temporal_fine_1e19,9,10,5.36356,2443,8.3125,0.499524,-3.85902,0.725855,-3.21406,-3.97204,0.055309,0.0560312
temporal_fine_1e19,9,11,5.33139,895,8.0625,0.477185,-4.08057,0.623101,-3.25022,-4.12855,0.0676557,0.0911924
temporal_fine_1e19,9,12,2.7102,1556,6.65625,0.239164,-3.64668,0.607629,-3.29838,-3.68323,0.0494149,0.0565619
temporal_fine_1e19,9,13,2.9437,1890,6.59375,0.23018,-3.6576,0.604698,-3.31794,-3.70189,0.0525662,0.0704704
temporal_fine_1e19,9,14,2.85328,1332,6.53125,0.113857,-3.71882,0.630936,-3.37455,-3.74928,0.0489767,0.0599488
temporal_fine_1e19,9,15,4.71954,1825,6.4375,0.219124,-3.77599,0.591226,-3.38548,-3.82494,0.0442565,0.0456158
temporal_fine_1e19,9,16,6.85927,1492,7.8125,0.344103,-3.9558,0.598095,-3.39652,-4.01184,0.0436494,0.040847
temporal_fine_1e19,9,17,4.63668,1316,6.8125,0.498923,-3.85352,0.538392,-3.39092,-3.89393,0.0599105,0.102318
temporal_fine_1e19,9,18,4.55119,737,6.96875,0.167572,-3.73586,0.504595,-3.46599,-3.74857,0.0352409,0.0191309
temporal_fine_1e19,9,19,6.9251,2065,7.0625,0.190617,-3.90729,0.576483,-3.13425,-4.01877,0.051708,0.0248169
temporal_fine_1e19,9,20,5.69616,1786,6.9375,0.401264,-3.94559,0.740016,-3.10686,-4.0482,0.0734112,0.0928602
temporal_fine_1e19,9,21,3.57127,2470,7.75,0.277992,-3.62794,0.548996,-3.33066,-3.68072,0.0470793,0.0628832
temporal_fine_1e19,9,22,6.12282,2760,7.25,0.356734,-3.90386,0.750042,-3.07749,-4.07127,0.0651063,0.0662666
temporal_fine_1e19,9,23,7.14415,1388,7.84375,0.44104,-4.00754,0.630875,-3.19314,-4.08292,0.0569596,0.0601091
temporal_fine_1e19,9,24,4.57342,1776,8.5,0.456527,-3.63677,0.551895,-3.21707,-3.68779,0.0477456,0.0297597
temporal_fine_1e19,9,25,3.8292,1788,7.59375,0.310245,-3.78008,0.657782,-3.13824,-3.8587,0.0728837,0.103587
temporal_fine_1e19,9,26,5.93104,1408,7.5,0.351047,-3.88984,0.594289,-3.33683,-3.94183,0.0477816,0.0449983
temporal_fine_1e19,9,27,2.5917,963,6.5,0.542027,-3.60206,0.481398,-3.34412,-3.61817,0.0406384,0.0204217
temporal_fine_1e19,9,28,6.07521,1593,6.71875,0.372111,-4.07699,0.732282,-3.28285,-4.16252,0.0565811,0.0682399
temporal_fine_1e19,9,29,4.41101,1667,8.1875,0.455794,-3.74052,0.618607,-3.22321,-3.79912,0.0709457,0.10544
temporal_fine_1e19,9,30,4.06884,1937,6.21875,0.128486,-3.66537,0.564734,-3.23392,-3.72322,0.0462442,0.0359005
temporal_fine_1e19,9,31,5.81233,1798,8.4375,0.325251,-3.93413,0.674585,-3.25989,-4.01724,0.0495031,0.0431505
temporal_fine_1e19,9,32,7.7571,1412,9.3125,0.601712,-3.80881,0.555664,-3.26967,-3.85966,0.0457271,0.0259848
temporal_fine_1e19,9,33,2.87602,1840,7.125,0.260917,-3.90029,0.739135,-3.26124,-3.98113,0.0617681,0.0771732
temporal_fine_1e19,9,34,7.0834,1450,7.75,0.611305,-3.96051,0.55019,-3.2305,-4.03139,0.0600093,0.0678029
temporal_fine_1e19,9,35,5.83136,1638,8,0.767896,-3.86429,0.611903,-3.28523,-3.92861,0.0610066,0.087419
temporal_fine_1e19,9,36,4.69657,1838,7.75,0.333654,-3.80516,0.567384,-3.33126,-3.86505,0.0546429,0.0709269
temporal_fine_1e19,9,37,4.22256,1860,7.0625,0.290729,-3.90792,0.657665,-3.38356,-3.97507,0.0441045,0.0376238
temporal_fine_1e19,9,38,4.52767,1772,6.96875,0.273944,-3.82364,0.655933,-3.19161,-3.90029,0.0707956,0.10454
temporal_fine_1e19,9,39,5.2489,1387,6.53125,0.350746,-3.80849,0.595518,-3.27213,-3.8581,0.0522774,0.0553622
temporal_fine_1e19,9,40,5.75992,1275,7.34375,0.313773,-3.90798,0.670546,-3.09978,-3.97618,0.0617009,0.0651535
temporal_fine_1e19,9,41,3.80521,1444,6.15625,0.115011,-3.74348,0.610749,-3.11837,-3.80389,0.0644501,0.0899986
temporal_fine_1e19,9,42,5.03176,1519,7.25,0.440779,-3.80455,0.540452,-3.36331,-3.84964,0.0617468,0.0996218
temporal_fine_1e19,9,43,5.19806,1702,7.5,0.469572,-3.93001,0.606743,-3.21813,-4.01253,0.0728573,0.0985315
temporal_fine_1e19,9,44,7.0432,2237,7.8125,0.427127,-4.11879,0.752226,-3.169,-4.26898,0.0638659,0.0687946
temporal_fine_1e19,9,45,3.15383,1278,6.9375,0.381601,-3.7528,0.549959,-3.37158,-3.78506,0.0454315,0.0465262
temporal_fine_1e19,9,46,3.63901,1017,6.625,0.251518,-3.76338,0.540703,-3.31559,-3.79301,0.0454168,0.0423318
temporal_fine_1e19,9,47,4.69511,1807,6.96875,0.251165,-3.89883,0.643983,-3.24224,-3.98022,0.0582738,0.0693237
temporal_fine_1e19,9,48,5.28026,2164,7.375,0.771178,-3.7503,0.570985,-3.28291,-3.82143,0.0428847,0.0246074
temporal_fine_1e19,9,49,5.58958,1602,6.78125,0.250632,-3.90673,0.659453,-3.24611,-3.97833,0.050734,0.0484659
temporal_fine_1e19,9,50,4.99463,1237,7.40625,0.294386,-3.88214,0.638215,-3.19857,-3.93796,0.0623383,0.0771402
temporal_fine_1e19,9,51,2.41777,954,6,0.396808,-3.51346,0.450776,-3.38561,-3.52136,0.0376474,0.0191189
temporal_fine_1e19,9,52,3.16101,1677,5.6875,0.175583,-3.67143,0.487638,-3.40696,-3.70159,0.0375042,0.0218261
temporal_fine_1e19,9,53,3.91266,1511,5.8125,0.186863,-3.70709,0.529031,-3.27423,-3.75106,0.0429313,0.0201338
temporal_fine_1e19,9,54,5.27022,1502,8.4375,0.657769,-3.9337,0.656556,-3.24389,-4.00332,0.0642705,0.0870563
temporal_fine_1e19,9,55,4.5175,1602,7.25,0.29904,-3.7108,0.57171,-3.22911,-3.763,0.0535451,0.055373
temporal_fine_1e19,9,56,5.25309,1080,6.1875,0.225244,-3.78343,0.502067,-3.28505,-3.8186,0.0410773,0.020306
temporal_fine_1e19,9,57,5.13002,1135,8.5,0.246751,-3.98568,0.660706,-3.22352,-4.04241,0.060422,0.0726277
temporal_fine_1e19,9,58,2.66967,1403,5.09375,0.02383,-3.56144,0.462018,-3.4006,-3.5765,0.0374099,0.0164856
temporal_fine_1e19,9,59,5.81971,759,7.875,0.288426,-3.98526,0.593497,-3.35246,-4.016,0.0506476,0.0581637
temporal_fine_1e19,9,60,6.15262,1411,7.9375,0.389921,-4.01285,0.702268,-3.06944,-4.10176,0.0700472,0.0958736
temporal_fine_1e19,9,61,6.09126,1062,7.78125,0.304101,-4.04951,0.647136,-3.3207,-4.10003,0.0529088,0.0600222
temporal_fine_1e19,9,62,3.80221,1115,6.84375,0.302138,-3.71222,0.560912,-3.28649,-3.74331,0.0570119,0.0885042
temporal_fine_1e19,9,63,3.39401,1504,5.40625,0.163013,-3.64387,0.505208,-3.38718,-3.66981,0.0408174,0.0342743
temporal_fine_1e19,9,64,4.55941,1976,7.34375,0.235747,-3.9052,0.631634,-3.27647,-3.99143,0.0586425,0.0712764
temporal_fine_1e19,9,65,2.57257,2753,6.40625,0.254159,-3.67257,0.551538,-3.39394,-3.72885,0.042597,0.0414251
temporal_fine_1e19,9,66,6.03008,625,9.5625,0.734601,-3.93492,0.460274,-3.48866,-3.95261,0.0424927,0.0482382
temporal_fine_1e19,9,67,4.55531,1640,7.59375,0.415715,-4.0642,0.732467,-3.14015,-4.16699,0.0753086,0.0947511
temporal_fine_1e19,9,68,5.09523,1492,9.25,0.332634,-3.93303,0.638144,-3.26065,-4.00039,0.0550072,0.0573048
temporal_fine_1e19,9,69,5.36925,1863,7.25,0.431711,-3.9016,0.709742,-3.22559,-3.98833,0.0621783,0.0793587
temporal_fine_1e19,9,70,3.24353,2204,6.71875,0.294881,-3.88984,0.787096,-3.1814,-3.99996,0.0662565,0.0802591
temporal_fine_1e19,9,71,5.51098,279,6.1875,0.355125,-4.04367,0.631132,-3.33373,-4.05597,0.0430568,0.031094
temporal_fine_1e19,9,72,2.59317,1288,6.1875,0.180982,-3.90566,0.754877,-3.17537,-3.96797,0.0638873,0.0780608
temporal_fine_1e19,9,73,4.42833,1028,7.34375,0.180268,-3.81921,0.55103,-3.44068,-3.84455,0.0492403,0.0713535
temporal_fine_1e19,9,74,3.40115,2046,6.65625,0.298965,-3.79882,0.683352,-3.12931,-3.89435,0.0702225,0.0905246
temporal_fine_1e19,9,75,3.03532,1246,6.1875,0.170471,-3.68081,0.610213,-3.33875,-3.70897,0.0463986,0.0511055
temporal_fine_1e19,9,76,5.37622,1069,7,0.331086,-3.90137,0.62442,-3.2537,-3.94658,0.0512742,0.0477068
temporal_fine_1e19,9,77,3.4209,718,6.71875,0.336065,-3.75486,0.4987,-3.40676,-3.77081,0.0403383,0.0281372
temporal_fine_1e19,9,78,4.65055,1022,7.90625,0.467387,-3.8442,0.617927,-3.25304,-3.88353,0.0630619,0.0962679
temporal_fine_1e19,9,79,5.5823,2868,7.53125,0.428614,-3.598,0.533245,-3.20487,-3.68143,0.0476356,0.0244188
temporal_fine_1e19,9,80,3.6369,1270,7.40625,0.261239,-3.78016,0.553677,-3.3456,-3.81667,0.0637571,0.111943
temporal_fine_1e19,9,81,6.98471,1013,9.5,0.738908,-4.20499,0.663489,-3.262,-4.26713,0.0670554,0.0886208
temporal_fine_1e19,9,82,4.56899,2394,7.09375,0.190408,-3.71799,0.606129,-3.20946,-3.80501,0.049012,0.0354708
temporal_fine_1e19,9,83,4.13603,1821,6.53125,0.256708,-3.77767,0.641659,-3.26726,-3.8415,0.0557759,0.069385
temporal_fine_1e19,9,84,3.95618,1295,6.59375,0.175315,-3.84211,0.623819,-3.15497,-3.90108,0.0634841,0.0781909
temporal_fine_1e19,9,85,5.78459,1528,8.9375,0.653339,-3.91679,0.608695,-3.23788,-3.98662,0.0608343,0.0755943
temporal_fine_1e19,9,86,5.35218,1757,7.90625,0.340909,-4.01536,0.71793,-3.17394,-4.11643,0.0669868,0.0808079
temporal_fine_1e19,9,87,4.89977,1772,9.4375,0.304335,-3.74473,0.564181,-3.30011,-3.79865,0.0536845,0.0760184
temporal_fine_1e19,9,88,4.23314,1753,7.53125,0.45796,-3.75903,0.611828,-3.2443,-3.82071,0.0608026,0.080116
temporal_fine_1e19,9,89,4.18237,2173,6.9375,0.199587,-3.66777,0.596958,-3.31431,-3.72181,0.0479254,0.0516738
temporal_fine_1e19,9,90,4.73841,1314,8.25,0.391734,-3.76857,0.526625,-3.26235,-3.81271,0.0564927,0.0741531
temporal_fine_1e19,9,91,3.86064,1518,6.9375,0.394422,-3.67863,0.501004,-3.35323,-3.71185,0.0452091,0.0467522
temporal_fine_1e19,9,92,6.01935,1060,7.90625,0.408924,-4.07879,0.668795,-3.2216,-4.13808,0.0592187,0.063373
temporal_fine_1e19,9,93,2.56548,1796,6.25,0.227601,-3.6162,0.514994,-3.31216,-3.65363,0.0412683,0.0252041
temporal_fine_1e19,9,94,3.65632,1207,6.5,0.213332,-3.92763,0.709061,-3.18356,-3.9868,0.0718715,0.103673
temporal_fine_1e19,9,95,5.07208,1515,7.5625,0.356658,-3.78833,0.555239,-3.2015,-3.84812,0.0567765,0.0591679
temporal_fine_1e19,9,96,3.10289,2045,5.71875,0.132105,-3.6267,0.508594,-3.29785,-3.6736,0.0429374,0.026572
temporal_fine_1e19,9,97,3.97944,576,7.21875,0.134719,-4.23612,0.750738,-3.33351,-4.26901,0.0507159,0.0607467
temporal_fine_1e19,9,98,4.92938,1385,8.0625,0.486197,-3.93624,0.613989,-3.21564,-4.00278,0.0619156,0.0746505
temporal_fine_1e19,9,99,3.04935,1281,6.5,0.347669,-3.6878,0.548478,-3.27919,-3.72246,0.0431947,0.0248926
temporal_fine_1e19,9,100,4.32042,1083,9.6875,0.506217,-3.72145,0.574526,-3.25527,-3.75444,0.0631399,0.0902477
temporal_fine_1e19,9,101,4.80841,317,6,0.26907,-3.89154,0.546714,-3.31877,-3.90284,0.0461486,0.0326168
temporal_fine_1e19,9,102,2.99733,1386,6.125,0.312049,-3.87985,0.696102,-3.30546,-3.93293,0.0616345,0.0926047
temporal_fine_1e19,9,103,3.51375,1636,6.875,0.176305,-3.67832,0.541833,-3.36827,-3.71271,0.0422216,0.0333227
temporal_fine_1e19,9,104,3.22322,1790,6.03125,0.155187,-3.66221,0.567267,-3.31189,-3.70518,0.0546234,0.0878117
temporal_fine_1e19,9,105,6.32313,2054,7.9375,0.417581,-3.69355,0.593544,-3.19982,-3.76432,0.0498224,0.0350904
temporal_fine_1e19,9,106,6.26944,701,6.5625,0.357784,-4.12044,0.610611,-3.28828,-4.15764,0.0452858,0.032188
temporal_fine_1e19,9,107,3.63344,1753,6.5625,0.188574,-3.72597,0.605448,-3.27733,-3.77972,0.0507496,0.0547928
temporal_fine_1e19,9,108,4.80379,1374,8.5625,0.486986,-3.83346,0.519769,-3.41026,-3.8722,0.047685,0.0586114
temporal_fine_1e19,9,109,3.72077,1643,6.9375,0.133188,-3.70915,0.584356,-3.28991,-3.75587,0.0497914,0.0522055
temporal_fine_1e19,9,110,4.03446,1202,5.9375,0.202526,-4.0319,0.770341,-3.24881,-4.0939,0.0585913,0.0692855
temporal_fine_1e19,9,111,5.89188,2598,7.125,0.243008,-3.85058,0.724063,-3.1369,-3.98508,0.0571568,0.0525428
temporal_fine_1e19,9,112,4.37999,1989,6.625,0.279918,-3.83681,0.669933,-3.20195,-3.92453,0.0622464,0.0785551
temporal_fine_1e19,9,113,4.02759,1767,6.84375,0.241986,-3.71796,0.598989,-3.25383,-3.77407,0.0536028,0.059127
temporal_fine_1e19,9,114,7.19767,872,7,0.579142,-4.40695,0.78488,-2.91746,-4.49068,0.0840029,0.0840369
temporal_fine_1e19,9,115,6.11675,1494,7,0.412267,-3.81996,0.476078,-3.38305,-3.8638,0.0531511,0.0870861
temporal_fine_1e19,9,116,6.3051,1331,7.0625,0.332386,-4.0573,0.755688,-3.01712,-4.14927,0.0681356,0.0698421
temporal_fine_1e19,9,117,3.72564,1502,7.25,0.154948,-3.70706,0.554988,-3.45048,-3.73295,0.0386908,0.0254071
temporal_fine_1e19,9,118,5.93465,2157,7.40625,0.446022,-3.91912,0.767909,-3.0751,-4.04708,0.0724176,0.074943
temporal_fine_1e19,9,119,3.05917,1908,7.78125,0.190363,-3.60762,0.549924,-3.33144,-3.64403,0.0449312,0.0431809
temporal_fine_1e19,9,120,6.91485,2037,8.5,0.730584,-3.8904,0.664836,-3.24672,-3.98179,0.0504335,0.0458442
temporal_fine_1e19,9,121,4.06658,1316,8.5625,0.427839,-3.83346,0.634349,-3.30915,-3.87925,0.0532876,0.0673231
temporal_fine_1e19,9,122,4.94632,1688,6.25,0.199901,-3.8689,0.637218,-3.31443,-3.93259,0.0511866,0.0516187
temporal_fine_1e19,9,123,6.04267,879,10.0625,0.60052,-4.13793,0.68482,-3.29306,-4.18582,0.047354,0.0398736
temporal_fine_1e19,9,124,4.50964,1811,6.90625,0.352531,-3.90084,0.71755,-2.99798,-4.01304,0.0710793,0.0668794
temporal_fine_1e19,9,125,5.61376,2039,7.4375,0.334181,-3.84637,0.67981,-3.20208,-3.93795,0.0515362,0.0439082
temporal_fine_1e19,9,126,2.61691,1537,6,0.187804,-3.66649,0.6329,-3.28746,-3.70572,0.0548708,0.0782905
temporal_fine_1e19,9,127,2.26724,1079,6.09375,0.362335,-3.56287,0.479137,-3.31367,-3.58044,0.0396568,0.0210308
temporal_fine_1e19,9,128,5.6135,2147,6.5,0.326931,-3.88196,0.654601,-3.28174,-3.97247,0.0537118,0.05523
temporal_fine_1e19,9,129,3.82193,1604,5.84375,0.0772558,-3.7474,0.617354,-3.26723,-3.79951,0.0522343,0.060359
temporal_fine_1e19,9,130,6.55249,983,7.84375,0.291403,-4.20304,0.738039,-3.09068,-4.27404,0.0549391,0.0407635
temporal_fine_1e19,9,131,5.73886,1403,7.125,0.604928,-3.87951,0.654371,-3.19131,-3.94396,0.0693459,0.0952523
temporal_fine_1e19,9,132,3.85741,1454,6.5625,0.160417,-3.73977,0.535739,-3.41509,-3.77139,0.0428139,0.0421798
temporal_fine_1e19,9,133,5.52296,1393,7.625,0.38063,-3.95615,0.643594,-3.21953,-4.0246,0.062951,0.0709154
temporal_fine_1e19,9,134,3.53064,1750,6.96875,0.173299,-3.75283,0.568127,-3.3147,-3.80523,0.051113,0.0585629
temporal_fine_1e19,9,135,4.76266,1511,6.03125,0.243018,-3.96304,0.658391,-3.28608,-4.03182,0.0503559,0.0506148
temporal_fine_1e19,9,136,5.67927,1707,8.1875,0.540617,-4.00928,0.716453,-3.16896,-4.10701,0.0614385,0.0658124
temporal_fine_1e19,9,137,3.3511,1108,5.8125,0.204219,-3.70862,0.516245,-3.32845,-3.73619,0.042184,0.0266294
temporal_fine_1e19,9,138,4.7222,1150,9.5,0.558774,-3.78591,0.530761,-3.32081,-3.82102,0.0507925,0.0676033
temporal_fine_1e19,9,139,4.16238,3111,6.78125,0.176285,-3.60258,0.542517,-3.25017,-3.68518,0.0460232,0.032877
temporal_fine_1e19,9,140,3.72333,1184,7.8125,0.236978,-3.73375,0.543841,-3.33253,-3.765,0.0431706,0.0364609
temporal_fine_1e19,9,141,5.18252,1320,7.25,0.251941,-3.70988,0.568447,-3.19793,-3.75474,0.052198,0.0529121
temporal_fine_1e19,9,142,3.41357,1378,5.21875,0.123901,-3.53401,0.473495,-3.31503,-3.55411,0.0408001,0.0180917
temporal_fine_1e19,9,143,6.35033,1458,7.03125,0.383745,-4.18269,0.754399,-3.22921,-4.27583,0.0608079,0.0773184
temporal_fine_1e19,9,144,5.33022,1285,7.125,0.168259,-3.92089,0.596257,-3.36746,-3.96799,0.0454255,0.0395118
temporal_fine_1e19,9,145,4.14943,1890,7.59375,0.311156,-3.85298,0.604545,-3.35722,-3.91763,0.0567701,0.0786039
temporal_fine_1e19,9,146,4.98231,1408,9.4375,0.590961,-3.84171,0.635657,-3.20861,-3.90123,0.0615265,0.0738159
temporal_fine_1e19,9,147,2.88388,1604,7.90625,0.144525,-3.76294,0.603253,-3.35568,-3.80714,0.0452059,0.0421334
temporal_fine_1e19,9,148,6.07284,1286,8,0.475228,-4.17073,0.836792,-2.98147,-4.27203,0.0733034,0.0802321
temporal_fine_1e19,9,149,4.9947,1529,6.9375,0.267559,-3.86007,0.580849,-3.39838,-3.90759,0.0487517,0.061218
temporal_fine_1e19,9,150,5.50344,414,6.8125,0.323881,-4.00057,0.553498,-3.42355,-4.01553,0.0432763,0.0370414
temporal_fine_1e19,9,151,2.56123,1768,6.46875,0.232839,-3.64942,0.519234,-3.28121,-3.69396,0.0437123,0.0317422
temporal_fine_1e19,9,152,2.6225,2459,5.9375,0.174269,-3.59402,0.513973,-3.3483,-3.63741,0.0402742,0.0237133
temporal_fine_1e19,9,153,3.86368,1088,6.125,0.253195,-3.69766,0.523464,-3.40222,-3.71867,0.0394241,0.0242672
temporal_fine_1e19,9,154,6.07011,1747,8.75,0.543341,-3.87905,0.63683,-3.29069,-3.94927,0.0507576,0.0478129
temporal_fine_1e19,9,155,5.19385,2206,6.625,0.242984,-3.68972,0.541382,-3.11019,-3.7799,0.0512559,0.0277075
temporal_fine_1e19,9,156,5.58326,1291,7.78125,0.321589,-3.98264,0.613441,-3.22101,-4.04779,0.0657157,0.0787239
temporal_fine_1e19,9,157,5.94275,1211,7.59375,0.375117,-3.80085,0.565925,-3.18871,-3.8497,0.0580312,0.056402
temporal_fine_1e19,9,158,4.9226,972,6.53125,0.382313,-4.15778,0.780873,-3.13475,-4.2223,0.0686096,0.0867488
temporal_fine_1e19,9,159,6.43554,671,9.6875,0.707338,-4.09929,0.660873,-3.16892,-4.13902,0.0599891,0.0561552
temporal_fine_1e19,9,160,4.19006,1475,7.375,0.265294,-3.77083,0.603906,-3.2902,-3.81838,0.0545421,0.0692615
temporal_fine_1e19,9,161,7.15214,1010,7.75,0.400201,-4.05414,0.633001,-3.32957,-4.10174,0.0480276,0.0494792
temporal_fine_1e19,9,162,5.62693,1039,7.9375,0.496749,-3.8048,0.569776,-3.24492,-3.84271,0.0535122,0.0566463
temporal_fine_1e19,9,163,3.57954,2128,9.875,1.00798,-3.74614,0.603615,-3.30954,-3.81131,0.0515752,0.0615078
temporal_fine_1e19,9,164,5.8459,2463,8.9375,0.739022,-3.94451,0.702238,-3.24612,-4.06808,0.0628659,0.0833451
temporal_fine_1e19,9,165,5.87727,1818,8.375,0.550518,-4.06441,0.774706,-3.1789,-4.17493,0.0600436,0.0707012
temporal_fine_1e19,9,166,6.4098,1234,7.75,0.586101,-3.88829,0.580165,-3.12642,-3.95035,0.0533379,0.0431292
temporal_fine_1e19,9,167,3.76527,960,7.125,0.454808,-3.83725,0.592652,-3.31635,-3.86967,0.0577995,0.0862917
temporal_fine_1e19,9,168,4.22343,1283,6.09375,0.140379,-3.67098,0.507277,-3.26132,-3.70578,0.0417639,0.0191943
temporal_fine_1e19,9,169,5.69583,1872,7.71875,0.414428,-3.81045,0.63003,-3.23963,-3.88409,0.0623146,0.0761339
temporal_fine_1e19,9,170,5.91446,1602,8.125,0.365383,-3.87326,0.565958,-3.29228,-3.93622,0.0587926,0.074663
temporal_fine_1e19,9,171,4.35621,1477,7.125,0.33553,-3.8319,0.603137,-3.27052,-3.88752,0.0623494,0.0932926
temporal_fine_1e19,9,172,4.42332,1723,8.25,0.313568,-3.7604,0.590384,-3.32563,-3.81149,0.0521762,0.0683214
temporal_fine_1e19,9,173,5.45382,1513,9.25,0.79175,-3.81278,0.675647,-2.98349,-3.89715,0.090654,0.116002
temporal_fine_1e19,9,174,5.31695,1080,6.625,0.26501,-3.90617,0.570725,-3.29026,-3.94963,0.0538567,0.0728463
temporal_fine_1e19,9,175,5.30306,1602,9.25,0.42016,-3.74727,0.637377,-3.17545,-3.80923,0.0643501,0.0818652
temporal_fine_1e19,9,176,4.81441,1624,5.96875,0.27478,-3.76032,0.561219,-3.36206,-3.80414,0.0417753,0.0293824
temporal_fine_1e19,9,177,6.99344,1471,10.4375,0.813863,-4.00099,0.673348,-3.24393,-4.07566,0.0593107,0.0640487
temporal_fine_1e19,9,178,5.33617,1604,6.9375,0.384067,-4.30366,0.918169,-2.87493,-4.45871,0.079851,0.081972
temporal_fine_1e19,9,179,3.13499,1475,5.9375,0.208334,-3.90623,0.745671,-3.15237,-3.98081,0.0769802,0.108222
temporal_fine_1e19,9,180,4.96906,1260,6.75,0.223385,-3.8931,0.583072,-3.29779,-3.9427,0.0572554,0.0778595
temporal_fine_1e19,9,181,5.67997,1791,8.5625,0.64592,-3.98601,0.687623,-3.17351,-4.08572,0.0705741,0.0939523
temporal_fine_1e19,9,182,4.3259,1724,6.625,0.177899,-3.75879,0.575638,-3.31424,-3.81107,0.0480222,0.0474744
temporal_fine_1e19,9,183,8.15769,820,11.5625,0.720517,-4.19658,0.704192,-3.13773,-4.25237,0.0559389,0.0456253
temporal_fine_1e19,9,184,5.08452,1574,7.15625,0.455259,-3.86622,0.62488,-3.26722,-3.92988,0.0563752,0.0739705
temporal_fine_1e19,9,185,3.89019,1852,6.5,0.314358,-3.8066,0.756255,-3.11545,-3.89469,0.0704064,0.0875283
temporal_fine_1e19,9,186,2.98228,1966,5.625,0.092405,-3.61894,0.519863,-3.36778,-3.65319,0.0397522,0.0230318
temporal_fine_1e19,9,187,4.05257,1498,9.125,0.402203,-3.75681,0.516952,-3.3968,-3.79304,0.0503325,0.0688292
temporal_fine_1e19,9,188,5.48786,2226,6.96875,0.260935,-3.7125,0.625964,-3.05555,-3.81579,0.0600258,0.0464068
temporal_fine_1e19,9,189,8.08365,2403,15.0625,3.43368,-3.90952,0.671854,-3.16789,-4.03699,0.0569851,0.0565204
temporal_fine_1e19,9,190,4.99058,1428,7.59375,0.273628,-3.81176,0.535066,-3.36882,-3.85405,0.0545128,0.0802121
temporal_fine_1e19,9,191,4.01767,791,5.59375,0.121907,-3.57549,0.464219,-3.32341,-3.58828,0.0392159,0.0198972
temporal_fine_1e19,10,0,7.66649,861,8.625,0.527838,-4.27954,0.723863,-3.35899,-4.3306,0.0496907,0.0561978
temporal_fine_1e19,10,1,3.57923,1433,5.65625,0.183295,-3.65224,0.526874,-3.25987,-3.68984,0.0432713,0.0220939
temporal_fine_1e19,10,2,5.9028,1512,7.5625,0.321905,-3.81623,0.596314,-3.30362,-3.86834,0.0499724,0.0611263
temporal_fine_1e19,10,3,5.33478,1694,6.40625,0.154855,-3.83636,0.652916,-3.29461,-3.89883,0.0501152,0.0468404
temporal_fine_1e19,10,4,5.18278,1527,8.875,0.233485,-3.90676,0.645105,-3.36804,-3.96213,0.0495085,0.0576147
temporal_fine_1e19,10,5,7.28617,424,7.4375,0.42766,-4.42293,0.665138,-3.49062,-4.4477,0.0502419,0.0665085
temporal_fine_1e19,10,6,7.29189,1646,7.40625,0.421138,-4.11997,0.697049,-3.38562,-4.20199,0.0520589,0.063443
temporal_fine_1e19,10,7,6.4584,754,9,0.166959,-4.11776,0.558942,-3.4531,-4.14983,0.0355031,0.0215596
temporal_fine_1e19,10,8,4.36812,1295,6,0.15243,-3.75629,0.563476,-3.49147,-3.77902,0.0373188,0.028464
temporal_fine_1e19,10,9,5.28501,2015,8.1875,0.39677,-3.86625,0.711072,-3.10653,-3.97279,0.0791711,0.11892
temporal_fine_1e19,10,10,4.25012,1797,6.15625,0.158046,-3.94789,0.74755,-3.38404,-4.01735,0.069145,0.115125
temporal_fine_1e19,10,11,8.6588,1324,7.96875,0.316348,-4.22466,0.765397,-3.155,-4.3187,0.0618508,0.0621727
temporal_fine_1e19,10,12,4.31279,967,7.90625,0.27442,-3.73501,0.527993,-3.46285,-3.75208,0.0388699,0.0362305
temporal_fine_1e19,10,13,7.52166,1779,9.4375,0.414247,-4.04699,0.809932,-3.21288,-4.14859,0.0562091,0.0546627
temporal_fine_1e19,10,14,5.7373,1514,7.65625,0.209429,-3.89241,0.681554,-3.21548,-3.96133,0.0597358,0.0745082
temporal_fine_1e19,10,15,5.67795,1428,8.9375,0.201976,-3.83196,0.623001,-3.36973,-3.87609,0.047588,0.0554681
temporal_fine_1e19,10,16,6.14701,1218,8.5,0.261262,-3.80983,0.568175,-3.32278,-3.84895,0.0464266,0.0464947
temporal_fine_1e19,10,17,6.09039,1389,10.25,0.386885,-3.86641,0.667731,-3.23074,-3.92529,0.0526891,0.0510667
temporal_fine_1e19,10,18,9.88792,2652,7.96875,0.252025,-3.87707,0.845282,-2.77092,-4.0907,0.0869243,0.0854394
temporal_fine_1e19,10,19,5.221,2177,7.4375,0.236455,-3.74589,0.657477,-3.21579,-3.82711,0.0592562,0.0731227
temporal_fine_1e19,10,20,5.19624,1505,7.09375,0.198519,-3.89095,0.600822,-3.40539,-3.94006,0.0479621,0.0562947
temporal_fine_1e19,10,21,7.27536,1296,9.1875,0.891538,-4.07027,0.6242,-3.40505,-4.12741,0.0516573,0.0675998
temporal_fine_1e19,10,22,7.24972,1185,9.9375,0.619335,-4.02869,0.651287,-3.31039,-4.0847,0.0615334,0.0884266
temporal_fine_1e19,10,23,6.977,1028,6.5,0.137306,-3.83843,0.576529,-3.25853,-3.87725,0.0441324,0.0232949
temporal_fine_1e19,10,24,6.91226,1665,10.1875,0.328844,-3.98581,0.577788,-3.37833,-4.05453,0.0549549,0.0670738
temporal_fine_1e19,10,25,6.26473,805,9.125,0.33959,-3.99287,0.592066,-3.44896,-4.02098,0.0401051,0.0286842
temporal_fine_1e19,10,26,7.70867,1174,17,1.17261,-4.11202,0.700303,-3.31958,-4.17318,0.0563621,0.0652579
temporal_fine_1e19,10,27,5.90595,1272,7.15625,0.256172,-3.87451,0.601298,-3.41433,-3.91324,0.0480901,0.0593913
temporal_fine_1e19,10,28,7.82517,1171,7.34375,0.513667,-4.21861,0.698046,-3.29395,-4.28978,0.0603678,0.0764776
temporal_fine_1e19,10,29,6.6224,990,11.1875,0.332568,-3.99115,0.560951,-3.51976,-4.02146,0.039641,0.0423674
temporal_fine_1e19,10,30,8.73054,1684,8.75,0.599653,-4.0719,0.721862,-3.16373,-4.17594,0.0577203,0.0516073
temporal_fine_1e19,10,31,6.38841,1737,8.375,0.643787,-4.01608,0.732553,-3.13252,-4.12086,0.0818529,0.103223
temporal_fine_1e19,10,32,7.32987,1635,7.25,0.407207,-3.96525,0.670806,-3.31388,-4.03745,0.0513667,0.0585246
temporal_fine_1e19,10,33,6.78671,1937,7.9375,0.282124,-3.87424,0.659219,-3.28915,-3.95269,0.0569617,0.0706166
temporal_fine_1e19,10,34,6.31086,1673,10.4375,0.582085,-3.93508,0.61867,-3.40325,-3.99557,0.056175,0.083943
temporal_fine_1e19,10,35,9.13664,842,8.125,0.613016,-4.04592,0.592403,-3.44172,-4.07865,0.0402473,0.033909
temporal_fine_1e19,10,36,6.45041,1688,9.375,0.369663,-3.97943,0.630635,-3.42089,-4.04359,0.0441847,0.0461171
temporal_fine_1e19,10,37,7.22007,1430,8.25,0.182775,-3.98356,0.610672,-3.43789,-4.03575,0.044123,0.0438249
temporal_fine_1e19,10,38,3.06105,1191,5.875,0.0948807,-3.68703,0.523934,-3.48877,-3.70257,0.0384321,0.0335513
temporal_fine_1e19,10,39,6.30271,1051,7.875,0.283014,-3.9229,0.670584,-3.36592,-3.96108,0.045532,0.0418739
temporal_fine_1e19,10,40,6.34109,1353,6.8125,0.190783,-3.97149,0.700923,-3.25363,-4.0361,0.0497815,0.0445326
temporal_fine_1e19,10,41,9.83885,2006,8.875,0.808004,-4.2026,0.927724,-2.83874,-4.39288,0.0946987,0.111042
temporal_fine_1e19,10,42,5.90561,2186,8.9375,0.298525,-3.74406,0.605361,-3.36806,-3.80195,0.0430302,0.0304975
temporal_fine_1e19,10,43,4.65541,1669,8.3125,0.298176,-3.81372,0.71773,-3.32107,-3.8696,0.0507071,0.0583293
temporal_fine_1e19,10,44,6.15434,1685,9.0625,0.251523,-4.00442,0.709603,-3.26779,-4.08886,0.0566262,0.0580401
temporal_fine_1e19,10,45,8.28755,1763,8.3125,0.455887,-3.97033,0.624039,-3.27774,-4.05385,0.0458663,0.0328726
temporal_fine_1e19,10,46,10.2628,1398,12.0625,1.56764,-4.29332,0.653831,-3.41372,-4.37537,0.0558362,0.065336
temporal_fine_1e19,10,47,7.57278,2299,7.40625,0.219438,-3.77807,0.640708,-3.21795,-3.8695,0.04889,0.037372
temporal_fine_1e19,10,48,6.21787,1404,8.6875,0.710663,-3.93543,0.71537,-3.08138,-4.01547,0.0803583,0.102549
temporal_fine_1e19,10,49,5.47621,2331,6.9375,0.233936,-3.95334,0.76909,-3.28213,-4.06467,0.0588539,0.0704166
temporal_fine_1e19,10,50,5.61161,1465,8.625,0.19996,-3.85649,0.595863,-3.33482,-3.90772,0.0474814,0.0445913
temporal_fine_1e19,10,51,7.29421,1184,8.125,0.386645,-3.93945,0.61981,-3.33477,-3.98655,0.0481145,0.0468575
temporal_fine_1e19,10,52,7.22607,1403,8,0.379959,-4.1331,0.717691,-3.38586,-4.20308,0.050476,0.0556768
temporal_fine_1e19,10,53,3.96107,2624,6.59375,0.365034,-3.63154,0.556914,-3.39475,-3.67669,0.0401149,0.026685
temporal_fine_1e19,10,54,6.15709,939,7.375,0.386988,-3.97096,0.582369,-3.44505,-4.00294,0.0427699,0.0468315
temporal_fine_1e19,10,55,5.47264,1514,7.65625,0.303716,-3.9256,0.610346,-3.43257,-3.9758,0.0432483,0.0446847
temporal_fine_1e19,10,56,6.50741,1411,9.4375,0.50019,-3.82105,0.615364,-3.27663,-3.87235,0.0604628,0.0901733
temporal_fine_1e19,10,57,6.70874,1814,7.5625,0.253504,-3.88021,0.650313,-3.31322,-3.9508,0.0500663,0.0515743
temporal_fine_1e19,10,58,6.4339,297,6.28125,0.249952,-4.20604,0.602551,-3.4166,-4.22061,0.0443323,0.0522163
temporal_fine_1e19,10,59,5.41402,1473,7.90625,0.300447,-3.74595,0.575381,-3.35566,-3.78451,0.0407012,0.0261094
temporal_fine_1e19,10,60,5.44809,1370,7.9375,0.292974,-3.86221,0.628245,-3.26774,-3.91646,0.0635318,0.0875761
temporal_fine_1e19,10,61,11.8508,4169,13.75,0.981856,-3.54183,0.854695,-2.51007,-3.89397,0.109459,0.0775595
temporal_fine_1e19,10,62,6.88558,1698,8.0625,0.494715,-3.96635,0.743515,-3.2502,-4.04915,0.0600765,0.0699393
temporal_fine_1e19,10,63,4.93129,2094,11.5625,0.237903,-3.7649,0.624001,-3.3897,-3.81988,0.0465346,0.0614254
temporal_fine_1e19,10,64,6.48635,1894,9.375,0.421448,-3.99369,0.674521,-3.29557,-4.08494,0.0609621,0.0833672
temporal_fine_1e19,10,65,5.97004,2396,7.40625,0.305248,-3.80047,0.581561,-3.34081,-3.8792,0.0431932,0.0246386
temporal_fine_1e19,10,66,7.53906,1588,7.53125,0.284429,-4.06267,0.736627,-3.3435,-4.13985,0.0521735,0.0584
temporal_fine_1e19,10,67,6.0078,1414,10,0.74786,-3.93217,0.603033,-3.27603,-3.99415,0.0723768,0.109255
temporal_fine_1e19,10,68,7.66849,189,7.65625,0.48934,-4.41691,0.673109,-3.48626,-4.42777,0.0429615,0.0414353
temporal_fine_1e19,10,69,6.02364,1563,6.625,0.121411,-3.77834,0.566364,-3.38257,-3.82007,0.044534,0.0390747
temporal_fine_1e19,10,70,7.34672,867,8.3125,0.348081,-3.94024,0.564596,-3.39186,-3.97088,0.0480859,0.0656347
temporal_fine_1e19,10,71,6.73782,1441,8.9375,0.633748,-4.3093,0.857394,-3.14508,-4.42157,0.0776253,0.0975974
temporal_fine_1e19,10,72,5.27936,2349,7.65625,0.22409,-3.71313,0.575938,-3.28108,-3.78544,0.0461478,0.0408621
temporal_fine_1e19,10,73,5.47723,1350,6.8125,0.33168,-3.91852,0.635455,-3.31411,-3.97279,0.0629424,0.08671
temporal_fine_1e19,10,74,7.41978,1454,8.75,0.501784,-4.01728,0.656123,-3.28551,-4.08855,0.0497461,0.0484449
temporal_fine_1e19,10,75,6.74781,1598,8.5,0.515536,-4.02719,0.702297,-3.23929,-4.11234,0.0631831,0.0787851
temporal_fine_1e19,10,76,3.60305,2186,7.9375,0.108055,-3.65723,0.545828,-3.43902,-3.69082,0.0412993,0.049672
temporal_fine_1e19,10,77,6.35958,1869,7.84375,0.406204,-3.978,0.748873,-3.24127,-4.07287,0.0655181,0.0872215
temporal_fine_1e19,10,78,3.80644,1413,8.6875,0.257404,-3.78887,0.642824,-3.45256,-3.82061,0.0418637,0.0488853
temporal_fine_1e19,10,79,5.92024,1795,9,0.44136,-3.85166,0.686721,-3.26463,-3.92388,0.070844,0.115949
temporal_fine_1e19,10,80,5.77185,1671,8.4375,0.283836,-4.05947,0.786119,-3.36506,-4.13834,0.0521626,0.0614779
temporal_fine_1e19,10,81,6.94777,1457,9.3125,0.303167,-4.17329,0.768536,-3.15502,-4.27268,0.0625367,0.0725895
temporal_fine_1e19,10,82,6.96544,1427,8.875,0.645098,-3.92782,0.605616,-3.30162,-3.98757,0.0627349,0.0963549
temporal_fine_1e19,10,83,6.45518,1441,8.625,0.420533,-4.0466,0.640735,-3.35358,-4.11343,0.0534418,0.0678235
temporal_fine_1e19,10,84,7.91259,1944,10,0.606665,-4.06332,0.716536,-3.36467,-4.15737,0.0522912,0.0639192
temporal_fine_1e19,10,85,8.15363,669,8.4375,0.466265,-4.19855,0.643246,-3.26421,-4.23833,0.0527926,0.0453357
temporal_fine_1e19,10,86,11.9224,1774,11.1875,1.09935,-4.44521,0.726987,-3.51602,-4.55803,0.0504869,0.0602543
temporal_fine_1e19,10,87,4.0072,860,7.71875,0.280794,-3.88828,0.666323,-3.38896,-3.91594,0.053626,0.0847682
temporal_fine_1e19,10,88,5.67576,1167,9.25,0.36247,-3.89587,0.584867,-3.33035,-3.93924,0.0520656,0.0632607
temporal_fine_1e19,10,89,3.84805,1047,7.65625,0.221582,-3.72566,0.518891,-3.46092,-3.74373,0.0380407,0.0326687
temporal_fine_1e19,10,90,5.29874,818,11.3125,1.39124,-3.89888,0.59552,-3.10113,-3.9408,0.0565095,0.0578115
temporal_fine_1e19,10,91,7.86675,2020,6.625,0.142091,-3.71178,0.516895,-3.1432,-3.79174,0.0512857,0.0245043
temporal_fine_1e19,10,92,6.79089,1647,8.8125,0.577005,-3.97866,0.597562,-3.46997,-4.03551,0.0498943,0.0652683
temporal_fine_1e19,10,93,4.54871,1584,7.15625,0.140804,-3.7535,0.623283,-3.35228,-3.79644,0.0453779,0.0385128
temporal_fine_1e19,10,94,8.42528,940,8.5625,0.51618,-4.32423,0.722538,-3.1969,-4.39284,0.0552536,0.0425549
temporal_fine_1e19,10,95,5.33037,1408,7.0625,0.352869,-4.01438,0.703391,-3.36693,-4.07526,0.0496147,0.057487
temporal_fine_1e19,10,96,7.30322,1951,7.9375,0.583714,-4.18017,0.836385,-3.02558,-4.33625,0.0733526,0.0705702
temporal_fine_1e19,10,97,5.40324,2179,7,0.224337,-3.66625,0.546172,-3.31957,-3.71943,0.0425018,0.024187
temporal_fine_1e19,10,98,9.93149,875,10.125,0.6999,-4.06326,0.577858,-3.20796,-4.11151,0.0469218,0.0274084
temporal_fine_1e19,10,99,6.21479,1625,7.5,0.254181,-3.84967,0.601831,-3.31286,-3.90877,0.0558346,0.0744536
temporal_fine_1e19,10,100,6.18351,1695,8.375,0.553922,-3.99301,0.586601,-3.4111,-4.06016,0.0571534,0.0827852
temporal_fine_1e19,10,101,3.33613,1137,7.4375,0.129852,-3.9144,0.771295,-3.23964,-3.96472,0.0623542,0.0805278
temporal_fine_1e19,10,102,5.24408,2541,10.375,0.422189,-3.73507,0.553115,-3.36579,-3.80286,0.0461918,0.0571042
temporal_fine_1e19,10,103,5.16391,1327,7.4375,0.121663,-3.83839,0.575599,-3.41469,-3.87574,0.0419935,0.0362347
temporal_fine_1e19,10,104,6.38301,1773,9.25,0.426827,-3.8925,0.589266,-3.46526,-3.94435,0.0442257,0.0565787
temporal_fine_1e19,10,105,6.21503,1979,8.625,0.409414,-3.80461,0.654087,-3.23859,-3.88237,0.0494281,0.0392656
temporal_fine_1e19,10,106,4.10546,1819,6.71875,0.0613629,-3.69949,0.548328,-3.37064,-3.74056,0.0418055,0.0389456
temporal_fine_1e19,10,107,6.31049,1062,8.125,0.315965,-3.89379,0.607655,-3.30994,-3.93426,0.0504778,0.0542756
temporal_fine_1e19,10,108,4.90981,1702,5.90625,0.0686223,-3.71041,0.554389,-3.37438,-3.74937,0.0392166,0.0230958
temporal_fine_1e19,10,109,8.62775,1719,8.0625,0.474141,-3.68527,0.596546,-2.98649,-3.76718,0.0625201,0.0350846
temporal_fine_1e19,10,110,10.8228,3308,8.75,0.349613,-3.7998,0.671885,-2.95649,-4.01314,0.0623603,0.0327958
temporal_fine_1e19,10,111,7.47632,1487,8.1875,0.42988,-4.11884,0.711475,-3.30295,-4.20028,0.0588154,0.0701485
temporal_fine_1e19,10,112,6.43989,992,10.0625,0.426233,-4.18496,0.743676,-3.26518,-4.24423,0.0604008,0.0700347
temporal_fine_1e19,10,113,5.90653,1445,10.5625,0.509549,-4.05282,0.721633,-3.31067,-4.12461,0.0559101,0.0649824
temporal_fine_1e19,10,114,7.81835,1873,10.4375,0.535447,-4.16137,0.725538,-3.36488,-4.26417,0.0550672,0.0651727
temporal_fine_1e19,10,115,4.53693,1257,6.5,0.214949,-3.77718,0.518687,-3.4111,-3.8076,0.0504224,0.0762702
temporal_fine_1e19,10,116,6.19765,544,7.71875,0.35272,-3.94363,0.532588,-3.47012,-3.95989,0.049489,0.0834404
temporal_fine_1e19,10,117,7.13351,1113,7.96875,0.527386,-4.00297,0.642567,-3.34604,-4.05085,0.0478021,0.0424804
temporal_fine_1e19,10,118,6.53431,1452,6.5625,0.270005,-3.93872,0.634822,-3.38386,-3.99268,0.0535013,0.0731242
temporal_fine_1e19,10,119,4.4601,1824,7.4375,0.371824,-3.81026,0.603294,-3.32304,-3.87129,0.0595193,0.0886473
temporal_fine_1e19,10,120,7.12708,1894,12,0.315646,-3.95915,0.681089,-3.11284,-4.06977,0.0542196,0.0419145
temporal_fine_1e19,10,121,7.01611,1313,7.15625,0.475627,-3.94048,0.670108,-3.34681,-3.9922,0.0636625,0.0954068
temporal_fine_1e19,10,122,3.58006,1226,5.875,0.248099,-3.86037,0.756405,-3.27377,-3.90781,0.0709421,0.110847
temporal_fine_1e19,10,123,6.45768,1480,8.625,0.482461,-3.88206,0.581819,-3.3937,-3.93055,0.0515367,0.062882
temporal_fine_1e19,10,124,5.71602,2083,9.1875,0.187262,-3.81168,0.621617,-3.38504,-3.87383,0.0469942,0.0548255
temporal_fine_1e19,10,125,6.26455,1512,7,0.387185,-3.95686,0.631737,-3.29965,-4.02367,0.0637302,0.0937741
temporal_fine_1e19,10,126,4.07297,1854,7.6875,0.133794,-3.76247,0.605178,-3.40176,-3.8085,0.0501684,0.0767908
temporal_fine_1e19,10,127,5.82428,1922,7.4375,0.547391,-4.01475,0.729465,-3.20809,-4.12196,0.0644052,0.0786834
temporal_fine_1e19,10,128,6.79249,2535,7.75,0.396075,-3.88496,0.685327,-3.34388,-3.984,0.0493221,0.0491388
temporal_fine_1e19,10,129,6.109,1694,8.1875,0.47463,-3.86046,0.567563,-3.36521,-3.91757,0.0516989,0.0707868
temporal_fine_1e19,10,130,5.15733,1772,9.5,0.387708,-3.72126,0.59002,-3.29171,-3.77335,0.0500054,0.0540074
temporal_fine_1e19,10,131,8.35902,1448,8.625,0.361268,-3.78166,0.585346,-3.22563,-3.83556,0.0492916,0.0467615
temporal_fine_1e19,10,132,6.63485,2258,9.5,0.338196,-3.84022,0.673105,-3.24699,-3.93505,0.0539558,0.0626769
temporal_fine_1e19,10,133,7.821,1140,7.75,0.487584,-4.34919,1.00967,-2.40005,-4.49495,0.192714,0.249362
temporal_fine_1e19,10,134,7.8033,2582,8.9375,0.629694,-3.84927,0.677089,-3.20146,-3.97046,0.0573402,0.065537
temporal_fine_1e19,10,135,5.97418,1700,7.625,0.244623,-3.85485,0.583828,-3.41022,-3.90633,0.0430676,0.0405561
temporal_fine_1e19,10,136,3.03584,2088,6.03125,0.16752,-3.74451,0.66174,-3.36918,-3.79933,0.0489197,0.0616392
temporal_fine_1e19,10,137,6.11246,1149,9.0625,0.601201,-4.06921,0.689958,-3.21439,-4.13368,0.0700999,0.0935591
temporal_fine_1e19,10,138,8.56733,1275,13.75,0.753298,-4.31203,0.736206,-3.07216,-4.41666,0.0836576,0.122557
temporal_fine_1e19,10,139,7.12421,1523,8.0625,0.624485,-4.14828,0.847019,-2.97373,-4.26865,0.0998876,0.147574
temporal_fine_1e19,10,140,5.67267,1225,6.71875,0.155598,-3.79148,0.579275,-3.27986,-3.83283,0.0437256,0.0263728
temporal_fine_1e19,10,141,3.77755,1245,6.40625,0.122766,-3.72321,0.553414,-3.4161,-3.74846,0.041165,0.0439157
temporal_fine_1e19,10,142,5.83093,1647,7.75,0.212608,-3.84199,0.63149,-3.26611,-3.90635,0.0538809,0.0564627
temporal_fine_1e19,10,143,5.179,1336,6.46875,0.620717,-3.77638,0.623893,-3.44862,-3.80548,0.046427,0.0686959
temporal_fine_1e19,10,144,6.09013,1594,8.25,0.31926,-4.01852,0.799851,-3.20064,-4.10667,0.0612948,0.0819641
temporal_fine_1e19,10,145,9.89709,1045,9.75,0.483751,-4.13924,0.668691,-3.27118,-4.19838,0.0496941,0.0380987
temporal_fine_1e19,10,146,9.96192,1537,8.625,0.380597,-4.05543,0.619558,-3.31624,-4.13195,0.0490803,0.0471223
temporal_fine_1e19,10,147,2.67259,925,6.34375,0.432016,-3.72299,0.517481,-3.47587,-3.73777,0.0370217,0.0245197
temporal_fine_1e19,10,148,7.46941,1708,8.125,0.483013,-4.00701,0.612955,-3.28267,-4.09131,0.0521823,0.047238
temporal_fine_1e19,10,149,5.57896,2263,7.5625,0.328211,-3.86511,0.721651,-3.3035,-3.95512,0.0567343,0.0763839
temporal_fine_1e19,10,150,8.02462,1429,8.875,0.748241,-3.94013,0.618142,-3.22234,-4.00871,0.0722952,0.106761
temporal_fine_1e19,10,151,5.74202,1151,7.28125,0.145103,-3.83105,0.602139,-3.31726,-3.86988,0.0575975,0.0866241
temporal_fine_1e19,10,152,5.36155,805,7.75,0.233271,-4.12512,0.676661,-3.21694,-4.17205,0.0497058,0.0355295
temporal_fine_1e19,10,153,7.85329,2067,9.3125,0.359009,-3.88117,0.651208,-3.26274,-3.97046,0.0516806,0.0521901
temporal_fine_1e19,10,154,5.77031,1372,9.125,0.358783,-3.83418,0.656235,-3.19287,-3.8928,0.0542434,0.0535734
temporal_fine_1e19,10,155,5.74113,2030,6.84375,0.164845,-3.76759,0.724744,-3.05433,-3.86846,0.0659772,0.0725269
temporal_fine_1e19,10,156,5.045,1324,6.8125,0.311817,-4.05228,0.682964,-3.37735,-4.11162,0.052615,0.0687576
temporal_fine_1e19,10,157,3.71652,1927,6.875,0.0481137,-3.74642,0.655485,-3.36613,-3.79711,0.0480549,0.054617
temporal_fine_1e19,10,158,7.1761,1571,10.4375,0.573355,-3.97118,0.636797,-3.29131,-4.04329,0.0581453,0.0637809
temporal_fine_1e19,10,159,5.5724,1262,9,0.726354,-4.02858,0.631761,-3.36396,-4.08404,0.0549854,0.0660996
temporal_fine_1e19,10,160,4.84742,2132,8.8125,0.217525,-3.79251,0.635078,-3.40982,-3.84976,0.0454623,0.0474478
temporal_fine_1e19,10,161,7.00528,1247,8.125,0.419252,-3.94228,0.635891,-3.18702,-4.0045,0.0580059,0.0688468
temporal_fine_1e19,10,162,7.02656,1392,9.3125,0.499876,-4.22318,0.808309,-3.13353,-4.32436,0.0784749,0.104038
temporal_fine_1e19,10,163,5.36696,1795,7.375,0.256824,-3.80165,0.640262,-3.34148,-3.85826,0.0601091,0.0971328
temporal_fine_1e19,10,164,5.65223,1485,7.65625,0.211812,-3.769,0.551476,-3.31851,-3.81391,0.0449732,0.0378929
temporal_fine_1e19,10,165,5.89413,2216,7.46875,0.39429,-3.64512,0.550954,-3.27339,-3.70326,0.0433281,0.0240852
temporal_fine_1e19,10,166,5.9753,766,8.125,0.317586,-3.936,0.540958,-3.54001,-3.95543,0.0370651,0.0243086
temporal_fine_1e19,10,167,7.02388,1287,8.5625,0.598163,-4.14091,0.743057,-3.2674,-4.21538,0.0634788,0.0791571
temporal_fine_1e19,10,168,5.12192,1734,8.25,0.293699,-3.79188,0.630169,-3.2975,-3.8504,0.0571828,0.0775548
temporal_fine_1e19,10,169,3.88621,1602,6.53125,0.124614,-3.8297,0.642857,-3.44559,-3.87133,0.042227,0.0399788
temporal_fine_1e19,10,170,6.94911,1526,10.0625,0.383543,-3.75567,0.582506,-3.32273,-3.80013,0.0501857,0.0593071
temporal_fine_1e19,10,171,7.61848,1974,10.0625,0.24648,-4.00484,0.686374,-3.34675,-4.09499,0.0487489,0.0483813
temporal_fine_1e19,10,172,7.89824,1859,11.3125,0.431441,-4.02019,0.65551,-3.33096,-4.10841,0.0521688,0.0561107
temporal_fine_1e19,10,173,4.16751,997,7.15625,0.224004,-3.94889,0.673891,-3.30214,-3.9908,0.0622346,0.0985875
temporal_fine_1e19,10,174,4.90311,1926,10.4375,0.124159,-3.72906,0.563103,-3.50196,-3.75931,0.0399506,0.0407891
temporal_fine_1e19,10,175,7.20414,1087,8.25,0.475437,-4.05733,0.632691,-3.38899,-4.10482,0.0479221,0.0461503
temporal_fine_1e19,10,176,7.22975,1479,8.375,0.49559,-4.0467,0.665863,-3.28144,-4.12263,0.0612062,0.0741183
temporal_fine_1e19,10,177,6.71847,1395,8.125,0.329611,-4.04046,0.669261,-3.31142,-4.10831,0.0525349,0.0573216
temporal_fine_1e19,10,178,9.5108,651,7.96875,0.660964,-3.82075,0.476668,-3.24391,-3.84462,0.0408584,0.0195608
temporal_fine_1e19,10,179,8.45288,1601,13.1875,1.00852,-4.06227,0.678037,-3.09176,-4.16738,0.0743482,0.0806
temporal_fine_1e19,10,180,5.8394,2082,8.6875,0.322473,-3.91411,0.663893,-3.37299,-3.99289,0.0490497,0.0513161
temporal_fine_1e19,10,181,5.23468,1490,8.9375,0.339625,-3.8153,0.668059,-3.31518,-3.86533,0.0636698,0.107147
temporal_fine_1e19,10,182,4.56845,2017,5.6875,0.0919922,-3.65919,0.530946,-3.30761,-3.70855,0.0413162,0.0210522
temporal_fine_1e19,10,183,6.50138,1024,12.1875,1.00346,-3.93266,0.567445,-3.39104,-3.96877,0.0613013,0.0956398
temporal_fine_1e19,10,184,8.61129,1708,7.9375,0.590486,-3.8483,0.607326,-3.11165,-3.93403,0.0500362,0.027851
temporal_fine_1e19,10,185,6.17686,1715,9.625,0.542072,-3.86299,0.707179,-3.24255,-3.93553,0.0711256,0.113757
temporal_fine_1e19,10,186,6.16699,1284,6.90625,0.17256,-3.91845,0.642624,-3.31987,-3.96935,0.0489916,0.0552609
temporal_fine_1e19,10,187,3.03488,1293,5.875,0.196628,-3.66308,0.510811,-3.43858,-3.68232,0.0370179,0.0203001
temporal_fine_1e19,10,188,9.09659,1037,8.75,0.537688,-4.28303,0.733785,-3.1552,-4.35924,0.0669059,0.0749784
temporal_fine_1e19,10,189,6.92585,954,6.9375,0.163787,-3.82439,0.560904,-3.3078,-3.85633,0.047525,0.0432208
temporal_fine_1e19,10,190,5.18895,1208,8,0.349024,-3.91919,0.723846,-3.21312,-3.97539,0.078577,0.128516
temporal_fine_1e19,10,191,3.67808,1205,6.28125,0.226446,-3.73494,0.625368,-3.41752,-3.76014,0.0497988,0.0714211
temporal_fine_1e19,11,0,8.64645,1351,9.25,0.568676,-4.04131,0.643053,-3.30195,-4.10775,0.0631824,0.0842772
temporal_fine_1e19,11,1,5.68955,1237,8.3125,0.523442,-3.8757,0.616556,-3.49111,-3.9071,0.0461331,0.0739064
temporal_fine_1e19,11,2,10.5669,1211,12.8125,1.39725,-4.00746,0.59871,-3.33262,-4.06132,0.0576548,0.0739088
temporal_fine_1e19,11,3,7.94287,1358,8.25,0.314284,-3.94756,0.743547,-3.11892,-4.02245,0.0759623,0.0951693
temporal_fine_1e19,11,4,6.35392,2096,7.875,0.209801,-3.84747,0.565395,-3.48607,-3.90049,0.0388323,0.0363961
temporal_fine_1e19,11,5,6.10953,1444,7.46875,0.168335,-3.78993,0.53096,-3.49857,-3.81809,0.0363754,0.0219678
temporal_fine_1e19,11,6,6.38541,1671,10.8125,0.520908,-3.89564,0.654631,-3.32994,-3.95989,0.0601187,0.0855488
temporal_fine_1e19,11,7,6.17656,1076,7.59375,0.323141,-3.89672,0.54971,-3.53084,-3.92244,0.0397879,0.0462619
temporal_fine_1e19,11,8,7.76889,1567,8.5625,0.434616,-3.95773,0.65705,-3.28705,-4.02866,0.0727036,0.106739
temporal_fine_1e19,11,9,9.76009,1498,10.4375,0.675843,-4.06862,0.744435,-3.17234,-4.15881,0.0698584,0.0760384
temporal_fine_1e19,11,10,9.61974,1684,8.375,0.452456,-3.94891,0.657094,-3.30748,-4.02239,0.0514988,0.0535089
temporal_fine_1e19,11,11,9.36713,814,8.875,0.322819,-4.04221,0.621022,-3.36177,-4.07778,0.0421275,0.0279573
temporal_fine_1e19,11,12,6.79036,2122,7.96875,0.650342,-3.85228,0.674152,-3.16942,-3.95388,0.0679132,0.0913337
temporal_fine_1e19,11,13,5.18896,1476,7.84375,0.283656,-3.81918,0.680611,-3.36576,-3.86408,0.0459624,0.0557907
temporal_fine_1e19,11,14,3.9602,899,7.40625,0.276731,-3.80757,0.560986,-3.59422,-3.81995,0.0473374,0.0879402
temporal_fine_1e19,11,15,7.71419,1098,7.71875,0.24563,-4.06631,0.638942,-3.3589,-4.11712,0.0516181,0.0662224
temporal_fine_1e19,11,16,4.22772,963,6.46875,0.166367,-3.79095,0.56723,-3.4446,-3.81258,0.039531,0.0258811
temporal_fine_1e19,11,17,7.38966,1602,7.59375,0.284042,-4.05881,0.712273,-3.26622,-4.14471,0.0563375,0.05667
temporal_fine_1e19,11,18,10.875,1944,12,0.685857,-4.01982,0.650653,-3.3889,-4.10476,0.0449641,0.0451844
temporal_fine_1e19,11,19,4.88139,1602,6.3125,0.202593,-3.9507,0.721927,-3.41285,-4.00899,0.0487472,0.0633569
temporal_fine_1e19,11,20,3.73424,766,6.90625,0.401809,-3.74171,0.577317,-3.50174,-3.75348,0.0462114,0.0818399
temporal_fine_1e19,11,21,5.72799,1337,7.9375,0.298281,-3.92521,0.685005,-3.31966,-3.97901,0.0569602,0.0842606
temporal_fine_1e19,11,22,8.98072,2268,11.4375,0.397663,-3.89036,0.613803,-3.33706,-3.97926,0.0469831,0.0443738
temporal_fine_1e19,11,23,7.88064,643,10.1875,0.474149,-4.25953,0.734765,-3.24037,-4.30116,0.0619334,0.105288
temporal_fine_1e19,11,24,6.75408,1499,8.5625,0.550926,-4.05758,0.689268,-3.36168,-4.12766,0.0555514,0.0727946
temporal_fine_1e19,11,25,6.64078,1097,7.375,0.293434,-3.90976,0.591514,-3.40501,-3.94599,0.0596734,0.0996325
temporal_fine_1e19,11,26,8.26395,1888,9,0.399425,-4.0323,0.715734,-3.35702,-4.12025,0.0514635,0.0546534
temporal_fine_1e19,11,27,6.93197,1176,7.3125,0.319207,-3.8998,0.628427,-3.3339,-3.94356,0.0517579,0.059703
temporal_fine_1e19,11,28,4.16934,2344,6,0.281087,-3.71623,0.578606,-3.51809,-3.74931,0.0377797,0.026894
temporal_fine_1e19,11,29,7.45043,1659,9.0625,0.351265,-3.96405,0.682934,-3.24635,-4.04491,0.0631556,0.08975
temporal_fine_1e19,11,30,5.13497,2317,6.875,0.130051,-3.69308,0.595881,-3.44566,-3.73383,0.0390578,0.0269958
temporal_fine_1e19,11,31,10.266,1231,9.125,0.799834,-4.11462,0.625828,-3.16905,-4.19143,0.0763724,0.0910339
temporal_fine_1e19,11,32,5.46768,1087,7.625,0.305842,-3.94679,0.679012,-3.38099,-3.987,0.0497921,0.0565963
temporal_fine_1e19,11,33,8.27339,1227,7.96875,0.317499,-4.02673,0.64624,-3.36272,-4.08049,0.0525143,0.0716811
temporal_fine_1e19,11,34,9.46883,1379,9.5,0.441009,-3.94807,0.585561,-3.33733,-4.0042,0.0516203,0.0567102
temporal_fine_1e19,11,35,6.4821,1201,8.0625,0.40557,-3.90384,0.667202,-3.26981,-3.95399,0.0683105,0.115692
temporal_fine_1e19,11,36,8.65624,616,10.9375,0.423643,-4.10071,0.561142,-3.51459,-4.1236,0.0422317,0.0568147
temporal_fine_1e19,11,37,7.10699,1524,11.0625,0.688045,-3.91884,0.652974,-3.31919,-3.98033,0.0504615,0.0522541
temporal_fine_1e19,11,38,5.11058,2310,7.125,0.169763,-3.71586,0.596469,-3.44345,-3.76057,0.0397986,0.0229729
temporal_fine_1e19,11,39,7.3533,1728,7.875,0.633655,-4.07582,0.797102,-3.23131,-4.17539,0.0697973,0.0987959
temporal_fine_1e19,11,40,4.11504,1989,8.8125,0.318556,-3.71461,0.593851,-3.45483,-3.7505,0.0433179,0.0622265
temporal_fine_1e19,11,41,6.04321,1860,9.875,0.5962,-3.99819,0.664104,-3.35538,-4.08051,0.0597643,0.0843928
temporal_fine_1e19,11,42,5.85045,1380,8.6875,0.352662,-3.94577,0.650088,-3.39373,-3.99655,0.0533303,0.0742441
temporal_fine_1e19,11,43,10.5954,706,10.25,1.13112,-4.32161,0.671308,-3.38982,-4.36357,0.0507083,0.0473669
temporal_fine_1e19,11,44,6.26606,280,6.5625,0.319388,-3.77042,0.518369,-3.45667,-3.77588,0.0357577,0.0175402
temporal_fine_1e19,11,45,9.34865,1318,14,1.67557,-3.92349,0.55881,-3.4584,-3.96418,0.0552192,0.0900801
temporal_fine_1e19,11,46,9.9801,1753,7.875,0.473814,-4.20928,0.797244,-3.28506,-4.32001,0.055129,0.062994
temporal_fine_1e19,11,47,5.69931,1753,7.6875,0.269314,-3.88098,0.702852,-3.42785,-3.93527,0.0479606,0.0638296
temporal_fine_1e19,11,48,9.81428,1430,9.4375,0.697249,-4.24247,0.733614,-3.24948,-4.33743,0.0707326,0.101541
temporal_fine_1e19,11,49,9.69645,1444,8.125,0.482676,-4.04311,0.660361,-3.29872,-4.11505,0.0591079,0.0731235
temporal_fine_1e19,11,50,8.89722,1716,9.0625,0.445636,-4.17258,0.76764,-3.20491,-4.28579,0.0692843,0.0790828
temporal_fine_1e19,11,51,7.26275,1747,9.3125,0.327561,-3.9303,0.629066,-3.32016,-4.00312,0.0630434,0.100021
temporal_fine_1e19,11,52,6.19621,1937,7.71875,0.405356,-3.88976,0.616532,-3.53427,-3.93742,0.0377509,0.0304578
temporal_fine_1e19,11,53,7.19769,1878,7.53125,0.194035,-3.8207,0.605214,-3.2811,-3.89056,0.0442102,0.0253831
temporal_fine_1e19,11,54,6.67002,1171,7.8125,0.305243,-3.95366,0.577931,-3.57489,-3.98281,0.0363845,0.0264096
temporal_fine_1e19,11,55,8.60766,1771,8.75,0.250863,-3.97193,0.638352,-3.3831,-4.04329,0.0570579,0.0768001
temporal_fine_1e19,11,56,7.43357,1842,9,0.184873,-3.84066,0.638099,-3.31313,-3.90748,0.0515454,0.0613139
temporal_fine_1e19,11,57,15.1973,1323,13.1875,0.890788,-4.11762,0.723451,-3.00215,-4.21561,0.0675656,0.0614605
temporal_fine_1e19,11,58,10.3572,2688,9.4375,0.290744,-3.7807,0.633024,-3.30508,-3.87405,0.0447163,0.0260677
temporal_fine_1e19,11,59,6.70382,1038,7.90625,0.72677,-3.92225,0.612841,-3.34479,-3.96131,0.0539778,0.0690697
temporal_fine_1e19,11,60,14.5395,3631,12.1875,0.584087,-3.90898,0.95323,-2.57422,-4.289,0.110244,0.0838451
temporal_fine_1e19,11,61,4.52406,1050,6.96875,0.12385,-3.78168,0.586702,-3.44996,-3.80439,0.0420296,0.0472931
temporal_fine_1e19,11,62,7.15253,1390,7.96875,0.366353,-4.146,0.67075,-3.26805,-4.22739,0.0708832,0.0961523
temporal_fine_1e19,11,63,12.1939,872,9.4375,0.681377,-4.19022,0.653733,-3.27794,-4.2415,0.0523918,0.0538943
temporal_fine_1e19,11,64,14.153,1674,9.0625,0.661857,-4.19725,0.76991,-3.048,-4.32803,0.0636024,0.0518083
temporal_fine_1e19,11,65,11.1689,3260,9.5625,0.590572,-3.88554,0.877072,-2.65204,-4.19194,0.0925375,0.0799831
temporal_fine_1e19,11,66,9.01551,2296,9.3125,0.641059,-4.00334,0.718922,-3.28541,-4.12034,0.0529817,0.0596449
temporal_fine_1e19,11,67,9.6623,1267,9.25,0.378789,-3.99875,0.657742,-3.34334,-4.05368,0.0519713,0.0576359
temporal_fine_1e19,11,68,9.10838,2059,8.3125,0.490047,-4.04433,0.704301,-3.3517,-4.14388,0.0496368,0.0475192
temporal_fine_1e19,11,69,6.72891,2126,9.0625,0.384176,-4.05253,0.698721,-3.51771,-4.13228,0.0486754,0.0649973
temporal_fine_1e19,11,70,7.08372,1318,9.0625,0.285085,-3.86464,0.596297,-3.41151,-3.90428,0.0432517,0.0451089
temporal_fine_1e19,11,71,6.74811,1096,7.65625,0.203964,-3.89058,0.594503,-3.27728,-3.93454,0.0706833,0.111162
temporal_fine_1e19,11,72,8.3198,1505,7.59375,0.442915,-4.0367,0.631569,-3.34462,-4.10671,0.0676207,0.104396
temporal_fine_1e19,11,73,8.33629,1327,8.6875,0.446307,-4.0143,0.730667,-3.13808,-4.09152,0.087942,0.144862
temporal_fine_1e19,11,74,9.00143,2088,9.875,0.439106,-4.04528,0.695039,-3.35801,-4.14566,0.0523279,0.0618926
temporal_fine_1e19,11,75,6.68958,1360,8.9375,0.969123,-3.98058,0.605375,-3.45251,-4.02839,0.0628047,0.0909886
temporal_fine_1e19,11,76,6.17144,1998,8.75,0.321339,-3.91046,0.672429,-3.35761,-3.98724,0.0511474,0.05987
temporal_fine_1e19,11,77,4.95764,1211,7.28125,0.201794,-3.79928,0.587153,-3.49348,-3.82369,0.0412481,0.0535746
temporal_fine_1e19,11,78,8.797,831,16.625,0.662568,-3.81555,0.512548,-3.44435,-3.83538,0.0388889,0.0319973
temporal_fine_1e19,11,79,4.47975,1426,7.6875,0.290067,-3.67897,0.549604,-3.4514,-3.70067,0.0380656,0.0224561
temporal_fine_1e19,11,80,10.4927,1498,10.0625,1.05491,-4.17275,0.650523,-3.37621,-4.25291,0.0533086,0.0614876
temporal_fine_1e19,11,81,12.1913,1703,11.875,1.27933,-4.30739,0.751996,-3.25224,-4.42978,0.0693424,0.0893442
temporal_fine_1e19,11,82,7.21206,888,7.59375,0.213547,-4.02452,0.60966,-3.50156,-4.05449,0.0427434,0.0496046
temporal_fine_1e19,11,83,5.92331,1138,10,1.00717,-3.82466,0.533941,-3.50743,-3.84834,0.056169,0.123727
temporal_fine_1e19,11,84,8.5094,1339,9.75,0.63623,-4.06515,0.738126,-3.23214,-4.13929,0.0718696,0.102623
temporal_fine_1e19,11,85,8.57326,1254,7.90625,0.477509,-4.12352,0.701002,-3.38589,-4.18465,0.0478502,0.0491764
temporal_fine_1e19,11,86,7.68156,1180,8.6875,0.366458,-3.86824,0.584838,-3.27774,-3.91407,0.046149,0.0291434
temporal_fine_1e19,11,87,5.95722,2084,6.84375,0.15182,-3.7968,0.615102,-3.4597,-3.84593,0.0453722,0.0662422
temporal_fine_1e19,11,88,9.7997,1718,11.25,0.881578,-4.23863,0.753559,-3.2176,-4.35823,0.077287,0.0978364
temporal_fine_1e19,11,89,7.68639,2153,15.9375,1.38639,-3.91955,0.623382,-3.43218,-3.99329,0.054819,0.083713
temporal_fine_1e19,11,90,7.97224,705,9.375,0.513537,-4.28404,0.703608,-3.37793,-4.32479,0.0495479,0.0558239
temporal_fine_1e19,11,91,7.48209,1249,10.125,0.456332,-4.16693,0.719326,-3.4087,-4.2295,0.0511214,0.0654369
temporal_fine_1e19,11,92,5.04796,1345,9.0625,0.256891,-4.01546,0.720112,-3.44349,-4.06662,0.0473023,0.0528516
temporal_fine_1e19,11,93,8.84287,1457,8.3125,0.276188,-4.07187,0.666957,-3.34483,-4.14283,0.0431752,0.0257297
temporal_fine_1e19,11,94,8.14287,2101,7.53125,0.401736,-3.79578,0.606116,-3.36828,-3.85867,0.047709,0.0428205
temporal_fine_1e19,11,95,4.94376,2391,8.0625,0.219576,-3.77144,0.573488,-3.52062,-3.8143,0.043833,0.0677924
temporal_fine_1e19,11,96,10.2325,2549,10.0625,0.586722,-3.84241,0.710273,-3.08402,-3.98214,0.0583348,0.0494207
temporal_fine_1e19,11,97,7.31342,1620,9.625,0.380397,-3.98797,0.652959,-3.31639,-4.06166,0.0582544,0.0736008
temporal_fine_1e19,11,98,7.69047,1511,12.625,1.10489,-3.98131,0.727735,-3.28925,-4.05162,0.0618601,0.080994
temporal_fine_1e19,11,99,5.30684,1848,7.90625,0.168299,-3.76433,0.611238,-3.41534,-3.8087,0.0430648,0.0415804
temporal_fine_1e19,11,100,7.07684,2192,7.75,0.332714,-3.95414,0.744726,-3.23781,-4.06477,0.0619486,0.0861421
temporal_fine_1e19,11,101,4.196,1715,6.65625,0.130494,-3.80428,0.657839,-3.39471,-3.85217,0.0592848,0.113254
temporal_fine_1e19,11,102,4.9508,1469,9.8125,0.896402,-4.06946,0.759915,-3.31171,-4.1441,0.0748797,0.120381
temporal_fine_1e19,11,103,6.75381,1075,7.8125,0.253062,-4.05426,0.69014,-3.24614,-4.111,0.0682746,0.0940718
temporal_fine_1e19,11,104,10.2423,1223,11.0625,0.767866,-4.27116,0.782666,-3.04003,-4.37047,0.0766562,0.0988514
temporal_fine_1e19,11,105,5.585,1618,7.375,0.304502,-3.86039,0.597005,-3.40311,-3.91049,0.0572795,0.0917971
temporal_fine_1e19,11,106,9.43382,1662,9.25,0.379313,-4.16645,0.823778,-3.16903,-4.27905,0.0621156,0.0656461
temporal_fine_1e19,11,107,7.81498,1638,7.03125,0.254636,-3.84102,0.624875,-3.24469,-3.90726,0.0460212,0.0283906
temporal_fine_1e19,11,108,7.87463,1476,7.03125,0.240786,-4.02281,0.621394,-3.53345,-4.07126,0.0437498,0.051252
temporal_fine_1e19,11,109,5.01891,1611,10.5,0.994797,-3.85192,0.592091,-3.41212,-3.89988,0.0415168,0.0408707
temporal_fine_1e19,11,110,8.85116,3217,11.5625,0.659815,-3.79459,0.756234,-3.12359,-3.95854,0.0724229,0.0946745
temporal_fine_1e19,11,111,9.77027,1336,11.4375,0.67358,-4.06861,0.662679,-3.25727,-4.14065,0.0588177,0.0624739
temporal_fine_1e19,11,112,10.2514,828,9.75,0.528324,-4.15376,0.607892,-3.3558,-4.19623,0.044348,0.0327451
temporal_fine_1e19,11,113,6.34898,2101,6.75,0.0994789,-3.90345,0.636666,-3.41561,-3.97521,0.046841,0.0512951
temporal_fine_1e19,11,114,8.79585,1160,8.875,0.735429,-3.90619,0.486816,-3.51067,-3.93633,0.0520627,0.100872
temporal_fine_1e19,11,115,9.43875,1251,8.125,0.332903,-4.01812,0.592817,-3.50735,-4.06034,0.0412137,0.0489521
temporal_fine_1e19,11,116,10.8452,1544,9.75,0.674955,-4.05985,0.635584,-3.3917,-4.12937,0.0521523,0.058116
temporal_fine_1e19,11,117,6.37201,1412,7.875,0.234718,-3.88259,0.638376,-3.3637,-3.93152,0.0520627,0.0594908
temporal_fine_1e19,11,118,9.9582,2255,14.9375,0.738367,-4.01823,0.612378,-3.52237,-4.09737,0.0395223,0.0402017
temporal_fine_1e19,11,119,8.59135,1284,9.6875,0.642512,-3.95646,0.614755,-3.29175,-4.01298,0.0602459,0.0764288
temporal_fine_1e19,11,120,8.45094,734,6.84375,0.115203,-3.97214,0.545285,-3.37974,-3.99992,0.0383233,0.0170591
temporal_fine_1e19,11,121,6.11334,1692,8.4375,0.408374,-3.85193,0.639441,-3.35545,-3.90911,0.0680648,0.117085
temporal_fine_1e19,11,122,6.35201,1716,9.125,0.338202,-3.90446,0.625995,-3.33149,-3.97149,0.0688801,0.110911
temporal_fine_1e19,11,123,13.1812,1723,11.4375,0.4201,-4.08109,0.661115,-3.20783,-4.18372,0.0518861,0.0421388
temporal_fine_1e19,11,124,8.61643,1619,8.6875,0.48679,-4.19248,0.793346,-3.315,-4.2887,0.0590605,0.0719984
temporal_fine_1e19,11,125,11.1448,698,9.375,0.397411,-4.21384,0.675801,-3.3072,-4.25418,0.0444265,0.0285697
temporal_fine_1e19,11,126,5.20999,1573,10.625,0.545393,-3.84813,0.549964,-3.53954,-3.88091,0.0448458,0.0726771
temporal_fine_1e19,11,127,10.4565,2069,9.4375,0.76731,-4.18331,0.678688,-3.31921,-4.3082,0.0631618,0.0742686
temporal_fine_1e19,11,128,5.44245,1019,7.46875,0.299721,-3.86518,0.628786,-3.40272,-3.89585,0.0501005,0.0771063
temporal_fine_1e19,11,129,7.44086,1403,9.9375,0.266874,-3.92557,0.538332,-3.42293,-3.97264,0.0413784,0.0306544
temporal_fine_1e19,11,130,12.3134,1420,24.5,1.71942,-4.20064,0.735238,-3.16122,-4.29928,0.0722916,0.112686
temporal_fine_1e19,11,131,6.35701,1964,10.875,0.502851,-3.84532,0.694088,-3.20583,-3.93242,0.083569,0.138502
temporal_fine_1e19,11,132,4.94059,3142,6.84375,0.168793,-3.70606,0.685166,-3.39705,-3.77938,0.048262,0.0702365
temporal_fine_1e19,11,133,8.36593,1098,8.1875,0.481273,-4.03897,0.632308,-3.48487,-4.07877,0.0459274,0.0534849
temporal_fine_1e19,11,134,5.28659,278,6.1875,0.144635,-3.89083,0.562083,-3.45959,-3.89827,0.044613,0.0496948
temporal_fine_1e19,11,135,6.26029,1336,8.6875,0.290176,-3.83143,0.571925,-3.4755,-3.86303,0.0379373,0.0291947
temporal_fine_1e19,11,136,12.1075,2102,11.625,0.789099,-3.82831,0.536349,-3.32574,-3.90227,0.0524559,0.0675601
temporal_fine_1e19,11,137,7.40203,1189,8.5625,0.718072,-4.08022,0.765496,-3.21606,-4.14784,0.066188,0.0963725
temporal_fine_1e19,11,138,6.78946,2123,8.125,0.441261,-4.02842,0.758203,-3.41439,-4.11983,0.0506064,0.0594044
temporal_fine_1e19,11,139,8.9074,1644,10.5625,0.536033,-4.14059,0.683583,-3.44967,-4.21765,0.0515683,0.0706251
temporal_fine_1e19,11,140,9.16392,951,8.6875,0.751812,-4.28878,0.708078,-3.17395,-4.35747,0.073752,0.119312
temporal_fine_1e19,11,141,7.67735,1339,8.4375,0.404817,-4.0219,0.653827,-3.27875,-4.08803,0.054018,0.0640162
temporal_fine_1e19,11,142,7.09546,1952,9,0.379299,-3.97482,0.710158,-3.36251,-4.05764,0.0579202,0.0831391
temporal_fine_1e19,11,143,5.29173,1709,8.8125,0.214983,-3.76184,0.613829,-3.36637,-3.8079,0.0490788,0.0659625
temporal_fine_1e19,11,144,9.64122,1660,8.75,0.3822,-3.92257,0.650062,-3.30834,-3.99182,0.0447589,0.0276801
temporal_fine_1e19,11,145,6.24915,1324,7.6875,0.205962,-3.82639,0.561899,-3.50395,-3.85474,0.0358108,0.0225349
temporal_fine_1e19,11,146,5.01271,1837,8.75,0.429629,-3.88575,0.679435,-3.50727,-3.93354,0.0434823,0.0509773
temporal_fine_1e19,11,147,4.4007,1138,6.96875,0.230582,-3.88833,0.685339,-3.35962,-3.92779,0.0585169,0.0960961
temporal_fine_1e19,11,148,9.14342,1178,8.4375,0.526704,-4.10459,0.622111,-3.37356,-4.16123,0.0493187,0.0582921
temporal_fine_1e19,11,149,6.87236,1560,11.125,0.593615,-3.89587,0.624159,-3.5055,-3.93695,0.0444995,0.0529545
temporal_fine_1e19,11,150,6.0742,1669,9.0625,0.462209,-3.95168,0.684287,-3.3748,-4.01711,0.0540124,0.0707327
temporal_fine_1e19,11,151,7.71835,1712,7.5625,0.400048,-4.13889,0.730199,-3.33313,-4.23291,0.0568311,0.0646561
temporal_fine_1e19,11,152,8.54585,1649,8.625,0.399355,-4.05031,0.779167,-3.20881,-4.14448,0.0666493,0.081537
temporal_fine_1e19,11,153,6.14319,1288,11.5,0.857191,-3.85613,0.60139,-3.40914,-3.89427,0.0525487,0.0856948
temporal_fine_1e19,11,154,10.115,986,10.125,0.432941,-4.081,0.665727,-3.28858,-4.13174,0.0509192,0.049509
temporal_fine_1e19,11,155,5.98441,1936,7.1875,0.208848,-3.83036,0.597314,-3.39563,-3.88862,0.0514743,0.0743067
temporal_fine_1e19,11,156,8.9373,2479,7.78125,0.332271,-3.77704,0.607539,-3.26785,-3.86782,0.044621,0.0236168
temporal_fine_1e19,11,157,6.5406,1562,7.03125,0.132267,-3.89944,0.634683,-3.55068,-3.93619,0.0424814,0.050193
temporal_fine_1e19,11,158,5.5979,1919,11.3125,0.265263,-3.72305,0.617378,-3.4036,-3.76543,0.0507497,0.0763331
temporal_fine_1e19,11,159,6.8551,1678,10,0.522955,-3.83954,0.687341,-3.26952,-3.90458,0.0618795,0.0935445
temporal_fine_1e19,11,160,6.52032,2100,8,0.418613,-3.80202,0.66868,-3.30024,-3.87579,0.0492608,0.0455238
temporal_fine_1e19,11,161,9.2198,1471,8.9375,0.614295,-4.15721,0.729041,-3.26323,-4.24539,0.0737425,0.107613
temporal_fine_1e19,11,162,8.53119,1335,8.5,0.653168,-4.19976,0.790019,-3.08448,-4.29869,0.0822302,0.0989068
temporal_fine_1e19,11,163,9.88397,1473,10.25,0.986215,-4.05302,0.659078,-3.21613,-4.13569,0.0714036,0.0990971
temporal_fine_1e19,11,164,4.12255,1963,7.625,0.174411,-3.67817,0.537092,-3.4611,-3.70772,0.03978,0.0434346
temporal_fine_1e19,11,165,12.6729,664,11.375,1.01018,-4.09349,0.579972,-3.28728,-4.12754,0.0477456,0.0347655
temporal_fine_1e19,11,166,6.93939,1571,10.8125,0.416819,-3.83576,0.601777,-3.37752,-3.88436,0.0473541,0.0614735
temporal_fine_1e19,11,167,9.18797,1427,7.9375,0.377527,-4.17787,0.683222,-3.34697,-4.25714,0.0445938,0.037722
temporal_fine_1e19,11,168,7.32421,1205,9.6875,0.433304,-4.115,0.739385,-3.20195,-4.18748,0.0745195,0.113425
temporal_fine_1e19,11,169,8.4997,1738,7.75,0.282413,-3.94734,0.635859,-3.39277,-4.01314,0.0516353,0.0618614
temporal_fine_1e19,11,170,6.34373,1335,8.5,0.231293,-3.91887,0.607203,-3.47322,-3.95841,0.0428041,0.0478943
temporal_fine_1e19,11,171,7.21978,1621,11.3125,0.735824,-3.99794,0.676344,-3.40263,-4.0633,0.0507711,0.070972
temporal_fine_1e19,11,172,5.30687,1338,7.40625,0.313759,-3.91681,0.702402,-3.25124,-3.97599,0.0757251,0.120957
temporal_fine_1e19,11,173,7.40062,1945,9.125,0.337013,-3.7627,0.559267,-3.30938,-3.82377,0.0528853,0.0700244
temporal_fine_1e19,11,174,10.4273,197,10.625,0.408302,-4.29005,0.526483,-3.49438,-4.29973,0.0339938,0.0218222
temporal_fine_1e19,11,175,4.77096,1772,8.0625,0.474181,-3.77931,0.588559,-3.41432,-3.82357,0.0478162,0.0557359
temporal_fine_1e19,11,176,6.24041,1135,7.71875,0.487332,-4.18278,0.807048,-3.3267,-4.2465,0.0679349,0.099149
temporal_fine_1e19,11,177,13.7648,2626,10.0625,0.827155,-4.04528,0.812889,-2.95836,-4.25275,0.069135,0.0519753
temporal_fine_1e19,11,178,5.94002,1733,6.84375,0.20268,-3.82411,0.609626,-3.37436,-3.87731,0.0497079,0.062876
temporal_fine_1e19,11,179,10.2456,1771,9,0.664001,-4.40062,0.91484,-3.00671,-4.56955,0.0810427,0.093599
temporal_fine_1e19,11,180,7.35058,1150,11.5,0.441413,-4.05485,0.666162,-3.22662,-4.11737,0.0719044,0.108794
temporal_fine_1e19,11,181,5.29487,1339,7.03125,0.43206,-4.09291,0.804224,-3.17605,-4.17451,0.0944346,0.15109
temporal_fine_1e19,11,182,12.2421,462,11.5,0.895547,-3.86103,0.447066,-3.52772,-3.8707,0.0336087,0.0254969
temporal_fine_1e19,11,183,7.27364,1504,9.375,0.434801,-4.11912,0.709072,-3.36434,-4.19541,0.0543127,0.0782995
temporal_fine_1e19,11,184,7.63354,2060,8.4375,0.685265,-3.94672,0.64924,-3.35322,-4.03207,0.0585758,0.0812706
temporal_fine_1e19,11,185,4.79391,1591,8.9375,0.38226,-3.81687,0.579491,-3.53802,-3.84686,0.041644,0.0608411
temporal_fine_1e19,11,186,5.81769,1911,13.875,0.215905,-3.83278,0.639618,-3.4089,-3.88875,0.0455546,0.0453172
temporal_fine_1e19,11,187,7.61881,1322,8.3125,0.4793,-3.94944,0.665153,-3.2212,-4.01336,0.065181,0.0899444
temporal_fine_1e19,11,188,8.58584,281,7.65625,0.347495,-4.10391,0.514677,-3.49801,-4.11448,0.0420561,0.0462759
temporal_fine_1e19,11,189,4.95646,1843,7.1875,0.591258,-3.97658,0.756368,-3.4027,-4.04932,0.0550435,0.0754012
temporal_fine_1e19,11,190,5.80758,765,6.15625,0.101313,-3.87555,0.585117,-3.48412,-3.89472,0.0368158,0.022144
temporal_fine_1e19,11,191,8.77954,1579,9.5,0.523761,-3.91461,0.630459,-3.1959,-3.99127,0.0513057,0.0367945
temporal_fine_1e19,12,0,19.8788,305,10.5625,0.87205,-4.44304,0.651366,-3.11921,-4.46815,0.0561051,0.0426378
temporal_fine_1e19,12,1,9.25584,705,9.5625,0.666749,-4.20453,0.637156,-3.41838,-4.23988,0.0507486,0.0573385
temporal_fine_1e19,12,2,4.91842,1980,8.3125,0.0489145,-3.74839,0.641086,-3.39422,-3.79707,0.0443647,0.0498243
temporal_fine_1e19,12,3,15.1366,3221,8.875,0.356866,-3.78267,0.665035,-3.17688,-3.93091,0.0535604,0.0395634
temporal_fine_1e19,12,4,13.9694,1948,11,0.508421,-4.09617,0.626621,-3.3602,-4.19548,0.0425756,0.03445
temporal_fine_1e19,12,5,9.51951,1609,10.9375,0.765984,-4.04213,0.685711,-3.40309,-4.11172,0.0597133,0.0860953
temporal_fine_1e19,12,6,8.00304,2084,10.5,0.320346,-3.7377,0.605055,-3.37716,-3.79025,0.0395857,0.0247053
temporal_fine_1e19,12,7,12.6655,1653,11.25,1.3632,-4.07267,0.722466,-3.08479,-4.18352,0.0695146,0.0792964
temporal_fine_1e19,12,8,9.49992,1422,12.1875,1.14877,-4.02193,0.630681,-3.36589,-4.08429,0.0684571,0.121742
temporal_fine_1e19,12,9,7.83112,1557,10.4375,0.413097,-3.8736,0.685421,-3.23099,-3.94108,0.0630467,0.0935556
temporal_fine_1e19,12,10,8.92696,1645,9.5,0.797202,-3.88944,0.616584,-3.3249,-3.95245,0.0609076,0.091939
temporal_fine_1e19,12,11,9.79223,3546,9.4375,1.09709,-3.80511,0.664284,-3.38063,-3.92235,0.0431782,0.0352748
temporal_fine_1e19,12,12,7.863,1194,10.25,0.300859,-3.91904,0.608661,-3.42579,-3.95781,0.049039,0.0667394
temporal_fine_1e19,12,13,14.2952,143,7.65625,0.430391,-4.28229,0.537769,-3.29261,-4.291,0.0424391,0.0194515
temporal_fine_1e19,12,14,11.6161,643,8.8125,0.480458,-3.97863,0.594724,-3.28518,-4.00695,0.0415919,0.0221015
temporal_fine_1e19,12,15,7.3556,1755,8,0.391435,-3.73274,0.622978,-3.28123,-3.7869,0.0446825,0.0308359
temporal_fine_1e19,12,16,5.64176,1202,7.46875,0.241899,-3.86596,0.710721,-3.34632,-3.9071,0.0531786,0.079196
temporal_fine_1e19,12,17,12.1398,1110,9.5625,0.716332,-4.38546,0.825097,-3.0544,-4.48219,0.0727689,0.0863689
temporal_fine_1e19,12,18,8.23875,1544,9,0.508017,-4.02925,0.718786,-3.34348,-4.1006,0.0599946,0.0872475
temporal_fine_1e19,12,19,11.0099,2026,10.25,0.580333,-4.09762,0.702772,-3.40471,-4.19539,0.0484467,0.0557702
temporal_fine_1e19,12,20,13.5589,1556,11.6875,0.933197,-4.24466,0.707523,-3.34793,-4.33876,0.0663799,0.0911025
temporal_fine_1e19,12,21,12.0597,1311,10.3125,0.500843,-4.32771,0.770393,-3.21176,-4.42477,0.0530946,0.0530962
temporal_fine_1e19,12,22,7.72575,1719,8.625,0.546775,-4.12026,0.824652,-3.17279,-4.23132,0.0864183,0.135411
temporal_fine_1e19,12,23,9.27655,2265,7.34375,0.317534,-3.80546,0.723565,-3.04221,-3.92791,0.0795759,0.114315
temporal_fine_1e19,12,24,13.8924,725,8.9375,0.636225,-4.31342,0.702931,-3.33009,-4.35895,0.0425607,0.0285433
temporal_fine_1e19,12,25,9.75257,1138,11.9375,1.10954,-4.06829,0.698662,-3.05964,-4.14358,0.0874421,0.138311
temporal_fine_1e19,12,26,9.84502,1077,8.1875,0.495755,-3.82886,0.532169,-3.36599,-3.86143,0.0405047,0.024068
temporal_fine_1e19,12,27,10.3508,1437,10.4375,0.813679,-4.00505,0.666475,-3.37019,-4.06609,0.0520125,0.0724778
temporal_fine_1e19,12,28,7.79908,1118,8.5625,0.565786,-3.97575,0.629502,-3.39249,-4.01847,0.0485078,0.0579764
temporal_fine_1e19,12,29,5.81427,1242,6.96875,0.1165,-3.87824,0.665679,-3.29726,-3.92589,0.0525799,0.0716943
temporal_fine_1e19,12,30,8.99774,1639,9.625,0.586563,-4.12235,0.75638,-3.30474,-4.21323,0.0539586,0.0648354
temporal_fine_1e19,12,31,7.29035,2328,10,0.589696,-3.89953,0.632429,-3.45731,-3.97278,0.0484354,0.0632852
temporal_fine_1e19,12,32,9.41775,2142,9.125,0.487914,-3.82748,0.658778,-3.28387,-3.90924,0.0513153,0.0553969
temporal_fine_1e19,12,33,11.4177,497,8.875,0.483163,-4.26133,0.645554,-3.29446,-4.29158,0.0481246,0.0438868
temporal_fine_1e19,12,34,12.6384,630,9.125,0.394038,-4.2036,0.588629,-3.53084,-4.2305,0.0336473,0.0193952
temporal_fine_1e19,12,35,9.57399,1712,10,0.451396,-3.94457,0.653201,-3.37214,-4.01136,0.045034,0.046272
temporal_fine_1e19,12,36,7.61969,883,8,0.346535,-3.86827,0.574132,-3.48956,-3.88984,0.0376087,0.0233674
temporal_fine_1e19,12,37,12.6236,1737,9.25,0.488196,-4.00578,0.657595,-3.34693,-4.08391,0.0434929,0.0324122
temporal_fine_1e19,12,38,8.09729,1499,8.9375,0.551557,-4.00972,0.71488,-3.29777,-4.08142,0.0542867,0.0596222
temporal_fine_1e19,12,39,8.93833,1922,8.6875,0.450944,-3.86336,0.652073,-3.2816,-3.94068,0.0463108,0.0314722
temporal_fine_1e19,12,40,8.49691,1638,9.25,0.457976,-3.92324,0.664579,-3.3718,-3.98449,0.049742,0.0583849
temporal_fine_1e19,12,41,5.07317,1874,7.34375,0.209472,-3.83055,0.604665,-3.42527,-3.8829,0.0507533,0.0761368
temporal_fine_1e19,12,42,7.49017,687,8,0.717495,-4.23824,0.669098,-3.22561,-4.28255,0.101292,0.201268
temporal_fine_1e19,12,43,20.1643,2174,12.125,0.631527,-4.00782,0.897575,-2.32786,-4.26484,0.11843,0.0654062
temporal_fine_1e19,12,44,10.6104,1579,10.3125,0.703439,-4.0121,0.701274,-3.25697,-4.09263,0.0566817,0.0653921
temporal_fine_1e19,12,45,7.25494,1676,9.375,0.404711,-3.79986,0.650714,-3.33707,-3.85259,0.0584865,0.0930614
temporal_fine_1e19,12,46,7.63701,1625,8.5,0.370374,-3.79999,0.616158,-3.28308,-3.85691,0.0439077,0.0235393
temporal_fine_1e19,12,47,6.41614,1580,10.0625,0.714772,-3.82856,0.626403,-3.41565,-3.87263,0.0602435,0.119596
temporal_fine_1e19,12,48,10.2414,809,10.125,0.540636,-3.91685,0.548803,-3.44488,-3.94137,0.0411524,0.0309679
temporal_fine_1e19,12,49,7.64916,1410,11.5625,0.561654,-3.85847,0.609037,-3.38438,-3.90311,0.0508483,0.0791543
temporal_fine_1e19,12,50,6.54675,2177,7.53125,0.564333,-4.03341,0.803422,-3.25993,-4.15193,0.0779949,0.128827
temporal_fine_1e19,12,51,6.62985,1500,9.3125,0.346371,-3.72561,0.559209,-3.4374,-3.75465,0.0432966,0.0677862
temporal_fine_1e19,12,52,9.36346,973,10.4375,0.750478,-4.15211,0.652271,-3.28576,-4.20681,0.0624562,0.0762112
temporal_fine_1e19,12,53,6.25176,1279,8,0.189754,-3.91626,0.663902,-3.43626,-3.9569,0.0422639,0.0475564
temporal_fine_1e19,12,54,5.56495,1538,6.59375,0.234642,-3.69411,0.566012,-3.36727,-3.72797,0.0385284,0.0207184
temporal_fine_1e19,12,55,6.65526,2337,8.6875,0.203433,-3.89145,0.725509,-3.40436,-3.97249,0.0539254,0.0822191
temporal_fine_1e19,12,56,8.30631,940,7.71875,0.343743,-4.02728,0.612062,-3.43747,-4.06318,0.0496117,0.0727535
temporal_fine_1e19,12,57,5.88433,1443,9.125,0.23372,-3.8248,0.596151,-3.46627,-3.85942,0.0459775,0.0683427
temporal_fine_1e19,12,58,8.53077,1631,9.75,0.541093,-3.96315,0.643367,-3.44223,-4.02074,0.0469918,0.0562597
temporal_fine_1e19,12,59,9.61017,2067,10.5625,0.680469,-4.00296,0.65153,-3.36853,-4.09456,0.055773,0.0635604
temporal_fine_1e19,12,60,10.4621,1960,9.9375,0.697887,-3.94861,0.589842,-3.37445,-4.02663,0.0427018,0.0352482
temporal_fine_1e19,12,61,10.1502,467,8.625,0.443391,-3.92899,0.526095,-3.3557,-3.94581,0.0421025,0.0276199
temporal_fine_1e19,12,62,8.37791,2147,11.6875,0.849423,-3.93797,0.701184,-3.33468,-4.02895,0.0544823,0.0642276
temporal_fine_1e19,12,63,9.69735,1834,8.625,0.493214,-4.026,0.737887,-3.1054,-4.14204,0.0611982,0.0627802
temporal_fine_1e19,12,64,9.71131,2355,10,0.582153,-3.81319,0.630585,-3.39454,-3.88346,0.0464361,0.0438291
temporal_fine_1e19,12,65,7.62256,1439,10.1875,0.389157,-3.90358,0.68217,-3.26529,-3.96504,0.0643421,0.106072
temporal_fine_1e19,12,66,12.919,1435,11.125,0.68747,-3.86628,0.539816,-3.44334,-3.90688,0.0393987,0.0286738
temporal_fine_1e19,12,67,8.94433,1829,10.625,0.604984,-3.97488,0.744558,-3.17317,-4.07562,0.0688181,0.0889472
temporal_fine_1e19,12,68,8.70149,1774,10.4375,0.866796,-4.04759,0.712652,-3.26313,-4.14284,0.0695257,0.0899373
temporal_fine_1e19,12,69,8.07355,1912,9.25,0.540524,-3.81835,0.661679,-3.29877,-3.887,0.0552426,0.0777986
temporal_fine_1e19,12,70,6.91311,1189,8.625,0.310632,-3.94214,0.664693,-3.35238,-3.98829,0.0524433,0.0705642
temporal_fine_1e19,12,71,7.31166,1295,8.75,0.455007,-3.93696,0.640248,-3.39642,-3.98335,0.0463074,0.0488018
temporal_fine_1e19,12,72,9.56041,1331,9.6875,0.757047,-4.04033,0.687691,-3.18526,-4.11594,0.0742552,0.106419
temporal_fine_1e19,12,73,4.56067,2148,6.8125,0.18241,-3.88779,0.740384,-3.44002,-3.95535,0.0456432,0.0521737
temporal_fine_1e19,12,74,10.0549,1713,12.0625,0.629721,-3.9974,0.653044,-3.37276,-4.07033,0.0550759,0.0873205
temporal_fine_1e19,12,75,12.3033,1617,10.4375,0.71175,-3.90426,0.573588,-3.48323,-3.95036,0.0383595,0.0274047
temporal_fine_1e19,12,76,10.898,2005,13.375,0.479669,-4.08569,0.792236,-3.26694,-4.19985,0.0585958,0.0701302
temporal_fine_1e19,12,77,10.3244,1831,11.0625,0.549144,-3.82156,0.576589,-3.3555,-3.8802,0.0450603,0.0515061
temporal_fine_1e19,12,78,8.58649,1506,7.875,0.249674,-3.98659,0.68606,-3.39042,-4.04693,0.0503454,0.0628411
temporal_fine_1e19,12,79,9.87861,279,9.75,0.627187,-4.17697,0.557734,-3.31141,-4.19197,0.0539832,0.0681857
temporal_fine_1e19,12,80,8.21447,1800,7.71875,0.293188,-3.83745,0.626776,-3.2941,-3.90451,0.0423563,0.0264669
temporal_fine_1e19,12,81,6.20368,1227,7.15625,0.421665,-4.07959,0.784944,-3.21259,-4.14978,0.0886784,0.14296
temporal_fine_1e19,12,82,5.42963,1854,7.21875,0.27926,-3.68008,0.520889,-3.51628,-3.70099,0.0359619,0.0341607
temporal_fine_1e19,12,83,10.0196,344,8.875,0.620384,-4.29387,0.548824,-3.5865,-4.30904,0.035142,0.0217985
temporal_fine_1e19,12,84,12.1601,1432,10.9375,0.619763,-3.78893,0.523273,-3.33865,-3.83206,0.0412098,0.0290499
temporal_fine_1e19,12,85,8.60399,1486,8.5,0.569156,-3.98502,0.645536,-3.42324,-4.04106,0.0498363,0.0683205
temporal_fine_1e19,12,86,12.5357,844,9.9375,0.597665,-4.00872,0.570165,-3.41118,-4.04117,0.0392355,0.0264002
temporal_fine_1e19,12,87,11.236,1862,11.125,1.20281,-3.84892,0.657335,-3.27758,-3.92217,0.0593363,0.0771889
temporal_fine_1e19,12,88,9.86033,1970,8.6875,0.330319,-4.13242,0.767466,-3.34867,-4.23954,0.0532114,0.0633738
temporal_fine_1e19,12,89,9.70282,1468,11.6875,0.928728,-3.93402,0.627348,-3.38686,-3.98787,0.0523048,0.0692395
temporal_fine_1e19,12,90,9.15959,1542,10.375,0.538551,-3.93893,0.726143,-3.28211,-4.00717,0.0535402,0.0562377
temporal_fine_1e19,12,91,9.49169,1441,12.1875,0.797125,-4.51994,0.941462,-2.96764,-4.66964,0.103141,0.164141
temporal_fine_1e19,12,92,8.27663,491,8.125,0.439322,-4.01696,0.562617,-3.40649,-4.03582,0.0426191,0.035328
temporal_fine_1e19,12,93,6.11467,1450,13.875,0.401036,-3.86212,0.615879,-3.47315,-3.89989,0.0476232,0.0792681
temporal_fine_1e19,12,94,8.90811,1859,9.25,0.453158,-3.92176,0.703491,-3.3159,-3.9993,0.0584685,0.0706614
temporal_fine_1e19,12,95,9.72459,2021,10.5,0.535685,-3.96152,0.666554,-3.37664,-4.04382,0.0478294,0.0521406
temporal_fine_1e19,12,96,21.8865,2188,12.25,0.665422,-4.01667,0.746161,-2.77774,-4.20762,0.071377,0.0438985
temporal_fine_1e19,12,97,8.64472,1923,7.71875,0.374948,-3.94746,0.700679,-3.31935,-4.03098,0.0554806,0.0738316
temporal_fine_1e19,12,98,12.3262,1397,9.75,0.532898,-4.01501,0.710468,-3.27377,-4.0841,0.0510627,0.0528517
temporal_fine_1e19,12,99,8.59458,1869,7.9375,0.384574,-3.9545,0.632511,-3.41878,-4.02348,0.0501388,0.0653427
temporal_fine_1e19,12,100,7.58094,1674,9.75,0.349509,-3.79006,0.623045,-3.36496,-3.83844,0.0543714,0.109366
temporal_fine_1e19,12,101,9.85528,1173,10.0625,0.701149,-4.08515,0.702356,-3.36058,-4.14102,0.0505456,0.0515275
temporal_fine_1e19,12,102,10.7357,1900,9.3125,0.672412,-3.95031,0.716435,-3.2289,-4.04495,0.065084,0.0865375
temporal_fine_1e19,12,103,6.55924,1796,7.875,0.287546,-3.86115,0.636786,-3.48532,-3.90743,0.0438963,0.0623017
temporal_fine_1e19,12,104,5.61838,770,8.1875,0.224062,-3.83056,0.584619,-3.4615,-3.84876,0.0364167,0.0231337
temporal_fine_1e19,12,105,12.0843,2390,9.5,0.56631,-4.08917,0.72187,-3.27939,-4.22747,0.0594439,0.0636909
temporal_fine_1e19,12,106,6.35662,1425,8.6875,0.601763,-3.92302,0.630066,-3.48081,-3.96515,0.0598457,0.113997
temporal_fine_1e19,12,107,7.68857,1818,11.8125,0.854547,-3.83307,0.583097,-3.45252,-3.88057,0.044615,0.0540564
temporal_fine_1e19,12,108,11.7532,1407,9.8125,0.605247,-3.96083,0.646555,-3.29768,-4.02313,0.0472256,0.0343788
temporal_fine_1e19,12,109,11.3305,1084,8.875,0.343517,-3.87513,0.550341,-3.28361,-3.91703,0.0452039,0.0257941
temporal_fine_1e19,12,110,5.53963,1963,10.375,0.804876,-4.0169,0.684055,-3.50993,-4.08591,0.0453981,0.0705084
temporal_fine_1e19,12,111,8.8796,745,9.375,0.548508,-3.7824,0.581346,-3.27461,-3.80659,0.0456099,0.0323273
temporal_fine_1e19,12,112,11.073,1472,11.875,1.27545,-3.98245,0.71091,-3.06933,-4.07259,0.0866169,0.112891
temporal_fine_1e19,12,113,9.61749,1666,9.6875,0.71311,-4.01968,0.702969,-3.23052,-4.10901,0.0677459,0.091449
temporal_fine_1e19,12,114,9.88378,948,7.6875,0.270176,-4.02217,0.608714,-3.28227,-4.06761,0.0446874,0.0631095
temporal_fine_1e19,12,115,7.93921,2087,7.9375,0.437336,-3.85561,0.616505,-3.44314,-3.91582,0.0461398,0.0680586
temporal_fine_1e19,12,116,6.06041,1664,11,0.444015,-3.80981,0.611203,-3.37995,-3.8584,0.0513114,0.0791883
temporal_fine_1e19,12,117,11.0627,1397,10,0.752812,-4.13484,0.630811,-3.37134,-4.20601,0.0660473,0.0966587
temporal_fine_1e19,12,118,6.09328,1629,7.8125,0.396766,-3.77515,0.578593,-3.49048,-3.80658,0.0370476,0.0323558
temporal_fine_1e19,12,119,8.53207,1792,10.125,1.25559,-4.00739,0.684921,-3.29847,-4.09446,0.0590217,0.0660751
temporal_fine_1e19,12,120,6.8988,1864,8.6875,0.204388,-3.87408,0.621408,-3.42793,-3.93135,0.0464491,0.0684257
temporal_fine_1e19,12,121,5.42477,1882,7.9375,0.629702,-3.74644,0.615613,-3.42291,-3.78842,0.0380345,0.0272311
temporal_fine_1e19,12,122,24.1581,1553,9.3125,0.427095,-4.00134,0.612932,-2.80663,-4.12644,0.0657829,0.0331136
temporal_fine_1e19,12,123,8.76333,1092,15.75,0.722745,-4.25033,0.68575,-3.38746,-4.31195,0.0491246,0.0641942
temporal_fine_1e19,12,124,9.09855,1075,8.5625,0.488529,-4.05285,0.647367,-3.37392,-4.10052,0.057303,0.10807
temporal_fine_1e19,12,125,6.05942,1328,11.25,0.842135,-3.8292,0.669081,-3.35748,-3.87081,0.0571037,0.0989292
temporal_fine_1e19,12,126,7.58615,1689,8.875,0.539128,-3.87952,0.636715,-3.35883,-3.93937,0.0602735,0.0941103
temporal_fine_1e19,12,127,11.7756,1878,11.1875,0.803351,-3.97379,0.705466,-3.23622,-4.06928,0.0479712,0.0346008
temporal_fine_1e19,12,128,6.54671,1205,9.3125,0.439812,-3.8993,0.612096,-3.38455,-3.94016,0.0390575,0.0246735
temporal_fine_1e19,12,129,8.795,2172,9.6875,0.436109,-3.99784,0.733614,-3.34823,-4.09712,0.0531605,0.0683607
temporal_fine_1e19,12,130,9.3689,2259,10.1875,0.484934,-3.92608,0.692139,-3.25372,-4.03361,0.050503,0.0484717
temporal_fine_1e19,12,131,9.43154,1414,10.0625,0.703287,-3.94789,0.612791,-3.42773,-3.99702,0.0479463,0.0599838
temporal_fine_1e19,12,132,5.77284,971,9.5,0.404607,-3.88373,0.616764,-3.45761,-3.91057,0.0455388,0.0756052
temporal_fine_1e19,12,133,11.1495,1616,10.5625,0.590807,-4.01536,0.771965,-3.05267,-4.12071,0.0738009,0.0824
temporal_fine_1e19,12,134,10.1969,1984,12.1875,0.603398,-3.91565,0.662563,-3.24219,-4.00844,0.0586851,0.0683677
temporal_fine_1e19,12,135,10.3441,1166,9.75,0.810027,-4.03225,0.715236,-3.28427,-4.08956,0.0641692,0.0878575
temporal_fine_1e19,12,136,8.24949,1226,8.0625,0.268804,-3.87675,0.554339,-3.38627,-3.91642,0.0391318,0.0220137
temporal_fine_1e19,12,137,7.87015,1869,13.625,0.63207,-3.92263,0.62902,-3.41431,-3.98808,0.0517737,0.0782341
temporal_fine_1e19,12,138,9.04299,1933,9.1875,0.583407,-3.9482,0.710383,-3.29957,-4.03496,0.058568,0.0846409
temporal_fine_1e19,12,139,16.4946,4043,12.625,1.23471,-3.7018,0.93747,-2.49864,-4.09597,0.120425,0.0985757
temporal_fine_1e19,12,140,8.79251,1447,7.9375,0.230722,-3.89743,0.589613,-3.35413,-3.95006,0.0431534,0.0320996
temporal_fine_1e19,12,141,12.3409,248,13.4375,0.845257,-4.32435,0.59841,-3.46874,-4.3375,0.0379911,0.0312171
temporal_fine_1e19,12,142,8.05317,1138,9.5625,0.472551,-4.13479,0.695402,-3.53028,-4.17991,0.0404671,0.0450349
temporal_fine_1e19,12,143,10.2728,1257,9.25,0.563449,-3.9738,0.639699,-3.32363,-4.02783,0.0500189,0.0500917
temporal_fine_1e19,12,144,12.3565,2262,10.9375,0.430726,-4.02357,0.855809,-2.73595,-4.22982,0.0892781,0.0775622
temporal_fine_1e19,12,145,8.03323,1531,9.6875,0.271699,-3.90986,0.622498,-3.38399,-3.96407,0.0470483,0.049594
temporal_fine_1e19,12,146,11.6249,2533,9.75,0.778528,-3.76727,0.728804,-2.99591,-3.90834,0.066784,0.069607
temporal_fine_1e19,12,147,14.2622,1068,11.5625,0.798322,-4.03933,0.656069,-3.32614,-4.08906,0.0436509,0.0321165
temporal_fine_1e19,12,148,8.883,2379,8.1875,0.44761,-4.06419,0.718841,-3.43894,-4.1704,0.0452061,0.0498264
temporal_fine_1e19,12,149,5.20292,1643,7.8125,0.192513,-3.88786,0.656296,-3.43124,-3.93875,0.0422661,0.0503338
temporal_fine_1e19,12,150,8.19581,2388,7.59375,0.471975,-3.71551,0.691362,-2.98938,-3.8394,0.0692363,0.0733379
temporal_fine_1e19,12,151,9.34363,1196,10.1875,0.38754,-3.97312,0.650406,-3.34489,-4.02259,0.0547688,0.0735515
temporal_fine_1e19,12,152,6.93425,838,9.3125,0.31389,-3.85758,0.570182,-3.50587,-3.87653,0.0460228,0.0820444
temporal_fine_1e19,12,153,9.16538,2820,9.0625,0.539687,-3.77483,0.714527,-3.24668,-3.88463,0.0500452,0.0431991
temporal_fine_1e19,12,154,9.54415,514,8.5625,0.497318,-4.07037,0.548819,-3.5013,-4.0888,0.0427423,0.0455748
temporal_fine_1e19,12,155,7.92813,1417,10.4375,0.568096,-3.95942,0.735139,-3.28416,-4.02336,0.0586228,0.0832803
temporal_fine_1e19,12,156,10.3232,2303,9.75,0.679316,-3.8313,0.557997,-3.31764,-3.91531,0.0435023,0.0440203
temporal_fine_1e19,12,157,7.33203,1411,10.5625,0.444792,-3.94491,0.636868,-3.39073,-3.99713,0.0527701,0.0693637
temporal_fine_1e19,12,158,7.94588,1496,8.9375,0.462113,-3.86193,0.618788,-3.34549,-3.91382,0.0415306,0.0284435
temporal_fine_1e19,12,159,11.3005,1272,10,0.763909,-4.14647,0.72769,-3.25818,-4.22124,0.0611034,0.0775427
temporal_fine_1e19,12,160,7.51689,1332,8.25,0.301395,-3.81969,0.581151,-3.39486,-3.85728,0.0388414,0.0223848
temporal_fine_1e19,12,161,9.4266,1214,8.625,0.321048,-3.94824,0.643179,-3.4341,-3.98939,0.0410494,0.0335411
temporal_fine_1e19,12,162,8.64461,1443,11.5,0.718277,-3.99399,0.645478,-3.38628,-4.05268,0.0608666,0.101038
temporal_fine_1e19,12,163,15.0895,2783,10.3125,0.560968,-3.73784,0.704012,-2.82332,-3.92496,0.0785381,0.0664392
temporal_fine_1e19,12,164,14.2393,594,12.125,0.778226,-3.96586,0.510576,-3.24609,-3.99294,0.0501752,0.0334072
temporal_fine_1e19,12,165,10.4106,666,10.0625,0.406181,-3.9063,0.547095,-3.37829,-3.92868,0.0432584,0.0383541
temporal_fine_1e19,12,166,10.7902,1474,9,0.51077,-4.11147,0.628101,-3.47471,-4.17442,0.0498527,0.0639617
temporal_fine_1e19,12,167,17.1778,2479,11.25,0.682956,-4.02768,0.854379,-2.85148,-4.23738,0.0753332,0.0579847
temporal_fine_1e19,12,168,16.9138,1843,9.4375,0.460728,-3.93316,0.610684,-3.22872,-4.02244,0.0470275,0.0336172
temporal_fine_1e19,12,169,5.46397,1625,7.875,0.213555,-3.80155,0.609159,-3.4621,-3.83893,0.048729,0.0865272
temporal_fine_1e19,12,170,12.1904,2130,16.75,0.537645,-4.26551,0.874203,-2.8663,-4.4746,0.0782785,0.0814588
temporal_fine_1e19,12,171,9.41297,1441,11.0625,0.721891,-4.13585,0.74746,-3.28432,-4.21796,0.0606033,0.0847597
temporal_fine_1e19,12,172,11.316,940,9.625,0.690974,-4.17295,0.621656,-3.42072,-4.21873,0.048552,0.0546576
temporal_fine_1e19,12,173,14.2817,1748,9.5,0.541271,-4.10695,0.715118,-3.2199,-4.2129,0.0542033,0.0523714
temporal_fine_1e19,12,174,11.7348,1143,9.0625,0.908178,-4.07627,0.647341,-3.41204,-4.12608,0.040812,0.0373716
temporal_fine_1e19,12,175,16.3117,180,8.6875,0.498268,-4.09222,0.521912,-3.13944,-4.1028,0.0528099,0.0412844
temporal_fine_1e19,12,176,14.7212,1405,12.0625,0.555643,-4.22721,0.766254,-3.13951,-4.32923,0.0502338,0.0299962
temporal_fine_1e19,12,177,8.03555,1568,9.125,0.82968,-4.00908,0.704821,-3.31866,-4.08215,0.0514967,0.0558517
temporal_fine_1e19,12,178,16.102,358,10.5,0.578245,-4.20983,0.554225,-3.53226,-4.22496,0.0340915,0.0210875
temporal_fine_1e19,12,179,9.42136,1359,9.125,0.636616,-3.92122,0.637456,-3.38681,-3.96955,0.0530655,0.0751617
temporal_fine_1e19,12,180,9.32416,1419,9.3125,0.687417,-3.83356,0.561904,-3.26532,-3.88743,0.0570806,0.0775744
temporal_fine_1e19,12,181,9.90918,1755,9.4375,0.326756,-3.86131,0.593079,-3.37096,-3.92014,0.0450267,0.0554096
temporal_fine_1e19,12,182,7.71981,1589,8.625,0.490387,-3.89644,0.639744,-3.49608,-3.93944,0.0506305,0.0813546
temporal_fine_1e19,12,183,17.7166,2833,11.0625,0.685413,-3.76332,0.618766,-3.00649,-3.92155,0.0605294,0.0296847
temporal_fine_1e19,12,184,15.6729,1199,11.5,0.996031,-4.16696,0.7227,-2.97848,-4.2608,0.0810548,0.0868769
temporal_fine_1e19,12,185,9.35242,1745,10.75,0.836269,-3.87823,0.639865,-3.27339,-3.95032,0.059914,0.0833627
temporal_fine_1e19,12,186,8.49211,1442,10.8125,0.980941,-3.8919,0.504292,-3.59865,-3.9202,0.0345396,0.0345519
temporal_fine_1e19,12,187,13.5661,659,11.0625,0.684162,-4.36197,0.652856,-3.40853,-4.40192,0.0497969,0.0664404
temporal_fine_1e19,12,188,5.97632,1651,7.8125,0.273965,-3.87349,0.683469,-3.41238,-3.92516,0.0502797,0.0773397
temporal_fine_1e19,12,189,14.441,1176,12.75,1.13128,-3.91835,0.534275,-3.19812,-3.97404,0.0674092,0.0788228
temporal_fine_1e19,12,190,10.2847,436,7.40625,0.203859,-4.04767,0.581958,-3.35976,-4.06648,0.0477927,0.0715179
temporal_fine_1e19,12,191,10.9483,1763,10.375,0.875573,-4.06587,0.677458,-3.40806,-4.14519,0.0525665,0.0653083
temporal_fine_1e19,13,0,17.6215,1730,13.0625,1.15817,-4.05188,0.683397,-3.09548,-4.16479,0.0707111,0.0767182
temporal_fine_1e19,13,1,6.47722,1437,8.5,0.175757,-3.91574,0.617179,-3.48138,-3.9575,0.0435009,0.0501005
temporal_fine_1e19,13,2,26.7346,891,12.1875,0.948245,-4.12147,0.621928,-3.04587,-4.18333,0.0602243,0.0435701
temporal_fine_1e19,13,3,17.4647,782,11.1875,0.560775,-4.01732,0.547008,-3.44284,-4.04612,0.0353563,0.0210064
temporal_fine_1e19,13,4,11.4199,1720,8.75,0.438515,-4.15567,0.660181,-3.48465,-4.23438,0.0466125,0.0549023
temporal_fine_1e19,13,5,23.8264,23,10.3125,0.665987,-4.39372,0.518354,-3.52541,-4.39495,0.0309701,0.0146726
temporal_fine_1e19,13,6,13.4397,586,9.0625,0.404002,-3.90942,0.466803,-3.51064,-3.92422,0.0333875,0.0143932
temporal_fine_1e19,13,7,10.9286,1102,10.0625,0.667311,-4.15466,0.68023,-3.38552,-4.21013,0.0566602,0.0701491
temporal_fine_1e19,13,8,14.4668,1667,9.9375,0.718087,-3.97931,0.669909,-3.3557,-4.04995,0.0632975,0.0834118
temporal_fine_1e19,13,9,10.4278,1424,11.1875,0.473458,-3.9441,0.596829,-3.44752,-3.99137,0.0416938,0.0364812
temporal_fine_1e19,13,10,12.4384,1758,8.9375,0.412705,-4.01259,0.553687,-3.52345,-4.07139,0.0408008,0.0410315
temporal_fine_1e19,13,11,25.4678,988,11.0625,0.975638,-4.43552,0.708316,-3.08577,-4.52214,0.0591498,0.0497658
temporal_fine_1e19,13,12,27.4368,1521,11.875,0.741599,-4.07857,0.699432,-2.78411,-4.21103,0.0786272,0.0627275
temporal_fine_1e19,13,13,11.4212,1999,9.0625,0.431785,-3.88137,0.537877,-3.37102,-3.95229,0.0407748,0.0218752
temporal_fine_1e19,13,14,14.9591,920,10.8125,0.556754,-3.96049,0.50617,-3.54208,-3.98538,0.033467,0.0175184
temporal_fine_1e19,13,15,7.0845,1736,11.25,0.815439,-3.85819,0.674172,-3.36442,-3.91671,0.0476291,0.0472714
temporal_fine_1e19,13,16,11.359,1874,10.75,0.766414,-3.89442,0.645322,-3.37005,-3.96215,0.0438702,0.0334338
temporal_fine_1e19,13,17,20.2114,669,12.375,1.13988,-4.43618,0.624554,-3.42786,-4.47911,0.0435997,0.0349483
temporal_fine_1e19,13,18,17.3342,2456,9.8125,0.450519,-3.84426,0.466031,-3.421,-3.91889,0.0398708,0.0315621
temporal_fine_1e19,13,19,24.1427,2508,15.625,0.879937,-3.86729,0.787285,-2.69821,-4.07859,0.0969611,0.0732552
temporal_fine_1e19,13,20,10.1645,2093,9.1875,0.485048,-3.96452,0.673008,-3.34887,-4.05469,0.0588383,0.0882746
temporal_fine_1e19,13,21,11.7449,978,10.125,0.648742,-4.04968,0.565495,-3.46174,-4.087,0.0390659,0.0295225
temporal_fine_1e19,13,22,10.6589,1305,9,0.63693,-4.04968,0.641465,-3.54197,-4.09362,0.0414472,0.0401818
temporal_fine_1e19,13,23,19.9146,220,10.4375,0.639287,-4.14992,0.557888,-3.20875,-4.16273,0.0576828,0.0543873
temporal_fine_1e19,13,24,22.401,1959,15.0625,0.579358,-4.21014,0.799885,-3.20862,-4.34615,0.0510315,0.0425366
temporal_fine_1e19,13,25,19.5465,292,10.75,0.701385,-4.19073,0.601654,-3.57219,-4.20195,0.035153,0.0264079
temporal_fine_1e19,13,26,30.987,2986,16.625,1.49889,-3.79173,0.791471,-2.65208,-4.04573,0.0927432,0.0751116
temporal_fine_1e19,13,27,17.8953,783,13.375,1.25087,-4.43231,0.731055,-3.33367,-4.48745,0.0575968,0.0757501
temporal_fine_1e19,13,28,25.0567,2705,14,0.930195,-4.07626,0.735855,-3.16965,-4.25555,0.0519688,0.0380004
temporal_fine_1e19,13,29,8.86677,2306,8.4375,0.396494,-3.84801,0.608853,-3.4599,-3.91158,0.0439855,0.0476868
temporal_fine_1e19,13,30,15.4545,1079,12.1875,0.498535,-3.90276,0.61357,-3.20968,-3.95162,0.0528934,0.0443924
temporal_fine_1e19,13,31,7.02563,242,9.5,0.451099,-3.82297,0.446661,-3.59108,-3.82645,0.0304806,0.0111203
temporal_fine_1e19,13,32,6.67594,1773,8.6875,0.35356,-3.80485,0.561768,-3.44993,-3.84792,0.0408331,0.0443432
temporal_fine_1e19,13,33,12.5239,1776,9.5,0.796932,-3.92626,0.626487,-3.47687,-3.98089,0.0364274,0.0205731
temporal_fine_1e19,13,34,10.214,2198,10.6875,0.7888,-3.94293,0.630239,-3.42841,-4.02265,0.0469782,0.053309
temporal_fine_1e19,13,35,11.2858,1699,10.75,0.637965,-3.91006,0.571395,-3.48919,-3.95876,0.0394836,0.0370068
temporal_fine_1e19,13,36,17.6183,1757,11.375,1.31491,-4.0839,0.710669,-3.26823,-4.18188,0.0777561,0.10236
temporal_fine_1e19,13,37,23.8078,3051,12.3125,0.740593,-3.87335,0.827882,-2.7801,-4.12352,0.0808342,0.0637062
temporal_fine_1e19,13,38,38.7319,2843,21.5,2.84611,-4.10174,0.909285,-2.68916,-4.39831,0.10134,0.121087
temporal_fine_1e19,13,39,10.9464,1659,9.5,0.513119,-3.91625,0.62645,-3.38764,-3.9758,0.0517484,0.0740862
temporal_fine_1e19,13,40,15.7443,1591,11.8125,0.758045,-4.32171,0.748609,-3.10273,-4.45281,0.0593126,0.0612796
temporal_fine_1e19,13,41,18.1827,1949,14,1.36092,-4.23249,0.779352,-3.21357,-4.37007,0.0566369,0.0550938
temporal_fine_1e19,13,42,25.2366,923,11.1875,0.721425,-4.42535,0.757984,-2.99238,-4.51089,0.0649719,0.0461443
temporal_fine_1e19,13,43,29.6975,2282,13.125,1.22828,-4.25605,0.930828,-2.78786,-4.49364,0.0798878,0.0629513
temporal_fine_1e19,13,44,20.9791,669,10.6875,0.500048,-4.08079,0.509072,-3.44971,-4.10766,0.0382346,0.0261495
temporal_fine_1e19,13,45,10.468,1648,9.75,0.688945,-4.11876,0.808362,-3.26467,-4.21428,0.0631098,0.0690569
temporal_fine_1e19,13,46,21.5468,1516,12.4375,1.27648,-4.30576,0.784141,-3.28144,-4.4102,0.0517412,0.0515691
temporal_fine_1e19,13,47,13.5225,2390,12.25,0.41657,-3.77661,0.600293,-3.28184,-3.86111,0.0437588,0.0247415
temporal_fine_1e19,13,48,9.91476,1799,9.4375,0.776005,-4.14096,0.810488,-3.0599,-4.2743,0.10327,0.137769
temporal_fine_1e19,13,49,16.3221,1807,11.125,0.900824,-4.37393,0.815204,-3.29335,-4.50789,0.0532877,0.0616982
temporal_fine_1e19,13,50,11.8396,1249,9.3125,0.574731,-4.01581,0.686797,-3.27071,-4.0773,0.05376,0.0580079
temporal_fine_1e19,13,51,16.7701,1439,12.375,0.646716,-4.08759,0.725595,-3.22293,-4.17085,0.0627009,0.0943354
temporal_fine_1e19,13,52,42.0232,3105,14.8125,1.02047,-3.85792,0.843954,-2.5398,-4.16613,0.102331,0.0585025
temporal_fine_1e19,13,53,14.044,3166,12.0625,0.795254,-3.8124,0.616802,-3.30444,-3.93407,0.0454751,0.0305662
temporal_fine_1e19,13,54,20.054,1125,12.5625,0.864193,-4.13139,0.664299,-3.30472,-4.19234,0.0444776,0.0336824
temporal_fine_1e19,13,55,8.11076,1800,9.9375,0.682678,-3.91063,0.637342,-3.44429,-3.96819,0.0521932,0.0765129
temporal_fine_1e19,13,56,15.996,1665,10.6875,0.723557,-4.15014,0.712436,-3.21846,-4.25553,0.0772314,0.099431
temporal_fine_1e19,13,57,7.36365,1468,8.5,0.999634,-3.8697,0.572054,-3.38721,-3.91718,0.0410278,0.0253787
temporal_fine_1e19,13,58,8.99026,1519,10.0625,0.525929,-3.80354,0.561351,-3.43174,-3.84154,0.0494444,0.0794444
temporal_fine_1e19,13,59,11.9024,2316,12.75,0.965952,-3.96504,0.673304,-3.45318,-4.04931,0.0451796,0.0497532
temporal_fine_1e19,13,60,10.1835,1657,9.9375,0.837085,-3.95187,0.649813,-3.4525,-4.00806,0.0507675,0.0715065
temporal_fine_1e19,13,61,30.6708,1818,14.1875,0.497918,-4.04562,0.659779,-3.11699,-4.16152,0.0542934,0.0377717
temporal_fine_1e19,13,62,14.9544,1669,18,1.44904,-4.10532,0.70689,-3.39488,-4.1859,0.0531287,0.0623579
temporal_fine_1e19,13,63,16.9391,737,11.4375,0.734147,-4.4058,0.685435,-3.62815,-4.44242,0.0356241,0.0335229
temporal_fine_1e19,13,64,20.0023,730,13,0.733617,-4.46526,0.685326,-3.28524,-4.52029,0.0458172,0.0355568
temporal_fine_1e19,13,65,8.7718,1588,10.5,0.644712,-3.86327,0.559228,-3.49868,-3.9024,0.0413616,0.0461976
temporal_fine_1e19,13,66,20.1216,1905,12,0.778304,-4.15339,0.7807,-3.29245,-4.26667,0.044063,0.0303918
temporal_fine_1e19,13,67,12.0147,1349,11.875,0.743717,-3.88279,0.593787,-3.28549,-3.93638,0.0671581,0.0936886
temporal_fine_1e19,13,68,7.4656,1885,8.5,0.391276,-3.77574,0.516609,-3.49452,-3.8123,0.0364834,0.0329065
temporal_fine_1e19,13,69,20.1761,1144,9.625,0.625664,-4.267,0.72225,-3.36467,-4.33473,0.0422218,0.0297449
temporal_fine_1e19,13,70,12.1922,1711,10.5625,1.15132,-4.1746,0.805548,-3.30286,-4.27625,0.0552642,0.0528495
temporal_fine_1e19,13,71,21.6139,1487,11.3125,1.1904,-4.27982,0.701587,-3.28398,-4.37922,0.0481303,0.043609
temporal_fine_1e19,13,72,11.4798,1701,10.1875,0.524919,-4.05485,0.624257,-3.37194,-4.13397,0.0565215,0.0727266
temporal_fine_1e19,13,73,23.4729,2730,12.0625,0.980646,-3.85739,0.585918,-3.04906,-4.019,0.0553991,0.0268734
temporal_fine_1e19,13,74,12.6044,671,10.5625,0.615692,-4.0412,0.594981,-3.47139,-4.06553,0.0357227,0.0184566
temporal_fine_1e19,13,75,17.8032,1197,15.125,0.958967,-3.95902,0.567553,-3.35961,-4.00626,0.0397817,0.0228297
temporal_fine_1e19,13,76,18.3879,1940,11.1875,1.38576,-4.05319,0.586855,-3.42538,-4.13751,0.0446309,0.0688315
temporal_fine_1e19,13,77,18.3751,2245,12.375,1.23663,-3.83624,0.616699,-3.28795,-3.9233,0.0510793,0.0552241
temporal_fine_1e19,13,78,11.1492,1794,9.5,0.610433,-4.00005,0.686289,-3.33444,-4.0819,0.0545648,0.0716546
temporal_fine_1e19,13,79,40.2106,1410,14.3125,0.676879,-4.07533,0.782323,-2.37791,-4.23517,0.121635,0.0686301
temporal_fine_1e19,13,80,20.0925,2919,13.5625,0.554977,-4.01416,0.683995,-3.27054,-4.17537,0.0449891,0.0244219
temporal_fine_1e19,13,81,7.73304,799,7.96875,0.356548,-3.7886,0.510891,-3.63128,-3.79667,0.0322923,0.0180261
temporal_fine_1e19,13,82,8.28954,1059,9.5625,0.349136,-3.91675,0.598994,-3.49643,-3.94579,0.0427165,0.0614362
temporal_fine_1e19,13,83,20.6578,2009,11.9375,0.703094,-4.19917,0.726038,-3.22439,-4.3354,0.0460677,0.0267124
temporal_fine_1e19,13,84,8.93325,2132,8.625,0.470185,-3.86341,0.601633,-3.48147,-3.92055,0.0389638,0.0279489
temporal_fine_1e19,13,85,24.1626,151,18.75,1.35678,-4.55775,0.647533,-3.30787,-4.56938,0.0493005,0.0439152
temporal_fine_1e19,13,86,7.60463,1689,9.1875,0.569327,-3.98772,0.685996,-3.49576,-4.04427,0.0549756,0.128593
temporal_fine_1e19,13,87,11.8338,1626,12.8125,1.08934,-4.0522,0.691383,-3.44105,-4.11954,0.0462251,0.0441044
temporal_fine_1e19,13,88,12.9994,2003,11.0625,0.952565,-4.02958,0.741508,-3.23683,-4.14,0.0726721,0.0992781
temporal_fine_1e19,13,89,6.22229,1908,7.0625,0.419681,-3.77964,0.574972,-3.47072,-3.82036,0.0373652,0.023499
temporal_fine_1e19,13,90,11.8697,3705,9.25,0.174213,-3.66258,0.662036,-3.0731,-3.83484,0.0569928,0.034513
temporal_fine_1e19,13,91,7.83772,1707,9.25,0.71552,-4.05205,0.766788,-3.31542,-4.13773,0.0615933,0.0815873
temporal_fine_1e19,13,92,24.6782,3543,11.125,0.381461,-3.73469,0.732714,-2.92193,-3.95894,0.0715902,0.0559055
temporal_fine_1e19,13,93,19.4835,2248,15.625,0.702327,-3.91345,0.624885,-3.31193,-4.0091,0.0444209,0.0290769
temporal_fine_1e19,13,94,12.2482,1583,9.9375,0.691696,-3.90044,0.523275,-3.50394,-3.94285,0.0366524,0.0260075
temporal_fine_1e19,13,95,12.1104,1408,10.5,1.15251,-4.31464,0.811602,-3.1987,-4.41956,0.0848503,0.151711
temporal_fine_1e19,13,96,26.8003,1260,13.5625,1.02698,-4.40577,0.71219,-3.16973,-4.50875,0.0524126,0.0307342
temporal_fine_1e19,13,97,19.4766,2082,11.9375,1.15502,-4.03086,0.770836,-3.02257,-4.17764,0.0607026,0.0406142
temporal_fine_1e19,13,98,14.9968,235,9,0.522726,-4.18652,0.564113,-3.37327,-4.19835,0.043095,0.0341341
temporal_fine_1e19,13,99,24.6114,520,10.5,0.569348,-4.32969,0.657064,-3.2658,-4.36457,0.0464301,0.0336779
temporal_fine_1e19,13,100,17.8487,1346,11.9375,0.689317,-4.35345,0.736297,-3.24586,-4.45258,0.0511265,0.0415518
temporal_fine_1e19,13,101,7.53689,966,8.5625,0.387257,-3.96569,0.641133,-3.47759,-3.99628,0.0534254,0.0951528
temporal_fine_1e19,13,102,7.1538,1088,9.0625,0.342995,-4.02106,0.648846,-3.40345,-4.06499,0.0491039,0.067188
temporal_fine_1e19,13,103,12.0071,115,7.78125,0.657148,-4.14473,0.55731,-3.57027,-4.14879,0.0326361,0.0160897
temporal_fine_1e19,13,104,8.2437,1958,8.6875,0.357265,-3.80069,0.539227,-3.50712,-3.84053,0.0375772,0.0342007
temporal_fine_1e19,13,105,11.1684,1200,9.1875,0.549933,-3.9874,0.590948,-3.38972,-4.03463,0.0421237,0.030185
temporal_fine_1e19,13,106,14.0615,1790,11.5625,0.931338,-4.22842,0.869131,-3.16893,-4.35836,0.0843402,0.103708
temporal_fine_1e19,13,107,14.2367,2345,12.4375,0.891386,-3.81518,0.547382,-3.45453,-3.87542,0.0362013,0.0215435
temporal_fine_1e19,13,108,10.7108,1861,11.9375,1.04561,-4.03985,0.688173,-3.33267,-4.13047,0.0636993,0.0888458
temporal_fine_1e19,13,109,16.1682,961,24.375,2.3449,-4.25147,0.725321,-3.03979,-4.32697,0.0936397,0.148209
temporal_fine_1e19,13,110,12.6405,22,8.1875,0.639956,-4.268,0.467652,-3.9291,-4.26846,0.0278499,0.0305922
temporal_fine_1e19,13,111,13.6398,2034,10.0625,0.66445,-4.04328,0.758124,-2.98891,-4.19273,0.0787102,0.0862805
temporal_fine_1e19,13,112,16.9049,1223,10.1875,0.888708,-4.11051,0.603875,-3.28967,-4.17672,0.0645825,0.0798421
temporal_fine_1e19,13,113,15.8304,275,9.6875,0.591636,-4.12572,0.527703,-3.52288,-4.13601,0.0342737,0.0162076
temporal_fine_1e19,13,114,23.4939,1797,13.5,0.758786,-4.13891,0.800866,-2.7909,-4.30497,0.0811617,0.0679574
temporal_fine_1e19,13,115,12.8962,1995,10.9375,0.828606,-4.06637,0.679151,-3.4232,-4.15555,0.0500094,0.0594895
temporal_fine_1e19,13,116,12.8223,789,9.75,0.670358,-4.30909,0.711112,-3.1328,-4.3686,0.0754873,0.108956
temporal_fine_1e19,13,117,13.2649,1606,13.4375,1.14208,-4.07844,0.628089,-3.34718,-4.15792,0.0602776,0.072215
temporal_fine_1e19,13,118,18.2932,3207,13,0.639386,-3.84892,0.658337,-3.14515,-4.0202,0.0529763,0.0394295
temporal_fine_1e19,13,119,15.1303,1595,11.375,0.654917,-4.12439,0.664635,-3.48021,-4.19386,0.0395706,0.0314661
temporal_fine_1e19,13,120,18.4737,158,10.75,1.00756,-4.50665,0.583305,-3.51043,-4.51635,0.046943,0.0763118
temporal_fine_1e19,13,121,8.20981,920,8.4375,0.679398,-3.83457,0.537861,-3.44024,-3.85803,0.0374779,0.0203981
temporal_fine_1e19,13,122,19.9946,1100,11.125,1.59865,-4.17441,0.585628,-3.38459,-4.23125,0.057909,0.0777452
temporal_fine_1e19,13,123,10.28,839,10.5625,0.686067,-4.00158,0.598885,-3.39331,-4.03441,0.0509016,0.0623196
temporal_fine_1e19,13,124,15.2188,195,9.375,0.733445,-4.30873,0.608585,-3.3773,-4.31995,0.0389657,0.0270839
temporal_fine_1e19,13,125,8.74971,1408,15.75,1.97346,-3.79967,0.534994,-3.53436,-3.82462,0.0454458,0.0769785
temporal_fine_1e19,13,126,13.529,1566,11.1875,1.02173,-4.15687,0.689446,-3.31434,-4.24591,0.0729565,0.111695
temporal_fine_1e19,13,127,15.6568,635,9.8125,0.853009,-3.857,0.536087,-3.40511,-3.87522,0.037917,0.0179776
temporal_fine_1e19,13,128,6.83249,1700,8.6875,0.336106,-3.72731,0.527618,-3.49528,-3.75418,0.0369757,0.0273378
temporal_fine_1e19,13,129,11.2684,2439,12.8125,1.5545,-3.80956,0.507293,-3.56455,-3.85241,0.0349752,0.0289708
temporal_fine_1e19,13,130,16.6265,349,9.875,0.63629,-4.16743,0.523351,-3.50662,-4.18181,0.040874,0.0587342
temporal_fine_1e19,13,131,16.7037,2209,10.875,0.731026,-3.97668,0.664353,-3.25415,-4.08927,0.0488584,0.0384085
temporal_fine_1e19,13,132,12.5351,1324,14,1.24709,-4.13328,0.708013,-3.13057,-4.22143,0.0984969,0.15826
temporal_fine_1e19,13,133,17.0752,3481,16.5,0.658935,-3.95623,0.676645,-3.28622,-4.13699,0.0475203,0.0406592
temporal_fine_1e19,13,134,17.2083,205,9.25,0.36463,-4.14607,0.529257,-3.51111,-4.15412,0.0364043,0.0288444
temporal_fine_1e19,13,135,24.2633,2639,23,0.931935,-3.82601,0.722777,-2.75745,-4.03117,0.0797615,0.0479523
temporal_fine_1e19,13,136,12.004,2650,14.1875,1.52208,-4.18306,0.949536,-2.97637,-4.4159,0.0770708,0.0930777
temporal_fine_1e19,13,137,8.80488,1704,10.25,0.302002,-3.83149,0.640276,-3.4901,-3.87111,0.047794,0.0790249
temporal_fine_1e19,13,138,15.9556,1874,12.75,1.29934,-3.77777,0.454348,-3.39723,-3.82692,0.0390644,0.0180102
temporal_fine_1e19,13,139,18.1499,606,14.0625,0.850642,-4.30732,0.618381,-3.52275,-4.33746,0.0331939,0.0176545
temporal_fine_1e19,13,140,12.5961,441,10.5,0.893331,-4.18511,0.55875,-3.51895,-4.20354,0.0446622,0.0690704
temporal_fine_1e19,13,141,9.10187,1054,12.8125,0.793126,-3.88809,0.526902,-3.56014,-3.91063,0.0335676,0.0190491
temporal_fine_1e19,13,142,12.2757,1720,12.5625,0.870188,-4.08118,0.771768,-3.18654,-4.18612,0.0727144,0.104148
temporal_fine_1e19,13,143,25.527,593,12.5,0.820355,-4.35447,0.66648,-3.33722,-4.39267,0.0442008,0.0362148
temporal_fine_1e19,13,144,11.9006,1987,10.625,1.01145,-3.8808,0.566409,-3.3391,-3.95556,0.0438289,0.0260473
temporal_fine_1e19,13,145,10.3276,1418,9.8125,0.726325,-3.9468,0.632017,-3.29933,-4.00815,0.0606696,0.0798883
temporal_fine_1e19,13,146,5.93564,2643,9.1875,1.0351,-3.74643,0.595741,-3.39632,-3.81378,0.0467756,0.0778556
temporal_fine_1e19,13,147,18.8533,808,12.6875,0.574209,-4.1779,0.625906,-3.3839,-4.21909,0.0427391,0.0412506
temporal_fine_1e19,13,148,16.272,350,9.75,0.645077,-4.29505,0.578849,-3.56403,-4.31101,0.0348769,0.0211759
temporal_fine_1e19,13,149,12.3458,919,15.3125,2.4001,-4.16063,0.7772,-2.77547,-4.24294,0.132352,0.201688
temporal_fine_1e19,13,150,14.5202,2341,9.875,0.904209,-3.85605,0.575928,-3.3749,-3.93625,0.0431986,0.0333013
temporal_fine_1e19,13,151,14.4068,1834,11.625,1.04245,-4.11272,0.660568,-3.45712,-4.19535,0.0613045,0.0903849
temporal_fine_1e19,13,152,8.95427,870,11.4375,0.613758,-3.96409,0.576205,-3.49699,-3.99028,0.0429117,0.0657495
temporal_fine_1e19,13,153,9.98273,1955,9.6875,1.27953,-4.0626,0.747081,-3.28509,-4.16795,0.0674594,0.0935805
temporal_fine_1e19,13,154,14.6529,1760,10.8125,0.987634,-4.0194,0.583009,-3.37674,-4.09674,0.0639461,0.0950659
temporal_fine_1e19,13,155,17.2187,946,13.1875,0.970989,-4.4001,0.723101,-3.19875,-4.47372,0.0577987,0.0665416
temporal_fine_1e19,13,156,11.409,950,9.8125,0.446143,-4.30375,0.647704,-3.46551,-4.35534,0.0394291,0.0318818
temporal_fine_1e19,13,157,11.4838,1552,9.5,0.905212,-4.00873,0.6808,-3.35489,-4.07715,0.0537231,0.0579776
temporal_fine_1e19,13,158,11.8525,1636,8.6875,0.525965,-4.03145,0.54453,-3.42564,-4.09865,0.0367495,0.0136809
temporal_fine_1e19,13,159,15.9519,599,10.625,0.731714,-4.52432,0.853193,-3.15349,-4.57634,0.0839256,0.13641
temporal_fine_1e19,13,160,10.0009,1850,9.5625,0.648795,-3.94269,0.664845,-3.43729,-4.00702,0.0425877,0.0390299
temporal_fine_1e19,13,161,6.87472,2020,9.375,0.838704,-3.79531,0.542926,-3.55122,-3.82964,0.0385979,0.0428235
temporal_fine_1e19,13,162,11.6852,988,15.0625,1.12301,-4.05973,0.620452,-3.38065,-4.10331,0.0606018,0.090678
temporal_fine_1e19,13,163,19.4493,531,17.25,1.69564,-4.26889,0.665577,-3.33047,-4.30032,0.0433949,0.0310353
temporal_fine_1e19,13,164,14.9452,1849,14.0625,1.19668,-4.07346,0.679608,-3.39836,-4.15934,0.0538239,0.0675901
temporal_fine_1e19,13,165,12.9632,950,15.125,3.89535,-3.9043,0.529312,-3.42062,-3.93407,0.0436866,0.0379065
temporal_fine_1e19,13,166,9.4594,1644,10.5625,0.494605,-3.90288,0.620418,-3.38337,-3.96082,0.0543581,0.0817793
temporal_fine_1e19,13,167,13.024,1525,11.125,0.967659,-4.07294,0.707835,-3.31677,-4.15055,0.0484092,0.0457633
temporal_fine_1e19,13,168,16.8301,1800,12.9375,0.725679,-4.20684,0.734596,-3.36885,-4.31026,0.0464488,0.0390176
temporal_fine_1e19,13,169,14.213,1498,14.25,1.0506,-4.02839,0.594979,-3.45025,-4.08657,0.0411159,0.0475836
temporal_fine_1e19,13,170,18.7156,1106,13.375,1.28419,-4.16883,0.637831,-3.30394,-4.23145,0.048769,0.0438794
temporal_fine_1e19,13,171,17.3096,349,9.125,0.712308,-4.21075,0.551961,-3.54724,-4.22519,0.034052,0.0195769
temporal_fine_1e19,13,172,12.4205,1999,10.3125,0.806722,-3.97233,0.673527,-3.36703,-4.05645,0.05415,0.0704632
temporal_fine_1e19,13,173,18.9758,1283,11.9375,0.869585,-4.06694,0.597787,-3.34596,-4.1282,0.0415801,0.0255906
temporal_fine_1e19,13,174,17.7746,1940,10.1875,0.785981,-4.14837,0.653854,-3.3154,-4.26024,0.0700644,0.0934406
temporal_fine_1e19,13,175,8.85881,1993,11.0625,1.95736,-4.00601,0.652956,-3.47177,-4.07999,0.0602158,0.0940754
temporal_fine_1e19,13,176,11.6504,1647,10.75,1.04578,-4.01742,0.606542,-3.44518,-4.08137,0.0489613,0.0639478
temporal_fine_1e19,13,177,24.2969,2055,14.375,1.39184,-4.01071,0.642302,-3.3179,-4.11007,0.0469736,0.0322792
temporal_fine_1e19,13,178,15.1884,2136,11.625,0.838213,-4.07396,0.716905,-3.35403,-4.18189,0.0477281,0.0449206
temporal_fine_1e19,13,179,11.3184,1397,11.25,0.877454,-3.94603,0.595081,-3.35553,-4.00107,0.0561697,0.0720066
temporal_fine_1e19,13,180,26.0322,468,12.8125,1.06254,-4.51088,0.64571,-3.29204,-4.54671,0.0473701,0.0371688
temporal_fine_1e19,13,181,9.30178,1856,9.8125,0.863227,-3.79144,0.509483,-3.38714,-3.84309,0.0398102,0.0186305
temporal_fine_1e19,13,182,7.82228,1933,11.5625,0.519371,-3.83058,0.574348,-3.51011,-3.87344,0.0391549,0.0390747
temporal_fine_1e19,13,183,24.5554,2606,12.6875,0.895139,-4.01324,0.655858,-3.18121,-4.17062,0.0506925,0.029095
temporal_fine_1e19,13,184,16.7317,1527,10.8125,0.815206,-4.18969,0.770909,-3.09826,-4.30186,0.0623753,0.056627
temporal_fine_1e19,13,185,14.1455,442,11.8125,0.692688,-4.11949,0.528182,-3.56469,-4.13487,0.0379702,0.0530406
temporal_fine_1e19,13,186,26.946,1830,13.9375,0.623353,-4.15013,0.811066,-2.58975,-4.34633,0.0914579,0.0512374
temporal_fine_1e19,13,187,7.71489,1873,8.375,0.372195,-3.76467,0.562103,-3.39627,-3.81223,0.0403763,0.022534
temporal_fine_1e19,13,188,22.6269,1002,11,0.861638,-4.25684,0.662375,-3.21755,-4.32454,0.0559161,0.0566242
temporal_fine_1e19,13,189,10.331,602,8.375,0.681448,-4.01963,0.531399,-3.39139,-4.04359,0.0414407,0.0283374
temporal_fine_1e19,13,190,20.7616,1746,10.5,0.461766,-4.03265,0.613681,-3.31773,-4.11793,0.0414411,0.0210384
temporal_fine_1e19,13,191,24.0482,3042,11.5625,0.901462,-3.86751,0.771327,-2.76863,-4.11805,0.0831655,0.0558803
