run,layer,head_or_dim,attn_max_logit,attn_out_in_ratio,mlp_out_in_ratio,resid_absmean
dense_local,0,0,12.4941,0.113844,0.839371
dense_local,0,1,8.45966,0.113844,0.839371
dense_local,0,2,13.0238,0.113844,0.839371
dense_local,0,3,9.01899,0.113844,0.839371
dense_local,0,4,10.6405,0.113844,0.839371
dense_local,0,5,3.36839,0.113844,0.839371
dense_local,0,6,8.42682,0.113844,0.839371
dense_local,0,7,12.3829,0.113844,0.839371
dense_local,0,8,11.1789,0.113844,0.839371
dense_local,0,9,4.89024,0.113844,0.839371
dense_local,0,10,15.659,0.113844,0.839371
dense_local,0,11,8.92323,0.113844,0.839371
dense_local,0,12,4.49044,0.113844,0.839371
dense_local,0,13,15.2933,0.113844,0.839371
dense_local,0,14,4.5467,0.113844,0.839371
dense_local,0,15,10.6802,0.113844,0.839371
dense_local,1,0,10.5516,0.164611,0.629058
dense_local,1,1,3.13999,0.164611,0.629058
dense_local,1,2,11.3086,0.164611,0.629058
dense_local,1,3,10.1668,0.164611,0.629058
dense_local,1,4,12.1614,0.164611,0.629058
dense_local,1,5,9.75671,0.164611,0.629058
dense_local,1,6,12.1164,0.164611,0.629058
dense_local,1,7,9.39626,0.164611,0.629058
dense_local,1,8,13.5032,0.164611,0.629058
dense_local,1,9,11.0507,0.164611,0.629058
dense_local,1,10,17.7351,0.164611,0.629058
dense_local,1,11,11.07,0.164611,0.629058
dense_local,1,12,11.4985,0.164611,0.629058
dense_local,1,13,12.3436,0.164611,0.629058
dense_local,1,14,5.17662,0.164611,0.629058
dense_local,1,15,12.8096,0.164611,0.629058
dense_local,2,0,22.3777,0.220564,0.565619
dense_local,2,1,12.8633,0.220564,0.565619
dense_local,2,2,12.3567,0.220564,0.565619
dense_local,2,3,13.8886,0.220564,0.565619
dense_local,2,4,17.8417,0.220564,0.565619
dense_local,2,5,18.2306,0.220564,0.565619
dense_local,2,6,14.5291,0.220564,0.565619
dense_local,2,7,9.91855,0.220564,0.565619
dense_local,2,8,12.0097,0.220564,0.565619
dense_local,2,9,12.4948,0.220564,0.565619
dense_local,2,10,12.373,0.220564,0.565619
dense_local,2,11,7.93539,0.220564,0.565619
dense_local,2,12,12.4859,0.220564,0.565619
dense_local,2,13,13.9231,0.220564,0.565619
dense_local,2,14,14.5919,0.220564,0.565619
dense_local,2,15,15.2299,0.220564,0.565619
dense_local,3,0,9.78612,0.325325,0.538897
dense_local,3,1,8.22768,0.325325,0.538897
dense_local,3,2,12.299,0.325325,0.538897
dense_local,3,3,15.4389,0.325325,0.538897
dense_local,3,4,7.31772,0.325325,0.538897
dense_local,3,5,13.9571,0.325325,0.538897
dense_local,3,6,11.7505,0.325325,0.538897
dense_local,3,7,14.1342,0.325325,0.538897
dense_local,3,8,14.5233,0.325325,0.538897
dense_local,3,9,10.4703,0.325325,0.538897
dense_local,3,10,12.5882,0.325325,0.538897
dense_local,3,11,13.8833,0.325325,0.538897
dense_local,3,12,10.6709,0.325325,0.538897
dense_local,3,13,10.9191,0.325325,0.538897
dense_local,3,14,11.4636,0.325325,0.538897
dense_local,3,15,9.78677,0.325325,0.538897
dense_local,4,0,13.5816,0.320586,0.494054
dense_local,4,1,6.42402,0.320586,0.494054
dense_local,4,2,12.697,0.320586,0.494054
dense_local,4,3,11.9964,0.320586,0.494054
dense_local,4,4,6.76391,0.320586,0.494054
dense_local,4,5,9.93462,0.320586,0.494054
dense_local,4,6,14.4182,0.320586,0.494054
dense_local,4,7,14.4943,0.320586,0.494054
dense_local,4,8,10.4453,0.320586,0.494054
dense_local,4,9,13.2959,0.320586,0.494054
dense_local,4,10,10.9903,0.320586,0.494054
dense_local,4,11,12.3447,0.320586,0.494054
dense_local,4,12,8.7435,0.320586,0.494054
dense_local,4,13,13.077,0.320586,0.494054
dense_local,4,14,12.8356,0.320586,0.494054
dense_local,4,15,7.42909,0.320586,0.494054
dense_local,5,0,16.6036,0.449612,0.516036
dense_local,5,1,12.7685,0.449612,0.516036
dense_local,5,2,11.6405,0.449612,0.516036
dense_local,5,3,19.0297,0.449612,0.516036
dense_local,5,4,8.39105,0.449612,0.516036
dense_local,5,5,14.2853,0.449612,0.516036
dense_local,5,6,9.03922,0.449612,0.516036
dense_local,5,7,14.8381,0.449612,0.516036
dense_local,5,8,16.5414,0.449612,0.516036
dense_local,5,9,38.2732,0.449612,0.516036
dense_local,5,10,13.861,0.449612,0.516036
dense_local,5,11,11.239,0.449612,0.516036
dense_local,5,12,12.4867,0.449612,0.516036
dense_local,5,13,13.8631,0.449612,0.516036
dense_local,5,14,16.6261,0.449612,0.516036
dense_local,5,15,15.6693,0.449612,0.516036
dense_local,6,0,9.12817,0.314548,0.49525
dense_local,6,1,11.4451,0.314548,0.49525
dense_local,6,2,21.6232,0.314548,0.49525
dense_local,6,3,10.696,0.314548,0.49525
dense_local,6,4,7.71804,0.314548,0.49525
dense_local,6,5,10.9538,0.314548,0.49525
dense_local,6,6,13.3012,0.314548,0.49525
dense_local,6,7,14.7458,0.314548,0.49525
dense_local,6,8,16.4526,0.314548,0.49525
dense_local,6,9,16.7097,0.314548,0.49525
dense_local,6,10,9.74541,0.314548,0.49525
dense_local,6,11,12.214,0.314548,0.49525
dense_local,6,12,12.2068,0.314548,0.49525
dense_local,6,13,10.6904,0.314548,0.49525
dense_local,6,14,15.6398,0.314548,0.49525
dense_local,6,15,8.57526,0.314548,0.49525
dense_local,7,0,10.9839,0.308437,0.52186
dense_local,7,1,13.3965,0.308437,0.52186
dense_local,7,2,12.5303,0.308437,0.52186
dense_local,7,3,16.0247,0.308437,0.52186
dense_local,7,4,11.5917,0.308437,0.52186
dense_local,7,5,8.63459,0.308437,0.52186
dense_local,7,6,18.9728,0.308437,0.52186
dense_local,7,7,12.1267,0.308437,0.52186
dense_local,7,8,13.8556,0.308437,0.52186
dense_local,7,9,18.0624,0.308437,0.52186
dense_local,7,10,15.7696,0.308437,0.52186
dense_local,7,11,14.2972,0.308437,0.52186
dense_local,7,12,17.6363,0.308437,0.52186
dense_local,7,13,12.9351,0.308437,0.52186
dense_local,7,14,13.1041,0.308437,0.52186
dense_local,7,15,15.8974,0.308437,0.52186
dense_local,8,0,17.3145,0.381428,0.67052
dense_local,8,1,15.4138,0.381428,0.67052
dense_local,8,2,13.2369,0.381428,0.67052
dense_local,8,3,13.2075,0.381428,0.67052
dense_local,8,4,10.557,0.381428,0.67052
dense_local,8,5,18.5382,0.381428,0.67052
dense_local,8,6,11.9255,0.381428,0.67052
dense_local,8,7,13.554,0.381428,0.67052
dense_local,8,8,15.0778,0.381428,0.67052
dense_local,8,9,15.0138,0.381428,0.67052
dense_local,8,10,14.0652,0.381428,0.67052
dense_local,8,11,15.2376,0.381428,0.67052
dense_local,8,12,12.1275,0.381428,0.67052
dense_local,8,13,16.3075,0.381428,0.67052
dense_local,8,14,12.384,0.381428,0.67052
dense_local,8,15,15.6807,0.381428,0.67052
dense_local,-1,35,,,,0.185591
dense_local,-1,144,,,,0.184844
dense_local,-1,28,,,,0.178871
dense_local,-1,66,,,,0.17447
dense_local,-1,211,,,,0.174318
dense_local,-1,241,,,,0.170894
dense_local,-1,250,,,,0.170695
dense_local,-1,63,,,,0.167211
dense_local,-1,166,,,,0.159989
dense_local,-1,112,,,,0.157784
dense_local,-1,191,,,,0.157534
dense_local,-1,222,,,,0.157073
dense_local,-1,220,,,,0.156149
dense_local,-1,57,,,,0.155391
dense_local,-1,189,,,,0.155383
dense_local,-1,155,,,,0.152216
dense_local,-1,198,,,,0.152095
dense_local,-1,20,,,,0.15175
dense_local,-1,232,,,,0.147676
dense_local,-1,136,,,,0.147433
dense_local,-1,61,,,,0.147369
dense_local,-1,27,,,,0.146527
dense_local,-1,194,,,,0.146384
dense_local,-1,247,,,,0.146084
dense_local,-1,6,,,,0.145931
dense_local,-1,167,,,,0.144491
dense_local,-1,145,,,,0.143945
dense_local,-1,122,,,,0.143493
dense_local,-1,120,,,,0.14349
dense_local,-1,21,,,,0.143245
dense_local,-1,94,,,,0.142235
dense_local,-1,201,,,,0.141457
dense_local,-1,74,,,,0.1412
dense_local,-1,13,,,,0.140264
dense_local,-1,26,,,,0.139192
dense_local,-1,31,,,,0.13908
dense_local,-1,121,,,,0.138995
dense_local,-1,45,,,,0.138664
dense_local,-1,174,,,,0.13866
dense_local,-1,135,,,,0.138368
dense_local,-1,225,,,,0.138021
dense_local,-1,164,,,,0.137636
dense_local,-1,53,,,,0.137176
dense_local,-1,1,,,,0.136207
dense_local,-1,78,,,,0.135189
dense_local,-1,173,,,,0.135032
dense_local,-1,179,,,,0.134913
dense_local,-1,96,,,,0.134779
dense_local,-1,32,,,,0.13438
dense_local,-1,44,,,,0.134143
dense_local,-1,208,,,,0.134051
dense_local,-1,221,,,,0.133939
dense_local,-1,230,,,,0.133703
dense_local,-1,113,,,,0.133561
dense_local,-1,25,,,,0.133356
dense_local,-1,205,,,,0.133249
dense_local,-1,139,,,,0.132675
dense_local,-1,180,,,,0.132498
dense_local,-1,39,,,,0.132397
dense_local,-1,76,,,,0.132167
dense_local,-1,12,,,,0.132096
dense_local,-1,184,,,,0.131488
dense_local,-1,141,,,,0.131393
dense_local,-1,11,,,,0.131383
dense_local,-1,-1,,,,0.122781
dense_local,-1,-2,,,,0.185591
g1_moe,0,0,8.15939,0.144244,1.35704
g1_moe,0,1,4.35884,0.144244,1.35704
g1_moe,0,2,15.3342,0.144244,1.35704
g1_moe,0,3,9.96763,0.144244,1.35704
g1_moe,0,4,9.14689,0.144244,1.35704
g1_moe,0,5,11.1364,0.144244,1.35704
g1_moe,0,6,10.072,0.144244,1.35704
g1_moe,0,7,10.6561,0.144244,1.35704
g1_moe,0,8,12.659,0.144244,1.35704
g1_moe,0,9,10.3471,0.144244,1.35704
g1_moe,0,10,13.5779,0.144244,1.35704
g1_moe,0,11,3.90827,0.144244,1.35704
g1_moe,0,12,9.7421,0.144244,1.35704
g1_moe,0,13,15.7843,0.144244,1.35704
g1_moe,0,14,16.9069,0.144244,1.35704
g1_moe,0,15,11.0471,0.144244,1.35704
g1_moe,1,0,7.64667,0.401231,0.0179225
g1_moe,1,1,11.2586,0.401231,0.0179225
g1_moe,1,2,18.5905,0.401231,0.0179225
g1_moe,1,3,14.4343,0.401231,0.0179225
g1_moe,1,4,15.9933,0.401231,0.0179225
g1_moe,1,5,9.97607,0.401231,0.0179225
g1_moe,1,6,12.9363,0.401231,0.0179225
g1_moe,1,7,9.65935,0.401231,0.0179225
g1_moe,1,8,11.5609,0.401231,0.0179225
g1_moe,1,9,12.5416,0.401231,0.0179225
g1_moe,1,10,8.58892,0.401231,0.0179225
g1_moe,1,11,14.7828,0.401231,0.0179225
g1_moe,1,12,8.80922,0.401231,0.0179225
g1_moe,1,13,13.552,0.401231,0.0179225
g1_moe,1,14,13.3225,0.401231,0.0179225
g1_moe,1,15,12.7279,0.401231,0.0179225
g1_moe,2,0,15.143,0.411636,0.0197971
g1_moe,2,1,9.85883,0.411636,0.0197971
g1_moe,2,2,16.8374,0.411636,0.0197971
g1_moe,2,3,14.2041,0.411636,0.0197971
g1_moe,2,4,14.9138,0.411636,0.0197971
g1_moe,2,5,16.6334,0.411636,0.0197971
g1_moe,2,6,15.5639,0.411636,0.0197971
g1_moe,2,7,14.7105,0.411636,0.0197971
g1_moe,2,8,7.83929,0.411636,0.0197971
g1_moe,2,9,12.4644,0.411636,0.0197971
g1_moe,2,10,11.4055,0.411636,0.0197971
g1_moe,2,11,15.6236,0.411636,0.0197971
g1_moe,2,12,12.7575,0.411636,0.0197971
g1_moe,2,13,9.34296,0.411636,0.0197971
g1_moe,2,14,13.0546,0.411636,0.0197971
g1_moe,2,15,13.7188,0.411636,0.0197971
g1_moe,3,0,9.27903,0.397393,0.0206276
g1_moe,3,1,11.962,0.397393,0.0206276
g1_moe,3,2,12.9314,0.397393,0.0206276
g1_moe,3,3,8.6692,0.397393,0.0206276
g1_moe,3,4,12.4833,0.397393,0.0206276
g1_moe,3,5,13.3686,0.397393,0.0206276
g1_moe,3,6,9.96195,0.397393,0.0206276
g1_moe,3,7,9.90229,0.397393,0.0206276
g1_moe,3,8,19.4261,0.397393,0.0206276
g1_moe,3,9,13.7891,0.397393,0.0206276
g1_moe,3,10,19.7866,0.397393,0.0206276
g1_moe,3,11,9.45702,0.397393,0.0206276
g1_moe,3,12,15.1498,0.397393,0.0206276
g1_moe,3,13,12.0973,0.397393,0.0206276
g1_moe,3,14,8.53324,0.397393,0.0206276
g1_moe,3,15,8.73183,0.397393,0.0206276
g1_moe,4,0,11.301,0.399357,0.0219835
g1_moe,4,1,15.2368,0.399357,0.0219835
g1_moe,4,2,9.05841,0.399357,0.0219835
g1_moe,4,3,11.5525,0.399357,0.0219835
g1_moe,4,4,8.10875,0.399357,0.0219835
g1_moe,4,5,9.46736,0.399357,0.0219835
g1_moe,4,6,14.2327,0.399357,0.0219835
g1_moe,4,7,17.4283,0.399357,0.0219835
g1_moe,4,8,13.1135,0.399357,0.0219835
g1_moe,4,9,10.7424,0.399357,0.0219835
g1_moe,4,10,8.55901,0.399357,0.0219835
g1_moe,4,11,17.2828,0.399357,0.0219835
g1_moe,4,12,9.71292,0.399357,0.0219835
g1_moe,4,13,14.836,0.399357,0.0219835
g1_moe,4,14,16.8081,0.399357,0.0219835
g1_moe,4,15,14.2947,0.399357,0.0219835
g1_moe,5,0,12.9484,0.295895,0.0287771
g1_moe,5,1,12.5035,0.295895,0.0287771
g1_moe,5,2,8.44408,0.295895,0.0287771
g1_moe,5,3,9.73691,0.295895,0.0287771
g1_moe,5,4,23.1511,0.295895,0.0287771
g1_moe,5,5,13.3815,0.295895,0.0287771
g1_moe,5,6,17.9765,0.295895,0.0287771
g1_moe,5,7,11.5316,0.295895,0.0287771
g1_moe,5,8,9.11218,0.295895,0.0287771
g1_moe,5,9,5.85367,0.295895,0.0287771
g1_moe,5,10,9.79673,0.295895,0.0287771
g1_moe,5,11,6.38342,0.295895,0.0287771
g1_moe,5,12,11.0206,0.295895,0.0287771
g1_moe,5,13,13.1175,0.295895,0.0287771
g1_moe,5,14,10.5708,0.295895,0.0287771
g1_moe,5,15,14.265,0.295895,0.0287771
g1_moe,6,0,11.8657,0.391812,0.0366287
g1_moe,6,1,28.9014,0.391812,0.0366287
g1_moe,6,2,17.2213,0.391812,0.0366287
g1_moe,6,3,14.3737,0.391812,0.0366287
g1_moe,6,4,20.4572,0.391812,0.0366287
g1_moe,6,5,8.2522,0.391812,0.0366287
g1_moe,6,6,15.4774,0.391812,0.0366287
g1_moe,6,7,9.40394,0.391812,0.0366287
g1_moe,6,8,17.855,0.391812,0.0366287
g1_moe,6,9,39.1546,0.391812,0.0366287
g1_moe,6,10,15.3341,0.391812,0.0366287
g1_moe,6,11,11.6762,0.391812,0.0366287
g1_moe,6,12,15.552,0.391812,0.0366287
g1_moe,6,13,14.12,0.391812,0.0366287
g1_moe,6,14,20.0732,0.391812,0.0366287
g1_moe,6,15,10.254,0.391812,0.0366287
g1_moe,7,0,11.7649,0.302286,0.040072
g1_moe,7,1,13.7762,0.302286,0.040072
g1_moe,7,2,17.5331,0.302286,0.040072
g1_moe,7,3,9.83039,0.302286,0.040072
g1_moe,7,4,9.16092,0.302286,0.040072
g1_moe,7,5,17.6902,0.302286,0.040072
g1_moe,7,6,13.9659,0.302286,0.040072
g1_moe,7,7,18.0655,0.302286,0.040072
g1_moe,7,8,11.7228,0.302286,0.040072
g1_moe,7,9,10.7479,0.302286,0.040072
g1_moe,7,10,12.8342,0.302286,0.040072
g1_moe,7,11,12.1988,0.302286,0.040072
g1_moe,7,12,17.3552,0.302286,0.040072
g1_moe,7,13,10.3766,0.302286,0.040072
g1_moe,7,14,10.2608,0.302286,0.040072
g1_moe,7,15,16.0038,0.302286,0.040072
g1_moe,8,0,10.4331,0.198893,0.0639614
g1_moe,8,1,11.667,0.198893,0.0639614
g1_moe,8,2,9.18201,0.198893,0.0639614
g1_moe,8,3,13.5432,0.198893,0.0639614
g1_moe,8,4,14.9495,0.198893,0.0639614
g1_moe,8,5,15.6626,0.198893,0.0639614
g1_moe,8,6,12.0804,0.198893,0.0639614
g1_moe,8,7,13.2193,0.198893,0.0639614
g1_moe,8,8,13.7847,0.198893,0.0639614
g1_moe,8,9,10.8416,0.198893,0.0639614
g1_moe,8,10,14.7904,0.198893,0.0639614
g1_moe,8,11,12.2265,0.198893,0.0639614
g1_moe,8,12,11.6424,0.198893,0.0639614
g1_moe,8,13,12.4831,0.198893,0.0639614
g1_moe,8,14,11.263,0.198893,0.0639614
g1_moe,8,15,13.6083,0.198893,0.0639614
g1_moe,-1,63,,,,0.17828
g1_moe,-1,141,,,,0.176483
g1_moe,-1,35,,,,0.170986
g1_moe,-1,166,,,,0.166245
g1_moe,-1,36,,,,0.165424
g1_moe,-1,135,,,,0.16355
g1_moe,-1,144,,,,0.163289
g1_moe,-1,250,,,,0.157271
g1_moe,-1,61,,,,0.150988
g1_moe,-1,78,,,,0.149973
g1_moe,-1,254,,,,0.14986
g1_moe,-1,13,,,,0.146618
g1_moe,-1,156,,,,0.146495
g1_moe,-1,57,,,,0.145719
g1_moe,-1,89,,,,0.145295
g1_moe,-1,148,,,,0.144879
g1_moe,-1,81,,,,0.1447
g1_moe,-1,212,,,,0.144024
g1_moe,-1,238,,,,0.14242
g1_moe,-1,31,,,,0.140718
g1_moe,-1,27,,,,0.140546
g1_moe,-1,194,,,,0.140386
g1_moe,-1,55,,,,0.140218
g1_moe,-1,28,,,,0.140065
g1_moe,-1,146,,,,0.140032
g1_moe,-1,62,,,,0.139553
g1_moe,-1,222,,,,0.138724
g1_moe,-1,198,,,,0.138244
g1_moe,-1,98,,,,0.138152
g1_moe,-1,230,,,,0.138117
g1_moe,-1,76,,,,0.135975
g1_moe,-1,12,,,,0.135815
g1_moe,-1,45,,,,0.135656
g1_moe,-1,184,,,,0.135383
g1_moe,-1,105,,,,0.134229
g1_moe,-1,56,,,,0.133896
g1_moe,-1,120,,,,0.133566
g1_moe,-1,203,,,,0.133429
g1_moe,-1,112,,,,0.133102
g1_moe,-1,122,,,,0.132909
g1_moe,-1,158,,,,0.132812
g1_moe,-1,51,,,,0.132619
g1_moe,-1,164,,,,0.131081
g1_moe,-1,179,,,,0.130609
g1_moe,-1,1,,,,0.129806
g1_moe,-1,190,,,,0.129421
g1_moe,-1,23,,,,0.129167
g1_moe,-1,54,,,,0.128941
g1_moe,-1,174,,,,0.127852
g1_moe,-1,216,,,,0.127615
g1_moe,-1,130,,,,0.127588
g1_moe,-1,136,,,,0.127516
g1_moe,-1,145,,,,0.127191
g1_moe,-1,48,,,,0.12715
g1_moe,-1,162,,,,0.126816
g1_moe,-1,96,,,,0.126808
g1_moe,-1,211,,,,0.126457
g1_moe,-1,11,,,,0.126145
g1_moe,-1,181,,,,0.12587
g1_moe,-1,74,,,,0.124813
g1_moe,-1,221,,,,0.124325
g1_moe,-1,39,,,,0.124232
g1_moe,-1,69,,,,0.123925
g1_moe,-1,6,,,,0.123906
g1_moe,-1,-1,,,,0.116533
g1_moe,-1,-2,,,,0.17828
g1_temporal,0,0,8.49536,0.141378,1.19814
g1_temporal,0,1,10.9259,0.141378,1.19814
g1_temporal,0,2,13.0698,0.141378,1.19814
g1_temporal,0,3,10.6133,0.141378,1.19814
g1_temporal,0,4,10.4687,0.141378,1.19814
g1_temporal,0,5,8.31917,0.141378,1.19814
g1_temporal,0,6,9.9229,0.141378,1.19814
g1_temporal,0,7,15.4639,0.141378,1.19814
g1_temporal,0,8,6.07211,0.141378,1.19814
g1_temporal,0,9,10.9651,0.141378,1.19814
g1_temporal,0,10,11.596,0.141378,1.19814
g1_temporal,0,11,7.23278,0.141378,1.19814
g1_temporal,0,12,4.59767,0.141378,1.19814
g1_temporal,0,13,17.2075,0.141378,1.19814
g1_temporal,0,14,8.27785,0.141378,1.19814
g1_temporal,0,15,8.99936,0.141378,1.19814
g1_temporal,1,0,10.4839,0.329855,0.0160529
g1_temporal,1,1,6.36296,0.329855,0.0160529
g1_temporal,1,2,6.31059,0.329855,0.0160529
g1_temporal,1,3,7.78184,0.329855,0.0160529
g1_temporal,1,4,12.231,0.329855,0.0160529
g1_temporal,1,5,12.1115,0.329855,0.0160529
g1_temporal,1,6,18.2454,0.329855,0.0160529
g1_temporal,1,7,11.9277,0.329855,0.0160529
g1_temporal,1,8,11.1856,0.329855,0.0160529
g1_temporal,1,9,11.29,0.329855,0.0160529
g1_temporal,1,10,8.64064,0.329855,0.0160529
g1_temporal,1,11,11.8272,0.329855,0.0160529
g1_temporal,1,12,7.52601,0.329855,0.0160529
g1_temporal,1,13,11.4029,0.329855,0.0160529
g1_temporal,1,14,5.50843,0.329855,0.0160529
g1_temporal,1,15,10.7948,0.329855,0.0160529
g1_temporal,2,0,15.5927,0.478758,0.0211654
g1_temporal,2,1,15.9673,0.478758,0.0211654
g1_temporal,2,2,13.5951,0.478758,0.0211654
g1_temporal,2,3,15.6098,0.478758,0.0211654
g1_temporal,2,4,9.45193,0.478758,0.0211654
g1_temporal,2,5,14.9745,0.478758,0.0211654
g1_temporal,2,6,9.77248,0.478758,0.0211654
g1_temporal,2,7,11.6655,0.478758,0.0211654
g1_temporal,2,8,11.6182,0.478758,0.0211654
g1_temporal,2,9,15.2836,0.478758,0.0211654
g1_temporal,2,10,7.7588,0.478758,0.0211654
g1_temporal,2,11,17.8308,0.478758,0.0211654
g1_temporal,2,12,16.197,0.478758,0.0211654
g1_temporal,2,13,13.9458,0.478758,0.0211654
g1_temporal,2,14,15.4034,0.478758,0.0211654
g1_temporal,2,15,13.6642,0.478758,0.0211654
g1_temporal,3,0,11.9505,0.493015,0.0232145
g1_temporal,3,1,10.4438,0.493015,0.0232145
g1_temporal,3,2,13.8975,0.493015,0.0232145
g1_temporal,3,3,10.9193,0.493015,0.0232145
g1_temporal,3,4,13.3895,0.493015,0.0232145
g1_temporal,3,5,14.956,0.493015,0.0232145
g1_temporal,3,6,8.5638,0.493015,0.0232145
g1_temporal,3,7,11.5547,0.493015,0.0232145
g1_temporal,3,8,13.5252,0.493015,0.0232145
g1_temporal,3,9,17.4791,0.493015,0.0232145
g1_temporal,3,10,15.8475,0.493015,0.0232145
g1_temporal,3,11,8.51817,0.493015,0.0232145
g1_temporal,3,12,13.6845,0.493015,0.0232145
g1_temporal,3,13,22.6379,0.493015,0.0232145
g1_temporal,3,14,14.1697,0.493015,0.0232145
g1_temporal,3,15,7.53726,0.493015,0.0232145
g1_temporal,4,0,6.96307,0.249565,0.0240087
g1_temporal,4,1,9.71773,0.249565,0.0240087
g1_temporal,4,2,8.23625,0.249565,0.0240087
g1_temporal,4,3,12.278,0.249565,0.0240087
g1_temporal,4,4,7.17378,0.249565,0.0240087
g1_temporal,4,5,8.70103,0.249565,0.0240087
g1_temporal,4,6,13.688,0.249565,0.0240087
g1_temporal,4,7,11.6359,0.249565,0.0240087
g1_temporal,4,8,10.0631,0.249565,0.0240087
g1_temporal,4,9,10.9759,0.249565,0.0240087
g1_temporal,4,10,12.7412,0.249565,0.0240087
g1_temporal,4,11,13.2121,0.249565,0.0240087
g1_temporal,4,12,13.6233,0.249565,0.0240087
g1_temporal,4,13,11.1548,0.249565,0.0240087
g1_temporal,4,14,9.02824,0.249565,0.0240087
g1_temporal,4,15,6.88039,0.249565,0.0240087
g1_temporal,5,0,12.3648,0.349028,0.0289375
g1_temporal,5,1,36.6587,0.349028,0.0289375
g1_temporal,5,2,8.11501,0.349028,0.0289375
g1_temporal,5,3,10.9667,0.349028,0.0289375
g1_temporal,5,4,16.0708,0.349028,0.0289375
g1_temporal,5,5,13.5439,0.349028,0.0289375
g1_temporal,5,6,13.5367,0.349028,0.0289375
g1_temporal,5,7,11.5362,0.349028,0.0289375
g1_temporal,5,8,10.0761,0.349028,0.0289375
g1_temporal,5,9,13.7996,0.349028,0.0289375
g1_temporal,5,10,13.3162,0.349028,0.0289375
g1_temporal,5,11,11.312,0.349028,0.0289375
g1_temporal,5,12,9.29752,0.349028,0.0289375
g1_temporal,5,13,14.3631,0.349028,0.0289375
g1_temporal,5,14,17.1001,0.349028,0.0289375
g1_temporal,5,15,6.17783,0.349028,0.0289375
g1_temporal,6,0,11.288,0.297763,0.0307947
g1_temporal,6,1,18.4627,0.297763,0.0307947
g1_temporal,6,2,22.6919,0.297763,0.0307947
g1_temporal,6,3,11.3014,0.297763,0.0307947
g1_temporal,6,4,19.7284,0.297763,0.0307947
g1_temporal,6,5,8.94809,0.297763,0.0307947
g1_temporal,6,6,12.441,0.297763,0.0307947
g1_temporal,6,7,8.75611,0.297763,0.0307947
g1_temporal,6,8,12.4106,0.297763,0.0307947
g1_temporal,6,9,21.729,0.297763,0.0307947
g1_temporal,6,10,14.2085,0.297763,0.0307947
g1_temporal,6,11,9.98344,0.297763,0.0307947
g1_temporal,6,12,13.3412,0.297763,0.0307947
g1_temporal,6,13,16.3876,0.297763,0.0307947
g1_temporal,6,14,19.3055,0.297763,0.0307947
g1_temporal,6,15,15.2519,0.297763,0.0307947
g1_temporal,7,0,13.4166,0.255408,0.0376454
g1_temporal,7,1,12.6517,0.255408,0.0376454
g1_temporal,7,2,10.2456,0.255408,0.0376454
g1_temporal,7,3,7.29695,0.255408,0.0376454
g1_temporal,7,4,16.9496,0.255408,0.0376454
g1_temporal,7,5,9.04897,0.255408,0.0376454
g1_temporal,7,6,13.1748,0.255408,0.0376454
g1_temporal,7,7,14.6932,0.255408,0.0376454
g1_temporal,7,8,14.0064,0.255408,0.0376454
g1_temporal,7,9,16.6396,0.255408,0.0376454
g1_temporal,7,10,13.3831,0.255408,0.0376454
g1_temporal,7,11,15.7683,0.255408,0.0376454
g1_temporal,7,12,13.8643,0.255408,0.0376454
g1_temporal,7,13,11.4472,0.255408,0.0376454
g1_temporal,7,14,13.107,0.255408,0.0376454
g1_temporal,7,15,15.0052,0.255408,0.0376454
g1_temporal,8,0,15.9708,0.385374,0.0663698
g1_temporal,8,1,18.7148,0.385374,0.0663698
g1_temporal,8,2,12.7037,0.385374,0.0663698
g1_temporal,8,3,9.30419,0.385374,0.0663698
g1_temporal,8,4,17.7529,0.385374,0.0663698
g1_temporal,8,5,15.2133,0.385374,0.0663698
g1_temporal,8,6,17.1651,0.385374,0.0663698
g1_temporal,8,7,12.5449,0.385374,0.0663698
g1_temporal,8,8,13.6637,0.385374,0.0663698
g1_temporal,8,9,11.1207,0.385374,0.0663698
g1_temporal,8,10,13.8502,0.385374,0.0663698
g1_temporal,8,11,12.7528,0.385374,0.0663698
g1_temporal,8,12,13.6745,0.385374,0.0663698
g1_temporal,8,13,17.7163,0.385374,0.0663698
g1_temporal,8,14,16.4653,0.385374,0.0663698
g1_temporal,8,15,10.5256,0.385374,0.0663698
g1_temporal,-1,211,,,,0.174658
g1_temporal,-1,63,,,,0.174645
g1_temporal,-1,78,,,,0.158598
g1_temporal,-1,230,,,,0.153394
g1_temporal,-1,144,,,,0.1511
g1_temporal,-1,80,,,,0.146811
g1_temporal,-1,36,,,,0.146604
g1_temporal,-1,81,,,,0.145033
g1_temporal,-1,136,,,,0.14233
g1_temporal,-1,2,,,,0.141855
g1_temporal,-1,216,,,,0.140738
g1_temporal,-1,224,,,,0.139257
g1_temporal,-1,184,,,,0.139233
g1_temporal,-1,158,,,,0.137979
g1_temporal,-1,53,,,,0.13749
g1_temporal,-1,156,,,,0.136867
g1_temporal,-1,146,,,,0.134466
g1_temporal,-1,116,,,,0.134304
g1_temporal,-1,27,,,,0.132284
g1_temporal,-1,176,,,,0.132089
g1_temporal,-1,228,,,,0.131998
g1_temporal,-1,28,,,,0.12911
g1_temporal,-1,222,,,,0.129106
g1_temporal,-1,139,,,,0.12775
g1_temporal,-1,107,,,,0.127348
g1_temporal,-1,129,,,,0.126917
g1_temporal,-1,4,,,,0.126692
g1_temporal,-1,24,,,,0.126561
g1_temporal,-1,31,,,,0.126157
g1_temporal,-1,14,,,,0.125967
g1_temporal,-1,171,,,,0.125683
g1_temporal,-1,126,,,,0.12563
g1_temporal,-1,179,,,,0.124829
g1_temporal,-1,120,,,,0.124688
g1_temporal,-1,13,,,,0.124429
g1_temporal,-1,195,,,,0.124146
g1_temporal,-1,141,,,,0.124117
g1_temporal,-1,57,,,,0.124112
g1_temporal,-1,111,,,,0.123678
g1_temporal,-1,196,,,,0.121682
g1_temporal,-1,98,,,,0.121163
g1_temporal,-1,205,,,,0.12051
g1_temporal,-1,166,,,,0.119867
g1_temporal,-1,59,,,,0.119752
g1_temporal,-1,65,,,,0.119517
g1_temporal,-1,217,,,,0.119459
g1_temporal,-1,212,,,,0.119424
g1_temporal,-1,226,,,,0.119332
g1_temporal,-1,119,,,,0.118664
g1_temporal,-1,243,,,,0.118377
g1_temporal,-1,66,,,,0.118246
g1_temporal,-1,135,,,,0.118222
g1_temporal,-1,148,,,,0.117997
g1_temporal,-1,250,,,,0.117908
g1_temporal,-1,54,,,,0.117778
g1_temporal,-1,254,,,,0.116509
g1_temporal,-1,76,,,,0.116434
g1_temporal,-1,44,,,,0.11584
g1_temporal,-1,219,,,,0.115747
g1_temporal,-1,190,,,,0.115687
g1_temporal,-1,194,,,,0.115425
g1_temporal,-1,145,,,,0.114284
g1_temporal,-1,64,,,,0.114209
g1_temporal,-1,154,,,,0.113172
g1_temporal,-1,-1,,,,0.101528
g1_temporal,-1,-2,,,,0.174658
g3_moe,0,0,10.2378,0.15025,1.53008
g3_moe,0,1,9.66884,0.15025,1.53008
g3_moe,0,2,12.0434,0.15025,1.53008
g3_moe,0,3,10.1765,0.15025,1.53008
g3_moe,0,4,7.8047,0.15025,1.53008
g3_moe,0,5,7.3381,0.15025,1.53008
g3_moe,0,6,11.4735,0.15025,1.53008
g3_moe,0,7,9.68445,0.15025,1.53008
g3_moe,0,8,7.79206,0.15025,1.53008
g3_moe,0,9,12.7691,0.15025,1.53008
g3_moe,0,10,16.8769,0.15025,1.53008
g3_moe,0,11,9.48024,0.15025,1.53008
g3_moe,0,12,10.1807,0.15025,1.53008
g3_moe,0,13,15.7679,0.15025,1.53008
g3_moe,0,14,10.9822,0.15025,1.53008
g3_moe,0,15,12.3463,0.15025,1.53008
g3_moe,1,0,10.5337,0.446789,0.0201814
g3_moe,1,1,12.4403,0.446789,0.0201814
g3_moe,1,2,15.0535,0.446789,0.0201814
g3_moe,1,3,14.6922,0.446789,0.0201814
g3_moe,1,4,8.31059,0.446789,0.0201814
g3_moe,1,5,10.1526,0.446789,0.0201814
g3_moe,1,6,9.94017,0.446789,0.0201814
g3_moe,1,7,13.6626,0.446789,0.0201814
g3_moe,1,8,12.5008,0.446789,0.0201814
g3_moe,1,9,11.1859,0.446789,0.0201814
g3_moe,1,10,7.69204,0.446789,0.0201814
g3_moe,1,11,13.5727,0.446789,0.0201814
g3_moe,1,12,14.5403,0.446789,0.0201814
g3_moe,1,13,10.1717,0.446789,0.0201814
g3_moe,1,14,17.5734,0.446789,0.0201814
g3_moe,1,15,13.9827,0.446789,0.0201814
g3_moe,2,0,14.7461,0.587357,0.0219485
g3_moe,2,1,14.4995,0.587357,0.0219485
g3_moe,2,2,19.0478,0.587357,0.0219485
g3_moe,2,3,12.9045,0.587357,0.0219485
g3_moe,2,4,15.0694,0.587357,0.0219485
g3_moe,2,5,17.7701,0.587357,0.0219485
g3_moe,2,6,17.6202,0.587357,0.0219485
g3_moe,2,7,10.4853,0.587357,0.0219485
g3_moe,2,8,9.15399,0.587357,0.0219485
g3_moe,2,9,12.9622,0.587357,0.0219485
g3_moe,2,10,12.1666,0.587357,0.0219485
g3_moe,2,11,12.545,0.587357,0.0219485
g3_moe,2,12,11.1289,0.587357,0.0219485
g3_moe,2,13,15.7611,0.587357,0.0219485
g3_moe,2,14,11.187,0.587357,0.0219485
g3_moe,2,15,9.80743,0.587357,0.0219485
g3_moe,3,0,13.6549,0.389075,0.0249716
g3_moe,3,1,10.4465,0.389075,0.0249716
g3_moe,3,2,16.3859,0.389075,0.0249716
g3_moe,3,3,11.7504,0.389075,0.0249716
g3_moe,3,4,14.4064,0.389075,0.0249716
g3_moe,3,5,15.3408,0.389075,0.0249716
g3_moe,3,6,11.7267,0.389075,0.0249716
g3_moe,3,7,10.426,0.389075,0.0249716
g3_moe,3,8,17.798,0.389075,0.0249716
g3_moe,3,9,14.3033,0.389075,0.0249716
g3_moe,3,10,32.5215,0.389075,0.0249716
g3_moe,3,11,24.0546,0.389075,0.0249716
g3_moe,3,12,14.5954,0.389075,0.0249716
g3_moe,3,13,31.8727,0.389075,0.0249716
g3_moe,3,14,14.7373,0.389075,0.0249716
g3_moe,3,15,12.0283,0.389075,0.0249716
g3_moe,4,0,8.88878,0.26283,0.0227356
g3_moe,4,1,11.3771,0.26283,0.0227356
g3_moe,4,2,9.76888,0.26283,0.0227356
g3_moe,4,3,21.7301,0.26283,0.0227356
g3_moe,4,4,15.8768,0.26283,0.0227356
g3_moe,4,5,10.6799,0.26283,0.0227356
g3_moe,4,6,12.5962,0.26283,0.0227356
g3_moe,4,7,15.0095,0.26283,0.0227356
g3_moe,4,8,12.578,0.26283,0.0227356
g3_moe,4,9,13.7279,0.26283,0.0227356
g3_moe,4,10,9.10356,0.26283,0.0227356
g3_moe,4,11,12.4762,0.26283,0.0227356
g3_moe,4,12,9.38972,0.26283,0.0227356
g3_moe,4,13,11.4259,0.26283,0.0227356
g3_moe,4,14,17.7178,0.26283,0.0227356
g3_moe,4,15,13.2589,0.26283,0.0227356
g3_moe,5,0,14.4928,0.313407,0.0256988
g3_moe,5,1,14.815,0.313407,0.0256988
g3_moe,5,2,7.80808,0.313407,0.0256988
g3_moe,5,3,14.9741,0.313407,0.0256988
g3_moe,5,4,11.1244,0.313407,0.0256988
g3_moe,5,5,10.8904,0.313407,0.0256988
g3_moe,5,6,14.8962,0.313407,0.0256988
g3_moe,5,7,12.7353,0.313407,0.0256988
g3_moe,5,8,19.4463,0.313407,0.0256988
g3_moe,5,9,9.24444,0.313407,0.0256988
g3_moe,5,10,13.9049,0.313407,0.0256988
g3_moe,5,11,13.7631,0.313407,0.0256988
g3_moe,5,12,10.7651,0.313407,0.0256988
g3_moe,5,13,9.33615,0.313407,0.0256988
g3_moe,5,14,15.0545,0.313407,0.0256988
g3_moe,5,15,10.3201,0.313407,0.0256988
g3_moe,6,0,13.4453,0.34903,0.0277743
g3_moe,6,1,10.0659,0.34903,0.0277743
g3_moe,6,2,14.6641,0.34903,0.0277743
g3_moe,6,3,18.0813,0.34903,0.0277743
g3_moe,6,4,14.1463,0.34903,0.0277743
g3_moe,6,5,10.3448,0.34903,0.0277743
g3_moe,6,6,10.4068,0.34903,0.0277743
g3_moe,6,7,7.19143,0.34903,0.0277743
g3_moe,6,8,15.1235,0.34903,0.0277743
g3_moe,6,9,15.4671,0.34903,0.0277743
g3_moe,6,10,10.7583,0.34903,0.0277743
g3_moe,6,11,13.8542,0.34903,0.0277743
g3_moe,6,12,17.7335,0.34903,0.0277743
g3_moe,6,13,20.1007,0.34903,0.0277743
g3_moe,6,14,8.90815,0.34903,0.0277743
g3_moe,6,15,11.1098,0.34903,0.0277743
g3_moe,7,0,14.7292,0.255091,0.032685
g3_moe,7,1,15.434,0.255091,0.032685
g3_moe,7,2,13.4758,0.255091,0.032685
g3_moe,7,3,6.809,0.255091,0.032685
g3_moe,7,4,9.35398,0.255091,0.032685
g3_moe,7,5,14.9116,0.255091,0.032685
g3_moe,7,6,6.79331,0.255091,0.032685
g3_moe,7,7,15.4908,0.255091,0.032685
g3_moe,7,8,12.1149,0.255091,0.032685
g3_moe,7,9,18.6206,0.255091,0.032685
g3_moe,7,10,9.22266,0.255091,0.032685
g3_moe,7,11,16.639,0.255091,0.032685
g3_moe,7,12,14.5465,0.255091,0.032685
g3_moe,7,13,8.90177,0.255091,0.032685
g3_moe,7,14,12.7651,0.255091,0.032685
g3_moe,7,15,14.5171,0.255091,0.032685
g3_moe,8,0,12.2229,0.141218,0.0479813
g3_moe,8,1,10.1464,0.141218,0.0479813
g3_moe,8,2,12.1768,0.141218,0.0479813
g3_moe,8,3,14.9125,0.141218,0.0479813
g3_moe,8,4,15.4554,0.141218,0.0479813
g3_moe,8,5,8.2874,0.141218,0.0479813
g3_moe,8,6,16.4865,0.141218,0.0479813
g3_moe,8,7,7.86716,0.141218,0.0479813
g3_moe,8,8,10.8347,0.141218,0.0479813
g3_moe,8,9,10.7969,0.141218,0.0479813
g3_moe,8,10,14.892,0.141218,0.0479813
g3_moe,8,11,9.10663,0.141218,0.0479813
g3_moe,8,12,12.2587,0.141218,0.0479813
g3_moe,8,13,7.8679,0.141218,0.0479813
g3_moe,8,14,8.76025,0.141218,0.0479813
g3_moe,8,15,10.7682,0.141218,0.0479813
g3_moe,-1,166,,,,0.168742
g3_moe,-1,81,,,,0.168383
g3_moe,-1,144,,,,0.1658
g3_moe,-1,136,,,,0.16166
g3_moe,-1,31,,,,0.160818
g3_moe,-1,197,,,,0.15561
g3_moe,-1,74,,,,0.154173
g3_moe,-1,28,,,,0.153098
g3_moe,-1,250,,,,0.147333
g3_moe,-1,194,,,,0.147016
g3_moe,-1,135,,,,0.14663
g3_moe,-1,61,,,,0.146451
g3_moe,-1,57,,,,0.14486
g3_moe,-1,78,,,,0.144591
g3_moe,-1,146,,,,0.143652
g3_moe,-1,156,,,,0.143314
g3_moe,-1,96,,,,0.142987
g3_moe,-1,35,,,,0.140358
g3_moe,-1,122,,,,0.139954
g3_moe,-1,254,,,,0.139152
g3_moe,-1,212,,,,0.137797
g3_moe,-1,63,,,,0.137774
g3_moe,-1,45,,,,0.137442
g3_moe,-1,88,,,,0.137248
g3_moe,-1,89,,,,0.137207
g3_moe,-1,12,,,,0.135905
g3_moe,-1,238,,,,0.135728
g3_moe,-1,171,,,,0.135411
g3_moe,-1,141,,,,0.135093
g3_moe,-1,179,,,,0.13431
g3_moe,-1,230,,,,0.133247
g3_moe,-1,44,,,,0.131025
g3_moe,-1,224,,,,0.130568
g3_moe,-1,145,,,,0.130382
g3_moe,-1,36,,,,0.130305
g3_moe,-1,221,,,,0.130232
g3_moe,-1,94,,,,0.129052
g3_moe,-1,99,,,,0.128191
g3_moe,-1,91,,,,0.127201
g3_moe,-1,120,,,,0.126055
g3_moe,-1,121,,,,0.126025
g3_moe,-1,222,,,,0.125542
g3_moe,-1,148,,,,0.125153
g3_moe,-1,226,,,,0.125112
g3_moe,-1,133,,,,0.125054
g3_moe,-1,54,,,,0.124861
g3_moe,-1,150,,,,0.124757
g3_moe,-1,17,,,,0.124483
g3_moe,-1,216,,,,0.123953
g3_moe,-1,255,,,,0.122965
g3_moe,-1,72,,,,0.122908
g3_moe,-1,62,,,,0.122602
g3_moe,-1,82,,,,0.122419
g3_moe,-1,98,,,,0.121939
g3_moe,-1,198,,,,0.12187
g3_moe,-1,242,,,,0.12172
g3_moe,-1,130,,,,0.121545
g3_moe,-1,79,,,,0.12137
g3_moe,-1,26,,,,0.121075
g3_moe,-1,86,,,,0.121069
g3_moe,-1,174,,,,0.121027
g3_moe,-1,6,,,,0.120743
g3_moe,-1,170,,,,0.120674
g3_moe,-1,184,,,,0.120518
g3_moe,-1,-1,,,,0.1102
g3_moe,-1,-2,,,,0.168742
g3_temporal,0,0,10.1789,0.125579,1.36995
g3_temporal,0,1,8.40578,0.125579,1.36995
g3_temporal,0,2,15.8305,0.125579,1.36995
g3_temporal,0,3,10.996,0.125579,1.36995
g3_temporal,0,4,9.21511,0.125579,1.36995
g3_temporal,0,5,11.2952,0.125579,1.36995
g3_temporal,0,6,6.01975,0.125579,1.36995
g3_temporal,0,7,8.55255,0.125579,1.36995
g3_temporal,0,8,10.4093,0.125579,1.36995
g3_temporal,0,9,11.3038,0.125579,1.36995
g3_temporal,0,10,14.3529,0.125579,1.36995
g3_temporal,0,11,5.0215,0.125579,1.36995
g3_temporal,0,12,4.11028,0.125579,1.36995
g3_temporal,0,13,18.2475,0.125579,1.36995
g3_temporal,0,14,9.48902,0.125579,1.36995
g3_temporal,0,15,9.28719,0.125579,1.36995
g3_temporal,1,0,10.5688,0.399686,0.016019
g3_temporal,1,1,15.0284,0.399686,0.016019
g3_temporal,1,2,17.4483,0.399686,0.016019
g3_temporal,1,3,18.1039,0.399686,0.016019
g3_temporal,1,4,14.4817,0.399686,0.016019
g3_temporal,1,5,7.21885,0.399686,0.016019
g3_temporal,1,6,7.91685,0.399686,0.016019
g3_temporal,1,7,12.1559,0.399686,0.016019
g3_temporal,1,8,13.8797,0.399686,0.016019
g3_temporal,1,9,10.8596,0.399686,0.016019
g3_temporal,1,10,14.3914,0.399686,0.016019
g3_temporal,1,11,12.5985,0.399686,0.016019
g3_temporal,1,12,5.97824,0.399686,0.016019
g3_temporal,1,13,9.61726,0.399686,0.016019
g3_temporal,1,14,6.41183,0.399686,0.016019
g3_temporal,1,15,11.7288,0.399686,0.016019
g3_temporal,2,0,10.7954,0.627876,0.0213732
g3_temporal,2,1,13.2766,0.627876,0.0213732
g3_temporal,2,2,19.7717,0.627876,0.0213732
g3_temporal,2,3,17.8386,0.627876,0.0213732
g3_temporal,2,4,12.9325,0.627876,0.0213732
g3_temporal,2,5,15.5206,0.627876,0.0213732
g3_temporal,2,6,14.3012,0.627876,0.0213732
g3_temporal,2,7,17.4951,0.627876,0.0213732
g3_temporal,2,8,11.5713,0.627876,0.0213732
g3_temporal,2,9,13.7385,0.627876,0.0213732
g3_temporal,2,10,11.2612,0.627876,0.0213732
g3_temporal,2,11,13.0846,0.627876,0.0213732
g3_temporal,2,12,10.9573,0.627876,0.0213732
g3_temporal,2,13,11.1796,0.627876,0.0213732
g3_temporal,2,14,12.402,0.627876,0.0213732
g3_temporal,2,15,16.434,0.627876,0.0213732
g3_temporal,3,0,11.7365,0.413108,0.0242138
g3_temporal,3,1,11.1159,0.413108,0.0242138
g3_temporal,3,2,13.2252,0.413108,0.0242138
g3_temporal,3,3,9.52313,0.413108,0.0242138
g3_temporal,3,4,10.9641,0.413108,0.0242138
g3_temporal,3,5,18.4243,0.413108,0.0242138
g3_temporal,3,6,10.3006,0.413108,0.0242138
g3_temporal,3,7,34.3696,0.413108,0.0242138
g3_temporal,3,8,35.4491,0.413108,0.0242138
g3_temporal,3,9,17.7131,0.413108,0.0242138
g3_temporal,3,10,17.5582,0.413108,0.0242138
g3_temporal,3,11,20.6136,0.413108,0.0242138
g3_temporal,3,12,10.7051,0.413108,0.0242138
g3_temporal,3,13,8.34376,0.413108,0.0242138
g3_temporal,3,14,9.75943,0.413108,0.0242138
g3_temporal,3,15,10.5876,0.413108,0.0242138
g3_temporal,4,0,10.55,0.180541,0.0205826
g3_temporal,4,1,11.6043,0.180541,0.0205826
g3_temporal,4,2,9.30117,0.180541,0.0205826
g3_temporal,4,3,11.9835,0.180541,0.0205826
g3_temporal,4,4,11.9539,0.180541,0.0205826
g3_temporal,4,5,11.3768,0.180541,0.0205826
g3_temporal,4,6,9.03027,0.180541,0.0205826
g3_temporal,4,7,14.9214,0.180541,0.0205826
g3_temporal,4,8,8.85441,0.180541,0.0205826
g3_temporal,4,9,12.6669,0.180541,0.0205826
g3_temporal,4,10,6.44314,0.180541,0.0205826
g3_temporal,4,11,10.9774,0.180541,0.0205826
g3_temporal,4,12,10.7925,0.180541,0.0205826
g3_temporal,4,13,12.3779,0.180541,0.0205826
g3_temporal,4,14,8.73262,0.180541,0.0205826
g3_temporal,4,15,11.5962,0.180541,0.0205826
g3_temporal,5,0,8.44618,0.335809,0.0228808
g3_temporal,5,1,12.5026,0.335809,0.0228808
g3_temporal,5,2,6.34354,0.335809,0.0228808
g3_temporal,5,3,9.48909,0.335809,0.0228808
g3_temporal,5,4,13.8863,0.335809,0.0228808
g3_temporal,5,5,9.40781,0.335809,0.0228808
g3_temporal,5,6,12.1072,0.335809,0.0228808
g3_temporal,5,7,13.6401,0.335809,0.0228808
g3_temporal,5,8,14.7079,0.335809,0.0228808
g3_temporal,5,9,14.1221,0.335809,0.0228808
g3_temporal,5,10,11.1377,0.335809,0.0228808
g3_temporal,5,11,8.33859,0.335809,0.0228808
g3_temporal,5,12,11.133,0.335809,0.0228808
g3_temporal,5,13,9.52848,0.335809,0.0228808
g3_temporal,5,14,15.3614,0.335809,0.0228808
g3_temporal,5,15,9.84398,0.335809,0.0228808
g3_temporal,6,0,11.4697,0.291923,0.0261131
g3_temporal,6,1,10.3563,0.291923,0.0261131
g3_temporal,6,2,12.4864,0.291923,0.0261131
g3_temporal,6,3,12.5688,0.291923,0.0261131
g3_temporal,6,4,16.2966,0.291923,0.0261131
g3_temporal,6,5,9.79674,0.291923,0.0261131
g3_temporal,6,6,12.0503,0.291923,0.0261131
g3_temporal,6,7,6.99668,0.291923,0.0261131
g3_temporal,6,8,16.2494,0.291923,0.0261131
g3_temporal,6,9,16.6406,0.291923,0.0261131
g3_temporal,6,10,13.0052,0.291923,0.0261131
g3_temporal,6,11,8.12192,0.291923,0.0261131
g3_temporal,6,12,10.7363,0.291923,0.0261131
g3_temporal,6,13,13.344,0.291923,0.0261131
g3_temporal,6,14,7.94846,0.291923,0.0261131
g3_temporal,6,15,8.55699,0.291923,0.0261131
g3_temporal,7,0,10.0783,0.24563,0.0284026
g3_temporal,7,1,8.6378,0.24563,0.0284026
g3_temporal,7,2,11.7592,0.24563,0.0284026
g3_temporal,7,3,9.00987,0.24563,0.0284026
g3_temporal,7,4,15.1169,0.24563,0.0284026
g3_temporal,7,5,17.0225,0.24563,0.0284026
g3_temporal,7,6,12.2331,0.24563,0.0284026
g3_temporal,7,7,12.6342,0.24563,0.0284026
g3_temporal,7,8,10.1467,0.24563,0.0284026
g3_temporal,7,9,9.29152,0.24563,0.0284026
g3_temporal,7,10,8.28609,0.24563,0.0284026
g3_temporal,7,11,11.9347,0.24563,0.0284026
g3_temporal,7,12,13.7176,0.24563,0.0284026
g3_temporal,7,13,8.24854,0.24563,0.0284026
g3_temporal,7,14,9.13847,0.24563,0.0284026
g3_temporal,7,15,18.4577,0.24563,0.0284026
g3_temporal,8,0,14.3037,0.323569,0.0598203
g3_temporal,8,1,13.5505,0.323569,0.0598203
g3_temporal,8,2,10.6759,0.323569,0.0598203
g3_temporal,8,3,9.97978,0.323569,0.0598203
g3_temporal,8,4,11.6111,0.323569,0.0598203
g3_temporal,8,5,12.7582,0.323569,0.0598203
g3_temporal,8,6,14.2733,0.323569,0.0598203
g3_temporal,8,7,16.6703,0.323569,0.0598203
g3_temporal,8,8,10.5768,0.323569,0.0598203
g3_temporal,8,9,11.8534,0.323569,0.0598203
g3_temporal,8,10,14.207,0.323569,0.0598203
g3_temporal,8,11,20.0605,0.323569,0.0598203
g3_temporal,8,12,14.0688,0.323569,0.0598203
g3_temporal,8,13,15.0895,0.323569,0.0598203
g3_temporal,8,14,15.1939,0.323569,0.0598203
g3_temporal,8,15,14.3186,0.323569,0.0598203
g3_temporal,-1,57,,,,0.166556
g3_temporal,-1,217,,,,0.16175
g3_temporal,-1,96,,,,0.151498
g3_temporal,-1,153,,,,0.150301
g3_temporal,-1,136,,,,0.149259
g3_temporal,-1,247,,,,0.148799
g3_temporal,-1,222,,,,0.145838
g3_temporal,-1,28,,,,0.145105
g3_temporal,-1,230,,,,0.14376
g3_temporal,-1,81,,,,0.142739
g3_temporal,-1,62,,,,0.142672
g3_temporal,-1,129,,,,0.140867
g3_temporal,-1,156,,,,0.139644
g3_temporal,-1,71,,,,0.138361
g3_temporal,-1,212,,,,0.13714
g3_temporal,-1,144,,,,0.135563
g3_temporal,-1,145,,,,0.135471
g3_temporal,-1,238,,,,0.133758
g3_temporal,-1,237,,,,0.132305
g3_temporal,-1,14,,,,0.130851
g3_temporal,-1,63,,,,0.130102
g3_temporal,-1,112,,,,0.129305
g3_temporal,-1,111,,,,0.127451
g3_temporal,-1,194,,,,0.126249
g3_temporal,-1,80,,,,0.125901
g3_temporal,-1,69,,,,0.125053
g3_temporal,-1,78,,,,0.124807
g3_temporal,-1,123,,,,0.12366
g3_temporal,-1,151,,,,0.123233
g3_temporal,-1,255,,,,0.123155
g3_temporal,-1,211,,,,0.122777
g3_temporal,-1,94,,,,0.122041
g3_temporal,-1,250,,,,0.121789
g3_temporal,-1,166,,,,0.12022
g3_temporal,-1,36,,,,0.120107
g3_temporal,-1,221,,,,0.119375
g3_temporal,-1,122,,,,0.11864
g3_temporal,-1,204,,,,0.118502
g3_temporal,-1,0,,,,0.117811
g3_temporal,-1,205,,,,0.117183
g3_temporal,-1,31,,,,0.116931
g3_temporal,-1,179,,,,0.116346
g3_temporal,-1,197,,,,0.114463
g3_temporal,-1,184,,,,0.113856
g3_temporal,-1,143,,,,0.113506
g3_temporal,-1,224,,,,0.112978
g3_temporal,-1,59,,,,0.112544
g3_temporal,-1,201,,,,0.112072
g3_temporal,-1,6,,,,0.112017
g3_temporal,-1,19,,,,0.110905
g3_temporal,-1,135,,,,0.109901
g3_temporal,-1,178,,,,0.109295
g3_temporal,-1,148,,,,0.10895
g3_temporal,-1,44,,,,0.108948
g3_temporal,-1,64,,,,0.108932
g3_temporal,-1,146,,,,0.108737
g3_temporal,-1,53,,,,0.108219
g3_temporal,-1,175,,,,0.107086
g3_temporal,-1,82,,,,0.106897
g3_temporal,-1,207,,,,0.106712
g3_temporal,-1,16,,,,0.105767
g3_temporal,-1,254,,,,0.105658
g3_temporal,-1,13,,,,0.105283
g3_temporal,-1,32,,,,0.104867
g3_temporal,-1,-1,,,,0.0966274
g3_temporal,-1,-2,,,,0.166556
dense_1e19,0,0,10.7869,0.775544,5.32223
dense_1e19,0,1,11.1925,0.775544,5.32223
dense_1e19,0,2,7.9787,0.775544,5.32223
dense_1e19,0,3,11.7941,0.775544,5.32223
dense_1e19,0,4,9.02324,0.775544,5.32223
dense_1e19,0,5,11.7898,0.775544,5.32223
dense_1e19,0,6,5.90887,0.775544,5.32223
dense_1e19,0,7,11.8279,0.775544,5.32223
dense_1e19,0,8,11.1051,0.775544,5.32223
dense_1e19,0,9,14.9721,0.775544,5.32223
dense_1e19,0,10,12.2401,0.775544,5.32223
dense_1e19,0,11,12.0503,0.775544,5.32223
dense_1e19,0,12,10.0176,0.775544,5.32223
dense_1e19,0,13,12.7394,0.775544,5.32223
dense_1e19,0,14,12.0265,0.775544,5.32223
dense_1e19,0,15,11.5274,0.775544,5.32223
dense_1e19,0,16,10.4302,0.775544,5.32223
dense_1e19,0,17,6.15181,0.775544,5.32223
dense_1e19,0,18,11.9568,0.775544,5.32223
dense_1e19,0,19,5.94449,0.775544,5.32223
dense_1e19,0,20,10.8976,0.775544,5.32223
dense_1e19,0,21,11.0319,0.775544,5.32223
dense_1e19,0,22,8.47986,0.775544,5.32223
dense_1e19,0,23,12.2412,0.775544,5.32223
dense_1e19,0,24,15.058,0.775544,5.32223
dense_1e19,0,25,16.0273,0.775544,5.32223
dense_1e19,0,26,11.9653,0.775544,5.32223
dense_1e19,0,27,4.46606,0.775544,5.32223
dense_1e19,0,28,12.4762,0.775544,5.32223
dense_1e19,0,29,4.38021,0.775544,5.32223
dense_1e19,0,30,9.5384,0.775544,5.32223
dense_1e19,0,31,7.16575,0.775544,5.32223
dense_1e19,0,32,8.30699,0.775544,5.32223
dense_1e19,0,33,14.1404,0.775544,5.32223
dense_1e19,0,34,12.9701,0.775544,5.32223
dense_1e19,0,35,9.4294,0.775544,5.32223
dense_1e19,0,36,20.1146,0.775544,5.32223
dense_1e19,0,37,10.0306,0.775544,5.32223
dense_1e19,0,38,8.93481,0.775544,5.32223
dense_1e19,0,39,8.96131,0.775544,5.32223
dense_1e19,0,40,11.3385,0.775544,5.32223
dense_1e19,0,41,9.6211,0.775544,5.32223
dense_1e19,0,42,6.22975,0.775544,5.32223
dense_1e19,0,43,10.8146,0.775544,5.32223
dense_1e19,0,44,10.0932,0.775544,5.32223
dense_1e19,0,45,17.6721,0.775544,5.32223
dense_1e19,0,46,9.23241,0.775544,5.32223
dense_1e19,0,47,10.15,0.775544,5.32223
dense_1e19,0,48,11.9034,0.775544,5.32223
dense_1e19,0,49,12.7421,0.775544,5.32223
dense_1e19,1,0,7.9591,0.157525,0.3354
dense_1e19,1,1,6.21943,0.157525,0.3354
dense_1e19,1,2,12.2806,0.157525,0.3354
dense_1e19,1,3,4.96811,0.157525,0.3354
dense_1e19,1,4,10.6273,0.157525,0.3354
dense_1e19,1,5,4.59655,0.157525,0.3354
dense_1e19,1,6,10.4602,0.157525,0.3354
dense_1e19,1,7,3.67149,0.157525,0.3354
dense_1e19,1,8,4.58183,0.157525,0.3354
dense_1e19,1,9,5.02135,0.157525,0.3354
dense_1e19,1,10,5.20283,0.157525,0.3354
dense_1e19,1,11,5.20371,0.157525,0.3354
dense_1e19,1,12,3.8423,0.157525,0.3354
dense_1e19,1,13,3.39558,0.157525,0.3354
dense_1e19,1,14,5.52662,0.157525,0.3354
dense_1e19,1,15,6.11912,0.157525,0.3354
dense_1e19,1,16,5.25783,0.157525,0.3354
dense_1e19,1,17,5.78446,0.157525,0.3354
dense_1e19,1,18,5.24034,0.157525,0.3354
dense_1e19,1,19,5.71228,0.157525,0.3354
dense_1e19,1,20,9.12802,0.157525,0.3354
dense_1e19,1,21,5.7377,0.157525,0.3354
dense_1e19,1,22,15.6611,0.157525,0.3354
dense_1e19,1,23,6.62561,0.157525,0.3354
dense_1e19,1,24,6.30397,0.157525,0.3354
dense_1e19,1,25,6.84653,0.157525,0.3354
dense_1e19,1,26,6.52669,0.157525,0.3354
dense_1e19,1,27,6.39908,0.157525,0.3354
dense_1e19,1,28,5.0607,0.157525,0.3354
dense_1e19,1,29,5.48637,0.157525,0.3354
dense_1e19,1,30,4.55527,0.157525,0.3354
dense_1e19,1,31,9.48256,0.157525,0.3354
dense_1e19,1,32,4.76636,0.157525,0.3354
dense_1e19,1,33,6.99922,0.157525,0.3354
dense_1e19,1,34,4.10092,0.157525,0.3354
dense_1e19,1,35,12.8832,0.157525,0.3354
dense_1e19,1,36,6.85146,0.157525,0.3354
dense_1e19,1,37,6.19797,0.157525,0.3354
dense_1e19,1,38,3.82389,0.157525,0.3354
dense_1e19,1,39,4.98639,0.157525,0.3354
dense_1e19,1,40,6.05084,0.157525,0.3354
dense_1e19,1,41,7.57258,0.157525,0.3354
dense_1e19,1,42,7.1855,0.157525,0.3354
dense_1e19,1,43,4.63766,0.157525,0.3354
dense_1e19,1,44,8.78979,0.157525,0.3354
dense_1e19,1,45,5.22445,0.157525,0.3354
dense_1e19,1,46,13.1989,0.157525,0.3354
dense_1e19,1,47,5.29115,0.157525,0.3354
dense_1e19,1,48,4.25279,0.157525,0.3354
dense_1e19,1,49,5.30212,0.157525,0.3354
dense_1e19,2,0,5.74674,0.152343,0.286937
dense_1e19,2,1,13.1,0.152343,0.286937
dense_1e19,2,2,10.2955,0.152343,0.286937
dense_1e19,2,3,20.8347,0.152343,0.286937
dense_1e19,2,4,13.1042,0.152343,0.286937
dense_1e19,2,5,15.4521,0.152343,0.286937
dense_1e19,2,6,11.6431,0.152343,0.286937
dense_1e19,2,7,8.98755,0.152343,0.286937
dense_1e19,2,8,4.08351,0.152343,0.286937
dense_1e19,2,9,11.4222,0.152343,0.286937
dense_1e19,2,10,7.48981,0.152343,0.286937
dense_1e19,2,11,11.9492,0.152343,0.286937
dense_1e19,2,12,9.82573,0.152343,0.286937
dense_1e19,2,13,13.9939,0.152343,0.286937
dense_1e19,2,14,12.372,0.152343,0.286937
dense_1e19,2,15,13.29,0.152343,0.286937
dense_1e19,2,16,12.776,0.152343,0.286937
dense_1e19,2,17,8.57194,0.152343,0.286937
dense_1e19,2,18,4.98709,0.152343,0.286937
dense_1e19,2,19,5.82164,0.152343,0.286937
dense_1e19,2,20,15.1625,0.152343,0.286937
dense_1e19,2,21,14.3388,0.152343,0.286937
dense_1e19,2,22,8.4683,0.152343,0.286937
dense_1e19,2,23,13.7114,0.152343,0.286937
dense_1e19,2,24,12.5053,0.152343,0.286937
dense_1e19,2,25,8.53463,0.152343,0.286937
dense_1e19,2,26,9.91344,0.152343,0.286937
dense_1e19,2,27,16.7787,0.152343,0.286937
dense_1e19,2,28,4.61488,0.152343,0.286937
dense_1e19,2,29,14.9722,0.152343,0.286937
dense_1e19,2,30,9.36238,0.152343,0.286937
dense_1e19,2,31,12.3663,0.152343,0.286937
dense_1e19,2,32,7.27676,0.152343,0.286937
dense_1e19,2,33,14.1787,0.152343,0.286937
dense_1e19,2,34,6.67156,0.152343,0.286937
dense_1e19,2,35,12.7279,0.152343,0.286937
dense_1e19,2,36,12.8583,0.152343,0.286937
dense_1e19,2,37,9.34863,0.152343,0.286937
dense_1e19,2,38,6.27206,0.152343,0.286937
dense_1e19,2,39,15.3576,0.152343,0.286937
dense_1e19,2,40,13.1164,0.152343,0.286937
dense_1e19,2,41,10.0113,0.152343,0.286937
dense_1e19,2,42,4.49621,0.152343,0.286937
dense_1e19,2,43,12.2838,0.152343,0.286937
dense_1e19,2,44,11.7161,0.152343,0.286937
dense_1e19,2,45,6.67048,0.152343,0.286937
dense_1e19,2,46,8.38983,0.152343,0.286937
dense_1e19,2,47,5.8377,0.152343,0.286937
dense_1e19,2,48,6.86179,0.152343,0.286937
dense_1e19,2,49,16.5713,0.152343,0.286937
dense_1e19,3,0,13.981,0.232775,0.331153
dense_1e19,3,1,9.77612,0.232775,0.331153
dense_1e19,3,2,14.6191,0.232775,0.331153
dense_1e19,3,3,13.0331,0.232775,0.331153
dense_1e19,3,4,17.1017,0.232775,0.331153
dense_1e19,3,5,14.675,0.232775,0.331153
dense_1e19,3,6,12.655,0.232775,0.331153
dense_1e19,3,7,12.3678,0.232775,0.331153
dense_1e19,3,8,12.3847,0.232775,0.331153
dense_1e19,3,9,13.9388,0.232775,0.331153
dense_1e19,3,10,18.1007,0.232775,0.331153
dense_1e19,3,11,12.2743,0.232775,0.331153
dense_1e19,3,12,14.948,0.232775,0.331153
dense_1e19,3,13,13.4051,0.232775,0.331153
dense_1e19,3,14,13.6518,0.232775,0.331153
dense_1e19,3,15,5.83253,0.232775,0.331153
dense_1e19,3,16,21.3061,0.232775,0.331153
dense_1e19,3,17,9.55705,0.232775,0.331153
dense_1e19,3,18,16.9808,0.232775,0.331153
dense_1e19,3,19,6.96657,0.232775,0.331153
dense_1e19,3,20,7.43997,0.232775,0.331153
dense_1e19,3,21,19.7514,0.232775,0.331153
dense_1e19,3,22,12.5494,0.232775,0.331153
dense_1e19,3,23,15.5319,0.232775,0.331153
dense_1e19,3,24,13.4809,0.232775,0.331153
dense_1e19,3,25,20.7264,0.232775,0.331153
dense_1e19,3,26,12.1057,0.232775,0.331153
dense_1e19,3,27,12.5918,0.232775,0.331153
dense_1e19,3,28,6.73726,0.232775,0.331153
dense_1e19,3,29,8.09207,0.232775,0.331153
dense_1e19,3,30,17.3514,0.232775,0.331153
dense_1e19,3,31,13.7302,0.232775,0.331153
dense_1e19,3,32,5.38123,0.232775,0.331153
dense_1e19,3,33,7.28893,0.232775,0.331153
dense_1e19,3,34,24.6434,0.232775,0.331153
dense_1e19,3,35,13.9534,0.232775,0.331153
dense_1e19,3,36,12.5708,0.232775,0.331153
dense_1e19,3,37,5.50724,0.232775,0.331153
dense_1e19,3,38,11.8762,0.232775,0.331153
dense_1e19,3,39,7.90129,0.232775,0.331153
dense_1e19,3,40,11.1387,0.232775,0.331153
dense_1e19,3,41,11.9714,0.232775,0.331153
dense_1e19,3,42,13.8308,0.232775,0.331153
dense_1e19,3,43,12.0873,0.232775,0.331153
dense_1e19,3,44,6.70345,0.232775,0.331153
dense_1e19,3,45,6.80342,0.232775,0.331153
dense_1e19,3,46,12.5145,0.232775,0.331153
dense_1e19,3,47,6.34766,0.232775,0.331153
dense_1e19,3,48,13.3456,0.232775,0.331153
dense_1e19,3,49,10.2073,0.232775,0.331153
dense_1e19,4,0,10.7621,0.181992,0.364704
dense_1e19,4,1,11.7822,0.181992,0.364704
dense_1e19,4,2,12.3888,0.181992,0.364704
dense_1e19,4,3,19.137,0.181992,0.364704
dense_1e19,4,4,14.7466,0.181992,0.364704
dense_1e19,4,5,14.1706,0.181992,0.364704
dense_1e19,4,6,5.79271,0.181992,0.364704
dense_1e19,4,7,13.7979,0.181992,0.364704
dense_1e19,4,8,14.8043,0.181992,0.364704
dense_1e19,4,9,12.6608,0.181992,0.364704
dense_1e19,4,10,16.9294,0.181992,0.364704
dense_1e19,4,11,19.0233,0.181992,0.364704
dense_1e19,4,12,5.97481,0.181992,0.364704
dense_1e19,4,13,13.1042,0.181992,0.364704
dense_1e19,4,14,13.6863,0.181992,0.364704
dense_1e19,4,15,14.9631,0.181992,0.364704
dense_1e19,4,16,13.8359,0.181992,0.364704
dense_1e19,4,17,16.4024,0.181992,0.364704
dense_1e19,4,18,16.053,0.181992,0.364704
dense_1e19,4,19,8.25057,0.181992,0.364704
dense_1e19,4,20,5.47097,0.181992,0.364704
dense_1e19,4,21,14.9404,0.181992,0.364704
dense_1e19,4,22,12.0262,0.181992,0.364704
dense_1e19,4,23,15.2701,0.181992,0.364704
dense_1e19,4,24,18.5712,0.181992,0.364704
dense_1e19,4,25,12.1189,0.181992,0.364704
dense_1e19,4,26,17.6804,0.181992,0.364704
dense_1e19,4,27,11.7765,0.181992,0.364704
dense_1e19,4,28,14.0122,0.181992,0.364704
dense_1e19,4,29,16.8295,0.181992,0.364704
dense_1e19,4,30,11.9319,0.181992,0.364704
dense_1e19,4,31,6.26878,0.181992,0.364704
dense_1e19,4,32,14.8265,0.181992,0.364704
dense_1e19,4,33,4.45711,0.181992,0.364704
dense_1e19,4,34,12.6334,0.181992,0.364704
dense_1e19,4,35,16.5592,0.181992,0.364704
dense_1e19,4,36,17.1618,0.181992,0.364704
dense_1e19,4,37,8.27845,0.181992,0.364704
dense_1e19,4,38,7.29474,0.181992,0.364704
dense_1e19,4,39,12.7693,0.181992,0.364704
dense_1e19,4,40,8.27422,0.181992,0.364704
dense_1e19,4,41,12.4123,0.181992,0.364704
dense_1e19,4,42,16.4781,0.181992,0.364704
dense_1e19,4,43,4.24934,0.181992,0.364704
dense_1e19,4,44,15.1282,0.181992,0.364704
dense_1e19,4,45,15.5425,0.181992,0.364704
dense_1e19,4,46,11.3693,0.181992,0.364704
dense_1e19,4,47,14.2021,0.181992,0.364704
dense_1e19,4,48,18.0711,0.181992,0.364704
dense_1e19,4,49,14.4944,0.181992,0.364704
dense_1e19,5,0,15.7267,0.179755,0.376905
dense_1e19,5,1,7.15905,0.179755,0.376905
dense_1e19,5,2,14.2131,0.179755,0.376905
dense_1e19,5,3,16.5717,0.179755,0.376905
dense_1e19,5,4,13.665,0.179755,0.376905
dense_1e19,5,5,10.678,0.179755,0.376905
dense_1e19,5,6,16.7675,0.179755,0.376905
dense_1e19,5,7,9.65601,0.179755,0.376905
dense_1e19,5,8,11.2348,0.179755,0.376905
dense_1e19,5,9,16.2559,0.179755,0.376905
dense_1e19,5,10,11.2147,0.179755,0.376905
dense_1e19,5,11,12.2839,0.179755,0.376905
dense_1e19,5,12,17.352,0.179755,0.376905
dense_1e19,5,13,10.5637,0.179755,0.376905
dense_1e19,5,14,6.58089,0.179755,0.376905
dense_1e19,5,15,13.467,0.179755,0.376905
dense_1e19,5,16,13.1906,0.179755,0.376905
dense_1e19,5,17,13.8922,0.179755,0.376905
dense_1e19,5,18,14.5764,0.179755,0.376905
dense_1e19,5,19,13.616,0.179755,0.376905
dense_1e19,5,20,17.4142,0.179755,0.376905
dense_1e19,5,21,15.8928,0.179755,0.376905
dense_1e19,5,22,12.8488,0.179755,0.376905
dense_1e19,5,23,8.12515,0.179755,0.376905
dense_1e19,5,24,8.6254,0.179755,0.376905
dense_1e19,5,25,11.7079,0.179755,0.376905
dense_1e19,5,26,17.8365,0.179755,0.376905
dense_1e19,5,27,10.1244,0.179755,0.376905
dense_1e19,5,28,12.4121,0.179755,0.376905
dense_1e19,5,29,13.9584,0.179755,0.376905
dense_1e19,5,30,19.022,0.179755,0.376905
dense_1e19,5,31,11.3619,0.179755,0.376905
dense_1e19,5,32,14.8649,0.179755,0.376905
dense_1e19,5,33,6.68142,0.179755,0.376905
dense_1e19,5,34,10.2145,0.179755,0.376905
dense_1e19,5,35,14.0358,0.179755,0.376905
dense_1e19,5,36,14.6228,0.179755,0.376905
dense_1e19,5,37,13.3921,0.179755,0.376905
dense_1e19,5,38,8.2403,0.179755,0.376905
dense_1e19,5,39,16.2702,0.179755,0.376905
dense_1e19,5,40,17.4091,0.179755,0.376905
dense_1e19,5,41,11.4544,0.179755,0.376905
dense_1e19,5,42,7.55168,0.179755,0.376905
dense_1e19,5,43,10.8739,0.179755,0.376905
dense_1e19,5,44,10.4733,0.179755,0.376905
dense_1e19,5,45,14.8778,0.179755,0.376905
dense_1e19,5,46,17.3721,0.179755,0.376905
dense_1e19,5,47,13.0436,0.179755,0.376905
dense_1e19,5,48,16.3465,0.179755,0.376905
dense_1e19,5,49,15.5104,0.179755,0.376905
dense_1e19,6,0,6.65483,0.246727,0.382919
dense_1e19,6,1,8.54488,0.246727,0.382919
dense_1e19,6,2,13.3412,0.246727,0.382919
dense_1e19,6,3,12.3378,0.246727,0.382919
dense_1e19,6,4,12.6203,0.246727,0.382919
dense_1e19,6,5,17.1352,0.246727,0.382919
dense_1e19,6,6,13.3537,0.246727,0.382919
dense_1e19,6,7,9.14744,0.246727,0.382919
dense_1e19,6,8,9.86065,0.246727,0.382919
dense_1e19,6,9,14.9092,0.246727,0.382919
dense_1e19,6,10,13.5802,0.246727,0.382919
dense_1e19,6,11,14.0388,0.246727,0.382919
dense_1e19,6,12,11.6575,0.246727,0.382919
dense_1e19,6,13,9.29165,0.246727,0.382919
dense_1e19,6,14,13.0561,0.246727,0.382919
dense_1e19,6,15,11.8281,0.246727,0.382919
dense_1e19,6,16,17.025,0.246727,0.382919
dense_1e19,6,17,15.5441,0.246727,0.382919
dense_1e19,6,18,13.306,0.246727,0.382919
dense_1e19,6,19,14.9442,0.246727,0.382919
dense_1e19,6,20,15.5652,0.246727,0.382919
dense_1e19,6,21,10.3782,0.246727,0.382919
dense_1e19,6,22,14.3869,0.246727,0.382919
dense_1e19,6,23,10.5033,0.246727,0.382919
dense_1e19,6,24,11.4074,0.246727,0.382919
dense_1e19,6,25,13.6376,0.246727,0.382919
dense_1e19,6,26,9.10986,0.246727,0.382919
dense_1e19,6,27,13.899,0.246727,0.382919
dense_1e19,6,28,13.5807,0.246727,0.382919
dense_1e19,6,29,12.7386,0.246727,0.382919
dense_1e19,6,30,17.8293,0.246727,0.382919
dense_1e19,6,31,11.2699,0.246727,0.382919
dense_1e19,6,32,18.4313,0.246727,0.382919
dense_1e19,6,33,18.6756,0.246727,0.382919
dense_1e19,6,34,14.8999,0.246727,0.382919
dense_1e19,6,35,12.567,0.246727,0.382919
dense_1e19,6,36,13.176,0.246727,0.382919
dense_1e19,6,37,11.0081,0.246727,0.382919
dense_1e19,6,38,12.4377,0.246727,0.382919
dense_1e19,6,39,16.9276,0.246727,0.382919
dense_1e19,6,40,7.9746,0.246727,0.382919
dense_1e19,6,41,7.51269,0.246727,0.382919
dense_1e19,6,42,13.6608,0.246727,0.382919
dense_1e19,6,43,14.927,0.246727,0.382919
dense_1e19,6,44,15.7103,0.246727,0.382919
dense_1e19,6,45,16.5361,0.246727,0.382919
dense_1e19,6,46,10.5745,0.246727,0.382919
dense_1e19,6,47,13.9718,0.246727,0.382919
dense_1e19,6,48,15.8611,0.246727,0.382919
dense_1e19,6,49,9.44814,0.246727,0.382919
dense_1e19,7,0,13.0364,0.297951,0.413048
dense_1e19,7,1,9.15237,0.297951,0.413048
dense_1e19,7,2,13.9785,0.297951,0.413048
dense_1e19,7,3,11.7658,0.297951,0.413048
dense_1e19,7,4,17.8959,0.297951,0.413048
dense_1e19,7,5,12.5008,0.297951,0.413048
dense_1e19,7,6,12.7937,0.297951,0.413048
dense_1e19,7,7,16.8123,0.297951,0.413048
dense_1e19,7,8,15.9457,0.297951,0.413048
dense_1e19,7,9,12.835,0.297951,0.413048
dense_1e19,7,10,12.3708,0.297951,0.413048
dense_1e19,7,11,9.04106,0.297951,0.413048
dense_1e19,7,12,12.9152,0.297951,0.413048
dense_1e19,7,13,15.1372,0.297951,0.413048
dense_1e19,7,14,14.7467,0.297951,0.413048
dense_1e19,7,15,16.2169,0.297951,0.413048
dense_1e19,7,16,9.40576,0.297951,0.413048
dense_1e19,7,17,16.7518,0.297951,0.413048
dense_1e19,7,18,14.8909,0.297951,0.413048
dense_1e19,7,19,15.8551,0.297951,0.413048
dense_1e19,7,20,11.8451,0.297951,0.413048
dense_1e19,7,21,15.1837,0.297951,0.413048
dense_1e19,7,22,15.2879,0.297951,0.413048
dense_1e19,7,23,15.2475,0.297951,0.413048
dense_1e19,7,24,15.7781,0.297951,0.413048
dense_1e19,7,25,15.1231,0.297951,0.413048
dense_1e19,7,26,13.1629,0.297951,0.413048
dense_1e19,7,27,14.5137,0.297951,0.413048
dense_1e19,7,28,19.7108,0.297951,0.413048
dense_1e19,7,29,16.8944,0.297951,0.413048
dense_1e19,7,30,15.6738,0.297951,0.413048
dense_1e19,7,31,10.1009,0.297951,0.413048
dense_1e19,7,32,7.74072,0.297951,0.413048
dense_1e19,7,33,14.1816,0.297951,0.413048
dense_1e19,7,34,14.7903,0.297951,0.413048
dense_1e19,7,35,14.6622,0.297951,0.413048
dense_1e19,7,36,17.1751,0.297951,0.413048
dense_1e19,7,37,15.5097,0.297951,0.413048
dense_1e19,7,38,8.04314,0.297951,0.413048
dense_1e19,7,39,13.8735,0.297951,0.413048
dense_1e19,7,40,16.6391,0.297951,0.413048
dense_1e19,7,41,15.6167,0.297951,0.413048
dense_1e19,7,42,18.8212,0.297951,0.413048
dense_1e19,7,43,8.90678,0.297951,0.413048
dense_1e19,7,44,15.2942,0.297951,0.413048
dense_1e19,7,45,17.6273,0.297951,0.413048
dense_1e19,7,46,13.0235,0.297951,0.413048
dense_1e19,7,47,14.0567,0.297951,0.413048
dense_1e19,7,48,14.4739,0.297951,0.413048
dense_1e19,7,49,22.9045,0.297951,0.413048
dense_1e19,8,0,15.5985,0.33161,0.45433
dense_1e19,8,1,18.0095,0.33161,0.45433
dense_1e19,8,2,15.7881,0.33161,0.45433
dense_1e19,8,3,6.01738,0.33161,0.45433
dense_1e19,8,4,16.5171,0.33161,0.45433
dense_1e19,8,5,18.1869,0.33161,0.45433
dense_1e19,8,6,14.0906,0.33161,0.45433
dense_1e19,8,7,13.5388,0.33161,0.45433
dense_1e19,8,8,25.0576,0.33161,0.45433
dense_1e19,8,9,18.8857,0.33161,0.45433
dense_1e19,8,10,11.8409,0.33161,0.45433
dense_1e19,8,11,22.7282,0.33161,0.45433
dense_1e19,8,12,18.389,0.33161,0.45433
dense_1e19,8,13,21.4302,0.33161,0.45433
dense_1e19,8,14,12.838,0.33161,0.45433
dense_1e19,8,15,14.3978,0.33161,0.45433
dense_1e19,8,16,14.2926,0.33161,0.45433
dense_1e19,8,17,10.3881,0.33161,0.45433
dense_1e19,8,18,11.0655,0.33161,0.45433
dense_1e19,8,19,11.9183,0.33161,0.45433
dense_1e19,8,20,18.8619,0.33161,0.45433
dense_1e19,8,21,12.7186,0.33161,0.45433
dense_1e19,8,22,15.4043,0.33161,0.45433
dense_1e19,8,23,15.4085,0.33161,0.45433
dense_1e19,8,24,10.9321,0.33161,0.45433
dense_1e19,8,25,13.3774,0.33161,0.45433
dense_1e19,8,26,12.9224,0.33161,0.45433
dense_1e19,8,27,10.8358,0.33161,0.45433
dense_1e19,8,28,10.6223,0.33161,0.45433
dense_1e19,8,29,18.5333,0.33161,0.45433
dense_1e19,8,30,15.3671,0.33161,0.45433
dense_1e19,8,31,13.5927,0.33161,0.45433
dense_1e19,8,32,13.226,0.33161,0.45433
dense_1e19,8,33,18.3723,0.33161,0.45433
dense_1e19,8,34,14.6326,0.33161,0.45433
dense_1e19,8,35,19.6455,0.33161,0.45433
dense_1e19,8,36,10.3251,0.33161,0.45433
dense_1e19,8,37,14.1417,0.33161,0.45433
dense_1e19,8,38,18.5952,0.33161,0.45433
dense_1e19,8,39,14.0995,0.33161,0.45433
dense_1e19,8,40,20.2014,0.33161,0.45433
dense_1e19,8,41,11.0513,0.33161,0.45433
dense_1e19,8,42,10.0036,0.33161,0.45433
dense_1e19,8,43,11.5614,0.33161,0.45433
dense_1e19,8,44,13.4066,0.33161,0.45433
dense_1e19,8,45,18.0451,0.33161,0.45433
dense_1e19,8,46,15.746,0.33161,0.45433
dense_1e19,8,47,19.9336,0.33161,0.45433
dense_1e19,8,48,14.474,0.33161,0.45433
dense_1e19,8,49,15.3623,0.33161,0.45433
dense_1e19,9,0,15.9312,0.545884,0.405475
dense_1e19,9,1,10.2934,0.545884,0.405475
dense_1e19,9,2,16.3531,0.545884,0.405475
dense_1e19,9,3,8.96011,0.545884,0.405475
dense_1e19,9,4,14.7796,0.545884,0.405475
dense_1e19,9,5,17.2253,0.545884,0.405475
dense_1e19,9,6,15.7914,0.545884,0.405475
dense_1e19,9,7,17.0356,0.545884,0.405475
dense_1e19,9,8,16.6922,0.545884,0.405475
dense_1e19,9,9,12.9747,0.545884,0.405475
dense_1e19,9,10,14.0302,0.545884,0.405475
dense_1e19,9,11,14.0882,0.545884,0.405475
dense_1e19,9,12,18.024,0.545884,0.405475
dense_1e19,9,13,13.835,0.545884,0.405475
dense_1e19,9,14,25.5976,0.545884,0.405475
dense_1e19,9,15,14.0528,0.545884,0.405475
dense_1e19,9,16,16.8963,0.545884,0.405475
dense_1e19,9,17,13.1965,0.545884,0.405475
dense_1e19,9,18,17.6096,0.545884,0.405475
dense_1e19,9,19,8.94255,0.545884,0.405475
dense_1e19,9,20,19.1897,0.545884,0.405475
dense_1e19,9,21,17.9683,0.545884,0.405475
dense_1e19,9,22,14.5339,0.545884,0.405475
dense_1e19,9,23,16.5275,0.545884,0.405475
dense_1e19,9,24,4.93712,0.545884,0.405475
dense_1e19,9,25,23.0192,0.545884,0.405475
dense_1e19,9,26,16.2832,0.545884,0.405475
dense_1e19,9,27,6.02337,0.545884,0.405475
dense_1e19,9,28,10.2567,0.545884,0.405475
dense_1e19,9,29,17.8193,0.545884,0.405475
dense_1e19,9,30,16.8786,0.545884,0.405475
dense_1e19,9,31,11.9642,0.545884,0.405475
dense_1e19,9,32,19.72,0.545884,0.405475
dense_1e19,9,33,13.0212,0.545884,0.405475
dense_1e19,9,34,9.35061,0.545884,0.405475
dense_1e19,9,35,16.4864,0.545884,0.405475
dense_1e19,9,36,12.1499,0.545884,0.405475
dense_1e19,9,37,16.6934,0.545884,0.405475
dense_1e19,9,38,15.1247,0.545884,0.405475
dense_1e19,9,39,17.1343,0.545884,0.405475
dense_1e19,9,40,17.9752,0.545884,0.405475
dense_1e19,9,41,15.8645,0.545884,0.405475
dense_1e19,9,42,21.8755,0.545884,0.405475
dense_1e19,9,43,8.69359,0.545884,0.405475
dense_1e19,9,44,16.5194,0.545884,0.405475
dense_1e19,9,45,19.928,0.545884,0.405475
dense_1e19,9,46,17.6165,0.545884,0.405475
dense_1e19,9,47,16.6943,0.545884,0.405475
dense_1e19,9,48,17.5363,0.545884,0.405475
dense_1e19,9,49,13.6899,0.545884,0.405475
dense_1e19,10,0,11.5358,0.324488,0.457667
dense_1e19,10,1,42.4517,0.324488,0.457667
dense_1e19,10,2,15.9817,0.324488,0.457667
dense_1e19,10,3,17.887,0.324488,0.457667
dense_1e19,10,4,44.4949,0.324488,0.457667
dense_1e19,10,5,18.7143,0.324488,0.457667
dense_1e19,10,6,18.4491,0.324488,0.457667
dense_1e19,10,7,11.4098,0.324488,0.457667
dense_1e19,10,8,18.9754,0.324488,0.457667
dense_1e19,10,9,14.8867,0.324488,0.457667
dense_1e19,10,10,16.2026,0.324488,0.457667
dense_1e19,10,11,12.3114,0.324488,0.457667
dense_1e19,10,12,10.2636,0.324488,0.457667
dense_1e19,10,13,12.3822,0.324488,0.457667
dense_1e19,10,14,16.3479,0.324488,0.457667
dense_1e19,10,15,46.24,0.324488,0.457667
dense_1e19,10,16,12.916,0.324488,0.457667
dense_1e19,10,17,17.7004,0.324488,0.457667
dense_1e19,10,18,13.5815,0.324488,0.457667
dense_1e19,10,19,15.581,0.324488,0.457667
dense_1e19,10,20,17.1493,0.324488,0.457667
dense_1e19,10,21,10.8796,0.324488,0.457667
dense_1e19,10,22,16.754,0.324488,0.457667
dense_1e19,10,23,45.0251,0.324488,0.457667
dense_1e19,10,24,16.1242,0.324488,0.457667
dense_1e19,10,25,10.1215,0.324488,0.457667
dense_1e19,10,26,18.2442,0.324488,0.457667
dense_1e19,10,27,19.3431,0.324488,0.457667
dense_1e19,10,28,14.8313,0.324488,0.457667
dense_1e19,10,29,13.4146,0.324488,0.457667
dense_1e19,10,30,24.6912,0.324488,0.457667
dense_1e19,10,31,11.8578,0.324488,0.457667
dense_1e19,10,32,19.3443,0.324488,0.457667
dense_1e19,10,33,17.0364,0.324488,0.457667
dense_1e19,10,34,14.0693,0.324488,0.457667
dense_1e19,10,35,14.2952,0.324488,0.457667
dense_1e19,10,36,20.7166,0.324488,0.457667
dense_1e19,10,37,19.5276,0.324488,0.457667
dense_1e19,10,38,14.1981,0.324488,0.457667
dense_1e19,10,39,13.7308,0.324488,0.457667
dense_1e19,10,40,16.9354,0.324488,0.457667
dense_1e19,10,41,9.30267,0.324488,0.457667
dense_1e19,10,42,14.6844,0.324488,0.457667
dense_1e19,10,43,7.90047,0.324488,0.457667
dense_1e19,10,44,12.1483,0.324488,0.457667
dense_1e19,10,45,16.5649,0.324488,0.457667
dense_1e19,10,46,16.3209,0.324488,0.457667
dense_1e19,10,47,18.1023,0.324488,0.457667
dense_1e19,10,48,41.5225,0.324488,0.457667
dense_1e19,10,49,43.8157,0.324488,0.457667
dense_1e19,11,0,20.8934,0.330972,0.465527
dense_1e19,11,1,16.5894,0.330972,0.465527
dense_1e19,11,2,16.9519,0.330972,0.465527
dense_1e19,11,3,16.0138,0.330972,0.465527
dense_1e19,11,4,15.285,0.330972,0.465527
dense_1e19,11,5,11.9988,0.330972,0.465527
dense_1e19,11,6,14.8229,0.330972,0.465527
dense_1e19,11,7,17.6413,0.330972,0.465527
dense_1e19,11,8,18.1151,0.330972,0.465527
dense_1e19,11,9,17.0263,0.330972,0.465527
dense_1e19,11,10,20.566,0.330972,0.465527
dense_1e19,11,11,15.4641,0.330972,0.465527
dense_1e19,11,12,20.126,0.330972,0.465527
dense_1e19,11,13,19.5571,0.330972,0.465527
dense_1e19,11,14,14.5362,0.330972,0.465527
dense_1e19,11,15,16.0885,0.330972,0.465527
dense_1e19,11,16,16.8058,0.330972,0.465527
dense_1e19,11,17,11.2196,0.330972,0.465527
dense_1e19,11,18,17.9323,0.330972,0.465527
dense_1e19,11,19,16.7985,0.330972,0.465527
dense_1e19,11,20,19.2392,0.330972,0.465527
dense_1e19,11,21,19.7157,0.330972,0.465527
dense_1e19,11,22,23.7036,0.330972,0.465527
dense_1e19,11,23,12.2726,0.330972,0.465527
dense_1e19,11,24,14.0502,0.330972,0.465527
dense_1e19,11,25,16.1469,0.330972,0.465527
dense_1e19,11,26,15.029,0.330972,0.465527
dense_1e19,11,27,17.1728,0.330972,0.465527
dense_1e19,11,28,14.8285,0.330972,0.465527
dense_1e19,11,29,13.4427,0.330972,0.465527
dense_1e19,11,30,11.6378,0.330972,0.465527
dense_1e19,11,31,16.2046,0.330972,0.465527
dense_1e19,11,32,16.8369,0.330972,0.465527
dense_1e19,11,33,8.3908,0.330972,0.465527
dense_1e19,11,34,16.0767,0.330972,0.465527
dense_1e19,11,35,18.6173,0.330972,0.465527
dense_1e19,11,36,21.4879,0.330972,0.465527
dense_1e19,11,37,18.6499,0.330972,0.465527
dense_1e19,11,38,13.2444,0.330972,0.465527
dense_1e19,11,39,16.8731,0.330972,0.465527
dense_1e19,11,40,15.5977,0.330972,0.465527
dense_1e19,11,41,18.23,0.330972,0.465527
dense_1e19,11,42,9.68754,0.330972,0.465527
dense_1e19,11,43,20.7246,0.330972,0.465527
dense_1e19,11,44,17.477,0.330972,0.465527
dense_1e19,11,45,15.8219,0.330972,0.465527
dense_1e19,11,46,15.6043,0.330972,0.465527
dense_1e19,11,47,13.5407,0.330972,0.465527
dense_1e19,11,48,17.1219,0.330972,0.465527
dense_1e19,11,49,17.9445,0.330972,0.465527
dense_1e19,12,0,15.0444,0.411887,0.520521
dense_1e19,12,1,15.5673,0.411887,0.520521
dense_1e19,12,2,11.9519,0.411887,0.520521
dense_1e19,12,3,16.9394,0.411887,0.520521
dense_1e19,12,4,19.4248,0.411887,0.520521
dense_1e19,12,5,19.0236,0.411887,0.520521
dense_1e19,12,6,16.0788,0.411887,0.520521
dense_1e19,12,7,15.6327,0.411887,0.520521
dense_1e19,12,8,20.0948,0.411887,0.520521
dense_1e19,12,9,14.15,0.411887,0.520521
dense_1e19,12,10,19.049,0.411887,0.520521
dense_1e19,12,11,21.9402,0.411887,0.520521
dense_1e19,12,12,19.4213,0.411887,0.520521
dense_1e19,12,13,13.9247,0.411887,0.520521
dense_1e19,12,14,15.0514,0.411887,0.520521
dense_1e19,12,15,14.7325,0.411887,0.520521
dense_1e19,12,16,13.5687,0.411887,0.520521
dense_1e19,12,17,15.937,0.411887,0.520521
dense_1e19,12,18,19.1164,0.411887,0.520521
dense_1e19,12,19,16.8749,0.411887,0.520521
dense_1e19,12,20,17.9071,0.411887,0.520521
dense_1e19,12,21,20.438,0.411887,0.520521
dense_1e19,12,22,18.3208,0.411887,0.520521
dense_1e19,12,23,11.5431,0.411887,0.520521
dense_1e19,12,24,16.0868,0.411887,0.520521
dense_1e19,12,25,17.6558,0.411887,0.520521
dense_1e19,12,26,16.6362,0.411887,0.520521
dense_1e19,12,27,17.3854,0.411887,0.520521
dense_1e19,12,28,17.8549,0.411887,0.520521
dense_1e19,12,29,22.8183,0.411887,0.520521
dense_1e19,12,30,14.4765,0.411887,0.520521
dense_1e19,12,31,14.8764,0.411887,0.520521
dense_1e19,12,32,11.6863,0.411887,0.520521
dense_1e19,12,33,19.8099,0.411887,0.520521
dense_1e19,12,34,11.3202,0.411887,0.520521
dense_1e19,12,35,17.8078,0.411887,0.520521
dense_1e19,12,36,18.6285,0.411887,0.520521
dense_1e19,12,37,15.2327,0.411887,0.520521
dense_1e19,12,38,20.7101,0.411887,0.520521
dense_1e19,12,39,16.7732,0.411887,0.520521
dense_1e19,12,40,16.4235,0.411887,0.520521
dense_1e19,12,41,17.1603,0.411887,0.520521
dense_1e19,12,42,17.528,0.411887,0.520521
dense_1e19,12,43,18.0135,0.411887,0.520521
dense_1e19,12,44,12.7138,0.411887,0.520521
dense_1e19,12,45,15.3512,0.411887,0.520521
dense_1e19,12,46,16.6781,0.411887,0.520521
dense_1e19,12,47,13.6004,0.411887,0.520521
dense_1e19,12,48,15.2933,0.411887,0.520521
dense_1e19,12,49,20.9097,0.411887,0.520521
dense_1e19,13,0,14.6965,0.370019,0.692745
dense_1e19,13,1,17.8472,0.370019,0.692745
dense_1e19,13,2,19.3398,0.370019,0.692745
dense_1e19,13,3,19.8273,0.370019,0.692745
dense_1e19,13,4,14.1036,0.370019,0.692745
dense_1e19,13,5,15.7304,0.370019,0.692745
dense_1e19,13,6,23.8369,0.370019,0.692745
dense_1e19,13,7,25.3983,0.370019,0.692745
dense_1e19,13,8,19.6412,0.370019,0.692745
dense_1e19,13,9,13.5723,0.370019,0.692745
dense_1e19,13,10,17.4619,0.370019,0.692745
dense_1e19,13,11,11.4406,0.370019,0.692745
dense_1e19,13,12,13.9856,0.370019,0.692745
dense_1e19,13,13,16.3184,0.370019,0.692745
dense_1e19,13,14,17.71,0.370019,0.692745
dense_1e19,13,15,18.7291,0.370019,0.692745
dense_1e19,13,16,20.8141,0.370019,0.692745
dense_1e19,13,17,16.826,0.370019,0.692745
dense_1e19,13,18,17.2937,0.370019,0.692745
dense_1e19,13,19,18.9239,0.370019,0.692745
dense_1e19,13,20,14.98,0.370019,0.692745
dense_1e19,13,21,15.0369,0.370019,0.692745
dense_1e19,13,22,17.6834,0.370019,0.692745
dense_1e19,13,23,17.132,0.370019,0.692745
dense_1e19,13,24,16.1863,0.370019,0.692745
dense_1e19,13,25,24.1363,0.370019,0.692745
dense_1e19,13,26,22.6818,0.370019,0.692745
dense_1e19,13,27,16.566,0.370019,0.692745
dense_1e19,13,28,17.4257,0.370019,0.692745
dense_1e19,13,29,16.5209,0.370019,0.692745
dense_1e19,13,30,17.1568,0.370019,0.692745
dense_1e19,13,31,14.8396,0.370019,0.692745
dense_1e19,13,32,18.2388,0.370019,0.692745
dense_1e19,13,33,21.4794,0.370019,0.692745
dense_1e19,13,34,14.3353,0.370019,0.692745
dense_1e19,13,35,20.7761,0.370019,0.692745
dense_1e19,13,36,23.3232,0.370019,0.692745
dense_1e19,13,37,17.9092,0.370019,0.692745
dense_1e19,13,38,20.3963,0.370019,0.692745
dense_1e19,13,39,13.9196,0.370019,0.692745
dense_1e19,13,40,11.3372,0.370019,0.692745
dense_1e19,13,41,27.0165,0.370019,0.692745
dense_1e19,13,42,17.5169,0.370019,0.692745
dense_1e19,13,43,21.9276,0.370019,0.692745
dense_1e19,13,44,17.2814,0.370019,0.692745
dense_1e19,13,45,13.6907,0.370019,0.692745
dense_1e19,13,46,16.7316,0.370019,0.692745
dense_1e19,13,47,13.7533,0.370019,0.692745
dense_1e19,13,48,12.993,0.370019,0.692745
dense_1e19,13,49,13.7169,0.370019,0.692745
dense_1e19,-1,783,,,,123.745
dense_1e19,-1,667,,,,108.432
dense_1e19,-1,30,,,,107.484
dense_1e19,-1,406,,,,107.081
dense_1e19,-1,576,,,,100.968
dense_1e19,-1,215,,,,99.7228
dense_1e19,-1,669,,,,98.7491
dense_1e19,-1,429,,,,96.6761
dense_1e19,-1,333,,,,96.3279
dense_1e19,-1,380,,,,93.9694
dense_1e19,-1,235,,,,93.2148
dense_1e19,-1,648,,,,91.0191
dense_1e19,-1,321,,,,90.9548
dense_1e19,-1,94,,,,90.7425
dense_1e19,-1,593,,,,90.3659
dense_1e19,-1,280,,,,89.7036
dense_1e19,-1,45,,,,89.7023
dense_1e19,-1,733,,,,89.4154
dense_1e19,-1,365,,,,88.8684
dense_1e19,-1,291,,,,87.4959
dense_1e19,-1,335,,,,86.9784
dense_1e19,-1,22,,,,86.9227
dense_1e19,-1,223,,,,86.6958
dense_1e19,-1,644,,,,85.9924
dense_1e19,-1,634,,,,85.7589
dense_1e19,-1,562,,,,85.4339
dense_1e19,-1,606,,,,84.484
dense_1e19,-1,505,,,,84.4733
dense_1e19,-1,504,,,,84.0387
dense_1e19,-1,10,,,,82.6307
dense_1e19,-1,493,,,,82.352
dense_1e19,-1,728,,,,81.729
dense_1e19,-1,203,,,,81.525
dense_1e19,-1,171,,,,81.429
dense_1e19,-1,243,,,,81.236
dense_1e19,-1,99,,,,81.0283
dense_1e19,-1,361,,,,80.8336
dense_1e19,-1,719,,,,80.7256
dense_1e19,-1,179,,,,80.6804
dense_1e19,-1,745,,,,80.458
dense_1e19,-1,123,,,,80.4054
dense_1e19,-1,472,,,,80.1501
dense_1e19,-1,348,,,,79.7641
dense_1e19,-1,351,,,,79.6897
dense_1e19,-1,784,,,,79.4759
dense_1e19,-1,797,,,,79.3396
dense_1e19,-1,188,,,,77.571
dense_1e19,-1,238,,,,77.4566
dense_1e19,-1,490,,,,77.3376
dense_1e19,-1,272,,,,77.0364
dense_1e19,-1,131,,,,77.0296
dense_1e19,-1,716,,,,76.9842
dense_1e19,-1,360,,,,76.8869
dense_1e19,-1,487,,,,76.7875
dense_1e19,-1,341,,,,76.5553
dense_1e19,-1,155,,,,76.2013
dense_1e19,-1,271,,,,75.7552
dense_1e19,-1,241,,,,75.5855
dense_1e19,-1,390,,,,75.5042
dense_1e19,-1,772,,,,74.5921
dense_1e19,-1,422,,,,74.5255
dense_1e19,-1,656,,,,74.3441
dense_1e19,-1,201,,,,74.2568
dense_1e19,-1,393,,,,74.2087
dense_1e19,-1,-1,,,,36.0655
dense_1e19,-1,-2,,,,123.745
moe_coarse_1e19,0,0,11.5743,0.203061,4.26728
moe_coarse_1e19,0,1,12.6712,0.203061,4.26728
moe_coarse_1e19,0,2,7.41669,0.203061,4.26728
moe_coarse_1e19,0,3,11.0725,0.203061,4.26728
moe_coarse_1e19,0,4,14.2529,0.203061,4.26728
moe_coarse_1e19,0,5,10.1854,0.203061,4.26728
moe_coarse_1e19,0,6,11.8392,0.203061,4.26728
moe_coarse_1e19,0,7,9.48479,0.203061,4.26728
moe_coarse_1e19,0,8,5.72199,0.203061,4.26728
moe_coarse_1e19,0,9,11.3187,0.203061,4.26728
moe_coarse_1e19,0,10,11.0423,0.203061,4.26728
moe_coarse_1e19,0,11,5.16061,0.203061,4.26728
moe_coarse_1e19,0,12,12.3471,0.203061,4.26728
moe_coarse_1e19,0,13,11.6948,0.203061,4.26728
moe_coarse_1e19,0,14,10.6861,0.203061,4.26728
moe_coarse_1e19,0,15,4.09382,0.203061,4.26728
moe_coarse_1e19,0,16,10.0066,0.203061,4.26728
moe_coarse_1e19,0,17,9.71329,0.203061,4.26728
moe_coarse_1e19,0,18,11.2102,0.203061,4.26728
moe_coarse_1e19,0,19,12.9725,0.203061,4.26728
moe_coarse_1e19,0,20,11.6296,0.203061,4.26728
moe_coarse_1e19,0,21,10.1634,0.203061,4.26728
moe_coarse_1e19,0,22,11.8958,0.203061,4.26728
moe_coarse_1e19,0,23,11.7685,0.203061,4.26728
moe_coarse_1e19,0,24,21.219,0.203061,4.26728
moe_coarse_1e19,0,25,9.08685,0.203061,4.26728
moe_coarse_1e19,0,26,8.98566,0.203061,4.26728
moe_coarse_1e19,0,27,4.91837,0.203061,4.26728
moe_coarse_1e19,0,28,9.3147,0.203061,4.26728
moe_coarse_1e19,0,29,12.5803,0.203061,4.26728
moe_coarse_1e19,0,30,10.2144,0.203061,4.26728
moe_coarse_1e19,0,31,11.4698,0.203061,4.26728
moe_coarse_1e19,0,32,10.0521,0.203061,4.26728
moe_coarse_1e19,0,33,16.7656,0.203061,4.26728
moe_coarse_1e19,0,34,15.8021,0.203061,4.26728
moe_coarse_1e19,0,35,6.25592,0.203061,4.26728
moe_coarse_1e19,0,36,13.5853,0.203061,4.26728
moe_coarse_1e19,0,37,10.1757,0.203061,4.26728
moe_coarse_1e19,0,38,15.0675,0.203061,4.26728
moe_coarse_1e19,0,39,8.45268,0.203061,4.26728
moe_coarse_1e19,0,40,11.9379,0.203061,4.26728
moe_coarse_1e19,0,41,7.42505,0.203061,4.26728
moe_coarse_1e19,0,42,11.1991,0.203061,4.26728
moe_coarse_1e19,0,43,14.2467,0.203061,4.26728
moe_coarse_1e19,0,44,18.7165,0.203061,4.26728
moe_coarse_1e19,0,45,11.4105,0.203061,4.26728
moe_coarse_1e19,0,46,25.8557,0.203061,4.26728
moe_coarse_1e19,0,47,5.99238,0.203061,4.26728
moe_coarse_1e19,0,48,6.83845,0.203061,4.26728
moe_coarse_1e19,0,49,7.29053,0.203061,4.26728
moe_coarse_1e19,1,0,6.16942,0.297807,0.136527
moe_coarse_1e19,1,1,8.76544,0.297807,0.136527
moe_coarse_1e19,1,2,9.70187,0.297807,0.136527
moe_coarse_1e19,1,3,10.0255,0.297807,0.136527
moe_coarse_1e19,1,4,10.8608,0.297807,0.136527
moe_coarse_1e19,1,5,14.1786,0.297807,0.136527
moe_coarse_1e19,1,6,13.9135,0.297807,0.136527
moe_coarse_1e19,1,7,4.17653,0.297807,0.136527
moe_coarse_1e19,1,8,3.78896,0.297807,0.136527
moe_coarse_1e19,1,9,19.6856,0.297807,0.136527
moe_coarse_1e19,1,10,3.46744,0.297807,0.136527
moe_coarse_1e19,1,11,4.18827,0.297807,0.136527
moe_coarse_1e19,1,12,5.3065,0.297807,0.136527
moe_coarse_1e19,1,13,17.6358,0.297807,0.136527
moe_coarse_1e19,1,14,14.9742,0.297807,0.136527
moe_coarse_1e19,1,15,5.33181,0.297807,0.136527
moe_coarse_1e19,1,16,14.434,0.297807,0.136527
moe_coarse_1e19,1,17,20.0766,0.297807,0.136527
moe_coarse_1e19,1,18,4.51782,0.297807,0.136527
moe_coarse_1e19,1,19,7.04003,0.297807,0.136527
moe_coarse_1e19,1,20,8.67206,0.297807,0.136527
moe_coarse_1e19,1,21,11.561,0.297807,0.136527
moe_coarse_1e19,1,22,15.8054,0.297807,0.136527
moe_coarse_1e19,1,23,4.21145,0.297807,0.136527
moe_coarse_1e19,1,24,15.8639,0.297807,0.136527
moe_coarse_1e19,1,25,3.76613,0.297807,0.136527
moe_coarse_1e19,1,26,14.3764,0.297807,0.136527
moe_coarse_1e19,1,27,15.3251,0.297807,0.136527
moe_coarse_1e19,1,28,12.8005,0.297807,0.136527
moe_coarse_1e19,1,29,13.8684,0.297807,0.136527
moe_coarse_1e19,1,30,9.84246,0.297807,0.136527
moe_coarse_1e19,1,31,3.78959,0.297807,0.136527
moe_coarse_1e19,1,32,4.78044,0.297807,0.136527
moe_coarse_1e19,1,33,11.8077,0.297807,0.136527
moe_coarse_1e19,1,34,11.378,0.297807,0.136527
moe_coarse_1e19,1,35,14.0275,0.297807,0.136527
moe_coarse_1e19,1,36,8.90146,0.297807,0.136527
moe_coarse_1e19,1,37,9.90066,0.297807,0.136527
moe_coarse_1e19,1,38,4.75635,0.297807,0.136527
moe_coarse_1e19,1,39,14.8907,0.297807,0.136527
moe_coarse_1e19,1,40,5.04173,0.297807,0.136527
moe_coarse_1e19,1,41,16.0811,0.297807,0.136527
moe_coarse_1e19,1,42,3.03044,0.297807,0.136527
moe_coarse_1e19,1,43,4.05445,0.297807,0.136527
moe_coarse_1e19,1,44,13.4764,0.297807,0.136527
moe_coarse_1e19,1,45,15.1626,0.297807,0.136527
moe_coarse_1e19,1,46,5.62577,0.297807,0.136527
moe_coarse_1e19,1,47,8.15502,0.297807,0.136527
moe_coarse_1e19,1,48,12.5487,0.297807,0.136527
moe_coarse_1e19,1,49,8.71225,0.297807,0.136527
moe_coarse_1e19,2,0,10.0118,0.216301,0.0428912
moe_coarse_1e19,2,1,13.5026,0.216301,0.0428912
moe_coarse_1e19,2,2,5.4099,0.216301,0.0428912
moe_coarse_1e19,2,3,18.1005,0.216301,0.0428912
moe_coarse_1e19,2,4,16.9931,0.216301,0.0428912
moe_coarse_1e19,2,5,11.3464,0.216301,0.0428912
moe_coarse_1e19,2,6,13.7993,0.216301,0.0428912
moe_coarse_1e19,2,7,7.501,0.216301,0.0428912
moe_coarse_1e19,2,8,12.1506,0.216301,0.0428912
moe_coarse_1e19,2,9,8.23839,0.216301,0.0428912
moe_coarse_1e19,2,10,15.8393,0.216301,0.0428912
moe_coarse_1e19,2,11,12.5189,0.216301,0.0428912
moe_coarse_1e19,2,12,16.8017,0.216301,0.0428912
moe_coarse_1e19,2,13,6.85394,0.216301,0.0428912
moe_coarse_1e19,2,14,10.2186,0.216301,0.0428912
moe_coarse_1e19,2,15,4.96979,0.216301,0.0428912
moe_coarse_1e19,2,16,27.1458,0.216301,0.0428912
moe_coarse_1e19,2,17,14.8717,0.216301,0.0428912
moe_coarse_1e19,2,18,10.3303,0.216301,0.0428912
moe_coarse_1e19,2,19,15.4853,0.216301,0.0428912
moe_coarse_1e19,2,20,11.4169,0.216301,0.0428912
moe_coarse_1e19,2,21,9.54962,0.216301,0.0428912
moe_coarse_1e19,2,22,11.6164,0.216301,0.0428912
moe_coarse_1e19,2,23,8.15358,0.216301,0.0428912
moe_coarse_1e19,2,24,12.666,0.216301,0.0428912
moe_coarse_1e19,2,25,10.3192,0.216301,0.0428912
moe_coarse_1e19,2,26,14.0556,0.216301,0.0428912
moe_coarse_1e19,2,27,9.07716,0.216301,0.0428912
moe_coarse_1e19,2,28,14.9423,0.216301,0.0428912
moe_coarse_1e19,2,29,14.1892,0.216301,0.0428912
moe_coarse_1e19,2,30,7.54113,0.216301,0.0428912
moe_coarse_1e19,2,31,8.78852,0.216301,0.0428912
moe_coarse_1e19,2,32,24.9633,0.216301,0.0428912
moe_coarse_1e19,2,33,11.8136,0.216301,0.0428912
moe_coarse_1e19,2,34,7.59197,0.216301,0.0428912
moe_coarse_1e19,2,35,9.89697,0.216301,0.0428912
moe_coarse_1e19,2,36,19.2779,0.216301,0.0428912
moe_coarse_1e19,2,37,14.4953,0.216301,0.0428912
moe_coarse_1e19,2,38,7.55807,0.216301,0.0428912
moe_coarse_1e19,2,39,10.2024,0.216301,0.0428912
moe_coarse_1e19,2,40,14.091,0.216301,0.0428912
moe_coarse_1e19,2,41,9.69547,0.216301,0.0428912
moe_coarse_1e19,2,42,16.3479,0.216301,0.0428912
moe_coarse_1e19,2,43,14.634,0.216301,0.0428912
moe_coarse_1e19,2,44,10.3228,0.216301,0.0428912
moe_coarse_1e19,2,45,8.17294,0.216301,0.0428912
moe_coarse_1e19,2,46,7.68469,0.216301,0.0428912
moe_coarse_1e19,2,47,7.38395,0.216301,0.0428912
moe_coarse_1e19,2,48,9.91923,0.216301,0.0428912
moe_coarse_1e19,2,49,8.69113,0.216301,0.0428912
moe_coarse_1e19,3,0,7.38816,0.222834,0.0484088
moe_coarse_1e19,3,1,6.30212,0.222834,0.0484088
moe_coarse_1e19,3,2,11.2855,0.222834,0.0484088
moe_coarse_1e19,3,3,10.54,0.222834,0.0484088
moe_coarse_1e19,3,4,12.8772,0.222834,0.0484088
moe_coarse_1e19,3,5,12.0787,0.222834,0.0484088
moe_coarse_1e19,3,6,6.90283,0.222834,0.0484088
moe_coarse_1e19,3,7,17.2897,0.222834,0.0484088
moe_coarse_1e19,3,8,9.41407,0.222834,0.0484088
moe_coarse_1e19,3,9,8.54647,0.222834,0.0484088
moe_coarse_1e19,3,10,16.1886,0.222834,0.0484088
moe_coarse_1e19,3,11,20.257,0.222834,0.0484088
moe_coarse_1e19,3,12,8.94501,0.222834,0.0484088
moe_coarse_1e19,3,13,7.77362,0.222834,0.0484088
moe_coarse_1e19,3,14,11.6553,0.222834,0.0484088
moe_coarse_1e19,3,15,5.31423,0.222834,0.0484088
moe_coarse_1e19,3,16,6.87892,0.222834,0.0484088
moe_coarse_1e19,3,17,7.28763,0.222834,0.0484088
moe_coarse_1e19,3,18,17.1673,0.222834,0.0484088
moe_coarse_1e19,3,19,12.109,0.222834,0.0484088
moe_coarse_1e19,3,20,4.34698,0.222834,0.0484088
moe_coarse_1e19,3,21,10.1394,0.222834,0.0484088
moe_coarse_1e19,3,22,8.37476,0.222834,0.0484088
moe_coarse_1e19,3,23,14.2802,0.222834,0.0484088
moe_coarse_1e19,3,24,11.8187,0.222834,0.0484088
moe_coarse_1e19,3,25,10.5027,0.222834,0.0484088
moe_coarse_1e19,3,26,6.74821,0.222834,0.0484088
moe_coarse_1e19,3,27,12.1811,0.222834,0.0484088
moe_coarse_1e19,3,28,12.7453,0.222834,0.0484088
moe_coarse_1e19,3,29,8.0935,0.222834,0.0484088
moe_coarse_1e19,3,30,6.02527,0.222834,0.0484088
moe_coarse_1e19,3,31,10.5555,0.222834,0.0484088
moe_coarse_1e19,3,32,9.3047,0.222834,0.0484088
moe_coarse_1e19,3,33,11.6554,0.222834,0.0484088
moe_coarse_1e19,3,34,7.16781,0.222834,0.0484088
moe_coarse_1e19,3,35,7.16922,0.222834,0.0484088
moe_coarse_1e19,3,36,10.4211,0.222834,0.0484088
moe_coarse_1e19,3,37,13.3111,0.222834,0.0484088
moe_coarse_1e19,3,38,11.4911,0.222834,0.0484088
moe_coarse_1e19,3,39,7.16477,0.222834,0.0484088
moe_coarse_1e19,3,40,7.30001,0.222834,0.0484088
moe_coarse_1e19,3,41,13.7223,0.222834,0.0484088
moe_coarse_1e19,3,42,10.4199,0.222834,0.0484088
moe_coarse_1e19,3,43,10.6729,0.222834,0.0484088
moe_coarse_1e19,3,44,6.99728,0.222834,0.0484088
moe_coarse_1e19,3,45,12.4137,0.222834,0.0484088
moe_coarse_1e19,3,46,12.6554,0.222834,0.0484088
moe_coarse_1e19,3,47,8.39897,0.222834,0.0484088
moe_coarse_1e19,3,48,8.20524,0.222834,0.0484088
moe_coarse_1e19,3,49,10.3603,0.222834,0.0484088
moe_coarse_1e19,4,0,7.77832,0.243269,0.0623593
moe_coarse_1e19,4,1,15.7453,0.243269,0.0623593
moe_coarse_1e19,4,2,8.15111,0.243269,0.0623593
moe_coarse_1e19,4,3,8.23686,0.243269,0.0623593
moe_coarse_1e19,4,4,12.6087,0.243269,0.0623593
moe_coarse_1e19,4,5,9.83459,0.243269,0.0623593
moe_coarse_1e19,4,6,9.08367,0.243269,0.0623593
moe_coarse_1e19,4,7,14.7684,0.243269,0.0623593
moe_coarse_1e19,4,8,8.71885,0.243269,0.0623593
moe_coarse_1e19,4,9,13.7751,0.243269,0.0623593
moe_coarse_1e19,4,10,7.17654,0.243269,0.0623593
moe_coarse_1e19,4,11,8.60378,0.243269,0.0623593
moe_coarse_1e19,4,12,7.63912,0.243269,0.0623593
moe_coarse_1e19,4,13,13.7255,0.243269,0.0623593
moe_coarse_1e19,4,14,8.38857,0.243269,0.0623593
moe_coarse_1e19,4,15,8.48221,0.243269,0.0623593
moe_coarse_1e19,4,16,13.7691,0.243269,0.0623593
moe_coarse_1e19,4,17,9.10096,0.243269,0.0623593
moe_coarse_1e19,4,18,9.57131,0.243269,0.0623593
moe_coarse_1e19,4,19,13.3247,0.243269,0.0623593
moe_coarse_1e19,4,20,13.9401,0.243269,0.0623593
moe_coarse_1e19,4,21,12.904,0.243269,0.0623593
moe_coarse_1e19,4,22,10.229,0.243269,0.0623593
moe_coarse_1e19,4,23,7.442,0.243269,0.0623593
moe_coarse_1e19,4,24,13.2233,0.243269,0.0623593
moe_coarse_1e19,4,25,7.82059,0.243269,0.0623593
moe_coarse_1e19,4,26,8.15392,0.243269,0.0623593
moe_coarse_1e19,4,27,16.5359,0.243269,0.0623593
moe_coarse_1e19,4,28,14.8649,0.243269,0.0623593
moe_coarse_1e19,4,29,12.7105,0.243269,0.0623593
moe_coarse_1e19,4,30,12.9882,0.243269,0.0623593
moe_coarse_1e19,4,31,11.5987,0.243269,0.0623593
moe_coarse_1e19,4,32,10.201,0.243269,0.0623593
moe_coarse_1e19,4,33,28.666,0.243269,0.0623593
moe_coarse_1e19,4,34,12.4349,0.243269,0.0623593
moe_coarse_1e19,4,35,13.2549,0.243269,0.0623593
moe_coarse_1e19,4,36,18.4069,0.243269,0.0623593
moe_coarse_1e19,4,37,7.12351,0.243269,0.0623593
moe_coarse_1e19,4,38,7.07523,0.243269,0.0623593
moe_coarse_1e19,4,39,16.1143,0.243269,0.0623593
moe_coarse_1e19,4,40,16.1079,0.243269,0.0623593
moe_coarse_1e19,4,41,15.0524,0.243269,0.0623593
moe_coarse_1e19,4,42,6.36309,0.243269,0.0623593
moe_coarse_1e19,4,43,8.28277,0.243269,0.0623593
moe_coarse_1e19,4,44,10.0392,0.243269,0.0623593
moe_coarse_1e19,4,45,9.1088,0.243269,0.0623593
moe_coarse_1e19,4,46,13.4505,0.243269,0.0623593
moe_coarse_1e19,4,47,15.3587,0.243269,0.0623593
moe_coarse_1e19,4,48,16.4632,0.243269,0.0623593
moe_coarse_1e19,4,49,16.9904,0.243269,0.0623593
moe_coarse_1e19,5,0,12.8387,0.264376,0.0755624
moe_coarse_1e19,5,1,13.8616,0.264376,0.0755624
moe_coarse_1e19,5,2,11.5954,0.264376,0.0755624
moe_coarse_1e19,5,3,7.78233,0.264376,0.0755624
moe_coarse_1e19,5,4,15.4143,0.264376,0.0755624
moe_coarse_1e19,5,5,8.64563,0.264376,0.0755624
moe_coarse_1e19,5,6,8.03479,0.264376,0.0755624
moe_coarse_1e19,5,7,8.066,0.264376,0.0755624
moe_coarse_1e19,5,8,11.3964,0.264376,0.0755624
moe_coarse_1e19,5,9,12.3654,0.264376,0.0755624
moe_coarse_1e19,5,10,11.3632,0.264376,0.0755624
moe_coarse_1e19,5,11,9.38874,0.264376,0.0755624
moe_coarse_1e19,5,12,15.3841,0.264376,0.0755624
moe_coarse_1e19,5,13,23.4555,0.264376,0.0755624
moe_coarse_1e19,5,14,12.342,0.264376,0.0755624
moe_coarse_1e19,5,15,11.5603,0.264376,0.0755624
moe_coarse_1e19,5,16,14.5531,0.264376,0.0755624
moe_coarse_1e19,5,17,14.5369,0.264376,0.0755624
moe_coarse_1e19,5,18,8.59135,0.264376,0.0755624
moe_coarse_1e19,5,19,12.915,0.264376,0.0755624
moe_coarse_1e19,5,20,11.3227,0.264376,0.0755624
moe_coarse_1e19,5,21,9.42417,0.264376,0.0755624
moe_coarse_1e19,5,22,9.92331,0.264376,0.0755624
moe_coarse_1e19,5,23,9.15289,0.264376,0.0755624
moe_coarse_1e19,5,24,7.67794,0.264376,0.0755624
moe_coarse_1e19,5,25,7.95521,0.264376,0.0755624
moe_coarse_1e19,5,26,11.591,0.264376,0.0755624
moe_coarse_1e19,5,27,15.8664,0.264376,0.0755624
moe_coarse_1e19,5,28,16.248,0.264376,0.0755624
moe_coarse_1e19,5,29,10.7849,0.264376,0.0755624
moe_coarse_1e19,5,30,9.33199,0.264376,0.0755624
moe_coarse_1e19,5,31,13.6006,0.264376,0.0755624
moe_coarse_1e19,5,32,10.9056,0.264376,0.0755624
moe_coarse_1e19,5,33,19.1017,0.264376,0.0755624
moe_coarse_1e19,5,34,12.6508,0.264376,0.0755624
moe_coarse_1e19,5,35,9.66672,0.264376,0.0755624
moe_coarse_1e19,5,36,10.4826,0.264376,0.0755624
moe_coarse_1e19,5,37,13.5386,0.264376,0.0755624
moe_coarse_1e19,5,38,19.1977,0.264376,0.0755624
moe_coarse_1e19,5,39,12.2081,0.264376,0.0755624
moe_coarse_1e19,5,40,12.9304,0.264376,0.0755624
moe_coarse_1e19,5,41,11.1077,0.264376,0.0755624
moe_coarse_1e19,5,42,12.4083,0.264376,0.0755624
moe_coarse_1e19,5,43,11.3224,0.264376,0.0755624
moe_coarse_1e19,5,44,7.39829,0.264376,0.0755624
moe_coarse_1e19,5,45,9.06863,0.264376,0.0755624
moe_coarse_1e19,5,46,12.2968,0.264376,0.0755624
moe_coarse_1e19,5,47,10.4229,0.264376,0.0755624
moe_coarse_1e19,5,48,7.01812,0.264376,0.0755624
moe_coarse_1e19,5,49,8.11908,0.264376,0.0755624
moe_coarse_1e19,6,0,18.5837,0.252519,0.0979712
moe_coarse_1e19,6,1,8.58782,0.252519,0.0979712
moe_coarse_1e19,6,2,15.5958,0.252519,0.0979712
moe_coarse_1e19,6,3,11.3356,0.252519,0.0979712
moe_coarse_1e19,6,4,16.1929,0.252519,0.0979712
moe_coarse_1e19,6,5,15.1708,0.252519,0.0979712
moe_coarse_1e19,6,6,10.2623,0.252519,0.0979712
moe_coarse_1e19,6,7,13.7458,0.252519,0.0979712
moe_coarse_1e19,6,8,19.9315,0.252519,0.0979712
moe_coarse_1e19,6,9,13.8574,0.252519,0.0979712
moe_coarse_1e19,6,10,14.3977,0.252519,0.0979712
moe_coarse_1e19,6,11,10.1425,0.252519,0.0979712
moe_coarse_1e19,6,12,10.3758,0.252519,0.0979712
moe_coarse_1e19,6,13,8.94933,0.252519,0.0979712
moe_coarse_1e19,6,14,22.5495,0.252519,0.0979712
moe_coarse_1e19,6,15,8.53243,0.252519,0.0979712
moe_coarse_1e19,6,16,15.7082,0.252519,0.0979712
moe_coarse_1e19,6,17,9.10029,0.252519,0.0979712
moe_coarse_1e19,6,18,13.8263,0.252519,0.0979712
moe_coarse_1e19,6,19,14.6241,0.252519,0.0979712
moe_coarse_1e19,6,20,8.10394,0.252519,0.0979712
moe_coarse_1e19,6,21,11.9746,0.252519,0.0979712
moe_coarse_1e19,6,22,7.96904,0.252519,0.0979712
moe_coarse_1e19,6,23,15.7037,0.252519,0.0979712
moe_coarse_1e19,6,24,14.9164,0.252519,0.0979712
moe_coarse_1e19,6,25,9.75443,0.252519,0.0979712
moe_coarse_1e19,6,26,20.8788,0.252519,0.0979712
moe_coarse_1e19,6,27,11.0361,0.252519,0.0979712
moe_coarse_1e19,6,28,14.3133,0.252519,0.0979712
moe_coarse_1e19,6,29,17.3094,0.252519,0.0979712
moe_coarse_1e19,6,30,13.2238,0.252519,0.0979712
moe_coarse_1e19,6,31,10.8431,0.252519,0.0979712
moe_coarse_1e19,6,32,12.7159,0.252519,0.0979712
moe_coarse_1e19,6,33,8.70925,0.252519,0.0979712
moe_coarse_1e19,6,34,12.8223,0.252519,0.0979712
moe_coarse_1e19,6,35,12.3557,0.252519,0.0979712
moe_coarse_1e19,6,36,10.8509,0.252519,0.0979712
moe_coarse_1e19,6,37,8.6181,0.252519,0.0979712
moe_coarse_1e19,6,38,15.4744,0.252519,0.0979712
moe_coarse_1e19,6,39,14.7937,0.252519,0.0979712
moe_coarse_1e19,6,40,13.2834,0.252519,0.0979712
moe_coarse_1e19,6,41,14.2269,0.252519,0.0979712
moe_coarse_1e19,6,42,17.2167,0.252519,0.0979712
moe_coarse_1e19,6,43,8.58374,0.252519,0.0979712
moe_coarse_1e19,6,44,13.4148,0.252519,0.0979712
moe_coarse_1e19,6,45,14.8252,0.252519,0.0979712
moe_coarse_1e19,6,46,16.5153,0.252519,0.0979712
moe_coarse_1e19,6,47,15.982,0.252519,0.0979712
moe_coarse_1e19,6,48,8.2234,0.252519,0.0979712
moe_coarse_1e19,6,49,10.1385,0.252519,0.0979712
moe_coarse_1e19,7,0,14.0734,0.240213,0.106485
moe_coarse_1e19,7,1,13.0695,0.240213,0.106485
moe_coarse_1e19,7,2,9.81081,0.240213,0.106485
moe_coarse_1e19,7,3,14.3118,0.240213,0.106485
moe_coarse_1e19,7,4,13.1487,0.240213,0.106485
moe_coarse_1e19,7,5,11.5853,0.240213,0.106485
moe_coarse_1e19,7,6,7.9491,0.240213,0.106485
moe_coarse_1e19,7,7,17.5118,0.240213,0.106485
moe_coarse_1e19,7,8,9.85961,0.240213,0.106485
moe_coarse_1e19,7,9,14.411,0.240213,0.106485
moe_coarse_1e19,7,10,11.5484,0.240213,0.106485
moe_coarse_1e19,7,11,16.9261,0.240213,0.106485
moe_coarse_1e19,7,12,10.7562,0.240213,0.106485
moe_coarse_1e19,7,13,8.52557,0.240213,0.106485
moe_coarse_1e19,7,14,12.6414,0.240213,0.106485
moe_coarse_1e19,7,15,9.276,0.240213,0.106485
moe_coarse_1e19,7,16,9.12143,0.240213,0.106485
moe_coarse_1e19,7,17,14.1101,0.240213,0.106485
moe_coarse_1e19,7,18,17.9482,0.240213,0.106485
moe_coarse_1e19,7,19,10.4906,0.240213,0.106485
moe_coarse_1e19,7,20,15.8599,0.240213,0.106485
moe_coarse_1e19,7,21,9.58528,0.240213,0.106485
moe_coarse_1e19,7,22,11.6357,0.240213,0.106485
moe_coarse_1e19,7,23,11.7539,0.240213,0.106485
moe_coarse_1e19,7,24,10.3868,0.240213,0.106485
moe_coarse_1e19,7,25,9.17337,0.240213,0.106485
moe_coarse_1e19,7,26,18.0492,0.240213,0.106485
moe_coarse_1e19,7,27,9.55885,0.240213,0.106485
moe_coarse_1e19,7,28,11.4782,0.240213,0.106485
moe_coarse_1e19,7,29,10.1782,0.240213,0.106485
moe_coarse_1e19,7,30,16.5085,0.240213,0.106485
moe_coarse_1e19,7,31,13.4741,0.240213,0.106485
moe_coarse_1e19,7,32,8.72362,0.240213,0.106485
moe_coarse_1e19,7,33,17.9039,0.240213,0.106485
moe_coarse_1e19,7,34,11.7007,0.240213,0.106485
moe_coarse_1e19,7,35,9.79368,0.240213,0.106485
moe_coarse_1e19,7,36,17.4328,0.240213,0.106485
moe_coarse_1e19,7,37,10.7922,0.240213,0.106485
moe_coarse_1e19,7,38,20.9306,0.240213,0.106485
moe_coarse_1e19,7,39,10.3747,0.240213,0.106485
moe_coarse_1e19,7,40,12.9613,0.240213,0.106485
moe_coarse_1e19,7,41,13.7398,0.240213,0.106485
moe_coarse_1e19,7,42,17.5607,0.240213,0.106485
moe_coarse_1e19,7,43,16.9308,0.240213,0.106485
moe_coarse_1e19,7,44,14.3227,0.240213,0.106485
moe_coarse_1e19,7,45,12.0033,0.240213,0.106485
moe_coarse_1e19,7,46,10.7263,0.240213,0.106485
moe_coarse_1e19,7,47,10.9995,0.240213,0.106485
moe_coarse_1e19,7,48,22.2574,0.240213,0.106485
moe_coarse_1e19,7,49,9.9171,0.240213,0.106485
moe_coarse_1e19,8,0,11.5728,0.421096,0.119338
moe_coarse_1e19,8,1,8.56531,0.421096,0.119338
moe_coarse_1e19,8,2,17.8877,0.421096,0.119338
moe_coarse_1e19,8,3,11.6498,0.421096,0.119338
moe_coarse_1e19,8,4,6.91644,0.421096,0.119338
moe_coarse_1e19,8,5,9.52964,0.421096,0.119338
moe_coarse_1e19,8,6,20.1486,0.421096,0.119338
moe_coarse_1e19,8,7,13.9198,0.421096,0.119338
moe_coarse_1e19,8,8,6.4381,0.421096,0.119338
moe_coarse_1e19,8,9,8.40721,0.421096,0.119338
moe_coarse_1e19,8,10,10.7944,0.421096,0.119338
moe_coarse_1e19,8,11,8.10608,0.421096,0.119338
moe_coarse_1e19,8,12,15.5273,0.421096,0.119338
moe_coarse_1e19,8,13,12.5373,0.421096,0.119338
moe_coarse_1e19,8,14,13.6213,0.421096,0.119338
moe_coarse_1e19,8,15,10.8645,0.421096,0.119338
moe_coarse_1e19,8,16,17.2138,0.421096,0.119338
moe_coarse_1e19,8,17,8.58999,0.421096,0.119338
moe_coarse_1e19,8,18,8.86179,0.421096,0.119338
moe_coarse_1e19,8,19,14.4086,0.421096,0.119338
moe_coarse_1e19,8,20,16.5797,0.421096,0.119338
moe_coarse_1e19,8,21,12.7728,0.421096,0.119338
moe_coarse_1e19,8,22,15.2184,0.421096,0.119338
moe_coarse_1e19,8,23,7.2605,0.421096,0.119338
moe_coarse_1e19,8,24,15.5152,0.421096,0.119338
moe_coarse_1e19,8,25,14.2525,0.421096,0.119338
moe_coarse_1e19,8,26,11.1617,0.421096,0.119338
moe_coarse_1e19,8,27,9.42748,0.421096,0.119338
moe_coarse_1e19,8,28,13.6803,0.421096,0.119338
moe_coarse_1e19,8,29,13.1643,0.421096,0.119338
moe_coarse_1e19,8,30,20.2928,0.421096,0.119338
moe_coarse_1e19,8,31,13.4555,0.421096,0.119338
moe_coarse_1e19,8,32,7.22623,0.421096,0.119338
moe_coarse_1e19,8,33,11.3023,0.421096,0.119338
moe_coarse_1e19,8,34,8.42986,0.421096,0.119338
moe_coarse_1e19,8,35,12.97,0.421096,0.119338
moe_coarse_1e19,8,36,10.7705,0.421096,0.119338
moe_coarse_1e19,8,37,9.7282,0.421096,0.119338
moe_coarse_1e19,8,38,12.8476,0.421096,0.119338
moe_coarse_1e19,8,39,9.74439,0.421096,0.119338
moe_coarse_1e19,8,40,8.7175,0.421096,0.119338
moe_coarse_1e19,8,41,8.31,0.421096,0.119338
moe_coarse_1e19,8,42,13.2233,0.421096,0.119338
moe_coarse_1e19,8,43,19.934,0.421096,0.119338
moe_coarse_1e19,8,44,13.0338,0.421096,0.119338
moe_coarse_1e19,8,45,11.0763,0.421096,0.119338
moe_coarse_1e19,8,46,10.4682,0.421096,0.119338
moe_coarse_1e19,8,47,10.5717,0.421096,0.119338
moe_coarse_1e19,8,48,12.9163,0.421096,0.119338
moe_coarse_1e19,8,49,13.4774,0.421096,0.119338
moe_coarse_1e19,9,0,6.67066,0.315413,0.136552
moe_coarse_1e19,9,1,15.1425,0.315413,0.136552
moe_coarse_1e19,9,2,10.7422,0.315413,0.136552
moe_coarse_1e19,9,3,42.718,0.315413,0.136552
moe_coarse_1e19,9,4,9.72217,0.315413,0.136552
moe_coarse_1e19,9,5,17.8008,0.315413,0.136552
moe_coarse_1e19,9,6,14.7905,0.315413,0.136552
moe_coarse_1e19,9,7,38.4904,0.315413,0.136552
moe_coarse_1e19,9,8,10.5621,0.315413,0.136552
moe_coarse_1e19,9,9,7.26054,0.315413,0.136552
moe_coarse_1e19,9,10,17.6615,0.315413,0.136552
moe_coarse_1e19,9,11,13.118,0.315413,0.136552
moe_coarse_1e19,9,12,8.49053,0.315413,0.136552
moe_coarse_1e19,9,13,17.9707,0.315413,0.136552
moe_coarse_1e19,9,14,12.4036,0.315413,0.136552
moe_coarse_1e19,9,15,12.0973,0.315413,0.136552
moe_coarse_1e19,9,16,13.771,0.315413,0.136552
moe_coarse_1e19,9,17,43.7483,0.315413,0.136552
moe_coarse_1e19,9,18,13.8933,0.315413,0.136552
moe_coarse_1e19,9,19,12.1526,0.315413,0.136552
moe_coarse_1e19,9,20,13.1782,0.315413,0.136552
moe_coarse_1e19,9,21,14.8915,0.315413,0.136552
moe_coarse_1e19,9,22,11.0938,0.315413,0.136552
moe_coarse_1e19,9,23,15.7568,0.315413,0.136552
moe_coarse_1e19,9,24,14.2735,0.315413,0.136552
moe_coarse_1e19,9,25,12.3981,0.315413,0.136552
moe_coarse_1e19,9,26,17.6309,0.315413,0.136552
moe_coarse_1e19,9,27,12.5162,0.315413,0.136552
moe_coarse_1e19,9,28,8.60504,0.315413,0.136552
moe_coarse_1e19,9,29,17.197,0.315413,0.136552
moe_coarse_1e19,9,30,17.4507,0.315413,0.136552
moe_coarse_1e19,9,31,9.59242,0.315413,0.136552
moe_coarse_1e19,9,32,6.98779,0.315413,0.136552
moe_coarse_1e19,9,33,12.8566,0.315413,0.136552
moe_coarse_1e19,9,34,13.2148,0.315413,0.136552
moe_coarse_1e19,9,35,16.4526,0.315413,0.136552
moe_coarse_1e19,9,36,14.5015,0.315413,0.136552
moe_coarse_1e19,9,37,12.6144,0.315413,0.136552
moe_coarse_1e19,9,38,15.2525,0.315413,0.136552
moe_coarse_1e19,9,39,13.9017,0.315413,0.136552
moe_coarse_1e19,9,40,10.8799,0.315413,0.136552
moe_coarse_1e19,9,41,16.019,0.315413,0.136552
moe_coarse_1e19,9,42,11.0749,0.315413,0.136552
moe_coarse_1e19,9,43,16.5233,0.315413,0.136552
moe_coarse_1e19,9,44,11.1117,0.315413,0.136552
moe_coarse_1e19,9,45,15.4212,0.315413,0.136552
moe_coarse_1e19,9,46,7.64329,0.315413,0.136552
moe_coarse_1e19,9,47,43.8557,0.315413,0.136552
moe_coarse_1e19,9,48,11.1151,0.315413,0.136552
moe_coarse_1e19,9,49,14.935,0.315413,0.136552
moe_coarse_1e19,10,0,21.4743,0.338157,0.185074
moe_coarse_1e19,10,1,12.3442,0.338157,0.185074
moe_coarse_1e19,10,2,9.98974,0.338157,0.185074
moe_coarse_1e19,10,3,19.4131,0.338157,0.185074
moe_coarse_1e19,10,4,10.965,0.338157,0.185074
moe_coarse_1e19,10,5,16.5792,0.338157,0.185074
moe_coarse_1e19,10,6,14.6832,0.338157,0.185074
moe_coarse_1e19,10,7,11.8502,0.338157,0.185074
moe_coarse_1e19,10,8,16.1713,0.338157,0.185074
moe_coarse_1e19,10,9,19.4759,0.338157,0.185074
moe_coarse_1e19,10,10,12.2219,0.338157,0.185074
moe_coarse_1e19,10,11,17.3644,0.338157,0.185074
moe_coarse_1e19,10,12,14.9844,0.338157,0.185074
moe_coarse_1e19,10,13,15.0647,0.338157,0.185074
moe_coarse_1e19,10,14,16.4397,0.338157,0.185074
moe_coarse_1e19,10,15,8.95772,0.338157,0.185074
moe_coarse_1e19,10,16,17.9246,0.338157,0.185074
moe_coarse_1e19,10,17,15.7304,0.338157,0.185074
moe_coarse_1e19,10,18,12.9549,0.338157,0.185074
moe_coarse_1e19,10,19,12.3069,0.338157,0.185074
moe_coarse_1e19,10,20,28.077,0.338157,0.185074
moe_coarse_1e19,10,21,7.88406,0.338157,0.185074
moe_coarse_1e19,10,22,11.807,0.338157,0.185074
moe_coarse_1e19,10,23,11.5903,0.338157,0.185074
moe_coarse_1e19,10,24,15.5919,0.338157,0.185074
moe_coarse_1e19,10,25,9.94142,0.338157,0.185074
moe_coarse_1e19,10,26,14.8704,0.338157,0.185074
moe_coarse_1e19,10,27,11.0027,0.338157,0.185074
moe_coarse_1e19,10,28,15.4272,0.338157,0.185074
moe_coarse_1e19,10,29,42.5044,0.338157,0.185074
moe_coarse_1e19,10,30,12.9585,0.338157,0.185074
moe_coarse_1e19,10,31,14.2887,0.338157,0.185074
moe_coarse_1e19,10,32,13.1686,0.338157,0.185074
moe_coarse_1e19,10,33,17.5288,0.338157,0.185074
moe_coarse_1e19,10,34,12.5181,0.338157,0.185074
moe_coarse_1e19,10,35,19.5731,0.338157,0.185074
moe_coarse_1e19,10,36,9.10315,0.338157,0.185074
moe_coarse_1e19,10,37,12.2243,0.338157,0.185074
moe_coarse_1e19,10,38,14.6388,0.338157,0.185074
moe_coarse_1e19,10,39,14.9153,0.338157,0.185074
moe_coarse_1e19,10,40,15.6812,0.338157,0.185074
moe_coarse_1e19,10,41,15.5069,0.338157,0.185074
moe_coarse_1e19,10,42,14.1007,0.338157,0.185074
moe_coarse_1e19,10,43,10.7698,0.338157,0.185074
moe_coarse_1e19,10,44,19.9438,0.338157,0.185074
moe_coarse_1e19,10,45,11.9966,0.338157,0.185074
moe_coarse_1e19,10,46,12.1315,0.338157,0.185074
moe_coarse_1e19,10,47,29.1258,0.338157,0.185074
moe_coarse_1e19,10,48,15.4577,0.338157,0.185074
moe_coarse_1e19,10,49,38.2862,0.338157,0.185074
moe_coarse_1e19,11,0,14.1589,0.358337,0.216151
moe_coarse_1e19,11,1,18.9419,0.358337,0.216151
moe_coarse_1e19,11,2,12.5815,0.358337,0.216151
moe_coarse_1e19,11,3,18.2175,0.358337,0.216151
moe_coarse_1e19,11,4,18.8781,0.358337,0.216151
moe_coarse_1e19,11,5,13.0045,0.358337,0.216151
moe_coarse_1e19,11,6,19.2212,0.358337,0.216151
moe_coarse_1e19,11,7,12.1626,0.358337,0.216151
moe_coarse_1e19,11,8,16.1748,0.358337,0.216151
moe_coarse_1e19,11,9,13.6869,0.358337,0.216151
moe_coarse_1e19,11,10,15.7501,0.358337,0.216151
moe_coarse_1e19,11,11,15.4502,0.358337,0.216151
moe_coarse_1e19,11,12,9.9757,0.358337,0.216151
moe_coarse_1e19,11,13,19.1878,0.358337,0.216151
moe_coarse_1e19,11,14,10.3877,0.358337,0.216151
moe_coarse_1e19,11,15,14.7708,0.358337,0.216151
moe_coarse_1e19,11,16,19.9776,0.358337,0.216151
moe_coarse_1e19,11,17,14.8554,0.358337,0.216151
moe_coarse_1e19,11,18,19.1387,0.358337,0.216151
moe_coarse_1e19,11,19,16.2528,0.358337,0.216151
moe_coarse_1e19,11,20,13.307,0.358337,0.216151
moe_coarse_1e19,11,21,17.709,0.358337,0.216151
moe_coarse_1e19,11,22,18.8564,0.358337,0.216151
moe_coarse_1e19,11,23,15.6611,0.358337,0.216151
moe_coarse_1e19,11,24,10.5222,0.358337,0.216151
moe_coarse_1e19,11,25,19.9674,0.358337,0.216151
moe_coarse_1e19,11,26,16.2263,0.358337,0.216151
moe_coarse_1e19,11,27,13.7402,0.358337,0.216151
moe_coarse_1e19,11,28,11.2964,0.358337,0.216151
moe_coarse_1e19,11,29,9.82051,0.358337,0.216151
moe_coarse_1e19,11,30,16.5072,0.358337,0.216151
moe_coarse_1e19,11,31,13.6965,0.358337,0.216151
moe_coarse_1e19,11,32,14.2773,0.358337,0.216151
moe_coarse_1e19,11,33,14.0021,0.358337,0.216151
moe_coarse_1e19,11,34,20.9931,0.358337,0.216151
moe_coarse_1e19,11,35,18.3928,0.358337,0.216151
moe_coarse_1e19,11,36,12.2291,0.358337,0.216151
moe_coarse_1e19,11,37,14.5415,0.358337,0.216151
moe_coarse_1e19,11,38,14.9779,0.358337,0.216151
moe_coarse_1e19,11,39,21.9541,0.358337,0.216151
moe_coarse_1e19,11,40,11.6854,0.358337,0.216151
moe_coarse_1e19,11,41,12.614,0.358337,0.216151
moe_coarse_1e19,11,42,16.377,0.358337,0.216151
moe_coarse_1e19,11,43,11.8527,0.358337,0.216151
moe_coarse_1e19,11,44,13.6419,0.358337,0.216151
moe_coarse_1e19,11,45,18.4948,0.358337,0.216151
moe_coarse_1e19,11,46,18.4252,0.358337,0.216151
moe_coarse_1e19,11,47,17.3074,0.358337,0.216151
moe_coarse_1e19,11,48,21.3782,0.358337,0.216151
moe_coarse_1e19,11,49,25.0037,0.358337,0.216151
moe_coarse_1e19,12,0,8.85594,0.307247,0.280707
moe_coarse_1e19,12,1,19.8647,0.307247,0.280707
moe_coarse_1e19,12,2,8.56553,0.307247,0.280707
moe_coarse_1e19,12,3,16.8235,0.307247,0.280707
moe_coarse_1e19,12,4,11.6043,0.307247,0.280707
moe_coarse_1e19,12,5,12.8998,0.307247,0.280707
moe_coarse_1e19,12,6,15.9416,0.307247,0.280707
moe_coarse_1e19,12,7,15.3238,0.307247,0.280707
moe_coarse_1e19,12,8,13.7241,0.307247,0.280707
moe_coarse_1e19,12,9,12.7771,0.307247,0.280707
moe_coarse_1e19,12,10,11.3046,0.307247,0.280707
moe_coarse_1e19,12,11,14.6805,0.307247,0.280707
moe_coarse_1e19,12,12,14.3532,0.307247,0.280707
moe_coarse_1e19,12,13,14.9279,0.307247,0.280707
moe_coarse_1e19,12,14,15.8426,0.307247,0.280707
moe_coarse_1e19,12,15,17.5181,0.307247,0.280707
moe_coarse_1e19,12,16,11.863,0.307247,0.280707
moe_coarse_1e19,12,17,15.0629,0.307247,0.280707
moe_coarse_1e19,12,18,17.7489,0.307247,0.280707
moe_coarse_1e19,12,19,13.3427,0.307247,0.280707
moe_coarse_1e19,12,20,14.9188,0.307247,0.280707
moe_coarse_1e19,12,21,11.0983,0.307247,0.280707
moe_coarse_1e19,12,22,16.8429,0.307247,0.280707
moe_coarse_1e19,12,23,18.8905,0.307247,0.280707
moe_coarse_1e19,12,24,12.7113,0.307247,0.280707
moe_coarse_1e19,12,25,16.0518,0.307247,0.280707
moe_coarse_1e19,12,26,16.0538,0.307247,0.280707
moe_coarse_1e19,12,27,16.3528,0.307247,0.280707
moe_coarse_1e19,12,28,14.7285,0.307247,0.280707
moe_coarse_1e19,12,29,15.5075,0.307247,0.280707
moe_coarse_1e19,12,30,15.7036,0.307247,0.280707
moe_coarse_1e19,12,31,11.9028,0.307247,0.280707
moe_coarse_1e19,12,32,14.579,0.307247,0.280707
moe_coarse_1e19,12,33,15.7124,0.307247,0.280707
moe_coarse_1e19,12,34,18.3319,0.307247,0.280707
moe_coarse_1e19,12,35,17.1218,0.307247,0.280707
moe_coarse_1e19,12,36,22.5348,0.307247,0.280707
moe_coarse_1e19,12,37,9.71618,0.307247,0.280707
moe_coarse_1e19,12,38,20.8123,0.307247,0.280707
moe_coarse_1e19,12,39,17.4299,0.307247,0.280707
moe_coarse_1e19,12,40,20.6437,0.307247,0.280707
moe_coarse_1e19,12,41,18.5448,0.307247,0.280707
moe_coarse_1e19,12,42,11.1582,0.307247,0.280707
moe_coarse_1e19,12,43,12.2118,0.307247,0.280707
moe_coarse_1e19,12,44,16.155,0.307247,0.280707
moe_coarse_1e19,12,45,18.1606,0.307247,0.280707
moe_coarse_1e19,12,46,15.8008,0.307247,0.280707
moe_coarse_1e19,12,47,17.6496,0.307247,0.280707
moe_coarse_1e19,12,48,17.1273,0.307247,0.280707
moe_coarse_1e19,12,49,15.4844,0.307247,0.280707
moe_coarse_1e19,13,0,10.3351,0.27769,0.58202
moe_coarse_1e19,13,1,15.2163,0.27769,0.58202
moe_coarse_1e19,13,2,17.6155,0.27769,0.58202
moe_coarse_1e19,13,3,18.6794,0.27769,0.58202
moe_coarse_1e19,13,4,11.4884,0.27769,0.58202
moe_coarse_1e19,13,5,14.083,0.27769,0.58202
moe_coarse_1e19,13,6,16.3458,0.27769,0.58202
moe_coarse_1e19,13,7,18.096,0.27769,0.58202
moe_coarse_1e19,13,8,12.2665,0.27769,0.58202
moe_coarse_1e19,13,9,19.7343,0.27769,0.58202
moe_coarse_1e19,13,10,20.1489,0.27769,0.58202
moe_coarse_1e19,13,11,19.7277,0.27769,0.58202
moe_coarse_1e19,13,12,17.6191,0.27769,0.58202
moe_coarse_1e19,13,13,12.9312,0.27769,0.58202
moe_coarse_1e19,13,14,23.5742,0.27769,0.58202
moe_coarse_1e19,13,15,17.9126,0.27769,0.58202
moe_coarse_1e19,13,16,16.68,0.27769,0.58202
moe_coarse_1e19,13,17,17.4376,0.27769,0.58202
moe_coarse_1e19,13,18,16.3255,0.27769,0.58202
moe_coarse_1e19,13,19,11.6041,0.27769,0.58202
moe_coarse_1e19,13,20,18.0872,0.27769,0.58202
moe_coarse_1e19,13,21,21.3273,0.27769,0.58202
moe_coarse_1e19,13,22,18.6123,0.27769,0.58202
moe_coarse_1e19,13,23,13.1799,0.27769,0.58202
moe_coarse_1e19,13,24,15.3841,0.27769,0.58202
moe_coarse_1e19,13,25,27.5742,0.27769,0.58202
moe_coarse_1e19,13,26,11.5087,0.27769,0.58202
moe_coarse_1e19,13,27,16.9366,0.27769,0.58202
moe_coarse_1e19,13,28,16.2423,0.27769,0.58202
moe_coarse_1e19,13,29,18.3327,0.27769,0.58202
moe_coarse_1e19,13,30,16.8347,0.27769,0.58202
moe_coarse_1e19,13,31,16.9254,0.27769,0.58202
moe_coarse_1e19,13,32,14.3624,0.27769,0.58202
moe_coarse_1e19,13,33,16.8121,0.27769,0.58202
moe_coarse_1e19,13,34,18.3982,0.27769,0.58202
moe_coarse_1e19,13,35,16.1969,0.27769,0.58202
moe_coarse_1e19,13,36,10.8494,0.27769,0.58202
moe_coarse_1e19,13,37,13.0598,0.27769,0.58202
moe_coarse_1e19,13,38,22.5688,0.27769,0.58202
moe_coarse_1e19,13,39,17.2729,0.27769,0.58202
moe_coarse_1e19,13,40,14.3014,0.27769,0.58202
moe_coarse_1e19,13,41,16.3476,0.27769,0.58202
moe_coarse_1e19,13,42,11.9643,0.27769,0.58202
moe_coarse_1e19,13,43,14.3912,0.27769,0.58202
moe_coarse_1e19,13,44,24.7845,0.27769,0.58202
moe_coarse_1e19,13,45,13.9468,0.27769,0.58202
moe_coarse_1e19,13,46,16.0956,0.27769,0.58202
moe_coarse_1e19,13,47,10.3808,0.27769,0.58202
moe_coarse_1e19,13,48,20.5549,0.27769,0.58202
moe_coarse_1e19,13,49,12.3662,0.27769,0.58202
moe_coarse_1e19,-1,628,,,,86.9574
moe_coarse_1e19,-1,181,,,,77.317
moe_coarse_1e19,-1,714,,,,76.8633
moe_coarse_1e19,-1,438,,,,76.7455
moe_coarse_1e19,-1,266,,,,73.4014
moe_coarse_1e19,-1,90,,,,73.1697
moe_coarse_1e19,-1,496,,,,72.7986
moe_coarse_1e19,-1,604,,,,71.6126
moe_coarse_1e19,-1,656,,,,71.4527
moe_coarse_1e19,-1,772,,,,69.8743
moe_coarse_1e19,-1,125,,,,68.1204
moe_coarse_1e19,-1,209,,,,67.9695
moe_coarse_1e19,-1,160,,,,67.4376
moe_coarse_1e19,-1,411,,,,67.2498
moe_coarse_1e19,-1,757,,,,66.2297
moe_coarse_1e19,-1,149,,,,64.9289
moe_coarse_1e19,-1,547,,,,64.5449
moe_coarse_1e19,-1,402,,,,63.2136
moe_coarse_1e19,-1,567,,,,62.1647
moe_coarse_1e19,-1,610,,,,61.2362
moe_coarse_1e19,-1,516,,,,60.2739
moe_coarse_1e19,-1,682,,,,59.808
moe_coarse_1e19,-1,653,,,,59.2685
moe_coarse_1e19,-1,210,,,,59.1805
moe_coarse_1e19,-1,558,,,,59.1253
moe_coarse_1e19,-1,688,,,,59.1156
moe_coarse_1e19,-1,737,,,,59.0962
moe_coarse_1e19,-1,643,,,,58.7908
moe_coarse_1e19,-1,227,,,,58.6635
moe_coarse_1e19,-1,650,,,,58.3363
moe_coarse_1e19,-1,424,,,,58.3281
moe_coarse_1e19,-1,799,,,,57.2952
moe_coarse_1e19,-1,226,,,,56.7681
moe_coarse_1e19,-1,683,,,,56.2894
moe_coarse_1e19,-1,647,,,,56.1313
moe_coarse_1e19,-1,111,,,,56.1139
moe_coarse_1e19,-1,465,,,,56.0017
moe_coarse_1e19,-1,368,,,,55.4565
moe_coarse_1e19,-1,203,,,,54.9845
moe_coarse_1e19,-1,46,,,,54.9773
moe_coarse_1e19,-1,391,,,,54.8283
moe_coarse_1e19,-1,795,,,,54.6345
moe_coarse_1e19,-1,326,,,,54.6316
moe_coarse_1e19,-1,491,,,,54.4421
moe_coarse_1e19,-1,334,,,,53.7038
moe_coarse_1e19,-1,694,,,,53.2966
moe_coarse_1e19,-1,498,,,,53.1373
moe_coarse_1e19,-1,60,,,,53.0414
moe_coarse_1e19,-1,238,,,,52.7799
moe_coarse_1e19,-1,93,,,,52.7106
moe_coarse_1e19,-1,594,,,,52.4225
moe_coarse_1e19,-1,721,,,,52.3745
moe_coarse_1e19,-1,173,,,,52.3049
moe_coarse_1e19,-1,552,,,,52.2757
moe_coarse_1e19,-1,123,,,,52.2597
moe_coarse_1e19,-1,583,,,,52.2504
moe_coarse_1e19,-1,579,,,,52.2472
moe_coarse_1e19,-1,701,,,,52.1991
moe_coarse_1e19,-1,639,,,,52.1485
moe_coarse_1e19,-1,318,,,,51.9527
moe_coarse_1e19,-1,215,,,,51.8431
moe_coarse_1e19,-1,741,,,,51.7892
moe_coarse_1e19,-1,789,,,,51.2757
moe_coarse_1e19,-1,335,,,,50.8053
moe_coarse_1e19,-1,-1,,,,23.5477
moe_coarse_1e19,-1,-2,,,,86.9574
temporal_coarse_1e19,0,0,7.40079,0.263555,5.46564
temporal_coarse_1e19,0,1,15.17,0.263555,5.46564
temporal_coarse_1e19,0,2,6.16672,0.263555,5.46564
temporal_coarse_1e19,0,3,14.3211,0.263555,5.46564
temporal_coarse_1e19,0,4,11.9981,0.263555,5.46564
temporal_coarse_1e19,0,5,10.9554,0.263555,5.46564
temporal_coarse_1e19,0,6,4.34661,0.263555,5.46564
temporal_coarse_1e19,0,7,9.61161,0.263555,5.46564
temporal_coarse_1e19,0,8,5.03967,0.263555,5.46564
temporal_coarse_1e19,0,9,13.5234,0.263555,5.46564
temporal_coarse_1e19,0,10,9.91191,0.263555,5.46564
temporal_coarse_1e19,0,11,10.707,0.263555,5.46564
temporal_coarse_1e19,0,12,13.3814,0.263555,5.46564
temporal_coarse_1e19,0,13,8.98044,0.263555,5.46564
temporal_coarse_1e19,0,14,9.30226,0.263555,5.46564
temporal_coarse_1e19,0,15,8.86638,0.263555,5.46564
temporal_coarse_1e19,0,16,10.3916,0.263555,5.46564
temporal_coarse_1e19,0,17,7.95179,0.263555,5.46564
temporal_coarse_1e19,0,18,11.8433,0.263555,5.46564
temporal_coarse_1e19,0,19,4.46759,0.263555,5.46564
temporal_coarse_1e19,0,20,9.71861,0.263555,5.46564
temporal_coarse_1e19,0,21,11.3419,0.263555,5.46564
temporal_coarse_1e19,0,22,9.40767,0.263555,5.46564
temporal_coarse_1e19,0,23,3.67692,0.263555,5.46564
temporal_coarse_1e19,0,24,20.7263,0.263555,5.46564
temporal_coarse_1e19,0,25,7.5751,0.263555,5.46564
temporal_coarse_1e19,0,26,8.1245,0.263555,5.46564
temporal_coarse_1e19,0,27,3.52086,0.263555,5.46564
temporal_coarse_1e19,0,28,11.2278,0.263555,5.46564
temporal_coarse_1e19,0,29,9.94016,0.263555,5.46564
temporal_coarse_1e19,0,30,11.722,0.263555,5.46564
temporal_coarse_1e19,0,31,20.1183,0.263555,5.46564
temporal_coarse_1e19,0,32,15.2065,0.263555,5.46564
temporal_coarse_1e19,0,33,14.8453,0.263555,5.46564
temporal_coarse_1e19,0,34,8.91386,0.263555,5.46564
temporal_coarse_1e19,0,35,6.68491,0.263555,5.46564
temporal_coarse_1e19,0,36,12.3767,0.263555,5.46564
temporal_coarse_1e19,0,37,11.1678,0.263555,5.46564
temporal_coarse_1e19,0,38,21.5307,0.263555,5.46564
temporal_coarse_1e19,0,39,6.92016,0.263555,5.46564
temporal_coarse_1e19,0,40,14.6651,0.263555,5.46564
temporal_coarse_1e19,0,41,9.42555,0.263555,5.46564
temporal_coarse_1e19,0,42,11.4358,0.263555,5.46564
temporal_coarse_1e19,0,43,5.14097,0.263555,5.46564
temporal_coarse_1e19,0,44,22.6135,0.263555,5.46564
temporal_coarse_1e19,0,45,8.47862,0.263555,5.46564
temporal_coarse_1e19,0,46,7.76542,0.263555,5.46564
temporal_coarse_1e19,0,47,4.94311,0.263555,5.46564
temporal_coarse_1e19,0,48,15.6321,0.263555,5.46564
temporal_coarse_1e19,0,49,3.82097,0.263555,5.46564
temporal_coarse_1e19,1,0,8.12515,0.469668,0.302524
temporal_coarse_1e19,1,1,5.52068,0.469668,0.302524
temporal_coarse_1e19,1,2,5.55122,0.469668,0.302524
temporal_coarse_1e19,1,3,6.43402,0.469668,0.302524
temporal_coarse_1e19,1,4,5.06264,0.469668,0.302524
temporal_coarse_1e19,1,5,14.4851,0.469668,0.302524
temporal_coarse_1e19,1,6,6.12496,0.469668,0.302524
temporal_coarse_1e19,1,7,4.87091,0.469668,0.302524
temporal_coarse_1e19,1,8,4.98394,0.469668,0.302524
temporal_coarse_1e19,1,9,10.0466,0.469668,0.302524
temporal_coarse_1e19,1,10,5.14882,0.469668,0.302524
temporal_coarse_1e19,1,11,5.1303,0.469668,0.302524
temporal_coarse_1e19,1,12,9.49985,0.469668,0.302524
temporal_coarse_1e19,1,13,5.09223,0.469668,0.302524
temporal_coarse_1e19,1,14,6.46177,0.469668,0.302524
temporal_coarse_1e19,1,15,9.16651,0.469668,0.302524
temporal_coarse_1e19,1,16,6.30929,0.469668,0.302524
temporal_coarse_1e19,1,17,4.20948,0.469668,0.302524
temporal_coarse_1e19,1,18,6.04552,0.469668,0.302524
temporal_coarse_1e19,1,19,11.1687,0.469668,0.302524
temporal_coarse_1e19,1,20,7.76326,0.469668,0.302524
temporal_coarse_1e19,1,21,5.79328,0.469668,0.302524
temporal_coarse_1e19,1,22,8.25751,0.469668,0.302524
temporal_coarse_1e19,1,23,4.86917,0.469668,0.302524
temporal_coarse_1e19,1,24,6.3813,0.469668,0.302524
temporal_coarse_1e19,1,25,6.78553,0.469668,0.302524
temporal_coarse_1e19,1,26,6.39007,0.469668,0.302524
temporal_coarse_1e19,1,27,7.05997,0.469668,0.302524
temporal_coarse_1e19,1,28,4.89384,0.469668,0.302524
temporal_coarse_1e19,1,29,6.22762,0.469668,0.302524
temporal_coarse_1e19,1,30,13.5132,0.469668,0.302524
temporal_coarse_1e19,1,31,11.7592,0.469668,0.302524
temporal_coarse_1e19,1,32,4.25614,0.469668,0.302524
temporal_coarse_1e19,1,33,4.70354,0.469668,0.302524
temporal_coarse_1e19,1,34,4.00153,0.469668,0.302524
temporal_coarse_1e19,1,35,5.0032,0.469668,0.302524
temporal_coarse_1e19,1,36,8.83562,0.469668,0.302524
temporal_coarse_1e19,1,37,12.2535,0.469668,0.302524
temporal_coarse_1e19,1,38,6.34163,0.469668,0.302524
temporal_coarse_1e19,1,39,7.5843,0.469668,0.302524
temporal_coarse_1e19,1,40,6.60022,0.469668,0.302524
temporal_coarse_1e19,1,41,7.01052,0.469668,0.302524
temporal_coarse_1e19,1,42,3.57155,0.469668,0.302524
temporal_coarse_1e19,1,43,5.78701,0.469668,0.302524
temporal_coarse_1e19,1,44,5.14304,0.469668,0.302524
temporal_coarse_1e19,1,45,11.0722,0.469668,0.302524
temporal_coarse_1e19,1,46,4.16945,0.469668,0.302524
temporal_coarse_1e19,1,47,5.40898,0.469668,0.302524
temporal_coarse_1e19,1,48,4.55407,0.469668,0.302524
temporal_coarse_1e19,1,49,4.50808,0.469668,0.302524
temporal_coarse_1e19,2,0,18.3244,0.18185,0.0949126
temporal_coarse_1e19,2,1,10.3122,0.18185,0.0949126
temporal_coarse_1e19,2,2,14.4589,0.18185,0.0949126
temporal_coarse_1e19,2,3,8.54028,0.18185,0.0949126
temporal_coarse_1e19,2,4,10.8999,0.18185,0.0949126
temporal_coarse_1e19,2,5,10.1085,0.18185,0.0949126
temporal_coarse_1e19,2,6,12.0664,0.18185,0.0949126
temporal_coarse_1e19,2,7,20.2739,0.18185,0.0949126
temporal_coarse_1e19,2,8,25.4582,0.18185,0.0949126
temporal_coarse_1e19,2,9,11.0011,0.18185,0.0949126
temporal_coarse_1e19,2,10,27.0248,0.18185,0.0949126
temporal_coarse_1e19,2,11,11.5656,0.18185,0.0949126
temporal_coarse_1e19,2,12,10.1144,0.18185,0.0949126
temporal_coarse_1e19,2,13,10.6531,0.18185,0.0949126
temporal_coarse_1e19,2,14,11.5623,0.18185,0.0949126
temporal_coarse_1e19,2,15,18.2647,0.18185,0.0949126
temporal_coarse_1e19,2,16,13.4137,0.18185,0.0949126
temporal_coarse_1e19,2,17,9.67407,0.18185,0.0949126
temporal_coarse_1e19,2,18,7.18478,0.18185,0.0949126
temporal_coarse_1e19,2,19,11.4353,0.18185,0.0949126
temporal_coarse_1e19,2,20,15.8955,0.18185,0.0949126
temporal_coarse_1e19,2,21,13.8466,0.18185,0.0949126
temporal_coarse_1e19,2,22,21.715,0.18185,0.0949126
temporal_coarse_1e19,2,23,15.7135,0.18185,0.0949126
temporal_coarse_1e19,2,24,17.5115,0.18185,0.0949126
temporal_coarse_1e19,2,25,12.4881,0.18185,0.0949126
temporal_coarse_1e19,2,26,6.76724,0.18185,0.0949126
temporal_coarse_1e19,2,27,14.4695,0.18185,0.0949126
temporal_coarse_1e19,2,28,10.7592,0.18185,0.0949126
temporal_coarse_1e19,2,29,14.2355,0.18185,0.0949126
temporal_coarse_1e19,2,30,11.1166,0.18185,0.0949126
temporal_coarse_1e19,2,31,9.89212,0.18185,0.0949126
temporal_coarse_1e19,2,32,12.0553,0.18185,0.0949126
temporal_coarse_1e19,2,33,7.37297,0.18185,0.0949126
temporal_coarse_1e19,2,34,10.875,0.18185,0.0949126
temporal_coarse_1e19,2,35,15.8523,0.18185,0.0949126
temporal_coarse_1e19,2,36,18.4347,0.18185,0.0949126
temporal_coarse_1e19,2,37,6.51704,0.18185,0.0949126
temporal_coarse_1e19,2,38,18.0348,0.18185,0.0949126
temporal_coarse_1e19,2,39,6.19059,0.18185,0.0949126
temporal_coarse_1e19,2,40,13.9512,0.18185,0.0949126
temporal_coarse_1e19,2,41,13.0288,0.18185,0.0949126
temporal_coarse_1e19,2,42,9.33623,0.18185,0.0949126
temporal_coarse_1e19,2,43,8.14638,0.18185,0.0949126
temporal_coarse_1e19,2,44,18.4522,0.18185,0.0949126
temporal_coarse_1e19,2,45,10.6388,0.18185,0.0949126
temporal_coarse_1e19,2,46,8.44833,0.18185,0.0949126
temporal_coarse_1e19,2,47,12.0015,0.18185,0.0949126
temporal_coarse_1e19,2,48,12.3698,0.18185,0.0949126
temporal_coarse_1e19,2,49,11.2449,0.18185,0.0949126
temporal_coarse_1e19,3,0,11.0686,0.125819,0.0806975
temporal_coarse_1e19,3,1,10.5931,0.125819,0.0806975
temporal_coarse_1e19,3,2,7.23008,0.125819,0.0806975
temporal_coarse_1e19,3,3,16.7472,0.125819,0.0806975
temporal_coarse_1e19,3,4,8.82719,0.125819,0.0806975
temporal_coarse_1e19,3,5,13.8238,0.125819,0.0806975
temporal_coarse_1e19,3,6,11.3329,0.125819,0.0806975
temporal_coarse_1e19,3,7,18.3393,0.125819,0.0806975
temporal_coarse_1e19,3,8,8.39752,0.125819,0.0806975
temporal_coarse_1e19,3,9,12.3069,0.125819,0.0806975
temporal_coarse_1e19,3,10,10.3053,0.125819,0.0806975
temporal_coarse_1e19,3,11,12.2628,0.125819,0.0806975
temporal_coarse_1e19,3,12,12.4267,0.125819,0.0806975
temporal_coarse_1e19,3,13,9.00826,0.125819,0.0806975
temporal_coarse_1e19,3,14,8.78439,0.125819,0.0806975
temporal_coarse_1e19,3,15,6.73505,0.125819,0.0806975
temporal_coarse_1e19,3,16,13.1948,0.125819,0.0806975
temporal_coarse_1e19,3,17,27.8692,0.125819,0.0806975
temporal_coarse_1e19,3,18,14.1692,0.125819,0.0806975
temporal_coarse_1e19,3,19,6.63966,0.125819,0.0806975
temporal_coarse_1e19,3,20,6.84414,0.125819,0.0806975
temporal_coarse_1e19,3,21,10.8511,0.125819,0.0806975
temporal_coarse_1e19,3,22,15.0534,0.125819,0.0806975
temporal_coarse_1e19,3,23,19.0539,0.125819,0.0806975
temporal_coarse_1e19,3,24,10.9827,0.125819,0.0806975
temporal_coarse_1e19,3,25,11.5405,0.125819,0.0806975
temporal_coarse_1e19,3,26,15.623,0.125819,0.0806975
temporal_coarse_1e19,3,27,9.72754,0.125819,0.0806975
temporal_coarse_1e19,3,28,6.85259,0.125819,0.0806975
temporal_coarse_1e19,3,29,11.791,0.125819,0.0806975
temporal_coarse_1e19,3,30,12.947,0.125819,0.0806975
temporal_coarse_1e19,3,31,13.494,0.125819,0.0806975
temporal_coarse_1e19,3,32,9.10467,0.125819,0.0806975
temporal_coarse_1e19,3,33,8.46016,0.125819,0.0806975
temporal_coarse_1e19,3,34,6.9471,0.125819,0.0806975
temporal_coarse_1e19,3,35,7.69356,0.125819,0.0806975
temporal_coarse_1e19,3,36,11.8402,0.125819,0.0806975
temporal_coarse_1e19,3,37,17.3816,0.125819,0.0806975
temporal_coarse_1e19,3,38,9.66828,0.125819,0.0806975
temporal_coarse_1e19,3,39,8.85499,0.125819,0.0806975
temporal_coarse_1e19,3,40,12.9022,0.125819,0.0806975
temporal_coarse_1e19,3,41,18.6768,0.125819,0.0806975
temporal_coarse_1e19,3,42,9.21396,0.125819,0.0806975
temporal_coarse_1e19,3,43,13.2232,0.125819,0.0806975
temporal_coarse_1e19,3,44,9.55541,0.125819,0.0806975
temporal_coarse_1e19,3,45,15.3028,0.125819,0.0806975
temporal_coarse_1e19,3,46,19.4187,0.125819,0.0806975
temporal_coarse_1e19,3,47,6.78634,0.125819,0.0806975
temporal_coarse_1e19,3,48,6.22885,0.125819,0.0806975
temporal_coarse_1e19,3,49,13.6597,0.125819,0.0806975
temporal_coarse_1e19,4,0,8.04008,0.136173,0.0795292
temporal_coarse_1e19,4,1,14.8802,0.136173,0.0795292
temporal_coarse_1e19,4,2,9.68394,0.136173,0.0795292
temporal_coarse_1e19,4,3,9.74435,0.136173,0.0795292
temporal_coarse_1e19,4,4,9.85972,0.136173,0.0795292
temporal_coarse_1e19,4,5,14.5355,0.136173,0.0795292
temporal_coarse_1e19,4,6,12.5528,0.136173,0.0795292
temporal_coarse_1e19,4,7,11.1853,0.136173,0.0795292
temporal_coarse_1e19,4,8,12.7538,0.136173,0.0795292
temporal_coarse_1e19,4,9,11.8752,0.136173,0.0795292
temporal_coarse_1e19,4,10,11.3154,0.136173,0.0795292
temporal_coarse_1e19,4,11,17.8253,0.136173,0.0795292
temporal_coarse_1e19,4,12,8.98499,0.136173,0.0795292
temporal_coarse_1e19,4,13,5.64957,0.136173,0.0795292
temporal_coarse_1e19,4,14,13.6998,0.136173,0.0795292
temporal_coarse_1e19,4,15,10.0773,0.136173,0.0795292
temporal_coarse_1e19,4,16,17.3596,0.136173,0.0795292
temporal_coarse_1e19,4,17,9.8075,0.136173,0.0795292
temporal_coarse_1e19,4,18,10.411,0.136173,0.0795292
temporal_coarse_1e19,4,19,17.5325,0.136173,0.0795292
temporal_coarse_1e19,4,20,10.4957,0.136173,0.0795292
temporal_coarse_1e19,4,21,15.7294,0.136173,0.0795292
temporal_coarse_1e19,4,22,10.9466,0.136173,0.0795292
temporal_coarse_1e19,4,23,13.0028,0.136173,0.0795292
temporal_coarse_1e19,4,24,14.2768,0.136173,0.0795292
temporal_coarse_1e19,4,25,8.05382,0.136173,0.0795292
temporal_coarse_1e19,4,26,16.1216,0.136173,0.0795292
temporal_coarse_1e19,4,27,16.5652,0.136173,0.0795292
temporal_coarse_1e19,4,28,12.2551,0.136173,0.0795292
temporal_coarse_1e19,4,29,15.2171,0.136173,0.0795292
temporal_coarse_1e19,4,30,9.56348,0.136173,0.0795292
temporal_coarse_1e19,4,31,19.0794,0.136173,0.0795292
temporal_coarse_1e19,4,32,15.3197,0.136173,0.0795292
temporal_coarse_1e19,4,33,19.4263,0.136173,0.0795292
temporal_coarse_1e19,4,34,13.9866,0.136173,0.0795292
temporal_coarse_1e19,4,35,15.2254,0.136173,0.0795292
temporal_coarse_1e19,4,36,8.66994,0.136173,0.0795292
temporal_coarse_1e19,4,37,9.25089,0.136173,0.0795292
temporal_coarse_1e19,4,38,9.12733,0.136173,0.0795292
temporal_coarse_1e19,4,39,17.6848,0.136173,0.0795292
temporal_coarse_1e19,4,40,15.7497,0.136173,0.0795292
temporal_coarse_1e19,4,41,12.9712,0.136173,0.0795292
temporal_coarse_1e19,4,42,11.4591,0.136173,0.0795292
temporal_coarse_1e19,4,43,7.81762,0.136173,0.0795292
temporal_coarse_1e19,4,44,13.1483,0.136173,0.0795292
temporal_coarse_1e19,4,45,10.249,0.136173,0.0795292
temporal_coarse_1e19,4,46,11.1311,0.136173,0.0795292
temporal_coarse_1e19,4,47,10.3927,0.136173,0.0795292
temporal_coarse_1e19,4,48,17.8131,0.136173,0.0795292
temporal_coarse_1e19,4,49,18.8627,0.136173,0.0795292
temporal_coarse_1e19,5,0,8.14853,0.248931,0.0914988
temporal_coarse_1e19,5,1,10.4075,0.248931,0.0914988
temporal_coarse_1e19,5,2,12.8445,0.248931,0.0914988
temporal_coarse_1e19,5,3,12.0954,0.248931,0.0914988
temporal_coarse_1e19,5,4,7.63194,0.248931,0.0914988
temporal_coarse_1e19,5,5,6.67431,0.248931,0.0914988
temporal_coarse_1e19,5,6,10.5345,0.248931,0.0914988
temporal_coarse_1e19,5,7,9.50121,0.248931,0.0914988
temporal_coarse_1e19,5,8,14.8518,0.248931,0.0914988
temporal_coarse_1e19,5,9,11.5215,0.248931,0.0914988
temporal_coarse_1e19,5,10,10.8651,0.248931,0.0914988
temporal_coarse_1e19,5,11,6.95459,0.248931,0.0914988
temporal_coarse_1e19,5,12,21.4976,0.248931,0.0914988
temporal_coarse_1e19,5,13,11.9146,0.248931,0.0914988
temporal_coarse_1e19,5,14,12.4457,0.248931,0.0914988
temporal_coarse_1e19,5,15,9.36192,0.248931,0.0914988
temporal_coarse_1e19,5,16,13.3775,0.248931,0.0914988
temporal_coarse_1e19,5,17,17.5138,0.248931,0.0914988
temporal_coarse_1e19,5,18,9.13254,0.248931,0.0914988
temporal_coarse_1e19,5,19,16.9855,0.248931,0.0914988
temporal_coarse_1e19,5,20,15.3117,0.248931,0.0914988
temporal_coarse_1e19,5,21,12.4253,0.248931,0.0914988
temporal_coarse_1e19,5,22,11.4883,0.248931,0.0914988
temporal_coarse_1e19,5,23,8.78382,0.248931,0.0914988
temporal_coarse_1e19,5,24,8.63461,0.248931,0.0914988
temporal_coarse_1e19,5,25,13.2895,0.248931,0.0914988
temporal_coarse_1e19,5,26,20.8966,0.248931,0.0914988
temporal_coarse_1e19,5,27,11.271,0.248931,0.0914988
temporal_coarse_1e19,5,28,17.6647,0.248931,0.0914988
temporal_coarse_1e19,5,29,13.2408,0.248931,0.0914988
temporal_coarse_1e19,5,30,14.3068,0.248931,0.0914988
temporal_coarse_1e19,5,31,7.63475,0.248931,0.0914988
temporal_coarse_1e19,5,32,15.1728,0.248931,0.0914988
temporal_coarse_1e19,5,33,13.5751,0.248931,0.0914988
temporal_coarse_1e19,5,34,14.5222,0.248931,0.0914988
temporal_coarse_1e19,5,35,8.99873,0.248931,0.0914988
temporal_coarse_1e19,5,36,13.7277,0.248931,0.0914988
temporal_coarse_1e19,5,37,10.5182,0.248931,0.0914988
temporal_coarse_1e19,5,38,8.63865,0.248931,0.0914988
temporal_coarse_1e19,5,39,14.3156,0.248931,0.0914988
temporal_coarse_1e19,5,40,13.7788,0.248931,0.0914988
temporal_coarse_1e19,5,41,12.8835,0.248931,0.0914988
temporal_coarse_1e19,5,42,13.8888,0.248931,0.0914988
temporal_coarse_1e19,5,43,13.5327,0.248931,0.0914988
temporal_coarse_1e19,5,44,18.0601,0.248931,0.0914988
temporal_coarse_1e19,5,45,10.9543,0.248931,0.0914988
temporal_coarse_1e19,5,46,8.96894,0.248931,0.0914988
temporal_coarse_1e19,5,47,10.6878,0.248931,0.0914988
temporal_coarse_1e19,5,48,9.75654,0.248931,0.0914988
temporal_coarse_1e19,5,49,13.9191,0.248931,0.0914988
temporal_coarse_1e19,6,0,10.6908,0.225651,0.114348
temporal_coarse_1e19,6,1,13.2854,0.225651,0.114348
temporal_coarse_1e19,6,2,13.2385,0.225651,0.114348
temporal_coarse_1e19,6,3,12.9293,0.225651,0.114348
temporal_coarse_1e19,6,4,11.8653,0.225651,0.114348
temporal_coarse_1e19,6,5,11.4094,0.225651,0.114348
temporal_coarse_1e19,6,6,13.2935,0.225651,0.114348
temporal_coarse_1e19,6,7,16.9028,0.225651,0.114348
temporal_coarse_1e19,6,8,15.3095,0.225651,0.114348
temporal_coarse_1e19,6,9,10.6404,0.225651,0.114348
temporal_coarse_1e19,6,10,10.1629,0.225651,0.114348
temporal_coarse_1e19,6,11,12.2841,0.225651,0.114348
temporal_coarse_1e19,6,12,5.61525,0.225651,0.114348
temporal_coarse_1e19,6,13,21.5116,0.225651,0.114348
temporal_coarse_1e19,6,14,13.8201,0.225651,0.114348
temporal_coarse_1e19,6,15,16.1188,0.225651,0.114348
temporal_coarse_1e19,6,16,21.5162,0.225651,0.114348
temporal_coarse_1e19,6,17,23.2887,0.225651,0.114348
temporal_coarse_1e19,6,18,15.1006,0.225651,0.114348
temporal_coarse_1e19,6,19,15.7906,0.225651,0.114348
temporal_coarse_1e19,6,20,17.3466,0.225651,0.114348
temporal_coarse_1e19,6,21,11.3091,0.225651,0.114348
temporal_coarse_1e19,6,22,7.03993,0.225651,0.114348
temporal_coarse_1e19,6,23,14.5219,0.225651,0.114348
temporal_coarse_1e19,6,24,18.1152,0.225651,0.114348
temporal_coarse_1e19,6,25,13.4007,0.225651,0.114348
temporal_coarse_1e19,6,26,16.9657,0.225651,0.114348
temporal_coarse_1e19,6,27,33.3549,0.225651,0.114348
temporal_coarse_1e19,6,28,12.2294,0.225651,0.114348
temporal_coarse_1e19,6,29,9.94135,0.225651,0.114348
temporal_coarse_1e19,6,30,11.3527,0.225651,0.114348
temporal_coarse_1e19,6,31,14.8915,0.225651,0.114348
temporal_coarse_1e19,6,32,14.6991,0.225651,0.114348
temporal_coarse_1e19,6,33,8.14319,0.225651,0.114348
temporal_coarse_1e19,6,34,11.2801,0.225651,0.114348
temporal_coarse_1e19,6,35,15.0843,0.225651,0.114348
temporal_coarse_1e19,6,36,36.0427,0.225651,0.114348
temporal_coarse_1e19,6,37,14.7317,0.225651,0.114348
temporal_coarse_1e19,6,38,16.1086,0.225651,0.114348
temporal_coarse_1e19,6,39,14.3003,0.225651,0.114348
temporal_coarse_1e19,6,40,17.9482,0.225651,0.114348
temporal_coarse_1e19,6,41,31.0822,0.225651,0.114348
temporal_coarse_1e19,6,42,11.0673,0.225651,0.114348
temporal_coarse_1e19,6,43,8.92199,0.225651,0.114348
temporal_coarse_1e19,6,44,14.2153,0.225651,0.114348
temporal_coarse_1e19,6,45,17.1427,0.225651,0.114348
temporal_coarse_1e19,6,46,11.5374,0.225651,0.114348
temporal_coarse_1e19,6,47,9.26661,0.225651,0.114348
temporal_coarse_1e19,6,48,12.8663,0.225651,0.114348
temporal_coarse_1e19,6,49,25.5677,0.225651,0.114348
temporal_coarse_1e19,7,0,15.5724,0.233831,0.127961
temporal_coarse_1e19,7,1,12.5085,0.233831,0.127961
temporal_coarse_1e19,7,2,22.7665,0.233831,0.127961
temporal_coarse_1e19,7,3,14.5241,0.233831,0.127961
temporal_coarse_1e19,7,4,10.1297,0.233831,0.127961
temporal_coarse_1e19,7,5,10.8672,0.233831,0.127961
temporal_coarse_1e19,7,6,18.9952,0.233831,0.127961
temporal_coarse_1e19,7,7,16.4912,0.233831,0.127961
temporal_coarse_1e19,7,8,15.3832,0.233831,0.127961
temporal_coarse_1e19,7,9,8.88212,0.233831,0.127961
temporal_coarse_1e19,7,10,9.62386,0.233831,0.127961
temporal_coarse_1e19,7,11,10.9001,0.233831,0.127961
temporal_coarse_1e19,7,12,11.261,0.233831,0.127961
temporal_coarse_1e19,7,13,10.4995,0.233831,0.127961
temporal_coarse_1e19,7,14,13.2165,0.233831,0.127961
temporal_coarse_1e19,7,15,14.2982,0.233831,0.127961
temporal_coarse_1e19,7,16,14.6996,0.233831,0.127961
temporal_coarse_1e19,7,17,33.6814,0.233831,0.127961
temporal_coarse_1e19,7,18,17.6615,0.233831,0.127961
temporal_coarse_1e19,7,19,10.2237,0.233831,0.127961
temporal_coarse_1e19,7,20,10.8399,0.233831,0.127961
temporal_coarse_1e19,7,21,14.8323,0.233831,0.127961
temporal_coarse_1e19,7,22,13.0476,0.233831,0.127961
temporal_coarse_1e19,7,23,13.9686,0.233831,0.127961
temporal_coarse_1e19,7,24,8.46923,0.233831,0.127961
temporal_coarse_1e19,7,25,15.6136,0.233831,0.127961
temporal_coarse_1e19,7,26,10.8095,0.233831,0.127961
temporal_coarse_1e19,7,27,11.3056,0.233831,0.127961
temporal_coarse_1e19,7,28,11.3563,0.233831,0.127961
temporal_coarse_1e19,7,29,40.3626,0.233831,0.127961
temporal_coarse_1e19,7,30,12.075,0.233831,0.127961
temporal_coarse_1e19,7,31,11.0051,0.233831,0.127961
temporal_coarse_1e19,7,32,11.1961,0.233831,0.127961
temporal_coarse_1e19,7,33,17.4234,0.233831,0.127961
temporal_coarse_1e19,7,34,30.0523,0.233831,0.127961
temporal_coarse_1e19,7,35,15.2966,0.233831,0.127961
temporal_coarse_1e19,7,36,10.4576,0.233831,0.127961
temporal_coarse_1e19,7,37,7.44825,0.233831,0.127961
temporal_coarse_1e19,7,38,13.4204,0.233831,0.127961
temporal_coarse_1e19,7,39,21.9014,0.233831,0.127961
temporal_coarse_1e19,7,40,15.6843,0.233831,0.127961
temporal_coarse_1e19,7,41,12.1454,0.233831,0.127961
temporal_coarse_1e19,7,42,12.9416,0.233831,0.127961
temporal_coarse_1e19,7,43,10.8929,0.233831,0.127961
temporal_coarse_1e19,7,44,13.9621,0.233831,0.127961
temporal_coarse_1e19,7,45,16.9449,0.233831,0.127961
temporal_coarse_1e19,7,46,14.7714,0.233831,0.127961
temporal_coarse_1e19,7,47,15.6384,0.233831,0.127961
temporal_coarse_1e19,7,48,11.8164,0.233831,0.127961
temporal_coarse_1e19,7,49,13.4705,0.233831,0.127961
temporal_coarse_1e19,8,0,11.3821,0.323058,0.175471
temporal_coarse_1e19,8,1,10.4702,0.323058,0.175471
temporal_coarse_1e19,8,2,16.635,0.323058,0.175471
temporal_coarse_1e19,8,3,12.492,0.323058,0.175471
temporal_coarse_1e19,8,4,9.78049,0.323058,0.175471
temporal_coarse_1e19,8,5,17.1916,0.323058,0.175471
temporal_coarse_1e19,8,6,18.4509,0.323058,0.175471
temporal_coarse_1e19,8,7,16.6568,0.323058,0.175471
temporal_coarse_1e19,8,8,10.682,0.323058,0.175471
temporal_coarse_1e19,8,9,28.052,0.323058,0.175471
temporal_coarse_1e19,8,10,9.75209,0.323058,0.175471
temporal_coarse_1e19,8,11,9.23634,0.323058,0.175471
temporal_coarse_1e19,8,12,14.5906,0.323058,0.175471
temporal_coarse_1e19,8,13,13.1074,0.323058,0.175471
temporal_coarse_1e19,8,14,12.6918,0.323058,0.175471
temporal_coarse_1e19,8,15,13.8245,0.323058,0.175471
temporal_coarse_1e19,8,16,14.5257,0.323058,0.175471
temporal_coarse_1e19,8,17,15.1529,0.323058,0.175471
temporal_coarse_1e19,8,18,9.0604,0.323058,0.175471
temporal_coarse_1e19,8,19,10.2548,0.323058,0.175471
temporal_coarse_1e19,8,20,12.5063,0.323058,0.175471
temporal_coarse_1e19,8,21,26.4944,0.323058,0.175471
temporal_coarse_1e19,8,22,12.4109,0.323058,0.175471
temporal_coarse_1e19,8,23,10.5988,0.323058,0.175471
temporal_coarse_1e19,8,24,11.7962,0.323058,0.175471
temporal_coarse_1e19,8,25,28.291,0.323058,0.175471
temporal_coarse_1e19,8,26,10.7065,0.323058,0.175471
temporal_coarse_1e19,8,27,26.2761,0.323058,0.175471
temporal_coarse_1e19,8,28,12.7701,0.323058,0.175471
temporal_coarse_1e19,8,29,9.89318,0.323058,0.175471
temporal_coarse_1e19,8,30,13.9324,0.323058,0.175471
temporal_coarse_1e19,8,31,15.8132,0.323058,0.175471
temporal_coarse_1e19,8,32,15.334,0.323058,0.175471
temporal_coarse_1e19,8,33,6.48694,0.323058,0.175471
temporal_coarse_1e19,8,34,17.5043,0.323058,0.175471
temporal_coarse_1e19,8,35,17.97,0.323058,0.175471
temporal_coarse_1e19,8,36,13.54,0.323058,0.175471
temporal_coarse_1e19,8,37,10.828,0.323058,0.175471
temporal_coarse_1e19,8,38,13.5413,0.323058,0.175471
temporal_coarse_1e19,8,39,10.4256,0.323058,0.175471
temporal_coarse_1e19,8,40,13.487,0.323058,0.175471
temporal_coarse_1e19,8,41,16.0358,0.323058,0.175471
temporal_coarse_1e19,8,42,16.2146,0.323058,0.175471
temporal_coarse_1e19,8,43,14.3853,0.323058,0.175471
temporal_coarse_1e19,8,44,8.24014,0.323058,0.175471
temporal_coarse_1e19,8,45,14.5576,0.323058,0.175471
temporal_coarse_1e19,8,46,10.6319,0.323058,0.175471
temporal_coarse_1e19,8,47,14.0985,0.323058,0.175471
temporal_coarse_1e19,8,48,15.9439,0.323058,0.175471
temporal_coarse_1e19,8,49,16.3254,0.323058,0.175471
temporal_coarse_1e19,9,0,18.0218,0.324821,0.189235
temporal_coarse_1e19,9,1,12.5946,0.324821,0.189235
temporal_coarse_1e19,9,2,19.0798,0.324821,0.189235
temporal_coarse_1e19,9,3,22.4671,0.324821,0.189235
temporal_coarse_1e19,9,4,30.1598,0.324821,0.189235
temporal_coarse_1e19,9,5,11.7569,0.324821,0.189235
temporal_coarse_1e19,9,6,13.1911,0.324821,0.189235
temporal_coarse_1e19,9,7,8.36486,0.324821,0.189235
temporal_coarse_1e19,9,8,10.4639,0.324821,0.189235
temporal_coarse_1e19,9,9,7.52625,0.324821,0.189235
temporal_coarse_1e19,9,10,15.3348,0.324821,0.189235
temporal_coarse_1e19,9,11,13.1924,0.324821,0.189235
temporal_coarse_1e19,9,12,13.5321,0.324821,0.189235
temporal_coarse_1e19,9,13,13.3989,0.324821,0.189235
temporal_coarse_1e19,9,14,20.0519,0.324821,0.189235
temporal_coarse_1e19,9,15,14.5765,0.324821,0.189235
temporal_coarse_1e19,9,16,12.5769,0.324821,0.189235
temporal_coarse_1e19,9,17,14.3291,0.324821,0.189235
temporal_coarse_1e19,9,18,7.80596,0.324821,0.189235
temporal_coarse_1e19,9,19,11.6417,0.324821,0.189235
temporal_coarse_1e19,9,20,15.7211,0.324821,0.189235
temporal_coarse_1e19,9,21,11.6616,0.324821,0.189235
temporal_coarse_1e19,9,22,15.5052,0.324821,0.189235
temporal_coarse_1e19,9,23,13.48,0.324821,0.189235
temporal_coarse_1e19,9,24,13.916,0.324821,0.189235
temporal_coarse_1e19,9,25,17.8906,0.324821,0.189235
temporal_coarse_1e19,9,26,17.4426,0.324821,0.189235
temporal_coarse_1e19,9,27,5.63793,0.324821,0.189235
temporal_coarse_1e19,9,28,15.746,0.324821,0.189235
temporal_coarse_1e19,9,29,12.1941,0.324821,0.189235
temporal_coarse_1e19,9,30,15.6626,0.324821,0.189235
temporal_coarse_1e19,9,31,30.5036,0.324821,0.189235
temporal_coarse_1e19,9,32,7.44863,0.324821,0.189235
temporal_coarse_1e19,9,33,19.8329,0.324821,0.189235
temporal_coarse_1e19,9,34,10.9569,0.324821,0.189235
temporal_coarse_1e19,9,35,20.6696,0.324821,0.189235
temporal_coarse_1e19,9,36,17.3474,0.324821,0.189235
temporal_coarse_1e19,9,37,11.8185,0.324821,0.189235
temporal_coarse_1e19,9,38,13.4657,0.324821,0.189235
temporal_coarse_1e19,9,39,18.3215,0.324821,0.189235
temporal_coarse_1e19,9,40,14.7509,0.324821,0.189235
temporal_coarse_1e19,9,41,16.1393,0.324821,0.189235
temporal_coarse_1e19,9,42,8.84976,0.324821,0.189235
temporal_coarse_1e19,9,43,16.9122,0.324821,0.189235
temporal_coarse_1e19,9,44,9.59496,0.324821,0.189235
temporal_coarse_1e19,9,45,16.4178,0.324821,0.189235
temporal_coarse_1e19,9,46,29.5433,0.324821,0.189235
temporal_coarse_1e19,9,47,18.9984,0.324821,0.189235
temporal_coarse_1e19,9,48,8.98598,0.324821,0.189235
temporal_coarse_1e19,9,49,8.32546,0.324821,0.189235
temporal_coarse_1e19,10,0,18.7381,0.335485,0.247838
temporal_coarse_1e19,10,1,14.4895,0.335485,0.247838
temporal_coarse_1e19,10,2,11.5835,0.335485,0.247838
temporal_coarse_1e19,10,3,44.6398,0.335485,0.247838
temporal_coarse_1e19,10,4,19.9786,0.335485,0.247838
temporal_coarse_1e19,10,5,51.1319,0.335485,0.247838
temporal_coarse_1e19,10,6,15.1846,0.335485,0.247838
temporal_coarse_1e19,10,7,28.3703,0.335485,0.247838
temporal_coarse_1e19,10,8,16.4205,0.335485,0.247838
temporal_coarse_1e19,10,9,16.6094,0.335485,0.247838
temporal_coarse_1e19,10,10,36.7694,0.335485,0.247838
temporal_coarse_1e19,10,11,20.6068,0.335485,0.247838
temporal_coarse_1e19,10,12,32.9098,0.335485,0.247838
temporal_coarse_1e19,10,13,10.1008,0.335485,0.247838
temporal_coarse_1e19,10,14,13.9501,0.335485,0.247838
temporal_coarse_1e19,10,15,12.0218,0.335485,0.247838
temporal_coarse_1e19,10,16,17.181,0.335485,0.247838
temporal_coarse_1e19,10,17,15.906,0.335485,0.247838
temporal_coarse_1e19,10,18,15.5279,0.335485,0.247838
temporal_coarse_1e19,10,19,17.6826,0.335485,0.247838
temporal_coarse_1e19,10,20,50.6983,0.335485,0.247838
temporal_coarse_1e19,10,21,12.8604,0.335485,0.247838
temporal_coarse_1e19,10,22,10.0734,0.335485,0.247838
temporal_coarse_1e19,10,23,15.7322,0.335485,0.247838
temporal_coarse_1e19,10,24,47.3769,0.335485,0.247838
temporal_coarse_1e19,10,25,11.7287,0.335485,0.247838
temporal_coarse_1e19,10,26,14.6162,0.335485,0.247838
temporal_coarse_1e19,10,27,16.1702,0.335485,0.247838
temporal_coarse_1e19,10,28,10.3915,0.335485,0.247838
temporal_coarse_1e19,10,29,14.456,0.335485,0.247838
temporal_coarse_1e19,10,30,15.3385,0.335485,0.247838
temporal_coarse_1e19,10,31,33.0413,0.335485,0.247838
temporal_coarse_1e19,10,32,16.2219,0.335485,0.247838
temporal_coarse_1e19,10,33,11.5958,0.335485,0.247838
temporal_coarse_1e19,10,34,18.6184,0.335485,0.247838
temporal_coarse_1e19,10,35,15.6631,0.335485,0.247838
temporal_coarse_1e19,10,36,11.2557,0.335485,0.247838
temporal_coarse_1e19,10,37,47.7525,0.335485,0.247838
temporal_coarse_1e19,10,38,16.0116,0.335485,0.247838
temporal_coarse_1e19,10,39,13.9494,0.335485,0.247838
temporal_coarse_1e19,10,40,17.4429,0.335485,0.247838
temporal_coarse_1e19,10,41,12.0583,0.335485,0.247838
temporal_coarse_1e19,10,42,21.5373,0.335485,0.247838
temporal_coarse_1e19,10,43,13.6587,0.335485,0.247838
temporal_coarse_1e19,10,44,19.3886,0.335485,0.247838
temporal_coarse_1e19,10,45,15.9109,0.335485,0.247838
temporal_coarse_1e19,10,46,39.4459,0.335485,0.247838
temporal_coarse_1e19,10,47,15.3915,0.335485,0.247838
temporal_coarse_1e19,10,48,15.7962,0.335485,0.247838
temporal_coarse_1e19,10,49,28.2367,0.335485,0.247838
temporal_coarse_1e19,11,0,13.1394,0.324648,0.273149
temporal_coarse_1e19,11,1,15.2017,0.324648,0.273149
temporal_coarse_1e19,11,2,19.2354,0.324648,0.273149
temporal_coarse_1e19,11,3,13.3174,0.324648,0.273149
temporal_coarse_1e19,11,4,15.0312,0.324648,0.273149
temporal_coarse_1e19,11,5,12.4628,0.324648,0.273149
temporal_coarse_1e19,11,6,16.0608,0.324648,0.273149
temporal_coarse_1e19,11,7,10.668,0.324648,0.273149
temporal_coarse_1e19,11,8,13.8704,0.324648,0.273149
temporal_coarse_1e19,11,9,12.8192,0.324648,0.273149
temporal_coarse_1e19,11,10,15.4854,0.324648,0.273149
temporal_coarse_1e19,11,11,12.4428,0.324648,0.273149
temporal_coarse_1e19,11,12,16.7267,0.324648,0.273149
temporal_coarse_1e19,11,13,14.941,0.324648,0.273149
temporal_coarse_1e19,11,14,11.9836,0.324648,0.273149
temporal_coarse_1e19,11,15,17.8444,0.324648,0.273149
temporal_coarse_1e19,11,16,18.5371,0.324648,0.273149
temporal_coarse_1e19,11,17,20.1001,0.324648,0.273149
temporal_coarse_1e19,11,18,20.7099,0.324648,0.273149
temporal_coarse_1e19,11,19,14.7473,0.324648,0.273149
temporal_coarse_1e19,11,20,13.0772,0.324648,0.273149
temporal_coarse_1e19,11,21,13.4772,0.324648,0.273149
temporal_coarse_1e19,11,22,18.4879,0.324648,0.273149
temporal_coarse_1e19,11,23,11.0138,0.324648,0.273149
temporal_coarse_1e19,11,24,8.4412,0.324648,0.273149
temporal_coarse_1e19,11,25,18.1877,0.324648,0.273149
temporal_coarse_1e19,11,26,9.97447,0.324648,0.273149
temporal_coarse_1e19,11,27,16.8621,0.324648,0.273149
temporal_coarse_1e19,11,28,12.784,0.324648,0.273149
temporal_coarse_1e19,11,29,13.529,0.324648,0.273149
temporal_coarse_1e19,11,30,17.7204,0.324648,0.273149
temporal_coarse_1e19,11,31,16.085,0.324648,0.273149
temporal_coarse_1e19,11,32,16.879,0.324648,0.273149
temporal_coarse_1e19,11,33,14.9681,0.324648,0.273149
temporal_coarse_1e19,11,34,10.9679,0.324648,0.273149
temporal_coarse_1e19,11,35,11.713,0.324648,0.273149
temporal_coarse_1e19,11,36,17.882,0.324648,0.273149
temporal_coarse_1e19,11,37,17.3114,0.324648,0.273149
temporal_coarse_1e19,11,38,8.04601,0.324648,0.273149
temporal_coarse_1e19,11,39,20.7477,0.324648,0.273149
temporal_coarse_1e19,11,40,8.75833,0.324648,0.273149
temporal_coarse_1e19,11,41,12.3228,0.324648,0.273149
temporal_coarse_1e19,11,42,14.0468,0.324648,0.273149
temporal_coarse_1e19,11,43,16.2546,0.324648,0.273149
temporal_coarse_1e19,11,44,13.7306,0.324648,0.273149
temporal_coarse_1e19,11,45,18.9824,0.324648,0.273149
temporal_coarse_1e19,11,46,14.4929,0.324648,0.273149
temporal_coarse_1e19,11,47,13.448,0.324648,0.273149
temporal_coarse_1e19,11,48,17.4611,0.324648,0.273149
temporal_coarse_1e19,11,49,14.8828,0.324648,0.273149
temporal_coarse_1e19,12,0,13.4158,0.300672,0.359539
temporal_coarse_1e19,12,1,12.8415,0.300672,0.359539
temporal_coarse_1e19,12,2,17.4709,0.300672,0.359539
temporal_coarse_1e19,12,3,22.2343,0.300672,0.359539
temporal_coarse_1e19,12,4,11.9763,0.300672,0.359539
temporal_coarse_1e19,12,5,20.2425,0.300672,0.359539
temporal_coarse_1e19,12,6,16.5754,0.300672,0.359539
temporal_coarse_1e19,12,7,16.5647,0.300672,0.359539
temporal_coarse_1e19,12,8,21.7565,0.300672,0.359539
temporal_coarse_1e19,12,9,16.9367,0.300672,0.359539
temporal_coarse_1e19,12,10,17.6248,0.300672,0.359539
temporal_coarse_1e19,12,11,14.0224,0.300672,0.359539
temporal_coarse_1e19,12,12,18.3233,0.300672,0.359539
temporal_coarse_1e19,12,13,14.2623,0.300672,0.359539
temporal_coarse_1e19,12,14,15.7136,0.300672,0.359539
temporal_coarse_1e19,12,15,17.4558,0.300672,0.359539
temporal_coarse_1e19,12,16,10.924,0.300672,0.359539
temporal_coarse_1e19,12,17,13.1079,0.300672,0.359539
temporal_coarse_1e19,12,18,17.7296,0.300672,0.359539
temporal_coarse_1e19,12,19,12.8975,0.300672,0.359539
temporal_coarse_1e19,12,20,15.142,0.300672,0.359539
temporal_coarse_1e19,12,21,13.2772,0.300672,0.359539
temporal_coarse_1e19,12,22,18.5003,0.300672,0.359539
temporal_coarse_1e19,12,23,18.7561,0.300672,0.359539
temporal_coarse_1e19,12,24,15.1198,0.300672,0.359539
temporal_coarse_1e19,12,25,15.0247,0.300672,0.359539
temporal_coarse_1e19,12,26,11.5054,0.300672,0.359539
temporal_coarse_1e19,12,27,16.4365,0.300672,0.359539
temporal_coarse_1e19,12,28,14.0994,0.300672,0.359539
temporal_coarse_1e19,12,29,17.6382,0.300672,0.359539
temporal_coarse_1e19,12,30,18.8028,0.300672,0.359539
temporal_coarse_1e19,12,31,12.5885,0.300672,0.359539
temporal_coarse_1e19,12,32,18.2917,0.300672,0.359539
temporal_coarse_1e19,12,33,13.9173,0.300672,0.359539
temporal_coarse_1e19,12,34,17.2797,0.300672,0.359539
temporal_coarse_1e19,12,35,12.7622,0.300672,0.359539
temporal_coarse_1e19,12,36,17.5065,0.300672,0.359539
temporal_coarse_1e19,12,37,16.6202,0.300672,0.359539
temporal_coarse_1e19,12,38,13.3032,0.300672,0.359539
temporal_coarse_1e19,12,39,17.1231,0.300672,0.359539
temporal_coarse_1e19,12,40,21.6115,0.300672,0.359539
temporal_coarse_1e19,12,41,17.1533,0.300672,0.359539
temporal_coarse_1e19,12,42,10.5147,0.300672,0.359539
temporal_coarse_1e19,12,43,13.5702,0.300672,0.359539
temporal_coarse_1e19,12,44,16.2477,0.300672,0.359539
temporal_coarse_1e19,12,45,15.9698,0.300672,0.359539
temporal_coarse_1e19,12,46,15.7347,0.300672,0.359539
temporal_coarse_1e19,12,47,15.503,0.300672,0.359539
temporal_coarse_1e19,12,48,16.4918,0.300672,0.359539
temporal_coarse_1e19,12,49,16.3204,0.300672,0.359539
temporal_coarse_1e19,13,0,13.0017,0.318187,0.780497
temporal_coarse_1e19,13,1,19.2671,0.318187,0.780497
temporal_coarse_1e19,13,2,15.216,0.318187,0.780497
temporal_coarse_1e19,13,3,12.9526,0.318187,0.780497
temporal_coarse_1e19,13,4,20.3694,0.318187,0.780497
temporal_coarse_1e19,13,5,13.6529,0.318187,0.780497
temporal_coarse_1e19,13,6,16.3456,0.318187,0.780497
temporal_coarse_1e19,13,7,17.3932,0.318187,0.780497
temporal_coarse_1e19,13,8,13.3636,0.318187,0.780497
temporal_coarse_1e19,13,9,12.9718,0.318187,0.780497
temporal_coarse_1e19,13,10,17.9344,0.318187,0.780497
temporal_coarse_1e19,13,11,21.4559,0.318187,0.780497
temporal_coarse_1e19,13,12,15.6534,0.318187,0.780497
temporal_coarse_1e19,13,13,12.9729,0.318187,0.780497
temporal_coarse_1e19,13,14,16.1541,0.318187,0.780497
temporal_coarse_1e19,13,15,14.1948,0.318187,0.780497
temporal_coarse_1e19,13,16,9.90485,0.318187,0.780497
temporal_coarse_1e19,13,17,18.8445,0.318187,0.780497
temporal_coarse_1e19,13,18,18.9028,0.318187,0.780497
temporal_coarse_1e19,13,19,14.1034,0.318187,0.780497
temporal_coarse_1e19,13,20,20.2681,0.318187,0.780497
temporal_coarse_1e19,13,21,16.4618,0.318187,0.780497
temporal_coarse_1e19,13,22,21.5605,0.318187,0.780497
temporal_coarse_1e19,13,23,12.513,0.318187,0.780497
temporal_coarse_1e19,13,24,19.2144,0.318187,0.780497
temporal_coarse_1e19,13,25,13.949,0.318187,0.780497
temporal_coarse_1e19,13,26,12.4634,0.318187,0.780497
temporal_coarse_1e19,13,27,17.3375,0.318187,0.780497
temporal_coarse_1e19,13,28,21.6387,0.318187,0.780497
temporal_coarse_1e19,13,29,22.994,0.318187,0.780497
temporal_coarse_1e19,13,30,19.1923,0.318187,0.780497
temporal_coarse_1e19,13,31,14.8637,0.318187,0.780497
temporal_coarse_1e19,13,32,13.7927,0.318187,0.780497
temporal_coarse_1e19,13,33,19.7718,0.318187,0.780497
temporal_coarse_1e19,13,34,13.3406,0.318187,0.780497
temporal_coarse_1e19,13,35,16.9049,0.318187,0.780497
temporal_coarse_1e19,13,36,18.8498,0.318187,0.780497
temporal_coarse_1e19,13,37,15.6774,0.318187,0.780497
temporal_coarse_1e19,13,38,14.3373,0.318187,0.780497
temporal_coarse_1e19,13,39,19.176,0.318187,0.780497
temporal_coarse_1e19,13,40,18.6352,0.318187,0.780497
temporal_coarse_1e19,13,41,11.3306,0.318187,0.780497
temporal_coarse_1e19,13,42,10.0713,0.318187,0.780497
temporal_coarse_1e19,13,43,22.6355,0.318187,0.780497
temporal_coarse_1e19,13,44,16.018,0.318187,0.780497
temporal_coarse_1e19,13,45,21.398,0.318187,0.780497
temporal_coarse_1e19,13,46,16.1175,0.318187,0.780497
temporal_coarse_1e19,13,47,16.3859,0.318187,0.780497
temporal_coarse_1e19,13,48,16.4101,0.318187,0.780497
temporal_coarse_1e19,13,49,17.5378,0.318187,0.780497
temporal_coarse_1e19,-1,188,,,,167.547
temporal_coarse_1e19,-1,597,,,,152.471
temporal_coarse_1e19,-1,761,,,,150.33
temporal_coarse_1e19,-1,123,,,,146.625
temporal_coarse_1e19,-1,683,,,,144.592
temporal_coarse_1e19,-1,757,,,,143.375
temporal_coarse_1e19,-1,181,,,,141.382
temporal_coarse_1e19,-1,739,,,,137.438
temporal_coarse_1e19,-1,613,,,,136.535
temporal_coarse_1e19,-1,157,,,,136.493
temporal_coarse_1e19,-1,320,,,,134.904
temporal_coarse_1e19,-1,653,,,,134.66
temporal_coarse_1e19,-1,570,,,,133.913
temporal_coarse_1e19,-1,740,,,,131.274
temporal_coarse_1e19,-1,407,,,,130.275
temporal_coarse_1e19,-1,670,,,,128.9
temporal_coarse_1e19,-1,364,,,,128.223
temporal_coarse_1e19,-1,89,,,,127.59
temporal_coarse_1e19,-1,100,,,,127.177
temporal_coarse_1e19,-1,681,,,,125.034
temporal_coarse_1e19,-1,4,,,,121.998
temporal_coarse_1e19,-1,705,,,,121.563
temporal_coarse_1e19,-1,799,,,,121.453
temporal_coarse_1e19,-1,336,,,,120.548
temporal_coarse_1e19,-1,47,,,,120.257
temporal_coarse_1e19,-1,461,,,,119.708
temporal_coarse_1e19,-1,666,,,,119.061
temporal_coarse_1e19,-1,730,,,,117.971
temporal_coarse_1e19,-1,199,,,,116.829
temporal_coarse_1e19,-1,731,,,,116.615
temporal_coarse_1e19,-1,715,,,,116.254
temporal_coarse_1e19,-1,781,,,,115.732
temporal_coarse_1e19,-1,176,,,,115.378
temporal_coarse_1e19,-1,38,,,,114.955
temporal_coarse_1e19,-1,797,,,,114.074
temporal_coarse_1e19,-1,651,,,,113.946
temporal_coarse_1e19,-1,429,,,,112.961
temporal_coarse_1e19,-1,471,,,,112.475
temporal_coarse_1e19,-1,286,,,,112.334
temporal_coarse_1e19,-1,217,,,,110.295
temporal_coarse_1e19,-1,48,,,,110.203
temporal_coarse_1e19,-1,88,,,,110.098
temporal_coarse_1e19,-1,562,,,,109.909
temporal_coarse_1e19,-1,737,,,,109.468
temporal_coarse_1e19,-1,354,,,,109.079
temporal_coarse_1e19,-1,528,,,,108.999
temporal_coarse_1e19,-1,319,,,,108.721
temporal_coarse_1e19,-1,216,,,,108.675
temporal_coarse_1e19,-1,667,,,,108.456
temporal_coarse_1e19,-1,19,,,,108.296
temporal_coarse_1e19,-1,634,,,,107.552
temporal_coarse_1e19,-1,83,,,,106.47
temporal_coarse_1e19,-1,137,,,,106.083
temporal_coarse_1e19,-1,572,,,,105.872
temporal_coarse_1e19,-1,182,,,,105.8
temporal_coarse_1e19,-1,566,,,,105.58
temporal_coarse_1e19,-1,124,,,,105.037
temporal_coarse_1e19,-1,616,,,,104.694
temporal_coarse_1e19,-1,736,,,,103.997
temporal_coarse_1e19,-1,527,,,,103.908
temporal_coarse_1e19,-1,502,,,,103.825
temporal_coarse_1e19,-1,689,,,,103.593
temporal_coarse_1e19,-1,716,,,,102.653
temporal_coarse_1e19,-1,230,,,,102.645
temporal_coarse_1e19,-1,-1,,,,48.3549
temporal_coarse_1e19,-1,-2,,,,167.547
temporal_fine_1e19,0,0,13.5134,0.204745,4.90682
temporal_fine_1e19,0,1,16.1475,0.204745,4.90682
temporal_fine_1e19,0,2,7.35218,0.204745,4.90682
temporal_fine_1e19,0,3,14.9259,0.204745,4.90682
temporal_fine_1e19,0,4,7.4294,0.204745,4.90682
temporal_fine_1e19,0,5,11.2959,0.204745,4.90682
temporal_fine_1e19,0,6,14.4747,0.204745,4.90682
temporal_fine_1e19,0,7,10.4947,0.204745,4.90682
temporal_fine_1e19,0,8,7.31568,0.204745,4.90682
temporal_fine_1e19,0,9,14.212,0.204745,4.90682
temporal_fine_1e19,0,10,4.55431,0.204745,4.90682
temporal_fine_1e19,0,11,6.13928,0.204745,4.90682
temporal_fine_1e19,0,12,17.0938,0.204745,4.90682
temporal_fine_1e19,0,13,14.2428,0.204745,4.90682
temporal_fine_1e19,0,14,11.5708,0.204745,4.90682
temporal_fine_1e19,0,15,11.7112,0.204745,4.90682
temporal_fine_1e19,0,16,7.87162,0.204745,4.90682
temporal_fine_1e19,0,17,8.38022,0.204745,4.90682
temporal_fine_1e19,0,18,13.8019,0.204745,4.90682
temporal_fine_1e19,0,19,11.7421,0.204745,4.90682
temporal_fine_1e19,0,20,9.60472,0.204745,4.90682
temporal_fine_1e19,0,21,5.39962,0.204745,4.90682
temporal_fine_1e19,0,22,13.0215,0.204745,4.90682
temporal_fine_1e19,0,23,6.44259,0.204745,4.90682
temporal_fine_1e19,0,24,25.6664,0.204745,4.90682
temporal_fine_1e19,0,25,13.7316,0.204745,4.90682
temporal_fine_1e19,0,26,9.15734,0.204745,4.90682
temporal_fine_1e19,0,27,10.9386,0.204745,4.90682
temporal_fine_1e19,0,28,12.082,0.204745,4.90682
temporal_fine_1e19,0,29,13.2896,0.204745,4.90682
temporal_fine_1e19,0,30,11.3122,0.204745,4.90682
temporal_fine_1e19,0,31,11.2876,0.204745,4.90682
temporal_fine_1e19,0,32,15.1308,0.204745,4.90682
temporal_fine_1e19,0,33,18.7149,0.204745,4.90682
temporal_fine_1e19,0,34,8.84528,0.204745,4.90682
temporal_fine_1e19,0,35,6.15788,0.204745,4.90682
temporal_fine_1e19,0,36,6.92941,0.204745,4.90682
temporal_fine_1e19,0,37,9.01349,0.204745,4.90682
temporal_fine_1e19,0,38,6.21292,0.204745,4.90682
temporal_fine_1e19,0,39,12.2794,0.204745,4.90682
temporal_fine_1e19,0,40,15.2969,0.204745,4.90682
temporal_fine_1e19,0,41,6.16284,0.204745,4.90682
temporal_fine_1e19,0,42,11.0378,0.204745,4.90682
temporal_fine_1e19,0,43,11.4078,0.204745,4.90682
temporal_fine_1e19,0,44,15.279,0.204745,4.90682
temporal_fine_1e19,0,45,8.17243,0.204745,4.90682
temporal_fine_1e19,0,46,7.53069,0.204745,4.90682
temporal_fine_1e19,0,47,5.66873,0.204745,4.90682
temporal_fine_1e19,0,48,8.62455,0.204745,4.90682
temporal_fine_1e19,0,49,8.51568,0.204745,4.90682
temporal_fine_1e19,1,0,7.80293,0.379734,0.147274
temporal_fine_1e19,1,1,7.27751,0.379734,0.147274
temporal_fine_1e19,1,2,5.94763,0.379734,0.147274
temporal_fine_1e19,1,3,6.23338,0.379734,0.147274
temporal_fine_1e19,1,4,6.38092,0.379734,0.147274
temporal_fine_1e19,1,5,12.9621,0.379734,0.147274
temporal_fine_1e19,1,6,8.97613,0.379734,0.147274
temporal_fine_1e19,1,7,8.28853,0.379734,0.147274
temporal_fine_1e19,1,8,12.6559,0.379734,0.147274
temporal_fine_1e19,1,9,13.8634,0.379734,0.147274
temporal_fine_1e19,1,10,6.26165,0.379734,0.147274
temporal_fine_1e19,1,11,5.5517,0.379734,0.147274
temporal_fine_1e19,1,12,6.63298,0.379734,0.147274
temporal_fine_1e19,1,13,13.6618,0.379734,0.147274
temporal_fine_1e19,1,14,7.22435,0.379734,0.147274
temporal_fine_1e19,1,15,10.7735,0.379734,0.147274
temporal_fine_1e19,1,16,15.9233,0.379734,0.147274
temporal_fine_1e19,1,17,7.98739,0.379734,0.147274
temporal_fine_1e19,1,18,5.1967,0.379734,0.147274
temporal_fine_1e19,1,19,6.83417,0.379734,0.147274
temporal_fine_1e19,1,20,12.437,0.379734,0.147274
temporal_fine_1e19,1,21,7.84591,0.379734,0.147274
temporal_fine_1e19,1,22,8.70446,0.379734,0.147274
temporal_fine_1e19,1,23,5.56264,0.379734,0.147274
temporal_fine_1e19,1,24,6.97774,0.379734,0.147274
temporal_fine_1e19,1,25,4.98214,0.379734,0.147274
temporal_fine_1e19,1,26,6.44652,0.379734,0.147274
temporal_fine_1e19,1,27,6.23207,0.379734,0.147274
temporal_fine_1e19,1,28,17.6819,0.379734,0.147274
temporal_fine_1e19,1,29,13.8155,0.379734,0.147274
temporal_fine_1e19,1,30,6.29418,0.379734,0.147274
temporal_fine_1e19,1,31,12.4451,0.379734,0.147274
temporal_fine_1e19,1,32,6.47606,0.379734,0.147274
temporal_fine_1e19,1,33,4.99613,0.379734,0.147274
temporal_fine_1e19,1,34,12.4266,0.379734,0.147274
temporal_fine_1e19,1,35,6.5766,0.379734,0.147274
temporal_fine_1e19,1,36,14.8652,0.379734,0.147274
temporal_fine_1e19,1,37,9.62924,0.379734,0.147274
temporal_fine_1e19,1,38,14.7131,0.379734,0.147274
temporal_fine_1e19,1,39,10.7714,0.379734,0.147274
temporal_fine_1e19,1,40,5.75901,0.379734,0.147274
temporal_fine_1e19,1,41,10.8624,0.379734,0.147274
temporal_fine_1e19,1,42,6.00617,0.379734,0.147274
temporal_fine_1e19,1,43,11.1091,0.379734,0.147274
temporal_fine_1e19,1,44,9.21746,0.379734,0.147274
temporal_fine_1e19,1,45,5.79096,0.379734,0.147274
temporal_fine_1e19,1,46,7.4889,0.379734,0.147274
temporal_fine_1e19,1,47,17.0129,0.379734,0.147274
temporal_fine_1e19,1,48,10.1877,0.379734,0.147274
temporal_fine_1e19,1,49,6.36909,0.379734,0.147274
temporal_fine_1e19,2,0,10.2256,0.328127,0.089716
temporal_fine_1e19,2,1,19.2677,0.328127,0.089716
temporal_fine_1e19,2,2,10.5541,0.328127,0.089716
temporal_fine_1e19,2,3,11.4852,0.328127,0.089716
temporal_fine_1e19,2,4,15.7949,0.328127,0.089716
temporal_fine_1e19,2,5,12.071,0.328127,0.089716
temporal_fine_1e19,2,6,8.25852,0.328127,0.089716
temporal_fine_1e19,2,7,11.2684,0.328127,0.089716
temporal_fine_1e19,2,8,16.045,0.328127,0.089716
temporal_fine_1e19,2,9,11.1275,0.328127,0.089716
temporal_fine_1e19,2,10,15.5078,0.328127,0.089716
temporal_fine_1e19,2,11,11.2026,0.328127,0.089716
temporal_fine_1e19,2,12,24.3662,0.328127,0.089716
temporal_fine_1e19,2,13,10.3423,0.328127,0.089716
temporal_fine_1e19,2,14,9.95627,0.328127,0.089716
temporal_fine_1e19,2,15,15.054,0.328127,0.089716
temporal_fine_1e19,2,16,14.7474,0.328127,0.089716
temporal_fine_1e19,2,17,8.99588,0.328127,0.089716
temporal_fine_1e19,2,18,17.0396,0.328127,0.089716
temporal_fine_1e19,2,19,12.7854,0.328127,0.089716
temporal_fine_1e19,2,20,13.8173,0.328127,0.089716
temporal_fine_1e19,2,21,21.7128,0.328127,0.089716
temporal_fine_1e19,2,22,6.86558,0.328127,0.089716
temporal_fine_1e19,2,23,23.1186,0.328127,0.089716
temporal_fine_1e19,2,24,16.074,0.328127,0.089716
temporal_fine_1e19,2,25,10.486,0.328127,0.089716
temporal_fine_1e19,2,26,14.13,0.328127,0.089716
temporal_fine_1e19,2,27,26.063,0.328127,0.089716
temporal_fine_1e19,2,28,12.4115,0.328127,0.089716
temporal_fine_1e19,2,29,14.9455,0.328127,0.089716
temporal_fine_1e19,2,30,10.1311,0.328127,0.089716
temporal_fine_1e19,2,31,13.1257,0.328127,0.089716
temporal_fine_1e19,2,32,13.8856,0.328127,0.089716
temporal_fine_1e19,2,33,10.2593,0.328127,0.089716
temporal_fine_1e19,2,34,10.8732,0.328127,0.089716
temporal_fine_1e19,2,35,15.1149,0.328127,0.089716
temporal_fine_1e19,2,36,12.5359,0.328127,0.089716
temporal_fine_1e19,2,37,9.73728,0.328127,0.089716
temporal_fine_1e19,2,38,9.45694,0.328127,0.089716
temporal_fine_1e19,2,39,17.2785,0.328127,0.089716
temporal_fine_1e19,2,40,19.6907,0.328127,0.089716
temporal_fine_1e19,2,41,11.4931,0.328127,0.089716
temporal_fine_1e19,2,42,12.9213,0.328127,0.089716
temporal_fine_1e19,2,43,12.7957,0.328127,0.089716
temporal_fine_1e19,2,44,12.0804,0.328127,0.089716
temporal_fine_1e19,2,45,16.751,0.328127,0.089716
temporal_fine_1e19,2,46,8.91235,0.328127,0.089716
temporal_fine_1e19,2,47,14.7955,0.328127,0.089716
temporal_fine_1e19,2,48,14.4067,0.328127,0.089716
temporal_fine_1e19,2,49,13.798,0.328127,0.089716
temporal_fine_1e19,3,0,11.4747,0.180304,0.0707634
temporal_fine_1e19,3,1,14.5565,0.180304,0.0707634
temporal_fine_1e19,3,2,14.3106,0.180304,0.0707634
temporal_fine_1e19,3,3,14.5529,0.180304,0.0707634
temporal_fine_1e19,3,4,12.2023,0.180304,0.0707634
temporal_fine_1e19,3,5,15.4126,0.180304,0.0707634
temporal_fine_1e19,3,6,7.35812,0.180304,0.0707634
temporal_fine_1e19,3,7,7.34843,0.180304,0.0707634
temporal_fine_1e19,3,8,6.99964,0.180304,0.0707634
temporal_fine_1e19,3,9,6.26797,0.180304,0.0707634
temporal_fine_1e19,3,10,8.82083,0.180304,0.0707634
temporal_fine_1e19,3,11,9.70994,0.180304,0.0707634
temporal_fine_1e19,3,12,9.89099,0.180304,0.0707634
temporal_fine_1e19,3,13,12.476,0.180304,0.0707634
temporal_fine_1e19,3,14,15.1608,0.180304,0.0707634
temporal_fine_1e19,3,15,6.2914,0.180304,0.0707634
temporal_fine_1e19,3,16,6.55398,0.180304,0.0707634
temporal_fine_1e19,3,17,17.0588,0.180304,0.0707634
temporal_fine_1e19,3,18,14.4588,0.180304,0.0707634
temporal_fine_1e19,3,19,7.83354,0.180304,0.0707634
temporal_fine_1e19,3,20,10.9242,0.180304,0.0707634
temporal_fine_1e19,3,21,12.8805,0.180304,0.0707634
temporal_fine_1e19,3,22,13.429,0.180304,0.0707634
temporal_fine_1e19,3,23,11.3487,0.180304,0.0707634
temporal_fine_1e19,3,24,14.2668,0.180304,0.0707634
temporal_fine_1e19,3,25,15.8211,0.180304,0.0707634
temporal_fine_1e19,3,26,6.47031,0.180304,0.0707634
temporal_fine_1e19,3,27,11.1188,0.180304,0.0707634
temporal_fine_1e19,3,28,10.9692,0.180304,0.0707634
temporal_fine_1e19,3,29,8.7457,0.180304,0.0707634
temporal_fine_1e19,3,30,13.0546,0.180304,0.0707634
temporal_fine_1e19,3,31,14.4702,0.180304,0.0707634
temporal_fine_1e19,3,32,13.4678,0.180304,0.0707634
temporal_fine_1e19,3,33,10.7072,0.180304,0.0707634
temporal_fine_1e19,3,34,12.9024,0.180304,0.0707634
temporal_fine_1e19,3,35,9.09062,0.180304,0.0707634
temporal_fine_1e19,3,36,10.0762,0.180304,0.0707634
temporal_fine_1e19,3,37,9.5829,0.180304,0.0707634
temporal_fine_1e19,3,38,11.8547,0.180304,0.0707634
temporal_fine_1e19,3,39,12.6015,0.180304,0.0707634
temporal_fine_1e19,3,40,12.9724,0.180304,0.0707634
temporal_fine_1e19,3,41,10.4166,0.180304,0.0707634
temporal_fine_1e19,3,42,12.358,0.180304,0.0707634
temporal_fine_1e19,3,43,15.744,0.180304,0.0707634
temporal_fine_1e19,3,44,8.539,0.180304,0.0707634
temporal_fine_1e19,3,45,11.6927,0.180304,0.0707634
temporal_fine_1e19,3,46,10.8522,0.180304,0.0707634
temporal_fine_1e19,3,47,9.43021,0.180304,0.0707634
temporal_fine_1e19,3,48,7.49858,0.180304,0.0707634
temporal_fine_1e19,3,49,11.4745,0.180304,0.0707634
temporal_fine_1e19,4,0,10.7858,0.209552,0.0760914
temporal_fine_1e19,4,1,10.7649,0.209552,0.0760914
temporal_fine_1e19,4,2,7.83182,0.209552,0.0760914
temporal_fine_1e19,4,3,13.9411,0.209552,0.0760914
temporal_fine_1e19,4,4,10.7162,0.209552,0.0760914
temporal_fine_1e19,4,5,18.5176,0.209552,0.0760914
temporal_fine_1e19,4,6,6.37065,0.209552,0.0760914
temporal_fine_1e19,4,7,10.2367,0.209552,0.0760914
temporal_fine_1e19,4,8,10.723,0.209552,0.0760914
temporal_fine_1e19,4,9,8.10883,0.209552,0.0760914
temporal_fine_1e19,4,10,11.3985,0.209552,0.0760914
temporal_fine_1e19,4,11,13.8997,0.209552,0.0760914
temporal_fine_1e19,4,12,9.169,0.209552,0.0760914
temporal_fine_1e19,4,13,8.17711,0.209552,0.0760914
temporal_fine_1e19,4,14,10.6872,0.209552,0.0760914
temporal_fine_1e19,4,15,8.80261,0.209552,0.0760914
temporal_fine_1e19,4,16,12.3052,0.209552,0.0760914
temporal_fine_1e19,4,17,12.2448,0.209552,0.0760914
temporal_fine_1e19,4,18,8.41765,0.209552,0.0760914
temporal_fine_1e19,4,19,12.0708,0.209552,0.0760914
temporal_fine_1e19,4,20,9.92641,0.209552,0.0760914
temporal_fine_1e19,4,21,14.3947,0.209552,0.0760914
temporal_fine_1e19,4,22,16.4823,0.209552,0.0760914
temporal_fine_1e19,4,23,15.0405,0.209552,0.0760914
temporal_fine_1e19,4,24,17.9071,0.209552,0.0760914
temporal_fine_1e19,4,25,11.0501,0.209552,0.0760914
temporal_fine_1e19,4,26,12.8096,0.209552,0.0760914
temporal_fine_1e19,4,27,11.8124,0.209552,0.0760914
temporal_fine_1e19,4,28,13.1244,0.209552,0.0760914
temporal_fine_1e19,4,29,11.8419,0.209552,0.0760914
temporal_fine_1e19,4,30,11.2581,0.209552,0.0760914
temporal_fine_1e19,4,31,13.8994,0.209552,0.0760914
temporal_fine_1e19,4,32,8.16054,0.209552,0.0760914
temporal_fine_1e19,4,33,13.2229,0.209552,0.0760914
temporal_fine_1e19,4,34,17.4539,0.209552,0.0760914
temporal_fine_1e19,4,35,7.92133,0.209552,0.0760914
temporal_fine_1e19,4,36,11.0104,0.209552,0.0760914
temporal_fine_1e19,4,37,11.464,0.209552,0.0760914
temporal_fine_1e19,4,38,8.23876,0.209552,0.0760914
temporal_fine_1e19,4,39,13.762,0.209552,0.0760914
temporal_fine_1e19,4,40,10.3079,0.209552,0.0760914
temporal_fine_1e19,4,41,9.27088,0.209552,0.0760914
temporal_fine_1e19,4,42,7.49545,0.209552,0.0760914
temporal_fine_1e19,4,43,18.8741,0.209552,0.0760914
temporal_fine_1e19,4,44,8.44641,0.209552,0.0760914
temporal_fine_1e19,4,45,5.36066,0.209552,0.0760914
temporal_fine_1e19,4,46,11.4169,0.209552,0.0760914
temporal_fine_1e19,4,47,13.8985,0.209552,0.0760914
temporal_fine_1e19,4,48,10.8459,0.209552,0.0760914
temporal_fine_1e19,4,49,11.1933,0.209552,0.0760914
temporal_fine_1e19,5,0,9.70391,0.203013,0.0820366
temporal_fine_1e19,5,1,12.9888,0.203013,0.0820366
temporal_fine_1e19,5,2,15.8237,0.203013,0.0820366
temporal_fine_1e19,5,3,12.8797,0.203013,0.0820366
temporal_fine_1e19,5,4,11.8349,0.203013,0.0820366
temporal_fine_1e19,5,5,6.97869,0.203013,0.0820366
temporal_fine_1e19,5,6,10.3375,0.203013,0.0820366
temporal_fine_1e19,5,7,12.214,0.203013,0.0820366
temporal_fine_1e19,5,8,11.7428,0.203013,0.0820366
temporal_fine_1e19,5,9,10.7317,0.203013,0.0820366
temporal_fine_1e19,5,10,9.96491,0.203013,0.0820366
temporal_fine_1e19,5,11,8.23987,0.203013,0.0820366
temporal_fine_1e19,5,12,21.7595,0.203013,0.0820366
temporal_fine_1e19,5,13,12.6719,0.203013,0.0820366
temporal_fine_1e19,5,14,17.0828,0.203013,0.0820366
temporal_fine_1e19,5,15,10.5668,0.203013,0.0820366
temporal_fine_1e19,5,16,8.58263,0.203013,0.0820366
temporal_fine_1e19,5,17,14.5345,0.203013,0.0820366
temporal_fine_1e19,5,18,15.0764,0.203013,0.0820366
temporal_fine_1e19,5,19,15.3038,0.203013,0.0820366
temporal_fine_1e19,5,20,11.034,0.203013,0.0820366
temporal_fine_1e19,5,21,12.7002,0.203013,0.0820366
temporal_fine_1e19,5,22,13.1496,0.203013,0.0820366
temporal_fine_1e19,5,23,12.2143,0.203013,0.0820366
temporal_fine_1e19,5,24,14.068,0.203013,0.0820366
temporal_fine_1e19,5,25,9.1357,0.203013,0.0820366
temporal_fine_1e19,5,26,16.0009,0.203013,0.0820366
temporal_fine_1e19,5,27,11.0294,0.203013,0.0820366
temporal_fine_1e19,5,28,15.3279,0.203013,0.0820366
temporal_fine_1e19,5,29,12.2879,0.203013,0.0820366
temporal_fine_1e19,5,30,10.3545,0.203013,0.0820366
temporal_fine_1e19,5,31,16.346,0.203013,0.0820366
temporal_fine_1e19,5,32,8.6692,0.203013,0.0820366
temporal_fine_1e19,5,33,16.988,0.203013,0.0820366
temporal_fine_1e19,5,34,6.67149,0.203013,0.0820366
temporal_fine_1e19,5,35,8.54862,0.203013,0.0820366
temporal_fine_1e19,5,36,15.1031,0.203013,0.0820366
temporal_fine_1e19,5,37,11.9176,0.203013,0.0820366
temporal_fine_1e19,5,38,12.4155,0.203013,0.0820366
temporal_fine_1e19,5,39,12.3381,0.203013,0.0820366
temporal_fine_1e19,5,40,12.098,0.203013,0.0820366
temporal_fine_1e19,5,41,18.7805,0.203013,0.0820366
temporal_fine_1e19,5,42,11.3548,0.203013,0.0820366
temporal_fine_1e19,5,43,13.7968,0.203013,0.0820366
temporal_fine_1e19,5,44,12.3812,0.203013,0.0820366
temporal_fine_1e19,5,45,10.8181,0.203013,0.0820366
temporal_fine_1e19,5,46,10.355,0.203013,0.0820366
temporal_fine_1e19,5,47,15.4029,0.203013,0.0820366
temporal_fine_1e19,5,48,5.87938,0.203013,0.0820366
temporal_fine_1e19,5,49,23.9631,0.203013,0.0820366
temporal_fine_1e19,6,0,10.4482,0.270292,0.105111
temporal_fine_1e19,6,1,13.2854,0.270292,0.105111
temporal_fine_1e19,6,2,14.7193,0.270292,0.105111
temporal_fine_1e19,6,3,9.83086,0.270292,0.105111
temporal_fine_1e19,6,4,17.6762,0.270292,0.105111
temporal_fine_1e19,6,5,9.14741,0.270292,0.105111
temporal_fine_1e19,6,6,14.0131,0.270292,0.105111
temporal_fine_1e19,6,7,13.3148,0.270292,0.105111
temporal_fine_1e19,6,8,19.1963,0.270292,0.105111
temporal_fine_1e19,6,9,12.0264,0.270292,0.105111
temporal_fine_1e19,6,10,22.7253,0.270292,0.105111
temporal_fine_1e19,6,11,14.2157,0.270292,0.105111
temporal_fine_1e19,6,12,10.0897,0.270292,0.105111
temporal_fine_1e19,6,13,12.2478,0.270292,0.105111
temporal_fine_1e19,6,14,15.0737,0.270292,0.105111
temporal_fine_1e19,6,15,9.89819,0.270292,0.105111
temporal_fine_1e19,6,16,12.8269,0.270292,0.105111
temporal_fine_1e19,6,17,9.17969,0.270292,0.105111
temporal_fine_1e19,6,18,11.9232,0.270292,0.105111
temporal_fine_1e19,6,19,14.1734,0.270292,0.105111
temporal_fine_1e19,6,20,10.5569,0.270292,0.105111
temporal_fine_1e19,6,21,14.795,0.270292,0.105111
temporal_fine_1e19,6,22,11.8234,0.270292,0.105111
temporal_fine_1e19,6,23,16.0458,0.270292,0.105111
temporal_fine_1e19,6,24,14.8632,0.270292,0.105111
temporal_fine_1e19,6,25,15.7388,0.270292,0.105111
temporal_fine_1e19,6,26,10.8776,0.270292,0.105111
temporal_fine_1e19,6,27,13.5515,0.270292,0.105111
temporal_fine_1e19,6,28,10.5868,0.270292,0.105111
temporal_fine_1e19,6,29,14.4096,0.270292,0.105111
temporal_fine_1e19,6,30,17.6725,0.270292,0.105111
temporal_fine_1e19,6,31,11.2283,0.270292,0.105111
temporal_fine_1e19,6,32,16.1542,0.270292,0.105111
temporal_fine_1e19,6,33,13.2529,0.270292,0.105111
temporal_fine_1e19,6,34,12.8943,0.270292,0.105111
temporal_fine_1e19,6,35,8.33317,0.270292,0.105111
temporal_fine_1e19,6,36,29.0971,0.270292,0.105111
temporal_fine_1e19,6,37,9.72905,0.270292,0.105111
temporal_fine_1e19,6,38,16.1631,0.270292,0.105111
temporal_fine_1e19,6,39,12.8271,0.270292,0.105111
temporal_fine_1e19,6,40,20.5068,0.270292,0.105111
temporal_fine_1e19,6,41,10.8008,0.270292,0.105111
temporal_fine_1e19,6,42,15.395,0.270292,0.105111
temporal_fine_1e19,6,43,11.8569,0.270292,0.105111
temporal_fine_1e19,6,44,10.9831,0.270292,0.105111
temporal_fine_1e19,6,45,17.1016,0.270292,0.105111
temporal_fine_1e19,6,46,9.37135,0.270292,0.105111
temporal_fine_1e19,6,47,9.90775,0.270292,0.105111
temporal_fine_1e19,6,48,13.8443,0.270292,0.105111
temporal_fine_1e19,6,49,26.3851,0.270292,0.105111
temporal_fine_1e19,7,0,14.402,0.237503,0.107231
temporal_fine_1e19,7,1,15.6738,0.237503,0.107231
temporal_fine_1e19,7,2,10.556,0.237503,0.107231
temporal_fine_1e19,7,3,12.8721,0.237503,0.107231
temporal_fine_1e19,7,4,15.0698,0.237503,0.107231
temporal_fine_1e19,7,5,14.7237,0.237503,0.107231
temporal_fine_1e19,7,6,12.4428,0.237503,0.107231
temporal_fine_1e19,7,7,12.1497,0.237503,0.107231
temporal_fine_1e19,7,8,17.2913,0.237503,0.107231
temporal_fine_1e19,7,9,8.4835,0.237503,0.107231
temporal_fine_1e19,7,10,10.5362,0.237503,0.107231
temporal_fine_1e19,7,11,12.8316,0.237503,0.107231
temporal_fine_1e19,7,12,11.1373,0.237503,0.107231
temporal_fine_1e19,7,13,16.8517,0.237503,0.107231
temporal_fine_1e19,7,14,14.4145,0.237503,0.107231
temporal_fine_1e19,7,15,11.9476,0.237503,0.107231
temporal_fine_1e19,7,16,10.494,0.237503,0.107231
temporal_fine_1e19,7,17,14.4875,0.237503,0.107231
temporal_fine_1e19,7,18,15.9209,0.237503,0.107231
temporal_fine_1e19,7,19,14.6846,0.237503,0.107231
temporal_fine_1e19,7,20,11.7009,0.237503,0.107231
temporal_fine_1e19,7,21,8.86881,0.237503,0.107231
temporal_fine_1e19,7,22,12.5343,0.237503,0.107231
temporal_fine_1e19,7,23,14.4024,0.237503,0.107231
temporal_fine_1e19,7,24,10.2712,0.237503,0.107231
temporal_fine_1e19,7,25,15.2855,0.237503,0.107231
temporal_fine_1e19,7,26,12.2032,0.237503,0.107231
temporal_fine_1e19,7,27,11.6478,0.237503,0.107231
temporal_fine_1e19,7,28,9.82201,0.237503,0.107231
temporal_fine_1e19,7,29,15.4994,0.237503,0.107231
temporal_fine_1e19,7,30,9.92799,0.237503,0.107231
temporal_fine_1e19,7,31,14.8763,0.237503,0.107231
temporal_fine_1e19,7,32,19.9914,0.237503,0.107231
temporal_fine_1e19,7,33,11.8668,0.237503,0.107231
temporal_fine_1e19,7,34,9.12177,0.237503,0.107231
temporal_fine_1e19,7,35,11.386,0.237503,0.107231
temporal_fine_1e19,7,36,7.01744,0.237503,0.107231
temporal_fine_1e19,7,37,10.9596,0.237503,0.107231
temporal_fine_1e19,7,38,16.5696,0.237503,0.107231
temporal_fine_1e19,7,39,11.8637,0.237503,0.107231
temporal_fine_1e19,7,40,10.2456,0.237503,0.107231
temporal_fine_1e19,7,41,8.50938,0.237503,0.107231
temporal_fine_1e19,7,42,13.0563,0.237503,0.107231
temporal_fine_1e19,7,43,15.2241,0.237503,0.107231
temporal_fine_1e19,7,44,14.1425,0.237503,0.107231
temporal_fine_1e19,7,45,8.94325,0.237503,0.107231
temporal_fine_1e19,7,46,10.4398,0.237503,0.107231
temporal_fine_1e19,7,47,8.39475,0.237503,0.107231
temporal_fine_1e19,7,48,9.47482,0.237503,0.107231
temporal_fine_1e19,7,49,13.7826,0.237503,0.107231
temporal_fine_1e19,8,0,11.5611,0.355331,0.12365
temporal_fine_1e19,8,1,17.2746,0.355331,0.12365
temporal_fine_1e19,8,2,19.4567,0.355331,0.12365
temporal_fine_1e19,8,3,12.5341,0.355331,0.12365
temporal_fine_1e19,8,4,11.7049,0.355331,0.12365
temporal_fine_1e19,8,5,14.5407,0.355331,0.12365
temporal_fine_1e19,8,6,16.2607,0.355331,0.12365
temporal_fine_1e19,8,7,13.8718,0.355331,0.12365
temporal_fine_1e19,8,8,6.65018,0.355331,0.12365
temporal_fine_1e19,8,9,8.48837,0.355331,0.12365
temporal_fine_1e19,8,10,15.1181,0.355331,0.12365
temporal_fine_1e19,8,11,9.16375,0.355331,0.12365
temporal_fine_1e19,8,12,15.7207,0.355331,0.12365
temporal_fine_1e19,8,13,18.2784,0.355331,0.12365
temporal_fine_1e19,8,14,18.5852,0.355331,0.12365
temporal_fine_1e19,8,15,11.0253,0.355331,0.12365
temporal_fine_1e19,8,16,13.8218,0.355331,0.12365
temporal_fine_1e19,8,17,9.97839,0.355331,0.12365
temporal_fine_1e19,8,18,14.0802,0.355331,0.12365
temporal_fine_1e19,8,19,16.549,0.355331,0.12365
temporal_fine_1e19,8,20,13.3557,0.355331,0.12365
temporal_fine_1e19,8,21,27.957,0.355331,0.12365
temporal_fine_1e19,8,22,14.0152,0.355331,0.12365
temporal_fine_1e19,8,23,10.0054,0.355331,0.12365
temporal_fine_1e19,8,24,19.3927,0.355331,0.12365
temporal_fine_1e19,8,25,9.78951,0.355331,0.12365
temporal_fine_1e19,8,26,17.4252,0.355331,0.12365
temporal_fine_1e19,8,27,16.223,0.355331,0.12365
temporal_fine_1e19,8,28,14.918,0.355331,0.12365
temporal_fine_1e19,8,29,17.2008,0.355331,0.12365
temporal_fine_1e19,8,30,17.4933,0.355331,0.12365
temporal_fine_1e19,8,31,11.3838,0.355331,0.12365
temporal_fine_1e19,8,32,9.87305,0.355331,0.12365
temporal_fine_1e19,8,33,8.14673,0.355331,0.12365
temporal_fine_1e19,8,34,12.231,0.355331,0.12365
temporal_fine_1e19,8,35,13.111,0.355331,0.12365
temporal_fine_1e19,8,36,16.4746,0.355331,0.12365
temporal_fine_1e19,8,37,8.64377,0.355331,0.12365
temporal_fine_1e19,8,38,11.9487,0.355331,0.12365
temporal_fine_1e19,8,39,7.35307,0.355331,0.12365
temporal_fine_1e19,8,40,12.1543,0.355331,0.12365
temporal_fine_1e19,8,41,18.385,0.355331,0.12365
temporal_fine_1e19,8,42,15.5339,0.355331,0.12365
temporal_fine_1e19,8,43,13.7733,0.355331,0.12365
temporal_fine_1e19,8,44,17.6791,0.355331,0.12365
temporal_fine_1e19,8,45,12.6639,0.355331,0.12365
temporal_fine_1e19,8,46,10.3931,0.355331,0.12365
temporal_fine_1e19,8,47,18.6295,0.355331,0.12365
temporal_fine_1e19,8,48,8.44913,0.355331,0.12365
temporal_fine_1e19,8,49,14.2942,0.355331,0.12365
temporal_fine_1e19,9,0,17.1385,0.362782,0.154666
temporal_fine_1e19,9,1,15.5497,0.362782,0.154666
temporal_fine_1e19,9,2,21.9462,0.362782,0.154666
temporal_fine_1e19,9,3,17.8229,0.362782,0.154666
temporal_fine_1e19,9,4,14.1406,0.362782,0.154666
temporal_fine_1e19,9,5,12.1947,0.362782,0.154666
temporal_fine_1e19,9,6,15.7405,0.362782,0.154666
temporal_fine_1e19,9,7,10.6682,0.362782,0.154666
temporal_fine_1e19,9,8,10.0574,0.362782,0.154666
temporal_fine_1e19,9,9,15.4413,0.362782,0.154666
temporal_fine_1e19,9,10,16.0119,0.362782,0.154666
temporal_fine_1e19,9,11,20.6245,0.362782,0.154666
temporal_fine_1e19,9,12,14.8172,0.362782,0.154666
temporal_fine_1e19,9,13,9.68235,0.362782,0.154666
temporal_fine_1e19,9,14,11.3278,0.362782,0.154666
temporal_fine_1e19,9,15,24.7439,0.362782,0.154666
temporal_fine_1e19,9,16,15.1856,0.362782,0.154666
temporal_fine_1e19,9,17,15.3912,0.362782,0.154666
temporal_fine_1e19,9,18,8.24643,0.362782,0.154666
temporal_fine_1e19,9,19,8.98335,0.362782,0.154666
temporal_fine_1e19,9,20,11.8888,0.362782,0.154666
temporal_fine_1e19,9,21,18.0666,0.362782,0.154666
temporal_fine_1e19,9,22,9.83568,0.362782,0.154666
temporal_fine_1e19,9,23,13.8391,0.362782,0.154666
temporal_fine_1e19,9,24,11.2629,0.362782,0.154666
temporal_fine_1e19,9,25,20.0821,0.362782,0.154666
temporal_fine_1e19,9,26,20.596,0.362782,0.154666
temporal_fine_1e19,9,27,7.29038,0.362782,0.154666
temporal_fine_1e19,9,28,10.067,0.362782,0.154666
temporal_fine_1e19,9,29,19.1246,0.362782,0.154666
temporal_fine_1e19,9,30,16.7674,0.362782,0.154666
temporal_fine_1e19,9,31,13.8479,0.362782,0.154666
temporal_fine_1e19,9,32,8.8847,0.362782,0.154666
temporal_fine_1e19,9,33,22.3919,0.362782,0.154666
temporal_fine_1e19,9,34,15.0375,0.362782,0.154666
temporal_fine_1e19,9,35,32.4118,0.362782,0.154666
temporal_fine_1e19,9,36,13.3643,0.362782,0.154666
temporal_fine_1e19,9,37,22.1816,0.362782,0.154666
temporal_fine_1e19,9,38,18.1295,0.362782,0.154666
temporal_fine_1e19,9,39,13.2572,0.362782,0.154666
temporal_fine_1e19,9,40,9.86096,0.362782,0.154666
temporal_fine_1e19,9,41,16.0678,0.362782,0.154666
temporal_fine_1e19,9,42,11.7677,0.362782,0.154666
temporal_fine_1e19,9,43,9.0589,0.362782,0.154666
temporal_fine_1e19,9,44,14.6189,0.362782,0.154666
temporal_fine_1e19,9,45,11.1349,0.362782,0.154666
temporal_fine_1e19,9,46,30.9221,0.362782,0.154666
temporal_fine_1e19,9,47,6.1044,0.362782,0.154666
temporal_fine_1e19,9,48,13.401,0.362782,0.154666
temporal_fine_1e19,9,49,7.30561,0.362782,0.154666
temporal_fine_1e19,10,0,46.1374,0.341809,0.192449
temporal_fine_1e19,10,1,12.3422,0.341809,0.192449
temporal_fine_1e19,10,2,17.076,0.341809,0.192449
temporal_fine_1e19,10,3,27.1441,0.341809,0.192449
temporal_fine_1e19,10,4,16.3629,0.341809,0.192449
temporal_fine_1e19,10,5,45.2372,0.341809,0.192449
temporal_fine_1e19,10,6,16.2274,0.341809,0.192449
temporal_fine_1e19,10,7,16.1825,0.341809,0.192449
temporal_fine_1e19,10,8,16.7822,0.341809,0.192449
temporal_fine_1e19,10,9,18.3975,0.341809,0.192449
temporal_fine_1e19,10,10,12.6374,0.341809,0.192449
temporal_fine_1e19,10,11,10.4175,0.341809,0.192449
temporal_fine_1e19,10,12,16.2023,0.341809,0.192449
temporal_fine_1e19,10,13,12.0985,0.341809,0.192449
temporal_fine_1e19,10,14,15.7067,0.341809,0.192449
temporal_fine_1e19,10,15,18.491,0.341809,0.192449
temporal_fine_1e19,10,16,15.7366,0.341809,0.192449
temporal_fine_1e19,10,17,14.8616,0.341809,0.192449
temporal_fine_1e19,10,18,11.1483,0.341809,0.192449
temporal_fine_1e19,10,19,16.3713,0.341809,0.192449
temporal_fine_1e19,10,20,11.34,0.341809,0.192449
temporal_fine_1e19,10,21,14.0978,0.341809,0.192449
temporal_fine_1e19,10,22,20.1479,0.341809,0.192449
temporal_fine_1e19,10,23,19.4111,0.341809,0.192449
temporal_fine_1e19,10,24,35.6827,0.341809,0.192449
temporal_fine_1e19,10,25,9.80061,0.341809,0.192449
temporal_fine_1e19,10,26,13.7479,0.341809,0.192449
temporal_fine_1e19,10,27,17.5078,0.341809,0.192449
temporal_fine_1e19,10,28,14.8138,0.341809,0.192449
temporal_fine_1e19,10,29,54.0303,0.341809,0.192449
temporal_fine_1e19,10,30,8.61793,0.341809,0.192449
temporal_fine_1e19,10,31,12.6969,0.341809,0.192449
temporal_fine_1e19,10,32,16.9527,0.341809,0.192449
temporal_fine_1e19,10,33,18.2583,0.341809,0.192449
temporal_fine_1e19,10,34,21.0947,0.341809,0.192449
temporal_fine_1e19,10,35,31.7186,0.341809,0.192449
temporal_fine_1e19,10,36,11.6037,0.341809,0.192449
temporal_fine_1e19,10,37,19.1687,0.341809,0.192449
temporal_fine_1e19,10,38,16.6204,0.341809,0.192449
temporal_fine_1e19,10,39,16.7665,0.341809,0.192449
temporal_fine_1e19,10,40,13.3747,0.341809,0.192449
temporal_fine_1e19,10,41,13.537,0.341809,0.192449
temporal_fine_1e19,10,42,18.5907,0.341809,0.192449
temporal_fine_1e19,10,43,12.3219,0.341809,0.192449
temporal_fine_1e19,10,44,10.9074,0.341809,0.192449
temporal_fine_1e19,10,45,14.4973,0.341809,0.192449
temporal_fine_1e19,10,46,43.113,0.341809,0.192449
temporal_fine_1e19,10,47,16.7039,0.341809,0.192449
temporal_fine_1e19,10,48,17.1025,0.341809,0.192449
temporal_fine_1e19,10,49,47.6976,0.341809,0.192449
temporal_fine_1e19,11,0,11.8729,0.292589,0.274491
temporal_fine_1e19,11,1,18.2374,0.292589,0.274491
temporal_fine_1e19,11,2,14.7451,0.292589,0.274491
temporal_fine_1e19,11,3,15.4357,0.292589,0.274491
temporal_fine_1e19,11,4,19.2039,0.292589,0.274491
temporal_fine_1e19,11,5,11.702,0.292589,0.274491
temporal_fine_1e19,11,6,13.1538,0.292589,0.274491
temporal_fine_1e19,11,7,19.0912,0.292589,0.274491
temporal_fine_1e19,11,8,17.5736,0.292589,0.274491
temporal_fine_1e19,11,9,14.0797,0.292589,0.274491
temporal_fine_1e19,11,10,12.7342,0.292589,0.274491
temporal_fine_1e19,11,11,16.4757,0.292589,0.274491
temporal_fine_1e19,11,12,12.9014,0.292589,0.274491
temporal_fine_1e19,11,13,13.3689,0.292589,0.274491
temporal_fine_1e19,11,14,12.6058,0.292589,0.274491
temporal_fine_1e19,11,15,15.7645,0.292589,0.274491
temporal_fine_1e19,11,16,16.3447,0.292589,0.274491
temporal_fine_1e19,11,17,17.762,0.292589,0.274491
temporal_fine_1e19,11,18,14.9677,0.292589,0.274491
temporal_fine_1e19,11,19,22.0499,0.292589,0.274491
temporal_fine_1e19,11,20,12.7355,0.292589,0.274491
temporal_fine_1e19,11,21,13.5695,0.292589,0.274491
temporal_fine_1e19,11,22,16.107,0.292589,0.274491
temporal_fine_1e19,11,23,11.6647,0.292589,0.274491
temporal_fine_1e19,11,24,14.4102,0.292589,0.274491
temporal_fine_1e19,11,25,20.9989,0.292589,0.274491
temporal_fine_1e19,11,26,16.7694,0.292589,0.274491
temporal_fine_1e19,11,27,16.5221,0.292589,0.274491
temporal_fine_1e19,11,28,11.7283,0.292589,0.274491
temporal_fine_1e19,11,29,11.1093,0.292589,0.274491
temporal_fine_1e19,11,30,19.4382,0.292589,0.274491
temporal_fine_1e19,11,31,14.5723,0.292589,0.274491
temporal_fine_1e19,11,32,24.4214,0.292589,0.274491
temporal_fine_1e19,11,33,12.3576,0.292589,0.274491
temporal_fine_1e19,11,34,14.7796,0.292589,0.274491
temporal_fine_1e19,11,35,19.0701,0.292589,0.274491
temporal_fine_1e19,11,36,19.0007,0.292589,0.274491
temporal_fine_1e19,11,37,15.1654,0.292589,0.274491
temporal_fine_1e19,11,38,15.5224,0.292589,0.274491
temporal_fine_1e19,11,39,12.2927,0.292589,0.274491
temporal_fine_1e19,11,40,13.6802,0.292589,0.274491
temporal_fine_1e19,11,41,11.0689,0.292589,0.274491
temporal_fine_1e19,11,42,14.1818,0.292589,0.274491
temporal_fine_1e19,11,43,21.656,0.292589,0.274491
temporal_fine_1e19,11,44,14.2054,0.292589,0.274491
temporal_fine_1e19,11,45,18.2821,0.292589,0.274491
temporal_fine_1e19,11,46,11.593,0.292589,0.274491
temporal_fine_1e19,11,47,20.4443,0.292589,0.274491
temporal_fine_1e19,11,48,14.5597,0.292589,0.274491
temporal_fine_1e19,11,49,15.7079,0.292589,0.274491
temporal_fine_1e19,12,0,8.93191,0.265525,0.282167
temporal_fine_1e19,12,1,20.4548,0.265525,0.282167
temporal_fine_1e19,12,2,11.4544,0.265525,0.282167
temporal_fine_1e19,12,3,15.4691,0.265525,0.282167
temporal_fine_1e19,12,4,11.2257,0.265525,0.282167
temporal_fine_1e19,12,5,16.6004,0.265525,0.282167
temporal_fine_1e19,12,6,13.365,0.265525,0.282167
temporal_fine_1e19,12,7,11.2429,0.265525,0.282167
temporal_fine_1e19,12,8,14.8574,0.265525,0.282167
temporal_fine_1e19,12,9,8.42197,0.265525,0.282167
temporal_fine_1e19,12,10,15.1457,0.265525,0.282167
temporal_fine_1e19,12,11,16.9706,0.265525,0.282167
temporal_fine_1e19,12,12,15.1565,0.265525,0.282167
temporal_fine_1e19,12,13,16.8263,0.265525,0.282167
temporal_fine_1e19,12,14,18.044,0.265525,0.282167
temporal_fine_1e19,12,15,20.3875,0.265525,0.282167
temporal_fine_1e19,12,16,18.5733,0.265525,0.282167
temporal_fine_1e19,12,17,15.3915,0.265525,0.282167
temporal_fine_1e19,12,18,21.8786,0.265525,0.282167
temporal_fine_1e19,12,19,15.346,0.265525,0.282167
temporal_fine_1e19,12,20,16.208,0.265525,0.282167
temporal_fine_1e19,12,21,14.1146,0.265525,0.282167
temporal_fine_1e19,12,22,13.041,0.265525,0.282167
temporal_fine_1e19,12,23,19.9662,0.265525,0.282167
temporal_fine_1e19,12,24,14.2045,0.265525,0.282167
temporal_fine_1e19,12,25,14.652,0.265525,0.282167
temporal_fine_1e19,12,26,14.2364,0.265525,0.282167
temporal_fine_1e19,12,27,13.888,0.265525,0.282167
temporal_fine_1e19,12,28,14.3405,0.265525,0.282167
temporal_fine_1e19,12,29,12.3797,0.265525,0.282167
temporal_fine_1e19,12,30,19.3618,0.265525,0.282167
temporal_fine_1e19,12,31,10.9092,0.265525,0.282167
temporal_fine_1e19,12,32,11.7233,0.265525,0.282167
temporal_fine_1e19,12,33,28.8191,0.265525,0.282167
temporal_fine_1e19,12,34,13.8246,0.265525,0.282167
temporal_fine_1e19,12,35,21.4624,0.265525,0.282167
temporal_fine_1e19,12,36,17.4654,0.265525,0.282167
temporal_fine_1e19,12,37,22.4048,0.265525,0.282167
temporal_fine_1e19,12,38,13.9558,0.265525,0.282167
temporal_fine_1e19,12,39,17.9765,0.265525,0.282167
temporal_fine_1e19,12,40,12.4201,0.265525,0.282167
temporal_fine_1e19,12,41,17.1049,0.265525,0.282167
temporal_fine_1e19,12,42,13.4617,0.265525,0.282167
temporal_fine_1e19,12,43,13.4171,0.265525,0.282167
temporal_fine_1e19,12,44,14.1477,0.265525,0.282167
temporal_fine_1e19,12,45,13.5844,0.265525,0.282167
temporal_fine_1e19,12,46,13.1093,0.265525,0.282167
temporal_fine_1e19,12,47,14.7342,0.265525,0.282167
temporal_fine_1e19,12,48,13.3389,0.265525,0.282167
temporal_fine_1e19,12,49,17.42,0.265525,0.282167
temporal_fine_1e19,13,0,7.4942,0.325035,0.521617
temporal_fine_1e19,13,1,16.875,0.325035,0.521617
temporal_fine_1e19,13,2,16.3166,0.325035,0.521617
temporal_fine_1e19,13,3,13.0871,0.325035,0.521617
temporal_fine_1e19,13,4,14.7965,0.325035,0.521617
temporal_fine_1e19,13,5,18.6936,0.325035,0.521617
temporal_fine_1e19,13,6,17.0924,0.325035,0.521617
temporal_fine_1e19,13,7,17.4416,0.325035,0.521617
temporal_fine_1e19,13,8,16.8711,0.325035,0.521617
temporal_fine_1e19,13,9,11.69,0.325035,0.521617
temporal_fine_1e19,13,10,11.0677,0.325035,0.521617
temporal_fine_1e19,13,11,16.4938,0.325035,0.521617
temporal_fine_1e19,13,12,18.7,0.325035,0.521617
temporal_fine_1e19,13,13,12.555,0.325035,0.521617
temporal_fine_1e19,13,14,27.231,0.325035,0.521617
temporal_fine_1e19,13,15,14.8169,0.325035,0.521617
temporal_fine_1e19,13,16,16.6971,0.325035,0.521617
temporal_fine_1e19,13,17,11.4861,0.325035,0.521617
temporal_fine_1e19,13,18,17.0607,0.325035,0.521617
temporal_fine_1e19,13,19,15.7599,0.325035,0.521617
temporal_fine_1e19,13,20,17.3515,0.325035,0.521617
temporal_fine_1e19,13,21,11.432,0.325035,0.521617
temporal_fine_1e19,13,22,12.4231,0.325035,0.521617
temporal_fine_1e19,13,23,8.01699,0.325035,0.521617
temporal_fine_1e19,13,24,20.8319,0.325035,0.521617
temporal_fine_1e19,13,25,13.8308,0.325035,0.521617
temporal_fine_1e19,13,26,12.8496,0.325035,0.521617
temporal_fine_1e19,13,27,25.4423,0.325035,0.521617
temporal_fine_1e19,13,28,17.9654,0.325035,0.521617
temporal_fine_1e19,13,29,15.3876,0.325035,0.521617
temporal_fine_1e19,13,30,21.7373,0.325035,0.521617
temporal_fine_1e19,13,31,14.3574,0.325035,0.521617
temporal_fine_1e19,13,32,18.5743,0.325035,0.521617
temporal_fine_1e19,13,33,16.5798,0.325035,0.521617
temporal_fine_1e19,13,34,18.885,0.325035,0.521617
temporal_fine_1e19,13,35,18.7369,0.325035,0.521617
temporal_fine_1e19,13,36,22.3305,0.325035,0.521617
temporal_fine_1e19,13,37,13.3872,0.325035,0.521617
temporal_fine_1e19,13,38,18.7754,0.325035,0.521617
temporal_fine_1e19,13,39,22.5683,0.325035,0.521617
temporal_fine_1e19,13,40,12.7904,0.325035,0.521617
temporal_fine_1e19,13,41,11.3739,0.325035,0.521617
temporal_fine_1e19,13,42,12.8388,0.325035,0.521617
temporal_fine_1e19,13,43,14.5251,0.325035,0.521617
temporal_fine_1e19,13,44,13.5796,0.325035,0.521617
temporal_fine_1e19,13,45,14.5675,0.325035,0.521617
temporal_fine_1e19,13,46,15.381,0.325035,0.521617
temporal_fine_1e19,13,47,16.9073,0.325035,0.521617
temporal_fine_1e19,13,48,15.7883,0.325035,0.521617
temporal_fine_1e19,13,49,18.0276,0.325035,0.521617
temporal_fine_1e19,-1,248,,,,325.192
temporal_fine_1e19,-1,518,,,,318.098
temporal_fine_1e19,-1,171,,,,311.618
temporal_fine_1e19,-1,330,,,,309.602
temporal_fine_1e19,-1,351,,,,306.321
temporal_fine_1e19,-1,508,,,,304.34
temporal_fine_1e19,-1,473,,,,302.03
temporal_fine_1e19,-1,337,,,,300.188
temporal_fine_1e19,-1,489,,,,299.12
temporal_fine_1e19,-1,99,,,,293.247
temporal_fine_1e19,-1,487,,,,291.787
temporal_fine_1e19,-1,561,,,,290.815
temporal_fine_1e19,-1,228,,,,287.751
temporal_fine_1e19,-1,16,,,,285.862
temporal_fine_1e19,-1,6,,,,281.188
temporal_fine_1e19,-1,679,,,,278.331
temporal_fine_1e19,-1,520,,,,277.933
temporal_fine_1e19,-1,620,,,,276.654
temporal_fine_1e19,-1,648,,,,276.213
temporal_fine_1e19,-1,363,,,,275.277
temporal_fine_1e19,-1,14,,,,274.936
temporal_fine_1e19,-1,673,,,,274.078
temporal_fine_1e19,-1,414,,,,271.791
temporal_fine_1e19,-1,793,,,,271.751
temporal_fine_1e19,-1,389,,,,271.629
temporal_fine_1e19,-1,526,,,,270.186
temporal_fine_1e19,-1,799,,,,269.002
temporal_fine_1e19,-1,187,,,,267.852
temporal_fine_1e19,-1,798,,,,266.537
temporal_fine_1e19,-1,725,,,,266.063
temporal_fine_1e19,-1,299,,,,264.548
temporal_fine_1e19,-1,58,,,,263.729
temporal_fine_1e19,-1,313,,,,261.547
temporal_fine_1e19,-1,503,,,,261.133
temporal_fine_1e19,-1,371,,,,259.078
temporal_fine_1e19,-1,225,,,,258.182
temporal_fine_1e19,-1,729,,,,257.798
temporal_fine_1e19,-1,370,,,,256.565
temporal_fine_1e19,-1,460,,,,255.134
temporal_fine_1e19,-1,768,,,,254.204
temporal_fine_1e19,-1,345,,,,251.332
temporal_fine_1e19,-1,338,,,,250.658
temporal_fine_1e19,-1,12,,,,247.397
temporal_fine_1e19,-1,554,,,,247.323
temporal_fine_1e19,-1,533,,,,246.414
temporal_fine_1e19,-1,756,,,,244.874
temporal_fine_1e19,-1,170,,,,244.583
temporal_fine_1e19,-1,541,,,,244.577
temporal_fine_1e19,-1,622,,,,243.734
temporal_fine_1e19,-1,732,,,,241.006
temporal_fine_1e19,-1,369,,,,240.755
temporal_fine_1e19,-1,90,,,,240.43
temporal_fine_1e19,-1,203,,,,240.422
temporal_fine_1e19,-1,107,,,,240.337
temporal_fine_1e19,-1,499,,,,239.954
temporal_fine_1e19,-1,427,,,,239.382
temporal_fine_1e19,-1,775,,,,239.225
temporal_fine_1e19,-1,412,,,,236.644
temporal_fine_1e19,-1,728,,,,236.641
temporal_fine_1e19,-1,234,,,,236.275
temporal_fine_1e19,-1,280,,,,236.046
temporal_fine_1e19,-1,406,,,,235.09
temporal_fine_1e19,-1,142,,,,234.492
temporal_fine_1e19,-1,411,,,,234.487
temporal_fine_1e19,-1,-1,,,,109.397
temporal_fine_1e19,-1,-2,,,,325.192
moe_fine_1e19,0,0,12.1423,0.305845,4.30321
moe_fine_1e19,0,1,14.2935,0.305845,4.30321
moe_fine_1e19,0,2,7.92798,0.305845,4.30321
moe_fine_1e19,0,3,10.2154,0.305845,4.30321
moe_fine_1e19,0,4,7.63438,0.305845,4.30321
moe_fine_1e19,0,5,4.73143,0.305845,4.30321
moe_fine_1e19,0,6,12.1279,0.305845,4.30321
moe_fine_1e19,0,7,9.86746,0.305845,4.30321
moe_fine_1e19,0,8,4.52043,0.305845,4.30321
moe_fine_1e19,0,9,12.4443,0.305845,4.30321
moe_fine_1e19,0,10,11.7695,0.305845,4.30321
moe_fine_1e19,0,11,9.66068,0.305845,4.30321
moe_fine_1e19,0,12,8.92579,0.305845,4.30321
moe_fine_1e19,0,13,9.5309,0.305845,4.30321
moe_fine_1e19,0,14,14.0589,0.305845,4.30321
moe_fine_1e19,0,15,13.5659,0.305845,4.30321
moe_fine_1e19,0,16,12.7105,0.305845,4.30321
moe_fine_1e19,0,17,11.6483,0.305845,4.30321
moe_fine_1e19,0,18,13.317,0.305845,4.30321
moe_fine_1e19,0,19,11.122,0.305845,4.30321
moe_fine_1e19,0,20,14.1263,0.305845,4.30321
moe_fine_1e19,0,21,9.57198,0.305845,4.30321
moe_fine_1e19,0,22,11.6729,0.305845,4.30321
moe_fine_1e19,0,23,10.8042,0.305845,4.30321
moe_fine_1e19,0,24,11.3199,0.305845,4.30321
moe_fine_1e19,0,25,10.7516,0.305845,4.30321
moe_fine_1e19,0,26,11.5078,0.305845,4.30321
moe_fine_1e19,0,27,7.54394,0.305845,4.30321
moe_fine_1e19,0,28,9.63279,0.305845,4.30321
moe_fine_1e19,0,29,5.50941,0.305845,4.30321
moe_fine_1e19,0,30,11.2822,0.305845,4.30321
moe_fine_1e19,0,31,6.6988,0.305845,4.30321
moe_fine_1e19,0,32,15.3172,0.305845,4.30321
moe_fine_1e19,0,33,14.8893,0.305845,4.30321
moe_fine_1e19,0,34,8.16868,0.305845,4.30321
moe_fine_1e19,0,35,6.0699,0.305845,4.30321
moe_fine_1e19,0,36,10.5408,0.305845,4.30321
moe_fine_1e19,0,37,11.8887,0.305845,4.30321
moe_fine_1e19,0,38,17.701,0.305845,4.30321
moe_fine_1e19,0,39,11.641,0.305845,4.30321
moe_fine_1e19,0,40,8.25403,0.305845,4.30321
moe_fine_1e19,0,41,12.0223,0.305845,4.30321
moe_fine_1e19,0,42,4.93795,0.305845,4.30321
moe_fine_1e19,0,43,9.74857,0.305845,4.30321
moe_fine_1e19,0,44,15.6006,0.305845,4.30321
moe_fine_1e19,0,45,8.04702,0.305845,4.30321
moe_fine_1e19,0,46,10.6704,0.305845,4.30321
moe_fine_1e19,0,47,11.056,0.305845,4.30321
moe_fine_1e19,0,48,12.1632,0.305845,4.30321
moe_fine_1e19,0,49,10.525,0.305845,4.30321
moe_fine_1e19,1,0,5.64124,0.291158,0.180124
moe_fine_1e19,1,1,10.5387,0.291158,0.180124
moe_fine_1e19,1,2,4.35667,0.291158,0.180124
moe_fine_1e19,1,3,9.01232,0.291158,0.180124
moe_fine_1e19,1,4,8.98853,0.291158,0.180124
moe_fine_1e19,1,5,16.0533,0.291158,0.180124
moe_fine_1e19,1,6,14.3376,0.291158,0.180124
moe_fine_1e19,1,7,10.8796,0.291158,0.180124
moe_fine_1e19,1,8,12.1873,0.291158,0.180124
moe_fine_1e19,1,9,14.3576,0.291158,0.180124
moe_fine_1e19,1,10,17.8476,0.291158,0.180124
moe_fine_1e19,1,11,9.12314,0.291158,0.180124
moe_fine_1e19,1,12,9.38327,0.291158,0.180124
moe_fine_1e19,1,13,15.5614,0.291158,0.180124
moe_fine_1e19,1,14,14.2653,0.291158,0.180124
moe_fine_1e19,1,15,11.5995,0.291158,0.180124
moe_fine_1e19,1,16,14.1852,0.291158,0.180124
moe_fine_1e19,1,17,25.018,0.291158,0.180124
moe_fine_1e19,1,18,4.08383,0.291158,0.180124
moe_fine_1e19,1,19,11.074,0.291158,0.180124
moe_fine_1e19,1,20,8.09587,0.291158,0.180124
moe_fine_1e19,1,21,15.5614,0.291158,0.180124
moe_fine_1e19,1,22,11.4769,0.291158,0.180124
moe_fine_1e19,1,23,5.63392,0.291158,0.180124
moe_fine_1e19,1,24,5.2686,0.291158,0.180124
moe_fine_1e19,1,25,10.3173,0.291158,0.180124
moe_fine_1e19,1,26,14.6659,0.291158,0.180124
moe_fine_1e19,1,27,3.81152,0.291158,0.180124
moe_fine_1e19,1,28,11.023,0.291158,0.180124
moe_fine_1e19,1,29,13.8144,0.291158,0.180124
moe_fine_1e19,1,30,10.8067,0.291158,0.180124
moe_fine_1e19,1,31,3.71915,0.291158,0.180124
moe_fine_1e19,1,32,6.40745,0.291158,0.180124
moe_fine_1e19,1,33,4.14799,0.291158,0.180124
moe_fine_1e19,1,34,12.6569,0.291158,0.180124
moe_fine_1e19,1,35,15.763,0.291158,0.180124
moe_fine_1e19,1,36,3.84164,0.291158,0.180124
moe_fine_1e19,1,37,12.6714,0.291158,0.180124
moe_fine_1e19,1,38,5.67448,0.291158,0.180124
moe_fine_1e19,1,39,11.3268,0.291158,0.180124
moe_fine_1e19,1,40,11.3838,0.291158,0.180124
moe_fine_1e19,1,41,5.78278,0.291158,0.180124
moe_fine_1e19,1,42,6.43565,0.291158,0.180124
moe_fine_1e19,1,43,5.0085,0.291158,0.180124
moe_fine_1e19,1,44,9.17045,0.291158,0.180124
moe_fine_1e19,1,45,4.98978,0.291158,0.180124
moe_fine_1e19,1,46,6.91311,0.291158,0.180124
moe_fine_1e19,1,47,13.1937,0.291158,0.180124
moe_fine_1e19,1,48,10.2795,0.291158,0.180124
moe_fine_1e19,1,49,12.1429,0.291158,0.180124
moe_fine_1e19,2,0,7.83402,0.227722,0.0464347
moe_fine_1e19,2,1,11.8333,0.227722,0.0464347
moe_fine_1e19,2,2,7.96798,0.227722,0.0464347
moe_fine_1e19,2,3,24.8288,0.227722,0.0464347
moe_fine_1e19,2,4,9.56351,0.227722,0.0464347
moe_fine_1e19,2,5,15.9932,0.227722,0.0464347
moe_fine_1e19,2,6,12.6337,0.227722,0.0464347
moe_fine_1e19,2,7,9.92077,0.227722,0.0464347
moe_fine_1e19,2,8,15.1947,0.227722,0.0464347
moe_fine_1e19,2,9,8.36665,0.227722,0.0464347
moe_fine_1e19,2,10,14.2175,0.227722,0.0464347
moe_fine_1e19,2,11,14.6492,0.227722,0.0464347
moe_fine_1e19,2,12,12.3806,0.227722,0.0464347
moe_fine_1e19,2,13,11.8455,0.227722,0.0464347
moe_fine_1e19,2,14,19.845,0.227722,0.0464347
moe_fine_1e19,2,15,16.6478,0.227722,0.0464347
moe_fine_1e19,2,16,17.4862,0.227722,0.0464347
moe_fine_1e19,2,17,14.5082,0.227722,0.0464347
moe_fine_1e19,2,18,16.7886,0.227722,0.0464347
moe_fine_1e19,2,19,12.874,0.227722,0.0464347
moe_fine_1e19,2,20,11.998,0.227722,0.0464347
moe_fine_1e19,2,21,13.3588,0.227722,0.0464347
moe_fine_1e19,2,22,14.8662,0.227722,0.0464347
moe_fine_1e19,2,23,14.4575,0.227722,0.0464347
moe_fine_1e19,2,24,16.6094,0.227722,0.0464347
moe_fine_1e19,2,25,17.215,0.227722,0.0464347
moe_fine_1e19,2,26,16.7311,0.227722,0.0464347
moe_fine_1e19,2,27,14.6103,0.227722,0.0464347
moe_fine_1e19,2,28,18.9144,0.227722,0.0464347
moe_fine_1e19,2,29,14.5347,0.227722,0.0464347
moe_fine_1e19,2,30,21.3756,0.227722,0.0464347
moe_fine_1e19,2,31,15.3026,0.227722,0.0464347
moe_fine_1e19,2,32,18.537,0.227722,0.0464347
moe_fine_1e19,2,33,13.5415,0.227722,0.0464347
moe_fine_1e19,2,34,14.2895,0.227722,0.0464347
moe_fine_1e19,2,35,10.394,0.227722,0.0464347
moe_fine_1e19,2,36,12.5104,0.227722,0.0464347
moe_fine_1e19,2,37,18.495,0.227722,0.0464347
moe_fine_1e19,2,38,10.1857,0.227722,0.0464347
moe_fine_1e19,2,39,8.10335,0.227722,0.0464347
moe_fine_1e19,2,40,14.5845,0.227722,0.0464347
moe_fine_1e19,2,41,14.3007,0.227722,0.0464347
moe_fine_1e19,2,42,17.2172,0.227722,0.0464347
moe_fine_1e19,2,43,13.6501,0.227722,0.0464347
moe_fine_1e19,2,44,12.5778,0.227722,0.0464347
moe_fine_1e19,2,45,13.3445,0.227722,0.0464347
moe_fine_1e19,2,46,13.8262,0.227722,0.0464347
moe_fine_1e19,2,47,12.5114,0.227722,0.0464347
moe_fine_1e19,2,48,9.13939,0.227722,0.0464347
moe_fine_1e19,2,49,9.47707,0.227722,0.0464347
moe_fine_1e19,3,0,11.7155,0.197876,0.0487133
moe_fine_1e19,3,1,9.57437,0.197876,0.0487133
moe_fine_1e19,3,2,16.7564,0.197876,0.0487133
moe_fine_1e19,3,3,10.7267,0.197876,0.0487133
moe_fine_1e19,3,4,8.50969,0.197876,0.0487133
moe_fine_1e19,3,5,8.82915,0.197876,0.0487133
moe_fine_1e19,3,6,12.3294,0.197876,0.0487133
moe_fine_1e19,3,7,12.2608,0.197876,0.0487133
moe_fine_1e19,3,8,9.68806,0.197876,0.0487133
moe_fine_1e19,3,9,6.2192,0.197876,0.0487133
moe_fine_1e19,3,10,11.5427,0.197876,0.0487133
moe_fine_1e19,3,11,12.9304,0.197876,0.0487133
moe_fine_1e19,3,12,7.97131,0.197876,0.0487133
moe_fine_1e19,3,13,12.1201,0.197876,0.0487133
moe_fine_1e19,3,14,13.37,0.197876,0.0487133
moe_fine_1e19,3,15,6.19672,0.197876,0.0487133
moe_fine_1e19,3,16,14.6663,0.197876,0.0487133
moe_fine_1e19,3,17,15.9183,0.197876,0.0487133
moe_fine_1e19,3,18,15.7148,0.197876,0.0487133
moe_fine_1e19,3,19,12.097,0.197876,0.0487133
moe_fine_1e19,3,20,6.62459,0.197876,0.0487133
moe_fine_1e19,3,21,10.2262,0.197876,0.0487133
moe_fine_1e19,3,22,12.3008,0.197876,0.0487133
moe_fine_1e19,3,23,15.4804,0.197876,0.0487133
moe_fine_1e19,3,24,13.0318,0.197876,0.0487133
moe_fine_1e19,3,25,14.5655,0.197876,0.0487133
moe_fine_1e19,3,26,6.07188,0.197876,0.0487133
moe_fine_1e19,3,27,13.0149,0.197876,0.0487133
moe_fine_1e19,3,28,17.893,0.197876,0.0487133
moe_fine_1e19,3,29,7.22775,0.197876,0.0487133
moe_fine_1e19,3,30,8.04546,0.197876,0.0487133
moe_fine_1e19,3,31,11.9506,0.197876,0.0487133
moe_fine_1e19,3,32,15.5152,0.197876,0.0487133
moe_fine_1e19,3,33,13.3733,0.197876,0.0487133
moe_fine_1e19,3,34,11.2153,0.197876,0.0487133
moe_fine_1e19,3,35,11.6948,0.197876,0.0487133
moe_fine_1e19,3,36,13.9922,0.197876,0.0487133
moe_fine_1e19,3,37,14.3575,0.197876,0.0487133
moe_fine_1e19,3,38,7.07026,0.197876,0.0487133
moe_fine_1e19,3,39,16.5805,0.197876,0.0487133
moe_fine_1e19,3,40,13.1005,0.197876,0.0487133
moe_fine_1e19,3,41,13.691,0.197876,0.0487133
moe_fine_1e19,3,42,9.26114,0.197876,0.0487133
moe_fine_1e19,3,43,9.89471,0.197876,0.0487133
moe_fine_1e19,3,44,12.0701,0.197876,0.0487133
moe_fine_1e19,3,45,13.6802,0.197876,0.0487133
moe_fine_1e19,3,46,15.1181,0.197876,0.0487133
moe_fine_1e19,3,47,8.08852,0.197876,0.0487133
moe_fine_1e19,3,48,7.87329,0.197876,0.0487133
moe_fine_1e19,3,49,14.2155,0.197876,0.0487133
moe_fine_1e19,4,0,8.23678,0.18748,0.0566562
moe_fine_1e19,4,1,14.695,0.18748,0.0566562
moe_fine_1e19,4,2,8.76589,0.18748,0.0566562
moe_fine_1e19,4,3,7.69456,0.18748,0.0566562
moe_fine_1e19,4,4,14.7421,0.18748,0.0566562
moe_fine_1e19,4,5,12.329,0.18748,0.0566562
moe_fine_1e19,4,6,10.4656,0.18748,0.0566562
moe_fine_1e19,4,7,12.2229,0.18748,0.0566562
moe_fine_1e19,4,8,11.9833,0.18748,0.0566562
moe_fine_1e19,4,9,17.3217,0.18748,0.0566562
moe_fine_1e19,4,10,7.35289,0.18748,0.0566562
moe_fine_1e19,4,11,15.3603,0.18748,0.0566562
moe_fine_1e19,4,12,13.0768,0.18748,0.0566562
moe_fine_1e19,4,13,13.2126,0.18748,0.0566562
moe_fine_1e19,4,14,11.9374,0.18748,0.0566562
moe_fine_1e19,4,15,11.0521,0.18748,0.0566562
moe_fine_1e19,4,16,13.8689,0.18748,0.0566562
moe_fine_1e19,4,17,12.3764,0.18748,0.0566562
moe_fine_1e19,4,18,11.8242,0.18748,0.0566562
moe_fine_1e19,4,19,13.2771,0.18748,0.0566562
moe_fine_1e19,4,20,11.2045,0.18748,0.0566562
moe_fine_1e19,4,21,15.1103,0.18748,0.0566562
moe_fine_1e19,4,22,19.4796,0.18748,0.0566562
moe_fine_1e19,4,23,15.2637,0.18748,0.0566562
moe_fine_1e19,4,24,17.3059,0.18748,0.0566562
moe_fine_1e19,4,25,19.8791,0.18748,0.0566562
moe_fine_1e19,4,26,7.79729,0.18748,0.0566562
moe_fine_1e19,4,27,15.6608,0.18748,0.0566562
moe_fine_1e19,4,28,11.4698,0.18748,0.0566562
moe_fine_1e19,4,29,10.6814,0.18748,0.0566562
moe_fine_1e19,4,30,19.6208,0.18748,0.0566562
moe_fine_1e19,4,31,8.35963,0.18748,0.0566562
moe_fine_1e19,4,32,6.44412,0.18748,0.0566562
moe_fine_1e19,4,33,18.6606,0.18748,0.0566562
moe_fine_1e19,4,34,7.46642,0.18748,0.0566562
moe_fine_1e19,4,35,14.9643,0.18748,0.0566562
moe_fine_1e19,4,36,21.0058,0.18748,0.0566562
moe_fine_1e19,4,37,11.5362,0.18748,0.0566562
moe_fine_1e19,4,38,7.70612,0.18748,0.0566562
moe_fine_1e19,4,39,9.70338,0.18748,0.0566562
moe_fine_1e19,4,40,13.5262,0.18748,0.0566562
moe_fine_1e19,4,41,6.52434,0.18748,0.0566562
moe_fine_1e19,4,42,5.95867,0.18748,0.0566562
moe_fine_1e19,4,43,15.6749,0.18748,0.0566562
moe_fine_1e19,4,44,6.64316,0.18748,0.0566562
moe_fine_1e19,4,45,6.71097,0.18748,0.0566562
moe_fine_1e19,4,46,13.2988,0.18748,0.0566562
moe_fine_1e19,4,47,14.5267,0.18748,0.0566562
moe_fine_1e19,4,48,8.2595,0.18748,0.0566562
moe_fine_1e19,4,49,14.1754,0.18748,0.0566562
moe_fine_1e19,5,0,11.6027,0.227614,0.0673159
moe_fine_1e19,5,1,14.9555,0.227614,0.0673159
moe_fine_1e19,5,2,10.7809,0.227614,0.0673159
moe_fine_1e19,5,3,9.75737,0.227614,0.0673159
moe_fine_1e19,5,4,13.499,0.227614,0.0673159
moe_fine_1e19,5,5,9.26284,0.227614,0.0673159
moe_fine_1e19,5,6,11.6484,0.227614,0.0673159
moe_fine_1e19,5,7,9.9765,0.227614,0.0673159
moe_fine_1e19,5,8,14.1631,0.227614,0.0673159
moe_fine_1e19,5,9,13.1704,0.227614,0.0673159
moe_fine_1e19,5,10,14.9441,0.227614,0.0673159
moe_fine_1e19,5,11,7.56642,0.227614,0.0673159
moe_fine_1e19,5,12,7.80138,0.227614,0.0673159
moe_fine_1e19,5,13,11.05,0.227614,0.0673159
moe_fine_1e19,5,14,13.6713,0.227614,0.0673159
moe_fine_1e19,5,15,8.56593,0.227614,0.0673159
moe_fine_1e19,5,16,14.6518,0.227614,0.0673159
moe_fine_1e19,5,17,12.9368,0.227614,0.0673159
moe_fine_1e19,5,18,7.66294,0.227614,0.0673159
moe_fine_1e19,5,19,13.6723,0.227614,0.0673159
moe_fine_1e19,5,20,13.8864,0.227614,0.0673159
moe_fine_1e19,5,21,12.4866,0.227614,0.0673159
moe_fine_1e19,5,22,11.1751,0.227614,0.0673159
moe_fine_1e19,5,23,16.9135,0.227614,0.0673159
moe_fine_1e19,5,24,9.29164,0.227614,0.0673159
moe_fine_1e19,5,25,8.34647,0.227614,0.0673159
moe_fine_1e19,5,26,8.1725,0.227614,0.0673159
moe_fine_1e19,5,27,14.3922,0.227614,0.0673159
moe_fine_1e19,5,28,7.62786,0.227614,0.0673159
moe_fine_1e19,5,29,12.9608,0.227614,0.0673159
moe_fine_1e19,5,30,14.1948,0.227614,0.0673159
moe_fine_1e19,5,31,8.06043,0.227614,0.0673159
moe_fine_1e19,5,32,9.05318,0.227614,0.0673159
moe_fine_1e19,5,33,15.0615,0.227614,0.0673159
moe_fine_1e19,5,34,15.5275,0.227614,0.0673159
moe_fine_1e19,5,35,10.3095,0.227614,0.0673159
moe_fine_1e19,5,36,18.216,0.227614,0.0673159
moe_fine_1e19,5,37,19.9412,0.227614,0.0673159
moe_fine_1e19,5,38,16.2295,0.227614,0.0673159
moe_fine_1e19,5,39,13.5814,0.227614,0.0673159
moe_fine_1e19,5,40,12.5111,0.227614,0.0673159
moe_fine_1e19,5,41,17.7989,0.227614,0.0673159
moe_fine_1e19,5,42,15.3512,0.227614,0.0673159
moe_fine_1e19,5,43,13.0393,0.227614,0.0673159
moe_fine_1e19,5,44,11.8557,0.227614,0.0673159
moe_fine_1e19,5,45,11.5429,0.227614,0.0673159
moe_fine_1e19,5,46,11.3372,0.227614,0.0673159
moe_fine_1e19,5,47,7.57775,0.227614,0.0673159
moe_fine_1e19,5,48,10.1972,0.227614,0.0673159
moe_fine_1e19,5,49,19.0494,0.227614,0.0673159
moe_fine_1e19,6,0,12.8707,0.23154,0.0766725
moe_fine_1e19,6,1,14.0342,0.23154,0.0766725
moe_fine_1e19,6,2,20.3729,0.23154,0.0766725
moe_fine_1e19,6,3,9.47397,0.23154,0.0766725
moe_fine_1e19,6,4,16.9437,0.23154,0.0766725
moe_fine_1e19,6,5,9.41423,0.23154,0.0766725
moe_fine_1e19,6,6,24.3833,0.23154,0.0766725
moe_fine_1e19,6,7,11.5539,0.23154,0.0766725
moe_fine_1e19,6,8,8.60352,0.23154,0.0766725
moe_fine_1e19,6,9,13.3611,0.23154,0.0766725
moe_fine_1e19,6,10,13.0721,0.23154,0.0766725
moe_fine_1e19,6,11,10.6794,0.23154,0.0766725
moe_fine_1e19,6,12,8.15428,0.23154,0.0766725
moe_fine_1e19,6,13,7.6263,0.23154,0.0766725
moe_fine_1e19,6,14,17.2387,0.23154,0.0766725
moe_fine_1e19,6,15,18.0183,0.23154,0.0766725
moe_fine_1e19,6,16,16.0929,0.23154,0.0766725
moe_fine_1e19,6,17,14.1871,0.23154,0.0766725
moe_fine_1e19,6,18,13.4383,0.23154,0.0766725
moe_fine_1e19,6,19,11.3772,0.23154,0.0766725
moe_fine_1e19,6,20,11.622,0.23154,0.0766725
moe_fine_1e19,6,21,9.5313,0.23154,0.0766725
moe_fine_1e19,6,22,15.4431,0.23154,0.0766725
moe_fine_1e19,6,23,10.3258,0.23154,0.0766725
moe_fine_1e19,6,24,6.69218,0.23154,0.0766725
moe_fine_1e19,6,25,19.871,0.23154,0.0766725
moe_fine_1e19,6,26,14.1085,0.23154,0.0766725
moe_fine_1e19,6,27,7.70215,0.23154,0.0766725
moe_fine_1e19,6,28,19.1476,0.23154,0.0766725
moe_fine_1e19,6,29,14.5778,0.23154,0.0766725
moe_fine_1e19,6,30,13.6098,0.23154,0.0766725
moe_fine_1e19,6,31,12.0534,0.23154,0.0766725
moe_fine_1e19,6,32,16.282,0.23154,0.0766725
moe_fine_1e19,6,33,15.3066,0.23154,0.0766725
moe_fine_1e19,6,34,9.62734,0.23154,0.0766725
moe_fine_1e19,6,35,9.76584,0.23154,0.0766725
moe_fine_1e19,6,36,17.7243,0.23154,0.0766725
moe_fine_1e19,6,37,8.0569,0.23154,0.0766725
moe_fine_1e19,6,38,12.9788,0.23154,0.0766725
moe_fine_1e19,6,39,11.0416,0.23154,0.0766725
moe_fine_1e19,6,40,14.9035,0.23154,0.0766725
moe_fine_1e19,6,41,11.6134,0.23154,0.0766725
moe_fine_1e19,6,42,18.9052,0.23154,0.0766725
moe_fine_1e19,6,43,11.5786,0.23154,0.0766725
moe_fine_1e19,6,44,9.71562,0.23154,0.0766725
moe_fine_1e19,6,45,15.6087,0.23154,0.0766725
moe_fine_1e19,6,46,10.2239,0.23154,0.0766725
moe_fine_1e19,6,47,13.6071,0.23154,0.0766725
moe_fine_1e19,6,48,12.6831,0.23154,0.0766725
moe_fine_1e19,6,49,10.486,0.23154,0.0766725
moe_fine_1e19,7,0,14.2598,0.224006,0.195244
moe_fine_1e19,7,1,7.57295,0.224006,0.195244
moe_fine_1e19,7,2,11.8836,0.224006,0.195244
moe_fine_1e19,7,3,9.45575,0.224006,0.195244
moe_fine_1e19,7,4,7.91973,0.224006,0.195244
moe_fine_1e19,7,5,15.4876,0.224006,0.195244
moe_fine_1e19,7,6,10.5904,0.224006,0.195244
moe_fine_1e19,7,7,16.421,0.224006,0.195244
moe_fine_1e19,7,8,15.7906,0.224006,0.195244
moe_fine_1e19,7,9,10.6462,0.224006,0.195244
moe_fine_1e19,7,10,10.5897,0.224006,0.195244
moe_fine_1e19,7,11,10.0556,0.224006,0.195244
moe_fine_1e19,7,12,12.1929,0.224006,0.195244
moe_fine_1e19,7,13,10.9258,0.224006,0.195244
moe_fine_1e19,7,14,16.9244,0.224006,0.195244
moe_fine_1e19,7,15,10.1255,0.224006,0.195244
moe_fine_1e19,7,16,16.5298,0.224006,0.195244
moe_fine_1e19,7,17,16.4299,0.224006,0.195244
moe_fine_1e19,7,18,17.0452,0.224006,0.195244
moe_fine_1e19,7,19,10.7119,0.224006,0.195244
moe_fine_1e19,7,20,13.8231,0.224006,0.195244
moe_fine_1e19,7,21,7.24219,0.224006,0.195244
moe_fine_1e19,7,22,11.7771,0.224006,0.195244
moe_fine_1e19,7,23,13.6847,0.224006,0.195244
moe_fine_1e19,7,24,14.9847,0.224006,0.195244
moe_fine_1e19,7,25,16.4554,0.224006,0.195244
moe_fine_1e19,7,26,15.1662,0.224006,0.195244
moe_fine_1e19,7,27,9.47938,0.224006,0.195244
moe_fine_1e19,7,28,16.8559,0.224006,0.195244
moe_fine_1e19,7,29,10.7398,0.224006,0.195244
moe_fine_1e19,7,30,13.9568,0.224006,0.195244
moe_fine_1e19,7,31,12.7923,0.224006,0.195244
moe_fine_1e19,7,32,7.57749,0.224006,0.195244
moe_fine_1e19,7,33,10.7407,0.224006,0.195244
moe_fine_1e19,7,34,10.0727,0.224006,0.195244
moe_fine_1e19,7,35,8.29343,0.224006,0.195244
moe_fine_1e19,7,36,9.1688,0.224006,0.195244
moe_fine_1e19,7,37,8.31362,0.224006,0.195244
moe_fine_1e19,7,38,17.9337,0.224006,0.195244
moe_fine_1e19,7,39,15.473,0.224006,0.195244
moe_fine_1e19,7,40,13.9173,0.224006,0.195244
moe_fine_1e19,7,41,14.0233,0.224006,0.195244
moe_fine_1e19,7,42,17.7472,0.224006,0.195244
moe_fine_1e19,7,43,9.02487,0.224006,0.195244
moe_fine_1e19,7,44,14.4264,0.224006,0.195244
moe_fine_1e19,7,45,10.4427,0.224006,0.195244
moe_fine_1e19,7,46,10.6847,0.224006,0.195244
moe_fine_1e19,7,47,13.443,0.224006,0.195244
moe_fine_1e19,7,48,9.42086,0.224006,0.195244
moe_fine_1e19,7,49,11.19,0.224006,0.195244
moe_fine_1e19,8,0,13.499,0.278627,0.104597
moe_fine_1e19,8,1,10.4424,0.278627,0.104597
moe_fine_1e19,8,2,17.9263,0.278627,0.104597
moe_fine_1e19,8,3,13.7989,0.278627,0.104597
moe_fine_1e19,8,4,14.3793,0.278627,0.104597
moe_fine_1e19,8,5,16.7651,0.278627,0.104597
moe_fine_1e19,8,6,15.8081,0.278627,0.104597
moe_fine_1e19,8,7,18.1203,0.278627,0.104597
moe_fine_1e19,8,8,6.31545,0.278627,0.104597
moe_fine_1e19,8,9,9.8568,0.278627,0.104597
moe_fine_1e19,8,10,16.2905,0.278627,0.104597
moe_fine_1e19,8,11,9.41871,0.278627,0.104597
moe_fine_1e19,8,12,15.6398,0.278627,0.104597
moe_fine_1e19,8,13,16.1756,0.278627,0.104597
moe_fine_1e19,8,14,16.3397,0.278627,0.104597
moe_fine_1e19,8,15,7.28053,0.278627,0.104597
moe_fine_1e19,8,16,10.2112,0.278627,0.104597
moe_fine_1e19,8,17,11.8457,0.278627,0.104597
moe_fine_1e19,8,18,7.85746,0.278627,0.104597
moe_fine_1e19,8,19,15.4725,0.278627,0.104597
moe_fine_1e19,8,20,13.6749,0.278627,0.104597
moe_fine_1e19,8,21,10.9283,0.278627,0.104597
moe_fine_1e19,8,22,10.1919,0.278627,0.104597
moe_fine_1e19,8,23,11.0999,0.278627,0.104597
moe_fine_1e19,8,24,20.4828,0.278627,0.104597
moe_fine_1e19,8,25,11.0022,0.278627,0.104597
moe_fine_1e19,8,26,13.5225,0.278627,0.104597
moe_fine_1e19,8,27,8.65117,0.278627,0.104597
moe_fine_1e19,8,28,18.2844,0.278627,0.104597
moe_fine_1e19,8,29,14.2071,0.278627,0.104597
moe_fine_1e19,8,30,10.3305,0.278627,0.104597
moe_fine_1e19,8,31,8.68802,0.278627,0.104597
moe_fine_1e19,8,32,9.5913,0.278627,0.104597
moe_fine_1e19,8,33,8.12272,0.278627,0.104597
moe_fine_1e19,8,34,18.5908,0.278627,0.104597
moe_fine_1e19,8,35,13.7999,0.278627,0.104597
moe_fine_1e19,8,36,15.1712,0.278627,0.104597
moe_fine_1e19,8,37,10.2776,0.278627,0.104597
moe_fine_1e19,8,38,15.4082,0.278627,0.104597
moe_fine_1e19,8,39,10.6787,0.278627,0.104597
moe_fine_1e19,8,40,13.924,0.278627,0.104597
moe_fine_1e19,8,41,7.83807,0.278627,0.104597
moe_fine_1e19,8,42,12.399,0.278627,0.104597
moe_fine_1e19,8,43,18.1162,0.278627,0.104597
moe_fine_1e19,8,44,12.6669,0.278627,0.104597
moe_fine_1e19,8,45,10.4921,0.278627,0.104597
moe_fine_1e19,8,46,9.57017,0.278627,0.104597
moe_fine_1e19,8,47,8.71388,0.278627,0.104597
moe_fine_1e19,8,48,13.5258,0.278627,0.104597
moe_fine_1e19,8,49,17.5207,0.278627,0.104597
moe_fine_1e19,9,0,15.5189,0.241782,0.117972
moe_fine_1e19,9,1,9.86085,0.241782,0.117972
moe_fine_1e19,9,2,22.0079,0.241782,0.117972
moe_fine_1e19,9,3,7.57694,0.241782,0.117972
moe_fine_1e19,9,4,18.0296,0.241782,0.117972
moe_fine_1e19,9,5,13.0252,0.241782,0.117972
moe_fine_1e19,9,6,14.534,0.241782,0.117972
moe_fine_1e19,9,7,15.6661,0.241782,0.117972
moe_fine_1e19,9,8,9.65336,0.241782,0.117972
moe_fine_1e19,9,9,6.43693,0.241782,0.117972
moe_fine_1e19,9,10,11.3138,0.241782,0.117972
moe_fine_1e19,9,11,13.4141,0.241782,0.117972
moe_fine_1e19,9,12,40.403,0.241782,0.117972
moe_fine_1e19,9,13,14.0162,0.241782,0.117972
moe_fine_1e19,9,14,12.1957,0.241782,0.117972
moe_fine_1e19,9,15,9.7616,0.241782,0.117972
moe_fine_1e19,9,16,9.07549,0.241782,0.117972
moe_fine_1e19,9,17,17.2522,0.241782,0.117972
moe_fine_1e19,9,18,11.3589,0.241782,0.117972
moe_fine_1e19,9,19,17.4842,0.241782,0.117972
moe_fine_1e19,9,20,37.454,0.241782,0.117972
moe_fine_1e19,9,21,15.5738,0.241782,0.117972
moe_fine_1e19,9,22,13.7933,0.241782,0.117972
moe_fine_1e19,9,23,7.66406,0.241782,0.117972
moe_fine_1e19,9,24,8.91216,0.241782,0.117972
moe_fine_1e19,9,25,16.6264,0.241782,0.117972
moe_fine_1e19,9,26,15.6018,0.241782,0.117972
moe_fine_1e19,9,27,13.1379,0.241782,0.117972
moe_fine_1e19,9,28,13.0712,0.241782,0.117972
moe_fine_1e19,9,29,10.8268,0.241782,0.117972
moe_fine_1e19,9,30,10.5466,0.241782,0.117972
moe_fine_1e19,9,31,12.9498,0.241782,0.117972
moe_fine_1e19,9,32,9.79259,0.241782,0.117972
moe_fine_1e19,9,33,10.6793,0.241782,0.117972
moe_fine_1e19,9,34,6.81635,0.241782,0.117972
moe_fine_1e19,9,35,12.1918,0.241782,0.117972
moe_fine_1e19,9,36,10.1847,0.241782,0.117972
moe_fine_1e19,9,37,10.2412,0.241782,0.117972
moe_fine_1e19,9,38,17.3854,0.241782,0.117972
moe_fine_1e19,9,39,12.4583,0.241782,0.117972
moe_fine_1e19,9,40,11.9214,0.241782,0.117972
moe_fine_1e19,9,41,7.32977,0.241782,0.117972
moe_fine_1e19,9,42,9.91748,0.241782,0.117972
moe_fine_1e19,9,43,17.3712,0.241782,0.117972
moe_fine_1e19,9,44,9.32814,0.241782,0.117972
moe_fine_1e19,9,45,12.1332,0.241782,0.117972
moe_fine_1e19,9,46,15.4817,0.241782,0.117972
moe_fine_1e19,9,47,18.1577,0.241782,0.117972
moe_fine_1e19,9,48,14.5758,0.241782,0.117972
moe_fine_1e19,9,49,9.60083,0.241782,0.117972
moe_fine_1e19,10,0,20.8443,0.289887,0.142332
moe_fine_1e19,10,1,13.8616,0.289887,0.142332
moe_fine_1e19,10,2,13.2168,0.289887,0.142332
moe_fine_1e19,10,3,9.7021,0.289887,0.142332
moe_fine_1e19,10,4,17.8927,0.289887,0.142332
moe_fine_1e19,10,5,18.5594,0.289887,0.142332
moe_fine_1e19,10,6,9.07381,0.289887,0.142332
moe_fine_1e19,10,7,12.1415,0.289887,0.142332
moe_fine_1e19,10,8,16.9642,0.289887,0.142332
moe_fine_1e19,10,9,14.1888,0.289887,0.142332
moe_fine_1e19,10,10,45.7238,0.289887,0.142332
moe_fine_1e19,10,11,13.5268,0.289887,0.142332
moe_fine_1e19,10,12,14.7052,0.289887,0.142332
moe_fine_1e19,10,13,9.59814,0.289887,0.142332
moe_fine_1e19,10,14,16.4444,0.289887,0.142332
moe_fine_1e19,10,15,13.0789,0.289887,0.142332
moe_fine_1e19,10,16,24.0614,0.289887,0.142332
moe_fine_1e19,10,17,15.1364,0.289887,0.142332
moe_fine_1e19,10,18,15.8247,0.289887,0.142332
moe_fine_1e19,10,19,14.8105,0.289887,0.142332
moe_fine_1e19,10,20,18.5121,0.289887,0.142332
moe_fine_1e19,10,21,18.0124,0.289887,0.142332
moe_fine_1e19,10,22,16.6141,0.289887,0.142332
moe_fine_1e19,10,23,12.0886,0.289887,0.142332
moe_fine_1e19,10,24,14.8792,0.289887,0.142332
moe_fine_1e19,10,25,14.3791,0.289887,0.142332
moe_fine_1e19,10,26,14.245,0.289887,0.142332
moe_fine_1e19,10,27,15.2156,0.289887,0.142332
moe_fine_1e19,10,28,18.5288,0.289887,0.142332
moe_fine_1e19,10,29,12.9722,0.289887,0.142332
moe_fine_1e19,10,30,12.1545,0.289887,0.142332
moe_fine_1e19,10,31,26.4772,0.289887,0.142332
moe_fine_1e19,10,32,16.7709,0.289887,0.142332
moe_fine_1e19,10,33,9.32202,0.289887,0.142332
moe_fine_1e19,10,34,18.6093,0.289887,0.142332
moe_fine_1e19,10,35,10.3517,0.289887,0.142332
moe_fine_1e19,10,36,7.99877,0.289887,0.142332
moe_fine_1e19,10,37,7.01432,0.289887,0.142332
moe_fine_1e19,10,38,7.86226,0.289887,0.142332
moe_fine_1e19,10,39,9.93931,0.289887,0.142332
moe_fine_1e19,10,40,10.5057,0.289887,0.142332
moe_fine_1e19,10,41,13.9501,0.289887,0.142332
moe_fine_1e19,10,42,18.2517,0.289887,0.142332
moe_fine_1e19,10,43,12.4257,0.289887,0.142332
moe_fine_1e19,10,44,19.211,0.289887,0.142332
moe_fine_1e19,10,45,10.4017,0.289887,0.142332
moe_fine_1e19,10,46,17.4336,0.289887,0.142332
moe_fine_1e19,10,47,18.5509,0.289887,0.142332
moe_fine_1e19,10,48,15.5193,0.289887,0.142332
moe_fine_1e19,10,49,10.217,0.289887,0.142332
moe_fine_1e19,11,0,12.0063,0.315002,0.193919
moe_fine_1e19,11,1,28.7941,0.315002,0.193919
moe_fine_1e19,11,2,11.6123,0.315002,0.193919
moe_fine_1e19,11,3,22.5877,0.315002,0.193919
moe_fine_1e19,11,4,21.0133,0.315002,0.193919
moe_fine_1e19,11,5,16.4552,0.315002,0.193919
moe_fine_1e19,11,6,13.9899,0.315002,0.193919
moe_fine_1e19,11,7,13.6273,0.315002,0.193919
moe_fine_1e19,11,8,37.4963,0.315002,0.193919
moe_fine_1e19,11,9,15.7822,0.315002,0.193919
moe_fine_1e19,11,10,11.1908,0.315002,0.193919
moe_fine_1e19,11,11,14.8062,0.315002,0.193919
moe_fine_1e19,11,12,14.7438,0.315002,0.193919
moe_fine_1e19,11,13,22.495,0.315002,0.193919
moe_fine_1e19,11,14,11.048,0.315002,0.193919
moe_fine_1e19,11,15,19.217,0.315002,0.193919
moe_fine_1e19,11,16,19.0714,0.315002,0.193919
moe_fine_1e19,11,17,14.4622,0.315002,0.193919
moe_fine_1e19,11,18,15.513,0.315002,0.193919
moe_fine_1e19,11,19,19.561,0.315002,0.193919
moe_fine_1e19,11,20,26.2526,0.315002,0.193919
moe_fine_1e19,11,21,13.0326,0.315002,0.193919
moe_fine_1e19,11,22,10.7083,0.315002,0.193919
moe_fine_1e19,11,23,15.0762,0.315002,0.193919
moe_fine_1e19,11,24,9.08172,0.315002,0.193919
moe_fine_1e19,11,25,12.0432,0.315002,0.193919
moe_fine_1e19,11,26,18.6064,0.315002,0.193919
moe_fine_1e19,11,27,12.9557,0.315002,0.193919
moe_fine_1e19,11,28,13.9108,0.315002,0.193919
moe_fine_1e19,11,29,13.8978,0.315002,0.193919
moe_fine_1e19,11,30,12.0424,0.315002,0.193919
moe_fine_1e19,11,31,18.935,0.315002,0.193919
moe_fine_1e19,11,32,12.1804,0.315002,0.193919
moe_fine_1e19,11,33,19.0388,0.315002,0.193919
moe_fine_1e19,11,34,12.4565,0.315002,0.193919
moe_fine_1e19,11,35,22.1202,0.315002,0.193919
moe_fine_1e19,11,36,16.4407,0.315002,0.193919
moe_fine_1e19,11,37,16.378,0.315002,0.193919
moe_fine_1e19,11,38,14.124,0.315002,0.193919
moe_fine_1e19,11,39,12.2659,0.315002,0.193919
moe_fine_1e19,11,40,10.5988,0.315002,0.193919
moe_fine_1e19,11,41,11.6137,0.315002,0.193919
moe_fine_1e19,11,42,18.3286,0.315002,0.193919
moe_fine_1e19,11,43,19.2597,0.315002,0.193919
moe_fine_1e19,11,44,14.7342,0.315002,0.193919
moe_fine_1e19,11,45,23.2897,0.315002,0.193919
moe_fine_1e19,11,46,13.1105,0.315002,0.193919
moe_fine_1e19,11,47,12.6514,0.315002,0.193919
moe_fine_1e19,11,48,25.5606,0.315002,0.193919
moe_fine_1e19,11,49,17.2595,0.315002,0.193919
moe_fine_1e19,12,0,12.4917,0.281464,0.350686
moe_fine_1e19,12,1,20.0177,0.281464,0.350686
moe_fine_1e19,12,2,9.85048,0.281464,0.350686
moe_fine_1e19,12,3,16.7637,0.281464,0.350686
moe_fine_1e19,12,4,12.945,0.281464,0.350686
moe_fine_1e19,12,5,11.5786,0.281464,0.350686
moe_fine_1e19,12,6,19.6446,0.281464,0.350686
moe_fine_1e19,12,7,10.0752,0.281464,0.350686
moe_fine_1e19,12,8,19.831,0.281464,0.350686
moe_fine_1e19,12,9,14.0299,0.281464,0.350686
moe_fine_1e19,12,10,9.97828,0.281464,0.350686
moe_fine_1e19,12,11,12.6164,0.281464,0.350686
moe_fine_1e19,12,12,19.3044,0.281464,0.350686
moe_fine_1e19,12,13,15.1354,0.281464,0.350686
moe_fine_1e19,12,14,17.5592,0.281464,0.350686
moe_fine_1e19,12,15,16.3021,0.281464,0.350686
moe_fine_1e19,12,16,11.7562,0.281464,0.350686
moe_fine_1e19,12,17,14.7653,0.281464,0.350686
moe_fine_1e19,12,18,18.835,0.281464,0.350686
moe_fine_1e19,12,19,12.9538,0.281464,0.350686
moe_fine_1e19,12,20,16.2009,0.281464,0.350686
moe_fine_1e19,12,21,12.4333,0.281464,0.350686
moe_fine_1e19,12,22,15.6677,0.281464,0.350686
moe_fine_1e19,12,23,18.6632,0.281464,0.350686
moe_fine_1e19,12,24,11.4594,0.281464,0.350686
moe_fine_1e19,12,25,13.4327,0.281464,0.350686
moe_fine_1e19,12,26,15.2463,0.281464,0.350686
moe_fine_1e19,12,27,15.8893,0.281464,0.350686
moe_fine_1e19,12,28,17.3977,0.281464,0.350686
moe_fine_1e19,12,29,14.8699,0.281464,0.350686
moe_fine_1e19,12,30,7.57643,0.281464,0.350686
moe_fine_1e19,12,31,10.5176,0.281464,0.350686
moe_fine_1e19,12,32,13.7804,0.281464,0.350686
moe_fine_1e19,12,33,16.0825,0.281464,0.350686
moe_fine_1e19,12,34,12.2622,0.281464,0.350686
moe_fine_1e19,12,35,16.9854,0.281464,0.350686
moe_fine_1e19,12,36,9.99727,0.281464,0.350686
moe_fine_1e19,12,37,15.4781,0.281464,0.350686
moe_fine_1e19,12,38,19.1411,0.281464,0.350686
moe_fine_1e19,12,39,15.2849,0.281464,0.350686
moe_fine_1e19,12,40,21.4522,0.281464,0.350686
moe_fine_1e19,12,41,18.741,0.281464,0.350686
moe_fine_1e19,12,42,9.36312,0.281464,0.350686
moe_fine_1e19,12,43,10.6025,0.281464,0.350686
moe_fine_1e19,12,44,15.27,0.281464,0.350686
moe_fine_1e19,12,45,14.5383,0.281464,0.350686
moe_fine_1e19,12,46,20.5621,0.281464,0.350686
moe_fine_1e19,12,47,22.8556,0.281464,0.350686
moe_fine_1e19,12,48,12.6247,0.281464,0.350686
moe_fine_1e19,12,49,22.5202,0.281464,0.350686
moe_fine_1e19,13,0,11.1783,0.21048,0.568342
moe_fine_1e19,13,1,16.0555,0.21048,0.568342
moe_fine_1e19,13,2,13.8418,0.21048,0.568342
moe_fine_1e19,13,3,18.6689,0.21048,0.568342
moe_fine_1e19,13,4,11.3397,0.21048,0.568342
moe_fine_1e19,13,5,15.3333,0.21048,0.568342
moe_fine_1e19,13,6,17.2488,0.21048,0.568342
moe_fine_1e19,13,7,14.604,0.21048,0.568342
moe_fine_1e19,13,8,17.3361,0.21048,0.568342
moe_fine_1e19,13,9,15.9264,0.21048,0.568342
moe_fine_1e19,13,10,30.5563,0.21048,0.568342
moe_fine_1e19,13,11,15.1524,0.21048,0.568342
moe_fine_1e19,13,12,19.4789,0.21048,0.568342
moe_fine_1e19,13,13,12.8065,0.21048,0.568342
moe_fine_1e19,13,14,20.1502,0.21048,0.568342
moe_fine_1e19,13,15,13.9684,0.21048,0.568342
moe_fine_1e19,13,16,17.4523,0.21048,0.568342
moe_fine_1e19,13,17,13.9773,0.21048,0.568342
moe_fine_1e19,13,18,17.6131,0.21048,0.568342
moe_fine_1e19,13,19,11.0914,0.21048,0.568342
moe_fine_1e19,13,20,17.5222,0.21048,0.568342
moe_fine_1e19,13,21,25.2799,0.21048,0.568342
moe_fine_1e19,13,22,32.5758,0.21048,0.568342
moe_fine_1e19,13,23,18.0706,0.21048,0.568342
moe_fine_1e19,13,24,19.7945,0.21048,0.568342
moe_fine_1e19,13,25,17.5714,0.21048,0.568342
moe_fine_1e19,13,26,11.4884,0.21048,0.568342
moe_fine_1e19,13,27,17.1604,0.21048,0.568342
moe_fine_1e19,13,28,13.9674,0.21048,0.568342
moe_fine_1e19,13,29,19.5848,0.21048,0.568342
moe_fine_1e19,13,30,15.158,0.21048,0.568342
moe_fine_1e19,13,31,15.2555,0.21048,0.568342
moe_fine_1e19,13,32,13.6953,0.21048,0.568342
moe_fine_1e19,13,33,19.827,0.21048,0.568342
moe_fine_1e19,13,34,13.9296,0.21048,0.568342
moe_fine_1e19,13,35,17.26,0.21048,0.568342
moe_fine_1e19,13,36,18.1309,0.21048,0.568342
moe_fine_1e19,13,37,10.3348,0.21048,0.568342
moe_fine_1e19,13,38,20.7151,0.21048,0.568342
moe_fine_1e19,13,39,20.7386,0.21048,0.568342
moe_fine_1e19,13,40,13.2149,0.21048,0.568342
moe_fine_1e19,13,41,15.546,0.21048,0.568342
moe_fine_1e19,13,42,12.2966,0.21048,0.568342
moe_fine_1e19,13,43,23.6235,0.21048,0.568342
moe_fine_1e19,13,44,19.0487,0.21048,0.568342
moe_fine_1e19,13,45,15.7099,0.21048,0.568342
moe_fine_1e19,13,46,13.5928,0.21048,0.568342
moe_fine_1e19,13,47,16.5881,0.21048,0.568342
moe_fine_1e19,13,48,18.2716,0.21048,0.568342
moe_fine_1e19,13,49,24.3289,0.21048,0.568342
moe_fine_1e19,-1,620,,,,2.75592
moe_fine_1e19,-1,549,,,,2.55121
moe_fine_1e19,-1,493,,,,2.51014
moe_fine_1e19,-1,204,,,,2.47443
moe_fine_1e19,-1,667,,,,2.44205
moe_fine_1e19,-1,645,,,,2.31108
moe_fine_1e19,-1,31,,,,2.28094
moe_fine_1e19,-1,110,,,,2.08178
moe_fine_1e19,-1,92,,,,2.00085
moe_fine_1e19,-1,234,,,,1.68067
moe_fine_1e19,-1,160,,,,1.66038
moe_fine_1e19,-1,606,,,,1.62711
moe_fine_1e19,-1,409,,,,1.58655
moe_fine_1e19,-1,132,,,,1.52937
moe_fine_1e19,-1,413,,,,1.47095
moe_fine_1e19,-1,705,,,,1.44437
moe_fine_1e19,-1,238,,,,1.43386
moe_fine_1e19,-1,675,,,,1.418
moe_fine_1e19,-1,521,,,,1.37239
moe_fine_1e19,-1,186,,,,1.36835
moe_fine_1e19,-1,90,,,,1.35964
moe_fine_1e19,-1,0,,,,1.351
moe_fine_1e19,-1,213,,,,1.34622
moe_fine_1e19,-1,112,,,,1.33427
moe_fine_1e19,-1,679,,,,1.33407
moe_fine_1e19,-1,279,,,,1.32041
moe_fine_1e19,-1,630,,,,1.31218
moe_fine_1e19,-1,398,,,,1.31031
moe_fine_1e19,-1,47,,,,1.30142
moe_fine_1e19,-1,123,,,,1.2978
moe_fine_1e19,-1,504,,,,1.29609
moe_fine_1e19,-1,321,,,,1.2826
moe_fine_1e19,-1,24,,,,1.27431
moe_fine_1e19,-1,10,,,,1.26496
moe_fine_1e19,-1,566,,,,1.26158
moe_fine_1e19,-1,249,,,,1.25777
moe_fine_1e19,-1,611,,,,1.25168
moe_fine_1e19,-1,195,,,,1.2467
moe_fine_1e19,-1,334,,,,1.23935
moe_fine_1e19,-1,314,,,,1.23271
moe_fine_1e19,-1,677,,,,1.22537
moe_fine_1e19,-1,207,,,,1.21926
moe_fine_1e19,-1,18,,,,1.20524
moe_fine_1e19,-1,718,,,,1.19407
moe_fine_1e19,-1,291,,,,1.18754
moe_fine_1e19,-1,771,,,,1.18504
moe_fine_1e19,-1,98,,,,1.18421
moe_fine_1e19,-1,209,,,,1.1836
moe_fine_1e19,-1,562,,,,1.17737
moe_fine_1e19,-1,261,,,,1.17417
moe_fine_1e19,-1,797,,,,1.16558
moe_fine_1e19,-1,28,,,,1.16172
moe_fine_1e19,-1,790,,,,1.14823
moe_fine_1e19,-1,356,,,,1.13669
moe_fine_1e19,-1,582,,,,1.13551
moe_fine_1e19,-1,618,,,,1.13392
moe_fine_1e19,-1,623,,,,1.13271
moe_fine_1e19,-1,385,,,,1.12798
moe_fine_1e19,-1,435,,,,1.12698
moe_fine_1e19,-1,312,,,,1.12697
moe_fine_1e19,-1,388,,,,1.12577
moe_fine_1e19,-1,553,,,,1.11989
moe_fine_1e19,-1,538,,,,1.11878
moe_fine_1e19,-1,714,,,,1.11709
moe_fine_1e19,-1,-1,,,,0.89334
moe_fine_1e19,-1,-2,,,,2.75592
