run,iteration,train_lm_loss,final_test_ce,seed,train_lm_loss_bpb,final_test_ce_bpb
dense_1e19,10,1.011392E+01,,1234,3.3962,
dense_1e19,20,8.825540E+00,,1234,2.9636,
dense_1e19,30,7.702665E+00,,1234,2.5865,
dense_1e19,40,6.900508E+00,,1234,2.3172,
dense_1e19,50,6.491513E+00,,1234,2.1798,
dense_1e19,60,6.241483E+00,,1234,2.0959,
dense_1e19,70,6.097654E+00,,1234,2.0476,
dense_1e19,80,5.972062E+00,,1234,2.0054,
dense_1e19,90,5.845814E+00,,1234,1.9630,
dense_1e19,100,5.778673E+00,,1234,1.9405,
dense_1e19,110,5.701495E+00,,1234,1.9145,
dense_1e19,120,5.577063E+00,,1234,1.8728,
dense_1e19,130,5.537373E+00,,1234,1.8594,
dense_1e19,140,5.434997E+00,,1234,1.8250,
dense_1e19,150,5.371997E+00,,1234,1.8039,
dense_1e19,160,5.313574E+00,,1234,1.7843,
dense_1e19,170,5.231586E+00,,1234,1.7567,
dense_1e19,180,5.195072E+00,,1234,1.7445,
dense_1e19,190,5.136773E+00,,1234,1.7249,
dense_1e19,200,5.072224E+00,,1234,1.7032,
dense_1e19,210,5.031761E+00,,1234,1.6896,
dense_1e19,220,4.983957E+00,,1234,1.6736,
dense_1e19,230,4.933937E+00,,1234,1.6568,
dense_1e19,240,4.893758E+00,,1234,1.6433,
dense_1e19,250,4.858897E+00,,1234,1.6316,
dense_1e19,260,4.829404E+00,,1234,1.6217,
dense_1e19,270,4.812408E+00,,1234,1.6160,
dense_1e19,280,4.762414E+00,,1234,1.5992,
dense_1e19,290,4.719799E+00,,1234,1.5849,
dense_1e19,300,4.708849E+00,,1234,1.5812,
dense_1e19,310,4.677708E+00,,1234,1.5708,
dense_1e19,320,4.645006E+00,,1234,1.5598,
dense_1e19,330,4.620410E+00,,1234,1.5515,
dense_1e19,340,4.602043E+00,,1234,1.5453,
dense_1e19,350,4.576424E+00,,1234,1.5367,
dense_1e19,360,4.542575E+00,,1234,1.5254,
dense_1e19,370,4.539788E+00,,1234,1.5244,
dense_1e19,380,4.507235E+00,,1234,1.5135,
dense_1e19,390,4.482244E+00,,1234,1.5051,
dense_1e19,400,4.460783E+00,,1234,1.4979,
dense_1e19,410,4.449943E+00,,1234,1.4943,
dense_1e19,420,4.421892E+00,,1234,1.4849,
dense_1e19,430,4.411802E+00,,1234,1.4815,
dense_1e19,440,4.387936E+00,,1234,1.4735,
dense_1e19,450,4.367229E+00,,1234,1.4665,
dense_1e19,460,4.357583E+00,,1234,1.4633,
dense_1e19,470,4.341985E+00,,1234,1.4580,
dense_1e19,480,4.312838E+00,,1234,1.4482,
dense_1e19,490,4.295860E+00,,1234,1.4425,
dense_1e19,500,4.274760E+00,,1234,1.4354,
dense_1e19,510,4.257785E+00,,1234,1.4297,
dense_1e19,520,4.252389E+00,,1234,1.4279,
dense_1e19,530,4.258516E+00,,1234,1.4300,
dense_1e19,540,4.220569E+00,,1234,1.4172,
dense_1e19,550,4.198759E+00,,1234,1.4099,
dense_1e19,560,4.182628E+00,,1234,1.4045,
dense_1e19,570,4.192490E+00,,1234,1.4078,
dense_1e19,580,4.200743E+00,,1234,1.4106,
dense_1e19,590,4.179346E+00,,1234,1.4034,
dense_1e19,600,4.146783E+00,,1234,1.3925,
dense_1e19,610,4.125635E+00,,1234,1.3854,
dense_1e19,620,4.106095E+00,,1234,1.3788,
dense_1e19,630,4.118230E+00,,1234,1.3829,
dense_1e19,640,4.096301E+00,,1234,1.3755,
dense_1e19,650,4.081516E+00,,1234,1.3706,
dense_1e19,660,4.065340E+00,,1234,1.3651,
dense_1e19,670,4.061253E+00,,1234,1.3638,
dense_1e19,680,4.055227E+00,,1234,1.3617,
dense_1e19,690,4.043851E+00,,1234,1.3579,
dense_1e19,700,4.032080E+00,,1234,1.3540,
dense_1e19,710,4.026196E+00,,1234,1.3520,
dense_1e19,720,4.017321E+00,,1234,1.3490,
dense_1e19,730,4.011145E+00,,1234,1.3469,
dense_1e19,740,3.993880E+00,,1234,1.3411,
dense_1e19,750,3.989803E+00,,1234,1.3398,
dense_1e19,760,3.987524E+00,,1234,1.3390,
dense_1e19,770,3.979976E+00,,1234,1.3365,
dense_1e19,780,3.971957E+00,,1234,1.3338,
dense_1e19,790,3.962919E+00,,1234,1.3307,
dense_1e19,800,3.954729E+00,,1234,1.3280,
dense_1e19,810,3.938311E+00,,1234,1.3225,
dense_1e19,820,3.945417E+00,,1234,1.3249,
dense_1e19,830,3.958303E+00,,1234,1.3292,
dense_1e19,840,3.934483E+00,,1234,1.3212,
dense_1e19,850,3.920966E+00,,1234,1.3166,
dense_1e19,860,3.911340E+00,,1234,1.3134,
dense_1e19,870,3.915546E+00,,1234,1.3148,
dense_1e19,880,3.911012E+00,,1234,1.3133,
dense_1e19,890,3.904546E+00,,1234,1.3111,
dense_1e19,900,3.883668E+00,,1234,1.3041,
dense_1e19,910,3.880317E+00,,1234,1.3030,
dense_1e19,920,3.883162E+00,,1234,1.3039,
dense_1e19,930,3.876563E+00,,1234,1.3017,
dense_1e19,940,3.871506E+00,,1234,1.3000,
dense_1e19,950,3.862206E+00,,1234,1.2969,
dense_1e19,960,3.853098E+00,,1234,1.2939,
dense_1e19,970,3.849814E+00,,1234,1.2928,
dense_1e19,980,3.845792E+00,,1234,1.2914,
dense_1e19,990,3.838499E+00,,1234,1.2890,
dense_1e19,1000,3.835639E+00,,1234,1.2880,
dense_1e19,1010,3.835409E+00,,1234,1.2879,
dense_1e19,1020,3.829371E+00,,1234,1.2859,
dense_1e19,1030,3.833437E+00,,1234,1.2873,
dense_1e19,1040,3.824713E+00,,1234,1.2843,
dense_1e19,1050,3.813618E+00,,1234,1.2806,
dense_1e19,1060,3.808250E+00,,1234,1.2788,
dense_1e19,1070,3.794761E+00,,1234,1.2743,
dense_1e19,1080,3.800355E+00,,1234,1.2761,
dense_1e19,1090,3.796166E+00,,1234,1.2747,
dense_1e19,1100,3.799605E+00,,1234,1.2759,
dense_1e19,1110,3.784618E+00,,1234,1.2709,
dense_1e19,1120,3.784330E+00,,1234,1.2708,
dense_1e19,1130,3.785831E+00,,1234,1.2713,
dense_1e19,1140,3.780815E+00,,1234,1.2696,
dense_1e19,1150,3.774593E+00,,1234,1.2675,
dense_1e19,1160,3.770766E+00,,1234,1.2662,
dense_1e19,1170,3.779005E+00,,1234,1.2690,
dense_1e19,1180,3.759756E+00,,1234,1.2625,
dense_1e19,1190,3.762782E+00,,1234,1.2635,
dense_1e19,1200,3.760862E+00,,1234,1.2629,
dense_1e19,1210,3.753401E+00,,1234,1.2604,
dense_1e19,1220,3.758738E+00,,1234,1.2622,
dense_1e19,1230,3.741676E+00,,1234,1.2564,
dense_1e19,1240,3.747968E+00,,1234,1.2586,
dense_1e19,1250,3.750037E+00,,1234,1.2592,
dense_1e19,1260,3.733800E+00,,1234,1.2538,
dense_1e19,1270,3.737600E+00,,1234,1.2551,
dense_1e19,1280,3.731486E+00,,1234,1.2530,
dense_1e19,1290,3.727760E+00,,1234,1.2518,
dense_1e19,1300,3.725631E+00,,1234,1.2511,
dense_1e19,1310,3.713139E+00,,1234,1.2469,
dense_1e19,1320,3.716382E+00,,1234,1.2479,
dense_1e19,1330,3.713731E+00,,1234,1.2471,
dense_1e19,1340,3.716065E+00,,1234,1.2478,
dense_1e19,1350,3.713309E+00,,1234,1.2469,
dense_1e19,1360,3.709740E+00,,1234,1.2457,
dense_1e19,1370,3.703284E+00,,1234,1.2435,
dense_1e19,1380,3.698008E+00,,1234,1.2418,
dense_1e19,1390,3.701956E+00,,1234,1.2431,
dense_1e19,1400,3.708313E+00,,1234,1.2452,
dense_1e19,1410,3.700607E+00,,1234,1.2426,
dense_1e19,1420,3.687867E+00,,1234,1.2384,
dense_1e19,1430,3.685128E+00,,1234,1.2375,
dense_1e19,1440,3.681888E+00,,1234,1.2364,
dense_1e19,1450,3.691172E+00,,1234,1.2395,
dense_1e19,1460,3.688145E+00,,1234,1.2385,
dense_1e19,1470,3.680257E+00,,1234,1.2358,
dense_1e19,1480,3.677927E+00,,1234,1.2350,
dense_1e19,1490,3.668311E+00,,1234,1.2318,
dense_1e19,1500,3.675569E+00,,1234,1.2342,
dense_1e19,1510,3.671707E+00,,1234,1.2329,
dense_1e19,1520,3.673105E+00,,1234,1.2334,
dense_1e19,1530,3.658218E+00,,1234,1.2284,
dense_1e19,1540,3.666707E+00,,1234,1.2313,
dense_1e19,1550,3.663919E+00,,1234,1.2303,
dense_1e19,1560,3.662698E+00,,1234,1.2299,
dense_1e19,1570,3.655153E+00,,1234,1.2274,
dense_1e19,1580,3.650895E+00,,1234,1.2260,
dense_1e19,1590,3.649275E+00,,1234,1.2254,
dense_1e19,1600,3.651096E+00,,1234,1.2260,
dense_1e19,1610,3.653180E+00,,1234,1.2267,
dense_1e19,1620,3.644458E+00,,1234,1.2238,
dense_1e19,1630,3.641340E+00,,1234,1.2227,
dense_1e19,1640,3.636600E+00,,1234,1.2212,
dense_1e19,1650,3.636234E+00,,1234,1.2210,
dense_1e19,1660,3.631691E+00,,1234,1.2195,
dense_1e19,1670,3.631167E+00,,1234,1.2193,
dense_1e19,1680,3.628371E+00,,1234,1.2184,
dense_1e19,1690,3.628447E+00,,1234,1.2184,
dense_1e19,1700,3.622615E+00,,1234,1.2165,
dense_1e19,1710,3.621015E+00,,1234,1.2159,
dense_1e19,1720,3.625948E+00,,1234,1.2176,
dense_1e19,1730,3.620218E+00,,1234,1.2157,
dense_1e19,1740,3.621890E+00,,1234,1.2162,
dense_1e19,1750,3.619141E+00,,1234,1.2153,
dense_1e19,1760,3.609524E+00,,1234,1.2121,
dense_1e19,1770,3.607009E+00,,1234,1.2112,
dense_1e19,1780,3.619593E+00,,1234,1.2154,
dense_1e19,1790,3.613505E+00,,1234,1.2134,
dense_1e19,1800,3.607545E+00,,1234,1.2114,
dense_1e19,1810,3.606798E+00,,1234,1.2111,
dense_1e19,1820,3.607026E+00,,1234,1.2112,
dense_1e19,1830,3.603322E+00,,1234,1.2100,
dense_1e19,1840,3.594858E+00,,1234,1.2071,
dense_1e19,1850,3.598114E+00,,1234,1.2082,
dense_1e19,1860,3.598296E+00,,1234,1.2083,
dense_1e19,1870,3.600900E+00,,1234,1.2092,
dense_1e19,1880,3.593670E+00,,1234,1.2067,
dense_1e19,1890,3.588183E+00,,1234,1.2049,
dense_1e19,1900,3.592505E+00,,1234,1.2063,
dense_1e19,1910,3.581703E+00,,1234,1.2027,
dense_1e19,1920,3.591508E+00,,1234,1.2060,
dense_1e19,1930,3.584177E+00,,1234,1.2036,
dense_1e19,1940,3.584753E+00,,1234,1.2037,
dense_1e19,1950,3.586473E+00,,1234,1.2043,
dense_1e19,1960,3.583538E+00,,1234,1.2033,
dense_1e19,1970,3.578276E+00,,1234,1.2016,
dense_1e19,1980,3.579497E+00,,1234,1.2020,
dense_1e19,1990,3.576908E+00,,1234,1.2011,
dense_1e19,2000,3.570072E+00,,1234,1.1988,
dense_1e19,2010,3.573135E+00,,1234,1.1998,
dense_1e19,2020,3.569278E+00,,1234,1.1985,
dense_1e19,2030,3.571263E+00,,1234,1.1992,
dense_1e19,2040,3.568456E+00,,1234,1.1983,
dense_1e19,2050,3.575272E+00,,1234,1.2006,
dense_1e19,2060,3.564727E+00,,1234,1.1970,
dense_1e19,2070,3.561220E+00,,1234,1.1958,
dense_1e19,2080,3.560815E+00,,1234,1.1957,
dense_1e19,2090,3.570364E+00,,1234,1.1989,
dense_1e19,2100,3.557389E+00,,1234,1.1946,
dense_1e19,2110,3.553441E+00,,1234,1.1932,
dense_1e19,2120,3.561517E+00,,1234,1.1959,
dense_1e19,2130,3.555131E+00,,1234,1.1938,
dense_1e19,2140,3.548011E+00,,1234,1.1914,
dense_1e19,2150,3.547866E+00,,1234,1.1914,
dense_1e19,2160,3.550841E+00,,1234,1.1924,
dense_1e19,2170,3.547257E+00,,1234,1.1912,
dense_1e19,2180,3.547654E+00,,1234,1.1913,
dense_1e19,2190,3.540300E+00,,1234,1.1888,
dense_1e19,2200,3.537820E+00,,1234,1.1880,
dense_1e19,2210,3.538896E+00,,1234,1.1883,
dense_1e19,2220,3.547660E+00,,1234,1.1913,
dense_1e19,2230,3.550006E+00,,1234,1.1921,
dense_1e19,2240,3.543491E+00,,1234,1.1899,
dense_1e19,2250,3.546220E+00,,1234,1.1908,
dense_1e19,2260,3.548717E+00,,1234,1.1916,
dense_1e19,2270,3.545912E+00,,1234,1.1907,
dense_1e19,2280,3.685079E+00,,1234,1.2374,
dense_1e19,2290,7.045225E+00,,1234,2.3658,
dense_1e19,2300,7.758607E+00,,1234,2.6053,
dense_1e19,2310,7.072890E+00,,1234,2.3750,
dense_1e19,2320,6.721884E+00,,1234,2.2572,
dense_1e19,2330,6.482782E+00,,1234,2.1769,
dense_1e19,2340,6.215879E+00,,1234,2.0873,
dense_1e19,2350,5.922911E+00,,1234,1.9889,
dense_1e19,2360,5.654931E+00,,1234,1.8989,
dense_1e19,2370,5.368787E+00,,1234,1.8028,
dense_1e19,2380,5.045489E+00,,1234,1.6943,
dense_1e19,2390,4.740085E+00,,1234,1.5917,
dense_1e19,2400,4.408406E+00,,1234,1.4803,
dense_1e19,2410,4.148970E+00,,1234,1.3932,
dense_1e19,2420,3.944115E+00,,1234,1.3244,
dense_1e19,2430,3.816793E+00,,1234,1.2817,
dense_1e19,2440,3.732487E+00,,1234,1.2534,
dense_1e19,2450,3.682759E+00,,1234,1.2367,
dense_1e19,2460,3.650961E+00,,1234,1.2260,
dense_1e19,2470,3.628218E+00,,1234,1.2183,
dense_1e19,2480,3.620271E+00,,1234,1.2157,
dense_1e19,2490,3.608535E+00,,1234,1.2117,
dense_1e19,2500,3.597552E+00,,1234,1.2080,
dense_1e19,2510,3.585593E+00,,1234,1.2040,
dense_1e19,2520,3.578278E+00,,1234,1.2016,
dense_1e19,2530,3.578711E+00,,1234,1.2017,
dense_1e19,2540,3.576135E+00,,1234,1.2009,
dense_1e19,2550,3.563498E+00,,1234,1.1966,
dense_1e19,2560,3.561436E+00,,1234,1.1959,
dense_1e19,2570,3.559187E+00,,1234,1.1952,
dense_1e19,2580,3.551266E+00,,1234,1.1925,
dense_1e19,2590,3.552029E+00,,1234,1.1928,
dense_1e19,2600,3.548364E+00,,1234,1.1915,
dense_1e19,2610,3.548510E+00,,1234,1.1916,
dense_1e19,2620,3.537683E+00,,1234,1.1879,
dense_1e19,2630,3.528463E+00,,1234,1.1848,
dense_1e19,2640,3.535093E+00,,1234,1.1871,
dense_1e19,2650,3.536819E+00,,1234,1.1876,
dense_1e19,2660,3.531957E+00,,1234,1.1860,
dense_1e19,2670,3.531609E+00,,1234,1.1859,
dense_1e19,2680,3.529988E+00,,1234,1.1854,
dense_1e19,2690,3.523854E+00,,1234,1.1833,
dense_1e19,2700,3.522461E+00,,1234,1.1828,
dense_1e19,2710,3.518536E+00,,1234,1.1815,
dense_1e19,2720,3.519598E+00,,1234,1.1819,
dense_1e19,2730,3.512973E+00,,1234,1.1796,
dense_1e19,2740,3.520047E+00,,1234,1.1820,
dense_1e19,2750,3.520857E+00,,1234,1.1823,
dense_1e19,2760,3.521376E+00,,1234,1.1825,
dense_1e19,2770,3.513355E+00,,1234,1.1798,
dense_1e19,2780,3.506766E+00,,1234,1.1776,
dense_1e19,2790,3.507573E+00,,1234,1.1778,
dense_1e19,2800,3.505262E+00,,1234,1.1771,
dense_1e19,2810,3.509015E+00,,1234,1.1783,
dense_1e19,2820,3.515032E+00,,1234,1.1803,
dense_1e19,2830,3.502935E+00,,1234,1.1763,
dense_1e19,2840,3.497950E+00,,1234,1.1746,
dense_1e19,2850,3.502019E+00,,1234,1.1760,
dense_1e19,2860,3.498743E+00,,1234,1.1749,
dense_1e19,2870,3.495028E+00,,1234,1.1736,
dense_1e19,2880,3.495275E+00,,1234,1.1737,
dense_1e19,2890,3.499417E+00,,1234,1.1751,
dense_1e19,2900,3.493439E+00,,1234,1.1731,
dense_1e19,2910,3.496215E+00,,1234,1.1740,
dense_1e19,2920,3.487350E+00,,1234,1.1710,
dense_1e19,2930,3.489146E+00,,1234,1.1716,
dense_1e19,2940,3.484373E+00,,1234,1.1700,
dense_1e19,2950,3.492499E+00,,1234,1.1728,
dense_1e19,2960,3.487430E+00,,1234,1.1711,
dense_1e19,2970,3.480569E+00,,1234,1.1688,
dense_1e19,2980,3.481318E+00,,1234,1.1690,
dense_1e19,2990,3.484667E+00,,1234,1.1701,
dense_1e19,3000,3.481908E+00,,1234,1.1692,
dense_1e19,3010,3.483677E+00,,1234,1.1698,
dense_1e19,3020,3.480488E+00,,1234,1.1687,
dense_1e19,3030,3.475240E+00,,1234,1.1670,
dense_1e19,3040,3.484815E+00,,1234,1.1702,
dense_1e19,3050,3.473980E+00,,1234,1.1665,
dense_1e19,3060,3.476799E+00,,1234,1.1675,
dense_1e19,3070,3.474360E+00,,1234,1.1667,
dense_1e19,3080,3.473648E+00,,1234,1.1664,
dense_1e19,3090,3.474597E+00,,1234,1.1668,
dense_1e19,3100,3.473418E+00,,1234,1.1664,
dense_1e19,3110,3.468610E+00,,1234,1.1647,
dense_1e19,3120,3.471091E+00,,1234,1.1656,
dense_1e19,3130,3.473270E+00,,1234,1.1663,
dense_1e19,3140,3.463519E+00,,1234,1.1630,
dense_1e19,3150,3.468538E+00,,1234,1.1647,
dense_1e19,3160,3.467183E+00,,1234,1.1643,
dense_1e19,3170,3.467521E+00,,1234,1.1644,
dense_1e19,3180,3.465784E+00,,1234,1.1638,
dense_1e19,3190,3.466548E+00,,1234,1.1641,
dense_1e19,3200,3.467647E+00,,1234,1.1644,
dense_1e19,3210,3.459010E+00,,1234,1.1615,
dense_1e19,3220,3.459188E+00,,1234,1.1616,
dense_1e19,3230,3.468127E+00,,1234,1.1646,
dense_1e19,3240,3.463591E+00,,1234,1.1631,
dense_1e19,3250,3.462596E+00,,1234,1.1627,
dense_1e19,3260,3.459976E+00,,1234,1.1618,
dense_1e19,3270,3.460184E+00,,1234,1.1619,
dense_1e19,3280,3.462312E+00,,1234,1.1626,
dense_1e19,3290,3.455387E+00,,1234,1.1603,
dense_1e19,3300,3.453251E+00,,1234,1.1596,
dense_1e19,3310,3.457431E+00,,1234,1.1610,
dense_1e19,3320,3.460081E+00,,1234,1.1619,
dense_1e19,3330,3.452934E+00,,1234,1.1595,
dense_1e19,3340,3.458781E+00,,1234,1.1614,
dense_1e19,3350,3.452319E+00,,1234,1.1593,
dense_1e19,3360,3.453712E+00,,1234,1.1597,
dense_1e19,3370,3.446206E+00,,1234,1.1572,
dense_1e19,3380,3.442192E+00,,1234,1.1559,
dense_1e19,3390,3.441252E+00,,1234,1.1556,
dense_1e19,3400,3.446599E+00,,1234,1.1574,
dense_1e19,3410,3.439661E+00,,1234,1.1550,
dense_1e19,3420,3.442377E+00,,1234,1.1559,
dense_1e19,3430,3.448411E+00,,1234,1.1580,
dense_1e19,3440,3.448162E+00,,1234,1.1579,
dense_1e19,3450,3.446033E+00,,1234,1.1572,
dense_1e19,3460,3.441942E+00,,1234,1.1558,
dense_1e19,3470,3.444914E+00,,1234,1.1568,
dense_1e19,3480,3.437524E+00,,1234,1.1543,
dense_1e19,3490,3.441431E+00,,1234,1.1556,
dense_1e19,3500,3.440353E+00,,1234,1.1553,
dense_1e19,3510,3.443905E+00,,1234,1.1564,
dense_1e19,3520,3.440558E+00,,1234,1.1553,
dense_1e19,3530,3.441165E+00,,1234,1.1555,
dense_1e19,3540,3.435958E+00,,1234,1.1538,
dense_1e19,3550,3.437188E+00,,1234,1.1542,
dense_1e19,3560,3.433858E+00,,1234,1.1531,
dense_1e19,3570,3.435209E+00,,1234,1.1535,
dense_1e19,3580,3.436124E+00,,1234,1.1538,
dense_1e19,3590,3.435320E+00,,1234,1.1536,
dense_1e19,3600,3.435338E+00,,1234,1.1536,
dense_1e19,3610,3.438211E+00,,1234,1.1545,
dense_1e19,3620,3.430824E+00,,1234,1.1521,
dense_1e19,3630,3.425656E+00,,1234,1.1503,
dense_1e19,3640,3.438429E+00,,1234,1.1546,
dense_1e19,3650,3.426003E+00,,1234,1.1504,
dense_1e19,3660,3.427515E+00,,1234,1.1509,
dense_1e19,3670,3.437628E+00,,1234,1.1543,
dense_1e19,3680,3.424818E+00,,1234,1.1500,
dense_1e19,3690,3.424131E+00,,1234,1.1498,
dense_1e19,3700,3.425618E+00,,1234,1.1503,
dense_1e19,3710,3.425162E+00,,1234,1.1502,
dense_1e19,3720,3.421691E+00,,1234,1.1490,
dense_1e19,3730,3.426919E+00,,1234,1.1507,
dense_1e19,3740,3.422758E+00,,1234,1.1493,
dense_1e19,3750,3.423007E+00,,1234,1.1494,
dense_1e19,3760,3.415971E+00,,1234,1.1471,
dense_1e19,3770,3.421310E+00,,1234,1.1489,
dense_1e19,3780,3.414444E+00,,1234,1.1466,
dense_1e19,3790,3.420748E+00,,1234,1.1487,
dense_1e19,3800,3.413979E+00,,1234,1.1464,
dense_1e19,3810,3.416117E+00,,1234,1.1471,
dense_1e19,3820,3.417047E+00,,1234,1.1474,
dense_1e19,3830,3.420684E+00,,1234,1.1487,
dense_1e19,3840,3.413705E+00,,1234,1.1463,
dense_1e19,3850,3.416880E+00,,1234,1.1474,
dense_1e19,3860,3.415244E+00,,1234,1.1468,
dense_1e19,3870,3.409842E+00,,1234,1.1450,
dense_1e19,3880,3.418322E+00,,1234,1.1479,
dense_1e19,3890,3.412431E+00,,1234,1.1459,
dense_1e19,3900,3.416320E+00,,1234,1.1472,
dense_1e19,3910,3.408402E+00,,1234,1.1445,
dense_1e19,3920,3.409447E+00,,1234,1.1449,
dense_1e19,3930,3.401865E+00,,1234,1.1423,
dense_1e19,3940,3.403601E+00,,1234,1.1429,
dense_1e19,3950,3.402099E+00,,1234,1.1424,
dense_1e19,3960,3.398983E+00,,1234,1.1414,
dense_1e19,3970,3.393253E+00,,1234,1.1394,
dense_1e19,3980,3.390379E+00,,1234,1.1385,
dense_1e19,3990,3.395198E+00,,1234,1.1401,
dense_1e19,4000,3.398455E+00,,1234,1.1412,
dense_1e19,4010,3.383532E+00,,1234,1.1362,
dense_1e19,4020,3.384972E+00,,1234,1.1367,
dense_1e19,4030,3.385816E+00,,1234,1.1369,
dense_1e19,4040,3.386702E+00,,1234,1.1372,
dense_1e19,4050,3.381407E+00,,1234,1.1355,
dense_1e19,4060,3.379995E+00,,1234,1.1350,
dense_1e19,4070,3.385234E+00,,1234,1.1367,
dense_1e19,4080,3.381598E+00,,1234,1.1355,
dense_1e19,4090,3.377589E+00,,1234,1.1342,
dense_1e19,4100,3.374600E+00,,1234,1.1332,
dense_1e19,4110,3.374640E+00,,1234,1.1332,
dense_1e19,4120,3.376109E+00,,1234,1.1337,
dense_1e19,4130,3.368415E+00,,1234,1.1311,
dense_1e19,4140,3.372732E+00,,1234,1.1325,
dense_1e19,4150,3.367921E+00,,1234,1.1309,
dense_1e19,4160,3.370124E+00,,1234,1.1317,
dense_1e19,4170,3.365761E+00,,1234,1.1302,
dense_1e19,4180,3.364220E+00,,1234,1.1297,
dense_1e19,4190,3.359874E+00,,1234,1.1282,
dense_1e19,4200,3.362714E+00,,1234,1.1292,
dense_1e19,4210,3.362831E+00,,1234,1.1292,
dense_1e19,4220,3.357754E+00,,1234,1.1275,
dense_1e19,4230,3.357664E+00,,1234,1.1275,
dense_1e19,4240,3.353638E+00,,1234,1.1261,
dense_1e19,4250,3.356023E+00,,1234,1.1269,
dense_1e19,4260,3.357631E+00,,1234,1.1275,
dense_1e19,4270,3.357003E+00,,1234,1.1273,
dense_1e19,4280,3.355447E+00,,1234,1.1267,
dense_1e19,4290,3.354665E+00,,1234,1.1265,
dense_1e19,4300,3.350412E+00,,1234,1.1251,
dense_1e19,4310,3.349644E+00,,1234,1.1248,
dense_1e19,4318,,3.353214,1234,,1.1260
moe_coarse_1e19,10,1.021720E+01,,1234,3.4309,
moe_coarse_1e19,20,9.004491E+00,,1234,3.0237,
moe_coarse_1e19,30,7.973724E+00,,1234,2.6775,
moe_coarse_1e19,40,7.146584E+00,,1234,2.3998,
moe_coarse_1e19,50,6.758406E+00,,1234,2.2694,
moe_coarse_1e19,60,6.489908E+00,,1234,2.1793,
moe_coarse_1e19,70,6.329877E+00,,1234,2.1255,
moe_coarse_1e19,80,6.206179E+00,,1234,2.0840,
moe_coarse_1e19,90,6.093341E+00,,1234,2.0461,
moe_coarse_1e19,100,5.980001E+00,,1234,2.0081,
moe_coarse_1e19,110,5.887297E+00,,1234,1.9769,
moe_coarse_1e19,120,5.772382E+00,,1234,1.9383,
moe_coarse_1e19,130,5.700737E+00,,1234,1.9143,
moe_coarse_1e19,140,5.589167E+00,,1234,1.8768,
moe_coarse_1e19,150,5.511842E+00,,1234,1.8509,
moe_coarse_1e19,160,5.413927E+00,,1234,1.8180,
moe_coarse_1e19,170,5.393773E+00,,1234,1.8112,
moe_coarse_1e19,180,5.310759E+00,,1234,1.7833,
moe_coarse_1e19,190,5.232732E+00,,1234,1.7571,
moe_coarse_1e19,200,5.172572E+00,,1234,1.7369,
moe_coarse_1e19,210,5.100319E+00,,1234,1.7127,
moe_coarse_1e19,220,5.043509E+00,,1234,1.6936,
moe_coarse_1e19,230,5.005054E+00,,1234,1.6807,
moe_coarse_1e19,240,4.946838E+00,,1234,1.6611,
moe_coarse_1e19,250,4.940517E+00,,1234,1.6590,
moe_coarse_1e19,260,4.874540E+00,,1234,1.6369,
moe_coarse_1e19,270,4.822947E+00,,1234,1.6195,
moe_coarse_1e19,280,4.788417E+00,,1234,1.6079,
moe_coarse_1e19,290,4.755520E+00,,1234,1.5969,
moe_coarse_1e19,300,4.712297E+00,,1234,1.5824,
moe_coarse_1e19,310,4.688527E+00,,1234,1.5744,
moe_coarse_1e19,320,4.645141E+00,,1234,1.5598,
moe_coarse_1e19,330,4.607579E+00,,1234,1.5472,
moe_coarse_1e19,340,4.577320E+00,,1234,1.5370,
moe_coarse_1e19,350,4.573557E+00,,1234,1.5358,
moe_coarse_1e19,360,4.540678E+00,,1234,1.5247,
moe_coarse_1e19,370,4.502671E+00,,1234,1.5120,
moe_coarse_1e19,380,4.470164E+00,,1234,1.5011,
moe_coarse_1e19,390,4.435081E+00,,1234,1.4893,
moe_coarse_1e19,400,4.418499E+00,,1234,1.4837,
moe_coarse_1e19,410,4.402313E+00,,1234,1.4783,
moe_coarse_1e19,420,4.364046E+00,,1234,1.4654,
moe_coarse_1e19,430,4.365838E+00,,1234,1.4660,
moe_coarse_1e19,440,4.348183E+00,,1234,1.4601,
moe_coarse_1e19,450,4.309737E+00,,1234,1.4472,
moe_coarse_1e19,460,4.282992E+00,,1234,1.4382,
moe_coarse_1e19,470,4.260443E+00,,1234,1.4306,
moe_coarse_1e19,480,4.239768E+00,,1234,1.4237,
moe_coarse_1e19,490,4.218486E+00,,1234,1.4166,
moe_coarse_1e19,500,4.197678E+00,,1234,1.4096,
moe_coarse_1e19,510,4.178905E+00,,1234,1.4033,
moe_coarse_1e19,520,4.149104E+00,,1234,1.3933,
moe_coarse_1e19,530,4.131409E+00,,1234,1.3873,
moe_coarse_1e19,540,4.106072E+00,,1234,1.3788,
moe_coarse_1e19,550,4.102655E+00,,1234,1.3777,
moe_coarse_1e19,560,4.087123E+00,,1234,1.3724,
moe_coarse_1e19,570,4.082046E+00,,1234,1.3707,
moe_coarse_1e19,580,4.066735E+00,,1234,1.3656,
moe_coarse_1e19,590,4.045243E+00,,1234,1.3584,
moe_coarse_1e19,600,4.022596E+00,,1234,1.3508,
moe_coarse_1e19,610,4.007092E+00,,1234,1.3456,
moe_coarse_1e19,620,3.992166E+00,,1234,1.3406,
moe_coarse_1e19,630,3.997534E+00,,1234,1.3424,
moe_coarse_1e19,640,3.973103E+00,,1234,1.3342,
moe_coarse_1e19,650,3.953193E+00,,1234,1.3275,
moe_coarse_1e19,660,3.934402E+00,,1234,1.3212,
moe_coarse_1e19,670,3.935175E+00,,1234,1.3214,
moe_coarse_1e19,680,3.924118E+00,,1234,1.3177,
moe_coarse_1e19,690,3.906308E+00,,1234,1.3117,
moe_coarse_1e19,700,3.896831E+00,,1234,1.3085,
moe_coarse_1e19,710,3.890890E+00,,1234,1.3065,
moe_coarse_1e19,720,3.883381E+00,,1234,1.3040,
moe_coarse_1e19,730,3.886541E+00,,1234,1.3051,
moe_coarse_1e19,740,3.866806E+00,,1234,1.2985,
moe_coarse_1e19,750,3.853460E+00,,1234,1.2940,
moe_coarse_1e19,760,3.837029E+00,,1234,1.2885,
moe_coarse_1e19,770,3.830269E+00,,1234,1.2862,
moe_coarse_1e19,780,3.826305E+00,,1234,1.2849,
moe_coarse_1e19,790,3.814521E+00,,1234,1.2809,
moe_coarse_1e19,800,3.807409E+00,,1234,1.2785,
moe_coarse_1e19,810,3.786635E+00,,1234,1.2715,
moe_coarse_1e19,820,3.794143E+00,,1234,1.2741,
moe_coarse_1e19,830,3.800711E+00,,1234,1.2763,
moe_coarse_1e19,840,3.783204E+00,,1234,1.2704,
moe_coarse_1e19,850,3.767747E+00,,1234,1.2652,
moe_coarse_1e19,860,3.757126E+00,,1234,1.2616,
moe_coarse_1e19,870,3.751481E+00,,1234,1.2597,
moe_coarse_1e19,880,3.738327E+00,,1234,1.2553,
moe_coarse_1e19,890,3.742628E+00,,1234,1.2568,
moe_coarse_1e19,900,3.729527E+00,,1234,1.2524,
moe_coarse_1e19,910,3.723861E+00,,1234,1.2505,
moe_coarse_1e19,920,3.720005E+00,,1234,1.2492,
moe_coarse_1e19,930,3.713053E+00,,1234,1.2468,
moe_coarse_1e19,940,3.710587E+00,,1234,1.2460,
moe_coarse_1e19,950,3.698433E+00,,1234,1.2419,
moe_coarse_1e19,960,3.688065E+00,,1234,1.2384,
moe_coarse_1e19,970,3.686880E+00,,1234,1.2380,
moe_coarse_1e19,980,3.680162E+00,,1234,1.2358,
moe_coarse_1e19,990,3.670918E+00,,1234,1.2327,
moe_coarse_1e19,1000,3.666866E+00,,1234,1.2313,
moe_coarse_1e19,1010,3.669125E+00,,1234,1.2321,
moe_coarse_1e19,1020,3.665747E+00,,1234,1.2309,
moe_coarse_1e19,1030,3.669605E+00,,1234,1.2322,
moe_coarse_1e19,1040,3.655919E+00,,1234,1.2276,
moe_coarse_1e19,1050,3.642487E+00,,1234,1.2231,
moe_coarse_1e19,1060,3.637293E+00,,1234,1.2214,
moe_coarse_1e19,1070,3.629796E+00,,1234,1.2189,
moe_coarse_1e19,1080,3.631814E+00,,1234,1.2195,
moe_coarse_1e19,1090,3.621958E+00,,1234,1.2162,
moe_coarse_1e19,1100,3.624680E+00,,1234,1.2172,
moe_coarse_1e19,1110,3.611969E+00,,1234,1.2129,
moe_coarse_1e19,1120,3.613027E+00,,1234,1.2132,
moe_coarse_1e19,1130,3.611479E+00,,1234,1.2127,
moe_coarse_1e19,1140,3.608785E+00,,1234,1.2118,
moe_coarse_1e19,1150,3.599876E+00,,1234,1.2088,
moe_coarse_1e19,1160,3.588884E+00,,1234,1.2051,
moe_coarse_1e19,1170,3.603187E+00,,1234,1.2099,
moe_coarse_1e19,1180,3.589408E+00,,1234,1.2053,
moe_coarse_1e19,1190,3.586400E+00,,1234,1.2043,
moe_coarse_1e19,1200,3.580748E+00,,1234,1.2024,
moe_coarse_1e19,1210,3.578019E+00,,1234,1.2015,
moe_coarse_1e19,1220,3.579578E+00,,1234,1.2020,
moe_coarse_1e19,1230,3.566436E+00,,1234,1.1976,
moe_coarse_1e19,1240,3.570864E+00,,1234,1.1991,
moe_coarse_1e19,1250,3.567836E+00,,1234,1.1981,
moe_coarse_1e19,1260,3.556657E+00,,1234,1.1943,
moe_coarse_1e19,1270,3.560582E+00,,1234,1.1956,
moe_coarse_1e19,1280,3.553423E+00,,1234,1.1932,
moe_coarse_1e19,1290,3.547629E+00,,1234,1.1913,
moe_coarse_1e19,1300,3.548758E+00,,1234,1.1917,
moe_coarse_1e19,1310,3.536225E+00,,1234,1.1874,
moe_coarse_1e19,1320,3.536403E+00,,1234,1.1875,
moe_coarse_1e19,1330,3.532192E+00,,1234,1.1861,
moe_coarse_1e19,1340,3.534509E+00,,1234,1.1869,
moe_coarse_1e19,1350,3.533405E+00,,1234,1.1865,
moe_coarse_1e19,1360,3.530278E+00,,1234,1.1855,
moe_coarse_1e19,1370,3.521571E+00,,1234,1.1825,
moe_coarse_1e19,1380,3.515298E+00,,1234,1.1804,
moe_coarse_1e19,1390,3.520575E+00,,1234,1.1822,
moe_coarse_1e19,1400,3.531306E+00,,1234,1.1858,
moe_coarse_1e19,1410,3.517871E+00,,1234,1.1813,
moe_coarse_1e19,1420,3.506331E+00,,1234,1.1774,
moe_coarse_1e19,1430,3.504855E+00,,1234,1.1769,
moe_coarse_1e19,1440,3.502225E+00,,1234,1.1760,
moe_coarse_1e19,1450,3.503126E+00,,1234,1.1763,
moe_coarse_1e19,1460,3.499438E+00,,1234,1.1751,
moe_coarse_1e19,1470,3.497330E+00,,1234,1.1744,
moe_coarse_1e19,1480,3.493390E+00,,1234,1.1731,
moe_coarse_1e19,1490,3.490874E+00,,1234,1.1722,
moe_coarse_1e19,1500,3.486105E+00,,1234,1.1706,
moe_coarse_1e19,1510,3.484265E+00,,1234,1.1700,
moe_coarse_1e19,1520,3.487374E+00,,1234,1.1710,
moe_coarse_1e19,1530,3.476901E+00,,1234,1.1675,
moe_coarse_1e19,1540,3.485474E+00,,1234,1.1704,
moe_coarse_1e19,1550,3.477148E+00,,1234,1.1676,
moe_coarse_1e19,1560,3.472027E+00,,1234,1.1659,
moe_coarse_1e19,1570,3.470877E+00,,1234,1.1655,
moe_coarse_1e19,1580,3.470447E+00,,1234,1.1654,
moe_coarse_1e19,1590,3.468614E+00,,1234,1.1647,
moe_coarse_1e19,1600,3.464022E+00,,1234,1.1632,
moe_coarse_1e19,1610,3.461617E+00,,1234,1.1624,
moe_coarse_1e19,1620,3.454329E+00,,1234,1.1599,
moe_coarse_1e19,1630,3.456002E+00,,1234,1.1605,
moe_coarse_1e19,1640,3.446436E+00,,1234,1.1573,
moe_coarse_1e19,1650,3.450415E+00,,1234,1.1586,
moe_coarse_1e19,1660,3.451124E+00,,1234,1.1589,
moe_coarse_1e19,1670,3.450379E+00,,1234,1.1586,
moe_coarse_1e19,1680,3.440614E+00,,1234,1.1553,
moe_coarse_1e19,1690,3.440411E+00,,1234,1.1553,
moe_coarse_1e19,1700,3.439190E+00,,1234,1.1549,
moe_coarse_1e19,1710,3.437447E+00,,1234,1.1543,
moe_coarse_1e19,1720,3.436557E+00,,1234,1.1540,
moe_coarse_1e19,1730,3.428877E+00,,1234,1.1514,
moe_coarse_1e19,1740,3.432407E+00,,1234,1.1526,
moe_coarse_1e19,1750,3.431856E+00,,1234,1.1524,
moe_coarse_1e19,1760,3.423080E+00,,1234,1.1495,
moe_coarse_1e19,1770,3.422032E+00,,1234,1.1491,
moe_coarse_1e19,1780,3.432433E+00,,1234,1.1526,
moe_coarse_1e19,1790,3.421234E+00,,1234,1.1488,
moe_coarse_1e19,1800,3.413499E+00,,1234,1.1462,
moe_coarse_1e19,1810,3.414147E+00,,1234,1.1465,
moe_coarse_1e19,1820,3.417914E+00,,1234,1.1477,
moe_coarse_1e19,1830,3.416639E+00,,1234,1.1473,
moe_coarse_1e19,1840,3.408652E+00,,1234,1.1446,
moe_coarse_1e19,1850,3.407390E+00,,1234,1.1442,
moe_coarse_1e19,1860,3.406558E+00,,1234,1.1439,
moe_coarse_1e19,1870,3.413365E+00,,1234,1.1462,
moe_coarse_1e19,1880,3.407172E+00,,1234,1.1441,
moe_coarse_1e19,1890,3.397885E+00,,1234,1.1410,
moe_coarse_1e19,1900,3.401387E+00,,1234,1.1422,
moe_coarse_1e19,1910,3.393513E+00,,1234,1.1395,
moe_coarse_1e19,1920,3.403883E+00,,1234,1.1430,
moe_coarse_1e19,1930,3.397219E+00,,1234,1.1408,
moe_coarse_1e19,1940,3.394318E+00,,1234,1.1398,
moe_coarse_1e19,1950,3.394551E+00,,1234,1.1399,
moe_coarse_1e19,1960,3.389192E+00,,1234,1.1381,
moe_coarse_1e19,1970,3.388063E+00,,1234,1.1377,
moe_coarse_1e19,1980,3.387152E+00,,1234,1.1374,
moe_coarse_1e19,1990,3.385154E+00,,1234,1.1367,
moe_coarse_1e19,2000,3.381425E+00,,1234,1.1355,
moe_coarse_1e19,2010,3.387654E+00,,1234,1.1376,
moe_coarse_1e19,2020,3.382792E+00,,1234,1.1359,
moe_coarse_1e19,2030,3.379432E+00,,1234,1.1348,
moe_coarse_1e19,2040,3.375639E+00,,1234,1.1335,
moe_coarse_1e19,2050,3.379463E+00,,1234,1.1348,
moe_coarse_1e19,2060,3.372235E+00,,1234,1.1324,
moe_coarse_1e19,2070,3.369555E+00,,1234,1.1315,
moe_coarse_1e19,2080,3.370968E+00,,1234,1.1320,
moe_coarse_1e19,2090,3.374598E+00,,1234,1.1332,
moe_coarse_1e19,2100,3.362135E+00,,1234,1.1290,
moe_coarse_1e19,2110,3.360565E+00,,1234,1.1285,
moe_coarse_1e19,2120,3.368534E+00,,1234,1.1311,
moe_coarse_1e19,2130,3.363699E+00,,1234,1.1295,
moe_coarse_1e19,2140,3.356302E+00,,1234,1.1270,
moe_coarse_1e19,2150,3.355285E+00,,1234,1.1267,
moe_coarse_1e19,2160,3.357618E+00,,1234,1.1275,
moe_coarse_1e19,2170,3.353549E+00,,1234,1.1261,
moe_coarse_1e19,2180,3.353726E+00,,1234,1.1262,
moe_coarse_1e19,2190,3.347543E+00,,1234,1.1241,
moe_coarse_1e19,2200,3.347396E+00,,1234,1.1240,
moe_coarse_1e19,2210,3.348050E+00,,1234,1.1243,
moe_coarse_1e19,2220,3.352893E+00,,1234,1.1259,
moe_coarse_1e19,2230,3.354045E+00,,1234,1.1263,
moe_coarse_1e19,2240,3.350288E+00,,1234,1.1250,
moe_coarse_1e19,2250,3.350937E+00,,1234,1.1252,
moe_coarse_1e19,2260,3.344667E+00,,1234,1.1231,
moe_coarse_1e19,2270,3.338273E+00,,1234,1.1210,
moe_coarse_1e19,2280,3.346233E+00,,1234,1.1237,
moe_coarse_1e19,2290,3.333961E+00,,1234,1.1195,
moe_coarse_1e19,2300,3.339320E+00,,1234,1.1213,
moe_coarse_1e19,2310,3.335062E+00,,1234,1.1199,
moe_coarse_1e19,2320,3.329123E+00,,1234,1.1179,
moe_coarse_1e19,2330,3.331810E+00,,1234,1.1188,
moe_coarse_1e19,2340,3.326619E+00,,1234,1.1171,
moe_coarse_1e19,2350,3.334750E+00,,1234,1.1198,
moe_coarse_1e19,2360,3.330505E+00,,1234,1.1184,
moe_coarse_1e19,2370,3.333848E+00,,1234,1.1195,
moe_coarse_1e19,2380,3.328617E+00,,1234,1.1177,
moe_coarse_1e19,2390,3.325513E+00,,1234,1.1167,
moe_coarse_1e19,2400,3.321651E+00,,1234,1.1154,
moe_coarse_1e19,2410,3.319296E+00,,1234,1.1146,
moe_coarse_1e19,2420,3.320910E+00,,1234,1.1151,
moe_coarse_1e19,2430,3.322874E+00,,1234,1.1158,
moe_coarse_1e19,2440,3.318886E+00,,1234,1.1145,
moe_coarse_1e19,2450,3.318874E+00,,1234,1.1145,
moe_coarse_1e19,2460,3.316046E+00,,1234,1.1135,
moe_coarse_1e19,2470,3.310786E+00,,1234,1.1117,
moe_coarse_1e19,2480,3.318177E+00,,1234,1.1142,
moe_coarse_1e19,2490,3.319260E+00,,1234,1.1146,
moe_coarse_1e19,2500,3.316528E+00,,1234,1.1137,
moe_coarse_1e19,2510,3.311061E+00,,1234,1.1118,
moe_coarse_1e19,2520,3.307381E+00,,1234,1.1106,
moe_coarse_1e19,2530,3.312006E+00,,1234,1.1122,
moe_coarse_1e19,2540,3.314563E+00,,1234,1.1130,
moe_coarse_1e19,2550,3.304888E+00,,1234,1.1098,
moe_coarse_1e19,2560,3.307255E+00,,1234,1.1106,
moe_coarse_1e19,2570,3.308315E+00,,1234,1.1109,
moe_coarse_1e19,2580,3.303323E+00,,1234,1.1092,
moe_coarse_1e19,2590,3.304850E+00,,1234,1.1098,
moe_coarse_1e19,2600,3.303203E+00,,1234,1.1092,
moe_coarse_1e19,2610,3.305720E+00,,1234,1.1100,
moe_coarse_1e19,2620,3.297004E+00,,1234,1.1071,
moe_coarse_1e19,2630,3.290595E+00,,1234,1.1050,
moe_coarse_1e19,2640,3.296112E+00,,1234,1.1068,
moe_coarse_1e19,2650,3.299029E+00,,1234,1.1078,
moe_coarse_1e19,2660,3.293941E+00,,1234,1.1061,
moe_coarse_1e19,2670,3.296620E+00,,1234,1.1070,
moe_coarse_1e19,2680,3.299080E+00,,1234,1.1078,
moe_coarse_1e19,2690,3.294046E+00,,1234,1.1061,
moe_coarse_1e19,2700,3.290213E+00,,1234,1.1048,
moe_coarse_1e19,2710,3.286800E+00,,1234,1.1037,
moe_coarse_1e19,2720,3.289458E+00,,1234,1.1046,
moe_coarse_1e19,2730,3.281231E+00,,1234,1.1018,
moe_coarse_1e19,2740,3.287794E+00,,1234,1.1040,
moe_coarse_1e19,2750,3.290406E+00,,1234,1.1049,
moe_coarse_1e19,2760,3.294048E+00,,1234,1.1061,
moe_coarse_1e19,2770,3.289763E+00,,1234,1.1047,
moe_coarse_1e19,2780,3.280118E+00,,1234,1.1014,
moe_coarse_1e19,2790,3.281228E+00,,1234,1.1018,
moe_coarse_1e19,2800,3.276278E+00,,1234,1.1002,
moe_coarse_1e19,2810,3.282635E+00,,1234,1.1023,
moe_coarse_1e19,2820,3.289657E+00,,1234,1.1047,
moe_coarse_1e19,2830,3.280071E+00,,1234,1.1014,
moe_coarse_1e19,2840,3.272242E+00,,1234,1.0988,
moe_coarse_1e19,2850,3.274685E+00,,1234,1.0996,
moe_coarse_1e19,2860,3.273085E+00,,1234,1.0991,
moe_coarse_1e19,2870,3.272193E+00,,1234,1.0988,
moe_coarse_1e19,2880,3.272375E+00,,1234,1.0988,
moe_coarse_1e19,2890,3.275862E+00,,1234,1.1000,
moe_coarse_1e19,2900,3.270234E+00,,1234,1.0981,
moe_coarse_1e19,2910,3.272573E+00,,1234,1.0989,
moe_coarse_1e19,2920,3.263118E+00,,1234,1.0957,
moe_coarse_1e19,2930,3.265452E+00,,1234,1.0965,
moe_coarse_1e19,2940,3.261761E+00,,1234,1.0953,
moe_coarse_1e19,2950,3.269778E+00,,1234,1.0980,
moe_coarse_1e19,2960,3.267995E+00,,1234,1.0974,
moe_coarse_1e19,2970,3.259777E+00,,1234,1.0946,
moe_coarse_1e19,2980,3.258303E+00,,1234,1.0941,
moe_coarse_1e19,2990,3.261934E+00,,1234,1.0953,
moe_coarse_1e19,3000,3.260035E+00,,1234,1.0947,
moe_coarse_1e19,3010,3.261710E+00,,1234,1.0953,
moe_coarse_1e19,3020,3.258134E+00,,1234,1.0941,
moe_coarse_1e19,3030,3.256666E+00,,1234,1.0936,
moe_coarse_1e19,3040,3.263208E+00,,1234,1.0958,
moe_coarse_1e19,3050,3.254100E+00,,1234,1.0927,
moe_coarse_1e19,3060,3.255203E+00,,1234,1.0931,
moe_coarse_1e19,3070,3.252939E+00,,1234,1.0923,
moe_coarse_1e19,3080,3.253656E+00,,1234,1.0926,
moe_coarse_1e19,3090,3.252991E+00,,1234,1.0923,
moe_coarse_1e19,3100,3.252380E+00,,1234,1.0921,
moe_coarse_1e19,3110,3.246729E+00,,1234,1.0902,
moe_coarse_1e19,3120,3.249425E+00,,1234,1.0911,
moe_coarse_1e19,3130,3.252075E+00,,1234,1.0920,
moe_coarse_1e19,3140,3.243932E+00,,1234,1.0893,
moe_coarse_1e19,3150,3.248536E+00,,1234,1.0908,
moe_coarse_1e19,3160,3.247300E+00,,1234,1.0904,
moe_coarse_1e19,3170,3.246137E+00,,1234,1.0900,
moe_coarse_1e19,3180,3.244137E+00,,1234,1.0894,
moe_coarse_1e19,3190,3.246000E+00,,1234,1.0900,
moe_coarse_1e19,3200,3.248912E+00,,1234,1.0910,
moe_coarse_1e19,3210,3.239006E+00,,1234,1.0876,
moe_coarse_1e19,3220,3.239239E+00,,1234,1.0877,
moe_coarse_1e19,3230,3.247445E+00,,1234,1.0905,
moe_coarse_1e19,3240,3.244582E+00,,1234,1.0895,
moe_coarse_1e19,3250,3.244958E+00,,1234,1.0896,
moe_coarse_1e19,3260,3.240743E+00,,1234,1.0882,
moe_coarse_1e19,3270,3.238530E+00,,1234,1.0875,
moe_coarse_1e19,3280,3.241579E+00,,1234,1.0885,
moe_coarse_1e19,3290,3.235516E+00,,1234,1.0865,
moe_coarse_1e19,3300,3.234858E+00,,1234,1.0863,
moe_coarse_1e19,3310,3.240168E+00,,1234,1.0880,
moe_coarse_1e19,3320,3.242996E+00,,1234,1.0890,
moe_coarse_1e19,3330,3.232406E+00,,1234,1.0854,
moe_coarse_1e19,3340,3.236408E+00,,1234,1.0868,
moe_coarse_1e19,3350,3.233652E+00,,1234,1.0858,
moe_coarse_1e19,3360,3.234205E+00,,1234,1.0860,
moe_coarse_1e19,3370,3.226299E+00,,1234,1.0834,
moe_coarse_1e19,3380,3.223668E+00,,1234,1.0825,
moe_coarse_1e19,3390,3.222841E+00,,1234,1.0822,
moe_coarse_1e19,3400,3.225863E+00,,1234,1.0832,
moe_coarse_1e19,3410,3.219818E+00,,1234,1.0812,
moe_coarse_1e19,3420,3.223743E+00,,1234,1.0825,
moe_coarse_1e19,3430,3.227589E+00,,1234,1.0838,
moe_coarse_1e19,3440,3.227857E+00,,1234,1.0839,
moe_coarse_1e19,3450,3.226730E+00,,1234,1.0835,
moe_coarse_1e19,3460,3.221170E+00,,1234,1.0817,
moe_coarse_1e19,3470,3.225249E+00,,1234,1.0830,
moe_coarse_1e19,3480,3.217344E+00,,1234,1.0804,
moe_coarse_1e19,3490,3.221088E+00,,1234,1.0816,
moe_coarse_1e19,3500,3.218727E+00,,1234,1.0808,
moe_coarse_1e19,3510,3.225225E+00,,1234,1.0830,
moe_coarse_1e19,3520,3.220383E+00,,1234,1.0814,
moe_coarse_1e19,3530,3.218964E+00,,1234,1.0809,
moe_coarse_1e19,3540,3.215685E+00,,1234,1.0798,
moe_coarse_1e19,3550,3.216771E+00,,1234,1.0802,
moe_coarse_1e19,3560,3.214564E+00,,1234,1.0794,
moe_coarse_1e19,3570,3.217958E+00,,1234,1.0806,
moe_coarse_1e19,3580,3.218755E+00,,1234,1.0808,
moe_coarse_1e19,3590,3.218150E+00,,1234,1.0806,
moe_coarse_1e19,3600,3.216145E+00,,1234,1.0800,
moe_coarse_1e19,3610,3.218285E+00,,1234,1.0807,
moe_coarse_1e19,3620,3.210373E+00,,1234,1.0780,
moe_coarse_1e19,3630,3.208978E+00,,1234,1.0776,
moe_coarse_1e19,3640,3.218781E+00,,1234,1.0809,
moe_coarse_1e19,3650,3.207237E+00,,1234,1.0770,
moe_coarse_1e19,3660,3.207551E+00,,1234,1.0771,
moe_coarse_1e19,3670,3.215867E+00,,1234,1.0799,
moe_coarse_1e19,3680,3.206358E+00,,1234,1.0767,
moe_coarse_1e19,3690,3.206517E+00,,1234,1.0767,
moe_coarse_1e19,3700,3.207924E+00,,1234,1.0772,
moe_coarse_1e19,3710,3.204148E+00,,1234,1.0759,
moe_coarse_1e19,3720,3.196319E+00,,1234,1.0733,
moe_coarse_1e19,3730,3.206221E+00,,1234,1.0766,
moe_coarse_1e19,3740,3.203717E+00,,1234,1.0758,
moe_coarse_1e19,3750,3.207208E+00,,1234,1.0770,
moe_coarse_1e19,3760,3.198801E+00,,1234,1.0741,
moe_coarse_1e19,3770,3.202686E+00,,1234,1.0754,
moe_coarse_1e19,3780,3.195378E+00,,1234,1.0730,
moe_coarse_1e19,3790,3.201466E+00,,1234,1.0750,
moe_coarse_1e19,3800,3.194666E+00,,1234,1.0728,
moe_coarse_1e19,3810,3.195950E+00,,1234,1.0732,
moe_coarse_1e19,3820,3.199373E+00,,1234,1.0743,
moe_coarse_1e19,3830,3.201323E+00,,1234,1.0750,
moe_coarse_1e19,3840,3.192759E+00,,1234,1.0721,
moe_coarse_1e19,3850,3.195602E+00,,1234,1.0731,
moe_coarse_1e19,3860,3.196098E+00,,1234,1.0732,
moe_coarse_1e19,3870,3.192175E+00,,1234,1.0719,
moe_coarse_1e19,3880,3.200130E+00,,1234,1.0746,
moe_coarse_1e19,3890,3.190351E+00,,1234,1.0713,
moe_coarse_1e19,3900,3.197154E+00,,1234,1.0736,
moe_coarse_1e19,3910,3.189347E+00,,1234,1.0710,
moe_coarse_1e19,3920,3.190315E+00,,1234,1.0713,
moe_coarse_1e19,3930,3.182641E+00,,1234,1.0687,
moe_coarse_1e19,3940,3.183654E+00,,1234,1.0691,
moe_coarse_1e19,3950,3.182368E+00,,1234,1.0686,
moe_coarse_1e19,3960,3.180128E+00,,1234,1.0679,
moe_coarse_1e19,3970,3.173557E+00,,1234,1.0657,
moe_coarse_1e19,3980,3.170921E+00,,1234,1.0648,
moe_coarse_1e19,3990,3.174690E+00,,1234,1.0660,
moe_coarse_1e19,4000,3.179017E+00,,1234,1.0675,
moe_coarse_1e19,4010,3.164014E+00,,1234,1.0625,
moe_coarse_1e19,4020,3.163797E+00,,1234,1.0624,
moe_coarse_1e19,4030,3.165351E+00,,1234,1.0629,
moe_coarse_1e19,4040,3.166561E+00,,1234,1.0633,
moe_coarse_1e19,4050,3.160493E+00,,1234,1.0613,
moe_coarse_1e19,4060,3.159041E+00,,1234,1.0608,
moe_coarse_1e19,4070,3.163766E+00,,1234,1.0624,
moe_coarse_1e19,4080,3.158829E+00,,1234,1.0607,
moe_coarse_1e19,4090,3.156174E+00,,1234,1.0598,
moe_coarse_1e19,4100,3.152380E+00,,1234,1.0586,
moe_coarse_1e19,4110,3.151843E+00,,1234,1.0584,
moe_coarse_1e19,4120,3.153678E+00,,1234,1.0590,
moe_coarse_1e19,4130,3.145555E+00,,1234,1.0563,
moe_coarse_1e19,4140,3.149036E+00,,1234,1.0574,
moe_coarse_1e19,4150,3.145025E+00,,1234,1.0561,
moe_coarse_1e19,4160,3.146238E+00,,1234,1.0565,
moe_coarse_1e19,4170,3.142309E+00,,1234,1.0552,
moe_coarse_1e19,4180,3.141327E+00,,1234,1.0548,
moe_coarse_1e19,4190,3.135996E+00,,1234,1.0531,
moe_coarse_1e19,4200,3.138459E+00,,1234,1.0539,
moe_coarse_1e19,4210,3.138461E+00,,1234,1.0539,
moe_coarse_1e19,4220,3.133755E+00,,1234,1.0523,
moe_coarse_1e19,4230,3.133553E+00,,1234,1.0522,
moe_coarse_1e19,4240,3.129495E+00,,1234,1.0509,
moe_coarse_1e19,4250,3.131158E+00,,1234,1.0514,
moe_coarse_1e19,4260,3.132086E+00,,1234,1.0517,
moe_coarse_1e19,4270,3.130942E+00,,1234,1.0514,
moe_coarse_1e19,4280,3.129773E+00,,1234,1.0510,
moe_coarse_1e19,4290,3.127730E+00,,1234,1.0503,
moe_coarse_1e19,4300,3.124726E+00,,1234,1.0493,
moe_coarse_1e19,4310,3.123047E+00,,1234,1.0487,
moe_coarse_1e19,4318,,3.131040,1234,,1.0514
g1_tmoe_coarse_1e19,10,1.020872E+01,,1234,3.4280,
g1_tmoe_coarse_1e19,20,9.008908E+00,,1234,3.0252,
g1_tmoe_coarse_1e19,30,7.914063E+00,,1234,2.6575,
g1_tmoe_coarse_1e19,40,7.061703E+00,,1234,2.3713,
g1_tmoe_coarse_1e19,50,6.662231E+00,,1234,2.2371,
g1_tmoe_coarse_1e19,60,6.388679E+00,,1234,2.1453,
g1_tmoe_coarse_1e19,70,6.264075E+00,,1234,2.1035,
g1_tmoe_coarse_1e19,80,6.148874E+00,,1234,2.0648,
g1_tmoe_coarse_1e19,90,6.047479E+00,,1234,2.0307,
g1_tmoe_coarse_1e19,100,5.950420E+00,,1234,1.9981,
g1_tmoe_coarse_1e19,110,5.878492E+00,,1234,1.9740,
g1_tmoe_coarse_1e19,120,5.770713E+00,,1234,1.9378,
g1_tmoe_coarse_1e19,130,5.728059E+00,,1234,1.9235,
g1_tmoe_coarse_1e19,140,5.614635E+00,,1234,1.8854,
g1_tmoe_coarse_1e19,150,5.568711E+00,,1234,1.8699,
g1_tmoe_coarse_1e19,160,5.479253E+00,,1234,1.8399,
g1_tmoe_coarse_1e19,170,5.420152E+00,,1234,1.8201,
g1_tmoe_coarse_1e19,180,5.351912E+00,,1234,1.7971,
g1_tmoe_coarse_1e19,190,5.283107E+00,,1234,1.7740,
g1_tmoe_coarse_1e19,200,5.224530E+00,,1234,1.7544,
g1_tmoe_coarse_1e19,210,5.172442E+00,,1234,1.7369,
g1_tmoe_coarse_1e19,220,5.101413E+00,,1234,1.7130,
g1_tmoe_coarse_1e19,230,5.064079E+00,,1234,1.7005,
g1_tmoe_coarse_1e19,240,4.986659E+00,,1234,1.6745,
g1_tmoe_coarse_1e19,250,4.959034E+00,,1234,1.6652,
g1_tmoe_coarse_1e19,260,4.910191E+00,,1234,1.6488,
g1_tmoe_coarse_1e19,270,4.857065E+00,,1234,1.6310,
g1_tmoe_coarse_1e19,280,4.827433E+00,,1234,1.6210,
g1_tmoe_coarse_1e19,290,4.777700E+00,,1234,1.6043,
g1_tmoe_coarse_1e19,300,4.734076E+00,,1234,1.5897,
g1_tmoe_coarse_1e19,310,4.723363E+00,,1234,1.5861,
g1_tmoe_coarse_1e19,320,4.688637E+00,,1234,1.5744,
g1_tmoe_coarse_1e19,330,4.642196E+00,,1234,1.5588,
g1_tmoe_coarse_1e19,340,4.596500E+00,,1234,1.5435,
g1_tmoe_coarse_1e19,350,4.588556E+00,,1234,1.5408,
g1_tmoe_coarse_1e19,360,4.537611E+00,,1234,1.5237,
g1_tmoe_coarse_1e19,370,4.527498E+00,,1234,1.5203,
g1_tmoe_coarse_1e19,380,4.501440E+00,,1234,1.5116,
g1_tmoe_coarse_1e19,390,4.473307E+00,,1234,1.5021,
g1_tmoe_coarse_1e19,400,4.437089E+00,,1234,1.4900,
g1_tmoe_coarse_1e19,410,4.417387E+00,,1234,1.4833,
g1_tmoe_coarse_1e19,420,4.389698E+00,,1234,1.4740,
g1_tmoe_coarse_1e19,430,4.379993E+00,,1234,1.4708,
g1_tmoe_coarse_1e19,440,4.356067E+00,,1234,1.4627,
g1_tmoe_coarse_1e19,450,4.324664E+00,,1234,1.4522,
g1_tmoe_coarse_1e19,460,4.308805E+00,,1234,1.4469,
g1_tmoe_coarse_1e19,470,4.290980E+00,,1234,1.4409,
g1_tmoe_coarse_1e19,480,4.258288E+00,,1234,1.4299,
g1_tmoe_coarse_1e19,490,4.235629E+00,,1234,1.4223,
g1_tmoe_coarse_1e19,500,4.218233E+00,,1234,1.4165,
g1_tmoe_coarse_1e19,510,4.205875E+00,,1234,1.4123,
g1_tmoe_coarse_1e19,520,4.177706E+00,,1234,1.4029,
g1_tmoe_coarse_1e19,530,4.167879E+00,,1234,1.3996,
g1_tmoe_coarse_1e19,540,4.136263E+00,,1234,1.3889,
g1_tmoe_coarse_1e19,550,4.135040E+00,,1234,1.3885,
g1_tmoe_coarse_1e19,560,4.116336E+00,,1234,1.3822,
g1_tmoe_coarse_1e19,570,4.101703E+00,,1234,1.3773,
g1_tmoe_coarse_1e19,580,4.089523E+00,,1234,1.3732,
g1_tmoe_coarse_1e19,590,4.072924E+00,,1234,1.3677,
g1_tmoe_coarse_1e19,600,4.052808E+00,,1234,1.3609,
g1_tmoe_coarse_1e19,610,4.035292E+00,,1234,1.3550,
g1_tmoe_coarse_1e19,620,4.021517E+00,,1234,1.3504,
g1_tmoe_coarse_1e19,630,4.024571E+00,,1234,1.3514,
g1_tmoe_coarse_1e19,640,4.006718E+00,,1234,1.3454,
g1_tmoe_coarse_1e19,650,3.989762E+00,,1234,1.3397,
g1_tmoe_coarse_1e19,660,3.968849E+00,,1234,1.3327,
g1_tmoe_coarse_1e19,670,3.961616E+00,,1234,1.3303,
g1_tmoe_coarse_1e19,680,3.966139E+00,,1234,1.3318,
g1_tmoe_coarse_1e19,690,3.951481E+00,,1234,1.3269,
g1_tmoe_coarse_1e19,700,3.936707E+00,,1234,1.3219,
g1_tmoe_coarse_1e19,710,3.920133E+00,,1234,1.3164,
g1_tmoe_coarse_1e19,720,3.906257E+00,,1234,1.3117,
g1_tmoe_coarse_1e19,730,3.917104E+00,,1234,1.3153,
g1_tmoe_coarse_1e19,740,3.896997E+00,,1234,1.3086,
g1_tmoe_coarse_1e19,750,3.886510E+00,,1234,1.3051,
g1_tmoe_coarse_1e19,760,3.875189E+00,,1234,1.3013,
g1_tmoe_coarse_1e19,770,3.868234E+00,,1234,1.2989,
g1_tmoe_coarse_1e19,780,3.860250E+00,,1234,1.2963,
g1_tmoe_coarse_1e19,790,3.849253E+00,,1234,1.2926,
g1_tmoe_coarse_1e19,800,3.845691E+00,,1234,1.2914,
g1_tmoe_coarse_1e19,810,3.826844E+00,,1234,1.2850,
g1_tmoe_coarse_1e19,820,3.860287E+00,,1234,1.2963,
g1_tmoe_coarse_1e19,830,4.490416E+00,,1234,1.5079,
g1_tmoe_coarse_1e19,840,4.291485E+00,,1234,1.4411,
g1_tmoe_coarse_1e19,850,4.208944E+00,,1234,1.4133,
g1_tmoe_coarse_1e19,860,4.130091E+00,,1234,1.3869,
g1_tmoe_coarse_1e19,870,4.105965E+00,,1234,1.3788,
g1_tmoe_coarse_1e19,880,4.078503E+00,,1234,1.3695,
g1_tmoe_coarse_1e19,890,3.971561E+00,,1234,1.3336,
g1_tmoe_coarse_1e19,900,3.900035E+00,,1234,1.3096,
g1_tmoe_coarse_1e19,910,3.862806E+00,,1234,1.2971,
g1_tmoe_coarse_1e19,920,3.839229E+00,,1234,1.2892,
g1_tmoe_coarse_1e19,930,3.823264E+00,,1234,1.2838,
g1_tmoe_coarse_1e19,940,3.812823E+00,,1234,1.2803,
g1_tmoe_coarse_1e19,950,3.797932E+00,,1234,1.2753,
g1_tmoe_coarse_1e19,960,3.783728E+00,,1234,1.2706,
g1_tmoe_coarse_1e19,970,3.778752E+00,,1234,1.2689,
g1_tmoe_coarse_1e19,980,3.770510E+00,,1234,1.2661,
g1_tmoe_coarse_1e19,990,3.761334E+00,,1234,1.2630,
g1_tmoe_coarse_1e19,1000,3.756245E+00,,1234,1.2613,
g1_tmoe_coarse_1e19,1010,3.752950E+00,,1234,1.2602,
g1_tmoe_coarse_1e19,1020,3.746437E+00,,1234,1.2580,
g1_tmoe_coarse_1e19,1030,3.745766E+00,,1234,1.2578,
g1_tmoe_coarse_1e19,1040,3.732829E+00,,1234,1.2535,
g1_tmoe_coarse_1e19,1050,3.722846E+00,,1234,1.2501,
g1_tmoe_coarse_1e19,1060,3.717969E+00,,1234,1.2485,
g1_tmoe_coarse_1e19,1070,3.707803E+00,,1234,1.2451,
g1_tmoe_coarse_1e19,1080,3.708952E+00,,1234,1.2455,
g1_tmoe_coarse_1e19,1090,3.700558E+00,,1234,1.2426,
g1_tmoe_coarse_1e19,1100,3.699499E+00,,1234,1.2423,
g1_tmoe_coarse_1e19,1110,3.687589E+00,,1234,1.2383,
g1_tmoe_coarse_1e19,1120,3.690287E+00,,1234,1.2392,
g1_tmoe_coarse_1e19,1130,3.688984E+00,,1234,1.2387,
g1_tmoe_coarse_1e19,1140,3.681213E+00,,1234,1.2361,
g1_tmoe_coarse_1e19,1150,3.677875E+00,,1234,1.2350,
g1_tmoe_coarse_1e19,1160,3.667063E+00,,1234,1.2314,
g1_tmoe_coarse_1e19,1170,3.673506E+00,,1234,1.2335,
g1_tmoe_coarse_1e19,1180,3.660199E+00,,1234,1.2291,
g1_tmoe_coarse_1e19,1190,3.658797E+00,,1234,1.2286,
g1_tmoe_coarse_1e19,1200,3.653196E+00,,1234,1.2267,
g1_tmoe_coarse_1e19,1210,3.651205E+00,,1234,1.2261,
g1_tmoe_coarse_1e19,1220,3.652855E+00,,1234,1.2266,
g1_tmoe_coarse_1e19,1230,3.638926E+00,,1234,1.2219,
g1_tmoe_coarse_1e19,1240,3.642345E+00,,1234,1.2231,
g1_tmoe_coarse_1e19,1250,3.639201E+00,,1234,1.2220,
g1_tmoe_coarse_1e19,1260,3.627465E+00,,1234,1.2181,
g1_tmoe_coarse_1e19,1270,3.627354E+00,,1234,1.2181,
g1_tmoe_coarse_1e19,1280,3.628689E+00,,1234,1.2185,
g1_tmoe_coarse_1e19,1290,3.619042E+00,,1234,1.2153,
g1_tmoe_coarse_1e19,1300,3.616878E+00,,1234,1.2145,
g1_tmoe_coarse_1e19,1310,3.604760E+00,,1234,1.2105,
g1_tmoe_coarse_1e19,1320,3.607143E+00,,1234,1.2113,
g1_tmoe_coarse_1e19,1330,3.603936E+00,,1234,1.2102,
g1_tmoe_coarse_1e19,1340,3.603031E+00,,1234,1.2099,
g1_tmoe_coarse_1e19,1350,3.600087E+00,,1234,1.2089,
g1_tmoe_coarse_1e19,1360,3.597084E+00,,1234,1.2079,
g1_tmoe_coarse_1e19,1370,3.591373E+00,,1234,1.2060,
g1_tmoe_coarse_1e19,1380,3.585536E+00,,1234,1.2040,
g1_tmoe_coarse_1e19,1390,3.589632E+00,,1234,1.2054,
g1_tmoe_coarse_1e19,1400,3.591828E+00,,1234,1.2061,
g1_tmoe_coarse_1e19,1410,3.584090E+00,,1234,1.2035,
g1_tmoe_coarse_1e19,1420,3.573293E+00,,1234,1.1999,
g1_tmoe_coarse_1e19,1430,3.570595E+00,,1234,1.1990,
g1_tmoe_coarse_1e19,1440,3.566178E+00,,1234,1.1975,
g1_tmoe_coarse_1e19,1450,3.575116E+00,,1234,1.2005,
g1_tmoe_coarse_1e19,1460,3.573411E+00,,1234,1.1999,
g1_tmoe_coarse_1e19,1470,3.566589E+00,,1234,1.1976,
g1_tmoe_coarse_1e19,1480,3.560201E+00,,1234,1.1955,
g1_tmoe_coarse_1e19,1490,3.553418E+00,,1234,1.1932,
g1_tmoe_coarse_1e19,1500,3.549528E+00,,1234,1.1919,
g1_tmoe_coarse_1e19,1510,3.550702E+00,,1234,1.1923,
g1_tmoe_coarse_1e19,1520,3.557034E+00,,1234,1.1944,
g1_tmoe_coarse_1e19,1530,3.541298E+00,,1234,1.1892,
g1_tmoe_coarse_1e19,1540,3.548134E+00,,1234,1.1914,
g1_tmoe_coarse_1e19,1550,3.544349E+00,,1234,1.1902,
g1_tmoe_coarse_1e19,1560,3.538045E+00,,1234,1.1881,
g1_tmoe_coarse_1e19,1570,3.533106E+00,,1234,1.1864,
g1_tmoe_coarse_1e19,1580,3.530644E+00,,1234,1.1856,
g1_tmoe_coarse_1e19,1590,3.532059E+00,,1234,1.1861,
g1_tmoe_coarse_1e19,1600,3.529243E+00,,1234,1.1851,
g1_tmoe_coarse_1e19,1610,3.527114E+00,,1234,1.1844,
g1_tmoe_coarse_1e19,1620,3.519170E+00,,1234,1.1817,
g1_tmoe_coarse_1e19,1630,3.519682E+00,,1234,1.1819,
g1_tmoe_coarse_1e19,1640,3.511100E+00,,1234,1.1790,
g1_tmoe_coarse_1e19,1650,3.512352E+00,,1234,1.1794,
g1_tmoe_coarse_1e19,1660,3.510961E+00,,1234,1.1790,
g1_tmoe_coarse_1e19,1670,3.509090E+00,,1234,1.1783,
g1_tmoe_coarse_1e19,1680,3.503076E+00,,1234,1.1763,
g1_tmoe_coarse_1e19,1690,3.502119E+00,,1234,1.1760,
g1_tmoe_coarse_1e19,1700,3.501633E+00,,1234,1.1758,
g1_tmoe_coarse_1e19,1710,3.501420E+00,,1234,1.1758,
g1_tmoe_coarse_1e19,1720,3.499823E+00,,1234,1.1752,
g1_tmoe_coarse_1e19,1730,3.492505E+00,,1234,1.1728,
g1_tmoe_coarse_1e19,1740,3.493675E+00,,1234,1.1732,
g1_tmoe_coarse_1e19,1750,3.492387E+00,,1234,1.1727,
g1_tmoe_coarse_1e19,1760,3.484390E+00,,1234,1.1700,
g1_tmoe_coarse_1e19,1770,3.484193E+00,,1234,1.1700,
g1_tmoe_coarse_1e19,1780,3.493444E+00,,1234,1.1731,
g1_tmoe_coarse_1e19,1790,3.481535E+00,,1234,1.1691,
g1_tmoe_coarse_1e19,1800,3.474759E+00,,1234,1.1668,
g1_tmoe_coarse_1e19,1810,3.476224E+00,,1234,1.1673,
g1_tmoe_coarse_1e19,1820,3.478696E+00,,1234,1.1681,
g1_tmoe_coarse_1e19,1830,3.476625E+00,,1234,1.1674,
g1_tmoe_coarse_1e19,1840,3.467377E+00,,1234,1.1643,
g1_tmoe_coarse_1e19,1850,3.468355E+00,,1234,1.1647,
g1_tmoe_coarse_1e19,1860,3.465415E+00,,1234,1.1637,
g1_tmoe_coarse_1e19,1870,3.472636E+00,,1234,1.1661,
g1_tmoe_coarse_1e19,1880,3.465937E+00,,1234,1.1638,
g1_tmoe_coarse_1e19,1890,3.458735E+00,,1234,1.1614,
g1_tmoe_coarse_1e19,1900,3.463045E+00,,1234,1.1629,
g1_tmoe_coarse_1e19,1910,3.452648E+00,,1234,1.1594,
g1_tmoe_coarse_1e19,1920,3.463330E+00,,1234,1.1630,
g1_tmoe_coarse_1e19,1930,3.454701E+00,,1234,1.1601,
g1_tmoe_coarse_1e19,1940,3.454149E+00,,1234,1.1599,
g1_tmoe_coarse_1e19,1950,3.451818E+00,,1234,1.1591,
g1_tmoe_coarse_1e19,1960,3.449611E+00,,1234,1.1584,
g1_tmoe_coarse_1e19,1970,3.448306E+00,,1234,1.1579,
g1_tmoe_coarse_1e19,1980,3.447797E+00,,1234,1.1578,
g1_tmoe_coarse_1e19,1990,3.445260E+00,,1234,1.1569,
g1_tmoe_coarse_1e19,2000,3.437287E+00,,1234,1.1542,
g1_tmoe_coarse_1e19,2010,3.440495E+00,,1234,1.1553,
g1_tmoe_coarse_1e19,2020,3.438378E+00,,1234,1.1546,
g1_tmoe_coarse_1e19,2030,3.438267E+00,,1234,1.1546,
g1_tmoe_coarse_1e19,2040,3.436400E+00,,1234,1.1539,
g1_tmoe_coarse_1e19,2050,3.438394E+00,,1234,1.1546,
g1_tmoe_coarse_1e19,2060,3.428918E+00,,1234,1.1514,
g1_tmoe_coarse_1e19,2070,3.426537E+00,,1234,1.1506,
g1_tmoe_coarse_1e19,2080,3.429154E+00,,1234,1.1515,
g1_tmoe_coarse_1e19,2090,3.431942E+00,,1234,1.1524,
g1_tmoe_coarse_1e19,2100,3.419587E+00,,1234,1.1483,
g1_tmoe_coarse_1e19,2110,3.418258E+00,,1234,1.1478,
g1_tmoe_coarse_1e19,2120,3.428423E+00,,1234,1.1513,
g1_tmoe_coarse_1e19,2130,3.420976E+00,,1234,1.1487,
g1_tmoe_coarse_1e19,2140,3.413087E+00,,1234,1.1461,
g1_tmoe_coarse_1e19,2150,3.411940E+00,,1234,1.1457,
g1_tmoe_coarse_1e19,2160,3.414644E+00,,1234,1.1466,
g1_tmoe_coarse_1e19,2170,3.410529E+00,,1234,1.1452,
g1_tmoe_coarse_1e19,2180,3.410712E+00,,1234,1.1453,
g1_tmoe_coarse_1e19,2190,3.405789E+00,,1234,1.1436,
g1_tmoe_coarse_1e19,2200,3.403365E+00,,1234,1.1428,
g1_tmoe_coarse_1e19,2210,3.404536E+00,,1234,1.1432,
g1_tmoe_coarse_1e19,2220,3.408919E+00,,1234,1.1447,
g1_tmoe_coarse_1e19,2230,3.410042E+00,,1234,1.1451,
g1_tmoe_coarse_1e19,2240,3.405913E+00,,1234,1.1437,
g1_tmoe_coarse_1e19,2250,3.404975E+00,,1234,1.1434,
g1_tmoe_coarse_1e19,2260,3.400669E+00,,1234,1.1419,
g1_tmoe_coarse_1e19,2270,3.394076E+00,,1234,1.1397,
g1_tmoe_coarse_1e19,2280,3.403992E+00,,1234,1.1430,
g1_tmoe_coarse_1e19,2290,3.390871E+00,,1234,1.1386,
g1_tmoe_coarse_1e19,2300,3.395643E+00,,1234,1.1402,
g1_tmoe_coarse_1e19,2310,3.390320E+00,,1234,1.1385,
g1_tmoe_coarse_1e19,2320,3.383488E+00,,1234,1.1362,
g1_tmoe_coarse_1e19,2330,3.386855E+00,,1234,1.1373,
g1_tmoe_coarse_1e19,2340,3.382097E+00,,1234,1.1357,
g1_tmoe_coarse_1e19,2350,3.390856E+00,,1234,1.1386,
g1_tmoe_coarse_1e19,2360,3.385354E+00,,1234,1.1368,
g1_tmoe_coarse_1e19,2370,3.391039E+00,,1234,1.1387,
g1_tmoe_coarse_1e19,2380,3.384127E+00,,1234,1.1364,
g1_tmoe_coarse_1e19,2390,3.381717E+00,,1234,1.1356,
g1_tmoe_coarse_1e19,2400,3.375026E+00,,1234,1.1333,
g1_tmoe_coarse_1e19,2410,3.374368E+00,,1234,1.1331,
g1_tmoe_coarse_1e19,2420,3.373865E+00,,1234,1.1329,
g1_tmoe_coarse_1e19,2430,3.376372E+00,,1234,1.1338,
g1_tmoe_coarse_1e19,2440,3.374832E+00,,1234,1.1333,
g1_tmoe_coarse_1e19,2450,3.374746E+00,,1234,1.1332,
g1_tmoe_coarse_1e19,2460,3.370656E+00,,1234,1.1319,
g1_tmoe_coarse_1e19,2470,3.367031E+00,,1234,1.1306,
g1_tmoe_coarse_1e19,2480,3.371124E+00,,1234,1.1320,
g1_tmoe_coarse_1e19,2490,3.369581E+00,,1234,1.1315,
g1_tmoe_coarse_1e19,2500,3.367932E+00,,1234,1.1309,
g1_tmoe_coarse_1e19,2510,3.365134E+00,,1234,1.1300,
g1_tmoe_coarse_1e19,2520,3.361485E+00,,1234,1.1288,
g1_tmoe_coarse_1e19,2530,3.366310E+00,,1234,1.1304,
g1_tmoe_coarse_1e19,2540,3.367224E+00,,1234,1.1307,
g1_tmoe_coarse_1e19,2550,3.357996E+00,,1234,1.1276,
g1_tmoe_coarse_1e19,2560,3.360866E+00,,1234,1.1286,
g1_tmoe_coarse_1e19,2570,3.360868E+00,,1234,1.1286,
g1_tmoe_coarse_1e19,2580,3.356488E+00,,1234,1.1271,
g1_tmoe_coarse_1e19,2590,3.358365E+00,,1234,1.1277,
g1_tmoe_coarse_1e19,2600,3.357849E+00,,1234,1.1276,
g1_tmoe_coarse_1e19,2610,3.357912E+00,,1234,1.1276,
g1_tmoe_coarse_1e19,2620,3.350101E+00,,1234,1.1249,
g1_tmoe_coarse_1e19,2630,3.342126E+00,,1234,1.1223,
g1_tmoe_coarse_1e19,2640,3.347601E+00,,1234,1.1241,
g1_tmoe_coarse_1e19,2650,3.351652E+00,,1234,1.1255,
g1_tmoe_coarse_1e19,2660,3.350336E+00,,1234,1.1250,
g1_tmoe_coarse_1e19,2670,3.350458E+00,,1234,1.1251,
g1_tmoe_coarse_1e19,2680,3.347932E+00,,1234,1.1242,
g1_tmoe_coarse_1e19,2690,3.342577E+00,,1234,1.1224,
g1_tmoe_coarse_1e19,2700,3.340388E+00,,1234,1.1217,
g1_tmoe_coarse_1e19,2710,3.339209E+00,,1234,1.1213,
g1_tmoe_coarse_1e19,2720,3.342055E+00,,1234,1.1222,
g1_tmoe_coarse_1e19,2730,3.333918E+00,,1234,1.1195,
g1_tmoe_coarse_1e19,2740,3.339554E+00,,1234,1.1214,
g1_tmoe_coarse_1e19,2750,3.343139E+00,,1234,1.1226,
g1_tmoe_coarse_1e19,2760,3.347144E+00,,1234,1.1240,
g1_tmoe_coarse_1e19,2770,3.338262E+00,,1234,1.1210,
g1_tmoe_coarse_1e19,2780,3.331937E+00,,1234,1.1189,
g1_tmoe_coarse_1e19,2790,3.334436E+00,,1234,1.1197,
g1_tmoe_coarse_1e19,2800,3.329641E+00,,1234,1.1181,
g1_tmoe_coarse_1e19,2810,3.333739E+00,,1234,1.1195,
g1_tmoe_coarse_1e19,2820,3.339439E+00,,1234,1.1214,
g1_tmoe_coarse_1e19,2830,3.329876E+00,,1234,1.1182,
g1_tmoe_coarse_1e19,2840,3.324603E+00,,1234,1.1164,
g1_tmoe_coarse_1e19,2850,3.326131E+00,,1234,1.1169,
g1_tmoe_coarse_1e19,2860,3.325885E+00,,1234,1.1168,
g1_tmoe_coarse_1e19,2870,3.324380E+00,,1234,1.1163,
g1_tmoe_coarse_1e19,2880,3.323971E+00,,1234,1.1162,
g1_tmoe_coarse_1e19,2890,3.327316E+00,,1234,1.1173,
g1_tmoe_coarse_1e19,2900,3.320567E+00,,1234,1.1150,
g1_tmoe_coarse_1e19,2910,3.324323E+00,,1234,1.1163,
g1_tmoe_coarse_1e19,2920,3.314399E+00,,1234,1.1130,
g1_tmoe_coarse_1e19,2930,3.314964E+00,,1234,1.1132,
g1_tmoe_coarse_1e19,2940,3.311027E+00,,1234,1.1118,
g1_tmoe_coarse_1e19,2950,3.320441E+00,,1234,1.1150,
g1_tmoe_coarse_1e19,2960,3.317903E+00,,1234,1.1141,
g1_tmoe_coarse_1e19,2970,3.310855E+00,,1234,1.1118,
g1_tmoe_coarse_1e19,2980,3.308616E+00,,1234,1.1110,
g1_tmoe_coarse_1e19,2990,3.312285E+00,,1234,1.1123,
g1_tmoe_coarse_1e19,3000,3.311666E+00,,1234,1.1120,
g1_tmoe_coarse_1e19,3010,3.312523E+00,,1234,1.1123,
g1_tmoe_coarse_1e19,3020,3.308624E+00,,1234,1.1110,
g1_tmoe_coarse_1e19,3030,3.304670E+00,,1234,1.1097,
g1_tmoe_coarse_1e19,3040,3.313649E+00,,1234,1.1127,
g1_tmoe_coarse_1e19,3050,3.302951E+00,,1234,1.1091,
g1_tmoe_coarse_1e19,3060,3.304112E+00,,1234,1.1095,
g1_tmoe_coarse_1e19,3070,3.303999E+00,,1234,1.1095,
g1_tmoe_coarse_1e19,3080,3.304707E+00,,1234,1.1097,
g1_tmoe_coarse_1e19,3090,3.303441E+00,,1234,1.1093,
g1_tmoe_coarse_1e19,3100,3.302063E+00,,1234,1.1088,
g1_tmoe_coarse_1e19,3110,3.297615E+00,,1234,1.1073,
g1_tmoe_coarse_1e19,3120,3.301056E+00,,1234,1.1085,
g1_tmoe_coarse_1e19,3130,3.302729E+00,,1234,1.1090,
g1_tmoe_coarse_1e19,3140,3.293103E+00,,1234,1.1058,
g1_tmoe_coarse_1e19,3150,3.296511E+00,,1234,1.1070,
g1_tmoe_coarse_1e19,3160,3.295910E+00,,1234,1.1068,
g1_tmoe_coarse_1e19,3170,3.297311E+00,,1234,1.1072,
g1_tmoe_coarse_1e19,3180,3.293739E+00,,1234,1.1060,
g1_tmoe_coarse_1e19,3190,3.295156E+00,,1234,1.1065,
g1_tmoe_coarse_1e19,3200,3.296543E+00,,1234,1.1070,
g1_tmoe_coarse_1e19,3210,3.287603E+00,,1234,1.1040,
g1_tmoe_coarse_1e19,3220,3.288624E+00,,1234,1.1043,
g1_tmoe_coarse_1e19,3230,3.298864E+00,,1234,1.1077,
g1_tmoe_coarse_1e19,3240,3.292271E+00,,1234,1.1055,
g1_tmoe_coarse_1e19,3250,3.292924E+00,,1234,1.1058,
g1_tmoe_coarse_1e19,3260,3.290348E+00,,1234,1.1049,
g1_tmoe_coarse_1e19,3270,3.288063E+00,,1234,1.1041,
g1_tmoe_coarse_1e19,3280,3.290292E+00,,1234,1.1049,
g1_tmoe_coarse_1e19,3290,3.283852E+00,,1234,1.1027,
g1_tmoe_coarse_1e19,3300,3.283156E+00,,1234,1.1025,
g1_tmoe_coarse_1e19,3310,3.286991E+00,,1234,1.1038,
g1_tmoe_coarse_1e19,3320,3.289503E+00,,1234,1.1046,
g1_tmoe_coarse_1e19,3330,3.282922E+00,,1234,1.1024,
g1_tmoe_coarse_1e19,3340,3.286776E+00,,1234,1.1037,
g1_tmoe_coarse_1e19,3350,3.283006E+00,,1234,1.1024,
g1_tmoe_coarse_1e19,3360,3.283177E+00,,1234,1.1025,
g1_tmoe_coarse_1e19,3370,3.274967E+00,,1234,1.0997,
g1_tmoe_coarse_1e19,3380,3.271274E+00,,1234,1.0985,
g1_tmoe_coarse_1e19,3390,3.271488E+00,,1234,1.0986,
g1_tmoe_coarse_1e19,3400,3.273863E+00,,1234,1.0993,
g1_tmoe_coarse_1e19,3410,3.269864E+00,,1234,1.0980,
g1_tmoe_coarse_1e19,3420,3.271744E+00,,1234,1.0986,
g1_tmoe_coarse_1e19,3430,3.274900E+00,,1234,1.0997,
g1_tmoe_coarse_1e19,3440,3.276030E+00,,1234,1.1001,
g1_tmoe_coarse_1e19,3450,3.274127E+00,,1234,1.0994,
g1_tmoe_coarse_1e19,3460,3.269201E+00,,1234,1.0978,
g1_tmoe_coarse_1e19,3470,3.273325E+00,,1234,1.0992,
g1_tmoe_coarse_1e19,3480,3.265652E+00,,1234,1.0966,
g1_tmoe_coarse_1e19,3490,3.270006E+00,,1234,1.0981,
g1_tmoe_coarse_1e19,3500,3.266530E+00,,1234,1.0969,
g1_tmoe_coarse_1e19,3510,3.272479E+00,,1234,1.0989,
g1_tmoe_coarse_1e19,3520,3.268222E+00,,1234,1.0975,
g1_tmoe_coarse_1e19,3530,3.266697E+00,,1234,1.0969,
g1_tmoe_coarse_1e19,3540,3.263820E+00,,1234,1.0960,
g1_tmoe_coarse_1e19,3550,3.265638E+00,,1234,1.0966,
g1_tmoe_coarse_1e19,3560,3.263008E+00,,1234,1.0957,
g1_tmoe_coarse_1e19,3570,3.264398E+00,,1234,1.0962,
g1_tmoe_coarse_1e19,3580,3.263682E+00,,1234,1.0959,
g1_tmoe_coarse_1e19,3590,3.264871E+00,,1234,1.0963,
g1_tmoe_coarse_1e19,3600,3.263414E+00,,1234,1.0958,
g1_tmoe_coarse_1e19,3610,3.267241E+00,,1234,1.0971,
g1_tmoe_coarse_1e19,3620,3.259465E+00,,1234,1.0945,
g1_tmoe_coarse_1e19,3630,3.257316E+00,,1234,1.0938,
g1_tmoe_coarse_1e19,3640,3.266076E+00,,1234,1.0967,
g1_tmoe_coarse_1e19,3650,3.254456E+00,,1234,1.0928,
g1_tmoe_coarse_1e19,3660,3.255961E+00,,1234,1.0933,
g1_tmoe_coarse_1e19,3670,3.266127E+00,,1234,1.0968,
g1_tmoe_coarse_1e19,3680,3.253837E+00,,1234,1.0926,
g1_tmoe_coarse_1e19,3690,3.252434E+00,,1234,1.0922,
g1_tmoe_coarse_1e19,3700,3.255285E+00,,1234,1.0931,
g1_tmoe_coarse_1e19,3710,3.252142E+00,,1234,1.0921,
g1_tmoe_coarse_1e19,3720,3.244189E+00,,1234,1.0894,
g1_tmoe_coarse_1e19,3730,3.253513E+00,,1234,1.0925,
g1_tmoe_coarse_1e19,3740,3.251597E+00,,1234,1.0919,
g1_tmoe_coarse_1e19,3750,3.253312E+00,,1234,1.0924,
g1_tmoe_coarse_1e19,3760,3.245315E+00,,1234,1.0898,
g1_tmoe_coarse_1e19,3770,3.250422E+00,,1234,1.0915,
g1_tmoe_coarse_1e19,3780,3.243348E+00,,1234,1.0891,
g1_tmoe_coarse_1e19,3790,3.249216E+00,,1234,1.0911,
g1_tmoe_coarse_1e19,3800,3.242502E+00,,1234,1.0888,
g1_tmoe_coarse_1e19,3810,3.243293E+00,,1234,1.0891,
g1_tmoe_coarse_1e19,3820,3.245664E+00,,1234,1.0899,
g1_tmoe_coarse_1e19,3830,3.247964E+00,,1234,1.0907,
g1_tmoe_coarse_1e19,3840,3.240701E+00,,1234,1.0882,
g1_tmoe_coarse_1e19,3850,3.242781E+00,,1234,1.0889,
g1_tmoe_coarse_1e19,3860,3.243014E+00,,1234,1.0890,
g1_tmoe_coarse_1e19,3870,3.238741E+00,,1234,1.0876,
g1_tmoe_coarse_1e19,3880,3.247660E+00,,1234,1.0906,
g1_tmoe_coarse_1e19,3890,3.236893E+00,,1234,1.0869,
g1_tmoe_coarse_1e19,3900,3.244112E+00,,1234,1.0894,
g1_tmoe_coarse_1e19,3910,3.236193E+00,,1234,1.0867,
g1_tmoe_coarse_1e19,3920,3.237644E+00,,1234,1.0872,
g1_tmoe_coarse_1e19,3930,3.230720E+00,,1234,1.0849,
g1_tmoe_coarse_1e19,3940,3.231446E+00,,1234,1.0851,
g1_tmoe_coarse_1e19,3950,3.230373E+00,,1234,1.0847,
g1_tmoe_coarse_1e19,3960,3.227468E+00,,1234,1.0838,
g1_tmoe_coarse_1e19,3970,3.221065E+00,,1234,1.0816,
g1_tmoe_coarse_1e19,3980,3.218544E+00,,1234,1.0808,
g1_tmoe_coarse_1e19,3990,3.223071E+00,,1234,1.0823,
g1_tmoe_coarse_1e19,4000,3.226715E+00,,1234,1.0835,
g1_tmoe_coarse_1e19,4010,3.212057E+00,,1234,1.0786,
g1_tmoe_coarse_1e19,4020,3.211964E+00,,1234,1.0786,
g1_tmoe_coarse_1e19,4030,3.213091E+00,,1234,1.0789,
g1_tmoe_coarse_1e19,4040,3.214548E+00,,1234,1.0794,
g1_tmoe_coarse_1e19,4050,3.208599E+00,,1234,1.0774,
g1_tmoe_coarse_1e19,4060,3.207461E+00,,1234,1.0771,
g1_tmoe_coarse_1e19,4070,3.212288E+00,,1234,1.0787,
g1_tmoe_coarse_1e19,4080,3.207587E+00,,1234,1.0771,
g1_tmoe_coarse_1e19,4090,3.204425E+00,,1234,1.0760,
g1_tmoe_coarse_1e19,4100,3.200978E+00,,1234,1.0749,
g1_tmoe_coarse_1e19,4110,3.200536E+00,,1234,1.0747,
g1_tmoe_coarse_1e19,4120,3.202169E+00,,1234,1.0753,
g1_tmoe_coarse_1e19,4130,3.194540E+00,,1234,1.0727,
g1_tmoe_coarse_1e19,4140,3.198513E+00,,1234,1.0740,
g1_tmoe_coarse_1e19,4150,3.193971E+00,,1234,1.0725,
g1_tmoe_coarse_1e19,4160,3.195723E+00,,1234,1.0731,
g1_tmoe_coarse_1e19,4170,3.191728E+00,,1234,1.0718,
g1_tmoe_coarse_1e19,4180,3.189975E+00,,1234,1.0712,
g1_tmoe_coarse_1e19,4190,3.184762E+00,,1234,1.0694,
g1_tmoe_coarse_1e19,4200,3.187781E+00,,1234,1.0704,
g1_tmoe_coarse_1e19,4210,3.187869E+00,,1234,1.0705,
g1_tmoe_coarse_1e19,4220,3.182728E+00,,1234,1.0687,
g1_tmoe_coarse_1e19,4230,3.182555E+00,,1234,1.0687,
g1_tmoe_coarse_1e19,4240,3.178811E+00,,1234,1.0674,
g1_tmoe_coarse_1e19,4250,3.180298E+00,,1234,1.0679,
g1_tmoe_coarse_1e19,4260,3.181217E+00,,1234,1.0682,
g1_tmoe_coarse_1e19,4270,3.180122E+00,,1234,1.0679,
g1_tmoe_coarse_1e19,4280,3.179024E+00,,1234,1.0675,
g1_tmoe_coarse_1e19,4290,3.177543E+00,,1234,1.0670,
g1_tmoe_coarse_1e19,4300,3.174043E+00,,1234,1.0658,
g1_tmoe_coarse_1e19,4310,3.172796E+00,,1234,1.0654,
g1_tmoe_coarse_1e19,4318,,3.180622,1234,,1.0680
temporal_fine_g3_1e19,10,1.021419E+01,,1234,3.4299,
temporal_fine_g3_1e19,20,9.007162E+00,,1234,3.0246,
temporal_fine_g3_1e19,30,7.937806E+00,,1234,2.6655,
temporal_fine_g3_1e19,40,7.113479E+00,,1234,2.3887,
temporal_fine_g3_1e19,50,6.687854E+00,,1234,2.2458,
temporal_fine_g3_1e19,60,6.405096E+00,,1234,2.1508,
temporal_fine_g3_1e19,70,6.256493E+00,,1234,2.1009,
temporal_fine_g3_1e19,80,6.173579E+00,,1234,2.0731,
temporal_fine_g3_1e19,90,6.059538E+00,,1234,2.0348,
temporal_fine_g3_1e19,100,5.966275E+00,,1234,2.0035,
temporal_fine_g3_1e19,110,5.908581E+00,,1234,1.9841,
temporal_fine_g3_1e19,120,5.807355E+00,,1234,1.9501,
temporal_fine_g3_1e19,130,5.740720E+00,,1234,1.9277,
temporal_fine_g3_1e19,140,5.663302E+00,,1234,1.9017,
temporal_fine_g3_1e19,150,5.598625E+00,,1234,1.8800,
temporal_fine_g3_1e19,160,5.521944E+00,,1234,1.8542,
temporal_fine_g3_1e19,170,5.474188E+00,,1234,1.8382,
temporal_fine_g3_1e19,180,5.408661E+00,,1234,1.8162,
temporal_fine_g3_1e19,190,5.346432E+00,,1234,1.7953,
temporal_fine_g3_1e19,200,5.316259E+00,,1234,1.7852,
temporal_fine_g3_1e19,210,5.250433E+00,,1234,1.7631,
temporal_fine_g3_1e19,220,5.196193E+00,,1234,1.7449,
temporal_fine_g3_1e19,230,5.152909E+00,,1234,1.7303,
temporal_fine_g3_1e19,240,5.090246E+00,,1234,1.7093,
temporal_fine_g3_1e19,250,5.044886E+00,,1234,1.6941,
temporal_fine_g3_1e19,260,5.019093E+00,,1234,1.6854,
temporal_fine_g3_1e19,270,4.950338E+00,,1234,1.6623,
temporal_fine_g3_1e19,280,4.910859E+00,,1234,1.6490,
temporal_fine_g3_1e19,290,4.880943E+00,,1234,1.6390,
temporal_fine_g3_1e19,300,4.863250E+00,,1234,1.6331,
temporal_fine_g3_1e19,310,4.822166E+00,,1234,1.6193,
temporal_fine_g3_1e19,320,4.782798E+00,,1234,1.6060,
temporal_fine_g3_1e19,330,4.741433E+00,,1234,1.5922,
temporal_fine_g3_1e19,340,4.710354E+00,,1234,1.5817,
temporal_fine_g3_1e19,350,4.699006E+00,,1234,1.5779,
temporal_fine_g3_1e19,360,4.657962E+00,,1234,1.5641,
temporal_fine_g3_1e19,370,4.619061E+00,,1234,1.5511,
temporal_fine_g3_1e19,380,4.609706E+00,,1234,1.5479,
temporal_fine_g3_1e19,390,4.585531E+00,,1234,1.5398,
temporal_fine_g3_1e19,400,4.548432E+00,,1234,1.5273,
temporal_fine_g3_1e19,410,4.532148E+00,,1234,1.5219,
temporal_fine_g3_1e19,420,4.503086E+00,,1234,1.5121,
temporal_fine_g3_1e19,430,4.481549E+00,,1234,1.5049,
temporal_fine_g3_1e19,440,4.459345E+00,,1234,1.4974,
temporal_fine_g3_1e19,450,4.453996E+00,,1234,1.4956,
temporal_fine_g3_1e19,460,4.416954E+00,,1234,1.4832,
temporal_fine_g3_1e19,470,4.392159E+00,,1234,1.4749,
temporal_fine_g3_1e19,480,4.377894E+00,,1234,1.4701,
temporal_fine_g3_1e19,490,4.354273E+00,,1234,1.4621,
temporal_fine_g3_1e19,500,4.323874E+00,,1234,1.4519,
temporal_fine_g3_1e19,510,4.306504E+00,,1234,1.4461,
temporal_fine_g3_1e19,520,4.295987E+00,,1234,1.4426,
temporal_fine_g3_1e19,530,4.272733E+00,,1234,1.4348,
temporal_fine_g3_1e19,540,4.244251E+00,,1234,1.4252,
temporal_fine_g3_1e19,550,4.234570E+00,,1234,1.4220,
temporal_fine_g3_1e19,560,4.222697E+00,,1234,1.4180,
temporal_fine_g3_1e19,570,4.200653E+00,,1234,1.4106,
temporal_fine_g3_1e19,580,4.183523E+00,,1234,1.4048,
temporal_fine_g3_1e19,590,4.160191E+00,,1234,1.3970,
temporal_fine_g3_1e19,600,4.148955E+00,,1234,1.3932,
temporal_fine_g3_1e19,610,4.147686E+00,,1234,1.3928,
temporal_fine_g3_1e19,620,4.115833E+00,,1234,1.3821,
temporal_fine_g3_1e19,630,4.111674E+00,,1234,1.3807,
temporal_fine_g3_1e19,640,4.089408E+00,,1234,1.3732,
temporal_fine_g3_1e19,650,4.077222E+00,,1234,1.3691,
temporal_fine_g3_1e19,660,4.053259E+00,,1234,1.3611,
temporal_fine_g3_1e19,670,4.045295E+00,,1234,1.3584,
temporal_fine_g3_1e19,680,4.037022E+00,,1234,1.3556,
temporal_fine_g3_1e19,690,4.022695E+00,,1234,1.3508,
temporal_fine_g3_1e19,700,4.009100E+00,,1234,1.3462,
temporal_fine_g3_1e19,710,3.993986E+00,,1234,1.3412,
temporal_fine_g3_1e19,720,3.982977E+00,,1234,1.3375,
temporal_fine_g3_1e19,730,3.980239E+00,,1234,1.3365,
temporal_fine_g3_1e19,740,3.963817E+00,,1234,1.3310,
temporal_fine_g3_1e19,750,3.956268E+00,,1234,1.3285,
temporal_fine_g3_1e19,760,3.944196E+00,,1234,1.3244,
temporal_fine_g3_1e19,770,3.939046E+00,,1234,1.3227,
temporal_fine_g3_1e19,780,3.925787E+00,,1234,1.3183,
temporal_fine_g3_1e19,790,3.914145E+00,,1234,1.3144,
temporal_fine_g3_1e19,800,3.909611E+00,,1234,1.3128,
temporal_fine_g3_1e19,810,3.895156E+00,,1234,1.3080,
temporal_fine_g3_1e19,820,3.902855E+00,,1234,1.3106,
temporal_fine_g3_1e19,830,3.886354E+00,,1234,1.3050,
temporal_fine_g3_1e19,840,3.872443E+00,,1234,1.3004,
temporal_fine_g3_1e19,850,3.863544E+00,,1234,1.2974,
temporal_fine_g3_1e19,860,3.856220E+00,,1234,1.2949,
temporal_fine_g3_1e19,870,3.852782E+00,,1234,1.2937,
temporal_fine_g3_1e19,880,3.837562E+00,,1234,1.2886,
temporal_fine_g3_1e19,890,3.833604E+00,,1234,1.2873,
temporal_fine_g3_1e19,900,3.823239E+00,,1234,1.2838,
temporal_fine_g3_1e19,910,3.818171E+00,,1234,1.2821,
temporal_fine_g3_1e19,920,3.806103E+00,,1234,1.2781,
temporal_fine_g3_1e19,930,3.800424E+00,,1234,1.2762,
temporal_fine_g3_1e19,940,3.795875E+00,,1234,1.2746,
temporal_fine_g3_1e19,950,3.793805E+00,,1234,1.2739,
temporal_fine_g3_1e19,960,3.779641E+00,,1234,1.2692,
temporal_fine_g3_1e19,970,3.772649E+00,,1234,1.2668,
temporal_fine_g3_1e19,980,3.766027E+00,,1234,1.2646,
temporal_fine_g3_1e19,990,3.760844E+00,,1234,1.2629,
temporal_fine_g3_1e19,1000,3.757754E+00,,1234,1.2618,
temporal_fine_g3_1e19,1010,3.753786E+00,,1234,1.2605,
temporal_fine_g3_1e19,1020,3.751733E+00,,1234,1.2598,
temporal_fine_g3_1e19,1030,3.745754E+00,,1234,1.2578,
temporal_fine_g3_1e19,1040,3.734352E+00,,1234,1.2540,
temporal_fine_g3_1e19,1050,3.728513E+00,,1234,1.2520,
temporal_fine_g3_1e19,1060,3.725628E+00,,1234,1.2511,
temporal_fine_g3_1e19,1070,3.710936E+00,,1234,1.2461,
temporal_fine_g3_1e19,1080,3.712537E+00,,1234,1.2467,
temporal_fine_g3_1e19,1090,3.706134E+00,,1234,1.2445,
temporal_fine_g3_1e19,1100,3.703068E+00,,1234,1.2435,
temporal_fine_g3_1e19,1110,3.693219E+00,,1234,1.2402,
temporal_fine_g3_1e19,1120,3.697198E+00,,1234,1.2415,
temporal_fine_g3_1e19,1130,3.694214E+00,,1234,1.2405,
temporal_fine_g3_1e19,1140,3.686222E+00,,1234,1.2378,
temporal_fine_g3_1e19,1150,3.677114E+00,,1234,1.2348,
temporal_fine_g3_1e19,1160,3.666800E+00,,1234,1.2313,
temporal_fine_g3_1e19,1170,3.677946E+00,,1234,1.2350,
temporal_fine_g3_1e19,1180,3.668402E+00,,1234,1.2318,
temporal_fine_g3_1e19,1190,3.669426E+00,,1234,1.2322,
temporal_fine_g3_1e19,1200,3.658603E+00,,1234,1.2285,
temporal_fine_g3_1e19,1210,3.652871E+00,,1234,1.2266,
temporal_fine_g3_1e19,1220,3.654969E+00,,1234,1.2273,
temporal_fine_g3_1e19,1230,3.641079E+00,,1234,1.2227,
temporal_fine_g3_1e19,1240,3.643904E+00,,1234,1.2236,
temporal_fine_g3_1e19,1250,3.644231E+00,,1234,1.2237,
temporal_fine_g3_1e19,1260,3.634175E+00,,1234,1.2203,
temporal_fine_g3_1e19,1270,3.631404E+00,,1234,1.2194,
temporal_fine_g3_1e19,1280,3.625591E+00,,1234,1.2175,
temporal_fine_g3_1e19,1290,3.629736E+00,,1234,1.2189,
temporal_fine_g3_1e19,1300,3.626798E+00,,1234,1.2179,
temporal_fine_g3_1e19,1310,3.607721E+00,,1234,1.2115,
temporal_fine_g3_1e19,1320,3.609538E+00,,1234,1.2121,
temporal_fine_g3_1e19,1330,3.607036E+00,,1234,1.2112,
temporal_fine_g3_1e19,1340,3.603578E+00,,1234,1.2101,
temporal_fine_g3_1e19,1350,3.601120E+00,,1234,1.2092,
temporal_fine_g3_1e19,1360,3.599537E+00,,1234,1.2087,
temporal_fine_g3_1e19,1370,3.594624E+00,,1234,1.2071,
temporal_fine_g3_1e19,1380,3.587503E+00,,1234,1.2047,
temporal_fine_g3_1e19,1390,3.591818E+00,,1234,1.2061,
temporal_fine_g3_1e19,1400,3.590792E+00,,1234,1.2058,
temporal_fine_g3_1e19,1410,3.582510E+00,,1234,1.2030,
temporal_fine_g3_1e19,1420,3.572433E+00,,1234,1.1996,
temporal_fine_g3_1e19,1430,3.575321E+00,,1234,1.2006,
temporal_fine_g3_1e19,1440,3.573129E+00,,1234,1.1998,
temporal_fine_g3_1e19,1450,3.571405E+00,,1234,1.1993,
temporal_fine_g3_1e19,1460,3.570303E+00,,1234,1.1989,
temporal_fine_g3_1e19,1470,3.565554E+00,,1234,1.1973,
temporal_fine_g3_1e19,1480,3.560019E+00,,1234,1.1954,
temporal_fine_g3_1e19,1490,3.554520E+00,,1234,1.1936,
temporal_fine_g3_1e19,1500,3.554290E+00,,1234,1.1935,
temporal_fine_g3_1e19,1510,3.549277E+00,,1234,1.1918,
temporal_fine_g3_1e19,1520,3.558396E+00,,1234,1.1949,
temporal_fine_g3_1e19,1530,3.542631E+00,,1234,1.1896,
temporal_fine_g3_1e19,1540,3.547483E+00,,1234,1.1912,
temporal_fine_g3_1e19,1550,3.544566E+00,,1234,1.1903,
temporal_fine_g3_1e19,1560,3.539687E+00,,1234,1.1886,
temporal_fine_g3_1e19,1570,3.532375E+00,,1234,1.1862,
temporal_fine_g3_1e19,1580,3.528080E+00,,1234,1.1847,
temporal_fine_g3_1e19,1590,3.535553E+00,,1234,1.1872,
temporal_fine_g3_1e19,1600,3.530213E+00,,1234,1.1854,
temporal_fine_g3_1e19,1610,3.528088E+00,,1234,1.1847,
temporal_fine_g3_1e19,1620,3.518754E+00,,1234,1.1816,
temporal_fine_g3_1e19,1630,3.519852E+00,,1234,1.1820,
temporal_fine_g3_1e19,1640,3.511622E+00,,1234,1.1792,
temporal_fine_g3_1e19,1650,3.511683E+00,,1234,1.1792,
temporal_fine_g3_1e19,1660,3.507714E+00,,1234,1.1779,
temporal_fine_g3_1e19,1670,3.507962E+00,,1234,1.1780,
temporal_fine_g3_1e19,1680,3.503517E+00,,1234,1.1765,
temporal_fine_g3_1e19,1690,3.503036E+00,,1234,1.1763,
temporal_fine_g3_1e19,1700,3.500617E+00,,1234,1.1755,
temporal_fine_g3_1e19,1710,3.498146E+00,,1234,1.1747,
temporal_fine_g3_1e19,1720,3.500549E+00,,1234,1.1755,
temporal_fine_g3_1e19,1730,3.488586E+00,,1234,1.1715,
temporal_fine_g3_1e19,1740,3.492290E+00,,1234,1.1727,
temporal_fine_g3_1e19,1750,3.493303E+00,,1234,1.1730,
temporal_fine_g3_1e19,1760,3.482833E+00,,1234,1.1695,
temporal_fine_g3_1e19,1770,3.481385E+00,,1234,1.1690,
temporal_fine_g3_1e19,1780,3.494308E+00,,1234,1.1734,
temporal_fine_g3_1e19,1790,3.481473E+00,,1234,1.1691,
temporal_fine_g3_1e19,1800,3.472380E+00,,1234,1.1660,
temporal_fine_g3_1e19,1810,3.472651E+00,,1234,1.1661,
temporal_fine_g3_1e19,1820,3.476935E+00,,1234,1.1675,
temporal_fine_g3_1e19,1830,3.475788E+00,,1234,1.1672,
temporal_fine_g3_1e19,1840,3.464497E+00,,1234,1.1634,
temporal_fine_g3_1e19,1850,3.465156E+00,,1234,1.1636,
temporal_fine_g3_1e19,1860,3.465715E+00,,1234,1.1638,
temporal_fine_g3_1e19,1870,3.469445E+00,,1234,1.1650,
temporal_fine_g3_1e19,1880,3.461585E+00,,1234,1.1624,
temporal_fine_g3_1e19,1890,3.457204E+00,,1234,1.1609,
temporal_fine_g3_1e19,1900,3.459397E+00,,1234,1.1617,
temporal_fine_g3_1e19,1910,3.448597E+00,,1234,1.1580,
temporal_fine_g3_1e19,1920,3.462169E+00,,1234,1.1626,
temporal_fine_g3_1e19,1930,3.456880E+00,,1234,1.1608,
temporal_fine_g3_1e19,1940,3.455031E+00,,1234,1.1602,
temporal_fine_g3_1e19,1950,3.449443E+00,,1234,1.1583,
temporal_fine_g3_1e19,1960,3.445188E+00,,1234,1.1569,
temporal_fine_g3_1e19,1970,3.443977E+00,,1234,1.1565,
temporal_fine_g3_1e19,1980,3.442929E+00,,1234,1.1561,
temporal_fine_g3_1e19,1990,3.440926E+00,,1234,1.1554,
temporal_fine_g3_1e19,2000,3.437666E+00,,1234,1.1544,
temporal_fine_g3_1e19,2010,3.442480E+00,,1234,1.1560,
temporal_fine_g3_1e19,2020,3.436485E+00,,1234,1.1540,
temporal_fine_g3_1e19,2030,3.434267E+00,,1234,1.1532,
temporal_fine_g3_1e19,2040,3.432916E+00,,1234,1.1528,
temporal_fine_g3_1e19,2050,3.434645E+00,,1234,1.1533,
temporal_fine_g3_1e19,2060,3.425813E+00,,1234,1.1504,
temporal_fine_g3_1e19,2070,3.428093E+00,,1234,1.1511,
temporal_fine_g3_1e19,2080,3.426517E+00,,1234,1.1506,
temporal_fine_g3_1e19,2090,3.426836E+00,,1234,1.1507,
temporal_fine_g3_1e19,2100,3.416370E+00,,1234,1.1472,
temporal_fine_g3_1e19,2110,3.414367E+00,,1234,1.1465,
temporal_fine_g3_1e19,2120,3.424781E+00,,1234,1.1500,
temporal_fine_g3_1e19,2130,3.418945E+00,,1234,1.1481,
temporal_fine_g3_1e19,2140,3.412741E+00,,1234,1.1460,
temporal_fine_g3_1e19,2150,3.409792E+00,,1234,1.1450,
temporal_fine_g3_1e19,2160,3.414234E+00,,1234,1.1465,
temporal_fine_g3_1e19,2170,3.407997E+00,,1234,1.1444,
temporal_fine_g3_1e19,2180,3.407472E+00,,1234,1.1442,
temporal_fine_g3_1e19,2190,3.400679E+00,,1234,1.1419,
temporal_fine_g3_1e19,2200,3.400325E+00,,1234,1.1418,
temporal_fine_g3_1e19,2210,3.402300E+00,,1234,1.1425,
temporal_fine_g3_1e19,2220,3.405930E+00,,1234,1.1437,
temporal_fine_g3_1e19,2230,3.405661E+00,,1234,1.1436,
temporal_fine_g3_1e19,2240,3.400800E+00,,1234,1.1420,
temporal_fine_g3_1e19,2250,3.400526E+00,,1234,1.1419,
temporal_fine_g3_1e19,2260,3.397007E+00,,1234,1.1407,
temporal_fine_g3_1e19,2270,3.386949E+00,,1234,1.1373,
temporal_fine_g3_1e19,2280,3.398407E+00,,1234,1.1412,
temporal_fine_g3_1e19,2290,3.386417E+00,,1234,1.1371,
temporal_fine_g3_1e19,2300,3.390788E+00,,1234,1.1386,
temporal_fine_g3_1e19,2310,3.386699E+00,,1234,1.1372,
temporal_fine_g3_1e19,2320,3.380135E+00,,1234,1.1350,
temporal_fine_g3_1e19,2330,3.380112E+00,,1234,1.1350,
temporal_fine_g3_1e19,2340,3.377402E+00,,1234,1.1341,
temporal_fine_g3_1e19,2350,3.386242E+00,,1234,1.1371,
temporal_fine_g3_1e19,2360,3.383058E+00,,1234,1.1360,
temporal_fine_g3_1e19,2370,3.384729E+00,,1234,1.1366,
temporal_fine_g3_1e19,2380,3.376695E+00,,1234,1.1339,
temporal_fine_g3_1e19,2390,3.378902E+00,,1234,1.1346,
temporal_fine_g3_1e19,2400,3.370899E+00,,1234,1.1319,
temporal_fine_g3_1e19,2410,3.369970E+00,,1234,1.1316,
temporal_fine_g3_1e19,2420,3.368721E+00,,1234,1.1312,
temporal_fine_g3_1e19,2430,3.371550E+00,,1234,1.1322,
temporal_fine_g3_1e19,2440,3.367889E+00,,1234,1.1309,
temporal_fine_g3_1e19,2450,3.367183E+00,,1234,1.1307,
temporal_fine_g3_1e19,2460,3.365949E+00,,1234,1.1303,
temporal_fine_g3_1e19,2470,3.361259E+00,,1234,1.1287,
temporal_fine_g3_1e19,2480,3.366412E+00,,1234,1.1304,
temporal_fine_g3_1e19,2490,3.362886E+00,,1234,1.1292,
temporal_fine_g3_1e19,2500,3.362553E+00,,1234,1.1291,
temporal_fine_g3_1e19,2510,3.360693E+00,,1234,1.1285,
temporal_fine_g3_1e19,2520,3.359517E+00,,1234,1.1281,
temporal_fine_g3_1e19,2530,3.364005E+00,,1234,1.1296,
temporal_fine_g3_1e19,2540,3.360233E+00,,1234,1.1284,
temporal_fine_g3_1e19,2550,3.350802E+00,,1234,1.1252,
temporal_fine_g3_1e19,2560,3.353000E+00,,1234,1.1259,
temporal_fine_g3_1e19,2570,3.353480E+00,,1234,1.1261,
temporal_fine_g3_1e19,2580,3.352409E+00,,1234,1.1257,
temporal_fine_g3_1e19,2590,3.354046E+00,,1234,1.1263,
temporal_fine_g3_1e19,2600,3.352330E+00,,1234,1.1257,
temporal_fine_g3_1e19,2610,3.351126E+00,,1234,1.1253,
temporal_fine_g3_1e19,2620,3.344999E+00,,1234,1.1232,
temporal_fine_g3_1e19,2630,3.339879E+00,,1234,1.1215,
temporal_fine_g3_1e19,2640,3.343955E+00,,1234,1.1229,
temporal_fine_g3_1e19,2650,3.347094E+00,,1234,1.1239,
temporal_fine_g3_1e19,2660,3.340903E+00,,1234,1.1219,
temporal_fine_g3_1e19,2670,3.342207E+00,,1234,1.1223,
temporal_fine_g3_1e19,2680,3.340760E+00,,1234,1.1218,
temporal_fine_g3_1e19,2690,3.335688E+00,,1234,1.1201,
temporal_fine_g3_1e19,2700,3.333844E+00,,1234,1.1195,
temporal_fine_g3_1e19,2710,3.332847E+00,,1234,1.1192,
temporal_fine_g3_1e19,2720,3.336060E+00,,1234,1.1202,
temporal_fine_g3_1e19,2730,3.327538E+00,,1234,1.1174,
temporal_fine_g3_1e19,2740,3.332578E+00,,1234,1.1191,
temporal_fine_g3_1e19,2750,3.335302E+00,,1234,1.1200,
temporal_fine_g3_1e19,2760,3.336999E+00,,1234,1.1206,
temporal_fine_g3_1e19,2770,3.331759E+00,,1234,1.1188,
temporal_fine_g3_1e19,2780,3.325513E+00,,1234,1.1167,
temporal_fine_g3_1e19,2790,3.328464E+00,,1234,1.1177,
temporal_fine_g3_1e19,2800,3.320576E+00,,1234,1.1150,
temporal_fine_g3_1e19,2810,3.326999E+00,,1234,1.1172,
temporal_fine_g3_1e19,2820,3.333499E+00,,1234,1.1194,
temporal_fine_g3_1e19,2830,3.324896E+00,,1234,1.1165,
temporal_fine_g3_1e19,2840,3.319326E+00,,1234,1.1146,
temporal_fine_g3_1e19,2850,3.320692E+00,,1234,1.1151,
temporal_fine_g3_1e19,2860,3.321684E+00,,1234,1.1154,
temporal_fine_g3_1e19,2870,3.316357E+00,,1234,1.1136,
temporal_fine_g3_1e19,2880,3.319847E+00,,1234,1.1148,
temporal_fine_g3_1e19,2890,3.321006E+00,,1234,1.1152,
temporal_fine_g3_1e19,2900,3.314315E+00,,1234,1.1129,
temporal_fine_g3_1e19,2910,3.317040E+00,,1234,1.1138,
temporal_fine_g3_1e19,2920,3.307251E+00,,1234,1.1106,
temporal_fine_g3_1e19,2930,3.309324E+00,,1234,1.1113,
temporal_fine_g3_1e19,2940,3.306989E+00,,1234,1.1105,
temporal_fine_g3_1e19,2950,3.314476E+00,,1234,1.1130,
temporal_fine_g3_1e19,2960,3.310220E+00,,1234,1.1116,
temporal_fine_g3_1e19,2970,3.302792E+00,,1234,1.1091,
temporal_fine_g3_1e19,2980,3.304464E+00,,1234,1.1096,
temporal_fine_g3_1e19,2990,3.306797E+00,,1234,1.1104,
temporal_fine_g3_1e19,3000,3.305478E+00,,1234,1.1100,
temporal_fine_g3_1e19,3010,3.309695E+00,,1234,1.1114,
temporal_fine_g3_1e19,3020,3.300349E+00,,1234,1.1082,
temporal_fine_g3_1e19,3030,3.295908E+00,,1234,1.1068,
temporal_fine_g3_1e19,3040,3.313429E+00,,1234,1.1126,
temporal_fine_g3_1e19,3050,3.302399E+00,,1234,1.1089,
temporal_fine_g3_1e19,3060,3.299973E+00,,1234,1.1081,
temporal_fine_g3_1e19,3070,3.297249E+00,,1234,1.1072,
temporal_fine_g3_1e19,3080,3.296216E+00,,1234,1.1069,
temporal_fine_g3_1e19,3090,3.295832E+00,,1234,1.1067,
temporal_fine_g3_1e19,3100,3.297232E+00,,1234,1.1072,
temporal_fine_g3_1e19,3110,3.289721E+00,,1234,1.1047,
temporal_fine_g3_1e19,3120,3.292383E+00,,1234,1.1056,
temporal_fine_g3_1e19,3130,3.293875E+00,,1234,1.1061,
temporal_fine_g3_1e19,3140,3.286570E+00,,1234,1.1036,
temporal_fine_g3_1e19,3150,3.289995E+00,,1234,1.1048,
temporal_fine_g3_1e19,3160,3.289071E+00,,1234,1.1045,
temporal_fine_g3_1e19,3170,3.289827E+00,,1234,1.1047,
temporal_fine_g3_1e19,3180,3.285657E+00,,1234,1.1033,
temporal_fine_g3_1e19,3190,3.288708E+00,,1234,1.1043,
temporal_fine_g3_1e19,3200,3.288354E+00,,1234,1.1042,
temporal_fine_g3_1e19,3210,3.281134E+00,,1234,1.1018,
temporal_fine_g3_1e19,3220,3.280231E+00,,1234,1.1015,
temporal_fine_g3_1e19,3230,3.286930E+00,,1234,1.1037,
temporal_fine_g3_1e19,3240,3.282800E+00,,1234,1.1024,
temporal_fine_g3_1e19,3250,3.284432E+00,,1234,1.1029,
temporal_fine_g3_1e19,3260,3.280794E+00,,1234,1.1017,
temporal_fine_g3_1e19,3270,3.281097E+00,,1234,1.1018,
temporal_fine_g3_1e19,3280,3.282602E+00,,1234,1.1023,
temporal_fine_g3_1e19,3290,3.275710E+00,,1234,1.1000,
temporal_fine_g3_1e19,3300,3.274514E+00,,1234,1.0996,
temporal_fine_g3_1e19,3310,3.276845E+00,,1234,1.1004,
temporal_fine_g3_1e19,3320,3.283292E+00,,1234,1.1025,
temporal_fine_g3_1e19,3330,3.274474E+00,,1234,1.0996,
temporal_fine_g3_1e19,3340,3.278629E+00,,1234,1.1009,
temporal_fine_g3_1e19,3350,3.274298E+00,,1234,1.0995,
temporal_fine_g3_1e19,3360,3.275163E+00,,1234,1.0998,
temporal_fine_g3_1e19,3370,3.271107E+00,,1234,1.0984,
temporal_fine_g3_1e19,3380,3.266745E+00,,1234,1.0970,
temporal_fine_g3_1e19,3390,3.262778E+00,,1234,1.0956,
temporal_fine_g3_1e19,3400,3.267165E+00,,1234,1.0971,
temporal_fine_g3_1e19,3410,3.259060E+00,,1234,1.0944,
temporal_fine_g3_1e19,3420,3.262592E+00,,1234,1.0956,
temporal_fine_g3_1e19,3430,3.264348E+00,,1234,1.0962,
temporal_fine_g3_1e19,3440,3.267255E+00,,1234,1.0971,
temporal_fine_g3_1e19,3450,3.266106E+00,,1234,1.0967,
temporal_fine_g3_1e19,3460,3.260920E+00,,1234,1.0950,
temporal_fine_g3_1e19,3470,3.265407E+00,,1234,1.0965,
temporal_fine_g3_1e19,3480,3.256437E+00,,1234,1.0935,
temporal_fine_g3_1e19,3490,3.261492E+00,,1234,1.0952,
temporal_fine_g3_1e19,3500,3.262080E+00,,1234,1.0954,
temporal_fine_g3_1e19,3510,3.265096E+00,,1234,1.0964,
temporal_fine_g3_1e19,3520,3.261281E+00,,1234,1.0951,
temporal_fine_g3_1e19,3530,3.257748E+00,,1234,1.0939,
temporal_fine_g3_1e19,3540,3.256878E+00,,1234,1.0936,
temporal_fine_g3_1e19,3550,3.256612E+00,,1234,1.0936,
temporal_fine_g3_1e19,3560,3.253562E+00,,1234,1.0925,
temporal_fine_g3_1e19,3570,3.258144E+00,,1234,1.0941,
temporal_fine_g3_1e19,3580,3.255352E+00,,1234,1.0931,
temporal_fine_g3_1e19,3590,3.254653E+00,,1234,1.0929,
temporal_fine_g3_1e19,3600,3.255478E+00,,1234,1.0932,
temporal_fine_g3_1e19,3610,3.257728E+00,,1234,1.0939,
temporal_fine_g3_1e19,3620,3.251561E+00,,1234,1.0919,
temporal_fine_g3_1e19,3630,3.246552E+00,,1234,1.0902,
temporal_fine_g3_1e19,3640,3.255077E+00,,1234,1.0930,
temporal_fine_g3_1e19,3650,3.244734E+00,,1234,1.0896,
temporal_fine_g3_1e19,3660,3.246335E+00,,1234,1.0901,
temporal_fine_g3_1e19,3670,3.253287E+00,,1234,1.0924,
temporal_fine_g3_1e19,3680,3.243418E+00,,1234,1.0891,
temporal_fine_g3_1e19,3690,3.242361E+00,,1234,1.0888,
temporal_fine_g3_1e19,3700,3.248590E+00,,1234,1.0909,
temporal_fine_g3_1e19,3710,3.244582E+00,,1234,1.0895,
temporal_fine_g3_1e19,3720,3.236481E+00,,1234,1.0868,
temporal_fine_g3_1e19,3730,3.243232E+00,,1234,1.0891,
temporal_fine_g3_1e19,3740,3.241208E+00,,1234,1.0884,
temporal_fine_g3_1e19,3750,3.242942E+00,,1234,1.0890,
temporal_fine_g3_1e19,3760,3.234975E+00,,1234,1.0863,
temporal_fine_g3_1e19,3770,3.240036E+00,,1234,1.0880,
temporal_fine_g3_1e19,3780,3.234924E+00,,1234,1.0863,
temporal_fine_g3_1e19,3790,3.242026E+00,,1234,1.0887,
temporal_fine_g3_1e19,3800,3.231942E+00,,1234,1.0853,
temporal_fine_g3_1e19,3810,3.233629E+00,,1234,1.0858,
temporal_fine_g3_1e19,3820,3.237085E+00,,1234,1.0870,
temporal_fine_g3_1e19,3830,3.238014E+00,,1234,1.0873,
temporal_fine_g3_1e19,3840,3.230576E+00,,1234,1.0848,
temporal_fine_g3_1e19,3850,3.234278E+00,,1234,1.0861,
temporal_fine_g3_1e19,3860,3.231560E+00,,1234,1.0851,
temporal_fine_g3_1e19,3870,3.231860E+00,,1234,1.0852,
temporal_fine_g3_1e19,3880,3.236580E+00,,1234,1.0868,
temporal_fine_g3_1e19,3890,3.225901E+00,,1234,1.0832,
temporal_fine_g3_1e19,3900,3.231137E+00,,1234,1.0850,
temporal_fine_g3_1e19,3910,3.221766E+00,,1234,1.0819,
temporal_fine_g3_1e19,3920,3.220969E+00,,1234,1.0816,
temporal_fine_g3_1e19,3930,3.215927E+00,,1234,1.0799,
temporal_fine_g3_1e19,3940,3.218344E+00,,1234,1.0807,
temporal_fine_g3_1e19,3950,3.214494E+00,,1234,1.0794,
temporal_fine_g3_1e19,3960,3.211216E+00,,1234,1.0783,
temporal_fine_g3_1e19,3970,3.207199E+00,,1234,1.0770,
temporal_fine_g3_1e19,3980,3.203476E+00,,1234,1.0757,
temporal_fine_g3_1e19,3990,3.208938E+00,,1234,1.0775,
temporal_fine_g3_1e19,4000,3.210829E+00,,1234,1.0782,
temporal_fine_g3_1e19,4010,3.197895E+00,,1234,1.0738,
temporal_fine_g3_1e19,4020,3.198917E+00,,1234,1.0742,
temporal_fine_g3_1e19,4030,3.200719E+00,,1234,1.0748,
temporal_fine_g3_1e19,4040,3.202007E+00,,1234,1.0752,
temporal_fine_g3_1e19,4050,3.194300E+00,,1234,1.0726,
temporal_fine_g3_1e19,4060,3.194513E+00,,1234,1.0727,
temporal_fine_g3_1e19,4070,3.200843E+00,,1234,1.0748,
temporal_fine_g3_1e19,4080,3.193749E+00,,1234,1.0724,
temporal_fine_g3_1e19,4090,3.192664E+00,,1234,1.0721,
temporal_fine_g3_1e19,4100,3.186356E+00,,1234,1.0700,
temporal_fine_g3_1e19,4110,3.186927E+00,,1234,1.0702,
temporal_fine_g3_1e19,4120,3.189403E+00,,1234,1.0710,
temporal_fine_g3_1e19,4130,3.181139E+00,,1234,1.0682,
temporal_fine_g3_1e19,4140,3.183874E+00,,1234,1.0691,
temporal_fine_g3_1e19,4150,3.182441E+00,,1234,1.0687,
temporal_fine_g3_1e19,4160,3.182644E+00,,1234,1.0687,
temporal_fine_g3_1e19,4170,3.181708E+00,,1234,1.0684,
temporal_fine_g3_1e19,4180,3.178796E+00,,1234,1.0674,
temporal_fine_g3_1e19,4190,3.172989E+00,,1234,1.0655,
temporal_fine_g3_1e19,4200,3.175150E+00,,1234,1.0662,
temporal_fine_g3_1e19,4210,3.176358E+00,,1234,1.0666,
temporal_fine_g3_1e19,4220,3.171705E+00,,1234,1.0650,
temporal_fine_g3_1e19,4230,3.170469E+00,,1234,1.0646,
temporal_fine_g3_1e19,4240,3.166759E+00,,1234,1.0634,
temporal_fine_g3_1e19,4250,3.169386E+00,,1234,1.0643,
temporal_fine_g3_1e19,4260,3.172052E+00,,1234,1.0652,
temporal_fine_g3_1e19,4270,3.170781E+00,,1234,1.0647,
temporal_fine_g3_1e19,4278,,3.173160,1234,,1.0655
moe_fine_g3_1e19,10,9.500111E+00,,1234,3.1901,
moe_fine_g3_1e19,20,8.515162E+00,,1234,2.8594,
moe_fine_g3_1e19,30,7.481451E+00,,1234,2.5122,
moe_fine_g3_1e19,40,6.924283E+00,,1234,2.3251,
moe_fine_g3_1e19,50,6.654869E+00,,1234,2.2347,
moe_fine_g3_1e19,60,6.435833E+00,,1234,2.1611,
moe_fine_g3_1e19,70,6.323825E+00,,1234,2.1235,
moe_fine_g3_1e19,80,6.182470E+00,,1234,2.0760,
moe_fine_g3_1e19,90,6.075481E+00,,1234,2.0401,
moe_fine_g3_1e19,100,5.957332E+00,,1234,2.0004,
moe_fine_g3_1e19,110,5.844252E+00,,1234,1.9625,
moe_fine_g3_1e19,120,5.778016E+00,,1234,1.9402,
moe_fine_g3_1e19,130,5.703928E+00,,1234,1.9154,
moe_fine_g3_1e19,140,5.601317E+00,,1234,1.8809,
moe_fine_g3_1e19,150,5.521862E+00,,1234,1.8542,
moe_fine_g3_1e19,160,5.475666E+00,,1234,1.8387,
moe_fine_g3_1e19,170,5.389562E+00,,1234,1.8098,
moe_fine_g3_1e19,180,5.334424E+00,,1234,1.7913,
moe_fine_g3_1e19,190,5.247926E+00,,1234,1.7622,
moe_fine_g3_1e19,200,5.189106E+00,,1234,1.7425,
moe_fine_g3_1e19,210,5.150288E+00,,1234,1.7294,
moe_fine_g3_1e19,220,5.107925E+00,,1234,1.7152,
moe_fine_g3_1e19,230,5.057352E+00,,1234,1.6982,
moe_fine_g3_1e19,240,5.006146E+00,,1234,1.6810,
moe_fine_g3_1e19,250,4.952821E+00,,1234,1.6631,
moe_fine_g3_1e19,260,4.954355E+00,,1234,1.6637,
moe_fine_g3_1e19,270,4.895091E+00,,1234,1.6438,
moe_fine_g3_1e19,280,4.842773E+00,,1234,1.6262,
moe_fine_g3_1e19,290,4.814780E+00,,1234,1.6168,
moe_fine_g3_1e19,300,4.789193E+00,,1234,1.6082,
moe_fine_g3_1e19,310,4.730881E+00,,1234,1.5886,
moe_fine_g3_1e19,320,4.712281E+00,,1234,1.5824,
moe_fine_g3_1e19,330,4.724298E+00,,1234,1.5864,
moe_fine_g3_1e19,340,4.660480E+00,,1234,1.5650,
moe_fine_g3_1e19,350,4.621853E+00,,1234,1.5520,
moe_fine_g3_1e19,360,4.611090E+00,,1234,1.5484,
moe_fine_g3_1e19,370,4.565175E+00,,1234,1.5330,
moe_fine_g3_1e19,380,4.558838E+00,,1234,1.5308,
moe_fine_g3_1e19,390,4.574145E+00,,1234,1.5360,
moe_fine_g3_1e19,400,4.522192E+00,,1234,1.5185,
moe_fine_g3_1e19,410,4.488325E+00,,1234,1.5072,
moe_fine_g3_1e19,420,4.451213E+00,,1234,1.4947,
moe_fine_g3_1e19,430,4.430019E+00,,1234,1.4876,
moe_fine_g3_1e19,440,4.444829E+00,,1234,1.4926,
moe_fine_g3_1e19,450,4.408594E+00,,1234,1.4804,
moe_fine_g3_1e19,460,4.391718E+00,,1234,1.4747,
moe_fine_g3_1e19,470,4.364289E+00,,1234,1.4655,
moe_fine_g3_1e19,480,4.338749E+00,,1234,1.4569,
moe_fine_g3_1e19,490,4.346471E+00,,1234,1.4595,
moe_fine_g3_1e19,500,4.284433E+00,,1234,1.4387,
moe_fine_g3_1e19,510,4.276232E+00,,1234,1.4359,
moe_fine_g3_1e19,520,4.266542E+00,,1234,1.4327,
moe_fine_g3_1e19,530,4.234138E+00,,1234,1.4218,
moe_fine_g3_1e19,540,4.229958E+00,,1234,1.4204,
moe_fine_g3_1e19,550,4.202268E+00,,1234,1.4111,
moe_fine_g3_1e19,560,4.183003E+00,,1234,1.4046,
moe_fine_g3_1e19,570,4.183382E+00,,1234,1.4048,
moe_fine_g3_1e19,580,4.151710E+00,,1234,1.3941,
moe_fine_g3_1e19,590,4.144444E+00,,1234,1.3917,
moe_fine_g3_1e19,600,4.148941E+00,,1234,1.3932,
moe_fine_g3_1e19,610,4.102306E+00,,1234,1.3775,
moe_fine_g3_1e19,620,4.094418E+00,,1234,1.3749,
moe_fine_g3_1e19,630,4.078886E+00,,1234,1.3697,
moe_fine_g3_1e19,640,4.054150E+00,,1234,1.3614,
moe_fine_g3_1e19,650,4.071750E+00,,1234,1.3673,
moe_fine_g3_1e19,660,4.032840E+00,,1234,1.3542,
moe_fine_g3_1e19,670,4.019288E+00,,1234,1.3497,
moe_fine_g3_1e19,680,4.023209E+00,,1234,1.3510,
moe_fine_g3_1e19,690,3.999339E+00,,1234,1.3430,
moe_fine_g3_1e19,700,3.978587E+00,,1234,1.3360,
moe_fine_g3_1e19,710,3.969187E+00,,1234,1.3328,
moe_fine_g3_1e19,720,3.975432E+00,,1234,1.3349,
moe_fine_g3_1e19,730,3.944907E+00,,1234,1.3247,
moe_fine_g3_1e19,740,3.929100E+00,,1234,1.3194,
moe_fine_g3_1e19,750,3.912057E+00,,1234,1.3137,
moe_fine_g3_1e19,760,3.938424E+00,,1234,1.3225,
moe_fine_g3_1e19,770,3.902917E+00,,1234,1.3106,
moe_fine_g3_1e19,780,3.905473E+00,,1234,1.3114,
moe_fine_g3_1e19,790,3.888040E+00,,1234,1.3056,
moe_fine_g3_1e19,800,3.876552E+00,,1234,1.3017,
moe_fine_g3_1e19,810,3.875619E+00,,1234,1.3014,
moe_fine_g3_1e19,820,3.871453E+00,,1234,1.3000,
moe_fine_g3_1e19,830,3.849491E+00,,1234,1.2926,
moe_fine_g3_1e19,840,3.847197E+00,,1234,1.2919,
moe_fine_g3_1e19,850,3.853236E+00,,1234,1.2939,
moe_fine_g3_1e19,860,4.000290E+00,,1234,1.3433,
moe_fine_g3_1e19,870,3.996789E+00,,1234,1.3421,
moe_fine_g3_1e19,880,4.016185E+00,,1234,1.3486,
moe_fine_g3_1e19,890,4.036596E+00,,1234,1.3555,
moe_fine_g3_1e19,900,4.079136E+00,,1234,1.3698,
moe_fine_g3_1e19,910,4.062237E+00,,1234,1.3641,
moe_fine_g3_1e19,920,3.928275E+00,,1234,1.3191,
moe_fine_g3_1e19,930,3.885965E+00,,1234,1.3049,
moe_fine_g3_1e19,940,3.848225E+00,,1234,1.2922,
moe_fine_g3_1e19,950,3.807449E+00,,1234,1.2785,
moe_fine_g3_1e19,960,3.817725E+00,,1234,1.2820,
moe_fine_g3_1e19,970,3.795347E+00,,1234,1.2745,
moe_fine_g3_1e19,980,3.796663E+00,,1234,1.2749,
moe_fine_g3_1e19,990,3.768467E+00,,1234,1.2654,
moe_fine_g3_1e19,1000,3.785102E+00,,1234,1.2710,
moe_fine_g3_1e19,1010,3.774694E+00,,1234,1.2675,
moe_fine_g3_1e19,1020,3.780872E+00,,1234,1.2696,
moe_fine_g3_1e19,1030,3.739177E+00,,1234,1.2556,
moe_fine_g3_1e19,1040,3.732060E+00,,1234,1.2532,
moe_fine_g3_1e19,1050,3.748270E+00,,1234,1.2587,
moe_fine_g3_1e19,1060,3.745878E+00,,1234,1.2579,
moe_fine_g3_1e19,1070,3.716240E+00,,1234,1.2479,
moe_fine_g3_1e19,1080,3.716286E+00,,1234,1.2479,
moe_fine_g3_1e19,1090,3.708789E+00,,1234,1.2454,
moe_fine_g3_1e19,1100,3.713901E+00,,1234,1.2471,
moe_fine_g3_1e19,1110,3.710793E+00,,1234,1.2461,
moe_fine_g3_1e19,1120,3.709392E+00,,1234,1.2456,
moe_fine_g3_1e19,1130,3.704583E+00,,1234,1.2440,
moe_fine_g3_1e19,1140,3.687280E+00,,1234,1.2382,
moe_fine_g3_1e19,1150,3.697547E+00,,1234,1.2416,
moe_fine_g3_1e19,1160,3.653361E+00,,1234,1.2268,
moe_fine_g3_1e19,1170,3.679825E+00,,1234,1.2357,
moe_fine_g3_1e19,1180,3.683285E+00,,1234,1.2368,
moe_fine_g3_1e19,1190,3.674852E+00,,1234,1.2340,
moe_fine_g3_1e19,1200,3.663744E+00,,1234,1.2303,
moe_fine_g3_1e19,1210,3.659274E+00,,1234,1.2288,
moe_fine_g3_1e19,1220,3.641449E+00,,1234,1.2228,
moe_fine_g3_1e19,1230,3.670544E+00,,1234,1.2326,
moe_fine_g3_1e19,1240,3.660737E+00,,1234,1.2293,
moe_fine_g3_1e19,1250,3.639133E+00,,1234,1.2220,
moe_fine_g3_1e19,1260,3.630654E+00,,1234,1.2192,
moe_fine_g3_1e19,1270,3.641870E+00,,1234,1.2229,
moe_fine_g3_1e19,1280,3.611233E+00,,1234,1.2126,
moe_fine_g3_1e19,1290,3.645886E+00,,1234,1.2243,
moe_fine_g3_1e19,1300,3.627181E+00,,1234,1.2180,
moe_fine_g3_1e19,1310,3.626051E+00,,1234,1.2176,
moe_fine_g3_1e19,1320,3.628327E+00,,1234,1.2184,
moe_fine_g3_1e19,1330,3.602991E+00,,1234,1.2099,
moe_fine_g3_1e19,1340,3.627940E+00,,1234,1.2182,
moe_fine_g3_1e19,1350,3.610004E+00,,1234,1.2122,
moe_fine_g3_1e19,1360,3.595722E+00,,1234,1.2074,
moe_fine_g3_1e19,1370,3.592712E+00,,1234,1.2064,
moe_fine_g3_1e19,1380,3.599815E+00,,1234,1.2088,
moe_fine_g3_1e19,1390,3.596611E+00,,1234,1.2077,
moe_fine_g3_1e19,1400,3.583790E+00,,1234,1.2034,
moe_fine_g3_1e19,1410,3.578744E+00,,1234,1.2017,
moe_fine_g3_1e19,1420,3.583184E+00,,1234,1.2032,
moe_fine_g3_1e19,1430,3.555288E+00,,1234,1.1939,
moe_fine_g3_1e19,1440,3.565822E+00,,1234,1.1974,
moe_fine_g3_1e19,1450,3.560790E+00,,1234,1.1957,
moe_fine_g3_1e19,1460,3.571901E+00,,1234,1.1994,
moe_fine_g3_1e19,1470,3.560111E+00,,1234,1.1955,
moe_fine_g3_1e19,1480,3.550169E+00,,1234,1.1921,
moe_fine_g3_1e19,1490,3.562761E+00,,1234,1.1964,
moe_fine_g3_1e19,1500,3.539054E+00,,1234,1.1884,
moe_fine_g3_1e19,1510,3.553817E+00,,1234,1.1934,
moe_fine_g3_1e19,1520,3.545582E+00,,1234,1.1906,
moe_fine_g3_1e19,1530,3.530992E+00,,1234,1.1857,
moe_fine_g3_1e19,1540,3.545794E+00,,1234,1.1907,
moe_fine_g3_1e19,1550,3.521799E+00,,1234,1.1826,
moe_fine_g3_1e19,1560,3.538979E+00,,1234,1.1884,
moe_fine_g3_1e19,1570,3.529006E+00,,1234,1.1850,
moe_fine_g3_1e19,1580,3.559332E+00,,1234,1.1952,
moe_fine_g3_1e19,1590,3.535726E+00,,1234,1.1873,
moe_fine_g3_1e19,1600,3.524609E+00,,1234,1.1835,
moe_fine_g3_1e19,1610,3.514376E+00,,1234,1.1801,
moe_fine_g3_1e19,1620,3.533781E+00,,1234,1.1866,
moe_fine_g3_1e19,1630,3.518361E+00,,1234,1.1815,
moe_fine_g3_1e19,1640,3.526798E+00,,1234,1.1843,
moe_fine_g3_1e19,1650,3.532512E+00,,1234,1.1862,
moe_fine_g3_1e19,1660,3.511429E+00,,1234,1.1791,
moe_fine_g3_1e19,1670,3.495224E+00,,1234,1.1737,
moe_fine_g3_1e19,1680,3.492888E+00,,1234,1.1729,
moe_fine_g3_1e19,1690,3.498486E+00,,1234,1.1748,
moe_fine_g3_1e19,1700,3.511038E+00,,1234,1.1790,
moe_fine_g3_1e19,1710,3.496196E+00,,1234,1.1740,
moe_fine_g3_1e19,1720,3.500820E+00,,1234,1.1756,
moe_fine_g3_1e19,1730,3.492742E+00,,1234,1.1728,
moe_fine_g3_1e19,1740,3.482682E+00,,1234,1.1695,
moe_fine_g3_1e19,1750,3.494822E+00,,1234,1.1735,
moe_fine_g3_1e19,1760,3.484058E+00,,1234,1.1699,
moe_fine_g3_1e19,1770,3.482514E+00,,1234,1.1694,
moe_fine_g3_1e19,1780,3.473954E+00,,1234,1.1665,
moe_fine_g3_1e19,1790,3.473313E+00,,1234,1.1663,
moe_fine_g3_1e19,1800,3.471060E+00,,1234,1.1656,
moe_fine_g3_1e19,1810,3.485276E+00,,1234,1.1703,
moe_fine_g3_1e19,1820,3.460047E+00,,1234,1.1619,
moe_fine_g3_1e19,1830,3.456054E+00,,1234,1.1605,
moe_fine_g3_1e19,1840,3.453701E+00,,1234,1.1597,
moe_fine_g3_1e19,1850,3.470562E+00,,1234,1.1654,
moe_fine_g3_1e19,1860,3.465990E+00,,1234,1.1639,
moe_fine_g3_1e19,1870,3.455919E+00,,1234,1.1605,
moe_fine_g3_1e19,1880,3.461578E+00,,1234,1.1624,
moe_fine_g3_1e19,1890,3.450796E+00,,1234,1.1588,
moe_fine_g3_1e19,1900,3.459039E+00,,1234,1.1615,
moe_fine_g3_1e19,1910,3.455324E+00,,1234,1.1603,
moe_fine_g3_1e19,1920,3.459436E+00,,1234,1.1617,
moe_fine_g3_1e19,1930,3.462400E+00,,1234,1.1627,
moe_fine_g3_1e19,1940,3.441500E+00,,1234,1.1556,
moe_fine_g3_1e19,1950,3.447040E+00,,1234,1.1575,
moe_fine_g3_1e19,1960,3.436317E+00,,1234,1.1539,
moe_fine_g3_1e19,1970,3.430958E+00,,1234,1.1521,
moe_fine_g3_1e19,1980,3.428641E+00,,1234,1.1513,
moe_fine_g3_1e19,1990,3.429213E+00,,1234,1.1515,
moe_fine_g3_1e19,2000,3.441736E+00,,1234,1.1557,
moe_fine_g3_1e19,2010,3.457742E+00,,1234,1.1611,
moe_fine_g3_1e19,2020,3.420922E+00,,1234,1.1487,
moe_fine_g3_1e19,2030,3.410067E+00,,1234,1.1451,
moe_fine_g3_1e19,2040,3.446114E+00,,1234,1.1572,
moe_fine_g3_1e19,2050,3.428216E+00,,1234,1.1512,
moe_fine_g3_1e19,2060,3.411503E+00,,1234,1.1456,
moe_fine_g3_1e19,2070,3.435970E+00,,1234,1.1538,
moe_fine_g3_1e19,2080,3.411463E+00,,1234,1.1456,
moe_fine_g3_1e19,2090,3.412652E+00,,1234,1.1460,
moe_fine_g3_1e19,2100,3.393823E+00,,1234,1.1396,
moe_fine_g3_1e19,2110,3.410521E+00,,1234,1.1452,
moe_fine_g3_1e19,2120,3.416981E+00,,1234,1.1474,
moe_fine_g3_1e19,2130,3.401525E+00,,1234,1.1422,
moe_fine_g3_1e19,2140,3.413633E+00,,1234,1.1463,
moe_fine_g3_1e19,2150,3.403150E+00,,1234,1.1428,
moe_fine_g3_1e19,2160,3.405056E+00,,1234,1.1434,
moe_fine_g3_1e19,2170,3.410503E+00,,1234,1.1452,
moe_fine_g3_1e19,2180,3.414723E+00,,1234,1.1466,
moe_fine_g3_1e19,2190,3.404040E+00,,1234,1.1431,
moe_fine_g3_1e19,2200,3.406112E+00,,1234,1.1438,
moe_fine_g3_1e19,2210,3.400927E+00,,1234,1.1420,
moe_fine_g3_1e19,2220,3.390648E+00,,1234,1.1386,
moe_fine_g3_1e19,2230,3.395171E+00,,1234,1.1401,
moe_fine_g3_1e19,2240,3.411216E+00,,1234,1.1455,
moe_fine_g3_1e19,2250,3.376558E+00,,1234,1.1338,
moe_fine_g3_1e19,2260,3.380745E+00,,1234,1.1352,
moe_fine_g3_1e19,2270,3.383454E+00,,1234,1.1361,
moe_fine_g3_1e19,2280,3.385710E+00,,1234,1.1369,
moe_fine_g3_1e19,2290,3.381223E+00,,1234,1.1354,
moe_fine_g3_1e19,2300,3.391802E+00,,1234,1.1390,
moe_fine_g3_1e19,2310,3.384548E+00,,1234,1.1365,
moe_fine_g3_1e19,2320,3.376935E+00,,1234,1.1340,
moe_fine_g3_1e19,2330,3.384724E+00,,1234,1.1366,
moe_fine_g3_1e19,2340,3.381599E+00,,1234,1.1355,
moe_fine_g3_1e19,2350,3.390825E+00,,1234,1.1386,
moe_fine_g3_1e19,2360,3.373554E+00,,1234,1.1328,
moe_fine_g3_1e19,2370,3.376973E+00,,1234,1.1340,
moe_fine_g3_1e19,2380,3.353847E+00,,1234,1.1262,
moe_fine_g3_1e19,2390,3.371059E+00,,1234,1.1320,
moe_fine_g3_1e19,2400,3.367758E+00,,1234,1.1309,
moe_fine_g3_1e19,2410,3.382305E+00,,1234,1.1358,
moe_fine_g3_1e19,2420,3.359372E+00,,1234,1.1281,
moe_fine_g3_1e19,2430,3.369652E+00,,1234,1.1315,
moe_fine_g3_1e19,2440,3.357622E+00,,1234,1.1275,
moe_fine_g3_1e19,2450,3.358272E+00,,1234,1.1277,
moe_fine_g3_1e19,2460,3.357791E+00,,1234,1.1275,
moe_fine_g3_1e19,2470,3.352707E+00,,1234,1.1258,
moe_fine_g3_1e19,2480,3.364711E+00,,1234,1.1299,
moe_fine_g3_1e19,2490,3.340947E+00,,1234,1.1219,
moe_fine_g3_1e19,2500,3.354389E+00,,1234,1.1264,
moe_fine_g3_1e19,2510,3.345482E+00,,1234,1.1234,
moe_fine_g3_1e19,2520,3.346123E+00,,1234,1.1236,
moe_fine_g3_1e19,2530,3.344194E+00,,1234,1.1230,
moe_fine_g3_1e19,2540,3.357031E+00,,1234,1.1273,
moe_fine_g3_1e19,2550,3.353859E+00,,1234,1.1262,
moe_fine_g3_1e19,2560,3.348739E+00,,1234,1.1245,
moe_fine_g3_1e19,2570,3.347417E+00,,1234,1.1240,
moe_fine_g3_1e19,2580,3.352446E+00,,1234,1.1257,
moe_fine_g3_1e19,2590,3.357621E+00,,1234,1.1275,
moe_fine_g3_1e19,2600,3.341979E+00,,1234,1.1222,
moe_fine_g3_1e19,2610,3.351326E+00,,1234,1.1254,
moe_fine_g3_1e19,2620,3.346433E+00,,1234,1.1237,
moe_fine_g3_1e19,2630,3.347503E+00,,1234,1.1241,
moe_fine_g3_1e19,2640,3.343432E+00,,1234,1.1227,
moe_fine_g3_1e19,2650,3.346141E+00,,1234,1.1236,
moe_fine_g3_1e19,2660,3.341264E+00,,1234,1.1220,
moe_fine_g3_1e19,2670,3.330056E+00,,1234,1.1182,
moe_fine_g3_1e19,2680,3.321675E+00,,1234,1.1154,
moe_fine_g3_1e19,2690,3.354905E+00,,1234,1.1266,
moe_fine_g3_1e19,2700,3.333736E+00,,1234,1.1195,
moe_fine_g3_1e19,2710,3.342294E+00,,1234,1.1223,
moe_fine_g3_1e19,2720,3.316106E+00,,1234,1.1135,
moe_fine_g3_1e19,2730,3.330219E+00,,1234,1.1183,
moe_fine_g3_1e19,2740,3.316191E+00,,1234,1.1136,
moe_fine_g3_1e19,2750,3.311698E+00,,1234,1.1121,
moe_fine_g3_1e19,2760,3.325744E+00,,1234,1.1168,
moe_fine_g3_1e19,2770,3.316091E+00,,1234,1.1135,
moe_fine_g3_1e19,2780,3.330761E+00,,1234,1.1185,
moe_fine_g3_1e19,2790,3.329810E+00,,1234,1.1181,
moe_fine_g3_1e19,2800,3.311545E+00,,1234,1.1120,
moe_fine_g3_1e19,2810,3.317055E+00,,1234,1.1139,
moe_fine_g3_1e19,2820,3.328398E+00,,1234,1.1177,
moe_fine_g3_1e19,2830,3.301597E+00,,1234,1.1087,
moe_fine_g3_1e19,2840,3.314262E+00,,1234,1.1129,
moe_fine_g3_1e19,2850,3.320669E+00,,1234,1.1151,
moe_fine_g3_1e19,2860,3.297345E+00,,1234,1.1072,
moe_fine_g3_1e19,2870,3.296502E+00,,1234,1.1070,
moe_fine_g3_1e19,2880,3.322074E+00,,1234,1.1155,
moe_fine_g3_1e19,2890,3.300804E+00,,1234,1.1084,
moe_fine_g3_1e19,2900,3.281993E+00,,1234,1.1021,
moe_fine_g3_1e19,2910,3.300073E+00,,1234,1.1082,
moe_fine_g3_1e19,2920,3.321617E+00,,1234,1.1154,
moe_fine_g3_1e19,2930,3.290178E+00,,1234,1.1048,
moe_fine_g3_1e19,2940,3.303648E+00,,1234,1.1094,
moe_fine_g3_1e19,2950,3.280297E+00,,1234,1.1015,
moe_fine_g3_1e19,2960,3.312413E+00,,1234,1.1123,
moe_fine_g3_1e19,2970,3.312973E+00,,1234,1.1125,
moe_fine_g3_1e19,2980,3.294654E+00,,1234,1.1063,
moe_fine_g3_1e19,2990,3.305432E+00,,1234,1.1100,
moe_fine_g3_1e19,3000,3.274024E+00,,1234,1.0994,
moe_fine_g3_1e19,3010,3.288195E+00,,1234,1.1042,
moe_fine_g3_1e19,3020,3.272798E+00,,1234,1.0990,
moe_fine_g3_1e19,3030,3.315800E+00,,1234,1.1134,
moe_fine_g3_1e19,3040,3.280754E+00,,1234,1.1017,
moe_fine_g3_1e19,3050,3.278332E+00,,1234,1.1009,
moe_fine_g3_1e19,3060,3.288854E+00,,1234,1.1044,
moe_fine_g3_1e19,3070,3.292983E+00,,1234,1.1058,
moe_fine_g3_1e19,3080,3.301361E+00,,1234,1.1086,
moe_fine_g3_1e19,3090,3.283434E+00,,1234,1.1026,
moe_fine_g3_1e19,3100,3.284986E+00,,1234,1.1031,
moe_fine_g3_1e19,3110,3.291610E+00,,1234,1.1053,
moe_fine_g3_1e19,3120,3.278872E+00,,1234,1.1010,
moe_fine_g3_1e19,3130,3.278223E+00,,1234,1.1008,
moe_fine_g3_1e19,3140,3.269186E+00,,1234,1.0978,
moe_fine_g3_1e19,3150,3.284759E+00,,1234,1.1030,
moe_fine_g3_1e19,3160,3.278146E+00,,1234,1.1008,
moe_fine_g3_1e19,3170,3.294140E+00,,1234,1.1062,
moe_fine_g3_1e19,3180,3.285616E+00,,1234,1.1033,
moe_fine_g3_1e19,3190,3.281027E+00,,1234,1.1018,
moe_fine_g3_1e19,3200,3.267455E+00,,1234,1.0972,
moe_fine_g3_1e19,3210,3.295380E+00,,1234,1.1066,
moe_fine_g3_1e19,3220,3.284381E+00,,1234,1.1029,
moe_fine_g3_1e19,3230,3.295589E+00,,1234,1.1066,
moe_fine_g3_1e19,3240,3.273915E+00,,1234,1.0994,
moe_fine_g3_1e19,3250,3.280385E+00,,1234,1.1015,
moe_fine_g3_1e19,3260,3.266572E+00,,1234,1.0969,
moe_fine_g3_1e19,3270,3.284987E+00,,1234,1.1031,
moe_fine_g3_1e19,3280,3.278377E+00,,1234,1.1009,
moe_fine_g3_1e19,3290,3.277171E+00,,1234,1.1005,
moe_fine_g3_1e19,3300,3.257090E+00,,1234,1.0937,
moe_fine_g3_1e19,3310,3.274117E+00,,1234,1.0994,
moe_fine_g3_1e19,3320,3.264653E+00,,1234,1.0963,
moe_fine_g3_1e19,3330,3.263351E+00,,1234,1.0958,
moe_fine_g3_1e19,3340,3.273354E+00,,1234,1.0992,
moe_fine_g3_1e19,3350,3.255102E+00,,1234,1.0930,
moe_fine_g3_1e19,3360,3.264926E+00,,1234,1.0963,
moe_fine_g3_1e19,3370,3.262778E+00,,1234,1.0956,
moe_fine_g3_1e19,3380,3.268839E+00,,1234,1.0977,
moe_fine_g3_1e19,3390,3.254988E+00,,1234,1.0930,
moe_fine_g3_1e19,3400,3.257833E+00,,1234,1.0940,
moe_fine_g3_1e19,3410,3.258046E+00,,1234,1.0940,
moe_fine_g3_1e19,3420,3.264326E+00,,1234,1.0961,
moe_fine_g3_1e19,3430,3.243412E+00,,1234,1.0891,
moe_fine_g3_1e19,3440,3.260596E+00,,1234,1.0949,
moe_fine_g3_1e19,3450,3.264103E+00,,1234,1.0961,
moe_fine_g3_1e19,3460,3.245527E+00,,1234,1.0898,
moe_fine_g3_1e19,3470,3.256168E+00,,1234,1.0934,
moe_fine_g3_1e19,3480,3.255279E+00,,1234,1.0931,
moe_fine_g3_1e19,3490,3.270057E+00,,1234,1.0981,
moe_fine_g3_1e19,3500,3.248057E+00,,1234,1.0907,
moe_fine_g3_1e19,3510,3.258921E+00,,1234,1.0943,
moe_fine_g3_1e19,3520,3.252430E+00,,1234,1.0922,
moe_fine_g3_1e19,3530,3.246705E+00,,1234,1.0902,
moe_fine_g3_1e19,3540,3.243690E+00,,1234,1.0892,
moe_fine_g3_1e19,3550,3.242648E+00,,1234,1.0889,
moe_fine_g3_1e19,3560,3.257781E+00,,1234,1.0939,
moe_fine_g3_1e19,3570,3.245146E+00,,1234,1.0897,
moe_fine_g3_1e19,3580,3.244918E+00,,1234,1.0896,
moe_fine_g3_1e19,3590,3.239273E+00,,1234,1.0877,
moe_fine_g3_1e19,3600,3.237159E+00,,1234,1.0870,
moe_fine_g3_1e19,3610,3.250152E+00,,1234,1.0914,
moe_fine_g3_1e19,3620,3.245391E+00,,1234,1.0898,
moe_fine_g3_1e19,3630,3.248445E+00,,1234,1.0908,
moe_fine_g3_1e19,3640,3.238515E+00,,1234,1.0875,
moe_fine_g3_1e19,3650,3.246387E+00,,1234,1.0901,
moe_fine_g3_1e19,3660,3.235467E+00,,1234,1.0865,
moe_fine_g3_1e19,3670,3.251149E+00,,1234,1.0917,
moe_fine_g3_1e19,3680,3.247480E+00,,1234,1.0905,
moe_fine_g3_1e19,3690,3.231294E+00,,1234,1.0851,
moe_fine_g3_1e19,3700,3.217153E+00,,1234,1.0803,
moe_fine_g3_1e19,3710,3.236690E+00,,1234,1.0869,
moe_fine_g3_1e19,3720,3.227229E+00,,1234,1.0837,
moe_fine_g3_1e19,3730,3.221982E+00,,1234,1.0819,
moe_fine_g3_1e19,3740,3.255435E+00,,1234,1.0932,
moe_fine_g3_1e19,3750,3.241716E+00,,1234,1.0886,
moe_fine_g3_1e19,3760,3.217170E+00,,1234,1.0803,
moe_fine_g3_1e19,3770,3.222847E+00,,1234,1.0822,
moe_fine_g3_1e19,3780,3.239752E+00,,1234,1.0879,
moe_fine_g3_1e19,3790,3.219897E+00,,1234,1.0812,
moe_fine_g3_1e19,3800,3.219072E+00,,1234,1.0810,
moe_fine_g3_1e19,3810,3.226076E+00,,1234,1.0833,
moe_fine_g3_1e19,3820,3.227673E+00,,1234,1.0838,
moe_fine_g3_1e19,3830,3.217306E+00,,1234,1.0804,
moe_fine_g3_1e19,3840,3.231329E+00,,1234,1.0851,
moe_fine_g3_1e19,3850,3.227130E+00,,1234,1.0837,
moe_fine_g3_1e19,3860,3.224311E+00,,1234,1.0827,
moe_fine_g3_1e19,3870,3.213750E+00,,1234,1.0792,
moe_fine_g3_1e19,3880,3.212650E+00,,1234,1.0788,
moe_fine_g3_1e19,3890,3.224519E+00,,1234,1.0828,
moe_fine_g3_1e19,3900,3.218192E+00,,1234,1.0807,
moe_fine_g3_1e19,3910,3.211722E+00,,1234,1.0785,
moe_fine_g3_1e19,3920,3.211787E+00,,1234,1.0785,
moe_fine_g3_1e19,3930,3.195486E+00,,1234,1.0730,
moe_fine_g3_1e19,3940,3.198383E+00,,1234,1.0740,
moe_fine_g3_1e19,3950,3.225109E+00,,1234,1.0830,
moe_fine_g3_1e19,3960,3.192261E+00,,1234,1.0719,
moe_fine_g3_1e19,3970,3.219760E+00,,1234,1.0812,
moe_fine_g3_1e19,3980,3.185741E+00,,1234,1.0698,
moe_fine_g3_1e19,3990,3.202241E+00,,1234,1.0753,
moe_fine_g3_1e19,4000,3.174120E+00,,1234,1.0659,
moe_fine_g3_1e19,4010,3.189192E+00,,1234,1.0709,
moe_fine_g3_1e19,4020,3.189913E+00,,1234,1.0712,
moe_fine_g3_1e19,4030,3.177044E+00,,1234,1.0668,
moe_fine_g3_1e19,4040,3.182484E+00,,1234,1.0687,
moe_fine_g3_1e19,4050,3.194228E+00,,1234,1.0726,
moe_fine_g3_1e19,4060,3.186487E+00,,1234,1.0700,
moe_fine_g3_1e19,4070,3.162655E+00,,1234,1.0620,
moe_fine_g3_1e19,4080,3.168981E+00,,1234,1.0641,
moe_fine_g3_1e19,4090,3.196807E+00,,1234,1.0735,
moe_fine_g3_1e19,4100,3.181696E+00,,1234,1.0684,
moe_fine_g3_1e19,4110,3.187615E+00,,1234,1.0704,
moe_fine_g3_1e19,4120,3.166249E+00,,1234,1.0632,
moe_fine_g3_1e19,4130,3.162998E+00,,1234,1.0621,
moe_fine_g3_1e19,4140,3.160939E+00,,1234,1.0614,
moe_fine_g3_1e19,4150,3.175665E+00,,1234,1.0664,
moe_fine_g3_1e19,4160,3.179330E+00,,1234,1.0676,
moe_fine_g3_1e19,4170,3.176923E+00,,1234,1.0668,
moe_fine_g3_1e19,4180,3.186190E+00,,1234,1.0699,
moe_fine_g3_1e19,4190,3.142097E+00,,1234,1.0551,
moe_fine_g3_1e19,4200,3.164456E+00,,1234,1.0626,
moe_fine_g3_1e19,4210,3.172480E+00,,1234,1.0653,
moe_fine_g3_1e19,4220,3.160241E+00,,1234,1.0612,
moe_fine_g3_1e19,4230,3.158412E+00,,1234,1.0606,
moe_fine_g3_1e19,4240,3.163702E+00,,1234,1.0624,
moe_fine_g3_1e19,4250,3.174551E+00,,1234,1.0660,
moe_fine_g3_1e19,4260,3.141093E+00,,1234,1.0548,
moe_fine_g3_1e19,4270,3.140146E+00,,1234,1.0544,
moe_fine_g3_1e19,4278,,3.157784,1234,,1.0604
