panel,token,expert,num_experts_E,topk_k,moe_layer
temporal (resident set used),0,11,64,6,9
temporal (resident set used),0,25,64,6,9
temporal (resident set used),0,28,64,6,9
temporal (resident set used),0,56,64,6,9
temporal (resident set used),0,59,64,6,9
temporal (resident set used),0,61,64,6,9
temporal (resident set used),1,11,64,6,9
temporal (resident set used),1,25,64,6,9
temporal (resident set used),1,28,64,6,9
temporal (resident set used),1,41,64,6,9
temporal (resident set used),1,56,64,6,9
temporal (resident set used),1,59,64,6,9
temporal (resident set used),2,11,64,6,9
temporal (resident set used),2,25,64,6,9
temporal (resident set used),2,28,64,6,9
temporal (resident set used),2,41,64,6,9
temporal (resident set used),2,57,64,6,9
temporal (resident set used),2,59,64,6,9
temporal (resident set used),3,25,64,6,9
temporal (resident set used),3,28,64,6,9
temporal (resident set used),3,41,64,6,9
temporal (resident set used),3,54,64,6,9
temporal (resident set used),3,57,64,6,9
temporal (resident set used),3,59,64,6,9
temporal (resident set used),4,25,64,6,9
temporal (resident set used),4,28,64,6,9
temporal (resident set used),4,46,64,6,9
temporal (resident set used),4,54,64,6,9
temporal (resident set used),4,57,64,6,9
temporal (resident set used),4,59,64,6,9
temporal (resident set used),5,25,64,6,9
temporal (resident set used),5,28,64,6,9
temporal (resident set used),5,46,64,6,9
temporal (resident set used),5,54,64,6,9
temporal (resident set used),5,56,64,6,9
temporal (resident set used),5,59,64,6,9
temporal (resident set used),6,25,64,6,9
temporal (resident set used),6,28,64,6,9
temporal (resident set used),6,46,64,6,9
temporal (resident set used),6,54,64,6,9
temporal (resident set used),6,56,64,6,9
temporal (resident set used),6,57,64,6,9
temporal (resident set used),7,28,64,6,9
temporal (resident set used),7,46,64,6,9
temporal (resident set used),7,54,64,6,9
temporal (resident set used),7,56,64,6,9
temporal (resident set used),7,57,64,6,9
temporal (resident set used),7,59,64,6,9
temporal (resident set used),8,25,64,6,9
temporal (resident set used),8,28,64,6,9
temporal (resident set used),8,54,64,6,9
temporal (resident set used),8,56,64,6,9
temporal (resident set used),8,57,64,6,9
temporal (resident set used),8,59,64,6,9
temporal (resident set used),9,25,64,6,9
temporal (resident set used),9,46,64,6,9
temporal (resident set used),9,54,64,6,9
temporal (resident set used),9,56,64,6,9
temporal (resident set used),9,57,64,6,9
temporal (resident set used),9,59,64,6,9
temporal (resident set used),10,25,64,6,9
temporal (resident set used),10,28,64,6,9
temporal (resident set used),10,54,64,6,9
temporal (resident set used),10,56,64,6,9
temporal (resident set used),10,57,64,6,9
temporal (resident set used),10,59,64,6,9
temporal (resident set used),11,25,64,6,9
temporal (resident set used),11,28,64,6,9
temporal (resident set used),11,54,64,6,9
temporal (resident set used),11,56,64,6,9
temporal (resident set used),11,57,64,6,9
temporal (resident set used),11,59,64,6,9
temporal (resident set used),12,25,64,6,9
temporal (resident set used),12,28,64,6,9
temporal (resident set used),12,54,64,6,9
temporal (resident set used),12,56,64,6,9
temporal (resident set used),12,59,64,6,9
temporal (resident set used),12,61,64,6,9
temporal (resident set used),13,25,64,6,9
temporal (resident set used),13,28,64,6,9
temporal (resident set used),13,54,64,6,9
temporal (resident set used),13,57,64,6,9
temporal (resident set used),13,59,64,6,9
temporal (resident set used),13,61,64,6,9
temporal (resident set used),14,25,64,6,9
temporal (resident set used),14,28,64,6,9
temporal (resident set used),14,54,64,6,9
temporal (resident set used),14,56,64,6,9
temporal (resident set used),14,57,64,6,9
temporal (resident set used),14,59,64,6,9
temporal (resident set used),15,25,64,6,9
temporal (resident set used),15,28,64,6,9
temporal (resident set used),15,37,64,6,9
temporal (resident set used),15,54,64,6,9
temporal (resident set used),15,57,64,6,9
temporal (resident set used),15,59,64,6,9
temporal (resident set used),16,25,64,6,9
temporal (resident set used),16,28,64,6,9
temporal (resident set used),16,54,64,6,9
temporal (resident set used),16,56,64,6,9
temporal (resident set used),16,57,64,6,9
temporal (resident set used),16,59,64,6,9
temporal (resident set used),17,25,64,6,9
temporal (resident set used),17,28,64,6,9
temporal (resident set used),17,41,64,6,9
temporal (resident set used),17,54,64,6,9
temporal (resident set used),17,56,64,6,9
temporal (resident set used),17,59,64,6,9
temporal (resident set used),18,25,64,6,9
temporal (resident set used),18,28,64,6,9
temporal (resident set used),18,37,64,6,9
temporal (resident set used),18,54,64,6,9
temporal (resident set used),18,56,64,6,9
temporal (resident set used),18,59,64,6,9
temporal (resident set used),19,25,64,6,9
temporal (resident set used),19,28,64,6,9
temporal (resident set used),19,37,64,6,9
temporal (resident set used),19,54,64,6,9
temporal (resident set used),19,56,64,6,9
temporal (resident set used),19,59,64,6,9
temporal (resident set used),20,25,64,6,9
temporal (resident set used),20,28,64,6,9
temporal (resident set used),20,37,64,6,9
temporal (resident set used),20,54,64,6,9
temporal (resident set used),20,57,64,6,9
temporal (resident set used),20,59,64,6,9
temporal (resident set used),21,25,64,6,9
temporal (resident set used),21,28,64,6,9
temporal (resident set used),21,54,64,6,9
temporal (resident set used),21,56,64,6,9
temporal (resident set used),21,57,64,6,9
temporal (resident set used),21,59,64,6,9
temporal (resident set used),22,25,64,6,9
temporal (resident set used),22,46,64,6,9
temporal (resident set used),22,54,64,6,9
temporal (resident set used),22,56,64,6,9
temporal (resident set used),22,57,64,6,9
temporal (resident set used),22,59,64,6,9
temporal (resident set used),23,25,64,6,9
temporal (resident set used),23,28,64,6,9
temporal (resident set used),23,54,64,6,9
temporal (resident set used),23,56,64,6,9
temporal (resident set used),23,57,64,6,9
temporal (resident set used),23,59,64,6,9
temporal (resident set used),24,25,64,6,9
temporal (resident set used),24,28,64,6,9
temporal (resident set used),24,54,64,6,9
temporal (resident set used),24,56,64,6,9
temporal (resident set used),24,59,64,6,9
temporal (resident set used),24,60,64,6,9
temporal (resident set used),25,25,64,6,9
temporal (resident set used),25,28,64,6,9
temporal (resident set used),25,54,64,6,9
temporal (resident set used),25,56,64,6,9
temporal (resident set used),25,57,64,6,9
temporal (resident set used),25,59,64,6,9
temporal (resident set used),26,3,64,6,9
temporal (resident set used),26,25,64,6,9
temporal (resident set used),26,28,64,6,9
temporal (resident set used),26,56,64,6,9
temporal (resident set used),26,57,64,6,9
temporal (resident set used),26,59,64,6,9
temporal (resident set used),27,3,64,6,9
temporal (resident set used),27,25,64,6,9
temporal (resident set used),27,28,64,6,9
temporal (resident set used),27,33,64,6,9
temporal (resident set used),27,56,64,6,9
temporal (resident set used),27,59,64,6,9
temporal (resident set used),28,25,64,6,9
temporal (resident set used),28,28,64,6,9
temporal (resident set used),28,33,64,6,9
temporal (resident set used),28,46,64,6,9
temporal (resident set used),28,56,64,6,9
temporal (resident set used),28,59,64,6,9
temporal (resident set used),29,7,64,6,9
temporal (resident set used),29,25,64,6,9
temporal (resident set used),29,28,64,6,9
temporal (resident set used),29,33,64,6,9
temporal (resident set used),29,56,64,6,9
temporal (resident set used),29,59,64,6,9
temporal (resident set used),30,7,64,6,9
temporal (resident set used),30,25,64,6,9
temporal (resident set used),30,28,64,6,9
temporal (resident set used),30,33,64,6,9
temporal (resident set used),30,56,64,6,9
temporal (resident set used),30,58,64,6,9
temporal (resident set used),31,7,64,6,9
temporal (resident set used),31,25,64,6,9
temporal (resident set used),31,28,64,6,9
temporal (resident set used),31,33,64,6,9
temporal (resident set used),31,49,64,6,9
temporal (resident set used),31,58,64,6,9
temporal (resident set used),32,7,64,6,9
temporal (resident set used),32,25,64,6,9
temporal (resident set used),32,28,64,6,9
temporal (resident set used),32,33,64,6,9
temporal (resident set used),32,46,64,6,9
temporal (resident set used),32,49,64,6,9
temporal (resident set used),33,7,64,6,9
temporal (resident set used),33,25,64,6,9
temporal (resident set used),33,28,64,6,9
temporal (resident set used),33,46,64,6,9
temporal (resident set used),33,49,64,6,9
temporal (resident set used),33,54,64,6,9
temporal (resident set used),34,7,64,6,9
temporal (resident set used),34,18,64,6,9
temporal (resident set used),34,25,64,6,9
temporal (resident set used),34,28,64,6,9
temporal (resident set used),34,49,64,6,9
temporal (resident set used),34,54,64,6,9
temporal (resident set used),35,7,64,6,9
temporal (resident set used),35,10,64,6,9
temporal (resident set used),35,18,64,6,9
temporal (resident set used),35,25,64,6,9
temporal (resident set used),35,28,64,6,9
temporal (resident set used),35,54,64,6,9
temporal (resident set used),36,7,64,6,9
temporal (resident set used),36,10,64,6,9
temporal (resident set used),36,18,64,6,9
temporal (resident set used),36,25,64,6,9
temporal (resident set used),36,54,64,6,9
temporal (resident set used),36,58,64,6,9
temporal (resident set used),37,7,64,6,9
temporal (resident set used),37,10,64,6,9
temporal (resident set used),37,18,64,6,9
temporal (resident set used),37,25,64,6,9
temporal (resident set used),37,34,64,6,9
temporal (resident set used),37,58,64,6,9
temporal (resident set used),38,7,64,6,9
temporal (resident set used),38,10,64,6,9
temporal (resident set used),38,25,64,6,9
temporal (resident set used),38,34,64,6,9
temporal (resident set used),38,43,64,6,9
temporal (resident set used),38,58,64,6,9
temporal (resident set used),39,3,64,6,9
temporal (resident set used),39,7,64,6,9
temporal (resident set used),39,10,64,6,9
temporal (resident set used),39,25,64,6,9
temporal (resident set used),39,43,64,6,9
temporal (resident set used),39,58,64,6,9
temporal (resident set used),40,3,64,6,9
temporal (resident set used),40,7,64,6,9
temporal (resident set used),40,10,64,6,9
temporal (resident set used),40,42,64,6,9
temporal (resident set used),40,43,64,6,9
temporal (resident set used),40,58,64,6,9
temporal (resident set used),41,3,64,6,9
temporal (resident set used),41,7,64,6,9
temporal (resident set used),41,10,64,6,9
temporal (resident set used),41,19,64,6,9
temporal (resident set used),41,43,64,6,9
temporal (resident set used),41,58,64,6,9
temporal (resident set used),42,7,64,6,9
temporal (resident set used),42,10,64,6,9
temporal (resident set used),42,19,64,6,9
temporal (resident set used),42,35,64,6,9
temporal (resident set used),42,43,64,6,9
temporal (resident set used),42,58,64,6,9
temporal (resident set used),43,7,64,6,9
temporal (resident set used),43,10,64,6,9
temporal (resident set used),43,18,64,6,9
temporal (resident set used),43,19,64,6,9
temporal (resident set used),43,43,64,6,9
temporal (resident set used),43,58,64,6,9
temporal (resident set used),44,7,64,6,9
temporal (resident set used),44,10,64,6,9
temporal (resident set used),44,18,64,6,9
temporal (resident set used),44,34,64,6,9
temporal (resident set used),44,43,64,6,9
temporal (resident set used),44,58,64,6,9
temporal (resident set used),45,7,64,6,9
temporal (resident set used),45,10,64,6,9
temporal (resident set used),45,34,64,6,9
temporal (resident set used),45,43,64,6,9
temporal (resident set used),45,58,64,6,9
temporal (resident set used),45,60,64,6,9
temporal (resident set used),46,7,64,6,9
temporal (resident set used),46,10,64,6,9
temporal (resident set used),46,24,64,6,9
temporal (resident set used),46,43,64,6,9
temporal (resident set used),46,58,64,6,9
temporal (resident set used),46,60,64,6,9
temporal (resident set used),47,7,64,6,9
temporal (resident set used),47,10,64,6,9
temporal (resident set used),47,24,64,6,9
temporal (resident set used),47,43,64,6,9
temporal (resident set used),47,56,64,6,9
temporal (resident set used),47,58,64,6,9
temporal (resident set used),48,3,64,6,9
temporal (resident set used),48,7,64,6,9
temporal (resident set used),48,10,64,6,9
temporal (resident set used),48,43,64,6,9
temporal (resident set used),48,56,64,6,9
temporal (resident set used),48,58,64,6,9
temporal (resident set used),49,3,64,6,9
temporal (resident set used),49,7,64,6,9
temporal (resident set used),49,10,64,6,9
temporal (resident set used),49,19,64,6,9
temporal (resident set used),49,43,64,6,9
temporal (resident set used),49,58,64,6,9
temporal (resident set used),50,7,64,6,9
temporal (resident set used),50,10,64,6,9
temporal (resident set used),50,19,64,6,9
temporal (resident set used),50,26,64,6,9
temporal (resident set used),50,43,64,6,9
temporal (resident set used),50,58,64,6,9
temporal (resident set used),51,7,64,6,9
temporal (resident set used),51,10,64,6,9
temporal (resident set used),51,26,64,6,9
temporal (resident set used),51,43,64,6,9
temporal (resident set used),51,48,64,6,9
temporal (resident set used),51,58,64,6,9
temporal (resident set used),52,7,64,6,9
temporal (resident set used),52,10,64,6,9
temporal (resident set used),52,26,64,6,9
temporal (resident set used),52,39,64,6,9
temporal (resident set used),52,43,64,6,9
temporal (resident set used),52,58,64,6,9
temporal (resident set used),53,7,64,6,9
temporal (resident set used),53,10,64,6,9
temporal (resident set used),53,39,64,6,9
temporal (resident set used),53,43,64,6,9
temporal (resident set used),53,48,64,6,9
temporal (resident set used),53,58,64,6,9
temporal (resident set used),54,7,64,6,9
temporal (resident set used),54,10,64,6,9
temporal (resident set used),54,24,64,6,9
temporal (resident set used),54,39,64,6,9
temporal (resident set used),54,43,64,6,9
temporal (resident set used),54,58,64,6,9
temporal (resident set used),55,7,64,6,9
temporal (resident set used),55,10,64,6,9
temporal (resident set used),55,24,64,6,9
temporal (resident set used),55,42,64,6,9
temporal (resident set used),55,43,64,6,9
temporal (resident set used),55,58,64,6,9
temporal (resident set used),56,7,64,6,9
temporal (resident set used),56,10,64,6,9
temporal (resident set used),56,24,64,6,9
temporal (resident set used),56,42,64,6,9
temporal (resident set used),56,46,64,6,9
temporal (resident set used),56,58,64,6,9
temporal (resident set used),57,7,64,6,9
temporal (resident set used),57,10,64,6,9
temporal (resident set used),57,24,64,6,9
temporal (resident set used),57,34,64,6,9
temporal (resident set used),57,42,64,6,9
temporal (resident set used),57,58,64,6,9
temporal (resident set used),58,7,64,6,9
temporal (resident set used),58,10,64,6,9
temporal (resident set used),58,24,64,6,9
temporal (resident set used),58,30,64,6,9
temporal (resident set used),58,34,64,6,9
temporal (resident set used),58,58,64,6,9
temporal (resident set used),59,4,64,6,9
temporal (resident set used),59,7,64,6,9
temporal (resident set used),59,10,64,6,9
temporal (resident set used),59,24,64,6,9
temporal (resident set used),59,30,64,6,9
temporal (resident set used),59,58,64,6,9
temporal (resident set used),60,4,64,6,9
temporal (resident set used),60,7,64,6,9
temporal (resident set used),60,10,64,6,9
temporal (resident set used),60,24,64,6,9
temporal (resident set used),60,35,64,6,9
temporal (resident set used),60,58,64,6,9
temporal (resident set used),61,4,64,6,9
temporal (resident set used),61,7,64,6,9
temporal (resident set used),61,10,64,6,9
temporal (resident set used),61,24,64,6,9
temporal (resident set used),61,34,64,6,9
temporal (resident set used),61,58,64,6,9
temporal (resident set used),62,4,64,6,9
temporal (resident set used),62,7,64,6,9
temporal (resident set used),62,10,64,6,9
temporal (resident set used),62,24,64,6,9
temporal (resident set used),62,33,64,6,9
temporal (resident set used),62,58,64,6,9
temporal (resident set used),63,4,64,6,9
temporal (resident set used),63,7,64,6,9
temporal (resident set used),63,10,64,6,9
temporal (resident set used),63,33,64,6,9
temporal (resident set used),63,35,64,6,9
temporal (resident set used),63,58,64,6,9
temporal (resident set used),64,4,64,6,9
temporal (resident set used),64,7,64,6,9
temporal (resident set used),64,10,64,6,9
temporal (resident set used),64,18,64,6,9
temporal (resident set used),64,33,64,6,9
temporal (resident set used),64,58,64,6,9
temporal (resident set used),65,7,64,6,9
temporal (resident set used),65,10,64,6,9
temporal (resident set used),65,18,64,6,9
temporal (resident set used),65,33,64,6,9
temporal (resident set used),65,34,64,6,9
temporal (resident set used),65,58,64,6,9
temporal (resident set used),66,7,64,6,9
temporal (resident set used),66,10,64,6,9
temporal (resident set used),66,18,64,6,9
temporal (resident set used),66,34,64,6,9
temporal (resident set used),66,47,64,6,9
temporal (resident set used),66,58,64,6,9
temporal (resident set used),67,7,64,6,9
temporal (resident set used),67,10,64,6,9
temporal (resident set used),67,34,64,6,9
temporal (resident set used),67,39,64,6,9
temporal (resident set used),67,47,64,6,9
temporal (resident set used),67,58,64,6,9
temporal (resident set used),68,7,64,6,9
temporal (resident set used),68,10,64,6,9
temporal (resident set used),68,34,64,6,9
temporal (resident set used),68,47,64,6,9
temporal (resident set used),68,49,64,6,9
temporal (resident set used),68,58,64,6,9
temporal (resident set used),69,10,64,6,9
temporal (resident set used),69,18,64,6,9
temporal (resident set used),69,34,64,6,9
temporal (resident set used),69,47,64,6,9
temporal (resident set used),69,49,64,6,9
temporal (resident set used),69,58,64,6,9
temporal (resident set used),70,10,64,6,9
temporal (resident set used),70,18,64,6,9
temporal (resident set used),70,30,64,6,9
temporal (resident set used),70,34,64,6,9
temporal (resident set used),70,49,64,6,9
temporal (resident set used),70,58,64,6,9
temporal (resident set used),71,3,64,6,9
temporal (resident set used),71,10,64,6,9
temporal (resident set used),71,18,64,6,9
temporal (resident set used),71,34,64,6,9
temporal (resident set used),71,49,64,6,9
temporal (resident set used),71,58,64,6,9
temporal (resident set used),72,10,64,6,9
temporal (resident set used),72,18,64,6,9
temporal (resident set used),72,34,64,6,9
temporal (resident set used),72,46,64,6,9
temporal (resident set used),72,49,64,6,9
temporal (resident set used),72,58,64,6,9
temporal (resident set used),73,7,64,6,9
temporal (resident set used),73,10,64,6,9
temporal (resident set used),73,18,64,6,9
temporal (resident set used),73,34,64,6,9
temporal (resident set used),73,49,64,6,9
temporal (resident set used),73,58,64,6,9
temporal (resident set used),74,7,64,6,9
temporal (resident set used),74,10,64,6,9
temporal (resident set used),74,30,64,6,9
temporal (resident set used),74,34,64,6,9
temporal (resident set used),74,49,64,6,9
temporal (resident set used),74,58,64,6,9
temporal (resident set used),75,7,64,6,9
temporal (resident set used),75,10,64,6,9
temporal (resident set used),75,24,64,6,9
temporal (resident set used),75,34,64,6,9
temporal (resident set used),75,49,64,6,9
temporal (resident set used),75,58,64,6,9
temporal (resident set used),76,7,64,6,9
temporal (resident set used),76,10,64,6,9
temporal (resident set used),76,24,64,6,9
temporal (resident set used),76,34,64,6,9
temporal (resident set used),76,35,64,6,9
temporal (resident set used),76,58,64,6,9
temporal (resident set used),77,7,64,6,9
temporal (resident set used),77,10,64,6,9
temporal (resident set used),77,23,64,6,9
temporal (resident set used),77,24,64,6,9
temporal (resident set used),77,34,64,6,9
temporal (resident set used),77,58,64,6,9
temporal (resident set used),78,3,64,6,9
temporal (resident set used),78,7,64,6,9
temporal (resident set used),78,10,64,6,9
temporal (resident set used),78,23,64,6,9
temporal (resident set used),78,34,64,6,9
temporal (resident set used),78,58,64,6,9
temporal (resident set used),79,7,64,6,9
temporal (resident set used),79,10,64,6,9
temporal (resident set used),79,23,64,6,9
temporal (resident set used),79,34,64,6,9
temporal (resident set used),79,43,64,6,9
temporal (resident set used),79,58,64,6,9
temporal (resident set used),80,10,64,6,9
temporal (resident set used),80,23,64,6,9
temporal (resident set used),80,34,64,6,9
temporal (resident set used),80,43,64,6,9
temporal (resident set used),80,56,64,6,9
temporal (resident set used),80,58,64,6,9
temporal (resident set used),81,10,64,6,9
temporal (resident set used),81,34,64,6,9
temporal (resident set used),81,43,64,6,9
temporal (resident set used),81,49,64,6,9
temporal (resident set used),81,56,64,6,9
temporal (resident set used),81,58,64,6,9
temporal (resident set used),82,10,64,6,9
temporal (resident set used),82,13,64,6,9
temporal (resident set used),82,43,64,6,9
temporal (resident set used),82,49,64,6,9
temporal (resident set used),82,56,64,6,9
temporal (resident set used),82,58,64,6,9
temporal (resident set used),83,10,64,6,9
temporal (resident set used),83,13,64,6,9
temporal (resident set used),83,37,64,6,9
temporal (resident set used),83,43,64,6,9
temporal (resident set used),83,49,64,6,9
temporal (resident set used),83,58,64,6,9
temporal (resident set used),84,10,64,6,9
temporal (resident set used),84,37,64,6,9
temporal (resident set used),84,43,64,6,9
temporal (resident set used),84,47,64,6,9
temporal (resident set used),84,49,64,6,9
temporal (resident set used),84,58,64,6,9
temporal (resident set used),85,10,64,6,9
temporal (resident set used),85,37,64,6,9
temporal (resident set used),85,43,64,6,9
temporal (resident set used),85,47,64,6,9
temporal (resident set used),85,57,64,6,9
temporal (resident set used),85,58,64,6,9
temporal (resident set used),86,10,64,6,9
temporal (resident set used),86,39,64,6,9
temporal (resident set used),86,43,64,6,9
temporal (resident set used),86,47,64,6,9
temporal (resident set used),86,57,64,6,9
temporal (resident set used),86,58,64,6,9
temporal (resident set used),87,10,64,6,9
temporal (resident set used),87,18,64,6,9
temporal (resident set used),87,39,64,6,9
temporal (resident set used),87,47,64,6,9
temporal (resident set used),87,57,64,6,9
temporal (resident set used),87,58,64,6,9
temporal (resident set used),88,3,64,6,9
temporal (resident set used),88,10,64,6,9
temporal (resident set used),88,18,64,6,9
temporal (resident set used),88,39,64,6,9
temporal (resident set used),88,57,64,6,9
temporal (resident set used),88,58,64,6,9
temporal (resident set used),89,3,64,6,9
temporal (resident set used),89,10,64,6,9
temporal (resident set used),89,18,64,6,9
temporal (resident set used),89,46,64,6,9
temporal (resident set used),89,57,64,6,9
temporal (resident set used),89,58,64,6,9
temporal (resident set used),90,3,64,6,9
temporal (resident set used),90,10,64,6,9
temporal (resident set used),90,18,64,6,9
temporal (resident set used),90,34,64,6,9
temporal (resident set used),90,57,64,6,9
temporal (resident set used),90,58,64,6,9
temporal (resident set used),91,3,64,6,9
temporal (resident set used),91,10,64,6,9
temporal (resident set used),91,24,64,6,9
temporal (resident set used),91,34,64,6,9
temporal (resident set used),91,57,64,6,9
temporal (resident set used),91,58,64,6,9
temporal (resident set used),92,3,64,6,9
temporal (resident set used),92,10,64,6,9
temporal (resident set used),92,24,64,6,9
temporal (resident set used),92,26,64,6,9
temporal (resident set used),92,34,64,6,9
temporal (resident set used),92,58,64,6,9
temporal (resident set used),93,10,64,6,9
temporal (resident set used),93,24,64,6,9
temporal (resident set used),93,26,64,6,9
temporal (resident set used),93,34,64,6,9
temporal (resident set used),93,46,64,6,9
temporal (resident set used),93,58,64,6,9
temporal (resident set used),94,10,64,6,9
temporal (resident set used),94,26,64,6,9
temporal (resident set used),94,34,64,6,9
temporal (resident set used),94,40,64,6,9
temporal (resident set used),94,46,64,6,9
temporal (resident set used),94,58,64,6,9
temporal (resident set used),95,10,64,6,9
temporal (resident set used),95,26,64,6,9
temporal (resident set used),95,34,64,6,9
temporal (resident set used),95,40,64,6,9
temporal (resident set used),95,49,64,6,9
temporal (resident set used),95,58,64,6,9
temporal (resident set used),96,10,64,6,9
temporal (resident set used),96,26,64,6,9
temporal (resident set used),96,34,64,6,9
temporal (resident set used),96,37,64,6,9
temporal (resident set used),96,49,64,6,9
temporal (resident set used),96,58,64,6,9
temporal (resident set used),97,7,64,6,9
temporal (resident set used),97,10,64,6,9
temporal (resident set used),97,26,64,6,9
temporal (resident set used),97,34,64,6,9
temporal (resident set used),97,37,64,6,9
temporal (resident set used),97,58,64,6,9
temporal (resident set used),98,7,64,6,9
temporal (resident set used),98,10,64,6,9
temporal (resident set used),98,26,64,6,9
temporal (resident set used),98,34,64,6,9
temporal (resident set used),98,43,64,6,9
temporal (resident set used),98,58,64,6,9
temporal (resident set used),99,10,64,6,9
temporal (resident set used),99,24,64,6,9
temporal (resident set used),99,26,64,6,9
temporal (resident set used),99,34,64,6,9
temporal (resident set used),99,43,64,6,9
temporal (resident set used),99,58,64,6,9
temporal (resident set used),100,10,64,6,9
temporal (resident set used),100,24,64,6,9
temporal (resident set used),100,34,64,6,9
temporal (resident set used),100,43,64,6,9
temporal (resident set used),100,56,64,6,9
temporal (resident set used),100,58,64,6,9
temporal (resident set used),101,10,64,6,9
temporal (resident set used),101,24,64,6,9
temporal (resident set used),101,34,64,6,9
temporal (resident set used),101,40,64,6,9
temporal (resident set used),101,56,64,6,9
temporal (resident set used),101,58,64,6,9
temporal (resident set used),102,10,64,6,9
temporal (resident set used),102,24,64,6,9
temporal (resident set used),102,34,64,6,9
temporal (resident set used),102,43,64,6,9
temporal (resident set used),102,56,64,6,9
temporal (resident set used),102,58,64,6,9
temporal (resident set used),103,10,64,6,9
temporal (resident set used),103,18,64,6,9
temporal (resident set used),103,34,64,6,9
temporal (resident set used),103,43,64,6,9
temporal (resident set used),103,56,64,6,9
temporal (resident set used),103,58,64,6,9
temporal (resident set used),104,10,64,6,9
temporal (resident set used),104,33,64,6,9
temporal (resident set used),104,34,64,6,9
temporal (resident set used),104,43,64,6,9
temporal (resident set used),104,56,64,6,9
temporal (resident set used),104,58,64,6,9
temporal (resident set used),105,3,64,6,9
temporal (resident set used),105,10,64,6,9
temporal (resident set used),105,33,64,6,9
temporal (resident set used),105,34,64,6,9
temporal (resident set used),105,43,64,6,9
temporal (resident set used),105,58,64,6,9
temporal (resident set used),106,3,64,6,9
temporal (resident set used),106,10,64,6,9
temporal (resident set used),106,33,64,6,9
temporal (resident set used),106,35,64,6,9
temporal (resident set used),106,43,64,6,9
temporal (resident set used),106,58,64,6,9
temporal (resident set used),107,3,64,6,9
temporal (resident set used),107,10,64,6,9
temporal (resident set used),107,33,64,6,9
temporal (resident set used),107,37,64,6,9
temporal (resident set used),107,43,64,6,9
temporal (resident set used),107,58,64,6,9
temporal (resident set used),108,10,64,6,9
temporal (resident set used),108,33,64,6,9
temporal (resident set used),108,37,64,6,9
temporal (resident set used),108,42,64,6,9
temporal (resident set used),108,43,64,6,9
temporal (resident set used),108,58,64,6,9
temporal (resident set used),109,10,64,6,9
temporal (resident set used),109,29,64,6,9
temporal (resident set used),109,37,64,6,9
temporal (resident set used),109,42,64,6,9
temporal (resident set used),109,43,64,6,9
temporal (resident set used),109,58,64,6,9
temporal (resident set used),110,10,64,6,9
temporal (resident set used),110,29,64,6,9
temporal (resident set used),110,34,64,6,9
temporal (resident set used),110,42,64,6,9
temporal (resident set used),110,43,64,6,9
temporal (resident set used),110,58,64,6,9
temporal (resident set used),111,10,64,6,9
temporal (resident set used),111,29,64,6,9
temporal (resident set used),111,34,64,6,9
temporal (resident set used),111,35,64,6,9
temporal (resident set used),111,43,64,6,9
temporal (resident set used),111,58,64,6,9
temporal (resident set used),112,10,64,6,9
temporal (resident set used),112,29,64,6,9
temporal (resident set used),112,34,64,6,9
temporal (resident set used),112,43,64,6,9
temporal (resident set used),112,56,64,6,9
temporal (resident set used),112,58,64,6,9
temporal (resident set used),113,7,64,6,9
temporal (resident set used),113,10,64,6,9
temporal (resident set used),113,34,64,6,9
temporal (resident set used),113,43,64,6,9
temporal (resident set used),113,56,64,6,9
temporal (resident set used),113,58,64,6,9
temporal (resident set used),114,7,64,6,9
temporal (resident set used),114,10,64,6,9
temporal (resident set used),114,26,64,6,9
temporal (resident set used),114,43,64,6,9
temporal (resident set used),114,56,64,6,9
temporal (resident set used),114,58,64,6,9
temporal (resident set used),115,7,64,6,9
temporal (resident set used),115,10,64,6,9
temporal (resident set used),115,21,64,6,9
temporal (resident set used),115,43,64,6,9
temporal (resident set used),115,56,64,6,9
temporal (resident set used),115,58,64,6,9
temporal (resident set used),116,3,64,6,9
temporal (resident set used),116,7,64,6,9
temporal (resident set used),116,10,64,6,9
temporal (resident set used),116,21,64,6,9
temporal (resident set used),116,43,64,6,9
temporal (resident set used),116,58,64,6,9
temporal (resident set used),117,3,64,6,9
temporal (resident set used),117,7,64,6,9
temporal (resident set used),117,10,64,6,9
temporal (resident set used),117,34,64,6,9
temporal (resident set used),117,43,64,6,9
temporal (resident set used),117,58,64,6,9
temporal (resident set used),118,7,64,6,9
temporal (resident set used),118,10,64,6,9
temporal (resident set used),118,34,64,6,9
temporal (resident set used),118,43,64,6,9
temporal (resident set used),118,57,64,6,9
temporal (resident set used),118,58,64,6,9
temporal (resident set used),119,7,64,6,9
temporal (resident set used),119,10,64,6,9
temporal (resident set used),119,43,64,6,9
temporal (resident set used),119,49,64,6,9
temporal (resident set used),119,57,64,6,9
temporal (resident set used),119,58,64,6,9
temporal (resident set used),120,7,64,6,9
temporal (resident set used),120,10,64,6,9
temporal (resident set used),120,37,64,6,9
temporal (resident set used),120,49,64,6,9
temporal (resident set used),120,57,64,6,9
temporal (resident set used),120,58,64,6,9
temporal (resident set used),121,7,64,6,9
temporal (resident set used),121,10,64,6,9
temporal (resident set used),121,21,64,6,9
temporal (resident set used),121,37,64,6,9
temporal (resident set used),121,57,64,6,9
temporal (resident set used),121,58,64,6,9
temporal (resident set used),122,7,64,6,9
temporal (resident set used),122,10,64,6,9
temporal (resident set used),122,21,64,6,9
temporal (resident set used),122,35,64,6,9
temporal (resident set used),122,57,64,6,9
temporal (resident set used),122,58,64,6,9
temporal (resident set used),123,7,64,6,9
temporal (resident set used),123,10,64,6,9
temporal (resident set used),123,21,64,6,9
temporal (resident set used),123,43,64,6,9
temporal (resident set used),123,57,64,6,9
temporal (resident set used),123,58,64,6,9
temporal (resident set used),124,10,64,6,9
temporal (resident set used),124,21,64,6,9
temporal (resident set used),124,29,64,6,9
temporal (resident set used),124,43,64,6,9
temporal (resident set used),124,57,64,6,9
temporal (resident set used),124,58,64,6,9
temporal (resident set used),125,10,64,6,9
temporal (resident set used),125,21,64,6,9
temporal (resident set used),125,29,64,6,9
temporal (resident set used),125,43,64,6,9
temporal (resident set used),125,47,64,6,9
temporal (resident set used),125,58,64,6,9
temporal (resident set used),126,10,64,6,9
temporal (resident set used),126,21,64,6,9
temporal (resident set used),126,26,64,6,9
temporal (resident set used),126,29,64,6,9
temporal (resident set used),126,43,64,6,9
temporal (resident set used),126,58,64,6,9
temporal (resident set used),127,10,64,6,9
temporal (resident set used),127,21,64,6,9
temporal (resident set used),127,24,64,6,9
temporal (resident set used),127,26,64,6,9
temporal (resident set used),127,43,64,6,9
temporal (resident set used),127,58,64,6,9
temporal (resident set used),128,10,64,6,9
temporal (resident set used),128,21,64,6,9
temporal (resident set used),128,24,64,6,9
temporal (resident set used),128,43,64,6,9
temporal (resident set used),128,57,64,6,9
temporal (resident set used),128,58,64,6,9
temporal (resident set used),129,10,64,6,9
temporal (resident set used),129,21,64,6,9
temporal (resident set used),129,24,64,6,9
temporal (resident set used),129,33,64,6,9
temporal (resident set used),129,43,64,6,9
temporal (resident set used),129,58,64,6,9
temporal (resident set used),130,10,64,6,9
temporal (resident set used),130,21,64,6,9
temporal (resident set used),130,33,64,6,9
temporal (resident set used),130,37,64,6,9
temporal (resident set used),130,43,64,6,9
temporal (resident set used),130,58,64,6,9
temporal (resident set used),131,10,64,6,9
temporal (resident set used),131,21,64,6,9
temporal (resident set used),131,33,64,6,9
temporal (resident set used),131,37,64,6,9
temporal (resident set used),131,42,64,6,9
temporal (resident set used),131,58,64,6,9
temporal (resident set used),132,10,64,6,9
temporal (resident set used),132,21,64,6,9
temporal (resident set used),132,37,64,6,9
temporal (resident set used),132,42,64,6,9
temporal (resident set used),132,47,64,6,9
temporal (resident set used),132,58,64,6,9
temporal (resident set used),133,3,64,6,9
temporal (resident set used),133,10,64,6,9
temporal (resident set used),133,21,64,6,9
temporal (resident set used),133,42,64,6,9
temporal (resident set used),133,47,64,6,9
temporal (resident set used),133,58,64,6,9
temporal (resident set used),134,10,64,6,9
temporal (resident set used),134,21,64,6,9
temporal (resident set used),134,29,64,6,9
temporal (resident set used),134,42,64,6,9
temporal (resident set used),134,47,64,6,9
temporal (resident set used),134,58,64,6,9
temporal (resident set used),135,10,64,6,9
temporal (resident set used),135,21,64,6,9
temporal (resident set used),135,29,64,6,9
temporal (resident set used),135,47,64,6,9
temporal (resident set used),135,57,64,6,9
temporal (resident set used),135,58,64,6,9
temporal (resident set used),136,10,64,6,9
temporal (resident set used),136,21,64,6,9
temporal (resident set used),136,29,64,6,9
temporal (resident set used),136,43,64,6,9
temporal (resident set used),136,57,64,6,9
temporal (resident set used),136,58,64,6,9
temporal (resident set used),137,10,64,6,9
temporal (resident set used),137,21,64,6,9
temporal (resident set used),137,34,64,6,9
temporal (resident set used),137,43,64,6,9
temporal (resident set used),137,57,64,6,9
temporal (resident set used),137,58,64,6,9
temporal (resident set used),138,10,64,6,9
temporal (resident set used),138,21,64,6,9
temporal (resident set used),138,35,64,6,9
temporal (resident set used),138,43,64,6,9
temporal (resident set used),138,57,64,6,9
temporal (resident set used),138,58,64,6,9
temporal (resident set used),139,10,64,6,9
temporal (resident set used),139,21,64,6,9
temporal (resident set used),139,43,64,6,9
temporal (resident set used),139,47,64,6,9
temporal (resident set used),139,57,64,6,9
temporal (resident set used),139,58,64,6,9
temporal (resident set used),140,3,64,6,9
temporal (resident set used),140,10,64,6,9
temporal (resident set used),140,21,64,6,9
temporal (resident set used),140,43,64,6,9
temporal (resident set used),140,57,64,6,9
temporal (resident set used),140,58,64,6,9
temporal (resident set used),141,3,64,6,9
temporal (resident set used),141,10,64,6,9
temporal (resident set used),141,28,64,6,9
temporal (resident set used),141,43,64,6,9
temporal (resident set used),141,57,64,6,9
temporal (resident set used),141,58,64,6,9
temporal (resident set used),142,3,64,6,9
temporal (resident set used),142,10,64,6,9
temporal (resident set used),142,42,64,6,9
temporal (resident set used),142,43,64,6,9
temporal (resident set used),142,57,64,6,9
temporal (resident set used),142,58,64,6,9
temporal (resident set used),143,3,64,6,9
temporal (resident set used),143,10,64,6,9
temporal (resident set used),143,39,64,6,9
temporal (resident set used),143,43,64,6,9
temporal (resident set used),143,57,64,6,9
temporal (resident set used),143,58,64,6,9
temporal (resident set used),144,3,64,6,9
temporal (resident set used),144,10,64,6,9
temporal (resident set used),144,29,64,6,9
temporal (resident set used),144,43,64,6,9
temporal (resident set used),144,57,64,6,9
temporal (resident set used),144,58,64,6,9
temporal (resident set used),145,10,64,6,9
temporal (resident set used),145,20,64,6,9
temporal (resident set used),145,29,64,6,9
temporal (resident set used),145,43,64,6,9
temporal (resident set used),145,57,64,6,9
temporal (resident set used),145,58,64,6,9
temporal (resident set used),146,10,64,6,9
temporal (resident set used),146,29,64,6,9
temporal (resident set used),146,34,64,6,9
temporal (resident set used),146,43,64,6,9
temporal (resident set used),146,57,64,6,9
temporal (resident set used),146,58,64,6,9
temporal (resident set used),147,10,64,6,9
temporal (resident set used),147,29,64,6,9
temporal (resident set used),147,43,64,6,9
temporal (resident set used),147,49,64,6,9
temporal (resident set used),147,57,64,6,9
temporal (resident set used),147,58,64,6,9
temporal (resident set used),148,10,64,6,9
temporal (resident set used),148,18,64,6,9
temporal (resident set used),148,43,64,6,9
temporal (resident set used),148,49,64,6,9
temporal (resident set used),148,57,64,6,9
temporal (resident set used),148,58,64,6,9
temporal (resident set used),149,10,64,6,9
temporal (resident set used),149,18,64,6,9
temporal (resident set used),149,42,64,6,9
temporal (resident set used),149,43,64,6,9
temporal (resident set used),149,57,64,6,9
temporal (resident set used),149,58,64,6,9
temporal (resident set used),150,10,64,6,9
temporal (resident set used),150,18,64,6,9
temporal (resident set used),150,34,64,6,9
temporal (resident set used),150,42,64,6,9
temporal (resident set used),150,57,64,6,9
temporal (resident set used),150,58,64,6,9
temporal (resident set used),151,10,64,6,9
temporal (resident set used),151,34,64,6,9
temporal (resident set used),151,42,64,6,9
temporal (resident set used),151,57,64,6,9
temporal (resident set used),151,58,64,6,9
temporal (resident set used),151,60,64,6,9
temporal (resident set used),152,10,64,6,9
temporal (resident set used),152,18,64,6,9
temporal (resident set used),152,34,64,6,9
temporal (resident set used),152,57,64,6,9
temporal (resident set used),152,58,64,6,9
temporal (resident set used),152,60,64,6,9
temporal (resident set used),153,10,64,6,9
temporal (resident set used),153,33,64,6,9
temporal (resident set used),153,34,64,6,9
temporal (resident set used),153,57,64,6,9
temporal (resident set used),153,58,64,6,9
temporal (resident set used),153,60,64,6,9
temporal (resident set used),154,10,64,6,9
temporal (resident set used),154,33,64,6,9
temporal (resident set used),154,37,64,6,9
temporal (resident set used),154,57,64,6,9
temporal (resident set used),154,58,64,6,9
temporal (resident set used),154,60,64,6,9
temporal (resident set used),155,10,64,6,9
temporal (resident set used),155,13,64,6,9
temporal (resident set used),155,33,64,6,9
temporal (resident set used),155,37,64,6,9
temporal (resident set used),155,57,64,6,9
temporal (resident set used),155,58,64,6,9
temporal (resident set used),156,10,64,6,9
temporal (resident set used),156,33,64,6,9
temporal (resident set used),156,37,64,6,9
temporal (resident set used),156,38,64,6,9
temporal (resident set used),156,57,64,6,9
temporal (resident set used),156,58,64,6,9
temporal (resident set used),157,18,64,6,9
temporal (resident set used),157,33,64,6,9
temporal (resident set used),157,37,64,6,9
temporal (resident set used),157,38,64,6,9
temporal (resident set used),157,57,64,6,9
temporal (resident set used),157,58,64,6,9
temporal (resident set used),158,18,64,6,9
temporal (resident set used),158,28,64,6,9
temporal (resident set used),158,33,64,6,9
temporal (resident set used),158,37,64,6,9
temporal (resident set used),158,57,64,6,9
temporal (resident set used),158,58,64,6,9
temporal (resident set used),159,18,64,6,9
temporal (resident set used),159,28,64,6,9
temporal (resident set used),159,29,64,6,9
temporal (resident set used),159,37,64,6,9
temporal (resident set used),159,57,64,6,9
temporal (resident set used),159,58,64,6,9
temporal (resident set used),160,18,64,6,9
temporal (resident set used),160,28,64,6,9
temporal (resident set used),160,29,64,6,9
temporal (resident set used),160,34,64,6,9
temporal (resident set used),160,37,64,6,9
temporal (resident set used),160,58,64,6,9
temporal (resident set used),161,18,64,6,9
temporal (resident set used),161,28,64,6,9
temporal (resident set used),161,29,64,6,9
temporal (resident set used),161,34,64,6,9
temporal (resident set used),161,35,64,6,9
temporal (resident set used),161,58,64,6,9
temporal (resident set used),162,18,64,6,9
temporal (resident set used),162,29,64,6,9
temporal (resident set used),162,34,64,6,9
temporal (resident set used),162,35,64,6,9
temporal (resident set used),162,57,64,6,9
temporal (resident set used),162,58,64,6,9
temporal (resident set used),163,18,64,6,9
temporal (resident set used),163,29,64,6,9
temporal (resident set used),163,34,64,6,9
temporal (resident set used),163,35,64,6,9
temporal (resident set used),163,49,64,6,9
temporal (resident set used),163,58,64,6,9
temporal (resident set used),164,18,64,6,9
temporal (resident set used),164,28,64,6,9
temporal (resident set used),164,29,64,6,9
temporal (resident set used),164,34,64,6,9
temporal (resident set used),164,49,64,6,9
temporal (resident set used),164,58,64,6,9
temporal (resident set used),165,18,64,6,9
temporal (resident set used),165,21,64,6,9
temporal (resident set used),165,28,64,6,9
temporal (resident set used),165,29,64,6,9
temporal (resident set used),165,34,64,6,9
temporal (resident set used),165,58,64,6,9
temporal (resident set used),166,3,64,6,9
temporal (resident set used),166,18,64,6,9
temporal (resident set used),166,21,64,6,9
temporal (resident set used),166,29,64,6,9
temporal (resident set used),166,34,64,6,9
temporal (resident set used),166,58,64,6,9
temporal (resident set used),167,3,64,6,9
temporal (resident set used),167,18,64,6,9
temporal (resident set used),167,21,64,6,9
temporal (resident set used),167,29,64,6,9
temporal (resident set used),167,39,64,6,9
temporal (resident set used),167,58,64,6,9
temporal (resident set used),168,3,64,6,9
temporal (resident set used),168,21,64,6,9
temporal (resident set used),168,29,64,6,9
temporal (resident set used),168,39,64,6,9
temporal (resident set used),168,43,64,6,9
temporal (resident set used),168,58,64,6,9
temporal (resident set used),169,21,64,6,9
temporal (resident set used),169,29,64,6,9
temporal (resident set used),169,39,64,6,9
temporal (resident set used),169,43,64,6,9
temporal (resident set used),169,45,64,6,9
temporal (resident set used),169,58,64,6,9
temporal (resident set used),170,21,64,6,9
temporal (resident set used),170,29,64,6,9
temporal (resident set used),170,43,64,6,9
temporal (resident set used),170,45,64,6,9
temporal (resident set used),170,57,64,6,9
temporal (resident set used),170,58,64,6,9
temporal (resident set used),171,21,64,6,9
temporal (resident set used),171,29,64,6,9
temporal (resident set used),171,43,64,6,9
temporal (resident set used),171,57,64,6,9
temporal (resident set used),171,58,64,6,9
temporal (resident set used),171,61,64,6,9
temporal (resident set used),172,29,64,6,9
temporal (resident set used),172,37,64,6,9
temporal (resident set used),172,43,64,6,9
temporal (resident set used),172,57,64,6,9
temporal (resident set used),172,58,64,6,9
temporal (resident set used),172,61,64,6,9
temporal (resident set used),173,28,64,6,9
temporal (resident set used),173,29,64,6,9
temporal (resident set used),173,37,64,6,9
temporal (resident set used),173,57,64,6,9
temporal (resident set used),173,58,64,6,9
temporal (resident set used),173,61,64,6,9
temporal (resident set used),174,28,64,6,9
temporal (resident set used),174,29,64,6,9
temporal (resident set used),174,35,64,6,9
temporal (resident set used),174,57,64,6,9
temporal (resident set used),174,58,64,6,9
temporal (resident set used),174,61,64,6,9
temporal (resident set used),175,18,64,6,9
temporal (resident set used),175,28,64,6,9
temporal (resident set used),175,29,64,6,9
temporal (resident set used),175,57,64,6,9
temporal (resident set used),175,58,64,6,9
temporal (resident set used),175,61,64,6,9
temporal (resident set used),176,28,64,6,9
temporal (resident set used),176,29,64,6,9
temporal (resident set used),176,43,64,6,9
temporal (resident set used),176,57,64,6,9
temporal (resident set used),176,58,64,6,9
temporal (resident set used),176,61,64,6,9
temporal (resident set used),177,28,64,6,9
temporal (resident set used),177,29,64,6,9
temporal (resident set used),177,43,64,6,9
temporal (resident set used),177,45,64,6,9
temporal (resident set used),177,57,64,6,9
temporal (resident set used),177,58,64,6,9
temporal (resident set used),178,29,64,6,9
temporal (resident set used),178,42,64,6,9
temporal (resident set used),178,43,64,6,9
temporal (resident set used),178,45,64,6,9
temporal (resident set used),178,57,64,6,9
temporal (resident set used),178,58,64,6,9
temporal (resident set used),179,21,64,6,9
temporal (resident set used),179,29,64,6,9
temporal (resident set used),179,42,64,6,9
temporal (resident set used),179,43,64,6,9
temporal (resident set used),179,45,64,6,9
temporal (resident set used),179,57,64,6,9
temporal (resident set used),180,21,64,6,9
temporal (resident set used),180,29,64,6,9
temporal (resident set used),180,43,64,6,9
temporal (resident set used),180,45,64,6,9
temporal (resident set used),180,49,64,6,9
temporal (resident set used),180,57,64,6,9
temporal (resident set used),181,21,64,6,9
temporal (resident set used),181,29,64,6,9
temporal (resident set used),181,38,64,6,9
temporal (resident set used),181,43,64,6,9
temporal (resident set used),181,45,64,6,9
temporal (resident set used),181,49,64,6,9
temporal (resident set used),182,21,64,6,9
temporal (resident set used),182,29,64,6,9
temporal (resident set used),182,38,64,6,9
temporal (resident set used),182,45,64,6,9
temporal (resident set used),182,47,64,6,9
temporal (resident set used),182,49,64,6,9
temporal (resident set used),183,21,64,6,9
temporal (resident set used),183,29,64,6,9
temporal (resident set used),183,38,64,6,9
temporal (resident set used),183,47,64,6,9
temporal (resident set used),183,49,64,6,9
temporal (resident set used),183,61,64,6,9
temporal (resident set used),184,18,64,6,9
temporal (resident set used),184,21,64,6,9
temporal (resident set used),184,29,64,6,9
temporal (resident set used),184,38,64,6,9
temporal (resident set used),184,49,64,6,9
temporal (resident set used),184,61,64,6,9
temporal (resident set used),185,21,64,6,9
temporal (resident set used),185,29,64,6,9
temporal (resident set used),185,37,64,6,9
temporal (resident set used),185,38,64,6,9
temporal (resident set used),185,49,64,6,9
temporal (resident set used),185,61,64,6,9
temporal (resident set used),186,21,64,6,9
temporal (resident set used),186,29,64,6,9
temporal (resident set used),186,38,64,6,9
temporal (resident set used),186,42,64,6,9
temporal (resident set used),186,49,64,6,9
temporal (resident set used),186,61,64,6,9
temporal (resident set used),187,21,64,6,9
temporal (resident set used),187,29,64,6,9
temporal (resident set used),187,42,64,6,9
temporal (resident set used),187,49,64,6,9
temporal (resident set used),187,60,64,6,9
temporal (resident set used),187,61,64,6,9
temporal (resident set used),188,29,64,6,9
temporal (resident set used),188,32,64,6,9
temporal (resident set used),188,42,64,6,9
temporal (resident set used),188,49,64,6,9
temporal (resident set used),188,60,64,6,9
temporal (resident set used),188,61,64,6,9
temporal (resident set used),189,23,64,6,9
temporal (resident set used),189,29,64,6,9
temporal (resident set used),189,42,64,6,9
temporal (resident set used),189,49,64,6,9
temporal (resident set used),189,60,64,6,9
temporal (resident set used),189,61,64,6,9
temporal (resident set used),190,23,64,6,9
temporal (resident set used),190,29,64,6,9
temporal (resident set used),190,30,64,6,9
temporal (resident set used),190,49,64,6,9
temporal (resident set used),190,60,64,6,9
temporal (resident set used),190,61,64,6,9
temporal (resident set used),191,23,64,6,9
temporal (resident set used),191,29,64,6,9
temporal (resident set used),191,30,64,6,9
temporal (resident set used),191,49,64,6,9
temporal (resident set used),191,57,64,6,9
temporal (resident set used),191,61,64,6,9
temporal (resident set used),192,23,64,6,9
temporal (resident set used),192,29,64,6,9
temporal (resident set used),192,43,64,6,9
temporal (resident set used),192,49,64,6,9
temporal (resident set used),192,57,64,6,9
temporal (resident set used),192,61,64,6,9
temporal (resident set used),193,21,64,6,9
temporal (resident set used),193,23,64,6,9
temporal (resident set used),193,29,64,6,9
temporal (resident set used),193,43,64,6,9
temporal (resident set used),193,57,64,6,9
temporal (resident set used),193,61,64,6,9
temporal (resident set used),194,21,64,6,9
temporal (resident set used),194,23,64,6,9
temporal (resident set used),194,29,64,6,9
temporal (resident set used),194,34,64,6,9
temporal (resident set used),194,43,64,6,9
temporal (resident set used),194,57,64,6,9
temporal (resident set used),195,21,64,6,9
temporal (resident set used),195,23,64,6,9
temporal (resident set used),195,29,64,6,9
temporal (resident set used),195,34,64,6,9
temporal (resident set used),195,57,64,6,9
temporal (resident set used),195,61,64,6,9
temporal (resident set used),196,21,64,6,9
temporal (resident set used),196,23,64,6,9
temporal (resident set used),196,29,64,6,9
temporal (resident set used),196,46,64,6,9
temporal (resident set used),196,57,64,6,9
temporal (resident set used),196,61,64,6,9
temporal (resident set used),197,1,64,6,9
temporal (resident set used),197,21,64,6,9
temporal (resident set used),197,29,64,6,9
temporal (resident set used),197,46,64,6,9
temporal (resident set used),197,57,64,6,9
temporal (resident set used),197,61,64,6,9
temporal (resident set used),198,18,64,6,9
temporal (resident set used),198,21,64,6,9
temporal (resident set used),198,29,64,6,9
temporal (resident set used),198,46,64,6,9
temporal (resident set used),198,57,64,6,9
temporal (resident set used),198,61,64,6,9
temporal (resident set used),199,18,64,6,9
temporal (resident set used),199,21,64,6,9
temporal (resident set used),199,29,64,6,9
temporal (resident set used),199,37,64,6,9
temporal (resident set used),199,57,64,6,9
temporal (resident set used),199,61,64,6,9
temporal (resident set used),200,18,64,6,9
temporal (resident set used),200,21,64,6,9
temporal (resident set used),200,29,64,6,9
temporal (resident set used),200,39,64,6,9
temporal (resident set used),200,57,64,6,9
temporal (resident set used),200,61,64,6,9
temporal (resident set used),201,18,64,6,9
temporal (resident set used),201,21,64,6,9
temporal (resident set used),201,29,64,6,9
temporal (resident set used),201,30,64,6,9
temporal (resident set used),201,39,64,6,9
temporal (resident set used),201,61,64,6,9
temporal (resident set used),202,21,64,6,9
temporal (resident set used),202,29,64,6,9
temporal (resident set used),202,30,64,6,9
temporal (resident set used),202,39,64,6,9
temporal (resident set used),202,58,64,6,9
temporal (resident set used),202,61,64,6,9
temporal (resident set used),203,21,64,6,9
temporal (resident set used),203,23,64,6,9
temporal (resident set used),203,29,64,6,9
temporal (resident set used),203,30,64,6,9
temporal (resident set used),203,39,64,6,9
temporal (resident set used),203,58,64,6,9
temporal (resident set used),204,3,64,6,9
temporal (resident set used),204,21,64,6,9
temporal (resident set used),204,23,64,6,9
temporal (resident set used),204,30,64,6,9
temporal (resident set used),204,39,64,6,9
temporal (resident set used),204,58,64,6,9
temporal (resident set used),205,3,64,6,9
temporal (resident set used),205,21,64,6,9
temporal (resident set used),205,30,64,6,9
temporal (resident set used),205,35,64,6,9
temporal (resident set used),205,39,64,6,9
temporal (resident set used),205,58,64,6,9
temporal (resident set used),206,3,64,6,9
temporal (resident set used),206,21,64,6,9
temporal (resident set used),206,30,64,6,9
temporal (resident set used),206,39,64,6,9
temporal (resident set used),206,57,64,6,9
temporal (resident set used),206,58,64,6,9
temporal (resident set used),207,3,64,6,9
temporal (resident set used),207,18,64,6,9
temporal (resident set used),207,21,64,6,9
temporal (resident set used),207,30,64,6,9
temporal (resident set used),207,57,64,6,9
temporal (resident set used),207,58,64,6,9
temporal (resident set used),208,3,64,6,9
temporal (resident set used),208,18,64,6,9
temporal (resident set used),208,21,64,6,9
temporal (resident set used),208,30,64,6,9
temporal (resident set used),208,35,64,6,9
temporal (resident set used),208,58,64,6,9
temporal (resident set used),209,3,64,6,9
temporal (resident set used),209,21,64,6,9
temporal (resident set used),209,30,64,6,9
temporal (resident set used),209,35,64,6,9
temporal (resident set used),209,58,64,6,9
temporal (resident set used),209,61,64,6,9
temporal (resident set used),210,2,64,6,9
temporal (resident set used),210,3,64,6,9
temporal (resident set used),210,21,64,6,9
temporal (resident set used),210,30,64,6,9
temporal (resident set used),210,58,64,6,9
temporal (resident set used),210,61,64,6,9
temporal (resident set used),211,2,64,6,9
temporal (resident set used),211,3,64,6,9
temporal (resident set used),211,11,64,6,9
temporal (resident set used),211,21,64,6,9
temporal (resident set used),211,58,64,6,9
temporal (resident set used),211,61,64,6,9
temporal (resident set used),212,3,64,6,9
temporal (resident set used),212,11,64,6,9
temporal (resident set used),212,21,64,6,9
temporal (resident set used),212,37,64,6,9
temporal (resident set used),212,58,64,6,9
temporal (resident set used),212,61,64,6,9
temporal (resident set used),213,3,64,6,9
temporal (resident set used),213,11,64,6,9
temporal (resident set used),213,21,64,6,9
temporal (resident set used),213,37,64,6,9
temporal (resident set used),213,46,64,6,9
temporal (resident set used),213,61,64,6,9
temporal (resident set used),214,3,64,6,9
temporal (resident set used),214,11,64,6,9
temporal (resident set used),214,21,64,6,9
temporal (resident set used),214,34,64,6,9
temporal (resident set used),214,37,64,6,9
temporal (resident set used),214,61,64,6,9
temporal (resident set used),215,3,64,6,9
temporal (resident set used),215,11,64,6,9
temporal (resident set used),215,21,64,6,9
temporal (resident set used),215,33,64,6,9
temporal (resident set used),215,34,64,6,9
temporal (resident set used),215,61,64,6,9
temporal (resident set used),216,3,64,6,9
temporal (resident set used),216,11,64,6,9
temporal (resident set used),216,21,64,6,9
temporal (resident set used),216,28,64,6,9
temporal (resident set used),216,33,64,6,9
temporal (resident set used),216,61,64,6,9
temporal (resident set used),217,3,64,6,9
temporal (resident set used),217,21,64,6,9
temporal (resident set used),217,28,64,6,9
temporal (resident set used),217,33,64,6,9
temporal (resident set used),217,59,64,6,9
temporal (resident set used),217,61,64,6,9
temporal (resident set used),218,21,64,6,9
temporal (resident set used),218,28,64,6,9
temporal (resident set used),218,33,64,6,9
temporal (resident set used),218,56,64,6,9
temporal (resident set used),218,59,64,6,9
temporal (resident set used),218,61,64,6,9
temporal (resident set used),219,3,64,6,9
temporal (resident set used),219,21,64,6,9
temporal (resident set used),219,33,64,6,9
temporal (resident set used),219,56,64,6,9
temporal (resident set used),219,59,64,6,9
temporal (resident set used),219,61,64,6,9
temporal (unconstrained preference),0,11,64,6,9
temporal (unconstrained preference),0,25,64,6,9
temporal (unconstrained preference),0,28,64,6,9
temporal (unconstrained preference),0,56,64,6,9
temporal (unconstrained preference),0,59,64,6,9
temporal (unconstrained preference),0,61,64,6,9
temporal (unconstrained preference),1,25,64,6,9
temporal (unconstrained preference),1,28,64,6,9
temporal (unconstrained preference),1,41,64,6,9
temporal (unconstrained preference),1,54,64,6,9
temporal (unconstrained preference),1,56,64,6,9
temporal (unconstrained preference),1,59,64,6,9
temporal (unconstrained preference),2,28,64,6,9
temporal (unconstrained preference),2,37,64,6,9
temporal (unconstrained preference),2,46,64,6,9
temporal (unconstrained preference),2,54,64,6,9
temporal (unconstrained preference),2,57,64,6,9
temporal (unconstrained preference),2,59,64,6,9
temporal (unconstrained preference),3,3,64,6,9
temporal (unconstrained preference),3,25,64,6,9
temporal (unconstrained preference),3,28,64,6,9
temporal (unconstrained preference),3,54,64,6,9
temporal (unconstrained preference),3,56,64,6,9
temporal (unconstrained preference),3,59,64,6,9
temporal (unconstrained preference),4,25,64,6,9
temporal (unconstrained preference),4,28,64,6,9
temporal (unconstrained preference),4,37,64,6,9
temporal (unconstrained preference),4,46,64,6,9
temporal (unconstrained preference),4,54,64,6,9
temporal (unconstrained preference),4,57,64,6,9
temporal (unconstrained preference),5,25,64,6,9
temporal (unconstrained preference),5,28,64,6,9
temporal (unconstrained preference),5,46,64,6,9
temporal (unconstrained preference),5,54,64,6,9
temporal (unconstrained preference),5,56,64,6,9
temporal (unconstrained preference),5,59,64,6,9
temporal (unconstrained preference),6,25,64,6,9
temporal (unconstrained preference),6,28,64,6,9
temporal (unconstrained preference),6,37,64,6,9
temporal (unconstrained preference),6,54,64,6,9
temporal (unconstrained preference),6,56,64,6,9
temporal (unconstrained preference),6,57,64,6,9
temporal (unconstrained preference),7,28,64,6,9
temporal (unconstrained preference),7,46,64,6,9
temporal (unconstrained preference),7,54,64,6,9
temporal (unconstrained preference),7,56,64,6,9
temporal (unconstrained preference),7,57,64,6,9
temporal (unconstrained preference),7,59,64,6,9
temporal (unconstrained preference),8,25,64,6,9
temporal (unconstrained preference),8,28,64,6,9
temporal (unconstrained preference),8,54,64,6,9
temporal (unconstrained preference),8,56,64,6,9
temporal (unconstrained preference),8,57,64,6,9
temporal (unconstrained preference),8,59,64,6,9
temporal (unconstrained preference),9,25,64,6,9
temporal (unconstrained preference),9,46,64,6,9
temporal (unconstrained preference),9,54,64,6,9
temporal (unconstrained preference),9,56,64,6,9
temporal (unconstrained preference),9,57,64,6,9
temporal (unconstrained preference),9,59,64,6,9
temporal (unconstrained preference),10,25,64,6,9
temporal (unconstrained preference),10,28,64,6,9
temporal (unconstrained preference),10,47,64,6,9
temporal (unconstrained preference),10,54,64,6,9
temporal (unconstrained preference),10,56,64,6,9
temporal (unconstrained preference),10,59,64,6,9
temporal (unconstrained preference),11,25,64,6,9
temporal (unconstrained preference),11,28,64,6,9
temporal (unconstrained preference),11,54,64,6,9
temporal (unconstrained preference),11,56,64,6,9
temporal (unconstrained preference),11,57,64,6,9
temporal (unconstrained preference),11,59,64,6,9
temporal (unconstrained preference),12,24,64,6,9
temporal (unconstrained preference),12,25,64,6,9
temporal (unconstrained preference),12,54,64,6,9
temporal (unconstrained preference),12,56,64,6,9
temporal (unconstrained preference),12,59,64,6,9
temporal (unconstrained preference),12,61,64,6,9
temporal (unconstrained preference),13,18,64,6,9
temporal (unconstrained preference),13,28,64,6,9
temporal (unconstrained preference),13,37,64,6,9
temporal (unconstrained preference),13,46,64,6,9
temporal (unconstrained preference),13,54,64,6,9
temporal (unconstrained preference),13,57,64,6,9
temporal (unconstrained preference),14,3,64,6,9
temporal (unconstrained preference),14,25,64,6,9
temporal (unconstrained preference),14,28,64,6,9
temporal (unconstrained preference),14,54,64,6,9
temporal (unconstrained preference),14,56,64,6,9
temporal (unconstrained preference),14,59,64,6,9
temporal (unconstrained preference),15,18,64,6,9
temporal (unconstrained preference),15,28,64,6,9
temporal (unconstrained preference),15,37,64,6,9
temporal (unconstrained preference),15,46,64,6,9
temporal (unconstrained preference),15,54,64,6,9
temporal (unconstrained preference),15,57,64,6,9
temporal (unconstrained preference),16,3,64,6,9
temporal (unconstrained preference),16,25,64,6,9
temporal (unconstrained preference),16,28,64,6,9
temporal (unconstrained preference),16,54,64,6,9
temporal (unconstrained preference),16,56,64,6,9
temporal (unconstrained preference),16,59,64,6,9
temporal (unconstrained preference),17,25,64,6,9
temporal (unconstrained preference),17,28,64,6,9
temporal (unconstrained preference),17,41,64,6,9
temporal (unconstrained preference),17,54,64,6,9
temporal (unconstrained preference),17,56,64,6,9
temporal (unconstrained preference),17,59,64,6,9
temporal (unconstrained preference),18,25,64,6,9
temporal (unconstrained preference),18,28,64,6,9
temporal (unconstrained preference),18,37,64,6,9
temporal (unconstrained preference),18,54,64,6,9
temporal (unconstrained preference),18,56,64,6,9
temporal (unconstrained preference),18,59,64,6,9
temporal (unconstrained preference),19,25,64,6,9
temporal (unconstrained preference),19,28,64,6,9
temporal (unconstrained preference),19,37,64,6,9
temporal (unconstrained preference),19,54,64,6,9
temporal (unconstrained preference),19,56,64,6,9
temporal (unconstrained preference),19,59,64,6,9
temporal (unconstrained preference),20,25,64,6,9
temporal (unconstrained preference),20,28,64,6,9
temporal (unconstrained preference),20,37,64,6,9
temporal (unconstrained preference),20,46,64,6,9
temporal (unconstrained preference),20,54,64,6,9
temporal (unconstrained preference),20,57,64,6,9
temporal (unconstrained preference),21,25,64,6,9
temporal (unconstrained preference),21,28,64,6,9
temporal (unconstrained preference),21,54,64,6,9
temporal (unconstrained preference),21,56,64,6,9
temporal (unconstrained preference),21,57,64,6,9
temporal (unconstrained preference),21,59,64,6,9
temporal (unconstrained preference),22,25,64,6,9
temporal (unconstrained preference),22,46,64,6,9
temporal (unconstrained preference),22,54,64,6,9
temporal (unconstrained preference),22,56,64,6,9
temporal (unconstrained preference),22,57,64,6,9
temporal (unconstrained preference),22,59,64,6,9
temporal (unconstrained preference),23,25,64,6,9
temporal (unconstrained preference),23,28,64,6,9
temporal (unconstrained preference),23,54,64,6,9
temporal (unconstrained preference),23,56,64,6,9
temporal (unconstrained preference),23,57,64,6,9
temporal (unconstrained preference),23,59,64,6,9
temporal (unconstrained preference),24,25,64,6,9
temporal (unconstrained preference),24,28,64,6,9
temporal (unconstrained preference),24,54,64,6,9
temporal (unconstrained preference),24,56,64,6,9
temporal (unconstrained preference),24,59,64,6,9
temporal (unconstrained preference),24,60,64,6,9
temporal (unconstrained preference),25,28,64,6,9
temporal (unconstrained preference),25,54,64,6,9
temporal (unconstrained preference),25,56,64,6,9
temporal (unconstrained preference),25,57,64,6,9
temporal (unconstrained preference),25,59,64,6,9
temporal (unconstrained preference),25,61,64,6,9
temporal (unconstrained preference),26,3,64,6,9
temporal (unconstrained preference),26,28,64,6,9
temporal (unconstrained preference),26,29,64,6,9
temporal (unconstrained preference),26,57,64,6,9
temporal (unconstrained preference),26,59,64,6,9
temporal (unconstrained preference),26,61,64,6,9
temporal (unconstrained preference),27,11,64,6,9
temporal (unconstrained preference),27,13,64,6,9
temporal (unconstrained preference),27,33,64,6,9
temporal (unconstrained preference),27,41,64,6,9
temporal (unconstrained preference),27,54,64,6,9
temporal (unconstrained preference),27,61,64,6,9
temporal (unconstrained preference),28,6,64,6,9
temporal (unconstrained preference),28,18,64,6,9
temporal (unconstrained preference),28,32,64,6,9
temporal (unconstrained preference),28,37,64,6,9
temporal (unconstrained preference),28,46,64,6,9
temporal (unconstrained preference),28,58,64,6,9
temporal (unconstrained preference),29,7,64,6,9
temporal (unconstrained preference),29,10,64,6,9
temporal (unconstrained preference),29,33,64,6,9
temporal (unconstrained preference),29,34,64,6,9
temporal (unconstrained preference),29,39,64,6,9
temporal (unconstrained preference),29,58,64,6,9
temporal (unconstrained preference),30,3,64,6,9
temporal (unconstrained preference),30,10,64,6,9
temporal (unconstrained preference),30,18,64,6,9
temporal (unconstrained preference),30,43,64,6,9
temporal (unconstrained preference),30,49,64,6,9
temporal (unconstrained preference),30,58,64,6,9
temporal (unconstrained preference),31,3,64,6,9
temporal (unconstrained preference),31,10,64,6,9
temporal (unconstrained preference),31,13,64,6,9
temporal (unconstrained preference),31,33,64,6,9
temporal (unconstrained preference),31,49,64,6,9
temporal (unconstrained preference),31,58,64,6,9
temporal (unconstrained preference),32,11,64,6,9
temporal (unconstrained preference),32,25,64,6,9
temporal (unconstrained preference),32,46,64,6,9
temporal (unconstrained preference),32,54,64,6,9
temporal (unconstrained preference),32,57,64,6,9
temporal (unconstrained preference),32,61,64,6,9
temporal (unconstrained preference),33,28,64,6,9
temporal (unconstrained preference),33,37,64,6,9
temporal (unconstrained preference),33,40,64,6,9
temporal (unconstrained preference),33,46,64,6,9
temporal (unconstrained preference),33,54,64,6,9
temporal (unconstrained preference),33,55,64,6,9
temporal (unconstrained preference),34,7,64,6,9
temporal (unconstrained preference),34,18,64,6,9
temporal (unconstrained preference),34,33,64,6,9
temporal (unconstrained preference),34,37,64,6,9
temporal (unconstrained preference),34,57,64,6,9
temporal (unconstrained preference),34,58,64,6,9
temporal (unconstrained preference),35,7,64,6,9
temporal (unconstrained preference),35,10,64,6,9
temporal (unconstrained preference),35,19,64,6,9
temporal (unconstrained preference),35,34,64,6,9
temporal (unconstrained preference),35,43,64,6,9
temporal (unconstrained preference),35,58,64,6,9
temporal (unconstrained preference),36,9,64,6,9
temporal (unconstrained preference),36,10,64,6,9
temporal (unconstrained preference),36,34,64,6,9
temporal (unconstrained preference),36,35,64,6,9
temporal (unconstrained preference),36,43,64,6,9
temporal (unconstrained preference),36,58,64,6,9
temporal (unconstrained preference),37,7,64,6,9
temporal (unconstrained preference),37,10,64,6,9
temporal (unconstrained preference),37,25,64,6,9
temporal (unconstrained preference),37,34,64,6,9
temporal (unconstrained preference),37,43,64,6,9
temporal (unconstrained preference),37,58,64,6,9
temporal (unconstrained preference),38,7,64,6,9
temporal (unconstrained preference),38,10,64,6,9
temporal (unconstrained preference),38,34,64,6,9
temporal (unconstrained preference),38,43,64,6,9
temporal (unconstrained preference),38,56,64,6,9
temporal (unconstrained preference),38,58,64,6,9
temporal (unconstrained preference),39,3,64,6,9
temporal (unconstrained preference),39,7,64,6,9
temporal (unconstrained preference),39,10,64,6,9
temporal (unconstrained preference),39,33,64,6,9
temporal (unconstrained preference),39,43,64,6,9
temporal (unconstrained preference),39,58,64,6,9
temporal (unconstrained preference),40,7,64,6,9
temporal (unconstrained preference),40,10,64,6,9
temporal (unconstrained preference),40,15,64,6,9
temporal (unconstrained preference),40,42,64,6,9
temporal (unconstrained preference),40,43,64,6,9
temporal (unconstrained preference),40,58,64,6,9
temporal (unconstrained preference),41,3,64,6,9
temporal (unconstrained preference),41,7,64,6,9
temporal (unconstrained preference),41,10,64,6,9
temporal (unconstrained preference),41,19,64,6,9
temporal (unconstrained preference),41,43,64,6,9
temporal (unconstrained preference),41,58,64,6,9
temporal (unconstrained preference),42,10,64,6,9
temporal (unconstrained preference),42,12,64,6,9
temporal (unconstrained preference),42,22,64,6,9
temporal (unconstrained preference),42,24,64,6,9
temporal (unconstrained preference),42,35,64,6,9
temporal (unconstrained preference),42,58,64,6,9
temporal (unconstrained preference),43,7,64,6,9
temporal (unconstrained preference),43,10,64,6,9
temporal (unconstrained preference),43,18,64,6,9
temporal (unconstrained preference),43,43,64,6,9
temporal (unconstrained preference),43,45,64,6,9
temporal (unconstrained preference),43,58,64,6,9
temporal (unconstrained preference),44,7,64,6,9
temporal (unconstrained preference),44,10,64,6,9
temporal (unconstrained preference),44,34,64,6,9
temporal (unconstrained preference),44,36,64,6,9
temporal (unconstrained preference),44,43,64,6,9
temporal (unconstrained preference),44,58,64,6,9
temporal (unconstrained preference),45,7,64,6,9
temporal (unconstrained preference),45,10,64,6,9
temporal (unconstrained preference),45,19,64,6,9
temporal (unconstrained preference),45,43,64,6,9
temporal (unconstrained preference),45,58,64,6,9
temporal (unconstrained preference),45,60,64,6,9
temporal (unconstrained preference),46,10,64,6,9
temporal (unconstrained preference),46,24,64,6,9
temporal (unconstrained preference),46,26,64,6,9
temporal (unconstrained preference),46,35,64,6,9
temporal (unconstrained preference),46,58,64,6,9
temporal (unconstrained preference),46,60,64,6,9
temporal (unconstrained preference),47,7,64,6,9
temporal (unconstrained preference),47,10,64,6,9
temporal (unconstrained preference),47,21,64,6,9
temporal (unconstrained preference),47,43,64,6,9
temporal (unconstrained preference),47,56,64,6,9
temporal (unconstrained preference),47,58,64,6,9
temporal (unconstrained preference),48,3,64,6,9
temporal (unconstrained preference),48,7,64,6,9
temporal (unconstrained preference),48,10,64,6,9
temporal (unconstrained preference),48,31,64,6,9
temporal (unconstrained preference),48,43,64,6,9
temporal (unconstrained preference),48,58,64,6,9
temporal (unconstrained preference),49,7,64,6,9
temporal (unconstrained preference),49,10,64,6,9
temporal (unconstrained preference),49,19,64,6,9
temporal (unconstrained preference),49,39,64,6,9
temporal (unconstrained preference),49,43,64,6,9
temporal (unconstrained preference),49,58,64,6,9
temporal (unconstrained preference),50,5,64,6,9
temporal (unconstrained preference),50,10,64,6,9
temporal (unconstrained preference),50,22,64,6,9
temporal (unconstrained preference),50,26,64,6,9
temporal (unconstrained preference),50,35,64,6,9
temporal (unconstrained preference),50,58,64,6,9
temporal (unconstrained preference),51,10,64,6,9
temporal (unconstrained preference),51,25,64,6,9
temporal (unconstrained preference),51,34,64,6,9
temporal (unconstrained preference),51,43,64,6,9
temporal (unconstrained preference),51,48,64,6,9
temporal (unconstrained preference),51,58,64,6,9
temporal (unconstrained preference),52,10,64,6,9
temporal (unconstrained preference),52,22,64,6,9
temporal (unconstrained preference),52,24,64,6,9
temporal (unconstrained preference),52,30,64,6,9
temporal (unconstrained preference),52,39,64,6,9
temporal (unconstrained preference),52,58,64,6,9
temporal (unconstrained preference),53,10,64,6,9
temporal (unconstrained preference),53,39,64,6,9
temporal (unconstrained preference),53,43,64,6,9
temporal (unconstrained preference),53,48,64,6,9
temporal (unconstrained preference),53,56,64,6,9
temporal (unconstrained preference),53,58,64,6,9
temporal (unconstrained preference),54,7,64,6,9
temporal (unconstrained preference),54,10,64,6,9
temporal (unconstrained preference),54,24,64,6,9
temporal (unconstrained preference),54,30,64,6,9
temporal (unconstrained preference),54,39,64,6,9
temporal (unconstrained preference),54,58,64,6,9
temporal (unconstrained preference),55,10,64,6,9
temporal (unconstrained preference),55,31,64,6,9
temporal (unconstrained preference),55,42,64,6,9
temporal (unconstrained preference),55,45,64,6,9
temporal (unconstrained preference),55,51,64,6,9
temporal (unconstrained preference),55,58,64,6,9
temporal (unconstrained preference),56,15,64,6,9
temporal (unconstrained preference),56,24,64,6,9
temporal (unconstrained preference),56,26,64,6,9
temporal (unconstrained preference),56,42,64,6,9
temporal (unconstrained preference),56,46,64,6,9
temporal (unconstrained preference),56,58,64,6,9
temporal (unconstrained preference),57,10,64,6,9
temporal (unconstrained preference),57,18,64,6,9
temporal (unconstrained preference),57,34,64,6,9
temporal (unconstrained preference),57,47,64,6,9
temporal (unconstrained preference),57,56,64,6,9
temporal (unconstrained preference),57,58,64,6,9
temporal (unconstrained preference),58,15,64,6,9
temporal (unconstrained preference),58,30,64,6,9
temporal (unconstrained preference),58,35,64,6,9
temporal (unconstrained preference),58,43,64,6,9
temporal (unconstrained preference),58,45,64,6,9
temporal (unconstrained preference),58,47,64,6,9
temporal (unconstrained preference),59,4,64,6,9
temporal (unconstrained preference),59,10,64,6,9
temporal (unconstrained preference),59,22,64,6,9
temporal (unconstrained preference),59,24,64,6,9
temporal (unconstrained preference),59,26,64,6,9
temporal (unconstrained preference),59,31,64,6,9
temporal (unconstrained preference),60,4,64,6,9
temporal (unconstrained preference),60,7,64,6,9
temporal (unconstrained preference),60,15,64,6,9
temporal (unconstrained preference),60,24,64,6,9
temporal (unconstrained preference),60,35,64,6,9
temporal (unconstrained preference),60,38,64,6,9
temporal (unconstrained preference),61,10,64,6,9
temporal (unconstrained preference),61,18,64,6,9
temporal (unconstrained preference),61,23,64,6,9
temporal (unconstrained preference),61,34,64,6,9
temporal (unconstrained preference),61,56,64,6,9
temporal (unconstrained preference),61,58,64,6,9
temporal (unconstrained preference),62,3,64,6,9
temporal (unconstrained preference),62,7,64,6,9
temporal (unconstrained preference),62,11,64,6,9
temporal (unconstrained preference),62,25,64,6,9
temporal (unconstrained preference),62,33,64,6,9
temporal (unconstrained preference),62,61,64,6,9
temporal (unconstrained preference),63,10,64,6,9
temporal (unconstrained preference),63,22,64,6,9
temporal (unconstrained preference),63,26,64,6,9
temporal (unconstrained preference),63,33,64,6,9
temporal (unconstrained preference),63,35,64,6,9
temporal (unconstrained preference),63,58,64,6,9
temporal (unconstrained preference),64,10,64,6,9
temporal (unconstrained preference),64,18,64,6,9
temporal (unconstrained preference),64,37,64,6,9
temporal (unconstrained preference),64,43,64,6,9
temporal (unconstrained preference),64,57,64,6,9
temporal (unconstrained preference),64,58,64,6,9
temporal (unconstrained preference),65,7,64,6,9
temporal (unconstrained preference),65,10,64,6,9
temporal (unconstrained preference),65,21,64,6,9
temporal (unconstrained preference),65,34,64,6,9
temporal (unconstrained preference),65,39,64,6,9
temporal (unconstrained preference),65,58,64,6,9
temporal (unconstrained preference),66,10,64,6,9
temporal (unconstrained preference),66,34,64,6,9
temporal (unconstrained preference),66,39,64,6,9
temporal (unconstrained preference),66,47,64,6,9
temporal (unconstrained preference),66,57,64,6,9
temporal (unconstrained preference),66,58,64,6,9
temporal (unconstrained preference),67,7,64,6,9
temporal (unconstrained preference),67,10,64,6,9
temporal (unconstrained preference),67,24,64,6,9
temporal (unconstrained preference),67,34,64,6,9
temporal (unconstrained preference),67,39,64,6,9
temporal (unconstrained preference),67,58,64,6,9
temporal (unconstrained preference),68,10,64,6,9
temporal (unconstrained preference),68,24,64,6,9
temporal (unconstrained preference),68,28,64,6,9
temporal (unconstrained preference),68,32,64,6,9
temporal (unconstrained preference),68,49,64,6,9
temporal (unconstrained preference),68,58,64,6,9
temporal (unconstrained preference),69,10,64,6,9
temporal (unconstrained preference),69,18,64,6,9
temporal (unconstrained preference),69,28,64,6,9
temporal (unconstrained preference),69,56,64,6,9
temporal (unconstrained preference),69,57,64,6,9
temporal (unconstrained preference),69,58,64,6,9
temporal (unconstrained preference),70,10,64,6,9
temporal (unconstrained preference),70,21,64,6,9
temporal (unconstrained preference),70,26,64,6,9
temporal (unconstrained preference),70,30,64,6,9
temporal (unconstrained preference),70,45,64,6,9
temporal (unconstrained preference),70,58,64,6,9
temporal (unconstrained preference),71,3,64,6,9
temporal (unconstrained preference),71,7,64,6,9
temporal (unconstrained preference),71,10,64,6,9
temporal (unconstrained preference),71,42,64,6,9
temporal (unconstrained preference),71,43,64,6,9
temporal (unconstrained preference),71,58,64,6,9
temporal (unconstrained preference),72,14,64,6,9
temporal (unconstrained preference),72,24,64,6,9
temporal (unconstrained preference),72,32,64,6,9
temporal (unconstrained preference),72,40,64,6,9
temporal (unconstrained preference),72,42,64,6,9
temporal (unconstrained preference),72,46,64,6,9
temporal (unconstrained preference),73,7,64,6,9
temporal (unconstrained preference),73,10,64,6,9
temporal (unconstrained preference),73,34,64,6,9
temporal (unconstrained preference),73,42,64,6,9
temporal (unconstrained preference),73,43,64,6,9
temporal (unconstrained preference),73,58,64,6,9
temporal (unconstrained preference),74,7,64,6,9
temporal (unconstrained preference),74,10,64,6,9
temporal (unconstrained preference),74,19,64,6,9
temporal (unconstrained preference),74,24,64,6,9
temporal (unconstrained preference),74,30,64,6,9
temporal (unconstrained preference),74,58,64,6,9
temporal (unconstrained preference),75,10,64,6,9
temporal (unconstrained preference),75,16,64,6,9
temporal (unconstrained preference),75,24,64,6,9
temporal (unconstrained preference),75,35,64,6,9
temporal (unconstrained preference),75,58,64,6,9
temporal (unconstrained preference),75,62,64,6,9
temporal (unconstrained preference),76,10,64,6,9
temporal (unconstrained preference),76,24,64,6,9
temporal (unconstrained preference),76,26,64,6,9
temporal (unconstrained preference),76,35,64,6,9
temporal (unconstrained preference),76,58,64,6,9
temporal (unconstrained preference),76,62,64,6,9
temporal (unconstrained preference),77,10,64,6,9
temporal (unconstrained preference),77,23,64,6,9
temporal (unconstrained preference),77,34,64,6,9
temporal (unconstrained preference),77,56,64,6,9
temporal (unconstrained preference),77,57,64,6,9
temporal (unconstrained preference),77,58,64,6,9
temporal (unconstrained preference),78,3,64,6,9
temporal (unconstrained preference),78,7,64,6,9
temporal (unconstrained preference),78,10,64,6,9
temporal (unconstrained preference),78,12,64,6,9
temporal (unconstrained preference),78,43,64,6,9
temporal (unconstrained preference),78,58,64,6,9
temporal (unconstrained preference),79,7,64,6,9
temporal (unconstrained preference),79,10,64,6,9
temporal (unconstrained preference),79,26,64,6,9
temporal (unconstrained preference),79,34,64,6,9
temporal (unconstrained preference),79,43,64,6,9
temporal (unconstrained preference),79,58,64,6,9
temporal (unconstrained preference),80,10,64,6,9
temporal (unconstrained preference),80,34,64,6,9
temporal (unconstrained preference),80,39,64,6,9
temporal (unconstrained preference),80,56,64,6,9
temporal (unconstrained preference),80,57,64,6,9
temporal (unconstrained preference),80,58,64,6,9
temporal (unconstrained preference),81,10,64,6,9
temporal (unconstrained preference),81,18,64,6,9
temporal (unconstrained preference),81,47,64,6,9
temporal (unconstrained preference),81,49,64,6,9
temporal (unconstrained preference),81,57,64,6,9
temporal (unconstrained preference),81,58,64,6,9
temporal (unconstrained preference),82,3,64,6,9
temporal (unconstrained preference),82,10,64,6,9
temporal (unconstrained preference),82,13,64,6,9
temporal (unconstrained preference),82,28,64,6,9
temporal (unconstrained preference),82,49,64,6,9
temporal (unconstrained preference),82,58,64,6,9
temporal (unconstrained preference),83,18,64,6,9
temporal (unconstrained preference),83,28,64,6,9
temporal (unconstrained preference),83,37,64,6,9
temporal (unconstrained preference),83,49,64,6,9
temporal (unconstrained preference),83,57,64,6,9
temporal (unconstrained preference),83,58,64,6,9
temporal (unconstrained preference),84,10,64,6,9
temporal (unconstrained preference),84,11,64,6,9
temporal (unconstrained preference),84,24,64,6,9
temporal (unconstrained preference),84,46,64,6,9
temporal (unconstrained preference),84,47,64,6,9
temporal (unconstrained preference),84,57,64,6,9
temporal (unconstrained preference),85,21,64,6,9
temporal (unconstrained preference),85,29,64,6,9
temporal (unconstrained preference),85,37,64,6,9
temporal (unconstrained preference),85,43,64,6,9
temporal (unconstrained preference),85,47,64,6,9
temporal (unconstrained preference),85,57,64,6,9
temporal (unconstrained preference),86,10,64,6,9
temporal (unconstrained preference),86,28,64,6,9
temporal (unconstrained preference),86,30,64,6,9
temporal (unconstrained preference),86,39,64,6,9
temporal (unconstrained preference),86,47,64,6,9
temporal (unconstrained preference),86,51,64,6,9
temporal (unconstrained preference),87,10,64,6,9
temporal (unconstrained preference),87,18,64,6,9
temporal (unconstrained preference),87,39,64,6,9
temporal (unconstrained preference),87,47,64,6,9
temporal (unconstrained preference),87,56,64,6,9
temporal (unconstrained preference),87,57,64,6,9
temporal (unconstrained preference),88,3,64,6,9
temporal (unconstrained preference),88,10,64,6,9
temporal (unconstrained preference),88,12,64,6,9
temporal (unconstrained preference),88,33,64,6,9
temporal (unconstrained preference),88,42,64,6,9
temporal (unconstrained preference),88,58,64,6,9
temporal (unconstrained preference),89,18,64,6,9
temporal (unconstrained preference),89,21,64,6,9
temporal (unconstrained preference),89,40,64,6,9
temporal (unconstrained preference),89,43,64,6,9
temporal (unconstrained preference),89,46,64,6,9
temporal (unconstrained preference),89,58,64,6,9
temporal (unconstrained preference),90,7,64,6,9
temporal (unconstrained preference),90,10,64,6,9
temporal (unconstrained preference),90,34,64,6,9
temporal (unconstrained preference),90,39,64,6,9
temporal (unconstrained preference),90,43,64,6,9
temporal (unconstrained preference),90,58,64,6,9
temporal (unconstrained preference),91,10,64,6,9
temporal (unconstrained preference),91,24,64,6,9
temporal (unconstrained preference),91,30,64,6,9
temporal (unconstrained preference),91,34,64,6,9
temporal (unconstrained preference),91,39,64,6,9
temporal (unconstrained preference),91,58,64,6,9
temporal (unconstrained preference),92,10,64,6,9
temporal (unconstrained preference),92,16,64,6,9
temporal (unconstrained preference),92,24,64,6,9
temporal (unconstrained preference),92,26,64,6,9
temporal (unconstrained preference),92,58,64,6,9
temporal (unconstrained preference),92,62,64,6,9
temporal (unconstrained preference),93,11,64,6,9
temporal (unconstrained preference),93,24,64,6,9
temporal (unconstrained preference),93,43,64,6,9
temporal (unconstrained preference),93,46,64,6,9
temporal (unconstrained preference),93,58,64,6,9
temporal (unconstrained preference),93,61,64,6,9
temporal (unconstrained preference),94,10,64,6,9
temporal (unconstrained preference),94,15,64,6,9
temporal (unconstrained preference),94,34,64,6,9
temporal (unconstrained preference),94,40,64,6,9
temporal (unconstrained preference),94,46,64,6,9
temporal (unconstrained preference),94,58,64,6,9
temporal (unconstrained preference),95,3,64,6,9
temporal (unconstrained preference),95,10,64,6,9
temporal (unconstrained preference),95,13,64,6,9
temporal (unconstrained preference),95,28,64,6,9
temporal (unconstrained preference),95,31,64,6,9
temporal (unconstrained preference),95,49,64,6,9
temporal (unconstrained preference),96,18,64,6,9
temporal (unconstrained preference),96,37,64,6,9
temporal (unconstrained preference),96,43,64,6,9
temporal (unconstrained preference),96,49,64,6,9
temporal (unconstrained preference),96,57,64,6,9
temporal (unconstrained preference),96,58,64,6,9
temporal (unconstrained preference),97,7,64,6,9
temporal (unconstrained preference),97,10,64,6,9
temporal (unconstrained preference),97,34,64,6,9
temporal (unconstrained preference),97,39,64,6,9
temporal (unconstrained preference),97,56,64,6,9
temporal (unconstrained preference),97,58,64,6,9
temporal (unconstrained preference),98,7,64,6,9
temporal (unconstrained preference),98,10,64,6,9
temporal (unconstrained preference),98,34,64,6,9
temporal (unconstrained preference),98,43,64,6,9
temporal (unconstrained preference),98,58,64,6,9
temporal (unconstrained preference),98,60,64,6,9
temporal (unconstrained preference),99,10,64,6,9
temporal (unconstrained preference),99,16,64,6,9
temporal (unconstrained preference),99,24,64,6,9
temporal (unconstrained preference),99,35,64,6,9
temporal (unconstrained preference),99,58,64,6,9
temporal (unconstrained preference),99,60,64,6,9
temporal (unconstrained preference),100,7,64,6,9
temporal (unconstrained preference),100,10,64,6,9
temporal (unconstrained preference),100,34,64,6,9
temporal (unconstrained preference),100,39,64,6,9
temporal (unconstrained preference),100,56,64,6,9
temporal (unconstrained preference),100,58,64,6,9
temporal (unconstrained preference),101,7,64,6,9
temporal (unconstrained preference),101,10,64,6,9
temporal (unconstrained preference),101,24,64,6,9
temporal (unconstrained preference),101,34,64,6,9
temporal (unconstrained preference),101,40,64,6,9
temporal (unconstrained preference),101,58,64,6,9
temporal (unconstrained preference),102,10,64,6,9
temporal (unconstrained preference),102,22,64,6,9
temporal (unconstrained preference),102,24,64,6,9
temporal (unconstrained preference),102,35,64,6,9
temporal (unconstrained preference),102,43,64,6,9
temporal (unconstrained preference),102,58,64,6,9
temporal (unconstrained preference),103,10,64,6,9
temporal (unconstrained preference),103,18,64,6,9
temporal (unconstrained preference),103,34,64,6,9
temporal (unconstrained preference),103,43,64,6,9
temporal (unconstrained preference),103,56,64,6,9
temporal (unconstrained preference),103,58,64,6,9
temporal (unconstrained preference),104,3,64,6,9
temporal (unconstrained preference),104,7,64,6,9
temporal (unconstrained preference),104,11,64,6,9
temporal (unconstrained preference),104,33,64,6,9
temporal (unconstrained preference),104,58,64,6,9
temporal (unconstrained preference),104,61,64,6,9
temporal (unconstrained preference),105,3,64,6,9
temporal (unconstrained preference),105,13,64,6,9
temporal (unconstrained preference),105,33,64,6,9
temporal (unconstrained preference),105,49,64,6,9
temporal (unconstrained preference),105,58,64,6,9
temporal (unconstrained preference),105,61,64,6,9
temporal (unconstrained preference),106,10,64,6,9
temporal (unconstrained preference),106,17,64,6,9
temporal (unconstrained preference),106,22,64,6,9
temporal (unconstrained preference),106,26,64,6,9
temporal (unconstrained preference),106,35,64,6,9
temporal (unconstrained preference),106,58,64,6,9
temporal (unconstrained preference),107,18,64,6,9
temporal (unconstrained preference),107,37,64,6,9
temporal (unconstrained preference),107,42,64,6,9
temporal (unconstrained preference),107,43,64,6,9
temporal (unconstrained preference),107,57,64,6,9
temporal (unconstrained preference),107,58,64,6,9
temporal (unconstrained preference),108,10,64,6,9
temporal (unconstrained preference),108,25,64,6,9
temporal (unconstrained preference),108,26,64,6,9
temporal (unconstrained preference),108,29,64,6,9
temporal (unconstrained preference),108,42,64,6,9
temporal (unconstrained preference),108,58,64,6,9
temporal (unconstrained preference),109,10,64,6,9
temporal (unconstrained preference),109,26,64,6,9
temporal (unconstrained preference),109,29,64,6,9
temporal (unconstrained preference),109,37,64,6,9
temporal (unconstrained preference),109,43,64,6,9
temporal (unconstrained preference),109,58,64,6,9
temporal (unconstrained preference),110,7,64,6,9
temporal (unconstrained preference),110,10,64,6,9
temporal (unconstrained preference),110,34,64,6,9
temporal (unconstrained preference),110,43,64,6,9
temporal (unconstrained preference),110,56,64,6,9
temporal (unconstrained preference),110,58,64,6,9
temporal (unconstrained preference),111,10,64,6,9
temporal (unconstrained preference),111,26,64,6,9
temporal (unconstrained preference),111,31,64,6,9
temporal (unconstrained preference),111,35,64,6,9
temporal (unconstrained preference),111,43,64,6,9
temporal (unconstrained preference),111,58,64,6,9
temporal (unconstrained preference),112,7,64,6,9
temporal (unconstrained preference),112,10,64,6,9
temporal (unconstrained preference),112,34,64,6,9
temporal (unconstrained preference),112,43,64,6,9
temporal (unconstrained preference),112,56,64,6,9
temporal (unconstrained preference),112,58,64,6,9
temporal (unconstrained preference),113,7,64,6,9
temporal (unconstrained preference),113,10,64,6,9
temporal (unconstrained preference),113,19,64,6,9
temporal (unconstrained preference),113,43,64,6,9
temporal (unconstrained preference),113,58,64,6,9
temporal (unconstrained preference),113,60,64,6,9
temporal (unconstrained preference),114,10,64,6,9
temporal (unconstrained preference),114,24,64,6,9
temporal (unconstrained preference),114,26,64,6,9
temporal (unconstrained preference),114,35,64,6,9
temporal (unconstrained preference),114,58,64,6,9
temporal (unconstrained preference),114,60,64,6,9
temporal (unconstrained preference),115,7,64,6,9
temporal (unconstrained preference),115,10,64,6,9
temporal (unconstrained preference),115,21,64,6,9
temporal (unconstrained preference),115,56,64,6,9
temporal (unconstrained preference),115,57,64,6,9
temporal (unconstrained preference),115,58,64,6,9
temporal (unconstrained preference),116,3,64,6,9
temporal (unconstrained preference),116,10,64,6,9
temporal (unconstrained preference),116,12,64,6,9
temporal (unconstrained preference),116,42,64,6,9
temporal (unconstrained preference),116,43,64,6,9
temporal (unconstrained preference),116,58,64,6,9
temporal (unconstrained preference),117,7,64,6,9
temporal (unconstrained preference),117,10,64,6,9
temporal (unconstrained preference),117,34,64,6,9
temporal (unconstrained preference),117,42,64,6,9
temporal (unconstrained preference),117,43,64,6,9
temporal (unconstrained preference),117,58,64,6,9
temporal (unconstrained preference),118,7,64,6,9
temporal (unconstrained preference),118,10,64,6,9
temporal (unconstrained preference),118,34,64,6,9
temporal (unconstrained preference),118,56,64,6,9
temporal (unconstrained preference),118,57,64,6,9
temporal (unconstrained preference),118,58,64,6,9
temporal (unconstrained preference),119,10,64,6,9
temporal (unconstrained preference),119,13,64,6,9
temporal (unconstrained preference),119,25,64,6,9
temporal (unconstrained preference),119,28,64,6,9
temporal (unconstrained preference),119,49,64,6,9
temporal (unconstrained preference),119,58,64,6,9
temporal (unconstrained preference),120,18,64,6,9
temporal (unconstrained preference),120,28,64,6,9
temporal (unconstrained preference),120,37,64,6,9
temporal (unconstrained preference),120,49,64,6,9
temporal (unconstrained preference),120,57,64,6,9
temporal (unconstrained preference),120,58,64,6,9
temporal (unconstrained preference),121,10,64,6,9
temporal (unconstrained preference),121,18,64,6,9
temporal (unconstrained preference),121,21,64,6,9
temporal (unconstrained preference),121,45,64,6,9
temporal (unconstrained preference),121,57,64,6,9
temporal (unconstrained preference),121,58,64,6,9
temporal (unconstrained preference),122,10,64,6,9
temporal (unconstrained preference),122,21,64,6,9
temporal (unconstrained preference),122,31,64,6,9
temporal (unconstrained preference),122,35,64,6,9
temporal (unconstrained preference),122,43,64,6,9
temporal (unconstrained preference),122,58,64,6,9
temporal (unconstrained preference),123,18,64,6,9
temporal (unconstrained preference),123,21,64,6,9
temporal (unconstrained preference),123,43,64,6,9
temporal (unconstrained preference),123,45,64,6,9
temporal (unconstrained preference),123,57,64,6,9
temporal (unconstrained preference),123,58,64,6,9
temporal (unconstrained preference),124,10,64,6,9
temporal (unconstrained preference),124,21,64,6,9
temporal (unconstrained preference),124,26,64,6,9
temporal (unconstrained preference),124,29,64,6,9
temporal (unconstrained preference),124,43,64,6,9
temporal (unconstrained preference),124,58,64,6,9
temporal (unconstrained preference),125,21,64,6,9
temporal (unconstrained preference),125,34,64,6,9
temporal (unconstrained preference),125,43,64,6,9
temporal (unconstrained preference),125,47,64,6,9
temporal (unconstrained preference),125,56,64,6,9
temporal (unconstrained preference),125,58,64,6,9
temporal (unconstrained preference),126,10,64,6,9
temporal (unconstrained preference),126,21,64,6,9
temporal (unconstrained preference),126,26,64,6,9
temporal (unconstrained preference),126,29,64,6,9
temporal (unconstrained preference),126,43,64,6,9
temporal (unconstrained preference),126,58,64,6,9
temporal (unconstrained preference),127,21,64,6,9
temporal (unconstrained preference),127,24,64,6,9
temporal (unconstrained preference),127,35,64,6,9
temporal (unconstrained preference),127,36,64,6,9
temporal (unconstrained preference),127,43,64,6,9
temporal (unconstrained preference),127,58,64,6,9
temporal (unconstrained preference),128,21,64,6,9
temporal (unconstrained preference),128,43,64,6,9
temporal (unconstrained preference),128,47,64,6,9
temporal (unconstrained preference),128,56,64,6,9
temporal (unconstrained preference),128,57,64,6,9
temporal (unconstrained preference),128,58,64,6,9
temporal (unconstrained preference),129,3,64,6,9
temporal (unconstrained preference),129,11,64,6,9
temporal (unconstrained preference),129,33,64,6,9
temporal (unconstrained preference),129,58,64,6,9
temporal (unconstrained preference),129,61,64,6,9
temporal (unconstrained preference),129,63,64,6,9
temporal (unconstrained preference),130,3,64,6,9
temporal (unconstrained preference),130,7,64,6,9
temporal (unconstrained preference),130,33,64,6,9
temporal (unconstrained preference),130,37,64,6,9
temporal (unconstrained preference),130,57,64,6,9
temporal (unconstrained preference),130,58,64,6,9
temporal (unconstrained preference),131,10,64,6,9
temporal (unconstrained preference),131,14,64,6,9
temporal (unconstrained preference),131,42,64,6,9
temporal (unconstrained preference),131,51,64,6,9
temporal (unconstrained preference),131,57,64,6,9
temporal (unconstrained preference),131,58,64,6,9
temporal (unconstrained preference),132,10,64,6,9
temporal (unconstrained preference),132,34,64,6,9
temporal (unconstrained preference),132,42,64,6,9
temporal (unconstrained preference),132,47,64,6,9
temporal (unconstrained preference),132,56,64,6,9
temporal (unconstrained preference),132,58,64,6,9
temporal (unconstrained preference),133,3,64,6,9
temporal (unconstrained preference),133,10,64,6,9
temporal (unconstrained preference),133,38,64,6,9
temporal (unconstrained preference),133,42,64,6,9
temporal (unconstrained preference),133,49,64,6,9
temporal (unconstrained preference),133,58,64,6,9
temporal (unconstrained preference),134,10,64,6,9
temporal (unconstrained preference),134,21,64,6,9
temporal (unconstrained preference),134,28,64,6,9
temporal (unconstrained preference),134,29,64,6,9
temporal (unconstrained preference),134,39,64,6,9
temporal (unconstrained preference),134,58,64,6,9
temporal (unconstrained preference),135,21,64,6,9
temporal (unconstrained preference),135,29,64,6,9
temporal (unconstrained preference),135,43,64,6,9
temporal (unconstrained preference),135,45,64,6,9
temporal (unconstrained preference),135,47,64,6,9
temporal (unconstrained preference),135,57,64,6,9
temporal (unconstrained preference),136,26,64,6,9
temporal (unconstrained preference),136,29,64,6,9
temporal (unconstrained preference),136,37,64,6,9
temporal (unconstrained preference),136,43,64,6,9
temporal (unconstrained preference),136,57,64,6,9
temporal (unconstrained preference),136,58,64,6,9
temporal (unconstrained preference),137,10,64,6,9
temporal (unconstrained preference),137,21,64,6,9
temporal (unconstrained preference),137,34,64,6,9
temporal (unconstrained preference),137,36,64,6,9
temporal (unconstrained preference),137,43,64,6,9
temporal (unconstrained preference),137,58,64,6,9
temporal (unconstrained preference),138,10,64,6,9
temporal (unconstrained preference),138,21,64,6,9
temporal (unconstrained preference),138,24,64,6,9
temporal (unconstrained preference),138,35,64,6,9
temporal (unconstrained preference),138,43,64,6,9
temporal (unconstrained preference),138,58,64,6,9
temporal (unconstrained preference),139,10,64,6,9
temporal (unconstrained preference),139,34,64,6,9
temporal (unconstrained preference),139,43,64,6,9
temporal (unconstrained preference),139,47,64,6,9
temporal (unconstrained preference),139,57,64,6,9
temporal (unconstrained preference),139,58,64,6,9
temporal (unconstrained preference),140,3,64,6,9
temporal (unconstrained preference),140,10,64,6,9
temporal (unconstrained preference),140,21,64,6,9
temporal (unconstrained preference),140,43,64,6,9
temporal (unconstrained preference),140,57,64,6,9
temporal (unconstrained preference),140,58,64,6,9
temporal (unconstrained preference),141,3,64,6,9
temporal (unconstrained preference),141,10,64,6,9
temporal (unconstrained preference),141,28,64,6,9
temporal (unconstrained preference),141,33,64,6,9
temporal (unconstrained preference),141,58,64,6,9
temporal (unconstrained preference),141,61,64,6,9
temporal (unconstrained preference),142,3,64,6,9
temporal (unconstrained preference),142,10,64,6,9
temporal (unconstrained preference),142,42,64,6,9
temporal (unconstrained preference),142,43,64,6,9
temporal (unconstrained preference),142,57,64,6,9
temporal (unconstrained preference),142,58,64,6,9
temporal (unconstrained preference),143,10,64,6,9
temporal (unconstrained preference),143,30,64,6,9
temporal (unconstrained preference),143,39,64,6,9
temporal (unconstrained preference),143,43,64,6,9
temporal (unconstrained preference),143,57,64,6,9
temporal (unconstrained preference),143,58,64,6,9
temporal (unconstrained preference),144,26,64,6,9
temporal (unconstrained preference),144,29,64,6,9
temporal (unconstrained preference),144,37,64,6,9
temporal (unconstrained preference),144,43,64,6,9
temporal (unconstrained preference),144,57,64,6,9
temporal (unconstrained preference),144,58,64,6,9
temporal (unconstrained preference),145,7,64,6,9
temporal (unconstrained preference),145,20,64,6,9
temporal (unconstrained preference),145,26,64,6,9
temporal (unconstrained preference),145,30,64,6,9
temporal (unconstrained preference),145,43,64,6,9
temporal (unconstrained preference),145,58,64,6,9
temporal (unconstrained preference),146,10,64,6,9
temporal (unconstrained preference),146,34,64,6,9
temporal (unconstrained preference),146,43,64,6,9
temporal (unconstrained preference),146,47,64,6,9
temporal (unconstrained preference),146,57,64,6,9
temporal (unconstrained preference),146,58,64,6,9
temporal (unconstrained preference),147,28,64,6,9
temporal (unconstrained preference),147,31,64,6,9
temporal (unconstrained preference),147,42,64,6,9
temporal (unconstrained preference),147,49,64,6,9
temporal (unconstrained preference),147,57,64,6,9
temporal (unconstrained preference),147,58,64,6,9
temporal (unconstrained preference),148,10,64,6,9
temporal (unconstrained preference),148,18,64,6,9
temporal (unconstrained preference),148,28,64,6,9
temporal (unconstrained preference),148,37,64,6,9
temporal (unconstrained preference),148,49,64,6,9
temporal (unconstrained preference),148,58,64,6,9
temporal (unconstrained preference),149,7,64,6,9
temporal (unconstrained preference),149,10,64,6,9
temporal (unconstrained preference),149,34,64,6,9
temporal (unconstrained preference),149,42,64,6,9
temporal (unconstrained preference),149,56,64,6,9
temporal (unconstrained preference),149,58,64,6,9
temporal (unconstrained preference),150,7,64,6,9
temporal (unconstrained preference),150,10,64,6,9
temporal (unconstrained preference),150,34,64,6,9
temporal (unconstrained preference),150,56,64,6,9
temporal (unconstrained preference),150,58,64,6,9
temporal (unconstrained preference),150,60,64,6,9
temporal (unconstrained preference),151,10,64,6,9
temporal (unconstrained preference),151,21,64,6,9
temporal (unconstrained preference),151,24,64,6,9
temporal (unconstrained preference),151,35,64,6,9
temporal (unconstrained preference),151,58,64,6,9
temporal (unconstrained preference),151,60,64,6,9
temporal (unconstrained preference),152,10,64,6,9
temporal (unconstrained preference),152,18,64,6,9
temporal (unconstrained preference),152,21,64,6,9
temporal (unconstrained preference),152,56,64,6,9
temporal (unconstrained preference),152,57,64,6,9
temporal (unconstrained preference),152,58,64,6,9
temporal (unconstrained preference),153,1,64,6,9
temporal (unconstrained preference),153,3,64,6,9
temporal (unconstrained preference),153,11,64,6,9
temporal (unconstrained preference),153,33,64,6,9
temporal (unconstrained preference),153,58,64,6,9
temporal (unconstrained preference),153,61,64,6,9
temporal (unconstrained preference),154,3,64,6,9
temporal (unconstrained preference),154,29,64,6,9
temporal (unconstrained preference),154,33,64,6,9
temporal (unconstrained preference),154,37,64,6,9
temporal (unconstrained preference),154,57,64,6,9
temporal (unconstrained preference),154,58,64,6,9
temporal (unconstrained preference),155,3,64,6,9
temporal (unconstrained preference),155,13,64,6,9
temporal (unconstrained preference),155,21,64,6,9
temporal (unconstrained preference),155,28,64,6,9
temporal (unconstrained preference),155,43,64,6,9
temporal (unconstrained preference),155,49,64,6,9
temporal (unconstrained preference),156,0,64,6,9
temporal (unconstrained preference),156,20,64,6,9
temporal (unconstrained preference),156,26,64,6,9
temporal (unconstrained preference),156,35,64,6,9
temporal (unconstrained preference),156,38,64,6,9
temporal (unconstrained preference),156,57,64,6,9
temporal (unconstrained preference),157,3,64,6,9
temporal (unconstrained preference),157,18,64,6,9
temporal (unconstrained preference),157,28,64,6,9
temporal (unconstrained preference),157,37,64,6,9
temporal (unconstrained preference),157,38,64,6,9
temporal (unconstrained preference),157,57,64,6,9
temporal (unconstrained preference),158,18,64,6,9
temporal (unconstrained preference),158,28,64,6,9
temporal (unconstrained preference),158,37,64,6,9
temporal (unconstrained preference),158,49,64,6,9
temporal (unconstrained preference),158,58,64,6,9
temporal (unconstrained preference),158,61,64,6,9
temporal (unconstrained preference),159,10,64,6,9
temporal (unconstrained preference),159,26,64,6,9
temporal (unconstrained preference),159,29,64,6,9
temporal (unconstrained preference),159,37,64,6,9
temporal (unconstrained preference),159,43,64,6,9
temporal (unconstrained preference),159,57,64,6,9
temporal (unconstrained preference),160,10,64,6,9
temporal (unconstrained preference),160,18,64,6,9
temporal (unconstrained preference),160,29,64,6,9
temporal (unconstrained preference),160,34,64,6,9
temporal (unconstrained preference),160,43,64,6,9
temporal (unconstrained preference),160,58,64,6,9
temporal (unconstrained preference),161,10,64,6,9
temporal (unconstrained preference),161,34,64,6,9
temporal (unconstrained preference),161,35,64,6,9
temporal (unconstrained preference),161,43,64,6,9
temporal (unconstrained preference),161,58,64,6,9
temporal (unconstrained preference),161,62,64,6,9
temporal (unconstrained preference),162,10,64,6,9
temporal (unconstrained preference),162,18,64,6,9
temporal (unconstrained preference),162,34,64,6,9
temporal (unconstrained preference),162,43,64,6,9
temporal (unconstrained preference),162,57,64,6,9
temporal (unconstrained preference),162,58,64,6,9
temporal (unconstrained preference),163,13,64,6,9
temporal (unconstrained preference),163,20,64,6,9
temporal (unconstrained preference),163,28,64,6,9
temporal (unconstrained preference),163,30,64,6,9
temporal (unconstrained preference),163,49,64,6,9
temporal (unconstrained preference),163,58,64,6,9
temporal (unconstrained preference),164,18,64,6,9
temporal (unconstrained preference),164,28,64,6,9
temporal (unconstrained preference),164,37,64,6,9
temporal (unconstrained preference),164,42,64,6,9
temporal (unconstrained preference),164,49,64,6,9
temporal (unconstrained preference),164,57,64,6,9
temporal (unconstrained preference),165,10,64,6,9
temporal (unconstrained preference),165,18,64,6,9
temporal (unconstrained preference),165,21,64,6,9
temporal (unconstrained preference),165,29,64,6,9
temporal (unconstrained preference),165,43,64,6,9
temporal (unconstrained preference),165,56,64,6,9
temporal (unconstrained preference),166,3,64,6,9
temporal (unconstrained preference),166,10,64,6,9
temporal (unconstrained preference),166,18,64,6,9
temporal (unconstrained preference),166,21,64,6,9
temporal (unconstrained preference),166,43,64,6,9
temporal (unconstrained preference),166,57,64,6,9
temporal (unconstrained preference),167,21,64,6,9
temporal (unconstrained preference),167,24,64,6,9
temporal (unconstrained preference),167,29,64,6,9
temporal (unconstrained preference),167,39,64,6,9
temporal (unconstrained preference),167,42,64,6,9
temporal (unconstrained preference),167,47,64,6,9
temporal (unconstrained preference),168,21,64,6,9
temporal (unconstrained preference),168,26,64,6,9
temporal (unconstrained preference),168,29,64,6,9
temporal (unconstrained preference),168,37,64,6,9
temporal (unconstrained preference),168,43,64,6,9
temporal (unconstrained preference),168,57,64,6,9
temporal (unconstrained preference),169,29,64,6,9
temporal (unconstrained preference),169,43,64,6,9
temporal (unconstrained preference),169,45,64,6,9
temporal (unconstrained preference),169,47,64,6,9
temporal (unconstrained preference),169,51,64,6,9
temporal (unconstrained preference),169,58,64,6,9
temporal (unconstrained preference),170,10,64,6,9
temporal (unconstrained preference),170,42,64,6,9
temporal (unconstrained preference),170,43,64,6,9
temporal (unconstrained preference),170,45,64,6,9
temporal (unconstrained preference),170,57,64,6,9
temporal (unconstrained preference),170,58,64,6,9
temporal (unconstrained preference),171,1,64,6,9
temporal (unconstrained preference),171,3,64,6,9
temporal (unconstrained preference),171,11,64,6,9
temporal (unconstrained preference),171,33,64,6,9
temporal (unconstrained preference),171,61,64,6,9
temporal (unconstrained preference),171,63,64,6,9
temporal (unconstrained preference),172,3,64,6,9
temporal (unconstrained preference),172,29,64,6,9
temporal (unconstrained preference),172,33,64,6,9
temporal (unconstrained preference),172,37,64,6,9
temporal (unconstrained preference),172,42,64,6,9
temporal (unconstrained preference),172,57,64,6,9
temporal (unconstrained preference),173,3,64,6,9
temporal (unconstrained preference),173,13,64,6,9
temporal (unconstrained preference),173,21,64,6,9
temporal (unconstrained preference),173,28,64,6,9
temporal (unconstrained preference),173,39,64,6,9
temporal (unconstrained preference),173,49,64,6,9
temporal (unconstrained preference),174,10,64,6,9
temporal (unconstrained preference),174,35,64,6,9
temporal (unconstrained preference),174,39,64,6,9
temporal (unconstrained preference),174,44,64,6,9
temporal (unconstrained preference),174,53,64,6,9
temporal (unconstrained preference),174,58,64,6,9
temporal (unconstrained preference),175,18,64,6,9
temporal (unconstrained preference),175,28,64,6,9
temporal (unconstrained preference),175,37,64,6,9
temporal (unconstrained preference),175,39,64,6,9
temporal (unconstrained preference),175,57,64,6,9
temporal (unconstrained preference),175,58,64,6,9
temporal (unconstrained preference),176,21,64,6,9
temporal (unconstrained preference),176,29,64,6,9
temporal (unconstrained preference),176,37,64,6,9
temporal (unconstrained preference),176,42,64,6,9
temporal (unconstrained preference),176,43,64,6,9
temporal (unconstrained preference),176,57,64,6,9
temporal (unconstrained preference),177,29,64,6,9
temporal (unconstrained preference),177,37,64,6,9
temporal (unconstrained preference),177,42,64,6,9
temporal (unconstrained preference),177,45,64,6,9
temporal (unconstrained preference),177,51,64,6,9
temporal (unconstrained preference),177,57,64,6,9
temporal (unconstrained preference),178,29,64,6,9
temporal (unconstrained preference),178,37,64,6,9
temporal (unconstrained preference),178,42,64,6,9
temporal (unconstrained preference),178,43,64,6,9
temporal (unconstrained preference),178,45,64,6,9
temporal (unconstrained preference),178,57,64,6,9
temporal (unconstrained preference),179,21,64,6,9
temporal (unconstrained preference),179,30,64,6,9
temporal (unconstrained preference),179,34,64,6,9
temporal (unconstrained preference),179,39,64,6,9
temporal (unconstrained preference),179,45,64,6,9
temporal (unconstrained preference),179,47,64,6,9
temporal (unconstrained preference),180,0,64,6,9
temporal (unconstrained preference),180,21,64,6,9
temporal (unconstrained preference),180,24,64,6,9
temporal (unconstrained preference),180,45,64,6,9
temporal (unconstrained preference),180,47,64,6,9
temporal (unconstrained preference),180,49,64,6,9
temporal (unconstrained preference),181,21,64,6,9
temporal (unconstrained preference),181,24,64,6,9
temporal (unconstrained preference),181,35,64,6,9
temporal (unconstrained preference),181,38,64,6,9
temporal (unconstrained preference),181,47,64,6,9
temporal (unconstrained preference),181,49,64,6,9
temporal (unconstrained preference),182,21,64,6,9
temporal (unconstrained preference),182,23,64,6,9
temporal (unconstrained preference),182,34,64,6,9
temporal (unconstrained preference),182,39,64,6,9
temporal (unconstrained preference),182,47,64,6,9
temporal (unconstrained preference),182,48,64,6,9
temporal (unconstrained preference),183,1,64,6,9
temporal (unconstrained preference),183,3,64,6,9
temporal (unconstrained preference),183,11,64,6,9
temporal (unconstrained preference),183,33,64,6,9
temporal (unconstrained preference),183,61,64,6,9
temporal (unconstrained preference),183,63,64,6,9
temporal (unconstrained preference),184,18,64,6,9
temporal (unconstrained preference),184,28,64,6,9
temporal (unconstrained preference),184,29,64,6,9
temporal (unconstrained preference),184,33,64,6,9
temporal (unconstrained preference),184,37,64,6,9
temporal (unconstrained preference),184,42,64,6,9
temporal (unconstrained preference),185,21,64,6,9
temporal (unconstrained preference),185,25,64,6,9
temporal (unconstrained preference),185,29,64,6,9
temporal (unconstrained preference),185,37,64,6,9
temporal (unconstrained preference),185,42,64,6,9
temporal (unconstrained preference),185,43,64,6,9
temporal (unconstrained preference),186,21,64,6,9
temporal (unconstrained preference),186,23,64,6,9
temporal (unconstrained preference),186,29,64,6,9
temporal (unconstrained preference),186,42,64,6,9
temporal (unconstrained preference),186,49,64,6,9
temporal (unconstrained preference),186,60,64,6,9
temporal (unconstrained preference),187,10,64,6,9
temporal (unconstrained preference),187,24,64,6,9
temporal (unconstrained preference),187,29,64,6,9
temporal (unconstrained preference),187,42,64,6,9
temporal (unconstrained preference),187,49,64,6,9
temporal (unconstrained preference),187,60,64,6,9
temporal (unconstrained preference),188,14,64,6,9
temporal (unconstrained preference),188,24,64,6,9
temporal (unconstrained preference),188,32,64,6,9
temporal (unconstrained preference),188,38,64,6,9
temporal (unconstrained preference),188,42,64,6,9
temporal (unconstrained preference),188,46,64,6,9
temporal (unconstrained preference),189,20,64,6,9
temporal (unconstrained preference),189,23,64,6,9
temporal (unconstrained preference),189,38,64,6,9
temporal (unconstrained preference),189,39,64,6,9
temporal (unconstrained preference),189,49,64,6,9
temporal (unconstrained preference),189,56,64,6,9
temporal (unconstrained preference),190,9,64,6,9
temporal (unconstrained preference),190,19,64,6,9
temporal (unconstrained preference),190,20,64,6,9
temporal (unconstrained preference),190,27,64,6,9
temporal (unconstrained preference),190,30,64,6,9
temporal (unconstrained preference),190,43,64,6,9
temporal (unconstrained preference),191,10,64,6,9
temporal (unconstrained preference),191,18,64,6,9
temporal (unconstrained preference),191,29,64,6,9
temporal (unconstrained preference),191,39,64,6,9
temporal (unconstrained preference),191,47,64,6,9
temporal (unconstrained preference),191,57,64,6,9
temporal (unconstrained preference),192,26,64,6,9
temporal (unconstrained preference),192,29,64,6,9
temporal (unconstrained preference),192,37,64,6,9
temporal (unconstrained preference),192,41,64,6,9
temporal (unconstrained preference),192,43,64,6,9
temporal (unconstrained preference),192,57,64,6,9
temporal (unconstrained preference),193,21,64,6,9
temporal (unconstrained preference),193,34,64,6,9
temporal (unconstrained preference),193,39,64,6,9
temporal (unconstrained preference),193,43,64,6,9
temporal (unconstrained preference),193,47,64,6,9
temporal (unconstrained preference),193,51,64,6,9
temporal (unconstrained preference),194,21,64,6,9
temporal (unconstrained preference),194,23,64,6,9
temporal (unconstrained preference),194,34,64,6,9
temporal (unconstrained preference),194,47,64,6,9
temporal (unconstrained preference),194,48,64,6,9
temporal (unconstrained preference),194,56,64,6,9
temporal (unconstrained preference),195,1,64,6,9
temporal (unconstrained preference),195,11,64,6,9
temporal (unconstrained preference),195,33,64,6,9
temporal (unconstrained preference),195,59,64,6,9
temporal (unconstrained preference),195,61,64,6,9
temporal (unconstrained preference),195,63,64,6,9
temporal (unconstrained preference),196,24,64,6,9
temporal (unconstrained preference),196,25,64,6,9
temporal (unconstrained preference),196,46,64,6,9
temporal (unconstrained preference),196,54,64,6,9
temporal (unconstrained preference),196,56,64,6,9
temporal (unconstrained preference),196,61,64,6,9
temporal (unconstrained preference),197,1,64,6,9
temporal (unconstrained preference),197,37,64,6,9
temporal (unconstrained preference),197,42,64,6,9
temporal (unconstrained preference),197,46,64,6,9
temporal (unconstrained preference),197,54,64,6,9
temporal (unconstrained preference),197,57,64,6,9
temporal (unconstrained preference),198,18,64,6,9
temporal (unconstrained preference),198,28,64,6,9
temporal (unconstrained preference),198,33,64,6,9
temporal (unconstrained preference),198,54,64,6,9
temporal (unconstrained preference),198,57,64,6,9
temporal (unconstrained preference),198,60,64,6,9
temporal (unconstrained preference),199,18,64,6,9
temporal (unconstrained preference),199,21,64,6,9
temporal (unconstrained preference),199,28,64,6,9
temporal (unconstrained preference),199,29,64,6,9
temporal (unconstrained preference),199,37,64,6,9
temporal (unconstrained preference),199,43,64,6,9
temporal (unconstrained preference),200,21,64,6,9
temporal (unconstrained preference),200,23,64,6,9
temporal (unconstrained preference),200,39,64,6,9
temporal (unconstrained preference),200,42,64,6,9
temporal (unconstrained preference),200,47,64,6,9
temporal (unconstrained preference),200,49,64,6,9
temporal (unconstrained preference),201,19,64,6,9
temporal (unconstrained preference),201,27,64,6,9
temporal (unconstrained preference),201,30,64,6,9
temporal (unconstrained preference),201,39,64,6,9
temporal (unconstrained preference),201,51,64,6,9
temporal (unconstrained preference),201,62,64,6,9
temporal (unconstrained preference),202,26,64,6,9
temporal (unconstrained preference),202,27,64,6,9
temporal (unconstrained preference),202,35,64,6,9
temporal (unconstrained preference),202,39,64,6,9
temporal (unconstrained preference),202,53,64,6,9
temporal (unconstrained preference),202,58,64,6,9
temporal (unconstrained preference),203,21,64,6,9
temporal (unconstrained preference),203,23,64,6,9
temporal (unconstrained preference),203,34,64,6,9
temporal (unconstrained preference),203,47,64,6,9
temporal (unconstrained preference),203,48,64,6,9
temporal (unconstrained preference),203,56,64,6,9
temporal (unconstrained preference),204,3,64,6,9
temporal (unconstrained preference),204,17,64,6,9
temporal (unconstrained preference),204,21,64,6,9
temporal (unconstrained preference),204,42,64,6,9
temporal (unconstrained preference),204,58,64,6,9
temporal (unconstrained preference),204,61,64,6,9
temporal (unconstrained preference),205,22,64,6,9
temporal (unconstrained preference),205,26,64,6,9
temporal (unconstrained preference),205,35,64,6,9
temporal (unconstrained preference),205,52,64,6,9
temporal (unconstrained preference),205,53,64,6,9
temporal (unconstrained preference),205,58,64,6,9
temporal (unconstrained preference),206,18,64,6,9
temporal (unconstrained preference),206,33,64,6,9
temporal (unconstrained preference),206,37,64,6,9
temporal (unconstrained preference),206,42,64,6,9
temporal (unconstrained preference),206,57,64,6,9
temporal (unconstrained preference),206,58,64,6,9
temporal (unconstrained preference),207,3,64,6,9
temporal (unconstrained preference),207,18,64,6,9
temporal (unconstrained preference),207,37,64,6,9
temporal (unconstrained preference),207,42,64,6,9
temporal (unconstrained preference),207,57,64,6,9
temporal (unconstrained preference),207,58,64,6,9
temporal (unconstrained preference),208,4,64,6,9
temporal (unconstrained preference),208,10,64,6,9
temporal (unconstrained preference),208,35,64,6,9
temporal (unconstrained preference),208,39,64,6,9
temporal (unconstrained preference),208,44,64,6,9
temporal (unconstrained preference),208,58,64,6,9
temporal (unconstrained preference),209,1,64,6,9
temporal (unconstrained preference),209,3,64,6,9
temporal (unconstrained preference),209,11,64,6,9
temporal (unconstrained preference),209,33,64,6,9
temporal (unconstrained preference),209,61,64,6,9
temporal (unconstrained preference),209,63,64,6,9
temporal (unconstrained preference),210,2,64,6,9
temporal (unconstrained preference),210,6,64,6,9
temporal (unconstrained preference),210,11,64,6,9
temporal (unconstrained preference),210,15,64,6,9
temporal (unconstrained preference),210,41,64,6,9
temporal (unconstrained preference),210,59,64,6,9
temporal (unconstrained preference),211,3,64,6,9
temporal (unconstrained preference),211,6,64,6,9
temporal (unconstrained preference),211,7,64,6,9
temporal (unconstrained preference),211,11,64,6,9
temporal (unconstrained preference),211,15,64,6,9
temporal (unconstrained preference),211,41,64,6,9
temporal (unconstrained preference),212,3,64,6,9
temporal (unconstrained preference),212,25,64,6,9
temporal (unconstrained preference),212,33,64,6,9
temporal (unconstrained preference),212,37,64,6,9
temporal (unconstrained preference),212,42,64,6,9
temporal (unconstrained preference),212,57,64,6,9
temporal (unconstrained preference),213,18,64,6,9
temporal (unconstrained preference),213,34,64,6,9
temporal (unconstrained preference),213,37,64,6,9
temporal (unconstrained preference),213,46,64,6,9
temporal (unconstrained preference),213,56,64,6,9
temporal (unconstrained preference),213,57,64,6,9
temporal (unconstrained preference),214,10,64,6,9
temporal (unconstrained preference),214,29,64,6,9
temporal (unconstrained preference),214,34,64,6,9
temporal (unconstrained preference),214,40,64,6,9
temporal (unconstrained preference),214,43,64,6,9
temporal (unconstrained preference),214,58,64,6,9
temporal (unconstrained preference),215,1,64,6,9
temporal (unconstrained preference),215,11,64,6,9
temporal (unconstrained preference),215,33,64,6,9
temporal (unconstrained preference),215,58,64,6,9
temporal (unconstrained preference),215,61,64,6,9
temporal (unconstrained preference),215,63,64,6,9
temporal (unconstrained preference),216,28,64,6,9
temporal (unconstrained preference),216,46,64,6,9
temporal (unconstrained preference),216,49,64,6,9
temporal (unconstrained preference),216,57,64,6,9
temporal (unconstrained preference),216,59,64,6,9
temporal (unconstrained preference),216,61,64,6,9
temporal (unconstrained preference),217,28,64,6,9
temporal (unconstrained preference),217,40,64,6,9
temporal (unconstrained preference),217,46,64,6,9
temporal (unconstrained preference),217,56,64,6,9
temporal (unconstrained preference),217,59,64,6,9
temporal (unconstrained preference),217,61,64,6,9
temporal (unconstrained preference),218,28,64,6,9
temporal (unconstrained preference),218,33,64,6,9
temporal (unconstrained preference),218,46,64,6,9
temporal (unconstrained preference),218,56,64,6,9
temporal (unconstrained preference),218,59,64,6,9
temporal (unconstrained preference),218,61,64,6,9
temporal (unconstrained preference),219,3,64,6,9
temporal (unconstrained preference),219,11,64,6,9
temporal (unconstrained preference),219,14,64,6,9
temporal (unconstrained preference),219,33,64,6,9
temporal (unconstrained preference),219,59,64,6,9
temporal (unconstrained preference),219,61,64,6,9
