label,run,layer,expert,variant,n_tokens,eff_vocab,dispersion
s0_TEMPORAL,g3_tmoe_s0_1e16,2,0,weighted,15617,15993.2,0.8826
s0_TEMPORAL,g3_tmoe_s0_1e16,2,0,static,15617,15991.9,0.8897
s0_TEMPORAL,g3_tmoe_s0_1e16,2,1,weighted,7135,15955.9,0.9383
s0_TEMPORAL,g3_tmoe_s0_1e16,2,1,static,7135,15983.8,0.9321
s0_TEMPORAL,g3_tmoe_s0_1e16,2,2,weighted,8189,15989.4,0.8901
s0_TEMPORAL,g3_tmoe_s0_1e16,2,2,static,8189,15990.8,0.8603
s0_TEMPORAL,g3_tmoe_s0_1e16,2,3,weighted,6151,15837.2,0.85
s0_TEMPORAL,g3_tmoe_s0_1e16,2,3,static,6151,15986.2,0.8992
s0_TEMPORAL,g3_tmoe_s0_1e16,2,4,weighted,11821,15921.9,0.9019
s0_TEMPORAL,g3_tmoe_s0_1e16,2,4,static,11821,15989.4,0.9046
s0_TEMPORAL,g3_tmoe_s0_1e16,2,5,weighted,16851,15986.0,0.9027
s0_TEMPORAL,g3_tmoe_s0_1e16,2,5,static,16851,15991.9,0.9096
s0_TEMPORAL,g3_tmoe_s0_1e16,2,6,weighted,6852,15998.3,0.8439
s0_TEMPORAL,g3_tmoe_s0_1e16,2,6,static,6852,15997.4,0.925
s0_TEMPORAL,g3_tmoe_s0_1e16,2,7,weighted,12437,15999.2,0.8603
s0_TEMPORAL,g3_tmoe_s0_1e16,2,7,static,12437,15996.2,0.8758
s0_TEMPORAL,g3_tmoe_s0_1e16,2,8,weighted,4438,15973.5,0.8722
s0_TEMPORAL,g3_tmoe_s0_1e16,2,8,static,4438,15986.6,0.8941
s0_TEMPORAL,g3_tmoe_s0_1e16,2,9,weighted,8818,15992.9,0.8931
s0_TEMPORAL,g3_tmoe_s0_1e16,2,9,static,8818,15995.8,0.9261
s0_TEMPORAL,g3_tmoe_s0_1e16,2,10,weighted,12226,15986.8,0.9023
s0_TEMPORAL,g3_tmoe_s0_1e16,2,10,static,12226,15990.6,0.884
s0_TEMPORAL,g3_tmoe_s0_1e16,2,11,weighted,9653,15972.1,0.8649
s0_TEMPORAL,g3_tmoe_s0_1e16,2,11,static,9653,15984.2,0.8938
s0_TEMPORAL,g3_tmoe_s0_1e16,2,12,weighted,16064,15976.2,0.8712
s0_TEMPORAL,g3_tmoe_s0_1e16,2,12,static,16064,15988.9,0.8835
s0_TEMPORAL,g3_tmoe_s0_1e16,2,13,weighted,5365,15994.6,0.8628
s0_TEMPORAL,g3_tmoe_s0_1e16,2,13,static,5365,15995.6,0.8809
s0_TEMPORAL,g3_tmoe_s0_1e16,2,14,weighted,13684,15998.2,0.8413
s0_TEMPORAL,g3_tmoe_s0_1e16,2,14,static,13684,15996.1,0.8626
s0_TEMPORAL,g3_tmoe_s0_1e16,2,15,weighted,10802,15981.1,0.8898
s0_TEMPORAL,g3_tmoe_s0_1e16,2,15,static,10802,15992.8,0.9215
s0_TEMPORAL,g3_tmoe_s0_1e16,2,16,weighted,12571,15978.3,0.8519
s0_TEMPORAL,g3_tmoe_s0_1e16,2,16,static,12571,15993.2,0.8813
s0_TEMPORAL,g3_tmoe_s0_1e16,2,17,weighted,11827,15987.0,0.8808
s0_TEMPORAL,g3_tmoe_s0_1e16,2,17,static,11827,15988.4,0.7849
s0_TEMPORAL,g3_tmoe_s0_1e16,2,18,weighted,10274,15979.5,0.8878
s0_TEMPORAL,g3_tmoe_s0_1e16,2,18,static,10274,15988.8,0.8519
s0_TEMPORAL,g3_tmoe_s0_1e16,2,19,weighted,11952,15985.8,0.8811
s0_TEMPORAL,g3_tmoe_s0_1e16,2,19,static,11952,15994.0,0.8922
s0_TEMPORAL,g3_tmoe_s0_1e16,2,20,weighted,9746,15998.4,0.8354
s0_TEMPORAL,g3_tmoe_s0_1e16,2,20,static,9746,15997.5,0.9098
s0_TEMPORAL,g3_tmoe_s0_1e16,2,21,weighted,14192,15980.8,0.9479
s0_TEMPORAL,g3_tmoe_s0_1e16,2,21,static,14192,15986.5,0.903
s0_TEMPORAL,g3_tmoe_s0_1e16,2,22,weighted,9471,15997.8,0.8499
s0_TEMPORAL,g3_tmoe_s0_1e16,2,22,static,9471,15997.2,0.8913
s0_TEMPORAL,g3_tmoe_s0_1e16,2,23,weighted,12255,15981.5,0.8989
s0_TEMPORAL,g3_tmoe_s0_1e16,2,23,static,12255,15988.3,0.9012
s0_TEMPORAL,g3_tmoe_s0_1e16,2,24,weighted,16635,15975.2,0.8596
s0_TEMPORAL,g3_tmoe_s0_1e16,2,24,static,16635,15988.8,0.8762
s0_TEMPORAL,g3_tmoe_s0_1e16,2,25,weighted,6518,15998.0,0.8276
s0_TEMPORAL,g3_tmoe_s0_1e16,2,25,static,6518,15996.7,0.9006
s0_TEMPORAL,g3_tmoe_s0_1e16,2,26,weighted,7971,15952.7,0.952
s0_TEMPORAL,g3_tmoe_s0_1e16,2,26,static,7971,15993.7,0.9156
s0_TEMPORAL,g3_tmoe_s0_1e16,2,27,weighted,11627,15977.7,0.8687
s0_TEMPORAL,g3_tmoe_s0_1e16,2,27,static,11627,15990.3,0.8733
s0_TEMPORAL,g3_tmoe_s0_1e16,2,28,weighted,13728,15989.7,0.9237
s0_TEMPORAL,g3_tmoe_s0_1e16,2,28,static,13728,15995.3,0.8751
s0_TEMPORAL,g3_tmoe_s0_1e16,2,29,weighted,11432,15976.1,0.8431
s0_TEMPORAL,g3_tmoe_s0_1e16,2,29,static,11432,15979.7,0.8921
s0_TEMPORAL,g3_tmoe_s0_1e16,2,30,weighted,16933,15992.9,0.9044
s0_TEMPORAL,g3_tmoe_s0_1e16,2,30,static,16933,15991.6,0.792
s0_TEMPORAL,g3_tmoe_s0_1e16,2,31,weighted,21366,15996.4,0.8718
s0_TEMPORAL,g3_tmoe_s0_1e16,2,31,static,21366,15995.6,0.8733
s0_TEMPORAL,g3_tmoe_s0_1e16,2,32,weighted,11779,15988.8,0.845
s0_TEMPORAL,g3_tmoe_s0_1e16,2,32,static,11779,15989.7,0.9031
s0_TEMPORAL,g3_tmoe_s0_1e16,2,33,weighted,13069,15944.9,0.8363
s0_TEMPORAL,g3_tmoe_s0_1e16,2,33,static,13069,15992.2,0.8875
s0_TEMPORAL,g3_tmoe_s0_1e16,2,34,weighted,14177,15984.6,0.8783
s0_TEMPORAL,g3_tmoe_s0_1e16,2,34,static,14177,15989.4,0.8891
s0_TEMPORAL,g3_tmoe_s0_1e16,2,35,weighted,9474,15970.2,0.8984
s0_TEMPORAL,g3_tmoe_s0_1e16,2,35,static,9474,15983.9,0.9204
s0_TEMPORAL,g3_tmoe_s0_1e16,2,36,weighted,8776,15991.8,0.868
s0_TEMPORAL,g3_tmoe_s0_1e16,2,36,static,8776,15994.0,0.8745
s0_TEMPORAL,g3_tmoe_s0_1e16,2,37,weighted,13582,15992.1,0.8675
s0_TEMPORAL,g3_tmoe_s0_1e16,2,37,static,13582,15991.3,0.9252
s0_TEMPORAL,g3_tmoe_s0_1e16,2,38,weighted,15322,15984.8,0.8791
s0_TEMPORAL,g3_tmoe_s0_1e16,2,38,static,15322,15995.3,0.8735
s0_TEMPORAL,g3_tmoe_s0_1e16,2,39,weighted,9368,15986.2,0.8875
s0_TEMPORAL,g3_tmoe_s0_1e16,2,39,static,9368,15980.4,0.8245
s0_TEMPORAL,g3_tmoe_s0_1e16,2,40,weighted,16571,15992.4,0.8931
s0_TEMPORAL,g3_tmoe_s0_1e16,2,40,static,16571,15992.9,0.7672
s0_TEMPORAL,g3_tmoe_s0_1e16,2,41,weighted,12855,15957.5,0.9461
s0_TEMPORAL,g3_tmoe_s0_1e16,2,41,static,12855,15989.1,0.9091
s0_TEMPORAL,g3_tmoe_s0_1e16,2,42,weighted,17694,15998.9,0.8493
s0_TEMPORAL,g3_tmoe_s0_1e16,2,42,static,17694,15996.8,0.88
s0_TEMPORAL,g3_tmoe_s0_1e16,2,43,weighted,11914,15997.1,0.8573
s0_TEMPORAL,g3_tmoe_s0_1e16,2,43,static,11914,15996.0,0.886
s0_TEMPORAL,g3_tmoe_s0_1e16,2,44,weighted,11387,15979.0,0.8886
s0_TEMPORAL,g3_tmoe_s0_1e16,2,44,static,11387,15992.9,0.8878
s0_TEMPORAL,g3_tmoe_s0_1e16,2,45,weighted,8982,15966.0,0.8785
s0_TEMPORAL,g3_tmoe_s0_1e16,2,45,static,8982,15986.4,0.8534
s0_TEMPORAL,g3_tmoe_s0_1e16,2,46,weighted,9090,15987.2,0.8577
s0_TEMPORAL,g3_tmoe_s0_1e16,2,46,static,9090,15993.6,0.8617
s0_TEMPORAL,g3_tmoe_s0_1e16,2,47,weighted,14449,15946.8,0.8461
s0_TEMPORAL,g3_tmoe_s0_1e16,2,47,static,14449,15986.2,0.8408
s0_TEMPORAL,g3_tmoe_s0_1e16,2,48,weighted,16374,15988.4,0.8998
s0_TEMPORAL,g3_tmoe_s0_1e16,2,48,static,16374,15988.8,0.8873
s0_TEMPORAL,g3_tmoe_s0_1e16,2,49,weighted,13360,15976.6,0.8963
s0_TEMPORAL,g3_tmoe_s0_1e16,2,49,static,13360,15987.3,0.8729
s0_TEMPORAL,g3_tmoe_s0_1e16,2,50,weighted,17350,15985.7,0.9234
s0_TEMPORAL,g3_tmoe_s0_1e16,2,50,static,17350,15989.4,0.879
s0_TEMPORAL,g3_tmoe_s0_1e16,2,51,weighted,13629,15972.7,0.9008
s0_TEMPORAL,g3_tmoe_s0_1e16,2,51,static,13629,15992.8,0.9019
s0_TEMPORAL,g3_tmoe_s0_1e16,2,52,weighted,17923,15992.1,0.8463
s0_TEMPORAL,g3_tmoe_s0_1e16,2,52,static,17923,15994.5,0.8359
s0_TEMPORAL,g3_tmoe_s0_1e16,2,53,weighted,12612,15962.5,0.9417
s0_TEMPORAL,g3_tmoe_s0_1e16,2,53,static,12612,15987.1,0.8844
s0_TEMPORAL,g3_tmoe_s0_1e16,2,54,weighted,13400,15962.0,0.9362
s0_TEMPORAL,g3_tmoe_s0_1e16,2,54,static,13400,15987.8,0.8803
s0_TEMPORAL,g3_tmoe_s0_1e16,2,55,weighted,15983,15936.2,0.9471
s0_TEMPORAL,g3_tmoe_s0_1e16,2,55,static,15983,15980.0,0.921
s0_TEMPORAL,g3_tmoe_s0_1e16,2,56,weighted,11819,15957.4,0.9195
s0_TEMPORAL,g3_tmoe_s0_1e16,2,56,static,11819,15989.8,0.8735
s0_TEMPORAL,g3_tmoe_s0_1e16,2,57,weighted,7008,15934.4,0.8199
s0_TEMPORAL,g3_tmoe_s0_1e16,2,57,static,7008,15988.0,0.8769
s0_TEMPORAL,g3_tmoe_s0_1e16,2,58,weighted,15842,15980.9,0.8816
s0_TEMPORAL,g3_tmoe_s0_1e16,2,58,static,15842,15990.6,0.9137
s0_TEMPORAL,g3_tmoe_s0_1e16,2,59,weighted,12283,15949.1,0.9176
s0_TEMPORAL,g3_tmoe_s0_1e16,2,59,static,12283,15988.8,0.8794
s0_TEMPORAL,g3_tmoe_s0_1e16,2,60,weighted,19154,15985.8,0.8305
s0_TEMPORAL,g3_tmoe_s0_1e16,2,60,static,19154,15995.8,0.8777
s0_TEMPORAL,g3_tmoe_s0_1e16,2,61,weighted,18352,15989.5,0.8771
s0_TEMPORAL,g3_tmoe_s0_1e16,2,61,static,18352,15991.9,0.8962
s0_TEMPORAL,g3_tmoe_s0_1e16,2,62,weighted,14527,15956.3,0.9341
s0_TEMPORAL,g3_tmoe_s0_1e16,2,62,static,14527,15991.5,0.9161
s0_TEMPORAL,g3_tmoe_s0_1e16,2,63,weighted,4081,15720.9,0.8895
s0_TEMPORAL,g3_tmoe_s0_1e16,2,63,static,4081,15990.0,0.9368
s0_TEMPORAL,g3_tmoe_s0_1e16,2,64,weighted,13296,15954.3,0.8228
s0_TEMPORAL,g3_tmoe_s0_1e16,2,64,static,13296,15987.2,0.8814
s0_TEMPORAL,g3_tmoe_s0_1e16,2,65,weighted,10778,15978.1,0.929
s0_TEMPORAL,g3_tmoe_s0_1e16,2,65,static,10778,15993.0,0.9199
s0_TEMPORAL,g3_tmoe_s0_1e16,2,66,weighted,12117,15997.2,0.8586
s0_TEMPORAL,g3_tmoe_s0_1e16,2,66,static,12117,15995.7,0.8452
s0_TEMPORAL,g3_tmoe_s0_1e16,2,67,weighted,10722,15985.1,0.8908
s0_TEMPORAL,g3_tmoe_s0_1e16,2,67,static,10722,15989.2,0.9094
s0_TEMPORAL,g3_tmoe_s0_1e16,2,68,weighted,8707,15995.3,0.8794
s0_TEMPORAL,g3_tmoe_s0_1e16,2,68,static,8707,15996.8,0.9034
s0_TEMPORAL,g3_tmoe_s0_1e16,2,69,weighted,10331,15998.5,0.8455
s0_TEMPORAL,g3_tmoe_s0_1e16,2,69,static,10331,15998.7,0.8927
s0_TEMPORAL,g3_tmoe_s0_1e16,2,70,weighted,9448,15944.0,0.9287
s0_TEMPORAL,g3_tmoe_s0_1e16,2,70,static,9448,15987.5,0.9002
s0_TEMPORAL,g3_tmoe_s0_1e16,2,71,weighted,11319,15932.3,0.8713
s0_TEMPORAL,g3_tmoe_s0_1e16,2,71,static,11319,15994.9,0.8675
s0_TEMPORAL,g3_tmoe_s0_1e16,2,72,weighted,10909,15911.6,0.9231
s0_TEMPORAL,g3_tmoe_s0_1e16,2,72,static,10909,15985.3,0.8717
s0_TEMPORAL,g3_tmoe_s0_1e16,2,73,weighted,13873,15978.9,0.8867
s0_TEMPORAL,g3_tmoe_s0_1e16,2,73,static,13873,15986.7,0.8757
s0_TEMPORAL,g3_tmoe_s0_1e16,2,74,weighted,12611,15962.4,0.9384
s0_TEMPORAL,g3_tmoe_s0_1e16,2,74,static,12611,15989.5,0.8601
s0_TEMPORAL,g3_tmoe_s0_1e16,2,75,weighted,9278,15989.1,0.894
s0_TEMPORAL,g3_tmoe_s0_1e16,2,75,static,9278,15993.7,0.8787
s0_TEMPORAL,g3_tmoe_s0_1e16,2,76,weighted,16953,15973.0,0.9056
s0_TEMPORAL,g3_tmoe_s0_1e16,2,76,static,16953,15986.2,0.8885
s0_TEMPORAL,g3_tmoe_s0_1e16,2,77,weighted,9859,15963.3,0.8702
s0_TEMPORAL,g3_tmoe_s0_1e16,2,77,static,9859,15979.6,0.9152
s0_TEMPORAL,g3_tmoe_s0_1e16,2,78,weighted,12485,15972.1,0.8763
s0_TEMPORAL,g3_tmoe_s0_1e16,2,78,static,12485,15990.7,0.9321
s0_TEMPORAL,g3_tmoe_s0_1e16,2,79,weighted,10164,15939.0,0.9153
s0_TEMPORAL,g3_tmoe_s0_1e16,2,79,static,10164,15992.4,0.8918
s0_TEMPORAL,g3_tmoe_s0_1e16,2,80,weighted,9987,15799.3,0.9173
s0_TEMPORAL,g3_tmoe_s0_1e16,2,80,static,9987,15990.1,0.8715
s0_TEMPORAL,g3_tmoe_s0_1e16,2,81,weighted,10990,15945.9,0.8701
s0_TEMPORAL,g3_tmoe_s0_1e16,2,81,static,10990,15987.9,0.8669
s0_TEMPORAL,g3_tmoe_s0_1e16,2,82,weighted,10071,15987.6,0.9153
s0_TEMPORAL,g3_tmoe_s0_1e16,2,82,static,10071,15983.7,0.8775
s0_TEMPORAL,g3_tmoe_s0_1e16,2,83,weighted,13590,15978.7,0.879
s0_TEMPORAL,g3_tmoe_s0_1e16,2,83,static,13590,15991.4,0.8757
s0_TEMPORAL,g3_tmoe_s0_1e16,2,84,weighted,10040,15955.4,0.9228
s0_TEMPORAL,g3_tmoe_s0_1e16,2,84,static,10040,15990.1,0.8661
s0_TEMPORAL,g3_tmoe_s0_1e16,2,85,weighted,17760,15994.5,0.8953
s0_TEMPORAL,g3_tmoe_s0_1e16,2,85,static,17760,15995.4,0.9193
s0_TEMPORAL,g3_tmoe_s0_1e16,2,86,weighted,10664,15962.0,0.8964
s0_TEMPORAL,g3_tmoe_s0_1e16,2,86,static,10664,15990.9,0.8512
s0_TEMPORAL,g3_tmoe_s0_1e16,2,87,weighted,8135,15994.2,0.8545
s0_TEMPORAL,g3_tmoe_s0_1e16,2,87,static,8135,15994.8,0.8546
s0_TEMPORAL,g3_tmoe_s0_1e16,2,88,weighted,11663,15950.4,0.9219
s0_TEMPORAL,g3_tmoe_s0_1e16,2,88,static,11663,15986.7,0.8803
s0_TEMPORAL,g3_tmoe_s0_1e16,2,89,weighted,11583,15997.7,0.8824
s0_TEMPORAL,g3_tmoe_s0_1e16,2,89,static,11583,15995.8,0.8298
s0_TEMPORAL,g3_tmoe_s0_1e16,2,90,weighted,11199,15988.4,0.904
s0_TEMPORAL,g3_tmoe_s0_1e16,2,90,static,11199,15991.2,0.8922
s0_TEMPORAL,g3_tmoe_s0_1e16,2,91,weighted,17347,15962.2,0.9063
s0_TEMPORAL,g3_tmoe_s0_1e16,2,91,static,17347,15988.8,0.9406
s0_TEMPORAL,g3_tmoe_s0_1e16,2,92,weighted,9813,15997.6,0.9126
s0_TEMPORAL,g3_tmoe_s0_1e16,2,92,static,9813,15997.1,0.9236
s0_TEMPORAL,g3_tmoe_s0_1e16,2,93,weighted,16969,15958.3,0.8268
s0_TEMPORAL,g3_tmoe_s0_1e16,2,93,static,16969,15986.6,0.9038
s0_TEMPORAL,g3_tmoe_s0_1e16,2,94,weighted,6804,15893.2,0.8841
s0_TEMPORAL,g3_tmoe_s0_1e16,2,94,static,6804,15987.7,0.8947
s0_TEMPORAL,g3_tmoe_s0_1e16,2,95,weighted,14538,15988.6,0.8697
s0_TEMPORAL,g3_tmoe_s0_1e16,2,95,static,14538,15991.7,0.9178
s0_TEMPORAL,g3_tmoe_s0_1e16,2,96,weighted,11566,15976.9,0.8832
s0_TEMPORAL,g3_tmoe_s0_1e16,2,96,static,11566,15990.8,0.8856
s0_TEMPORAL,g3_tmoe_s0_1e16,2,97,weighted,16458,15919.1,0.9148
s0_TEMPORAL,g3_tmoe_s0_1e16,2,97,static,16458,15987.7,0.8943
s0_TEMPORAL,g3_tmoe_s0_1e16,2,98,weighted,10365,15943.8,0.8748
s0_TEMPORAL,g3_tmoe_s0_1e16,2,98,static,10365,15985.3,0.8966
s0_TEMPORAL,g3_tmoe_s0_1e16,2,99,weighted,13901,15983.0,0.881
s0_TEMPORAL,g3_tmoe_s0_1e16,2,99,static,13901,15993.6,0.8898
s0_TEMPORAL,g3_tmoe_s0_1e16,2,100,weighted,8273,15957.1,0.9069
s0_TEMPORAL,g3_tmoe_s0_1e16,2,100,static,8273,15991.9,0.8984
s0_TEMPORAL,g3_tmoe_s0_1e16,2,101,weighted,19378,15985.3,0.8809
s0_TEMPORAL,g3_tmoe_s0_1e16,2,101,static,19378,15989.9,0.8853
s0_TEMPORAL,g3_tmoe_s0_1e16,2,102,weighted,11792,15964.5,0.8969
s0_TEMPORAL,g3_tmoe_s0_1e16,2,102,static,11792,15990.7,0.9164
s0_TEMPORAL,g3_tmoe_s0_1e16,2,103,weighted,13373,15982.8,0.902
s0_TEMPORAL,g3_tmoe_s0_1e16,2,103,static,13373,15993.7,0.9009
s0_TEMPORAL,g3_tmoe_s0_1e16,2,104,weighted,14229,15987.3,0.8823
s0_TEMPORAL,g3_tmoe_s0_1e16,2,104,static,14229,15989.6,0.8325
s0_TEMPORAL,g3_tmoe_s0_1e16,2,105,weighted,3283,15952.0,0.8962
s0_TEMPORAL,g3_tmoe_s0_1e16,2,105,static,3283,15988.0,0.864
s0_TEMPORAL,g3_tmoe_s0_1e16,2,106,weighted,12703,15953.6,0.9029
s0_TEMPORAL,g3_tmoe_s0_1e16,2,106,static,12703,15990.7,0.8586
s0_TEMPORAL,g3_tmoe_s0_1e16,2,107,weighted,11152,15984.0,0.9185
s0_TEMPORAL,g3_tmoe_s0_1e16,2,107,static,11152,15990.9,0.8907
s0_TEMPORAL,g3_tmoe_s0_1e16,2,108,weighted,13540,15972.4,0.9117
s0_TEMPORAL,g3_tmoe_s0_1e16,2,108,static,13540,15992.2,0.8853
s0_TEMPORAL,g3_tmoe_s0_1e16,2,109,weighted,13074,15991.0,0.8788
s0_TEMPORAL,g3_tmoe_s0_1e16,2,109,static,13074,15997.0,0.8573
s0_TEMPORAL,g3_tmoe_s0_1e16,2,110,weighted,5910,15962.9,0.8692
s0_TEMPORAL,g3_tmoe_s0_1e16,2,110,static,5910,15988.4,0.8986
s0_TEMPORAL,g3_tmoe_s0_1e16,2,111,weighted,16557,15999.2,0.9016
s0_TEMPORAL,g3_tmoe_s0_1e16,2,111,static,16557,15998.4,0.8511
s0_TEMPORAL,g3_tmoe_s0_1e16,2,112,weighted,16505,15955.8,0.8891
s0_TEMPORAL,g3_tmoe_s0_1e16,2,112,static,16505,15994.1,0.9021
s0_TEMPORAL,g3_tmoe_s0_1e16,2,113,weighted,16708,15984.2,0.9289
s0_TEMPORAL,g3_tmoe_s0_1e16,2,113,static,16708,15990.8,0.8658
s0_TEMPORAL,g3_tmoe_s0_1e16,2,114,weighted,13261,15986.7,0.8822
s0_TEMPORAL,g3_tmoe_s0_1e16,2,114,static,13261,15991.7,0.8658
s0_TEMPORAL,g3_tmoe_s0_1e16,2,115,weighted,6495,15980.6,0.9141
s0_TEMPORAL,g3_tmoe_s0_1e16,2,115,static,6495,15982.1,0.8922
s0_TEMPORAL,g3_tmoe_s0_1e16,2,116,weighted,15863,15980.6,0.9288
s0_TEMPORAL,g3_tmoe_s0_1e16,2,116,static,15863,15990.5,0.8929
s0_TEMPORAL,g3_tmoe_s0_1e16,2,117,weighted,15414,15920.5,0.9114
s0_TEMPORAL,g3_tmoe_s0_1e16,2,117,static,15414,15992.2,0.8858
s0_TEMPORAL,g3_tmoe_s0_1e16,2,118,weighted,11908,15975.1,0.8602
s0_TEMPORAL,g3_tmoe_s0_1e16,2,118,static,11908,15990.1,0.9025
s0_TEMPORAL,g3_tmoe_s0_1e16,2,119,weighted,13484,15989.9,0.9073
s0_TEMPORAL,g3_tmoe_s0_1e16,2,119,static,13484,15988.4,0.8697
s0_TEMPORAL,g3_tmoe_s0_1e16,2,120,weighted,8722,15986.2,0.9102
s0_TEMPORAL,g3_tmoe_s0_1e16,2,120,static,8722,15990.8,0.9132
s0_TEMPORAL,g3_tmoe_s0_1e16,2,121,weighted,14290,15998.9,0.8907
s0_TEMPORAL,g3_tmoe_s0_1e16,2,121,static,14290,15997.6,0.9354
s0_TEMPORAL,g3_tmoe_s0_1e16,2,122,weighted,15008,15994.5,0.8596
s0_TEMPORAL,g3_tmoe_s0_1e16,2,122,static,15008,15996.0,0.8954
s0_TEMPORAL,g3_tmoe_s0_1e16,2,123,weighted,13440,15987.7,0.9063
s0_TEMPORAL,g3_tmoe_s0_1e16,2,123,static,13440,15985.7,0.8875
s0_TEMPORAL,g3_tmoe_s0_1e16,2,124,weighted,13800,15979.4,0.8722
s0_TEMPORAL,g3_tmoe_s0_1e16,2,124,static,13800,15987.9,0.8893
s0_TEMPORAL,g3_tmoe_s0_1e16,2,125,weighted,12264,15984.1,0.8849
s0_TEMPORAL,g3_tmoe_s0_1e16,2,125,static,12264,15994.1,0.9064
s0_TEMPORAL,g3_tmoe_s0_1e16,2,126,weighted,11656,15997.4,0.8952
s0_TEMPORAL,g3_tmoe_s0_1e16,2,126,static,11656,15996.5,0.8909
s0_TEMPORAL,g3_tmoe_s0_1e16,2,127,weighted,15628,15989.3,0.8928
s0_TEMPORAL,g3_tmoe_s0_1e16,2,127,static,15628,15988.6,0.8527
s0_TEMPORAL,g3_tmoe_s0_1e16,2,128,weighted,20762,15995.8,0.835
s0_TEMPORAL,g3_tmoe_s0_1e16,2,128,static,20762,15995.8,0.8921
s0_TEMPORAL,g3_tmoe_s0_1e16,2,129,weighted,12329,15946.9,0.9328
s0_TEMPORAL,g3_tmoe_s0_1e16,2,129,static,12329,15986.8,0.9373
s0_TEMPORAL,g3_tmoe_s0_1e16,2,130,weighted,11065,15953.5,0.8983
s0_TEMPORAL,g3_tmoe_s0_1e16,2,130,static,11065,15985.7,0.8526
s0_TEMPORAL,g3_tmoe_s0_1e16,2,131,weighted,10431,15994.3,0.8924
s0_TEMPORAL,g3_tmoe_s0_1e16,2,131,static,10431,15991.0,0.8814
s0_TEMPORAL,g3_tmoe_s0_1e16,2,132,weighted,10826,15979.0,0.9018
s0_TEMPORAL,g3_tmoe_s0_1e16,2,132,static,10826,15993.3,0.8719
s0_TEMPORAL,g3_tmoe_s0_1e16,2,133,weighted,13788,15956.9,0.906
s0_TEMPORAL,g3_tmoe_s0_1e16,2,133,static,13788,15985.3,0.9002
s0_TEMPORAL,g3_tmoe_s0_1e16,2,134,weighted,9758,15977.9,0.9455
s0_TEMPORAL,g3_tmoe_s0_1e16,2,134,static,9758,15991.3,0.9144
s0_TEMPORAL,g3_tmoe_s0_1e16,2,135,weighted,13621,15993.6,0.8925
s0_TEMPORAL,g3_tmoe_s0_1e16,2,135,static,13621,15994.8,0.8953
s0_TEMPORAL,g3_tmoe_s0_1e16,2,136,weighted,14153,15994.9,0.8816
s0_TEMPORAL,g3_tmoe_s0_1e16,2,136,static,14153,15997.4,0.8819
s0_TEMPORAL,g3_tmoe_s0_1e16,2,137,weighted,11355,15946.8,0.8593
s0_TEMPORAL,g3_tmoe_s0_1e16,2,137,static,11355,15989.6,0.7718
s0_TEMPORAL,g3_tmoe_s0_1e16,2,138,weighted,16516,15996.4,0.8959
s0_TEMPORAL,g3_tmoe_s0_1e16,2,138,static,16516,15993.6,0.9047
s0_TEMPORAL,g3_tmoe_s0_1e16,2,139,weighted,14561,15959.6,0.9236
s0_TEMPORAL,g3_tmoe_s0_1e16,2,139,static,14561,15987.8,0.9181
s0_TEMPORAL,g3_tmoe_s0_1e16,2,140,weighted,13889,15979.0,0.8584
s0_TEMPORAL,g3_tmoe_s0_1e16,2,140,static,13889,15991.2,0.8963
s0_TEMPORAL,g3_tmoe_s0_1e16,2,141,weighted,17509,15990.7,0.8668
s0_TEMPORAL,g3_tmoe_s0_1e16,2,141,static,17509,15995.8,0.836
s0_TEMPORAL,g3_tmoe_s0_1e16,2,142,weighted,14653,15977.5,0.9084
s0_TEMPORAL,g3_tmoe_s0_1e16,2,142,static,14653,15990.7,0.8991
s0_TEMPORAL,g3_tmoe_s0_1e16,2,143,weighted,7536,15962.4,0.9342
s0_TEMPORAL,g3_tmoe_s0_1e16,2,143,static,7536,15990.2,0.8738
s0_TEMPORAL,g3_tmoe_s0_1e16,2,144,weighted,14895,15980.3,0.9118
s0_TEMPORAL,g3_tmoe_s0_1e16,2,144,static,14895,15993.4,0.8663
s0_TEMPORAL,g3_tmoe_s0_1e16,2,145,weighted,11841,15966.3,0.8821
s0_TEMPORAL,g3_tmoe_s0_1e16,2,145,static,11841,15989.5,0.903
s0_TEMPORAL,g3_tmoe_s0_1e16,2,146,weighted,16305,15992.7,0.8817
s0_TEMPORAL,g3_tmoe_s0_1e16,2,146,static,16305,15993.2,0.9305
s0_TEMPORAL,g3_tmoe_s0_1e16,2,147,weighted,12735,15989.7,0.9154
s0_TEMPORAL,g3_tmoe_s0_1e16,2,147,static,12735,15988.0,0.8844
s0_TEMPORAL,g3_tmoe_s0_1e16,2,148,weighted,11323,15973.9,0.8689
s0_TEMPORAL,g3_tmoe_s0_1e16,2,148,static,11323,15987.2,0.8811
s0_TEMPORAL,g3_tmoe_s0_1e16,2,149,weighted,6381,15997.1,0.864
s0_TEMPORAL,g3_tmoe_s0_1e16,2,149,static,6381,15997.4,0.8076
s0_TEMPORAL,g3_tmoe_s0_1e16,2,150,weighted,12306,15970.3,0.9089
s0_TEMPORAL,g3_tmoe_s0_1e16,2,150,static,12306,15989.9,0.8843
s0_TEMPORAL,g3_tmoe_s0_1e16,2,151,weighted,11556,15954.6,0.8938
s0_TEMPORAL,g3_tmoe_s0_1e16,2,151,static,11556,15988.8,0.8846
s0_TEMPORAL,g3_tmoe_s0_1e16,2,152,weighted,17173,15991.0,0.8775
s0_TEMPORAL,g3_tmoe_s0_1e16,2,152,static,17173,15990.2,0.8326
s0_TEMPORAL,g3_tmoe_s0_1e16,2,153,weighted,8858,15986.8,0.9114
s0_TEMPORAL,g3_tmoe_s0_1e16,2,153,static,8858,15991.1,0.8201
s0_TEMPORAL,g3_tmoe_s0_1e16,2,154,weighted,18285,15977.6,0.918
s0_TEMPORAL,g3_tmoe_s0_1e16,2,154,static,18285,15988.7,0.9008
s0_TEMPORAL,g3_tmoe_s0_1e16,2,155,weighted,9544,15999.3,0.8512
s0_TEMPORAL,g3_tmoe_s0_1e16,2,155,static,9544,15997.1,0.8923
s0_TEMPORAL,g3_tmoe_s0_1e16,2,156,weighted,7931,15997.2,0.853
s0_TEMPORAL,g3_tmoe_s0_1e16,2,156,static,7931,15997.0,0.9191
s0_TEMPORAL,g3_tmoe_s0_1e16,2,157,weighted,11591,15972.8,0.8784
s0_TEMPORAL,g3_tmoe_s0_1e16,2,157,static,11591,15985.0,0.8901
s0_TEMPORAL,g3_tmoe_s0_1e16,2,158,weighted,8985,15998.5,0.8837
s0_TEMPORAL,g3_tmoe_s0_1e16,2,158,static,8985,15996.6,0.9337
s0_TEMPORAL,g3_tmoe_s0_1e16,2,159,weighted,9523,15928.8,0.8818
s0_TEMPORAL,g3_tmoe_s0_1e16,2,159,static,9523,15993.8,0.9007
s0_TEMPORAL,g3_tmoe_s0_1e16,2,160,weighted,14343,15940.5,0.9375
s0_TEMPORAL,g3_tmoe_s0_1e16,2,160,static,14343,15990.3,0.9117
s0_TEMPORAL,g3_tmoe_s0_1e16,2,161,weighted,9844,15981.5,0.8234
s0_TEMPORAL,g3_tmoe_s0_1e16,2,161,static,9844,15990.1,0.8651
s0_TEMPORAL,g3_tmoe_s0_1e16,2,162,weighted,11290,15986.1,0.8814
s0_TEMPORAL,g3_tmoe_s0_1e16,2,162,static,11290,15987.2,0.8655
s0_TEMPORAL,g3_tmoe_s0_1e16,2,163,weighted,9216,15984.2,0.8999
s0_TEMPORAL,g3_tmoe_s0_1e16,2,163,static,9216,15997.2,0.9104
s0_TEMPORAL,g3_tmoe_s0_1e16,2,164,weighted,2531,15980.0,0.8883
s0_TEMPORAL,g3_tmoe_s0_1e16,2,164,static,2531,15988.0,0.8877
s0_TEMPORAL,g3_tmoe_s0_1e16,2,165,weighted,9090,15990.1,0.8965
s0_TEMPORAL,g3_tmoe_s0_1e16,2,165,static,9090,15991.2,0.8892
s0_TEMPORAL,g3_tmoe_s0_1e16,2,166,weighted,10404,15978.3,0.9273
s0_TEMPORAL,g3_tmoe_s0_1e16,2,166,static,10404,15990.9,0.9171
s0_TEMPORAL,g3_tmoe_s0_1e16,2,167,weighted,13717,15976.8,0.9205
s0_TEMPORAL,g3_tmoe_s0_1e16,2,167,static,13717,15989.4,0.8864
s0_TEMPORAL,g3_tmoe_s0_1e16,2,168,weighted,5563,15988.4,0.8632
s0_TEMPORAL,g3_tmoe_s0_1e16,2,168,static,5563,15996.2,0.8985
s0_TEMPORAL,g3_tmoe_s0_1e16,2,169,weighted,12860,15987.4,0.8771
s0_TEMPORAL,g3_tmoe_s0_1e16,2,169,static,12860,15995.4,0.8879
s0_TEMPORAL,g3_tmoe_s0_1e16,2,170,weighted,18451,15982.3,0.8472
s0_TEMPORAL,g3_tmoe_s0_1e16,2,170,static,18451,15995.1,0.9116
s0_TEMPORAL,g3_tmoe_s0_1e16,2,171,weighted,11736,15953.4,0.9361
s0_TEMPORAL,g3_tmoe_s0_1e16,2,171,static,11736,15988.9,0.8655
s0_TEMPORAL,g3_tmoe_s0_1e16,2,172,weighted,17689,15991.0,0.8603
s0_TEMPORAL,g3_tmoe_s0_1e16,2,172,static,17689,15993.6,0.8765
s0_TEMPORAL,g3_tmoe_s0_1e16,2,173,weighted,13405,15958.4,0.8845
s0_TEMPORAL,g3_tmoe_s0_1e16,2,173,static,13405,15985.1,0.9007
s0_TEMPORAL,g3_tmoe_s0_1e16,2,174,weighted,8142,15925.4,0.9244
s0_TEMPORAL,g3_tmoe_s0_1e16,2,174,static,8142,15985.0,0.9066
s0_TEMPORAL,g3_tmoe_s0_1e16,2,175,weighted,19025,15994.4,0.8867
s0_TEMPORAL,g3_tmoe_s0_1e16,2,175,static,19025,15994.4,0.8484
s0_TEMPORAL,g3_tmoe_s0_1e16,2,176,weighted,13297,15979.5,0.8986
s0_TEMPORAL,g3_tmoe_s0_1e16,2,176,static,13297,15988.0,0.8843
s0_TEMPORAL,g3_tmoe_s0_1e16,2,177,weighted,10967,15961.5,0.9267
s0_TEMPORAL,g3_tmoe_s0_1e16,2,177,static,10967,15978.5,0.8699
s0_TEMPORAL,g3_tmoe_s0_1e16,2,178,weighted,13660,15948.4,0.9321
s0_TEMPORAL,g3_tmoe_s0_1e16,2,178,static,13660,15988.9,0.9404
s0_TEMPORAL,g3_tmoe_s0_1e16,2,179,weighted,11011,15940.5,0.9249
s0_TEMPORAL,g3_tmoe_s0_1e16,2,179,static,11011,15986.0,0.9142
s0_TEMPORAL,g3_tmoe_s0_1e16,2,180,weighted,12068,15968.0,0.8944
s0_TEMPORAL,g3_tmoe_s0_1e16,2,180,static,12068,15992.1,0.9258
s0_TEMPORAL,g3_tmoe_s0_1e16,2,181,weighted,15464,15976.5,0.8824
s0_TEMPORAL,g3_tmoe_s0_1e16,2,181,static,15464,15989.3,0.8699
s0_TEMPORAL,g3_tmoe_s0_1e16,2,182,weighted,17143,15981.5,0.9175
s0_TEMPORAL,g3_tmoe_s0_1e16,2,182,static,17143,15987.4,0.8927
s0_TEMPORAL,g3_tmoe_s0_1e16,2,183,weighted,13565,15966.8,0.8287
s0_TEMPORAL,g3_tmoe_s0_1e16,2,183,static,13565,15994.9,0.9153
s0_TEMPORAL,g3_tmoe_s0_1e16,2,184,weighted,8706,15996.7,0.8598
s0_TEMPORAL,g3_tmoe_s0_1e16,2,184,static,8706,15994.1,0.8682
s0_TEMPORAL,g3_tmoe_s0_1e16,2,185,weighted,7363,15934.6,0.8211
s0_TEMPORAL,g3_tmoe_s0_1e16,2,185,static,7363,15991.6,0.9027
s0_TEMPORAL,g3_tmoe_s0_1e16,2,186,weighted,12343,15984.4,0.8876
s0_TEMPORAL,g3_tmoe_s0_1e16,2,186,static,12343,15995.3,0.8992
s0_TEMPORAL,g3_tmoe_s0_1e16,2,187,weighted,9138,15988.4,0.8595
s0_TEMPORAL,g3_tmoe_s0_1e16,2,187,static,9138,15989.4,0.8782
s0_TEMPORAL,g3_tmoe_s0_1e16,2,188,weighted,14852,15983.7,0.9025
s0_TEMPORAL,g3_tmoe_s0_1e16,2,188,static,14852,15985.4,0.8738
s0_TEMPORAL,g3_tmoe_s0_1e16,2,189,weighted,15683,15984.2,0.8907
s0_TEMPORAL,g3_tmoe_s0_1e16,2,189,static,15683,15996.1,0.9052
s0_TEMPORAL,g3_tmoe_s0_1e16,2,190,weighted,14050,15988.4,0.9162
s0_TEMPORAL,g3_tmoe_s0_1e16,2,190,static,14050,15991.0,0.9112
s0_TEMPORAL,g3_tmoe_s0_1e16,2,191,weighted,9906,15963.0,0.9366
s0_TEMPORAL,g3_tmoe_s0_1e16,2,191,static,9906,15968.9,0.8543
s0_TEMPORAL,g3_tmoe_s0_1e16,3,0,weighted,4286,15907.3,0.8595
s0_TEMPORAL,g3_tmoe_s0_1e16,3,0,static,4286,15988.6,0.8826
s0_TEMPORAL,g3_tmoe_s0_1e16,3,1,weighted,15883,15954.9,0.9007
s0_TEMPORAL,g3_tmoe_s0_1e16,3,1,static,15883,15995.1,0.8907
s0_TEMPORAL,g3_tmoe_s0_1e16,3,2,weighted,10378,15910.7,0.8889
s0_TEMPORAL,g3_tmoe_s0_1e16,3,2,static,10378,15989.8,0.9091
s0_TEMPORAL,g3_tmoe_s0_1e16,3,3,weighted,12668,15976.1,0.9221
s0_TEMPORAL,g3_tmoe_s0_1e16,3,3,static,12668,15987.2,0.8067
s0_TEMPORAL,g3_tmoe_s0_1e16,3,4,weighted,12094,15958.8,0.9156
s0_TEMPORAL,g3_tmoe_s0_1e16,3,4,static,12094,15991.0,0.8872
s0_TEMPORAL,g3_tmoe_s0_1e16,3,5,weighted,11523,15931.8,0.9279
s0_TEMPORAL,g3_tmoe_s0_1e16,3,5,static,11523,15991.2,0.8905
s0_TEMPORAL,g3_tmoe_s0_1e16,3,6,weighted,12070,15938.2,0.9062
s0_TEMPORAL,g3_tmoe_s0_1e16,3,6,static,12070,15989.5,0.9061
s0_TEMPORAL,g3_tmoe_s0_1e16,3,7,weighted,2219,15940.3,0.9169
s0_TEMPORAL,g3_tmoe_s0_1e16,3,7,static,2219,15985.0,0.8632
s0_TEMPORAL,g3_tmoe_s0_1e16,3,8,weighted,12462,15927.9,0.9325
s0_TEMPORAL,g3_tmoe_s0_1e16,3,8,static,12462,15991.5,0.8869
s0_TEMPORAL,g3_tmoe_s0_1e16,3,9,weighted,9706,15931.5,0.8771
s0_TEMPORAL,g3_tmoe_s0_1e16,3,9,static,9706,15988.1,0.9013
s0_TEMPORAL,g3_tmoe_s0_1e16,3,10,weighted,12840,15863.2,0.9131
s0_TEMPORAL,g3_tmoe_s0_1e16,3,10,static,12840,15990.1,0.8609
s0_TEMPORAL,g3_tmoe_s0_1e16,3,11,weighted,15084,15873.8,0.9296
s0_TEMPORAL,g3_tmoe_s0_1e16,3,11,static,15084,15990.2,0.8995
s0_TEMPORAL,g3_tmoe_s0_1e16,3,12,weighted,11718,15889.9,0.8528
s0_TEMPORAL,g3_tmoe_s0_1e16,3,12,static,11718,15984.4,0.8598
s0_TEMPORAL,g3_tmoe_s0_1e16,3,13,weighted,10121,15933.5,0.9406
s0_TEMPORAL,g3_tmoe_s0_1e16,3,13,static,10121,15988.8,0.8857
s0_TEMPORAL,g3_tmoe_s0_1e16,3,14,weighted,15666,15821.7,0.9005
s0_TEMPORAL,g3_tmoe_s0_1e16,3,14,static,15666,15992.1,0.9074
s0_TEMPORAL,g3_tmoe_s0_1e16,3,15,weighted,9096,15948.1,0.9124
s0_TEMPORAL,g3_tmoe_s0_1e16,3,15,static,9096,15990.1,0.9117
s0_TEMPORAL,g3_tmoe_s0_1e16,3,16,weighted,11976,15957.8,0.9107
s0_TEMPORAL,g3_tmoe_s0_1e16,3,16,static,11976,15986.4,0.8857
s0_TEMPORAL,g3_tmoe_s0_1e16,3,17,weighted,14959,15976.1,0.8448
s0_TEMPORAL,g3_tmoe_s0_1e16,3,17,static,14959,15992.8,0.9123
s0_TEMPORAL,g3_tmoe_s0_1e16,3,18,weighted,18875,15951.8,0.814
s0_TEMPORAL,g3_tmoe_s0_1e16,3,18,static,18875,15988.3,0.8801
s0_TEMPORAL,g3_tmoe_s0_1e16,3,19,weighted,14710,15863.1,0.9324
s0_TEMPORAL,g3_tmoe_s0_1e16,3,19,static,14710,15983.3,0.8874
s0_TEMPORAL,g3_tmoe_s0_1e16,3,20,weighted,15769,15914.7,0.909
s0_TEMPORAL,g3_tmoe_s0_1e16,3,20,static,15769,15984.5,0.9243
s0_TEMPORAL,g3_tmoe_s0_1e16,3,21,weighted,15672,15876.1,0.9075
s0_TEMPORAL,g3_tmoe_s0_1e16,3,21,static,15672,15992.0,0.893
s0_TEMPORAL,g3_tmoe_s0_1e16,3,22,weighted,8544,15910.3,0.935
s0_TEMPORAL,g3_tmoe_s0_1e16,3,22,static,8544,15989.4,0.9156
s0_TEMPORAL,g3_tmoe_s0_1e16,3,23,weighted,12955,15974.1,0.858
s0_TEMPORAL,g3_tmoe_s0_1e16,3,23,static,12955,15989.5,0.8216
s0_TEMPORAL,g3_tmoe_s0_1e16,3,24,weighted,7562,15956.0,0.8731
s0_TEMPORAL,g3_tmoe_s0_1e16,3,24,static,7562,15988.4,0.8892
s0_TEMPORAL,g3_tmoe_s0_1e16,3,25,weighted,12426,15964.3,0.9351
s0_TEMPORAL,g3_tmoe_s0_1e16,3,25,static,12426,15991.1,0.9006
s0_TEMPORAL,g3_tmoe_s0_1e16,3,26,weighted,13017,15897.3,0.9197
s0_TEMPORAL,g3_tmoe_s0_1e16,3,26,static,13017,15987.2,0.9052
s0_TEMPORAL,g3_tmoe_s0_1e16,3,27,weighted,10958,15950.5,0.9143
s0_TEMPORAL,g3_tmoe_s0_1e16,3,27,static,10958,15989.9,0.9109
s0_TEMPORAL,g3_tmoe_s0_1e16,3,28,weighted,4313,15907.2,0.8819
s0_TEMPORAL,g3_tmoe_s0_1e16,3,28,static,4313,15989.5,0.8961
s0_TEMPORAL,g3_tmoe_s0_1e16,3,29,weighted,11597,15800.8,0.7194
s0_TEMPORAL,g3_tmoe_s0_1e16,3,29,static,11597,15989.5,0.8761
s0_TEMPORAL,g3_tmoe_s0_1e16,3,30,weighted,6084,15888.4,0.9185
s0_TEMPORAL,g3_tmoe_s0_1e16,3,30,static,6084,15987.3,0.769
s0_TEMPORAL,g3_tmoe_s0_1e16,3,31,weighted,8108,15929.7,0.9196
s0_TEMPORAL,g3_tmoe_s0_1e16,3,31,static,8108,15989.3,0.9496
s0_TEMPORAL,g3_tmoe_s0_1e16,3,32,weighted,14271,15945.3,0.9294
s0_TEMPORAL,g3_tmoe_s0_1e16,3,32,static,14271,15991.5,0.9038
s0_TEMPORAL,g3_tmoe_s0_1e16,3,33,weighted,11030,15980.7,0.8929
s0_TEMPORAL,g3_tmoe_s0_1e16,3,33,static,11030,15992.0,0.9195
s0_TEMPORAL,g3_tmoe_s0_1e16,3,34,weighted,12427,15888.5,0.9203
s0_TEMPORAL,g3_tmoe_s0_1e16,3,34,static,12427,15994.7,0.9161
s0_TEMPORAL,g3_tmoe_s0_1e16,3,35,weighted,10192,15920.5,0.9217
s0_TEMPORAL,g3_tmoe_s0_1e16,3,35,static,10192,15990.5,0.8851
s0_TEMPORAL,g3_tmoe_s0_1e16,3,36,weighted,13921,15888.8,0.875
s0_TEMPORAL,g3_tmoe_s0_1e16,3,36,static,13921,15988.9,0.876
s0_TEMPORAL,g3_tmoe_s0_1e16,3,37,weighted,10949,15888.7,0.9105
s0_TEMPORAL,g3_tmoe_s0_1e16,3,37,static,10949,15986.5,0.9143
s0_TEMPORAL,g3_tmoe_s0_1e16,3,38,weighted,10255,15905.4,0.8901
s0_TEMPORAL,g3_tmoe_s0_1e16,3,38,static,10255,15992.2,0.9064
s0_TEMPORAL,g3_tmoe_s0_1e16,3,39,weighted,13752,15857.7,0.9062
s0_TEMPORAL,g3_tmoe_s0_1e16,3,39,static,13752,15990.0,0.8859
s0_TEMPORAL,g3_tmoe_s0_1e16,3,40,weighted,14264,15986.5,0.8952
s0_TEMPORAL,g3_tmoe_s0_1e16,3,40,static,14264,15992.0,0.8472
s0_TEMPORAL,g3_tmoe_s0_1e16,3,41,weighted,12700,15924.3,0.9402
s0_TEMPORAL,g3_tmoe_s0_1e16,3,41,static,12700,15985.2,0.9048
s0_TEMPORAL,g3_tmoe_s0_1e16,3,42,weighted,16368,15951.2,0.9174
s0_TEMPORAL,g3_tmoe_s0_1e16,3,42,static,16368,15992.5,0.9047
s0_TEMPORAL,g3_tmoe_s0_1e16,3,43,weighted,14661,15933.7,0.9003
s0_TEMPORAL,g3_tmoe_s0_1e16,3,43,static,14661,15982.0,0.881
s0_TEMPORAL,g3_tmoe_s0_1e16,3,44,weighted,10099,15953.6,0.887
s0_TEMPORAL,g3_tmoe_s0_1e16,3,44,static,10099,15988.2,0.8985
s0_TEMPORAL,g3_tmoe_s0_1e16,3,45,weighted,10268,15960.8,0.8917
s0_TEMPORAL,g3_tmoe_s0_1e16,3,45,static,10268,15988.4,0.9175
s0_TEMPORAL,g3_tmoe_s0_1e16,3,46,weighted,12500,15974.4,0.9129
s0_TEMPORAL,g3_tmoe_s0_1e16,3,46,static,12500,15994.3,0.9016
s0_TEMPORAL,g3_tmoe_s0_1e16,3,47,weighted,13821,15976.3,0.8799
s0_TEMPORAL,g3_tmoe_s0_1e16,3,47,static,13821,15995.4,0.891
s0_TEMPORAL,g3_tmoe_s0_1e16,3,48,weighted,9046,15992.0,0.7422
s0_TEMPORAL,g3_tmoe_s0_1e16,3,48,static,9046,15995.6,0.873
s0_TEMPORAL,g3_tmoe_s0_1e16,3,49,weighted,20334,15949.7,0.9437
s0_TEMPORAL,g3_tmoe_s0_1e16,3,49,static,20334,15989.4,0.8736
s0_TEMPORAL,g3_tmoe_s0_1e16,3,50,weighted,2132,15950.2,0.8564
s0_TEMPORAL,g3_tmoe_s0_1e16,3,50,static,2132,15985.0,0.8796
s0_TEMPORAL,g3_tmoe_s0_1e16,3,51,weighted,8539,15896.4,0.8815
s0_TEMPORAL,g3_tmoe_s0_1e16,3,51,static,8539,15982.1,0.8935
s0_TEMPORAL,g3_tmoe_s0_1e16,3,52,weighted,16604,15951.0,0.9189
s0_TEMPORAL,g3_tmoe_s0_1e16,3,52,static,16604,15991.3,0.8866
s0_TEMPORAL,g3_tmoe_s0_1e16,3,53,weighted,11502,15936.7,0.9089
s0_TEMPORAL,g3_tmoe_s0_1e16,3,53,static,11502,15991.6,0.8488
s0_TEMPORAL,g3_tmoe_s0_1e16,3,54,weighted,12909,15957.0,0.8927
s0_TEMPORAL,g3_tmoe_s0_1e16,3,54,static,12909,15986.0,0.8796
s0_TEMPORAL,g3_tmoe_s0_1e16,3,55,weighted,10445,15955.1,0.8542
s0_TEMPORAL,g3_tmoe_s0_1e16,3,55,static,10445,15994.3,0.9209
s0_TEMPORAL,g3_tmoe_s0_1e16,3,56,weighted,10741,15932.4,0.8973
s0_TEMPORAL,g3_tmoe_s0_1e16,3,56,static,10741,15990.7,0.883
s0_TEMPORAL,g3_tmoe_s0_1e16,3,57,weighted,17402,15877.1,0.9364
s0_TEMPORAL,g3_tmoe_s0_1e16,3,57,static,17402,15985.0,0.7987
s0_TEMPORAL,g3_tmoe_s0_1e16,3,58,weighted,11184,15896.4,0.9107
s0_TEMPORAL,g3_tmoe_s0_1e16,3,58,static,11184,15988.7,0.9022
s0_TEMPORAL,g3_tmoe_s0_1e16,3,59,weighted,16055,15911.0,0.9236
s0_TEMPORAL,g3_tmoe_s0_1e16,3,59,static,16055,15989.6,0.9074
s0_TEMPORAL,g3_tmoe_s0_1e16,3,60,weighted,9180,15889.3,0.9303
s0_TEMPORAL,g3_tmoe_s0_1e16,3,60,static,9180,15988.2,0.8761
s0_TEMPORAL,g3_tmoe_s0_1e16,3,61,weighted,13973,15906.0,0.8602
s0_TEMPORAL,g3_tmoe_s0_1e16,3,61,static,13973,15991.6,0.8601
s0_TEMPORAL,g3_tmoe_s0_1e16,3,62,weighted,8247,15906.5,0.9443
s0_TEMPORAL,g3_tmoe_s0_1e16,3,62,static,8247,15986.1,0.9196
s0_TEMPORAL,g3_tmoe_s0_1e16,3,63,weighted,12943,15963.9,0.8788
s0_TEMPORAL,g3_tmoe_s0_1e16,3,63,static,12943,15988.8,0.8775
s0_TEMPORAL,g3_tmoe_s0_1e16,3,64,weighted,10238,15896.8,0.9223
s0_TEMPORAL,g3_tmoe_s0_1e16,3,64,static,10238,15990.4,0.9182
s0_TEMPORAL,g3_tmoe_s0_1e16,3,65,weighted,10416,15966.2,0.9222
s0_TEMPORAL,g3_tmoe_s0_1e16,3,65,static,10416,15991.2,0.879
s0_TEMPORAL,g3_tmoe_s0_1e16,3,66,weighted,12489,15951.3,0.9114
s0_TEMPORAL,g3_tmoe_s0_1e16,3,66,static,12489,15990.7,0.9194
s0_TEMPORAL,g3_tmoe_s0_1e16,3,67,weighted,9151,15832.5,0.8896
s0_TEMPORAL,g3_tmoe_s0_1e16,3,67,static,9151,15987.6,0.8978
s0_TEMPORAL,g3_tmoe_s0_1e16,3,68,weighted,12661,15900.6,0.9369
s0_TEMPORAL,g3_tmoe_s0_1e16,3,68,static,12661,15988.1,0.8816
s0_TEMPORAL,g3_tmoe_s0_1e16,3,69,weighted,11576,15952.8,0.9047
s0_TEMPORAL,g3_tmoe_s0_1e16,3,69,static,11576,15986.7,0.8615
s0_TEMPORAL,g3_tmoe_s0_1e16,3,70,weighted,8074,15952.6,0.8575
s0_TEMPORAL,g3_tmoe_s0_1e16,3,70,static,8074,15986.9,0.877
s0_TEMPORAL,g3_tmoe_s0_1e16,3,71,weighted,14216,15961.7,0.8956
s0_TEMPORAL,g3_tmoe_s0_1e16,3,71,static,14216,15992.2,0.8978
s0_TEMPORAL,g3_tmoe_s0_1e16,3,72,weighted,9613,15989.4,0.9186
s0_TEMPORAL,g3_tmoe_s0_1e16,3,72,static,9613,15995.5,0.847
s0_TEMPORAL,g3_tmoe_s0_1e16,3,73,weighted,12028,15988.2,0.8297
s0_TEMPORAL,g3_tmoe_s0_1e16,3,73,static,12028,15994.7,0.9424
s0_TEMPORAL,g3_tmoe_s0_1e16,3,74,weighted,11134,15879.4,0.9266
s0_TEMPORAL,g3_tmoe_s0_1e16,3,74,static,11134,15991.1,0.9199
s0_TEMPORAL,g3_tmoe_s0_1e16,3,75,weighted,11552,15964.0,0.9209
s0_TEMPORAL,g3_tmoe_s0_1e16,3,75,static,11552,15979.3,0.8668
s0_TEMPORAL,g3_tmoe_s0_1e16,3,76,weighted,13582,15870.8,0.939
s0_TEMPORAL,g3_tmoe_s0_1e16,3,76,static,13582,15991.9,0.9079
s0_TEMPORAL,g3_tmoe_s0_1e16,3,77,weighted,10573,15909.1,0.9189
s0_TEMPORAL,g3_tmoe_s0_1e16,3,77,static,10573,15985.8,0.8944
s0_TEMPORAL,g3_tmoe_s0_1e16,3,78,weighted,17610,15968.7,0.9409
s0_TEMPORAL,g3_tmoe_s0_1e16,3,78,static,17610,15993.8,0.895
s0_TEMPORAL,g3_tmoe_s0_1e16,3,79,weighted,9360,15970.5,0.9087
s0_TEMPORAL,g3_tmoe_s0_1e16,3,79,static,9360,15990.1,0.9368
s0_TEMPORAL,g3_tmoe_s0_1e16,3,80,weighted,10293,15975.5,0.7992
s0_TEMPORAL,g3_tmoe_s0_1e16,3,80,static,10293,15993.3,0.887
s0_TEMPORAL,g3_tmoe_s0_1e16,3,81,weighted,10329,15929.2,0.9196
s0_TEMPORAL,g3_tmoe_s0_1e16,3,81,static,10329,15990.5,0.8753
s0_TEMPORAL,g3_tmoe_s0_1e16,3,82,weighted,11512,15962.8,0.8821
s0_TEMPORAL,g3_tmoe_s0_1e16,3,82,static,11512,15987.6,0.8718
s0_TEMPORAL,g3_tmoe_s0_1e16,3,83,weighted,5896,15977.8,0.9155
s0_TEMPORAL,g3_tmoe_s0_1e16,3,83,static,5896,15980.3,0.8451
s0_TEMPORAL,g3_tmoe_s0_1e16,3,84,weighted,16472,15887.8,0.9173
s0_TEMPORAL,g3_tmoe_s0_1e16,3,84,static,16472,15991.6,0.9055
s0_TEMPORAL,g3_tmoe_s0_1e16,3,85,weighted,17161,15936.0,0.8162
s0_TEMPORAL,g3_tmoe_s0_1e16,3,85,static,17161,15993.4,0.842
s0_TEMPORAL,g3_tmoe_s0_1e16,3,86,weighted,10711,15837.8,0.881
s0_TEMPORAL,g3_tmoe_s0_1e16,3,86,static,10711,15985.1,0.9014
s0_TEMPORAL,g3_tmoe_s0_1e16,3,87,weighted,11533,15109.8,0.9374
s0_TEMPORAL,g3_tmoe_s0_1e16,3,87,static,11533,15990.3,0.8426
s0_TEMPORAL,g3_tmoe_s0_1e16,3,88,weighted,19888,15947.5,0.933
s0_TEMPORAL,g3_tmoe_s0_1e16,3,88,static,19888,15994.3,0.8938
s0_TEMPORAL,g3_tmoe_s0_1e16,3,89,weighted,19072,15974.2,0.8942
s0_TEMPORAL,g3_tmoe_s0_1e16,3,89,static,19072,15992.2,0.9257
s0_TEMPORAL,g3_tmoe_s0_1e16,3,90,weighted,12513,15898.1,0.9266
s0_TEMPORAL,g3_tmoe_s0_1e16,3,90,static,12513,15986.8,0.8757
s0_TEMPORAL,g3_tmoe_s0_1e16,3,91,weighted,12588,15869.8,0.8335
s0_TEMPORAL,g3_tmoe_s0_1e16,3,91,static,12588,15990.6,0.9054
s0_TEMPORAL,g3_tmoe_s0_1e16,3,92,weighted,10414,15939.8,0.8523
s0_TEMPORAL,g3_tmoe_s0_1e16,3,92,static,10414,15988.9,0.9227
s0_TEMPORAL,g3_tmoe_s0_1e16,3,93,weighted,10528,15940.9,0.8847
s0_TEMPORAL,g3_tmoe_s0_1e16,3,93,static,10528,15991.0,0.8778
s0_TEMPORAL,g3_tmoe_s0_1e16,3,94,weighted,12737,15945.3,0.8852
s0_TEMPORAL,g3_tmoe_s0_1e16,3,94,static,12737,15987.6,0.894
s0_TEMPORAL,g3_tmoe_s0_1e16,3,95,weighted,6721,15867.5,0.9305
s0_TEMPORAL,g3_tmoe_s0_1e16,3,95,static,6721,15990.0,0.8584
s0_TEMPORAL,g3_tmoe_s0_1e16,3,96,weighted,9576,15836.7,0.9525
s0_TEMPORAL,g3_tmoe_s0_1e16,3,96,static,9576,15989.2,0.897
s0_TEMPORAL,g3_tmoe_s0_1e16,3,97,weighted,6180,15921.0,0.9113
s0_TEMPORAL,g3_tmoe_s0_1e16,3,97,static,6180,15981.4,0.8723
s0_TEMPORAL,g3_tmoe_s0_1e16,3,98,weighted,13005,15917.5,0.9222
s0_TEMPORAL,g3_tmoe_s0_1e16,3,98,static,13005,15992.2,0.8765
s0_TEMPORAL,g3_tmoe_s0_1e16,3,99,weighted,11702,15807.6,0.8974
s0_TEMPORAL,g3_tmoe_s0_1e16,3,99,static,11702,15992.0,0.8842
s0_TEMPORAL,g3_tmoe_s0_1e16,3,100,weighted,10476,15954.9,0.8886
s0_TEMPORAL,g3_tmoe_s0_1e16,3,100,static,10476,15995.6,0.898
s0_TEMPORAL,g3_tmoe_s0_1e16,3,101,weighted,15576,15537.5,0.9342
s0_TEMPORAL,g3_tmoe_s0_1e16,3,101,static,15576,15983.4,0.9234
s0_TEMPORAL,g3_tmoe_s0_1e16,3,102,weighted,12494,15889.6,0.8926
s0_TEMPORAL,g3_tmoe_s0_1e16,3,102,static,12494,15990.6,0.9427
s0_TEMPORAL,g3_tmoe_s0_1e16,3,103,weighted,9744,15958.9,0.9295
s0_TEMPORAL,g3_tmoe_s0_1e16,3,103,static,9744,15991.9,0.8452
s0_TEMPORAL,g3_tmoe_s0_1e16,3,104,weighted,10616,15946.6,0.8572
s0_TEMPORAL,g3_tmoe_s0_1e16,3,104,static,10616,15986.5,0.8689
s0_TEMPORAL,g3_tmoe_s0_1e16,3,105,weighted,17640,15972.4,0.9297
s0_TEMPORAL,g3_tmoe_s0_1e16,3,105,static,17640,15992.9,0.8679
s0_TEMPORAL,g3_tmoe_s0_1e16,3,106,weighted,15408,15894.8,0.9223
s0_TEMPORAL,g3_tmoe_s0_1e16,3,106,static,15408,15982.2,0.876
s0_TEMPORAL,g3_tmoe_s0_1e16,3,107,weighted,18859,15966.8,0.9472
s0_TEMPORAL,g3_tmoe_s0_1e16,3,107,static,18859,15985.1,0.6918
s0_TEMPORAL,g3_tmoe_s0_1e16,3,108,weighted,11574,15899.5,0.9388
s0_TEMPORAL,g3_tmoe_s0_1e16,3,108,static,11574,15991.8,0.8526
s0_TEMPORAL,g3_tmoe_s0_1e16,3,109,weighted,22605,15954.5,0.8933
s0_TEMPORAL,g3_tmoe_s0_1e16,3,109,static,22605,15991.4,0.8647
s0_TEMPORAL,g3_tmoe_s0_1e16,3,110,weighted,8293,15935.7,0.9405
s0_TEMPORAL,g3_tmoe_s0_1e16,3,110,static,8293,15990.5,0.9074
s0_TEMPORAL,g3_tmoe_s0_1e16,3,111,weighted,12259,15742.3,0.8913
s0_TEMPORAL,g3_tmoe_s0_1e16,3,111,static,12259,15989.1,0.9021
s0_TEMPORAL,g3_tmoe_s0_1e16,3,112,weighted,21213,15881.7,0.8716
s0_TEMPORAL,g3_tmoe_s0_1e16,3,112,static,21213,15994.3,0.901
s0_TEMPORAL,g3_tmoe_s0_1e16,3,113,weighted,17019,15957.0,0.8557
s0_TEMPORAL,g3_tmoe_s0_1e16,3,113,static,17019,15989.1,0.9283
s0_TEMPORAL,g3_tmoe_s0_1e16,3,114,weighted,13271,15987.9,0.9211
s0_TEMPORAL,g3_tmoe_s0_1e16,3,114,static,13271,15996.1,0.8898
s0_TEMPORAL,g3_tmoe_s0_1e16,3,115,weighted,16742,15925.6,0.9196
s0_TEMPORAL,g3_tmoe_s0_1e16,3,115,static,16742,15992.9,0.894
s0_TEMPORAL,g3_tmoe_s0_1e16,3,116,weighted,9599,15914.1,0.8598
s0_TEMPORAL,g3_tmoe_s0_1e16,3,116,static,9599,15987.8,0.9077
s0_TEMPORAL,g3_tmoe_s0_1e16,3,117,weighted,6894,15860.6,0.9181
s0_TEMPORAL,g3_tmoe_s0_1e16,3,117,static,6894,15982.6,0.873
s0_TEMPORAL,g3_tmoe_s0_1e16,3,118,weighted,8868,15920.0,0.9287
s0_TEMPORAL,g3_tmoe_s0_1e16,3,118,static,8868,15984.6,0.818
s0_TEMPORAL,g3_tmoe_s0_1e16,3,119,weighted,13236,15959.7,0.8503
s0_TEMPORAL,g3_tmoe_s0_1e16,3,119,static,13236,15990.7,0.9221
s0_TEMPORAL,g3_tmoe_s0_1e16,3,120,weighted,15514,15964.1,0.8281
s0_TEMPORAL,g3_tmoe_s0_1e16,3,120,static,15514,15982.8,0.8819
s0_TEMPORAL,g3_tmoe_s0_1e16,3,121,weighted,12678,15945.2,0.9101
s0_TEMPORAL,g3_tmoe_s0_1e16,3,121,static,12678,15990.0,0.8893
s0_TEMPORAL,g3_tmoe_s0_1e16,3,122,weighted,8017,15867.7,0.9113
s0_TEMPORAL,g3_tmoe_s0_1e16,3,122,static,8017,15988.7,0.8744
s0_TEMPORAL,g3_tmoe_s0_1e16,3,123,weighted,15135,15974.7,0.8605
s0_TEMPORAL,g3_tmoe_s0_1e16,3,123,static,15135,15993.5,0.8884
s0_TEMPORAL,g3_tmoe_s0_1e16,3,124,weighted,8801,15932.7,0.8406
s0_TEMPORAL,g3_tmoe_s0_1e16,3,124,static,8801,15987.2,0.8746
s0_TEMPORAL,g3_tmoe_s0_1e16,3,125,weighted,11088,15836.0,0.9166
s0_TEMPORAL,g3_tmoe_s0_1e16,3,125,static,11088,15985.9,0.8514
s0_TEMPORAL,g3_tmoe_s0_1e16,3,126,weighted,12076,15982.1,0.8742
s0_TEMPORAL,g3_tmoe_s0_1e16,3,126,static,12076,15996.7,0.8388
s0_TEMPORAL,g3_tmoe_s0_1e16,3,127,weighted,16950,15972.5,0.9426
s0_TEMPORAL,g3_tmoe_s0_1e16,3,127,static,16950,15994.0,0.8844
s0_TEMPORAL,g3_tmoe_s0_1e16,3,128,weighted,13411,15973.9,0.9135
s0_TEMPORAL,g3_tmoe_s0_1e16,3,128,static,13411,15993.8,0.8803
s0_TEMPORAL,g3_tmoe_s0_1e16,3,129,weighted,15618,15975.2,0.928
s0_TEMPORAL,g3_tmoe_s0_1e16,3,129,static,15618,15992.2,0.8526
s0_TEMPORAL,g3_tmoe_s0_1e16,3,130,weighted,10702,15951.3,0.9265
s0_TEMPORAL,g3_tmoe_s0_1e16,3,130,static,10702,15990.8,0.8461
s0_TEMPORAL,g3_tmoe_s0_1e16,3,131,weighted,13648,15962.9,0.8886
s0_TEMPORAL,g3_tmoe_s0_1e16,3,131,static,13648,15988.9,0.9438
s0_TEMPORAL,g3_tmoe_s0_1e16,3,132,weighted,13386,15956.5,0.9305
s0_TEMPORAL,g3_tmoe_s0_1e16,3,132,static,13386,15986.0,0.8861
s0_TEMPORAL,g3_tmoe_s0_1e16,3,133,weighted,5764,15960.1,0.9052
s0_TEMPORAL,g3_tmoe_s0_1e16,3,133,static,5764,15988.1,0.8733
s0_TEMPORAL,g3_tmoe_s0_1e16,3,134,weighted,10517,15951.3,0.9059
s0_TEMPORAL,g3_tmoe_s0_1e16,3,134,static,10517,15993.3,0.9052
s0_TEMPORAL,g3_tmoe_s0_1e16,3,135,weighted,13690,15927.5,0.9238
s0_TEMPORAL,g3_tmoe_s0_1e16,3,135,static,13690,15990.1,0.8913
s0_TEMPORAL,g3_tmoe_s0_1e16,3,136,weighted,11633,15954.9,0.9427
s0_TEMPORAL,g3_tmoe_s0_1e16,3,136,static,11633,15985.7,0.8508
s0_TEMPORAL,g3_tmoe_s0_1e16,3,137,weighted,9466,15911.6,0.907
s0_TEMPORAL,g3_tmoe_s0_1e16,3,137,static,9466,15991.5,0.8907
s0_TEMPORAL,g3_tmoe_s0_1e16,3,138,weighted,18615,15911.9,0.8838
s0_TEMPORAL,g3_tmoe_s0_1e16,3,138,static,18615,15991.7,0.8793
s0_TEMPORAL,g3_tmoe_s0_1e16,3,139,weighted,12167,15926.9,0.9334
s0_TEMPORAL,g3_tmoe_s0_1e16,3,139,static,12167,15985.5,0.9028
s0_TEMPORAL,g3_tmoe_s0_1e16,3,140,weighted,15262,15835.0,0.9006
s0_TEMPORAL,g3_tmoe_s0_1e16,3,140,static,15262,15987.8,0.898
s0_TEMPORAL,g3_tmoe_s0_1e16,3,141,weighted,8040,15946.7,0.9131
s0_TEMPORAL,g3_tmoe_s0_1e16,3,141,static,8040,15986.8,0.8991
s0_TEMPORAL,g3_tmoe_s0_1e16,3,142,weighted,6783,15918.1,0.9135
s0_TEMPORAL,g3_tmoe_s0_1e16,3,142,static,6783,15988.9,0.9141
s0_TEMPORAL,g3_tmoe_s0_1e16,3,143,weighted,11454,15983.2,0.9029
s0_TEMPORAL,g3_tmoe_s0_1e16,3,143,static,11454,15990.0,0.8967
s0_TEMPORAL,g3_tmoe_s0_1e16,3,144,weighted,11712,15953.2,0.9164
s0_TEMPORAL,g3_tmoe_s0_1e16,3,144,static,11712,15993.0,0.8714
s0_TEMPORAL,g3_tmoe_s0_1e16,3,145,weighted,11491,15966.2,0.9171
s0_TEMPORAL,g3_tmoe_s0_1e16,3,145,static,11491,15991.3,0.8771
s0_TEMPORAL,g3_tmoe_s0_1e16,3,146,weighted,15523,15990.9,0.8221
s0_TEMPORAL,g3_tmoe_s0_1e16,3,146,static,15523,15995.6,0.8841
s0_TEMPORAL,g3_tmoe_s0_1e16,3,147,weighted,18686,15828.5,0.9328
s0_TEMPORAL,g3_tmoe_s0_1e16,3,147,static,18686,15997.4,0.8774
s0_TEMPORAL,g3_tmoe_s0_1e16,3,148,weighted,8133,15813.4,0.9455
s0_TEMPORAL,g3_tmoe_s0_1e16,3,148,static,8133,15983.7,0.9214
s0_TEMPORAL,g3_tmoe_s0_1e16,3,149,weighted,17395,15994.6,0.9163
s0_TEMPORAL,g3_tmoe_s0_1e16,3,149,static,17395,15997.1,0.7703
s0_TEMPORAL,g3_tmoe_s0_1e16,3,150,weighted,17122,15819.4,0.9333
s0_TEMPORAL,g3_tmoe_s0_1e16,3,150,static,17122,15986.6,0.8349
s0_TEMPORAL,g3_tmoe_s0_1e16,3,151,weighted,14736,15938.4,0.9079
s0_TEMPORAL,g3_tmoe_s0_1e16,3,151,static,14736,15992.6,0.8619
s0_TEMPORAL,g3_tmoe_s0_1e16,3,152,weighted,22299,15955.4,0.9076
s0_TEMPORAL,g3_tmoe_s0_1e16,3,152,static,22299,15992.9,0.851
s0_TEMPORAL,g3_tmoe_s0_1e16,3,153,weighted,12190,15804.6,0.9438
s0_TEMPORAL,g3_tmoe_s0_1e16,3,153,static,12190,15986.2,0.8584
s0_TEMPORAL,g3_tmoe_s0_1e16,3,154,weighted,16052,15965.5,0.919
s0_TEMPORAL,g3_tmoe_s0_1e16,3,154,static,16052,15993.9,0.9045
s0_TEMPORAL,g3_tmoe_s0_1e16,3,155,weighted,10931,15951.8,0.8722
s0_TEMPORAL,g3_tmoe_s0_1e16,3,155,static,10931,15990.3,0.8781
s0_TEMPORAL,g3_tmoe_s0_1e16,3,156,weighted,13185,15902.1,0.9333
s0_TEMPORAL,g3_tmoe_s0_1e16,3,156,static,13185,15989.3,0.9234
s0_TEMPORAL,g3_tmoe_s0_1e16,3,157,weighted,8857,15975.6,0.9318
s0_TEMPORAL,g3_tmoe_s0_1e16,3,157,static,8857,15990.4,0.9036
s0_TEMPORAL,g3_tmoe_s0_1e16,3,158,weighted,13639,15942.9,0.9026
s0_TEMPORAL,g3_tmoe_s0_1e16,3,158,static,13639,15986.1,0.8863
s0_TEMPORAL,g3_tmoe_s0_1e16,3,159,weighted,14866,15855.3,0.9431
s0_TEMPORAL,g3_tmoe_s0_1e16,3,159,static,14866,15989.6,0.8969
s0_TEMPORAL,g3_tmoe_s0_1e16,3,160,weighted,10915,15896.6,0.9215
s0_TEMPORAL,g3_tmoe_s0_1e16,3,160,static,10915,15986.4,0.9022
s0_TEMPORAL,g3_tmoe_s0_1e16,3,161,weighted,10884,15981.9,0.8812
s0_TEMPORAL,g3_tmoe_s0_1e16,3,161,static,10884,15990.7,0.8761
s0_TEMPORAL,g3_tmoe_s0_1e16,3,162,weighted,12228,15928.8,0.8959
s0_TEMPORAL,g3_tmoe_s0_1e16,3,162,static,12228,15987.6,0.8658
s0_TEMPORAL,g3_tmoe_s0_1e16,3,163,weighted,7125,15952.3,0.9244
s0_TEMPORAL,g3_tmoe_s0_1e16,3,163,static,7125,15989.8,0.9274
s0_TEMPORAL,g3_tmoe_s0_1e16,3,164,weighted,11477,15929.3,0.9093
s0_TEMPORAL,g3_tmoe_s0_1e16,3,164,static,11477,15987.9,0.9043
s0_TEMPORAL,g3_tmoe_s0_1e16,3,165,weighted,12396,15868.1,0.9172
s0_TEMPORAL,g3_tmoe_s0_1e16,3,165,static,12396,15987.5,0.8917
s0_TEMPORAL,g3_tmoe_s0_1e16,3,166,weighted,5258,15958.2,0.8964
s0_TEMPORAL,g3_tmoe_s0_1e16,3,166,static,5258,15982.4,0.9093
s0_TEMPORAL,g3_tmoe_s0_1e16,3,167,weighted,14933,15995.8,0.8897
s0_TEMPORAL,g3_tmoe_s0_1e16,3,167,static,14933,15998.1,0.9145
s0_TEMPORAL,g3_tmoe_s0_1e16,3,168,weighted,13546,15923.3,0.944
s0_TEMPORAL,g3_tmoe_s0_1e16,3,168,static,13546,15988.6,0.9069
s0_TEMPORAL,g3_tmoe_s0_1e16,3,169,weighted,7922,15974.7,0.8961
s0_TEMPORAL,g3_tmoe_s0_1e16,3,169,static,7922,15983.5,0.8801
s0_TEMPORAL,g3_tmoe_s0_1e16,3,170,weighted,13700,15870.1,0.901
s0_TEMPORAL,g3_tmoe_s0_1e16,3,170,static,13700,15984.0,0.8579
s0_TEMPORAL,g3_tmoe_s0_1e16,3,171,weighted,15155,15969.2,0.9274
s0_TEMPORAL,g3_tmoe_s0_1e16,3,171,static,15155,15992.6,0.8821
s0_TEMPORAL,g3_tmoe_s0_1e16,3,172,weighted,13205,15961.9,0.8483
s0_TEMPORAL,g3_tmoe_s0_1e16,3,172,static,13205,15996.1,0.8992
s0_TEMPORAL,g3_tmoe_s0_1e16,3,173,weighted,13512,15961.8,0.871
s0_TEMPORAL,g3_tmoe_s0_1e16,3,173,static,13512,15991.1,0.8888
s0_TEMPORAL,g3_tmoe_s0_1e16,3,174,weighted,14138,15921.7,0.7513
s0_TEMPORAL,g3_tmoe_s0_1e16,3,174,static,14138,15994.5,0.893
s0_TEMPORAL,g3_tmoe_s0_1e16,3,175,weighted,12975,15937.3,0.9186
s0_TEMPORAL,g3_tmoe_s0_1e16,3,175,static,12975,15984.8,0.9027
s0_TEMPORAL,g3_tmoe_s0_1e16,3,176,weighted,11371,15992.7,0.8891
s0_TEMPORAL,g3_tmoe_s0_1e16,3,176,static,11371,15993.6,0.8753
s0_TEMPORAL,g3_tmoe_s0_1e16,3,177,weighted,10715,15841.3,0.9356
s0_TEMPORAL,g3_tmoe_s0_1e16,3,177,static,10715,15989.5,0.8997
s0_TEMPORAL,g3_tmoe_s0_1e16,3,178,weighted,16186,15959.3,0.9175
s0_TEMPORAL,g3_tmoe_s0_1e16,3,178,static,16186,15993.5,0.8616
s0_TEMPORAL,g3_tmoe_s0_1e16,3,179,weighted,11769,15961.3,0.9182
s0_TEMPORAL,g3_tmoe_s0_1e16,3,179,static,11769,15994.4,0.9109
s0_TEMPORAL,g3_tmoe_s0_1e16,3,180,weighted,15411,15953.5,0.862
s0_TEMPORAL,g3_tmoe_s0_1e16,3,180,static,15411,15990.4,0.8259
s0_TEMPORAL,g3_tmoe_s0_1e16,3,181,weighted,12797,15931.4,0.8513
s0_TEMPORAL,g3_tmoe_s0_1e16,3,181,static,12797,15993.4,0.9422
s0_TEMPORAL,g3_tmoe_s0_1e16,3,182,weighted,11995,15950.8,0.8782
s0_TEMPORAL,g3_tmoe_s0_1e16,3,182,static,11995,15990.6,0.8672
s0_TEMPORAL,g3_tmoe_s0_1e16,3,183,weighted,11132,15975.0,0.9043
s0_TEMPORAL,g3_tmoe_s0_1e16,3,183,static,11132,15994.3,0.8866
s0_TEMPORAL,g3_tmoe_s0_1e16,3,184,weighted,11055,15975.7,0.9098
s0_TEMPORAL,g3_tmoe_s0_1e16,3,184,static,11055,15989.9,0.9082
s0_TEMPORAL,g3_tmoe_s0_1e16,3,185,weighted,5169,15953.9,0.9315
s0_TEMPORAL,g3_tmoe_s0_1e16,3,185,static,5169,15989.4,0.8964
s0_TEMPORAL,g3_tmoe_s0_1e16,3,186,weighted,14219,15952.9,0.9003
s0_TEMPORAL,g3_tmoe_s0_1e16,3,186,static,14219,15994.1,0.8376
s0_TEMPORAL,g3_tmoe_s0_1e16,3,187,weighted,15308,15910.1,0.8973
s0_TEMPORAL,g3_tmoe_s0_1e16,3,187,static,15308,15978.9,0.8933
s0_TEMPORAL,g3_tmoe_s0_1e16,3,188,weighted,13378,15657.3,0.9126
s0_TEMPORAL,g3_tmoe_s0_1e16,3,188,static,13378,15987.5,0.8596
s0_TEMPORAL,g3_tmoe_s0_1e16,3,189,weighted,12289,15885.5,0.9466
s0_TEMPORAL,g3_tmoe_s0_1e16,3,189,static,12289,15989.8,0.8819
s0_TEMPORAL,g3_tmoe_s0_1e16,3,190,weighted,13912,15979.8,0.9183
s0_TEMPORAL,g3_tmoe_s0_1e16,3,190,static,13912,15992.8,0.9143
s0_TEMPORAL,g3_tmoe_s0_1e16,3,191,weighted,12446,15910.4,0.9181
s0_TEMPORAL,g3_tmoe_s0_1e16,3,191,static,12446,15991.9,0.9497
s0_TEMPORAL,g3_tmoe_s0_1e16,4,0,weighted,16160,15746.4,0.9404
s0_TEMPORAL,g3_tmoe_s0_1e16,4,0,static,16160,15995.3,0.9045
s0_TEMPORAL,g3_tmoe_s0_1e16,4,1,weighted,12102,15747.1,0.9001
s0_TEMPORAL,g3_tmoe_s0_1e16,4,1,static,12102,15990.0,0.892
s0_TEMPORAL,g3_tmoe_s0_1e16,4,2,weighted,9288,14830.5,0.8986
s0_TEMPORAL,g3_tmoe_s0_1e16,4,2,static,9288,15989.9,0.854
s0_TEMPORAL,g3_tmoe_s0_1e16,4,3,weighted,9756,15133.2,0.8817
s0_TEMPORAL,g3_tmoe_s0_1e16,4,3,static,9756,15977.8,0.8054
s0_TEMPORAL,g3_tmoe_s0_1e16,4,4,weighted,11468,15867.9,0.9097
s0_TEMPORAL,g3_tmoe_s0_1e16,4,4,static,11468,15989.1,0.9185
s0_TEMPORAL,g3_tmoe_s0_1e16,4,5,weighted,17834,15791.0,0.8618
s0_TEMPORAL,g3_tmoe_s0_1e16,4,5,static,17834,15992.6,0.9005
s0_TEMPORAL,g3_tmoe_s0_1e16,4,6,weighted,11772,15764.3,0.8462
s0_TEMPORAL,g3_tmoe_s0_1e16,4,6,static,11772,15994.4,0.8948
s0_TEMPORAL,g3_tmoe_s0_1e16,4,7,weighted,11587,15523.1,0.8534
s0_TEMPORAL,g3_tmoe_s0_1e16,4,7,static,11587,15990.3,0.9009
s0_TEMPORAL,g3_tmoe_s0_1e16,4,8,weighted,11218,15327.6,0.8132
s0_TEMPORAL,g3_tmoe_s0_1e16,4,8,static,11218,15989.2,0.8875
s0_TEMPORAL,g3_tmoe_s0_1e16,4,9,weighted,12510,14665.0,0.9071
s0_TEMPORAL,g3_tmoe_s0_1e16,4,9,static,12510,15983.5,0.9079
s0_TEMPORAL,g3_tmoe_s0_1e16,4,10,weighted,10833,15830.2,0.9113
s0_TEMPORAL,g3_tmoe_s0_1e16,4,10,static,10833,15989.2,0.9127
s0_TEMPORAL,g3_tmoe_s0_1e16,4,11,weighted,11090,15282.5,0.9032
s0_TEMPORAL,g3_tmoe_s0_1e16,4,11,static,11090,15985.2,0.9202
s0_TEMPORAL,g3_tmoe_s0_1e16,4,12,weighted,15680,15654.2,0.9161
s0_TEMPORAL,g3_tmoe_s0_1e16,4,12,static,15680,15984.3,0.9108
s0_TEMPORAL,g3_tmoe_s0_1e16,4,13,weighted,14249,14589.9,0.8801
s0_TEMPORAL,g3_tmoe_s0_1e16,4,13,static,14249,15990.8,0.8802
s0_TEMPORAL,g3_tmoe_s0_1e16,4,14,weighted,8151,15402.5,0.8993
s0_TEMPORAL,g3_tmoe_s0_1e16,4,14,static,8151,15983.9,0.9213
s0_TEMPORAL,g3_tmoe_s0_1e16,4,15,weighted,13328,15483.6,0.9009
s0_TEMPORAL,g3_tmoe_s0_1e16,4,15,static,13328,15983.3,0.8665
s0_TEMPORAL,g3_tmoe_s0_1e16,4,16,weighted,15284,14661.9,0.913
s0_TEMPORAL,g3_tmoe_s0_1e16,4,16,static,15284,15980.0,0.8413
s0_TEMPORAL,g3_tmoe_s0_1e16,4,17,weighted,14603,15691.7,0.8232
s0_TEMPORAL,g3_tmoe_s0_1e16,4,17,static,14603,15992.5,0.9286
s0_TEMPORAL,g3_tmoe_s0_1e16,4,18,weighted,15138,15742.9,0.8873
s0_TEMPORAL,g3_tmoe_s0_1e16,4,18,static,15138,15992.6,0.9161
s0_TEMPORAL,g3_tmoe_s0_1e16,4,19,weighted,7721,14933.7,0.9327
s0_TEMPORAL,g3_tmoe_s0_1e16,4,19,static,7721,15988.3,0.9
s0_TEMPORAL,g3_tmoe_s0_1e16,4,20,weighted,12345,15578.3,0.5699
s0_TEMPORAL,g3_tmoe_s0_1e16,4,20,static,12345,15988.4,0.8865
s0_TEMPORAL,g3_tmoe_s0_1e16,4,21,weighted,10382,15417.8,0.8491
s0_TEMPORAL,g3_tmoe_s0_1e16,4,21,static,10382,15987.9,0.8824
s0_TEMPORAL,g3_tmoe_s0_1e16,4,22,weighted,11887,15918.7,0.8999
s0_TEMPORAL,g3_tmoe_s0_1e16,4,22,static,11887,15991.9,0.8819
s0_TEMPORAL,g3_tmoe_s0_1e16,4,23,weighted,5064,15880.2,0.9243
s0_TEMPORAL,g3_tmoe_s0_1e16,4,23,static,5064,15980.8,0.8979
s0_TEMPORAL,g3_tmoe_s0_1e16,4,24,weighted,9811,15151.4,0.8741
s0_TEMPORAL,g3_tmoe_s0_1e16,4,24,static,9811,15989.5,0.8812
s0_TEMPORAL,g3_tmoe_s0_1e16,4,25,weighted,16187,15642.2,0.8593
s0_TEMPORAL,g3_tmoe_s0_1e16,4,25,static,16187,15989.4,0.8822
s0_TEMPORAL,g3_tmoe_s0_1e16,4,26,weighted,12298,15431.8,0.8666
s0_TEMPORAL,g3_tmoe_s0_1e16,4,26,static,12298,15985.7,0.8723
s0_TEMPORAL,g3_tmoe_s0_1e16,4,27,weighted,6706,15888.0,0.8773
s0_TEMPORAL,g3_tmoe_s0_1e16,4,27,static,6706,15989.7,0.8797
s0_TEMPORAL,g3_tmoe_s0_1e16,4,28,weighted,11940,15857.2,0.8786
s0_TEMPORAL,g3_tmoe_s0_1e16,4,28,static,11940,15993.1,0.9001
s0_TEMPORAL,g3_tmoe_s0_1e16,4,29,weighted,5201,15867.0,0.928
s0_TEMPORAL,g3_tmoe_s0_1e16,4,29,static,5201,15988.1,0.8946
s0_TEMPORAL,g3_tmoe_s0_1e16,4,30,weighted,12147,15814.9,0.9177
s0_TEMPORAL,g3_tmoe_s0_1e16,4,30,static,12147,15986.5,0.8924
s0_TEMPORAL,g3_tmoe_s0_1e16,4,31,weighted,10845,15590.9,0.7801
s0_TEMPORAL,g3_tmoe_s0_1e16,4,31,static,10845,15987.7,0.8503
s0_TEMPORAL,g3_tmoe_s0_1e16,4,32,weighted,13693,15454.4,0.7968
s0_TEMPORAL,g3_tmoe_s0_1e16,4,32,static,13693,15990.1,0.875
s0_TEMPORAL,g3_tmoe_s0_1e16,4,33,weighted,13512,15301.6,0.8822
s0_TEMPORAL,g3_tmoe_s0_1e16,4,33,static,13512,15992.4,0.8659
s0_TEMPORAL,g3_tmoe_s0_1e16,4,34,weighted,15970,15121.0,0.8974
s0_TEMPORAL,g3_tmoe_s0_1e16,4,34,static,15970,15983.8,0.8873
s0_TEMPORAL,g3_tmoe_s0_1e16,4,35,weighted,5958,14215.6,0.8786
s0_TEMPORAL,g3_tmoe_s0_1e16,4,35,static,5958,15990.6,0.9116
s0_TEMPORAL,g3_tmoe_s0_1e16,4,36,weighted,9714,15679.8,0.8661
s0_TEMPORAL,g3_tmoe_s0_1e16,4,36,static,9714,15977.0,0.8859
s0_TEMPORAL,g3_tmoe_s0_1e16,4,37,weighted,10202,15585.9,0.8842
s0_TEMPORAL,g3_tmoe_s0_1e16,4,37,static,10202,15992.5,0.8756
s0_TEMPORAL,g3_tmoe_s0_1e16,4,38,weighted,7387,14810.5,0.8863
s0_TEMPORAL,g3_tmoe_s0_1e16,4,38,static,7387,15977.9,0.8678
s0_TEMPORAL,g3_tmoe_s0_1e16,4,39,weighted,9808,11693.8,0.9061
s0_TEMPORAL,g3_tmoe_s0_1e16,4,39,static,9808,15986.9,0.8575
s0_TEMPORAL,g3_tmoe_s0_1e16,4,40,weighted,13873,15756.4,0.8355
s0_TEMPORAL,g3_tmoe_s0_1e16,4,40,static,13873,15994.1,0.8622
s0_TEMPORAL,g3_tmoe_s0_1e16,4,41,weighted,9059,14313.2,0.8857
s0_TEMPORAL,g3_tmoe_s0_1e16,4,41,static,9059,15991.0,0.8517
s0_TEMPORAL,g3_tmoe_s0_1e16,4,42,weighted,17877,14575.8,0.8576
s0_TEMPORAL,g3_tmoe_s0_1e16,4,42,static,17877,15990.2,0.8226
s0_TEMPORAL,g3_tmoe_s0_1e16,4,43,weighted,15425,15803.3,0.8619
s0_TEMPORAL,g3_tmoe_s0_1e16,4,43,static,15425,15987.1,0.8193
s0_TEMPORAL,g3_tmoe_s0_1e16,4,44,weighted,23867,15308.2,0.8923
s0_TEMPORAL,g3_tmoe_s0_1e16,4,44,static,23867,15987.0,0.87
s0_TEMPORAL,g3_tmoe_s0_1e16,4,45,weighted,11069,12895.7,0.9244
s0_TEMPORAL,g3_tmoe_s0_1e16,4,45,static,11069,15988.3,0.871
s0_TEMPORAL,g3_tmoe_s0_1e16,4,46,weighted,14145,15858.9,0.9299
s0_TEMPORAL,g3_tmoe_s0_1e16,4,46,static,14145,15995.9,0.8199
s0_TEMPORAL,g3_tmoe_s0_1e16,4,47,weighted,12151,15179.4,0.9261
s0_TEMPORAL,g3_tmoe_s0_1e16,4,47,static,12151,15987.2,0.8662
s0_TEMPORAL,g3_tmoe_s0_1e16,4,48,weighted,8301,15077.9,0.8932
s0_TEMPORAL,g3_tmoe_s0_1e16,4,48,static,8301,15989.7,0.9345
s0_TEMPORAL,g3_tmoe_s0_1e16,4,49,weighted,12458,15588.6,0.8893
s0_TEMPORAL,g3_tmoe_s0_1e16,4,49,static,12458,15989.6,0.8795
s0_TEMPORAL,g3_tmoe_s0_1e16,4,50,weighted,12677,15645.8,0.8815
s0_TEMPORAL,g3_tmoe_s0_1e16,4,50,static,12677,15986.0,0.8677
s0_TEMPORAL,g3_tmoe_s0_1e16,4,51,weighted,19942,15461.6,0.8644
s0_TEMPORAL,g3_tmoe_s0_1e16,4,51,static,19942,15991.0,0.923
s0_TEMPORAL,g3_tmoe_s0_1e16,4,52,weighted,15098,15757.7,0.9035
s0_TEMPORAL,g3_tmoe_s0_1e16,4,52,static,15098,15991.7,0.8987
s0_TEMPORAL,g3_tmoe_s0_1e16,4,53,weighted,9614,14450.2,0.9226
s0_TEMPORAL,g3_tmoe_s0_1e16,4,53,static,9614,15982.9,0.9038
s0_TEMPORAL,g3_tmoe_s0_1e16,4,54,weighted,10467,15587.4,0.8943
s0_TEMPORAL,g3_tmoe_s0_1e16,4,54,static,10467,15991.3,0.8821
s0_TEMPORAL,g3_tmoe_s0_1e16,4,55,weighted,11267,15343.8,0.8462
s0_TEMPORAL,g3_tmoe_s0_1e16,4,55,static,11267,15987.8,0.8556
s0_TEMPORAL,g3_tmoe_s0_1e16,4,56,weighted,14691,15204.9,0.8926
s0_TEMPORAL,g3_tmoe_s0_1e16,4,56,static,14691,15987.2,0.872
s0_TEMPORAL,g3_tmoe_s0_1e16,4,57,weighted,16943,15847.9,0.8051
s0_TEMPORAL,g3_tmoe_s0_1e16,4,57,static,16943,15995.1,0.9346
s0_TEMPORAL,g3_tmoe_s0_1e16,4,58,weighted,5325,15703.8,0.9145
s0_TEMPORAL,g3_tmoe_s0_1e16,4,58,static,5325,15967.0,0.8973
s0_TEMPORAL,g3_tmoe_s0_1e16,4,59,weighted,19207,15693.9,0.8721
s0_TEMPORAL,g3_tmoe_s0_1e16,4,59,static,19207,15990.6,0.8951
s0_TEMPORAL,g3_tmoe_s0_1e16,4,60,weighted,13261,15682.7,0.9229
s0_TEMPORAL,g3_tmoe_s0_1e16,4,60,static,13261,15984.9,0.8919
s0_TEMPORAL,g3_tmoe_s0_1e16,4,61,weighted,12431,15506.2,0.846
s0_TEMPORAL,g3_tmoe_s0_1e16,4,61,static,12431,15992.8,0.8961
s0_TEMPORAL,g3_tmoe_s0_1e16,4,62,weighted,14573,15791.1,0.8998
s0_TEMPORAL,g3_tmoe_s0_1e16,4,62,static,14573,15994.3,0.7334
s0_TEMPORAL,g3_tmoe_s0_1e16,4,63,weighted,9128,15580.9,0.8636
s0_TEMPORAL,g3_tmoe_s0_1e16,4,63,static,9128,15987.7,0.9159
s0_TEMPORAL,g3_tmoe_s0_1e16,4,64,weighted,10620,15783.1,0.9156
s0_TEMPORAL,g3_tmoe_s0_1e16,4,64,static,10620,15985.0,0.8495
s0_TEMPORAL,g3_tmoe_s0_1e16,4,65,weighted,14538,14666.4,0.9103
s0_TEMPORAL,g3_tmoe_s0_1e16,4,65,static,14538,15991.4,0.8924
s0_TEMPORAL,g3_tmoe_s0_1e16,4,66,weighted,18324,15508.7,0.924
s0_TEMPORAL,g3_tmoe_s0_1e16,4,66,static,18324,15991.5,0.842
s0_TEMPORAL,g3_tmoe_s0_1e16,4,67,weighted,13574,15665.7,0.9275
s0_TEMPORAL,g3_tmoe_s0_1e16,4,67,static,13574,15982.1,0.863
s0_TEMPORAL,g3_tmoe_s0_1e16,4,68,weighted,12255,15867.5,0.8421
s0_TEMPORAL,g3_tmoe_s0_1e16,4,68,static,12255,15985.6,0.8521
s0_TEMPORAL,g3_tmoe_s0_1e16,4,69,weighted,14069,15472.6,0.9188
s0_TEMPORAL,g3_tmoe_s0_1e16,4,69,static,14069,15985.2,0.8538
s0_TEMPORAL,g3_tmoe_s0_1e16,4,70,weighted,12222,15793.5,0.9384
s0_TEMPORAL,g3_tmoe_s0_1e16,4,70,static,12222,15988.4,0.9036
s0_TEMPORAL,g3_tmoe_s0_1e16,4,71,weighted,20132,15583.0,0.8804
s0_TEMPORAL,g3_tmoe_s0_1e16,4,71,static,20132,15992.4,0.8942
s0_TEMPORAL,g3_tmoe_s0_1e16,4,72,weighted,13789,15584.5,0.888
s0_TEMPORAL,g3_tmoe_s0_1e16,4,72,static,13789,15990.2,0.9227
s0_TEMPORAL,g3_tmoe_s0_1e16,4,73,weighted,11205,15165.7,0.9107
s0_TEMPORAL,g3_tmoe_s0_1e16,4,73,static,11205,15985.1,0.881
s0_TEMPORAL,g3_tmoe_s0_1e16,4,74,weighted,13805,14763.9,0.9386
s0_TEMPORAL,g3_tmoe_s0_1e16,4,74,static,13805,15975.6,0.8764
s0_TEMPORAL,g3_tmoe_s0_1e16,4,75,weighted,7999,14994.8,0.9096
s0_TEMPORAL,g3_tmoe_s0_1e16,4,75,static,7999,15991.7,0.9255
s0_TEMPORAL,g3_tmoe_s0_1e16,4,76,weighted,17381,15545.1,0.8934
s0_TEMPORAL,g3_tmoe_s0_1e16,4,76,static,17381,15993.6,0.8989
s0_TEMPORAL,g3_tmoe_s0_1e16,4,77,weighted,20492,15546.4,0.9366
s0_TEMPORAL,g3_tmoe_s0_1e16,4,77,static,20492,15991.0,0.8774
s0_TEMPORAL,g3_tmoe_s0_1e16,4,78,weighted,14843,15712.6,0.8928
s0_TEMPORAL,g3_tmoe_s0_1e16,4,78,static,14843,15994.4,0.9065
s0_TEMPORAL,g3_tmoe_s0_1e16,4,79,weighted,14203,15218.8,0.906
s0_TEMPORAL,g3_tmoe_s0_1e16,4,79,static,14203,15990.4,0.878
s0_TEMPORAL,g3_tmoe_s0_1e16,4,80,weighted,15719,15585.7,0.8722
s0_TEMPORAL,g3_tmoe_s0_1e16,4,80,static,15719,15993.2,0.8835
s0_TEMPORAL,g3_tmoe_s0_1e16,4,81,weighted,14679,15622.2,0.8845
s0_TEMPORAL,g3_tmoe_s0_1e16,4,81,static,14679,15989.1,0.8176
s0_TEMPORAL,g3_tmoe_s0_1e16,4,82,weighted,16507,15693.1,0.9035
s0_TEMPORAL,g3_tmoe_s0_1e16,4,82,static,16507,15990.6,0.9025
s0_TEMPORAL,g3_tmoe_s0_1e16,4,83,weighted,20437,15767.6,0.8762
s0_TEMPORAL,g3_tmoe_s0_1e16,4,83,static,20437,15995.9,0.8765
s0_TEMPORAL,g3_tmoe_s0_1e16,4,84,weighted,8155,14796.1,0.8528
s0_TEMPORAL,g3_tmoe_s0_1e16,4,84,static,8155,15990.6,0.8819
s0_TEMPORAL,g3_tmoe_s0_1e16,4,85,weighted,12618,15559.9,0.9136
s0_TEMPORAL,g3_tmoe_s0_1e16,4,85,static,12618,15987.2,0.8884
s0_TEMPORAL,g3_tmoe_s0_1e16,4,86,weighted,12046,15225.5,0.9151
s0_TEMPORAL,g3_tmoe_s0_1e16,4,86,static,12046,15991.2,0.9215
s0_TEMPORAL,g3_tmoe_s0_1e16,4,87,weighted,8309,15573.1,0.8901
s0_TEMPORAL,g3_tmoe_s0_1e16,4,87,static,8309,15992.4,0.8862
s0_TEMPORAL,g3_tmoe_s0_1e16,4,88,weighted,13519,15720.0,0.8814
s0_TEMPORAL,g3_tmoe_s0_1e16,4,88,static,13519,15983.3,0.9068
s0_TEMPORAL,g3_tmoe_s0_1e16,4,89,weighted,10642,14662.9,0.8421
s0_TEMPORAL,g3_tmoe_s0_1e16,4,89,static,10642,15992.9,0.9002
s0_TEMPORAL,g3_tmoe_s0_1e16,4,90,weighted,13963,15251.2,0.8828
s0_TEMPORAL,g3_tmoe_s0_1e16,4,90,static,13963,15992.7,0.8682
s0_TEMPORAL,g3_tmoe_s0_1e16,4,91,weighted,11010,15685.0,0.9056
s0_TEMPORAL,g3_tmoe_s0_1e16,4,91,static,11010,15986.2,0.9068
s0_TEMPORAL,g3_tmoe_s0_1e16,4,92,weighted,10221,15835.1,0.9251
s0_TEMPORAL,g3_tmoe_s0_1e16,4,92,static,10221,15984.8,0.8783
s0_TEMPORAL,g3_tmoe_s0_1e16,4,93,weighted,8332,15875.3,0.9283
s0_TEMPORAL,g3_tmoe_s0_1e16,4,93,static,8332,15989.5,0.8844
s0_TEMPORAL,g3_tmoe_s0_1e16,4,94,weighted,13025,15758.9,0.875
s0_TEMPORAL,g3_tmoe_s0_1e16,4,94,static,13025,15988.6,0.8982
s0_TEMPORAL,g3_tmoe_s0_1e16,4,95,weighted,15482,15788.4,0.8651
s0_TEMPORAL,g3_tmoe_s0_1e16,4,95,static,15482,15993.6,0.933
s0_TEMPORAL,g3_tmoe_s0_1e16,4,96,weighted,7550,14370.1,0.8305
s0_TEMPORAL,g3_tmoe_s0_1e16,4,96,static,7550,15986.9,0.8802
s0_TEMPORAL,g3_tmoe_s0_1e16,4,97,weighted,4142,13974.5,0.8747
s0_TEMPORAL,g3_tmoe_s0_1e16,4,97,static,4142,15979.3,0.8356
s0_TEMPORAL,g3_tmoe_s0_1e16,4,98,weighted,10465,15405.9,0.9254
s0_TEMPORAL,g3_tmoe_s0_1e16,4,98,static,10465,15981.9,0.8879
s0_TEMPORAL,g3_tmoe_s0_1e16,4,99,weighted,11307,15705.6,0.895
s0_TEMPORAL,g3_tmoe_s0_1e16,4,99,static,11307,15997.4,0.8791
s0_TEMPORAL,g3_tmoe_s0_1e16,4,100,weighted,16673,15718.4,0.9076
s0_TEMPORAL,g3_tmoe_s0_1e16,4,100,static,16673,15990.2,0.8895
s0_TEMPORAL,g3_tmoe_s0_1e16,4,101,weighted,12705,15605.9,0.8558
s0_TEMPORAL,g3_tmoe_s0_1e16,4,101,static,12705,15986.3,0.9162
s0_TEMPORAL,g3_tmoe_s0_1e16,4,102,weighted,7421,15502.9,0.9258
s0_TEMPORAL,g3_tmoe_s0_1e16,4,102,static,7421,15983.1,0.7936
s0_TEMPORAL,g3_tmoe_s0_1e16,4,103,weighted,11556,15689.9,0.8836
s0_TEMPORAL,g3_tmoe_s0_1e16,4,103,static,11556,15989.8,0.8584
s0_TEMPORAL,g3_tmoe_s0_1e16,4,104,weighted,12599,15734.3,0.8713
s0_TEMPORAL,g3_tmoe_s0_1e16,4,104,static,12599,15989.2,0.905
s0_TEMPORAL,g3_tmoe_s0_1e16,4,105,weighted,15357,15342.1,0.8772
s0_TEMPORAL,g3_tmoe_s0_1e16,4,105,static,15357,15982.9,0.9061
s0_TEMPORAL,g3_tmoe_s0_1e16,4,106,weighted,13060,15751.5,0.8747
s0_TEMPORAL,g3_tmoe_s0_1e16,4,106,static,13060,15981.6,0.8964
s0_TEMPORAL,g3_tmoe_s0_1e16,4,107,weighted,12736,15758.7,0.8174
s0_TEMPORAL,g3_tmoe_s0_1e16,4,107,static,12736,15995.4,0.918
s0_TEMPORAL,g3_tmoe_s0_1e16,4,108,weighted,13306,15799.7,0.8931
s0_TEMPORAL,g3_tmoe_s0_1e16,4,108,static,13306,15993.9,0.8183
s0_TEMPORAL,g3_tmoe_s0_1e16,4,109,weighted,11733,14819.5,0.8322
s0_TEMPORAL,g3_tmoe_s0_1e16,4,109,static,11733,15988.7,0.8602
s0_TEMPORAL,g3_tmoe_s0_1e16,4,110,weighted,7988,15373.4,0.9289
s0_TEMPORAL,g3_tmoe_s0_1e16,4,110,static,7988,15988.7,0.9172
s0_TEMPORAL,g3_tmoe_s0_1e16,4,111,weighted,13280,15204.6,0.8889
s0_TEMPORAL,g3_tmoe_s0_1e16,4,111,static,13280,15990.6,0.93
s0_TEMPORAL,g3_tmoe_s0_1e16,4,112,weighted,4232,15871.9,0.9313
s0_TEMPORAL,g3_tmoe_s0_1e16,4,112,static,4232,15986.2,0.8534
s0_TEMPORAL,g3_tmoe_s0_1e16,4,113,weighted,10091,15371.3,0.8438
s0_TEMPORAL,g3_tmoe_s0_1e16,4,113,static,10091,15992.8,0.8726
s0_TEMPORAL,g3_tmoe_s0_1e16,4,114,weighted,9868,14731.5,0.9003
s0_TEMPORAL,g3_tmoe_s0_1e16,4,114,static,9868,15991.3,0.9215
s0_TEMPORAL,g3_tmoe_s0_1e16,4,115,weighted,14492,15259.9,0.9023
s0_TEMPORAL,g3_tmoe_s0_1e16,4,115,static,14492,15991.0,0.9213
s0_TEMPORAL,g3_tmoe_s0_1e16,4,116,weighted,8472,14461.6,0.9235
s0_TEMPORAL,g3_tmoe_s0_1e16,4,116,static,8472,15985.2,0.8233
s0_TEMPORAL,g3_tmoe_s0_1e16,4,117,weighted,12408,15569.1,0.8897
s0_TEMPORAL,g3_tmoe_s0_1e16,4,117,static,12408,15984.3,0.8965
s0_TEMPORAL,g3_tmoe_s0_1e16,4,118,weighted,8976,15559.8,0.9351
s0_TEMPORAL,g3_tmoe_s0_1e16,4,118,static,8976,15975.3,0.8783
s0_TEMPORAL,g3_tmoe_s0_1e16,4,119,weighted,7547,15282.7,0.8195
s0_TEMPORAL,g3_tmoe_s0_1e16,4,119,static,7547,15983.9,0.8712
s0_TEMPORAL,g3_tmoe_s0_1e16,4,120,weighted,15497,15687.0,0.8589
s0_TEMPORAL,g3_tmoe_s0_1e16,4,120,static,15497,15990.9,0.8659
s0_TEMPORAL,g3_tmoe_s0_1e16,4,121,weighted,18420,15752.0,0.8531
s0_TEMPORAL,g3_tmoe_s0_1e16,4,121,static,18420,15981.2,0.8393
s0_TEMPORAL,g3_tmoe_s0_1e16,4,122,weighted,17216,14740.7,0.8338
s0_TEMPORAL,g3_tmoe_s0_1e16,4,122,static,17216,15989.5,0.8642
s0_TEMPORAL,g3_tmoe_s0_1e16,4,123,weighted,11865,14769.5,0.8276
s0_TEMPORAL,g3_tmoe_s0_1e16,4,123,static,11865,15992.1,0.8678
s0_TEMPORAL,g3_tmoe_s0_1e16,4,124,weighted,11923,14725.1,0.9233
s0_TEMPORAL,g3_tmoe_s0_1e16,4,124,static,11923,15992.5,0.8846
s0_TEMPORAL,g3_tmoe_s0_1e16,4,125,weighted,15596,15750.3,0.7569
s0_TEMPORAL,g3_tmoe_s0_1e16,4,125,static,15596,15994.0,0.8185
s0_TEMPORAL,g3_tmoe_s0_1e16,4,126,weighted,11831,15518.2,0.8606
s0_TEMPORAL,g3_tmoe_s0_1e16,4,126,static,11831,15988.4,0.8733
s0_TEMPORAL,g3_tmoe_s0_1e16,4,127,weighted,10139,15560.3,0.8149
s0_TEMPORAL,g3_tmoe_s0_1e16,4,127,static,10139,15989.0,0.8863
s0_TEMPORAL,g3_tmoe_s0_1e16,4,128,weighted,15099,15712.7,0.9244
s0_TEMPORAL,g3_tmoe_s0_1e16,4,128,static,15099,15980.4,0.8896
s0_TEMPORAL,g3_tmoe_s0_1e16,4,129,weighted,11063,15825.1,0.899
s0_TEMPORAL,g3_tmoe_s0_1e16,4,129,static,11063,15989.2,0.8231
s0_TEMPORAL,g3_tmoe_s0_1e16,4,130,weighted,7494,15625.0,0.9184
s0_TEMPORAL,g3_tmoe_s0_1e16,4,130,static,7494,15990.7,0.9205
s0_TEMPORAL,g3_tmoe_s0_1e16,4,131,weighted,14455,15928.9,0.9154
s0_TEMPORAL,g3_tmoe_s0_1e16,4,131,static,14455,15995.2,0.8281
s0_TEMPORAL,g3_tmoe_s0_1e16,4,132,weighted,9464,15647.4,0.9246
s0_TEMPORAL,g3_tmoe_s0_1e16,4,132,static,9464,15986.1,0.8916
s0_TEMPORAL,g3_tmoe_s0_1e16,4,133,weighted,13978,15609.1,0.8715
s0_TEMPORAL,g3_tmoe_s0_1e16,4,133,static,13978,15995.0,0.8716
s0_TEMPORAL,g3_tmoe_s0_1e16,4,134,weighted,13944,15870.4,0.8869
s0_TEMPORAL,g3_tmoe_s0_1e16,4,134,static,13944,15994.2,0.8474
s0_TEMPORAL,g3_tmoe_s0_1e16,4,135,weighted,14096,15713.5,0.878
s0_TEMPORAL,g3_tmoe_s0_1e16,4,135,static,14096,15993.7,0.9196
s0_TEMPORAL,g3_tmoe_s0_1e16,4,136,weighted,6547,15098.5,0.9177
s0_TEMPORAL,g3_tmoe_s0_1e16,4,136,static,6547,15985.0,0.779
s0_TEMPORAL,g3_tmoe_s0_1e16,4,137,weighted,12187,15842.9,0.9319
s0_TEMPORAL,g3_tmoe_s0_1e16,4,137,static,12187,15992.0,0.909
s0_TEMPORAL,g3_tmoe_s0_1e16,4,138,weighted,12534,15509.7,0.9456
s0_TEMPORAL,g3_tmoe_s0_1e16,4,138,static,12534,15989.3,0.9165
s0_TEMPORAL,g3_tmoe_s0_1e16,4,139,weighted,10974,15707.1,0.9114
s0_TEMPORAL,g3_tmoe_s0_1e16,4,139,static,10974,15986.2,0.87
s0_TEMPORAL,g3_tmoe_s0_1e16,4,140,weighted,9148,14936.5,0.9304
s0_TEMPORAL,g3_tmoe_s0_1e16,4,140,static,9148,15989.1,0.8416
s0_TEMPORAL,g3_tmoe_s0_1e16,4,141,weighted,11376,15341.5,0.8486
s0_TEMPORAL,g3_tmoe_s0_1e16,4,141,static,11376,15990.3,0.8505
s0_TEMPORAL,g3_tmoe_s0_1e16,4,142,weighted,7677,15495.9,0.9138
s0_TEMPORAL,g3_tmoe_s0_1e16,4,142,static,7677,15991.5,0.9202
s0_TEMPORAL,g3_tmoe_s0_1e16,4,143,weighted,15331,15685.6,0.9201
s0_TEMPORAL,g3_tmoe_s0_1e16,4,143,static,15331,15985.2,0.8634
s0_TEMPORAL,g3_tmoe_s0_1e16,4,144,weighted,16642,15255.0,0.8965
s0_TEMPORAL,g3_tmoe_s0_1e16,4,144,static,16642,15993.3,0.9089
s0_TEMPORAL,g3_tmoe_s0_1e16,4,145,weighted,13009,15018.7,0.9075
s0_TEMPORAL,g3_tmoe_s0_1e16,4,145,static,13009,15994.0,0.9136
s0_TEMPORAL,g3_tmoe_s0_1e16,4,146,weighted,15570,15411.2,0.9123
s0_TEMPORAL,g3_tmoe_s0_1e16,4,146,static,15570,15984.6,0.8887
s0_TEMPORAL,g3_tmoe_s0_1e16,4,147,weighted,8360,15907.4,0.907
s0_TEMPORAL,g3_tmoe_s0_1e16,4,147,static,8360,15995.4,0.9145
s0_TEMPORAL,g3_tmoe_s0_1e16,4,148,weighted,5866,15057.1,0.9115
s0_TEMPORAL,g3_tmoe_s0_1e16,4,148,static,5866,15977.0,0.856
s0_TEMPORAL,g3_tmoe_s0_1e16,4,149,weighted,14390,15803.3,0.9064
s0_TEMPORAL,g3_tmoe_s0_1e16,4,149,static,14390,15987.7,0.9216
s0_TEMPORAL,g3_tmoe_s0_1e16,4,150,weighted,16968,15682.7,0.9177
s0_TEMPORAL,g3_tmoe_s0_1e16,4,150,static,16968,15980.7,0.7892
s0_TEMPORAL,g3_tmoe_s0_1e16,4,151,weighted,20630,15800.7,0.8907
s0_TEMPORAL,g3_tmoe_s0_1e16,4,151,static,20630,15995.7,0.9115
s0_TEMPORAL,g3_tmoe_s0_1e16,4,152,weighted,8823,15421.9,0.9124
s0_TEMPORAL,g3_tmoe_s0_1e16,4,152,static,8823,15995.1,0.9001
s0_TEMPORAL,g3_tmoe_s0_1e16,4,153,weighted,2802,15917.9,0.9064
s0_TEMPORAL,g3_tmoe_s0_1e16,4,153,static,2802,15985.2,0.8818
s0_TEMPORAL,g3_tmoe_s0_1e16,4,154,weighted,14400,15875.4,0.9041
s0_TEMPORAL,g3_tmoe_s0_1e16,4,154,static,14400,15987.5,0.9217
s0_TEMPORAL,g3_tmoe_s0_1e16,4,155,weighted,18878,14463.4,0.9286
s0_TEMPORAL,g3_tmoe_s0_1e16,4,155,static,18878,15988.4,0.7897
s0_TEMPORAL,g3_tmoe_s0_1e16,4,156,weighted,14038,15764.6,0.8499
s0_TEMPORAL,g3_tmoe_s0_1e16,4,156,static,14038,15988.2,0.8676
s0_TEMPORAL,g3_tmoe_s0_1e16,4,157,weighted,13739,15696.6,0.8935
s0_TEMPORAL,g3_tmoe_s0_1e16,4,157,static,13739,15992.8,0.8924
s0_TEMPORAL,g3_tmoe_s0_1e16,4,158,weighted,3875,15329.4,0.8898
s0_TEMPORAL,g3_tmoe_s0_1e16,4,158,static,3875,15980.7,0.8942
s0_TEMPORAL,g3_tmoe_s0_1e16,4,159,weighted,12001,15867.0,0.7097
s0_TEMPORAL,g3_tmoe_s0_1e16,4,159,static,12001,15996.2,0.8942
s0_TEMPORAL,g3_tmoe_s0_1e16,4,160,weighted,9063,15308.2,0.9289
s0_TEMPORAL,g3_tmoe_s0_1e16,4,160,static,9063,15995.0,0.8801
s0_TEMPORAL,g3_tmoe_s0_1e16,4,161,weighted,10808,15652.7,0.9118
s0_TEMPORAL,g3_tmoe_s0_1e16,4,161,static,10808,15989.8,0.9074
s0_TEMPORAL,g3_tmoe_s0_1e16,4,162,weighted,13575,15827.1,0.9335
s0_TEMPORAL,g3_tmoe_s0_1e16,4,162,static,13575,15987.6,0.8983
s0_TEMPORAL,g3_tmoe_s0_1e16,4,163,weighted,12815,15395.0,0.8908
s0_TEMPORAL,g3_tmoe_s0_1e16,4,163,static,12815,15993.3,0.9246
s0_TEMPORAL,g3_tmoe_s0_1e16,4,164,weighted,8453,15399.6,0.7955
s0_TEMPORAL,g3_tmoe_s0_1e16,4,164,static,8453,15990.4,0.8407
s0_TEMPORAL,g3_tmoe_s0_1e16,4,165,weighted,19203,15625.7,0.7795
s0_TEMPORAL,g3_tmoe_s0_1e16,4,165,static,19203,15994.7,0.8214
s0_TEMPORAL,g3_tmoe_s0_1e16,4,166,weighted,17969,15705.5,0.8841
s0_TEMPORAL,g3_tmoe_s0_1e16,4,166,static,17969,15985.8,0.9275
s0_TEMPORAL,g3_tmoe_s0_1e16,4,167,weighted,4385,14233.0,0.8519
s0_TEMPORAL,g3_tmoe_s0_1e16,4,167,static,4385,15981.1,0.8828
s0_TEMPORAL,g3_tmoe_s0_1e16,4,168,weighted,12053,15594.9,0.8982
s0_TEMPORAL,g3_tmoe_s0_1e16,4,168,static,12053,15986.9,0.8824
s0_TEMPORAL,g3_tmoe_s0_1e16,4,169,weighted,12875,14487.7,0.7992
s0_TEMPORAL,g3_tmoe_s0_1e16,4,169,static,12875,15989.1,0.8723
s0_TEMPORAL,g3_tmoe_s0_1e16,4,170,weighted,16890,15531.3,0.8951
s0_TEMPORAL,g3_tmoe_s0_1e16,4,170,static,16890,15994.0,0.9271
s0_TEMPORAL,g3_tmoe_s0_1e16,4,171,weighted,9262,14237.7,0.8388
s0_TEMPORAL,g3_tmoe_s0_1e16,4,171,static,9262,15989.2,0.9179
s0_TEMPORAL,g3_tmoe_s0_1e16,4,172,weighted,13089,15561.4,0.9034
s0_TEMPORAL,g3_tmoe_s0_1e16,4,172,static,13089,15987.3,0.8672
s0_TEMPORAL,g3_tmoe_s0_1e16,4,173,weighted,11089,15679.8,0.7946
s0_TEMPORAL,g3_tmoe_s0_1e16,4,173,static,11089,15986.2,0.9016
s0_TEMPORAL,g3_tmoe_s0_1e16,4,174,weighted,13217,15644.4,0.9123
s0_TEMPORAL,g3_tmoe_s0_1e16,4,174,static,13217,15989.1,0.8515
s0_TEMPORAL,g3_tmoe_s0_1e16,4,175,weighted,6364,15354.1,0.8921
s0_TEMPORAL,g3_tmoe_s0_1e16,4,175,static,6364,15982.2,0.8761
s0_TEMPORAL,g3_tmoe_s0_1e16,4,176,weighted,12976,15676.6,0.812
s0_TEMPORAL,g3_tmoe_s0_1e16,4,176,static,12976,15995.5,0.9051
s0_TEMPORAL,g3_tmoe_s0_1e16,4,177,weighted,13707,15502.0,0.9275
s0_TEMPORAL,g3_tmoe_s0_1e16,4,177,static,13707,15984.9,0.8824
s0_TEMPORAL,g3_tmoe_s0_1e16,4,178,weighted,15631,15002.1,0.9213
s0_TEMPORAL,g3_tmoe_s0_1e16,4,178,static,15631,15990.6,0.8276
s0_TEMPORAL,g3_tmoe_s0_1e16,4,179,weighted,5523,15735.1,0.9128
s0_TEMPORAL,g3_tmoe_s0_1e16,4,179,static,5523,15987.2,0.8741
s0_TEMPORAL,g3_tmoe_s0_1e16,4,180,weighted,9410,15520.0,0.941
s0_TEMPORAL,g3_tmoe_s0_1e16,4,180,static,9410,15976.0,0.8803
s0_TEMPORAL,g3_tmoe_s0_1e16,4,181,weighted,14432,15483.5,0.8445
s0_TEMPORAL,g3_tmoe_s0_1e16,4,181,static,14432,15985.8,0.9048
s0_TEMPORAL,g3_tmoe_s0_1e16,4,182,weighted,9914,15239.3,0.8708
s0_TEMPORAL,g3_tmoe_s0_1e16,4,182,static,9914,15988.8,0.8229
s0_TEMPORAL,g3_tmoe_s0_1e16,4,183,weighted,15510,15373.3,0.8887
s0_TEMPORAL,g3_tmoe_s0_1e16,4,183,static,15510,15990.8,0.8903
s0_TEMPORAL,g3_tmoe_s0_1e16,4,184,weighted,7050,15645.1,0.8802
s0_TEMPORAL,g3_tmoe_s0_1e16,4,184,static,7050,15985.0,0.8865
s0_TEMPORAL,g3_tmoe_s0_1e16,4,185,weighted,10354,15430.5,0.8737
s0_TEMPORAL,g3_tmoe_s0_1e16,4,185,static,10354,15993.7,0.9
s0_TEMPORAL,g3_tmoe_s0_1e16,4,186,weighted,11601,15751.3,0.8843
s0_TEMPORAL,g3_tmoe_s0_1e16,4,186,static,11601,15990.9,0.9009
s0_TEMPORAL,g3_tmoe_s0_1e16,4,187,weighted,13840,15865.4,0.9206
s0_TEMPORAL,g3_tmoe_s0_1e16,4,187,static,13840,15988.2,0.9182
s0_TEMPORAL,g3_tmoe_s0_1e16,4,188,weighted,12264,15545.6,0.9214
s0_TEMPORAL,g3_tmoe_s0_1e16,4,188,static,12264,15992.2,0.9284
s0_TEMPORAL,g3_tmoe_s0_1e16,4,189,weighted,16484,15845.9,0.9145
s0_TEMPORAL,g3_tmoe_s0_1e16,4,189,static,16484,15994.1,0.9279
s0_TEMPORAL,g3_tmoe_s0_1e16,4,190,weighted,14341,15731.1,0.9524
s0_TEMPORAL,g3_tmoe_s0_1e16,4,190,static,14341,15988.8,0.8743
s0_TEMPORAL,g3_tmoe_s0_1e16,4,191,weighted,11547,15294.4,0.8784
s0_TEMPORAL,g3_tmoe_s0_1e16,4,191,static,11547,15951.7,0.8455
s0_FULL,g3_moe_s0_1e16_sigmoid,2,0,weighted,13162,15759.6,0.9124
s0_FULL,g3_moe_s0_1e16_sigmoid,2,0,static,13162,15990.2,0.8318
s0_FULL,g3_moe_s0_1e16_sigmoid,2,1,weighted,13463,15142.3,0.9202
s0_FULL,g3_moe_s0_1e16_sigmoid,2,1,static,13463,15977.2,0.8617
s0_FULL,g3_moe_s0_1e16_sigmoid,2,2,weighted,11647,14982.4,0.885
s0_FULL,g3_moe_s0_1e16_sigmoid,2,2,static,11647,15991.1,0.8722
s0_FULL,g3_moe_s0_1e16_sigmoid,2,3,weighted,13260,15212.6,0.9094
s0_FULL,g3_moe_s0_1e16_sigmoid,2,3,static,13260,15986.5,0.8975
s0_FULL,g3_moe_s0_1e16_sigmoid,2,4,weighted,10522,15621.6,0.8623
s0_FULL,g3_moe_s0_1e16_sigmoid,2,4,static,10522,15983.5,0.9024
s0_FULL,g3_moe_s0_1e16_sigmoid,2,5,weighted,13553,15537.4,0.9192
s0_FULL,g3_moe_s0_1e16_sigmoid,2,5,static,13553,15988.3,0.8815
s0_FULL,g3_moe_s0_1e16_sigmoid,2,6,weighted,13246,15513.6,0.9045
s0_FULL,g3_moe_s0_1e16_sigmoid,2,6,static,13246,15993.3,0.882
s0_FULL,g3_moe_s0_1e16_sigmoid,2,7,weighted,11795,15850.1,0.9218
s0_FULL,g3_moe_s0_1e16_sigmoid,2,7,static,11795,15989.5,0.8801
s0_FULL,g3_moe_s0_1e16_sigmoid,2,8,weighted,12232,15562.1,0.9243
s0_FULL,g3_moe_s0_1e16_sigmoid,2,8,static,12232,15993.5,0.8713
s0_FULL,g3_moe_s0_1e16_sigmoid,2,9,weighted,11952,15710.4,0.8838
s0_FULL,g3_moe_s0_1e16_sigmoid,2,9,static,11952,15990.7,0.8623
s0_FULL,g3_moe_s0_1e16_sigmoid,2,10,weighted,13691,15693.8,0.8909
s0_FULL,g3_moe_s0_1e16_sigmoid,2,10,static,13691,15992.2,0.9094
s0_FULL,g3_moe_s0_1e16_sigmoid,2,11,weighted,13563,15418.3,0.9038
s0_FULL,g3_moe_s0_1e16_sigmoid,2,11,static,13563,15985.4,0.9211
s0_FULL,g3_moe_s0_1e16_sigmoid,2,12,weighted,9877,15805.0,0.8599
s0_FULL,g3_moe_s0_1e16_sigmoid,2,12,static,9877,15988.1,0.8722
s0_FULL,g3_moe_s0_1e16_sigmoid,2,13,weighted,14045,15516.3,0.8336
s0_FULL,g3_moe_s0_1e16_sigmoid,2,13,static,14045,15994.6,0.881
s0_FULL,g3_moe_s0_1e16_sigmoid,2,14,weighted,11294,15611.7,0.8532
s0_FULL,g3_moe_s0_1e16_sigmoid,2,14,static,11294,15991.0,0.8949
s0_FULL,g3_moe_s0_1e16_sigmoid,2,15,weighted,11281,15537.4,0.8661
s0_FULL,g3_moe_s0_1e16_sigmoid,2,15,static,11281,15988.9,0.8517
s0_FULL,g3_moe_s0_1e16_sigmoid,2,16,weighted,13127,15522.4,0.9256
s0_FULL,g3_moe_s0_1e16_sigmoid,2,16,static,13127,15986.0,0.7492
s0_FULL,g3_moe_s0_1e16_sigmoid,2,17,weighted,13224,15687.5,0.8818
s0_FULL,g3_moe_s0_1e16_sigmoid,2,17,static,13224,15985.0,0.89
s0_FULL,g3_moe_s0_1e16_sigmoid,2,18,weighted,8363,15856.0,0.8689
s0_FULL,g3_moe_s0_1e16_sigmoid,2,18,static,8363,15976.4,0.8897
s0_FULL,g3_moe_s0_1e16_sigmoid,2,19,weighted,12296,12661.2,0.9012
s0_FULL,g3_moe_s0_1e16_sigmoid,2,19,static,12296,15986.5,0.862
s0_FULL,g3_moe_s0_1e16_sigmoid,2,20,weighted,12208,15821.5,0.8658
s0_FULL,g3_moe_s0_1e16_sigmoid,2,20,static,12208,15985.7,0.8372
s0_FULL,g3_moe_s0_1e16_sigmoid,2,21,weighted,11584,15835.4,0.8842
s0_FULL,g3_moe_s0_1e16_sigmoid,2,21,static,11584,15989.4,0.8661
s0_FULL,g3_moe_s0_1e16_sigmoid,2,22,weighted,12899,15787.8,0.9234
s0_FULL,g3_moe_s0_1e16_sigmoid,2,22,static,12899,15989.0,0.7938
s0_FULL,g3_moe_s0_1e16_sigmoid,2,23,weighted,14944,15823.0,0.8527
s0_FULL,g3_moe_s0_1e16_sigmoid,2,23,static,14944,15993.7,0.8654
s0_FULL,g3_moe_s0_1e16_sigmoid,2,24,weighted,15078,15773.9,0.89
s0_FULL,g3_moe_s0_1e16_sigmoid,2,24,static,15078,15993.7,0.8273
s0_FULL,g3_moe_s0_1e16_sigmoid,2,25,weighted,11261,15834.7,0.8797
s0_FULL,g3_moe_s0_1e16_sigmoid,2,25,static,11261,15987.4,0.7983
s0_FULL,g3_moe_s0_1e16_sigmoid,2,26,weighted,12720,15675.1,0.7735
s0_FULL,g3_moe_s0_1e16_sigmoid,2,26,static,12720,15986.4,0.8922
s0_FULL,g3_moe_s0_1e16_sigmoid,2,27,weighted,13422,15433.5,0.9135
s0_FULL,g3_moe_s0_1e16_sigmoid,2,27,static,13422,15989.7,0.8779
s0_FULL,g3_moe_s0_1e16_sigmoid,2,28,weighted,12430,15414.7,0.8758
s0_FULL,g3_moe_s0_1e16_sigmoid,2,28,static,12430,15994.3,0.8797
s0_FULL,g3_moe_s0_1e16_sigmoid,2,29,weighted,13475,14655.1,0.9064
s0_FULL,g3_moe_s0_1e16_sigmoid,2,29,static,13475,15993.9,0.8691
s0_FULL,g3_moe_s0_1e16_sigmoid,2,30,weighted,12302,15851.2,0.8788
s0_FULL,g3_moe_s0_1e16_sigmoid,2,30,static,12302,15988.1,0.8939
s0_FULL,g3_moe_s0_1e16_sigmoid,2,31,weighted,12206,15510.5,0.9113
s0_FULL,g3_moe_s0_1e16_sigmoid,2,31,static,12206,15987.7,0.8968
s0_FULL,g3_moe_s0_1e16_sigmoid,2,32,weighted,11891,15764.3,0.9112
s0_FULL,g3_moe_s0_1e16_sigmoid,2,32,static,11891,15989.8,0.8669
s0_FULL,g3_moe_s0_1e16_sigmoid,2,33,weighted,11601,15475.9,0.9095
s0_FULL,g3_moe_s0_1e16_sigmoid,2,33,static,11601,15991.0,0.8678
s0_FULL,g3_moe_s0_1e16_sigmoid,2,34,weighted,8851,15895.9,0.8994
s0_FULL,g3_moe_s0_1e16_sigmoid,2,34,static,8851,15982.0,0.8673
s0_FULL,g3_moe_s0_1e16_sigmoid,2,35,weighted,10786,15424.6,0.8818
s0_FULL,g3_moe_s0_1e16_sigmoid,2,35,static,10786,15989.6,0.8781
s0_FULL,g3_moe_s0_1e16_sigmoid,2,36,weighted,13264,15349.2,0.8626
s0_FULL,g3_moe_s0_1e16_sigmoid,2,36,static,13264,15992.9,0.9112
s0_FULL,g3_moe_s0_1e16_sigmoid,2,37,weighted,14167,15829.1,0.9057
s0_FULL,g3_moe_s0_1e16_sigmoid,2,37,static,14167,15994.5,0.8416
s0_FULL,g3_moe_s0_1e16_sigmoid,2,38,weighted,9799,15792.2,0.8641
s0_FULL,g3_moe_s0_1e16_sigmoid,2,38,static,9799,15978.1,0.7769
s0_FULL,g3_moe_s0_1e16_sigmoid,2,39,weighted,11617,15640.6,0.8697
s0_FULL,g3_moe_s0_1e16_sigmoid,2,39,static,11617,15988.7,0.8697
s0_FULL,g3_moe_s0_1e16_sigmoid,2,40,weighted,12218,15610.1,0.9069
s0_FULL,g3_moe_s0_1e16_sigmoid,2,40,static,12218,15984.8,0.8345
s0_FULL,g3_moe_s0_1e16_sigmoid,2,41,weighted,14196,15593.7,0.9083
s0_FULL,g3_moe_s0_1e16_sigmoid,2,41,static,14196,15986.7,0.8456
s0_FULL,g3_moe_s0_1e16_sigmoid,2,42,weighted,13627,15738.5,0.9131
s0_FULL,g3_moe_s0_1e16_sigmoid,2,42,static,13627,15990.9,0.8705
s0_FULL,g3_moe_s0_1e16_sigmoid,2,43,weighted,11476,15722.2,0.9094
s0_FULL,g3_moe_s0_1e16_sigmoid,2,43,static,11476,15988.3,0.8596
s0_FULL,g3_moe_s0_1e16_sigmoid,2,44,weighted,12106,15605.8,0.8735
s0_FULL,g3_moe_s0_1e16_sigmoid,2,44,static,12106,15989.4,0.9056
s0_FULL,g3_moe_s0_1e16_sigmoid,2,45,weighted,12724,15452.5,0.8643
s0_FULL,g3_moe_s0_1e16_sigmoid,2,45,static,12724,15989.6,0.8704
s0_FULL,g3_moe_s0_1e16_sigmoid,2,46,weighted,11600,15380.1,0.9082
s0_FULL,g3_moe_s0_1e16_sigmoid,2,46,static,11600,15995.4,0.8858
s0_FULL,g3_moe_s0_1e16_sigmoid,2,47,weighted,11331,15794.2,0.918
s0_FULL,g3_moe_s0_1e16_sigmoid,2,47,static,11331,15984.1,0.9155
s0_FULL,g3_moe_s0_1e16_sigmoid,2,48,weighted,13151,15484.1,0.9215
s0_FULL,g3_moe_s0_1e16_sigmoid,2,48,static,13151,15986.7,0.8961
s0_FULL,g3_moe_s0_1e16_sigmoid,2,49,weighted,13805,15622.0,0.8952
s0_FULL,g3_moe_s0_1e16_sigmoid,2,49,static,13805,15989.7,0.8773
s0_FULL,g3_moe_s0_1e16_sigmoid,2,50,weighted,14693,15817.9,0.8954
s0_FULL,g3_moe_s0_1e16_sigmoid,2,50,static,14693,15985.2,0.8488
s0_FULL,g3_moe_s0_1e16_sigmoid,2,51,weighted,11437,15762.7,0.9274
s0_FULL,g3_moe_s0_1e16_sigmoid,2,51,static,11437,15986.5,0.8895
s0_FULL,g3_moe_s0_1e16_sigmoid,2,52,weighted,12505,15730.0,0.9088
s0_FULL,g3_moe_s0_1e16_sigmoid,2,52,static,12505,15986.6,0.8226
s0_FULL,g3_moe_s0_1e16_sigmoid,2,53,weighted,11927,15769.3,0.917
s0_FULL,g3_moe_s0_1e16_sigmoid,2,53,static,11927,15987.7,0.87
s0_FULL,g3_moe_s0_1e16_sigmoid,2,54,weighted,13665,15694.4,0.8961
s0_FULL,g3_moe_s0_1e16_sigmoid,2,54,static,13665,15981.7,0.7896
s0_FULL,g3_moe_s0_1e16_sigmoid,2,55,weighted,11012,15633.5,0.9288
s0_FULL,g3_moe_s0_1e16_sigmoid,2,55,static,11012,15988.6,0.872
s0_FULL,g3_moe_s0_1e16_sigmoid,2,56,weighted,10976,15768.7,0.8802
s0_FULL,g3_moe_s0_1e16_sigmoid,2,56,static,10976,15988.0,0.8801
s0_FULL,g3_moe_s0_1e16_sigmoid,2,57,weighted,11996,15735.0,0.9105
s0_FULL,g3_moe_s0_1e16_sigmoid,2,57,static,11996,15990.5,0.9021
s0_FULL,g3_moe_s0_1e16_sigmoid,2,58,weighted,12126,13351.3,0.8859
s0_FULL,g3_moe_s0_1e16_sigmoid,2,58,static,12126,15987.1,0.8813
s0_FULL,g3_moe_s0_1e16_sigmoid,2,59,weighted,16546,15488.3,0.9132
s0_FULL,g3_moe_s0_1e16_sigmoid,2,59,static,16546,15991.3,0.8929
s0_FULL,g3_moe_s0_1e16_sigmoid,2,60,weighted,9723,15740.7,0.9139
s0_FULL,g3_moe_s0_1e16_sigmoid,2,60,static,9723,15991.7,0.8155
s0_FULL,g3_moe_s0_1e16_sigmoid,2,61,weighted,13731,15587.9,0.8376
s0_FULL,g3_moe_s0_1e16_sigmoid,2,61,static,13731,15981.0,0.8573
s0_FULL,g3_moe_s0_1e16_sigmoid,2,62,weighted,11978,15832.9,0.8832
s0_FULL,g3_moe_s0_1e16_sigmoid,2,62,static,11978,15988.7,0.8743
s0_FULL,g3_moe_s0_1e16_sigmoid,2,63,weighted,8056,15802.5,0.9051
s0_FULL,g3_moe_s0_1e16_sigmoid,2,63,static,8056,15978.0,0.8789
s0_FULL,g3_moe_s0_1e16_sigmoid,2,64,weighted,10157,15761.1,0.8483
s0_FULL,g3_moe_s0_1e16_sigmoid,2,64,static,10157,15987.8,0.8798
s0_FULL,g3_moe_s0_1e16_sigmoid,2,65,weighted,12310,15622.3,0.8984
s0_FULL,g3_moe_s0_1e16_sigmoid,2,65,static,12310,15986.8,0.8989
s0_FULL,g3_moe_s0_1e16_sigmoid,2,66,weighted,12287,15723.4,0.9173
s0_FULL,g3_moe_s0_1e16_sigmoid,2,66,static,12287,15990.3,0.8596
s0_FULL,g3_moe_s0_1e16_sigmoid,2,67,weighted,9681,15772.6,0.8511
s0_FULL,g3_moe_s0_1e16_sigmoid,2,67,static,9681,15988.7,0.8942
s0_FULL,g3_moe_s0_1e16_sigmoid,2,68,weighted,7688,15830.3,0.8334
s0_FULL,g3_moe_s0_1e16_sigmoid,2,68,static,7688,15986.5,0.8413
s0_FULL,g3_moe_s0_1e16_sigmoid,2,69,weighted,10358,15766.0,0.9137
s0_FULL,g3_moe_s0_1e16_sigmoid,2,69,static,10358,15989.0,0.8809
s0_FULL,g3_moe_s0_1e16_sigmoid,2,70,weighted,13424,15592.2,0.9113
s0_FULL,g3_moe_s0_1e16_sigmoid,2,70,static,13424,15986.4,0.8238
s0_FULL,g3_moe_s0_1e16_sigmoid,2,71,weighted,9976,15872.1,0.8995
s0_FULL,g3_moe_s0_1e16_sigmoid,2,71,static,9976,15976.3,0.8313
s0_FULL,g3_moe_s0_1e16_sigmoid,2,72,weighted,11701,15856.2,0.8792
s0_FULL,g3_moe_s0_1e16_sigmoid,2,72,static,11701,15988.9,0.8647
s0_FULL,g3_moe_s0_1e16_sigmoid,2,73,weighted,13729,15766.5,0.9095
s0_FULL,g3_moe_s0_1e16_sigmoid,2,73,static,13729,15986.1,0.8389
s0_FULL,g3_moe_s0_1e16_sigmoid,2,74,weighted,15534,15857.7,0.8803
s0_FULL,g3_moe_s0_1e16_sigmoid,2,74,static,15534,15994.1,0.8473
s0_FULL,g3_moe_s0_1e16_sigmoid,2,75,weighted,12048,15831.1,0.9183
s0_FULL,g3_moe_s0_1e16_sigmoid,2,75,static,12048,15987.8,0.8541
s0_FULL,g3_moe_s0_1e16_sigmoid,2,76,weighted,12328,15811.9,0.8436
s0_FULL,g3_moe_s0_1e16_sigmoid,2,76,static,12328,15982.2,0.8554
s0_FULL,g3_moe_s0_1e16_sigmoid,2,77,weighted,12404,15789.9,0.907
s0_FULL,g3_moe_s0_1e16_sigmoid,2,77,static,12404,15991.2,0.851
s0_FULL,g3_moe_s0_1e16_sigmoid,2,78,weighted,13244,15706.8,0.8873
s0_FULL,g3_moe_s0_1e16_sigmoid,2,78,static,13244,15980.3,0.9032
s0_FULL,g3_moe_s0_1e16_sigmoid,2,79,weighted,13051,15773.8,0.9152
s0_FULL,g3_moe_s0_1e16_sigmoid,2,79,static,13051,15973.1,0.8334
s0_FULL,g3_moe_s0_1e16_sigmoid,2,80,weighted,13190,15734.6,0.858
s0_FULL,g3_moe_s0_1e16_sigmoid,2,80,static,13190,15988.9,0.8265
s0_FULL,g3_moe_s0_1e16_sigmoid,2,81,weighted,13304,15720.4,0.9174
s0_FULL,g3_moe_s0_1e16_sigmoid,2,81,static,13304,15986.6,0.9028
s0_FULL,g3_moe_s0_1e16_sigmoid,2,82,weighted,9966,15797.1,0.8945
s0_FULL,g3_moe_s0_1e16_sigmoid,2,82,static,9966,15981.7,0.8532
s0_FULL,g3_moe_s0_1e16_sigmoid,2,83,weighted,13035,15757.3,0.9085
s0_FULL,g3_moe_s0_1e16_sigmoid,2,83,static,13035,15985.0,0.8588
s0_FULL,g3_moe_s0_1e16_sigmoid,2,84,weighted,11821,15474.0,0.8567
s0_FULL,g3_moe_s0_1e16_sigmoid,2,84,static,11821,15982.0,0.8828
s0_FULL,g3_moe_s0_1e16_sigmoid,2,85,weighted,10911,15653.2,0.9266
s0_FULL,g3_moe_s0_1e16_sigmoid,2,85,static,10911,15992.7,0.8601
s0_FULL,g3_moe_s0_1e16_sigmoid,2,86,weighted,12299,15334.0,0.896
s0_FULL,g3_moe_s0_1e16_sigmoid,2,86,static,12299,15991.1,0.8724
s0_FULL,g3_moe_s0_1e16_sigmoid,2,87,weighted,11749,15709.8,0.8973
s0_FULL,g3_moe_s0_1e16_sigmoid,2,87,static,11749,15982.3,0.8695
s0_FULL,g3_moe_s0_1e16_sigmoid,2,88,weighted,13568,15702.7,0.928
s0_FULL,g3_moe_s0_1e16_sigmoid,2,88,static,13568,15985.3,0.8833
s0_FULL,g3_moe_s0_1e16_sigmoid,2,89,weighted,12563,15873.0,0.8505
s0_FULL,g3_moe_s0_1e16_sigmoid,2,89,static,12563,15983.5,0.8607
s0_FULL,g3_moe_s0_1e16_sigmoid,2,90,weighted,12691,15250.7,0.8919
s0_FULL,g3_moe_s0_1e16_sigmoid,2,90,static,12691,15977.1,0.8463
s0_FULL,g3_moe_s0_1e16_sigmoid,2,91,weighted,13163,15307.1,0.8863
s0_FULL,g3_moe_s0_1e16_sigmoid,2,91,static,13163,15987.0,0.8587
s0_FULL,g3_moe_s0_1e16_sigmoid,2,92,weighted,12815,14942.5,0.8975
s0_FULL,g3_moe_s0_1e16_sigmoid,2,92,static,12815,15990.2,0.8749
s0_FULL,g3_moe_s0_1e16_sigmoid,2,93,weighted,12066,15737.1,0.9063
s0_FULL,g3_moe_s0_1e16_sigmoid,2,93,static,12066,15986.0,0.7831
s0_FULL,g3_moe_s0_1e16_sigmoid,2,94,weighted,12356,15713.4,0.8853
s0_FULL,g3_moe_s0_1e16_sigmoid,2,94,static,12356,15986.6,0.8819
s0_FULL,g3_moe_s0_1e16_sigmoid,2,95,weighted,12048,15768.1,0.9285
s0_FULL,g3_moe_s0_1e16_sigmoid,2,95,static,12048,15992.3,0.8938
s0_FULL,g3_moe_s0_1e16_sigmoid,2,96,weighted,13006,15859.4,0.8686
s0_FULL,g3_moe_s0_1e16_sigmoid,2,96,static,13006,15993.0,0.9013
s0_FULL,g3_moe_s0_1e16_sigmoid,2,97,weighted,13570,15499.4,0.8378
s0_FULL,g3_moe_s0_1e16_sigmoid,2,97,static,13570,15992.9,0.8391
s0_FULL,g3_moe_s0_1e16_sigmoid,2,98,weighted,12701,15750.0,0.9133
s0_FULL,g3_moe_s0_1e16_sigmoid,2,98,static,12701,15988.1,0.8838
s0_FULL,g3_moe_s0_1e16_sigmoid,2,99,weighted,13978,15655.8,0.9275
s0_FULL,g3_moe_s0_1e16_sigmoid,2,99,static,13978,15991.5,0.8881
s0_FULL,g3_moe_s0_1e16_sigmoid,2,100,weighted,11861,15701.4,0.8589
s0_FULL,g3_moe_s0_1e16_sigmoid,2,100,static,11861,15988.7,0.8709
s0_FULL,g3_moe_s0_1e16_sigmoid,2,101,weighted,13797,15592.6,0.9271
s0_FULL,g3_moe_s0_1e16_sigmoid,2,101,static,13797,15986.9,0.8635
s0_FULL,g3_moe_s0_1e16_sigmoid,2,102,weighted,12940,15557.9,0.9059
s0_FULL,g3_moe_s0_1e16_sigmoid,2,102,static,12940,15991.9,0.8898
s0_FULL,g3_moe_s0_1e16_sigmoid,2,103,weighted,11468,15791.4,0.8826
s0_FULL,g3_moe_s0_1e16_sigmoid,2,103,static,11468,15987.0,0.8681
s0_FULL,g3_moe_s0_1e16_sigmoid,2,104,weighted,11334,15495.2,0.9044
s0_FULL,g3_moe_s0_1e16_sigmoid,2,104,static,11334,15986.0,0.8614
s0_FULL,g3_moe_s0_1e16_sigmoid,2,105,weighted,12383,15802.1,0.9264
s0_FULL,g3_moe_s0_1e16_sigmoid,2,105,static,12383,15990.5,0.8749
s0_FULL,g3_moe_s0_1e16_sigmoid,2,106,weighted,13536,15555.8,0.9025
s0_FULL,g3_moe_s0_1e16_sigmoid,2,106,static,13536,15990.4,0.9125
s0_FULL,g3_moe_s0_1e16_sigmoid,2,107,weighted,10888,15870.3,0.9021
s0_FULL,g3_moe_s0_1e16_sigmoid,2,107,static,10888,15976.7,0.9119
s0_FULL,g3_moe_s0_1e16_sigmoid,2,108,weighted,12492,15688.7,0.8681
s0_FULL,g3_moe_s0_1e16_sigmoid,2,108,static,12492,15981.5,0.87
s0_FULL,g3_moe_s0_1e16_sigmoid,2,109,weighted,15417,15537.6,0.9071
s0_FULL,g3_moe_s0_1e16_sigmoid,2,109,static,15417,15990.2,0.9104
s0_FULL,g3_moe_s0_1e16_sigmoid,2,110,weighted,14179,15742.8,0.9236
s0_FULL,g3_moe_s0_1e16_sigmoid,2,110,static,14179,15988.5,0.8759
s0_FULL,g3_moe_s0_1e16_sigmoid,2,111,weighted,11903,15608.6,0.8597
s0_FULL,g3_moe_s0_1e16_sigmoid,2,111,static,11903,15988.3,0.8725
s0_FULL,g3_moe_s0_1e16_sigmoid,2,112,weighted,12112,15854.2,0.922
s0_FULL,g3_moe_s0_1e16_sigmoid,2,112,static,12112,15988.5,0.9169
s0_FULL,g3_moe_s0_1e16_sigmoid,2,113,weighted,11656,15835.4,0.9183
s0_FULL,g3_moe_s0_1e16_sigmoid,2,113,static,11656,15987.7,0.9031
s0_FULL,g3_moe_s0_1e16_sigmoid,2,114,weighted,11303,15689.3,0.9059
s0_FULL,g3_moe_s0_1e16_sigmoid,2,114,static,11303,15990.3,0.8522
s0_FULL,g3_moe_s0_1e16_sigmoid,2,115,weighted,10308,15752.4,0.8717
s0_FULL,g3_moe_s0_1e16_sigmoid,2,115,static,10308,15988.8,0.866
s0_FULL,g3_moe_s0_1e16_sigmoid,2,116,weighted,11828,15796.9,0.9212
s0_FULL,g3_moe_s0_1e16_sigmoid,2,116,static,11828,15982.1,0.843
s0_FULL,g3_moe_s0_1e16_sigmoid,2,117,weighted,11872,15403.0,0.8253
s0_FULL,g3_moe_s0_1e16_sigmoid,2,117,static,11872,15992.8,0.9136
s0_FULL,g3_moe_s0_1e16_sigmoid,2,118,weighted,12840,15674.7,0.9197
s0_FULL,g3_moe_s0_1e16_sigmoid,2,118,static,12840,15991.4,0.8728
s0_FULL,g3_moe_s0_1e16_sigmoid,2,119,weighted,12718,15652.3,0.8874
s0_FULL,g3_moe_s0_1e16_sigmoid,2,119,static,12718,15983.9,0.8402
s0_FULL,g3_moe_s0_1e16_sigmoid,2,120,weighted,11394,15770.9,0.904
s0_FULL,g3_moe_s0_1e16_sigmoid,2,120,static,11394,15973.4,0.8805
s0_FULL,g3_moe_s0_1e16_sigmoid,2,121,weighted,11283,15671.2,0.911
s0_FULL,g3_moe_s0_1e16_sigmoid,2,121,static,11283,15977.1,0.8269
s0_FULL,g3_moe_s0_1e16_sigmoid,2,122,weighted,11621,15787.7,0.886
s0_FULL,g3_moe_s0_1e16_sigmoid,2,122,static,11621,15987.2,0.8819
s0_FULL,g3_moe_s0_1e16_sigmoid,2,123,weighted,16322,15586.1,0.7945
s0_FULL,g3_moe_s0_1e16_sigmoid,2,123,static,16322,15993.4,0.8333
s0_FULL,g3_moe_s0_1e16_sigmoid,2,124,weighted,12789,15804.8,0.8797
s0_FULL,g3_moe_s0_1e16_sigmoid,2,124,static,12789,15987.5,0.8879
s0_FULL,g3_moe_s0_1e16_sigmoid,2,125,weighted,11598,15801.9,0.9296
s0_FULL,g3_moe_s0_1e16_sigmoid,2,125,static,11598,15987.4,0.9193
s0_FULL,g3_moe_s0_1e16_sigmoid,2,126,weighted,12192,15763.7,0.836
s0_FULL,g3_moe_s0_1e16_sigmoid,2,126,static,12192,15988.4,0.84
s0_FULL,g3_moe_s0_1e16_sigmoid,2,127,weighted,11289,15643.9,0.9018
s0_FULL,g3_moe_s0_1e16_sigmoid,2,127,static,11289,15988.4,0.866
s0_FULL,g3_moe_s0_1e16_sigmoid,2,128,weighted,12454,15495.2,0.9228
s0_FULL,g3_moe_s0_1e16_sigmoid,2,128,static,12454,15985.2,0.8035
s0_FULL,g3_moe_s0_1e16_sigmoid,2,129,weighted,12221,15659.1,0.9131
s0_FULL,g3_moe_s0_1e16_sigmoid,2,129,static,12221,15988.2,0.8857
s0_FULL,g3_moe_s0_1e16_sigmoid,2,130,weighted,10710,15733.7,0.892
s0_FULL,g3_moe_s0_1e16_sigmoid,2,130,static,10710,15985.9,0.8426
s0_FULL,g3_moe_s0_1e16_sigmoid,2,131,weighted,15676,15644.5,0.8319
s0_FULL,g3_moe_s0_1e16_sigmoid,2,131,static,15676,15986.9,0.8568
s0_FULL,g3_moe_s0_1e16_sigmoid,2,132,weighted,12671,15124.8,0.9297
s0_FULL,g3_moe_s0_1e16_sigmoid,2,132,static,12671,15985.0,0.8535
s0_FULL,g3_moe_s0_1e16_sigmoid,2,133,weighted,18661,15897.7,0.8284
s0_FULL,g3_moe_s0_1e16_sigmoid,2,133,static,18661,15989.1,0.8973
s0_FULL,g3_moe_s0_1e16_sigmoid,2,134,weighted,13348,15770.2,0.9016
s0_FULL,g3_moe_s0_1e16_sigmoid,2,134,static,13348,15977.5,0.8551
s0_FULL,g3_moe_s0_1e16_sigmoid,2,135,weighted,10023,15759.5,0.896
s0_FULL,g3_moe_s0_1e16_sigmoid,2,135,static,10023,15987.1,0.8856
s0_FULL,g3_moe_s0_1e16_sigmoid,2,136,weighted,13287,15268.6,0.8924
s0_FULL,g3_moe_s0_1e16_sigmoid,2,136,static,13287,15992.1,0.8948
s0_FULL,g3_moe_s0_1e16_sigmoid,2,137,weighted,10144,15860.9,0.8553
s0_FULL,g3_moe_s0_1e16_sigmoid,2,137,static,10144,15985.4,0.8824
s0_FULL,g3_moe_s0_1e16_sigmoid,2,138,weighted,14915,15800.5,0.9221
s0_FULL,g3_moe_s0_1e16_sigmoid,2,138,static,14915,15984.7,0.8911
s0_FULL,g3_moe_s0_1e16_sigmoid,2,139,weighted,13365,15786.2,0.9288
s0_FULL,g3_moe_s0_1e16_sigmoid,2,139,static,13365,15990.5,0.9042
s0_FULL,g3_moe_s0_1e16_sigmoid,2,140,weighted,16481,15703.6,0.9102
s0_FULL,g3_moe_s0_1e16_sigmoid,2,140,static,16481,15990.8,0.8847
s0_FULL,g3_moe_s0_1e16_sigmoid,2,141,weighted,10784,15812.3,0.9006
s0_FULL,g3_moe_s0_1e16_sigmoid,2,141,static,10784,15987.8,0.8847
s0_FULL,g3_moe_s0_1e16_sigmoid,2,142,weighted,11768,15648.8,0.9113
s0_FULL,g3_moe_s0_1e16_sigmoid,2,142,static,11768,15982.2,0.8769
s0_FULL,g3_moe_s0_1e16_sigmoid,2,143,weighted,13220,15541.5,0.8943
s0_FULL,g3_moe_s0_1e16_sigmoid,2,143,static,13220,15990.5,0.828
s0_FULL,g3_moe_s0_1e16_sigmoid,2,144,weighted,6562,15412.0,0.858
s0_FULL,g3_moe_s0_1e16_sigmoid,2,144,static,6562,15973.6,0.8793
s0_FULL,g3_moe_s0_1e16_sigmoid,2,145,weighted,11513,15526.5,0.9053
s0_FULL,g3_moe_s0_1e16_sigmoid,2,145,static,11513,15979.5,0.83
s0_FULL,g3_moe_s0_1e16_sigmoid,2,146,weighted,13274,15850.5,0.8891
s0_FULL,g3_moe_s0_1e16_sigmoid,2,146,static,13274,15984.3,0.8259
s0_FULL,g3_moe_s0_1e16_sigmoid,2,147,weighted,13294,15921.0,0.8512
s0_FULL,g3_moe_s0_1e16_sigmoid,2,147,static,13294,15977.9,0.9135
s0_FULL,g3_moe_s0_1e16_sigmoid,2,148,weighted,14810,15576.2,0.8846
s0_FULL,g3_moe_s0_1e16_sigmoid,2,148,static,14810,15990.5,0.8935
s0_FULL,g3_moe_s0_1e16_sigmoid,2,149,weighted,14896,15851.3,0.866
s0_FULL,g3_moe_s0_1e16_sigmoid,2,149,static,14896,15990.8,0.849
s0_FULL,g3_moe_s0_1e16_sigmoid,2,150,weighted,14964,15688.7,0.898
s0_FULL,g3_moe_s0_1e16_sigmoid,2,150,static,14964,15980.6,0.9091
s0_FULL,g3_moe_s0_1e16_sigmoid,2,151,weighted,10818,15068.2,0.8602
s0_FULL,g3_moe_s0_1e16_sigmoid,2,151,static,10818,15986.2,0.8691
s0_FULL,g3_moe_s0_1e16_sigmoid,2,152,weighted,11817,15745.1,0.8753
s0_FULL,g3_moe_s0_1e16_sigmoid,2,152,static,11817,15983.2,0.8531
s0_FULL,g3_moe_s0_1e16_sigmoid,2,153,weighted,12252,15892.4,0.8402
s0_FULL,g3_moe_s0_1e16_sigmoid,2,153,static,12252,15992.5,0.8904
s0_FULL,g3_moe_s0_1e16_sigmoid,2,154,weighted,11500,14615.4,0.9205
s0_FULL,g3_moe_s0_1e16_sigmoid,2,154,static,11500,15987.9,0.8618
s0_FULL,g3_moe_s0_1e16_sigmoid,2,155,weighted,10787,15587.1,0.867
s0_FULL,g3_moe_s0_1e16_sigmoid,2,155,static,10787,15990.6,0.8641
s0_FULL,g3_moe_s0_1e16_sigmoid,2,156,weighted,10382,15706.0,0.9113
s0_FULL,g3_moe_s0_1e16_sigmoid,2,156,static,10382,15987.5,0.8956
s0_FULL,g3_moe_s0_1e16_sigmoid,2,157,weighted,12238,15351.6,0.8881
s0_FULL,g3_moe_s0_1e16_sigmoid,2,157,static,12238,15989.1,0.8325
s0_FULL,g3_moe_s0_1e16_sigmoid,2,158,weighted,11733,15675.6,0.9126
s0_FULL,g3_moe_s0_1e16_sigmoid,2,158,static,11733,15988.6,0.8881
s0_FULL,g3_moe_s0_1e16_sigmoid,2,159,weighted,13408,15720.0,0.8898
s0_FULL,g3_moe_s0_1e16_sigmoid,2,159,static,13408,15990.0,0.8531
s0_FULL,g3_moe_s0_1e16_sigmoid,2,160,weighted,15407,15521.5,0.9186
s0_FULL,g3_moe_s0_1e16_sigmoid,2,160,static,15407,15988.3,0.895
s0_FULL,g3_moe_s0_1e16_sigmoid,2,161,weighted,11070,15839.0,0.8769
s0_FULL,g3_moe_s0_1e16_sigmoid,2,161,static,11070,15985.2,0.8624
s0_FULL,g3_moe_s0_1e16_sigmoid,2,162,weighted,10312,15748.9,0.8888
s0_FULL,g3_moe_s0_1e16_sigmoid,2,162,static,10312,15985.0,0.8182
s0_FULL,g3_moe_s0_1e16_sigmoid,2,163,weighted,11031,15372.3,0.9104
s0_FULL,g3_moe_s0_1e16_sigmoid,2,163,static,11031,15988.5,0.883
s0_FULL,g3_moe_s0_1e16_sigmoid,2,164,weighted,11995,15603.3,0.9034
s0_FULL,g3_moe_s0_1e16_sigmoid,2,164,static,11995,15990.1,0.8973
s0_FULL,g3_moe_s0_1e16_sigmoid,2,165,weighted,16160,15768.6,0.9176
s0_FULL,g3_moe_s0_1e16_sigmoid,2,165,static,16160,15991.9,0.8866
s0_FULL,g3_moe_s0_1e16_sigmoid,2,166,weighted,12300,15837.4,0.9133
s0_FULL,g3_moe_s0_1e16_sigmoid,2,166,static,12300,15988.7,0.9102
s0_FULL,g3_moe_s0_1e16_sigmoid,2,167,weighted,15502,15797.9,0.9151
s0_FULL,g3_moe_s0_1e16_sigmoid,2,167,static,15502,15991.3,0.8671
s0_FULL,g3_moe_s0_1e16_sigmoid,2,168,weighted,9972,15735.0,0.885
s0_FULL,g3_moe_s0_1e16_sigmoid,2,168,static,9972,15992.9,0.8739
s0_FULL,g3_moe_s0_1e16_sigmoid,2,169,weighted,9614,15687.4,0.9125
s0_FULL,g3_moe_s0_1e16_sigmoid,2,169,static,9614,15984.7,0.8625
s0_FULL,g3_moe_s0_1e16_sigmoid,2,170,weighted,14199,15801.0,0.8568
s0_FULL,g3_moe_s0_1e16_sigmoid,2,170,static,14199,15993.2,0.8828
s0_FULL,g3_moe_s0_1e16_sigmoid,2,171,weighted,11562,15832.7,0.9254
s0_FULL,g3_moe_s0_1e16_sigmoid,2,171,static,11562,15991.3,0.8947
s0_FULL,g3_moe_s0_1e16_sigmoid,2,172,weighted,12177,15712.7,0.9209
s0_FULL,g3_moe_s0_1e16_sigmoid,2,172,static,12177,15985.8,0.8664
s0_FULL,g3_moe_s0_1e16_sigmoid,2,173,weighted,11857,15484.8,0.8995
s0_FULL,g3_moe_s0_1e16_sigmoid,2,173,static,11857,15992.4,0.8562
s0_FULL,g3_moe_s0_1e16_sigmoid,2,174,weighted,6756,15686.1,0.8811
s0_FULL,g3_moe_s0_1e16_sigmoid,2,174,static,6756,15981.3,0.9019
s0_FULL,g3_moe_s0_1e16_sigmoid,2,175,weighted,9763,15759.3,0.9002
s0_FULL,g3_moe_s0_1e16_sigmoid,2,175,static,9763,15989.4,0.8249
s0_FULL,g3_moe_s0_1e16_sigmoid,2,176,weighted,12981,15157.8,0.8889
s0_FULL,g3_moe_s0_1e16_sigmoid,2,176,static,12981,15984.1,0.8614
s0_FULL,g3_moe_s0_1e16_sigmoid,2,177,weighted,12563,15487.2,0.8896
s0_FULL,g3_moe_s0_1e16_sigmoid,2,177,static,12563,15990.6,0.8901
s0_FULL,g3_moe_s0_1e16_sigmoid,2,178,weighted,10208,15845.6,0.9109
s0_FULL,g3_moe_s0_1e16_sigmoid,2,178,static,10208,15986.5,0.8832
s0_FULL,g3_moe_s0_1e16_sigmoid,2,179,weighted,10247,15823.4,0.8565
s0_FULL,g3_moe_s0_1e16_sigmoid,2,179,static,10247,15976.4,0.8642
s0_FULL,g3_moe_s0_1e16_sigmoid,2,180,weighted,10337,15894.9,0.8821
s0_FULL,g3_moe_s0_1e16_sigmoid,2,180,static,10337,15979.2,0.818
s0_FULL,g3_moe_s0_1e16_sigmoid,2,181,weighted,14292,15647.2,0.8859
s0_FULL,g3_moe_s0_1e16_sigmoid,2,181,static,14292,15990.1,0.8308
s0_FULL,g3_moe_s0_1e16_sigmoid,2,182,weighted,11279,15907.9,0.8274
s0_FULL,g3_moe_s0_1e16_sigmoid,2,182,static,11279,15982.4,0.8571
s0_FULL,g3_moe_s0_1e16_sigmoid,2,183,weighted,11861,15682.2,0.9
s0_FULL,g3_moe_s0_1e16_sigmoid,2,183,static,11861,15989.2,0.8894
s0_FULL,g3_moe_s0_1e16_sigmoid,2,184,weighted,12380,15650.8,0.9081
s0_FULL,g3_moe_s0_1e16_sigmoid,2,184,static,12380,15993.1,0.9163
s0_FULL,g3_moe_s0_1e16_sigmoid,2,185,weighted,13464,15701.4,0.899
s0_FULL,g3_moe_s0_1e16_sigmoid,2,185,static,13464,15993.4,0.8656
s0_FULL,g3_moe_s0_1e16_sigmoid,2,186,weighted,12266,15576.6,0.9224
s0_FULL,g3_moe_s0_1e16_sigmoid,2,186,static,12266,15985.2,0.8619
s0_FULL,g3_moe_s0_1e16_sigmoid,2,187,weighted,11544,15050.1,0.857
s0_FULL,g3_moe_s0_1e16_sigmoid,2,187,static,11544,15986.6,0.8999
s0_FULL,g3_moe_s0_1e16_sigmoid,2,188,weighted,12318,15885.9,0.8952
s0_FULL,g3_moe_s0_1e16_sigmoid,2,188,static,12318,15987.6,0.884
s0_FULL,g3_moe_s0_1e16_sigmoid,2,189,weighted,12126,15859.4,0.9277
s0_FULL,g3_moe_s0_1e16_sigmoid,2,189,static,12126,15986.5,0.8703
s0_FULL,g3_moe_s0_1e16_sigmoid,2,190,weighted,11397,15482.1,0.8849
s0_FULL,g3_moe_s0_1e16_sigmoid,2,190,static,11397,15967.2,0.8808
s0_FULL,g3_moe_s0_1e16_sigmoid,2,191,weighted,11634,15585.3,0.8863
s0_FULL,g3_moe_s0_1e16_sigmoid,2,191,static,11634,15988.8,0.8917
s0_FULL,g3_moe_s0_1e16_sigmoid,3,0,weighted,11569,15273.4,0.7729
s0_FULL,g3_moe_s0_1e16_sigmoid,3,0,static,11569,15987.4,0.8862
s0_FULL,g3_moe_s0_1e16_sigmoid,3,1,weighted,14107,15451.5,0.8937
s0_FULL,g3_moe_s0_1e16_sigmoid,3,1,static,14107,15987.4,0.8638
s0_FULL,g3_moe_s0_1e16_sigmoid,3,2,weighted,10522,13435.6,0.8762
s0_FULL,g3_moe_s0_1e16_sigmoid,3,2,static,10522,15989.2,0.8952
s0_FULL,g3_moe_s0_1e16_sigmoid,3,3,weighted,14105,15106.0,0.9203
s0_FULL,g3_moe_s0_1e16_sigmoid,3,3,static,14105,15988.4,0.8933
s0_FULL,g3_moe_s0_1e16_sigmoid,3,4,weighted,11386,15075.1,0.8809
s0_FULL,g3_moe_s0_1e16_sigmoid,3,4,static,11386,15984.6,0.8598
s0_FULL,g3_moe_s0_1e16_sigmoid,3,5,weighted,12254,15330.9,0.8834
s0_FULL,g3_moe_s0_1e16_sigmoid,3,5,static,12254,15987.9,0.8715
s0_FULL,g3_moe_s0_1e16_sigmoid,3,6,weighted,12195,15771.7,0.9078
s0_FULL,g3_moe_s0_1e16_sigmoid,3,6,static,12195,15981.3,0.7986
s0_FULL,g3_moe_s0_1e16_sigmoid,3,7,weighted,9813,15602.0,0.8769
s0_FULL,g3_moe_s0_1e16_sigmoid,3,7,static,9813,15986.2,0.8661
s0_FULL,g3_moe_s0_1e16_sigmoid,3,8,weighted,12065,15533.9,0.7772
s0_FULL,g3_moe_s0_1e16_sigmoid,3,8,static,12065,15989.2,0.9121
s0_FULL,g3_moe_s0_1e16_sigmoid,3,9,weighted,11498,15518.1,0.8736
s0_FULL,g3_moe_s0_1e16_sigmoid,3,9,static,11498,15986.9,0.8813
s0_FULL,g3_moe_s0_1e16_sigmoid,3,10,weighted,9373,15747.8,0.862
s0_FULL,g3_moe_s0_1e16_sigmoid,3,10,static,9373,15985.9,0.8761
s0_FULL,g3_moe_s0_1e16_sigmoid,3,11,weighted,12709,15732.3,0.8638
s0_FULL,g3_moe_s0_1e16_sigmoid,3,11,static,12709,15988.1,0.8565
s0_FULL,g3_moe_s0_1e16_sigmoid,3,12,weighted,11544,15716.8,0.8528
s0_FULL,g3_moe_s0_1e16_sigmoid,3,12,static,11544,15983.4,0.8864
s0_FULL,g3_moe_s0_1e16_sigmoid,3,13,weighted,13020,15547.9,0.8942
s0_FULL,g3_moe_s0_1e16_sigmoid,3,13,static,13020,15986.7,0.8968
s0_FULL,g3_moe_s0_1e16_sigmoid,3,14,weighted,12679,15459.1,0.9038
s0_FULL,g3_moe_s0_1e16_sigmoid,3,14,static,12679,15986.8,0.8459
s0_FULL,g3_moe_s0_1e16_sigmoid,3,15,weighted,11388,15364.5,0.8745
s0_FULL,g3_moe_s0_1e16_sigmoid,3,15,static,11388,15990.3,0.8654
s0_FULL,g3_moe_s0_1e16_sigmoid,3,16,weighted,12208,15637.1,0.8671
s0_FULL,g3_moe_s0_1e16_sigmoid,3,16,static,12208,15963.9,0.9272
s0_FULL,g3_moe_s0_1e16_sigmoid,3,17,weighted,11378,15443.0,0.8596
s0_FULL,g3_moe_s0_1e16_sigmoid,3,17,static,11378,15992.0,0.8807
s0_FULL,g3_moe_s0_1e16_sigmoid,3,18,weighted,10867,15512.0,0.9145
s0_FULL,g3_moe_s0_1e16_sigmoid,3,18,static,10867,15988.3,0.8705
s0_FULL,g3_moe_s0_1e16_sigmoid,3,19,weighted,13659,15671.7,0.8845
s0_FULL,g3_moe_s0_1e16_sigmoid,3,19,static,13659,15987.1,0.8219
s0_FULL,g3_moe_s0_1e16_sigmoid,3,20,weighted,14898,15380.9,0.9178
s0_FULL,g3_moe_s0_1e16_sigmoid,3,20,static,14898,15987.2,0.8653
s0_FULL,g3_moe_s0_1e16_sigmoid,3,21,weighted,15621,14746.9,0.9091
s0_FULL,g3_moe_s0_1e16_sigmoid,3,21,static,15621,15993.1,0.8909
s0_FULL,g3_moe_s0_1e16_sigmoid,3,22,weighted,10869,15239.1,0.8687
s0_FULL,g3_moe_s0_1e16_sigmoid,3,22,static,10869,15990.6,0.8518
s0_FULL,g3_moe_s0_1e16_sigmoid,3,23,weighted,13128,15521.5,0.917
s0_FULL,g3_moe_s0_1e16_sigmoid,3,23,static,13128,15988.3,0.8701
s0_FULL,g3_moe_s0_1e16_sigmoid,3,24,weighted,13886,15316.9,0.8526
s0_FULL,g3_moe_s0_1e16_sigmoid,3,24,static,13886,15988.2,0.8538
s0_FULL,g3_moe_s0_1e16_sigmoid,3,25,weighted,12391,15446.3,0.8818
s0_FULL,g3_moe_s0_1e16_sigmoid,3,25,static,12391,15979.4,0.7906
s0_FULL,g3_moe_s0_1e16_sigmoid,3,26,weighted,13121,15740.8,0.8557
s0_FULL,g3_moe_s0_1e16_sigmoid,3,26,static,13121,15987.7,0.8619
s0_FULL,g3_moe_s0_1e16_sigmoid,3,27,weighted,11962,15065.7,0.8798
s0_FULL,g3_moe_s0_1e16_sigmoid,3,27,static,11962,15991.4,0.8606
s0_FULL,g3_moe_s0_1e16_sigmoid,3,28,weighted,13717,15221.7,0.8743
s0_FULL,g3_moe_s0_1e16_sigmoid,3,28,static,13717,15990.9,0.8211
s0_FULL,g3_moe_s0_1e16_sigmoid,3,29,weighted,10823,15418.4,0.8747
s0_FULL,g3_moe_s0_1e16_sigmoid,3,29,static,10823,15988.6,0.8583
s0_FULL,g3_moe_s0_1e16_sigmoid,3,30,weighted,11805,14829.5,0.8909
s0_FULL,g3_moe_s0_1e16_sigmoid,3,30,static,11805,15983.4,0.8277
s0_FULL,g3_moe_s0_1e16_sigmoid,3,31,weighted,13961,15336.4,0.8919
s0_FULL,g3_moe_s0_1e16_sigmoid,3,31,static,13961,15984.2,0.8527
s0_FULL,g3_moe_s0_1e16_sigmoid,3,32,weighted,14073,15278.5,0.93
s0_FULL,g3_moe_s0_1e16_sigmoid,3,32,static,14073,15990.7,0.8533
s0_FULL,g3_moe_s0_1e16_sigmoid,3,33,weighted,11586,15406.1,0.8614
s0_FULL,g3_moe_s0_1e16_sigmoid,3,33,static,11586,15991.7,0.8824
s0_FULL,g3_moe_s0_1e16_sigmoid,3,34,weighted,11232,15631.1,0.7766
s0_FULL,g3_moe_s0_1e16_sigmoid,3,34,static,11232,15981.8,0.7335
s0_FULL,g3_moe_s0_1e16_sigmoid,3,35,weighted,9409,15738.9,0.8555
s0_FULL,g3_moe_s0_1e16_sigmoid,3,35,static,9409,15981.9,0.8726
s0_FULL,g3_moe_s0_1e16_sigmoid,3,36,weighted,12017,15480.8,0.899
s0_FULL,g3_moe_s0_1e16_sigmoid,3,36,static,12017,15988.3,0.8402
s0_FULL,g3_moe_s0_1e16_sigmoid,3,37,weighted,12480,15703.1,0.8565
s0_FULL,g3_moe_s0_1e16_sigmoid,3,37,static,12480,15989.2,0.9068
s0_FULL,g3_moe_s0_1e16_sigmoid,3,38,weighted,11259,15639.1,0.9034
s0_FULL,g3_moe_s0_1e16_sigmoid,3,38,static,11259,15986.9,0.8983
s0_FULL,g3_moe_s0_1e16_sigmoid,3,39,weighted,11117,15353.9,0.9137
s0_FULL,g3_moe_s0_1e16_sigmoid,3,39,static,11117,15986.1,0.8606
s0_FULL,g3_moe_s0_1e16_sigmoid,3,40,weighted,11772,15726.3,0.8804
s0_FULL,g3_moe_s0_1e16_sigmoid,3,40,static,11772,15983.1,0.9142
s0_FULL,g3_moe_s0_1e16_sigmoid,3,41,weighted,13474,14640.5,0.8616
s0_FULL,g3_moe_s0_1e16_sigmoid,3,41,static,13474,15988.0,0.8807
s0_FULL,g3_moe_s0_1e16_sigmoid,3,42,weighted,13055,15244.5,0.7928
s0_FULL,g3_moe_s0_1e16_sigmoid,3,42,static,13055,15990.0,0.8888
s0_FULL,g3_moe_s0_1e16_sigmoid,3,43,weighted,12549,15543.4,0.8939
s0_FULL,g3_moe_s0_1e16_sigmoid,3,43,static,12549,15984.8,0.8407
s0_FULL,g3_moe_s0_1e16_sigmoid,3,44,weighted,13024,15818.6,0.8931
s0_FULL,g3_moe_s0_1e16_sigmoid,3,44,static,13024,15984.0,0.8624
s0_FULL,g3_moe_s0_1e16_sigmoid,3,45,weighted,11768,15877.6,0.8841
s0_FULL,g3_moe_s0_1e16_sigmoid,3,45,static,11768,15990.8,0.8793
s0_FULL,g3_moe_s0_1e16_sigmoid,3,46,weighted,11202,13643.4,0.8458
s0_FULL,g3_moe_s0_1e16_sigmoid,3,46,static,11202,15986.8,0.8471
s0_FULL,g3_moe_s0_1e16_sigmoid,3,47,weighted,11970,14886.1,0.8753
s0_FULL,g3_moe_s0_1e16_sigmoid,3,47,static,11970,15989.2,0.8239
s0_FULL,g3_moe_s0_1e16_sigmoid,3,48,weighted,11333,15566.6,0.9287
s0_FULL,g3_moe_s0_1e16_sigmoid,3,48,static,11333,15986.4,0.8799
s0_FULL,g3_moe_s0_1e16_sigmoid,3,49,weighted,12524,15476.1,0.8678
s0_FULL,g3_moe_s0_1e16_sigmoid,3,49,static,12524,15992.1,0.8791
s0_FULL,g3_moe_s0_1e16_sigmoid,3,50,weighted,14359,15362.8,0.8715
s0_FULL,g3_moe_s0_1e16_sigmoid,3,50,static,14359,15992.2,0.8556
s0_FULL,g3_moe_s0_1e16_sigmoid,3,51,weighted,12282,15651.5,0.9266
s0_FULL,g3_moe_s0_1e16_sigmoid,3,51,static,12282,15984.8,0.8909
s0_FULL,g3_moe_s0_1e16_sigmoid,3,52,weighted,13079,15729.2,0.8333
s0_FULL,g3_moe_s0_1e16_sigmoid,3,52,static,13079,15989.4,0.8652
s0_FULL,g3_moe_s0_1e16_sigmoid,3,53,weighted,10642,14988.6,0.817
s0_FULL,g3_moe_s0_1e16_sigmoid,3,53,static,10642,15990.5,0.8283
s0_FULL,g3_moe_s0_1e16_sigmoid,3,54,weighted,10893,15434.4,0.8423
s0_FULL,g3_moe_s0_1e16_sigmoid,3,54,static,10893,15983.0,0.9077
s0_FULL,g3_moe_s0_1e16_sigmoid,3,55,weighted,13745,15597.8,0.9067
s0_FULL,g3_moe_s0_1e16_sigmoid,3,55,static,13745,15986.7,0.8631
s0_FULL,g3_moe_s0_1e16_sigmoid,3,56,weighted,11625,14864.9,0.7499
s0_FULL,g3_moe_s0_1e16_sigmoid,3,56,static,11625,15988.6,0.8876
s0_FULL,g3_moe_s0_1e16_sigmoid,3,57,weighted,15086,15710.6,0.9078
s0_FULL,g3_moe_s0_1e16_sigmoid,3,57,static,15086,15987.0,0.8515
s0_FULL,g3_moe_s0_1e16_sigmoid,3,58,weighted,10437,15622.7,0.8608
s0_FULL,g3_moe_s0_1e16_sigmoid,3,58,static,10437,15988.6,0.8919
s0_FULL,g3_moe_s0_1e16_sigmoid,3,59,weighted,10894,15710.5,0.8207
s0_FULL,g3_moe_s0_1e16_sigmoid,3,59,static,10894,15983.5,0.8573
s0_FULL,g3_moe_s0_1e16_sigmoid,3,60,weighted,12547,14749.6,0.9014
s0_FULL,g3_moe_s0_1e16_sigmoid,3,60,static,12547,15986.2,0.897
s0_FULL,g3_moe_s0_1e16_sigmoid,3,61,weighted,14119,15295.1,0.8704
s0_FULL,g3_moe_s0_1e16_sigmoid,3,61,static,14119,15994.6,0.9099
s0_FULL,g3_moe_s0_1e16_sigmoid,3,62,weighted,11777,14875.6,0.8858
s0_FULL,g3_moe_s0_1e16_sigmoid,3,62,static,11777,15983.7,0.8197
s0_FULL,g3_moe_s0_1e16_sigmoid,3,63,weighted,10462,14597.4,0.8545
s0_FULL,g3_moe_s0_1e16_sigmoid,3,63,static,10462,15985.8,0.8973
s0_FULL,g3_moe_s0_1e16_sigmoid,3,64,weighted,12404,15735.3,0.8782
s0_FULL,g3_moe_s0_1e16_sigmoid,3,64,static,12404,15991.5,0.9075
s0_FULL,g3_moe_s0_1e16_sigmoid,3,65,weighted,12410,14881.6,0.8792
s0_FULL,g3_moe_s0_1e16_sigmoid,3,65,static,12410,15991.1,0.8739
s0_FULL,g3_moe_s0_1e16_sigmoid,3,66,weighted,12396,15012.2,0.8813
s0_FULL,g3_moe_s0_1e16_sigmoid,3,66,static,12396,15989.0,0.8705
s0_FULL,g3_moe_s0_1e16_sigmoid,3,67,weighted,11052,15417.0,0.9038
s0_FULL,g3_moe_s0_1e16_sigmoid,3,67,static,11052,15983.2,0.8585
s0_FULL,g3_moe_s0_1e16_sigmoid,3,68,weighted,16104,15317.5,0.8696
s0_FULL,g3_moe_s0_1e16_sigmoid,3,68,static,16104,15988.9,0.8745
s0_FULL,g3_moe_s0_1e16_sigmoid,3,69,weighted,13516,14881.9,0.7845
s0_FULL,g3_moe_s0_1e16_sigmoid,3,69,static,13516,15991.5,0.8388
s0_FULL,g3_moe_s0_1e16_sigmoid,3,70,weighted,13182,15045.6,0.8582
s0_FULL,g3_moe_s0_1e16_sigmoid,3,70,static,13182,15982.2,0.8325
s0_FULL,g3_moe_s0_1e16_sigmoid,3,71,weighted,12269,15755.2,0.8924
s0_FULL,g3_moe_s0_1e16_sigmoid,3,71,static,12269,15989.1,0.9146
s0_FULL,g3_moe_s0_1e16_sigmoid,3,72,weighted,11749,15290.4,0.8782
s0_FULL,g3_moe_s0_1e16_sigmoid,3,72,static,11749,15991.5,0.8788
s0_FULL,g3_moe_s0_1e16_sigmoid,3,73,weighted,10112,15725.6,0.8602
s0_FULL,g3_moe_s0_1e16_sigmoid,3,73,static,10112,15983.2,0.8675
s0_FULL,g3_moe_s0_1e16_sigmoid,3,74,weighted,13048,15280.4,0.9107
s0_FULL,g3_moe_s0_1e16_sigmoid,3,74,static,13048,15985.2,0.7818
s0_FULL,g3_moe_s0_1e16_sigmoid,3,75,weighted,11868,15530.8,0.8625
s0_FULL,g3_moe_s0_1e16_sigmoid,3,75,static,11868,15989.2,0.8518
s0_FULL,g3_moe_s0_1e16_sigmoid,3,76,weighted,9830,15561.3,0.9196
s0_FULL,g3_moe_s0_1e16_sigmoid,3,76,static,9830,15985.7,0.879
s0_FULL,g3_moe_s0_1e16_sigmoid,3,77,weighted,10609,15188.0,0.8968
s0_FULL,g3_moe_s0_1e16_sigmoid,3,77,static,10609,15987.0,0.8657
s0_FULL,g3_moe_s0_1e16_sigmoid,3,78,weighted,10667,14801.2,0.8425
s0_FULL,g3_moe_s0_1e16_sigmoid,3,78,static,10667,15990.4,0.8842
s0_FULL,g3_moe_s0_1e16_sigmoid,3,79,weighted,14405,14676.4,0.8204
s0_FULL,g3_moe_s0_1e16_sigmoid,3,79,static,14405,15990.6,0.8714
s0_FULL,g3_moe_s0_1e16_sigmoid,3,80,weighted,7964,15741.8,0.8227
s0_FULL,g3_moe_s0_1e16_sigmoid,3,80,static,7964,15981.7,0.8699
s0_FULL,g3_moe_s0_1e16_sigmoid,3,81,weighted,12232,14184.1,0.7411
s0_FULL,g3_moe_s0_1e16_sigmoid,3,81,static,12232,15984.6,0.8564
s0_FULL,g3_moe_s0_1e16_sigmoid,3,82,weighted,13181,15286.7,0.8872
s0_FULL,g3_moe_s0_1e16_sigmoid,3,82,static,13181,15986.7,0.8741
s0_FULL,g3_moe_s0_1e16_sigmoid,3,83,weighted,7763,15578.4,0.8626
s0_FULL,g3_moe_s0_1e16_sigmoid,3,83,static,7763,15974.7,0.8421
s0_FULL,g3_moe_s0_1e16_sigmoid,3,84,weighted,12304,15137.7,0.8757
s0_FULL,g3_moe_s0_1e16_sigmoid,3,84,static,12304,15981.6,0.8632
s0_FULL,g3_moe_s0_1e16_sigmoid,3,85,weighted,11498,14276.0,0.894
s0_FULL,g3_moe_s0_1e16_sigmoid,3,85,static,11498,15986.4,0.9159
s0_FULL,g3_moe_s0_1e16_sigmoid,3,86,weighted,12080,14643.4,0.8683
s0_FULL,g3_moe_s0_1e16_sigmoid,3,86,static,12080,15985.1,0.8616
s0_FULL,g3_moe_s0_1e16_sigmoid,3,87,weighted,9760,15495.2,0.8614
s0_FULL,g3_moe_s0_1e16_sigmoid,3,87,static,9760,15979.6,0.8137
s0_FULL,g3_moe_s0_1e16_sigmoid,3,88,weighted,12518,14480.2,0.8634
s0_FULL,g3_moe_s0_1e16_sigmoid,3,88,static,12518,15990.5,0.872
s0_FULL,g3_moe_s0_1e16_sigmoid,3,89,weighted,9033,15506.2,0.8172
s0_FULL,g3_moe_s0_1e16_sigmoid,3,89,static,9033,15984.9,0.8513
s0_FULL,g3_moe_s0_1e16_sigmoid,3,90,weighted,11454,14912.0,0.8972
s0_FULL,g3_moe_s0_1e16_sigmoid,3,90,static,11454,15985.2,0.857
s0_FULL,g3_moe_s0_1e16_sigmoid,3,91,weighted,11221,15173.9,0.8255
s0_FULL,g3_moe_s0_1e16_sigmoid,3,91,static,11221,15982.6,0.8504
s0_FULL,g3_moe_s0_1e16_sigmoid,3,92,weighted,10385,15769.0,0.9151
s0_FULL,g3_moe_s0_1e16_sigmoid,3,92,static,10385,15990.9,0.8806
s0_FULL,g3_moe_s0_1e16_sigmoid,3,93,weighted,11190,15686.3,0.9015
s0_FULL,g3_moe_s0_1e16_sigmoid,3,93,static,11190,15989.9,0.8633
s0_FULL,g3_moe_s0_1e16_sigmoid,3,94,weighted,10939,15419.3,0.8821
s0_FULL,g3_moe_s0_1e16_sigmoid,3,94,static,10939,15983.7,0.8303
s0_FULL,g3_moe_s0_1e16_sigmoid,3,95,weighted,11744,15493.4,0.8848
s0_FULL,g3_moe_s0_1e16_sigmoid,3,95,static,11744,15987.2,0.8683
s0_FULL,g3_moe_s0_1e16_sigmoid,3,96,weighted,12526,15640.2,0.7529
s0_FULL,g3_moe_s0_1e16_sigmoid,3,96,static,12526,15988.6,0.878
s0_FULL,g3_moe_s0_1e16_sigmoid,3,97,weighted,11568,15428.4,0.8558
s0_FULL,g3_moe_s0_1e16_sigmoid,3,97,static,11568,15987.2,0.9034
s0_FULL,g3_moe_s0_1e16_sigmoid,3,98,weighted,10284,15410.3,0.8914
s0_FULL,g3_moe_s0_1e16_sigmoid,3,98,static,10284,15985.4,0.8625
s0_FULL,g3_moe_s0_1e16_sigmoid,3,99,weighted,13585,15817.1,0.9133
s0_FULL,g3_moe_s0_1e16_sigmoid,3,99,static,13585,15979.5,0.899
s0_FULL,g3_moe_s0_1e16_sigmoid,3,100,weighted,12183,15740.1,0.8039
s0_FULL,g3_moe_s0_1e16_sigmoid,3,100,static,12183,15990.0,0.8769
s0_FULL,g3_moe_s0_1e16_sigmoid,3,101,weighted,11723,15602.1,0.9093
s0_FULL,g3_moe_s0_1e16_sigmoid,3,101,static,11723,15990.2,0.8692
s0_FULL,g3_moe_s0_1e16_sigmoid,3,102,weighted,10137,15669.2,0.8154
s0_FULL,g3_moe_s0_1e16_sigmoid,3,102,static,10137,15989.3,0.8661
s0_FULL,g3_moe_s0_1e16_sigmoid,3,103,weighted,14328,15802.2,0.8503
s0_FULL,g3_moe_s0_1e16_sigmoid,3,103,static,14328,15985.6,0.8582
s0_FULL,g3_moe_s0_1e16_sigmoid,3,104,weighted,12256,15678.7,0.9263
s0_FULL,g3_moe_s0_1e16_sigmoid,3,104,static,12256,15991.1,0.8722
s0_FULL,g3_moe_s0_1e16_sigmoid,3,105,weighted,9918,14909.9,0.8465
s0_FULL,g3_moe_s0_1e16_sigmoid,3,105,static,9918,15984.1,0.8519
s0_FULL,g3_moe_s0_1e16_sigmoid,3,106,weighted,13564,15742.3,0.9227
s0_FULL,g3_moe_s0_1e16_sigmoid,3,106,static,13564,15981.5,0.8364
s0_FULL,g3_moe_s0_1e16_sigmoid,3,107,weighted,13977,15181.2,0.876
s0_FULL,g3_moe_s0_1e16_sigmoid,3,107,static,13977,15990.6,0.8788
s0_FULL,g3_moe_s0_1e16_sigmoid,3,108,weighted,10388,15591.0,0.8902
s0_FULL,g3_moe_s0_1e16_sigmoid,3,108,static,10388,15988.6,0.8428
s0_FULL,g3_moe_s0_1e16_sigmoid,3,109,weighted,13562,15401.1,0.865
s0_FULL,g3_moe_s0_1e16_sigmoid,3,109,static,13562,15984.3,0.9088
s0_FULL,g3_moe_s0_1e16_sigmoid,3,110,weighted,12720,15279.2,0.9021
s0_FULL,g3_moe_s0_1e16_sigmoid,3,110,static,12720,15990.0,0.8698
s0_FULL,g3_moe_s0_1e16_sigmoid,3,111,weighted,11592,15094.3,0.8645
s0_FULL,g3_moe_s0_1e16_sigmoid,3,111,static,11592,15983.5,0.858
s0_FULL,g3_moe_s0_1e16_sigmoid,3,112,weighted,12740,13988.6,0.8509
s0_FULL,g3_moe_s0_1e16_sigmoid,3,112,static,12740,15991.8,0.8473
s0_FULL,g3_moe_s0_1e16_sigmoid,3,113,weighted,15155,15760.3,0.8947
s0_FULL,g3_moe_s0_1e16_sigmoid,3,113,static,15155,15984.1,0.8638
s0_FULL,g3_moe_s0_1e16_sigmoid,3,114,weighted,10750,15574.5,0.8703
s0_FULL,g3_moe_s0_1e16_sigmoid,3,114,static,10750,15985.9,0.8753
s0_FULL,g3_moe_s0_1e16_sigmoid,3,115,weighted,13132,15668.8,0.8833
s0_FULL,g3_moe_s0_1e16_sigmoid,3,115,static,13132,15988.9,0.881
s0_FULL,g3_moe_s0_1e16_sigmoid,3,116,weighted,14305,14770.1,0.8841
s0_FULL,g3_moe_s0_1e16_sigmoid,3,116,static,14305,15985.4,0.8878
s0_FULL,g3_moe_s0_1e16_sigmoid,3,117,weighted,12750,14942.4,0.9277
s0_FULL,g3_moe_s0_1e16_sigmoid,3,117,static,12750,15988.6,0.8996
s0_FULL,g3_moe_s0_1e16_sigmoid,3,118,weighted,15320,15188.9,0.9057
s0_FULL,g3_moe_s0_1e16_sigmoid,3,118,static,15320,15982.2,0.9139
s0_FULL,g3_moe_s0_1e16_sigmoid,3,119,weighted,11901,15763.3,0.9098
s0_FULL,g3_moe_s0_1e16_sigmoid,3,119,static,11901,15988.6,0.8704
s0_FULL,g3_moe_s0_1e16_sigmoid,3,120,weighted,12866,15066.0,0.8656
s0_FULL,g3_moe_s0_1e16_sigmoid,3,120,static,12866,15990.5,0.8707
s0_FULL,g3_moe_s0_1e16_sigmoid,3,121,weighted,12450,15869.5,0.8083
s0_FULL,g3_moe_s0_1e16_sigmoid,3,121,static,12450,15985.2,0.8536
s0_FULL,g3_moe_s0_1e16_sigmoid,3,122,weighted,12358,15488.5,0.9129
s0_FULL,g3_moe_s0_1e16_sigmoid,3,122,static,12358,15990.2,0.9103
s0_FULL,g3_moe_s0_1e16_sigmoid,3,123,weighted,12976,15596.6,0.8879
s0_FULL,g3_moe_s0_1e16_sigmoid,3,123,static,12976,15990.9,0.8909
s0_FULL,g3_moe_s0_1e16_sigmoid,3,124,weighted,12719,14733.1,0.9119
s0_FULL,g3_moe_s0_1e16_sigmoid,3,124,static,12719,15988.0,0.8329
s0_FULL,g3_moe_s0_1e16_sigmoid,3,125,weighted,12115,15498.4,0.8957
s0_FULL,g3_moe_s0_1e16_sigmoid,3,125,static,12115,15988.4,0.8779
s0_FULL,g3_moe_s0_1e16_sigmoid,3,126,weighted,10962,15237.7,0.8889
s0_FULL,g3_moe_s0_1e16_sigmoid,3,126,static,10962,15987.3,0.881
s0_FULL,g3_moe_s0_1e16_sigmoid,3,127,weighted,12225,15413.1,0.8854
s0_FULL,g3_moe_s0_1e16_sigmoid,3,127,static,12225,15983.8,0.8762
s0_FULL,g3_moe_s0_1e16_sigmoid,3,128,weighted,13092,14430.2,0.8847
s0_FULL,g3_moe_s0_1e16_sigmoid,3,128,static,13092,15987.3,0.9016
s0_FULL,g3_moe_s0_1e16_sigmoid,3,129,weighted,14151,15561.9,0.9286
s0_FULL,g3_moe_s0_1e16_sigmoid,3,129,static,14151,15988.2,0.8573
s0_FULL,g3_moe_s0_1e16_sigmoid,3,130,weighted,18086,14900.1,0.8804
s0_FULL,g3_moe_s0_1e16_sigmoid,3,130,static,18086,15988.7,0.9051
s0_FULL,g3_moe_s0_1e16_sigmoid,3,131,weighted,12791,15454.0,0.9277
s0_FULL,g3_moe_s0_1e16_sigmoid,3,131,static,12791,15982.4,0.7709
s0_FULL,g3_moe_s0_1e16_sigmoid,3,132,weighted,11029,15527.4,0.8178
s0_FULL,g3_moe_s0_1e16_sigmoid,3,132,static,11029,15988.4,0.8901
s0_FULL,g3_moe_s0_1e16_sigmoid,3,133,weighted,14741,15037.5,0.8781
s0_FULL,g3_moe_s0_1e16_sigmoid,3,133,static,14741,15989.7,0.8535
s0_FULL,g3_moe_s0_1e16_sigmoid,3,134,weighted,14224,15324.4,0.9162
s0_FULL,g3_moe_s0_1e16_sigmoid,3,134,static,14224,15988.1,0.8616
s0_FULL,g3_moe_s0_1e16_sigmoid,3,135,weighted,11193,14628.8,0.7734
s0_FULL,g3_moe_s0_1e16_sigmoid,3,135,static,11193,15990.7,0.8724
s0_FULL,g3_moe_s0_1e16_sigmoid,3,136,weighted,12012,15573.9,0.8778
s0_FULL,g3_moe_s0_1e16_sigmoid,3,136,static,12012,15985.6,0.8547
s0_FULL,g3_moe_s0_1e16_sigmoid,3,137,weighted,11629,15757.0,0.845
s0_FULL,g3_moe_s0_1e16_sigmoid,3,137,static,11629,15987.9,0.8553
s0_FULL,g3_moe_s0_1e16_sigmoid,3,138,weighted,13153,15546.7,0.8456
s0_FULL,g3_moe_s0_1e16_sigmoid,3,138,static,13153,15988.3,0.9228
s0_FULL,g3_moe_s0_1e16_sigmoid,3,139,weighted,13168,15612.3,0.9114
s0_FULL,g3_moe_s0_1e16_sigmoid,3,139,static,13168,15989.1,0.8832
s0_FULL,g3_moe_s0_1e16_sigmoid,3,140,weighted,10187,15557.3,0.9188
s0_FULL,g3_moe_s0_1e16_sigmoid,3,140,static,10187,15989.6,0.9079
s0_FULL,g3_moe_s0_1e16_sigmoid,3,141,weighted,9958,15610.1,0.8552
s0_FULL,g3_moe_s0_1e16_sigmoid,3,141,static,9958,15979.4,0.8702
s0_FULL,g3_moe_s0_1e16_sigmoid,3,142,weighted,10698,15516.9,0.8446
s0_FULL,g3_moe_s0_1e16_sigmoid,3,142,static,10698,15988.0,0.891
s0_FULL,g3_moe_s0_1e16_sigmoid,3,143,weighted,10499,15834.9,0.9032
s0_FULL,g3_moe_s0_1e16_sigmoid,3,143,static,10499,15984.4,0.8716
s0_FULL,g3_moe_s0_1e16_sigmoid,3,144,weighted,13472,15380.0,0.89
s0_FULL,g3_moe_s0_1e16_sigmoid,3,144,static,13472,15989.5,0.8665
s0_FULL,g3_moe_s0_1e16_sigmoid,3,145,weighted,16167,14854.7,0.8875
s0_FULL,g3_moe_s0_1e16_sigmoid,3,145,static,16167,15992.8,0.8454
s0_FULL,g3_moe_s0_1e16_sigmoid,3,146,weighted,15499,15706.6,0.8933
s0_FULL,g3_moe_s0_1e16_sigmoid,3,146,static,15499,15986.0,0.898
s0_FULL,g3_moe_s0_1e16_sigmoid,3,147,weighted,11745,15324.6,0.8848
s0_FULL,g3_moe_s0_1e16_sigmoid,3,147,static,11745,15990.4,0.8668
s0_FULL,g3_moe_s0_1e16_sigmoid,3,148,weighted,13327,15577.7,0.8774
s0_FULL,g3_moe_s0_1e16_sigmoid,3,148,static,13327,15983.6,0.8417
s0_FULL,g3_moe_s0_1e16_sigmoid,3,149,weighted,9314,15467.6,0.8467
s0_FULL,g3_moe_s0_1e16_sigmoid,3,149,static,9314,15986.6,0.8672
s0_FULL,g3_moe_s0_1e16_sigmoid,3,150,weighted,9138,15791.7,0.8852
s0_FULL,g3_moe_s0_1e16_sigmoid,3,150,static,9138,15985.3,0.8313
s0_FULL,g3_moe_s0_1e16_sigmoid,3,151,weighted,10681,15803.6,0.9005
s0_FULL,g3_moe_s0_1e16_sigmoid,3,151,static,10681,15987.4,0.8721
s0_FULL,g3_moe_s0_1e16_sigmoid,3,152,weighted,9589,15802.1,0.8551
s0_FULL,g3_moe_s0_1e16_sigmoid,3,152,static,9589,15985.4,0.8772
s0_FULL,g3_moe_s0_1e16_sigmoid,3,153,weighted,12400,15763.5,0.8186
s0_FULL,g3_moe_s0_1e16_sigmoid,3,153,static,12400,15992.0,0.8711
s0_FULL,g3_moe_s0_1e16_sigmoid,3,154,weighted,13446,15455.2,0.9172
s0_FULL,g3_moe_s0_1e16_sigmoid,3,154,static,13446,15990.9,0.8995
s0_FULL,g3_moe_s0_1e16_sigmoid,3,155,weighted,10065,15545.3,0.9202
s0_FULL,g3_moe_s0_1e16_sigmoid,3,155,static,10065,15983.2,0.8612
s0_FULL,g3_moe_s0_1e16_sigmoid,3,156,weighted,19182,15271.9,0.9011
s0_FULL,g3_moe_s0_1e16_sigmoid,3,156,static,19182,15988.6,0.8291
s0_FULL,g3_moe_s0_1e16_sigmoid,3,157,weighted,13145,15767.4,0.8665
s0_FULL,g3_moe_s0_1e16_sigmoid,3,157,static,13145,15984.8,0.8278
s0_FULL,g3_moe_s0_1e16_sigmoid,3,158,weighted,13325,15101.0,0.867
s0_FULL,g3_moe_s0_1e16_sigmoid,3,158,static,13325,15990.6,0.8779
s0_FULL,g3_moe_s0_1e16_sigmoid,3,159,weighted,11819,15601.5,0.9081
s0_FULL,g3_moe_s0_1e16_sigmoid,3,159,static,11819,15988.5,0.8782
s0_FULL,g3_moe_s0_1e16_sigmoid,3,160,weighted,13057,15766.8,0.9058
s0_FULL,g3_moe_s0_1e16_sigmoid,3,160,static,13057,15989.6,0.8852
s0_FULL,g3_moe_s0_1e16_sigmoid,3,161,weighted,13604,15256.8,0.8771
s0_FULL,g3_moe_s0_1e16_sigmoid,3,161,static,13604,15992.1,0.8692
s0_FULL,g3_moe_s0_1e16_sigmoid,3,162,weighted,14104,15590.5,0.8967
s0_FULL,g3_moe_s0_1e16_sigmoid,3,162,static,14104,15980.5,0.8288
s0_FULL,g3_moe_s0_1e16_sigmoid,3,163,weighted,8930,15665.8,0.8596
s0_FULL,g3_moe_s0_1e16_sigmoid,3,163,static,8930,15985.6,0.8917
s0_FULL,g3_moe_s0_1e16_sigmoid,3,164,weighted,14623,15570.5,0.8513
s0_FULL,g3_moe_s0_1e16_sigmoid,3,164,static,14623,15987.1,0.8617
s0_FULL,g3_moe_s0_1e16_sigmoid,3,165,weighted,12866,15386.6,0.9118
s0_FULL,g3_moe_s0_1e16_sigmoid,3,165,static,12866,15988.1,0.8794
s0_FULL,g3_moe_s0_1e16_sigmoid,3,166,weighted,14168,14604.6,0.9035
s0_FULL,g3_moe_s0_1e16_sigmoid,3,166,static,14168,15992.0,0.8694
s0_FULL,g3_moe_s0_1e16_sigmoid,3,167,weighted,10681,15363.1,0.8671
s0_FULL,g3_moe_s0_1e16_sigmoid,3,167,static,10681,15988.7,0.8314
s0_FULL,g3_moe_s0_1e16_sigmoid,3,168,weighted,11972,15528.4,0.89
s0_FULL,g3_moe_s0_1e16_sigmoid,3,168,static,11972,15992.4,0.8775
s0_FULL,g3_moe_s0_1e16_sigmoid,3,169,weighted,12788,15595.2,0.8729
s0_FULL,g3_moe_s0_1e16_sigmoid,3,169,static,12788,15987.6,0.903
s0_FULL,g3_moe_s0_1e16_sigmoid,3,170,weighted,15518,15187.6,0.9108
s0_FULL,g3_moe_s0_1e16_sigmoid,3,170,static,15518,15990.2,0.8274
s0_FULL,g3_moe_s0_1e16_sigmoid,3,171,weighted,11898,15531.3,0.8487
s0_FULL,g3_moe_s0_1e16_sigmoid,3,171,static,11898,15991.4,0.8698
s0_FULL,g3_moe_s0_1e16_sigmoid,3,172,weighted,11145,15586.4,0.9234
s0_FULL,g3_moe_s0_1e16_sigmoid,3,172,static,11145,15987.5,0.8345
s0_FULL,g3_moe_s0_1e16_sigmoid,3,173,weighted,13579,14852.5,0.9051
s0_FULL,g3_moe_s0_1e16_sigmoid,3,173,static,13579,15991.7,0.911
s0_FULL,g3_moe_s0_1e16_sigmoid,3,174,weighted,18615,15584.4,0.8784
s0_FULL,g3_moe_s0_1e16_sigmoid,3,174,static,18615,15982.3,0.8673
s0_FULL,g3_moe_s0_1e16_sigmoid,3,175,weighted,12530,15701.1,0.8749
s0_FULL,g3_moe_s0_1e16_sigmoid,3,175,static,12530,15987.7,0.8658
s0_FULL,g3_moe_s0_1e16_sigmoid,3,176,weighted,14011,15376.6,0.9071
s0_FULL,g3_moe_s0_1e16_sigmoid,3,176,static,14011,15990.5,0.9124
s0_FULL,g3_moe_s0_1e16_sigmoid,3,177,weighted,12447,15069.5,0.8871
s0_FULL,g3_moe_s0_1e16_sigmoid,3,177,static,12447,15988.1,0.8732
s0_FULL,g3_moe_s0_1e16_sigmoid,3,178,weighted,10978,14612.3,0.8238
s0_FULL,g3_moe_s0_1e16_sigmoid,3,178,static,10978,15988.3,0.8679
s0_FULL,g3_moe_s0_1e16_sigmoid,3,179,weighted,12442,14967.7,0.8568
s0_FULL,g3_moe_s0_1e16_sigmoid,3,179,static,12442,15987.3,0.8797
s0_FULL,g3_moe_s0_1e16_sigmoid,3,180,weighted,11991,15557.4,0.8919
s0_FULL,g3_moe_s0_1e16_sigmoid,3,180,static,11991,15985.4,0.824
s0_FULL,g3_moe_s0_1e16_sigmoid,3,181,weighted,12326,14939.8,0.9068
s0_FULL,g3_moe_s0_1e16_sigmoid,3,181,static,12326,15989.9,0.8643
s0_FULL,g3_moe_s0_1e16_sigmoid,3,182,weighted,11649,15624.0,0.9186
s0_FULL,g3_moe_s0_1e16_sigmoid,3,182,static,11649,15981.0,0.87
s0_FULL,g3_moe_s0_1e16_sigmoid,3,183,weighted,14550,15412.2,0.8639
s0_FULL,g3_moe_s0_1e16_sigmoid,3,183,static,14550,15993.6,0.8884
s0_FULL,g3_moe_s0_1e16_sigmoid,3,184,weighted,13615,15045.9,0.89
s0_FULL,g3_moe_s0_1e16_sigmoid,3,184,static,13615,15991.5,0.8772
s0_FULL,g3_moe_s0_1e16_sigmoid,3,185,weighted,11967,15353.0,0.8764
s0_FULL,g3_moe_s0_1e16_sigmoid,3,185,static,11967,15992.3,0.8716
s0_FULL,g3_moe_s0_1e16_sigmoid,3,186,weighted,7940,15687.9,0.8332
s0_FULL,g3_moe_s0_1e16_sigmoid,3,186,static,7940,15983.2,0.8993
s0_FULL,g3_moe_s0_1e16_sigmoid,3,187,weighted,12025,15643.0,0.8473
s0_FULL,g3_moe_s0_1e16_sigmoid,3,187,static,12025,15990.7,0.8262
s0_FULL,g3_moe_s0_1e16_sigmoid,3,188,weighted,14238,15569.4,0.9085
s0_FULL,g3_moe_s0_1e16_sigmoid,3,188,static,14238,15982.1,0.8577
s0_FULL,g3_moe_s0_1e16_sigmoid,3,189,weighted,11179,15605.2,0.9236
s0_FULL,g3_moe_s0_1e16_sigmoid,3,189,static,11179,15984.4,0.8877
s0_FULL,g3_moe_s0_1e16_sigmoid,3,190,weighted,10181,14906.4,0.8507
s0_FULL,g3_moe_s0_1e16_sigmoid,3,190,static,10181,15989.0,0.8779
s0_FULL,g3_moe_s0_1e16_sigmoid,3,191,weighted,12520,15377.2,0.9124
s0_FULL,g3_moe_s0_1e16_sigmoid,3,191,static,12520,15989.6,0.8653
s0_FULL,g3_moe_s0_1e16_sigmoid,4,0,weighted,12694,15455.4,0.8845
s0_FULL,g3_moe_s0_1e16_sigmoid,4,0,static,12694,15991.3,0.8931
s0_FULL,g3_moe_s0_1e16_sigmoid,4,1,weighted,10719,15029.6,0.879
s0_FULL,g3_moe_s0_1e16_sigmoid,4,1,static,10719,15987.4,0.8552
s0_FULL,g3_moe_s0_1e16_sigmoid,4,2,weighted,12355,13129.1,0.8744
s0_FULL,g3_moe_s0_1e16_sigmoid,4,2,static,12355,15988.1,0.8929
s0_FULL,g3_moe_s0_1e16_sigmoid,4,3,weighted,13878,15288.5,0.8457
s0_FULL,g3_moe_s0_1e16_sigmoid,4,3,static,13878,15987.2,0.8435
s0_FULL,g3_moe_s0_1e16_sigmoid,4,4,weighted,11992,13324.5,0.8578
s0_FULL,g3_moe_s0_1e16_sigmoid,4,4,static,11992,15982.3,0.8569
s0_FULL,g3_moe_s0_1e16_sigmoid,4,5,weighted,13630,12259.3,0.7845
s0_FULL,g3_moe_s0_1e16_sigmoid,4,5,static,13630,15982.9,0.8156
s0_FULL,g3_moe_s0_1e16_sigmoid,4,6,weighted,15061,14681.6,0.8789
s0_FULL,g3_moe_s0_1e16_sigmoid,4,6,static,15061,15992.5,0.8947
s0_FULL,g3_moe_s0_1e16_sigmoid,4,7,weighted,12576,12808.0,0.9187
s0_FULL,g3_moe_s0_1e16_sigmoid,4,7,static,12576,15983.4,0.9148
s0_FULL,g3_moe_s0_1e16_sigmoid,4,8,weighted,10650,15028.9,0.8619
s0_FULL,g3_moe_s0_1e16_sigmoid,4,8,static,10650,15988.5,0.8717
s0_FULL,g3_moe_s0_1e16_sigmoid,4,9,weighted,10590,15371.4,0.8825
s0_FULL,g3_moe_s0_1e16_sigmoid,4,9,static,10590,15981.9,0.8683
s0_FULL,g3_moe_s0_1e16_sigmoid,4,10,weighted,9991,14951.1,0.8707
s0_FULL,g3_moe_s0_1e16_sigmoid,4,10,static,9991,15990.3,0.879
s0_FULL,g3_moe_s0_1e16_sigmoid,4,11,weighted,12200,14836.9,0.9189
s0_FULL,g3_moe_s0_1e16_sigmoid,4,11,static,12200,15983.9,0.8301
s0_FULL,g3_moe_s0_1e16_sigmoid,4,12,weighted,10970,13483.8,0.8955
s0_FULL,g3_moe_s0_1e16_sigmoid,4,12,static,10970,15986.6,0.8514
s0_FULL,g3_moe_s0_1e16_sigmoid,4,13,weighted,11363,12862.2,0.8768
s0_FULL,g3_moe_s0_1e16_sigmoid,4,13,static,11363,15985.2,0.9324
s0_FULL,g3_moe_s0_1e16_sigmoid,4,14,weighted,11913,14455.5,0.7898
s0_FULL,g3_moe_s0_1e16_sigmoid,4,14,static,11913,15989.0,0.8833
s0_FULL,g3_moe_s0_1e16_sigmoid,4,15,weighted,8937,14988.3,0.8878
s0_FULL,g3_moe_s0_1e16_sigmoid,4,15,static,8937,15975.1,0.8711
s0_FULL,g3_moe_s0_1e16_sigmoid,4,16,weighted,11178,15436.0,0.86
s0_FULL,g3_moe_s0_1e16_sigmoid,4,16,static,11178,15992.8,0.8927
s0_FULL,g3_moe_s0_1e16_sigmoid,4,17,weighted,14257,15602.0,0.8816
s0_FULL,g3_moe_s0_1e16_sigmoid,4,17,static,14257,15985.7,0.8789
s0_FULL,g3_moe_s0_1e16_sigmoid,4,18,weighted,11288,13481.1,0.8508
s0_FULL,g3_moe_s0_1e16_sigmoid,4,18,static,11288,15989.0,0.8468
s0_FULL,g3_moe_s0_1e16_sigmoid,4,19,weighted,10272,1766.5,0.8267
s0_FULL,g3_moe_s0_1e16_sigmoid,4,19,static,10272,15976.7,0.8841
s0_FULL,g3_moe_s0_1e16_sigmoid,4,20,weighted,11011,3678.3,0.8824
s0_FULL,g3_moe_s0_1e16_sigmoid,4,20,static,11011,15980.3,0.8752
s0_FULL,g3_moe_s0_1e16_sigmoid,4,21,weighted,9800,14376.0,0.8639
s0_FULL,g3_moe_s0_1e16_sigmoid,4,21,static,9800,15980.4,0.8735
s0_FULL,g3_moe_s0_1e16_sigmoid,4,22,weighted,10732,15480.2,0.9354
s0_FULL,g3_moe_s0_1e16_sigmoid,4,22,static,10732,15984.6,0.8658
s0_FULL,g3_moe_s0_1e16_sigmoid,4,23,weighted,12218,15227.4,0.8544
s0_FULL,g3_moe_s0_1e16_sigmoid,4,23,static,12218,15989.4,0.877
s0_FULL,g3_moe_s0_1e16_sigmoid,4,24,weighted,12581,15667.2,0.8638
s0_FULL,g3_moe_s0_1e16_sigmoid,4,24,static,12581,15981.3,0.8573
s0_FULL,g3_moe_s0_1e16_sigmoid,4,25,weighted,11583,15553.6,0.8712
s0_FULL,g3_moe_s0_1e16_sigmoid,4,25,static,11583,15990.5,0.8653
s0_FULL,g3_moe_s0_1e16_sigmoid,4,26,weighted,13295,15707.6,0.7989
s0_FULL,g3_moe_s0_1e16_sigmoid,4,26,static,13295,15990.4,0.8847
s0_FULL,g3_moe_s0_1e16_sigmoid,4,27,weighted,10294,15270.2,0.8565
s0_FULL,g3_moe_s0_1e16_sigmoid,4,27,static,10294,15985.0,0.8367
s0_FULL,g3_moe_s0_1e16_sigmoid,4,28,weighted,11826,14696.2,0.9046
s0_FULL,g3_moe_s0_1e16_sigmoid,4,28,static,11826,15987.5,0.8628
s0_FULL,g3_moe_s0_1e16_sigmoid,4,29,weighted,9744,15429.9,0.8605
s0_FULL,g3_moe_s0_1e16_sigmoid,4,29,static,9744,15988.8,0.8307
s0_FULL,g3_moe_s0_1e16_sigmoid,4,30,weighted,12374,7169.0,0.6705
s0_FULL,g3_moe_s0_1e16_sigmoid,4,30,static,12374,15996.4,0.8946
s0_FULL,g3_moe_s0_1e16_sigmoid,4,31,weighted,10877,10600.3,0.8667
s0_FULL,g3_moe_s0_1e16_sigmoid,4,31,static,10877,15986.0,0.8971
s0_FULL,g3_moe_s0_1e16_sigmoid,4,32,weighted,9223,14637.1,0.8705
s0_FULL,g3_moe_s0_1e16_sigmoid,4,32,static,9223,15975.5,0.7957
s0_FULL,g3_moe_s0_1e16_sigmoid,4,33,weighted,10959,15392.2,0.8876
s0_FULL,g3_moe_s0_1e16_sigmoid,4,33,static,10959,15980.0,0.867
s0_FULL,g3_moe_s0_1e16_sigmoid,4,34,weighted,12470,15687.9,0.8894
s0_FULL,g3_moe_s0_1e16_sigmoid,4,34,static,12470,15988.0,0.8796
s0_FULL,g3_moe_s0_1e16_sigmoid,4,35,weighted,13499,13584.5,0.8634
s0_FULL,g3_moe_s0_1e16_sigmoid,4,35,static,13499,15992.5,0.9003
s0_FULL,g3_moe_s0_1e16_sigmoid,4,36,weighted,10600,13888.1,0.8998
s0_FULL,g3_moe_s0_1e16_sigmoid,4,36,static,10600,15989.3,0.8654
s0_FULL,g3_moe_s0_1e16_sigmoid,4,37,weighted,14050,13808.6,0.9105
s0_FULL,g3_moe_s0_1e16_sigmoid,4,37,static,14050,15989.0,0.9023
s0_FULL,g3_moe_s0_1e16_sigmoid,4,38,weighted,10233,14450.4,0.8653
s0_FULL,g3_moe_s0_1e16_sigmoid,4,38,static,10233,15989.7,0.8855
s0_FULL,g3_moe_s0_1e16_sigmoid,4,39,weighted,11340,12914.5,0.8674
s0_FULL,g3_moe_s0_1e16_sigmoid,4,39,static,11340,15988.0,0.8888
s0_FULL,g3_moe_s0_1e16_sigmoid,4,40,weighted,15272,15270.1,0.8597
s0_FULL,g3_moe_s0_1e16_sigmoid,4,40,static,15272,15987.5,0.7971
s0_FULL,g3_moe_s0_1e16_sigmoid,4,41,weighted,10860,13484.9,0.8991
s0_FULL,g3_moe_s0_1e16_sigmoid,4,41,static,10860,15989.4,0.8892
s0_FULL,g3_moe_s0_1e16_sigmoid,4,42,weighted,11880,14592.9,0.8834
s0_FULL,g3_moe_s0_1e16_sigmoid,4,42,static,11880,15973.8,0.8518
s0_FULL,g3_moe_s0_1e16_sigmoid,4,43,weighted,10664,11168.4,0.852
s0_FULL,g3_moe_s0_1e16_sigmoid,4,43,static,10664,15989.4,0.884
s0_FULL,g3_moe_s0_1e16_sigmoid,4,44,weighted,14552,12460.2,0.8841
s0_FULL,g3_moe_s0_1e16_sigmoid,4,44,static,14552,15989.0,0.8747
s0_FULL,g3_moe_s0_1e16_sigmoid,4,45,weighted,15122,14820.3,0.8699
s0_FULL,g3_moe_s0_1e16_sigmoid,4,45,static,15122,15992.0,0.8622
s0_FULL,g3_moe_s0_1e16_sigmoid,4,46,weighted,11875,15519.1,0.8903
s0_FULL,g3_moe_s0_1e16_sigmoid,4,46,static,11875,15989.1,0.8768
s0_FULL,g3_moe_s0_1e16_sigmoid,4,47,weighted,11955,13720.2,0.9029
s0_FULL,g3_moe_s0_1e16_sigmoid,4,47,static,11955,15981.6,0.8814
s0_FULL,g3_moe_s0_1e16_sigmoid,4,48,weighted,11380,14873.0,0.8778
s0_FULL,g3_moe_s0_1e16_sigmoid,4,48,static,11380,15988.9,0.8766
s0_FULL,g3_moe_s0_1e16_sigmoid,4,49,weighted,12031,15784.8,0.874
s0_FULL,g3_moe_s0_1e16_sigmoid,4,49,static,12031,15985.9,0.8661
s0_FULL,g3_moe_s0_1e16_sigmoid,4,50,weighted,13255,14822.7,0.9086
s0_FULL,g3_moe_s0_1e16_sigmoid,4,50,static,13255,15988.1,0.9227
s0_FULL,g3_moe_s0_1e16_sigmoid,4,51,weighted,14992,10789.6,0.8591
s0_FULL,g3_moe_s0_1e16_sigmoid,4,51,static,14992,15987.5,0.8753
s0_FULL,g3_moe_s0_1e16_sigmoid,4,52,weighted,14530,13486.3,0.8831
s0_FULL,g3_moe_s0_1e16_sigmoid,4,52,static,14530,15974.7,0.8661
s0_FULL,g3_moe_s0_1e16_sigmoid,4,53,weighted,13770,13778.9,0.87
s0_FULL,g3_moe_s0_1e16_sigmoid,4,53,static,13770,15991.2,0.8951
s0_FULL,g3_moe_s0_1e16_sigmoid,4,54,weighted,8576,15409.9,0.873
s0_FULL,g3_moe_s0_1e16_sigmoid,4,54,static,8576,15983.5,0.806
s0_FULL,g3_moe_s0_1e16_sigmoid,4,55,weighted,15136,14840.1,0.8488
s0_FULL,g3_moe_s0_1e16_sigmoid,4,55,static,15136,15987.9,0.8723
s0_FULL,g3_moe_s0_1e16_sigmoid,4,56,weighted,11271,11325.6,0.8197
s0_FULL,g3_moe_s0_1e16_sigmoid,4,56,static,11271,15987.4,0.7782
s0_FULL,g3_moe_s0_1e16_sigmoid,4,57,weighted,11026,12661.5,0.8538
s0_FULL,g3_moe_s0_1e16_sigmoid,4,57,static,11026,15988.8,0.886
s0_FULL,g3_moe_s0_1e16_sigmoid,4,58,weighted,11524,15726.2,0.8962
s0_FULL,g3_moe_s0_1e16_sigmoid,4,58,static,11524,15990.0,0.8627
s0_FULL,g3_moe_s0_1e16_sigmoid,4,59,weighted,12943,14901.1,0.9148
s0_FULL,g3_moe_s0_1e16_sigmoid,4,59,static,12943,15982.4,0.8896
s0_FULL,g3_moe_s0_1e16_sigmoid,4,60,weighted,11385,13682.5,0.9204
s0_FULL,g3_moe_s0_1e16_sigmoid,4,60,static,11385,15986.9,0.8511
s0_FULL,g3_moe_s0_1e16_sigmoid,4,61,weighted,11557,14703.5,0.5773
s0_FULL,g3_moe_s0_1e16_sigmoid,4,61,static,11557,15985.1,0.868
s0_FULL,g3_moe_s0_1e16_sigmoid,4,62,weighted,11643,5003.6,0.8434
s0_FULL,g3_moe_s0_1e16_sigmoid,4,62,static,11643,15990.7,0.8593
s0_FULL,g3_moe_s0_1e16_sigmoid,4,63,weighted,11309,15294.9,0.8894
s0_FULL,g3_moe_s0_1e16_sigmoid,4,63,static,11309,15991.9,0.8814
s0_FULL,g3_moe_s0_1e16_sigmoid,4,64,weighted,11988,6889.6,0.8745
s0_FULL,g3_moe_s0_1e16_sigmoid,4,64,static,11988,15990.5,0.8634
s0_FULL,g3_moe_s0_1e16_sigmoid,4,65,weighted,10379,15529.3,0.8473
s0_FULL,g3_moe_s0_1e16_sigmoid,4,65,static,10379,15984.3,0.8703
s0_FULL,g3_moe_s0_1e16_sigmoid,4,66,weighted,10594,15092.3,0.8902
s0_FULL,g3_moe_s0_1e16_sigmoid,4,66,static,10594,15981.7,0.892
s0_FULL,g3_moe_s0_1e16_sigmoid,4,67,weighted,10842,14331.6,0.8837
s0_FULL,g3_moe_s0_1e16_sigmoid,4,67,static,10842,15992.3,0.8731
s0_FULL,g3_moe_s0_1e16_sigmoid,4,68,weighted,13836,13826.6,0.9101
s0_FULL,g3_moe_s0_1e16_sigmoid,4,68,static,13836,15988.2,0.847
s0_FULL,g3_moe_s0_1e16_sigmoid,4,69,weighted,10338,11897.9,0.8952
s0_FULL,g3_moe_s0_1e16_sigmoid,4,69,static,10338,15984.2,0.8692
s0_FULL,g3_moe_s0_1e16_sigmoid,4,70,weighted,13947,14501.8,0.9065
s0_FULL,g3_moe_s0_1e16_sigmoid,4,70,static,13947,15987.3,0.7878
s0_FULL,g3_moe_s0_1e16_sigmoid,4,71,weighted,13762,14800.3,0.8391
s0_FULL,g3_moe_s0_1e16_sigmoid,4,71,static,13762,15988.7,0.8846
s0_FULL,g3_moe_s0_1e16_sigmoid,4,72,weighted,10326,14494.8,0.9054
s0_FULL,g3_moe_s0_1e16_sigmoid,4,72,static,10326,15991.0,0.8589
s0_FULL,g3_moe_s0_1e16_sigmoid,4,73,weighted,10989,3692.9,0.8303
s0_FULL,g3_moe_s0_1e16_sigmoid,4,73,static,10989,15990.5,0.884
s0_FULL,g3_moe_s0_1e16_sigmoid,4,74,weighted,11994,13981.5,0.9067
s0_FULL,g3_moe_s0_1e16_sigmoid,4,74,static,11994,15988.9,0.891
s0_FULL,g3_moe_s0_1e16_sigmoid,4,75,weighted,13998,13835.9,0.8931
s0_FULL,g3_moe_s0_1e16_sigmoid,4,75,static,13998,15983.6,0.8237
s0_FULL,g3_moe_s0_1e16_sigmoid,4,76,weighted,14678,14702.4,0.9032
s0_FULL,g3_moe_s0_1e16_sigmoid,4,76,static,14678,15991.2,0.8138
s0_FULL,g3_moe_s0_1e16_sigmoid,4,77,weighted,10762,15644.6,0.8604
s0_FULL,g3_moe_s0_1e16_sigmoid,4,77,static,10762,15988.3,0.8143
s0_FULL,g3_moe_s0_1e16_sigmoid,4,78,weighted,13339,12672.3,0.8856
s0_FULL,g3_moe_s0_1e16_sigmoid,4,78,static,13339,15980.5,0.8706
s0_FULL,g3_moe_s0_1e16_sigmoid,4,79,weighted,11298,8887.3,0.9025
s0_FULL,g3_moe_s0_1e16_sigmoid,4,79,static,11298,15986.7,0.8604
s0_FULL,g3_moe_s0_1e16_sigmoid,4,80,weighted,9789,12990.9,0.8451
s0_FULL,g3_moe_s0_1e16_sigmoid,4,80,static,9789,15983.4,0.8566
s0_FULL,g3_moe_s0_1e16_sigmoid,4,81,weighted,12409,15358.4,0.8632
s0_FULL,g3_moe_s0_1e16_sigmoid,4,81,static,12409,15981.3,0.8235
s0_FULL,g3_moe_s0_1e16_sigmoid,4,82,weighted,12144,13852.5,0.8778
s0_FULL,g3_moe_s0_1e16_sigmoid,4,82,static,12144,15982.8,0.8782
s0_FULL,g3_moe_s0_1e16_sigmoid,4,83,weighted,9509,15606.8,0.895
s0_FULL,g3_moe_s0_1e16_sigmoid,4,83,static,9509,15988.5,0.8823
s0_FULL,g3_moe_s0_1e16_sigmoid,4,84,weighted,13488,14626.3,0.8752
s0_FULL,g3_moe_s0_1e16_sigmoid,4,84,static,13488,15990.5,0.8635
s0_FULL,g3_moe_s0_1e16_sigmoid,4,85,weighted,16547,14412.8,0.8585
s0_FULL,g3_moe_s0_1e16_sigmoid,4,85,static,16547,15994.1,0.8883
s0_FULL,g3_moe_s0_1e16_sigmoid,4,86,weighted,12734,15306.5,0.8774
s0_FULL,g3_moe_s0_1e16_sigmoid,4,86,static,12734,15990.4,0.8868
s0_FULL,g3_moe_s0_1e16_sigmoid,4,87,weighted,12088,13971.4,0.8636
s0_FULL,g3_moe_s0_1e16_sigmoid,4,87,static,12088,15984.1,0.892
s0_FULL,g3_moe_s0_1e16_sigmoid,4,88,weighted,16334,13283.0,0.7595
s0_FULL,g3_moe_s0_1e16_sigmoid,4,88,static,16334,15990.0,0.91
s0_FULL,g3_moe_s0_1e16_sigmoid,4,89,weighted,12926,14026.1,0.8842
s0_FULL,g3_moe_s0_1e16_sigmoid,4,89,static,12926,15989.3,0.888
s0_FULL,g3_moe_s0_1e16_sigmoid,4,90,weighted,11476,13649.3,0.8245
s0_FULL,g3_moe_s0_1e16_sigmoid,4,90,static,11476,15980.7,0.8049
s0_FULL,g3_moe_s0_1e16_sigmoid,4,91,weighted,13621,14474.7,0.9032
s0_FULL,g3_moe_s0_1e16_sigmoid,4,91,static,13621,15982.5,0.8557
s0_FULL,g3_moe_s0_1e16_sigmoid,4,92,weighted,12896,14871.8,0.8387
s0_FULL,g3_moe_s0_1e16_sigmoid,4,92,static,12896,15987.1,0.8778
s0_FULL,g3_moe_s0_1e16_sigmoid,4,93,weighted,9601,13412.8,0.8696
s0_FULL,g3_moe_s0_1e16_sigmoid,4,93,static,9601,15973.6,0.8859
s0_FULL,g3_moe_s0_1e16_sigmoid,4,94,weighted,13926,15569.5,0.9061
s0_FULL,g3_moe_s0_1e16_sigmoid,4,94,static,13926,15987.6,0.8198
s0_FULL,g3_moe_s0_1e16_sigmoid,4,95,weighted,9704,12891.1,0.8517
s0_FULL,g3_moe_s0_1e16_sigmoid,4,95,static,9704,15990.8,0.9065
s0_FULL,g3_moe_s0_1e16_sigmoid,4,96,weighted,12304,14459.3,0.8916
s0_FULL,g3_moe_s0_1e16_sigmoid,4,96,static,12304,15989.5,0.8219
s0_FULL,g3_moe_s0_1e16_sigmoid,4,97,weighted,11702,10699.9,0.6632
s0_FULL,g3_moe_s0_1e16_sigmoid,4,97,static,11702,15986.3,0.8716
s0_FULL,g3_moe_s0_1e16_sigmoid,4,98,weighted,11067,15642.8,0.908
s0_FULL,g3_moe_s0_1e16_sigmoid,4,98,static,11067,15987.1,0.8276
s0_FULL,g3_moe_s0_1e16_sigmoid,4,99,weighted,10365,13567.0,0.8683
s0_FULL,g3_moe_s0_1e16_sigmoid,4,99,static,10365,15983.4,0.8617
s0_FULL,g3_moe_s0_1e16_sigmoid,4,100,weighted,13485,15160.0,0.8861
s0_FULL,g3_moe_s0_1e16_sigmoid,4,100,static,13485,15984.6,0.8637
s0_FULL,g3_moe_s0_1e16_sigmoid,4,101,weighted,13238,14471.8,0.9113
s0_FULL,g3_moe_s0_1e16_sigmoid,4,101,static,13238,15987.6,0.905
s0_FULL,g3_moe_s0_1e16_sigmoid,4,102,weighted,15632,13553.3,0.8756
s0_FULL,g3_moe_s0_1e16_sigmoid,4,102,static,15632,15992.2,0.8642
s0_FULL,g3_moe_s0_1e16_sigmoid,4,103,weighted,14519,13279.0,0.8845
s0_FULL,g3_moe_s0_1e16_sigmoid,4,103,static,14519,15992.7,0.9173
s0_FULL,g3_moe_s0_1e16_sigmoid,4,104,weighted,13198,15559.2,0.898
s0_FULL,g3_moe_s0_1e16_sigmoid,4,104,static,13198,15990.8,0.8644
s0_FULL,g3_moe_s0_1e16_sigmoid,4,105,weighted,15371,13426.8,0.9029
s0_FULL,g3_moe_s0_1e16_sigmoid,4,105,static,15371,15988.5,0.8395
s0_FULL,g3_moe_s0_1e16_sigmoid,4,106,weighted,12798,15730.0,0.8837
s0_FULL,g3_moe_s0_1e16_sigmoid,4,106,static,12798,15988.1,0.9063
s0_FULL,g3_moe_s0_1e16_sigmoid,4,107,weighted,10856,11347.9,0.7905
s0_FULL,g3_moe_s0_1e16_sigmoid,4,107,static,10856,15991.2,0.8774
s0_FULL,g3_moe_s0_1e16_sigmoid,4,108,weighted,11110,6137.0,0.807
s0_FULL,g3_moe_s0_1e16_sigmoid,4,108,static,11110,15988.1,0.8727
s0_FULL,g3_moe_s0_1e16_sigmoid,4,109,weighted,16737,15130.6,0.8278
s0_FULL,g3_moe_s0_1e16_sigmoid,4,109,static,16737,15991.1,0.8869
s0_FULL,g3_moe_s0_1e16_sigmoid,4,110,weighted,13589,14345.7,0.8856
s0_FULL,g3_moe_s0_1e16_sigmoid,4,110,static,13589,15988.0,0.8935
s0_FULL,g3_moe_s0_1e16_sigmoid,4,111,weighted,12014,15291.9,0.8749
s0_FULL,g3_moe_s0_1e16_sigmoid,4,111,static,12014,15988.8,0.8409
s0_FULL,g3_moe_s0_1e16_sigmoid,4,112,weighted,8085,11488.8,0.8615
s0_FULL,g3_moe_s0_1e16_sigmoid,4,112,static,8085,15982.6,0.8594
s0_FULL,g3_moe_s0_1e16_sigmoid,4,113,weighted,13520,15251.5,0.8846
s0_FULL,g3_moe_s0_1e16_sigmoid,4,113,static,13520,15983.6,0.8903
s0_FULL,g3_moe_s0_1e16_sigmoid,4,114,weighted,15831,13182.8,0.9147
s0_FULL,g3_moe_s0_1e16_sigmoid,4,114,static,15831,15987.5,0.8443
s0_FULL,g3_moe_s0_1e16_sigmoid,4,115,weighted,12563,10132.0,0.8815
s0_FULL,g3_moe_s0_1e16_sigmoid,4,115,static,12563,15985.9,0.8816
s0_FULL,g3_moe_s0_1e16_sigmoid,4,116,weighted,12707,13763.0,0.8063
s0_FULL,g3_moe_s0_1e16_sigmoid,4,116,static,12707,15988.7,0.8701
s0_FULL,g3_moe_s0_1e16_sigmoid,4,117,weighted,11930,15203.2,0.8653
s0_FULL,g3_moe_s0_1e16_sigmoid,4,117,static,11930,15989.0,0.8564
s0_FULL,g3_moe_s0_1e16_sigmoid,4,118,weighted,11320,12699.8,0.8598
s0_FULL,g3_moe_s0_1e16_sigmoid,4,118,static,11320,15990.8,0.8697
s0_FULL,g3_moe_s0_1e16_sigmoid,4,119,weighted,16824,11915.8,0.8771
s0_FULL,g3_moe_s0_1e16_sigmoid,4,119,static,16824,15988.7,0.8838
s0_FULL,g3_moe_s0_1e16_sigmoid,4,120,weighted,10124,15308.4,0.8287
s0_FULL,g3_moe_s0_1e16_sigmoid,4,120,static,10124,15988.8,0.9112
s0_FULL,g3_moe_s0_1e16_sigmoid,4,121,weighted,15764,14965.0,0.9057
s0_FULL,g3_moe_s0_1e16_sigmoid,4,121,static,15764,15983.7,0.8474
s0_FULL,g3_moe_s0_1e16_sigmoid,4,122,weighted,10577,2596.4,0.8809
s0_FULL,g3_moe_s0_1e16_sigmoid,4,122,static,10577,15979.6,0.8244
s0_FULL,g3_moe_s0_1e16_sigmoid,4,123,weighted,11539,14491.0,0.8747
s0_FULL,g3_moe_s0_1e16_sigmoid,4,123,static,11539,15987.8,0.842
s0_FULL,g3_moe_s0_1e16_sigmoid,4,124,weighted,8099,15328.7,0.8827
s0_FULL,g3_moe_s0_1e16_sigmoid,4,124,static,8099,15987.1,0.864
s0_FULL,g3_moe_s0_1e16_sigmoid,4,125,weighted,11934,11277.7,0.8782
s0_FULL,g3_moe_s0_1e16_sigmoid,4,125,static,11934,15988.1,0.8476
s0_FULL,g3_moe_s0_1e16_sigmoid,4,126,weighted,13181,15510.2,0.8927
s0_FULL,g3_moe_s0_1e16_sigmoid,4,126,static,13181,15990.2,0.8647
s0_FULL,g3_moe_s0_1e16_sigmoid,4,127,weighted,12568,15234.9,0.8986
s0_FULL,g3_moe_s0_1e16_sigmoid,4,127,static,12568,15976.8,0.8215
s0_FULL,g3_moe_s0_1e16_sigmoid,4,128,weighted,10846,12757.5,0.8624
s0_FULL,g3_moe_s0_1e16_sigmoid,4,128,static,10846,15991.6,0.8644
s0_FULL,g3_moe_s0_1e16_sigmoid,4,129,weighted,12900,14290.3,0.9137
s0_FULL,g3_moe_s0_1e16_sigmoid,4,129,static,12900,15987.1,0.8362
s0_FULL,g3_moe_s0_1e16_sigmoid,4,130,weighted,13961,15410.6,0.9005
s0_FULL,g3_moe_s0_1e16_sigmoid,4,130,static,13961,15983.9,0.8329
s0_FULL,g3_moe_s0_1e16_sigmoid,4,131,weighted,12832,14388.9,0.8088
s0_FULL,g3_moe_s0_1e16_sigmoid,4,131,static,12832,15989.3,0.8676
s0_FULL,g3_moe_s0_1e16_sigmoid,4,132,weighted,13184,15178.6,0.8593
s0_FULL,g3_moe_s0_1e16_sigmoid,4,132,static,13184,15983.8,0.8867
s0_FULL,g3_moe_s0_1e16_sigmoid,4,133,weighted,14931,14839.5,0.8978
s0_FULL,g3_moe_s0_1e16_sigmoid,4,133,static,14931,15990.8,0.8697
s0_FULL,g3_moe_s0_1e16_sigmoid,4,134,weighted,12569,15266.7,0.9107
s0_FULL,g3_moe_s0_1e16_sigmoid,4,134,static,12569,15988.9,0.8733
s0_FULL,g3_moe_s0_1e16_sigmoid,4,135,weighted,9567,15009.9,0.8601
s0_FULL,g3_moe_s0_1e16_sigmoid,4,135,static,9567,15979.6,0.9147
s0_FULL,g3_moe_s0_1e16_sigmoid,4,136,weighted,12812,12494.6,0.8867
s0_FULL,g3_moe_s0_1e16_sigmoid,4,136,static,12812,15988.3,0.821
s0_FULL,g3_moe_s0_1e16_sigmoid,4,137,weighted,14970,15028.1,0.8513
s0_FULL,g3_moe_s0_1e16_sigmoid,4,137,static,14970,15986.2,0.8772
s0_FULL,g3_moe_s0_1e16_sigmoid,4,138,weighted,11294,12374.2,0.8842
s0_FULL,g3_moe_s0_1e16_sigmoid,4,138,static,11294,15989.1,0.9012
s0_FULL,g3_moe_s0_1e16_sigmoid,4,139,weighted,11605,9079.8,0.8772
s0_FULL,g3_moe_s0_1e16_sigmoid,4,139,static,11605,15987.7,0.8678
s0_FULL,g3_moe_s0_1e16_sigmoid,4,140,weighted,16200,14797.0,0.8888
s0_FULL,g3_moe_s0_1e16_sigmoid,4,140,static,16200,15991.4,0.8731
s0_FULL,g3_moe_s0_1e16_sigmoid,4,141,weighted,11909,6139.7,0.8751
s0_FULL,g3_moe_s0_1e16_sigmoid,4,141,static,11909,15987.5,0.8882
s0_FULL,g3_moe_s0_1e16_sigmoid,4,142,weighted,12458,15306.4,0.8782
s0_FULL,g3_moe_s0_1e16_sigmoid,4,142,static,12458,15991.1,0.8862
s0_FULL,g3_moe_s0_1e16_sigmoid,4,143,weighted,14103,14553.6,0.7714
s0_FULL,g3_moe_s0_1e16_sigmoid,4,143,static,14103,15988.4,0.8257
s0_FULL,g3_moe_s0_1e16_sigmoid,4,144,weighted,14780,14239.1,0.7744
s0_FULL,g3_moe_s0_1e16_sigmoid,4,144,static,14780,15985.8,0.8761
s0_FULL,g3_moe_s0_1e16_sigmoid,4,145,weighted,11275,13118.8,0.8558
s0_FULL,g3_moe_s0_1e16_sigmoid,4,145,static,11275,15991.5,0.8688
s0_FULL,g3_moe_s0_1e16_sigmoid,4,146,weighted,11752,13055.1,0.8993
s0_FULL,g3_moe_s0_1e16_sigmoid,4,146,static,11752,15992.5,0.8784
s0_FULL,g3_moe_s0_1e16_sigmoid,4,147,weighted,15750,14908.8,0.9168
s0_FULL,g3_moe_s0_1e16_sigmoid,4,147,static,15750,15992.7,0.847
s0_FULL,g3_moe_s0_1e16_sigmoid,4,148,weighted,10379,13891.0,0.8672
s0_FULL,g3_moe_s0_1e16_sigmoid,4,148,static,10379,15975.4,0.846
s0_FULL,g3_moe_s0_1e16_sigmoid,4,149,weighted,12483,12446.8,0.8919
s0_FULL,g3_moe_s0_1e16_sigmoid,4,149,static,12483,15990.6,0.8893
s0_FULL,g3_moe_s0_1e16_sigmoid,4,150,weighted,12699,14376.4,0.9067
s0_FULL,g3_moe_s0_1e16_sigmoid,4,150,static,12699,15990.3,0.8713
s0_FULL,g3_moe_s0_1e16_sigmoid,4,151,weighted,10163,13267.8,0.9011
s0_FULL,g3_moe_s0_1e16_sigmoid,4,151,static,10163,15990.9,0.8903
s0_FULL,g3_moe_s0_1e16_sigmoid,4,152,weighted,9768,15246.8,0.905
s0_FULL,g3_moe_s0_1e16_sigmoid,4,152,static,9768,15987.8,0.8733
s0_FULL,g3_moe_s0_1e16_sigmoid,4,153,weighted,11153,15266.4,0.8995
s0_FULL,g3_moe_s0_1e16_sigmoid,4,153,static,11153,15985.2,0.8618
s0_FULL,g3_moe_s0_1e16_sigmoid,4,154,weighted,16328,14497.4,0.8864
s0_FULL,g3_moe_s0_1e16_sigmoid,4,154,static,16328,15989.5,0.8621
s0_FULL,g3_moe_s0_1e16_sigmoid,4,155,weighted,11960,15411.2,0.8773
s0_FULL,g3_moe_s0_1e16_sigmoid,4,155,static,11960,15986.4,0.8506
s0_FULL,g3_moe_s0_1e16_sigmoid,4,156,weighted,11899,14457.2,0.8503
s0_FULL,g3_moe_s0_1e16_sigmoid,4,156,static,11899,15988.6,0.8593
s0_FULL,g3_moe_s0_1e16_sigmoid,4,157,weighted,12013,11402.0,0.5127
s0_FULL,g3_moe_s0_1e16_sigmoid,4,157,static,12013,15991.1,0.864
s0_FULL,g3_moe_s0_1e16_sigmoid,4,158,weighted,11287,14968.9,0.8585
s0_FULL,g3_moe_s0_1e16_sigmoid,4,158,static,11287,15985.0,0.8637
s0_FULL,g3_moe_s0_1e16_sigmoid,4,159,weighted,10885,8879.2,0.8835
s0_FULL,g3_moe_s0_1e16_sigmoid,4,159,static,10885,15981.2,0.8568
s0_FULL,g3_moe_s0_1e16_sigmoid,4,160,weighted,11125,15198.3,0.9327
s0_FULL,g3_moe_s0_1e16_sigmoid,4,160,static,11125,15983.4,0.9161
s0_FULL,g3_moe_s0_1e16_sigmoid,4,161,weighted,15629,14891.3,0.9081
s0_FULL,g3_moe_s0_1e16_sigmoid,4,161,static,15629,15990.6,0.8872
s0_FULL,g3_moe_s0_1e16_sigmoid,4,162,weighted,12581,14524.0,0.895
s0_FULL,g3_moe_s0_1e16_sigmoid,4,162,static,12581,15981.6,0.882
s0_FULL,g3_moe_s0_1e16_sigmoid,4,163,weighted,10876,15174.7,0.8869
s0_FULL,g3_moe_s0_1e16_sigmoid,4,163,static,10876,15986.9,0.8896
s0_FULL,g3_moe_s0_1e16_sigmoid,4,164,weighted,13895,14406.4,0.8321
s0_FULL,g3_moe_s0_1e16_sigmoid,4,164,static,13895,15989.7,0.8953
s0_FULL,g3_moe_s0_1e16_sigmoid,4,165,weighted,12255,12649.2,0.9244
s0_FULL,g3_moe_s0_1e16_sigmoid,4,165,static,12255,15985.5,0.869
s0_FULL,g3_moe_s0_1e16_sigmoid,4,166,weighted,10031,15077.2,0.8692
s0_FULL,g3_moe_s0_1e16_sigmoid,4,166,static,10031,15987.7,0.8362
s0_FULL,g3_moe_s0_1e16_sigmoid,4,167,weighted,11759,15670.8,0.8694
s0_FULL,g3_moe_s0_1e16_sigmoid,4,167,static,11759,15985.7,0.8834
s0_FULL,g3_moe_s0_1e16_sigmoid,4,168,weighted,12604,13944.4,0.8586
s0_FULL,g3_moe_s0_1e16_sigmoid,4,168,static,12604,15988.8,0.8844
s0_FULL,g3_moe_s0_1e16_sigmoid,4,169,weighted,11934,6976.9,0.7968
s0_FULL,g3_moe_s0_1e16_sigmoid,4,169,static,11934,15989.7,0.8722
s0_FULL,g3_moe_s0_1e16_sigmoid,4,170,weighted,11344,13890.8,0.8802
s0_FULL,g3_moe_s0_1e16_sigmoid,4,170,static,11344,15986.7,0.9246
s0_FULL,g3_moe_s0_1e16_sigmoid,4,171,weighted,14516,14612.2,0.8367
s0_FULL,g3_moe_s0_1e16_sigmoid,4,171,static,14516,15983.8,0.8705
s0_FULL,g3_moe_s0_1e16_sigmoid,4,172,weighted,16374,14918.5,0.9073
s0_FULL,g3_moe_s0_1e16_sigmoid,4,172,static,16374,15988.4,0.8937
s0_FULL,g3_moe_s0_1e16_sigmoid,4,173,weighted,12425,12984.1,0.8728
s0_FULL,g3_moe_s0_1e16_sigmoid,4,173,static,12425,15988.1,0.908
s0_FULL,g3_moe_s0_1e16_sigmoid,4,174,weighted,11555,13732.5,0.8733
s0_FULL,g3_moe_s0_1e16_sigmoid,4,174,static,11555,15986.7,0.8928
s0_FULL,g3_moe_s0_1e16_sigmoid,4,175,weighted,11022,14819.1,0.6629
s0_FULL,g3_moe_s0_1e16_sigmoid,4,175,static,11022,15978.2,0.8774
s0_FULL,g3_moe_s0_1e16_sigmoid,4,176,weighted,12762,15173.9,0.7588
s0_FULL,g3_moe_s0_1e16_sigmoid,4,176,static,12762,15990.9,0.8676
s0_FULL,g3_moe_s0_1e16_sigmoid,4,177,weighted,10699,1230.9,0.8673
s0_FULL,g3_moe_s0_1e16_sigmoid,4,177,static,10699,15989.2,0.8636
s0_FULL,g3_moe_s0_1e16_sigmoid,4,178,weighted,10332,13080.0,0.8948
s0_FULL,g3_moe_s0_1e16_sigmoid,4,178,static,10332,15975.9,0.8758
s0_FULL,g3_moe_s0_1e16_sigmoid,4,179,weighted,13790,13087.2,0.9076
s0_FULL,g3_moe_s0_1e16_sigmoid,4,179,static,13790,15988.2,0.8579
s0_FULL,g3_moe_s0_1e16_sigmoid,4,180,weighted,14402,13393.0,0.883
s0_FULL,g3_moe_s0_1e16_sigmoid,4,180,static,14402,15987.5,0.8811
s0_FULL,g3_moe_s0_1e16_sigmoid,4,181,weighted,12544,14838.8,0.8919
s0_FULL,g3_moe_s0_1e16_sigmoid,4,181,static,12544,15986.1,0.8795
s0_FULL,g3_moe_s0_1e16_sigmoid,4,182,weighted,11608,14623.1,0.8489
s0_FULL,g3_moe_s0_1e16_sigmoid,4,182,static,11608,15990.1,0.8813
s0_FULL,g3_moe_s0_1e16_sigmoid,4,183,weighted,9166,15432.1,0.8253
s0_FULL,g3_moe_s0_1e16_sigmoid,4,183,static,9166,15986.3,0.8479
s0_FULL,g3_moe_s0_1e16_sigmoid,4,184,weighted,13879,15224.0,0.8624
s0_FULL,g3_moe_s0_1e16_sigmoid,4,184,static,13879,15984.9,0.9065
s0_FULL,g3_moe_s0_1e16_sigmoid,4,185,weighted,13335,15578.8,0.8091
s0_FULL,g3_moe_s0_1e16_sigmoid,4,185,static,13335,15993.2,0.8558
s0_FULL,g3_moe_s0_1e16_sigmoid,4,186,weighted,12934,12102.4,0.8781
s0_FULL,g3_moe_s0_1e16_sigmoid,4,186,static,12934,15983.4,0.8533
s0_FULL,g3_moe_s0_1e16_sigmoid,4,187,weighted,11239,13623.7,0.8478
s0_FULL,g3_moe_s0_1e16_sigmoid,4,187,static,11239,15992.7,0.8727
s0_FULL,g3_moe_s0_1e16_sigmoid,4,188,weighted,12804,15485.9,0.8501
s0_FULL,g3_moe_s0_1e16_sigmoid,4,188,static,12804,15984.2,0.8651
s0_FULL,g3_moe_s0_1e16_sigmoid,4,189,weighted,13526,13771.1,0.8382
s0_FULL,g3_moe_s0_1e16_sigmoid,4,189,static,13526,15988.1,0.873
s0_FULL,g3_moe_s0_1e16_sigmoid,4,190,weighted,13717,14445.9,0.8943
s0_FULL,g3_moe_s0_1e16_sigmoid,4,190,static,13717,15974.2,0.8782
s0_FULL,g3_moe_s0_1e16_sigmoid,4,191,weighted,11375,14546.7,0.8773
s0_FULL,g3_moe_s0_1e16_sigmoid,4,191,static,11375,15986.9,0.8819
s0_SOFTMAX_BASELINE,g3_moe_s0_1e16,2,0,weighted,11249,15580.8,0.8337
s0_SOFTMAX_BASELINE,g3_moe_s0_1e16,2,0,static,11249,15967.4,0.8537
s0_SOFTMAX_BASELINE,g3_moe_s0_1e16,2,1,weighted,11579,15301.2,0.9351
s0_SOFTMAX_BASELINE,g3_moe_s0_1e16,2,1,static,11579,15959.7,0.8335
s0_SOFTMAX_BASELINE,g3_moe_s0_1e16,2,2,weighted,10489,15205.9,0.9252
s0_SOFTMAX_BASELINE,g3_moe_s0_1e16,2,2,static,10489,15983.8,0.9247
s0_SOFTMAX_BASELINE,g3_moe_s0_1e16,2,3,weighted,10708,15510.1,0.9392
s0_SOFTMAX_BASELINE,g3_moe_s0_1e16,2,3,static,10708,15977.2,0.9253
s0_SOFTMAX_BASELINE,g3_moe_s0_1e16,2,4,weighted,13562,15416.2,0.9077
s0_SOFTMAX_BASELINE,g3_moe_s0_1e16,2,4,static,13562,15972.7,0.8848
s0_SOFTMAX_BASELINE,g3_moe_s0_1e16,2,5,weighted,14789,15264.7,0.8858
s0_SOFTMAX_BASELINE,g3_moe_s0_1e16,2,5,static,14789,15980.8,0.93
s0_SOFTMAX_BASELINE,g3_moe_s0_1e16,2,6,weighted,11802,15462.7,0.9147
s0_SOFTMAX_BASELINE,g3_moe_s0_1e16,2,6,static,11802,15986.6,0.894
s0_SOFTMAX_BASELINE,g3_moe_s0_1e16,2,7,weighted,11521,15377.2,0.9114
s0_SOFTMAX_BASELINE,g3_moe_s0_1e16,2,7,static,11521,15982.2,0.8505
s0_SOFTMAX_BASELINE,g3_moe_s0_1e16,2,8,weighted,13632,15728.9,0.8875
s0_SOFTMAX_BASELINE,g3_moe_s0_1e16,2,8,static,13632,15988.1,0.9094
s0_SOFTMAX_BASELINE,g3_moe_s0_1e16,2,9,weighted,12101,15285.3,0.9253
s0_SOFTMAX_BASELINE,g3_moe_s0_1e16,2,9,static,12101,15985.3,0.9068
s0_SOFTMAX_BASELINE,g3_moe_s0_1e16,2,10,weighted,12840,15458.7,0.9041
s0_SOFTMAX_BASELINE,g3_moe_s0_1e16,2,10,static,12840,15989.4,0.9463
s0_SOFTMAX_BASELINE,g3_moe_s0_1e16,2,11,weighted,12211,15358.1,0.9284
s0_SOFTMAX_BASELINE,g3_moe_s0_1e16,2,11,static,12211,15982.4,0.8856
s0_SOFTMAX_BASELINE,g3_moe_s0_1e16,2,12,weighted,12679,15295.8,0.9305
s0_SOFTMAX_BASELINE,g3_moe_s0_1e16,2,12,static,12679,15987.4,0.9307
s0_SOFTMAX_BASELINE,g3_moe_s0_1e16,2,13,weighted,13296,15101.4,0.8529
s0_SOFTMAX_BASELINE,g3_moe_s0_1e16,2,13,static,13296,15991.7,0.8753
s0_SOFTMAX_BASELINE,g3_moe_s0_1e16,2,14,weighted,11902,15308.7,0.8856
s0_SOFTMAX_BASELINE,g3_moe_s0_1e16,2,14,static,11902,15990.7,0.8948
s0_SOFTMAX_BASELINE,g3_moe_s0_1e16,2,15,weighted,13380,14615.3,0.9315
s0_SOFTMAX_BASELINE,g3_moe_s0_1e16,2,15,static,13380,15988.4,0.9098
s0_SOFTMAX_BASELINE,g3_moe_s0_1e16,2,16,weighted,10859,15524.2,0.8884
s0_SOFTMAX_BASELINE,g3_moe_s0_1e16,2,16,static,10859,15979.5,0.9043
s0_SOFTMAX_BASELINE,g3_moe_s0_1e16,2,17,weighted,12279,15445.9,0.9045
s0_SOFTMAX_BASELINE,g3_moe_s0_1e16,2,17,static,12279,15987.7,0.8898
s0_SOFTMAX_BASELINE,g3_moe_s0_1e16,2,18,weighted,11794,15299.9,0.9442
s0_SOFTMAX_BASELINE,g3_moe_s0_1e16,2,18,static,11794,15978.2,0.885
s0_SOFTMAX_BASELINE,g3_moe_s0_1e16,2,19,weighted,11776,15478.9,0.9287
s0_SOFTMAX_BASELINE,g3_moe_s0_1e16,2,19,static,11776,15988.2,0.9418
s0_SOFTMAX_BASELINE,g3_moe_s0_1e16,2,20,weighted,11981,15257.2,0.9019
s0_SOFTMAX_BASELINE,g3_moe_s0_1e16,2,20,static,11981,15975.4,0.9076
s0_SOFTMAX_BASELINE,g3_moe_s0_1e16,2,21,weighted,12821,15446.7,0.8865
s0_SOFTMAX_BASELINE,g3_moe_s0_1e16,2,21,static,12821,15982.9,0.8607
s0_SOFTMAX_BASELINE,g3_moe_s0_1e16,2,22,weighted,11726,15242.0,0.9496
s0_SOFTMAX_BASELINE,g3_moe_s0_1e16,2,22,static,11726,15965.7,0.9062
s0_SOFTMAX_BASELINE,g3_moe_s0_1e16,2,23,weighted,11087,15627.5,0.904
s0_SOFTMAX_BASELINE,g3_moe_s0_1e16,2,23,static,11087,15978.7,0.899
s0_SOFTMAX_BASELINE,g3_moe_s0_1e16,2,24,weighted,11969,15379.5,0.9251
s0_SOFTMAX_BASELINE,g3_moe_s0_1e16,2,24,static,11969,15983.3,0.9074
s0_SOFTMAX_BASELINE,g3_moe_s0_1e16,2,25,weighted,12413,15413.0,0.9453
s0_SOFTMAX_BASELINE,g3_moe_s0_1e16,2,25,static,12413,15984.4,0.9096
s0_SOFTMAX_BASELINE,g3_moe_s0_1e16,2,26,weighted,12217,14652.3,0.8943
s0_SOFTMAX_BASELINE,g3_moe_s0_1e16,2,26,static,12217,15990.7,0.8812
s0_SOFTMAX_BASELINE,g3_moe_s0_1e16,2,27,weighted,11286,15225.8,0.9454
s0_SOFTMAX_BASELINE,g3_moe_s0_1e16,2,27,static,11286,15987.0,0.8872
s0_SOFTMAX_BASELINE,g3_moe_s0_1e16,2,28,weighted,12267,15094.0,0.9082
s0_SOFTMAX_BASELINE,g3_moe_s0_1e16,2,28,static,12267,15992.7,0.9032
s0_SOFTMAX_BASELINE,g3_moe_s0_1e16,2,29,weighted,11695,14922.8,0.9347
s0_SOFTMAX_BASELINE,g3_moe_s0_1e16,2,29,static,11695,15981.7,0.9
s0_SOFTMAX_BASELINE,g3_moe_s0_1e16,2,30,weighted,13238,14841.5,0.9446
s0_SOFTMAX_BASELINE,g3_moe_s0_1e16,2,30,static,13238,15967.3,0.9422
s0_SOFTMAX_BASELINE,g3_moe_s0_1e16,2,31,weighted,13437,14838.5,0.9438
s0_SOFTMAX_BASELINE,g3_moe_s0_1e16,2,31,static,13437,15961.8,0.862
s0_SOFTMAX_BASELINE,g3_moe_s0_1e16,2,32,weighted,13515,15641.2,0.917
s0_SOFTMAX_BASELINE,g3_moe_s0_1e16,2,32,static,13515,15986.9,0.8994
s0_SOFTMAX_BASELINE,g3_moe_s0_1e16,2,33,weighted,11644,15410.6,0.9306
s0_SOFTMAX_BASELINE,g3_moe_s0_1e16,2,33,static,11644,15987.2,0.9207
s0_SOFTMAX_BASELINE,g3_moe_s0_1e16,2,34,weighted,11536,15669.7,0.9412
s0_SOFTMAX_BASELINE,g3_moe_s0_1e16,2,34,static,11536,15977.5,0.9121
s0_SOFTMAX_BASELINE,g3_moe_s0_1e16,2,35,weighted,10790,15394.9,0.8684
s0_SOFTMAX_BASELINE,g3_moe_s0_1e16,2,35,static,10790,15982.3,0.8909
s0_SOFTMAX_BASELINE,g3_moe_s0_1e16,2,36,weighted,13172,14881.3,0.918
s0_SOFTMAX_BASELINE,g3_moe_s0_1e16,2,36,static,13172,15990.6,0.9205
s0_SOFTMAX_BASELINE,g3_moe_s0_1e16,2,37,weighted,12128,15643.7,0.887
s0_SOFTMAX_BASELINE,g3_moe_s0_1e16,2,37,static,12128,15988.9,0.8867
s0_SOFTMAX_BASELINE,g3_moe_s0_1e16,2,38,weighted,12049,15651.1,0.9303
s0_SOFTMAX_BASELINE,g3_moe_s0_1e16,2,38,static,12049,15984.3,0.8725
s0_SOFTMAX_BASELINE,g3_moe_s0_1e16,2,39,weighted,13557,15523.5,0.9126
s0_SOFTMAX_BASELINE,g3_moe_s0_1e16,2,39,static,13557,15978.5,0.8887
s0_SOFTMAX_BASELINE,g3_moe_s0_1e16,2,40,weighted,13000,15150.9,0.9334
s0_SOFTMAX_BASELINE,g3_moe_s0_1e16,2,40,static,13000,15987.2,0.8794
s0_SOFTMAX_BASELINE,g3_moe_s0_1e16,2,41,weighted,11474,14992.6,0.9102
s0_SOFTMAX_BASELINE,g3_moe_s0_1e16,2,41,static,11474,15968.7,0.8716
s0_SOFTMAX_BASELINE,g3_moe_s0_1e16,2,42,weighted,14037,15607.0,0.8916
s0_SOFTMAX_BASELINE,g3_moe_s0_1e16,2,42,static,14037,15980.0,0.7222
s0_SOFTMAX_BASELINE,g3_moe_s0_1e16,2,43,weighted,11095,15543.9,0.9174
s0_SOFTMAX_BASELINE,g3_moe_s0_1e16,2,43,static,11095,15985.8,0.9025
s0_SOFTMAX_BASELINE,g3_moe_s0_1e16,2,44,weighted,12456,15295.0,0.9158
s0_SOFTMAX_BASELINE,g3_moe_s0_1e16,2,44,static,12456,15985.7,0.8887
s0_SOFTMAX_BASELINE,g3_moe_s0_1e16,2,45,weighted,11398,15435.0,0.9239
s0_SOFTMAX_BASELINE,g3_moe_s0_1e16,2,45,static,11398,15984.5,0.8924
s0_SOFTMAX_BASELINE,g3_moe_s0_1e16,2,46,weighted,13390,14382.2,0.8772
s0_SOFTMAX_BASELINE,g3_moe_s0_1e16,2,46,static,13390,15993.3,0.9178
s0_SOFTMAX_BASELINE,g3_moe_s0_1e16,2,47,weighted,11332,15655.4,0.9197
s0_SOFTMAX_BASELINE,g3_moe_s0_1e16,2,47,static,11332,15985.6,0.8965
s0_SOFTMAX_BASELINE,g3_moe_s0_1e16,2,48,weighted,12624,14444.3,0.9432
s0_SOFTMAX_BASELINE,g3_moe_s0_1e16,2,48,static,12624,15987.4,0.9104
s0_SOFTMAX_BASELINE,g3_moe_s0_1e16,2,49,weighted,11744,15120.1,0.9366
s0_SOFTMAX_BASELINE,g3_moe_s0_1e16,2,49,static,11744,15986.7,0.9087
s0_SOFTMAX_BASELINE,g3_moe_s0_1e16,2,50,weighted,10389,15602.7,0.9166
s0_SOFTMAX_BASELINE,g3_moe_s0_1e16,2,50,static,10389,15981.3,0.8981
s0_SOFTMAX_BASELINE,g3_moe_s0_1e16,2,51,weighted,11267,15393.9,0.9521
s0_SOFTMAX_BASELINE,g3_moe_s0_1e16,2,51,static,11267,15972.4,0.8806
s0_SOFTMAX_BASELINE,g3_moe_s0_1e16,2,52,weighted,11854,15210.0,0.9348
s0_SOFTMAX_BASELINE,g3_moe_s0_1e16,2,52,static,11854,15983.6,0.8884
s0_SOFTMAX_BASELINE,g3_moe_s0_1e16,2,53,weighted,12450,15676.9,0.8738
s0_SOFTMAX_BASELINE,g3_moe_s0_1e16,2,53,static,12450,15986.6,0.9321
s0_SOFTMAX_BASELINE,g3_moe_s0_1e16,2,54,weighted,12829,15469.4,0.9071
s0_SOFTMAX_BASELINE,g3_moe_s0_1e16,2,54,static,12829,15975.3,0.892
s0_SOFTMAX_BASELINE,g3_moe_s0_1e16,2,55,weighted,13410,14310.7,0.911
s0_SOFTMAX_BASELINE,g3_moe_s0_1e16,2,55,static,13410,15986.8,0.8537
s0_SOFTMAX_BASELINE,g3_moe_s0_1e16,2,56,weighted,10205,15435.7,0.9287
s0_SOFTMAX_BASELINE,g3_moe_s0_1e16,2,56,static,10205,15980.7,0.8751
s0_SOFTMAX_BASELINE,g3_moe_s0_1e16,2,57,weighted,12277,15427.2,0.9369
s0_SOFTMAX_BASELINE,g3_moe_s0_1e16,2,57,static,12277,15981.1,0.8872
s0_SOFTMAX_BASELINE,g3_moe_s0_1e16,2,58,weighted,14050,15337.1,0.9344
s0_SOFTMAX_BASELINE,g3_moe_s0_1e16,2,58,static,14050,15982.4,0.795
s0_SOFTMAX_BASELINE,g3_moe_s0_1e16,2,59,weighted,13948,15346.9,0.9281
s0_SOFTMAX_BASELINE,g3_moe_s0_1e16,2,59,static,13948,15983.9,0.9337
s0_SOFTMAX_BASELINE,g3_moe_s0_1e16,2,60,weighted,13587,15646.8,0.929
s0_SOFTMAX_BASELINE,g3_moe_s0_1e16,2,60,static,13587,15983.9,0.9055
s0_SOFTMAX_BASELINE,g3_moe_s0_1e16,2,61,weighted,13203,15035.2,0.9305
s0_SOFTMAX_BASELINE,g3_moe_s0_1e16,2,61,static,13203,15966.6,0.8632
s0_SOFTMAX_BASELINE,g3_moe_s0_1e16,2,62,weighted,9866,14730.2,0.9315
s0_SOFTMAX_BASELINE,g3_moe_s0_1e16,2,62,static,9866,15979.0,0.8993
s0_SOFTMAX_BASELINE,g3_moe_s0_1e16,2,63,weighted,10094,15807.3,0.8979
s0_SOFTMAX_BASELINE,g3_moe_s0_1e16,2,63,static,10094,15962.2,0.8925
s0_SOFTMAX_BASELINE,g3_moe_s0_1e16,2,64,weighted,12451,15561.3,0.9053
s0_SOFTMAX_BASELINE,g3_moe_s0_1e16,2,64,static,12451,15990.2,0.9114
s0_SOFTMAX_BASELINE,g3_moe_s0_1e16,2,65,weighted,10930,15458.1,0.9435
s0_SOFTMAX_BASELINE,g3_moe_s0_1e16,2,65,static,10930,15980.1,0.9129
s0_SOFTMAX_BASELINE,g3_moe_s0_1e16,2,66,weighted,11726,14941.9,0.94
s0_SOFTMAX_BASELINE,g3_moe_s0_1e16,2,66,static,11726,15991.1,0.914
s0_SOFTMAX_BASELINE,g3_moe_s0_1e16,2,67,weighted,11818,14676.9,0.8611
s0_SOFTMAX_BASELINE,g3_moe_s0_1e16,2,67,static,11818,15984.7,0.8885
s0_SOFTMAX_BASELINE,g3_moe_s0_1e16,2,68,weighted,12719,14413.7,0.9338
s0_SOFTMAX_BASELINE,g3_moe_s0_1e16,2,68,static,12719,15986.5,0.8923
s0_SOFTMAX_BASELINE,g3_moe_s0_1e16,2,69,weighted,10662,15656.4,0.9069
s0_SOFTMAX_BASELINE,g3_moe_s0_1e16,2,69,static,10662,15984.1,0.9091
s0_SOFTMAX_BASELINE,g3_moe_s0_1e16,2,70,weighted,9466,15869.0,0.8717
s0_SOFTMAX_BASELINE,g3_moe_s0_1e16,2,70,static,9466,15982.5,0.8995
s0_SOFTMAX_BASELINE,g3_moe_s0_1e16,2,71,weighted,9718,15544.9,0.9011
s0_SOFTMAX_BASELINE,g3_moe_s0_1e16,2,71,static,9718,15973.5,0.8839
s0_SOFTMAX_BASELINE,g3_moe_s0_1e16,2,72,weighted,11471,15548.1,0.8948
s0_SOFTMAX_BASELINE,g3_moe_s0_1e16,2,72,static,11471,15984.1,0.879
s0_SOFTMAX_BASELINE,g3_moe_s0_1e16,2,73,weighted,11745,15654.3,0.862
s0_SOFTMAX_BASELINE,g3_moe_s0_1e16,2,73,static,11745,15980.5,0.8465
s0_SOFTMAX_BASELINE,g3_moe_s0_1e16,2,74,weighted,13081,15385.9,0.8987
s0_SOFTMAX_BASELINE,g3_moe_s0_1e16,2,74,static,13081,15985.2,0.8829
s0_SOFTMAX_BASELINE,g3_moe_s0_1e16,2,75,weighted,12369,15763.4,0.9288
s0_SOFTMAX_BASELINE,g3_moe_s0_1e16,2,75,static,12369,15975.2,0.9288
s0_SOFTMAX_BASELINE,g3_moe_s0_1e16,2,76,weighted,13854,15201.4,0.9093
s0_SOFTMAX_BASELINE,g3_moe_s0_1e16,2,76,static,13854,15983.1,0.8924
s0_SOFTMAX_BASELINE,g3_moe_s0_1e16,2,77,weighted,11695,15598.4,0.8872
s0_SOFTMAX_BASELINE,g3_moe_s0_1e16,2,77,static,11695,15982.6,0.8993
s0_SOFTMAX_BASELINE,g3_moe_s0_1e16,2,78,weighted,11217,15536.4,0.8929
s0_SOFTMAX_BASELINE,g3_moe_s0_1e16,2,78,static,11217,15967.0,0.8943
s0_SOFTMAX_BASELINE,g3_moe_s0_1e16,2,79,weighted,12794,13537.1,0.9095
s0_SOFTMAX_BASELINE,g3_moe_s0_1e16,2,79,static,12794,15985.1,0.9115
s0_SOFTMAX_BASELINE,g3_moe_s0_1e16,2,80,weighted,13141,15525.6,0.9073
s0_SOFTMAX_BASELINE,g3_moe_s0_1e16,2,80,static,13141,15987.3,0.8767
s0_SOFTMAX_BASELINE,g3_moe_s0_1e16,2,81,weighted,12531,14901.0,0.8774
s0_SOFTMAX_BASELINE,g3_moe_s0_1e16,2,81,static,12531,15979.4,0.8532
s0_SOFTMAX_BASELINE,g3_moe_s0_1e16,2,82,weighted,14427,15171.0,0.9298
s0_SOFTMAX_BASELINE,g3_moe_s0_1e16,2,82,static,14427,15986.6,0.8265
s0_SOFTMAX_BASELINE,g3_moe_s0_1e16,2,83,weighted,12491,15537.8,0.9187
s0_SOFTMAX_BASELINE,g3_moe_s0_1e16,2,83,static,12491,15986.4,0.8906
s0_SOFTMAX_BASELINE,g3_moe_s0_1e16,2,84,weighted,10032,15686.1,0.8872
s0_SOFTMAX_BASELINE,g3_moe_s0_1e16,2,84,static,10032,15984.6,0.9128
s0_SOFTMAX_BASELINE,g3_moe_s0_1e16,2,85,weighted,12928,15653.0,0.9329
s0_SOFTMAX_BASELINE,g3_moe_s0_1e16,2,85,static,12928,15980.5,0.9059
s0_SOFTMAX_BASELINE,g3_moe_s0_1e16,2,86,weighted,13890,14938.3,0.8824
s0_SOFTMAX_BASELINE,g3_moe_s0_1e16,2,86,static,13890,15990.3,0.9041
s0_SOFTMAX_BASELINE,g3_moe_s0_1e16,2,87,weighted,12041,15490.8,0.8869
s0_SOFTMAX_BASELINE,g3_moe_s0_1e16,2,87,static,12041,15984.0,0.9118
s0_SOFTMAX_BASELINE,g3_moe_s0_1e16,2,88,weighted,12337,15269.1,0.8822
s0_SOFTMAX_BASELINE,g3_moe_s0_1e16,2,88,static,12337,15987.8,0.9071
s0_SOFTMAX_BASELINE,g3_moe_s0_1e16,2,89,weighted,11826,15200.9,0.8948
s0_SOFTMAX_BASELINE,g3_moe_s0_1e16,2,89,static,11826,15983.6,0.9064
s0_SOFTMAX_BASELINE,g3_moe_s0_1e16,2,90,weighted,13869,15537.3,0.931
s0_SOFTMAX_BASELINE,g3_moe_s0_1e16,2,90,static,13869,15983.5,0.8878
s0_SOFTMAX_BASELINE,g3_moe_s0_1e16,2,91,weighted,15010,14767.6,0.9281
s0_SOFTMAX_BASELINE,g3_moe_s0_1e16,2,91,static,15010,15982.5,0.887
s0_SOFTMAX_BASELINE,g3_moe_s0_1e16,2,92,weighted,11743,15459.1,0.9396
s0_SOFTMAX_BASELINE,g3_moe_s0_1e16,2,92,static,11743,15965.4,0.885
s0_SOFTMAX_BASELINE,g3_moe_s0_1e16,2,93,weighted,12533,15575.1,0.9236
s0_SOFTMAX_BASELINE,g3_moe_s0_1e16,2,93,static,12533,15984.8,0.9196
s0_SOFTMAX_BASELINE,g3_moe_s0_1e16,2,94,weighted,10913,15241.7,0.9174
s0_SOFTMAX_BASELINE,g3_moe_s0_1e16,2,94,static,10913,15987.9,0.9233
s0_SOFTMAX_BASELINE,g3_moe_s0_1e16,2,95,weighted,12563,15414.5,0.9299
s0_SOFTMAX_BASELINE,g3_moe_s0_1e16,2,95,static,12563,15983.1,0.9093
s0_SOFTMAX_BASELINE,g3_moe_s0_1e16,2,96,weighted,12772,15451.9,0.8972
s0_SOFTMAX_BASELINE,g3_moe_s0_1e16,2,96,static,12772,15990.4,0.9053
s0_SOFTMAX_BASELINE,g3_moe_s0_1e16,2,97,weighted,12022,15567.8,0.9043
s0_SOFTMAX_BASELINE,g3_moe_s0_1e16,2,97,static,12022,15985.0,0.8728
s0_SOFTMAX_BASELINE,g3_moe_s0_1e16,2,98,weighted,11312,15229.7,0.8852
s0_SOFTMAX_BASELINE,g3_moe_s0_1e16,2,98,static,11312,15972.2,0.8893
s0_SOFTMAX_BASELINE,g3_moe_s0_1e16,2,99,weighted,15456,15474.4,0.9474
s0_SOFTMAX_BASELINE,g3_moe_s0_1e16,2,99,static,15456,15985.2,0.9131
s0_SOFTMAX_BASELINE,g3_moe_s0_1e16,2,100,weighted,11733,14879.6,0.9233
s0_SOFTMAX_BASELINE,g3_moe_s0_1e16,2,100,static,11733,15983.2,0.9148
s0_SOFTMAX_BASELINE,g3_moe_s0_1e16,2,101,weighted,11072,15244.2,0.9443
s0_SOFTMAX_BASELINE,g3_moe_s0_1e16,2,101,static,11072,15982.2,0.8964
s0_SOFTMAX_BASELINE,g3_moe_s0_1e16,2,102,weighted,12154,14452.5,0.9337
s0_SOFTMAX_BASELINE,g3_moe_s0_1e16,2,102,static,12154,15989.4,0.9437
s0_SOFTMAX_BASELINE,g3_moe_s0_1e16,2,103,weighted,12016,15650.6,0.9324
s0_SOFTMAX_BASELINE,g3_moe_s0_1e16,2,103,static,12016,15973.0,0.876
s0_SOFTMAX_BASELINE,g3_moe_s0_1e16,2,104,weighted,11126,14139.2,0.7865
s0_SOFTMAX_BASELINE,g3_moe_s0_1e16,2,104,static,11126,15989.0,0.854
s0_SOFTMAX_BASELINE,g3_moe_s0_1e16,2,105,weighted,12476,14758.5,0.9003
s0_SOFTMAX_BASELINE,g3_moe_s0_1e16,2,105,static,12476,15992.3,0.9085
s0_SOFTMAX_BASELINE,g3_moe_s0_1e16,2,106,weighted,13083,15455.4,0.8882
s0_SOFTMAX_BASELINE,g3_moe_s0_1e16,2,106,static,13083,15985.4,0.8879
s0_SOFTMAX_BASELINE,g3_moe_s0_1e16,2,107,weighted,13087,15478.5,0.915
s0_SOFTMAX_BASELINE,g3_moe_s0_1e16,2,107,static,13087,15986.9,0.8638
s0_SOFTMAX_BASELINE,g3_moe_s0_1e16,2,108,weighted,12951,15240.8,0.9105
s0_SOFTMAX_BASELINE,g3_moe_s0_1e16,2,108,static,12951,15984.1,0.8802
s0_SOFTMAX_BASELINE,g3_moe_s0_1e16,2,109,weighted,13198,15669.2,0.8945
s0_SOFTMAX_BASELINE,g3_moe_s0_1e16,2,109,static,13198,15985.9,0.9042
s0_SOFTMAX_BASELINE,g3_moe_s0_1e16,2,110,weighted,13710,15359.9,0.9404
s0_SOFTMAX_BASELINE,g3_moe_s0_1e16,2,110,static,13710,15986.5,0.8712
s0_SOFTMAX_BASELINE,g3_moe_s0_1e16,2,111,weighted,11553,15426.6,0.8981
s0_SOFTMAX_BASELINE,g3_moe_s0_1e16,2,111,static,11553,15978.3,0.9004
s0_SOFTMAX_BASELINE,g3_moe_s0_1e16,2,112,weighted,9052,15351.6,0.9047
s0_SOFTMAX_BASELINE,g3_moe_s0_1e16,2,112,static,9052,15976.8,0.879
s0_SOFTMAX_BASELINE,g3_moe_s0_1e16,2,113,weighted,11727,15632.6,0.8975
s0_SOFTMAX_BASELINE,g3_moe_s0_1e16,2,113,static,11727,15984.7,0.9059
s0_SOFTMAX_BASELINE,g3_moe_s0_1e16,2,114,weighted,10818,15374.6,0.886
s0_SOFTMAX_BASELINE,g3_moe_s0_1e16,2,114,static,10818,15978.7,0.9004
s0_SOFTMAX_BASELINE,g3_moe_s0_1e16,2,115,weighted,11636,15476.3,0.9377
s0_SOFTMAX_BASELINE,g3_moe_s0_1e16,2,115,static,11636,15982.5,0.9133
s0_SOFTMAX_BASELINE,g3_moe_s0_1e16,2,116,weighted,12105,15249.3,0.9336
s0_SOFTMAX_BASELINE,g3_moe_s0_1e16,2,116,static,12105,15978.9,0.9298
s0_SOFTMAX_BASELINE,g3_moe_s0_1e16,2,117,weighted,12169,15434.3,0.9466
s0_SOFTMAX_BASELINE,g3_moe_s0_1e16,2,117,static,12169,15985.3,0.8963
s0_SOFTMAX_BASELINE,g3_moe_s0_1e16,2,118,weighted,11460,15093.0,0.8775
s0_SOFTMAX_BASELINE,g3_moe_s0_1e16,2,118,static,11460,15985.5,0.914
s0_SOFTMAX_BASELINE,g3_moe_s0_1e16,2,119,weighted,14887,15454.2,0.9177
s0_SOFTMAX_BASELINE,g3_moe_s0_1e16,2,119,static,14887,15983.8,0.9342
s0_SOFTMAX_BASELINE,g3_moe_s0_1e16,2,120,weighted,14253,15035.8,0.9363
s0_SOFTMAX_BASELINE,g3_moe_s0_1e16,2,120,static,14253,15984.8,0.9193
s0_SOFTMAX_BASELINE,g3_moe_s0_1e16,2,121,weighted,14420,15080.4,0.9279
s0_SOFTMAX_BASELINE,g3_moe_s0_1e16,2,121,static,14420,15976.5,0.8878
s0_SOFTMAX_BASELINE,g3_moe_s0_1e16,2,122,weighted,12345,15709.2,0.9112
s0_SOFTMAX_BASELINE,g3_moe_s0_1e16,2,122,static,12345,15981.6,0.8683
s0_SOFTMAX_BASELINE,g3_moe_s0_1e16,2,123,weighted,13057,15219.7,0.8954
s0_SOFTMAX_BASELINE,g3_moe_s0_1e16,2,123,static,13057,15987.7,0.9208
s0_SOFTMAX_BASELINE,g3_moe_s0_1e16,2,124,weighted,14618,15451.8,0.9223
s0_SOFTMAX_BASELINE,g3_moe_s0_1e16,2,124,static,14618,15982.0,0.8866
s0_SOFTMAX_BASELINE,g3_moe_s0_1e16,2,125,weighted,10814,14644.5,0.9241
s0_SOFTMAX_BASELINE,g3_moe_s0_1e16,2,125,static,10814,15983.9,0.9024
s0_SOFTMAX_BASELINE,g3_moe_s0_1e16,2,126,weighted,11016,14348.2,0.8806
s0_SOFTMAX_BASELINE,g3_moe_s0_1e16,2,126,static,11016,15975.9,0.8362
s0_SOFTMAX_BASELINE,g3_moe_s0_1e16,2,127,weighted,12706,14596.7,0.9174
s0_SOFTMAX_BASELINE,g3_moe_s0_1e16,2,127,static,12706,15984.1,0.9094
s0_SOFTMAX_BASELINE,g3_moe_s0_1e16,2,128,weighted,15108,14793.8,0.9479
s0_SOFTMAX_BASELINE,g3_moe_s0_1e16,2,128,static,15108,15984.9,0.9329
s0_SOFTMAX_BASELINE,g3_moe_s0_1e16,2,129,weighted,11884,14367.9,0.9273
s0_SOFTMAX_BASELINE,g3_moe_s0_1e16,2,129,static,11884,15985.3,0.8931
s0_SOFTMAX_BASELINE,g3_moe_s0_1e16,2,130,weighted,12102,15308.1,0.8948
s0_SOFTMAX_BASELINE,g3_moe_s0_1e16,2,130,static,12102,15985.4,0.8995
s0_SOFTMAX_BASELINE,g3_moe_s0_1e16,2,131,weighted,13945,15433.6,0.9326
s0_SOFTMAX_BASELINE,g3_moe_s0_1e16,2,131,static,13945,15984.7,0.8813
s0_SOFTMAX_BASELINE,g3_moe_s0_1e16,2,132,weighted,10754,15781.6,0.8924
s0_SOFTMAX_BASELINE,g3_moe_s0_1e16,2,132,static,10754,15982.4,0.9259
s0_SOFTMAX_BASELINE,g3_moe_s0_1e16,2,133,weighted,9594,15817.6,0.9358
s0_SOFTMAX_BASELINE,g3_moe_s0_1e16,2,133,static,9594,15985.5,0.8768
s0_SOFTMAX_BASELINE,g3_moe_s0_1e16,2,134,weighted,12895,15238.5,0.9274
s0_SOFTMAX_BASELINE,g3_moe_s0_1e16,2,134,static,12895,15980.9,0.9111
s0_SOFTMAX_BASELINE,g3_moe_s0_1e16,2,135,weighted,12435,15113.1,0.9265
s0_SOFTMAX_BASELINE,g3_moe_s0_1e16,2,135,static,12435,15983.3,0.8727
s0_SOFTMAX_BASELINE,g3_moe_s0_1e16,2,136,weighted,12997,12747.2,0.8803
s0_SOFTMAX_BASELINE,g3_moe_s0_1e16,2,136,static,12997,15990.9,0.8994
s0_SOFTMAX_BASELINE,g3_moe_s0_1e16,2,137,weighted,10419,15406.3,0.8826
s0_SOFTMAX_BASELINE,g3_moe_s0_1e16,2,137,static,10419,15980.9,0.9078
s0_SOFTMAX_BASELINE,g3_moe_s0_1e16,2,138,weighted,13707,15384.0,0.9098
s0_SOFTMAX_BASELINE,g3_moe_s0_1e16,2,138,static,13707,15982.5,0.9333
s0_SOFTMAX_BASELINE,g3_moe_s0_1e16,2,139,weighted,10893,14601.6,0.8272
s0_SOFTMAX_BASELINE,g3_moe_s0_1e16,2,139,static,10893,15986.7,0.8494
s0_SOFTMAX_BASELINE,g3_moe_s0_1e16,2,140,weighted,12983,15602.0,0.9047
s0_SOFTMAX_BASELINE,g3_moe_s0_1e16,2,140,static,12983,15986.1,0.933
s0_SOFTMAX_BASELINE,g3_moe_s0_1e16,2,141,weighted,13090,15746.0,0.9285
s0_SOFTMAX_BASELINE,g3_moe_s0_1e16,2,141,static,13090,15984.3,0.9095
s0_SOFTMAX_BASELINE,g3_moe_s0_1e16,2,142,weighted,13493,14973.4,0.8851
s0_SOFTMAX_BASELINE,g3_moe_s0_1e16,2,142,static,13493,15986.8,0.9126
s0_SOFTMAX_BASELINE,g3_moe_s0_1e16,2,143,weighted,13346,15337.9,0.9437
s0_SOFTMAX_BASELINE,g3_moe_s0_1e16,2,143,static,13346,15982.9,0.908
s0_SOFTMAX_BASELINE,g3_moe_s0_1e16,2,144,weighted,11328,15630.4,0.8772
s0_SOFTMAX_BASELINE,g3_moe_s0_1e16,2,144,static,11328,15974.6,0.8811
s0_SOFTMAX_BASELINE,g3_moe_s0_1e16,2,145,weighted,14018,13590.6,0.9436
s0_SOFTMAX_BASELINE,g3_moe_s0_1e16,2,145,static,14018,15986.1,0.8934
s0_SOFTMAX_BASELINE,g3_moe_s0_1e16,2,146,weighted,12039,15309.9,0.9473
s0_SOFTMAX_BASELINE,g3_moe_s0_1e16,2,146,static,12039,15982.0,0.863
s0_SOFTMAX_BASELINE,g3_moe_s0_1e16,2,147,weighted,12392,15873.3,0.9206
s0_SOFTMAX_BASELINE,g3_moe_s0_1e16,2,147,static,12392,15979.3,0.8709
s0_SOFTMAX_BASELINE,g3_moe_s0_1e16,2,148,weighted,14096,14923.6,0.8793
s0_SOFTMAX_BASELINE,g3_moe_s0_1e16,2,148,static,14096,15987.5,0.8788
s0_SOFTMAX_BASELINE,g3_moe_s0_1e16,2,149,weighted,13694,15017.4,0.9541
s0_SOFTMAX_BASELINE,g3_moe_s0_1e16,2,149,static,13694,15976.2,0.8884
s0_SOFTMAX_BASELINE,g3_moe_s0_1e16,2,150,weighted,11835,14695.9,0.9295
s0_SOFTMAX_BASELINE,g3_moe_s0_1e16,2,150,static,11835,15986.1,0.9133
s0_SOFTMAX_BASELINE,g3_moe_s0_1e16,2,151,weighted,12262,15258.2,0.865
s0_SOFTMAX_BASELINE,g3_moe_s0_1e16,2,151,static,12262,15985.7,0.8854
s0_SOFTMAX_BASELINE,g3_moe_s0_1e16,2,152,weighted,12321,15596.6,0.9096
s0_SOFTMAX_BASELINE,g3_moe_s0_1e16,2,152,static,12321,15984.7,0.8742
s0_SOFTMAX_BASELINE,g3_moe_s0_1e16,2,153,weighted,11117,15484.8,0.9227
s0_SOFTMAX_BASELINE,g3_moe_s0_1e16,2,153,static,11117,15982.6,0.9093
s0_SOFTMAX_BASELINE,g3_moe_s0_1e16,2,154,weighted,13706,15459.6,0.8957
s0_SOFTMAX_BASELINE,g3_moe_s0_1e16,2,154,static,13706,15979.0,0.8673
s0_SOFTMAX_BASELINE,g3_moe_s0_1e16,2,155,weighted,12106,14408.0,0.9302
s0_SOFTMAX_BASELINE,g3_moe_s0_1e16,2,155,static,12106,15989.9,0.8805
s0_SOFTMAX_BASELINE,g3_moe_s0_1e16,2,156,weighted,11349,15540.7,0.9229
s0_SOFTMAX_BASELINE,g3_moe_s0_1e16,2,156,static,11349,15982.1,0.9087
s0_SOFTMAX_BASELINE,g3_moe_s0_1e16,2,157,weighted,13002,15259.2,0.9307
s0_SOFTMAX_BASELINE,g3_moe_s0_1e16,2,157,static,13002,15980.8,0.873
s0_SOFTMAX_BASELINE,g3_moe_s0_1e16,2,158,weighted,12493,15387.9,0.9498
s0_SOFTMAX_BASELINE,g3_moe_s0_1e16,2,158,static,12493,15983.5,0.938
s0_SOFTMAX_BASELINE,g3_moe_s0_1e16,2,159,weighted,13803,14763.8,0.9294
s0_SOFTMAX_BASELINE,g3_moe_s0_1e16,2,159,static,13803,15992.3,0.893
s0_SOFTMAX_BASELINE,g3_moe_s0_1e16,2,160,weighted,12854,14748.9,0.9172
s0_SOFTMAX_BASELINE,g3_moe_s0_1e16,2,160,static,12854,15986.0,0.8676
s0_SOFTMAX_BASELINE,g3_moe_s0_1e16,2,161,weighted,11849,15188.8,0.9082
s0_SOFTMAX_BASELINE,g3_moe_s0_1e16,2,161,static,11849,15986.5,0.9144
s0_SOFTMAX_BASELINE,g3_moe_s0_1e16,2,162,weighted,10147,15680.1,0.8898
s0_SOFTMAX_BASELINE,g3_moe_s0_1e16,2,162,static,10147,15976.8,0.86
s0_SOFTMAX_BASELINE,g3_moe_s0_1e16,2,163,weighted,12405,15508.2,0.87
s0_SOFTMAX_BASELINE,g3_moe_s0_1e16,2,163,static,12405,15978.4,0.887
s0_SOFTMAX_BASELINE,g3_moe_s0_1e16,2,164,weighted,12714,14828.9,0.9106
s0_SOFTMAX_BASELINE,g3_moe_s0_1e16,2,164,static,12714,15987.7,0.9106
s0_SOFTMAX_BASELINE,g3_moe_s0_1e16,2,165,weighted,13280,14905.8,0.9224
s0_SOFTMAX_BASELINE,g3_moe_s0_1e16,2,165,static,13280,15980.6,0.9326
s0_SOFTMAX_BASELINE,g3_moe_s0_1e16,2,166,weighted,9052,15552.5,0.8825
s0_SOFTMAX_BASELINE,g3_moe_s0_1e16,2,166,static,9052,15988.4,0.8825
s0_SOFTMAX_BASELINE,g3_moe_s0_1e16,2,167,weighted,11253,15701.5,0.9012
s0_SOFTMAX_BASELINE,g3_moe_s0_1e16,2,167,static,11253,15981.4,0.8954
s0_SOFTMAX_BASELINE,g3_moe_s0_1e16,2,168,weighted,12522,15454.6,0.9245
s0_SOFTMAX_BASELINE,g3_moe_s0_1e16,2,168,static,12522,15986.2,0.9428
s0_SOFTMAX_BASELINE,g3_moe_s0_1e16,2,169,weighted,13306,15207.2,0.9193
s0_SOFTMAX_BASELINE,g3_moe_s0_1e16,2,169,static,13306,15983.9,0.8873
s0_SOFTMAX_BASELINE,g3_moe_s0_1e16,2,170,weighted,12537,15460.6,0.8967
s0_SOFTMAX_BASELINE,g3_moe_s0_1e16,2,170,static,12537,15987.3,0.9298
s0_SOFTMAX_BASELINE,g3_moe_s0_1e16,2,171,weighted,12940,15341.0,0.9063
s0_SOFTMAX_BASELINE,g3_moe_s0_1e16,2,171,static,12940,15991.9,0.9255
s0_SOFTMAX_BASELINE,g3_moe_s0_1e16,2,172,weighted,13769,15346.5,0.9278
s0_SOFTMAX_BASELINE,g3_moe_s0_1e16,2,172,static,13769,15983.5,0.9163
s0_SOFTMAX_BASELINE,g3_moe_s0_1e16,2,173,weighted,11334,15201.6,0.9077
s0_SOFTMAX_BASELINE,g3_moe_s0_1e16,2,173,static,11334,15989.2,0.9163
s0_SOFTMAX_BASELINE,g3_moe_s0_1e16,2,174,weighted,14298,15261.1,0.926
s0_SOFTMAX_BASELINE,g3_moe_s0_1e16,2,174,static,14298,15986.1,0.8973
s0_SOFTMAX_BASELINE,g3_moe_s0_1e16,2,175,weighted,11030,15652.1,0.9248
s0_SOFTMAX_BASELINE,g3_moe_s0_1e16,2,175,static,11030,15980.9,0.8633
s0_SOFTMAX_BASELINE,g3_moe_s0_1e16,2,176,weighted,12958,13054.0,0.9224
s0_SOFTMAX_BASELINE,g3_moe_s0_1e16,2,176,static,12958,15981.4,0.9058
s0_SOFTMAX_BASELINE,g3_moe_s0_1e16,2,177,weighted,11206,15418.4,0.9408
s0_SOFTMAX_BASELINE,g3_moe_s0_1e16,2,177,static,11206,15989.8,0.9107
s0_SOFTMAX_BASELINE,g3_moe_s0_1e16,2,178,weighted,11334,14139.8,0.9344
s0_SOFTMAX_BASELINE,g3_moe_s0_1e16,2,178,static,11334,15989.8,0.895
s0_SOFTMAX_BASELINE,g3_moe_s0_1e16,2,179,weighted,12432,15554.8,0.9413
s0_SOFTMAX_BASELINE,g3_moe_s0_1e16,2,179,static,12432,15986.1,0.8925
s0_SOFTMAX_BASELINE,g3_moe_s0_1e16,2,180,weighted,10395,15716.1,0.8632
s0_SOFTMAX_BASELINE,g3_moe_s0_1e16,2,180,static,10395,15977.4,0.8966
s0_SOFTMAX_BASELINE,g3_moe_s0_1e16,2,181,weighted,14825,15062.5,0.949
s0_SOFTMAX_BASELINE,g3_moe_s0_1e16,2,181,static,14825,15985.5,0.913
s0_SOFTMAX_BASELINE,g3_moe_s0_1e16,2,182,weighted,10078,15433.9,0.9202
s0_SOFTMAX_BASELINE,g3_moe_s0_1e16,2,182,static,10078,15979.2,0.8828
s0_SOFTMAX_BASELINE,g3_moe_s0_1e16,2,183,weighted,11035,15084.9,0.9245
s0_SOFTMAX_BASELINE,g3_moe_s0_1e16,2,183,static,11035,15984.4,0.9098
s0_SOFTMAX_BASELINE,g3_moe_s0_1e16,2,184,weighted,11933,15523.1,0.8666
s0_SOFTMAX_BASELINE,g3_moe_s0_1e16,2,184,static,11933,15988.9,0.9024
s0_SOFTMAX_BASELINE,g3_moe_s0_1e16,2,185,weighted,11899,15157.4,0.8783
s0_SOFTMAX_BASELINE,g3_moe_s0_1e16,2,185,static,11899,15986.0,0.9232
s0_SOFTMAX_BASELINE,g3_moe_s0_1e16,2,186,weighted,11084,15715.3,0.8855
s0_SOFTMAX_BASELINE,g3_moe_s0_1e16,2,186,static,11084,15985.9,0.9053
s0_SOFTMAX_BASELINE,g3_moe_s0_1e16,2,187,weighted,13983,15315.5,0.9012
s0_SOFTMAX_BASELINE,g3_moe_s0_1e16,2,187,static,13983,15985.7,0.9062
s0_SOFTMAX_BASELINE,g3_moe_s0_1e16,2,188,weighted,10833,14631.4,0.9357
s0_SOFTMAX_BASELINE,g3_moe_s0_1e16,2,188,static,10833,15974.2,0.9084
s0_SOFTMAX_BASELINE,g3_moe_s0_1e16,2,189,weighted,15320,14695.2,0.8639
s0_SOFTMAX_BASELINE,g3_moe_s0_1e16,2,189,static,15320,15974.8,0.9106
s0_SOFTMAX_BASELINE,g3_moe_s0_1e16,2,190,weighted,12835,15160.4,0.9187
s0_SOFTMAX_BASELINE,g3_moe_s0_1e16,2,190,static,12835,15979.7,0.8762
s0_SOFTMAX_BASELINE,g3_moe_s0_1e16,2,191,weighted,12900,15141.8,0.9268
s0_SOFTMAX_BASELINE,g3_moe_s0_1e16,2,191,static,12900,15992.4,0.896
s0_SOFTMAX_BASELINE,g3_moe_s0_1e16,3,0,weighted,11718,15104.6,0.9035
s0_SOFTMAX_BASELINE,g3_moe_s0_1e16,3,0,static,11718,15983.0,0.9302
s0_SOFTMAX_BASELINE,g3_moe_s0_1e16,3,1,weighted,13300,14115.7,0.945
s0_SOFTMAX_BASELINE,g3_moe_s0_1e16,3,1,static,13300,15983.9,0.8898
s0_SOFTMAX_BASELINE,g3_moe_s0_1e16,3,2,weighted,12074,13662.2,0.9296
s0_SOFTMAX_BASELINE,g3_moe_s0_1e16,3,2,static,12074,15970.2,0.9032
s0_SOFTMAX_BASELINE,g3_moe_s0_1e16,3,3,weighted,13123,15242.9,0.9234
s0_SOFTMAX_BASELINE,g3_moe_s0_1e16,3,3,static,13123,15986.0,0.8886
s0_SOFTMAX_BASELINE,g3_moe_s0_1e16,3,4,weighted,10984,15436.9,0.9126
s0_SOFTMAX_BASELINE,g3_moe_s0_1e16,3,4,static,10984,15984.3,0.8989
s0_SOFTMAX_BASELINE,g3_moe_s0_1e16,3,5,weighted,12696,13125.2,0.9366
s0_SOFTMAX_BASELINE,g3_moe_s0_1e16,3,5,static,12696,15984.8,0.9256
s0_SOFTMAX_BASELINE,g3_moe_s0_1e16,3,6,weighted,11596,14661.0,0.9146
s0_SOFTMAX_BASELINE,g3_moe_s0_1e16,3,6,static,11596,15971.5,0.8925
s0_SOFTMAX_BASELINE,g3_moe_s0_1e16,3,7,weighted,12021,13799.5,0.9221
s0_SOFTMAX_BASELINE,g3_moe_s0_1e16,3,7,static,12021,15982.9,0.8325
s0_SOFTMAX_BASELINE,g3_moe_s0_1e16,3,8,weighted,12582,12575.2,0.9192
s0_SOFTMAX_BASELINE,g3_moe_s0_1e16,3,8,static,12582,15975.7,0.9059
s0_SOFTMAX_BASELINE,g3_moe_s0_1e16,3,9,weighted,13004,14803.1,0.8885
s0_SOFTMAX_BASELINE,g3_moe_s0_1e16,3,9,static,13004,15984.6,0.897
s0_SOFTMAX_BASELINE,g3_moe_s0_1e16,3,10,weighted,15195,14953.4,0.9415
s0_SOFTMAX_BASELINE,g3_moe_s0_1e16,3,10,static,15195,15986.4,0.8539
s0_SOFTMAX_BASELINE,g3_moe_s0_1e16,3,11,weighted,12714,14493.5,0.9398
s0_SOFTMAX_BASELINE,g3_moe_s0_1e16,3,11,static,12714,15985.8,0.8999
s0_SOFTMAX_BASELINE,g3_moe_s0_1e16,3,12,weighted,12783,14391.7,0.9273
s0_SOFTMAX_BASELINE,g3_moe_s0_1e16,3,12,static,12783,15978.5,0.861
s0_SOFTMAX_BASELINE,g3_moe_s0_1e16,3,13,weighted,12032,15549.7,0.9115
s0_SOFTMAX_BASELINE,g3_moe_s0_1e16,3,13,static,12032,15983.9,0.9325
s0_SOFTMAX_BASELINE,g3_moe_s0_1e16,3,14,weighted,13878,13677.5,0.9248
s0_SOFTMAX_BASELINE,g3_moe_s0_1e16,3,14,static,13878,15981.5,0.8765
s0_SOFTMAX_BASELINE,g3_moe_s0_1e16,3,15,weighted,12212,13926.1,0.8717
s0_SOFTMAX_BASELINE,g3_moe_s0_1e16,3,15,static,12212,15987.7,0.8768
s0_SOFTMAX_BASELINE,g3_moe_s0_1e16,3,16,weighted,13679,14778.7,0.8827
s0_SOFTMAX_BASELINE,g3_moe_s0_1e16,3,16,static,13679,15978.8,0.8972
s0_SOFTMAX_BASELINE,g3_moe_s0_1e16,3,17,weighted,10333,14205.0,0.9101
s0_SOFTMAX_BASELINE,g3_moe_s0_1e16,3,17,static,10333,15985.7,0.9009
s0_SOFTMAX_BASELINE,g3_moe_s0_1e16,3,18,weighted,10455,13740.6,0.903
s0_SOFTMAX_BASELINE,g3_moe_s0_1e16,3,18,static,10455,15976.4,0.9035
s0_SOFTMAX_BASELINE,g3_moe_s0_1e16,3,19,weighted,11744,13608.5,0.9157
s0_SOFTMAX_BASELINE,g3_moe_s0_1e16,3,19,static,11744,15975.5,0.8573
s0_SOFTMAX_BASELINE,g3_moe_s0_1e16,3,20,weighted,10905,15666.1,0.8836
s0_SOFTMAX_BASELINE,g3_moe_s0_1e16,3,20,static,10905,15981.1,0.8731
s0_SOFTMAX_BASELINE,g3_moe_s0_1e16,3,21,weighted,12484,14737.2,0.95
s0_SOFTMAX_BASELINE,g3_moe_s0_1e16,3,21,static,12484,15986.0,0.9162
s0_SOFTMAX_BASELINE,g3_moe_s0_1e16,3,22,weighted,11761,14892.8,0.9411
s0_SOFTMAX_BASELINE,g3_moe_s0_1e16,3,22,static,11761,15984.1,0.8974
s0_SOFTMAX_BASELINE,g3_moe_s0_1e16,3,23,weighted,12406,10433.5,0.8407
s0_SOFTMAX_BASELINE,g3_moe_s0_1e16,3,23,static,12406,15987.0,0.906
s0_SOFTMAX_BASELINE,g3_moe_s0_1e16,3,24,weighted,12009,15019.9,0.9466
s0_SOFTMAX_BASELINE,g3_moe_s0_1e16,3,24,static,12009,15984.5,0.9089
s0_SOFTMAX_BASELINE,g3_moe_s0_1e16,3,25,weighted,11531,14489.9,0.9287
s0_SOFTMAX_BASELINE,g3_moe_s0_1e16,3,25,static,11531,15981.2,0.8789
s0_SOFTMAX_BASELINE,g3_moe_s0_1e16,3,26,weighted,11661,14496.8,0.9325
s0_SOFTMAX_BASELINE,g3_moe_s0_1e16,3,26,static,11661,15986.4,0.8916
s0_SOFTMAX_BASELINE,g3_moe_s0_1e16,3,27,weighted,13270,15147.3,0.9376
s0_SOFTMAX_BASELINE,g3_moe_s0_1e16,3,27,static,13270,15985.9,0.8567
s0_SOFTMAX_BASELINE,g3_moe_s0_1e16,3,28,weighted,12027,14316.9,0.9289
s0_SOFTMAX_BASELINE,g3_moe_s0_1e16,3,28,static,12027,15983.7,0.9215
s0_SOFTMAX_BASELINE,g3_moe_s0_1e16,3,29,weighted,11998,14974.1,0.9235
s0_SOFTMAX_BASELINE,g3_moe_s0_1e16,3,29,static,11998,15971.6,0.8894
s0_SOFTMAX_BASELINE,g3_moe_s0_1e16,3,30,weighted,9793,14530.7,0.9378
s0_SOFTMAX_BASELINE,g3_moe_s0_1e16,3,30,static,9793,15982.2,0.9188
s0_SOFTMAX_BASELINE,g3_moe_s0_1e16,3,31,weighted,10982,14320.2,0.903
s0_SOFTMAX_BASELINE,g3_moe_s0_1e16,3,31,static,10982,15984.9,0.9004
s0_SOFTMAX_BASELINE,g3_moe_s0_1e16,3,32,weighted,12841,14208.5,0.9287
s0_SOFTMAX_BASELINE,g3_moe_s0_1e16,3,32,static,12841,15984.2,0.9128
s0_SOFTMAX_BASELINE,g3_moe_s0_1e16,3,33,weighted,12110,14410.7,0.9493
s0_SOFTMAX_BASELINE,g3_moe_s0_1e16,3,33,static,12110,15980.2,0.8988
s0_SOFTMAX_BASELINE,g3_moe_s0_1e16,3,34,weighted,12231,13017.1,0.9288
s0_SOFTMAX_BASELINE,g3_moe_s0_1e16,3,34,static,12231,15977.7,0.8824
s0_SOFTMAX_BASELINE,g3_moe_s0_1e16,3,35,weighted,12506,14874.1,0.884
s0_SOFTMAX_BASELINE,g3_moe_s0_1e16,3,35,static,12506,15981.8,0.8954
s0_SOFTMAX_BASELINE,g3_moe_s0_1e16,3,36,weighted,11312,13228.2,0.879
s0_SOFTMAX_BASELINE,g3_moe_s0_1e16,3,36,static,11312,15985.7,0.9099
s0_SOFTMAX_BASELINE,g3_moe_s0_1e16,3,37,weighted,13005,13784.6,0.9503
s0_SOFTMAX_BASELINE,g3_moe_s0_1e16,3,37,static,13005,15981.3,0.8914
s0_SOFTMAX_BASELINE,g3_moe_s0_1e16,3,38,weighted,13442,14887.1,0.9266
s0_SOFTMAX_BASELINE,g3_moe_s0_1e16,3,38,static,13442,15981.3,0.914
s0_SOFTMAX_BASELINE,g3_moe_s0_1e16,3,39,weighted,12518,8682.2,0.9177
s0_SOFTMAX_BASELINE,g3_moe_s0_1e16,3,39,static,12518,15983.2,0.877
s0_SOFTMAX_BASELINE,g3_moe_s0_1e16,3,40,weighted,11277,15044.0,0.9465
s0_SOFTMAX_BASELINE,g3_moe_s0_1e16,3,40,static,11277,15982.9,0.9109
s0_SOFTMAX_BASELINE,g3_moe_s0_1e16,3,41,weighted,12452,14365.1,0.9124
s0_SOFTMAX_BASELINE,g3_moe_s0_1e16,3,41,static,12452,15980.9,0.8762
s0_SOFTMAX_BASELINE,g3_moe_s0_1e16,3,42,weighted,11490,13711.9,0.8912
s0_SOFTMAX_BASELINE,g3_moe_s0_1e16,3,42,static,11490,15980.4,0.9187
s0_SOFTMAX_BASELINE,g3_moe_s0_1e16,3,43,weighted,13109,14476.0,0.9254
s0_SOFTMAX_BASELINE,g3_moe_s0_1e16,3,43,static,13109,15987.3,0.913
s0_SOFTMAX_BASELINE,g3_moe_s0_1e16,3,44,weighted,12750,14959.9,0.9176
s0_SOFTMAX_BASELINE,g3_moe_s0_1e16,3,44,static,12750,15985.4,0.9036
s0_SOFTMAX_BASELINE,g3_moe_s0_1e16,3,45,weighted,14160,14560.8,0.9115
s0_SOFTMAX_BASELINE,g3_moe_s0_1e16,3,45,static,14160,15982.6,0.9016
s0_SOFTMAX_BASELINE,g3_moe_s0_1e16,3,46,weighted,12236,12837.3,0.9139
s0_SOFTMAX_BASELINE,g3_moe_s0_1e16,3,46,static,12236,15981.2,0.8858
s0_SOFTMAX_BASELINE,g3_moe_s0_1e16,3,47,weighted,14233,15269.1,0.9127
s0_SOFTMAX_BASELINE,g3_moe_s0_1e16,3,47,static,14233,15979.1,0.9038
s0_SOFTMAX_BASELINE,g3_moe_s0_1e16,3,48,weighted,12526,14521.8,0.9095
s0_SOFTMAX_BASELINE,g3_moe_s0_1e16,3,48,static,12526,15984.1,0.8908
s0_SOFTMAX_BASELINE,g3_moe_s0_1e16,3,49,weighted,11843,15464.3,0.8944
s0_SOFTMAX_BASELINE,g3_moe_s0_1e16,3,49,static,11843,15980.5,0.8464
s0_SOFTMAX_BASELINE,g3_moe_s0_1e16,3,50,weighted,12844,14352.3,0.9488
s0_SOFTMAX_BASELINE,g3_moe_s0_1e16,3,50,static,12844,15986.6,0.9143
s0_SOFTMAX_BASELINE,g3_moe_s0_1e16,3,51,weighted,11895,15112.1,0.9293
s0_SOFTMAX_BASELINE,g3_moe_s0_1e16,3,51,static,11895,15988.6,0.8947
s0_SOFTMAX_BASELINE,g3_moe_s0_1e16,3,52,weighted,13519,14945.3,0.9224
s0_SOFTMAX_BASELINE,g3_moe_s0_1e16,3,52,static,13519,15986.3,0.9352
s0_SOFTMAX_BASELINE,g3_moe_s0_1e16,3,53,weighted,10911,13037.6,0.9515
s0_SOFTMAX_BASELINE,g3_moe_s0_1e16,3,53,static,10911,15987.5,0.8705
s0_SOFTMAX_BASELINE,g3_moe_s0_1e16,3,54,weighted,12580,14685.4,0.9136
s0_SOFTMAX_BASELINE,g3_moe_s0_1e16,3,54,static,12580,15987.9,0.9199
s0_SOFTMAX_BASELINE,g3_moe_s0_1e16,3,55,weighted,10805,15641.6,0.9047
s0_SOFTMAX_BASELINE,g3_moe_s0_1e16,3,55,static,10805,15981.6,0.9093
s0_SOFTMAX_BASELINE,g3_moe_s0_1e16,3,56,weighted,12251,14948.9,0.944
s0_SOFTMAX_BASELINE,g3_moe_s0_1e16,3,56,static,12251,15985.4,0.9246
s0_SOFTMAX_BASELINE,g3_moe_s0_1e16,3,57,weighted,11548,15295.5,0.8891
s0_SOFTMAX_BASELINE,g3_moe_s0_1e16,3,57,static,11548,15983.0,0.8782
s0_SOFTMAX_BASELINE,g3_moe_s0_1e16,3,58,weighted,12716,12899.7,0.9319
s0_SOFTMAX_BASELINE,g3_moe_s0_1e16,3,58,static,12716,15986.7,0.8939
s0_SOFTMAX_BASELINE,g3_moe_s0_1e16,3,59,weighted,11734,13183.5,0.9201
s0_SOFTMAX_BASELINE,g3_moe_s0_1e16,3,59,static,11734,15984.3,0.9153
s0_SOFTMAX_BASELINE,g3_moe_s0_1e16,3,60,weighted,12326,13756.3,0.926
s0_SOFTMAX_BASELINE,g3_moe_s0_1e16,3,60,static,12326,15985.7,0.9034
s0_SOFTMAX_BASELINE,g3_moe_s0_1e16,3,61,weighted,14534,14021.5,0.9001
s0_SOFTMAX_BASELINE,g3_moe_s0_1e16,3,61,static,14534,15989.6,0.9142
s0_SOFTMAX_BASELINE,g3_moe_s0_1e16,3,62,weighted,11352,15235.9,0.8899
s0_SOFTMAX_BASELINE,g3_moe_s0_1e16,3,62,static,11352,15983.0,0.8954
s0_SOFTMAX_BASELINE,g3_moe_s0_1e16,3,63,weighted,12132,14518.7,0.9123
s0_SOFTMAX_BASELINE,g3_moe_s0_1e16,3,63,static,12132,15984.2,0.918
s0_SOFTMAX_BASELINE,g3_moe_s0_1e16,3,64,weighted,12838,14886.9,0.9212
s0_SOFTMAX_BASELINE,g3_moe_s0_1e16,3,64,static,12838,15979.3,0.904
s0_SOFTMAX_BASELINE,g3_moe_s0_1e16,3,65,weighted,14764,14813.3,0.9137
s0_SOFTMAX_BASELINE,g3_moe_s0_1e16,3,65,static,14764,15978.7,0.8954
s0_SOFTMAX_BASELINE,g3_moe_s0_1e16,3,66,weighted,10461,15341.0,0.9234
s0_SOFTMAX_BASELINE,g3_moe_s0_1e16,3,66,static,10461,15985.2,0.9093
s0_SOFTMAX_BASELINE,g3_moe_s0_1e16,3,67,weighted,9922,15644.1,0.8927
s0_SOFTMAX_BASELINE,g3_moe_s0_1e16,3,67,static,9922,15986.0,0.91
s0_SOFTMAX_BASELINE,g3_moe_s0_1e16,3,68,weighted,11844,15282.4,0.9334
s0_SOFTMAX_BASELINE,g3_moe_s0_1e16,3,68,static,11844,15981.9,0.9444
s0_SOFTMAX_BASELINE,g3_moe_s0_1e16,3,69,weighted,12431,12177.9,0.9282
s0_SOFTMAX_BASELINE,g3_moe_s0_1e16,3,69,static,12431,15983.3,0.8993
s0_SOFTMAX_BASELINE,g3_moe_s0_1e16,3,70,weighted,12164,14454.4,0.8967
s0_SOFTMAX_BASELINE,g3_moe_s0_1e16,3,70,static,12164,15983.1,0.9267
s0_SOFTMAX_BASELINE,g3_moe_s0_1e16,3,71,weighted,13252,14051.8,0.8807
s0_SOFTMAX_BASELINE,g3_moe_s0_1e16,3,71,static,13252,15980.7,0.9226
s0_SOFTMAX_BASELINE,g3_moe_s0_1e16,3,72,weighted,10600,13396.2,0.8418
s0_SOFTMAX_BASELINE,g3_moe_s0_1e16,3,72,static,10600,15987.4,0.9125
s0_SOFTMAX_BASELINE,g3_moe_s0_1e16,3,73,weighted,11611,15538.6,0.9154
s0_SOFTMAX_BASELINE,g3_moe_s0_1e16,3,73,static,11611,15987.1,0.9201
s0_SOFTMAX_BASELINE,g3_moe_s0_1e16,3,74,weighted,15945,12924.4,0.9306
s0_SOFTMAX_BASELINE,g3_moe_s0_1e16,3,74,static,15945,15986.8,0.9044
s0_SOFTMAX_BASELINE,g3_moe_s0_1e16,3,75,weighted,11008,14133.7,0.899
s0_SOFTMAX_BASELINE,g3_moe_s0_1e16,3,75,static,11008,15985.6,0.8988
s0_SOFTMAX_BASELINE,g3_moe_s0_1e16,3,76,weighted,10248,15096.8,0.8784
s0_SOFTMAX_BASELINE,g3_moe_s0_1e16,3,76,static,10248,15973.2,0.8533
s0_SOFTMAX_BASELINE,g3_moe_s0_1e16,3,77,weighted,14072,15068.6,0.9218
s0_SOFTMAX_BASELINE,g3_moe_s0_1e16,3,77,static,14072,15982.3,0.9228
s0_SOFTMAX_BASELINE,g3_moe_s0_1e16,3,78,weighted,17016,14974.4,0.878
s0_SOFTMAX_BASELINE,g3_moe_s0_1e16,3,78,static,17016,15961.1,0.9277
s0_SOFTMAX_BASELINE,g3_moe_s0_1e16,3,79,weighted,12313,14714.7,0.9447
s0_SOFTMAX_BASELINE,g3_moe_s0_1e16,3,79,static,12313,15977.5,0.8966
s0_SOFTMAX_BASELINE,g3_moe_s0_1e16,3,80,weighted,14212,13779.0,0.923
s0_SOFTMAX_BASELINE,g3_moe_s0_1e16,3,80,static,14212,15989.8,0.9183
s0_SOFTMAX_BASELINE,g3_moe_s0_1e16,3,81,weighted,13337,15235.2,0.9454
s0_SOFTMAX_BASELINE,g3_moe_s0_1e16,3,81,static,13337,15984.2,0.8861
s0_SOFTMAX_BASELINE,g3_moe_s0_1e16,3,82,weighted,12478,14778.6,0.9064
s0_SOFTMAX_BASELINE,g3_moe_s0_1e16,3,82,static,12478,15981.7,0.8759
s0_SOFTMAX_BASELINE,g3_moe_s0_1e16,3,83,weighted,12582,10095.8,0.9161
s0_SOFTMAX_BASELINE,g3_moe_s0_1e16,3,83,static,12582,15980.1,0.9052
s0_SOFTMAX_BASELINE,g3_moe_s0_1e16,3,84,weighted,11674,13632.4,0.9
s0_SOFTMAX_BASELINE,g3_moe_s0_1e16,3,84,static,11674,15982.7,0.8939
s0_SOFTMAX_BASELINE,g3_moe_s0_1e16,3,85,weighted,12283,14971.3,0.9358
s0_SOFTMAX_BASELINE,g3_moe_s0_1e16,3,85,static,12283,15985.8,0.9
s0_SOFTMAX_BASELINE,g3_moe_s0_1e16,3,86,weighted,11087,15107.9,0.89
s0_SOFTMAX_BASELINE,g3_moe_s0_1e16,3,86,static,11087,15976.5,0.8855
s0_SOFTMAX_BASELINE,g3_moe_s0_1e16,3,87,weighted,14381,15058.0,0.9288
s0_SOFTMAX_BASELINE,g3_moe_s0_1e16,3,87,static,14381,15982.3,0.9059
s0_SOFTMAX_BASELINE,g3_moe_s0_1e16,3,88,weighted,13347,14608.6,0.9119
s0_SOFTMAX_BASELINE,g3_moe_s0_1e16,3,88,static,13347,15987.9,0.8926
s0_SOFTMAX_BASELINE,g3_moe_s0_1e16,3,89,weighted,10491,15442.3,0.9205
s0_SOFTMAX_BASELINE,g3_moe_s0_1e16,3,89,static,10491,15984.3,0.9256
s0_SOFTMAX_BASELINE,g3_moe_s0_1e16,3,90,weighted,13763,13799.0,0.8861
s0_SOFTMAX_BASELINE,g3_moe_s0_1e16,3,90,static,13763,15982.3,0.8985
s0_SOFTMAX_BASELINE,g3_moe_s0_1e16,3,91,weighted,10962,13129.4,0.8908
s0_SOFTMAX_BASELINE,g3_moe_s0_1e16,3,91,static,10962,15986.3,0.8878
s0_SOFTMAX_BASELINE,g3_moe_s0_1e16,3,92,weighted,11509,15443.7,0.9247
s0_SOFTMAX_BASELINE,g3_moe_s0_1e16,3,92,static,11509,15978.0,0.8761
s0_SOFTMAX_BASELINE,g3_moe_s0_1e16,3,93,weighted,12762,15542.8,0.9052
s0_SOFTMAX_BASELINE,g3_moe_s0_1e16,3,93,static,12762,15987.5,0.8923
s0_SOFTMAX_BASELINE,g3_moe_s0_1e16,3,94,weighted,13034,15128.2,0.889
s0_SOFTMAX_BASELINE,g3_moe_s0_1e16,3,94,static,13034,15980.9,0.8455
s0_SOFTMAX_BASELINE,g3_moe_s0_1e16,3,95,weighted,15118,14451.0,0.8981
s0_SOFTMAX_BASELINE,g3_moe_s0_1e16,3,95,static,15118,15987.8,0.9236
s0_SOFTMAX_BASELINE,g3_moe_s0_1e16,3,96,weighted,11999,15398.4,0.9384
s0_SOFTMAX_BASELINE,g3_moe_s0_1e16,3,96,static,11999,15984.7,0.9171
s0_SOFTMAX_BASELINE,g3_moe_s0_1e16,3,97,weighted,10586,13818.8,0.8937
s0_SOFTMAX_BASELINE,g3_moe_s0_1e16,3,97,static,10586,15983.4,0.8964
s0_SOFTMAX_BASELINE,g3_moe_s0_1e16,3,98,weighted,12878,15237.9,0.9461
s0_SOFTMAX_BASELINE,g3_moe_s0_1e16,3,98,static,12878,15987.3,0.8999
s0_SOFTMAX_BASELINE,g3_moe_s0_1e16,3,99,weighted,12254,15005.2,0.936
s0_SOFTMAX_BASELINE,g3_moe_s0_1e16,3,99,static,12254,15980.7,0.8742
s0_SOFTMAX_BASELINE,g3_moe_s0_1e16,3,100,weighted,9866,15620.5,0.8939
s0_SOFTMAX_BASELINE,g3_moe_s0_1e16,3,100,static,9866,15982.9,0.8935
s0_SOFTMAX_BASELINE,g3_moe_s0_1e16,3,101,weighted,12564,14857.4,0.9261
s0_SOFTMAX_BASELINE,g3_moe_s0_1e16,3,101,static,12564,15983.6,0.8926
s0_SOFTMAX_BASELINE,g3_moe_s0_1e16,3,102,weighted,12870,13960.6,0.9348
s0_SOFTMAX_BASELINE,g3_moe_s0_1e16,3,102,static,12870,15970.2,0.9419
s0_SOFTMAX_BASELINE,g3_moe_s0_1e16,3,103,weighted,12065,15622.9,0.9378
s0_SOFTMAX_BASELINE,g3_moe_s0_1e16,3,103,static,12065,15980.5,0.9108
s0_SOFTMAX_BASELINE,g3_moe_s0_1e16,3,104,weighted,12305,14223.5,0.9413
s0_SOFTMAX_BASELINE,g3_moe_s0_1e16,3,104,static,12305,15984.3,0.8926
s0_SOFTMAX_BASELINE,g3_moe_s0_1e16,3,105,weighted,13350,15269.6,0.893
s0_SOFTMAX_BASELINE,g3_moe_s0_1e16,3,105,static,13350,15979.3,0.9202
s0_SOFTMAX_BASELINE,g3_moe_s0_1e16,3,106,weighted,12660,15065.3,0.9086
s0_SOFTMAX_BASELINE,g3_moe_s0_1e16,3,106,static,12660,15982.4,0.9254
s0_SOFTMAX_BASELINE,g3_moe_s0_1e16,3,107,weighted,10900,15471.2,0.9317
s0_SOFTMAX_BASELINE,g3_moe_s0_1e16,3,107,static,10900,15970.7,0.8864
s0_SOFTMAX_BASELINE,g3_moe_s0_1e16,3,108,weighted,12719,14112.8,0.9082
s0_SOFTMAX_BASELINE,g3_moe_s0_1e16,3,108,static,12719,15978.7,0.9043
s0_SOFTMAX_BASELINE,g3_moe_s0_1e16,3,109,weighted,15141,15410.0,0.8748
s0_SOFTMAX_BASELINE,g3_moe_s0_1e16,3,109,static,15141,15984.3,0.8757
s0_SOFTMAX_BASELINE,g3_moe_s0_1e16,3,110,weighted,11024,13276.9,0.9417
s0_SOFTMAX_BASELINE,g3_moe_s0_1e16,3,110,static,11024,15974.1,0.8916
s0_SOFTMAX_BASELINE,g3_moe_s0_1e16,3,111,weighted,13889,12269.6,0.9057
s0_SOFTMAX_BASELINE,g3_moe_s0_1e16,3,111,static,13889,15987.8,0.886
s0_SOFTMAX_BASELINE,g3_moe_s0_1e16,3,112,weighted,11190,8275.0,0.9074
s0_SOFTMAX_BASELINE,g3_moe_s0_1e16,3,112,static,11190,15983.8,0.8864
s0_SOFTMAX_BASELINE,g3_moe_s0_1e16,3,113,weighted,10705,15518.7,0.9107
s0_SOFTMAX_BASELINE,g3_moe_s0_1e16,3,113,static,10705,15985.4,0.9146
s0_SOFTMAX_BASELINE,g3_moe_s0_1e16,3,114,weighted,11660,14802.1,0.9376
s0_SOFTMAX_BASELINE,g3_moe_s0_1e16,3,114,static,11660,15982.5,0.9066
s0_SOFTMAX_BASELINE,g3_moe_s0_1e16,3,115,weighted,13518,14005.2,0.9204
s0_SOFTMAX_BASELINE,g3_moe_s0_1e16,3,115,static,13518,15978.5,0.8736
s0_SOFTMAX_BASELINE,g3_moe_s0_1e16,3,116,weighted,10164,15375.6,0.8992
s0_SOFTMAX_BASELINE,g3_moe_s0_1e16,3,116,static,10164,15971.2,0.9298
s0_SOFTMAX_BASELINE,g3_moe_s0_1e16,3,117,weighted,10636,13504.1,0.9054
s0_SOFTMAX_BASELINE,g3_moe_s0_1e16,3,117,static,10636,15984.6,0.9051
s0_SOFTMAX_BASELINE,g3_moe_s0_1e16,3,118,weighted,9263,15232.2,0.8917
s0_SOFTMAX_BASELINE,g3_moe_s0_1e16,3,118,static,9263,15978.9,0.9136
s0_SOFTMAX_BASELINE,g3_moe_s0_1e16,3,119,weighted,12251,14321.5,0.877
s0_SOFTMAX_BASELINE,g3_moe_s0_1e16,3,119,static,12251,15982.9,0.9143
s0_SOFTMAX_BASELINE,g3_moe_s0_1e16,3,120,weighted,12844,14276.5,0.9151
s0_SOFTMAX_BASELINE,g3_moe_s0_1e16,3,120,static,12844,15982.1,0.9038
s0_SOFTMAX_BASELINE,g3_moe_s0_1e16,3,121,weighted,14404,14461.7,0.9119
s0_SOFTMAX_BASELINE,g3_moe_s0_1e16,3,121,static,14404,15983.4,0.8972
s0_SOFTMAX_BASELINE,g3_moe_s0_1e16,3,122,weighted,11335,15501.0,0.8943
s0_SOFTMAX_BASELINE,g3_moe_s0_1e16,3,122,static,11335,15979.1,0.9007
s0_SOFTMAX_BASELINE,g3_moe_s0_1e16,3,123,weighted,13020,15070.5,0.954
s0_SOFTMAX_BASELINE,g3_moe_s0_1e16,3,123,static,13020,15983.7,0.9205
s0_SOFTMAX_BASELINE,g3_moe_s0_1e16,3,124,weighted,13459,14916.2,0.9252
s0_SOFTMAX_BASELINE,g3_moe_s0_1e16,3,124,static,13459,15984.4,0.8832
s0_SOFTMAX_BASELINE,g3_moe_s0_1e16,3,125,weighted,10702,15140.3,0.8738
s0_SOFTMAX_BASELINE,g3_moe_s0_1e16,3,125,static,10702,15971.7,0.8947
s0_SOFTMAX_BASELINE,g3_moe_s0_1e16,3,126,weighted,11515,14866.5,0.8747
s0_SOFTMAX_BASELINE,g3_moe_s0_1e16,3,126,static,11515,15982.1,0.8789
s0_SOFTMAX_BASELINE,g3_moe_s0_1e16,3,127,weighted,12225,14474.7,0.8755
s0_SOFTMAX_BASELINE,g3_moe_s0_1e16,3,127,static,12225,15977.0,0.9079
s0_SOFTMAX_BASELINE,g3_moe_s0_1e16,3,128,weighted,13078,13985.3,0.8597
s0_SOFTMAX_BASELINE,g3_moe_s0_1e16,3,128,static,13078,15983.1,0.85
s0_SOFTMAX_BASELINE,g3_moe_s0_1e16,3,129,weighted,12860,13539.5,0.9122
s0_SOFTMAX_BASELINE,g3_moe_s0_1e16,3,129,static,12860,15986.6,0.9048
s0_SOFTMAX_BASELINE,g3_moe_s0_1e16,3,130,weighted,14632,15212.7,0.8657
s0_SOFTMAX_BASELINE,g3_moe_s0_1e16,3,130,static,14632,15982.3,0.9226
s0_SOFTMAX_BASELINE,g3_moe_s0_1e16,3,131,weighted,10922,14087.2,0.9328
s0_SOFTMAX_BASELINE,g3_moe_s0_1e16,3,131,static,10922,15987.8,0.899
s0_SOFTMAX_BASELINE,g3_moe_s0_1e16,3,132,weighted,11338,15617.1,0.9333
s0_SOFTMAX_BASELINE,g3_moe_s0_1e16,3,132,static,11338,15984.1,0.918
s0_SOFTMAX_BASELINE,g3_moe_s0_1e16,3,133,weighted,13191,14393.4,0.9147
s0_SOFTMAX_BASELINE,g3_moe_s0_1e16,3,133,static,13191,15988.0,0.8948
s0_SOFTMAX_BASELINE,g3_moe_s0_1e16,3,134,weighted,11941,15123.6,0.8506
s0_SOFTMAX_BASELINE,g3_moe_s0_1e16,3,134,static,11941,15984.0,0.8953
s0_SOFTMAX_BASELINE,g3_moe_s0_1e16,3,135,weighted,12189,13189.9,0.8909
s0_SOFTMAX_BASELINE,g3_moe_s0_1e16,3,135,static,12189,15989.7,0.8921
s0_SOFTMAX_BASELINE,g3_moe_s0_1e16,3,136,weighted,13516,15449.6,0.9053
s0_SOFTMAX_BASELINE,g3_moe_s0_1e16,3,136,static,13516,15981.1,0.8861
s0_SOFTMAX_BASELINE,g3_moe_s0_1e16,3,137,weighted,10562,14526.2,0.9023
s0_SOFTMAX_BASELINE,g3_moe_s0_1e16,3,137,static,10562,15983.7,0.8484
s0_SOFTMAX_BASELINE,g3_moe_s0_1e16,3,138,weighted,11093,14933.3,0.9333
s0_SOFTMAX_BASELINE,g3_moe_s0_1e16,3,138,static,11093,15979.2,0.8946
s0_SOFTMAX_BASELINE,g3_moe_s0_1e16,3,139,weighted,12314,14885.1,0.8943
s0_SOFTMAX_BASELINE,g3_moe_s0_1e16,3,139,static,12314,15989.7,0.8766
s0_SOFTMAX_BASELINE,g3_moe_s0_1e16,3,140,weighted,10822,13847.0,0.9503
s0_SOFTMAX_BASELINE,g3_moe_s0_1e16,3,140,static,10822,15982.6,0.8983
s0_SOFTMAX_BASELINE,g3_moe_s0_1e16,3,141,weighted,10224,15341.2,0.9048
s0_SOFTMAX_BASELINE,g3_moe_s0_1e16,3,141,static,10224,15984.9,0.9203
s0_SOFTMAX_BASELINE,g3_moe_s0_1e16,3,142,weighted,11575,15485.3,0.9245
s0_SOFTMAX_BASELINE,g3_moe_s0_1e16,3,142,static,11575,15988.4,0.8864
s0_SOFTMAX_BASELINE,g3_moe_s0_1e16,3,143,weighted,11731,14514.0,0.9443
s0_SOFTMAX_BASELINE,g3_moe_s0_1e16,3,143,static,11731,15982.8,0.9127
s0_SOFTMAX_BASELINE,g3_moe_s0_1e16,3,144,weighted,12825,15242.9,0.9377
s0_SOFTMAX_BASELINE,g3_moe_s0_1e16,3,144,static,12825,15980.6,0.8785
s0_SOFTMAX_BASELINE,g3_moe_s0_1e16,3,145,weighted,12186,15379.7,0.901
s0_SOFTMAX_BASELINE,g3_moe_s0_1e16,3,145,static,12186,15984.5,0.9074
s0_SOFTMAX_BASELINE,g3_moe_s0_1e16,3,146,weighted,13164,14325.9,0.8143
s0_SOFTMAX_BASELINE,g3_moe_s0_1e16,3,146,static,13164,15983.3,0.9144
s0_SOFTMAX_BASELINE,g3_moe_s0_1e16,3,147,weighted,14117,8522.5,0.8476
s0_SOFTMAX_BASELINE,g3_moe_s0_1e16,3,147,static,14117,15988.5,0.9139
s0_SOFTMAX_BASELINE,g3_moe_s0_1e16,3,148,weighted,11455,14634.8,0.8851
s0_SOFTMAX_BASELINE,g3_moe_s0_1e16,3,148,static,11455,15979.9,0.883
s0_SOFTMAX_BASELINE,g3_moe_s0_1e16,3,149,weighted,11120,14940.0,0.9123
s0_SOFTMAX_BASELINE,g3_moe_s0_1e16,3,149,static,11120,15978.2,0.8831
s0_SOFTMAX_BASELINE,g3_moe_s0_1e16,3,150,weighted,11699,14896.5,0.8663
s0_SOFTMAX_BASELINE,g3_moe_s0_1e16,3,150,static,11699,15978.6,0.8911
s0_SOFTMAX_BASELINE,g3_moe_s0_1e16,3,151,weighted,13474,14759.3,0.8993
s0_SOFTMAX_BASELINE,g3_moe_s0_1e16,3,151,static,13474,15988.3,0.8865
s0_SOFTMAX_BASELINE,g3_moe_s0_1e16,3,152,weighted,13248,15314.0,0.9361
s0_SOFTMAX_BASELINE,g3_moe_s0_1e16,3,152,static,13248,15980.7,0.8768
s0_SOFTMAX_BASELINE,g3_moe_s0_1e16,3,153,weighted,12362,12548.6,0.9436
s0_SOFTMAX_BASELINE,g3_moe_s0_1e16,3,153,static,12362,15989.7,0.9283
s0_SOFTMAX_BASELINE,g3_moe_s0_1e16,3,154,weighted,12258,14721.5,0.9082
s0_SOFTMAX_BASELINE,g3_moe_s0_1e16,3,154,static,12258,15985.7,0.8866
s0_SOFTMAX_BASELINE,g3_moe_s0_1e16,3,155,weighted,11553,14861.3,0.9155
s0_SOFTMAX_BASELINE,g3_moe_s0_1e16,3,155,static,11553,15977.7,0.8907
s0_SOFTMAX_BASELINE,g3_moe_s0_1e16,3,156,weighted,15768,14825.0,0.9279
s0_SOFTMAX_BASELINE,g3_moe_s0_1e16,3,156,static,15768,15988.7,0.8912
s0_SOFTMAX_BASELINE,g3_moe_s0_1e16,3,157,weighted,11590,15586.9,0.9291
s0_SOFTMAX_BASELINE,g3_moe_s0_1e16,3,157,static,11590,15984.6,0.8977
s0_SOFTMAX_BASELINE,g3_moe_s0_1e16,3,158,weighted,12876,12345.3,0.9229
s0_SOFTMAX_BASELINE,g3_moe_s0_1e16,3,158,static,12876,15991.1,0.9044
s0_SOFTMAX_BASELINE,g3_moe_s0_1e16,3,159,weighted,9752,15303.7,0.9077
s0_SOFTMAX_BASELINE,g3_moe_s0_1e16,3,159,static,9752,15983.8,0.9027
s0_SOFTMAX_BASELINE,g3_moe_s0_1e16,3,160,weighted,11379,15091.6,0.8717
s0_SOFTMAX_BASELINE,g3_moe_s0_1e16,3,160,static,11379,15980.6,0.864
s0_SOFTMAX_BASELINE,g3_moe_s0_1e16,3,161,weighted,12718,13278.1,0.9331
s0_SOFTMAX_BASELINE,g3_moe_s0_1e16,3,161,static,12718,15983.3,0.8819
s0_SOFTMAX_BASELINE,g3_moe_s0_1e16,3,162,weighted,12841,14964.0,0.8889
s0_SOFTMAX_BASELINE,g3_moe_s0_1e16,3,162,static,12841,15985.9,0.8522
s0_SOFTMAX_BASELINE,g3_moe_s0_1e16,3,163,weighted,11769,15336.3,0.9097
s0_SOFTMAX_BASELINE,g3_moe_s0_1e16,3,163,static,11769,15984.4,0.9193
s0_SOFTMAX_BASELINE,g3_moe_s0_1e16,3,164,weighted,15068,14512.2,0.8919
s0_SOFTMAX_BASELINE,g3_moe_s0_1e16,3,164,static,15068,15987.3,0.9148
s0_SOFTMAX_BASELINE,g3_moe_s0_1e16,3,165,weighted,9670,14433.2,0.876
s0_SOFTMAX_BASELINE,g3_moe_s0_1e16,3,165,static,9670,15987.8,0.8935
s0_SOFTMAX_BASELINE,g3_moe_s0_1e16,3,166,weighted,11990,13947.0,0.885
s0_SOFTMAX_BASELINE,g3_moe_s0_1e16,3,166,static,11990,15982.0,0.9193
s0_SOFTMAX_BASELINE,g3_moe_s0_1e16,3,167,weighted,11499,14850.6,0.8964
s0_SOFTMAX_BASELINE,g3_moe_s0_1e16,3,167,static,11499,15981.6,0.9013
s0_SOFTMAX_BASELINE,g3_moe_s0_1e16,3,168,weighted,12488,15431.7,0.9424
s0_SOFTMAX_BASELINE,g3_moe_s0_1e16,3,168,static,12488,15986.8,0.8911
s0_SOFTMAX_BASELINE,g3_moe_s0_1e16,3,169,weighted,11576,13006.1,0.9153
s0_SOFTMAX_BASELINE,g3_moe_s0_1e16,3,169,static,11576,15985.4,0.8645
s0_SOFTMAX_BASELINE,g3_moe_s0_1e16,3,170,weighted,11999,14260.7,0.8845
s0_SOFTMAX_BASELINE,g3_moe_s0_1e16,3,170,static,11999,15971.3,0.867
s0_SOFTMAX_BASELINE,g3_moe_s0_1e16,3,171,weighted,14057,14464.2,0.839
s0_SOFTMAX_BASELINE,g3_moe_s0_1e16,3,171,static,14057,15989.7,0.8937
s0_SOFTMAX_BASELINE,g3_moe_s0_1e16,3,172,weighted,12495,12991.1,0.9163
s0_SOFTMAX_BASELINE,g3_moe_s0_1e16,3,172,static,12495,15983.9,0.8963
s0_SOFTMAX_BASELINE,g3_moe_s0_1e16,3,173,weighted,12039,15165.6,0.9026
s0_SOFTMAX_BASELINE,g3_moe_s0_1e16,3,173,static,12039,15985.5,0.9084
s0_SOFTMAX_BASELINE,g3_moe_s0_1e16,3,174,weighted,15296,14375.0,0.8126
s0_SOFTMAX_BASELINE,g3_moe_s0_1e16,3,174,static,15296,15982.8,0.9217
s0_SOFTMAX_BASELINE,g3_moe_s0_1e16,3,175,weighted,12333,14455.5,0.925
s0_SOFTMAX_BASELINE,g3_moe_s0_1e16,3,175,static,12333,15986.9,0.9036
s0_SOFTMAX_BASELINE,g3_moe_s0_1e16,3,176,weighted,13481,14782.2,0.9474
s0_SOFTMAX_BASELINE,g3_moe_s0_1e16,3,176,static,13481,15988.9,0.8754
s0_SOFTMAX_BASELINE,g3_moe_s0_1e16,3,177,weighted,12652,14995.6,0.876
s0_SOFTMAX_BASELINE,g3_moe_s0_1e16,3,177,static,12652,15984.4,0.863
s0_SOFTMAX_BASELINE,g3_moe_s0_1e16,3,178,weighted,10834,14488.5,0.8871
s0_SOFTMAX_BASELINE,g3_moe_s0_1e16,3,178,static,10834,15983.8,0.9022
s0_SOFTMAX_BASELINE,g3_moe_s0_1e16,3,179,weighted,11941,15636.1,0.9202
s0_SOFTMAX_BASELINE,g3_moe_s0_1e16,3,179,static,11941,15980.3,0.9052
s0_SOFTMAX_BASELINE,g3_moe_s0_1e16,3,180,weighted,11736,14797.2,0.9076
s0_SOFTMAX_BASELINE,g3_moe_s0_1e16,3,180,static,11736,15982.5,0.9113
s0_SOFTMAX_BASELINE,g3_moe_s0_1e16,3,181,weighted,13399,12783.9,0.8899
s0_SOFTMAX_BASELINE,g3_moe_s0_1e16,3,181,static,13399,15985.4,0.9037
s0_SOFTMAX_BASELINE,g3_moe_s0_1e16,3,182,weighted,13661,15295.4,0.871
s0_SOFTMAX_BASELINE,g3_moe_s0_1e16,3,182,static,13661,15982.1,0.9122
s0_SOFTMAX_BASELINE,g3_moe_s0_1e16,3,183,weighted,11622,14370.5,0.8875
s0_SOFTMAX_BASELINE,g3_moe_s0_1e16,3,183,static,11622,15983.5,0.9173
s0_SOFTMAX_BASELINE,g3_moe_s0_1e16,3,184,weighted,11581,14936.9,0.8747
s0_SOFTMAX_BASELINE,g3_moe_s0_1e16,3,184,static,11581,15972.8,0.8973
s0_SOFTMAX_BASELINE,g3_moe_s0_1e16,3,185,weighted,12339,14528.7,0.9136
s0_SOFTMAX_BASELINE,g3_moe_s0_1e16,3,185,static,12339,15984.9,0.8662
s0_SOFTMAX_BASELINE,g3_moe_s0_1e16,3,186,weighted,13365,14827.0,0.9278
s0_SOFTMAX_BASELINE,g3_moe_s0_1e16,3,186,static,13365,15983.9,0.9075
s0_SOFTMAX_BASELINE,g3_moe_s0_1e16,3,187,weighted,12374,14558.8,0.9142
s0_SOFTMAX_BASELINE,g3_moe_s0_1e16,3,187,static,12374,15986.4,0.8663
s0_SOFTMAX_BASELINE,g3_moe_s0_1e16,3,188,weighted,10693,15110.0,0.9194
s0_SOFTMAX_BASELINE,g3_moe_s0_1e16,3,188,static,10693,15976.8,0.8759
s0_SOFTMAX_BASELINE,g3_moe_s0_1e16,3,189,weighted,11124,14519.1,0.8754
s0_SOFTMAX_BASELINE,g3_moe_s0_1e16,3,189,static,11124,15984.0,0.883
s0_SOFTMAX_BASELINE,g3_moe_s0_1e16,3,190,weighted,10590,15027.8,0.878
s0_SOFTMAX_BASELINE,g3_moe_s0_1e16,3,190,static,10590,15981.5,0.8835
s0_SOFTMAX_BASELINE,g3_moe_s0_1e16,3,191,weighted,11644,15220.8,0.9099
s0_SOFTMAX_BASELINE,g3_moe_s0_1e16,3,191,static,11644,15983.3,0.9191
s0_SOFTMAX_BASELINE,g3_moe_s0_1e16,4,0,weighted,13046,11634.4,0.9007
s0_SOFTMAX_BASELINE,g3_moe_s0_1e16,4,0,static,13046,15974.6,0.9302
s0_SOFTMAX_BASELINE,g3_moe_s0_1e16,4,1,weighted,12592,12371.1,0.8762
s0_SOFTMAX_BASELINE,g3_moe_s0_1e16,4,1,static,12592,15984.2,0.888
s0_SOFTMAX_BASELINE,g3_moe_s0_1e16,4,2,weighted,11949,13297.4,0.9213
s0_SOFTMAX_BASELINE,g3_moe_s0_1e16,4,2,static,11949,15975.6,0.9028
s0_SOFTMAX_BASELINE,g3_moe_s0_1e16,4,3,weighted,11076,14696.8,0.9089
s0_SOFTMAX_BASELINE,g3_moe_s0_1e16,4,3,static,11076,15979.9,0.8605
s0_SOFTMAX_BASELINE,g3_moe_s0_1e16,4,4,weighted,11485,12898.6,0.9471
s0_SOFTMAX_BASELINE,g3_moe_s0_1e16,4,4,static,11485,15987.1,0.9067
s0_SOFTMAX_BASELINE,g3_moe_s0_1e16,4,5,weighted,12905,2446.6,0.8956
s0_SOFTMAX_BASELINE,g3_moe_s0_1e16,4,5,static,12905,15980.7,0.8928
s0_SOFTMAX_BASELINE,g3_moe_s0_1e16,4,6,weighted,14730,13052.3,0.8641
s0_SOFTMAX_BASELINE,g3_moe_s0_1e16,4,6,static,14730,15975.1,0.9024
s0_SOFTMAX_BASELINE,g3_moe_s0_1e16,4,7,weighted,11749,13737.6,0.8545
s0_SOFTMAX_BASELINE,g3_moe_s0_1e16,4,7,static,11749,15982.4,0.8879
s0_SOFTMAX_BASELINE,g3_moe_s0_1e16,4,8,weighted,11965,3132.9,0.8645
s0_SOFTMAX_BASELINE,g3_moe_s0_1e16,4,8,static,11965,15981.5,0.9024
s0_SOFTMAX_BASELINE,g3_moe_s0_1e16,4,9,weighted,12282,6998.8,0.909
s0_SOFTMAX_BASELINE,g3_moe_s0_1e16,4,9,static,12282,15972.9,0.8232
s0_SOFTMAX_BASELINE,g3_moe_s0_1e16,4,10,weighted,11495,7959.9,0.9052
s0_SOFTMAX_BASELINE,g3_moe_s0_1e16,4,10,static,11495,15974.9,0.9056
s0_SOFTMAX_BASELINE,g3_moe_s0_1e16,4,11,weighted,13266,10576.2,0.9333
s0_SOFTMAX_BASELINE,g3_moe_s0_1e16,4,11,static,13266,15980.5,0.8823
s0_SOFTMAX_BASELINE,g3_moe_s0_1e16,4,12,weighted,10865,3248.4,0.8861
s0_SOFTMAX_BASELINE,g3_moe_s0_1e16,4,12,static,10865,15977.6,0.8863
s0_SOFTMAX_BASELINE,g3_moe_s0_1e16,4,13,weighted,11365,6153.9,0.9348
s0_SOFTMAX_BASELINE,g3_moe_s0_1e16,4,13,static,11365,15953.4,0.8957
s0_SOFTMAX_BASELINE,g3_moe_s0_1e16,4,14,weighted,13651,11737.3,0.9308
s0_SOFTMAX_BASELINE,g3_moe_s0_1e16,4,14,static,13651,15964.3,0.8872
s0_SOFTMAX_BASELINE,g3_moe_s0_1e16,4,15,weighted,10387,13836.4,0.9061
s0_SOFTMAX_BASELINE,g3_moe_s0_1e16,4,15,static,10387,15983.5,0.8949
s0_SOFTMAX_BASELINE,g3_moe_s0_1e16,4,16,weighted,13410,10015.5,0.9382
s0_SOFTMAX_BASELINE,g3_moe_s0_1e16,4,16,static,13410,15977.7,0.9061
s0_SOFTMAX_BASELINE,g3_moe_s0_1e16,4,17,weighted,12014,11443.8,0.9299
s0_SOFTMAX_BASELINE,g3_moe_s0_1e16,4,17,static,12014,15982.7,0.8671
s0_SOFTMAX_BASELINE,g3_moe_s0_1e16,4,18,weighted,11067,14387.8,0.911
s0_SOFTMAX_BASELINE,g3_moe_s0_1e16,4,18,static,11067,15976.9,0.8888
s0_SOFTMAX_BASELINE,g3_moe_s0_1e16,4,19,weighted,13444,6851.3,0.908
s0_SOFTMAX_BASELINE,g3_moe_s0_1e16,4,19,static,13444,15989.3,0.9166
s0_SOFTMAX_BASELINE,g3_moe_s0_1e16,4,20,weighted,10877,13472.4,0.8646
s0_SOFTMAX_BASELINE,g3_moe_s0_1e16,4,20,static,10877,15975.5,0.8819
s0_SOFTMAX_BASELINE,g3_moe_s0_1e16,4,21,weighted,12660,11236.7,0.9232
s0_SOFTMAX_BASELINE,g3_moe_s0_1e16,4,21,static,12660,15989.0,0.9135
s0_SOFTMAX_BASELINE,g3_moe_s0_1e16,4,22,weighted,12055,11048.6,0.9171
s0_SOFTMAX_BASELINE,g3_moe_s0_1e16,4,22,static,12055,15987.3,0.8955
s0_SOFTMAX_BASELINE,g3_moe_s0_1e16,4,23,weighted,14523,11666.3,0.9309
s0_SOFTMAX_BASELINE,g3_moe_s0_1e16,4,23,static,14523,15984.4,0.9172
s0_SOFTMAX_BASELINE,g3_moe_s0_1e16,4,24,weighted,12297,6503.8,0.906
s0_SOFTMAX_BASELINE,g3_moe_s0_1e16,4,24,static,12297,15964.1,0.877
s0_SOFTMAX_BASELINE,g3_moe_s0_1e16,4,25,weighted,11303,13773.4,0.9022
s0_SOFTMAX_BASELINE,g3_moe_s0_1e16,4,25,static,11303,15982.8,0.9265
s0_SOFTMAX_BASELINE,g3_moe_s0_1e16,4,26,weighted,12101,9575.5,0.9192
s0_SOFTMAX_BASELINE,g3_moe_s0_1e16,4,26,static,12101,15984.7,0.8786
s0_SOFTMAX_BASELINE,g3_moe_s0_1e16,4,27,weighted,13696,12887.1,0.9348
s0_SOFTMAX_BASELINE,g3_moe_s0_1e16,4,27,static,13696,15989.3,0.9278
s0_SOFTMAX_BASELINE,g3_moe_s0_1e16,4,28,weighted,11170,8747.9,0.9046
s0_SOFTMAX_BASELINE,g3_moe_s0_1e16,4,28,static,11170,15982.3,0.8989
s0_SOFTMAX_BASELINE,g3_moe_s0_1e16,4,29,weighted,10264,12160.7,0.9019
s0_SOFTMAX_BASELINE,g3_moe_s0_1e16,4,29,static,10264,15985.1,0.9253
s0_SOFTMAX_BASELINE,g3_moe_s0_1e16,4,30,weighted,12620,5608.5,0.7946
s0_SOFTMAX_BASELINE,g3_moe_s0_1e16,4,30,static,12620,15991.9,0.8861
s0_SOFTMAX_BASELINE,g3_moe_s0_1e16,4,31,weighted,13300,5231.8,0.8898
s0_SOFTMAX_BASELINE,g3_moe_s0_1e16,4,31,static,13300,15976.5,0.9096
s0_SOFTMAX_BASELINE,g3_moe_s0_1e16,4,32,weighted,16051,9444.6,0.9343
s0_SOFTMAX_BASELINE,g3_moe_s0_1e16,4,32,static,16051,15970.2,0.9351
s0_SOFTMAX_BASELINE,g3_moe_s0_1e16,4,33,weighted,11121,11544.6,0.9319
s0_SOFTMAX_BASELINE,g3_moe_s0_1e16,4,33,static,11121,15976.2,0.8701
s0_SOFTMAX_BASELINE,g3_moe_s0_1e16,4,34,weighted,14327,8155.7,0.9381
s0_SOFTMAX_BASELINE,g3_moe_s0_1e16,4,34,static,14327,15989.7,0.9044
s0_SOFTMAX_BASELINE,g3_moe_s0_1e16,4,35,weighted,10623,7365.4,0.8976
s0_SOFTMAX_BASELINE,g3_moe_s0_1e16,4,35,static,10623,15976.9,0.9043
s0_SOFTMAX_BASELINE,g3_moe_s0_1e16,4,36,weighted,10198,11761.0,0.8896
s0_SOFTMAX_BASELINE,g3_moe_s0_1e16,4,36,static,10198,15979.7,0.898
s0_SOFTMAX_BASELINE,g3_moe_s0_1e16,4,37,weighted,11888,6073.8,0.8838
s0_SOFTMAX_BASELINE,g3_moe_s0_1e16,4,37,static,11888,15983.4,0.921
s0_SOFTMAX_BASELINE,g3_moe_s0_1e16,4,38,weighted,12513,13056.7,0.946
s0_SOFTMAX_BASELINE,g3_moe_s0_1e16,4,38,static,12513,15986.3,0.9114
s0_SOFTMAX_BASELINE,g3_moe_s0_1e16,4,39,weighted,12645,14703.5,0.8901
s0_SOFTMAX_BASELINE,g3_moe_s0_1e16,4,39,static,12645,15983.4,0.8873
s0_SOFTMAX_BASELINE,g3_moe_s0_1e16,4,40,weighted,9830,12379.9,0.8913
s0_SOFTMAX_BASELINE,g3_moe_s0_1e16,4,40,static,9830,15981.9,0.8961
s0_SOFTMAX_BASELINE,g3_moe_s0_1e16,4,41,weighted,11144,14183.6,0.9186
s0_SOFTMAX_BASELINE,g3_moe_s0_1e16,4,41,static,11144,15982.2,0.8916
s0_SOFTMAX_BASELINE,g3_moe_s0_1e16,4,42,weighted,14134,11814.8,0.9267
s0_SOFTMAX_BASELINE,g3_moe_s0_1e16,4,42,static,14134,15984.0,0.8981
s0_SOFTMAX_BASELINE,g3_moe_s0_1e16,4,43,weighted,10750,13642.9,0.8909
s0_SOFTMAX_BASELINE,g3_moe_s0_1e16,4,43,static,10750,15981.0,0.8765
s0_SOFTMAX_BASELINE,g3_moe_s0_1e16,4,44,weighted,11788,14810.0,0.8802
s0_SOFTMAX_BASELINE,g3_moe_s0_1e16,4,44,static,11788,15982.7,0.8972
s0_SOFTMAX_BASELINE,g3_moe_s0_1e16,4,45,weighted,13330,12147.2,0.8746
s0_SOFTMAX_BASELINE,g3_moe_s0_1e16,4,45,static,13330,15984.8,0.8877
s0_SOFTMAX_BASELINE,g3_moe_s0_1e16,4,46,weighted,11744,13651.1,0.9151
s0_SOFTMAX_BASELINE,g3_moe_s0_1e16,4,46,static,11744,15975.7,0.9095
s0_SOFTMAX_BASELINE,g3_moe_s0_1e16,4,47,weighted,13281,10887.5,0.9418
s0_SOFTMAX_BASELINE,g3_moe_s0_1e16,4,47,static,13281,15982.5,0.9193
s0_SOFTMAX_BASELINE,g3_moe_s0_1e16,4,48,weighted,13180,12032.6,0.8947
s0_SOFTMAX_BASELINE,g3_moe_s0_1e16,4,48,static,13180,15986.8,0.9266
s0_SOFTMAX_BASELINE,g3_moe_s0_1e16,4,49,weighted,12216,14434.2,0.9222
s0_SOFTMAX_BASELINE,g3_moe_s0_1e16,4,49,static,12216,15965.4,0.8893
s0_SOFTMAX_BASELINE,g3_moe_s0_1e16,4,50,weighted,13668,12662.7,0.928
s0_SOFTMAX_BASELINE,g3_moe_s0_1e16,4,50,static,13668,15984.1,0.8897
s0_SOFTMAX_BASELINE,g3_moe_s0_1e16,4,51,weighted,15696,11606.7,0.8815
s0_SOFTMAX_BASELINE,g3_moe_s0_1e16,4,51,static,15696,15980.9,0.9096
s0_SOFTMAX_BASELINE,g3_moe_s0_1e16,4,52,weighted,11393,14102.0,0.9183
s0_SOFTMAX_BASELINE,g3_moe_s0_1e16,4,52,static,11393,15982.5,0.9332
s0_SOFTMAX_BASELINE,g3_moe_s0_1e16,4,53,weighted,13260,9865.2,0.8671
s0_SOFTMAX_BASELINE,g3_moe_s0_1e16,4,53,static,13260,15985.8,0.854
s0_SOFTMAX_BASELINE,g3_moe_s0_1e16,4,54,weighted,11789,10961.5,0.8965
s0_SOFTMAX_BASELINE,g3_moe_s0_1e16,4,54,static,11789,15982.6,0.8965
s0_SOFTMAX_BASELINE,g3_moe_s0_1e16,4,55,weighted,12310,10532.4,0.9189
s0_SOFTMAX_BASELINE,g3_moe_s0_1e16,4,55,static,12310,15985.9,0.9186
s0_SOFTMAX_BASELINE,g3_moe_s0_1e16,4,56,weighted,15132,14526.3,0.8155
s0_SOFTMAX_BASELINE,g3_moe_s0_1e16,4,56,static,15132,15984.1,0.8648
s0_SOFTMAX_BASELINE,g3_moe_s0_1e16,4,57,weighted,11799,9966.8,0.9024
s0_SOFTMAX_BASELINE,g3_moe_s0_1e16,4,57,static,11799,15982.2,0.8802
s0_SOFTMAX_BASELINE,g3_moe_s0_1e16,4,58,weighted,11159,11892.0,0.9346
s0_SOFTMAX_BASELINE,g3_moe_s0_1e16,4,58,static,11159,15985.3,0.9216
s0_SOFTMAX_BASELINE,g3_moe_s0_1e16,4,59,weighted,11880,12467.9,0.8934
s0_SOFTMAX_BASELINE,g3_moe_s0_1e16,4,59,static,11880,15985.9,0.8425
s0_SOFTMAX_BASELINE,g3_moe_s0_1e16,4,60,weighted,13218,10846.0,0.8862
s0_SOFTMAX_BASELINE,g3_moe_s0_1e16,4,60,static,13218,15985.2,0.9262
s0_SOFTMAX_BASELINE,g3_moe_s0_1e16,4,61,weighted,11837,5845.0,0.8736
s0_SOFTMAX_BASELINE,g3_moe_s0_1e16,4,61,static,11837,15976.2,0.8814
s0_SOFTMAX_BASELINE,g3_moe_s0_1e16,4,62,weighted,11034,9801.3,0.824
s0_SOFTMAX_BASELINE,g3_moe_s0_1e16,4,62,static,11034,15985.7,0.9273
s0_SOFTMAX_BASELINE,g3_moe_s0_1e16,4,63,weighted,11229,14221.5,0.9158
s0_SOFTMAX_BASELINE,g3_moe_s0_1e16,4,63,static,11229,15985.4,0.8785
s0_SOFTMAX_BASELINE,g3_moe_s0_1e16,4,64,weighted,16339,10433.2,0.8617
s0_SOFTMAX_BASELINE,g3_moe_s0_1e16,4,64,static,16339,15974.7,0.9089
s0_SOFTMAX_BASELINE,g3_moe_s0_1e16,4,65,weighted,12272,13233.6,0.9126
s0_SOFTMAX_BASELINE,g3_moe_s0_1e16,4,65,static,12272,15979.6,0.871
s0_SOFTMAX_BASELINE,g3_moe_s0_1e16,4,66,weighted,12455,13849.4,0.8727
s0_SOFTMAX_BASELINE,g3_moe_s0_1e16,4,66,static,12455,15980.8,0.8759
s0_SOFTMAX_BASELINE,g3_moe_s0_1e16,4,67,weighted,10893,7204.4,0.9059
s0_SOFTMAX_BASELINE,g3_moe_s0_1e16,4,67,static,10893,15984.1,0.8976
s0_SOFTMAX_BASELINE,g3_moe_s0_1e16,4,68,weighted,11118,2943.9,0.8603
s0_SOFTMAX_BASELINE,g3_moe_s0_1e16,4,68,static,11118,15977.6,0.9227
s0_SOFTMAX_BASELINE,g3_moe_s0_1e16,4,69,weighted,11501,14097.4,0.8963
s0_SOFTMAX_BASELINE,g3_moe_s0_1e16,4,69,static,11501,15987.3,0.8876
s0_SOFTMAX_BASELINE,g3_moe_s0_1e16,4,70,weighted,12876,5613.3,0.9003
s0_SOFTMAX_BASELINE,g3_moe_s0_1e16,4,70,static,12876,15984.4,0.9026
s0_SOFTMAX_BASELINE,g3_moe_s0_1e16,4,71,weighted,11024,14167.7,0.8954
s0_SOFTMAX_BASELINE,g3_moe_s0_1e16,4,71,static,11024,15980.5,0.9107
s0_SOFTMAX_BASELINE,g3_moe_s0_1e16,4,72,weighted,10834,12474.6,0.9048
s0_SOFTMAX_BASELINE,g3_moe_s0_1e16,4,72,static,10834,15983.3,0.8439
s0_SOFTMAX_BASELINE,g3_moe_s0_1e16,4,73,weighted,13105,9360.3,0.8597
s0_SOFTMAX_BASELINE,g3_moe_s0_1e16,4,73,static,13105,15983.2,0.8908
s0_SOFTMAX_BASELINE,g3_moe_s0_1e16,4,74,weighted,11243,9637.0,0.8441
s0_SOFTMAX_BASELINE,g3_moe_s0_1e16,4,74,static,11243,15975.8,0.8546
s0_SOFTMAX_BASELINE,g3_moe_s0_1e16,4,75,weighted,11222,13140.8,0.9299
s0_SOFTMAX_BASELINE,g3_moe_s0_1e16,4,75,static,11222,15979.0,0.8922
s0_SOFTMAX_BASELINE,g3_moe_s0_1e16,4,76,weighted,12126,11657.4,0.9129
s0_SOFTMAX_BASELINE,g3_moe_s0_1e16,4,76,static,12126,15987.9,0.8976
s0_SOFTMAX_BASELINE,g3_moe_s0_1e16,4,77,weighted,11134,13632.6,0.7789
s0_SOFTMAX_BASELINE,g3_moe_s0_1e16,4,77,static,11134,15974.8,0.8748
s0_SOFTMAX_BASELINE,g3_moe_s0_1e16,4,78,weighted,12484,10158.5,0.8936
s0_SOFTMAX_BASELINE,g3_moe_s0_1e16,4,78,static,12484,15989.6,0.9255
s0_SOFTMAX_BASELINE,g3_moe_s0_1e16,4,79,weighted,13379,11356.5,0.9184
s0_SOFTMAX_BASELINE,g3_moe_s0_1e16,4,79,static,13379,15977.5,0.8014
s0_SOFTMAX_BASELINE,g3_moe_s0_1e16,4,80,weighted,11113,11323.4,0.8753
s0_SOFTMAX_BASELINE,g3_moe_s0_1e16,4,80,static,11113,15987.5,0.8804
s0_SOFTMAX_BASELINE,g3_moe_s0_1e16,4,81,weighted,14780,13029.9,0.9268
s0_SOFTMAX_BASELINE,g3_moe_s0_1e16,4,81,static,14780,15980.4,0.8953
s0_SOFTMAX_BASELINE,g3_moe_s0_1e16,4,82,weighted,12212,13421.3,0.9412
s0_SOFTMAX_BASELINE,g3_moe_s0_1e16,4,82,static,12212,15977.5,0.8963
s0_SOFTMAX_BASELINE,g3_moe_s0_1e16,4,83,weighted,11172,9153.6,0.9226
s0_SOFTMAX_BASELINE,g3_moe_s0_1e16,4,83,static,11172,15988.7,0.8996
s0_SOFTMAX_BASELINE,g3_moe_s0_1e16,4,84,weighted,12612,13131.9,0.9094
s0_SOFTMAX_BASELINE,g3_moe_s0_1e16,4,84,static,12612,15984.7,0.9315
s0_SOFTMAX_BASELINE,g3_moe_s0_1e16,4,85,weighted,12827,9513.2,0.898
s0_SOFTMAX_BASELINE,g3_moe_s0_1e16,4,85,static,12827,15989.4,0.8974
s0_SOFTMAX_BASELINE,g3_moe_s0_1e16,4,86,weighted,12830,13566.5,0.9285
s0_SOFTMAX_BASELINE,g3_moe_s0_1e16,4,86,static,12830,15985.1,0.8901
s0_SOFTMAX_BASELINE,g3_moe_s0_1e16,4,87,weighted,15066,12299.7,0.8559
s0_SOFTMAX_BASELINE,g3_moe_s0_1e16,4,87,static,15066,15984.6,0.9104
s0_SOFTMAX_BASELINE,g3_moe_s0_1e16,4,88,weighted,14462,5510.5,0.8994
s0_SOFTMAX_BASELINE,g3_moe_s0_1e16,4,88,static,14462,15982.2,0.9076
s0_SOFTMAX_BASELINE,g3_moe_s0_1e16,4,89,weighted,10626,14068.1,0.9146
s0_SOFTMAX_BASELINE,g3_moe_s0_1e16,4,89,static,10626,15982.0,0.9096
s0_SOFTMAX_BASELINE,g3_moe_s0_1e16,4,90,weighted,13702,13164.0,0.8916
s0_SOFTMAX_BASELINE,g3_moe_s0_1e16,4,90,static,13702,15982.7,0.8552
s0_SOFTMAX_BASELINE,g3_moe_s0_1e16,4,91,weighted,12417,14524.9,0.9152
s0_SOFTMAX_BASELINE,g3_moe_s0_1e16,4,91,static,12417,15984.2,0.928
s0_SOFTMAX_BASELINE,g3_moe_s0_1e16,4,92,weighted,12614,13361.3,0.8881
s0_SOFTMAX_BASELINE,g3_moe_s0_1e16,4,92,static,12614,15964.0,0.8131
s0_SOFTMAX_BASELINE,g3_moe_s0_1e16,4,93,weighted,13985,10556.0,0.926
s0_SOFTMAX_BASELINE,g3_moe_s0_1e16,4,93,static,13985,15977.0,0.8611
s0_SOFTMAX_BASELINE,g3_moe_s0_1e16,4,94,weighted,12728,10232.3,0.9389
s0_SOFTMAX_BASELINE,g3_moe_s0_1e16,4,94,static,12728,15987.0,0.8813
s0_SOFTMAX_BASELINE,g3_moe_s0_1e16,4,95,weighted,14985,9729.0,0.9094
s0_SOFTMAX_BASELINE,g3_moe_s0_1e16,4,95,static,14985,15982.1,0.925
s0_SOFTMAX_BASELINE,g3_moe_s0_1e16,4,96,weighted,9858,14773.8,0.9039
s0_SOFTMAX_BASELINE,g3_moe_s0_1e16,4,96,static,9858,15983.2,0.9063
s0_SOFTMAX_BASELINE,g3_moe_s0_1e16,4,97,weighted,12040,13981.8,0.9099
s0_SOFTMAX_BASELINE,g3_moe_s0_1e16,4,97,static,12040,15980.0,0.9128
s0_SOFTMAX_BASELINE,g3_moe_s0_1e16,4,98,weighted,10561,15037.8,0.9201
s0_SOFTMAX_BASELINE,g3_moe_s0_1e16,4,98,static,10561,15980.0,0.9017
s0_SOFTMAX_BASELINE,g3_moe_s0_1e16,4,99,weighted,12027,11351.5,0.8762
s0_SOFTMAX_BASELINE,g3_moe_s0_1e16,4,99,static,12027,15980.9,0.8821
s0_SOFTMAX_BASELINE,g3_moe_s0_1e16,4,100,weighted,9558,14383.1,0.9215
s0_SOFTMAX_BASELINE,g3_moe_s0_1e16,4,100,static,9558,15979.3,0.904
s0_SOFTMAX_BASELINE,g3_moe_s0_1e16,4,101,weighted,12570,12428.3,0.9189
s0_SOFTMAX_BASELINE,g3_moe_s0_1e16,4,101,static,12570,15977.7,0.8901
s0_SOFTMAX_BASELINE,g3_moe_s0_1e16,4,102,weighted,13391,9413.0,0.922
s0_SOFTMAX_BASELINE,g3_moe_s0_1e16,4,102,static,13391,15982.1,0.9457
s0_SOFTMAX_BASELINE,g3_moe_s0_1e16,4,103,weighted,12243,7165.7,0.9271
s0_SOFTMAX_BASELINE,g3_moe_s0_1e16,4,103,static,12243,15984.7,0.9071
s0_SOFTMAX_BASELINE,g3_moe_s0_1e16,4,104,weighted,10143,11716.0,0.9116
s0_SOFTMAX_BASELINE,g3_moe_s0_1e16,4,104,static,10143,15979.5,0.8725
s0_SOFTMAX_BASELINE,g3_moe_s0_1e16,4,105,weighted,11828,12343.7,0.8826
s0_SOFTMAX_BASELINE,g3_moe_s0_1e16,4,105,static,11828,15985.5,0.8835
s0_SOFTMAX_BASELINE,g3_moe_s0_1e16,4,106,weighted,13095,9182.1,0.9199
s0_SOFTMAX_BASELINE,g3_moe_s0_1e16,4,106,static,13095,15985.9,0.9204
s0_SOFTMAX_BASELINE,g3_moe_s0_1e16,4,107,weighted,12534,6209.2,0.8819
s0_SOFTMAX_BASELINE,g3_moe_s0_1e16,4,107,static,12534,15981.1,0.9211
s0_SOFTMAX_BASELINE,g3_moe_s0_1e16,4,108,weighted,11393,10878.5,0.9143
s0_SOFTMAX_BASELINE,g3_moe_s0_1e16,4,108,static,11393,15986.5,0.8953
s0_SOFTMAX_BASELINE,g3_moe_s0_1e16,4,109,weighted,12369,1347.0,0.9376
s0_SOFTMAX_BASELINE,g3_moe_s0_1e16,4,109,static,12369,15971.6,0.8578
s0_SOFTMAX_BASELINE,g3_moe_s0_1e16,4,110,weighted,17037,12589.9,0.9459
s0_SOFTMAX_BASELINE,g3_moe_s0_1e16,4,110,static,17037,15977.7,0.9158
s0_SOFTMAX_BASELINE,g3_moe_s0_1e16,4,111,weighted,11601,14541.8,0.9109
s0_SOFTMAX_BASELINE,g3_moe_s0_1e16,4,111,static,11601,15985.9,0.8901
s0_SOFTMAX_BASELINE,g3_moe_s0_1e16,4,112,weighted,10436,12470.9,0.9285
s0_SOFTMAX_BASELINE,g3_moe_s0_1e16,4,112,static,10436,15976.8,0.8838
s0_SOFTMAX_BASELINE,g3_moe_s0_1e16,4,113,weighted,12839,8819.1,0.9319
s0_SOFTMAX_BASELINE,g3_moe_s0_1e16,4,113,static,12839,15987.4,0.8861
s0_SOFTMAX_BASELINE,g3_moe_s0_1e16,4,114,weighted,12106,14897.1,0.9051
s0_SOFTMAX_BASELINE,g3_moe_s0_1e16,4,114,static,12106,15978.9,0.824
s0_SOFTMAX_BASELINE,g3_moe_s0_1e16,4,115,weighted,14638,4075.1,0.9149
s0_SOFTMAX_BASELINE,g3_moe_s0_1e16,4,115,static,14638,15980.8,0.9323
s0_SOFTMAX_BASELINE,g3_moe_s0_1e16,4,116,weighted,13611,8596.6,0.9297
s0_SOFTMAX_BASELINE,g3_moe_s0_1e16,4,116,static,13611,15982.9,0.86
s0_SOFTMAX_BASELINE,g3_moe_s0_1e16,4,117,weighted,11688,13168.6,0.927
s0_SOFTMAX_BASELINE,g3_moe_s0_1e16,4,117,static,11688,15985.3,0.8866
s0_SOFTMAX_BASELINE,g3_moe_s0_1e16,4,118,weighted,12355,12302.3,0.9362
s0_SOFTMAX_BASELINE,g3_moe_s0_1e16,4,118,static,12355,15985.3,0.909
s0_SOFTMAX_BASELINE,g3_moe_s0_1e16,4,119,weighted,15643,10777.6,0.9292
s0_SOFTMAX_BASELINE,g3_moe_s0_1e16,4,119,static,15643,15993.5,0.8939
s0_SOFTMAX_BASELINE,g3_moe_s0_1e16,4,120,weighted,12367,4804.9,0.9081
s0_SOFTMAX_BASELINE,g3_moe_s0_1e16,4,120,static,12367,15987.7,0.8941
s0_SOFTMAX_BASELINE,g3_moe_s0_1e16,4,121,weighted,13329,14481.1,0.9292
s0_SOFTMAX_BASELINE,g3_moe_s0_1e16,4,121,static,13329,15974.9,0.8578
s0_SOFTMAX_BASELINE,g3_moe_s0_1e16,4,122,weighted,12084,13250.9,0.9421
s0_SOFTMAX_BASELINE,g3_moe_s0_1e16,4,122,static,12084,15980.4,0.8729
s0_SOFTMAX_BASELINE,g3_moe_s0_1e16,4,123,weighted,15372,8293.5,0.9232
s0_SOFTMAX_BASELINE,g3_moe_s0_1e16,4,123,static,15372,15983.0,0.9163
s0_SOFTMAX_BASELINE,g3_moe_s0_1e16,4,124,weighted,12805,7512.6,0.9242
s0_SOFTMAX_BASELINE,g3_moe_s0_1e16,4,124,static,12805,15980.8,0.8335
s0_SOFTMAX_BASELINE,g3_moe_s0_1e16,4,125,weighted,11103,9101.7,0.9296
s0_SOFTMAX_BASELINE,g3_moe_s0_1e16,4,125,static,11103,15980.5,0.9161
s0_SOFTMAX_BASELINE,g3_moe_s0_1e16,4,126,weighted,13367,13049.7,0.8571
s0_SOFTMAX_BASELINE,g3_moe_s0_1e16,4,126,static,13367,15972.7,0.8813
s0_SOFTMAX_BASELINE,g3_moe_s0_1e16,4,127,weighted,12325,12970.9,0.9144
s0_SOFTMAX_BASELINE,g3_moe_s0_1e16,4,127,static,12325,15984.3,0.9192
s0_SOFTMAX_BASELINE,g3_moe_s0_1e16,4,128,weighted,13146,11162.0,0.9167
s0_SOFTMAX_BASELINE,g3_moe_s0_1e16,4,128,static,13146,15980.5,0.9131
s0_SOFTMAX_BASELINE,g3_moe_s0_1e16,4,129,weighted,10180,12436.9,0.8908
s0_SOFTMAX_BASELINE,g3_moe_s0_1e16,4,129,static,10180,15984.7,0.8874
s0_SOFTMAX_BASELINE,g3_moe_s0_1e16,4,130,weighted,13633,8971.2,0.9134
s0_SOFTMAX_BASELINE,g3_moe_s0_1e16,4,130,static,13633,15978.5,0.9233
s0_SOFTMAX_BASELINE,g3_moe_s0_1e16,4,131,weighted,13513,10802.4,0.9357
s0_SOFTMAX_BASELINE,g3_moe_s0_1e16,4,131,static,13513,15979.5,0.8546
s0_SOFTMAX_BASELINE,g3_moe_s0_1e16,4,132,weighted,14620,14169.1,0.8403
s0_SOFTMAX_BASELINE,g3_moe_s0_1e16,4,132,static,14620,15981.5,0.8988
s0_SOFTMAX_BASELINE,g3_moe_s0_1e16,4,133,weighted,13834,10082.1,0.9235
s0_SOFTMAX_BASELINE,g3_moe_s0_1e16,4,133,static,13834,15985.4,0.9284
s0_SOFTMAX_BASELINE,g3_moe_s0_1e16,4,134,weighted,12018,14756.5,0.9088
s0_SOFTMAX_BASELINE,g3_moe_s0_1e16,4,134,static,12018,15977.8,0.9114
s0_SOFTMAX_BASELINE,g3_moe_s0_1e16,4,135,weighted,10916,15475.1,0.9366
s0_SOFTMAX_BASELINE,g3_moe_s0_1e16,4,135,static,10916,15976.9,0.8901
s0_SOFTMAX_BASELINE,g3_moe_s0_1e16,4,136,weighted,11199,12330.5,0.8902
s0_SOFTMAX_BASELINE,g3_moe_s0_1e16,4,136,static,11199,15980.3,0.9032
s0_SOFTMAX_BASELINE,g3_moe_s0_1e16,4,137,weighted,13229,12425.5,0.93
s0_SOFTMAX_BASELINE,g3_moe_s0_1e16,4,137,static,13229,15983.8,0.9028
s0_SOFTMAX_BASELINE,g3_moe_s0_1e16,4,138,weighted,11936,10891.8,0.9269
s0_SOFTMAX_BASELINE,g3_moe_s0_1e16,4,138,static,11936,15984.7,0.8917
s0_SOFTMAX_BASELINE,g3_moe_s0_1e16,4,139,weighted,16393,5424.1,0.9094
s0_SOFTMAX_BASELINE,g3_moe_s0_1e16,4,139,static,16393,15983.8,0.9229
s0_SOFTMAX_BASELINE,g3_moe_s0_1e16,4,140,weighted,11822,1458.0,0.9194
s0_SOFTMAX_BASELINE,g3_moe_s0_1e16,4,140,static,11822,15982.9,0.9102
s0_SOFTMAX_BASELINE,g3_moe_s0_1e16,4,141,weighted,13236,6256.3,0.8081
s0_SOFTMAX_BASELINE,g3_moe_s0_1e16,4,141,static,13236,15985.7,0.8968
s0_SOFTMAX_BASELINE,g3_moe_s0_1e16,4,142,weighted,11439,7474.0,0.9295
s0_SOFTMAX_BASELINE,g3_moe_s0_1e16,4,142,static,11439,15980.3,0.7777
s0_SOFTMAX_BASELINE,g3_moe_s0_1e16,4,143,weighted,11590,14690.4,0.9475
s0_SOFTMAX_BASELINE,g3_moe_s0_1e16,4,143,static,11590,15983.9,0.9205
s0_SOFTMAX_BASELINE,g3_moe_s0_1e16,4,144,weighted,11697,10552.3,0.7576
s0_SOFTMAX_BASELINE,g3_moe_s0_1e16,4,144,static,11697,15980.3,0.884
s0_SOFTMAX_BASELINE,g3_moe_s0_1e16,4,145,weighted,10382,12451.7,0.9013
s0_SOFTMAX_BASELINE,g3_moe_s0_1e16,4,145,static,10382,15984.0,0.9241
s0_SOFTMAX_BASELINE,g3_moe_s0_1e16,4,146,weighted,10528,13874.5,0.8751
s0_SOFTMAX_BASELINE,g3_moe_s0_1e16,4,146,static,10528,15976.8,0.8983
s0_SOFTMAX_BASELINE,g3_moe_s0_1e16,4,147,weighted,12541,14776.5,0.934
s0_SOFTMAX_BASELINE,g3_moe_s0_1e16,4,147,static,12541,15977.8,0.891
s0_SOFTMAX_BASELINE,g3_moe_s0_1e16,4,148,weighted,10287,13234.5,0.9328
s0_SOFTMAX_BASELINE,g3_moe_s0_1e16,4,148,static,10287,15985.4,0.912
s0_SOFTMAX_BASELINE,g3_moe_s0_1e16,4,149,weighted,13045,12659.6,0.8911
s0_SOFTMAX_BASELINE,g3_moe_s0_1e16,4,149,static,13045,15990.5,0.9221
s0_SOFTMAX_BASELINE,g3_moe_s0_1e16,4,150,weighted,11884,12577.4,0.9129
s0_SOFTMAX_BASELINE,g3_moe_s0_1e16,4,150,static,11884,15982.2,0.9068
s0_SOFTMAX_BASELINE,g3_moe_s0_1e16,4,151,weighted,10460,8230.0,0.8378
s0_SOFTMAX_BASELINE,g3_moe_s0_1e16,4,151,static,10460,15983.0,0.9118
s0_SOFTMAX_BASELINE,g3_moe_s0_1e16,4,152,weighted,10237,14210.0,0.9019
s0_SOFTMAX_BASELINE,g3_moe_s0_1e16,4,152,static,10237,15983.7,0.8853
s0_SOFTMAX_BASELINE,g3_moe_s0_1e16,4,153,weighted,13187,10767.3,0.8793
s0_SOFTMAX_BASELINE,g3_moe_s0_1e16,4,153,static,13187,15976.6,0.9139
s0_SOFTMAX_BASELINE,g3_moe_s0_1e16,4,154,weighted,11104,2573.9,0.8904
s0_SOFTMAX_BASELINE,g3_moe_s0_1e16,4,154,static,11104,15977.4,0.896
s0_SOFTMAX_BASELINE,g3_moe_s0_1e16,4,155,weighted,9789,14003.5,0.9021
s0_SOFTMAX_BASELINE,g3_moe_s0_1e16,4,155,static,9789,15976.0,0.8951
s0_SOFTMAX_BASELINE,g3_moe_s0_1e16,4,156,weighted,9542,2267.4,0.8819
s0_SOFTMAX_BASELINE,g3_moe_s0_1e16,4,156,static,9542,15949.4,0.8917
s0_SOFTMAX_BASELINE,g3_moe_s0_1e16,4,157,weighted,13463,12020.0,0.9224
s0_SOFTMAX_BASELINE,g3_moe_s0_1e16,4,157,static,13463,15988.5,0.9397
s0_SOFTMAX_BASELINE,g3_moe_s0_1e16,4,158,weighted,8963,7231.3,0.9413
s0_SOFTMAX_BASELINE,g3_moe_s0_1e16,4,158,static,8963,15983.8,0.9023
s0_SOFTMAX_BASELINE,g3_moe_s0_1e16,4,159,weighted,11609,10986.4,0.8634
s0_SOFTMAX_BASELINE,g3_moe_s0_1e16,4,159,static,11609,15982.5,0.9115
s0_SOFTMAX_BASELINE,g3_moe_s0_1e16,4,160,weighted,11429,9860.7,0.9422
s0_SOFTMAX_BASELINE,g3_moe_s0_1e16,4,160,static,11429,15978.8,0.9123
s0_SOFTMAX_BASELINE,g3_moe_s0_1e16,4,161,weighted,13347,10866.4,0.9327
s0_SOFTMAX_BASELINE,g3_moe_s0_1e16,4,161,static,13347,15978.7,0.8978
s0_SOFTMAX_BASELINE,g3_moe_s0_1e16,4,162,weighted,11322,13833.3,0.8902
s0_SOFTMAX_BASELINE,g3_moe_s0_1e16,4,162,static,11322,15980.3,0.8676
s0_SOFTMAX_BASELINE,g3_moe_s0_1e16,4,163,weighted,11903,11810.5,0.9259
s0_SOFTMAX_BASELINE,g3_moe_s0_1e16,4,163,static,11903,15983.5,0.8965
s0_SOFTMAX_BASELINE,g3_moe_s0_1e16,4,164,weighted,10866,10768.4,0.9099
s0_SOFTMAX_BASELINE,g3_moe_s0_1e16,4,164,static,10866,15985.2,0.9102
s0_SOFTMAX_BASELINE,g3_moe_s0_1e16,4,165,weighted,12499,13291.0,0.8766
s0_SOFTMAX_BASELINE,g3_moe_s0_1e16,4,165,static,12499,15983.7,0.8856
s0_SOFTMAX_BASELINE,g3_moe_s0_1e16,4,166,weighted,11059,8411.1,0.9074
s0_SOFTMAX_BASELINE,g3_moe_s0_1e16,4,166,static,11059,15981.2,0.905
s0_SOFTMAX_BASELINE,g3_moe_s0_1e16,4,167,weighted,13957,6521.2,0.9183
s0_SOFTMAX_BASELINE,g3_moe_s0_1e16,4,167,static,13957,15988.6,0.8926
s0_SOFTMAX_BASELINE,g3_moe_s0_1e16,4,168,weighted,15157,11127.5,0.9081
s0_SOFTMAX_BASELINE,g3_moe_s0_1e16,4,168,static,15157,15988.7,0.9009
s0_SOFTMAX_BASELINE,g3_moe_s0_1e16,4,169,weighted,10159,557.3,0.8632
s0_SOFTMAX_BASELINE,g3_moe_s0_1e16,4,169,static,10159,15955.1,0.873
s0_SOFTMAX_BASELINE,g3_moe_s0_1e16,4,170,weighted,11600,10162.9,0.9258
s0_SOFTMAX_BASELINE,g3_moe_s0_1e16,4,170,static,11600,15983.4,0.7868
s0_SOFTMAX_BASELINE,g3_moe_s0_1e16,4,171,weighted,10923,13327.4,0.9238
s0_SOFTMAX_BASELINE,g3_moe_s0_1e16,4,171,static,10923,15980.9,0.935
s0_SOFTMAX_BASELINE,g3_moe_s0_1e16,4,172,weighted,12531,11276.9,0.9173
s0_SOFTMAX_BASELINE,g3_moe_s0_1e16,4,172,static,12531,15987.6,0.8818
s0_SOFTMAX_BASELINE,g3_moe_s0_1e16,4,173,weighted,9692,13648.2,0.9076
s0_SOFTMAX_BASELINE,g3_moe_s0_1e16,4,173,static,9692,15979.9,0.8472
s0_SOFTMAX_BASELINE,g3_moe_s0_1e16,4,174,weighted,12993,10026.4,0.88
s0_SOFTMAX_BASELINE,g3_moe_s0_1e16,4,174,static,12993,15972.3,0.9098
s0_SOFTMAX_BASELINE,g3_moe_s0_1e16,4,175,weighted,9664,13653.7,0.8814
s0_SOFTMAX_BASELINE,g3_moe_s0_1e16,4,175,static,9664,15981.7,0.9098
s0_SOFTMAX_BASELINE,g3_moe_s0_1e16,4,176,weighted,12195,14044.7,0.9362
s0_SOFTMAX_BASELINE,g3_moe_s0_1e16,4,176,static,12195,15975.6,0.9032
s0_SOFTMAX_BASELINE,g3_moe_s0_1e16,4,177,weighted,10296,5022.4,0.8605
s0_SOFTMAX_BASELINE,g3_moe_s0_1e16,4,177,static,10296,15986.5,0.89
s0_SOFTMAX_BASELINE,g3_moe_s0_1e16,4,178,weighted,11954,14532.3,0.9504
s0_SOFTMAX_BASELINE,g3_moe_s0_1e16,4,178,static,11954,15979.2,0.9297
s0_SOFTMAX_BASELINE,g3_moe_s0_1e16,4,179,weighted,13735,11716.5,0.912
s0_SOFTMAX_BASELINE,g3_moe_s0_1e16,4,179,static,13735,15978.7,0.9281
s0_SOFTMAX_BASELINE,g3_moe_s0_1e16,4,180,weighted,11107,6326.2,0.948
s0_SOFTMAX_BASELINE,g3_moe_s0_1e16,4,180,static,11107,15983.2,0.9215
s0_SOFTMAX_BASELINE,g3_moe_s0_1e16,4,181,weighted,11094,12038.4,0.9473
s0_SOFTMAX_BASELINE,g3_moe_s0_1e16,4,181,static,11094,15968.3,0.8854
s0_SOFTMAX_BASELINE,g3_moe_s0_1e16,4,182,weighted,11678,12169.4,0.8743
s0_SOFTMAX_BASELINE,g3_moe_s0_1e16,4,182,static,11678,15979.4,0.7974
s0_SOFTMAX_BASELINE,g3_moe_s0_1e16,4,183,weighted,10309,15232.6,0.9165
s0_SOFTMAX_BASELINE,g3_moe_s0_1e16,4,183,static,10309,15975.6,0.8731
s0_SOFTMAX_BASELINE,g3_moe_s0_1e16,4,184,weighted,14857,11571.3,0.9361
s0_SOFTMAX_BASELINE,g3_moe_s0_1e16,4,184,static,14857,15989.7,0.905
s0_SOFTMAX_BASELINE,g3_moe_s0_1e16,4,185,weighted,12489,1971.8,0.9048
s0_SOFTMAX_BASELINE,g3_moe_s0_1e16,4,185,static,12489,15983.6,0.9023
s0_SOFTMAX_BASELINE,g3_moe_s0_1e16,4,186,weighted,12200,8889.0,0.926
s0_SOFTMAX_BASELINE,g3_moe_s0_1e16,4,186,static,12200,15981.7,0.8858
s0_SOFTMAX_BASELINE,g3_moe_s0_1e16,4,187,weighted,12654,660.9,0.8463
s0_SOFTMAX_BASELINE,g3_moe_s0_1e16,4,187,static,12654,15970.4,0.8837
s0_SOFTMAX_BASELINE,g3_moe_s0_1e16,4,188,weighted,14611,8597.4,0.8549
s0_SOFTMAX_BASELINE,g3_moe_s0_1e16,4,188,static,14611,15982.5,0.8973
s0_SOFTMAX_BASELINE,g3_moe_s0_1e16,4,189,weighted,13226,11563.0,0.8804
s0_SOFTMAX_BASELINE,g3_moe_s0_1e16,4,189,static,13226,15977.9,0.9059
s0_SOFTMAX_BASELINE,g3_moe_s0_1e16,4,190,weighted,15385,12213.6,0.9197
s0_SOFTMAX_BASELINE,g3_moe_s0_1e16,4,190,static,15385,15985.6,0.8719
s0_SOFTMAX_BASELINE,g3_moe_s0_1e16,4,191,weighted,12755,12421.9,0.9371
s0_SOFTMAX_BASELINE,g3_moe_s0_1e16,4,191,static,12755,15978.2,0.8698
