local_path,hf_repo,hf_path,bytes,sha256,run_name,cited
results/phase0/runs/_actprobe_1e19_batch.log,ncylich/temporal-moe-ckpts,_batch_logs/_actprobe_1e19_batch.log,774,c1faf74566aaaf576927b354034072b8b5d0038b3ed217be368a60c007ab9531,_batch_logs,
results/phase0/runs/_actprobe_38m_batch.log,ncylich/temporal-moe-ckpts,_batch_logs/_actprobe_38m_batch.log,930,6c04b6a1dafc92daf68c0d317a5cc3861f733933c7a77d5e85ca47b6e2282930,_batch_logs,
results/phase0/runs/_delex_capture_batch.log,ncylich/temporal-moe-ckpts,_batch_logs/_delex_capture_batch.log,680,2ceb895ff52b08e159bdbcc0ada6e78f65c62b896451d693173467564b17f683,_batch_logs,
results/phase0/runs/_fakequant_1e19_batch.log,ncylich/temporal-moe-ckpts,_batch_logs/_fakequant_1e19_batch.log,1567,df1477201d76660559822e235173e741a062030915ede912e4ef4562815f8bbb,_batch_logs,
results/phase0/runs/_fakequant_batch.log,ncylich/temporal-moe-ckpts,_batch_logs/_fakequant_batch.log,2111,5f373892ec5edb3ead292a3d3edd05a791c5260911254260b8ae721c5148cf6a,_batch_logs,
results/phase0/runs/_flame1e18_downstream_batch.log,ncylich/temporal-moe-ckpts,_batch_logs/_flame1e18_downstream_batch.log,5186936,aec24fc24e65104bcddef4d6b225fe71197164b73a1137fd8d2bc82dcefa10e7,_batch_logs,
results/phase0/runs/_flame1e18_k30_downstream.log,ncylich/temporal-moe-ckpts,_batch_logs/_flame1e18_k30_downstream.log,619724,608f51f0eb449c7898aa773da3918b027f2ff8ec97637c6cd392d484295c70d8,_batch_logs,
results/phase0/runs/_flame38m_g5_partA.log,ncylich/temporal-moe-ckpts,_batch_logs/_flame38m_g5_partA.log,1060821,39030faf09164d70eb9bb83f2b910994c307b48c640592b113ced054b438b868,_batch_logs,
results/phase0/runs/_lmeval_batch.log,ncylich/temporal-moe-ckpts,_batch_logs/_lmeval_batch.log,836,51a15e094779cdf444b2cf21ac594f9f08cd85d3c061fab68841ea6425de4808,_batch_logs,
results/phase0/runs/_lmeval_extra_batch.log,ncylich/temporal-moe-ckpts,_batch_logs/_lmeval_extra_batch.log,362,9085fd541d5e7121a1e3e13da131f0019e250a2f0d2d406e4705cc4382a6c985,_batch_logs,
results/phase0/runs/_lmeval_temporal_batch.log,ncylich/temporal-moe-ckpts,_batch_logs/_lmeval_temporal_batch.log,375,81c9a52f913732f9829bd54417e32bb87fdfb70c2dc009456c7159b6b6d45d1e,_batch_logs,
results/phase0/runs/_overlap_screens_1e17.log,ncylich/temporal-moe-ckpts,_batch_logs/_overlap_screens_1e17.log,1349504,3c0e152fdb10f3b8e0595bf53fe2de3b82c435ca951155a86e8b9132792d362a,_batch_logs,
results/phase0/runs/_overlap_v1_1e18.log,ncylich/temporal-moe-ckpts,_batch_logs/_overlap_v1_1e18.log,823560,9f37af9c4b39fc47c8249981d42dfa31a535c9a4713a53cb495b8b0c20bf0127,_batch_logs,
results/phase0/runs/_parity_off.log,ncylich/temporal-moe-ckpts,_batch_logs/_parity_off.log,255147,1157a36ffaaaeccc7dcaf5584e57ae578775ee5bfa676db9f2afd9881a9b6a2b,_batch_logs,
results/phase0/runs/_parity_off2.log,ncylich/temporal-moe-ckpts,_batch_logs/_parity_off2.log,255153,739d674fdf462b00bb2b0df6f9800503b85ff1d3cadd5fc5de59767179dc399e,_batch_logs,
results/phase0/runs/_parity_off2_wrap.log,ncylich/temporal-moe-ckpts,_batch_logs/_parity_off2_wrap.log,100,6d04c8c239974db93d22ea54cc028834e6848dab36fa44c181ad24edd6067048,_batch_logs,
results/phase0/runs/_parity_orig.log,ncylich/temporal-moe-ckpts,_batch_logs/_parity_orig.log,255037,befcbabd5c2bc14c20d8cb7f8eed446e9adcdfd4e4fc4fd358ca2c856e6ae29a,_batch_logs,
results/phase0/runs/_parity_overlap.log,ncylich/temporal-moe-ckpts,_batch_logs/_parity_overlap.log,718,6b3f25c64ab39ca868265a5ce5ccf82c713ed9fd4484833d6176ca8ee0fc44a9,_batch_logs,
results/phase0/runs/_parity_v1.log,ncylich/temporal-moe-ckpts,_batch_logs/_parity_v1.log,255140,8f120ff750e2e78d59ce91a2d1bfe389661800e4d74a2c54966d0d4036add17f,_batch_logs,
results/phase0/runs/_parity_v2.log,ncylich/temporal-moe-ckpts,_batch_logs/_parity_v2.log,255140,87aebd20b678e368419efeb1d70526029e03fc15f191a34c35d5319e62af11e2,_batch_logs,
results/phase0/runs/_stability_partA.log,ncylich/temporal-moe-ckpts,_batch_logs/_stability_partA.log,2474,6ea97190bf5c5057b6ccb1428b812e156a3f4cdaa278e4d80ff2ccc521de3939,_batch_logs,
results/phase0/runs/_swap_batch.log,ncylich/temporal-moe-ckpts,_batch_logs/_swap_batch.log,454,5859a03ebb75995fd33c6755160fe3e78baf9e7399f1b6a927e61a1d14b94a82,_batch_logs,
results/phase0/runs/_lmeval_scratch/lmeval_out/dense/0shot/results_2026-07-10T09-30-17.706566.json,ncylich/temporal-moe-ckpts,_lmeval_scratch/lmeval_out/dense/0shot/results_2026-07-10T09-30-17.706566.json,8522,edd19c1a827586db120479967917e50f25664028d00118ca873a51f619a03056,_lmeval_scratch,
results/phase0/runs/_lmeval_scratch/lmeval_out/dense/10shot/results_2026-07-10T09-47-25.050570.json,ncylich/temporal-moe-ckpts,_lmeval_scratch/lmeval_out/dense/10shot/results_2026-07-10T09-47-25.050570.json,11755,4450a0cd313b607888a6c617c2c2142a2d9e5d327ecf2f96d50d10686077cf27,_lmeval_scratch,
results/phase0/runs/_lmeval_scratch/lmeval_out/dense_smoke.log,ncylich/temporal-moe-ckpts,_lmeval_scratch/lmeval_out/dense_smoke.log,34156,1ccdd87426e9a6e5b60505fadfb1aeb9040878d5aed592d588f8db7624e9f4e3,_lmeval_scratch,
results/phase0/runs/_lmeval_scratch/lmeval_out/dense_smoke/results_2026-07-10T08-09-50.214881.json,ncylich/temporal-moe-ckpts,_lmeval_scratch/lmeval_out/dense_smoke/results_2026-07-10T08-09-50.214881.json,7039,069ba5008621c61d7e8a16db6ca36878f72688054a6e3ad81d2e972c190a289c,_lmeval_scratch,
results/phase0/runs/_lmeval_scratch/lmeval_out/dense_smoke3.log,ncylich/temporal-moe-ckpts,_lmeval_scratch/lmeval_out/dense_smoke3.log,40226,da7f1b08f140ea84c58b826df8ec83333ab6067b9b99535f12ca08c9a30c1941,_lmeval_scratch,
results/phase0/runs/_lmeval_scratch/lmeval_out/dense_sweep.log,ncylich/temporal-moe-ckpts,_lmeval_scratch/lmeval_out/dense_sweep.log,45127,64dde4fd14100d3e912cabd787fb86f2553ce4115ee6a0bbfc8fcebf9a184e4a,_lmeval_scratch,
results/phase0/runs/_lmeval_scratch/lmeval_out/finegrain/0shot/results_2026-07-13T11-37-34.988444.json,ncylich/temporal-moe-ckpts,_lmeval_scratch/lmeval_out/finegrain/0shot/results_2026-07-13T11-37-34.988444.json,8524,7ad86f53aae8918fbb691c1b327be1e3145b9871596fe0b55793b5640eb57b82,_lmeval_scratch,
results/phase0/runs/_lmeval_scratch/lmeval_out/finegrain/10shot/results_2026-07-13T12-01-33.014015.json,ncylich/temporal-moe-ckpts,_lmeval_scratch/lmeval_out/finegrain/10shot/results_2026-07-13T12-01-33.014015.json,11717,a8adec1ab150718454a832149393a39a4fd0caa50611da24c4c41dbe43e5816f,_lmeval_scratch,
results/phase0/runs/_lmeval_scratch/lmeval_out/finegrain_sweep.log,ncylich/temporal-moe-ckpts,_lmeval_scratch/lmeval_out/finegrain_sweep.log,492590,131e6dbe027a563d18f17bde57dbc6dd44d3a123cd5537fc23f3baf9c81eca1e,_lmeval_scratch,
results/phase0/runs/_lmeval_scratch/lmeval_out/moe/0shot/results_2026-07-10T09-52-40.060019.json,ncylich/temporal-moe-ckpts,_lmeval_scratch/lmeval_out/moe/0shot/results_2026-07-10T09-52-40.060019.json,8525,c68c2c1711d5e63e8b41d92e19afac783b5e6bd9a64b5b5ccae758483cec7875,_lmeval_scratch,
results/phase0/runs/_lmeval_scratch/lmeval_out/moe/10shot/results_2026-07-10T10-11-54.313750.json,ncylich/temporal-moe-ckpts,_lmeval_scratch/lmeval_out/moe/10shot/results_2026-07-10T10-11-54.313750.json,11752,6a6e4f7ed0a8321dbcff9af184282db7946e5b71d6403a50062878594eada01e,_lmeval_scratch,
results/phase0/runs/_lmeval_scratch/lmeval_out/smoke10.log,ncylich/temporal-moe-ckpts,_lmeval_scratch/lmeval_out/smoke10.log,2162,374ff24e42dd02429f540a0ad939f7d2db218e7c3f7153ed5d1d0e4eac22fa12,_lmeval_scratch,
results/phase0/runs/_lmeval_scratch/lmeval_out/smoke10b.log,ncylich/temporal-moe-ckpts,_lmeval_scratch/lmeval_out/smoke10b.log,38433,7fc3bf203cafdf0d3bd064a1f443ce16569fe5724056bfeee5a80ecd41dc1d8e,_lmeval_scratch,
results/phase0/runs/_lmeval_scratch/lmeval_out/smoke10b/results_2026-07-10T09-25-13.721179.json,ncylich/temporal-moe-ckpts,_lmeval_scratch/lmeval_out/smoke10b/results_2026-07-10T09-25-13.721179.json,7040,3829b9b8ede33d2386bd27d585f22996d8a9cb582b4556cda27a831caeaeb157,_lmeval_scratch,
results/phase0/runs/_lmeval_scratch/lmeval_out/temporal/0shot/results_2026-07-10T10-17-36.747620.json,ncylich/temporal-moe-ckpts,_lmeval_scratch/lmeval_out/temporal/0shot/results_2026-07-10T10-17-36.747620.json,8523,3d4c9c8baab05712a74ffdb6bbf949d93e5b18a6f2f3b0c4b03307e07037ed17,_lmeval_scratch,
results/phase0/runs/_lmeval_scratch/lmeval_out/temporal/10shot/results_2026-07-10T09-38-09.434325.json,ncylich/temporal-moe-ckpts,_lmeval_scratch/lmeval_out/temporal/10shot/results_2026-07-10T09-38-09.434325.json,11751,922239063a42aa333f61fe9f178dfbb6b289dfa14bba1d5a28d1314555dd8a35,_lmeval_scratch,
results/phase0/runs/_lmeval_scratch/lmeval_out/temporal/10shot/results_2026-07-10T10-37-32.678080.json,ncylich/temporal-moe-ckpts,_lmeval_scratch/lmeval_out/temporal/10shot/results_2026-07-10T10-37-32.678080.json,11758,a25a1f6189de40ac23129f6304656ae0e3fd3fb3e58585f3128715c83d37a7d1,_lmeval_scratch,
results/phase0/runs/dense_1e19/act_log.pt,ncylich/temporal-moe-ckpts,dense_1e19/act_log.pt,11497,d4e9b65e045af95ecc102275868166364d39bddff1dfd7b2634a4aea724e69ee,dense_1e19,cited
results/phase0/runs/dense_1e19/actprobe.log,ncylich/temporal-moe-ckpts,dense_1e19/actprobe.log,76160,d29c78e7c7e0e39e00ca1c92df384cbcd8fe53a36a793f121b79c610a1c36e86,dense_1e19,cited
results/phase0/runs/dense_1e19/ckpt/iter_0004318/.metadata,ncylich/temporal-moe-ckpts,dense_1e19/ckpt/iter_0004318/.metadata,137613,9f515128af56c17cf40e3286ba216e5ee03c4ef9f9e91026b21f65e9283d4eb1,dense_1e19,cited
results/phase0/runs/dense_1e19/ckpt/iter_0004318/__0_0.distcp,ncylich/temporal-moe-ckpts,dense_1e19/ckpt/iter_0004318/__0_0.distcp,1851983640,ef1642d3dca0a5d943d85d6bd170b8d79d3e3873354b6ba75071a78ccf045a5c,dense_1e19,cited
results/phase0/runs/dense_1e19/ckpt/iter_0004318/__0_1.distcp,ncylich/temporal-moe-ckpts,dense_1e19/ckpt/iter_0004318/__0_1.distcp,1851995652,c41677e8c7246576b5e79c702b2fbdf13862d565c92d4bf9cc6944ccccfc8959,dense_1e19,cited
results/phase0/runs/dense_1e19/ckpt/iter_0004318/common.pt,ncylich/temporal-moe-ckpts,dense_1e19/ckpt/iter_0004318/common.pt,17820,04538f922829b8e925e60e1b91eb42b180bca7a1114044485c54f2f589291c99,dense_1e19,cited
results/phase0/runs/dense_1e19/ckpt/iter_0004318/metadata.json,ncylich/temporal-moe-ckpts,dense_1e19/ckpt/iter_0004318/metadata.json,119,9817072de14c715c70e8435a7fee90bac30abaf6885fc53ade6fe88babeef851,dense_1e19,cited
results/phase0/runs/dense_1e19/ckpt/latest_checkpointed_iteration.txt,ncylich/temporal-moe-ckpts,dense_1e19/ckpt/latest_checkpointed_iteration.txt,4,b711ed9bc1eae835271290b5bfd60db028eb157e97b71d177bf9864b4ae31d46,dense_1e19,cited
results/phase0/runs/dense_1e19/lmeval_0shot.log,ncylich/temporal-moe-ckpts,dense_1e19/lmeval_0shot.log,45425,246f92f964e198b98cec58fe3d99e211f15cba0f548ba83fc23ae44cc4098ac7,dense_1e19,cited
results/phase0/runs/dense_1e19/lmeval_0shot/results_2026-07-19T09-25-47.320019.json,ncylich/temporal-moe-ckpts,dense_1e19/lmeval_0shot/results_2026-07-19T09-25-47.320019.json,6992,40de02688737be6f108c8f213b182f34b126e67f93ef9fd0ca9906582864d95c,dense_1e19,cited
results/phase0/runs/dense_1e19/lmeval_0shot/results_2026-07-19T09-29-53.331032.json,ncylich/temporal-moe-ckpts,dense_1e19/lmeval_0shot/results_2026-07-19T09-29-53.331032.json,8541,1a7fcc0746c550f0fd2728b1c3c670259a72485b7dc11255fd76b26966fae673,dense_1e19,cited
results/phase0/runs/dense_1e19/lmeval_10shot/results_2026-07-19T09-45-35.550322.json,ncylich/temporal-moe-ckpts,dense_1e19/lmeval_10shot/results_2026-07-19T09-45-35.550322.json,11770,c20fc096c809b3a1c243cabd64a7f151bf29e1f31a02760f0ee5057622ed3676,dense_1e19,cited
results/phase0/runs/dense_1e19/lmeval_extra_0shot.log,ncylich/temporal-moe-ckpts,dense_1e19/lmeval_extra_0shot.log,82473,79a63494acc3e119699047c246e686a822ab6189712104000d20b35d06fb2b29,dense_1e19,cited
results/phase0/runs/dense_1e19/lmeval_extra_0shot/results_2026-07-19T18-40-10.688401.json,ncylich/temporal-moe-ckpts,dense_1e19/lmeval_extra_0shot/results_2026-07-19T18-40-10.688401.json,10965,c88b2c751e9ee7460f049e6712dc55f2db90b5f81a735d100f43f12b126544c5,dense_1e19,cited
results/phase0/runs/dense_1e19/lmeval_smoke.log,ncylich/temporal-moe-ckpts,dense_1e19/lmeval_smoke.log,41125,c852e87d704367a23bb9c6418a241cbb0a04db1525017883d4a08757107e7d9a,dense_1e19,cited
results/phase0/runs/dense_1e19/nohup.out,ncylich/temporal-moe-ckpts,dense_1e19/nohup.out,238003,b3da8574ecd5f0b837d0305c772f56cd17eae2c1a83b17e1fc94c5ff229e6607,dense_1e19,cited
results/phase0/runs/dense_1e19/run.meta,ncylich/temporal-moe-ckpts,dense_1e19/run.meta,262,be0f1eb890c4022a806ceea7775c3328ee106d386814fcf59b22a445c9e3d55b,dense_1e19,cited
results/phase0/runs/dense_1e19/tb/events.out.tfevents.1783408203.fc23b1f776cf.820256.0,ncylich/temporal-moe-ckpts,dense_1e19/tb/events.out.tfevents.1783408203.fc23b1f776cf.820256.0,2887327,5d9b462d5f058d767ee209acf4a7a719d7e4c8232d563ee582f22048e19c5198,dense_1e19,cited
results/phase0/runs/dense_1e19/tb/events.out.tfevents.1784421551.3f9353b90490.28491.0,ncylich/temporal-moe-ckpts,dense_1e19/tb/events.out.tfevents.1784421551.3f9353b90490.28491.0,45659,0556f4674d8406b0ad21219e42812207a56ef231ec7bf910c58c1151074b4d05,dense_1e19,cited
results/phase0/runs/dense_1e19/train.log,ncylich/temporal-moe-ckpts,dense_1e19/train.log,237742,5bc6755ef58691216607059601ce77ee1e457b43ae3cf8efcb2ab38924ca4a98,dense_1e19,cited
results/phase0/runs/flame192_g3_moe/ckpt/iter_0003068/.metadata,ncylich/temporal-moe-ckpts,flame192_g3_moe/ckpt/iter_0003068/.metadata,6074348,0333e7a546c789a6abcb9d7d172de7add0caf80f56c43823a4e5729e2ac3538a,flame192_g3_moe,cited
results/phase0/runs/flame192_g3_moe/ckpt/iter_0003068/__0_0.distcp,ncylich/temporal-moe-ckpts,flame192_g3_moe/ckpt/iter_0003068/__0_0.distcp,445666904,a84a20a45df34923c769170bdfc8207540330519154e903f991a1941bf4e9ac8,flame192_g3_moe,cited
results/phase0/runs/flame192_g3_moe/ckpt/iter_0003068/__0_1.distcp,ncylich/temporal-moe-ckpts,flame192_g3_moe/ckpt/iter_0003068/__0_1.distcp,445629844,5cc35a887e677a5610948453ff886e1187c17830b0f63433368f5fde9da9a9be,flame192_g3_moe,cited
results/phase0/runs/flame192_g3_moe/ckpt/iter_0003068/common.pt,ncylich/temporal-moe-ckpts,flame192_g3_moe/ckpt/iter_0003068/common.pt,17884,b1fdee45835e8640868032dfe20b2763cf393bf841a2b534159b383739e1219c,flame192_g3_moe,cited
results/phase0/runs/flame192_g3_moe/ckpt/iter_0003068/metadata.json,ncylich/temporal-moe-ckpts,flame192_g3_moe/ckpt/iter_0003068/metadata.json,119,9817072de14c715c70e8435a7fee90bac30abaf6885fc53ade6fe88babeef851,flame192_g3_moe,cited
results/phase0/runs/flame192_g3_moe/ckpt/latest_checkpointed_iteration.txt,ncylich/temporal-moe-ckpts,flame192_g3_moe/ckpt/latest_checkpointed_iteration.txt,4,e12868d1f3963e0e1129b3a6442b6d3d7d8e4eb7e27d34348b29523f0ae37748,flame192_g3_moe,cited
results/phase0/runs/flame192_g3_moe/lmeval_1e18_0shot.log,ncylich/temporal-moe-ckpts,flame192_g3_moe/lmeval_1e18_0shot.log,307059,88eb6e2b77f861eabcc4de1f7f797cf2959aa33acc6de96e5a9d4899b9b9b809,flame192_g3_moe,cited
results/phase0/runs/flame192_g3_moe/lmeval_1e18_0shot/results_2026-07-23T04-43-50.657499.json,ncylich/temporal-moe-ckpts,flame192_g3_moe/lmeval_1e18_0shot/results_2026-07-23T04-43-50.657499.json,20049,fa11de1a038658a55e9a06f216fa1504446e35f6431fb381df8f9bf4524c354f,flame192_g3_moe,cited
results/phase0/runs/flame192_g3_moe/run.meta,ncylich/temporal-moe-ckpts,flame192_g3_moe/run.meta,178,7df5f4b5121119826ef11406c33eebc6d6ab0fcc1f7604684ffaabce6495b1cc,flame192_g3_moe,cited
results/phase0/runs/flame192_g3_moe/train.log,ncylich/temporal-moe-ckpts,flame192_g3_moe/train.log,482034,37fb4a3229957aee87b421a28fee07ed2c721d73440894d38869b1e64ef5d5bc,flame192_g3_moe,cited
results/phase0/runs/flame192_g3_temporal/ckpt/iter_0003068/.metadata,ncylich/temporal-moe-ckpts,flame192_g3_temporal/ckpt/iter_0003068/.metadata,6074353,4e2eb4c5d310ae32628fcb5e3f5786853db37a89d9a092fb89dd4173b9122844,flame192_g3_temporal,cited
results/phase0/runs/flame192_g3_temporal/ckpt/iter_0003068/__0_0.distcp,ncylich/temporal-moe-ckpts,flame192_g3_temporal/ckpt/iter_0003068/__0_0.distcp,445666904,6231728ff83828903e788964da7b0de831ae6272bb7be432e768f6a48f7c1a70,flame192_g3_temporal,cited
results/phase0/runs/flame192_g3_temporal/ckpt/iter_0003068/__0_1.distcp,ncylich/temporal-moe-ckpts,flame192_g3_temporal/ckpt/iter_0003068/__0_1.distcp,445629844,574f446c1095207b1c2811340ec3c8c535e6333e1e68ca7b935d1fafa4548b91,flame192_g3_temporal,cited
results/phase0/runs/flame192_g3_temporal/ckpt/iter_0003068/common.pt,ncylich/temporal-moe-ckpts,flame192_g3_temporal/ckpt/iter_0003068/common.pt,17884,61434ca17252ce23db18f57df2047bc83d2484137d056005dd1de4303c417dfd,flame192_g3_temporal,cited
results/phase0/runs/flame192_g3_temporal/ckpt/iter_0003068/metadata.json,ncylich/temporal-moe-ckpts,flame192_g3_temporal/ckpt/iter_0003068/metadata.json,119,9817072de14c715c70e8435a7fee90bac30abaf6885fc53ade6fe88babeef851,flame192_g3_temporal,cited
results/phase0/runs/flame192_g3_temporal/ckpt/latest_checkpointed_iteration.txt,ncylich/temporal-moe-ckpts,flame192_g3_temporal/ckpt/latest_checkpointed_iteration.txt,4,e12868d1f3963e0e1129b3a6442b6d3d7d8e4eb7e27d34348b29523f0ae37748,flame192_g3_temporal,cited
results/phase0/runs/flame192_g3_temporal/lmeval_1e18_0shot.log,ncylich/temporal-moe-ckpts,flame192_g3_temporal/lmeval_1e18_0shot.log,301949,72e9bb7781410c20ccdeec4dd798de69f11eabc4e9a1f6ce3a7a3549b6caf38c,flame192_g3_temporal,cited
results/phase0/runs/flame192_g3_temporal/lmeval_1e18_0shot/results_2026-07-23T04-54-24.283669.json,ncylich/temporal-moe-ckpts,flame192_g3_temporal/lmeval_1e18_0shot/results_2026-07-23T04-54-24.283669.json,20049,625ddf79c16bce2901f47907a8061314cdfe4f09e73ef2829b7e14ced48af715,flame192_g3_temporal,cited
results/phase0/runs/flame192_g3_temporal/run.meta,ncylich/temporal-moe-ckpts,flame192_g3_temporal/run.meta,188,d7ace9a3702474f5d5796f898e17241bf2285144edc530df5acce9b77adb3c57,flame192_g3_temporal,cited
results/phase0/runs/flame192_g3_temporal/train.log,ncylich/temporal-moe-ckpts,flame192_g3_temporal/train.log,481511,d781e3615577bccddf21d3719aa3e2462afd2e38f37e91654de49587087c0990,flame192_g3_temporal,cited
results/phase0/runs/flame38m_dense_local/act_log.pt,ncylich/temporal-moe-ckpts,flame38m_dense_local/act_log.pt,5176,0c542746bc559e8066632e4f5fbcb89682dba93670ed2693af97a9b12de2abc4,flame38m_dense_local,cited
results/phase0/runs/flame38m_dense_local/actprobe.log,ncylich/temporal-moe-ckpts,flame38m_dense_local/actprobe.log,75025,3523f588deafb13b89610ec4cccce529f13cda8eda3ca9c3413c3384f3494df4,flame38m_dense_local,cited
results/phase0/runs/flame38m_dense_local/actprobe_run.log,ncylich/temporal-moe-ckpts,flame38m_dense_local/actprobe_run.log,75209,aa48ecf199c0d3a4b67e198e27cf00c3a6f9c0d7f690c5e5fb9c9b37e7e758ac,flame38m_dense_local,cited
results/phase0/runs/flame38m_dense_local/ckpt/iter_0002121/.metadata,ncylich/temporal-moe-ckpts,flame38m_dense_local/ckpt/iter_0002121/.metadata,92363,62a1f5e1d57fddf1f27d9a7ee6f8bb47d2ef244652c86292850610b0c3c5566c,flame38m_dense_local,cited
results/phase0/runs/flame38m_dense_local/ckpt/iter_0002121/__0_0.distcp,ncylich/temporal-moe-ckpts,flame38m_dense_local/ckpt/iter_0002121/__0_0.distcp,265886764,55aeb54369c91765b03e6ad585d98c8e740ea429d805501643d037bb06637b12,flame38m_dense_local,cited
results/phase0/runs/flame38m_dense_local/ckpt/iter_0002121/__0_1.distcp,ncylich/temporal-moe-ckpts,flame38m_dense_local/ckpt/iter_0002121/__0_1.distcp,265804736,bac7670ff65218fea5e0efab53e372d8202d1e1998cadd5f4568a0d97247a944,flame38m_dense_local,cited
results/phase0/runs/flame38m_dense_local/ckpt/iter_0002121/common.pt,ncylich/temporal-moe-ckpts,flame38m_dense_local/ckpt/iter_0002121/common.pt,17820,2d7c9f5047b8a1fda14d0bdc452ba81432ea1295983209681f5847017ff089d6,flame38m_dense_local,cited
results/phase0/runs/flame38m_dense_local/ckpt/iter_0002121/metadata.json,ncylich/temporal-moe-ckpts,flame38m_dense_local/ckpt/iter_0002121/metadata.json,119,9817072de14c715c70e8435a7fee90bac30abaf6885fc53ade6fe88babeef851,flame38m_dense_local,cited
results/phase0/runs/flame38m_dense_local/ckpt/latest_checkpointed_iteration.txt,ncylich/temporal-moe-ckpts,flame38m_dense_local/ckpt/latest_checkpointed_iteration.txt,4,b8dc2c143be8994682b08461f46487e05874e59dd9ab65cf973e3a3c67a763aa,flame38m_dense_local,cited
results/phase0/runs/flame38m_dense_local/lmeval_1e18_0shot.log,ncylich/temporal-moe-ckpts,flame38m_dense_local/lmeval_1e18_0shot.log,148852,642a33f2ac8a74048c025d86f2adfa4ddef8978fbb58398eb48298e495ef8ecb,flame38m_dense_local,cited
results/phase0/runs/flame38m_dense_local/lmeval_1e18_0shot/results_2026-07-23T02-35-18.921899.json,ncylich/temporal-moe-ckpts,flame38m_dense_local/lmeval_1e18_0shot/results_2026-07-23T02-35-18.921899.json,20048,95912c30ba2f56f5f1ac5468818601b29328ede39884b6628fe576676f80ecee,flame38m_dense_local,cited
results/phase0/runs/flame38m_dense_local/run.meta,ncylich/temporal-moe-ckpts,flame38m_dense_local/run.meta,184,16ebe0a5f752e488ae1a8075473d3bc36c9c22a5421b0802c7845369ec6cdcfa,flame38m_dense_local,cited
results/phase0/runs/flame38m_dense_local/train.log,ncylich/temporal-moe-ckpts,flame38m_dense_local/train.log,233829,def42d936141ab402ea1a599bbf569f4ba59a7202f519f8c4a16ed137c63c1a5,flame38m_dense_local,cited
results/phase0/runs/flame38m_g1_moe/act_log.pt,ncylich/temporal-moe-ckpts,flame38m_g1_moe/act_log.pt,52936,b1882ef2b45100d259db1e71a3e97cab30e8d9b838162f06c386148ded99b06a,flame38m_g1_moe,cited
results/phase0/runs/flame38m_g1_moe/actprobe.log,ncylich/temporal-moe-ckpts,flame38m_g1_moe/actprobe.log,134425,2df778bc619d1b1e09ef74ceeaaf414b03a2a93d2c185a5b122122387c3a8880,flame38m_g1_moe,cited
results/phase0/runs/flame38m_g1_moe/actprobe_run.log,ncylich/temporal-moe-ckpts,flame38m_g1_moe/actprobe_run.log,134602,6aba813fd31e51d02734494df6e489a9f449efe3ccd9795f06afc4079ee568da,flame38m_g1_moe,cited
results/phase0/runs/flame38m_g1_moe/ckpt/iter_0002121/.metadata,ncylich/temporal-moe-ckpts,flame38m_g1_moe/ckpt/iter_0002121/.metadata,2145051,bbb6fb0de1926366d006e843b51da4cef7c5143fa8cecc1ce96ac9e160914ac4,flame38m_g1_moe,cited
results/phase0/runs/flame38m_g1_moe/ckpt/iter_0002121/__0_0.distcp,ncylich/temporal-moe-ckpts,flame38m_g1_moe/ckpt/iter_0002121/__0_0.distcp,709492824,2a5b1c9cb2f980bab7b08ef1f4442c0bc248dc9b11653a5ddc6d464a1f3bd075,flame38m_g1_moe,cited
results/phase0/runs/flame38m_g1_moe/ckpt/iter_0002121/__0_1.distcp,ncylich/temporal-moe-ckpts,flame38m_g1_moe/ckpt/iter_0002121/__0_1.distcp,709455636,5b725cd137bf556ff003715b9f8db46be0fb67a39e000b23e59461d5fd30ae34,flame38m_g1_moe,cited
results/phase0/runs/flame38m_g1_moe/ckpt/iter_0002121/common.pt,ncylich/temporal-moe-ckpts,flame38m_g1_moe/ckpt/iter_0002121/common.pt,16988,a9cb27a91bd719fc19fb6fa929c0ba75fcd2de4ccbb925506a1583bca47784d1,flame38m_g1_moe,cited
results/phase0/runs/flame38m_g1_moe/ckpt/iter_0002121/metadata.json,ncylich/temporal-moe-ckpts,flame38m_g1_moe/ckpt/iter_0002121/metadata.json,119,9817072de14c715c70e8435a7fee90bac30abaf6885fc53ade6fe88babeef851,flame38m_g1_moe,cited
results/phase0/runs/flame38m_g1_moe/ckpt/latest_checkpointed_iteration.txt,ncylich/temporal-moe-ckpts,flame38m_g1_moe/ckpt/latest_checkpointed_iteration.txt,4,b8dc2c143be8994682b08461f46487e05874e59dd9ab65cf973e3a3c67a763aa,flame38m_g1_moe,cited
results/phase0/runs/flame38m_g1_moe/lmeval_1e18_0shot.log,ncylich/temporal-moe-ckpts,flame38m_g1_moe/lmeval_1e18_0shot.log,228736,5f290d2470ab2cd1d061c89aa9d9e73305baf1ea8c79e1210317f76c30f9a7a3,flame38m_g1_moe,cited
results/phase0/runs/flame38m_g1_moe/lmeval_1e18_0shot/results_2026-07-23T02-43-38.741995.json,ncylich/temporal-moe-ckpts,flame38m_g1_moe/lmeval_1e18_0shot/results_2026-07-23T02-43-38.741995.json,20053,4082e1bd496e1886ad895b4e2298628f7ddc0c34559f939a1db802722de429b0,flame38m_g1_moe,cited
results/phase0/runs/flame38m_g1_moe/quanteval_b16.log,ncylich/temporal-moe-ckpts,flame38m_g1_moe/quanteval_b16.log,132597,e5014d96512e354d21d0aaa93844a5fcac4006267afba1850327f486af83f456,flame38m_g1_moe,cited
results/phase0/runs/flame38m_g1_moe/quanteval_b3.log,ncylich/temporal-moe-ckpts,flame38m_g1_moe/quanteval_b3.log,132596,28775fb39a6f05fe4d4cddbab538976e0b055dc3305932ba6e63f3d37a69c36c,flame38m_g1_moe,cited
results/phase0/runs/flame38m_g1_moe/quanteval_b4.log,ncylich/temporal-moe-ckpts,flame38m_g1_moe/quanteval_b4.log,132596,646392e0592b1526b788909e3146f19f0bb2922424805edb6c8db093159705f4,flame38m_g1_moe,cited
results/phase0/runs/flame38m_g1_moe/quanteval_b8.log,ncylich/temporal-moe-ckpts,flame38m_g1_moe/quanteval_b8.log,132596,573f7de311bab42b042dd503cab5a755f257d8c58d35189f53eefa9a9220ad1c,flame38m_g1_moe,cited
results/phase0/runs/flame38m_g1_moe/run.meta,ncylich/temporal-moe-ckpts,flame38m_g1_moe/run.meta,177,fa237e444bcb4ff940e5254c88fdef22f86c8cb36c9c08ac290038d89e1feaaa,flame38m_g1_moe,cited
results/phase0/runs/flame38m_g1_moe/train.log,ncylich/temporal-moe-ckpts,flame38m_g1_moe/train.log,279826,830b1b2dce77394fee75fe70d9b1291fa966574d3b787adf024e98c178afecbe,flame38m_g1_moe,cited
results/phase0/runs/flame38m_g1_moe_s2/ckpt/iter_0002121/.metadata,ncylich/temporal-moe-ckpts,flame38m_g1_moe_s2/ckpt/iter_0002121/.metadata,2145054,72935025ca163ffcc8fed264843ad2b0dff0ba963740442c19b2ccbfc5c89a05,flame38m_g1_moe_s2,cited
results/phase0/runs/flame38m_g1_moe_s2/ckpt/iter_0002121/__0_0.distcp,ncylich/temporal-moe-ckpts,flame38m_g1_moe_s2/ckpt/iter_0002121/__0_0.distcp,709492824,18feb657972f097206646776308ca5e22384cdec3d59985b8db63576c465d41b,flame38m_g1_moe_s2,cited
results/phase0/runs/flame38m_g1_moe_s2/ckpt/iter_0002121/__0_1.distcp,ncylich/temporal-moe-ckpts,flame38m_g1_moe_s2/ckpt/iter_0002121/__0_1.distcp,709455636,32934b92ccd27e872152907e6d645c270eddb9abca98f4c26047618478b094be,flame38m_g1_moe_s2,cited
results/phase0/runs/flame38m_g1_moe_s2/ckpt/iter_0002121/common.pt,ncylich/temporal-moe-ckpts,flame38m_g1_moe_s2/ckpt/iter_0002121/common.pt,17052,09b9c8c631f9892f3ab7878dd0194ed7c1769b9e228a51b3b6349807ea63da54,flame38m_g1_moe_s2,cited
results/phase0/runs/flame38m_g1_moe_s2/ckpt/iter_0002121/metadata.json,ncylich/temporal-moe-ckpts,flame38m_g1_moe_s2/ckpt/iter_0002121/metadata.json,119,9817072de14c715c70e8435a7fee90bac30abaf6885fc53ade6fe88babeef851,flame38m_g1_moe_s2,cited
results/phase0/runs/flame38m_g1_moe_s2/ckpt/latest_checkpointed_iteration.txt,ncylich/temporal-moe-ckpts,flame38m_g1_moe_s2/ckpt/latest_checkpointed_iteration.txt,4,b8dc2c143be8994682b08461f46487e05874e59dd9ab65cf973e3a3c67a763aa,flame38m_g1_moe_s2,cited
results/phase0/runs/flame38m_g1_moe_s2/lmeval_1e18_0shot.log,ncylich/temporal-moe-ckpts,flame38m_g1_moe_s2/lmeval_1e18_0shot.log,228921,90d9c073bb0494fc5a05575da1069e94b481606d2241a2f7da12e28d9f440e40,flame38m_g1_moe_s2,cited
results/phase0/runs/flame38m_g1_moe_s2/lmeval_1e18_0shot/results_2026-07-23T02-52-12.833723.json,ncylich/temporal-moe-ckpts,flame38m_g1_moe_s2/lmeval_1e18_0shot/results_2026-07-23T02-52-12.833723.json,20053,89d134fac23d560ff789109b117027133d0817bc3693d379a6075aa2e7628dce,flame38m_g1_moe_s2,cited
results/phase0/runs/flame38m_g1_moe_s2/nohup.out,ncylich/temporal-moe-ckpts,flame38m_g1_moe_s2/nohup.out,280102,f691c397e5a6b8b8044bed27f9f5efbb75f36fe0506136560676ec2f784dacda,flame38m_g1_moe_s2,cited
results/phase0/runs/flame38m_g1_moe_s2/run.meta,ncylich/temporal-moe-ckpts,flame38m_g1_moe_s2/run.meta,180,94cce1622bc26b36904bb0b53d61f41f46cbb32bd5491b9898a1fc93119657ff,flame38m_g1_moe_s2,cited
results/phase0/runs/flame38m_g1_moe_s2/train.log,ncylich/temporal-moe-ckpts,flame38m_g1_moe_s2/train.log,279922,2751c1673e744c382ce102c8a9a58f16c6b70efcaeba124695ed3ce55a10223c,flame38m_g1_moe_s2,cited
results/phase0/runs/flame38m_g1_moe_s3/ckpt/iter_0002121/.metadata,ncylich/temporal-moe-ckpts,flame38m_g1_moe_s3/ckpt/iter_0002121/.metadata,2145054,d0570a3f8bf81ba057bff32a8ef82ae8db3fe264e90217648672616241c18ff9,flame38m_g1_moe_s3,cited
results/phase0/runs/flame38m_g1_moe_s3/ckpt/iter_0002121/__0_0.distcp,ncylich/temporal-moe-ckpts,flame38m_g1_moe_s3/ckpt/iter_0002121/__0_0.distcp,709492824,b6b46aceb10cfa786d6a57bab841968c4d3c785e454acdf8499f680559a7212a,flame38m_g1_moe_s3,cited
results/phase0/runs/flame38m_g1_moe_s3/ckpt/iter_0002121/__0_1.distcp,ncylich/temporal-moe-ckpts,flame38m_g1_moe_s3/ckpt/iter_0002121/__0_1.distcp,709455636,8eca55f94605c40ee5181341b2558e3429d875a946960e133a2d7415b3a88e36,flame38m_g1_moe_s3,cited
results/phase0/runs/flame38m_g1_moe_s3/ckpt/iter_0002121/common.pt,ncylich/temporal-moe-ckpts,flame38m_g1_moe_s3/ckpt/iter_0002121/common.pt,17884,cc55790f89566b40f62895a6b1e803a15adbab355f538cf4eeaa6bb6705744a2,flame38m_g1_moe_s3,cited
results/phase0/runs/flame38m_g1_moe_s3/ckpt/iter_0002121/metadata.json,ncylich/temporal-moe-ckpts,flame38m_g1_moe_s3/ckpt/iter_0002121/metadata.json,119,9817072de14c715c70e8435a7fee90bac30abaf6885fc53ade6fe88babeef851,flame38m_g1_moe_s3,cited
results/phase0/runs/flame38m_g1_moe_s3/ckpt/latest_checkpointed_iteration.txt,ncylich/temporal-moe-ckpts,flame38m_g1_moe_s3/ckpt/latest_checkpointed_iteration.txt,4,b8dc2c143be8994682b08461f46487e05874e59dd9ab65cf973e3a3c67a763aa,flame38m_g1_moe_s3,cited
results/phase0/runs/flame38m_g1_moe_s3/lmeval_1e18_0shot.log,ncylich/temporal-moe-ckpts,flame38m_g1_moe_s3/lmeval_1e18_0shot.log,229043,f3542b88bb0c69fae71028adf67d3bb82a3f8b223b5389ca85734372c03a807d,flame38m_g1_moe_s3,cited
results/phase0/runs/flame38m_g1_moe_s3/lmeval_1e18_0shot/results_2026-07-23T03-00-51.181051.json,ncylich/temporal-moe-ckpts,flame38m_g1_moe_s3/lmeval_1e18_0shot/results_2026-07-23T03-00-51.181051.json,20045,1432892b79088d20ce22f1603b90a0b1c7269d3e58dbde067014b6e30aef1447,flame38m_g1_moe_s3,cited
results/phase0/runs/flame38m_g1_moe_s3/run.meta,ncylich/temporal-moe-ckpts,flame38m_g1_moe_s3/run.meta,180,ed8bd24cd3a44527b8934a6e20b083d36e3180de64b3e5d0bb69b6ab5690469a,flame38m_g1_moe_s3,cited
results/phase0/runs/flame38m_g1_moe_s3/train.log,ncylich/temporal-moe-ckpts,flame38m_g1_moe_s3/train.log,293202,d37ca3e8061142b577811cdb593e4ca8554d6238a141321bd32b2f804ed58c5b,flame38m_g1_moe_s3,cited
results/phase0/runs/flame38m_g1_temporal/act_log.pt,ncylich/temporal-moe-ckpts,flame38m_g1_temporal/act_log.pt,61342,ec65c97d79be6c8f79278b2570c25f73c8dbc1665daf78bf8d9ad2c4cdab26f8,flame38m_g1_temporal,cited
results/phase0/runs/flame38m_g1_temporal/actprobe.log,ncylich/temporal-moe-ckpts,flame38m_g1_temporal/actprobe.log,134497,0f7153d1a62a08fcfb3c764d25af5096358b067d56062b110068298e78439d6d,flame38m_g1_temporal,cited
results/phase0/runs/flame38m_g1_temporal/actprobe_run.log,ncylich/temporal-moe-ckpts,flame38m_g1_temporal/actprobe_run.log,134684,9796a4e2888e673d8608a2028fa85cb5de787db7387ecbbd9b3bcad72266d6ac,flame38m_g1_temporal,cited
results/phase0/runs/flame38m_g1_temporal/ckpt/iter_0002121/.metadata,ncylich/temporal-moe-ckpts,flame38m_g1_temporal/ckpt/iter_0002121/.metadata,2145056,0e144663004e1a83cc3fd6db2f8839c4a1340707a650fd3751dff07d894cd126,flame38m_g1_temporal,cited
results/phase0/runs/flame38m_g1_temporal/ckpt/iter_0002121/__0_0.distcp,ncylich/temporal-moe-ckpts,flame38m_g1_temporal/ckpt/iter_0002121/__0_0.distcp,709492824,e57baf3b32cf07f274cb958691dc71a7866f313e0d0dff1c239628eeff084e54,flame38m_g1_temporal,cited
results/phase0/runs/flame38m_g1_temporal/ckpt/iter_0002121/__0_1.distcp,ncylich/temporal-moe-ckpts,flame38m_g1_temporal/ckpt/iter_0002121/__0_1.distcp,709455636,c9d6478952ffa5af6b7600b5c5f71c722921b9b86369a756028ce4e4e8172aa1,flame38m_g1_temporal,cited
results/phase0/runs/flame38m_g1_temporal/ckpt/iter_0002121/common.pt,ncylich/temporal-moe-ckpts,flame38m_g1_temporal/ckpt/iter_0002121/common.pt,17052,662e6c9416c3cd7696a3f8cba29f8de3e6cd05155a93e2d00e526903a46cb553,flame38m_g1_temporal,cited
results/phase0/runs/flame38m_g1_temporal/ckpt/iter_0002121/metadata.json,ncylich/temporal-moe-ckpts,flame38m_g1_temporal/ckpt/iter_0002121/metadata.json,119,9817072de14c715c70e8435a7fee90bac30abaf6885fc53ade6fe88babeef851,flame38m_g1_temporal,cited
results/phase0/runs/flame38m_g1_temporal/ckpt/latest_checkpointed_iteration.txt,ncylich/temporal-moe-ckpts,flame38m_g1_temporal/ckpt/latest_checkpointed_iteration.txt,5,d1d8defd15cecc96ff1cd123f88b93dd5dc0077ae7c747263129eb5ff85034ac,flame38m_g1_temporal,cited
results/phase0/runs/flame38m_g1_temporal/lmeval_1e18_0shot.log,ncylich/temporal-moe-ckpts,flame38m_g1_temporal/lmeval_1e18_0shot.log,229034,428bf18b9311190e20ff6fba01dc00f656c6feea4ccbaa18197e91636edcb4c4,flame38m_g1_temporal,cited
results/phase0/runs/flame38m_g1_temporal/lmeval_1e18_0shot/results_2026-07-23T03-10-37.481125.json,ncylich/temporal-moe-ckpts,flame38m_g1_temporal/lmeval_1e18_0shot/results_2026-07-23T03-10-37.481125.json,20044,e17f92d8bd74de8a58da68ce99384c3294df76d2575d45ac43de2a52c17fff1a,flame38m_g1_temporal,cited
results/phase0/runs/flame38m_g1_temporal/probe.log,ncylich/temporal-moe-ckpts,flame38m_g1_temporal/probe.log,136546,37144a3e69ef1ac557b02733195bfb069d6a48a78b1068b6b4b021728e9ad57a,flame38m_g1_temporal,cited
results/phase0/runs/flame38m_g1_temporal/probe_run.log,ncylich/temporal-moe-ckpts,flame38m_g1_temporal/probe_run.log,136733,9632dbc4d77f0f2e98eaf80b3bd45c9efec4ccc4727493fa7ab88a23d13c6475,flame38m_g1_temporal,cited
results/phase0/runs/flame38m_g1_temporal/quanteval_b16.log,ncylich/temporal-moe-ckpts,flame38m_g1_temporal/quanteval_b16.log,132105,7c05364fbda400fa99a7bc64b33aadfa0a84e1f4d4719bd42ef49e382e92964c,flame38m_g1_temporal,cited
results/phase0/runs/flame38m_g1_temporal/quanteval_b3.log,ncylich/temporal-moe-ckpts,flame38m_g1_temporal/quanteval_b3.log,132104,0ee6f63edc6cede09f85056d20bb15758dafb851cd2347073157f07b432c0d63,flame38m_g1_temporal,cited
results/phase0/runs/flame38m_g1_temporal/quanteval_b4.log,ncylich/temporal-moe-ckpts,flame38m_g1_temporal/quanteval_b4.log,132104,23729b6103620d4085b2f8a7b87e839513a21b351560c5643ab90e0b3b1b8a3e,flame38m_g1_temporal,cited
results/phase0/runs/flame38m_g1_temporal/quanteval_b8.log,ncylich/temporal-moe-ckpts,flame38m_g1_temporal/quanteval_b8.log,132104,486a7a420946cadaeb092e982f8d29dcdd31a28672e21678d3c9d79f45fde0d8,flame38m_g1_temporal,cited
results/phase0/runs/flame38m_g1_temporal/run.meta,ncylich/temporal-moe-ckpts,flame38m_g1_temporal/run.meta,187,b4ff72ff4edd6da543903ec196a858340207d0a3d6516cc0ba9858a04e5303cf,flame38m_g1_temporal,cited
results/phase0/runs/flame38m_g1_temporal/train.log,ncylich/temporal-moe-ckpts,flame38m_g1_temporal/train.log,279393,c438c87980d4bc266f20bc656ec215029395e14aec41a83328b9e80637b15c82,flame38m_g1_temporal,cited
results/phase0/runs/flame38m_g1_temporal_s2/ckpt/iter_0002121/.metadata,ncylich/temporal-moe-ckpts,flame38m_g1_temporal_s2/ckpt/iter_0002121/.metadata,2145059,7c4b300fdc1dfd31428439e230ed697bcd03466a0d7c78c69fbd6baf51817ca2,flame38m_g1_temporal_s2,cited
results/phase0/runs/flame38m_g1_temporal_s2/ckpt/iter_0002121/__0_0.distcp,ncylich/temporal-moe-ckpts,flame38m_g1_temporal_s2/ckpt/iter_0002121/__0_0.distcp,709492824,d6c7bd3c7b6fadb2f0d4d9d658d3570bbb1b8bed592bca85595654a49454b580,flame38m_g1_temporal_s2,cited
results/phase0/runs/flame38m_g1_temporal_s2/ckpt/iter_0002121/__0_1.distcp,ncylich/temporal-moe-ckpts,flame38m_g1_temporal_s2/ckpt/iter_0002121/__0_1.distcp,709455636,ab9ddff0fe210ffa03edc5d651e06843bfeead721a670dc2d0ace80ed9ca1481,flame38m_g1_temporal_s2,cited
results/phase0/runs/flame38m_g1_temporal_s2/ckpt/iter_0002121/common.pt,ncylich/temporal-moe-ckpts,flame38m_g1_temporal_s2/ckpt/iter_0002121/common.pt,17052,97c6e7a9ab2a56beeb864c206e924f494f3355d4c8e3d3996a416009b45b53ad,flame38m_g1_temporal_s2,cited
results/phase0/runs/flame38m_g1_temporal_s2/ckpt/iter_0002121/metadata.json,ncylich/temporal-moe-ckpts,flame38m_g1_temporal_s2/ckpt/iter_0002121/metadata.json,119,9817072de14c715c70e8435a7fee90bac30abaf6885fc53ade6fe88babeef851,flame38m_g1_temporal_s2,cited
results/phase0/runs/flame38m_g1_temporal_s2/ckpt/latest_checkpointed_iteration.txt,ncylich/temporal-moe-ckpts,flame38m_g1_temporal_s2/ckpt/latest_checkpointed_iteration.txt,4,b8dc2c143be8994682b08461f46487e05874e59dd9ab65cf973e3a3c67a763aa,flame38m_g1_temporal_s2,cited
results/phase0/runs/flame38m_g1_temporal_s2/lmeval_1e18_0shot.log,ncylich/temporal-moe-ckpts,flame38m_g1_temporal_s2/lmeval_1e18_0shot.log,230198,b931f1e602b8f745984532265ca589e6ef43d3dae654b5f07cd6bbe5dfd0aa03,flame38m_g1_temporal_s2,cited
results/phase0/runs/flame38m_g1_temporal_s2/lmeval_1e18_0shot/results_2026-07-23T03-21-42.968025.json,ncylich/temporal-moe-ckpts,flame38m_g1_temporal_s2/lmeval_1e18_0shot/results_2026-07-23T03-21-42.968025.json,20050,f8568e945be9e2fee3d1049596c8417ff36f13054fb8984acbfa82968b087b86,flame38m_g1_temporal_s2,cited
results/phase0/runs/flame38m_g1_temporal_s2/run.meta,ncylich/temporal-moe-ckpts,flame38m_g1_temporal_s2/run.meta,190,67d3aa164a43fb3c90850f6af2aa3d09c2c3ecdbd723941ddbcb662e2b280a6b,flame38m_g1_temporal_s2,cited
results/phase0/runs/flame38m_g1_temporal_s2/train.log,ncylich/temporal-moe-ckpts,flame38m_g1_temporal_s2/train.log,279399,c9f22cf9684a1f5414dbb8d74f112dc062bc3c0f08cf3038d36c452496e702dc,flame38m_g1_temporal_s2,cited
results/phase0/runs/flame38m_g1_temporal_s3/ckpt/iter_0002121/.metadata,ncylich/temporal-moe-ckpts,flame38m_g1_temporal_s3/ckpt/iter_0002121/.metadata,2145059,cecc1e8b4c4ecab0dd35950e265d7b3877463e9d24ca94d5ce16c9d0c408092a,flame38m_g1_temporal_s3,cited
results/phase0/runs/flame38m_g1_temporal_s3/ckpt/iter_0002121/__0_0.distcp,ncylich/temporal-moe-ckpts,flame38m_g1_temporal_s3/ckpt/iter_0002121/__0_0.distcp,709492824,9a6fe1ee7eb0a2c727bcd84e9be3c1fefe39d145226058bf870c05d33431ca7c,flame38m_g1_temporal_s3,cited
results/phase0/runs/flame38m_g1_temporal_s3/ckpt/iter_0002121/__0_1.distcp,ncylich/temporal-moe-ckpts,flame38m_g1_temporal_s3/ckpt/iter_0002121/__0_1.distcp,709455636,78e89478faddff643b34e54a24156316f1df9f0919e13b3df6c38ef29b17a9ab,flame38m_g1_temporal_s3,cited
results/phase0/runs/flame38m_g1_temporal_s3/ckpt/iter_0002121/common.pt,ncylich/temporal-moe-ckpts,flame38m_g1_temporal_s3/ckpt/iter_0002121/common.pt,17884,2348340dd14bf1794ea9de018abfcebf55c2eb46e1cf3b9531036f16bdd57ae9,flame38m_g1_temporal_s3,cited
results/phase0/runs/flame38m_g1_temporal_s3/ckpt/iter_0002121/metadata.json,ncylich/temporal-moe-ckpts,flame38m_g1_temporal_s3/ckpt/iter_0002121/metadata.json,119,9817072de14c715c70e8435a7fee90bac30abaf6885fc53ade6fe88babeef851,flame38m_g1_temporal_s3,cited
results/phase0/runs/flame38m_g1_temporal_s3/ckpt/latest_checkpointed_iteration.txt,ncylich/temporal-moe-ckpts,flame38m_g1_temporal_s3/ckpt/latest_checkpointed_iteration.txt,4,b8dc2c143be8994682b08461f46487e05874e59dd9ab65cf973e3a3c67a763aa,flame38m_g1_temporal_s3,cited
results/phase0/runs/flame38m_g1_temporal_s3/lmeval_1e18_0shot.log,ncylich/temporal-moe-ckpts,flame38m_g1_temporal_s3/lmeval_1e18_0shot.log,230272,c1affced464e83a9c1c2dde29cbe576cde39c1e776a13d397b4146910dac1b3c,flame38m_g1_temporal_s3,cited
results/phase0/runs/flame38m_g1_temporal_s3/lmeval_1e18_0shot/results_2026-07-23T03-30-38.745056.json,ncylich/temporal-moe-ckpts,flame38m_g1_temporal_s3/lmeval_1e18_0shot/results_2026-07-23T03-30-38.745056.json,20052,b84a4badff8a568eed641079814051421c0945f518a02ad4aaaac859d3843278,flame38m_g1_temporal_s3,cited
results/phase0/runs/flame38m_g1_temporal_s3/run.meta,ncylich/temporal-moe-ckpts,flame38m_g1_temporal_s3/run.meta,190,4f93b391cfae28618652a6656ba58c58253c5fe79595e57664b33cfc0cc82989,flame38m_g1_temporal_s3,cited
results/phase0/runs/flame38m_g1_temporal_s3/train.log,ncylich/temporal-moe-ckpts,flame38m_g1_temporal_s3/train.log,292220,d564600c4b7dba6b6f416d31aadc33b66f83af6ab853a59263f03c8a818a28e0,flame38m_g1_temporal_s3,cited
results/phase0/runs/flame38m_g3_moe/act_log.pt,ncylich/temporal-moe-ckpts,flame38m_g3_moe/act_log.pt,106184,e07bfafe404ca886839d58d8bc8ba8fd2e7e0a52e78510df2ccb4af809b3417a,flame38m_g3_moe,cited
results/phase0/runs/flame38m_g3_moe/actprobe.log,ncylich/temporal-moe-ckpts,flame38m_g3_moe/actprobe.log,252635,2ae667edef0b5a61225071b7142bcba63b9ead3c93f149d388f2d496f3f1e014,flame38m_g3_moe,cited
results/phase0/runs/flame38m_g3_moe/actprobe_run.log,ncylich/temporal-moe-ckpts,flame38m_g3_moe/actprobe_run.log,252813,7b6317c6da55bf030df02287e673b6b085fcd3c79a78b18aa156cc70bc14014d,flame38m_g3_moe,cited
results/phase0/runs/flame38m_g3_moe/ckpt/iter_0002121/.metadata,ncylich/temporal-moe-ckpts,flame38m_g3_moe/ckpt/iter_0002121/.metadata,6079715,74956790ecebd3e32d65738cb73cae84a384fd79a9b51769b7362129cc7a184e,flame38m_g3_moe,cited
results/phase0/runs/flame38m_g3_moe/ckpt/iter_0002121/__0_0.distcp,ncylich/temporal-moe-ckpts,flame38m_g3_moe/ckpt/iter_0002121/__0_0.distcp,714944044,eeffea92182f3d6980c5edca69e25a4588a4f4e48c07e71239be4cb574114e25,flame38m_g3_moe,cited
results/phase0/runs/flame38m_g3_moe/ckpt/iter_0002121/__0_1.distcp,ncylich/temporal-moe-ckpts,flame38m_g3_moe/ckpt/iter_0002121/__0_1.distcp,714899776,bde15506ba29d9868b82545bc8e6868b13c7fea1645b2d0852b271141753c64a,flame38m_g3_moe,cited
results/phase0/runs/flame38m_g3_moe/ckpt/iter_0002121/common.pt,ncylich/temporal-moe-ckpts,flame38m_g3_moe/ckpt/iter_0002121/common.pt,16988,bca479872af0b93ee552e17d57a2cfbb0150716ad9ab73a54cd934dd35bbe753,flame38m_g3_moe,cited
results/phase0/runs/flame38m_g3_moe/ckpt/iter_0002121/metadata.json,ncylich/temporal-moe-ckpts,flame38m_g3_moe/ckpt/iter_0002121/metadata.json,119,9817072de14c715c70e8435a7fee90bac30abaf6885fc53ade6fe88babeef851,flame38m_g3_moe,cited
results/phase0/runs/flame38m_g3_moe/ckpt/latest_checkpointed_iteration.txt,ncylich/temporal-moe-ckpts,flame38m_g3_moe/ckpt/latest_checkpointed_iteration.txt,4,b8dc2c143be8994682b08461f46487e05874e59dd9ab65cf973e3a3c67a763aa,flame38m_g3_moe,cited
results/phase0/runs/flame38m_g3_moe/lmeval_1e18_0shot.log,ncylich/temporal-moe-ckpts,flame38m_g3_moe/lmeval_1e18_0shot.log,306852,58724b2516e544c22a7bf7ddc1674fe13a9cd6cb8e16297af701a1497c5269ab,flame38m_g3_moe,cited
results/phase0/runs/flame38m_g3_moe/lmeval_1e18_0shot/results_2026-07-23T03-41-04.293028.json,ncylich/temporal-moe-ckpts,flame38m_g3_moe/lmeval_1e18_0shot/results_2026-07-23T03-41-04.293028.json,20049,89df48f667f0d01a7dc845ae7bc94c24f7ac945852f7aa4efb18f28ae14583fd,flame38m_g3_moe,cited
results/phase0/runs/flame38m_g3_moe/quanteval_b16.log,ncylich/temporal-moe-ckpts,flame38m_g3_moe/quanteval_b16.log,250807,8b0e725b3c4d2767fbb3c8dd18f7ab7925ce143498e41a7e98e9027b5ba04f5c,flame38m_g3_moe,cited
results/phase0/runs/flame38m_g3_moe/quanteval_b3.log,ncylich/temporal-moe-ckpts,flame38m_g3_moe/quanteval_b3.log,250806,c66a7a3133f36e3e2a11003f883ee0a49d1622a2187a5d5aa3fed51b26b23c8c,flame38m_g3_moe,cited
results/phase0/runs/flame38m_g3_moe/quanteval_b4.log,ncylich/temporal-moe-ckpts,flame38m_g3_moe/quanteval_b4.log,250806,19a956424719db9e6a3afd212b8d9d9b0aa2b7d092ea7c0b8d8df84830eba71f,flame38m_g3_moe,cited
results/phase0/runs/flame38m_g3_moe/quanteval_b8.log,ncylich/temporal-moe-ckpts,flame38m_g3_moe/quanteval_b8.log,250806,016277f51b4382e3c6667f8ace1a53599a4716376a450e3965d961b41d47c8c8,flame38m_g3_moe,cited
results/phase0/runs/flame38m_g3_moe/run.meta,ncylich/temporal-moe-ckpts,flame38m_g3_moe/run.meta,178,51f5b8649bacafad487cab875054dfcbbcba0ad657b6433ba4e62aa95b419fab,flame38m_g3_moe,cited
results/phase0/runs/flame38m_g3_moe/train.log,ncylich/temporal-moe-ckpts,flame38m_g3_moe/train.log,398549,da9a79156ac1e1cad285b4806f020e265aa472d1991b340a65b79712d0a71656,flame38m_g3_moe,cited
results/phase0/runs/flame38m_g3_moe_ovlEarly/ckpt/iter_0002121/.metadata,ncylich/temporal-moe-ckpts,flame38m_g3_moe_ovlEarly/ckpt/iter_0002121/.metadata,6079724,d43471bb22a6283acff6e49fc49d48e6f5444d436189f828cf71c0260a66a4bc,flame38m_g3_moe_ovlEarly,cited
results/phase0/runs/flame38m_g3_moe_ovlEarly/ckpt/iter_0002121/__0_0.distcp,ncylich/temporal-moe-ckpts,flame38m_g3_moe_ovlEarly/ckpt/iter_0002121/__0_0.distcp,714944044,1ff5a13971aa522eb06bda00a9add381b86a349f12dd000debf34d5d53e75a0f,flame38m_g3_moe_ovlEarly,cited
results/phase0/runs/flame38m_g3_moe_ovlEarly/ckpt/iter_0002121/__0_1.distcp,ncylich/temporal-moe-ckpts,flame38m_g3_moe_ovlEarly/ckpt/iter_0002121/__0_1.distcp,714899776,0c5229f983243cedbb970c55fc7209c0067a0c2a5cf6246c4e2bb79524a531e6,flame38m_g3_moe_ovlEarly,cited
results/phase0/runs/flame38m_g3_moe_ovlEarly/ckpt/iter_0002121/common.pt,ncylich/temporal-moe-ckpts,flame38m_g3_moe_ovlEarly/ckpt/iter_0002121/common.pt,17948,c2c65914fefcb7d70fc8c66b0b9b20faead7ca784bcb66d142c8dddd2eee0acb,flame38m_g3_moe_ovlEarly,cited
results/phase0/runs/flame38m_g3_moe_ovlEarly/ckpt/iter_0002121/metadata.json,ncylich/temporal-moe-ckpts,flame38m_g3_moe_ovlEarly/ckpt/iter_0002121/metadata.json,119,9817072de14c715c70e8435a7fee90bac30abaf6885fc53ade6fe88babeef851,flame38m_g3_moe_ovlEarly,cited
results/phase0/runs/flame38m_g3_moe_ovlEarly/ckpt/latest_checkpointed_iteration.txt,ncylich/temporal-moe-ckpts,flame38m_g3_moe_ovlEarly/ckpt/latest_checkpointed_iteration.txt,4,b8dc2c143be8994682b08461f46487e05874e59dd9ab65cf973e3a3c67a763aa,flame38m_g3_moe_ovlEarly,cited
results/phase0/runs/flame38m_g3_moe_ovlEarly/run.meta,ncylich/temporal-moe-ckpts,flame38m_g3_moe_ovlEarly/run.meta,187,2e88de4f796a899e6bc86a1025467ed6f578cfff537b32924d82c6d8bf566cfc,flame38m_g3_moe_ovlEarly,cited
results/phase0/runs/flame38m_g3_moe_ovlEarly/train.log,ncylich/temporal-moe-ckpts,flame38m_g3_moe_ovlEarly/train.log,412079,97c7a7232df0e5aba7e0aa440abf281f02450017127341eb8cc3dff127f9b199,flame38m_g3_moe_ovlEarly,cited
results/phase0/runs/flame38m_g3_moe_s2/ckpt/iter_0002121/.metadata,ncylich/temporal-moe-ckpts,flame38m_g3_moe_s2/ckpt/iter_0002121/.metadata,6079718,948c66f8db2adf09e5e87c00ae3d1a51dc966afe560820829ae96ca64dec5143,flame38m_g3_moe_s2,cited
results/phase0/runs/flame38m_g3_moe_s2/ckpt/iter_0002121/__0_0.distcp,ncylich/temporal-moe-ckpts,flame38m_g3_moe_s2/ckpt/iter_0002121/__0_0.distcp,714944044,05b922f6c660edca19a1ded5ddd80f1e417303a8bcfea324d1fb1f193b1c13f8,flame38m_g3_moe_s2,cited
results/phase0/runs/flame38m_g3_moe_s2/ckpt/iter_0002121/__0_1.distcp,ncylich/temporal-moe-ckpts,flame38m_g3_moe_s2/ckpt/iter_0002121/__0_1.distcp,714899776,32c2964d82d0eb43bfd9923f750248ffbfb60c3b8066fbd43acb9e9f17deb6dc,flame38m_g3_moe_s2,cited
results/phase0/runs/flame38m_g3_moe_s2/ckpt/iter_0002121/common.pt,ncylich/temporal-moe-ckpts,flame38m_g3_moe_s2/ckpt/iter_0002121/common.pt,17884,00b61a73b1486596448021c9cb835bc5e3e69331c1a1e77e49a84516342e40d9,flame38m_g3_moe_s2,cited
results/phase0/runs/flame38m_g3_moe_s2/ckpt/iter_0002121/metadata.json,ncylich/temporal-moe-ckpts,flame38m_g3_moe_s2/ckpt/iter_0002121/metadata.json,119,9817072de14c715c70e8435a7fee90bac30abaf6885fc53ade6fe88babeef851,flame38m_g3_moe_s2,cited
results/phase0/runs/flame38m_g3_moe_s2/ckpt/latest_checkpointed_iteration.txt,ncylich/temporal-moe-ckpts,flame38m_g3_moe_s2/ckpt/latest_checkpointed_iteration.txt,4,b8dc2c143be8994682b08461f46487e05874e59dd9ab65cf973e3a3c67a763aa,flame38m_g3_moe_s2,cited
results/phase0/runs/flame38m_g3_moe_s2/lmeval_1e18_0shot.log,ncylich/temporal-moe-ckpts,flame38m_g3_moe_s2/lmeval_1e18_0shot.log,307053,7ed5bd70782b3cd7dd1ddf9d9f7e7e1df5180d729dd649af5213c0adcd786557,flame38m_g3_moe_s2,cited
results/phase0/runs/flame38m_g3_moe_s2/lmeval_1e18_0shot/results_2026-07-23T03-51-43.016856.json,ncylich/temporal-moe-ckpts,flame38m_g3_moe_s2/lmeval_1e18_0shot/results_2026-07-23T03-51-43.016856.json,20049,33ab528b9bde00fc48518d24cba91ef03d4d99d12f0d6dc86dd9fd963f737c38,flame38m_g3_moe_s2,cited
results/phase0/runs/flame38m_g3_moe_s2/run.meta,ncylich/temporal-moe-ckpts,flame38m_g3_moe_s2/run.meta,181,c24a8648a901f44a32c70799d4a4e8067b305238edf1422fe018a5283c1bf25f,flame38m_g3_moe_s2,cited
results/phase0/runs/flame38m_g3_moe_s2/train.log,ncylich/temporal-moe-ckpts,flame38m_g3_moe_s2/train.log,411835,2107644d84f32d5e8245f307f2a21d0efe69acfa969887dc831190a7a0a2e313,flame38m_g3_moe_s2,cited
results/phase0/runs/flame38m_g3_moe_s3/ckpt/iter_0002121/.metadata,ncylich/temporal-moe-ckpts,flame38m_g3_moe_s3/ckpt/iter_0002121/.metadata,6079718,d36eb64c89b812469c6f2926f73c11634768b8958deec858c3e63ac91c45e044,flame38m_g3_moe_s3,cited
results/phase0/runs/flame38m_g3_moe_s3/ckpt/iter_0002121/__0_0.distcp,ncylich/temporal-moe-ckpts,flame38m_g3_moe_s3/ckpt/iter_0002121/__0_0.distcp,714944044,51ae505544ec32a152282324530644e8c877bb5aff733f6b8c45daa134da6924,flame38m_g3_moe_s3,cited
results/phase0/runs/flame38m_g3_moe_s3/ckpt/iter_0002121/__0_1.distcp,ncylich/temporal-moe-ckpts,flame38m_g3_moe_s3/ckpt/iter_0002121/__0_1.distcp,714899776,de8ca0f6e3745ac26ba77b71933d952a3ac8255ee2fb8fba952035a2cb2990c8,flame38m_g3_moe_s3,cited
results/phase0/runs/flame38m_g3_moe_s3/ckpt/iter_0002121/common.pt,ncylich/temporal-moe-ckpts,flame38m_g3_moe_s3/ckpt/iter_0002121/common.pt,17884,b8aaaa84cd02a6aa4b73cd2a7da1549b4fbb9a5b31f84f868b99dc22098aff40,flame38m_g3_moe_s3,cited
results/phase0/runs/flame38m_g3_moe_s3/ckpt/iter_0002121/metadata.json,ncylich/temporal-moe-ckpts,flame38m_g3_moe_s3/ckpt/iter_0002121/metadata.json,119,9817072de14c715c70e8435a7fee90bac30abaf6885fc53ade6fe88babeef851,flame38m_g3_moe_s3,cited
results/phase0/runs/flame38m_g3_moe_s3/ckpt/latest_checkpointed_iteration.txt,ncylich/temporal-moe-ckpts,flame38m_g3_moe_s3/ckpt/latest_checkpointed_iteration.txt,4,b8dc2c143be8994682b08461f46487e05874e59dd9ab65cf973e3a3c67a763aa,flame38m_g3_moe_s3,cited
results/phase0/runs/flame38m_g3_moe_s3/lmeval_1e18_0shot.log,ncylich/temporal-moe-ckpts,flame38m_g3_moe_s3/lmeval_1e18_0shot.log,307343,35a157e9999a5a6884d1c09b8742a19c275983c90699a231e41fc1940e3a1a54,flame38m_g3_moe_s3,cited
results/phase0/runs/flame38m_g3_moe_s3/lmeval_1e18_0shot/results_2026-07-23T04-02-22.748626.json,ncylich/temporal-moe-ckpts,flame38m_g3_moe_s3/lmeval_1e18_0shot/results_2026-07-23T04-02-22.748626.json,20050,f54800bf7ebe0393f1171766079b3535306bfeda2cb0be2e555719cf47cbc740,flame38m_g3_moe_s3,cited
results/phase0/runs/flame38m_g3_moe_s3/run.meta,ncylich/temporal-moe-ckpts,flame38m_g3_moe_s3/run.meta,181,3939193c6d406ce14b10ce450fba0655504b3353265157797f6a613d61a560de,flame38m_g3_moe_s3,cited
results/phase0/runs/flame38m_g3_moe_s3/train.log,ncylich/temporal-moe-ckpts,flame38m_g3_moe_s3/train.log,411835,097f7d9ca6d778fcc3203bbe4e228fd33e1a3f62c2fecd014d16c9eec8844b6c,flame38m_g3_moe_s3,cited
results/phase0/runs/flame38m_g3_temporal/act_log.pt,ncylich/temporal-moe-ckpts,flame38m_g3_temporal/act_log.pt,122782,11925ff3db729f8b89d598e2cd098572ac493f8b336ea15f0cadb8abf3127d5b,flame38m_g3_temporal,cited
results/phase0/runs/flame38m_g3_temporal/actprobe.log,ncylich/temporal-moe-ckpts,flame38m_g3_temporal/actprobe.log,252708,87e60e0edfc4e7952e086f39071a260f297c2f469019bfde5a4a8b25c9fa1828,flame38m_g3_temporal,cited
results/phase0/runs/flame38m_g3_temporal/actprobe_run.log,ncylich/temporal-moe-ckpts,flame38m_g3_temporal/actprobe_run.log,252896,33fe65c95e9dd3930185f05f615e3b35d2d2ae4e84602fb2a51cd65c0680f141,flame38m_g3_temporal,cited
results/phase0/runs/flame38m_g3_temporal/ckpt/iter_0002121/.metadata,ncylich/temporal-moe-ckpts,flame38m_g3_temporal/ckpt/iter_0002121/.metadata,6079720,3032abddccc6db100188f8d181494a7296e424440dda606c994d85d62745656c,flame38m_g3_temporal,cited
results/phase0/runs/flame38m_g3_temporal/ckpt/iter_0002121/__0_0.distcp,ncylich/temporal-moe-ckpts,flame38m_g3_temporal/ckpt/iter_0002121/__0_0.distcp,714944044,851afafb50b215074c5e6d8547f43aec3e8a1c0de43e6d3eccc8725534eea7c5,flame38m_g3_temporal,cited
results/phase0/runs/flame38m_g3_temporal/ckpt/iter_0002121/__0_1.distcp,ncylich/temporal-moe-ckpts,flame38m_g3_temporal/ckpt/iter_0002121/__0_1.distcp,714899776,f1ab4dbdc37b77d6c73663b5f6e53d03c7b2dcd182d4c745001bd49281064f63,flame38m_g3_temporal,cited
results/phase0/runs/flame38m_g3_temporal/ckpt/iter_0002121/common.pt,ncylich/temporal-moe-ckpts,flame38m_g3_temporal/ckpt/iter_0002121/common.pt,17052,6ef1d536b1fad290696bc9c7f8514a5c9037a052bd571bbb7b2631dba9032ffb,flame38m_g3_temporal,cited
results/phase0/runs/flame38m_g3_temporal/ckpt/iter_0002121/metadata.json,ncylich/temporal-moe-ckpts,flame38m_g3_temporal/ckpt/iter_0002121/metadata.json,119,9817072de14c715c70e8435a7fee90bac30abaf6885fc53ade6fe88babeef851,flame38m_g3_temporal,cited
results/phase0/runs/flame38m_g3_temporal/ckpt/latest_checkpointed_iteration.txt,ncylich/temporal-moe-ckpts,flame38m_g3_temporal/ckpt/latest_checkpointed_iteration.txt,4,b8dc2c143be8994682b08461f46487e05874e59dd9ab65cf973e3a3c67a763aa,flame38m_g3_temporal,cited
results/phase0/runs/flame38m_g3_temporal/lmeval_1e18_0shot.log,ncylich/temporal-moe-ckpts,flame38m_g3_temporal/lmeval_1e18_0shot.log,300632,815f8ea126f3501553735386a61381046082101472ebff71e78989e35f29d6da,flame38m_g3_temporal,cited
results/phase0/runs/flame38m_g3_temporal/lmeval_1e18_0shot/results_2026-07-23T04-12-29.991438.json,ncylich/temporal-moe-ckpts,flame38m_g3_temporal/lmeval_1e18_0shot/results_2026-07-23T04-12-29.991438.json,20048,0a3401d4053732214c18a083777d63338139bf2f32e8364cdc7f90e978eb3ab5,flame38m_g3_temporal,cited
results/phase0/runs/flame38m_g3_temporal/probe.log,ncylich/temporal-moe-ckpts,flame38m_g3_temporal/probe.log,252673,610fedf9ac0210c038449562c238f57c4e758aa9d98d9ca8012fe58322949b19,flame38m_g3_temporal,cited
results/phase0/runs/flame38m_g3_temporal/probe_run.log,ncylich/temporal-moe-ckpts,flame38m_g3_temporal/probe_run.log,252861,9b5bd4ef180e25e9dae650b2a2d0c957cfce21dfa164a631363b15a57b653703,flame38m_g3_temporal,cited
results/phase0/runs/flame38m_g3_temporal/quanteval_b16.log,ncylich/temporal-moe-ckpts,flame38m_g3_temporal/quanteval_b16.log,250317,2e4f891a3d9ecd19c4e0acb0272c18e8c5db4d48dcf291842390d722cf877bc0,flame38m_g3_temporal,cited
results/phase0/runs/flame38m_g3_temporal/quanteval_b3.log,ncylich/temporal-moe-ckpts,flame38m_g3_temporal/quanteval_b3.log,250316,9634ef4c2ad317c5df861e6c9ba3e5372e0d7e134b157ad6169274d7eb210211,flame38m_g3_temporal,cited
results/phase0/runs/flame38m_g3_temporal/quanteval_b4.log,ncylich/temporal-moe-ckpts,flame38m_g3_temporal/quanteval_b4.log,250316,510b0b23f293655a44c712ef24a9492932211ccff4fdfea3558ef1b0ddf5be6b,flame38m_g3_temporal,cited
results/phase0/runs/flame38m_g3_temporal/quanteval_b8.log,ncylich/temporal-moe-ckpts,flame38m_g3_temporal/quanteval_b8.log,250316,169f093e8709d4c58c0679c59874cd32daebbd7d8361b96cb486d2487d5de4e5,flame38m_g3_temporal,cited
results/phase0/runs/flame38m_g3_temporal/run.meta,ncylich/temporal-moe-ckpts,flame38m_g3_temporal/run.meta,188,73cbd09ecd9c53673e1da4faffb2e4f18656faa852974ff5b0832fc2c46bc761,flame38m_g3_temporal,cited
results/phase0/runs/flame38m_g3_temporal/train.log,ncylich/temporal-moe-ckpts,flame38m_g3_temporal/train.log,398026,a160a53ad1fda804ff776803b0f6165f71dc9f009a1a2a8e2c106efafab5b115,flame38m_g3_temporal,cited
results/phase0/runs/flame38m_g3_temporal_ovlEarly/ckpt/iter_0002121/.metadata,ncylich/temporal-moe-ckpts,flame38m_g3_temporal_ovlEarly/ckpt/iter_0002121/.metadata,6079729,70e6a5370f2321416336cc0eca301ccdce53fd2e4ef39555ad15e180a547fd4f,flame38m_g3_temporal_ovlEarly,cited
results/phase0/runs/flame38m_g3_temporal_ovlEarly/ckpt/iter_0002121/__0_0.distcp,ncylich/temporal-moe-ckpts,flame38m_g3_temporal_ovlEarly/ckpt/iter_0002121/__0_0.distcp,714944044,81ae1aaa3d6c5675e60fc7c35500d42c5b0776be2ec461fdaf188938ee9f0587,flame38m_g3_temporal_ovlEarly,cited
results/phase0/runs/flame38m_g3_temporal_ovlEarly/ckpt/iter_0002121/__0_1.distcp,ncylich/temporal-moe-ckpts,flame38m_g3_temporal_ovlEarly/ckpt/iter_0002121/__0_1.distcp,714899776,3081b4bd44be1c234676cee6cd4ffa473fb71210269a4400213842606be490fb,flame38m_g3_temporal_ovlEarly,cited
results/phase0/runs/flame38m_g3_temporal_ovlEarly/ckpt/iter_0002121/common.pt,ncylich/temporal-moe-ckpts,flame38m_g3_temporal_ovlEarly/ckpt/iter_0002121/common.pt,17948,d3f027c9e6c7bc1a02e2c1d39d7d20c049defd04a289629569911be3a213b6d0,flame38m_g3_temporal_ovlEarly,cited
results/phase0/runs/flame38m_g3_temporal_ovlEarly/ckpt/iter_0002121/metadata.json,ncylich/temporal-moe-ckpts,flame38m_g3_temporal_ovlEarly/ckpt/iter_0002121/metadata.json,119,9817072de14c715c70e8435a7fee90bac30abaf6885fc53ade6fe88babeef851,flame38m_g3_temporal_ovlEarly,cited
results/phase0/runs/flame38m_g3_temporal_ovlEarly/ckpt/latest_checkpointed_iteration.txt,ncylich/temporal-moe-ckpts,flame38m_g3_temporal_ovlEarly/ckpt/latest_checkpointed_iteration.txt,4,b8dc2c143be8994682b08461f46487e05874e59dd9ab65cf973e3a3c67a763aa,flame38m_g3_temporal_ovlEarly,cited
results/phase0/runs/flame38m_g3_temporal_ovlEarly/run.meta,ncylich/temporal-moe-ckpts,flame38m_g3_temporal_ovlEarly/run.meta,197,787260062dd2135bba25d213bb2f45277355be3d0e684377040b85093f39dc49,flame38m_g3_temporal_ovlEarly,cited
results/phase0/runs/flame38m_g3_temporal_ovlEarly/train.log,ncylich/temporal-moe-ckpts,flame38m_g3_temporal_ovlEarly/train.log,410917,5725d1c010746711b4ca32ea07f0675927ff1bfb278d0cfb44a50ca555e65749,flame38m_g3_temporal_ovlEarly,cited
results/phase0/runs/flame38m_g3_temporal_s2/ckpt/iter_0002121/.metadata,ncylich/temporal-moe-ckpts,flame38m_g3_temporal_s2/ckpt/iter_0002121/.metadata,6079723,46aaa1f9b23cc009a90ec88ee0a855d6dc54d522531db1af2a33444b8ad63a61,flame38m_g3_temporal_s2,cited
results/phase0/runs/flame38m_g3_temporal_s2/ckpt/iter_0002121/__0_0.distcp,ncylich/temporal-moe-ckpts,flame38m_g3_temporal_s2/ckpt/iter_0002121/__0_0.distcp,714944044,99c19a056b6076e0efef684cda282faf11e865b5798be0bddfedf5a3d1f7d60a,flame38m_g3_temporal_s2,cited
results/phase0/runs/flame38m_g3_temporal_s2/ckpt/iter_0002121/__0_1.distcp,ncylich/temporal-moe-ckpts,flame38m_g3_temporal_s2/ckpt/iter_0002121/__0_1.distcp,714899776,6563918a2ffefba0c8420cdac30c689f5007e808e0ba641498fe7a71d3b79440,flame38m_g3_temporal_s2,cited
results/phase0/runs/flame38m_g3_temporal_s2/ckpt/iter_0002121/common.pt,ncylich/temporal-moe-ckpts,flame38m_g3_temporal_s2/ckpt/iter_0002121/common.pt,17884,d8294217c7c5c7d3df778d2ef536e394c8331125d7ec203b1700d7a1c799f8de,flame38m_g3_temporal_s2,cited
results/phase0/runs/flame38m_g3_temporal_s2/ckpt/iter_0002121/metadata.json,ncylich/temporal-moe-ckpts,flame38m_g3_temporal_s2/ckpt/iter_0002121/metadata.json,119,9817072de14c715c70e8435a7fee90bac30abaf6885fc53ade6fe88babeef851,flame38m_g3_temporal_s2,cited
results/phase0/runs/flame38m_g3_temporal_s2/ckpt/latest_checkpointed_iteration.txt,ncylich/temporal-moe-ckpts,flame38m_g3_temporal_s2/ckpt/latest_checkpointed_iteration.txt,4,b8dc2c143be8994682b08461f46487e05874e59dd9ab65cf973e3a3c67a763aa,flame38m_g3_temporal_s2,cited
results/phase0/runs/flame38m_g3_temporal_s2/lmeval_1e18_0shot.log,ncylich/temporal-moe-ckpts,flame38m_g3_temporal_s2/lmeval_1e18_0shot.log,299182,ee67c769f4c47da87d75d758b5e1f5f47e4ee8811c15979a3724d2732a70eabd,flame38m_g3_temporal_s2,cited
results/phase0/runs/flame38m_g3_temporal_s2/lmeval_1e18_0shot/results_2026-07-23T04-22-47.621769.json,ncylich/temporal-moe-ckpts,flame38m_g3_temporal_s2/lmeval_1e18_0shot/results_2026-07-23T04-22-47.621769.json,20035,feab8482bd4e7b8e49d847a4a3e55242d81acc722da55e09ab066a068929935e,flame38m_g3_temporal_s2,cited
results/phase0/runs/flame38m_g3_temporal_s2/run.meta,ncylich/temporal-moe-ckpts,flame38m_g3_temporal_s2/run.meta,191,802e725a65803de896c5098f2f29cc4d3f917535ef0c87ecff4dc2a2b95cb042,flame38m_g3_temporal_s2,cited
results/phase0/runs/flame38m_g3_temporal_s2/train.log,ncylich/temporal-moe-ckpts,flame38m_g3_temporal_s2/train.log,410853,8e52f26d602641868071175b901b1f42bc7f62a34b87af01f22438dfff219e5e,flame38m_g3_temporal_s2,cited
results/phase0/runs/flame38m_g3_temporal_s3/ckpt/iter_0002121/.metadata,ncylich/temporal-moe-ckpts,flame38m_g3_temporal_s3/ckpt/iter_0002121/.metadata,6079723,1c06278494a59f06ea2df349f526662f2b8c08f9d91fb7c85f6ce0f48df2a4c5,flame38m_g3_temporal_s3,cited
results/phase0/runs/flame38m_g3_temporal_s3/ckpt/iter_0002121/__0_0.distcp,ncylich/temporal-moe-ckpts,flame38m_g3_temporal_s3/ckpt/iter_0002121/__0_0.distcp,714944044,79087c53cade92820e05cb9b69f8e9fc1fcda4bd2b667be5de8aea2f20118158,flame38m_g3_temporal_s3,cited
results/phase0/runs/flame38m_g3_temporal_s3/ckpt/iter_0002121/__0_1.distcp,ncylich/temporal-moe-ckpts,flame38m_g3_temporal_s3/ckpt/iter_0002121/__0_1.distcp,714899776,30cc6463ac1aed4d5c60a58bc6917bf93235c8edaec3da03d099e4c9b9ad9eac,flame38m_g3_temporal_s3,cited
results/phase0/runs/flame38m_g3_temporal_s3/ckpt/iter_0002121/common.pt,ncylich/temporal-moe-ckpts,flame38m_g3_temporal_s3/ckpt/iter_0002121/common.pt,17884,f066c39e7714e04da5eec8aae8625c8d9f2805d8f8c86846a8fb8b7f2b8a7d06,flame38m_g3_temporal_s3,cited
results/phase0/runs/flame38m_g3_temporal_s3/ckpt/iter_0002121/metadata.json,ncylich/temporal-moe-ckpts,flame38m_g3_temporal_s3/ckpt/iter_0002121/metadata.json,119,9817072de14c715c70e8435a7fee90bac30abaf6885fc53ade6fe88babeef851,flame38m_g3_temporal_s3,cited
results/phase0/runs/flame38m_g3_temporal_s3/ckpt/latest_checkpointed_iteration.txt,ncylich/temporal-moe-ckpts,flame38m_g3_temporal_s3/ckpt/latest_checkpointed_iteration.txt,4,b8dc2c143be8994682b08461f46487e05874e59dd9ab65cf973e3a3c67a763aa,flame38m_g3_temporal_s3,cited
results/phase0/runs/flame38m_g3_temporal_s3/lmeval_1e18_0shot.log,ncylich/temporal-moe-ckpts,flame38m_g3_temporal_s3/lmeval_1e18_0shot.log,298850,4beff63c5265d02bf06b504f814ab9e6650fed703c94b47577fe925b360d657c,flame38m_g3_temporal_s3,cited
results/phase0/runs/flame38m_g3_temporal_s3/lmeval_1e18_0shot/results_2026-07-23T04-32-57.661395.json,ncylich/temporal-moe-ckpts,flame38m_g3_temporal_s3/lmeval_1e18_0shot/results_2026-07-23T04-32-57.661395.json,20051,388b6951ff7fb3366679f3783e6c6622ea74fcf9697c4d51ddfefb37c0b4e5db,flame38m_g3_temporal_s3,cited
results/phase0/runs/flame38m_g3_temporal_s3/run.meta,ncylich/temporal-moe-ckpts,flame38m_g3_temporal_s3/run.meta,191,fea66c7a6293513c81e978db754ff18aa8dd8a28b43bc7f7d7ed64ab2f34ca84,flame38m_g3_temporal_s3,cited
results/phase0/runs/flame38m_g3_temporal_s3/train.log,ncylich/temporal-moe-ckpts,flame38m_g3_temporal_s3/train.log,410763,1dc3fb272f6005a387b857565ed56383b6dc79b1ffe1df67de6205ee431562a6,flame38m_g3_temporal_s3,cited
results/phase0/runs/flame38m_g5_moe/ckpt/iter_0002121/.metadata,ncylich/temporal-moe-ckpts,flame38m_g5_moe/ckpt/iter_0002121/.metadata,10044448,94282b6f09af01fa71e8763603521b76a7739b13e029cfcad937d813a5e2a6f9,flame38m_g5_moe,cited
results/phase0/runs/flame38m_g5_moe/ckpt/iter_0002121/__0_0.distcp,ncylich/temporal-moe-ckpts,flame38m_g5_moe/ckpt/iter_0002121/__0_0.distcp,742404740,13a220d1f395112382c4c522c80c39f84f2423acd50d62e47d6e61548989aab5,flame38m_g5_moe,cited
results/phase0/runs/flame38m_g5_moe/ckpt/iter_0002121/__0_1.distcp,ncylich/temporal-moe-ckpts,flame38m_g5_moe/ckpt/iter_0002121/__0_1.distcp,742374632,2d1828e84087db69cb567c8c9923c29630ec4b5692688ece6b8275c9093c172c,flame38m_g5_moe,cited
results/phase0/runs/flame38m_g5_moe/ckpt/iter_0002121/common.pt,ncylich/temporal-moe-ckpts,flame38m_g5_moe/ckpt/iter_0002121/common.pt,17884,ec3b3e065c592a90d476c180359918712c10cbdd0b89978cd9eaac7b3f05a252,flame38m_g5_moe,cited
results/phase0/runs/flame38m_g5_moe/ckpt/iter_0002121/metadata.json,ncylich/temporal-moe-ckpts,flame38m_g5_moe/ckpt/iter_0002121/metadata.json,119,9817072de14c715c70e8435a7fee90bac30abaf6885fc53ade6fe88babeef851,flame38m_g5_moe,cited
results/phase0/runs/flame38m_g5_moe/ckpt/latest_checkpointed_iteration.txt,ncylich/temporal-moe-ckpts,flame38m_g5_moe/ckpt/latest_checkpointed_iteration.txt,4,b8dc2c143be8994682b08461f46487e05874e59dd9ab65cf973e3a3c67a763aa,flame38m_g5_moe,cited
results/phase0/runs/flame38m_g5_moe/lmeval_1e18_0shot.log,ncylich/temporal-moe-ckpts,flame38m_g5_moe/lmeval_1e18_0shot.log,310804,950eabb50c6a2c25bb676916e9a9afb32938e3576d0ddb74d189916287bf5314,flame38m_g5_moe,cited
results/phase0/runs/flame38m_g5_moe/lmeval_1e18_0shot/results_2026-07-24T06-07-57.801891.json,ncylich/temporal-moe-ckpts,flame38m_g5_moe/lmeval_1e18_0shot/results_2026-07-24T06-07-57.801891.json,20041,8aceb2f5bad13b50e86c7f9d51b69aebfc0dc2a2cd354df0cc4f1bb9b8839657,flame38m_g5_moe,cited
results/phase0/runs/flame38m_g5_moe/run.meta,ncylich/temporal-moe-ckpts,flame38m_g5_moe/run.meta,178,80e163393f3fadc331f3a64a52f0b8f490fabbfc58fc840f432dc54c67670dbd,flame38m_g5_moe,cited
results/phase0/runs/flame38m_g5_moe/train.log,ncylich/temporal-moe-ckpts,flame38m_g5_moe/train.log,530703,98d29affd10f18e97e4ea60c5adce904ac0ad4cfd066ed1138f5e0172af71ee7,flame38m_g5_moe,cited
results/phase0/runs/flame38m_g5_temporal/ckpt/iter_0002121/.metadata,ncylich/temporal-moe-ckpts,flame38m_g5_temporal/ckpt/iter_0002121/.metadata,10044453,674f0fdb61f6fdf449645176c82152cef368fe76799cc13a4644bba84b2e5635,flame38m_g5_temporal,cited
results/phase0/runs/flame38m_g5_temporal/ckpt/iter_0002121/__0_0.distcp,ncylich/temporal-moe-ckpts,flame38m_g5_temporal/ckpt/iter_0002121/__0_0.distcp,742404740,61bda2aab67eed4d0e1051baf92a418188ad53f27b2444ab08404c63dccc2139,flame38m_g5_temporal,cited
results/phase0/runs/flame38m_g5_temporal/ckpt/iter_0002121/__0_1.distcp,ncylich/temporal-moe-ckpts,flame38m_g5_temporal/ckpt/iter_0002121/__0_1.distcp,742374632,a4fd470220c077c016242e1cd152a00f5f2d489b4053624414058694579f47e3,flame38m_g5_temporal,cited
results/phase0/runs/flame38m_g5_temporal/ckpt/iter_0002121/common.pt,ncylich/temporal-moe-ckpts,flame38m_g5_temporal/ckpt/iter_0002121/common.pt,17884,0599bd022de59aa09f5ff34bd484245f43003af6276761624172fe980899d1ff,flame38m_g5_temporal,cited
results/phase0/runs/flame38m_g5_temporal/ckpt/iter_0002121/metadata.json,ncylich/temporal-moe-ckpts,flame38m_g5_temporal/ckpt/iter_0002121/metadata.json,119,9817072de14c715c70e8435a7fee90bac30abaf6885fc53ade6fe88babeef851,flame38m_g5_temporal,cited
results/phase0/runs/flame38m_g5_temporal/ckpt/latest_checkpointed_iteration.txt,ncylich/temporal-moe-ckpts,flame38m_g5_temporal/ckpt/latest_checkpointed_iteration.txt,4,b8dc2c143be8994682b08461f46487e05874e59dd9ab65cf973e3a3c67a763aa,flame38m_g5_temporal,cited
results/phase0/runs/flame38m_g5_temporal/lmeval_1e18_0shot.log,ncylich/temporal-moe-ckpts,flame38m_g5_temporal/lmeval_1e18_0shot.log,307574,ba5f6b9013326c6f59ff508f5e5517c7e1bc05c1fd18f839878fb94141a971ed,flame38m_g5_temporal,cited
results/phase0/runs/flame38m_g5_temporal/lmeval_1e18_0shot/results_2026-07-24T05-55-06.932779.json,ncylich/temporal-moe-ckpts,flame38m_g5_temporal/lmeval_1e18_0shot/results_2026-07-24T05-55-06.932779.json,20040,61dad5af71d335d1f5a85d8521533214d4b57f23ccaec5029617119c3e894544,flame38m_g5_temporal,cited
results/phase0/runs/flame38m_g5_temporal/run.meta,ncylich/temporal-moe-ckpts,flame38m_g5_temporal/run.meta,188,8e8d9d25d1e07995aea6c8fca1121cdc5070a33feef392a249c942b20d1fe563,flame38m_g5_temporal,cited
results/phase0/runs/flame38m_g5_temporal/train.log,ncylich/temporal-moe-ckpts,flame38m_g5_temporal/train.log,529541,6e74c5a30f13b984a9915d1e036cab819079bcaf837fe9230a87dc13ab4723a8,flame38m_g5_temporal,cited
results/phase0/runs/flame512_dense/ckpt/iter_0000802/.metadata,ncylich/temporal-moe-ckpts,flame512_dense/ckpt/iter_0000802/.metadata,92256,cc815b22a80f80f3a9f2966636360707d3a6bf388a914b5e9568a88b843d9336,flame512_dense,cited
results/phase0/runs/flame512_dense/ckpt/iter_0000802/__0_0.distcp,ncylich/temporal-moe-ckpts,flame512_dense/ckpt/iter_0000802/__0_0.distcp,700372392,4c923dfc576edda53d5cd2eb02f468db90298992af7869d00338c6cdf45bb0a0,flame512_dense,cited
results/phase0/runs/flame512_dense/ckpt/iter_0000802/__0_1.distcp,ncylich/temporal-moe-ckpts,flame512_dense/ckpt/iter_0000802/__0_1.distcp,700385348,40735d50fea28abc6b2363759bb3b838f14ead590822876c8f1304fa593698e5,flame512_dense,cited
results/phase0/runs/flame512_dense/ckpt/iter_0000802/common.pt,ncylich/temporal-moe-ckpts,flame512_dense/ckpt/iter_0000802/common.pt,17820,32c97e1854bcbe1b21308f5672b461ad5038696cea68093815d78cc8a4b130b1,flame512_dense,cited
results/phase0/runs/flame512_dense/ckpt/iter_0000802/metadata.json,ncylich/temporal-moe-ckpts,flame512_dense/ckpt/iter_0000802/metadata.json,119,9817072de14c715c70e8435a7fee90bac30abaf6885fc53ade6fe88babeef851,flame512_dense,cited
results/phase0/runs/flame512_dense/ckpt/latest_checkpointed_iteration.txt,ncylich/temporal-moe-ckpts,flame512_dense/ckpt/latest_checkpointed_iteration.txt,3,477f4b2cdd3fe2b9fdd7dfb887f98252ef26cecf13eb53289116a1344382256d,flame512_dense,cited
results/phase0/runs/flame512_dense/lmeval_1e18_0shot.log,ncylich/temporal-moe-ckpts,flame512_dense/lmeval_1e18_0shot.log,150587,0d7a5fee5431e7f0fd53318dbae369c22cc1a6870bc49f18f4a4f1189457c1dc,flame512_dense,cited
results/phase0/runs/flame512_dense/lmeval_1e18_0shot/results_2026-07-23T05-01-14.904779.json,ncylich/temporal-moe-ckpts,flame512_dense/lmeval_1e18_0shot/results_2026-07-23T05-01-14.904779.json,20051,0dfd041aadc0e3066a1a53dca6aa93857f9b4de48cc689f304f68b5763637f90,flame512_dense,cited
results/phase0/runs/flame512_dense/run.meta,ncylich/temporal-moe-ckpts,flame512_dense/run.meta,176,faf8571671e3eacdcd61d250cf660ffebd18c7f326cb2a3563fa564237641fb8,flame512_dense,cited
results/phase0/runs/flame512_dense/train.log,ncylich/temporal-moe-ckpts,flame512_dense/train.log,136269,ffa8feeac6bde16648b9c841c75d47a30a854a816c7b887e397ea95d58e41bd8,flame512_dense,cited
results/phase0/runs/flame512_g1_moe/ckpt/iter_0000802/.metadata,ncylich/temporal-moe-ckpts,flame512_g1_moe/ckpt/iter_0000802/.metadata,2160945,43b83cde7a8a91f3dbcb0ed1d8530dd77df1345fd82182c93d60124db9e5aa8d,flame512_g1_moe,cited
results/phase0/runs/flame512_g1_moe/ckpt/iter_0000802/__0_0.distcp,ncylich/temporal-moe-ckpts,flame512_g1_moe/ckpt/iter_0000802/__0_0.distcp,2461061672,a6def5b52e16cfd44ee3b64efd2ba2c3c2a0214070281c755ac56d85a296203c,flame512_g1_moe,cited
results/phase0/runs/flame512_g1_moe/ckpt/iter_0000802/__0_1.distcp,ncylich/temporal-moe-ckpts,flame512_g1_moe/ckpt/iter_0000802/__0_1.distcp,2461071172,ee8488d8b456e1dec55de1ef336815a3436d85079b6d2026f444ff9707e48a85,flame512_g1_moe,cited
results/phase0/runs/flame512_g1_moe/ckpt/iter_0000802/common.pt,ncylich/temporal-moe-ckpts,flame512_g1_moe/ckpt/iter_0000802/common.pt,17884,f883151ea2c86226cc2be546b0ef5ffe30911ac004e01c39db7c0095d594937d,flame512_g1_moe,cited
results/phase0/runs/flame512_g1_moe/ckpt/iter_0000802/metadata.json,ncylich/temporal-moe-ckpts,flame512_g1_moe/ckpt/iter_0000802/metadata.json,119,9817072de14c715c70e8435a7fee90bac30abaf6885fc53ade6fe88babeef851,flame512_g1_moe,cited
results/phase0/runs/flame512_g1_moe/ckpt/latest_checkpointed_iteration.txt,ncylich/temporal-moe-ckpts,flame512_g1_moe/ckpt/latest_checkpointed_iteration.txt,3,477f4b2cdd3fe2b9fdd7dfb887f98252ef26cecf13eb53289116a1344382256d,flame512_g1_moe,cited
results/phase0/runs/flame512_g1_moe/lmeval_1e18_0shot.log,ncylich/temporal-moe-ckpts,flame512_g1_moe/lmeval_1e18_0shot.log,229428,87956119f60764f3ca8e2cdc5058c56a0ed5309db259ce474351583b06deaf05,flame512_g1_moe,cited
results/phase0/runs/flame512_g1_moe/lmeval_1e18_0shot/results_2026-07-23T05-10-02.781354.json,ncylich/temporal-moe-ckpts,flame512_g1_moe/lmeval_1e18_0shot/results_2026-07-23T05-10-02.781354.json,20044,db0bbe0494bd4d4f87fb4bb322c6b1057579eb8467baae03ed4d5462c6bc0b11,flame512_g1_moe,cited
results/phase0/runs/flame512_g1_moe/run.meta,ncylich/temporal-moe-ckpts,flame512_g1_moe/run.meta,175,b8016abab1323c7f986e61ffd454d3b1163f5709076ba86b8d9e35056b15a1db,flame512_g1_moe,cited
results/phase0/runs/flame512_g1_moe/train.log,ncylich/temporal-moe-ckpts,flame512_g1_moe/train.log,195785,c25592a5b183102a3eb4f88643a8d2de39abb9764f8eabd50b1502258f80f517,flame512_g1_moe,cited
results/phase0/runs/flame512_g1_temporal/ckpt/iter_0000802/.metadata,ncylich/temporal-moe-ckpts,flame512_g1_temporal/ckpt/iter_0000802/.metadata,2160950,b88934daf02f6bae5cf6eee46cfd38c5589797d376ce960ec3416f361fa1663b,flame512_g1_temporal,cited
results/phase0/runs/flame512_g1_temporal/ckpt/iter_0000802/__0_0.distcp,ncylich/temporal-moe-ckpts,flame512_g1_temporal/ckpt/iter_0000802/__0_0.distcp,2461061672,07419dc6fbc1c739053ad6f5fee5d9e10591cd3699db7786ff93b4b5c6b3e217,flame512_g1_temporal,cited
results/phase0/runs/flame512_g1_temporal/ckpt/iter_0000802/__0_1.distcp,ncylich/temporal-moe-ckpts,flame512_g1_temporal/ckpt/iter_0000802/__0_1.distcp,2461071172,42c95879b3a4b1709fb42826c9366868c42f478341b3ccca04bc27f458c783bd,flame512_g1_temporal,cited
results/phase0/runs/flame512_g1_temporal/ckpt/iter_0000802/common.pt,ncylich/temporal-moe-ckpts,flame512_g1_temporal/ckpt/iter_0000802/common.pt,17884,aa9655f66f74e9e10c941c0ed483a99ca26896c927d884e2cc06bf7bc8b99a3e,flame512_g1_temporal,cited
results/phase0/runs/flame512_g1_temporal/ckpt/iter_0000802/metadata.json,ncylich/temporal-moe-ckpts,flame512_g1_temporal/ckpt/iter_0000802/metadata.json,119,9817072de14c715c70e8435a7fee90bac30abaf6885fc53ade6fe88babeef851,flame512_g1_temporal,cited
results/phase0/runs/flame512_g1_temporal/ckpt/latest_checkpointed_iteration.txt,ncylich/temporal-moe-ckpts,flame512_g1_temporal/ckpt/latest_checkpointed_iteration.txt,3,477f4b2cdd3fe2b9fdd7dfb887f98252ef26cecf13eb53289116a1344382256d,flame512_g1_temporal,cited
results/phase0/runs/flame512_g1_temporal/lmeval_1e18_0shot.log,ncylich/temporal-moe-ckpts,flame512_g1_temporal/lmeval_1e18_0shot.log,231170,42de8e8c76a99421c4eba33c5cf05dfbef093003e8ef3014f085f2b939c9c680,flame512_g1_temporal,cited
results/phase0/runs/flame512_g1_temporal/lmeval_1e18_0shot/results_2026-07-23T05-19-00.464855.json,ncylich/temporal-moe-ckpts,flame512_g1_temporal/lmeval_1e18_0shot/results_2026-07-23T05-19-00.464855.json,20053,554f1473e26ab4d19f4b7dfa3a51cc650d4181c2b03d8d2bce6fb9a689c64c48,flame512_g1_temporal,cited
results/phase0/runs/flame512_g1_temporal/run.meta,ncylich/temporal-moe-ckpts,flame512_g1_temporal/run.meta,185,5dcd295c89b07b3ce796e47db0f5a15394c78f654d590cf004de679f64a294fe,flame512_g1_temporal,cited
results/phase0/runs/flame512_g1_temporal/train.log,ncylich/temporal-moe-ckpts,flame512_g1_temporal/train.log,195230,f5db291d32b68ce71680ed53e53529c85b87dffed98cebda4a6f05d6ac4a5977,flame512_g1_temporal,cited
results/phase0/runs/flame512_g3_moe/ckpt/iter_0000802/.metadata,ncylich/temporal-moe-ckpts,flame512_g3_moe/ckpt/iter_0000802/.metadata,6126978,7bfadcb257ac7318500743fccd59f600abc2ab1c9ff8c64d8a2f25956b53b290,flame512_g3_moe,cited
results/phase0/runs/flame512_g3_moe/ckpt/iter_0000802/__0_0.distcp,ncylich/temporal-moe-ckpts,flame512_g3_moe/ckpt/iter_0000802/__0_0.distcp,2484900732,27b94168b1580264e3fb0276bc0439b8d89c0c32cd5f350969eef5c61c113da7,flame512_g3_moe,cited
results/phase0/runs/flame512_g3_moe/ckpt/iter_0000802/__0_1.distcp,ncylich/temporal-moe-ckpts,flame512_g3_moe/ckpt/iter_0000802/__0_1.distcp,2484827632,c9161789a59bbe1f27031c3a03c2fab911caf5b95143777d24cf326818043bd6,flame512_g3_moe,cited
results/phase0/runs/flame512_g3_moe/ckpt/iter_0000802/common.pt,ncylich/temporal-moe-ckpts,flame512_g3_moe/ckpt/iter_0000802/common.pt,17884,9792034f14c8dc41348c78ad39536f02be7b4d1db1cc766e0ff6c537b19d1e68,flame512_g3_moe,cited
results/phase0/runs/flame512_g3_moe/ckpt/iter_0000802/metadata.json,ncylich/temporal-moe-ckpts,flame512_g3_moe/ckpt/iter_0000802/metadata.json,119,9817072de14c715c70e8435a7fee90bac30abaf6885fc53ade6fe88babeef851,flame512_g3_moe,cited
results/phase0/runs/flame512_g3_moe/ckpt/latest_checkpointed_iteration.txt,ncylich/temporal-moe-ckpts,flame512_g3_moe/ckpt/latest_checkpointed_iteration.txt,3,477f4b2cdd3fe2b9fdd7dfb887f98252ef26cecf13eb53289116a1344382256d,flame512_g3_moe,cited
results/phase0/runs/flame512_g3_moe/lmeval_1e18_0shot.log,ncylich/temporal-moe-ckpts,flame512_g3_moe/lmeval_1e18_0shot.log,306933,3cdaa9bf9590e6a1cc3e13df66c9a7b025267f2334708e4c6527167a8cc90261,flame512_g3_moe,cited
results/phase0/runs/flame512_g3_moe/lmeval_1e18_0shot/results_2026-07-23T05-29-58.120093.json,ncylich/temporal-moe-ckpts,flame512_g3_moe/lmeval_1e18_0shot/results_2026-07-23T05-29-58.120093.json,20048,e0abc582a75da2a2a49358950d03898bccd0fda5c4b6c8cd62be6aad497b2e22,flame512_g3_moe,cited
results/phase0/runs/flame512_g3_moe/run.meta,ncylich/temporal-moe-ckpts,flame512_g3_moe/run.meta,177,0b08cc7563b204b57486ffa1e3a302a8522a7ed6f44e624356b03483ab1bd784,flame512_g3_moe,cited
results/phase0/runs/flame512_g3_moe/train.log,ncylich/temporal-moe-ckpts,flame512_g3_moe/train.log,313871,e007c95ec237c0c8f441b2a07511730046d3431d33f7c17257c386e4ceabf86b,flame512_g3_moe,cited
results/phase0/runs/flame512_g3_temporal/ckpt/iter_0000802/.metadata,ncylich/temporal-moe-ckpts,flame512_g3_temporal/ckpt/iter_0000802/.metadata,6126983,2e5be9d64e5624a5c9cbdc5b1d5e3cd02d79b62e9a8ee971d6ebf02019df2a7e,flame512_g3_temporal,cited
results/phase0/runs/flame512_g3_temporal/ckpt/iter_0000802/__0_0.distcp,ncylich/temporal-moe-ckpts,flame512_g3_temporal/ckpt/iter_0000802/__0_0.distcp,2484900732,72213f14398c28e4342fa9f519d5e067db4d63d6d71c0b39f208e61cd298c0b5,flame512_g3_temporal,cited
results/phase0/runs/flame512_g3_temporal/ckpt/iter_0000802/__0_1.distcp,ncylich/temporal-moe-ckpts,flame512_g3_temporal/ckpt/iter_0000802/__0_1.distcp,2484827632,07e26a846a15182bdf4f108b337aac286dd6a91ad3d402a46acf281d31dc597b,flame512_g3_temporal,cited
results/phase0/runs/flame512_g3_temporal/ckpt/iter_0000802/common.pt,ncylich/temporal-moe-ckpts,flame512_g3_temporal/ckpt/iter_0000802/common.pt,17884,b42573c97dbbbb308285c0645c1efb8c9bcbb81d45939221340360b5dbaa1ea0,flame512_g3_temporal,cited
results/phase0/runs/flame512_g3_temporal/ckpt/iter_0000802/metadata.json,ncylich/temporal-moe-ckpts,flame512_g3_temporal/ckpt/iter_0000802/metadata.json,119,9817072de14c715c70e8435a7fee90bac30abaf6885fc53ade6fe88babeef851,flame512_g3_temporal,cited
results/phase0/runs/flame512_g3_temporal/ckpt/latest_checkpointed_iteration.txt,ncylich/temporal-moe-ckpts,flame512_g3_temporal/ckpt/latest_checkpointed_iteration.txt,3,477f4b2cdd3fe2b9fdd7dfb887f98252ef26cecf13eb53289116a1344382256d,flame512_g3_temporal,cited
results/phase0/runs/flame512_g3_temporal/lmeval_1e18_0shot.log,ncylich/temporal-moe-ckpts,flame512_g3_temporal/lmeval_1e18_0shot.log,302595,8346777b7414e7c9fdc9c9298473caedfa36e3a019de61ccdbfb5ab4e38c51d5,flame512_g3_temporal,cited
results/phase0/runs/flame512_g3_temporal/lmeval_1e18_0shot/results_2026-07-23T05-40-35.618685.json,ncylich/temporal-moe-ckpts,flame512_g3_temporal/lmeval_1e18_0shot/results_2026-07-23T05-40-35.618685.json,20050,a1a0fb443383258280ebcc6f67c319b5d0107deb5214d3eb34dd0202614b9c3a,flame512_g3_temporal,cited
results/phase0/runs/flame512_g3_temporal/run.meta,ncylich/temporal-moe-ckpts,flame512_g3_temporal/run.meta,187,24b8f66ec26ce9df1dd2498785fd6ceac28f8346e3e162ad31ea6134d9e974e5,flame512_g3_temporal,cited
results/phase0/runs/flame512_g3_temporal/train.log,ncylich/temporal-moe-ckpts,flame512_g3_temporal/train.log,313438,e11a4247cacdb2cc80a990352f9fb055ceb025b460ff6c809d95308266afe3ee,flame512_g3_temporal,cited
results/phase0/runs/fp_tmoe_mb16/ckpt/iter_0000050/.metadata,ncylich/temporal-moe-ckpts,fp_tmoe_mb16/ckpt/iter_0000050/.metadata,3512919,dfdfa65eb6e9f141aff94ad2a6805b03ee8d34912d182fa30e86a9012dc61d01,fp_tmoe_mb16,uncited
results/phase0/runs/fp_tmoe_mb16/ckpt/iter_0000050/__0_0.distcp,ncylich/temporal-moe-ckpts,fp_tmoe_mb16/ckpt/iter_0000050/__0_0.distcp,8826551048,fd6d273000e20eb954081fd682f157af3780b80d589ff7e6ebc16c556435f4a7,fp_tmoe_mb16,uncited
results/phase0/runs/fp_tmoe_mb16/ckpt/iter_0000050/__0_1.distcp,ncylich/temporal-moe-ckpts,fp_tmoe_mb16/ckpt/iter_0000050/__0_1.distcp,8826539460,172f8257f50ecb72c3e981ad7fa82e1c6c4904ffdd266a48cbff68a4bace7f59,fp_tmoe_mb16,uncited
results/phase0/runs/fp_tmoe_mb16/ckpt/iter_0000050/common.pt,ncylich/temporal-moe-ckpts,fp_tmoe_mb16/ckpt/iter_0000050/common.pt,17884,d46e508266b07c40a6450e307cd883e150b98f7ab803ddecbf943911279f1ff6,fp_tmoe_mb16,uncited
results/phase0/runs/fp_tmoe_mb16/ckpt/iter_0000050/metadata.json,ncylich/temporal-moe-ckpts,fp_tmoe_mb16/ckpt/iter_0000050/metadata.json,119,9817072de14c715c70e8435a7fee90bac30abaf6885fc53ade6fe88babeef851,fp_tmoe_mb16,uncited
results/phase0/runs/fp_tmoe_mb16/ckpt/latest_checkpointed_iteration.txt,ncylich/temporal-moe-ckpts,fp_tmoe_mb16/ckpt/latest_checkpointed_iteration.txt,2,1a6562590ef19d1045d06c4055742d38288e9e6dcd71ccde5cee80f1d5a774eb,fp_tmoe_mb16,uncited
results/phase0/runs/fp_tmoe_mb16/nohup.out,ncylich/temporal-moe-ckpts,fp_tmoe_mb16/nohup.out,192128,7edf9f8fe07f09d48fb0fa5db4616cd752d91a77b41004488117666ae1b1bb0f,fp_tmoe_mb16,uncited
results/phase0/runs/fp_tmoe_mb16/run.meta,ncylich/temporal-moe-ckpts,fp_tmoe_mb16/run.meta,263,ac94522755fe46fe95142593faaff2a3e9076e3da84f62e588f0af205178f92b,fp_tmoe_mb16,uncited
results/phase0/runs/fp_tmoe_mb16/tb/events.out.tfevents.1783240914.fc23b1f776cf.454732.0,ncylich/temporal-moe-ckpts,fp_tmoe_mb16/tb/events.out.tfevents.1783240914.fc23b1f776cf.454732.0,166962,6920152a668ff4347770bcf441e4c983ed13d338b0dc620d8e3922ad09b820ce,fp_tmoe_mb16,uncited
results/phase0/runs/fp_tmoe_mb16/train.log,ncylich/temporal-moe-ckpts,fp_tmoe_mb16/train.log,191538,a7f9e8e047fc2876bbcb7d6e8b012761352794fc1067241abe485f25a4e821ac,fp_tmoe_mb16,uncited
results/phase0/runs/fp_tmoe_mb8/nohup.out,ncylich/temporal-moe-ckpts,fp_tmoe_mb8/nohup.out,189716,9a3671367e56d8ea0a07cd6452b8066076128523efd3f345f3f84c2c75acde78,fp_tmoe_mb8,uncited
results/phase0/runs/fp_tmoe_mb8/run.meta,ncylich/temporal-moe-ckpts,fp_tmoe_mb8/run.meta,261,2741103226df6eced0604b4ccbfb82982fd623a8fc4f949fa40b22a04c8a5142,fp_tmoe_mb8,uncited
results/phase0/runs/fp_tmoe_mb8/tb/events.out.tfevents.1783238979.fc23b1f776cf.453873.0,ncylich/temporal-moe-ckpts,fp_tmoe_mb8/tb/events.out.tfevents.1783238979.fc23b1f776cf.453873.0,166818,e446d7e9a9cb025558b8f5360adbe31d640286fea4abe17daaab5ceb62d77270,fp_tmoe_mb8,uncited
results/phase0/runs/fp_tmoe_mb8/train.log,ncylich/temporal-moe-ckpts,fp_tmoe_mb8/train.log,189128,248167d9682d90ed685d6bcf7db82d1bacb7a77c2aa7ff9c094869195751cf16,fp_tmoe_mb8,uncited
results/phase0/runs/g1_tmoe_coarse_1e19/act_log.pt,ncylich/temporal-moe-ckpts,g1_tmoe_coarse_1e19/act_log.pt,102684,c99ecd21498255635db722e1fd4ff0f4cbe548ce61113649d7964cb11f413461,g1_tmoe_coarse_1e19,cited
results/phase0/runs/g1_tmoe_coarse_1e19/actprobe.log,ncylich/temporal-moe-ckpts,g1_tmoe_coarse_1e19/actprobe.log,172937,d065378e251bf5a7324cef92c829039191d4db55a722cadcb2ab5b33d2d87d72,g1_tmoe_coarse_1e19,cited
results/phase0/runs/g1_tmoe_coarse_1e19/ckpt/iter_0004318/.metadata,ncylich/temporal-moe-ckpts,g1_tmoe_coarse_1e19/ckpt/iter_0004318/.metadata,3512926,da410dab738f3baf56ad04c857b9fa4dcfda726e1daa15f9b245dd7a15e4385f,g1_tmoe_coarse_1e19,cited
results/phase0/runs/g1_tmoe_coarse_1e19/ckpt/iter_0004318/__0_0.distcp,ncylich/temporal-moe-ckpts,g1_tmoe_coarse_1e19/ckpt/iter_0004318/__0_0.distcp,8826551048,86e8fdabebafa6701d64fd9a8827382ebec14ea5739fff07b380d341165c9282,g1_tmoe_coarse_1e19,cited
results/phase0/runs/g1_tmoe_coarse_1e19/ckpt/iter_0004318/__0_1.distcp,ncylich/temporal-moe-ckpts,g1_tmoe_coarse_1e19/ckpt/iter_0004318/__0_1.distcp,8826539460,2b39a9dfc31d58e66c2b5e2eb2cf8572a2ab2a1ff4810837a716fb1e88ce8082,g1_tmoe_coarse_1e19,cited
results/phase0/runs/g1_tmoe_coarse_1e19/ckpt/iter_0004318/common.pt,ncylich/temporal-moe-ckpts,g1_tmoe_coarse_1e19/ckpt/iter_0004318/common.pt,17948,3733d6480d4accd939fc077ab11a73f3b72df1f6e01cb45420b0ce772d44472e,g1_tmoe_coarse_1e19,cited
results/phase0/runs/g1_tmoe_coarse_1e19/ckpt/iter_0004318/metadata.json,ncylich/temporal-moe-ckpts,g1_tmoe_coarse_1e19/ckpt/iter_0004318/metadata.json,119,9817072de14c715c70e8435a7fee90bac30abaf6885fc53ade6fe88babeef851,g1_tmoe_coarse_1e19,cited
results/phase0/runs/g1_tmoe_coarse_1e19/ckpt/latest_checkpointed_iteration.txt,ncylich/temporal-moe-ckpts,g1_tmoe_coarse_1e19/ckpt/latest_checkpointed_iteration.txt,5,e9f06f63c816a50eed1d957ccc75facec254a502f3e4408ce22fb5741b069a49,g1_tmoe_coarse_1e19,cited
results/phase0/runs/g1_tmoe_coarse_1e19/delexprobe.log,ncylich/temporal-moe-ckpts,g1_tmoe_coarse_1e19/delexprobe.log,172841,9290f0658f51beb31d925d3e66aa89bd8864226abc55ee2bc160e08b66c00ca7,g1_tmoe_coarse_1e19,cited
results/phase0/runs/g1_tmoe_coarse_1e19/lmeval_0shot.log,ncylich/temporal-moe-ckpts,g1_tmoe_coarse_1e19/lmeval_0shot.log,53716,33fc991e042c2c9e44161f4036ca02ef9b529dfd819e46a9249933afb1627600,g1_tmoe_coarse_1e19,cited
results/phase0/runs/g1_tmoe_coarse_1e19/lmeval_0shot/results_2026-07-19T10-11-12.206103.json,ncylich/temporal-moe-ckpts,g1_tmoe_coarse_1e19/lmeval_0shot/results_2026-07-19T10-11-12.206103.json,8542,c6c52c8d20c6702332be1cdbbbfdc875206316ca1aca444c6aa1a18f9ac8b8a5,g1_tmoe_coarse_1e19,cited
results/phase0/runs/g1_tmoe_coarse_1e19/lmeval_0shot/results_2026-07-19T10-58-54.561310.json,ncylich/temporal-moe-ckpts,g1_tmoe_coarse_1e19/lmeval_0shot/results_2026-07-19T10-58-54.561310.json,8540,11b12f692d2d7efd8f0a5f9ec714894791dcecd593420276a4ff7f314d683c80,g1_tmoe_coarse_1e19,cited
results/phase0/runs/g1_tmoe_coarse_1e19/lmeval_10shot.log,ncylich/temporal-moe-ckpts,g1_tmoe_coarse_1e19/lmeval_10shot.log,388342,d9dad4547afb3b8e43d58a5583d10b0db05af972c84286d21dd2465b273cbfbb,g1_tmoe_coarse_1e19,cited
results/phase0/runs/g1_tmoe_coarse_1e19/lmeval_10shot/results_2026-07-19T10-28-35.316353.json,ncylich/temporal-moe-ckpts,g1_tmoe_coarse_1e19/lmeval_10shot/results_2026-07-19T10-28-35.316353.json,11764,96029779d7921a5b08776a9a909c4cecb15067ea957e8628ff66c20f30061a23,g1_tmoe_coarse_1e19,cited
results/phase0/runs/g1_tmoe_coarse_1e19/lmeval_10shot/results_2026-07-19T11-17-26.334804.json,ncylich/temporal-moe-ckpts,g1_tmoe_coarse_1e19/lmeval_10shot/results_2026-07-19T11-17-26.334804.json,11767,76827a1c22eb6dfb2c4e4bed38f0a7761c29c5e8ad2803abeef89a3c5a25d2c3,g1_tmoe_coarse_1e19,cited
results/phase0/runs/g1_tmoe_coarse_1e19/lmeval_extra_0shot.log,ncylich/temporal-moe-ckpts,g1_tmoe_coarse_1e19/lmeval_extra_0shot.log,102446,f83f1d37670b934aa117df78cbe21682c09d666bc4381eca9e20fe3644720cb0,g1_tmoe_coarse_1e19,cited
results/phase0/runs/g1_tmoe_coarse_1e19/lmeval_extra_0shot/results_2026-07-19T18-52-26.602520.json,ncylich/temporal-moe-ckpts,g1_tmoe_coarse_1e19/lmeval_extra_0shot/results_2026-07-19T18-52-26.602520.json,10965,9bd8abc9f544be249e110fdcf110d4eea84e0de38a8fed499d7b8d9f04a207f1,g1_tmoe_coarse_1e19,cited
results/phase0/runs/g1_tmoe_coarse_1e19/nohup.out,ncylich/temporal-moe-ckpts,g1_tmoe_coarse_1e19/nohup.out,359237,b74af5f29773e796a241f09c1106c9eaeaa31dcea854bf46af9cb7b3b64a72e6,g1_tmoe_coarse_1e19,cited
results/phase0/runs/g1_tmoe_coarse_1e19/nohup_probe.out,ncylich/temporal-moe-ckpts,g1_tmoe_coarse_1e19/nohup_probe.out,173863,d1f1d6ae3dcbd8ca1c39e477d3ac28aa6064a93e77075ed0092c139243e26dfc,g1_tmoe_coarse_1e19,cited
results/phase0/runs/g1_tmoe_coarse_1e19/probe.log,ncylich/temporal-moe-ckpts,g1_tmoe_coarse_1e19/probe.log,173594,aecabbb74adf493f53cb5b6018dd649e01945efc6e000b44e0ec9c1fb867b8d8,g1_tmoe_coarse_1e19,cited
results/phase0/runs/g1_tmoe_coarse_1e19/quanteval_b16.log,ncylich/temporal-moe-ckpts,g1_tmoe_coarse_1e19/quanteval_b16.log,172833,b609a60d521d4c3e50bc8c361368d8ff1fb293ee157dc2747472169845afee96,g1_tmoe_coarse_1e19,cited
results/phase0/runs/g1_tmoe_coarse_1e19/quanteval_b3.log,ncylich/temporal-moe-ckpts,g1_tmoe_coarse_1e19/quanteval_b3.log,172581,1f2f22b472e9dd7545ec9d76f3a480e95daf49412a0a7ba6f6a86a81aa03492c,g1_tmoe_coarse_1e19,cited
results/phase0/runs/g1_tmoe_coarse_1e19/quanteval_b4.log,ncylich/temporal-moe-ckpts,g1_tmoe_coarse_1e19/quanteval_b4.log,172581,e06c820e71955ba69486b6f812dc33f9ace16d758701dfbb2edd0fb331fa9afc,g1_tmoe_coarse_1e19,cited
results/phase0/runs/g1_tmoe_coarse_1e19/quanteval_b8.log,ncylich/temporal-moe-ckpts,g1_tmoe_coarse_1e19/quanteval_b8.log,172581,c9fb00e2d054d3053e4e93c05955cf572a2d09b0b6efca25ff2c287337d08b0b,g1_tmoe_coarse_1e19,cited
results/phase0/runs/g1_tmoe_coarse_1e19/run.meta,ncylich/temporal-moe-ckpts,g1_tmoe_coarse_1e19/run.meta,271,17d9427e52ee177d921413fbc4fb67147d70c36c5ef043660b78e5d838b062c7,g1_tmoe_coarse_1e19,cited
results/phase0/runs/g1_tmoe_coarse_1e19/swap_swapped_unmasked.log,ncylich/temporal-moe-ckpts,g1_tmoe_coarse_1e19/swap_swapped_unmasked.log,173104,c758234083372a8256e4b9802870949f5a5edcefef3cc7584a49f6ef6a52123b,g1_tmoe_coarse_1e19,cited
results/phase0/runs/g1_tmoe_coarse_1e19/tb/events.out.tfevents.1783245363.fc23b1f776cf.461911.0,ncylich/temporal-moe-ckpts,g1_tmoe_coarse_1e19/tb/events.out.tfevents.1783245363.fc23b1f776cf.461911.0,11040282,dd7e6e20740798ebae57058d18609cd82568fd647db1a1fe9c3a2d60445eafc3,g1_tmoe_coarse_1e19,cited
results/phase0/runs/g1_tmoe_coarse_1e19/tb/events.out.tfevents.1783407386.fc23b1f776cf.819101.0,ncylich/temporal-moe-ckpts,g1_tmoe_coarse_1e19/tb/events.out.tfevents.1783407386.fc23b1f776cf.819101.0,56909,bdb31e2fa3978043cc46e2fbff258e10a7fcf42d1595239016beeff976894aee,g1_tmoe_coarse_1e19,cited
results/phase0/runs/g1_tmoe_coarse_1e19/tb/events.out.tfevents.1784421760.3f9353b90490.29254.0,ncylich/temporal-moe-ckpts,g1_tmoe_coarse_1e19/tb/events.out.tfevents.1784421760.3f9353b90490.29254.0,56868,d75cb18398db68a76a0cd0739cd9147ab2895f9f08774cf613dcd358aa31ba33,g1_tmoe_coarse_1e19,cited
results/phase0/runs/g1_tmoe_coarse_1e19/tb/events.out.tfevents.1784422861.3f9353b90490.32227.0,ncylich/temporal-moe-ckpts,g1_tmoe_coarse_1e19/tb/events.out.tfevents.1784422861.3f9353b90490.32227.0,88,14f52bacfb72b4fd2948bdb4086964c63c3552bbe08349ef9d345ce0ce5ec3a5,g1_tmoe_coarse_1e19,cited
results/phase0/runs/g1_tmoe_coarse_1e19/tb/events.out.tfevents.1784422977.3f9353b90490.32533.0,ncylich/temporal-moe-ckpts,g1_tmoe_coarse_1e19/tb/events.out.tfevents.1784422977.3f9353b90490.32533.0,88,0d5138587873d8cf900b959d708cf37da497712de048d4f192a99709efce6443,g1_tmoe_coarse_1e19,cited
results/phase0/runs/g1_tmoe_coarse_1e19/tb/events.out.tfevents.1784423093.3f9353b90490.32839.0,ncylich/temporal-moe-ckpts,g1_tmoe_coarse_1e19/tb/events.out.tfevents.1784423093.3f9353b90490.32839.0,88,8478467672051b618e46521e7b235e26c79b2d6438fe3eb0686adeaf665eadb9,g1_tmoe_coarse_1e19,cited
results/phase0/runs/g1_tmoe_coarse_1e19/tb/events.out.tfevents.1784423210.3f9353b90490.33147.0,ncylich/temporal-moe-ckpts,g1_tmoe_coarse_1e19/tb/events.out.tfevents.1784423210.3f9353b90490.33147.0,88,60422d5291e375a8bd901ead3002428ef7a694700493b25e6b941934fcf3b9af,g1_tmoe_coarse_1e19,cited
results/phase0/runs/g1_tmoe_coarse_1e19/tb/events.out.tfevents.1784427484.3f9353b90490.43558.0,ncylich/temporal-moe-ckpts,g1_tmoe_coarse_1e19/tb/events.out.tfevents.1784427484.3f9353b90490.43558.0,46836,e280ea5181a1ad17c9549dffac43f99ebb61fe0ecff7e4dda97f0a24a787d3b9,g1_tmoe_coarse_1e19,cited
results/phase0/runs/g1_tmoe_coarse_1e19/tb/events.out.tfevents.1784427800.3f9353b90490.44266.0,ncylich/temporal-moe-ckpts,g1_tmoe_coarse_1e19/tb/events.out.tfevents.1784427800.3f9353b90490.44266.0,46836,5ca2791a6a54530bbc229ec1517395a78b86bc14e06f0c988231fc485c14b87d,g1_tmoe_coarse_1e19,cited
results/phase0/runs/g1_tmoe_coarse_1e19/tb/events.out.tfevents.1784428087.3f9353b90490.44878.0,ncylich/temporal-moe-ckpts,g1_tmoe_coarse_1e19/tb/events.out.tfevents.1784428087.3f9353b90490.44878.0,46836,f7d4ebbd68520b445a0bff80c097724391388b9faac814f75c3091b11a035c00,g1_tmoe_coarse_1e19,cited
results/phase0/runs/g1_tmoe_coarse_1e19/tb/events.out.tfevents.1784428372.3f9353b90490.45486.0,ncylich/temporal-moe-ckpts,g1_tmoe_coarse_1e19/tb/events.out.tfevents.1784428372.3f9353b90490.45486.0,46836,dcb961827421bd5d6922e53376cf3c9a7cd0e02cd55bb117d990501c98351b93,g1_tmoe_coarse_1e19,cited
results/phase0/runs/g1_tmoe_coarse_1e19/tb/events.out.tfevents.1784446903.3f9353b90490.51702.0,ncylich/temporal-moe-ckpts,g1_tmoe_coarse_1e19/tb/events.out.tfevents.1784446903.3f9353b90490.51702.0,64356,d82e382a56f1cf316320c31dbe6811adcf288b33f9817658bfbf2f6f8548dfab,g1_tmoe_coarse_1e19,cited
results/phase0/runs/g1_tmoe_coarse_1e19/tb/events.out.tfevents.1784449390.3f9353b90490.58391.0,ncylich/temporal-moe-ckpts,g1_tmoe_coarse_1e19/tb/events.out.tfevents.1784449390.3f9353b90490.58391.0,46836,fe3f3ba54f0b298a8acc7a1b3a5309d3b97942ffac7be11caf68709a09c44bf1,g1_tmoe_coarse_1e19,cited
results/phase0/runs/g1_tmoe_coarse_1e19/train.log,ncylich/temporal-moe-ckpts,g1_tmoe_coarse_1e19/train.log,358967,70c76201caee1e5d98b77df9d6fb7ad0239f7a12cbff926c97a65596df3f1e22,g1_tmoe_coarse_1e19,cited
results/phase0/runs/g3_moe_s0_1e16/ckpt/iter_0002232/.metadata,ncylich/temporal-moe-ckpts,g3_moe_s0_1e16/ckpt/iter_0002232/.metadata,2290100,6eba71be9c3a8be11c84e99725c07d626d7ee2c74bb5fd284ac6de372c106876,g3_moe_s0_1e16,cited
results/phase0/runs/g3_moe_s0_1e16/ckpt/iter_0002232/__0_0.distcp,ncylich/temporal-moe-ckpts,g3_moe_s0_1e16/ckpt/iter_0002232/__0_0.distcp,85962876,63550ef0f9d45dac937c1c52b7fbfb71701b5d83f52b72c031c8e14bba26e1f5,g3_moe_s0_1e16,cited
results/phase0/runs/g3_moe_s0_1e16/ckpt/iter_0002232/__0_1.distcp,ncylich/temporal-moe-ckpts,g3_moe_s0_1e16/ckpt/iter_0002232/__0_1.distcp,85983312,abe02297f18062c7e513a1019d54cbf0f982da2af3d2011ee6f8ad1dd9bd7d6b,g3_moe_s0_1e16,cited
results/phase0/runs/g3_moe_s0_1e16/ckpt/iter_0002232/common.pt,ncylich/temporal-moe-ckpts,g3_moe_s0_1e16/ckpt/iter_0002232/common.pt,16988,806753035c3de1f41807874f7002d7d23d61e694961a9ecb9caffa740fc4b5d1,g3_moe_s0_1e16,cited
results/phase0/runs/g3_moe_s0_1e16/ckpt/iter_0002232/metadata.json,ncylich/temporal-moe-ckpts,g3_moe_s0_1e16/ckpt/iter_0002232/metadata.json,119,9817072de14c715c70e8435a7fee90bac30abaf6885fc53ade6fe88babeef851,g3_moe_s0_1e16,cited
results/phase0/runs/g3_moe_s0_1e16/ckpt/latest_checkpointed_iteration.txt,ncylich/temporal-moe-ckpts,g3_moe_s0_1e16/ckpt/latest_checkpointed_iteration.txt,4,48fe0661615dd0a2fc9cf1b77111613b4c3e7fc857b7bf89e472c233a0b35eb0,g3_moe_s0_1e16,cited
results/phase0/runs/g3_moe_s0_1e16/run.meta,ncylich/temporal-moe-ckpts,g3_moe_s0_1e16/run.meta,257,f17c28f7364b0534aaf67502485b74f0c06538a76626e0520874643610d42139,g3_moe_s0_1e16,cited
results/phase0/runs/g3_moe_s0_1e16/train.log,ncylich/temporal-moe-ckpts,g3_moe_s0_1e16/train.log,209011,ae1eccac86df19a9e76eafc95278a734f47ca711a97419a0f3dc81286a9f47d6,g3_moe_s0_1e16,cited
results/phase0/runs/g3_moe_s0_1e16_sigmoid_seed2/ckpt/iter_0002232/.metadata,ncylich/temporal-moe-ckpts,g3_moe_s0_1e16_sigmoid_seed2/ckpt/iter_0002232/.metadata,2290114,99b546436e96e89828448039bf80504f6af0ee77babe62c76097821aeb302840,g3_moe_s0_1e16_sigmoid_seed2,cited
results/phase0/runs/g3_moe_s0_1e16_sigmoid_seed2/ckpt/iter_0002232/__0_0.distcp,ncylich/temporal-moe-ckpts,g3_moe_s0_1e16_sigmoid_seed2/ckpt/iter_0002232/__0_0.distcp,85962876,58a0a6961819aa66ba6053de02e4bab6c72a072146eb8b63b26620bbdbed63e5,g3_moe_s0_1e16_sigmoid_seed2,cited
results/phase0/runs/g3_moe_s0_1e16_sigmoid_seed2/ckpt/iter_0002232/__0_1.distcp,ncylich/temporal-moe-ckpts,g3_moe_s0_1e16_sigmoid_seed2/ckpt/iter_0002232/__0_1.distcp,85983312,dc5ba401e2b5cf649acc5cc623674df9b2cf3f63592c3b17e03fb8611066eb7a,g3_moe_s0_1e16_sigmoid_seed2,cited
results/phase0/runs/g3_moe_s0_1e16_sigmoid_seed2/ckpt/iter_0002232/common.pt,ncylich/temporal-moe-ckpts,g3_moe_s0_1e16_sigmoid_seed2/ckpt/iter_0002232/common.pt,17052,db338f006baee74ef07c592e073025a506796b014c7294d31d5b274bc40ca345,g3_moe_s0_1e16_sigmoid_seed2,cited
results/phase0/runs/g3_moe_s0_1e16_sigmoid_seed2/ckpt/iter_0002232/metadata.json,ncylich/temporal-moe-ckpts,g3_moe_s0_1e16_sigmoid_seed2/ckpt/iter_0002232/metadata.json,119,9817072de14c715c70e8435a7fee90bac30abaf6885fc53ade6fe88babeef851,g3_moe_s0_1e16_sigmoid_seed2,cited
results/phase0/runs/g3_moe_s0_1e16_sigmoid_seed2/ckpt/latest_checkpointed_iteration.txt,ncylich/temporal-moe-ckpts,g3_moe_s0_1e16_sigmoid_seed2/ckpt/latest_checkpointed_iteration.txt,4,48fe0661615dd0a2fc9cf1b77111613b4c3e7fc857b7bf89e472c233a0b35eb0,g3_moe_s0_1e16_sigmoid_seed2,cited
results/phase0/runs/g3_moe_s0_1e16_sigmoid_seed2/nohup.out,ncylich/temporal-moe-ckpts,g3_moe_s0_1e16_sigmoid_seed2/nohup.out,222575,7fc199ee734bcade0645730efc17a1b83ff86e3e11c6699522e4415e0ba40a09,g3_moe_s0_1e16_sigmoid_seed2,cited
results/phase0/runs/g3_moe_s0_1e16_sigmoid_seed2/run.meta,ncylich/temporal-moe-ckpts,g3_moe_s0_1e16_sigmoid_seed2/run.meta,271,89af293bba0cff8c16e0ac886feda8bab9469b48de61b0a84d98aacd545a6627,g3_moe_s0_1e16_sigmoid_seed2,cited
results/phase0/runs/g3_moe_s0_1e16_sigmoid_seed2/tb/events.out.tfevents.1783039639.fc23b1f776cf.155657.0,ncylich/temporal-moe-ckpts,g3_moe_s0_1e16_sigmoid_seed2/tb/events.out.tfevents.1783039639.fc23b1f776cf.155657.0,2866788,8e0ec17153aaf6f965265a4d6a47e90db35b97cd1388f126cacde1485317d752,g3_moe_s0_1e16_sigmoid_seed2,cited
results/phase0/runs/g3_moe_s0_1e16_sigmoid_seed2/train.log,ncylich/temporal-moe-ckpts,g3_moe_s0_1e16_sigmoid_seed2/train.log,222304,7986a06c6cf8c3518ae63ca14b72cc1e2c99fe1ea5f86a8d1f4901bbf27a06cd,g3_moe_s0_1e16_sigmoid_seed2,cited
results/phase0/runs/g3_moe_s1_1e16/ckpt/iter_0000813/.metadata,ncylich/temporal-moe-ckpts,g3_moe_s1_1e16/ckpt/iter_0000813/.metadata,3047033,84660749de28164165a5ee0804518b2a37bf110288f2dea77296cccca484299e,g3_moe_s1_1e16,cited
results/phase0/runs/g3_moe_s1_1e16/ckpt/iter_0000813/__0_0.distcp,ncylich/temporal-moe-ckpts,g3_moe_s1_1e16/ckpt/iter_0000813/__0_0.distcp,200846872,b4d4f23b5c6776cf05c923a87c9f6419d43c4854bf33f9b8b2ae277583ee3828,g3_moe_s1_1e16,cited
results/phase0/runs/g3_moe_s1_1e16/ckpt/iter_0000813/__0_1.distcp,ncylich/temporal-moe-ckpts,g3_moe_s1_1e16/ckpt/iter_0000813/__0_1.distcp,200809812,e9acf1b6d57f326b8329f5534e03faf4a32cc3ea7dcb26dcf302a5cb3b13fbb9,g3_moe_s1_1e16,cited
results/phase0/runs/g3_moe_s1_1e16/ckpt/iter_0000813/common.pt,ncylich/temporal-moe-ckpts,g3_moe_s1_1e16/ckpt/iter_0000813/common.pt,16988,38df2b0ccca836ba1fe99e891b0c234985bc7e1cc2e99c8794a8e294f0b99b19,g3_moe_s1_1e16,cited
results/phase0/runs/g3_moe_s1_1e16/ckpt/iter_0000813/metadata.json,ncylich/temporal-moe-ckpts,g3_moe_s1_1e16/ckpt/iter_0000813/metadata.json,119,9817072de14c715c70e8435a7fee90bac30abaf6885fc53ade6fe88babeef851,g3_moe_s1_1e16,cited
results/phase0/runs/g3_moe_s1_1e16/ckpt/latest_checkpointed_iteration.txt,ncylich/temporal-moe-ckpts,g3_moe_s1_1e16/ckpt/latest_checkpointed_iteration.txt,3,477d8dffaf92d265c56dca496167d71bfc1c34f443bc9a6677009963e6e99706,g3_moe_s1_1e16,cited
results/phase0/runs/g3_moe_s1_1e16/run.meta,ncylich/temporal-moe-ckpts,g3_moe_s1_1e16/run.meta,256,e4e6bcc60e898d27ebd1fbd4fd675d5ab84c66952da5739d108da02bec861b0a,g3_moe_s1_1e16,cited
results/phase0/runs/g3_moe_s1_1e16/train.log,ncylich/temporal-moe-ckpts,g3_moe_s1_1e16/train.log,179129,ad6e02b230ae8abe35e068da19a470f357507a0b94fedc413fc27f819b9a68ad,g3_moe_s1_1e16,cited
results/phase0/runs/g3_moe_s1_1e17/ckpt/iter_0008129/.metadata,ncylich/temporal-moe-ckpts,g3_moe_s1_1e17/ckpt/iter_0008129/.metadata,3047033,d5becffdc5d3e78a907bcb2f5372f4f517bb1a35749e204b1e50643dbda6b948,g3_moe_s1_1e17,cited
results/phase0/runs/g3_moe_s1_1e17/ckpt/iter_0008129/__0_0.distcp,ncylich/temporal-moe-ckpts,g3_moe_s1_1e17/ckpt/iter_0008129/__0_0.distcp,200846872,17d6e41098fa46abe532e6c76e15eceeb7e5ec22345ec7dd5c7fafa52d00a532,g3_moe_s1_1e17,cited
results/phase0/runs/g3_moe_s1_1e17/ckpt/iter_0008129/__0_1.distcp,ncylich/temporal-moe-ckpts,g3_moe_s1_1e17/ckpt/iter_0008129/__0_1.distcp,200809812,c2d1859a7b7aeed0e6316179bd22c823a64b6e06bca694fd5f9c76c57a06a68a,g3_moe_s1_1e17,cited
results/phase0/runs/g3_moe_s1_1e17/ckpt/iter_0008129/common.pt,ncylich/temporal-moe-ckpts,g3_moe_s1_1e17/ckpt/iter_0008129/common.pt,16988,15d2625fe1857bea1157cdb586f82ec123c6e5d44845f5c465410add2fb6261e,g3_moe_s1_1e17,cited
results/phase0/runs/g3_moe_s1_1e17/ckpt/iter_0008129/metadata.json,ncylich/temporal-moe-ckpts,g3_moe_s1_1e17/ckpt/iter_0008129/metadata.json,119,9817072de14c715c70e8435a7fee90bac30abaf6885fc53ade6fe88babeef851,g3_moe_s1_1e17,cited
results/phase0/runs/g3_moe_s1_1e17/ckpt/latest_checkpointed_iteration.txt,ncylich/temporal-moe-ckpts,g3_moe_s1_1e17/ckpt/latest_checkpointed_iteration.txt,4,0f13b329aacbaa4cedd43078c4c9cd23e53d83a229fe96551e015e8973038cbb,g3_moe_s1_1e17,cited
results/phase0/runs/g3_moe_s1_1e17/run.meta,ncylich/temporal-moe-ckpts,g3_moe_s1_1e17/run.meta,259,8447bf8c31756e6cadd2a7fcd9b47c889fb5aaa0492197d888e39b165dcb2cd5,g3_moe_s1_1e17,cited
results/phase0/runs/g3_moe_s1_1e17/train.log,ncylich/temporal-moe-ckpts,g3_moe_s1_1e17/train.log,449615,4c86521cb9006718e5dd498059c25052f3414c32d186ef494ab703f40d8e7721,g3_moe_s1_1e17,cited
results/phase0/runs/g3_moe_s2_1e17/ckpt/iter_0003861/.metadata,ncylich/temporal-moe-ckpts,g3_moe_s2_1e17/ckpt/iter_0003861/.metadata,3807246,bed6d5abe6e62a1cbee1a342107bc175a0d17b2816db60f2a7b660e659fac4e1,g3_moe_s2_1e17,cited
results/phase0/runs/g3_moe_s2_1e17/ckpt/iter_0003861/__0_0.distcp,ncylich/temporal-moe-ckpts,g3_moe_s2_1e17/ckpt/iter_0003861/__0_0.distcp,394950268,13642e8434a07d01d8ba7b42b12383e5175041d9bfe35b08cf3a3fd7213277a5,g3_moe_s2_1e17,cited
results/phase0/runs/g3_moe_s2_1e17/ckpt/iter_0003861/__0_1.distcp,ncylich/temporal-moe-ckpts,g3_moe_s2_1e17/ckpt/iter_0003861/__0_1.distcp,394951568,d014af6f9e77f0cac14dee995e056e98afa0a55aae06f6903b38270a08dafc34,g3_moe_s2_1e17,cited
results/phase0/runs/g3_moe_s2_1e17/ckpt/iter_0003861/common.pt,ncylich/temporal-moe-ckpts,g3_moe_s2_1e17/ckpt/iter_0003861/common.pt,16988,e0822d40139f2ae6b1266279cd23c0f78ab03c1b45534045a1f57a97b27ac3ac,g3_moe_s2_1e17,cited
results/phase0/runs/g3_moe_s2_1e17/ckpt/iter_0003861/metadata.json,ncylich/temporal-moe-ckpts,g3_moe_s2_1e17/ckpt/iter_0003861/metadata.json,119,9817072de14c715c70e8435a7fee90bac30abaf6885fc53ade6fe88babeef851,g3_moe_s2_1e17,cited
results/phase0/runs/g3_moe_s2_1e17/ckpt/latest_checkpointed_iteration.txt,ncylich/temporal-moe-ckpts,g3_moe_s2_1e17/ckpt/latest_checkpointed_iteration.txt,4,85f72074abb94327414d7ec5268cd757c6066772e23e2fd0265c7e2b33b42768,g3_moe_s2_1e17,cited
results/phase0/runs/g3_moe_s2_1e17/run.meta,ncylich/temporal-moe-ckpts,g3_moe_s2_1e17/run.meta,259,dbf426ab50a95e1fd13082f47ae37966ef8538859ffee30ece9f1aebf7947266,g3_moe_s2_1e17,cited
results/phase0/runs/g3_moe_s2_1e17/train.log,ncylich/temporal-moe-ckpts,g3_moe_s2_1e17/train.log,314447,b1cb8d72a53ee1e5642844b3c018b465010edbb9688ca3ecf81ad73ace0b409a,g3_moe_s2_1e17,cited
results/phase0/runs/g3_moe_s2_1e17_ovlEarly/ckpt/iter_0003861/.metadata,ncylich/temporal-moe-ckpts,g3_moe_s2_1e17_ovlEarly/ckpt/iter_0003861/.metadata,3807255,51c46563d291e6b38e7516b47243bfbe90f6dc642663e1668005791b2c3c10cb,g3_moe_s2_1e17_ovlEarly,cited
results/phase0/runs/g3_moe_s2_1e17_ovlEarly/ckpt/iter_0003861/__0_0.distcp,ncylich/temporal-moe-ckpts,g3_moe_s2_1e17_ovlEarly/ckpt/iter_0003861/__0_0.distcp,394950268,65f3cf6d45bfaf790c6a089a55fa6a3974c207e863a51b800b62f7f1049c100a,g3_moe_s2_1e17_ovlEarly,cited
results/phase0/runs/g3_moe_s2_1e17_ovlEarly/ckpt/iter_0003861/__0_1.distcp,ncylich/temporal-moe-ckpts,g3_moe_s2_1e17_ovlEarly/ckpt/iter_0003861/__0_1.distcp,394951568,069c6cbb393784d690795eaae84a13d544246d0c8c78d099073fb0288d0d60aa,g3_moe_s2_1e17_ovlEarly,cited
results/phase0/runs/g3_moe_s2_1e17_ovlEarly/ckpt/iter_0003861/common.pt,ncylich/temporal-moe-ckpts,g3_moe_s2_1e17_ovlEarly/ckpt/iter_0003861/common.pt,17116,b10741e4daa44e5c7d91c6e16f3f8a7287a27ff69f2c353787da1a665f04c99d,g3_moe_s2_1e17_ovlEarly,cited
results/phase0/runs/g3_moe_s2_1e17_ovlEarly/ckpt/iter_0003861/metadata.json,ncylich/temporal-moe-ckpts,g3_moe_s2_1e17_ovlEarly/ckpt/iter_0003861/metadata.json,119,9817072de14c715c70e8435a7fee90bac30abaf6885fc53ade6fe88babeef851,g3_moe_s2_1e17_ovlEarly,cited
results/phase0/runs/g3_moe_s2_1e17_ovlEarly/ckpt/latest_checkpointed_iteration.txt,ncylich/temporal-moe-ckpts,g3_moe_s2_1e17_ovlEarly/ckpt/latest_checkpointed_iteration.txt,4,85f72074abb94327414d7ec5268cd757c6066772e23e2fd0265c7e2b33b42768,g3_moe_s2_1e17_ovlEarly,cited
results/phase0/runs/g3_moe_s2_1e17_ovlEarly/run.meta,ncylich/temporal-moe-ckpts,g3_moe_s2_1e17_ovlEarly/run.meta,268,577345344f188bd6154b5d515d7fef27aefcf0b00f03ad673899689ab0fdc919,g3_moe_s2_1e17_ovlEarly,cited
results/phase0/runs/g3_moe_s2_1e17_ovlEarly/tb/events.out.tfevents.1784887646.3f9353b90490.259590.0,ncylich/temporal-moe-ckpts,g3_moe_s2_1e17_ovlEarly/tb/events.out.tfevents.1784887646.3f9353b90490.259590.0,5911093,293c2ce005770d0d0eba9a0e4f35bf0e2e8ec37223c263878205ac7e9e4225ce,g3_moe_s2_1e17_ovlEarly,cited
results/phase0/runs/g3_moe_s2_1e17_ovlEarly/train.log,ncylich/temporal-moe-ckpts,g3_moe_s2_1e17_ovlEarly/train.log,337475,ed11e7be777991b869ed8a2d95b3f877824f5fe32c773d46cbdd2e05609ce724,g3_moe_s2_1e17_ovlEarly,cited
results/phase0/runs/g3_moe_s2_1e17_ovlParFFN/ckpt/iter_0003861/.metadata,ncylich/temporal-moe-ckpts,g3_moe_s2_1e17_ovlParFFN/ckpt/iter_0003861/.metadata,3807256,7ed78bff468295a2056f2471ccc61d31fcb5408b8f70ad921ebc5b868a3b7046,g3_moe_s2_1e17_ovlParFFN,cited
results/phase0/runs/g3_moe_s2_1e17_ovlParFFN/ckpt/iter_0003861/__0_0.distcp,ncylich/temporal-moe-ckpts,g3_moe_s2_1e17_ovlParFFN/ckpt/iter_0003861/__0_0.distcp,394950268,839a9f4e7a2a445433d75ca249da0ffd5905ce1ba86025432f89b971d84592dd,g3_moe_s2_1e17_ovlParFFN,cited
results/phase0/runs/g3_moe_s2_1e17_ovlParFFN/ckpt/iter_0003861/__0_1.distcp,ncylich/temporal-moe-ckpts,g3_moe_s2_1e17_ovlParFFN/ckpt/iter_0003861/__0_1.distcp,394951568,42be20433d02e45ec54cf7e5f4dea7af5e052573b334ea87153182da2400a9e3,g3_moe_s2_1e17_ovlParFFN,cited
results/phase0/runs/g3_moe_s2_1e17_ovlParFFN/ckpt/iter_0003861/common.pt,ncylich/temporal-moe-ckpts,g3_moe_s2_1e17_ovlParFFN/ckpt/iter_0003861/common.pt,17116,1cd14d0399e050ce3162116b806e35ecbc889c6ecc45b1d9fc5bdd64a2527c69,g3_moe_s2_1e17_ovlParFFN,cited
results/phase0/runs/g3_moe_s2_1e17_ovlParFFN/ckpt/iter_0003861/metadata.json,ncylich/temporal-moe-ckpts,g3_moe_s2_1e17_ovlParFFN/ckpt/iter_0003861/metadata.json,119,9817072de14c715c70e8435a7fee90bac30abaf6885fc53ade6fe88babeef851,g3_moe_s2_1e17_ovlParFFN,cited
results/phase0/runs/g3_moe_s2_1e17_ovlParFFN/ckpt/latest_checkpointed_iteration.txt,ncylich/temporal-moe-ckpts,g3_moe_s2_1e17_ovlParFFN/ckpt/latest_checkpointed_iteration.txt,4,85f72074abb94327414d7ec5268cd757c6066772e23e2fd0265c7e2b33b42768,g3_moe_s2_1e17_ovlParFFN,cited
results/phase0/runs/g3_moe_s2_1e17_ovlParFFN/run.meta,ncylich/temporal-moe-ckpts,g3_moe_s2_1e17_ovlParFFN/run.meta,269,fc3c6dcfe3a1a6e3491f84cd724c984e7e409b7fd5e32c7fe9dd9c81f5107894,g3_moe_s2_1e17_ovlParFFN,cited
results/phase0/runs/g3_moe_s2_1e17_ovlParFFN/tb/events.out.tfevents.1784899824.3f9353b90490.266195.0,ncylich/temporal-moe-ckpts,g3_moe_s2_1e17_ovlParFFN/tb/events.out.tfevents.1784899824.3f9353b90490.266195.0,5911096,77bb2441c785618db87f25f5a1e2f279291e7f5520e72a03ee08458bd1ac64cb,g3_moe_s2_1e17_ovlParFFN,cited
results/phase0/runs/g3_moe_s2_1e17_ovlParFFN/train.log,ncylich/temporal-moe-ckpts,g3_moe_s2_1e17_ovlParFFN/train.log,337481,6dad705595dbaaab86c4a1cd0206cd53c0cd5f5121f2b226b6ab0107472abb4d,g3_moe_s2_1e17_ovlParFFN,cited
results/phase0/runs/g3_moe_s3_1e17/ckpt/iter_0002107/.metadata,ncylich/temporal-moe-ckpts,g3_moe_s3_1e17/ckpt/iter_0002107/.metadata,4585469,da757cc1bdf4989c36eec3da6701901fddb7829f3441c7f580f5c9f69684e574,g3_moe_s3_1e17,cited
results/phase0/runs/g3_moe_s3_1e17/ckpt/iter_0002107/__0_0.distcp,ncylich/temporal-moe-ckpts,g3_moe_s3_1e17/ckpt/iter_0002107/__0_0.distcp,706898452,8eea51215aee02eb9ab131504086946c0413ba8ac8538f0a812f14355e1ce980,g3_moe_s3_1e17,cited
results/phase0/runs/g3_moe_s3_1e17/ckpt/iter_0002107/__0_1.distcp,ncylich/temporal-moe-ckpts,g3_moe_s3_1e17/ckpt/iter_0002107/__0_1.distcp,706896536,71d9837dc9a1868bd6701c218d1bc7857da9d283b5b2190491db80fe7c439766,g3_moe_s3_1e17,cited
results/phase0/runs/g3_moe_s3_1e17/ckpt/iter_0002107/common.pt,ncylich/temporal-moe-ckpts,g3_moe_s3_1e17/ckpt/iter_0002107/common.pt,16988,6325fe5ca8573c48cab70b6ddb268bc383d8e60a03c99d0b43941626b4ec35b0,g3_moe_s3_1e17,cited
results/phase0/runs/g3_moe_s3_1e17/ckpt/iter_0002107/metadata.json,ncylich/temporal-moe-ckpts,g3_moe_s3_1e17/ckpt/iter_0002107/metadata.json,119,9817072de14c715c70e8435a7fee90bac30abaf6885fc53ade6fe88babeef851,g3_moe_s3_1e17,cited
results/phase0/runs/g3_moe_s3_1e17/ckpt/latest_checkpointed_iteration.txt,ncylich/temporal-moe-ckpts,g3_moe_s3_1e17/ckpt/latest_checkpointed_iteration.txt,4,74e70910949899071b1eb8b17993808a5f829c481dbc72a64aa9a1678a05106b,g3_moe_s3_1e17,cited
results/phase0/runs/g3_moe_s3_1e17/run.meta,ncylich/temporal-moe-ckpts,g3_moe_s3_1e17/run.meta,260,5f9ce68af6e28e42aab9bccda134340c9f607d31df94e6fe62f625545e847404,g3_moe_s3_1e17,cited
results/phase0/runs/g3_moe_s3_1e17/train.log,ncylich/temporal-moe-ckpts,g3_moe_s3_1e17/train.log,271788,0ffcc74b9602d984c5f354748eeec90e3d619dc1ea7a9015e65b61ca61b1db50,g3_moe_s3_1e17,cited
results/phase0/runs/g3_moe_sm1_1e16/ckpt/iter_0003938/.metadata,ncylich/temporal-moe-ckpts,g3_moe_sm1_1e16/ckpt/iter_0003938/.metadata,2289985,0a8b95d7bec05e3f7d3a8be9864ad42749e41c9beb91ad0b6b433a6d8f93fbf0,g3_moe_sm1_1e16,cited
results/phase0/runs/g3_moe_sm1_1e16/ckpt/iter_0003938/__0_0.distcp,ncylich/temporal-moe-ckpts,g3_moe_sm1_1e16/ckpt/iter_0003938/__0_0.distcp,55538852,727c00e360ecf73b911f0e8484eb566adba455a9e09b3ca6203a1f23d05bc82c,g3_moe_sm1_1e16,cited
results/phase0/runs/g3_moe_sm1_1e16/ckpt/iter_0003938/__0_1.distcp,ncylich/temporal-moe-ckpts,g3_moe_sm1_1e16/ckpt/iter_0003938/__0_1.distcp,55545192,6940576a4883c13a032027da0057395c676463a3ca77e73b5edd292fc724de67,g3_moe_sm1_1e16,cited
results/phase0/runs/g3_moe_sm1_1e16/ckpt/iter_0003938/common.pt,ncylich/temporal-moe-ckpts,g3_moe_sm1_1e16/ckpt/iter_0003938/common.pt,16988,e303cb221b81c8881c10e7dcc7ff5c0b8f9c66982f50a25c4b1df5c146059a2d,g3_moe_sm1_1e16,cited
results/phase0/runs/g3_moe_sm1_1e16/ckpt/iter_0003938/metadata.json,ncylich/temporal-moe-ckpts,g3_moe_sm1_1e16/ckpt/iter_0003938/metadata.json,119,9817072de14c715c70e8435a7fee90bac30abaf6885fc53ade6fe88babeef851,g3_moe_sm1_1e16,cited
results/phase0/runs/g3_moe_sm1_1e16/ckpt/latest_checkpointed_iteration.txt,ncylich/temporal-moe-ckpts,g3_moe_sm1_1e16/ckpt/latest_checkpointed_iteration.txt,4,1cac2e47c58f84d0b8e14488f603520925b12f39da03df3462547d4256263b1c,g3_moe_sm1_1e16,cited
results/phase0/runs/g3_moe_sm1_1e16/run.meta,ncylich/temporal-moe-ckpts,g3_moe_sm1_1e16/run.meta,257,ad42cf1bc5be418dc2b79401ca63a4b3b4c79ffedee1ecdfecefbf894cfb5d54,g3_moe_sm1_1e16,cited
results/phase0/runs/g3_moe_sm1_1e16/train.log,ncylich/temporal-moe-ckpts,g3_moe_sm1_1e16/train.log,271728,b4c75917c96f1aa0af133aa1d926ccbbbf56026dea2cda1cbc6806c6e6c58c4e,g3_moe_sm1_1e16,cited
results/phase0/runs/g3_restorecheck/ckpt/iter_0000003/common.pt,ncylich/temporal-moe-ckpts,g3_restorecheck/ckpt/iter_0000003/common.pt,16924,134a45231d4ee5a927f06d58c3edec7791bcb36cac0f12dc91367a4d8bc31286,g3_restorecheck,uncited
results/phase0/runs/g3_restorecheck/run.meta,ncylich/temporal-moe-ckpts,g3_restorecheck/run.meta,258,e773d4a7dbe955b91af4f9184407ec0524f7d117cff2312367ccb535c900970c,g3_restorecheck,uncited
results/phase0/runs/g3_restorecheck/train.log,ncylich/temporal-moe-ckpts,g3_restorecheck/train.log,121209,f6b31515fb36bd00beb431c7998c445de88428b0ee109e8efc454a85545dec71,g3_restorecheck,uncited
results/phase0/runs/g3_tmoe_s0_1e16_ant0p02/ckpt/iter_0000006/.metadata,ncylich/temporal-moe-ckpts,g3_tmoe_s0_1e16_ant0p02/ckpt/iter_0000006/.metadata,2290109,e2d52029e57a9fc6469c49a1615f0a019414f8ba9b16434d0266762764d12278,g3_tmoe_s0_1e16_ant0p02,cited
results/phase0/runs/g3_tmoe_s0_1e16_ant0p02/ckpt/iter_0000006/__0_0.distcp,ncylich/temporal-moe-ckpts,g3_tmoe_s0_1e16_ant0p02/ckpt/iter_0000006/__0_0.distcp,85962876,d5d9bd336a28b7b5f474e7af0e8e613f6353b7c6b185fc4b9caf16bfcc488ba8,g3_tmoe_s0_1e16_ant0p02,cited
results/phase0/runs/g3_tmoe_s0_1e16_ant0p02/ckpt/iter_0000006/__0_1.distcp,ncylich/temporal-moe-ckpts,g3_tmoe_s0_1e16_ant0p02/ckpt/iter_0000006/__0_1.distcp,85983312,a828d2cb8d8417bac760e46eeee5de233d75363c97dd5c33af1badd86ac03279,g3_tmoe_s0_1e16_ant0p02,cited
results/phase0/runs/g3_tmoe_s0_1e16_ant0p02/ckpt/iter_0000006/common.pt,ncylich/temporal-moe-ckpts,g3_tmoe_s0_1e16_ant0p02/ckpt/iter_0000006/common.pt,17052,26e1f003b55c2a356cd56c1ae9aa478e385de9559061d220473f420af02c4502,g3_tmoe_s0_1e16_ant0p02,cited
results/phase0/runs/g3_tmoe_s0_1e16_ant0p02/ckpt/iter_0000006/metadata.json,ncylich/temporal-moe-ckpts,g3_tmoe_s0_1e16_ant0p02/ckpt/iter_0000006/metadata.json,119,9817072de14c715c70e8435a7fee90bac30abaf6885fc53ade6fe88babeef851,g3_tmoe_s0_1e16_ant0p02,cited
results/phase0/runs/g3_tmoe_s0_1e16_ant0p02/ckpt/iter_0002232/.metadata,ncylich/temporal-moe-ckpts,g3_tmoe_s0_1e16_ant0p02/ckpt/iter_0002232/.metadata,2290109,37c517838929924d50b27cc53c68cdfb4b97195869dd8153829a53a5df540caf,g3_tmoe_s0_1e16_ant0p02,cited
results/phase0/runs/g3_tmoe_s0_1e16_ant0p02/ckpt/iter_0002232/__0_0.distcp,ncylich/temporal-moe-ckpts,g3_tmoe_s0_1e16_ant0p02/ckpt/iter_0002232/__0_0.distcp,85962876,4804bc49727a1798096cc5815ecadbdc272172d023e29d6794946efb21988d14,g3_tmoe_s0_1e16_ant0p02,cited
results/phase0/runs/g3_tmoe_s0_1e16_ant0p02/ckpt/iter_0002232/__0_1.distcp,ncylich/temporal-moe-ckpts,g3_tmoe_s0_1e16_ant0p02/ckpt/iter_0002232/__0_1.distcp,85983312,35d4f9a3183aa0ab3d2f8edda03ded2efbf983b90735dbcf104ebb1e889f76f1,g3_tmoe_s0_1e16_ant0p02,cited
results/phase0/runs/g3_tmoe_s0_1e16_ant0p02/ckpt/iter_0002232/common.pt,ncylich/temporal-moe-ckpts,g3_tmoe_s0_1e16_ant0p02/ckpt/iter_0002232/common.pt,17052,f06598a4db48d37d10c7a342c9b6fd3a3fb77501e323fd29ca08434c1f8b29ec,g3_tmoe_s0_1e16_ant0p02,cited
results/phase0/runs/g3_tmoe_s0_1e16_ant0p02/ckpt/iter_0002232/metadata.json,ncylich/temporal-moe-ckpts,g3_tmoe_s0_1e16_ant0p02/ckpt/iter_0002232/metadata.json,119,9817072de14c715c70e8435a7fee90bac30abaf6885fc53ade6fe88babeef851,g3_tmoe_s0_1e16_ant0p02,cited
results/phase0/runs/g3_tmoe_s0_1e16_ant0p02/ckpt/latest_checkpointed_iteration.txt,ncylich/temporal-moe-ckpts,g3_tmoe_s0_1e16_ant0p02/ckpt/latest_checkpointed_iteration.txt,4,48fe0661615dd0a2fc9cf1b77111613b4c3e7fc857b7bf89e472c233a0b35eb0,g3_tmoe_s0_1e16_ant0p02,cited
results/phase0/runs/g3_tmoe_s0_1e16_ant0p02/nohup.out,ncylich/temporal-moe-ckpts,g3_tmoe_s0_1e16_ant0p02/nohup.out,229977,2c1035a4a47ee42cbbc32fc103afd73499d2f3013e14ec96db3f80d717c4be55,g3_tmoe_s0_1e16_ant0p02,cited
results/phase0/runs/g3_tmoe_s0_1e16_ant0p02/probe.log,ncylich/temporal-moe-ckpts,g3_tmoe_s0_1e16_ant0p02/probe.log,126266,0fd226b9956d86a0fd4f23b3503a8195bf86ae7792378c7b19e31b6263e43561,g3_tmoe_s0_1e16_ant0p02,cited
results/phase0/runs/g3_tmoe_s0_1e16_ant0p02/probe_launch.out,ncylich/temporal-moe-ckpts,g3_tmoe_s0_1e16_ant0p02/probe_launch.out,126531,a1e6c29728e71dfdae1e0b418ffd608e3ec463639f814cc06df5b3f95570ad15,g3_tmoe_s0_1e16_ant0p02,cited
results/phase0/runs/g3_tmoe_s0_1e16_ant0p02/run.meta,ncylich/temporal-moe-ckpts,g3_tmoe_s0_1e16_ant0p02/run.meta,265,ff169c3cb0b6521081f0ddb454fb687e8ae97268dcb687fea62604f193af0ee7,g3_tmoe_s0_1e16_ant0p02,cited
results/phase0/runs/g3_tmoe_s0_1e16_ant0p02/tb/events.out.tfevents.1783029790.fc23b1f776cf.146795.0,ncylich/temporal-moe-ckpts,g3_tmoe_s0_1e16_ant0p02/tb/events.out.tfevents.1783029790.fc23b1f776cf.146795.0,3598236,373ca5696abf034feab47858c13c3368bda2821d5c0ed4124fec9f32f325443d,g3_tmoe_s0_1e16_ant0p02,cited
results/phase0/runs/g3_tmoe_s0_1e16_ant0p02/tb/events.out.tfevents.1783032569.fc23b1f776cf.148183.0,ncylich/temporal-moe-ckpts,g3_tmoe_s0_1e16_ant0p02/tb/events.out.tfevents.1783032569.fc23b1f776cf.148183.0,48595,e258e02904d4c77593af53d3060ad3613b72c68d9ef46af7b97907e189c949c1,g3_tmoe_s0_1e16_ant0p02,cited
results/phase0/runs/g3_tmoe_s0_1e16_ant0p02/train.log,ncylich/temporal-moe-ckpts,g3_tmoe_s0_1e16_ant0p02/train.log,229711,a1e617b501f29f07793587148871e56ed308c7fd1584e69ed9f613e88fda7eb4,g3_tmoe_s0_1e16_ant0p02,cited
results/phase0/runs/g3_tmoe_s0_1e16_ant0p02_g0p9/ckpt/iter_0000006/.metadata,ncylich/temporal-moe-ckpts,g3_tmoe_s0_1e16_ant0p02_g0p9/ckpt/iter_0000006/.metadata,2290114,13f471883a11f27c6ac63b38c7a7a4231765f252c90b8c0830906a5eb7149fbd,g3_tmoe_s0_1e16_ant0p02_g0p9,cited
results/phase0/runs/g3_tmoe_s0_1e16_ant0p02_g0p9/ckpt/iter_0000006/__0_0.distcp,ncylich/temporal-moe-ckpts,g3_tmoe_s0_1e16_ant0p02_g0p9/ckpt/iter_0000006/__0_0.distcp,85962876,5033537f6e3ed08352b9d5629a77c1ae767464e1dd5770dbdf120243394d5a4e,g3_tmoe_s0_1e16_ant0p02_g0p9,cited
results/phase0/runs/g3_tmoe_s0_1e16_ant0p02_g0p9/ckpt/iter_0000006/__0_1.distcp,ncylich/temporal-moe-ckpts,g3_tmoe_s0_1e16_ant0p02_g0p9/ckpt/iter_0000006/__0_1.distcp,85983312,83dc02857626d58150b9f85dbc58a45afafc0d622d07c9745f7ce758ea2270d6,g3_tmoe_s0_1e16_ant0p02_g0p9,cited
results/phase0/runs/g3_tmoe_s0_1e16_ant0p02_g0p9/ckpt/iter_0000006/common.pt,ncylich/temporal-moe-ckpts,g3_tmoe_s0_1e16_ant0p02_g0p9/ckpt/iter_0000006/common.pt,17052,5a129bc49071fb58d8d2fdbbfd690a0862d731d0c54ce8dc1c36d068ca1e844a,g3_tmoe_s0_1e16_ant0p02_g0p9,cited
results/phase0/runs/g3_tmoe_s0_1e16_ant0p02_g0p9/ckpt/iter_0000006/metadata.json,ncylich/temporal-moe-ckpts,g3_tmoe_s0_1e16_ant0p02_g0p9/ckpt/iter_0000006/metadata.json,119,9817072de14c715c70e8435a7fee90bac30abaf6885fc53ade6fe88babeef851,g3_tmoe_s0_1e16_ant0p02_g0p9,cited
results/phase0/runs/g3_tmoe_s0_1e16_ant0p02_g0p9/ckpt/iter_0002232/.metadata,ncylich/temporal-moe-ckpts,g3_tmoe_s0_1e16_ant0p02_g0p9/ckpt/iter_0002232/.metadata,2290114,6be24fd3235ed2066bba253b8dd183fb9bd3be956c33107d35924f1d3b4a02d1,g3_tmoe_s0_1e16_ant0p02_g0p9,cited
results/phase0/runs/g3_tmoe_s0_1e16_ant0p02_g0p9/ckpt/iter_0002232/__0_0.distcp,ncylich/temporal-moe-ckpts,g3_tmoe_s0_1e16_ant0p02_g0p9/ckpt/iter_0002232/__0_0.distcp,85962876,a96d888c4c41b2ada78325267ff0c997d1b6d5bf042f9ee7c82f5427cb9289bb,g3_tmoe_s0_1e16_ant0p02_g0p9,cited
results/phase0/runs/g3_tmoe_s0_1e16_ant0p02_g0p9/ckpt/iter_0002232/__0_1.distcp,ncylich/temporal-moe-ckpts,g3_tmoe_s0_1e16_ant0p02_g0p9/ckpt/iter_0002232/__0_1.distcp,85983312,8dc4a482c96e3317d4804c0235c1ad2fe05181a14241ae0897ebacfac8d80f56,g3_tmoe_s0_1e16_ant0p02_g0p9,cited
results/phase0/runs/g3_tmoe_s0_1e16_ant0p02_g0p9/ckpt/iter_0002232/common.pt,ncylich/temporal-moe-ckpts,g3_tmoe_s0_1e16_ant0p02_g0p9/ckpt/iter_0002232/common.pt,17052,9f75db452cdf2c9340f1ef8f628ac77f3c48adb6571c8433503b864397fbc49e,g3_tmoe_s0_1e16_ant0p02_g0p9,cited
results/phase0/runs/g3_tmoe_s0_1e16_ant0p02_g0p9/ckpt/iter_0002232/metadata.json,ncylich/temporal-moe-ckpts,g3_tmoe_s0_1e16_ant0p02_g0p9/ckpt/iter_0002232/metadata.json,119,9817072de14c715c70e8435a7fee90bac30abaf6885fc53ade6fe88babeef851,g3_tmoe_s0_1e16_ant0p02_g0p9,cited
results/phase0/runs/g3_tmoe_s0_1e16_ant0p02_g0p9/ckpt/latest_checkpointed_iteration.txt,ncylich/temporal-moe-ckpts,g3_tmoe_s0_1e16_ant0p02_g0p9/ckpt/latest_checkpointed_iteration.txt,4,48fe0661615dd0a2fc9cf1b77111613b4c3e7fc857b7bf89e472c233a0b35eb0,g3_tmoe_s0_1e16_ant0p02_g0p9,cited
results/phase0/runs/g3_tmoe_s0_1e16_ant0p02_g0p9/nohup.out,ncylich/temporal-moe-ckpts,g3_tmoe_s0_1e16_ant0p02_g0p9/nohup.out,230012,f380a343a1dab53e2367c6bca473582d8fea13058d5fe679090c98b7e0a62dbe,g3_tmoe_s0_1e16_ant0p02_g0p9,cited
results/phase0/runs/g3_tmoe_s0_1e16_ant0p02_g0p9/probe.log,ncylich/temporal-moe-ckpts,g3_tmoe_s0_1e16_ant0p02_g0p9/probe.log,126306,8aaad942a7403b196b02cd5935cf5240d60efd826c08cea13790062fe11f6fdf,g3_tmoe_s0_1e16_ant0p02_g0p9,cited
results/phase0/runs/g3_tmoe_s0_1e16_ant0p02_g0p9/probe_launch.out,ncylich/temporal-moe-ckpts,g3_tmoe_s0_1e16_ant0p02_g0p9/probe_launch.out,126576,34732bfe9b0e623a6d7b28ea0f110d124726e7af81665ddd429211d2a6f06a40,g3_tmoe_s0_1e16_ant0p02_g0p9,cited
results/phase0/runs/g3_tmoe_s0_1e16_ant0p02_g0p9/run.meta,ncylich/temporal-moe-ckpts,g3_tmoe_s0_1e16_ant0p02_g0p9/run.meta,270,db49a2b625197772d259c85a461fccad4aec45b77a55eac812d98fd64f8b1037,g3_tmoe_s0_1e16_ant0p02_g0p9,cited
results/phase0/runs/g3_tmoe_s0_1e16_ant0p02_g0p9/tb/events.out.tfevents.1783035668.fc23b1f776cf.151110.0,ncylich/temporal-moe-ckpts,g3_tmoe_s0_1e16_ant0p02_g0p9/tb/events.out.tfevents.1783035668.fc23b1f776cf.151110.0,3598251,4d69bd8578c90a5ea070cccff4b3e93ff15ae6e34cfb2441da4ff996ed0b456c,g3_tmoe_s0_1e16_ant0p02_g0p9,cited
results/phase0/runs/g3_tmoe_s0_1e16_ant0p02_g0p9/tb/events.out.tfevents.1783038318.fc23b1f776cf.152364.0,ncylich/temporal-moe-ckpts,g3_tmoe_s0_1e16_ant0p02_g0p9/tb/events.out.tfevents.1783038318.fc23b1f776cf.152364.0,48610,701945d0355ab21a216336e59b2877cfc61580d4b59ec5638159f198923b79f9,g3_tmoe_s0_1e16_ant0p02_g0p9,cited
results/phase0/runs/g3_tmoe_s0_1e16_ant0p02_g0p9/train.log,ncylich/temporal-moe-ckpts,g3_tmoe_s0_1e16_ant0p02_g0p9/train.log,229741,3301351b082f2c5008aee4f91c2f1f41f8248acc72b98109d5b58827c4e1eae3,g3_tmoe_s0_1e16_ant0p02_g0p9,cited
results/phase0/runs/g3_tmoe_s0_1e16_ant0p1/ckpt/iter_0000006/.metadata,ncylich/temporal-moe-ckpts,g3_tmoe_s0_1e16_ant0p1/ckpt/iter_0000006/.metadata,2290108,e2882a68198694844c461eebd414c3e6402e1045b2042e93745ee81375ec5817,g3_tmoe_s0_1e16_ant0p1,cited
results/phase0/runs/g3_tmoe_s0_1e16_ant0p1/ckpt/iter_0000006/__0_0.distcp,ncylich/temporal-moe-ckpts,g3_tmoe_s0_1e16_ant0p1/ckpt/iter_0000006/__0_0.distcp,85962876,e9161611bbbd598487e4fafeb2828f84666fcfba2c3adc05c773452fd35121fa,g3_tmoe_s0_1e16_ant0p1,cited
results/phase0/runs/g3_tmoe_s0_1e16_ant0p1/ckpt/iter_0000006/__0_1.distcp,ncylich/temporal-moe-ckpts,g3_tmoe_s0_1e16_ant0p1/ckpt/iter_0000006/__0_1.distcp,85983312,76a7887d6f079df23df81322e46ba2654b1c39c9f677c49977287e2592b1e265,g3_tmoe_s0_1e16_ant0p1,cited
results/phase0/runs/g3_tmoe_s0_1e16_ant0p1/ckpt/iter_0000006/common.pt,ncylich/temporal-moe-ckpts,g3_tmoe_s0_1e16_ant0p1/ckpt/iter_0000006/common.pt,17052,a1bc3193f0cd48a54d33faf69c1ce8044a074a6d76fac386196b7d132a66aed4,g3_tmoe_s0_1e16_ant0p1,cited
results/phase0/runs/g3_tmoe_s0_1e16_ant0p1/ckpt/iter_0000006/metadata.json,ncylich/temporal-moe-ckpts,g3_tmoe_s0_1e16_ant0p1/ckpt/iter_0000006/metadata.json,119,9817072de14c715c70e8435a7fee90bac30abaf6885fc53ade6fe88babeef851,g3_tmoe_s0_1e16_ant0p1,cited
results/phase0/runs/g3_tmoe_s0_1e16_ant0p1/ckpt/iter_0002232/.metadata,ncylich/temporal-moe-ckpts,g3_tmoe_s0_1e16_ant0p1/ckpt/iter_0002232/.metadata,2290108,e39e5b39260019ebbdfe46a761a7b771f310599af8ec0624fc8c196dfe4f36ac,g3_tmoe_s0_1e16_ant0p1,cited
results/phase0/runs/g3_tmoe_s0_1e16_ant0p1/ckpt/iter_0002232/__0_0.distcp,ncylich/temporal-moe-ckpts,g3_tmoe_s0_1e16_ant0p1/ckpt/iter_0002232/__0_0.distcp,85962876,b4cff3ee58e1da56e6ffe0d4ab3ce52f227d5dd145ad2ce6651be1454ea29873,g3_tmoe_s0_1e16_ant0p1,cited
results/phase0/runs/g3_tmoe_s0_1e16_ant0p1/ckpt/iter_0002232/__0_1.distcp,ncylich/temporal-moe-ckpts,g3_tmoe_s0_1e16_ant0p1/ckpt/iter_0002232/__0_1.distcp,85983312,ee587495596d4e016c1f442af5fae46532f084a71835f7149614188914c13f5b,g3_tmoe_s0_1e16_ant0p1,cited
results/phase0/runs/g3_tmoe_s0_1e16_ant0p1/ckpt/iter_0002232/common.pt,ncylich/temporal-moe-ckpts,g3_tmoe_s0_1e16_ant0p1/ckpt/iter_0002232/common.pt,17052,33f3622eee0242e0525c723f0ea36f023c55201ca9798297e4fc2b6a7a4802bb,g3_tmoe_s0_1e16_ant0p1,cited
results/phase0/runs/g3_tmoe_s0_1e16_ant0p1/ckpt/iter_0002232/metadata.json,ncylich/temporal-moe-ckpts,g3_tmoe_s0_1e16_ant0p1/ckpt/iter_0002232/metadata.json,119,9817072de14c715c70e8435a7fee90bac30abaf6885fc53ade6fe88babeef851,g3_tmoe_s0_1e16_ant0p1,cited
results/phase0/runs/g3_tmoe_s0_1e16_ant0p1/ckpt/latest_checkpointed_iteration.txt,ncylich/temporal-moe-ckpts,g3_tmoe_s0_1e16_ant0p1/ckpt/latest_checkpointed_iteration.txt,4,48fe0661615dd0a2fc9cf1b77111613b4c3e7fc857b7bf89e472c233a0b35eb0,g3_tmoe_s0_1e16_ant0p1,cited
results/phase0/runs/g3_tmoe_s0_1e16_ant0p1/nohup.out,ncylich/temporal-moe-ckpts,g3_tmoe_s0_1e16_ant0p1/nohup.out,229968,25a90ba30ae4b1c095700206108e3ed7f5c5ffd170cf9894df4d0c531f0365d9,g3_tmoe_s0_1e16_ant0p1,cited
results/phase0/runs/g3_tmoe_s0_1e16_ant0p1/probe.log,ncylich/temporal-moe-ckpts,g3_tmoe_s0_1e16_ant0p1/probe.log,126258,f0fd1885fd144f3233643f16c80e85778ab62adf4b5b9496af916c21acec4d23,g3_tmoe_s0_1e16_ant0p1,cited
results/phase0/runs/g3_tmoe_s0_1e16_ant0p1/probe_launch.out,ncylich/temporal-moe-ckpts,g3_tmoe_s0_1e16_ant0p1/probe_launch.out,126522,388bdd3fa42f70b1596a000e4789d056d54b98351dd50c14dbc9c544c983477a,g3_tmoe_s0_1e16_ant0p1,cited
results/phase0/runs/g3_tmoe_s0_1e16_ant0p1/run.meta,ncylich/temporal-moe-ckpts,g3_tmoe_s0_1e16_ant0p1/run.meta,264,d2f177effbe3c7075329b3ee719914436cdc765112061a074da9b7a9388a67fa,g3_tmoe_s0_1e16_ant0p1,cited
results/phase0/runs/g3_tmoe_s0_1e16_ant0p1/tb/events.out.tfevents.1783032833.fc23b1f776cf.149086.0,ncylich/temporal-moe-ckpts,g3_tmoe_s0_1e16_ant0p1/tb/events.out.tfevents.1783032833.fc23b1f776cf.149086.0,3598233,5f712dbc1512ebb6b3ae45a9ae5ce2aa6d5509c1ebdfebb7cabce1d63b9173f8,g3_tmoe_s0_1e16_ant0p1,cited
results/phase0/runs/g3_tmoe_s0_1e16_ant0p1/tb/events.out.tfevents.1783035469.fc23b1f776cf.150250.0,ncylich/temporal-moe-ckpts,g3_tmoe_s0_1e16_ant0p1/tb/events.out.tfevents.1783035469.fc23b1f776cf.150250.0,48592,4e089347d95d0a5cdec675694aae44f61582b2005e03532b4aa1b1632181d511,g3_tmoe_s0_1e16_ant0p1,cited
results/phase0/runs/g3_tmoe_s0_1e16_ant0p1/train.log,ncylich/temporal-moe-ckpts,g3_tmoe_s0_1e16_ant0p1/train.log,229703,2d5a41b04595824c6d39c69d35cf246c21e61f8de36bda2531a3230e227f19f8,g3_tmoe_s0_1e16_ant0p1,cited
results/phase0/runs/g3_tmoe_s0_1e16_bursty/ckpt/iter_0000006/.metadata,ncylich/temporal-moe-ckpts,g3_tmoe_s0_1e16_bursty/ckpt/iter_0000006/.metadata,2290108,6b10c07972fbb57a9719768441d41d4e758c46e97c621d3df08e72be4f5dfc2a,g3_tmoe_s0_1e16_bursty,cited
results/phase0/runs/g3_tmoe_s0_1e16_bursty/ckpt/iter_0000006/__0_0.distcp,ncylich/temporal-moe-ckpts,g3_tmoe_s0_1e16_bursty/ckpt/iter_0000006/__0_0.distcp,85962876,6ef1e6e3d624065948cc8969bb1ca569da2a71b7e4aebba0d35ba04121c43a2c,g3_tmoe_s0_1e16_bursty,cited
results/phase0/runs/g3_tmoe_s0_1e16_bursty/ckpt/iter_0000006/__0_1.distcp,ncylich/temporal-moe-ckpts,g3_tmoe_s0_1e16_bursty/ckpt/iter_0000006/__0_1.distcp,85983312,a88c62f8aaa4e61dbecd2c5c95d861035033646ae1adfbd05f1890418823165f,g3_tmoe_s0_1e16_bursty,cited
results/phase0/runs/g3_tmoe_s0_1e16_bursty/ckpt/iter_0000006/common.pt,ncylich/temporal-moe-ckpts,g3_tmoe_s0_1e16_bursty/ckpt/iter_0000006/common.pt,17052,350a4fe8587e099d488387b26a063ebdd9c0b73397b421b2205f1f615e94aa11,g3_tmoe_s0_1e16_bursty,cited
results/phase0/runs/g3_tmoe_s0_1e16_bursty/ckpt/iter_0000006/metadata.json,ncylich/temporal-moe-ckpts,g3_tmoe_s0_1e16_bursty/ckpt/iter_0000006/metadata.json,119,9817072de14c715c70e8435a7fee90bac30abaf6885fc53ade6fe88babeef851,g3_tmoe_s0_1e16_bursty,cited
results/phase0/runs/g3_tmoe_s0_1e16_bursty/ckpt/iter_0002232/.metadata,ncylich/temporal-moe-ckpts,g3_tmoe_s0_1e16_bursty/ckpt/iter_0002232/.metadata,2290108,c096f2b32709bacd8261aab5ea88776a1bfff297ce025e0fe19ec812f1144ba7,g3_tmoe_s0_1e16_bursty,cited
results/phase0/runs/g3_tmoe_s0_1e16_bursty/ckpt/iter_0002232/__0_0.distcp,ncylich/temporal-moe-ckpts,g3_tmoe_s0_1e16_bursty/ckpt/iter_0002232/__0_0.distcp,85962876,f4ef5d97b4bf989c2cc228dbef27dfe2d0c9ee674a4887b0ece1b583882e507f,g3_tmoe_s0_1e16_bursty,cited
results/phase0/runs/g3_tmoe_s0_1e16_bursty/ckpt/iter_0002232/__0_1.distcp,ncylich/temporal-moe-ckpts,g3_tmoe_s0_1e16_bursty/ckpt/iter_0002232/__0_1.distcp,85983312,848b978c63d4cded08b80d3dd4b55caab596ab29db5f37bd6d27a729f5934acb,g3_tmoe_s0_1e16_bursty,cited
results/phase0/runs/g3_tmoe_s0_1e16_bursty/ckpt/iter_0002232/common.pt,ncylich/temporal-moe-ckpts,g3_tmoe_s0_1e16_bursty/ckpt/iter_0002232/common.pt,17052,b609770d6be52a3fa4c90619e5c3eb94e60ef59f5b5f86c492dfe921fd71c9d2,g3_tmoe_s0_1e16_bursty,cited
results/phase0/runs/g3_tmoe_s0_1e16_bursty/ckpt/iter_0002232/metadata.json,ncylich/temporal-moe-ckpts,g3_tmoe_s0_1e16_bursty/ckpt/iter_0002232/metadata.json,119,9817072de14c715c70e8435a7fee90bac30abaf6885fc53ade6fe88babeef851,g3_tmoe_s0_1e16_bursty,cited
results/phase0/runs/g3_tmoe_s0_1e16_bursty/ckpt/latest_checkpointed_iteration.txt,ncylich/temporal-moe-ckpts,g3_tmoe_s0_1e16_bursty/ckpt/latest_checkpointed_iteration.txt,4,48fe0661615dd0a2fc9cf1b77111613b4c3e7fc857b7bf89e472c233a0b35eb0,g3_tmoe_s0_1e16_bursty,cited
results/phase0/runs/g3_tmoe_s0_1e16_bursty/nohup.out,ncylich/temporal-moe-ckpts,g3_tmoe_s0_1e16_bursty/nohup.out,228401,588c28d72764bfa673428faebed0fecc00505defaf2d1bdc447e35581db0417a,g3_tmoe_s0_1e16_bursty,cited
results/phase0/runs/g3_tmoe_s0_1e16_bursty/probe.log,ncylich/temporal-moe-ckpts,g3_tmoe_s0_1e16_bursty/probe.log,126258,997255cc7c4e353913644a0aab31a7fadfc1a774fcfd73b0a9abd640f033305f,g3_tmoe_s0_1e16_bursty,cited
results/phase0/runs/g3_tmoe_s0_1e16_bursty/probe.out,ncylich/temporal-moe-ckpts,g3_tmoe_s0_1e16_bursty/probe.out,126522,bebd5624004bf7049cbaea1724f924edc93a184b5ef9db6cbf1cce4fced27e06,g3_tmoe_s0_1e16_bursty,cited
results/phase0/runs/g3_tmoe_s0_1e16_bursty/run.meta,ncylich/temporal-moe-ckpts,g3_tmoe_s0_1e16_bursty/run.meta,264,cf1974e954a1e1603dfc8247655704122f4b6e3383176de3e907e5fe2e108c07,g3_tmoe_s0_1e16_bursty,cited
results/phase0/runs/g3_tmoe_s0_1e16_bursty/tb/events.out.tfevents.1783107330.fc23b1f776cf.240262.0,ncylich/temporal-moe-ckpts,g3_tmoe_s0_1e16_bursty/tb/events.out.tfevents.1783107330.fc23b1f776cf.240262.0,3531273,777021d8ea7d897c202f1d66653b9db576841252b45ee3fbd1ae7e372410c7fa,g3_tmoe_s0_1e16_bursty,cited
results/phase0/runs/g3_tmoe_s0_1e16_bursty/tb/events.out.tfevents.1783109098.fc23b1f776cf.241528.0,ncylich/temporal-moe-ckpts,g3_tmoe_s0_1e16_bursty/tb/events.out.tfevents.1783109098.fc23b1f776cf.241528.0,48592,f386a4e6827363bb610deb5e55328dbce2873486391beb5c055b13a2e684c69e,g3_tmoe_s0_1e16_bursty,cited
results/phase0/runs/g3_tmoe_s0_1e16_bursty/train.log,ncylich/temporal-moe-ckpts,g3_tmoe_s0_1e16_bursty/train.log,228136,68910b94ebe3bdb222d1ab549f8e600dc5c54e0275bb238afb206033f8fe2550,g3_tmoe_s0_1e16_bursty,cited
results/phase0/runs/g3_tmoe_s0_1e16_head/ckpt/iter_0000006/.metadata,ncylich/temporal-moe-ckpts,g3_tmoe_s0_1e16_head/ckpt/iter_0000006/.metadata,2290106,9fdb6b8cc779594f6b1b1525b153a63c8c361e56b749eaaf5b8a224bb3d554c8,g3_tmoe_s0_1e16_head,cited
results/phase0/runs/g3_tmoe_s0_1e16_head/ckpt/iter_0000006/__0_0.distcp,ncylich/temporal-moe-ckpts,g3_tmoe_s0_1e16_head/ckpt/iter_0000006/__0_0.distcp,85962876,906edadcd5ece9b0e75ba47700907bc3a0251ab0a9f98a693bc92af39df2e905,g3_tmoe_s0_1e16_head,cited
results/phase0/runs/g3_tmoe_s0_1e16_head/ckpt/iter_0000006/__0_1.distcp,ncylich/temporal-moe-ckpts,g3_tmoe_s0_1e16_head/ckpt/iter_0000006/__0_1.distcp,85983312,f99f4c05a8fa759846bcec1548e58190d1108535c6e3c794ea85c0df17090405,g3_tmoe_s0_1e16_head,cited
results/phase0/runs/g3_tmoe_s0_1e16_head/ckpt/iter_0000006/common.pt,ncylich/temporal-moe-ckpts,g3_tmoe_s0_1e16_head/ckpt/iter_0000006/common.pt,17052,1371b5d2e716e17fdc31ca034e92d09f6e3c9f47135a85bd65e5ab3d2dd8a858,g3_tmoe_s0_1e16_head,cited
results/phase0/runs/g3_tmoe_s0_1e16_head/ckpt/iter_0000006/metadata.json,ncylich/temporal-moe-ckpts,g3_tmoe_s0_1e16_head/ckpt/iter_0000006/metadata.json,119,9817072de14c715c70e8435a7fee90bac30abaf6885fc53ade6fe88babeef851,g3_tmoe_s0_1e16_head,cited
results/phase0/runs/g3_tmoe_s0_1e16_head/ckpt/iter_0002232/.metadata,ncylich/temporal-moe-ckpts,g3_tmoe_s0_1e16_head/ckpt/iter_0002232/.metadata,2295554,5db31a90975915cde316b6da1ca843784fe1ef3fd4b4b92496f8a5b5523998a6,g3_tmoe_s0_1e16_head,cited
results/phase0/runs/g3_tmoe_s0_1e16_head/ckpt/iter_0002232/__0_0.distcp,ncylich/temporal-moe-ckpts,g3_tmoe_s0_1e16_head/ckpt/iter_0002232/__0_0.distcp,86493132,95d5d11906981e41a2d3403183dc8c1bb8b7ead025a1ad7b32c29de2a03e4014,g3_tmoe_s0_1e16_head,cited
results/phase0/runs/g3_tmoe_s0_1e16_head/ckpt/iter_0002232/__0_1.distcp,ncylich/temporal-moe-ckpts,g3_tmoe_s0_1e16_head/ckpt/iter_0002232/__0_1.distcp,86499408,24b7de3088a071beed92018333c57e84d0718638d7b5fe99382ff735a347ca09,g3_tmoe_s0_1e16_head,cited
results/phase0/runs/g3_tmoe_s0_1e16_head/ckpt/iter_0002232/common.pt,ncylich/temporal-moe-ckpts,g3_tmoe_s0_1e16_head/ckpt/iter_0002232/common.pt,17052,0ad04c577ad38e278a2f154e43f606f65eb21a7fc4b86b74f3844e939fd0d5cc,g3_tmoe_s0_1e16_head,cited
results/phase0/runs/g3_tmoe_s0_1e16_head/ckpt/iter_0002232/metadata.json,ncylich/temporal-moe-ckpts,g3_tmoe_s0_1e16_head/ckpt/iter_0002232/metadata.json,119,9817072de14c715c70e8435a7fee90bac30abaf6885fc53ade6fe88babeef851,g3_tmoe_s0_1e16_head,cited
results/phase0/runs/g3_tmoe_s0_1e16_head/ckpt/latest_checkpointed_iteration.txt,ncylich/temporal-moe-ckpts,g3_tmoe_s0_1e16_head/ckpt/latest_checkpointed_iteration.txt,4,48fe0661615dd0a2fc9cf1b77111613b4c3e7fc857b7bf89e472c233a0b35eb0,g3_tmoe_s0_1e16_head,cited
results/phase0/runs/g3_tmoe_s0_1e16_head/eval_e1.out,ncylich/temporal-moe-ckpts,g3_tmoe_s0_1e16_head/eval_e1.out,209042,e5c46305eb6bd4e55524adbf92b06c2bc63dde6d109b4e4c89dcc35d1faef1fb,g3_tmoe_s0_1e16_head,cited
results/phase0/runs/g3_tmoe_s0_1e16_head/eval_temporal.log,ncylich/temporal-moe-ckpts,g3_tmoe_s0_1e16_head/eval_temporal.log,208780,d14aabd53cc7d95420b9eae03eaa03f7a64a88aca5805c8e8c187acd10cae71a,g3_tmoe_s0_1e16_head,cited
results/phase0/runs/g3_tmoe_s0_1e16_head/nohup.out,ncylich/temporal-moe-ckpts,g3_tmoe_s0_1e16_head/nohup.out,229244,4f4dda1b03701302e38720dde6f0af02c0ddd1b57412958acc41b485650a63c7,g3_tmoe_s0_1e16_head,cited
results/phase0/runs/g3_tmoe_s0_1e16_head/probe.log,ncylich/temporal-moe-ckpts,g3_tmoe_s0_1e16_head/probe.log,126242,39f58891271878beb9ae66dc53c7fbaa1c02bd261ab23f402cad6c056f0d9d7d,g3_tmoe_s0_1e16_head,cited
results/phase0/runs/g3_tmoe_s0_1e16_head/probe.out,ncylich/temporal-moe-ckpts,g3_tmoe_s0_1e16_head/probe.out,126504,bce00e693ec5991d6a5d69edc083fa5adb8d330edfdc01a74d702d1655f7a09b,g3_tmoe_s0_1e16_head,cited
results/phase0/runs/g3_tmoe_s0_1e16_head/run.meta,ncylich/temporal-moe-ckpts,g3_tmoe_s0_1e16_head/run.meta,262,dd028c9ff49a8bb8c003d6682a4167b8d0b615e283fbe8b1df4e2234d855130a,g3_tmoe_s0_1e16_head,cited
results/phase0/runs/g3_tmoe_s0_1e16_head/tb/events.out.tfevents.1783164882.fc23b1f776cf.343058.0,ncylich/temporal-moe-ckpts,g3_tmoe_s0_1e16_head/tb/events.out.tfevents.1783164882.fc23b1f776cf.343058.0,3553587,a0e26f91442de0acefb27c89d2dc66c1ae5d9d381193c51ad221f0a56d3638c9,g3_tmoe_s0_1e16_head,cited
results/phase0/runs/g3_tmoe_s0_1e16_head/tb/events.out.tfevents.1783167643.fc23b1f776cf.344286.0,ncylich/temporal-moe-ckpts,g3_tmoe_s0_1e16_head/tb/events.out.tfevents.1783167643.fc23b1f776cf.344286.0,48586,4ed445fd46f762cefb6fdbaaf252c2732f7718424c3d5ee3805288ac00a81c88,g3_tmoe_s0_1e16_head,cited
results/phase0/runs/g3_tmoe_s0_1e16_head/tb/events.out.tfevents.1783170027.fc23b1f776cf.349908.0,ncylich/temporal-moe-ckpts,g3_tmoe_s0_1e16_head/tb/events.out.tfevents.1783170027.fc23b1f776cf.349908.0,88,940016ceec7e88dd25cc5d6a7423e90b3ced60c6f1518a38addc77cdb7c6d06e,g3_tmoe_s0_1e16_head,cited
results/phase0/runs/g3_tmoe_s0_1e16_head/train.log,ncylich/temporal-moe-ckpts,g3_tmoe_s0_1e16_head/train.log,228981,5c5fe992a06774af5403a85f28f7907742c7c7af6fec78e97446b6ebdb660ee1,g3_tmoe_s0_1e16_head,cited
results/phase0/runs/g3_tmoe_s0_1e16_head_b05/ckpt/iter_0000006/.metadata,ncylich/temporal-moe-ckpts,g3_tmoe_s0_1e16_head_b05/ckpt/iter_0000006/.metadata,2290110,5f02d1bd0d7ec410af07b4d6d207214792a9a479d8fd3f7b3d134d38d472825a,g3_tmoe_s0_1e16_head_b05,cited
results/phase0/runs/g3_tmoe_s0_1e16_head_b05/ckpt/iter_0000006/__0_0.distcp,ncylich/temporal-moe-ckpts,g3_tmoe_s0_1e16_head_b05/ckpt/iter_0000006/__0_0.distcp,85962876,73575c9de0fdfb46ffc5b79e8963d02dd7ed4f43fe6352f62fd870a4a696dd5f,g3_tmoe_s0_1e16_head_b05,cited
results/phase0/runs/g3_tmoe_s0_1e16_head_b05/ckpt/iter_0000006/__0_1.distcp,ncylich/temporal-moe-ckpts,g3_tmoe_s0_1e16_head_b05/ckpt/iter_0000006/__0_1.distcp,85983312,fed0b941d51449ca5be53e7ac117fde6e209027670fb7de95eb873cd341d5c6e,g3_tmoe_s0_1e16_head_b05,cited
results/phase0/runs/g3_tmoe_s0_1e16_head_b05/ckpt/iter_0000006/common.pt,ncylich/temporal-moe-ckpts,g3_tmoe_s0_1e16_head_b05/ckpt/iter_0000006/common.pt,17052,a69ae9c39fbd7ec1768301a059d1ee9855512038500950598bc5bde4268d8d07,g3_tmoe_s0_1e16_head_b05,cited
results/phase0/runs/g3_tmoe_s0_1e16_head_b05/ckpt/iter_0000006/metadata.json,ncylich/temporal-moe-ckpts,g3_tmoe_s0_1e16_head_b05/ckpt/iter_0000006/metadata.json,119,9817072de14c715c70e8435a7fee90bac30abaf6885fc53ade6fe88babeef851,g3_tmoe_s0_1e16_head_b05,cited
results/phase0/runs/g3_tmoe_s0_1e16_head_b05/ckpt/iter_0002232/.metadata,ncylich/temporal-moe-ckpts,g3_tmoe_s0_1e16_head_b05/ckpt/iter_0002232/.metadata,2295558,1227c7d06e7426e6c355729bafe272523ec212685a8cd94d74611d4bfe184a21,g3_tmoe_s0_1e16_head_b05,cited
results/phase0/runs/g3_tmoe_s0_1e16_head_b05/ckpt/iter_0002232/__0_0.distcp,ncylich/temporal-moe-ckpts,g3_tmoe_s0_1e16_head_b05/ckpt/iter_0002232/__0_0.distcp,86493132,d7da75226e4d40d4d7a76cbbbdf580bb88146d642da2f1103acd828e2f2deeaa,g3_tmoe_s0_1e16_head_b05,cited
results/phase0/runs/g3_tmoe_s0_1e16_head_b05/ckpt/iter_0002232/__0_1.distcp,ncylich/temporal-moe-ckpts,g3_tmoe_s0_1e16_head_b05/ckpt/iter_0002232/__0_1.distcp,86499408,4facc7df48ced704b8bb68c779d25fc2a835d3689ea75a867ce246761d09b42f,g3_tmoe_s0_1e16_head_b05,cited
results/phase0/runs/g3_tmoe_s0_1e16_head_b05/ckpt/iter_0002232/common.pt,ncylich/temporal-moe-ckpts,g3_tmoe_s0_1e16_head_b05/ckpt/iter_0002232/common.pt,17052,f09b7812321afdcb33b6c4e3d0473db4324ea89337bb2d57bad1450045b12401,g3_tmoe_s0_1e16_head_b05,cited
results/phase0/runs/g3_tmoe_s0_1e16_head_b05/ckpt/iter_0002232/metadata.json,ncylich/temporal-moe-ckpts,g3_tmoe_s0_1e16_head_b05/ckpt/iter_0002232/metadata.json,119,9817072de14c715c70e8435a7fee90bac30abaf6885fc53ade6fe88babeef851,g3_tmoe_s0_1e16_head_b05,cited
results/phase0/runs/g3_tmoe_s0_1e16_head_b05/ckpt/latest_checkpointed_iteration.txt,ncylich/temporal-moe-ckpts,g3_tmoe_s0_1e16_head_b05/ckpt/latest_checkpointed_iteration.txt,4,48fe0661615dd0a2fc9cf1b77111613b4c3e7fc857b7bf89e472c233a0b35eb0,g3_tmoe_s0_1e16_head_b05,cited
results/phase0/runs/g3_tmoe_s0_1e16_head_b05/nohup.out,ncylich/temporal-moe-ckpts,g3_tmoe_s0_1e16_head_b05/nohup.out,229276,bc88cb3f5a8da539570a254b78442ee384b9c76e57a838b081dfeb9c0c931cd6,g3_tmoe_s0_1e16_head_b05,cited
results/phase0/runs/g3_tmoe_s0_1e16_head_b05/probe.log,ncylich/temporal-moe-ckpts,g3_tmoe_s0_1e16_head_b05/probe.log,126274,e6afc2ed3da5f585d4cf0ccbd572b6d9606527ee2a267e719f9606a417526557,g3_tmoe_s0_1e16_head_b05,cited
results/phase0/runs/g3_tmoe_s0_1e16_head_b05/probe.out,ncylich/temporal-moe-ckpts,g3_tmoe_s0_1e16_head_b05/probe.out,126540,380c3c22604a958445285a0b1ba9e77a5d015bacdf54736403a3c05b976d46be,g3_tmoe_s0_1e16_head_b05,cited
results/phase0/runs/g3_tmoe_s0_1e16_head_b05/run.meta,ncylich/temporal-moe-ckpts,g3_tmoe_s0_1e16_head_b05/run.meta,266,ab41b22b5f3a000170d8c610d37eb7c3863856fbb0b641de993899ede15368a7,g3_tmoe_s0_1e16_head_b05,cited
results/phase0/runs/g3_tmoe_s0_1e16_head_b05/tb/events.out.tfevents.1783175666.fc23b1f776cf.355225.0,ncylich/temporal-moe-ckpts,g3_tmoe_s0_1e16_head_b05/tb/events.out.tfevents.1783175666.fc23b1f776cf.355225.0,3553599,3d2f575de311414b3246d604dd906b6383798cc6e3accaf2d31ee9cc9a2d911a,g3_tmoe_s0_1e16_head_b05,cited
results/phase0/runs/g3_tmoe_s0_1e16_head_b05/tb/events.out.tfevents.1783178465.fc23b1f776cf.356535.0,ncylich/temporal-moe-ckpts,g3_tmoe_s0_1e16_head_b05/tb/events.out.tfevents.1783178465.fc23b1f776cf.356535.0,48598,0bc65fa57848b23fe731e0c563ec38d54219b303f8d14405de8f3bbd2eb3a6a4,g3_tmoe_s0_1e16_head_b05,cited
results/phase0/runs/g3_tmoe_s0_1e16_head_b05/train.log,ncylich/temporal-moe-ckpts,g3_tmoe_s0_1e16_head_b05/train.log,229009,fcca3e05e329d2f6196b852936714b820fb03465acce8915fc5a725d6751b384,g3_tmoe_s0_1e16_head_b05,cited
results/phase0/runs/g3_tmoe_s0_1e16_head_c/ckpt/iter_0000006/.metadata,ncylich/temporal-moe-ckpts,g3_tmoe_s0_1e16_head_c/ckpt/iter_0000006/.metadata,2290108,5fad2d41f48637449659c0cc18a082f45b543194b886c635efd4656d300fcc8b,g3_tmoe_s0_1e16_head_c,cited
results/phase0/runs/g3_tmoe_s0_1e16_head_c/ckpt/iter_0000006/__0_0.distcp,ncylich/temporal-moe-ckpts,g3_tmoe_s0_1e16_head_c/ckpt/iter_0000006/__0_0.distcp,85962876,9ce15b3b1d70c5fdce07b884f16e2496dc40306fdf70f7b68e8ac72f42f5e619,g3_tmoe_s0_1e16_head_c,cited
results/phase0/runs/g3_tmoe_s0_1e16_head_c/ckpt/iter_0000006/__0_1.distcp,ncylich/temporal-moe-ckpts,g3_tmoe_s0_1e16_head_c/ckpt/iter_0000006/__0_1.distcp,85983312,89e4c83fe9f42d17ce6c0eafb9ee0ea0e26849afbeb8ac3a00aadfb8e69221a2,g3_tmoe_s0_1e16_head_c,cited
results/phase0/runs/g3_tmoe_s0_1e16_head_c/ckpt/iter_0000006/common.pt,ncylich/temporal-moe-ckpts,g3_tmoe_s0_1e16_head_c/ckpt/iter_0000006/common.pt,17052,5a995ab4ef95135f8719d7ee2e173c65343e2f3eea953c13d4c95216fb686c7b,g3_tmoe_s0_1e16_head_c,cited
results/phase0/runs/g3_tmoe_s0_1e16_head_c/ckpt/iter_0000006/metadata.json,ncylich/temporal-moe-ckpts,g3_tmoe_s0_1e16_head_c/ckpt/iter_0000006/metadata.json,119,9817072de14c715c70e8435a7fee90bac30abaf6885fc53ade6fe88babeef851,g3_tmoe_s0_1e16_head_c,cited
results/phase0/runs/g3_tmoe_s0_1e16_head_c/ckpt/iter_0002232/.metadata,ncylich/temporal-moe-ckpts,g3_tmoe_s0_1e16_head_c/ckpt/iter_0002232/.metadata,2295556,51b6ca10e05f5f227c6c6dba65b660b00d9772027c08e128677243bc199a4e6d,g3_tmoe_s0_1e16_head_c,cited
results/phase0/runs/g3_tmoe_s0_1e16_head_c/ckpt/iter_0002232/__0_0.distcp,ncylich/temporal-moe-ckpts,g3_tmoe_s0_1e16_head_c/ckpt/iter_0002232/__0_0.distcp,86493132,abb59d480b7f98c598d7527de9a68369dfaceafb14de6ab7d682ebc04c52eb9e,g3_tmoe_s0_1e16_head_c,cited
results/phase0/runs/g3_tmoe_s0_1e16_head_c/ckpt/iter_0002232/__0_1.distcp,ncylich/temporal-moe-ckpts,g3_tmoe_s0_1e16_head_c/ckpt/iter_0002232/__0_1.distcp,86499408,dcbe16e8124b7407de7520107396b055315e781b6979da21fad6ce74157aa88f,g3_tmoe_s0_1e16_head_c,cited
results/phase0/runs/g3_tmoe_s0_1e16_head_c/ckpt/iter_0002232/common.pt,ncylich/temporal-moe-ckpts,g3_tmoe_s0_1e16_head_c/ckpt/iter_0002232/common.pt,17052,20c2b29b090bf8800d74aa1e97f6ccc4855cd247119a000a6b07daec8e514df9,g3_tmoe_s0_1e16_head_c,cited
results/phase0/runs/g3_tmoe_s0_1e16_head_c/ckpt/iter_0002232/metadata.json,ncylich/temporal-moe-ckpts,g3_tmoe_s0_1e16_head_c/ckpt/iter_0002232/metadata.json,119,9817072de14c715c70e8435a7fee90bac30abaf6885fc53ade6fe88babeef851,g3_tmoe_s0_1e16_head_c,cited
results/phase0/runs/g3_tmoe_s0_1e16_head_c/ckpt/latest_checkpointed_iteration.txt,ncylich/temporal-moe-ckpts,g3_tmoe_s0_1e16_head_c/ckpt/latest_checkpointed_iteration.txt,4,48fe0661615dd0a2fc9cf1b77111613b4c3e7fc857b7bf89e472c233a0b35eb0,g3_tmoe_s0_1e16_head_c,cited
results/phase0/runs/g3_tmoe_s0_1e16_head_c/nohup.out,ncylich/temporal-moe-ckpts,g3_tmoe_s0_1e16_head_c/nohup.out,229153,a19a929f8f0b1fbf5e5aeba6aaab6206a0939e879225c7c16213817e2c2e4098,g3_tmoe_s0_1e16_head_c,cited
results/phase0/runs/g3_tmoe_s0_1e16_head_c/probe.log,ncylich/temporal-moe-ckpts,g3_tmoe_s0_1e16_head_c/probe.log,126258,bc7976d257eaa2338f2f205b563c140e738f53951895e92fd06ca8004d284c74,g3_tmoe_s0_1e16_head_c,cited
results/phase0/runs/g3_tmoe_s0_1e16_head_c/probe.out,ncylich/temporal-moe-ckpts,g3_tmoe_s0_1e16_head_c/probe.out,126522,fee504df364e6f88e26065d7bc64b5cc71d7e24b8f8c7985b8265c6c8b32682e,g3_tmoe_s0_1e16_head_c,cited
results/phase0/runs/g3_tmoe_s0_1e16_head_c/run.meta,ncylich/temporal-moe-ckpts,g3_tmoe_s0_1e16_head_c/run.meta,264,92a7e40c15d58d95f4c570e044f1e6a56b29e2ead89cd71731c072f751fb5497,g3_tmoe_s0_1e16_head_c,cited
results/phase0/runs/g3_tmoe_s0_1e16_head_c/tb/events.out.tfevents.1783171461.fc23b1f776cf.352961.0,ncylich/temporal-moe-ckpts,g3_tmoe_s0_1e16_head_c/tb/events.out.tfevents.1783171461.fc23b1f776cf.352961.0,3553593,375c94aea8409c0c5faaf58a452af2157aa450240dc98ea1e931cb40ab933aee,g3_tmoe_s0_1e16_head_c,cited
results/phase0/runs/g3_tmoe_s0_1e16_head_c/tb/events.out.tfevents.1783175499.fc23b1f776cf.354372.0,ncylich/temporal-moe-ckpts,g3_tmoe_s0_1e16_head_c/tb/events.out.tfevents.1783175499.fc23b1f776cf.354372.0,48592,11b5a7863af117449a4bb1e79a817eed0cf5c312d608b75fa5707d8f8e930f95,g3_tmoe_s0_1e16_head_c,cited
results/phase0/runs/g3_tmoe_s0_1e16_head_c/train.log,ncylich/temporal-moe-ckpts,g3_tmoe_s0_1e16_head_c/train.log,228888,06215b22f2b086ef4682674c97d99b7c01d9c9f31dd5dab37e2a5bf3224e3fe7,g3_tmoe_s0_1e16_head_c,cited
results/phase0/runs/g3_tmoe_s0_1e16_head_smoke/ckpt/iter_0000200/.metadata,ncylich/temporal-moe-ckpts,g3_tmoe_s0_1e16_head_smoke/ckpt/iter_0000200/.metadata,2295560,0ce6560f8388858aac9ef257ecedc220bafbcfe4b900be9e19aa8a4716be700f,g3_tmoe_s0_1e16_head_smoke,uncited
results/phase0/runs/g3_tmoe_s0_1e16_head_smoke/ckpt/iter_0000200/__0_0.distcp,ncylich/temporal-moe-ckpts,g3_tmoe_s0_1e16_head_smoke/ckpt/iter_0000200/__0_0.distcp,86493132,789664941bc4ba9ae99afa80819a5ce6228783406b33c38da628e48a09737344,g3_tmoe_s0_1e16_head_smoke,uncited
results/phase0/runs/g3_tmoe_s0_1e16_head_smoke/ckpt/iter_0000200/__0_1.distcp,ncylich/temporal-moe-ckpts,g3_tmoe_s0_1e16_head_smoke/ckpt/iter_0000200/__0_1.distcp,86499408,9904770440042b2e260e0a01442a6c70dd79efca15c2e1739d2703f3b2c35ec4,g3_tmoe_s0_1e16_head_smoke,uncited
results/phase0/runs/g3_tmoe_s0_1e16_head_smoke/ckpt/iter_0000200/common.pt,ncylich/temporal-moe-ckpts,g3_tmoe_s0_1e16_head_smoke/ckpt/iter_0000200/common.pt,17052,c040fd7c7c377dc1bd1c29d14c5ac90e2cc09bd1092975ecbe3f3f010d3531a1,g3_tmoe_s0_1e16_head_smoke,uncited
results/phase0/runs/g3_tmoe_s0_1e16_head_smoke/ckpt/iter_0000200/metadata.json,ncylich/temporal-moe-ckpts,g3_tmoe_s0_1e16_head_smoke/ckpt/iter_0000200/metadata.json,119,9817072de14c715c70e8435a7fee90bac30abaf6885fc53ade6fe88babeef851,g3_tmoe_s0_1e16_head_smoke,uncited
results/phase0/runs/g3_tmoe_s0_1e16_head_smoke/ckpt/latest_checkpointed_iteration.txt,ncylich/temporal-moe-ckpts,g3_tmoe_s0_1e16_head_smoke/ckpt/latest_checkpointed_iteration.txt,3,27badc983df1780b60c2b3fa9d3a19a00e46aac798451f0febdca52920faaddf,g3_tmoe_s0_1e16_head_smoke,uncited
results/phase0/runs/g3_tmoe_s0_1e16_head_smoke/nohup.out,ncylich/temporal-moe-ckpts,g3_tmoe_s0_1e16_head_smoke/nohup.out,135315,725b81a80f28f97df6c0fdb1b15be0b630d730f0d3b7e5e1a7de0c5a1ad036ac,g3_tmoe_s0_1e16_head_smoke,uncited
results/phase0/runs/g3_tmoe_s0_1e16_head_smoke/run.meta,ncylich/temporal-moe-ckpts,g3_tmoe_s0_1e16_head_smoke/run.meta,268,fb622ec2560cb877a50d8b60e329302c3f11ea71dcc44f4ecaf51b7a3882287a,g3_tmoe_s0_1e16_head_smoke,uncited
results/phase0/runs/g3_tmoe_s0_1e16_head_smoke/tb/events.out.tfevents.1783164165.fc23b1f776cf.342119.0,ncylich/temporal-moe-ckpts,g3_tmoe_s0_1e16_head_smoke/tb/events.out.tfevents.1783164165.fc23b1f776cf.342119.0,353076,31f821fe6d691b75bb787a61ef2f78c9e3c609f03d16ef7cb270bf12c94cca4e,g3_tmoe_s0_1e16_head_smoke,uncited
results/phase0/runs/g3_tmoe_s0_1e16_head_smoke/train.log,ncylich/temporal-moe-ckpts,g3_tmoe_s0_1e16_head_smoke/train.log,135047,5b96b98384f93d63d46171914e37335e33069b86b09942308257bccdb9c63d79,g3_tmoe_s0_1e16_head_smoke,uncited
results/phase0/runs/g3_tmoe_s0_1e16_head_tc/ckpt/iter_0000006/.metadata,ncylich/temporal-moe-ckpts,g3_tmoe_s0_1e16_head_tc/ckpt/iter_0000006/.metadata,2290109,24652f964b27e96234f3fb886eb5627638dfbfd52d1f02614237a70edddf1a8a,g3_tmoe_s0_1e16_head_tc,cited
results/phase0/runs/g3_tmoe_s0_1e16_head_tc/ckpt/iter_0000006/__0_0.distcp,ncylich/temporal-moe-ckpts,g3_tmoe_s0_1e16_head_tc/ckpt/iter_0000006/__0_0.distcp,85962876,d48fba3bf2aa8e3b36676f0c75e365f7679725fd308bf71df63d49513244e135,g3_tmoe_s0_1e16_head_tc,cited
results/phase0/runs/g3_tmoe_s0_1e16_head_tc/ckpt/iter_0000006/__0_1.distcp,ncylich/temporal-moe-ckpts,g3_tmoe_s0_1e16_head_tc/ckpt/iter_0000006/__0_1.distcp,85983312,53034dd60a99fff5d5e2f34e9724d1e42ade42016bcd5c29f283ccdf11523baa,g3_tmoe_s0_1e16_head_tc,cited
results/phase0/runs/g3_tmoe_s0_1e16_head_tc/ckpt/iter_0000006/common.pt,ncylich/temporal-moe-ckpts,g3_tmoe_s0_1e16_head_tc/ckpt/iter_0000006/common.pt,17052,ded44783b05245e85a1c28380a5392738bcae84f6023484e7661a39a16a2884a,g3_tmoe_s0_1e16_head_tc,cited
results/phase0/runs/g3_tmoe_s0_1e16_head_tc/ckpt/iter_0000006/metadata.json,ncylich/temporal-moe-ckpts,g3_tmoe_s0_1e16_head_tc/ckpt/iter_0000006/metadata.json,119,9817072de14c715c70e8435a7fee90bac30abaf6885fc53ade6fe88babeef851,g3_tmoe_s0_1e16_head_tc,cited
results/phase0/runs/g3_tmoe_s0_1e16_head_tc/ckpt/iter_0002232/.metadata,ncylich/temporal-moe-ckpts,g3_tmoe_s0_1e16_head_tc/ckpt/iter_0002232/.metadata,2295557,f31dc413df9a040694ef3b9c22b8a61c775f33ae007fa77f793ec911e17c22f8,g3_tmoe_s0_1e16_head_tc,cited
results/phase0/runs/g3_tmoe_s0_1e16_head_tc/ckpt/iter_0002232/__0_0.distcp,ncylich/temporal-moe-ckpts,g3_tmoe_s0_1e16_head_tc/ckpt/iter_0002232/__0_0.distcp,86493132,59abf4fa00bdf883eefbbb43de5cfce59bfd6a6fac7579f48abd3cd06c3e19a6,g3_tmoe_s0_1e16_head_tc,cited
results/phase0/runs/g3_tmoe_s0_1e16_head_tc/ckpt/iter_0002232/__0_1.distcp,ncylich/temporal-moe-ckpts,g3_tmoe_s0_1e16_head_tc/ckpt/iter_0002232/__0_1.distcp,86499408,87a1ca8ad019bb80a67966a2cf6af451af2d9c281a71b48253d3e4744aac91aa,g3_tmoe_s0_1e16_head_tc,cited
results/phase0/runs/g3_tmoe_s0_1e16_head_tc/ckpt/iter_0002232/common.pt,ncylich/temporal-moe-ckpts,g3_tmoe_s0_1e16_head_tc/ckpt/iter_0002232/common.pt,17052,e90edc6e880de8e8e2caf5e275622436c18479b299f677a1ea09d246f9533c2b,g3_tmoe_s0_1e16_head_tc,cited
results/phase0/runs/g3_tmoe_s0_1e16_head_tc/ckpt/iter_0002232/metadata.json,ncylich/temporal-moe-ckpts,g3_tmoe_s0_1e16_head_tc/ckpt/iter_0002232/metadata.json,119,9817072de14c715c70e8435a7fee90bac30abaf6885fc53ade6fe88babeef851,g3_tmoe_s0_1e16_head_tc,cited
results/phase0/runs/g3_tmoe_s0_1e16_head_tc/ckpt/latest_checkpointed_iteration.txt,ncylich/temporal-moe-ckpts,g3_tmoe_s0_1e16_head_tc/ckpt/latest_checkpointed_iteration.txt,4,48fe0661615dd0a2fc9cf1b77111613b4c3e7fc857b7bf89e472c233a0b35eb0,g3_tmoe_s0_1e16_head_tc,cited
results/phase0/runs/g3_tmoe_s0_1e16_head_tc/nohup.out,ncylich/temporal-moe-ckpts,g3_tmoe_s0_1e16_head_tc/nohup.out,229119,578da838d9bfd061fcdf0eac32802f2421e345bad5d4076e85e8dd2d90b23c45,g3_tmoe_s0_1e16_head_tc,cited
results/phase0/runs/g3_tmoe_s0_1e16_head_tc/probe.log,ncylich/temporal-moe-ckpts,g3_tmoe_s0_1e16_head_tc/probe.log,126266,dd1ed65dc386eb3e8cac034d3c944d1db67f2198fee86ed7d108ca17bc2b321c,g3_tmoe_s0_1e16_head_tc,cited
results/phase0/runs/g3_tmoe_s0_1e16_head_tc/probe.out,ncylich/temporal-moe-ckpts,g3_tmoe_s0_1e16_head_tc/probe.out,126531,296cdf92a252938c87c8fc5f08a1ecee8eac2f5c3483f6d0f9c6c173f5402dd2,g3_tmoe_s0_1e16_head_tc,cited
results/phase0/runs/g3_tmoe_s0_1e16_head_tc/run.meta,ncylich/temporal-moe-ckpts,g3_tmoe_s0_1e16_head_tc/run.meta,265,f54880bac8668e368ad504198edbf0bddee71a8eb8aa27417bb468afa98c0fa5,g3_tmoe_s0_1e16_head_tc,cited
results/phase0/runs/g3_tmoe_s0_1e16_head_tc/tb/events.out.tfevents.1783214063.fc23b1f776cf.420327.0,ncylich/temporal-moe-ckpts,g3_tmoe_s0_1e16_head_tc/tb/events.out.tfevents.1783214063.fc23b1f776cf.420327.0,3553596,c8fd47c98e1d84cc4861f0f2239e0eb96f31d6a95f577de3672981145fcd0061,g3_tmoe_s0_1e16_head_tc,cited
results/phase0/runs/g3_tmoe_s0_1e16_head_tc/tb/events.out.tfevents.1783218761.fc23b1f776cf.421970.0,ncylich/temporal-moe-ckpts,g3_tmoe_s0_1e16_head_tc/tb/events.out.tfevents.1783218761.fc23b1f776cf.421970.0,48595,25656b7e51fdbcfb3d986e2cd52f47fc258a9c5c6dd92d652d620b402b27f08a,g3_tmoe_s0_1e16_head_tc,cited
results/phase0/runs/g3_tmoe_s0_1e16_head_tc/train.log,ncylich/temporal-moe-ckpts,g3_tmoe_s0_1e16_head_tc/train.log,228853,e264e8f6974a2d32d660a554b0c3f8dcb587c721df95ca06d4520e8af2bccc0d,g3_tmoe_s0_1e16_head_tc,cited
results/phase0/runs/g3_tmoe_s0_1e16_head_tc_smoke/ckpt/iter_0000200/.metadata,ncylich/temporal-moe-ckpts,g3_tmoe_s0_1e16_head_tc_smoke/ckpt/iter_0000200/.metadata,2295563,7e9965eb76b4ff79b0d5d8c57479f5f198eed64c53a081d3e0877defe2b22db0,g3_tmoe_s0_1e16_head_tc_smoke,uncited
results/phase0/runs/g3_tmoe_s0_1e16_head_tc_smoke/ckpt/iter_0000200/__0_0.distcp,ncylich/temporal-moe-ckpts,g3_tmoe_s0_1e16_head_tc_smoke/ckpt/iter_0000200/__0_0.distcp,86493132,2b489b9f8d69dea60522af373e792cb0bb57f59d4e4f171be04be20ebf6c9680,g3_tmoe_s0_1e16_head_tc_smoke,uncited
results/phase0/runs/g3_tmoe_s0_1e16_head_tc_smoke/ckpt/iter_0000200/__0_1.distcp,ncylich/temporal-moe-ckpts,g3_tmoe_s0_1e16_head_tc_smoke/ckpt/iter_0000200/__0_1.distcp,86499408,a5ceda0c922436ac715b7fb08c21050c094afe4e4dd4dadf5c2b8d32f057ee18,g3_tmoe_s0_1e16_head_tc_smoke,uncited
results/phase0/runs/g3_tmoe_s0_1e16_head_tc_smoke/ckpt/iter_0000200/common.pt,ncylich/temporal-moe-ckpts,g3_tmoe_s0_1e16_head_tc_smoke/ckpt/iter_0000200/common.pt,17052,0272f047c8ccd01ffa6ee57dce93bb92f22b2892966e6ef47fc6bd40d64ac7a0,g3_tmoe_s0_1e16_head_tc_smoke,uncited
results/phase0/runs/g3_tmoe_s0_1e16_head_tc_smoke/ckpt/iter_0000200/metadata.json,ncylich/temporal-moe-ckpts,g3_tmoe_s0_1e16_head_tc_smoke/ckpt/iter_0000200/metadata.json,119,9817072de14c715c70e8435a7fee90bac30abaf6885fc53ade6fe88babeef851,g3_tmoe_s0_1e16_head_tc_smoke,uncited
results/phase0/runs/g3_tmoe_s0_1e16_head_tc_smoke/ckpt/latest_checkpointed_iteration.txt,ncylich/temporal-moe-ckpts,g3_tmoe_s0_1e16_head_tc_smoke/ckpt/latest_checkpointed_iteration.txt,3,27badc983df1780b60c2b3fa9d3a19a00e46aac798451f0febdca52920faaddf,g3_tmoe_s0_1e16_head_tc_smoke,uncited
results/phase0/runs/g3_tmoe_s0_1e16_head_tc_smoke/nohup.out,ncylich/temporal-moe-ckpts,g3_tmoe_s0_1e16_head_tc_smoke/nohup.out,135387,9e4ad516d5c54c0954071c10144cce0c2af4b71d9ddfeefddc01f14e747ad3bd,g3_tmoe_s0_1e16_head_tc_smoke,uncited
results/phase0/runs/g3_tmoe_s0_1e16_head_tc_smoke/run.meta,ncylich/temporal-moe-ckpts,g3_tmoe_s0_1e16_head_tc_smoke/run.meta,271,c6de4f3bb83cd73b0a3303d3a8183c693cac65f95f7ef0d9e8ab834b9bd26290,g3_tmoe_s0_1e16_head_tc_smoke,uncited
results/phase0/runs/g3_tmoe_s0_1e16_head_tc_smoke/tb/events.out.tfevents.1783211480.fc23b1f776cf.418281.0,ncylich/temporal-moe-ckpts,g3_tmoe_s0_1e16_head_tc_smoke/tb/events.out.tfevents.1783211480.fc23b1f776cf.418281.0,353085,5b6a8f78c4bfe0f87dd1435942f90ec865389f28d718a33f1950b47f28741647,g3_tmoe_s0_1e16_head_tc_smoke,uncited
results/phase0/runs/g3_tmoe_s0_1e16_head_tc_smoke/train.log,ncylich/temporal-moe-ckpts,g3_tmoe_s0_1e16_head_tc_smoke/train.log,135116,1880747c729c5040163bcc9e53946b8baa60a2e4f8f1b69a614f483161c214c7,g3_tmoe_s0_1e16_head_tc_smoke,uncited
results/phase0/runs/g3_tmoe_s0_1e16_mom/ckpt/iter_0000006/.metadata,ncylich/temporal-moe-ckpts,g3_tmoe_s0_1e16_mom/ckpt/iter_0000006/.metadata,2290105,15043c8b9f03c4f22cb0b3129b08dc25c82bf8bf48211668cf4b5ae679233558,g3_tmoe_s0_1e16_mom,cited
results/phase0/runs/g3_tmoe_s0_1e16_mom/ckpt/iter_0000006/__0_0.distcp,ncylich/temporal-moe-ckpts,g3_tmoe_s0_1e16_mom/ckpt/iter_0000006/__0_0.distcp,85962876,77eaa59530ebbddf459c7176da1ca8a62a307acce05f2e418dde7fcdfce36127,g3_tmoe_s0_1e16_mom,cited
results/phase0/runs/g3_tmoe_s0_1e16_mom/ckpt/iter_0000006/__0_1.distcp,ncylich/temporal-moe-ckpts,g3_tmoe_s0_1e16_mom/ckpt/iter_0000006/__0_1.distcp,85983312,20eb124a89f0ba8ad4b51a279dde1f24be5cb245ec7466f3bb70d80c8a093c23,g3_tmoe_s0_1e16_mom,cited
results/phase0/runs/g3_tmoe_s0_1e16_mom/ckpt/iter_0000006/common.pt,ncylich/temporal-moe-ckpts,g3_tmoe_s0_1e16_mom/ckpt/iter_0000006/common.pt,17052,c8138c080ff72ac38a1d0c29bd640f48a3ad3aa330878e565060b62837fce2fd,g3_tmoe_s0_1e16_mom,cited
results/phase0/runs/g3_tmoe_s0_1e16_mom/ckpt/iter_0000006/metadata.json,ncylich/temporal-moe-ckpts,g3_tmoe_s0_1e16_mom/ckpt/iter_0000006/metadata.json,119,9817072de14c715c70e8435a7fee90bac30abaf6885fc53ade6fe88babeef851,g3_tmoe_s0_1e16_mom,cited
results/phase0/runs/g3_tmoe_s0_1e16_mom/ckpt/iter_0002232/.metadata,ncylich/temporal-moe-ckpts,g3_tmoe_s0_1e16_mom/ckpt/iter_0002232/.metadata,2290105,af8e1d6d3538e3eb3868935b0843e0916ea576004ba5f6c8f21539d6f4be30a5,g3_tmoe_s0_1e16_mom,cited
results/phase0/runs/g3_tmoe_s0_1e16_mom/ckpt/iter_0002232/__0_0.distcp,ncylich/temporal-moe-ckpts,g3_tmoe_s0_1e16_mom/ckpt/iter_0002232/__0_0.distcp,85962876,459523b4a9e2729887edd8fcd97571b26ab15ad3a8e9a621c3d94937da8deed6,g3_tmoe_s0_1e16_mom,cited
results/phase0/runs/g3_tmoe_s0_1e16_mom/ckpt/iter_0002232/__0_1.distcp,ncylich/temporal-moe-ckpts,g3_tmoe_s0_1e16_mom/ckpt/iter_0002232/__0_1.distcp,85983312,e00d8831ee6ee2841c8ae96337d6528db49a5e196a5e71fac9e3111313adf1ea,g3_tmoe_s0_1e16_mom,cited
results/phase0/runs/g3_tmoe_s0_1e16_mom/ckpt/iter_0002232/common.pt,ncylich/temporal-moe-ckpts,g3_tmoe_s0_1e16_mom/ckpt/iter_0002232/common.pt,17052,09e9713c061c9ae88c3eeff0bbf6e8cb4e88ae7175d739a2d811f155573eb035,g3_tmoe_s0_1e16_mom,cited
results/phase0/runs/g3_tmoe_s0_1e16_mom/ckpt/iter_0002232/metadata.json,ncylich/temporal-moe-ckpts,g3_tmoe_s0_1e16_mom/ckpt/iter_0002232/metadata.json,119,9817072de14c715c70e8435a7fee90bac30abaf6885fc53ade6fe88babeef851,g3_tmoe_s0_1e16_mom,cited
results/phase0/runs/g3_tmoe_s0_1e16_mom/ckpt/latest_checkpointed_iteration.txt,ncylich/temporal-moe-ckpts,g3_tmoe_s0_1e16_mom/ckpt/latest_checkpointed_iteration.txt,4,48fe0661615dd0a2fc9cf1b77111613b4c3e7fc857b7bf89e472c233a0b35eb0,g3_tmoe_s0_1e16_mom,cited
results/phase0/runs/g3_tmoe_s0_1e16_mom/nohup.out,ncylich/temporal-moe-ckpts,g3_tmoe_s0_1e16_mom/nohup.out,222128,a1ab25da56c1b9e73f61853a796ed379d96135d30395dca6974ba1810c890fb6,g3_tmoe_s0_1e16_mom,cited
results/phase0/runs/g3_tmoe_s0_1e16_mom/probe.log,ncylich/temporal-moe-ckpts,g3_tmoe_s0_1e16_mom/probe.log,126234,5db0f6d983a5fced262f25702aa17ba540bdd4d85c92d42823511cef0fc66fea,g3_tmoe_s0_1e16_mom,cited
results/phase0/runs/g3_tmoe_s0_1e16_mom/probe.out,ncylich/temporal-moe-ckpts,g3_tmoe_s0_1e16_mom/probe.out,126495,f8b4410c0dbea78daafcbffbc3959115326ddae4674f0f96521c280afb024ab6,g3_tmoe_s0_1e16_mom,cited
results/phase0/runs/g3_tmoe_s0_1e16_mom/run.meta,ncylich/temporal-moe-ckpts,g3_tmoe_s0_1e16_mom/run.meta,261,4d2c6f2339ec6f357fcbe8b8285556acf20d1180d5ebfdfcf7e6ad108171f5e3,g3_tmoe_s0_1e16_mom,cited
results/phase0/runs/g3_tmoe_s0_1e16_mom/tb/events.out.tfevents.1783080899.fc23b1f776cf.211510.0,ncylich/temporal-moe-ckpts,g3_tmoe_s0_1e16_mom/tb/events.out.tfevents.1783080899.fc23b1f776cf.211510.0,2866763,5025111e22d66772238154b94d81f851276613efd4c896576b38d95fe0599da0,g3_tmoe_s0_1e16_mom,cited
results/phase0/runs/g3_tmoe_s0_1e16_mom/tb/events.out.tfevents.1783086167.fc23b1f776cf.213253.0,ncylich/temporal-moe-ckpts,g3_tmoe_s0_1e16_mom/tb/events.out.tfevents.1783086167.fc23b1f776cf.213253.0,48583,ba9d8b350d940a1cf3f8967a5cb5e2514328f80a11a5d8b9edfc7a446f282a3a,g3_tmoe_s0_1e16_mom,cited
results/phase0/runs/g3_tmoe_s0_1e16_mom/train.log,ncylich/temporal-moe-ckpts,g3_tmoe_s0_1e16_mom/train.log,221866,459c511fc3ab5ae4cdf0b217de5fa6deb921e6a047a5882f11ee73c3d18e85fa,g3_tmoe_s0_1e16_mom,cited
results/phase0/runs/g3_tmoe_s0_1e16_mom_seed2/ckpt/iter_0000006/.metadata,ncylich/temporal-moe-ckpts,g3_tmoe_s0_1e16_mom_seed2/ckpt/iter_0000006/.metadata,2290111,ae6b706a43c56422a2cc5d602a50b89c4c41437a983ba84b0188e151c4e828ea,g3_tmoe_s0_1e16_mom_seed2,cited
results/phase0/runs/g3_tmoe_s0_1e16_mom_seed2/ckpt/iter_0000006/__0_0.distcp,ncylich/temporal-moe-ckpts,g3_tmoe_s0_1e16_mom_seed2/ckpt/iter_0000006/__0_0.distcp,85962876,435ad439e3d7faa64f7134edf6e214aab6250d12ca238cd4bcdfb14ce4cd8dd2,g3_tmoe_s0_1e16_mom_seed2,cited
results/phase0/runs/g3_tmoe_s0_1e16_mom_seed2/ckpt/iter_0000006/__0_1.distcp,ncylich/temporal-moe-ckpts,g3_tmoe_s0_1e16_mom_seed2/ckpt/iter_0000006/__0_1.distcp,85983312,0d8e4d45e8262bcbbf4231cf7a1366fd352f225888ab12bd8065dbfbaefe03db,g3_tmoe_s0_1e16_mom_seed2,cited
results/phase0/runs/g3_tmoe_s0_1e16_mom_seed2/ckpt/iter_0000006/common.pt,ncylich/temporal-moe-ckpts,g3_tmoe_s0_1e16_mom_seed2/ckpt/iter_0000006/common.pt,17052,2121b0e880e1ac01f2436ab9217085a7d0fcefcfda2c87f5b0a6d4180de783c4,g3_tmoe_s0_1e16_mom_seed2,cited
results/phase0/runs/g3_tmoe_s0_1e16_mom_seed2/ckpt/iter_0000006/metadata.json,ncylich/temporal-moe-ckpts,g3_tmoe_s0_1e16_mom_seed2/ckpt/iter_0000006/metadata.json,119,9817072de14c715c70e8435a7fee90bac30abaf6885fc53ade6fe88babeef851,g3_tmoe_s0_1e16_mom_seed2,cited
results/phase0/runs/g3_tmoe_s0_1e16_mom_seed2/ckpt/iter_0002232/.metadata,ncylich/temporal-moe-ckpts,g3_tmoe_s0_1e16_mom_seed2/ckpt/iter_0002232/.metadata,2290111,7bf1c8e606835d3aa3ee41961edd31b48fe82cfb2c3ae3276d48ccaf8a279b09,g3_tmoe_s0_1e16_mom_seed2,cited
results/phase0/runs/g3_tmoe_s0_1e16_mom_seed2/ckpt/iter_0002232/__0_0.distcp,ncylich/temporal-moe-ckpts,g3_tmoe_s0_1e16_mom_seed2/ckpt/iter_0002232/__0_0.distcp,85962876,5f67142762693f038680eda7c00f8852122541a740664cebeb7cdab44adccd44,g3_tmoe_s0_1e16_mom_seed2,cited
results/phase0/runs/g3_tmoe_s0_1e16_mom_seed2/ckpt/iter_0002232/__0_1.distcp,ncylich/temporal-moe-ckpts,g3_tmoe_s0_1e16_mom_seed2/ckpt/iter_0002232/__0_1.distcp,85983312,e6731f72de3f0cf26dc8a89369fa65109e0f1e1096f10839a92c00b29aef90e5,g3_tmoe_s0_1e16_mom_seed2,cited
results/phase0/runs/g3_tmoe_s0_1e16_mom_seed2/ckpt/iter_0002232/common.pt,ncylich/temporal-moe-ckpts,g3_tmoe_s0_1e16_mom_seed2/ckpt/iter_0002232/common.pt,17052,9532388d7739512eb6262f41bb42d256f8cfc72d78ae2ed7599155ae6decd50a,g3_tmoe_s0_1e16_mom_seed2,cited
results/phase0/runs/g3_tmoe_s0_1e16_mom_seed2/ckpt/iter_0002232/metadata.json,ncylich/temporal-moe-ckpts,g3_tmoe_s0_1e16_mom_seed2/ckpt/iter_0002232/metadata.json,119,9817072de14c715c70e8435a7fee90bac30abaf6885fc53ade6fe88babeef851,g3_tmoe_s0_1e16_mom_seed2,cited
results/phase0/runs/g3_tmoe_s0_1e16_mom_seed2/ckpt/latest_checkpointed_iteration.txt,ncylich/temporal-moe-ckpts,g3_tmoe_s0_1e16_mom_seed2/ckpt/latest_checkpointed_iteration.txt,4,48fe0661615dd0a2fc9cf1b77111613b4c3e7fc857b7bf89e472c233a0b35eb0,g3_tmoe_s0_1e16_mom_seed2,cited
results/phase0/runs/g3_tmoe_s0_1e16_mom_seed2/nohup.out,ncylich/temporal-moe-ckpts,g3_tmoe_s0_1e16_mom_seed2/nohup.out,222161,051dfd58824a32ef72ce772a23d56e84686926ed0cd409f906b79b00ef028a2d,g3_tmoe_s0_1e16_mom_seed2,cited
results/phase0/runs/g3_tmoe_s0_1e16_mom_seed2/probe.log,ncylich/temporal-moe-ckpts,g3_tmoe_s0_1e16_mom_seed2/probe.log,126273,6c42c33e062ecb8aa20fc38272a966a89f1117d07d257f452e94c84bbb8806f9,g3_tmoe_s0_1e16_mom_seed2,cited
results/phase0/runs/g3_tmoe_s0_1e16_mom_seed2/probe.out,ncylich/temporal-moe-ckpts,g3_tmoe_s0_1e16_mom_seed2/probe.out,126540,b911fe731039ff8b15081811a7b6e3ac63037697f43d17af6cb14149e1be4636,g3_tmoe_s0_1e16_mom_seed2,cited
results/phase0/runs/g3_tmoe_s0_1e16_mom_seed2/run.meta,ncylich/temporal-moe-ckpts,g3_tmoe_s0_1e16_mom_seed2/run.meta,267,bd79d3dbe1380146ee381758e11cd6497d33d8255ea090662124d43924e8a83c,g3_tmoe_s0_1e16_mom_seed2,cited
results/phase0/runs/g3_tmoe_s0_1e16_mom_seed2/tb/events.out.tfevents.1783086713.fc23b1f776cf.214955.0,ncylich/temporal-moe-ckpts,g3_tmoe_s0_1e16_mom_seed2/tb/events.out.tfevents.1783086713.fc23b1f776cf.214955.0,2866778,437c6fb98e6da1da9dbba817c75e73de51cb44e150af970be188f938714f39d7,g3_tmoe_s0_1e16_mom_seed2,cited
results/phase0/runs/g3_tmoe_s0_1e16_mom_seed2/tb/events.out.tfevents.1783091988.fc23b1f776cf.216651.0,ncylich/temporal-moe-ckpts,g3_tmoe_s0_1e16_mom_seed2/tb/events.out.tfevents.1783091988.fc23b1f776cf.216651.0,48598,d6c5d11eedfff6bcd32d32906161bcfce57c7e47f44c8a3468a35aa546b43636,g3_tmoe_s0_1e16_mom_seed2,cited
results/phase0/runs/g3_tmoe_s0_1e16_mom_seed2/train.log,ncylich/temporal-moe-ckpts,g3_tmoe_s0_1e16_mom_seed2/train.log,221893,ff01ef0bb03f333a663d1780339b584d7e69705ac48ef8c385bd8332fd1768ae,g3_tmoe_s0_1e16_mom_seed2,cited
results/phase0/runs/g3_tmoe_s0_1e16_momg_b05/ckpt/iter_0000006/.metadata,ncylich/temporal-moe-ckpts,g3_tmoe_s0_1e16_momg_b05/ckpt/iter_0000006/.metadata,2290110,99011bfabf0b69b215c37ceb2ca48c44e6d442afb6afb43e1df90af1ffb8990a,g3_tmoe_s0_1e16_momg_b05,cited
results/phase0/runs/g3_tmoe_s0_1e16_momg_b05/ckpt/iter_0000006/__0_0.distcp,ncylich/temporal-moe-ckpts,g3_tmoe_s0_1e16_momg_b05/ckpt/iter_0000006/__0_0.distcp,85962876,728df23a787c0de89ee7b09da20d9e49ec6922d4026d103e6b948ec24a290cf8,g3_tmoe_s0_1e16_momg_b05,cited
results/phase0/runs/g3_tmoe_s0_1e16_momg_b05/ckpt/iter_0000006/__0_1.distcp,ncylich/temporal-moe-ckpts,g3_tmoe_s0_1e16_momg_b05/ckpt/iter_0000006/__0_1.distcp,85983312,c5455faf57f717765a7a54e42e75c05f2f1bce6ea5dc4eaece5223cec8d8ff6e,g3_tmoe_s0_1e16_momg_b05,cited
results/phase0/runs/g3_tmoe_s0_1e16_momg_b05/ckpt/iter_0000006/common.pt,ncylich/temporal-moe-ckpts,g3_tmoe_s0_1e16_momg_b05/ckpt/iter_0000006/common.pt,17052,5e9a5abb4625752663ea6e85ffd86a2428d7cd8d82fd1b55eb3fb1ae6c8f3b62,g3_tmoe_s0_1e16_momg_b05,cited
results/phase0/runs/g3_tmoe_s0_1e16_momg_b05/ckpt/iter_0000006/metadata.json,ncylich/temporal-moe-ckpts,g3_tmoe_s0_1e16_momg_b05/ckpt/iter_0000006/metadata.json,119,9817072de14c715c70e8435a7fee90bac30abaf6885fc53ade6fe88babeef851,g3_tmoe_s0_1e16_momg_b05,cited
results/phase0/runs/g3_tmoe_s0_1e16_momg_b05/ckpt/iter_0002232/.metadata,ncylich/temporal-moe-ckpts,g3_tmoe_s0_1e16_momg_b05/ckpt/iter_0002232/.metadata,2290110,738f7f5043873e48e77a6be572449273487c68c17d5e0a9001aad7b4dd8a2482,g3_tmoe_s0_1e16_momg_b05,cited
results/phase0/runs/g3_tmoe_s0_1e16_momg_b05/ckpt/iter_0002232/__0_0.distcp,ncylich/temporal-moe-ckpts,g3_tmoe_s0_1e16_momg_b05/ckpt/iter_0002232/__0_0.distcp,85962876,9b4d8bc0f4acfce8cdc6634895d4992d14e85c4963140194701ddcadd2ddcf90,g3_tmoe_s0_1e16_momg_b05,cited
results/phase0/runs/g3_tmoe_s0_1e16_momg_b05/ckpt/iter_0002232/__0_1.distcp,ncylich/temporal-moe-ckpts,g3_tmoe_s0_1e16_momg_b05/ckpt/iter_0002232/__0_1.distcp,85983312,631226cec8cf125cfcaaa88d022138c5217d352af86443fbdd1a1ccd612256fe,g3_tmoe_s0_1e16_momg_b05,cited
results/phase0/runs/g3_tmoe_s0_1e16_momg_b05/ckpt/iter_0002232/common.pt,ncylich/temporal-moe-ckpts,g3_tmoe_s0_1e16_momg_b05/ckpt/iter_0002232/common.pt,17052,dfe9cc865acfcf41d12ac40536914701e549c8a02862a10dc25a2e486ef67003,g3_tmoe_s0_1e16_momg_b05,cited
results/phase0/runs/g3_tmoe_s0_1e16_momg_b05/ckpt/iter_0002232/metadata.json,ncylich/temporal-moe-ckpts,g3_tmoe_s0_1e16_momg_b05/ckpt/iter_0002232/metadata.json,119,9817072de14c715c70e8435a7fee90bac30abaf6885fc53ade6fe88babeef851,g3_tmoe_s0_1e16_momg_b05,cited
results/phase0/runs/g3_tmoe_s0_1e16_momg_b05/ckpt/latest_checkpointed_iteration.txt,ncylich/temporal-moe-ckpts,g3_tmoe_s0_1e16_momg_b05/ckpt/latest_checkpointed_iteration.txt,4,48fe0661615dd0a2fc9cf1b77111613b4c3e7fc857b7bf89e472c233a0b35eb0,g3_tmoe_s0_1e16_momg_b05,cited
results/phase0/runs/g3_tmoe_s0_1e16_momg_b05/nohup.out,ncylich/temporal-moe-ckpts,g3_tmoe_s0_1e16_momg_b05/nohup.out,222225,5cb67370946ae9de4ae86d6af8e00808f07ad2cdabaab6894bb759ec7ae4cfdd,g3_tmoe_s0_1e16_momg_b05,cited
results/phase0/runs/g3_tmoe_s0_1e16_momg_b05/probe.log,ncylich/temporal-moe-ckpts,g3_tmoe_s0_1e16_momg_b05/probe.log,126274,abd9227df365990cc63b61824bdfc9a15bb808ab88f3fa04e75b2c08fda2986c,g3_tmoe_s0_1e16_momg_b05,cited
results/phase0/runs/g3_tmoe_s0_1e16_momg_b05/probe.out,ncylich/temporal-moe-ckpts,g3_tmoe_s0_1e16_momg_b05/probe.out,126540,ead1b00276a0d2222f4d094c180326878439ad86a1a65e666a652cbac860aeba,g3_tmoe_s0_1e16_momg_b05,cited
results/phase0/runs/g3_tmoe_s0_1e16_momg_b05/run.meta,ncylich/temporal-moe-ckpts,g3_tmoe_s0_1e16_momg_b05/run.meta,266,2b80a639ed75947362f659f7d38961776e982721fce42a4cd6d5d25051e54f75,g3_tmoe_s0_1e16_momg_b05,cited
results/phase0/runs/g3_tmoe_s0_1e16_momg_b05/tb/events.out.tfevents.1783205356.fc23b1f776cf.415479.0,ncylich/temporal-moe-ckpts,g3_tmoe_s0_1e16_momg_b05/tb/events.out.tfevents.1783205356.fc23b1f776cf.415479.0,2866778,a62de8dba9969cad840d0df6ea4cf4503557731c2ec1586e5425a25c0c997022,g3_tmoe_s0_1e16_momg_b05,cited
results/phase0/runs/g3_tmoe_s0_1e16_momg_b05/tb/events.out.tfevents.1783211188.fc23b1f776cf.417301.0,ncylich/temporal-moe-ckpts,g3_tmoe_s0_1e16_momg_b05/tb/events.out.tfevents.1783211188.fc23b1f776cf.417301.0,48598,49539f7fdfd6624b5bd34ad213302835b311eb74bd76874e1b55b409d0df08fa,g3_tmoe_s0_1e16_momg_b05,cited
results/phase0/runs/g3_tmoe_s0_1e16_momg_b05/train.log,ncylich/temporal-moe-ckpts,g3_tmoe_s0_1e16_momg_b05/train.log,221958,4d50eac2cf0a9bc425080c094ffba278143bf5a064bdba561b87424501d30be9,g3_tmoe_s0_1e16_momg_b05,cited
results/phase0/runs/g3_tmoe_s0_1e16_momg_b05_smoke/ckpt/iter_0000200/.metadata,ncylich/temporal-moe-ckpts,g3_tmoe_s0_1e16_momg_b05_smoke/ckpt/iter_0000200/.metadata,2290116,8b0030abfed8ad24ac37861a258230682faca962774a66e0d309d745ed29fe06,g3_tmoe_s0_1e16_momg_b05_smoke,uncited
results/phase0/runs/g3_tmoe_s0_1e16_momg_b05_smoke/ckpt/iter_0000200/__0_0.distcp,ncylich/temporal-moe-ckpts,g3_tmoe_s0_1e16_momg_b05_smoke/ckpt/iter_0000200/__0_0.distcp,85962876,a893d8d851815f01bf01e31809461552fb6b6c736b581e977ba7c9e37d544379,g3_tmoe_s0_1e16_momg_b05_smoke,uncited
results/phase0/runs/g3_tmoe_s0_1e16_momg_b05_smoke/ckpt/iter_0000200/__0_1.distcp,ncylich/temporal-moe-ckpts,g3_tmoe_s0_1e16_momg_b05_smoke/ckpt/iter_0000200/__0_1.distcp,85983312,33f9020b0c21506c33ba580c31527f401c805501a80828b42f9aaa367449cca0,g3_tmoe_s0_1e16_momg_b05_smoke,uncited
results/phase0/runs/g3_tmoe_s0_1e16_momg_b05_smoke/ckpt/iter_0000200/common.pt,ncylich/temporal-moe-ckpts,g3_tmoe_s0_1e16_momg_b05_smoke/ckpt/iter_0000200/common.pt,17052,3ec13c6a02f81f017699d2203352c94fd69d8c5ee4ab7a3c52eb47d24af02485,g3_tmoe_s0_1e16_momg_b05_smoke,uncited
results/phase0/runs/g3_tmoe_s0_1e16_momg_b05_smoke/ckpt/iter_0000200/metadata.json,ncylich/temporal-moe-ckpts,g3_tmoe_s0_1e16_momg_b05_smoke/ckpt/iter_0000200/metadata.json,119,9817072de14c715c70e8435a7fee90bac30abaf6885fc53ade6fe88babeef851,g3_tmoe_s0_1e16_momg_b05_smoke,uncited
results/phase0/runs/g3_tmoe_s0_1e16_momg_b05_smoke/ckpt/latest_checkpointed_iteration.txt,ncylich/temporal-moe-ckpts,g3_tmoe_s0_1e16_momg_b05_smoke/ckpt/latest_checkpointed_iteration.txt,3,27badc983df1780b60c2b3fa9d3a19a00e46aac798451f0febdca52920faaddf,g3_tmoe_s0_1e16_momg_b05_smoke,uncited
results/phase0/runs/g3_tmoe_s0_1e16_momg_b05_smoke/nohup.out,ncylich/temporal-moe-ckpts,g3_tmoe_s0_1e16_momg_b05_smoke/nohup.out,134583,90f0f1e4c4ee34fcab16754407afddfd12c297feb8422dd1fa43c7c1e1e1ad8a,g3_tmoe_s0_1e16_momg_b05_smoke,uncited
results/phase0/runs/g3_tmoe_s0_1e16_momg_b05_smoke/run.meta,ncylich/temporal-moe-ckpts,g3_tmoe_s0_1e16_momg_b05_smoke/run.meta,272,c54c232cc5bda7efb3d5343ad7ffc1f0c460008924529b46543c57f92895467f,g3_tmoe_s0_1e16_momg_b05_smoke,uncited
results/phase0/runs/g3_tmoe_s0_1e16_momg_b05_smoke/tb/events.out.tfevents.1783204411.fc23b1f776cf.414537.0,ncylich/temporal-moe-ckpts,g3_tmoe_s0_1e16_momg_b05_smoke/tb/events.out.tfevents.1783204411.fc23b1f776cf.414537.0,292124,19adf149e76ef0ca2811d7d92aa5af9003181bdfe6e18608367a49f3fb35533d,g3_tmoe_s0_1e16_momg_b05_smoke,uncited
results/phase0/runs/g3_tmoe_s0_1e16_momg_b05_smoke/train.log,ncylich/temporal-moe-ckpts,g3_tmoe_s0_1e16_momg_b05_smoke/train.log,134311,bd7e95a75f5b0577d5680b524aef47447568be68ccf72d65e254207d18351cf2,g3_tmoe_s0_1e16_momg_b05_smoke,uncited
results/phase0/runs/g3_tmoe_s0_1e16_momr/ckpt/iter_0000006/.metadata,ncylich/temporal-moe-ckpts,g3_tmoe_s0_1e16_momr/ckpt/iter_0000006/.metadata,2290106,e8ed192722aa8bd64d9aac78b0fc17a876c580a2606fc43fb1867fd27f7dd912,g3_tmoe_s0_1e16_momr,cited
results/phase0/runs/g3_tmoe_s0_1e16_momr/ckpt/iter_0000006/__0_0.distcp,ncylich/temporal-moe-ckpts,g3_tmoe_s0_1e16_momr/ckpt/iter_0000006/__0_0.distcp,85962876,2aa2d842d3af3e3f1242a1738b9f8420ddfcff2dca861090a2f5df1d6b7d2900,g3_tmoe_s0_1e16_momr,cited
results/phase0/runs/g3_tmoe_s0_1e16_momr/ckpt/iter_0000006/__0_1.distcp,ncylich/temporal-moe-ckpts,g3_tmoe_s0_1e16_momr/ckpt/iter_0000006/__0_1.distcp,85983312,bab0ef62a20231ceb8a6c4b6fa1f5d74f568270d02554dde6b3a3bf51f5ac2a2,g3_tmoe_s0_1e16_momr,cited
results/phase0/runs/g3_tmoe_s0_1e16_momr/ckpt/iter_0000006/common.pt,ncylich/temporal-moe-ckpts,g3_tmoe_s0_1e16_momr/ckpt/iter_0000006/common.pt,17052,ba6eb354885106df2b95de43f9f46903bc0c94fc006b0840c1eb2e6d6568cd06,g3_tmoe_s0_1e16_momr,cited
results/phase0/runs/g3_tmoe_s0_1e16_momr/ckpt/iter_0000006/metadata.json,ncylich/temporal-moe-ckpts,g3_tmoe_s0_1e16_momr/ckpt/iter_0000006/metadata.json,119,9817072de14c715c70e8435a7fee90bac30abaf6885fc53ade6fe88babeef851,g3_tmoe_s0_1e16_momr,cited
results/phase0/runs/g3_tmoe_s0_1e16_momr/ckpt/iter_0002232/.metadata,ncylich/temporal-moe-ckpts,g3_tmoe_s0_1e16_momr/ckpt/iter_0002232/.metadata,2290106,353097111a70fa3a89f123fe981e77e9fcecf6509e34409a42b8dc4560e10923,g3_tmoe_s0_1e16_momr,cited
results/phase0/runs/g3_tmoe_s0_1e16_momr/ckpt/iter_0002232/__0_0.distcp,ncylich/temporal-moe-ckpts,g3_tmoe_s0_1e16_momr/ckpt/iter_0002232/__0_0.distcp,85962876,9e6b97aa725534d6f5e014e9db2115c376b2858f5f34b5c6df4dc0b75869ad1d,g3_tmoe_s0_1e16_momr,cited
results/phase0/runs/g3_tmoe_s0_1e16_momr/ckpt/iter_0002232/__0_1.distcp,ncylich/temporal-moe-ckpts,g3_tmoe_s0_1e16_momr/ckpt/iter_0002232/__0_1.distcp,85983312,1920ed896350f821019d9a061737d5bd20f913cd7a59f58ed6ebfd442747a0ac,g3_tmoe_s0_1e16_momr,cited
results/phase0/runs/g3_tmoe_s0_1e16_momr/ckpt/iter_0002232/common.pt,ncylich/temporal-moe-ckpts,g3_tmoe_s0_1e16_momr/ckpt/iter_0002232/common.pt,17052,cf8f8c72d9b10ee6553f09fa9f655e1e1218367632168b9ddcabfe5a6ae604d0,g3_tmoe_s0_1e16_momr,cited
results/phase0/runs/g3_tmoe_s0_1e16_momr/ckpt/iter_0002232/metadata.json,ncylich/temporal-moe-ckpts,g3_tmoe_s0_1e16_momr/ckpt/iter_0002232/metadata.json,119,9817072de14c715c70e8435a7fee90bac30abaf6885fc53ade6fe88babeef851,g3_tmoe_s0_1e16_momr,cited
results/phase0/runs/g3_tmoe_s0_1e16_momr/ckpt/latest_checkpointed_iteration.txt,ncylich/temporal-moe-ckpts,g3_tmoe_s0_1e16_momr/ckpt/latest_checkpointed_iteration.txt,4,48fe0661615dd0a2fc9cf1b77111613b4c3e7fc857b7bf89e472c233a0b35eb0,g3_tmoe_s0_1e16_momr,cited
results/phase0/runs/g3_tmoe_s0_1e16_momr/nohup.out,ncylich/temporal-moe-ckpts,g3_tmoe_s0_1e16_momr/nohup.out,222203,2ac6a14f66b5e3be727aa94997c6e49f10559db2b2e8ed162a3e15eeb6cef51e,g3_tmoe_s0_1e16_momr,cited
results/phase0/runs/g3_tmoe_s0_1e16_momr/probe.log,ncylich/temporal-moe-ckpts,g3_tmoe_s0_1e16_momr/probe.log,126242,7c8f7e19830e26e2e7b5794436d47062db1395ad7a0440e9248f15fb6c53b1f6,g3_tmoe_s0_1e16_momr,cited
results/phase0/runs/g3_tmoe_s0_1e16_momr/probe.out,ncylich/temporal-moe-ckpts,g3_tmoe_s0_1e16_momr/probe.out,126504,50e85c033050df950862c43e3b51c4dfda75512a3482f4cdfe802f371e0c292b,g3_tmoe_s0_1e16_momr,cited
results/phase0/runs/g3_tmoe_s0_1e16_momr/run.meta,ncylich/temporal-moe-ckpts,g3_tmoe_s0_1e16_momr/run.meta,262,d829f8089a4a8dd0897dc0576849a30be142778ddd933fee3edced17cb9cdfcd,g3_tmoe_s0_1e16_momr,cited
results/phase0/runs/g3_tmoe_s0_1e16_momr/tb/events.out.tfevents.1783101308.fc23b1f776cf.237723.0,ncylich/temporal-moe-ckpts,g3_tmoe_s0_1e16_momr/tb/events.out.tfevents.1783101308.fc23b1f776cf.237723.0,2866766,ebce033473b8a6c5607b5bbfc17b62a2f40b7a87f2e479bb1914a1e962c96d6a,g3_tmoe_s0_1e16_momr,cited
results/phase0/runs/g3_tmoe_s0_1e16_momr/tb/events.out.tfevents.1783107156.fc23b1f776cf.239511.0,ncylich/temporal-moe-ckpts,g3_tmoe_s0_1e16_momr/tb/events.out.tfevents.1783107156.fc23b1f776cf.239511.0,48586,2ffc21e433c8be639f91cd843b474e21558f6da50813e820546f03563036dc77,g3_tmoe_s0_1e16_momr,cited
results/phase0/runs/g3_tmoe_s0_1e16_momr/train.log,ncylich/temporal-moe-ckpts,g3_tmoe_s0_1e16_momr/train.log,221940,a8189e22d695f512fb84fe438360711fd33d8965947f6902a55614e0d8d97b7e,g3_tmoe_s0_1e16_momr,cited
results/phase0/runs/g3_tmoe_s0_1e16_momr_b1/ckpt/iter_0000006/.metadata,ncylich/temporal-moe-ckpts,g3_tmoe_s0_1e16_momr_b1/ckpt/iter_0000006/.metadata,2290109,f7325328b4b9a3cb3d0afd2652168af251d512dd3be96f1a080f7f894edd7831,g3_tmoe_s0_1e16_momr_b1,cited
results/phase0/runs/g3_tmoe_s0_1e16_momr_b1/ckpt/iter_0000006/__0_0.distcp,ncylich/temporal-moe-ckpts,g3_tmoe_s0_1e16_momr_b1/ckpt/iter_0000006/__0_0.distcp,85962876,bf4c77da0fedf2923a1dbb52f63232d32e5d9a0f85a80b85c9ea6db02e565414,g3_tmoe_s0_1e16_momr_b1,cited
results/phase0/runs/g3_tmoe_s0_1e16_momr_b1/ckpt/iter_0000006/__0_1.distcp,ncylich/temporal-moe-ckpts,g3_tmoe_s0_1e16_momr_b1/ckpt/iter_0000006/__0_1.distcp,85983312,ef50b77b850edb5ca4a9a2518e4f97985bf08eeb5b98f33a46e41fe36e792d99,g3_tmoe_s0_1e16_momr_b1,cited
results/phase0/runs/g3_tmoe_s0_1e16_momr_b1/ckpt/iter_0000006/common.pt,ncylich/temporal-moe-ckpts,g3_tmoe_s0_1e16_momr_b1/ckpt/iter_0000006/common.pt,17052,c05f54fb51b9907d404a0c57cf85c732bafaf132f26522dc862cc4c16a9f2591,g3_tmoe_s0_1e16_momr_b1,cited
results/phase0/runs/g3_tmoe_s0_1e16_momr_b1/ckpt/iter_0000006/metadata.json,ncylich/temporal-moe-ckpts,g3_tmoe_s0_1e16_momr_b1/ckpt/iter_0000006/metadata.json,119,9817072de14c715c70e8435a7fee90bac30abaf6885fc53ade6fe88babeef851,g3_tmoe_s0_1e16_momr_b1,cited
results/phase0/runs/g3_tmoe_s0_1e16_momr_b1/ckpt/iter_0002232/.metadata,ncylich/temporal-moe-ckpts,g3_tmoe_s0_1e16_momr_b1/ckpt/iter_0002232/.metadata,2290109,ff59cad067b2d2ba7644dbf18c107a41e91d39b7939ac0a2c5c24b8af71b2456,g3_tmoe_s0_1e16_momr_b1,cited
results/phase0/runs/g3_tmoe_s0_1e16_momr_b1/ckpt/iter_0002232/__0_0.distcp,ncylich/temporal-moe-ckpts,g3_tmoe_s0_1e16_momr_b1/ckpt/iter_0002232/__0_0.distcp,85962876,d950d4369f2d8ffe8a874e6ad04acc5211dc0d6bc0d7a577ddc0a7cbc59d0605,g3_tmoe_s0_1e16_momr_b1,cited
results/phase0/runs/g3_tmoe_s0_1e16_momr_b1/ckpt/iter_0002232/__0_1.distcp,ncylich/temporal-moe-ckpts,g3_tmoe_s0_1e16_momr_b1/ckpt/iter_0002232/__0_1.distcp,85983312,4abf012e4d6f20c864e8cc45d8481e80605b14cffe6eccc65865ef4a982c9eb5,g3_tmoe_s0_1e16_momr_b1,cited
results/phase0/runs/g3_tmoe_s0_1e16_momr_b1/ckpt/iter_0002232/common.pt,ncylich/temporal-moe-ckpts,g3_tmoe_s0_1e16_momr_b1/ckpt/iter_0002232/common.pt,17052,4db49c6639999f4894280ebdfc33196d6568c42bf9195f0d67f3334eecfd449f,g3_tmoe_s0_1e16_momr_b1,cited
results/phase0/runs/g3_tmoe_s0_1e16_momr_b1/ckpt/iter_0002232/metadata.json,ncylich/temporal-moe-ckpts,g3_tmoe_s0_1e16_momr_b1/ckpt/iter_0002232/metadata.json,119,9817072de14c715c70e8435a7fee90bac30abaf6885fc53ade6fe88babeef851,g3_tmoe_s0_1e16_momr_b1,cited
results/phase0/runs/g3_tmoe_s0_1e16_momr_b1/ckpt/latest_checkpointed_iteration.txt,ncylich/temporal-moe-ckpts,g3_tmoe_s0_1e16_momr_b1/ckpt/latest_checkpointed_iteration.txt,4,48fe0661615dd0a2fc9cf1b77111613b4c3e7fc857b7bf89e472c233a0b35eb0,g3_tmoe_s0_1e16_momr_b1,cited
results/phase0/runs/g3_tmoe_s0_1e16_momr_b1/nohup.out,ncylich/temporal-moe-ckpts,g3_tmoe_s0_1e16_momr_b1/nohup.out,222222,519299589e5b3a2d4998a1e3d7b9f8a9f16d869f1db9e249e9edf0e6cf24801f,g3_tmoe_s0_1e16_momr_b1,cited
results/phase0/runs/g3_tmoe_s0_1e16_momr_b1/probe.log,ncylich/temporal-moe-ckpts,g3_tmoe_s0_1e16_momr_b1/probe.log,126266,8ed63ab41a5d3b676147cf3e3d9a83270df179d4bfc651a8709a653e06b00ed8,g3_tmoe_s0_1e16_momr_b1,cited
results/phase0/runs/g3_tmoe_s0_1e16_momr_b1/probe.out,ncylich/temporal-moe-ckpts,g3_tmoe_s0_1e16_momr_b1/probe.out,126531,c6813c95430514bf863e7fd23fe6c0b775b94b41a8fd5e1d17ad33ac28aca114,g3_tmoe_s0_1e16_momr_b1,cited
results/phase0/runs/g3_tmoe_s0_1e16_momr_b1/run.meta,ncylich/temporal-moe-ckpts,g3_tmoe_s0_1e16_momr_b1/run.meta,265,9c2a4ad34b61b3ecd57dcc22283f5ae241ee07f054ace67e1449517ab25d0daa,g3_tmoe_s0_1e16_momr_b1,cited
results/phase0/runs/g3_tmoe_s0_1e16_momr_b1/tb/events.out.tfevents.1783120305.fc23b1f776cf.256370.0,ncylich/temporal-moe-ckpts,g3_tmoe_s0_1e16_momr_b1/tb/events.out.tfevents.1783120305.fc23b1f776cf.256370.0,2866775,d8f83c89c0147b5f77e8a5883411b3d67e6d6c4a94cd17f77f3ebf86827d0ad9,g3_tmoe_s0_1e16_momr_b1,cited
results/phase0/runs/g3_tmoe_s0_1e16_momr_b1/tb/events.out.tfevents.1783125890.fc23b1f776cf.258118.0,ncylich/temporal-moe-ckpts,g3_tmoe_s0_1e16_momr_b1/tb/events.out.tfevents.1783125890.fc23b1f776cf.258118.0,48595,3f20cc5fe778e63e269ae8a7ce346927f4bc170eada038f663bb8e211e3d396d,g3_tmoe_s0_1e16_momr_b1,cited
results/phase0/runs/g3_tmoe_s0_1e16_momr_b1/train.log,ncylich/temporal-moe-ckpts,g3_tmoe_s0_1e16_momr_b1/train.log,221956,63327aa35124c87f7d6cc5dd085166ae88c47b48385382f78e190e24dcef109e,g3_tmoe_s0_1e16_momr_b1,cited
results/phase0/runs/g3_tmoe_s0_1e16_momr_b2/ckpt/iter_0000006/.metadata,ncylich/temporal-moe-ckpts,g3_tmoe_s0_1e16_momr_b2/ckpt/iter_0000006/.metadata,2290109,0c71afcfaeaaf2655210e2ea370ed62c6f91d5f6e6ba63c4d8b16626e01f9207,g3_tmoe_s0_1e16_momr_b2,cited
results/phase0/runs/g3_tmoe_s0_1e16_momr_b2/ckpt/iter_0000006/__0_0.distcp,ncylich/temporal-moe-ckpts,g3_tmoe_s0_1e16_momr_b2/ckpt/iter_0000006/__0_0.distcp,85962876,a7761089409b5252acffd066f01482d97508e7fc7e8bc402b8bb0873c6a8115b,g3_tmoe_s0_1e16_momr_b2,cited
results/phase0/runs/g3_tmoe_s0_1e16_momr_b2/ckpt/iter_0000006/__0_1.distcp,ncylich/temporal-moe-ckpts,g3_tmoe_s0_1e16_momr_b2/ckpt/iter_0000006/__0_1.distcp,85983312,93d0648db0a4c36100e23e9e9a114f958987c1fa921c93729da61d2867c8ab4e,g3_tmoe_s0_1e16_momr_b2,cited
results/phase0/runs/g3_tmoe_s0_1e16_momr_b2/ckpt/iter_0000006/common.pt,ncylich/temporal-moe-ckpts,g3_tmoe_s0_1e16_momr_b2/ckpt/iter_0000006/common.pt,17052,4fcfb629a43786aa94ee1091ef75eee50e11c7ec961ddf0dd5e2d55c9d7a514f,g3_tmoe_s0_1e16_momr_b2,cited
results/phase0/runs/g3_tmoe_s0_1e16_momr_b2/ckpt/iter_0000006/metadata.json,ncylich/temporal-moe-ckpts,g3_tmoe_s0_1e16_momr_b2/ckpt/iter_0000006/metadata.json,119,9817072de14c715c70e8435a7fee90bac30abaf6885fc53ade6fe88babeef851,g3_tmoe_s0_1e16_momr_b2,cited
results/phase0/runs/g3_tmoe_s0_1e16_momr_b2/ckpt/iter_0002232/.metadata,ncylich/temporal-moe-ckpts,g3_tmoe_s0_1e16_momr_b2/ckpt/iter_0002232/.metadata,2290109,bee347e39681c90d76e67b476206dade3a408bf8b821a8f077714473adc1f651,g3_tmoe_s0_1e16_momr_b2,cited
results/phase0/runs/g3_tmoe_s0_1e16_momr_b2/ckpt/iter_0002232/__0_0.distcp,ncylich/temporal-moe-ckpts,g3_tmoe_s0_1e16_momr_b2/ckpt/iter_0002232/__0_0.distcp,85962876,986871f5d8b420de9468c77480f56328622564eba4f9a9c5c057d40516dc2c94,g3_tmoe_s0_1e16_momr_b2,cited
results/phase0/runs/g3_tmoe_s0_1e16_momr_b2/ckpt/iter_0002232/__0_1.distcp,ncylich/temporal-moe-ckpts,g3_tmoe_s0_1e16_momr_b2/ckpt/iter_0002232/__0_1.distcp,85983312,ceea1ccbd3b492e70a72280c585401915a1754bf2899472600ba41dd710459da,g3_tmoe_s0_1e16_momr_b2,cited
results/phase0/runs/g3_tmoe_s0_1e16_momr_b2/ckpt/iter_0002232/common.pt,ncylich/temporal-moe-ckpts,g3_tmoe_s0_1e16_momr_b2/ckpt/iter_0002232/common.pt,17052,dd125f6f101dbf8bdeadcf6d18dce7178e0b99e9d757d7b45095c7562b7e7d29,g3_tmoe_s0_1e16_momr_b2,cited
results/phase0/runs/g3_tmoe_s0_1e16_momr_b2/ckpt/iter_0002232/metadata.json,ncylich/temporal-moe-ckpts,g3_tmoe_s0_1e16_momr_b2/ckpt/iter_0002232/metadata.json,119,9817072de14c715c70e8435a7fee90bac30abaf6885fc53ade6fe88babeef851,g3_tmoe_s0_1e16_momr_b2,cited
results/phase0/runs/g3_tmoe_s0_1e16_momr_b2/ckpt/latest_checkpointed_iteration.txt,ncylich/temporal-moe-ckpts,g3_tmoe_s0_1e16_momr_b2/ckpt/latest_checkpointed_iteration.txt,4,48fe0661615dd0a2fc9cf1b77111613b4c3e7fc857b7bf89e472c233a0b35eb0,g3_tmoe_s0_1e16_momr_b2,cited
results/phase0/runs/g3_tmoe_s0_1e16_momr_b2/nohup.out,ncylich/temporal-moe-ckpts,g3_tmoe_s0_1e16_momr_b2/nohup.out,222222,8d4ca3e99334333de71eeb921ab07adf73e9c0368898e5bc759dad64e6f871fc,g3_tmoe_s0_1e16_momr_b2,cited
results/phase0/runs/g3_tmoe_s0_1e16_momr_b2/probe.log,ncylich/temporal-moe-ckpts,g3_tmoe_s0_1e16_momr_b2/probe.log,126266,aee501b5b6be4c47e3d7704fc75a19da85b01a607a93b367672a3fa5c3079f96,g3_tmoe_s0_1e16_momr_b2,cited
results/phase0/runs/g3_tmoe_s0_1e16_momr_b2/probe.out,ncylich/temporal-moe-ckpts,g3_tmoe_s0_1e16_momr_b2/probe.out,126531,9896147de07a206ac8dc074f670e0d676c65fa6f4ec7e10e11a92f6b5c2de03e,g3_tmoe_s0_1e16_momr_b2,cited
results/phase0/runs/g3_tmoe_s0_1e16_momr_b2/run.meta,ncylich/temporal-moe-ckpts,g3_tmoe_s0_1e16_momr_b2/run.meta,265,fb0472edcc4333de864d2d433faa511db6531a72e6c84b177c43429a4be1252b,g3_tmoe_s0_1e16_momr_b2,cited
results/phase0/runs/g3_tmoe_s0_1e16_momr_b2/tb/events.out.tfevents.1783114356.fc23b1f776cf.253650.0,ncylich/temporal-moe-ckpts,g3_tmoe_s0_1e16_momr_b2/tb/events.out.tfevents.1783114356.fc23b1f776cf.253650.0,2866775,f893c0c6063e75db2bbe089c357ad598914a20c5b090b2a61d8d8f4937545f77,g3_tmoe_s0_1e16_momr_b2,cited
results/phase0/runs/g3_tmoe_s0_1e16_momr_b2/tb/events.out.tfevents.1783120123.fc23b1f776cf.255511.0,ncylich/temporal-moe-ckpts,g3_tmoe_s0_1e16_momr_b2/tb/events.out.tfevents.1783120123.fc23b1f776cf.255511.0,48595,2eda8abeedaec36b8143ea4100294fe0f05ed2e344243b26345905ee22d3733e,g3_tmoe_s0_1e16_momr_b2,cited
results/phase0/runs/g3_tmoe_s0_1e16_momr_b2/train.log,ncylich/temporal-moe-ckpts,g3_tmoe_s0_1e16_momr_b2/train.log,221956,13d8a83678a67e934a2955d2c986b1c714da3f990e4665c89cbacd8f13a96858,g3_tmoe_s0_1e16_momr_b2,cited
results/phase0/runs/g3_tmoe_s2_1e17/ckpt/iter_0000006/.metadata,ncylich/temporal-moe-ckpts,g3_tmoe_s2_1e17/ckpt/iter_0000006/.metadata,3807247,128d708607029a73979b14aa1c15b12bff0608f5e2f2971790a902faeceef469,g3_tmoe_s2_1e17,cited
results/phase0/runs/g3_tmoe_s2_1e17/ckpt/iter_0000006/__0_0.distcp,ncylich/temporal-moe-ckpts,g3_tmoe_s2_1e17/ckpt/iter_0000006/__0_0.distcp,394950268,d7bb51cc6da81da9cb12e3167951b70ac45f4162cdd8982a66c9d2b942a33dd0,g3_tmoe_s2_1e17,cited
results/phase0/runs/g3_tmoe_s2_1e17/ckpt/iter_0000006/__0_1.distcp,ncylich/temporal-moe-ckpts,g3_tmoe_s2_1e17/ckpt/iter_0000006/__0_1.distcp,394951568,52a6a2a3a0b46a7d7035ea56c840276428594171bbf2de134493ab6084fd81a4,g3_tmoe_s2_1e17,cited
results/phase0/runs/g3_tmoe_s2_1e17/ckpt/iter_0000006/common.pt,ncylich/temporal-moe-ckpts,g3_tmoe_s2_1e17/ckpt/iter_0000006/common.pt,17052,cf5bf178b7954d5df45b93b42d5be641c068d2fc9ab3544ce25beeeb766cbdb1,g3_tmoe_s2_1e17,cited
results/phase0/runs/g3_tmoe_s2_1e17/ckpt/iter_0000006/metadata.json,ncylich/temporal-moe-ckpts,g3_tmoe_s2_1e17/ckpt/iter_0000006/metadata.json,119,9817072de14c715c70e8435a7fee90bac30abaf6885fc53ade6fe88babeef851,g3_tmoe_s2_1e17,cited
results/phase0/runs/g3_tmoe_s2_1e17/ckpt/iter_0003861/.metadata,ncylich/temporal-moe-ckpts,g3_tmoe_s2_1e17/ckpt/iter_0003861/.metadata,3807247,eec75edf5c04df56369269bbba5f39f604006f69e2810647b1fb0264cb189c3a,g3_tmoe_s2_1e17,cited
results/phase0/runs/g3_tmoe_s2_1e17/ckpt/iter_0003861/__0_0.distcp,ncylich/temporal-moe-ckpts,g3_tmoe_s2_1e17/ckpt/iter_0003861/__0_0.distcp,394950268,5774208d4f97e3daa38c07be8aad379adae04e2efcd9d14cdb0e24aa6741ab8b,g3_tmoe_s2_1e17,cited
results/phase0/runs/g3_tmoe_s2_1e17/ckpt/iter_0003861/__0_1.distcp,ncylich/temporal-moe-ckpts,g3_tmoe_s2_1e17/ckpt/iter_0003861/__0_1.distcp,394951568,d635af804d0e75a6ad39a9b3ca2ab5520d1fb7c0863cee326d23ed94ce68a9a5,g3_tmoe_s2_1e17,cited
results/phase0/runs/g3_tmoe_s2_1e17/ckpt/iter_0003861/common.pt,ncylich/temporal-moe-ckpts,g3_tmoe_s2_1e17/ckpt/iter_0003861/common.pt,16988,8e108ccc9d0dd74c3a73f97de8b5fe575184cd7ceed24c1472581813470fddba,g3_tmoe_s2_1e17,cited
results/phase0/runs/g3_tmoe_s2_1e17/ckpt/iter_0003861/metadata.json,ncylich/temporal-moe-ckpts,g3_tmoe_s2_1e17/ckpt/iter_0003861/metadata.json,119,9817072de14c715c70e8435a7fee90bac30abaf6885fc53ade6fe88babeef851,g3_tmoe_s2_1e17,cited
results/phase0/runs/g3_tmoe_s2_1e17/ckpt/latest_checkpointed_iteration.txt,ncylich/temporal-moe-ckpts,g3_tmoe_s2_1e17/ckpt/latest_checkpointed_iteration.txt,4,85f72074abb94327414d7ec5268cd757c6066772e23e2fd0265c7e2b33b42768,g3_tmoe_s2_1e17,cited
results/phase0/runs/g3_tmoe_s2_1e17/probe.log,ncylich/temporal-moe-ckpts,g3_tmoe_s2_1e17/probe.log,171120,2d718d3a26a2bc5d6cfca140befb718b3ea797ccd2062762f1b80aaf6bbee532,g3_tmoe_s2_1e17,cited
results/phase0/runs/g3_tmoe_s2_1e17/probe_plain.out,ncylich/temporal-moe-ckpts,g3_tmoe_s2_1e17/probe_plain.out,171379,0595587bc0e0d4c909e41bfe05d21d968185ec80270847bc4757955ce1a17463,g3_tmoe_s2_1e17,cited
results/phase0/runs/g3_tmoe_s2_1e17/run.meta,ncylich/temporal-moe-ckpts,g3_tmoe_s2_1e17/run.meta,259,fe2eca5733c2002c0b5c5e7228b71363d94ceafb677aa6eb48b29281e52b6167,g3_tmoe_s2_1e17,cited
results/phase0/runs/g3_tmoe_s2_1e17/tb/events.out.tfevents.1783049508.fc23b1f776cf.174461.0,ncylich/temporal-moe-ckpts,g3_tmoe_s2_1e17/tb/events.out.tfevents.1783049508.fc23b1f776cf.174461.0,50080,e98c754bcba535b6292c699cff41f6b5234ce7ac74ad929f90abd851a4666e45,g3_tmoe_s2_1e17,cited
results/phase0/runs/g3_tmoe_s2_1e17/train.log,ncylich/temporal-moe-ckpts,g3_tmoe_s2_1e17/train.log,313994,661417291fb68d3381175525886402f6a70645a0d545e51723c03f2b1bfe904a,g3_tmoe_s2_1e17,cited
results/phase0/runs/g3_tmoe_s2_1e17_auxfree/ckpt/iter_0000006/.metadata,ncylich/temporal-moe-ckpts,g3_tmoe_s2_1e17_auxfree/ckpt/iter_0000006/.metadata,3809130,a394637549f91bd1409c1a05c40182f341147a838d5b6231d4ef776fe435e3d4,g3_tmoe_s2_1e17_auxfree,cited
results/phase0/runs/g3_tmoe_s2_1e17_auxfree/ckpt/iter_0000006/__0_0.distcp,ncylich/temporal-moe-ckpts,g3_tmoe_s2_1e17_auxfree/ckpt/iter_0000006/__0_0.distcp,394953396,c561c81646c6d6f57c586904f14ffb559436f1f6c5d2f5b409ed696c494875a4,g3_tmoe_s2_1e17_auxfree,cited
results/phase0/runs/g3_tmoe_s2_1e17_auxfree/ckpt/iter_0000006/__0_1.distcp,ncylich/temporal-moe-ckpts,g3_tmoe_s2_1e17_auxfree/ckpt/iter_0000006/__0_1.distcp,394956260,dbe7daf5e806f69b6dada77a272f2e794ca776227e4304c1ed59a7943edb9cde,g3_tmoe_s2_1e17_auxfree,cited
results/phase0/runs/g3_tmoe_s2_1e17_auxfree/ckpt/iter_0000006/common.pt,ncylich/temporal-moe-ckpts,g3_tmoe_s2_1e17_auxfree/ckpt/iter_0000006/common.pt,17052,e079d63a4124e9ae6f98fc54a6482a4639bc61e45e2e02a2ccb7781367f178c4,g3_tmoe_s2_1e17_auxfree,cited
results/phase0/runs/g3_tmoe_s2_1e17_auxfree/ckpt/iter_0000006/metadata.json,ncylich/temporal-moe-ckpts,g3_tmoe_s2_1e17_auxfree/ckpt/iter_0000006/metadata.json,119,9817072de14c715c70e8435a7fee90bac30abaf6885fc53ade6fe88babeef851,g3_tmoe_s2_1e17_auxfree,cited
results/phase0/runs/g3_tmoe_s2_1e17_auxfree/ckpt/iter_0003861/.metadata,ncylich/temporal-moe-ckpts,g3_tmoe_s2_1e17_auxfree/ckpt/iter_0003861/.metadata,3809130,41d103b7161b98f9922abff6088c5cde1d1a46232575a093900a0bfcaf8d0335,g3_tmoe_s2_1e17_auxfree,cited
results/phase0/runs/g3_tmoe_s2_1e17_auxfree/ckpt/iter_0003861/__0_0.distcp,ncylich/temporal-moe-ckpts,g3_tmoe_s2_1e17_auxfree/ckpt/iter_0003861/__0_0.distcp,394953396,879e2566cd95d8732e5f6ae7b6d42abb8ebd5ff11a5bd900c9bbe373f8b35277,g3_tmoe_s2_1e17_auxfree,cited
results/phase0/runs/g3_tmoe_s2_1e17_auxfree/ckpt/iter_0003861/__0_1.distcp,ncylich/temporal-moe-ckpts,g3_tmoe_s2_1e17_auxfree/ckpt/iter_0003861/__0_1.distcp,394956260,d12a4c14991c8b6cf55ee3cc33bbfeb3fe19646a1c98a7f104c3a6ecd48a0468,g3_tmoe_s2_1e17_auxfree,cited
results/phase0/runs/g3_tmoe_s2_1e17_auxfree/ckpt/iter_0003861/common.pt,ncylich/temporal-moe-ckpts,g3_tmoe_s2_1e17_auxfree/ckpt/iter_0003861/common.pt,17052,fec5389e6809c4f2ecd1e2dcf902da6d349d3b49fa4fc10cf5e41e9ade51d9dd,g3_tmoe_s2_1e17_auxfree,cited
results/phase0/runs/g3_tmoe_s2_1e17_auxfree/ckpt/iter_0003861/metadata.json,ncylich/temporal-moe-ckpts,g3_tmoe_s2_1e17_auxfree/ckpt/iter_0003861/metadata.json,119,9817072de14c715c70e8435a7fee90bac30abaf6885fc53ade6fe88babeef851,g3_tmoe_s2_1e17_auxfree,cited
results/phase0/runs/g3_tmoe_s2_1e17_auxfree/ckpt/latest_checkpointed_iteration.txt,ncylich/temporal-moe-ckpts,g3_tmoe_s2_1e17_auxfree/ckpt/latest_checkpointed_iteration.txt,4,85f72074abb94327414d7ec5268cd757c6066772e23e2fd0265c7e2b33b42768,g3_tmoe_s2_1e17_auxfree,cited
results/phase0/runs/g3_tmoe_s2_1e17_auxfree/nohup.out,ncylich/temporal-moe-ckpts,g3_tmoe_s2_1e17_auxfree/nohup.out,337229,88ae9000afeb64bc037df7fa79b7264c33b8373d301186be118becbd69a502c1,g3_tmoe_s2_1e17_auxfree,cited
results/phase0/runs/g3_tmoe_s2_1e17_auxfree/probe.log,ncylich/temporal-moe-ckpts,g3_tmoe_s2_1e17_auxfree/probe.log,171185,a2fa21eeca1e682e21770d2eace98d12ab7716cedc5ec31ba931afc110a217c3,g3_tmoe_s2_1e17_auxfree,cited
results/phase0/runs/g3_tmoe_s2_1e17_auxfree/probe.out,ncylich/temporal-moe-ckpts,g3_tmoe_s2_1e17_auxfree/probe.out,171452,a05788eb90bd2c5b5d4387978425a52e1eded96195f81f54f6ffdf4d057b5c56,g3_tmoe_s2_1e17_auxfree,cited
results/phase0/runs/g3_tmoe_s2_1e17_auxfree/run.meta,ncylich/temporal-moe-ckpts,g3_tmoe_s2_1e17_auxfree/run.meta,267,16103e5ee90d5ac97b294314370a7c5dbd2c8015c078efe2150bb5a3036d0326,g3_tmoe_s2_1e17_auxfree,cited
results/phase0/runs/g3_tmoe_s2_1e17_auxfree/tb/events.out.tfevents.1783069204.fc23b1f776cf.197000.0,ncylich/temporal-moe-ckpts,g3_tmoe_s2_1e17_auxfree/tb/events.out.tfevents.1783069204.fc23b1f776cf.197000.0,5910913,06b01ea6d07c026f05a65c9bc08562218fe4a18d91d3ca7bf46c0e87a06ec92c,g3_tmoe_s2_1e17_auxfree,cited
results/phase0/runs/g3_tmoe_s2_1e17_auxfree/tb/events.out.tfevents.1783075442.fc23b1f776cf.199163.0,ncylich/temporal-moe-ckpts,g3_tmoe_s2_1e17_auxfree/tb/events.out.tfevents.1783075442.fc23b1f776cf.199163.0,50105,a0a7eb6c51a9463794f231a72d14a66b950a02532f2f948c4f0e16b9989c25f7,g3_tmoe_s2_1e17_auxfree,cited
results/phase0/runs/g3_tmoe_s2_1e17_auxfree/train.log,ncylich/temporal-moe-ckpts,g3_tmoe_s2_1e17_auxfree/train.log,336961,69c60a2c5e89c18a98d553d1491733068e1e2cdb9a7b8bc2749fc9e9212804f8,g3_tmoe_s2_1e17_auxfree,cited
results/phase0/runs/g3_tmoe_s2_1e17_karen/ckpt/iter_0000006/.metadata,ncylich/temporal-moe-ckpts,g3_tmoe_s2_1e17_karen/ckpt/iter_0000006/.metadata,3809128,329364440a1af7391c32187db08267e81dc5efb8f79c722e55a966965ecb8e1f,g3_tmoe_s2_1e17_karen,cited
results/phase0/runs/g3_tmoe_s2_1e17_karen/ckpt/iter_0000006/__0_0.distcp,ncylich/temporal-moe-ckpts,g3_tmoe_s2_1e17_karen/ckpt/iter_0000006/__0_0.distcp,394953396,4ccce08e16b45a7c3c94efbe72b11dbdcf8d2daaaa3e69ee7349aa2cba54c80f,g3_tmoe_s2_1e17_karen,cited
results/phase0/runs/g3_tmoe_s2_1e17_karen/ckpt/iter_0000006/__0_1.distcp,ncylich/temporal-moe-ckpts,g3_tmoe_s2_1e17_karen/ckpt/iter_0000006/__0_1.distcp,394956260,cdd7f001943b9a86b2a14be7d1c07af552b7dba73cad4c3bfa2c72ca97fb0070,g3_tmoe_s2_1e17_karen,cited
results/phase0/runs/g3_tmoe_s2_1e17_karen/ckpt/iter_0000006/common.pt,ncylich/temporal-moe-ckpts,g3_tmoe_s2_1e17_karen/ckpt/iter_0000006/common.pt,17052,ae273a8eaf9299fab5a45d990a2e200110f82ac581635caa470331537f3148b0,g3_tmoe_s2_1e17_karen,cited
results/phase0/runs/g3_tmoe_s2_1e17_karen/ckpt/iter_0000006/metadata.json,ncylich/temporal-moe-ckpts,g3_tmoe_s2_1e17_karen/ckpt/iter_0000006/metadata.json,119,9817072de14c715c70e8435a7fee90bac30abaf6885fc53ade6fe88babeef851,g3_tmoe_s2_1e17_karen,cited
results/phase0/runs/g3_tmoe_s2_1e17_karen/ckpt/iter_0003861/.metadata,ncylich/temporal-moe-ckpts,g3_tmoe_s2_1e17_karen/ckpt/iter_0003861/.metadata,3809128,fbc2cac2d5f1894b93b5afc46e8a4fc7e70689a284c1f206d45b424b949bbcff,g3_tmoe_s2_1e17_karen,cited
results/phase0/runs/g3_tmoe_s2_1e17_karen/ckpt/iter_0003861/__0_0.distcp,ncylich/temporal-moe-ckpts,g3_tmoe_s2_1e17_karen/ckpt/iter_0003861/__0_0.distcp,394953396,bdceeb45dc311790f4152647f0ef4c8b81c7b6d2064ab092884884b71ae6da50,g3_tmoe_s2_1e17_karen,cited
results/phase0/runs/g3_tmoe_s2_1e17_karen/ckpt/iter_0003861/__0_1.distcp,ncylich/temporal-moe-ckpts,g3_tmoe_s2_1e17_karen/ckpt/iter_0003861/__0_1.distcp,394956260,66e19996a469afaadfc0d6b86f35b93d2ac2cb4c3ba44767884cffbd12c323c2,g3_tmoe_s2_1e17_karen,cited
results/phase0/runs/g3_tmoe_s2_1e17_karen/ckpt/iter_0003861/common.pt,ncylich/temporal-moe-ckpts,g3_tmoe_s2_1e17_karen/ckpt/iter_0003861/common.pt,17052,a1d09808cbd7ccb327042be3f942bafe3f128b7dd28944aed9cc83280e03fc23,g3_tmoe_s2_1e17_karen,cited
results/phase0/runs/g3_tmoe_s2_1e17_karen/ckpt/iter_0003861/metadata.json,ncylich/temporal-moe-ckpts,g3_tmoe_s2_1e17_karen/ckpt/iter_0003861/metadata.json,119,9817072de14c715c70e8435a7fee90bac30abaf6885fc53ade6fe88babeef851,g3_tmoe_s2_1e17_karen,cited
results/phase0/runs/g3_tmoe_s2_1e17_karen/ckpt/latest_checkpointed_iteration.txt,ncylich/temporal-moe-ckpts,g3_tmoe_s2_1e17_karen/ckpt/latest_checkpointed_iteration.txt,4,85f72074abb94327414d7ec5268cd757c6066772e23e2fd0265c7e2b33b42768,g3_tmoe_s2_1e17_karen,cited
results/phase0/runs/g3_tmoe_s2_1e17_karen/nohup.out,ncylich/temporal-moe-ckpts,g3_tmoe_s2_1e17_karen/nohup.out,337281,1367b0563660206ddc266e615c630b665f9cc2ab73080cebc97d8e652389befd,g3_tmoe_s2_1e17_karen,cited
results/phase0/runs/g3_tmoe_s2_1e17_karen/probe.log,ncylich/temporal-moe-ckpts,g3_tmoe_s2_1e17_karen/probe.log,171169,abac886d88e0364e7330cd7d7148870b0cb1fdf7e70075db800ec4773ede5880,g3_tmoe_s2_1e17_karen,cited
results/phase0/runs/g3_tmoe_s2_1e17_karen/probe_karen.out,ncylich/temporal-moe-ckpts,g3_tmoe_s2_1e17_karen/probe_karen.out,171434,2a69aa6cba26f232518a26c403fc167f90ca090291f0f84b73367a646f23e5bd,g3_tmoe_s2_1e17_karen,cited
results/phase0/runs/g3_tmoe_s2_1e17_karen/run.meta,ncylich/temporal-moe-ckpts,g3_tmoe_s2_1e17_karen/run.meta,265,192d97c4a85cba578919ba3357d3f43a378ac9979377f46d58fbdece24677642,g3_tmoe_s2_1e17_karen,cited
results/phase0/runs/g3_tmoe_s2_1e17_karen/tb/events.out.tfevents.1783049715.fc23b1f776cf.175346.0,ncylich/temporal-moe-ckpts,g3_tmoe_s2_1e17_karen/tb/events.out.tfevents.1783049715.fc23b1f776cf.175346.0,5910907,adfd729b2216251686a235946bcc6c5d7b7f70e68c979b91a69f3754bd7d6c1a,g3_tmoe_s2_1e17_karen,cited
results/phase0/runs/g3_tmoe_s2_1e17_karen/tb/events.out.tfevents.1783060868.fc23b1f776cf.178234.0,ncylich/temporal-moe-ckpts,g3_tmoe_s2_1e17_karen/tb/events.out.tfevents.1783060868.fc23b1f776cf.178234.0,50099,de3e48ef81e57e8bf42d4e069a349aac54c6d5b2635049218ff6733cf1e05554,g3_tmoe_s2_1e17_karen,cited
results/phase0/runs/g3_tmoe_s2_1e17_karen/train.log,ncylich/temporal-moe-ckpts,g3_tmoe_s2_1e17_karen/train.log,337015,d37e6fe7485a738ff1907005b1a88f096c50730e01cc3f9f34018c2750ec5edc,g3_tmoe_s2_1e17_karen,cited
results/phase0/runs/g3_tmoe_s2_1e17_ovlEarly/ckpt/iter_0003861/.metadata,ncylich/temporal-moe-ckpts,g3_tmoe_s2_1e17_ovlEarly/ckpt/iter_0003861/.metadata,3807256,a4b09f92cf762c450c3413ee77148092822f527c383a68bc3e36083fb2d64693,g3_tmoe_s2_1e17_ovlEarly,cited
results/phase0/runs/g3_tmoe_s2_1e17_ovlEarly/ckpt/iter_0003861/__0_0.distcp,ncylich/temporal-moe-ckpts,g3_tmoe_s2_1e17_ovlEarly/ckpt/iter_0003861/__0_0.distcp,394950268,e8966e9b8fc972bfe85083e25e724a676a8279b412c02c190d7faa6526b1fc98,g3_tmoe_s2_1e17_ovlEarly,cited
results/phase0/runs/g3_tmoe_s2_1e17_ovlEarly/ckpt/iter_0003861/__0_1.distcp,ncylich/temporal-moe-ckpts,g3_tmoe_s2_1e17_ovlEarly/ckpt/iter_0003861/__0_1.distcp,394951568,eddefe2d25f36563d912c9399900f30e3e74d3de3f70dc38f0c202715c439220,g3_tmoe_s2_1e17_ovlEarly,cited
results/phase0/runs/g3_tmoe_s2_1e17_ovlEarly/ckpt/iter_0003861/common.pt,ncylich/temporal-moe-ckpts,g3_tmoe_s2_1e17_ovlEarly/ckpt/iter_0003861/common.pt,17116,b13490c18d2d37293c128674734aca17efc89aff1be0b195c1d29b5e87eaf11e,g3_tmoe_s2_1e17_ovlEarly,cited
results/phase0/runs/g3_tmoe_s2_1e17_ovlEarly/ckpt/iter_0003861/metadata.json,ncylich/temporal-moe-ckpts,g3_tmoe_s2_1e17_ovlEarly/ckpt/iter_0003861/metadata.json,119,9817072de14c715c70e8435a7fee90bac30abaf6885fc53ade6fe88babeef851,g3_tmoe_s2_1e17_ovlEarly,cited
results/phase0/runs/g3_tmoe_s2_1e17_ovlEarly/ckpt/latest_checkpointed_iteration.txt,ncylich/temporal-moe-ckpts,g3_tmoe_s2_1e17_ovlEarly/ckpt/latest_checkpointed_iteration.txt,4,85f72074abb94327414d7ec5268cd757c6066772e23e2fd0265c7e2b33b42768,g3_tmoe_s2_1e17_ovlEarly,cited
results/phase0/runs/g3_tmoe_s2_1e17_ovlEarly/run.meta,ncylich/temporal-moe-ckpts,g3_tmoe_s2_1e17_ovlEarly/run.meta,269,c952d949984fa9e0cd257230249778f5341fcf4062cd1512e932cb810b29ddcc,g3_tmoe_s2_1e17_ovlEarly,cited
results/phase0/runs/g3_tmoe_s2_1e17_ovlEarly/tb/events.out.tfevents.1784881485.3f9353b90490.256140.0,ncylich/temporal-moe-ckpts,g3_tmoe_s2_1e17_ovlEarly/tb/events.out.tfevents.1784881485.3f9353b90490.256140.0,5911096,6dee92c7883954b240cc6826269af0c3f59b5d9921a8c2bf5bd92bc0be276c59,g3_tmoe_s2_1e17_ovlEarly,cited
results/phase0/runs/g3_tmoe_s2_1e17_ovlEarly/train.log,ncylich/temporal-moe-ckpts,g3_tmoe_s2_1e17_ovlEarly/train.log,336385,1b73fdad1d14ec2ccda86c9ada9fd8fb563735c1ed2ed5b03a01c79c43b473a8,g3_tmoe_s2_1e17_ovlEarly,cited
results/phase0/runs/g3_tmoe_s2_1e17_ovlParFFN/ckpt/iter_0003861/.metadata,ncylich/temporal-moe-ckpts,g3_tmoe_s2_1e17_ovlParFFN/ckpt/iter_0003861/.metadata,3807257,15c63d3c43494584a8d9a8947298e5a5fa90e04d05b0923a7786edefe2bb00e5,g3_tmoe_s2_1e17_ovlParFFN,cited
results/phase0/runs/g3_tmoe_s2_1e17_ovlParFFN/ckpt/iter_0003861/__0_0.distcp,ncylich/temporal-moe-ckpts,g3_tmoe_s2_1e17_ovlParFFN/ckpt/iter_0003861/__0_0.distcp,394950268,3d5bec6a07293b8d999837ab3836b80a4dbb0f8ca0dea352149f65425dbecfc5,g3_tmoe_s2_1e17_ovlParFFN,cited
results/phase0/runs/g3_tmoe_s2_1e17_ovlParFFN/ckpt/iter_0003861/__0_1.distcp,ncylich/temporal-moe-ckpts,g3_tmoe_s2_1e17_ovlParFFN/ckpt/iter_0003861/__0_1.distcp,394951568,0f5880f5b538859e05ee76e13369d32e90c0e58635e875e76d0afefb0f3e91fc,g3_tmoe_s2_1e17_ovlParFFN,cited
results/phase0/runs/g3_tmoe_s2_1e17_ovlParFFN/ckpt/iter_0003861/common.pt,ncylich/temporal-moe-ckpts,g3_tmoe_s2_1e17_ovlParFFN/ckpt/iter_0003861/common.pt,17116,3c2e10dd22d7a39720e060fc94e0ff9d8ec71af6e2e33b18cb0ae6e26216cd9e,g3_tmoe_s2_1e17_ovlParFFN,cited
results/phase0/runs/g3_tmoe_s2_1e17_ovlParFFN/ckpt/iter_0003861/metadata.json,ncylich/temporal-moe-ckpts,g3_tmoe_s2_1e17_ovlParFFN/ckpt/iter_0003861/metadata.json,119,9817072de14c715c70e8435a7fee90bac30abaf6885fc53ade6fe88babeef851,g3_tmoe_s2_1e17_ovlParFFN,cited
results/phase0/runs/g3_tmoe_s2_1e17_ovlParFFN/ckpt/latest_checkpointed_iteration.txt,ncylich/temporal-moe-ckpts,g3_tmoe_s2_1e17_ovlParFFN/ckpt/latest_checkpointed_iteration.txt,4,85f72074abb94327414d7ec5268cd757c6066772e23e2fd0265c7e2b33b42768,g3_tmoe_s2_1e17_ovlParFFN,cited
results/phase0/runs/g3_tmoe_s2_1e17_ovlParFFN/run.meta,ncylich/temporal-moe-ckpts,g3_tmoe_s2_1e17_ovlParFFN/run.meta,270,58b785e83b639b1a76f8f32374bd59cfd509d680890b57109ff0d953b237ff2b,g3_tmoe_s2_1e17_ovlParFFN,cited
results/phase0/runs/g3_tmoe_s2_1e17_ovlParFFN/tb/events.out.tfevents.1784893654.3f9353b90490.262919.0,ncylich/temporal-moe-ckpts,g3_tmoe_s2_1e17_ovlParFFN/tb/events.out.tfevents.1784893654.3f9353b90490.262919.0,5911099,9740ac7973f98ba764dde0117d313eca78b497aec761bc1f2ce9b2319eb5954b,g3_tmoe_s2_1e17_ovlParFFN,cited
results/phase0/runs/g3_tmoe_s2_1e17_ovlParFFN/train.log,ncylich/temporal-moe-ckpts,g3_tmoe_s2_1e17_ovlParFFN/train.log,336390,9378d4e02769ef8ce34add320822ad0f98c574ae9caf1107bb9f4770d49d7532,g3_tmoe_s2_1e17_ovlParFFN,cited
results/phase0/runs/g3_tmoe_s3_1e17/ckpt/iter_0002107/.metadata,ncylich/temporal-moe-ckpts,g3_tmoe_s3_1e17/ckpt/iter_0002107/.metadata,4585470,3fd932af54499bee85efd807db3aaf1a37fc7582579979bdc9b82bed23b9a1d5,g3_tmoe_s3_1e17,cited
results/phase0/runs/g3_tmoe_s3_1e17/ckpt/iter_0002107/__0_0.distcp,ncylich/temporal-moe-ckpts,g3_tmoe_s3_1e17/ckpt/iter_0002107/__0_0.distcp,706898452,ef8775760286af96022a911b87d117096ef5b47700562fe5b5684d23a5e53e25,g3_tmoe_s3_1e17,cited
results/phase0/runs/g3_tmoe_s3_1e17/ckpt/iter_0002107/__0_1.distcp,ncylich/temporal-moe-ckpts,g3_tmoe_s3_1e17/ckpt/iter_0002107/__0_1.distcp,706896536,5bd9c90b29212e59ba927650ba31638876ae9d5d1a43f797609afbb93e93f24f,g3_tmoe_s3_1e17,cited
results/phase0/runs/g3_tmoe_s3_1e17/ckpt/iter_0002107/common.pt,ncylich/temporal-moe-ckpts,g3_tmoe_s3_1e17/ckpt/iter_0002107/common.pt,16988,05c59ca9c7a27bbd5a986f5f7aa607bf8e659f17e8d75feca8c0a1483a15f6f3,g3_tmoe_s3_1e17,cited
results/phase0/runs/g3_tmoe_s3_1e17/ckpt/iter_0002107/metadata.json,ncylich/temporal-moe-ckpts,g3_tmoe_s3_1e17/ckpt/iter_0002107/metadata.json,119,9817072de14c715c70e8435a7fee90bac30abaf6885fc53ade6fe88babeef851,g3_tmoe_s3_1e17,cited
results/phase0/runs/g3_tmoe_s3_1e17/ckpt/latest_checkpointed_iteration.txt,ncylich/temporal-moe-ckpts,g3_tmoe_s3_1e17/ckpt/latest_checkpointed_iteration.txt,4,74e70910949899071b1eb8b17993808a5f829c481dbc72a64aa9a1678a05106b,g3_tmoe_s3_1e17,cited
results/phase0/runs/g3_tmoe_s3_1e17/run.meta,ncylich/temporal-moe-ckpts,g3_tmoe_s3_1e17/run.meta,261,cf0642c518e9892beb38485daea8f2358bc88d8d4eea3339a6eca375355f4086,g3_tmoe_s3_1e17,cited
results/phase0/runs/g3_tmoe_s3_1e17/train.log,ncylich/temporal-moe-ckpts,g3_tmoe_s3_1e17/train.log,271335,9738c0576c17fcef4c11d787564662b05f3b5da9bbf6c2933e0d868405d48f4a,g3_tmoe_s3_1e17,cited
results/phase0/runs/g3_tmoe_sm1_1e16/ckpt/iter_0003938/.metadata,ncylich/temporal-moe-ckpts,g3_tmoe_sm1_1e16/ckpt/iter_0003938/.metadata,2289986,81381865b006f7e126be5653351a883085d2850b622792d2b915a84510499099,g3_tmoe_sm1_1e16,cited
results/phase0/runs/g3_tmoe_sm1_1e16/ckpt/iter_0003938/__0_0.distcp,ncylich/temporal-moe-ckpts,g3_tmoe_sm1_1e16/ckpt/iter_0003938/__0_0.distcp,55538852,716c27a1c7884b0585327bdbb34ed28bd0083815f0973dfa1143fb1f03e90316,g3_tmoe_sm1_1e16,cited
results/phase0/runs/g3_tmoe_sm1_1e16/ckpt/iter_0003938/__0_1.distcp,ncylich/temporal-moe-ckpts,g3_tmoe_sm1_1e16/ckpt/iter_0003938/__0_1.distcp,55545192,4a773b8d4067b418f9b727d3d431b6d04355945e88af2dafb66c0014691d615e,g3_tmoe_sm1_1e16,cited
results/phase0/runs/g3_tmoe_sm1_1e16/ckpt/iter_0003938/common.pt,ncylich/temporal-moe-ckpts,g3_tmoe_sm1_1e16/ckpt/iter_0003938/common.pt,16988,91f7bc91342d181c0848d0e50cfd350f8e8252d6e3a85d8d6679add2c09ae87f,g3_tmoe_sm1_1e16,cited
results/phase0/runs/g3_tmoe_sm1_1e16/ckpt/iter_0003938/metadata.json,ncylich/temporal-moe-ckpts,g3_tmoe_sm1_1e16/ckpt/iter_0003938/metadata.json,119,9817072de14c715c70e8435a7fee90bac30abaf6885fc53ade6fe88babeef851,g3_tmoe_sm1_1e16,cited
results/phase0/runs/g3_tmoe_sm1_1e16/ckpt/latest_checkpointed_iteration.txt,ncylich/temporal-moe-ckpts,g3_tmoe_sm1_1e16/ckpt/latest_checkpointed_iteration.txt,4,1cac2e47c58f84d0b8e14488f603520925b12f39da03df3462547d4256263b1c,g3_tmoe_sm1_1e16,cited
results/phase0/runs/g3_tmoe_sm1_1e16/run.meta,ncylich/temporal-moe-ckpts,g3_tmoe_sm1_1e16/run.meta,258,29b08c7a7cbdd60cb392239ab2c7ca616c5c045c80e8d7c4b86bd5d42d21c268,g3_tmoe_sm1_1e16,cited
results/phase0/runs/g3_tmoe_sm1_1e16/train.log,ncylich/temporal-moe-ckpts,g3_tmoe_sm1_1e16/train.log,271278,6cae1030df90c45004fd6fe98ab6b4c61103b49b227aefea3aa86306df35bf69,g3_tmoe_sm1_1e16,cited
results/phase0/runs/moe_coarse_1e19/act_log.pt,ncylich/temporal-moe-ckpts,moe_coarse_1e19/act_log.pt,89040,148c8234f0cce09594cf25baad3dd615288feb261a499d167fa92644220f3c5f,moe_coarse_1e19,cited
results/phase0/runs/moe_coarse_1e19/actprobe.log,ncylich/temporal-moe-ckpts,moe_coarse_1e19/actprobe.log,172861,207d0904e78fe40269a0c48e81b986e5cbae833e04c38845770bdf7d2fe2f03c,moe_coarse_1e19,cited
results/phase0/runs/moe_coarse_1e19/ckpt/iter_0004318/.metadata,ncylich/temporal-moe-ckpts,moe_coarse_1e19/ckpt/iter_0004318/.metadata,3512922,bff2ca94d92a814d589362e6cb0393567df39e628f813c9467acd385f6d8f79e,moe_coarse_1e19,cited
results/phase0/runs/moe_coarse_1e19/ckpt/iter_0004318/__0_0.distcp,ncylich/temporal-moe-ckpts,moe_coarse_1e19/ckpt/iter_0004318/__0_0.distcp,8826551048,2eaab8d77538afada9c6ded425b29815ccc61e163b05fbd80099b4cb2c7ecb95,moe_coarse_1e19,cited
results/phase0/runs/moe_coarse_1e19/ckpt/iter_0004318/__0_1.distcp,ncylich/temporal-moe-ckpts,moe_coarse_1e19/ckpt/iter_0004318/__0_1.distcp,8826539460,ebb8e98f88db9c2573c05a73c50303640098185387b463ab1d59066cd5bfb8bc,moe_coarse_1e19,cited
results/phase0/runs/moe_coarse_1e19/ckpt/iter_0004318/common.pt,ncylich/temporal-moe-ckpts,moe_coarse_1e19/ckpt/iter_0004318/common.pt,17948,15928fd60ce632d45467529049898a386e3f0a48e14ce2b57ae9f8eb26a4b957,moe_coarse_1e19,cited
results/phase0/runs/moe_coarse_1e19/ckpt/iter_0004318/metadata.json,ncylich/temporal-moe-ckpts,moe_coarse_1e19/ckpt/iter_0004318/metadata.json,119,9817072de14c715c70e8435a7fee90bac30abaf6885fc53ade6fe88babeef851,moe_coarse_1e19,cited
results/phase0/runs/moe_coarse_1e19/ckpt/latest_checkpointed_iteration.txt,ncylich/temporal-moe-ckpts,moe_coarse_1e19/ckpt/latest_checkpointed_iteration.txt,5,e9f06f63c816a50eed1d957ccc75facec254a502f3e4408ce22fb5741b069a49,moe_coarse_1e19,cited
results/phase0/runs/moe_coarse_1e19/delexprobe.log,ncylich/temporal-moe-ckpts,moe_coarse_1e19/delexprobe.log,172761,9507f52a70c92b879a6689f218170842d8c9607ad500944a58edc4466f820989,moe_coarse_1e19,cited
results/phase0/runs/moe_coarse_1e19/lmeval_0shot.log,ncylich/temporal-moe-ckpts,moe_coarse_1e19/lmeval_0shot.log,53960,4694d1ce93c4f0794f375590897b3904b0f1a6a55cbdb490ac29d86b94b91b2f,moe_coarse_1e19,cited
results/phase0/runs/moe_coarse_1e19/lmeval_0shot/results_2026-07-19T09-49-37.030395.json,ncylich/temporal-moe-ckpts,moe_coarse_1e19/lmeval_0shot/results_2026-07-19T09-49-37.030395.json,8541,7ee393cc3a5e5823e34e73081b255d9d32d214e0050d032211eb7181075465c5,moe_coarse_1e19,cited
results/phase0/runs/moe_coarse_1e19/lmeval_10shot.log,ncylich/temporal-moe-ckpts,moe_coarse_1e19/lmeval_10shot.log,388181,d15df159dbc25fe46dc99f52335d41018b4b3bfa6d19cb7763e07840feede853,moe_coarse_1e19,cited
results/phase0/runs/moe_coarse_1e19/lmeval_10shot/results_2026-07-19T10-07-16.090581.json,ncylich/temporal-moe-ckpts,moe_coarse_1e19/lmeval_10shot/results_2026-07-19T10-07-16.090581.json,11765,bb2ab3ccf11d23925bb2a56c62f4906e7aa983030e5a527f3a2eaf8936880e27,moe_coarse_1e19,cited
results/phase0/runs/moe_coarse_1e19/lmeval_extra_0shot.log,ncylich/temporal-moe-ckpts,moe_coarse_1e19/lmeval_extra_0shot.log,102788,3a738eb6cb2e4805c532d7eec7e75d15289612218ae3c2dcb1d2bfe88022d3f9,moe_coarse_1e19,cited
results/phase0/runs/moe_coarse_1e19/lmeval_extra_0shot/results_2026-07-19T18-46-23.347429.json,ncylich/temporal-moe-ckpts,moe_coarse_1e19/lmeval_extra_0shot/results_2026-07-19T18-46-23.347429.json,10969,1a992b7de835db5593712cba8031f6e137cd0d3cd4e6f9ae040d7088c5064b09,moe_coarse_1e19,cited
results/phase0/runs/moe_coarse_1e19/nohup.out,ncylich/temporal-moe-ckpts,moe_coarse_1e19/nohup.out,359756,5398c3aa95675b2cb96311b8bccb1d96ad8ec8fb5022fce25eedd29f76952ff3,moe_coarse_1e19,cited
results/phase0/runs/moe_coarse_1e19/nohup_probe.out,ncylich/temporal-moe-ckpts,moe_coarse_1e19/nohup_probe.out,173775,d2c90e99687e1062a39bdb3a1865c05dddba27d114244c31614d7052e10e8c0a,moe_coarse_1e19,cited
results/phase0/runs/moe_coarse_1e19/probe.log,ncylich/temporal-moe-ckpts,moe_coarse_1e19/probe.log,173510,907e057fc19e9aa1277d2500563e03230a10b35059861ac13fceeb6d3d6005a6,moe_coarse_1e19,cited
results/phase0/runs/moe_coarse_1e19/quanteval_b16.log,ncylich/temporal-moe-ckpts,moe_coarse_1e19/quanteval_b16.log,172295,be8c258f3644187e8ac382d2b1c3dc6d85b4a72c92ba32a910c597c449a3ed36,moe_coarse_1e19,cited
results/phase0/runs/moe_coarse_1e19/quanteval_b3.log,ncylich/temporal-moe-ckpts,moe_coarse_1e19/quanteval_b3.log,173083,b3f4eaf9e5ba57ac1221677ce039277b057060ae720f79a5b0900b200aab90f4,moe_coarse_1e19,cited
results/phase0/runs/moe_coarse_1e19/quanteval_b4.log,ncylich/temporal-moe-ckpts,moe_coarse_1e19/quanteval_b4.log,173083,5865f3e97357e0be9dba1d79038c0af9564bcd1f87250f40d113fbbdb8eb21d4,moe_coarse_1e19,cited
results/phase0/runs/moe_coarse_1e19/quanteval_b8.log,ncylich/temporal-moe-ckpts,moe_coarse_1e19/quanteval_b8.log,173083,07c679e53d893d337fab969d62c77c711cb47c0c0221fa62663e6fdfc0641704,moe_coarse_1e19,cited
results/phase0/runs/moe_coarse_1e19/run.meta,ncylich/temporal-moe-ckpts,moe_coarse_1e19/run.meta,267,6a620bc3c4bcdef4bb5ad60a8952c3d852f7c736819cc4c6622e17d8bd888ecc,moe_coarse_1e19,cited
results/phase0/runs/moe_coarse_1e19/swap_swapped_residency.log,ncylich/temporal-moe-ckpts,moe_coarse_1e19/swap_swapped_residency.log,172562,1aeb7ae2c0902d0049bb75fb609bdc22999ca2e1360a3da3f3d00436ace145df,moe_coarse_1e19,cited
results/phase0/runs/moe_coarse_1e19/tb/events.out.tfevents.1783494380.fc23b1f776cf.890440.0,ncylich/temporal-moe-ckpts,moe_coarse_1e19/tb/events.out.tfevents.1783494380.fc23b1f776cf.890440.0,11040270,8e6765310141209f9d86b923529eed4cef602c566b46e394ae7ffb286d0d632b,moe_coarse_1e19,cited
results/phase0/runs/moe_coarse_1e19/tb/events.out.tfevents.1783654952.fc23b1f776cf.1053377.0,ncylich/temporal-moe-ckpts,moe_coarse_1e19/tb/events.out.tfevents.1783654952.fc23b1f776cf.1053377.0,56897,490f44c24d02196a0101bc2730642571d2c42f8478b80488f4c4bf012fd1a64c,moe_coarse_1e19,cited
results/phase0/runs/moe_coarse_1e19/tb/events.out.tfevents.1784421232.3f9353b90490.27597.0,ncylich/temporal-moe-ckpts,moe_coarse_1e19/tb/events.out.tfevents.1784421232.3f9353b90490.27597.0,56860,4c6e59626f095b380a7cc1628c3644f1e2bee60bf04abb60097d161a97d60119,moe_coarse_1e19,cited
results/phase0/runs/moe_coarse_1e19/tb/events.out.tfevents.1784422401.3f9353b90490.30810.0,ncylich/temporal-moe-ckpts,moe_coarse_1e19/tb/events.out.tfevents.1784422401.3f9353b90490.30810.0,88,7013f018485c1e8ca09aacd9204325588dba188a38074b34e4cca8c22eabfafd,moe_coarse_1e19,cited
results/phase0/runs/moe_coarse_1e19/tb/events.out.tfevents.1784422518.3f9353b90490.31304.0,ncylich/temporal-moe-ckpts,moe_coarse_1e19/tb/events.out.tfevents.1784422518.3f9353b90490.31304.0,88,f759aea0a3e54b97c62905482d1e4f29bf6b718b429d3556bef0f5e42edc7828,moe_coarse_1e19,cited
results/phase0/runs/moe_coarse_1e19/tb/events.out.tfevents.1784422629.3f9353b90490.31611.0,ncylich/temporal-moe-ckpts,moe_coarse_1e19/tb/events.out.tfevents.1784422629.3f9353b90490.31611.0,88,060ece7e527fcbd065627e7a9c29a786a4049810f8b75a0e9b136d36e071f1fb,moe_coarse_1e19,cited
results/phase0/runs/moe_coarse_1e19/tb/events.out.tfevents.1784422743.3f9353b90490.31920.0,ncylich/temporal-moe-ckpts,moe_coarse_1e19/tb/events.out.tfevents.1784422743.3f9353b90490.31920.0,88,bbdc8bc168ad5df2679bbc8c19176ea6434aa2d5df9685752d007d812496fb12,moe_coarse_1e19,cited
results/phase0/runs/moe_coarse_1e19/tb/events.out.tfevents.1784423796.3f9353b90490.34240.0,ncylich/temporal-moe-ckpts,moe_coarse_1e19/tb/events.out.tfevents.1784423796.3f9353b90490.34240.0,46828,f39ab3caec292def5c78b66933b41391d08f221a7c0b54069826623005325500,moe_coarse_1e19,cited
results/phase0/runs/moe_coarse_1e19/tb/events.out.tfevents.1784424089.3f9353b90490.34960.0,ncylich/temporal-moe-ckpts,moe_coarse_1e19/tb/events.out.tfevents.1784424089.3f9353b90490.34960.0,46828,90165289dce550d2ba0f1fedced4192a541e52e241425e59de81aaccbe25e134,moe_coarse_1e19,cited
results/phase0/runs/moe_coarse_1e19/tb/events.out.tfevents.1784424360.3f9353b90490.35660.0,ncylich/temporal-moe-ckpts,moe_coarse_1e19/tb/events.out.tfevents.1784424360.3f9353b90490.35660.0,46828,c12bb36bbd334ec95956e3599a2301e858e650a75fc87d6f05b4e290c2d8b669,moe_coarse_1e19,cited
results/phase0/runs/moe_coarse_1e19/tb/events.out.tfevents.1784424641.3f9353b90490.36276.0,ncylich/temporal-moe-ckpts,moe_coarse_1e19/tb/events.out.tfevents.1784424641.3f9353b90490.36276.0,46828,98aecf2b52bf026e05df92c24cb20cc920e2f5456ad5751c3df4360b4aaf45af,moe_coarse_1e19,cited
results/phase0/runs/moe_coarse_1e19/tb/events.out.tfevents.1784424948.3f9353b90490.36985.0,ncylich/temporal-moe-ckpts,moe_coarse_1e19/tb/events.out.tfevents.1784424948.3f9353b90490.36985.0,46580,2902ba6270e08f971e7dc2102bb54abe69e30ba50e692fa1b155669f02fb754e,moe_coarse_1e19,cited
results/phase0/runs/moe_coarse_1e19/tb/events.out.tfevents.1784425169.3f9353b90490.37906.0,ncylich/temporal-moe-ckpts,moe_coarse_1e19/tb/events.out.tfevents.1784425169.3f9353b90490.37906.0,88,c71e2d744d21277d99edee232d6a8262cc494ba43ed1dadd245a7ef883b6cb73,moe_coarse_1e19,cited
results/phase0/runs/moe_coarse_1e19/tb/events.out.tfevents.1784425431.3f9353b90490.38500.0,ncylich/temporal-moe-ckpts,moe_coarse_1e19/tb/events.out.tfevents.1784425431.3f9353b90490.38500.0,41574,a1d50832b6a2268bad7cab246c9e33d11eacdbd9f9512ee90c44e42aefd4f698,moe_coarse_1e19,cited
results/phase0/runs/moe_coarse_1e19/tb/events.out.tfevents.1784425662.3f9353b90490.39089.0,ncylich/temporal-moe-ckpts,moe_coarse_1e19/tb/events.out.tfevents.1784425662.3f9353b90490.39089.0,88,3719803e5861f42d3ce9d70e1c4e79e1afa59b1c748575e398a068f860222ef4,moe_coarse_1e19,cited
results/phase0/runs/moe_coarse_1e19/tb/events.out.tfevents.1784425864.3f9353b90490.39673.0,ncylich/temporal-moe-ckpts,moe_coarse_1e19/tb/events.out.tfevents.1784425864.3f9353b90490.39673.0,41574,2add79d2e6cc7178d37ec8ba942d8b853ac383ebcf212aa8745d9ce92c427674,moe_coarse_1e19,cited
results/phase0/runs/moe_coarse_1e19/tb/events.out.tfevents.1784426113.3f9353b90490.40265.0,ncylich/temporal-moe-ckpts,moe_coarse_1e19/tb/events.out.tfevents.1784426113.3f9353b90490.40265.0,46828,2273f80e13baf9a5e1279e5c45d326bfccb14ca486d2a3ad3cfa23768ffd377e,moe_coarse_1e19,cited
results/phase0/runs/moe_coarse_1e19/tb/events.out.tfevents.1784426417.3f9353b90490.41050.0,ncylich/temporal-moe-ckpts,moe_coarse_1e19/tb/events.out.tfevents.1784426417.3f9353b90490.41050.0,46828,a7cc8b796a48f3333d1cdd59a5233a598cc149518840ba6a4954390471dd46a7,moe_coarse_1e19,cited
results/phase0/runs/moe_coarse_1e19/tb/events.out.tfevents.1784426665.3f9353b90490.41726.0,ncylich/temporal-moe-ckpts,moe_coarse_1e19/tb/events.out.tfevents.1784426665.3f9353b90490.41726.0,46828,60e26a57d85ce9c0a004d62830a1f4149fd8c5eeffc141e979fe56e1fa8534e8,moe_coarse_1e19,cited
results/phase0/runs/moe_coarse_1e19/tb/events.out.tfevents.1784426930.3f9353b90490.42339.0,ncylich/temporal-moe-ckpts,moe_coarse_1e19/tb/events.out.tfevents.1784426930.3f9353b90490.42339.0,46828,cdd2f4bba837085f92ff99f39e1ec26aede30396fe08077b4b212caf634a9f58,moe_coarse_1e19,cited
results/phase0/runs/moe_coarse_1e19/tb/events.out.tfevents.1784427211.3f9353b90490.42951.0,ncylich/temporal-moe-ckpts,moe_coarse_1e19/tb/events.out.tfevents.1784427211.3f9353b90490.42951.0,46828,2f7c1e89aafcf1cfca4379292bb969979904c07b96b232204d6e95611bb28136,moe_coarse_1e19,cited
results/phase0/runs/moe_coarse_1e19/tb/events.out.tfevents.1784446224.3f9353b90490.49787.0,ncylich/temporal-moe-ckpts,moe_coarse_1e19/tb/events.out.tfevents.1784446224.3f9353b90490.49787.0,49330,3519fd8c702913f3129559ed697821d11eb2125dd990040261faac574470e4f7,moe_coarse_1e19,cited
results/phase0/runs/moe_coarse_1e19/tb/events.out.tfevents.1784446562.3f9353b90490.50910.0,ncylich/temporal-moe-ckpts,moe_coarse_1e19/tb/events.out.tfevents.1784446562.3f9353b90490.50910.0,64348,610d36a6dfd7c38df3a111095d29d12589df33ac0c8d6fce06829343973f7328,moe_coarse_1e19,cited
results/phase0/runs/moe_coarse_1e19/tb/events.out.tfevents.1784449111.3f9353b90490.57572.0,ncylich/temporal-moe-ckpts,moe_coarse_1e19/tb/events.out.tfevents.1784449111.3f9353b90490.57572.0,46828,d549c7b644a19b7d65e40113cdf86b2e3b7112bb2a0803243083b92142a9d5f6,moe_coarse_1e19,cited
results/phase0/runs/moe_coarse_1e19/train.log,ncylich/temporal-moe-ckpts,moe_coarse_1e19/train.log,359490,f0f673a90cc1df3a92d7d063c900194aef79430da6077c3c03b640cd2a7b08a8,moe_coarse_1e19,cited
results/phase0/runs/parity_off/ckpt/iter_0000020/.metadata,ncylich/temporal-moe-ckpts,parity_off/ckpt/iter_0000020/.metadata,6079710,712a586be41e0d578a500103f525410b21aed11ccf97ed8a8f26c6270c35748d,parity_off,uncited
results/phase0/runs/parity_off/ckpt/iter_0000020/__0_0.distcp,ncylich/temporal-moe-ckpts,parity_off/ckpt/iter_0000020/__0_0.distcp,714944044,15eb7fc8c2389a168142b18479756a7021f4d2c56a9a1293088e509b6acbe3fb,parity_off,uncited
results/phase0/runs/parity_off/ckpt/iter_0000020/__0_1.distcp,ncylich/temporal-moe-ckpts,parity_off/ckpt/iter_0000020/__0_1.distcp,714899776,fdb6d50512462ef5e719c03cacee7950ffa822764a632fd891a417c725ed1a1a,parity_off,uncited
results/phase0/runs/parity_off/ckpt/iter_0000020/common.pt,ncylich/temporal-moe-ckpts,parity_off/ckpt/iter_0000020/common.pt,17884,5099d1cce6845a4f6746f017272b47efd4a76ca806566f105b6aa58d517e864c,parity_off,uncited
results/phase0/runs/parity_off/ckpt/iter_0000020/metadata.json,ncylich/temporal-moe-ckpts,parity_off/ckpt/iter_0000020/metadata.json,119,9817072de14c715c70e8435a7fee90bac30abaf6885fc53ade6fe88babeef851,parity_off,uncited
results/phase0/runs/parity_off/ckpt/latest_checkpointed_iteration.txt,ncylich/temporal-moe-ckpts,parity_off/ckpt/latest_checkpointed_iteration.txt,2,f5ca38f748a1d6eaf726b8a42fb575c3c71f1864a8143301782de13da2d9202b,parity_off,uncited
results/phase0/runs/parity_off/run.meta,ncylich/temporal-moe-ckpts,parity_off/run.meta,174,320502515986d2c678d9c540832bc85862d003f0b43607d5551b01695bf92b4e,parity_off,uncited
results/phase0/runs/parity_off/train.log,ncylich/temporal-moe-ckpts,parity_off/train.log,254973,b09fd3cda7fd2f4136061c02d310b43eef8f9bb01eb15d93df3545a7d9dc611b,parity_off,uncited
results/phase0/runs/parity_off2/ckpt/iter_0000020/.metadata,ncylich/temporal-moe-ckpts,parity_off2/ckpt/iter_0000020/.metadata,6079711,5e3033f13111935195edf6e7f72156175511e9ac990c7c8d88480fa4c14998df,parity_off2,uncited
results/phase0/runs/parity_off2/ckpt/iter_0000020/__0_0.distcp,ncylich/temporal-moe-ckpts,parity_off2/ckpt/iter_0000020/__0_0.distcp,714944044,e96ff8098a090ae1a7289159527e8ee266b682f758b31ed2e884c606ef946bf9,parity_off2,uncited
results/phase0/runs/parity_off2/ckpt/iter_0000020/__0_1.distcp,ncylich/temporal-moe-ckpts,parity_off2/ckpt/iter_0000020/__0_1.distcp,714899776,6fc04b362ad33811255e010ca4fbc1ce27b335e610574026a6010d44651ce1ca,parity_off2,uncited
results/phase0/runs/parity_off2/ckpt/iter_0000020/common.pt,ncylich/temporal-moe-ckpts,parity_off2/ckpt/iter_0000020/common.pt,17884,33fd0dba6ed99e6618558fc9e9f5503fe2691982e5f7241839d9bd924397757a,parity_off2,uncited
results/phase0/runs/parity_off2/ckpt/iter_0000020/metadata.json,ncylich/temporal-moe-ckpts,parity_off2/ckpt/iter_0000020/metadata.json,119,9817072de14c715c70e8435a7fee90bac30abaf6885fc53ade6fe88babeef851,parity_off2,uncited
results/phase0/runs/parity_off2/ckpt/latest_checkpointed_iteration.txt,ncylich/temporal-moe-ckpts,parity_off2/ckpt/latest_checkpointed_iteration.txt,2,f5ca38f748a1d6eaf726b8a42fb575c3c71f1864a8143301782de13da2d9202b,parity_off2,uncited
results/phase0/runs/parity_off2/run.meta,ncylich/temporal-moe-ckpts,parity_off2/run.meta,175,28440d1cbb6da3d28b201f964229c22b040d4749254f803cbcd662a22896c990,parity_off2,uncited
results/phase0/runs/parity_off2/train.log,ncylich/temporal-moe-ckpts,parity_off2/train.log,254978,d53225fc2a69f7a081739cf759d68873300c7e0446875cf50a159eee66ba0ff6,parity_off2,uncited
results/phase0/runs/parity_orig/ckpt/iter_0000020/.metadata,ncylich/temporal-moe-ckpts,parity_orig/ckpt/iter_0000020/.metadata,6079711,0d54a997ab350a741ae5548167ee4dcdf40b4f71d13e552e0bf324fccec52336,parity_orig,uncited
results/phase0/runs/parity_orig/ckpt/iter_0000020/__0_0.distcp,ncylich/temporal-moe-ckpts,parity_orig/ckpt/iter_0000020/__0_0.distcp,714944044,6187477eaadb32061c264ad957297e2cfe1721ef209af3926aa3ad762e5257d6,parity_orig,uncited
results/phase0/runs/parity_orig/ckpt/iter_0000020/__0_1.distcp,ncylich/temporal-moe-ckpts,parity_orig/ckpt/iter_0000020/__0_1.distcp,714899776,0c333f680056b7f5a3948aba4b112280bc375422172d2ced8354cc5657974429,parity_orig,uncited
results/phase0/runs/parity_orig/ckpt/iter_0000020/common.pt,ncylich/temporal-moe-ckpts,parity_orig/ckpt/iter_0000020/common.pt,17820,65f9e7fd849c36d4a77419329cf443663ba5515eec7de69f0e3f1ee9f8c0d6e3,parity_orig,uncited
results/phase0/runs/parity_orig/ckpt/iter_0000020/metadata.json,ncylich/temporal-moe-ckpts,parity_orig/ckpt/iter_0000020/metadata.json,119,9817072de14c715c70e8435a7fee90bac30abaf6885fc53ade6fe88babeef851,parity_orig,uncited
results/phase0/runs/parity_orig/ckpt/latest_checkpointed_iteration.txt,ncylich/temporal-moe-ckpts,parity_orig/ckpt/latest_checkpointed_iteration.txt,2,f5ca38f748a1d6eaf726b8a42fb575c3c71f1864a8143301782de13da2d9202b,parity_orig,uncited
results/phase0/runs/parity_orig/run.meta,ncylich/temporal-moe-ckpts,parity_orig/run.meta,175,69e9ef9fd7cf55de7c149a9b05b81076dbbebf7fd371b72a97a48c1a29a7a09e,parity_orig,uncited
results/phase0/runs/parity_orig/train.log,ncylich/temporal-moe-ckpts,parity_orig/train.log,254862,1f7c8be4e514c31f07b59f050da0c49f5a58590e34228e470af4ddab1a908fb5,parity_orig,uncited
results/phase0/runs/parity_v1/ckpt/iter_0000020/.metadata,ncylich/temporal-moe-ckpts,parity_v1/ckpt/iter_0000020/.metadata,6079709,7bee90f59392247c359672f4175e7f2319e68dd7f5c3a045fa2acd99f155dfee,parity_v1,uncited
results/phase0/runs/parity_v1/ckpt/iter_0000020/__0_0.distcp,ncylich/temporal-moe-ckpts,parity_v1/ckpt/iter_0000020/__0_0.distcp,714944044,e50f1a265e36e525b397bc86be356450db1ad32ea583eaf8bf50b87d5e85cb89,parity_v1,uncited
results/phase0/runs/parity_v1/ckpt/iter_0000020/__0_1.distcp,ncylich/temporal-moe-ckpts,parity_v1/ckpt/iter_0000020/__0_1.distcp,714899776,c71fc7c0e09a4db9cde2ec403545d4939fb628a8845a2f7b935fad535fc0dcf2,parity_v1,uncited
results/phase0/runs/parity_v1/ckpt/iter_0000020/common.pt,ncylich/temporal-moe-ckpts,parity_v1/ckpt/iter_0000020/common.pt,17884,18d29a29d914467c0c6e98e022e1e207aaab0546208dbe7dad59c0a33471d4a1,parity_v1,uncited
results/phase0/runs/parity_v1/ckpt/iter_0000020/metadata.json,ncylich/temporal-moe-ckpts,parity_v1/ckpt/iter_0000020/metadata.json,119,9817072de14c715c70e8435a7fee90bac30abaf6885fc53ade6fe88babeef851,parity_v1,uncited
results/phase0/runs/parity_v1/ckpt/latest_checkpointed_iteration.txt,ncylich/temporal-moe-ckpts,parity_v1/ckpt/latest_checkpointed_iteration.txt,2,f5ca38f748a1d6eaf726b8a42fb575c3c71f1864a8143301782de13da2d9202b,parity_v1,uncited
results/phase0/runs/parity_v1/run.meta,ncylich/temporal-moe-ckpts,parity_v1/run.meta,173,c7a2f4eb2155439bd8d99391376b2c7c539d368f8db8fa02dad8c44078536bdc,parity_v1,uncited
results/phase0/runs/parity_v1/train.log,ncylich/temporal-moe-ckpts,parity_v1/train.log,254967,ae886a313b418e975843ac8eebf508f8b801aac9841ade09754fcbc8e01dd26e,parity_v1,uncited
results/phase0/runs/parity_v2/ckpt/iter_0000020/.metadata,ncylich/temporal-moe-ckpts,parity_v2/ckpt/iter_0000020/.metadata,6079709,2f714597d4acc4f78c051d8dc84d2f5d505090a586c309d276237896710c607e,parity_v2,uncited
results/phase0/runs/parity_v2/ckpt/iter_0000020/__0_0.distcp,ncylich/temporal-moe-ckpts,parity_v2/ckpt/iter_0000020/__0_0.distcp,714944044,68df3ad54ccbcdf89c844799fde3565d10fbf16d27398beb05b79a29b86afa44,parity_v2,uncited
results/phase0/runs/parity_v2/ckpt/iter_0000020/__0_1.distcp,ncylich/temporal-moe-ckpts,parity_v2/ckpt/iter_0000020/__0_1.distcp,714899776,9be23440e9f740668cf5078f459d18d6aa732e4a6af2dab8ede861108aefdade,parity_v2,uncited
results/phase0/runs/parity_v2/ckpt/iter_0000020/common.pt,ncylich/temporal-moe-ckpts,parity_v2/ckpt/iter_0000020/common.pt,17884,a473edfb4d34cd35492b81e0a56b951bc04984518ef757770a0ef474b0d3e519,parity_v2,uncited
results/phase0/runs/parity_v2/ckpt/iter_0000020/metadata.json,ncylich/temporal-moe-ckpts,parity_v2/ckpt/iter_0000020/metadata.json,119,9817072de14c715c70e8435a7fee90bac30abaf6885fc53ade6fe88babeef851,parity_v2,uncited
results/phase0/runs/parity_v2/ckpt/latest_checkpointed_iteration.txt,ncylich/temporal-moe-ckpts,parity_v2/ckpt/latest_checkpointed_iteration.txt,2,f5ca38f748a1d6eaf726b8a42fb575c3c71f1864a8143301782de13da2d9202b,parity_v2,uncited
results/phase0/runs/parity_v2/run.meta,ncylich/temporal-moe-ckpts,parity_v2/run.meta,173,3344f10d01d7ec6673fec00b8893aa8159e965434cef952fbb4cb238f697a5cd,parity_v2,uncited
results/phase0/runs/parity_v2/train.log,ncylich/temporal-moe-ckpts,parity_v2/train.log,254967,6b10f0417dce7ccea60a2abc2fd42a8bfc74d60d089db95766f1e6095569c3c1,parity_v2,uncited
results/phase0/runs/probe_dense_s19opt/ckpt/iter_0000025/.metadata,ncylich/temporal-moe-ckpts,probe_dense_s19opt/ckpt/iter_0000025/.metadata,137621,842515411dcd7cb0d42c4598838f8e304975a498925aa80d7a76a94f1ea4d920,probe_dense_s19opt,uncited
results/phase0/runs/probe_dense_s19opt/ckpt/iter_0000025/__0_0.distcp,ncylich/temporal-moe-ckpts,probe_dense_s19opt/ckpt/iter_0000025/__0_0.distcp,1851983640,ca2068b9c3515d7d3e23572ed29c2636c48320d7a2cb0eb74d41ac4ca60a0cf3,probe_dense_s19opt,uncited
results/phase0/runs/probe_dense_s19opt/ckpt/iter_0000025/__0_1.distcp,ncylich/temporal-moe-ckpts,probe_dense_s19opt/ckpt/iter_0000025/__0_1.distcp,1851995652,ffcc01bca9fc7728480069e8608703a6ad3af6b231091211b7ca287f01e53891,probe_dense_s19opt,uncited
results/phase0/runs/probe_dense_s19opt/ckpt/iter_0000025/common.pt,ncylich/temporal-moe-ckpts,probe_dense_s19opt/ckpt/iter_0000025/common.pt,17884,7dbcc6051926a7d4fbff49a6ba1cea8d9fe73a2ac97d7cae826d08cb0218d2c3,probe_dense_s19opt,uncited
results/phase0/runs/probe_dense_s19opt/ckpt/iter_0000025/metadata.json,ncylich/temporal-moe-ckpts,probe_dense_s19opt/ckpt/iter_0000025/metadata.json,119,9817072de14c715c70e8435a7fee90bac30abaf6885fc53ade6fe88babeef851,probe_dense_s19opt,uncited
results/phase0/runs/probe_dense_s19opt/ckpt/latest_checkpointed_iteration.txt,ncylich/temporal-moe-ckpts,probe_dense_s19opt/ckpt/latest_checkpointed_iteration.txt,2,b7a56873cd771f2c446d369b649430b65a756ba278ff97ec81bb6f55b2e73569,probe_dense_s19opt,uncited
results/phase0/runs/probe_dense_s19opt/nohup.out,ncylich/temporal-moe-ckpts,probe_dense_s19opt/nohup.out,77998,c23653f5d6cabc061c2bf297f9661f5d3a6603cac510676746af1bed03560e67,probe_dense_s19opt,uncited
results/phase0/runs/probe_dense_s19opt/run.meta,ncylich/temporal-moe-ckpts,probe_dense_s19opt/run.meta,268,0954d0b27b9c6450a330b1c211d1692f4cad58000a9157dfb6e31b1599f2f012,probe_dense_s19opt,uncited
results/phase0/runs/probe_dense_s19opt/tb/events.out.tfevents.1783225873.fc23b1f776cf.436910.0,ncylich/temporal-moe-ckpts,probe_dense_s19opt/tb/events.out.tfevents.1783225873.fc23b1f776cf.436910.0,57998,32b6ae3c7989e4ef63424c09be8b911bd15512403587fa376a93eca02393e8c0,probe_dense_s19opt,uncited
results/phase0/runs/probe_dense_s19opt/train.log,ncylich/temporal-moe-ckpts,probe_dense_s19opt/train.log,77401,992307d8f3fec361ad62022216951e27ffc222f2f44e200801f53358923a1f68,probe_dense_s19opt,uncited
results/phase0/runs/probe_tmoe_s19opt/nohup.out,ncylich/temporal-moe-ckpts,probe_tmoe_s19opt/nohup.out,168682,9b1596e18d51ac4913d9c18ac3e1ac3c7365506528ce9a3fd422600bfe6f2412,probe_tmoe_s19opt,uncited
results/phase0/runs/probe_tmoe_s19opt/run.meta,ncylich/temporal-moe-ckpts,probe_tmoe_s19opt/run.meta,267,af20a4dbb689a85ba47b61d4d12d93e809273a715dcb7956afc2f0fb42c68b44,probe_tmoe_s19opt,uncited
results/phase0/runs/probe_tmoe_s19opt/tb/events.out.tfevents.1783227617.fc23b1f776cf.438086.0,ncylich/temporal-moe-ckpts,probe_tmoe_s19opt/tb/events.out.tfevents.1783227617.fc23b1f776cf.438086.0,84184,d0ae48fc465a7c5b5622f1839c8dfa604cee1ffac04028334389042ad918b039,probe_tmoe_s19opt,uncited
results/phase0/runs/probe_tmoe_s19opt/train.log,ncylich/temporal-moe-ckpts,probe_tmoe_s19opt/train.log,168088,9982d68848ad9b614eb7f8010f7ad276a6cb45842cf97516b5e4c751113f122c,probe_tmoe_s19opt,uncited
results/phase0/runs/temporal_fine_g3_1e19/act_log.pt,ncylich/temporal-moe-ckpts,temporal_fine_g3_1e19/act_log.pt,202524,a2e5f761d43e35ab43efa5e767c3442b83e83d0399313de5669ff68465139a4d,temporal_fine_g3_1e19,cited
results/phase0/runs/temporal_fine_g3_1e19/actprobe.log,ncylich/temporal-moe-ckpts,temporal_fine_g3_1e19/actprobe.log,366065,f459f70290ba1654b142adff627fdb869e3a49b4ec92130a74eb2c05bec4c24f,temporal_fine_g3_1e19,cited
results/phase0/runs/temporal_fine_g3_1e19/ckpt/iter_0004278/.metadata,ncylich/temporal-moe-ckpts,temporal_fine_g3_1e19/ckpt/iter_0004278/.metadata,10029195,2eadd06d6a1d4fdb6fc4a7c11da4c850ad92f3a1218c40006701dfc3db86d089,temporal_fine_g3_1e19,cited
results/phase0/runs/temporal_fine_g3_1e19/ckpt/iter_0004278/__0_0.distcp,ncylich/temporal-moe-ckpts,temporal_fine_g3_1e19/ckpt/iter_0004278/__0_0.distcp,8878601964,57d353f93be187e191fddd314c6cc9020699527b11594f88e39cbadff6c15bec,temporal_fine_g3_1e19,cited
results/phase0/runs/temporal_fine_g3_1e19/ckpt/iter_0004278/__0_1.distcp,ncylich/temporal-moe-ckpts,temporal_fine_g3_1e19/ckpt/iter_0004278/__0_1.distcp,8878668256,c059b12cad2e6dbe1b579f0e3be652b68ed2dd46a8b2ade2eb4d6b691c98f039,temporal_fine_g3_1e19,cited
results/phase0/runs/temporal_fine_g3_1e19/ckpt/iter_0004278/common.pt,ncylich/temporal-moe-ckpts,temporal_fine_g3_1e19/ckpt/iter_0004278/common.pt,17948,6c364efe10fe3eaf946cc1b02218e51b8806a762639e587a110b05e54acecc49,temporal_fine_g3_1e19,cited
results/phase0/runs/temporal_fine_g3_1e19/ckpt/iter_0004278/metadata.json,ncylich/temporal-moe-ckpts,temporal_fine_g3_1e19/ckpt/iter_0004278/metadata.json,119,9817072de14c715c70e8435a7fee90bac30abaf6885fc53ade6fe88babeef851,temporal_fine_g3_1e19,cited
results/phase0/runs/temporal_fine_g3_1e19/ckpt/latest_checkpointed_iteration.txt,ncylich/temporal-moe-ckpts,temporal_fine_g3_1e19/ckpt/latest_checkpointed_iteration.txt,5,838c0a42595961e87d6329ac582c057a5aba5fe0ac4a8685cae8d17f2be5fe3b,temporal_fine_g3_1e19,cited
results/phase0/runs/temporal_fine_g3_1e19/delexprobe.log,ncylich/temporal-moe-ckpts,temporal_fine_g3_1e19/delexprobe.log,365970,f02ad10bfb1144bb8381f5a80c875e713fb3cab68dc5eb3e2cfae7bcd6b007f2,temporal_fine_g3_1e19,cited
results/phase0/runs/temporal_fine_g3_1e19/lmeval_0shot.log,ncylich/temporal-moe-ckpts,temporal_fine_g3_1e19/lmeval_0shot.log,53728,b2d36a01bbd3191003d9c632eceeb6cc5d8c71a14f321b34a5c0b0d4c0bf6c5b,temporal_fine_g3_1e19,cited
results/phase0/runs/temporal_fine_g3_1e19/lmeval_0shot/results_2026-07-19T10-32-33.841177.json,ncylich/temporal-moe-ckpts,temporal_fine_g3_1e19/lmeval_0shot/results_2026-07-19T10-32-33.841177.json,8542,ce713a389e813e3f688b61b36cd073fcbd3225c8e68e0ada20f50c1504251aa0,temporal_fine_g3_1e19,cited
results/phase0/runs/temporal_fine_g3_1e19/lmeval_0shot/results_2026-07-19T11-21-02.736699.json,ncylich/temporal-moe-ckpts,temporal_fine_g3_1e19/lmeval_0shot/results_2026-07-19T11-21-02.736699.json,8541,71c4a0ca0968f52a5139996e0d9b1c79fe5dc01049c3cc07b09dd1fd12104906,temporal_fine_g3_1e19,cited
results/phase0/runs/temporal_fine_g3_1e19/lmeval_10shot.log,ncylich/temporal-moe-ckpts,temporal_fine_g3_1e19/lmeval_10shot.log,435630,3f510cf9bc5368b9de1eb43aa40130d3acb86d587a636bebb52900bebaa19f61,temporal_fine_g3_1e19,cited
results/phase0/runs/temporal_fine_g3_1e19/lmeval_10shot/results_2026-07-19T10-53-00.965550.json,ncylich/temporal-moe-ckpts,temporal_fine_g3_1e19/lmeval_10shot/results_2026-07-19T10-53-00.965550.json,11764,ed69dea6b04b7e2372e26cebf3ccbb6b5cd4c1b574867c3fadbd085b6a32da12,temporal_fine_g3_1e19,cited
results/phase0/runs/temporal_fine_g3_1e19/lmeval_10shot/results_2026-07-19T11-42-14.963019.json,ncylich/temporal-moe-ckpts,temporal_fine_g3_1e19/lmeval_10shot/results_2026-07-19T11-42-14.963019.json,11765,1f592e6824c288be3b58f765cef53b7702bd24671119215585101ac121c297de,temporal_fine_g3_1e19,cited
results/phase0/runs/temporal_fine_g3_1e19/lmeval_extra_0shot.log,ncylich/temporal-moe-ckpts,temporal_fine_g3_1e19/lmeval_extra_0shot.log,114525,35157d9c990bc755250fde14e7449f11fe564450b7de4c35ff3a2ff294fc233b,temporal_fine_g3_1e19,cited
results/phase0/runs/temporal_fine_g3_1e19/lmeval_extra_0shot/results_2026-07-19T18-59-34.858029.json,ncylich/temporal-moe-ckpts,temporal_fine_g3_1e19/lmeval_extra_0shot/results_2026-07-19T18-59-34.858029.json,10968,e6de592090f2630eebf24c96de33eec6735bfd50a043209391539b64816f6627,temporal_fine_g3_1e19,cited
results/phase0/runs/temporal_fine_g3_1e19/nohup.out,ncylich/temporal-moe-ckpts,temporal_fine_g3_1e19/nohup.out,550651,4ebe6beda658b2eb3ed11f2ffe777e5cbf72245a31e837199d838b991f9a9034,temporal_fine_g3_1e19,cited
results/phase0/runs/temporal_fine_g3_1e19/nohup_probe.out,ncylich/temporal-moe-ckpts,temporal_fine_g3_1e19/nohup_probe.out,366999,661ce512ec7a52fba41a7e5e6bd3d5743321acb76dae6fc374552d1ee5c628c0,temporal_fine_g3_1e19,cited
results/phase0/runs/temporal_fine_g3_1e19/probe.log,ncylich/temporal-moe-ckpts,temporal_fine_g3_1e19/probe.log,366726,29471b8e94eba723c0850208da3cd7c5519b6beac0956315ba41f929d3bc5963,temporal_fine_g3_1e19,cited
results/phase0/runs/temporal_fine_g3_1e19/quanteval_b16.log,ncylich/temporal-moe-ckpts,temporal_fine_g3_1e19/quanteval_b16.log,365957,bfef8977f46917db410724ac94325a78adb1b36df6c329fc26bab5a899110a92,temporal_fine_g3_1e19,cited
results/phase0/runs/temporal_fine_g3_1e19/quanteval_b3.log,ncylich/temporal-moe-ckpts,temporal_fine_g3_1e19/quanteval_b3.log,365711,c298fd0959ed707f587fbe689848e2812150a06da04de6350540241c965b85a0,temporal_fine_g3_1e19,cited
results/phase0/runs/temporal_fine_g3_1e19/quanteval_b4.log,ncylich/temporal-moe-ckpts,temporal_fine_g3_1e19/quanteval_b4.log,365711,92c394b8d5afae934eceb8115424dfd1efcd70c795f7c0a8c4105060e80b6eee,temporal_fine_g3_1e19,cited
results/phase0/runs/temporal_fine_g3_1e19/quanteval_b8.log,ncylich/temporal-moe-ckpts,temporal_fine_g3_1e19/quanteval_b8.log,365711,dd19f35a47f9eb245f55702872c2a70281b5ab961ea26684242bb3a811bc0909,temporal_fine_g3_1e19,cited
results/phase0/runs/temporal_fine_g3_1e19/run.meta,ncylich/temporal-moe-ckpts,temporal_fine_g3_1e19/run.meta,275,10a11116658dae26a93df9ece6eeeae985b6ab170061eb4a6a0968e756516e29,temporal_fine_g3_1e19,cited
results/phase0/runs/temporal_fine_g3_1e19/swap_swapped_unmasked.log,ncylich/temporal-moe-ckpts,temporal_fine_g3_1e19/swap_swapped_unmasked.log,366232,b5cba1a0fa31ed3d175ac8f1f818b4152109f6d7794015bc9d8e3790652b47a6,temporal_fine_g3_1e19,cited
results/phase0/runs/temporal_fine_g3_1e19/tb/events.out.tfevents.1783681904.fc23b1f776cf.1102553.0,ncylich/temporal-moe-ckpts,temporal_fine_g3_1e19/tb/events.out.tfevents.1783681904.fc23b1f776cf.1102553.0,10938250,52e50b76e953fa72ddc0687fefd6d3229c83cf69d265d9944c11e77de6739069,temporal_fine_g3_1e19,cited
results/phase0/runs/temporal_fine_g3_1e19/tb/events.out.tfevents.1783941318.fc23b1f776cf.1313524.0,ncylich/temporal-moe-ckpts,temporal_fine_g3_1e19/tb/events.out.tfevents.1783941318.fc23b1f776cf.1313524.0,56916,3609597e103e7c61b9517091cfcb90d06a4e2f8f4ec901ace08257d5254a8258,temporal_fine_g3_1e19,cited
results/phase0/runs/temporal_fine_g3_1e19/tb/events.out.tfevents.1784422048.3f9353b90490.29999.0,ncylich/temporal-moe-ckpts,temporal_fine_g3_1e19/tb/events.out.tfevents.1784422048.3f9353b90490.29999.0,56873,118a72ba934c160c180c5f29f2f2e9ecf3f9c3623a5565989c802e02e0aecb89,temporal_fine_g3_1e19,cited
results/phase0/runs/temporal_fine_g3_1e19/tb/events.out.tfevents.1784423326.3f9353b90490.33455.0,ncylich/temporal-moe-ckpts,temporal_fine_g3_1e19/tb/events.out.tfevents.1784423326.3f9353b90490.33455.0,88,18962271d5e518134de1cc7ff8abf1f71af7d74c75757db47151d5bcfdd9013b,temporal_fine_g3_1e19,cited
results/phase0/runs/temporal_fine_g3_1e19/tb/events.out.tfevents.1784428656.3f9353b90490.46097.0,ncylich/temporal-moe-ckpts,temporal_fine_g3_1e19/tb/events.out.tfevents.1784428656.3f9353b90490.46097.0,46841,1793cff6035307e13d26a854b36bf7b9a49a3387e67b11e9e5652fdf2b425729,temporal_fine_g3_1e19,cited
results/phase0/runs/temporal_fine_g3_1e19/tb/events.out.tfevents.1784429118.3f9353b90490.46808.0,ncylich/temporal-moe-ckpts,temporal_fine_g3_1e19/tb/events.out.tfevents.1784429118.3f9353b90490.46808.0,46841,1ad56ec94bcf0e91b747f7347454e62b3e6e1fc71ccf90a2d1f22ddce23eaaf8,temporal_fine_g3_1e19,cited
results/phase0/runs/temporal_fine_g3_1e19/tb/events.out.tfevents.1784429540.3f9353b90490.47422.0,ncylich/temporal-moe-ckpts,temporal_fine_g3_1e19/tb/events.out.tfevents.1784429540.3f9353b90490.47422.0,46841,3279967bfdd3686fff9e48f35d3fcce351835c57e159157622b1b269e788ee5f,temporal_fine_g3_1e19,cited
results/phase0/runs/temporal_fine_g3_1e19/tb/events.out.tfevents.1784429965.3f9353b90490.48035.0,ncylich/temporal-moe-ckpts,temporal_fine_g3_1e19/tb/events.out.tfevents.1784429965.3f9353b90490.48035.0,46841,357ba8ea40dc5fecdf27536e4ea639eb43cf7e658b1ddd34b2104963e4c71791,temporal_fine_g3_1e19,cited
results/phase0/runs/temporal_fine_g3_1e19/tb/events.out.tfevents.1784447406.3f9353b90490.53246.0,ncylich/temporal-moe-ckpts,temporal_fine_g3_1e19/tb/events.out.tfevents.1784447406.3f9353b90490.53246.0,64361,c07a0c457429995d2686d39b23b530d34bad3b7494451a0af65cf46db6621e1c,temporal_fine_g3_1e19,cited
results/phase0/runs/temporal_fine_g3_1e19/tb/events.out.tfevents.1784449659.3f9353b90490.59005.0,ncylich/temporal-moe-ckpts,temporal_fine_g3_1e19/tb/events.out.tfevents.1784449659.3f9353b90490.59005.0,46841,206bf3e5f85e2f8deed8b6779995f0c10505f5ba7a2f7d826514dcc44f22a929,temporal_fine_g3_1e19,cited
results/phase0/runs/temporal_fine_g3_1e19/train.log,ncylich/temporal-moe-ckpts,temporal_fine_g3_1e19/train.log,550377,aceabbfb04229da86193603df20db28750271f5d7ee734252136baefacb77424,temporal_fine_g3_1e19,cited
results/ablations/FINDINGS.md,ncylich/temporal-moe-extras,ablations/FINDINGS.md,14510,cf4defb5152a5947d68da2e9f4e8af69fa5e9c46de21b61d5d623ea588a46287,,
results/ablations/README.md,ncylich/temporal-moe-extras,ablations/README.md,15740,959b90027d44ecc96e2cd4b79f78bf357d4af837d485d6b568d8770c8732a644,,
results/archive/olmoe_renorm_era/adapt_ckpts/.gitignore,ncylich/temporal-moe-extras,ablations/adapt_ckpts/.gitignore,162,ce0276d2e9f196f859df36cbf5a2205f113628c52591f30907d251af4fa9ab0d,,
results/ablations/alignment_cells.csv,ncylich/temporal-moe-extras,ablations/alignment_cells.csv,4191,c40cdb8212a1d7446867a466f4c0b9884bc12ed04ded5fe69d48b03fb76ec170,,
results/ablations/alignment_frontier.csv,ncylich/temporal-moe-extras,ablations/alignment_frontier.csv,1358,9927d070b4d87819f9c6c0120f18635bc0b26c28f2f29138abda359b8c22e75a,,
results/ablations/anomaly_pred.csv,ncylich/temporal-moe-extras,ablations/anomaly_pred.csv,901,4cd9eb9034ac79208182bc1382dc8f92341ae39229ac96c935d468d38efdba50,,
results/ablations/b1_eval_bpb.csv,ncylich/temporal-moe-extras,ablations/b1_eval_bpb.csv,586,4a46de84896c4711d5af23dab7412a5c5a9e5b0c2990fbfabb0f0af4d0affa79,,
results/ablations/block_replay.csv,ncylich/temporal-moe-extras,ablations/block_replay.csv,4715,180490d7d9a3082a7fcb4ec2721c3469031c00c17b461747333da603abaeb575,,
results/ablations/downstream_evals.csv,ncylich/temporal-moe-extras,ablations/downstream_evals.csv,3656,b629d72a3856b5bb7041c9ae4cb30d9a1556f7b83ba63e0779a6f861caf12f1c,,
results/ablations/e1_swap_rate_by_layer.csv,ncylich/temporal-moe-extras,ablations/e1_swap_rate_by_layer.csv,1620,60979b27c98de3c8972fde5a40e4385f5665470491334121ab6fa07afbe01287,,
results/ablations/e1_victim_cache_hitrate.csv,ncylich/temporal-moe-extras,ablations/e1_victim_cache_hitrate.csv,1906,f0f2f32d0c692088c7889fbb41cdb3d045f442e5e0ed7438d53117f8c26bb199,,
results/ablations/e2_streamed_diversity.csv,ncylich/temporal-moe-extras,ablations/e2_streamed_diversity.csv,548,e9ededd27d5319077b277804aef2f9383639bef23ed395c35c6dc3fab3ee917d,,
results/ablations/e3_mass_vs_set_consistency.csv,ncylich/temporal-moe-extras,ablations/e3_mass_vs_set_consistency.csv,587,b744eea24b6a89bb413d8c47ac41e0a6539210f41ec30f8bb92f02b1bc2f29b5,,
results/ablations/e4_swap_vs_retained_mass.csv,ncylich/temporal-moe-extras,ablations/e4_swap_vs_retained_mass.csv,1352,cfbc6f7b8a347a8988747305bfed91ee047de8059f3469f7879120d3da6c1dda,,
results/ablations/e5_eviction_policy_headroom.csv,ncylich/temporal-moe-extras,ablations/e5_eviction_policy_headroom.csv,2384,799664e59b790e23534557b0590e4ff4a270cb6595a62eb4165a1b532a014545,,
results/ablations/e6_per_layer_ranking.csv,ncylich/temporal-moe-extras,ablations/e6_per_layer_ranking.csv,1197,43f152c2a46dd933797724452242036498af61a2e020b1445fc50a945b0aab8a,,
results/ablations/e7_demand_smoothing.csv,ncylich/temporal-moe-extras,ablations/e7_demand_smoothing.csv,914,d893bc9decb948c98eb14757dc9cde433a8248635fda600d9c6a2277418cb20f,,
results/ablations/e8_document_boundary.csv,ncylich/temporal-moe-extras,ablations/e8_document_boundary.csv,831,04f4a59a43661e94cd9fc5a102f234c9be1b93a423beea34979ddb58d1664a5e,,
results/ablations/expert_selection_per_token.csv,ncylich/temporal-moe-extras,ablations/expert_selection_per_token.csv,484279,e31a8ffd158182d8eb2a0bbbbf6e66dd45f6934f02f6ba91a08796fb3e5596c1,,
results/ablations/flame192_leftflank_1e18.csv,ncylich/temporal-moe-extras,ablations/flame192_leftflank_1e18.csv,1306,64cf74da5f49824ce9ebb02b70635a3e5e9af03176344fc5adabbf09c108828f,,
results/ablations/flame1e17_overlap.csv,ncylich/temporal-moe-extras,ablations/flame1e17_overlap.csv,1480,991a59e050a77d573ae476491c1d90fd189cc704ecebf8b30a554693bb1a008a,,
results/ablations/flame1e18_downstream.csv,ncylich/temporal-moe-extras,ablations/flame1e18_downstream.csv,11356,b937ef68862521903f9a7cd574b10625dbdc6ea2f5ed4aa2bbe96d55c16032d9,,
results/ablations/flame1e18_k30.csv,ncylich/temporal-moe-extras,ablations/flame1e18_k30.csv,1187,24ab1d2a3c29fe33053c73c3d5d39b758ff213ed69a6f1311f8022f27c84686c,,
results/ablations/flame1e18_overlap.csv,ncylich/temporal-moe-extras,ablations/flame1e18_overlap.csv,1579,adab6c8795ed55a87cc92ad6cb1c7b74a1c7417f7a43a2952bca8592176d04dd,,
results/ablations/flame38m_1e18_cells.csv,ncylich/temporal-moe-extras,ablations/flame38m_1e18_cells.csv,3856,babd63dcab52037214c7eef8a3392d349a86144fb1f70de2f8ac12d4140a312b,,
results/ablations/flame38m_overnight_seeds.csv,ncylich/temporal-moe-extras,ablations/flame38m_overnight_seeds.csv,466,0915d393739cc3db9cd2085e2ef16e368b18f6ee436d5316829fea763f20d5d1,,
results/ablations/flame38m_overnight_seeds_a6000.csv,ncylich/temporal-moe-extras,ablations/flame38m_overnight_seeds_a6000.csv,333,0a322d31e165c21a043b663b8aed1e5efd51d735736d1872d8c1292e134a6459,,
results/ablations/flame512_1e18_rightflank.csv,ncylich/temporal-moe-extras,ablations/flame512_1e18_rightflank.csv,450,fa45b0fb7747989ddb0473d7a70d89159af70a6a7e575dc2250dee2d054f88fa,,
results/ablations/flame512_1e18_rightflank_curves.csv,ncylich/temporal-moe-extras,ablations/flame512_1e18_rightflank_curves.csv,39247,c31c166bb9f13c22a575bf51f74a2a0fd0891b2487e2aaade012b99400c9e220,,
results/ablations/karen_center_replay.csv,ncylich/temporal-moe-extras,ablations/karen_center_replay.csv,686,25d67889a73164a7aa95952934f08cfc1f86e2b8909c42a2fead1b45ca47a89b,,
results/ablations/karen_promotion_s2_1e17.csv,ncylich/temporal-moe-extras,ablations/karen_promotion_s2_1e17.csv,315,c9a5f5c3cedf6497eabe8255da0fae61f3402b8f0acf29537a00520bf557d532,,
results/ablations/learned_locality_vs_scale.csv,ncylich/temporal-moe-extras,ablations/learned_locality_vs_scale.csv,390,dbe137164507992c1dc3f4dab5292c0870953743e7008b9818b0f6aa77035902,,
results/ablations/mechinterp_demand_1e19.csv,ncylich/temporal-moe-extras,ablations/mechinterp_demand_1e19.csv,195,1b9052e1c4940c52832f75117cf8614adab32e4e5817b2a187910ceb05c927b9,,
results/ablations/mechinterp_floors.csv,ncylich/temporal-moe-extras,ablations/mechinterp_floors.csv,802,929b11615a39d9e6296f494689a1fd63e97a740316f9d95b1d8c0ff483e4486e,,
results/ablations/mechinterp_freerider.csv,ncylich/temporal-moe-extras,ablations/mechinterp_freerider.csv,397,d7a3d92812ea313292bea5f02f11b89d53409727550176e2e4de1fa6e89b42a3,,
results/ablations/mechinterp_lens.csv,ncylich/temporal-moe-extras,ablations/mechinterp_lens.csv,229925,e11c938b457db86c17e8996a9a7ddd901d32db6f454799fba204e51cd5157d0b,,
results/ablations/mechinterp_lens_1e19.csv,ncylich/temporal-moe-extras,ablations/mechinterp_lens_1e19.csv,139977,9b2f6d6f3208af1a43abe5fa9cd062fc1cb1da0aa6feae65a71a5faea53f7d4e,,
results/ablations/mechinterp_locus.csv,ncylich/temporal-moe-extras,ablations/mechinterp_locus.csv,394218,fd901533827def1c64864fd1e327f548f8f56c06c65600efe367fc5b9e7e6fcb,,
results/ablations/mechinterp_locus_1e19.csv,ncylich/temporal-moe-extras,ablations/mechinterp_locus_1e19.csv,122121,3ad7aa257f42ebf12e1ce48b297036cea5e70245d8140d72e3a55dc695e0bc55,,
results/ablations/mechinterp_logitlens.csv,ncylich/temporal-moe-extras,ablations/mechinterp_logitlens.csv,59618,969b23637263c9f53348d3e9f7af46e03ea7b503ba070b8d8ce58972efc8fc51,,
results/ablations/mechinterp_structural.csv,ncylich/temporal-moe-extras,ablations/mechinterp_structural.csv,984,12f70f28637c05e45888aca3fa2a0b326ad406c0b353eb826611eeccf3b4568f,,
results/ablations/mechinterp_structural_1e19.csv,ncylich/temporal-moe-extras,ablations/mechinterp_structural_1e19.csv,464,b74e0b7f7c7f51cbdf7ee9b81a96f470eaba0fc40afee1a32fc17bf4c72acac7,,
results/ablations/momr_replay.csv,ncylich/temporal-moe-extras,ablations/momr_replay.csv,639,28ad0cd790dbbfa1af4e0509f112f5695e21a329ef5eb8d27e73d21992b26903,,
results/archive/olmoe_renorm_era/olmoe_adapt_RESULTS.md,ncylich/temporal-moe-extras,ablations/olmoe_adapt_RESULTS.md,7720,cda5fa8c07d7b3d80681375f91ab44cd6d9eff79fa9ef1b966b9f398133c065e,,
results/archive/olmoe_renorm_era/olmoe_adapt_bakeoff.csv,ncylich/temporal-moe-extras,ablations/olmoe_adapt_bakeoff.csv,8452,c23e66afeabdcc1bad784eef4750dec9b5cdb5541e6b49c82c95f2ad9057a082,,
results/archive/olmoe_renorm_era/olmoe_adapt_corpus_audit.md,ncylich/temporal-moe-extras,ablations/olmoe_adapt_corpus_audit.md,6809,450bad652972ee2fb684550d4d59df8559998b9ac4bd5751d86ae3c0132579fa,,
results/archive/olmoe_renorm_era/olmoe_adapt_downstream.csv,ncylich/temporal-moe-extras,ablations/olmoe_adapt_downstream.csv,2149,6ad32842f2d1154f4cdd139e9bdf9e3be07268f79e5e6640462d0aa65bd4376d,,
results/archive/olmoe_renorm_era/olmoe_adapt_forensics.csv,ncylich/temporal-moe-extras,ablations/olmoe_adapt_forensics.csv,556,d15387ad2a4d85e4d62c979307d019c26aad3ee3b7393c2e004010319eec78c3,,
results/archive/olmoe_renorm_era/olmoe_adapt_impose.csv,ncylich/temporal-moe-extras,ablations/olmoe_adapt_impose.csv,1251,3759277e12836e569248f95596da939c4a4d7fcfbf154a19ae2dfe7138efafee,,
results/archive/olmoe_renorm_era/olmoe_adapt_lmeval_impose.csv,ncylich/temporal-moe-extras,ablations/olmoe_adapt_lmeval_impose.csv,259,08e0876f3135b4318db62c6489276343d838fd2303ec1351f88ce7109a424150,,
results/archive/olmoe_renorm_era/olmoe_adapt_sweep.csv,ncylich/temporal-moe-extras,ablations/olmoe_adapt_sweep.csv,2886,6d713c5b39f5220c1dc5015e632034e60816d1be754ab026e2c3d1a3aaae4696,,
results/archive/olmoe_renorm_era/olmoe_adapt_telemetry.csv,ncylich/temporal-moe-extras,ablations/olmoe_adapt_telemetry.csv,737,9cc88a076da8e72f311a1c215fba96360dcc704de8b05691a9ad2d9071ff10a0,,
results/archive/olmoe_renorm_era/olmoe_cal0.csv,ncylich/temporal-moe-extras,ablations/olmoe_cal0.csv,1389,2bab13f586bd5e7d0cc084d3fdb08c0d74a96145d3ef3fc931ecd94d617e6edf,,
results/archive/olmoe_renorm_era/olmoe_cal2.csv,ncylich/temporal-moe-extras,ablations/olmoe_cal2.csv,1000,42bbcb51c5813e8cfb0d4d650fe0eac9f9ebfd37c777d39460aa02b523f8d18a,,
results/archive/olmoe_renorm_era/olmoe_minflow_bpb.csv,ncylich/temporal-moe-extras,ablations/olmoe_minflow_bpb.csv,2768,20bac10562e2fd0abf651851ea071440fc4f1dd5804f86d410ab37f06bc3640d,,
results/archive/olmoe_renorm_era/olmoe_minflow_bpb_full.csv,ncylich/temporal-moe-extras,ablations/olmoe_minflow_bpb_full.csv,1002,473766869cd91f59f4155fa5f20b34f81b9f1dc3b1a2e67bb637f718a5b07a6e,,
results/archive/olmoe_renorm_era/olmoe_minflow_calib.csv,ncylich/temporal-moe-extras,ablations/olmoe_minflow_calib.csv,1295,a0c6810573dba7a24a9673e9b8697936ae8ece97f7cd05cb4c771791fc24411b,,
results/archive/olmoe_renorm_era/olmoe_minflow_capture_meta.json,ncylich/temporal-moe-extras,ablations/olmoe_minflow_capture_meta.json,764,b861c6d2ff7d8da3339f0c728fa0868de1ad3598ef3b6242ebbfe0a38d419c9d,,
results/archive/olmoe_renorm_era/olmoe_minflow_full.csv,ncylich/temporal-moe-extras,ablations/olmoe_minflow_full.csv,1207,b8520e341d43d3b2ec5e6698ad0f478254899188723a826fe4171552d9c3f8c5,,
results/archive/olmoe_renorm_era/olmoe_minflow_msweep.csv,ncylich/temporal-moe-extras,ablations/olmoe_minflow_msweep.csv,1891,26a8316e7bddaab7a33bc4f68544c5b2c65f615732983706988c247c54f82931,,
results/archive/olmoe_renorm_era/olmoe_scratch_ladder.csv,ncylich/temporal-moe-extras,ablations/olmoe_scratch_ladder.csv,1760,63c303b9efb8a7b52dd2cde2a706ebfa6db614ef747e50b618f3f65dbf07d23e,,
results/ablations/oracle_a3.csv,ncylich/temporal-moe-extras,ablations/oracle_a3.csv,5019,05cab184f1a39cfa8156c22517918c4218736a889c60693f353d8edddc0bdbf1,,
results/ablations/oracle_horizon_map.csv,ncylich/temporal-moe-extras,ablations/oracle_horizon_map.csv,2333,87a68c338f29fbc35d68d782e7680a3e7c874ac32d5c46e2486692794a5a0ce6,,
results/ablations/p2_fair_1swap.csv,ncylich/temporal-moe-extras,ablations/p2_fair_1swap.csv,487,94b81bb5a1a6dfbb7b48dd0526313696076da9861af21e7e57f2091c9e64fedd,,
results/ablations/p2_swap_bench.csv,ncylich/temporal-moe-extras,ablations/p2_swap_bench.csv,2662,5624c096a24ea04bb2f62cb8b056f51158f082884ae5f60f238dcd4aa18814ae,,
results/ablations/p2b_swaprate_emul.csv,ncylich/temporal-moe-extras,ablations/p2b_swaprate_emul.csv,2052,0d0fd1cafbfaa2c834c7a1bfdfe6990e3186f44e28952adb1beba4a78bc63338,,
results/ablations/p3_integrated.csv,ncylich/temporal-moe-extras,ablations/p3_integrated.csv,483,b9b81bf7252cc7150d3a7daa891a53d4245b03bce94d3014e951659e57aa06ef,,
results/ablations/p3b_unified.csv,ncylich/temporal-moe-extras,ablations/p3b_unified.csv,1032,713186a3d1ca7bbc695a238c34938a0e29a0900d50837a93786df911c9982a7b,,
results/ablations/p3c_overlap.csv,ncylich/temporal-moe-extras,ablations/p3c_overlap.csv,1165,0c314f27a7c4a459afb3f37fe71ea3dcb33289efa578c07c43820ae0e5092e97,,
results/ablations/p3d_fair.csv,ncylich/temporal-moe-extras,ablations/p3d_fair.csv,1324,7ad4eb595ea2f872a77f0b7d0f4480080b4fae787d6b2d35ab424421af44c3d1,,
results/ablations/perf_baseline.csv,ncylich/temporal-moe-extras,ablations/perf_baseline.csv,572,2aa42e52e034ace9b01aba5fb9ea81d2cf6644560bde627c5668f8fa79fe9a49,,
results/ablations/phase0_isoflop_points.csv,ncylich/temporal-moe-extras,ablations/phase0_isoflop_points.csv,8601,9777c21f9248aea52503c2a520baeac983c84ed56604e849fa44bbfbe35d8b5c,,
results/ablations/phase0_lr_tuning.csv,ncylich/temporal-moe-extras,ablations/phase0_lr_tuning.csv,603,ae9dd8dd9e538a9e72c4e315e0c71bc16ca0b17f05e3f3c95d701cb7d6099ef6,,
results/ablations/rolling_coverage_lifetime_vs_K.csv,ncylich/temporal-moe-extras,ablations/rolling_coverage_lifetime_vs_K.csv,7285,a31cc53709b0f7890ceff103b891141c22897e5ab0ef11dbe2142932764e4364,,
results/ablations/rsweep.csv,ncylich/temporal-moe-extras,ablations/rsweep.csv,490,5f9cf2dfb7fbe57f704a2847917fa8abec81ca44a0f61d3a3ef479233938d1c7,,
results/ablations/seed_replicates.csv,ncylich/temporal-moe-extras,ablations/seed_replicates.csv,2236,4c18711727f598e9e6f9969008f123d62da81e75c987af1c8b128302edb2df75,,
results/ablations/serving_benchmarks.csv,ncylich/temporal-moe-extras,ablations/serving_benchmarks.csv,6615,a3192ffde3bcefcbb35062d933de8e6abf2456452ed06346534a5829354acce4,,
results/ablations/serving_benchmarks_mac.csv,ncylich/temporal-moe-extras,ablations/serving_benchmarks_mac.csv,10629,d55220d2948573052f4052d285e37f15ca775f2ccdf87766703817aee888b70b,,
results/ablations/specialization_m3.csv,ncylich/temporal-moe-extras,ablations/specialization_m3.csv,601,1b2a18d6daf9ea2cf292aa281bddc3916e3de1f02bf85cb3c3ee2b3797e60eff,,
results/ablations/specialization_probe.csv,ncylich/temporal-moe-extras,ablations/specialization_probe.csv,183048,99ff4afa20fdbbba9424c3a782b1d496e6913a420f6ba768700dfba79597fba9,,
results/ablations/specialization_summary.csv,ncylich/temporal-moe-extras,ablations/specialization_summary.csv,726,6db9f312ead5b70f82686380617842f0208e7bc31de8462c22d06266b3599768,,
results/ablations/stability_activations.csv,ncylich/temporal-moe-extras,ablations/stability_activations.csv,804872,9cb5c44852af04070d08f6dcc07f6467a1260d03f12ed2ad1f22c4aa24308596,,
results/ablations/stability_fakequant.csv,ncylich/temporal-moe-extras,ablations/stability_fakequant.csv,969,b76e7f300f3c8c7961da2c532467f69844a15dcdd719f0895255c8b5821d14fa,,
results/ablations/stability_gradnorms.csv,ncylich/temporal-moe-extras,ablations/stability_gradnorms.csv,68719,b1fc9e0063f5f88e396a9228f40c16ead8f82e8bb26128023d5799b0a89c1932,,
results/ablations/stability_residency.csv,ncylich/temporal-moe-extras,ablations/stability_residency.csv,215701,24d34de12cb3ddcab364054c3dfbcc13d1b4e944b15491f1e4175cd27919c0cb,,
results/ablations/stability_trunk.csv,ncylich/temporal-moe-extras,ablations/stability_trunk.csv,181489,2c4744a8c5295b99681834bd7f597ddaf067736da17affb4af4aba95dae957b7,,
results/ablations/stability_weights.csv,ncylich/temporal-moe-extras,ablations/stability_weights.csv,1491148,5e5a2e9d4c00cbc813ecfca23a6cf910788b1fe4938d418d22c39eaaa5a55631,,
results/ablations/t18_1e18_curves.csv,ncylich/temporal-moe-extras,ablations/t18_1e18_curves.csv,88521,f934ad504e711f19100f80dc04f66b6f87e240f8800b1da6b19115133a7ae749,,
results/ablations/t19_1e19_curves.csv,ncylich/temporal-moe-extras,ablations/t19_1e19_curves.csv,84523,a88bbba1817d7a70d209ffe80f503ef563cb66b69641f2f48edd2a3f640e42f1,,
results/ablations/t19_lmeval.csv,ncylich/temporal-moe-extras,ablations/t19_lmeval.csv,1058,382cfa52bc767dfa6b8c88981c1ee0edbbb8b580e3085b72b3932b65d5002c2c,,
results/ablations/t19_lmeval_extra.csv,ncylich/temporal-moe-extras,ablations/t19_lmeval_extra.csv,946,4be487af50c48cb07fcc552d0246b012a9944150152299969cfffc0850d74cfb,,
results/ablations/t19_lmeval_finegrain.csv,ncylich/temporal-moe-extras,ablations/t19_lmeval_finegrain.csv,405,60be238684001e39368df253f94070412df48a4f7e1874b5a0c8e5715e5ac4d8,,
results/ablations/t19_lmeval_stderr.csv,ncylich/temporal-moe-extras,ablations/t19_lmeval_stderr.csv,2238,ec9830588cbf52f13b54983fe97d9abfa29c4f057a70458863643302eae3f512,,
results/ablations/t19_moe_coarse_probe.csv,ncylich/temporal-moe-extras,ablations/t19_moe_coarse_probe.csv,230,50d8acb48a3abfc969b1eb9672c443c08bbd0397863ed7a2b6ec471b673aa0cf,,
results/ablations/t19_temporal_probe.csv,ncylich/temporal-moe-extras,ablations/t19_temporal_probe.csv,373,852ad00779bd3aca5b80b732a9fc0137278a1fc766ba67f9f59f468958643f96,,
results/ablations/temporal_router_momentum_sweep.csv,ncylich/temporal-moe-extras,ablations/temporal_router_momentum_sweep.csv,2525,9c680d9723148e15506a9e2d9a5d4ff6133affe75a6de7fcf259ab34384a1df8,,
results/ablations/temporal_router_momentum_sweep_selfscored.csv,ncylich/temporal-moe-extras,ablations/temporal_router_momentum_sweep_selfscored.csv,2500,0fa3158dc9d219f25893a55205a6f57347460ccc2d9336e085cb5924915b71ed,,
results/ablations/temporal_router_tau_ema_sweep.csv,ncylich/temporal-moe-extras,ablations/temporal_router_tau_ema_sweep.csv,4790,8e21448fd15d27dccd589de3e841b5a961caf0750089112bea8a6e258ac2b0d8,,
results/ablations/temporal_router_tau_ema_sweep_selfscored.csv,ncylich/temporal-moe-extras,ablations/temporal_router_tau_ema_sweep_selfscored.csv,4768,96c4cf57552ae66428387372f98a04d1cb56cdb771160f32dbf38e7bbc8235fe,,
results/ablations/unmask_eval.csv,ncylich/temporal-moe-extras,ablations/unmask_eval.csv,494,208ab114e8ac13946ecc9032e5bac6cc0f13f6f410db0302c0aa1a83c170716b,,
results/ablations/unmask_eval_1e19.csv,ncylich/temporal-moe-extras,ablations/unmask_eval_1e19.csv,640,d0de917b4a3e7f3d7929ba3f00725c135f511c45aaa28faaf57d108583108dae,,
results/phase0/figures/README.md,ncylich/temporal-moe-extras,figures/README.md,1828,34db7923f60d7b3068094c6b29468a731742e9707e2e8f00f837f11c9abfd5ba,,
results/phase0/figures/delexicalization_locus_scatter.png,ncylich/temporal-moe-extras,figures/delexicalization_locus_scatter.png,267278,14d9b6300e57924fe50fd70baa78c8b8b8bcd49169908fa148749a5ee201bb61,,
results/phase0/figures/delexicalization_locus_scatter_nocaption.png,ncylich/temporal-moe-extras,figures/delexicalization_locus_scatter_nocaption.png,198058,06445ead9b378bb67d6629d49c3637fb5a858902a8a83d216a081c5abea69b48,,
results/phase0/figures/demand_smoothing_swap_vs_coverage.png,ncylich/temporal-moe-extras,figures/demand_smoothing_swap_vs_coverage.png,215928,e2bc8f4ded7b1e7b5a6466e0781475eaa00a51f2a78a7bd1b23bb12096cae489,,
results/phase0/figures/document_boundary_churn.png,ncylich/temporal-moe-extras,figures/document_boundary_churn.png,117062,b3b5b5f501c6600a010f51a953019cd8176806cf963a31db296383543d7f583a,,
results/phase0/figures/eviction_policy_headroom_belady_bound.png,ncylich/temporal-moe-extras,figures/eviction_policy_headroom_belady_bound.png,160865,c1a23ca2dfe541b2ede0bf4b17f83b0a7dbfbd3fda3f449620b98a5a1d7ff970,,
results/phase0/figures/expert_lifetime_vs_resident_cache_size.png,ncylich/temporal-moe-extras,figures/expert_lifetime_vs_resident_cache_size.png,160224,f957c8e44226e56d53a9bd82ba27c199551103f3bae52f41543373c1081cb4a5,,
results/phase0/figures/expert_lifetime_vs_resident_cache_size_nocaption.png,ncylich/temporal-moe-extras,figures/expert_lifetime_vs_resident_cache_size_nocaption.png,127514,35361f3bcae6fda42994ccd2b47852dcd3a0ff8eb62da45430a387e35d8a91b8,,
results/phase0/figures/expert_residency_distribution.png,ncylich/temporal-moe-extras,figures/expert_residency_distribution.png,159986,cb9df652378b3b8bc0d29e2974ae80ac8f391ec8f80c46513d3809dea3344c83,,
results/phase0/figures/expert_selection_per_token_15M_model.png,ncylich/temporal-moe-extras,figures/expert_selection_per_token_15M_model.png,171469,21da033e3f03f0972c2402b26f3d8f1c5e098c0c1021befc5e515422a8475bbd,,
results/phase0/figures/expert_selection_per_token_15M_model_nocaption.png,ncylich/temporal-moe-extras,figures/expert_selection_per_token_15M_model_nocaption.png,142778,a6fe77f6e06c2f31c9479a8f79e12d1ca5029070a6df6f6ab3d912bd966d244a,,
results/phase0/figures/expert_selection_per_token_38M_model.png,ncylich/temporal-moe-extras,figures/expert_selection_per_token_38M_model.png,135089,8d881f139bfd363fe4de0d00394e05a2fa6690a70e991d868900f220bfcc01fb,,
results/phase0/figures/expert_selection_per_token_38M_model_nocaption.png,ncylich/temporal-moe-extras,figures/expert_selection_per_token_38M_model_nocaption.png,99717,7239f537fd83acc1e5f6bd88bb8e06c7000d0e24a34515c3d91a85eab8099838,,
results/phase0/figures/expert_selection_per_token_8M_model.png,ncylich/temporal-moe-extras,figures/expert_selection_per_token_8M_model.png,168290,603c9231318c8529ebd6a8360a4e93e3e98235096256d02891e529d61880072d,,
results/phase0/figures/expert_selection_per_token_8M_model_nocaption.png,ncylich/temporal-moe-extras,figures/expert_selection_per_token_8M_model_nocaption.png,145260,b006fe60d806fb0ccad5fc7b880b78f1fe08a1371a10b92519dae1552c06694d,,
results/phase0/figures/fakequant_degradation_nocaption.png,ncylich/temporal-moe-extras,figures/fakequant_degradation_nocaption.png,88077,4221f065b9aa3fe1d698ee5bc2cc7b77043ed4ac2d23158623500a3e059189db,,
results/phase0/figures/fine_grained_vs_coarse_experts_isoflop.png,ncylich/temporal-moe-extras,figures/fine_grained_vs_coarse_experts_isoflop.png,186704,923113c0993c8bdf09691c60bf4b7c536e52a803b24d93a90b39a3dc387aff67,,
results/phase0/figures/fine_grained_vs_coarse_experts_isoflop_nocaption.png,ncylich/temporal-moe-extras,figures/fine_grained_vs_coarse_experts_isoflop_nocaption.png,144702,4142018c9d98b143d7004f644d3b833c457174510e7053f436d86b32adc27559,,
results/phase0/figures/gate_mass_vs_set_self_consistency.png,ncylich/temporal-moe-extras,figures/gate_mass_vs_set_self_consistency.png,125972,4580084fe3dfb04782c0a93e9011b9b6da3127e7cee5b9174f75d59131624c0c,,
results/phase0/figures/isoflop_panel_1e16_nocaption.png,ncylich/temporal-moe-extras,figures/isoflop_panel_1e16_nocaption.png,65254,1899c376264e48f9cce743760b50b28498a6cbad2b2c0522109d564532841434,,
results/phase0/figures/isoflop_panel_1e17_nocaption.png,ncylich/temporal-moe-extras,figures/isoflop_panel_1e17_nocaption.png,46267,2529a7a6c4622396d838542f735825bf69a5b509d5b2d9c63eb5bb646e2753ae,,
results/phase0/figures/isoflop_panel_1e18_nocaption.png,ncylich/temporal-moe-extras,figures/isoflop_panel_1e18_nocaption.png,59030,add37c98622a5b0764bf4229bc4ee48caabc912d2ec4f84549a633906479055b,,
results/phase0/figures/isoflop_panel_1e19_nocaption.png,ncylich/temporal-moe-extras,figures/isoflop_panel_1e19_nocaption.png,27966,655a6b11d04f38e90e30d7c409bc15f0b51e884676715581ddf24fbe261848d7,,
results/phase0/figures/isoflop_panels_2x2_nocaption.png,ncylich/temporal-moe-extras,figures/isoflop_panels_2x2_nocaption.png,160718,4ea266021ebdffff1f3b99b627335ffc1f6fbe6b74c33a6ae4ade9a65c2c79a6,,
results/phase0/figures/isoflop_panels_all.png,ncylich/temporal-moe-extras,figures/isoflop_panels_all.png,326318,a974e60db4ffa399d6f78090ec38727a7901f4c71c1fdb5ccf9d29c364a0cc49,,
results/phase0/figures/learned_temporal_locality_vs_model_size.png,ncylich/temporal-moe-extras,figures/learned_temporal_locality_vs_model_size.png,134225,c38ec3e99f48f7dd90e1ef29b1049d9ef68cab0494728676b587477dcc595ba6,,
results/phase0/figures/learned_temporal_locality_vs_model_size_nocaption.png,ncylich/temporal-moe-extras,figures/learned_temporal_locality_vs_model_size_nocaption.png,71389,24a67ff823e09b4284105d5e3b56b74cff8fb6b319e705a7bb7194b797750384,,
results/phase0/figures/loss_curves_1e19_nocaption.png,ncylich/temporal-moe-extras,figures/loss_curves_1e19_nocaption.png,57483,f1bc8a5f9c333bd571a102b3ed533b37a8c9eee020d2f9fb37b25559379b0567,,
results/phase0/figures/per_layer_routing_locality_ranking.png,ncylich/temporal-moe-extras,figures/per_layer_routing_locality_ranking.png,139113,12eeeb63b4af7c66a25b03e0185ed5409fe5e875672a993dc94c965d24629780,,
results/phase0/figures/residency_dose_curve.png,ncylich/temporal-moe-extras,figures/residency_dose_curve.png,110968,a710d2448e05cd00e0b809bd9b1687837583fef1c4db2ce6e8d3d852fcb33618,,
results/phase0/figures/residency_dose_curve_nocaption.png,ncylich/temporal-moe-extras,figures/residency_dose_curve_nocaption.png,71482,557845841cd6681a86a99c8d4700eb4f0ddc160b72279571946db83dcb3bbef5,,
results/phase0/figures/routing_coverage_vs_resident_cache_size.png,ncylich/temporal-moe-extras,figures/routing_coverage_vs_resident_cache_size.png,183706,0e0966fb9d932ae1597917521393339efd8c2e20802890baf1f4acea670fafee,,
results/phase0/figures/routing_coverage_vs_resident_cache_size_nocaption.png,ncylich/temporal-moe-extras,figures/routing_coverage_vs_resident_cache_size_nocaption.png,152770,54f875f6e855c4cc90360cfcb40d01d8238ce86148d3f7a2502494a1b4e83d45,,
results/phase0/figures/serving_context_sweep_nocaption.png,ncylich/temporal-moe-extras,figures/serving_context_sweep_nocaption.png,96805,26b71d39103684db58c90a2ea897b85f2519d9293cf1bb540c8928af13dfba9a,,
results/phase0/figures/streamed_expert_diversity_per_sequence.png,ncylich/temporal-moe-extras,figures/streamed_expert_diversity_per_sequence.png,114984,0eaf06cd899e75f67eb7bff629f9815f4841c78a32173f6d01e76ebb7163fb63,,
results/phase0/figures/swap_rate_vs_bandwidth_budget.png,ncylich/temporal-moe-extras,figures/swap_rate_vs_bandwidth_budget.png,148500,42785b22de1017f892bcd1003678cb09fc7e782feded5b8670859e83441cc555,,
results/phase0/figures/swap_rate_vs_retained_mass_tradeoff.png,ncylich/temporal-moe-extras,figures/swap_rate_vs_retained_mass_tradeoff.png,166141,e3462a905d09410109adaf85e585a4d21bb7856e96afb11603f5a84edaa612da,,
results/phase0/figures/temporal_vs_dense_and_moe_1e18_crossentropy.png,ncylich/temporal-moe-extras,figures/temporal_vs_dense_and_moe_1e18_crossentropy.png,206373,864d2ca9cdf945616deaa3c4b6eba09a43b5158508784297cc9a51e545c91d43,,
results/phase0/figures/temporal_vs_dense_and_moe_1e18_crossentropy_nocaption.png,ncylich/temporal-moe-extras,figures/temporal_vs_dense_and_moe_1e18_crossentropy_nocaption.png,65177,6f6408d57d464a75859185679e8d954c2b14a0496cc15523a69f0b4358d4ef79,,
results/phase0/figures/temporal_vs_dense_and_moe_1e19_crossentropy.png,ncylich/temporal-moe-extras,figures/temporal_vs_dense_and_moe_1e19_crossentropy.png,165156,3d72d1cd6fa1a81b84781c439237d467446d5df65ecf0da9c4b8d30d67b9a0bd,,
results/phase0/figures/temporal_vs_dense_and_moe_1e19_crossentropy_nocaption.png,ncylich/temporal-moe-extras,figures/temporal_vs_dense_and_moe_1e19_crossentropy_nocaption.png,50922,42d71e6d831e8a6fa18f1f55dbc3bfcc236a1bdda14dd38069505062085385ef,,
results/phase0/figures/vanilla_floor_curve_nocaption.png,ncylich/temporal-moe-extras,figures/vanilla_floor_curve_nocaption.png,55920,29e256f4668b076adf1ff6a31418c059f77d7ce954230150164187c44f1d43b4,,
results/phase0/figures/victim_cache_hitrate_vs_size.png,ncylich/temporal-moe-extras,figures/victim_cache_hitrate_vs_size.png,175578,e94d03d42adb517c6024de1773187c118267a7891ddd389d9465945b8c21b214,,
olmoe-adapt/merged_ce_model/config.json,ncylich/temporal-moe-extras,merged_ce_model/config.json,829,0e9efc166dc7db0d7cb03e3dcaebaffe7c917ca65a1d34db2d4870d97e2b0008,,
olmoe-adapt/merged_ce_model/generation_config.json,ncylich/temporal-moe-extras,merged_ce_model/generation_config.json,115,4d9bbe8dcc78d29bd0e0f8b3a062c45fbb41f940ff9cfb320ba1873446c76c86,,
olmoe-adapt/merged_ce_model/model.safetensors,ncylich/temporal-moe-extras,merged_ce_model/model.safetensors,13838721528,c0af188000accf98eed2491839f14d63deb336293ce3de092275bfbe76d8dba9,,
olmoe-adapt/merged_ce_model/tokenizer.json,ncylich/temporal-moe-extras,merged_ce_model/tokenizer.json,3565673,aa06d9e86d0453dd1290a43094105dd417e7eb5b9cd1edd29b8ed9cb4bab5dbe,,
olmoe-adapt/merged_ce_model/tokenizer_config.json,ncylich/temporal-moe-extras,merged_ce_model/tokenizer_config.json,395,7e980e6ec55c2e3f22ac8acfdb17f737d8c32f67b8049956569db74ed0bdfe25,,
olmoe-adapt/data/bpb_slice_ids.pt,ncylich/temporal-moe-extras,olmoe_adapt/bpb_slice_ids.pt,400000186,2d7bce4777331edf8f9a4bc32c2ea095e3f84569247a09c5e3e3329916bb4641,,
olmoe-adapt/data/cal2_gprime.pt,ncylich/temporal-moe-extras,olmoe_adapt/cal2_gprime.pt,1099846,632b975afe046e0008dd50ae555cd1c7d4168336bebfb0e18fd3effbec36698e,,
olmoe-adapt/data/ckpt_bake_CE.pt,ncylich/temporal-moe-extras,olmoe_adapt/ckpt_bake_CE.pt,2845504042,d1c93e2bc05e80f0682629c4ff08098d2f35c0a11bfbf51d49a337029eeebcd5,,
olmoe-adapt/data/ckpt_bake_D.pt,ncylich/temporal-moe-extras,olmoe_adapt/ckpt_bake_D.pt,25184946,76ba65de1201c0b130177261564b25f2e40f2e55b6e0d96e8fd78335d54fc4a5,,
olmoe-adapt/data/ckpt_bake_Er64.pt,ncylich/temporal-moe-extras,olmoe_adapt/ckpt_bake_Er64.pt,5662405914,4a98f7fea588443032187510f58a956f239eb9c7f6fa5597c99335c238ff085d,,
olmoe-adapt/data/ckpt_bake_Er8.pt,ncylich/temporal-moe-extras,olmoe_adapt/ckpt_bake_Er8.pt,729902806,bef3e376dad3dcef4f891526f250c1803213221cab472f53ff1404fa71b7d657,,
olmoe-adapt/data/ckpt_bake_G.pt,ncylich/temporal-moe-extras,olmoe_adapt/ckpt_bake_G.pt,2845501986,64155564af92953fd5aaeb97d89a7c952067f25ce0d579831c37492eeea42bcc,,
olmoe-adapt/data/ckpt_bake_H.pt,ncylich/temporal-moe-extras,olmoe_adapt/ckpt_bake_H.pt,2843831694,c5b1638de30541be90d70e0cc3338e37f1eca7d16be5a4f5062f09f440b50726,,
olmoe-adapt/data/finetune_ids.pt,ncylich/temporal-moe-extras,olmoe_adapt/finetune_ids.pt,4000007349,6bfedcdd0d788c2c46b853701953193febe764031be8c689a9b4a58f11f58a5f,,
olmoe-adapt/.gitignore,ncylich/temporal-moe-extras,olmoe_adapt/logs/.gitignore,58,51ad65c76ae8439de518760d8f33a7e26d28d1e9840dc517d8ecc4c2fa9ef709,,
olmoe-adapt/bake_bake_B.log,ncylich/temporal-moe-extras,olmoe_adapt/logs/bake_bake_B.log,14305,9516fb1101f73c6e6f9bc14da1f364a39904428f68769340aeed0a8e325d67f1,,
olmoe-adapt/bake_bake_C.log,ncylich/temporal-moe-extras,olmoe_adapt/logs/bake_bake_C.log,14818,10aa624cecc542089e97d27cdc12211254ffabd99da1eb0398d658d621ce0a61,,
olmoe-adapt/bake_bake_CE.log,ncylich/temporal-moe-extras,olmoe_adapt/logs/bake_bake_CE.log,16227,c5808fd7406da28e76e84f4795b1e0da06524b03c26fc83ff9b1d257896f724e,,
olmoe-adapt/bake_bake_D.log,ncylich/temporal-moe-extras,olmoe_adapt/logs/bake_bake_D.log,42706,d0a3bab67623ce5611caab1ba99c58e00a698d01732a76dc0605713c7a20a07d,,
olmoe-adapt/bake_bake_E.log,ncylich/temporal-moe-extras,olmoe_adapt/logs/bake_bake_E.log,14448,2d44e6ab9212a45996c9bf3a55bc4ba96884400eace565042eed48b0128e0401,,
olmoe-adapt/bake_bake_Er64.log,ncylich/temporal-moe-extras,olmoe_adapt/logs/bake_bake_Er64.log,7312,8a14aeadeec0699d5d1cf04743dd7c56932b5ac70dcdf7bc2d32304f027907ac,,
olmoe-adapt/bake_bake_Er8.log,ncylich/temporal-moe-extras,olmoe_adapt/logs/bake_bake_Er8.log,7297,6e743939f7921f05d55fccdb0fff05ef9dbfa87bc4e787f87a7591bdf2a588ae,,
olmoe-adapt/bake_bake_Fprime.log,ncylich/temporal-moe-extras,olmoe_adapt/logs/bake_bake_Fprime.log,34221,936b4eb45fe4e8bf8181aa4d673d44155869875629f2bd6d4481b12081c8bdd8,,
olmoe-adapt/bake_bake_G.log,ncylich/temporal-moe-extras,olmoe_adapt/logs/bake_bake_G.log,26201,081047cf5dd6be0b45b24163a5c5401c500a89eccd53c83eddca0074ecc2e06b,,
olmoe-adapt/bake_bake_H.log,ncylich/temporal-moe-extras,olmoe_adapt/logs/bake_bake_H.log,14777,adf05bec7b19cbcb4738c1ce10f513344845f848999998a432c7536524aa8641,,
olmoe-adapt/bakeoff_run.log,ncylich/temporal-moe-extras,olmoe_adapt/logs/bakeoff_run.log,571,3c4f90904384fb2ad97be87c072424b84c40ccf8ab56a8dd4fe9defb81a6837e,,
olmoe-adapt/c4val.log,ncylich/temporal-moe-extras,olmoe_adapt/logs/c4val.log,3928,ce3dbeb772ff7e3df560edc9683074434dc63bc32bc431cddeaebe2e5bdac782,,
olmoe-adapt/cal0.log,ncylich/temporal-moe-extras,olmoe_adapt/logs/cal0.log,3681,6e7ce1031596aec9a5c94aa6d37d3336145bcc1e212e099aaa365ed8885c3387,,
olmoe-adapt/cal2.log,ncylich/temporal-moe-extras,olmoe_adapt/logs/cal2.log,8662,0d5fad544d8539a41db798176742dd8fc65b8acfc8b0bc03f5c63676512f598f,,
olmoe-adapt/ce_capture.log,ncylich/temporal-moe-extras,olmoe_adapt/logs/ce_capture.log,4337,5d00253a3977a7b9d74101d30b547177c5fc9202ac2667f27a2030b9ce9631c4,,
olmoe-adapt/ce_gate.log,ncylich/temporal-moe-extras,olmoe_adapt/logs/ce_gate.log,6540,a3dfa65c606644919222fb5f5cb752ae1c4cdab38b0e10ffe15d9d5d1a6abb32,,
olmoe-adapt/corpus_build.log,ncylich/temporal-moe-extras,olmoe_adapt/logs/corpus_build.log,1478,da8ae8bacf7ed0feaca10125373276e015b6863a5c0dfc68b20ca1786a5f6341,,
olmoe-adapt/corpus_smoke.log,ncylich/temporal-moe-extras,olmoe_adapt/logs/corpus_smoke.log,1463,8165fe87ac542cf60947ca1e78f20c6b42c2b7cadc5842dfefce7a61ea62afe4,,
olmoe-adapt/dense_bracket.log,ncylich/temporal-moe-extras,olmoe_adapt/logs/dense_bracket.log,288320,4f590238b5b9594c32095ce96a7bc5dd31793066f31e622a899992b87dfc1925,,
olmoe-adapt/greedy_fix.log,ncylich/temporal-moe-extras,olmoe_adapt/logs/greedy_fix.log,3597,874e4732f900c5bbebe9cdeeb291113549d5f3b5b336ebdce41e0e26c71fae7b,,
olmoe-adapt/hf_delex.log,ncylich/temporal-moe-extras,olmoe_adapt/logs/hf_delex.log,6795,8a3f788f9ab723d832f6e4e9502f37bdeeeba29776bd66dc8d54123f019343a8,,
olmoe-adapt/impose.log,ncylich/temporal-moe-extras,olmoe_adapt/logs/impose.log,8110,8e4246a686e03c3551822c1417804fa1f421d407570f63a98e9057089f6cc354,,
olmoe-adapt/live_greedy.log,ncylich/temporal-moe-extras,olmoe_adapt/logs/live_greedy.log,2872,72eb36b4698f30f6ca642560120c5bdca9ccb6fbb55c7a51bf4880d892af2a07,,
olmoe-adapt/lmeval_downstream.log,ncylich/temporal-moe-extras,olmoe_adapt/logs/lmeval_downstream.log,706221,cd2ae4895c210d7183bc449cc19353bcee239c4187024de06503f0001b9c85a0,,
olmoe-adapt/lmeval_impose.log,ncylich/temporal-moe-extras,olmoe_adapt/logs/lmeval_impose.log,117982,fe37169c384ff70a843509a4a901bf926008c07307b9b9598877d6a7d3208cc9,,
olmoe-adapt/merge_ce.log,ncylich/temporal-moe-extras,olmoe_adapt/logs/merge_ce.log,5195,50df5b71f218a95daa828ed57d563174a44f51afb15eee8ae5aea7a6411b0ae7,,
olmoe-adapt/model_download.log,ncylich/temporal-moe-extras,olmoe_adapt/logs/model_download.log,752,88c63e14fee1db60dc590875f523e57b97922c676aef81a06672977570ad9de0,,
olmoe-adapt/oseries_capture.log,ncylich/temporal-moe-extras,olmoe_adapt/logs/oseries_capture.log,3981,bfcf3c62485dca840e296b1a3522ec3a18f25178373f602edee655dedf7c1bba,,
olmoe-adapt/oseries_full.log,ncylich/temporal-moe-extras,olmoe_adapt/logs/oseries_full.log,724,89e25d7a731c597c2cd4f6a48d99147cf627d08b912df42509c0d0d889b2d342,,
olmoe-adapt/oseries_ladder.log,ncylich/temporal-moe-extras,olmoe_adapt/logs/oseries_ladder.log,444,a856609e585c53b82a821058f0e4a6bf71806de7e1ac6382a1dc4f963fb0e802,,
olmoe-adapt/oseries_msweep.log,ncylich/temporal-moe-extras,olmoe_adapt/logs/oseries_msweep.log,451,80da094adbc5df137458ee0d792cea4d234069570ebb2c9c525872c62aad5838,,
olmoe-adapt/oseries_o2.log,ncylich/temporal-moe-extras,olmoe_adapt/logs/oseries_o2.log,4414,cd3219865c2590ee7c9b61ded6b2c64eabb140db47fc99b7cd92b8182a011696,,
olmoe-adapt/oseries_o2full.log,ncylich/temporal-moe-extras,olmoe_adapt/logs/oseries_o2full.log,4136,05991c1c229ba6158c07c1dbcf084f2dc71c6201c0f244feb3be6ff920176380,,
olmoe-adapt/oseries_paired.log,ncylich/temporal-moe-extras,olmoe_adapt/logs/oseries_paired.log,5878,ab5e6dc77d2831f6a29d7667a77fabf78b48d5861818e0dce55df6eb7e01ba6f,,
olmoe-adapt/pip_install.log,ncylich/temporal-moe-extras,olmoe_adapt/logs/pip_install.log,7448,6d9f01c738983da4135011b1437157c2f8aea37b5df79a11b79a577995bc3b25,,
olmoe-adapt/probe1.log,ncylich/temporal-moe-extras,olmoe_adapt/logs/probe1.log,4325,9e85b5537343ad01717195059bf0fa498ab4ce2c8f95d2a0c3e48a6fa9266c89,,
olmoe-adapt/restate.log,ncylich/temporal-moe-extras,olmoe_adapt/logs/restate.log,3807,eba52089e170b3d5c24976bbaa27304a8a55bdda34bc870c95716ae8a9e707c2,,
olmoe-adapt/rsweep.log,ncylich/temporal-moe-extras,olmoe_adapt/logs/rsweep.log,2767,18513ef1500da6fb3641e23f599f2004cb461c57e1a7d08195f80f8f7fb6eff3,,
olmoe-adapt/run_fprime.out,ncylich/temporal-moe-extras,olmoe_adapt/logs/run_fprime.out,226,155f3f613f6e80ecaad17f91fcf9c6a49559acb11a45b1ef7611bbdd5d455789,,
olmoe-adapt/run_g.out,ncylich/temporal-moe-extras,olmoe_adapt/logs/run_g.out,292,c7eabb6ada6e2614fd4bf8ac7b2ae7ec004e600bff21394baab7b0ab8bfb4bd0,,
olmoe-adapt/run_h.out,ncylich/temporal-moe-extras,olmoe_adapt/logs/run_h.out,179,9a52a52d4a4b73bff359bf9d267b3120c32c8e6d2aa1c153b9ef0fdeb7008c54,,
olmoe-adapt/run_post_c.out,ncylich/temporal-moe-extras,olmoe_adapt/logs/run_post_c.out,409,053fd1ed64b6f0a34d40c0ba8ea5a57ea93722e97c742e562ca9be511ddad734,,
olmoe-adapt/run_ranks.out,ncylich/temporal-moe-extras,olmoe_adapt/logs/run_ranks.out,316,cc6d0e193f9c0d1906f5c0737fbbd84690b92569a8c6959945880d230727469e,,
olmoe-adapt/scratch_20b.log,ncylich/temporal-moe-extras,olmoe_adapt/logs/scratch_20b.log,3230,e5e359e519ef3cd77aa17eb0b38376cba95d2578c5725991d4927ccf2c575167,,
olmoe-adapt/scratch_ladder.log,ncylich/temporal-moe-extras,olmoe_adapt/logs/scratch_ladder.log,9599,fd51bda8672b8d98af8478a953dcb8d15467475b39d2580add42b732a8353ed3,,
olmoe-adapt/sigma.log,ncylich/temporal-moe-extras,olmoe_adapt/logs/sigma.log,3917,42a84e80f16918ed1c81fb13e512b2ebf937be8e615270c357860390da9538cc,,
olmoe-adapt/slice_build.log,ncylich/temporal-moe-extras,olmoe_adapt/logs/slice_build.log,331,c6d75e372368559a67dd9a57ac2122346072d8e4449d8bc87669fcd2e324408c,,
olmoe-adapt/sweep.log,ncylich/temporal-moe-extras,olmoe_adapt/logs/sweep.log,425,f8041f68c4762fa4180e2315a8e1c66bcde415bc9a5d8ab491945c7b40ad5799,,
olmoe-adapt/sweep_sweep_lr1e-4.log,ncylich/temporal-moe-extras,olmoe_adapt/logs/sweep_sweep_lr1e-4.log,17942,437b46ee60fd3b0e158b89f74d6dcff164908484d92e27b078a609badbd16bf7,,
olmoe-adapt/sweep_sweep_lr3e-4.log,ncylich/temporal-moe-extras,olmoe_adapt/logs/sweep_sweep_lr3e-4.log,17859,71c703b53313a5818d96ea359c7b29e1980fcc73f0ee0526c8ee0ead5ee509a1,,
olmoe-adapt/sweep_sweep_lr3e-5.log,ncylich/temporal-moe-extras,olmoe_adapt/logs/sweep_sweep_lr3e-5.log,16906,1145cb676fe9ab534b598d9224bbbf8484e9c8c38e763d47c4bc34f723d80478,,
olmoe-adapt/tput.log,ncylich/temporal-moe-extras,olmoe_adapt/logs/tput.log,4276,c49d96db57102186668d6ed122408aa6e8948698e78f843412892a0734d31dff,,
olmoe-adapt/train_validate.log,ncylich/temporal-moe-extras,olmoe_adapt/logs/train_validate.log,4963,73f5711cd7054db999799a74dcc50227076b58f5e365e573406c8f727932558b,,
olmoe-adapt/verify1.log,ncylich/temporal-moe-extras,olmoe_adapt/logs/verify1.log,2658,ae4def3103dfe9413f964d11b59569e8902bf10db762ef5f859d2ac1423030ea,,
olmoe-adapt/data/oseries/idx.u8,ncylich/temporal-moe-extras,olmoe_adapt/oseries/idx.u8,767557632,3b983ccb0cb1b02991e8305708aa9b6be9c1cd4c39c82422253c6d51387c1974,,
olmoe-adapt/data/oseries/meta.json,ncylich/temporal-moe-extras,olmoe_adapt/oseries/meta.json,764,b861c6d2ff7d8da3339f0c728fa0868de1ad3598ef3b6242ebbfe0a38d419c9d,,
olmoe-adapt/data/oseries/paired_masks_N24.npz,ncylich/temporal-moe-extras,olmoe_adapt/oseries/paired_masks_N24.npz,12675062,c4a52c72867eac82ff4989cd260e05ba1d3743144befd2fb9fb16fc4a4e2f02c,,
olmoe-adapt/data/oseries/val.f16,ncylich/temporal-moe-extras,olmoe_adapt/oseries/val.f16,1535115264,f1675b3cd33484901deda566a4c96d277b97cea40558c9672118c2a381b20e55,,
olmoe-adapt/data/oseries_ce/ce_paired_masks_N24.npz,ncylich/temporal-moe-extras,olmoe_adapt/oseries_ce/ce_paired_masks_N24.npz,12675062,852aaf75538df91784cfac0a591c50fdae14ea98cc1cc4419e65ad252d289829,,
olmoe-adapt/data/oseries_ce/idx.u8,ncylich/temporal-moe-extras,olmoe_adapt/oseries_ce/idx.u8,37748736,48bc06d802fb8225e0fb10a4f308ed46a821bfe2960e26d69d98e984afd51296,,
olmoe-adapt/data/oseries_ce/meta.json,ncylich/temporal-moe-extras,olmoe_adapt/oseries_ce/meta.json,233,eb7acfb7a6cc6a19be5057bb773430af2594f53f09ca527da6a05560e05a9c0d,,
olmoe-adapt/data/oseries_ce/val.f16,ncylich/temporal-moe-extras,olmoe_adapt/oseries_ce/val.f16,75497472,8d340dc14b8b64b623d81092d40f727bb1660aa2f91e5c6a3d8fa381ee190cfd,,
results/phase0/runs/flame38m_g1_temporal/router_log.pt,ncylich/temporal-moe-extras,run_captures/flame38m_g1_temporal/router_log.pt,100668514,80776a5e0190ce38a22ac4289b4b832f86c6230c9d2e9bfd754c7b08285c03a7,flame38m_g1_temporal,cited
results/phase0/runs/flame38m_g3_temporal/router_log.pt,ncylich/temporal-moe-extras,run_captures/flame38m_g3_temporal/router_log.pt,301995106,928e9d663560c04dc68d259aa3855270566a2f65d114dd3412d8cc60cceb58d1,flame38m_g3_temporal,cited
results/phase0/runs/g1_tmoe_coarse_1e19/delex_capture.pt,ncylich/temporal-moe-extras,run_captures/g1_tmoe_coarse_1e19/delex_capture.pt,539346311,028bd947bf8c40f1ddf08bfbf2346f37d2cf81e6698e3b74f694a6d588a16d83,g1_tmoe_coarse_1e19,cited
results/phase0/runs/g1_tmoe_coarse_1e19/router_log.pt,ncylich/temporal-moe-extras,run_captures/g1_tmoe_coarse_1e19/router_log.pt,40902306,6b5959d7fd3a2e89adc3f6c934840fb111363c316e91a081811a866eba112eee,g1_tmoe_coarse_1e19,cited
results/phase0/runs/g3_tmoe_s0_1e16_ant0p02/router_log.pt,ncylich/temporal-moe-extras,run_captures/g3_tmoe_s0_1e16_ant0p02/router_log.pt,226495014,8b2713098234ed24ee21c460fe4c9a0d3451fa74d2fe3aab3ae75e7520692cd0,g3_tmoe_s0_1e16_ant0p02,cited
results/phase0/runs/g3_tmoe_s0_1e16_ant0p02_g0p9/router_log.pt,ncylich/temporal-moe-extras,run_captures/g3_tmoe_s0_1e16_ant0p02_g0p9/router_log.pt,226495014,c01a2871a68c68d4220f72366f903504f43a192c35dd4673280f179a2ca15c1e,g3_tmoe_s0_1e16_ant0p02_g0p9,cited
results/phase0/runs/g3_tmoe_s0_1e16_ant0p1/router_log.pt,ncylich/temporal-moe-extras,run_captures/g3_tmoe_s0_1e16_ant0p1/router_log.pt,226495014,973a91be24f6facb3e8f59ce7f4db7bf8e1fc9806fedb9014241a7600f1b8425,g3_tmoe_s0_1e16_ant0p1,cited
results/phase0/runs/g3_tmoe_s0_1e16_bursty/router_log.pt,ncylich/temporal-moe-extras,run_captures/g3_tmoe_s0_1e16_bursty/router_log.pt,226495014,2e61a42d7b4f149f9850db5b16a23651b6dc5a449714f1616c0132bb2fe826be,g3_tmoe_s0_1e16_bursty,cited
results/phase0/runs/g3_tmoe_s0_1e16_head/router_log.pt,ncylich/temporal-moe-extras,run_captures/g3_tmoe_s0_1e16_head/router_log.pt,226495014,310471aaa2e2224bd9285027cde706de0cb955dc3491ab98e5ce936bb062579e,g3_tmoe_s0_1e16_head,cited
results/phase0/runs/g3_tmoe_s0_1e16_head_b05/router_log.pt,ncylich/temporal-moe-extras,run_captures/g3_tmoe_s0_1e16_head_b05/router_log.pt,226495014,476638c448f2a71a6bd2f4c2024e7c6c7dc2c8c10971ad59f14b533c061750d8,g3_tmoe_s0_1e16_head_b05,cited
results/phase0/runs/g3_tmoe_s0_1e16_head_c/router_log.pt,ncylich/temporal-moe-extras,run_captures/g3_tmoe_s0_1e16_head_c/router_log.pt,226495014,c1259d202504761a61c38f989cfbeb9483411c189519bcf2b41cea10020d0930,g3_tmoe_s0_1e16_head_c,cited
results/phase0/runs/g3_tmoe_s0_1e16_head_tc/router_log.pt,ncylich/temporal-moe-extras,run_captures/g3_tmoe_s0_1e16_head_tc/router_log.pt,226495014,ff2a35ea9292129e3039cff4547d04f3a4656bca8ac77dd9b9a5e9a17b07a11d,g3_tmoe_s0_1e16_head_tc,cited
results/phase0/runs/g3_tmoe_s0_1e16_mom/router_log.pt,ncylich/temporal-moe-extras,run_captures/g3_tmoe_s0_1e16_mom/router_log.pt,226495014,a983d842680dc7c3efb986e6b23f7565d03616af34d75c64118b10d91bd87e7d,g3_tmoe_s0_1e16_mom,cited
results/phase0/runs/g3_tmoe_s0_1e16_mom_seed2/router_log.pt,ncylich/temporal-moe-extras,run_captures/g3_tmoe_s0_1e16_mom_seed2/router_log.pt,226495014,e275c0c5d62aaca25b4f34a07395ff424b1cd028a8b14b5120b8ea1cf02877a8,g3_tmoe_s0_1e16_mom_seed2,cited
results/phase0/runs/g3_tmoe_s0_1e16_momg_b05/router_log.pt,ncylich/temporal-moe-extras,run_captures/g3_tmoe_s0_1e16_momg_b05/router_log.pt,226495014,8e76540d4caf54f371b70c50e56e3980fad805aceea70d854007ac65d4ef2d64,g3_tmoe_s0_1e16_momg_b05,cited
results/phase0/runs/g3_tmoe_s0_1e16_momr/router_log.pt,ncylich/temporal-moe-extras,run_captures/g3_tmoe_s0_1e16_momr/router_log.pt,226495014,432b5a8581a75df75a41b6e0d784ca953d4597d22c9953e6f0cff69041df59fd,g3_tmoe_s0_1e16_momr,cited
results/phase0/runs/g3_tmoe_s0_1e16_momr_b1/router_log.pt,ncylich/temporal-moe-extras,run_captures/g3_tmoe_s0_1e16_momr_b1/router_log.pt,226495014,d5ac6366d46b18b402d4ae5280f4db9269af2675512a5964cc16250107652c66,g3_tmoe_s0_1e16_momr_b1,cited
results/phase0/runs/g3_tmoe_s0_1e16_momr_b2/router_log.pt,ncylich/temporal-moe-extras,run_captures/g3_tmoe_s0_1e16_momr_b2/router_log.pt,226495014,308dcfa65e3642a56199de82e91988e07f24a05fe79d0c98dbbd5a78efb12a9e,g3_tmoe_s0_1e16_momr_b2,cited
results/phase0/runs/g3_tmoe_s2_1e17/router_log.pt,ncylich/temporal-moe-extras,run_captures/g3_tmoe_s2_1e17/router_log.pt,377491042,ade811a1ae6be2a3128649bd0a27a1164a9482101e88485e9c5379355d5e9ec0,g3_tmoe_s2_1e17,cited
results/phase0/runs/g3_tmoe_s2_1e17_auxfree/router_log.pt,ncylich/temporal-moe-extras,run_captures/g3_tmoe_s2_1e17_auxfree/router_log.pt,377491042,a20060af988726fab47a931136074e2673bebd04d2ae45c077336f96607ea4b4,g3_tmoe_s2_1e17_auxfree,cited
results/phase0/runs/g3_tmoe_s2_1e17_karen/router_log.pt,ncylich/temporal-moe-extras,run_captures/g3_tmoe_s2_1e17_karen/router_log.pt,377491042,8cc47feaecef61348ec12ead52a7e16296928006adf37e4f8af3efb4b3534fec,g3_tmoe_s2_1e17_karen,cited
results/phase0/runs/moe_coarse_1e19/delex_capture.pt,ncylich/temporal-moe-extras,run_captures/moe_coarse_1e19/delex_capture.pt,430290720,1862ea25228ee7b6de425543bc98956e72c9b7a68b4c250fa585eb354d7c18bb,moe_coarse_1e19,cited
results/phase0/runs/moe_coarse_1e19/router_log.pt,ncylich/temporal-moe-extras,run_captures/moe_coarse_1e19/router_log.pt,27267490,9613dba46937945a2a330b256cfc72d5b0e21983e21fb68af9c8db5e295c7de7,moe_coarse_1e19,cited
results/phase0/runs/temporal_fine_g3_1e19/delex_capture.pt,ncylich/temporal-moe-extras,run_captures/temporal_fine_g3_1e19/delex_capture.pt,1198579079,239ee5ea7f919709ad99401fadf4a7fdc52c82fcd9abd771fe8f78090d2bb30c,temporal_fine_g3_1e19,cited
results/phase0/runs/temporal_fine_g3_1e19/router_log.pt,ncylich/temporal-moe-extras,run_captures/temporal_fine_g3_1e19/router_log.pt,122691234,6ebdc80021ec12dc139bdfe3e4488b37fe330eb0b2b81e6eabc172aab6507cd6,temporal_fine_g3_1e19,cited
data/tok16k/tokenizer.json,ncylich/temporal-moe-extras,tokenizer_tok16k/tokenizer.json,1104776,07c8f82f1f9d3d64351470d8889e080a705da5259591c9af65c70abbe7e95b63,,
data/tok16k/tokenizer_config.json,ncylich/temporal-moe-extras,tokenizer_tok16k/tokenizer_config.json,255,bdff98822aa5c50d12fa18675e2458d21b87eeae8274cffa80292d287fbfa531,,
results/archive/olmoe_renorm_era/adapt_ckpts/router_bake_B.safetensors,ncylich/temporal-moe-router-adapt,adapt_ckpts/router_bake_B.safetensors,4195688,246e5e55b54d0a344e9bb330f209ff561baffa4d19a047c5df859f77cb587826,,
results/archive/olmoe_renorm_era/adapt_ckpts/router_bake_C.safetensors,ncylich/temporal-moe-router-adapt,adapt_ckpts/router_bake_C.safetensors,4466680,d97baee0fba2f8b676c1f884c1529c5469a3e215e278d87172f1558de985da92,,
results/archive/olmoe_renorm_era/adapt_ckpts/router_bake_CE.safetensors,ncylich/temporal-moe-router-adapt,adapt_ckpts/router_bake_CE.safetensors,474234704,0ba3876af6cc2b3c288d73557e58243c292b1eac6941e0ee5bca590f9a5c120f,,
results/archive/olmoe_renorm_era/adapt_ckpts/router_bake_D.safetensors,ncylich/temporal-moe-router-adapt,adapt_ckpts/router_bake_D.safetensors,4195688,e0fc3ba091987f51f1f771507b28bf12b300705a5d83cc3ab1f0816a2223cbe9,,
results/archive/olmoe_renorm_era/adapt_ckpts/router_bake_E.safetensors,ncylich/temporal-moe-router-adapt,adapt_ckpts/router_bake_E.safetensors,473963272,12e861e5cdee3b9772db6a0bec0893861b9c857f32c8214be42d04343f736b64,,
results/archive/olmoe_renorm_era/adapt_ckpts/router_bake_Er64.safetensors,ncylich/temporal-moe-router-adapt,adapt_ckpts/router_bake_Er64.safetensors,943725336,bbca2ae9cf891b86f850e9c33b69bef41f30ad2eb435f1a5e43e5c259e491332,,
results/archive/olmoe_renorm_era/adapt_ckpts/router_bake_Er8.safetensors,ncylich/temporal-moe-router-adapt,adapt_ckpts/router_bake_Er8.safetensors,121641576,bf49a585c2331cb2d030568c2c1c555bf9e30fe8de08413a1c237112e10fc7e5,,
results/archive/olmoe_renorm_era/adapt_ckpts/router_bake_G.safetensors,ncylich/temporal-moe-router-adapt,adapt_ckpts/router_bake_G.safetensors,474234704,fb389943603527188f0939090e7c44e962e151808d140ad4886981962c52abce,,
results/archive/olmoe_renorm_era/adapt_ckpts/router_bake_H.safetensors,ncylich/temporal-moe-router-adapt,adapt_ckpts/router_bake_H.safetensors,473963272,a5cb12f80e824f442d1f1947c2108b5f5549c146f9ab846af15cb8d2939e85c5,,
results/archive/olmoe_renorm_era/adapt_ckpts/router_cal2.safetensors,ncylich/temporal-moe-router-adapt,adapt_ckpts/router_cal2.safetensors,4466680,50603638742163e37c8f407cae8ec70e791caddca7f10b5d421d3cbbb028895e,,
results/archive/olmoe_renorm_era/adapt_ckpts/router_sweep_lr1e-4.safetensors,ncylich/temporal-moe-router-adapt,adapt_ckpts/router_sweep_lr1e-4.safetensors,4195688,a3df3c9203284ba7600fe765aaf05aa33328279f197475c9497215253c839015,,
results/archive/olmoe_renorm_era/adapt_ckpts/router_sweep_lr3e-4.safetensors,ncylich/temporal-moe-router-adapt,adapt_ckpts/router_sweep_lr3e-4.safetensors,4195688,a2027dbf58e0b59cf05d6f9648d7f7dec892b236bdf1ea1aa9126861c0be2cc7,,
results/archive/olmoe_renorm_era/adapt_ckpts/router_sweep_lr3e-5.safetensors,ncylich/temporal-moe-router-adapt,adapt_ckpts/router_sweep_lr3e-5.safetensors,4195688,8a5226e6635f3880da401ba9a5e857f64287ac9b5ebacfba7b1da2061af8ed21,,
results/archive/olmoe_renorm_era/adapt_ckpts/.gitignore,ncylich/temporal-moe-router-adapt,metadata/adapt_ckpts.gitignore.txt,162,ce0276d2e9f196f859df36cbf5a2205f113628c52591f30907d251af4fa9ab0d,,
olmoe-adapt/bake_bake_B.log,ncylich/temporal-moe-router-adapt,metadata/bake_bake_B.log,14305,9516fb1101f73c6e6f9bc14da1f364a39904428f68769340aeed0a8e325d67f1,,
olmoe-adapt/bake_bake_C.log,ncylich/temporal-moe-router-adapt,metadata/bake_bake_C.log,14818,10aa624cecc542089e97d27cdc12211254ffabd99da1eb0398d658d621ce0a61,,
olmoe-adapt/bake_bake_CE.log,ncylich/temporal-moe-router-adapt,metadata/bake_bake_CE.log,16227,c5808fd7406da28e76e84f4795b1e0da06524b03c26fc83ff9b1d257896f724e,,
olmoe-adapt/bake_bake_D.log,ncylich/temporal-moe-router-adapt,metadata/bake_bake_D.log,42706,d0a3bab67623ce5611caab1ba99c58e00a698d01732a76dc0605713c7a20a07d,,
olmoe-adapt/bake_bake_E.log,ncylich/temporal-moe-router-adapt,metadata/bake_bake_E.log,14448,2d44e6ab9212a45996c9bf3a55bc4ba96884400eace565042eed48b0128e0401,,
olmoe-adapt/bake_bake_Er64.log,ncylich/temporal-moe-router-adapt,metadata/bake_bake_Er64.log,7312,8a14aeadeec0699d5d1cf04743dd7c56932b5ac70dcdf7bc2d32304f027907ac,,
olmoe-adapt/bake_bake_Er8.log,ncylich/temporal-moe-router-adapt,metadata/bake_bake_Er8.log,7297,6e743939f7921f05d55fccdb0fff05ef9dbfa87bc4e787f87a7591bdf2a588ae,,
olmoe-adapt/bake_bake_Fprime.log,ncylich/temporal-moe-router-adapt,metadata/bake_bake_Fprime.log,34221,936b4eb45fe4e8bf8181aa4d673d44155869875629f2bd6d4481b12081c8bdd8,,
olmoe-adapt/bake_bake_G.log,ncylich/temporal-moe-router-adapt,metadata/bake_bake_G.log,26201,081047cf5dd6be0b45b24163a5c5401c500a89eccd53c83eddca0074ecc2e06b,,
olmoe-adapt/bake_bake_H.log,ncylich/temporal-moe-router-adapt,metadata/bake_bake_H.log,14777,adf05bec7b19cbcb4738c1ce10f513344845f848999998a432c7536524aa8641,,
olmoe-adapt/data/bakeoff_bake_B.json,ncylich/temporal-moe-router-adapt,metadata/bakeoff_bake_B.json,984,143884c4de23a183155c3fbacd08850fa21edc7472d66dbc6741aeae47a042de,,
olmoe-adapt/data/bakeoff_bake_C.json,ncylich/temporal-moe-router-adapt,metadata/bakeoff_bake_C.json,982,527e85bd96c311dd031afda98c1d6f90d3d5508063443f6f0b3f64b3d9249bd2,,
olmoe-adapt/data/bakeoff_bake_CE.json,ncylich/temporal-moe-router-adapt,metadata/bakeoff_bake_CE.json,4013,cf28548bc99ff59f84c1eabf3a27f80be34614f17abbc5370dc7f27b0a5ce4e6,,
olmoe-adapt/data/bakeoff_bake_D.json,ncylich/temporal-moe-router-adapt,metadata/bakeoff_bake_D.json,988,57b604267536c067c205656ce7b3e7b9daf1c5de384a265bb1d4145258105e2c,,
olmoe-adapt/data/bakeoff_bake_E.json,ncylich/temporal-moe-router-adapt,metadata/bakeoff_bake_E.json,986,7e988dba35e607620105657e76b110d5d64053d981f09ba37de273a6598d3fa3,,
olmoe-adapt/data/bakeoff_bake_Er64.json,ncylich/temporal-moe-router-adapt,metadata/bakeoff_bake_Er64.json,989,8b4b51de6c421d7ed04506914cc88aaff9c7a704d233d0913398670bf04c5a47,,
olmoe-adapt/data/bakeoff_bake_Er8.json,ncylich/temporal-moe-router-adapt,metadata/bakeoff_bake_Er8.json,985,d2ed299bdc06db32c0e612429088bc671407fa0f2427df74d295070e54e5fcd7,,
olmoe-adapt/data/bakeoff_bake_G.json,ncylich/temporal-moe-router-adapt,metadata/bakeoff_bake_G.json,683,bbe227f70b8ee96bc50447c555bfd9121be64174e3cd25663f8c9c810c0dc60e,,
olmoe-adapt/data/bakeoff_bake_H.json,ncylich/temporal-moe-router-adapt,metadata/bakeoff_bake_H.json,989,59d047dadff7ca9f5623977bc8b7c2e015969da23f6a3c6a1de2306b625ea144,,
olmoe-adapt/data/bakeoff_fprime.json,ncylich/temporal-moe-router-adapt,metadata/bakeoff_fprime.json,1421,518beb8468502a4d29da650470f5b082da65a441c8f69d7e1d423f2a98a915ca,,
olmoe-adapt/data/bpb_slice_meta.json,ncylich/temporal-moe-router-adapt,metadata/bpb_slice_meta.json,342,c0d83182b8a12bdb5bab16e7c630d7da108b89f55485b363cb5e212fd90009e8,,
olmoe-adapt/cal0.log,ncylich/temporal-moe-router-adapt,metadata/cal0.log,3681,6e7ce1031596aec9a5c94aa6d37d3336145bcc1e212e099aaa365ed8885c3387,,
olmoe-adapt/data/cal2.json,ncylich/temporal-moe-router-adapt,metadata/cal2.json,1580,6ae9c747b4af3b638c579a872fb2393cf40649ee37d86d50b063da69fc35f914,,
olmoe-adapt/cal2.log,ncylich/temporal-moe-router-adapt,metadata/cal2.log,8662,0d5fad544d8539a41db798176742dd8fc65b8acfc8b0bc03f5c63676512f598f,,
olmoe-adapt/data/eval_sigma.json,ncylich/temporal-moe-router-adapt,metadata/eval_sigma.json,502,0fa98e46140391c25bba2c295e7aab2ef6977900cf3bf4286b0ca1d278296b7c,,
olmoe-adapt/data/finetune_meta.json,ncylich/temporal-moe-router-adapt,metadata/finetune_meta.json,590,8771a256d1be5e93c0fb527a84857559cba77ae66e410db85f5e5dbc5f532380,,
olmoe-adapt/data/live_bakeoff.txt,ncylich/temporal-moe-router-adapt,metadata/live_bakeoff.txt,6144,bbabd8e5113957dbf0eaa1d64ddf9a022cdcba156dd32615f7ffd4194441bcb9,,
olmoe-adapt/data/live_sweep.txt,ncylich/temporal-moe-router-adapt,metadata/live_sweep.txt,1002,01a586191fecf11bd274fc189b15135e052b55448f26d0630ed226c98de49b9b,,
olmoe-adapt/sweep_sweep_lr1e-4.log,ncylich/temporal-moe-router-adapt,metadata/sweep_sweep_lr1e-4.log,17942,437b46ee60fd3b0e158b89f74d6dcff164908484d92e27b078a609badbd16bf7,,
olmoe-adapt/sweep_sweep_lr3e-4.log,ncylich/temporal-moe-router-adapt,metadata/sweep_sweep_lr3e-4.log,17859,71c703b53313a5818d96ea359c7b29e1980fcc73f0ee0526c8ee0ead5ee509a1,,
olmoe-adapt/sweep_sweep_lr3e-5.log,ncylich/temporal-moe-router-adapt,metadata/sweep_sweep_lr3e-5.log,16906,1145cb676fe9ab534b598d9224bbbf8484e9c8c38e763d47c4bc34f723d80478,,
olmoe-adapt/tput.log,ncylich/temporal-moe-router-adapt,metadata/tput.log,4276,c49d96db57102186668d6ed122408aa6e8948698e78f843412892a0734d31dff,,
olmoe-adapt/data/train_sweep_lr1e-4.json,ncylich/temporal-moe-router-adapt,metadata/train_sweep_lr1e-4.json,401,7975c825e0b56c37f0409627b4e61dd6fc81f0978a88c97ae232c783e7c12a8b,,
olmoe-adapt/data/train_sweep_lr3e-4.json,ncylich/temporal-moe-router-adapt,metadata/train_sweep_lr3e-4.json,403,c6205d288a53c04b8e1031c254092fbeed3938da45f10401fa8531f145efd4f3,,
olmoe-adapt/data/train_sweep_lr3e-5.json,ncylich/temporal-moe-router-adapt,metadata/train_sweep_lr3e-5.json,402,5c2dfe91eef7f95af611a42b03ba7dcf0407cd945d07fe217014f9eb523e6235,,
olmoe-adapt/data/train_tputCkpt16.json,ncylich/temporal-moe-router-adapt,metadata/train_tputCkpt16.json,175,81ad476b6850f1e10f693972606b075a4f72a6ed2acdf7c9c0e1a6a7c2f062d5,,
olmoe-adapt/data/train_tputMB4.json,ncylich/temporal-moe-router-adapt,metadata/train_tputMB4.json,171,cc06ea5ccc8edd6b09f5f14764a7c5074b92de167416a17a3d3ac1c38321eaf6,,
olmoe-adapt/data/train_validate.json,ncylich/temporal-moe-router-adapt,metadata/train_validate.json,171,23fffd0a97ef7fe7adb505423c8aa11b2958e059659e34d7788b41bacb0c4bae,,
olmoe-adapt/train_validate.log,ncylich/temporal-moe-router-adapt,metadata/train_validate.log,4963,73f5711cd7054db999799a74dcc50227076b58f5e365e573406c8f727932558b,,
olmoe-adapt/data/router_tputCkpt16.safetensors,ncylich/temporal-moe-router-adapt,olmoe_adapt/router_tputCkpt16.safetensors,4195688,f9ad375c8d5017cfdc058020cad8c3d15635a46a7bf0517f319a02261b67582c,,
olmoe-adapt/data/router_tputMB4.safetensors,ncylich/temporal-moe-router-adapt,olmoe_adapt/router_tputMB4.safetensors,4195688,ed2fc05f65785497da0d66b4115a64c7123591a5e7a1a976498c529b4a74df81,,
olmoe-adapt/data/router_validate.safetensors,ncylich/temporal-moe-router-adapt,olmoe_adapt/router_validate.safetensors,4195688,e063827dcdd4f624453b500ee3b90cf6eae3d0ee7552005bf73a9bf84d719b31,,
data/tok16k/tokenizer.json,ncylich/temporal-moe-corpus,tokenizer/tokenizer.json,1104776,07c8f82f1f9d3d64351470d8889e080a705da5259591c9af65c70abbe7e95b63,,
data/tok16k/tokenizer_config.json,ncylich/temporal-moe-corpus,tokenizer/tokenizer_config.json,255,bdff98822aa5c50d12fa18675e2458d21b87eeae8274cffa80292d287fbfa531,,
data/tok16k_full/part00_text_document.bin,ncylich/temporal-moe-corpus,tok16k_full/part00_text_document.bin,972297040,a4c7aaee99cb9bbc4ed538a3073e1a911f042603a55bf7b6e511e1363cbc5f28,,
data/tok16k_full/part00_text_document.idx,ncylich/temporal-moe-corpus,tok16k_full/part00_text_document.idx,6861882,6796e39876bc0b54c5aec4ff2277fffaeb73e356bc2b8f88dac5f9d41b30f4da,,
data/tok16k_full/part01_text_document.bin,ncylich/temporal-moe-corpus,tok16k_full/part01_text_document.bin,946943798,4f3f771c2b4f4c5851424d6abad6dc78b0a48da065640f29c457bf13f0bc9f31,,
data/tok16k_full/part01_text_document.idx,ncylich/temporal-moe-corpus,tok16k_full/part01_text_document.idx,7106302,736138f12e58fd80414d740eaee8daa82ee7c3f7b3fc6b397d75e9e1c8e6e84a,,
data/tok16k_full/part02_text_document.bin,ncylich/temporal-moe-corpus,tok16k_full/part02_text_document.bin,1043091470,9d20acaccef2bd79143982faaf146dafef938dfee60c750f27041da23230cc33,,
data/tok16k_full/part02_text_document.idx,ncylich/temporal-moe-corpus,tok16k_full/part02_text_document.idx,7342382,db5ce8ddb0442a89abaa461b83f7204c38e8d2cefec8b4721b2697d746f68fc4,,
data/tok16k_full/part03_text_document.bin,ncylich/temporal-moe-corpus,tok16k_full/part03_text_document.bin,988090426,f995bdf7734a7458a63ab809f3019b3c0b7461a8973c62cfe5fe7d257afa43d2,,
data/tok16k_full/part03_text_document.idx,ncylich/temporal-moe-corpus,tok16k_full/part03_text_document.idx,7201922,950bc1c808d2d730732083bdaae1260f963c3762676e20f13aec9a61464c6dd7,,
data/tok16k_full/part04_text_document.bin,ncylich/temporal-moe-corpus,tok16k_full/part04_text_document.bin,867055030,f8fa8dab196e5b81c65b5d40d7ab36842c9ea1a938a98ef7b2db83d7ac14571d,,
data/tok16k_full/part04_text_document.idx,ncylich/temporal-moe-corpus,tok16k_full/part04_text_document.idx,6492122,ed59d2d8177dfac29ed267b5241f227d36853bfefa5b271e6036057846215bcc,,
data/tok16k_full/part05_text_document.bin,ncylich/temporal-moe-corpus,tok16k_full/part05_text_document.bin,1097186234,2ffc06b94d6047032d45b580840a17c5d7392b95cdb4e84473c8aee4b1a962e5,,
data/tok16k_full/part05_text_document.idx,ncylich/temporal-moe-corpus,tok16k_full/part05_text_document.idx,7927002,c1db61fe066ab4f09f12ae583b48b1b8dbb5153deda15305874a742dd3743f7f,,
data/tok16k_full/part06_text_document.bin,ncylich/temporal-moe-corpus,tok16k_full/part06_text_document.bin,1082741730,a96d86552cbe45c899911b9a5900fb1e534cc7b7efe5b926c8b597ba7fbb211d,,
data/tok16k_full/part06_text_document.idx,ncylich/temporal-moe-corpus,tok16k_full/part06_text_document.idx,7625862,959ce7b7b82d1204d0a882885f570b845341c84a0eccbc08da49947eac267292,,
data/tok16k_full/part07_text_document.bin,ncylich/temporal-moe-corpus,tok16k_full/part07_text_document.bin,1024111982,4467e4358338a3b220747343c0331274358ca40f423608aeac6a9b1b004e51fb,,
data/tok16k_full/part07_text_document.idx,ncylich/temporal-moe-corpus,tok16k_full/part07_text_document.idx,7410382,81cfe412e9870f516c562e4e4575d0740b8477dfb3a863b78cfa1df5ac479f2f,,
data/tok16k_full/part08_text_document.bin,ncylich/temporal-moe-corpus,tok16k_full/part08_text_document.bin,1138989270,87106c02afaed3ac32d6e593f9d467c71d412bb36252cae53965cfa0f4d0544e,,
data/tok16k_full/part08_text_document.idx,ncylich/temporal-moe-corpus,tok16k_full/part08_text_document.idx,7964222,f678aebc33988f0d3b51bae3513577d096b74e5030eec40388d3f2a6ba5982b0,,
data/tok16k_full/part09_text_document.bin,ncylich/temporal-moe-corpus,tok16k_full/part09_text_document.bin,1038365954,6c241861bf43ceba4678d14c67b7478893b6275f059f878c1b339322a4fd5e6d,,
data/tok16k_full/part09_text_document.idx,ncylich/temporal-moe-corpus,tok16k_full/part09_text_document.idx,7557702,ccf6a30e2fa022da88e29c97d5634f94b7f2808199bfae9db5d17a55372003ba,,
data/tok16k_full/part10_text_document.bin,ncylich/temporal-moe-corpus,tok16k_full/part10_text_document.bin,997139778,5525fbfd957afb77d7fe5b327515cbd2e729c7b73f044765711b7a5160e15ec6,,
data/tok16k_full/part10_text_document.idx,ncylich/temporal-moe-corpus,tok16k_full/part10_text_document.idx,7444502,d980b3f40233c3658521709a24ba238ef5e67904377661bdf5dac15b719fbd5d,,
data/tok16k_full/part11_text_document.bin,ncylich/temporal-moe-corpus,tok16k_full/part11_text_document.bin,930961184,b43605668952ef40f55ac442a5870e9150e901c3d0c770220515b9bafef345ec,,
data/tok16k_full/part11_text_document.idx,ncylich/temporal-moe-corpus,tok16k_full/part11_text_document.idx,6833482,6eec8033d09cd8281ad82977f146f54b5869005749999f1f34c36545f9cc9f33,,
data/dclm_tokenized/part00_text_document.bin,ncylich/temporal-moe-corpus,dclm_tokenized/part00_text_document.bin,896771138,901df68a084c9323e6d3c95ca1f33ba2ca6818d27d033b99696659058fa29911,,
data/dclm_tokenized/part00_text_document.idx,ncylich/temporal-moe-corpus,dclm_tokenized/part00_text_document.idx,6861882,c62603b42508c9447246836800af49dc1826b6ad498c52bbb5b7749e73d10b37,,
data/dclm_tokenized/part01_text_document.bin,ncylich/temporal-moe-corpus,dclm_tokenized/part01_text_document.bin,872138356,28742e03ffe85d3748533c8c60bfa8525b0186b27887fb1e7ae7a9fe451709d0,,
data/dclm_tokenized/part01_text_document.idx,ncylich/temporal-moe-corpus,dclm_tokenized/part01_text_document.idx,7106302,ad4ed90f5d7542ce12668409b09b7d72f65942ef61c63787a7cf1b911533de97,,
data/dclm_tokenized/part02_text_document.bin,ncylich/temporal-moe-corpus,dclm_tokenized/part02_text_document.bin,961653888,7af790edf33df1970ebe4348d7f6e36f2d7687cf9ab7c0369467f6e38e305790,,
data/dclm_tokenized/part02_text_document.idx,ncylich/temporal-moe-corpus,dclm_tokenized/part02_text_document.idx,7342382,8de2ab76545db0164bffd6c07b9fe5f5c3ad0712d238ba4864ad5b7f22126f58,,
data/dclm_tokenized/part03_text_document.bin,ncylich/temporal-moe-corpus,dclm_tokenized/part03_text_document.bin,911103588,bb296bceb26116c33980e2de623948cfc952220425bf549fcabdc7f89cc72c8f,,
data/dclm_tokenized/part03_text_document.idx,ncylich/temporal-moe-corpus,dclm_tokenized/part03_text_document.idx,7201922,936ba5920d60956991b454a8fcc3bc61f091368fd9e3ba9acda148e8cfb1a66c,,
data/dclm_tokenized/part04_text_document.bin,ncylich/temporal-moe-corpus,dclm_tokenized/part04_text_document.bin,798743660,f14462c564c9b10c4997d0a890ec8e1e09f76eaa0ee3843ff09d1cee66f291b9,,
data/dclm_tokenized/part04_text_document.idx,ncylich/temporal-moe-corpus,dclm_tokenized/part04_text_document.idx,6492122,f0b0440b70363f89fe06a65292c42a755d35435743fcba4dfa2a268e2fc1546b,,
data/dclm_tokenized/part05_text_document.bin,ncylich/temporal-moe-corpus,dclm_tokenized/part05_text_document.bin,1012280518,19ecb4843b538c9f99c3141a9bd9bd11abd2b45b890933bac5ada96c65247b5e,,
data/dclm_tokenized/part05_text_document.idx,ncylich/temporal-moe-corpus,dclm_tokenized/part05_text_document.idx,7927002,fce93f648071caf172251e4d0a174cba76ae601a34c593a1a7c2d47e9687a99f,,
data/dclm_tokenized/part06_text_document.bin,ncylich/temporal-moe-corpus,dclm_tokenized/part06_text_document.bin,997890320,58e4199aa25623f41268d8b771eab2b4ab9b1352eed30ba700b3fe3fd7684c33,,
data/dclm_tokenized/part06_text_document.idx,ncylich/temporal-moe-corpus,dclm_tokenized/part06_text_document.idx,7625862,10e4de54955c8f218714cd56c422e2c6683d64b637a2ee62ab3c87467aca2609,,
data/dclm_tokenized/part07_text_document.bin,ncylich/temporal-moe-corpus,dclm_tokenized/part07_text_document.bin,945011352,4bac39bcf2b31eef654e46f9ffad701c7c95d53d6961a292425c348c94ad649a,,
data/dclm_tokenized/part07_text_document.idx,ncylich/temporal-moe-corpus,dclm_tokenized/part07_text_document.idx,7410382,8c9699f1c21c1b3c922dd33adaba2107d96d666dac24fe975b2a6873bdbf7c0c,,
data/dclm_tokenized/part08_text_document.bin,ncylich/temporal-moe-corpus,dclm_tokenized/part08_text_document.bin,1051005870,2c003469e1cc157143091b922cd80baa1175029bbdfb1e57be10cf93b283d658,,
data/dclm_tokenized/part08_text_document.idx,ncylich/temporal-moe-corpus,dclm_tokenized/part08_text_document.idx,7964222,7616bd828bf4bf68900e4830d8d19b5278a3a78e1b4cc2ab7fa438add245b8d0,,
data/dclm_tokenized/part09_text_document.bin,ncylich/temporal-moe-corpus,dclm_tokenized/part09_text_document.bin,957773018,3a0da85aca1db9f36efb3e4940140a9d3dc7aad4e955bff732de529170b45deb,,
data/dclm_tokenized/part09_text_document.idx,ncylich/temporal-moe-corpus,dclm_tokenized/part09_text_document.idx,7557702,1248609b2f74dd8fadb078f17a2824d67b50a480aae91edf4cb9fb1e0d3f89f4,,
data/dclm_tokenized/part10_text_document.bin,ncylich/temporal-moe-corpus,dclm_tokenized/part10_text_document.bin,918830986,2b1d52c320297552a32ef091955099a09df3bcc99eca15cf91168c4d188fa2f0,,
data/dclm_tokenized/part10_text_document.idx,ncylich/temporal-moe-corpus,dclm_tokenized/part10_text_document.idx,7444502,7548aa9c61f3f5d393ab7e221e779a803daf12e992083a8d4255e42279cc83d3,,
data/dclm_tokenized/part11_text_document.bin,ncylich/temporal-moe-corpus,dclm_tokenized/part11_text_document.bin,857835932,09ca166db1565ae2b8578bdf411603f08b6f064a60a55df34884721d1e6968a2,,
data/dclm_tokenized/part11_text_document.idx,ncylich/temporal-moe-corpus,dclm_tokenized/part11_text_document.idx,6833482,403d7955ba6d747e4ca3356a0efa0885c17072586af7f83e195927f528afb533,,
data/dclm_tokenized/part12_text_document.bin,ncylich/temporal-moe-corpus,dclm_tokenized/part12_text_document.bin,938844016,894c197a1b6eb0c59415ec8b4cc0dbb1a789cfee9173df03c0b1e784a248980c,,
data/dclm_tokenized/part12_text_document.idx,ncylich/temporal-moe-corpus,dclm_tokenized/part12_text_document.idx,7573402,5d7bbe2e54a8605f3c59cdab72e7a5ed00873440b5e7c3299a3de341e4131ee0,,
data/dclm_tokenized/part13_text_document.bin,ncylich/temporal-moe-corpus,dclm_tokenized/part13_text_document.bin,1117306276,e4831def7ec59047978e47bd034e8ece74a2e82b6341568c06fab1f821c8ec73,,
data/dclm_tokenized/part13_text_document.idx,ncylich/temporal-moe-corpus,dclm_tokenized/part13_text_document.idx,8477042,bf9d37647dd74f87120496e0654c62d388bcf755b07fc14ee3b07d732f8f9e44,,
data/dclm_tokenized/part14_text_document.bin,ncylich/temporal-moe-corpus,dclm_tokenized/part14_text_document.bin,968016762,c2ae4a9aef4086e36ddff7f1617f89355ac06a21cc47bd1a22663eb5c8cbc88e,,
data/dclm_tokenized/part14_text_document.idx,ncylich/temporal-moe-corpus,dclm_tokenized/part14_text_document.idx,7509482,f5eecba7ba58ed9c09e179bcd8853f3b2af7da9f0c4b1b3b125ced57423626f7,,
data/dclm_tokenized/part15_text_document.bin,ncylich/temporal-moe-corpus,dclm_tokenized/part15_text_document.bin,947220976,a8b761c9add74d73dc2edc59a4d82c641a63c67409b4c50dbd7cac2c1028b439,,
data/dclm_tokenized/part15_text_document.idx,ncylich/temporal-moe-corpus,dclm_tokenized/part15_text_document.idx,7362822,5bb49a985e01865f2369594d3e2dda4d06e02a42380db9f876aa7ac081f00e1b,,
data/dclm_tokenized/part16_text_document.bin,ncylich/temporal-moe-corpus,dclm_tokenized/part16_text_document.bin,1034502740,493cd14861244c737216f9f36f5684ee32f5a077ff17ac7891c5ecd14d81629d,,
data/dclm_tokenized/part16_text_document.idx,ncylich/temporal-moe-corpus,dclm_tokenized/part16_text_document.idx,8165042,69edde3bb576c9ea919cd409731444005ef68806fa05794c2d182bc50b93fcbe,,
data/dclm_tokenized/part17_text_document.bin,ncylich/temporal-moe-corpus,dclm_tokenized/part17_text_document.bin,1016766514,19a918044bb9d27762be607f68dafeeb61961095023e37e1d2dd396ad006a900,,
data/dclm_tokenized/part17_text_document.idx,ncylich/temporal-moe-corpus,dclm_tokenized/part17_text_document.idx,7927122,02fd4fff2a86352f72525a3ef49013f7593d16222c7d26086ac2e565042e7f2e,,
data/dclm_tokenized/part18_text_document.bin,ncylich/temporal-moe-corpus,dclm_tokenized/part18_text_document.bin,900143442,bc75558b3efc360c182eb79e9a07f9ab8199287fa19a3766fa53e2dd1bd8f620,,
data/dclm_tokenized/part18_text_document.idx,ncylich/temporal-moe-corpus,dclm_tokenized/part18_text_document.idx,7297582,4911c79a87b076126f05f79ee954e07938c75ce4ec4c53bcef74eab159ee37e9,,
data/dclm_tokenized/part19_text_document.bin,ncylich/temporal-moe-corpus,dclm_tokenized/part19_text_document.bin,1092592510,0fd47462af94b08e56b32f18ca201fc696a3c27e89ba9ac84577fdf2875b7316,,
data/dclm_tokenized/part19_text_document.idx,ncylich/temporal-moe-corpus,dclm_tokenized/part19_text_document.idx,8315022,e8d1b29b8b3956c244580f77e3d0d32222974794eec23483fa6ff3830ba2e755,,
data/dclm_tokenized/part20_text_document.bin,ncylich/temporal-moe-corpus,dclm_tokenized/part20_text_document.bin,1000793920,234ec6d3f2af308c3d08675a40cce7fa78d30dd184bdf37823358fbdfc4a70e8,,
data/dclm_tokenized/part20_text_document.idx,ncylich/temporal-moe-corpus,dclm_tokenized/part20_text_document.idx,7872222,d9517a05669e12a7a26e4e27b8f4aea7b94b2a24ddcc40d8a15b11ab9289caf3,,
data/dclm_tokenized/part21_text_document.bin,ncylich/temporal-moe-corpus,dclm_tokenized/part21_text_document.bin,984398968,7f1dcee74a20ab59e8d1dac9e50cdca532fa3636da7bdc92faccace093a30430,,
data/dclm_tokenized/part21_text_document.idx,ncylich/temporal-moe-corpus,dclm_tokenized/part21_text_document.idx,7794942,ee67faa127c53653e2627c755fdeeb83c3dea9d3ce251e064c5ab653e461b5c6,,
_hf_upload_stage/README_corpus.md,ncylich/temporal-moe-corpus,README.md,6378,27497936b5fcfbc3680ea7288128dcfafc82129b7587128c0d22547901658888,,
_hf_upload_stage/parquet_sha256.txt,ncylich/temporal-moe-corpus,parquet_sha256.txt,7920,18fbedb9b4eea11628f8ff4e41e21b7a4cdcfb6041738c6a26b1aff92820b289,,
_hf_upload_stage/jsonl_sha256.txt,ncylich/temporal-moe-corpus,jsonl_sha256.txt,1754,c5e3a8e882fbf91536fd3c3a012b21c830f3f2c9bb951de592892d208889783b,,
